-0.72787155E-3, 0.11275390E-2, 0.40600724E-4, 0.19404862E-7, 0.32381855E-2, 9.7080564, 17.517374, 121.57824, 172.20744
-0.78569754E-3, 0.11481142E-2, 0.40600724E-4, 0.19380817E-7, 0.34055170E-2, 9.7072678, 17.516138, 121.57825, 172.20749
-0.74073946E-3, 0.10509983E-2, 0.40600724E-4, 0.19358476E-7, 0.32016844E-2, 9.7065258, 17.514975, 121.57825, 172.20750
-0.56707620E-3, 0.10735623E-2, 0.40600724E-4, 0.19338719E-7, 0.27765965E-2, 9.7059593, 17.514086, 121.57825, 172.20750
-0.49296890E-4, 0.10440545E-2, 0.40600724E-4, 0.19322972E-7, 0.14206753E-2, 9.7059107, 17.514011, 121.57825, 172.20750
0.14408164E-3, 0.86673547E-3, 0.40600724E-4, 0.19310855E-7, 0.76256017E-3, 9.7060547, 17.514236, 121.57825, 172.20750
0.23574942E-3, 0.55464287E-3, 0.40600724E-4, 0.19301696E-7, 0.24254635E-3, 9.7062902, 17.514606, 121.57825, 172.20750
0.25791020E-3, 0.35118562E-3, 0.40600724E-4, 0.19295038E-7, 0.0000000, 9.7065487, 17.515009, 121.57825, 172.20750
0.26377954E-3, 0.36789471E-3, 0.40600724E-4, 0.19290136E-7, 0.0000000, 9.7068100, 17.515421, 121.57825, 172.20750
0.25349588E-3, 0.38040860E-3, 0.40600724E-4, 0.19286615E-7, 0.37635418E-4, 9.7070656, 17.515821, 121.57825, 172.20750
0.23495809E-3, 0.28695364E-3, 0.40600724E-4, 0.19284176E-7, 0.0000000, 9.7072992, 17.516188, 121.57825, 172.20750
0.24009292E-3, 0.39449340E-3, 0.40600724E-4, 0.19282515E-7, 0.84484709E-4, 9.7075396, 17.516563, 121.57825, 172.20750
0.21921771E-3, 0.41146297E-3, 0.40600724E-4, 0.19281448E-7, 0.15330318E-3, 9.7077589, 17.516907, 121.57825, 172.20750
0.21656073E-3, 0.24265502E-3, 0.40600724E-4, 0.19280909E-7, 0.65607273E-5, 9.7079792, 17.517252, 121.57825, 172.20750
0.19064570E-3, 0.49825758E-3, 0.40600724E-4, 0.19280680E-7, 0.30505797E-3, 9.7081718, 17.517553, 121.57825, 172.20750
0.20056881E-3, 0.43304113E-3, 0.40600724E-4, 0.19280570E-7, 0.22020254E-3, 9.7083731, 17.517868, 121.57825, 172.20750
0.24174539E-3, 0.38206659E-3, 0.40600724E-4, 0.19280572E-7, 0.68079185E-4, 9.7086163, 17.518250, 121.57825, 172.20750
0.25335356E-3, 0.36716083E-3, 0.40600724E-4, 0.19280662E-7, 0.24574678E-4, 9.7088699, 17.518646, 121.57825, 172.20750
0.24356175E-3, 0.37689618E-3, 0.40600724E-4, 0.19280897E-7, 0.58343019E-4, 9.7091141, 17.519030, 121.57825, 172.20750
0.23012701E-3, 0.34024191E-3, 0.40600724E-4, 0.19281291E-7, 0.59440012E-4, 9.7093458, 17.519394, 121.57825, 172.20750
0.25524019E-3, 0.41160354E-3, 0.40600724E-4, 0.19281723E-7, 0.59399132E-4, 9.7096014, 17.519793, 121.57825, 172.20750
0.15060576E-3, 0.41018781E-3, 0.40600724E-4, 0.19282179E-7, 0.32648334E-3, 9.7097540, 17.520033, 121.57825, 172.20750
0.27202145E-3, 0.47039724E-3, 0.40600724E-4, 0.19282497E-7, 0.69098387E-4, 9.7100267, 17.520460, 121.57825, 172.20750
0.25487161E-3, 0.34549221E-3, 0.40600724E-4, 0.19283016E-7, 0.0000000, 9.7102795, 17.520855, 121.57825, 172.20750
0.31008531E-3, 0.50259579E-3, 0.40600724E-4, 0.19283602E-7, 0.0000000, 9.7105894, 17.521343, 121.57825, 172.20750
0.30382219E-3, 0.48504301E-3, 0.40600724E-4, 0.19284201E-7, 0.0000000, 9.7108927, 17.521816, 121.57825, 172.20750
0.30082470E-3, 0.47677101E-3, 0.40600724E-4, 0.19284775E-7, 0.0000000, 9.7111959, 17.522291, 121.57825, 172.20750
0.25955206E-3, 0.35956973E-3, 0.40600724E-4, 0.19285338E-7, 0.0000000, 9.7114544, 17.522696, 121.57825, 172.20750
0.27729472E-3, 0.41035766E-3, 0.40600724E-4, 0.19285821E-7, 0.0000000, 9.7117338, 17.523136, 121.57825, 172.20750
0.27271794E-3, 0.39757453E-3, 0.40600724E-4, 0.19286370E-7, 0.0000000, 9.7120056, 17.523560, 121.57825, 172.20750
0.31573945E-3, 0.52049983E-3, 0.40600724E-4, 0.19286963E-7, 0.0000000, 9.7123241, 17.524059, 121.57825, 172.20750
0.32239337E-3, 0.53975533E-3, 0.40600724E-4, 0.19287560E-7, 0.0000000, 9.7126446, 17.524561, 121.57825, 172.20750
0.30903850E-3, 0.50190103E-3, 0.40600724E-4, 0.19288162E-7, 0.0000000, 9.7129526, 17.525045, 121.57825, 172.20750
0.29626914E-3, 0.46569877E-3, 0.40600724E-4, 0.19288784E-7, 0.0000000, 9.7132511, 17.525513, 121.57825, 172.20750
0.30917011E-3, 0.50284306E-3, 0.40600724E-4, 0.19289402E-7, 0.0000000, 9.7135620, 17.525999, 121.57825, 172.20750
0.32194130E-3, 0.53962605E-3, 0.40600724E-4, 0.19289985E-7, 0.0000000, 9.7138844, 17.526505, 121.57825, 172.20750
0.32546988E-3, 0.54998614E-3, 0.40600724E-4, 0.19290574E-7, 0.0000000, 9.7142105, 17.527014, 121.57825, 172.20750
0.33290070E-3, 0.57151489E-3, 0.40600724E-4, 0.19291175E-7, 0.0000000, 9.7145414, 17.527534, 121.57825, 172.20750
0.27520291E-3, 0.40657812E-3, 0.40600724E-4, 0.19291786E-7, 0.0000000, 9.7148142, 17.527960, 121.57825, 172.20750
0.16437523E-3, 0.31698175E-3, 0.40600724E-4, 0.19292337E-7, 0.20394583E-3, 9.7149782, 17.528217, 121.57825, 172.20750
-0.10838711E-2, 0.64927374E-3, 0.40600724E-4, 0.19291639E-7, 0.37048419E-2, 9.7138948, 17.526518, 121.57825, 172.20750
-0.94949850E-3, 0.10162276E-2, 0.40600724E-4, 0.19289542E-7, 0.36886635E-2, 9.7129478, 17.525034, 121.57825, 172.20752
-0.48175934E-3, 0.78175147E-3, 0.40600724E-4, 0.19288109E-7, 0.22784628E-2, 9.7124672, 17.524284, 121.57825, 172.20752
-0.34794741E-3, 0.77644904E-3, 0.40600724E-4, 0.19287233E-7, 0.19303244E-2, 9.7121172, 17.523733, 121.57825, 172.20752
-0.25473096E-3, 0.82652649E-3, 0.40600724E-4, 0.19286531E-7, 0.17359767E-2, 9.7118626, 17.523336, 121.57825, 172.20752
-0.17215309E-3, 0.81673468E-3, 0.40600724E-4, 0.19286057E-7, 0.15153419E-2, 9.7116909, 17.523067, 121.57825, 172.20753
-0.20895322E-3, 0.70971821E-3, 0.40600724E-4, 0.19285704E-7, 0.15139712E-2, 9.7114811, 17.522738, 121.57825, 172.20753
-0.85319940E-3, 0.66649681E-3, 0.40600724E-4, 0.19284583E-7, 0.31287596E-2, 9.7106266, 17.521400, 121.57825, 172.20753
-0.68872480E-3, 0.59587671E-3, 0.40600724E-4, 0.19282909E-7, 0.26432960E-2, 9.7099390, 17.520323, 121.57825, 172.20753
-0.60278131E-3, 0.52395411E-3, 0.40600724E-4, 0.19281600E-7, 0.23581826E-2, 9.7093372, 17.519379, 121.57825, 172.20753
-0.57691179E-3, 0.57648681E-3, 0.40600724E-4, 0.19280444E-7, 0.23386525E-2, 9.7087603, 17.518475, 121.57825, 172.20753
-0.53928111E-3, 0.61072048E-3, 0.40600724E-4, 0.19279350E-7, 0.22725535E-2, 9.7082224, 17.517633, 121.57825, 172.20753
-0.49511919E-3, 0.63699431E-3, 0.40600724E-4, 0.19278357E-7, 0.21825589E-2, 9.7077284, 17.516861, 121.57825, 172.20753
-0.48003689E-3, 0.58987271E-3, 0.40600724E-4, 0.19277442E-7, 0.21015487E-2, 9.7072468, 17.516106, 121.57825, 172.20753
-0.47421965E-3, 0.47944463E-3, 0.40600724E-4, 0.19276582E-7, 0.19876985E-2, 9.7067719, 17.515360, 121.57825, 172.20753
-0.17784708E-2, 0.45926674E-3, 0.40600724E-4, 0.19274710E-7, 0.53173057E-2, 9.7049942, 17.512575, 121.57825, 172.20753
-0.17392850E-2, 0.46301592E-3, 0.40600724E-4, 0.19271054E-7, 0.52200579E-2, 9.7032528, 17.509846, 121.57825, 172.20753
-0.13088282E-2, 0.39485580E-3, 0.40600724E-4, 0.19268100E-7, 0.40541817E-2, 9.7019463, 17.507799, 121.57825, 172.20753
-0.12063138E-2, 0.38189412E-3, 0.40600724E-4, 0.19265640E-7, 0.37793366E-2, 9.7007408, 17.505909, 121.57825, 172.20753
-0.10750457E-2, 0.43733782E-3, 0.40600724E-4, 0.19263304E-7, 0.34916871E-2, 9.6996660, 17.504225, 121.57825, 172.20753
-0.83821965E-3, 0.37293433E-3, 0.40600724E-4, 0.19261373E-7, 0.28261419E-2, 9.6988258, 17.502911, 121.57825, 172.20753
-0.14116839E-2, 0.35652280E-3, 0.40600724E-4, 0.19259058E-7, 0.42835502E-2, 9.6974154, 17.500698, 121.57825, 172.20753
-0.17826149E-2, 0.38167118E-3, 0.40600724E-4, 0.19256207E-7, 0.52581094E-2, 9.6956329, 17.497904, 121.57825, 172.20753
-0.19377018E-2, 0.46303475E-3, 0.40600724E-4, 0.19252401E-7, 0.57286522E-2, 9.6936970, 17.494871, 121.57825, 172.20753
-0.24628933E-2, 0.87719999E-3, 0.40600724E-4, 0.98272160E-7, 0.74454909E-2, 9.6912355, 17.491013, 121.57825, 172.20753
-0.23811706E-2, 0.10748948E-2, 0.40600724E-4, 0.19243222E-7, 0.74123614E-2, 9.6888552, 17.487282, 121.57825, 172.20753
-0.16465706E-2, 0.95114519E-3, 0.40600724E-4, 0.19239337E-7, 0.54166457E-2, 9.6872072, 17.484697, 121.57825, 172.20753
-0.14791116E-2, 0.10424934E-2, 0.40600724E-4, 0.19236202E-7, 0.50684758E-2, 9.6857271, 17.482376, 121.57825, 172.20753
-0.15309869E-2, 0.88126515E-3, 0.40600724E-4, 0.19233250E-7, 0.50584045E-2, 9.6841974, 17.479980, 121.57825, 172.20753
-0.15637353E-2, 0.87206648E-3, 0.40600724E-4, 0.19230152E-7, 0.51345481E-2, 9.6826363, 17.477533, 121.57825, 172.20753
-0.13766090E-2, 0.94892550E-3, 0.40600724E-4, 0.19227127E-7, 0.47228085E-2, 9.6812582, 17.475370, 121.57825, 172.20753
-0.21686566E-2, 0.12615793E-2, 0.40600724E-4, 0.42825450E-5, 0.70317630E-2, 9.6790895, 17.471972, 121.57825, 172.20753
-0.15771794E-2, 0.13848986E-2, 0.40600724E-4, 0.19329587E-7, 0.56283507E-2, 9.6775122, 17.469498, 121.57825, 172.20753
-0.12078418E-2, 0.15522293E-2, 0.40600724E-4, 0.19305341E-7, 0.48306682E-2, 9.6763029, 17.467602, 121.57828, 172.20760
-0.11051577E-2, 0.13458151E-2, 0.40600724E-4, 0.19283979E-7, 0.43836934E-2, 9.6751966, 17.465868, 121.57828, 172.20763
-0.11172927E-2, 0.11757216E-2, 0.40600724E-4, 0.19265643E-7, 0.42634485E-2, 9.6740799, 17.464115, 121.57828, 172.20764
-0.99087600E-3, 0.11909107E-2, 0.40600724E-4, 0.19250388E-7, 0.39529456E-2, 9.6730919, 17.462564, 121.57828, 172.20766
-0.30531458E-3, 0.99888770E-3, 0.40600724E-4, 0.19238861E-7, 0.20206838E-2, 9.6727877, 17.462088, 121.57828, 172.20766
-0.16648433E-3, 0.10516573E-2, 0.40600724E-4, 0.19230457E-7, 0.17115985E-2, 9.6726208, 17.461828, 121.57828, 172.20766
-0.15400724E-3, 0.49342884E-3, 0.40600724E-4, 0.19224299E-7, 0.11794666E-2, 9.6724672, 17.461586, 121.57828, 172.20766
-0.21878842E-3, 0.42898901E-3, 0.40600724E-4, 0.19219559E-7, 0.12879188E-2, 9.6722469, 17.461241, 121.57828, 172.20766
-0.32655129E-3, 0.39539841E-3, 0.40600724E-4, 0.19215818E-7, 0.15344059E-2, 9.6719198, 17.460728, 121.57828, 172.20766
-0.38185957E-3, 0.47769473E-3, 0.40600724E-4, 0.19212804E-7, 0.17498366E-2, 9.6715393, 17.460131, 121.57828, 172.20766
-0.40743820E-3, 0.59753028E-3, 0.40600724E-4, 0.19210272E-7, 0.19224631E-2, 9.6711321, 17.459492, 121.57828, 172.20766
-0.19522055E-3, 0.70500269E-3, 0.40600724E-4, 0.19208413E-7, 0.14732789E-2, 9.6709356, 17.459185, 121.57828, 172.20766
-0.12749247E-3, 0.57028234E-3, 0.40600724E-4, 0.19207246E-7, 0.11787867E-2, 9.6708088, 17.458984, 121.57828, 172.20766
-0.26617283E-4, 0.69760066E-3, 0.40600724E-4, 0.19206478E-7, 0.10331707E-2, 9.6707821, 17.458942, 121.57828, 172.20766
-0.12731678E-4, 0.62288158E-3, 0.40600724E-4, 0.19206018E-7, 0.93059393E-3, 9.6707697, 17.458925, 121.57828, 172.20766
0.95530209E-4, 0.82895398E-3, 0.40600724E-4, 0.19205759E-7, 0.83622610E-3, 9.6708641, 17.459072, 121.57828, 172.20766
0.61366845E-4, 0.54493872E-3, 0.40600724E-4, 0.19205716E-7, 0.67040336E-3, 9.6709251, 17.459167, 121.57828, 172.20766
0.15094335E-3, 0.67890959E-3, 0.40600724E-4, 0.19205768E-7, 0.55950746E-3, 9.6710739, 17.459400, 121.57828, 172.20766
0.21044194E-3, 0.65388647E-3, 0.40600724E-4, 0.19205983E-7, 0.38413520E-3, 9.6712847, 17.459732, 121.57828, 172.20766
0.26845332E-3, 0.64191979E-3, 0.40600724E-4, 0.19206336E-7, 0.22421063E-3, 9.6715555, 17.460157, 121.57828, 172.20766
0.28577560E-3, 0.50496182E-3, 0.40600724E-4, 0.19206798E-7, 0.57461308E-4, 9.6718397, 17.460604, 121.57828, 172.20766
0.27945306E-3, 0.42371967E-3, 0.40600724E-4, 0.19207308E-7, 0.10734148E-5, 9.6721220, 17.461046, 121.57828, 172.20766
0.31352811E-3, 0.52135100E-3, 0.40600724E-4, 0.19207830E-7, 0.0000000, 9.6724358, 17.461536, 121.57828, 172.20766
0.28943701E-3, 0.45209751E-3, 0.40600724E-4, 0.19208434E-7, 0.0000000, 9.6727247, 17.461990, 121.57828, 172.20766
-0.15132307E-3, 0.38425450E-3, 0.40600724E-4, 0.19208860E-7, 0.10714293E-2, 9.6725779, 17.461760, 121.57828, 172.20766
-0.11725904E-2, 0.43221965E-3, 0.40600724E-4, 0.19207373E-7, 0.37366257E-2, 9.6714029, 17.459917, 121.57828, 172.20766
-0.85429935E-3, 0.48823224E-3, 0.40600724E-4, 0.19205187E-7, 0.29686033E-2, 9.6705494, 17.458580, 121.57828, 172.20766
-0.37650705E-4, 0.58226951E-3, 0.40600724E-4, 0.19204196E-7, 0.95420558E-3, 9.6705112, 17.458519, 121.57828, 172.20766
0.32014123E-3, 0.54281903E-3, 0.40600724E-4, 0.19204586E-7, 0.0000000, 9.6708326, 17.459023, 121.57828, 172.20766
0.38404323E-3, 0.72878646E-3, 0.40600724E-4, 0.19205221E-7, 0.0000000, 9.6712160, 17.459623, 121.57828, 172.20766
0.34951311E-3, 0.62880502E-3, 0.40600724E-4, 0.19205913E-7, 0.0000000, 9.6715641, 17.460171, 121.57828, 172.20766
0.27408844E-3, 0.40994654E-3, 0.40600724E-4, 0.19206567E-7, 0.0000000, 9.6718388, 17.460602, 121.57828, 172.20766
-0.95277856E-3, 0.47604344E-3, 0.40600724E-4, 0.19206569E-7, 0.32089246E-2, 9.6708851, 17.459105, 121.57828, 172.20766
-0.23710222E-2, 0.66422590E-3, 0.40600724E-4, 0.19202853E-7, 0.70174350E-2, 9.6685152, 17.455387, 121.57828, 172.20766
-0.13384869E-2, 0.69199444E-3, 0.40600724E-4, 0.19198913E-7, 0.43900516E-2, 9.6671762, 17.453289, 121.57828, 172.20766
-0.67242590E-3, 0.51615702E-3, 0.40600724E-4, 0.19197101E-7, 0.25241389E-2, 9.6665049, 17.452234, 121.57828, 172.20766
-0.54120005E-3, 0.54529711E-3, 0.40600724E-4, 0.19195852E-7, 0.22125747E-2, 9.6659660, 17.451389, 121.57828, 172.20766
-0.19910846E-3, 0.58211578E-3, 0.40600724E-4, 0.19195074E-7, 0.13661438E-2, 9.6657677, 17.451078, 121.57828, 172.20766
0.23865605E-4, 0.56550221E-3, 0.40600724E-4, 0.19194916E-7, 0.77854190E-3, 9.6657925, 17.451117, 121.57828, 172.20766
0.14757924E-3, 0.60135406E-3, 0.40600724E-4, 0.19195079E-7, 0.49206492E-3, 9.6659384, 17.451345, 121.57828, 172.20766
0.23693603E-3, 0.60156954E-3, 0.40600724E-4, 0.19195438E-7, 0.26246760E-3, 9.6661749, 17.451717, 121.57828, 172.20766
0.24853597E-3, 0.47907606E-3, 0.40600724E-4, 0.19195939E-7, 0.12466124E-3, 9.6664219, 17.452106, 121.57828, 172.20766
-0.51469129E-3, 0.47452212E-3, 0.40600724E-4, 0.19195950E-7, 0.20807059E-2, 9.6659069, 17.451298, 121.57828, 172.20766
-0.79084816E-3, 0.56531292E-3, 0.40600724E-4, 0.19194434E-7, 0.28695806E-2, 9.6651144, 17.450054, 121.57828, 172.20766
-0.82436425E-3, 0.65050484E-3, 0.40600724E-4, 0.19192964E-7, 0.30303514E-2, 9.6642904, 17.448761, 121.57828, 172.20766
-0.63173211E-3, 0.74885308E-3, 0.40600724E-4, 0.19191374E-7, 0.26219019E-2, 9.6636591, 17.447771, 121.57828, 172.20766
-0.29242539E-3, 0.71252807E-3, 0.40600724E-4, 0.19190288E-7, 0.17184834E-2, 9.6633654, 17.447309, 121.57828, 172.20766
-0.73844727E-4, 0.63637306E-3, 0.40600724E-4, 0.19189883E-7, 0.10901284E-2, 9.6632900, 17.447191, 121.57828, 172.20766
-0.23024289E-3, 0.60332683E-3, 0.40600724E-4, 0.19189796E-7, 0.14626841E-2, 9.6630592, 17.446831, 121.57828, 172.20766
-0.18843575E-2, 0.98462054E-3, 0.40600724E-4, 0.52333398E-4, 0.59939176E-2, 9.6611738, 17.443874, 121.57828, 172.20766
-0.95837045E-3, 0.19087455E-2, 0.40600757E-4, 0.19308215E-7, 0.44814493E-2, 9.6602144, 17.442366, 121.57832, 172.20775
-0.31221085E-3, 0.17917028E-2, 0.40600778E-4, 0.19284860E-7, 0.27225900E-2, 9.6599016, 17.441877, 121.57833, 172.20784
-0.30151464E-3, 0.16570912E-2, 0.40600797E-4, 0.19263524E-7, 0.25794518E-2, 9.6596003, 17.441404, 121.57835, 172.20792
-0.21925467E-3, 0.15452593E-2, 0.40600808E-4, 0.19244998E-7, 0.22716357E-2, 9.6593819, 17.441061, 121.57837, 172.20798
-0.37541424E-3, 0.10095879E-2, 0.40600815E-4, 0.19229482E-7, 0.22000158E-2, 9.6590042, 17.440470, 121.57837, 172.20798
-0.21257841E-3, 0.12328937E-2, 0.40600826E-4, 0.19216767E-7, 0.19799762E-2, 9.6587915, 17.440136, 121.57838, 172.20801
-0.13830894E-3, 0.10798685E-2, 0.40600829E-4, 0.19207111E-7, 0.16543132E-2, 9.6586542, 17.439919, 121.57838, 172.20802
0.13803810E-4, 0.11267734E-2, 0.40600851E-4, 0.19199852E-7, 0.13056572E-2, 9.6586676, 17.439939, 121.57839, 172.20807
0.10675139E-3, 0.94651768E-3, 0.40600858E-4, 0.19194669E-7, 0.90738561E-3, 9.6587753, 17.440109, 121.57839, 172.20807
0.21470200E-3, 0.87783713E-3, 0.40600858E-4, 0.19191097E-7, 0.56923769E-3, 9.6589899, 17.440447, 121.57839, 172.20807
-0.42363722E-3, 0.92533976E-3, 0.40600858E-4, 0.19188381E-7, 0.22512013E-2, 9.6585674, 17.439783, 121.57839, 172.20807
-0.35245362E-3, 0.10261888E-2, 0.40600858E-4, 0.19185176E-7, 0.21581294E-2, 9.6582146, 17.439228, 121.57839, 172.20807
0.15076429E-3, 0.86560950E-3, 0.40600858E-4, 0.19183503E-7, 0.72306523E-3, 9.6583652, 17.439466, 121.57839, 172.20807
0.41306354E-3, 0.89537149E-3, 0.40600858E-4, 0.19183087E-7, 0.75622957E-4, 9.6587801, 17.440117, 121.57839, 172.20807
-0.33484664E-3, 0.10014502E-2, 0.40600858E-4, 0.19182815E-7, 0.20910522E-2, 9.6584463, 17.439592, 121.57839, 172.20807
-0.41770778E-3, 0.10656514E-2, 0.40600858E-4, 0.19181138E-7, 0.23613242E-2, 9.6580286, 17.438938, 121.57839, 172.20807
0.12579361E-3, 0.86406793E-3, 0.40600858E-4, 0.19180403E-7, 0.78630704E-3, 9.6581564, 17.439138, 121.57839, 172.20807
0.42842608E-3, 0.89554599E-3, 0.40600858E-4, 0.19180733E-7, 0.36753194E-4, 9.6585855, 17.439814, 121.57839, 172.20807
0.46789236E-3, 0.96845330E-3, 0.40600858E-4, 0.19181385E-7, 0.0000000, 9.6590528, 17.440546, 121.57839, 172.20808
0.40395188E-3, 0.78367116E-3, 0.40600858E-4, 0.19182055E-7, 0.0000000, 9.6594543, 17.441175, 121.57839, 172.20808
0.34789238E-3, 0.63274743E-3, 0.40600858E-4, 0.19182716E-7, 0.97623888E-5, 9.6598015, 17.441717, 121.57839, 172.20808
0.36281039E-3, 0.66537870E-3, 0.40600858E-4, 0.19183380E-7, 0.0000000, 9.6601648, 17.442289, 121.57839, 172.20808
-0.13072246E-2, 0.95964817E-3, 0.40600858E-4, 0.19182748E-7, 0.45507369E-2, 9.6588564, 17.440237, 121.57839, 172.20808
-0.94309996E-3, 0.11156505E-2, 0.40600858E-4, 0.19180165E-7, 0.37541923E-2, 9.6579132, 17.438757, 121.57839, 172.20810
-0.16231989E-3, 0.10701959E-2, 0.40600858E-4, 0.19178840E-7, 0.17086590E-2, 9.6577501, 17.438499, 121.57839, 172.20810
0.16703460E-3, 0.79677172E-3, 0.40600858E-4, 0.19178991E-7, 0.62001374E-3, 9.6579170, 17.438763, 121.57839, 172.20810
0.25691174E-3, 0.79943845E-3, 0.40600858E-4, 0.19179254E-7, 0.39140330E-3, 9.6581736, 17.439167, 121.57839, 172.20810
0.38420619E-3, 0.72712300E-3, 0.40600858E-4, 0.19179991E-7, 0.0000000, 9.6585588, 17.439770, 121.57839, 172.20810
-0.51603350E-3, 0.82688656E-3, 0.40600858E-4, 0.19179927E-7, 0.24008930E-2, 9.6580420, 17.438959, 121.57839, 172.20810
-0.10490269E-3, 0.59033185E-3, 0.40600858E-4, 0.19179058E-7, 0.11348977E-2, 9.6579351, 17.438791, 121.57839, 172.20810
0.29461109E-3, 0.46828372E-3, 0.40600858E-4, 0.19179204E-7, 0.0000000, 9.6582327, 17.439259, 121.57839, 172.20810
0.29023332E-3, 0.45607070E-3, 0.40600858E-4, 0.19179591E-7, 0.0000000, 9.6585302, 17.439724, 121.57839, 172.20810
0.28641403E-3, 0.44548057E-3, 0.40600858E-4, 0.19180074E-7, 0.0000000, 9.6588173, 17.440176, 121.57839, 172.20810
0.28360615E-3, 0.43782836E-3, 0.40600858E-4, 0.19180570E-7, 0.0000000, 9.6590919, 17.440607, 121.57839, 172.20810
0.42089369E-3, 0.83780382E-3, 0.40600858E-4, 0.19181435E-7, 0.0000000, 9.6595182, 17.441277, 121.57839, 172.20810
0.35061582E-3, 0.63367467E-3, 0.40600858E-4, 0.19182236E-7, 0.0000000, 9.6598673, 17.441822, 121.57839, 172.20810
-0.10624320E-2, 0.67859329E-3, 0.40600858E-4, 0.19182233E-7, 0.36690475E-2, 9.6588039, 17.440155, 121.57839, 172.20810
-0.45343707E-3, 0.68898435E-3, 0.40600858E-4, 0.19179780E-7, 0.21137740E-2, 9.6583519, 17.439444, 121.57839, 172.20810
0.14494424E-3, 0.71281649E-3, 0.40600858E-4, 0.19180053E-7, 0.59724238E-3, 9.6584959, 17.439672, 121.57839, 172.20810
-0.17308852E-2, 0.82009978E-3, 0.40600858E-4, 0.19178762E-7, 0.55104522E-2, 9.6567650, 17.436954, 121.57839, 172.20810
-0.19916762E-2, 0.85446908E-3, 0.40600858E-4, 0.19175092E-7, 0.62110107E-2, 9.6547728, 17.433830, 121.57839, 172.20810
-0.11867087E-2, 0.96417393E-3, 0.40600858E-4, 0.19171669E-7, 0.42401035E-2, 9.6535864, 17.431969, 121.57839, 172.20810
-0.35228935E-3, 0.97063358E-3, 0.40600858E-4, 0.19170228E-7, 0.21025294E-2, 9.6532335, 17.431414, 121.57839, 172.20811
0.11923624E-3, 0.93212235E-3, 0.40600866E-4, 0.19169953E-7, 0.85750030E-3, 9.6533518, 17.431601, 121.57839, 172.20811
-0.33876946E-3, 0.90880471E-3, 0.40600877E-4, 0.19170106E-7, 0.20137168E-2, 9.6530132, 17.431068, 121.57839, 172.20811
-0.13899959E-3, 0.11564442E-2, 0.40600880E-4, 0.19169040E-7, 0.17194775E-2, 9.6528740, 17.430851, 121.57840, 172.20818
0.39118118E-3, 0.10141354E-2, 0.40600891E-4, 0.19169356E-7, 0.23227170E-3, 9.6532660, 17.431465, 121.57841, 172.20821
0.31199437E-3, 0.85339241E-3, 0.40600899E-4, 0.19170159E-7, 0.29385809E-3, 9.6535769, 17.431953, 121.57841, 172.20822
0.32581284E-3, 0.92038413E-3, 0.40600913E-4, 0.19170653E-7, 0.31755565E-3, 9.6539030, 17.432467, 121.57841, 172.20825
0.31720486E-3, 0.56197448E-3, 0.40600917E-4, 0.19171445E-7, 0.23028166E-4, 9.6542215, 17.432966, 121.57841, 172.20825
-0.36142659E-2, 0.14188346E-2, 0.40600939E-4, 0.38273856E-6, 0.10879532E-1, 9.6506090, 17.427296, 121.57841, 172.20825
-0.15648061E-2, 0.17282662E-2, 0.40600968E-4, 0.19163172E-7, 0.58905194E-2, 9.6490440, 17.424841, 121.57841, 172.20828
-0.62812911E-3, 0.19290133E-2, 0.40600993E-4, 0.19161165E-7, 0.36648421E-2, 9.6484156, 17.423855, 121.57844, 172.20836
-0.26011645E-3, 0.20205043E-2, 0.40601026E-4, 0.19160209E-7, 0.28041143E-2, 9.6481552, 17.423445, 121.57847, 172.20842
-0.30629159E-3, 0.19657291E-2, 0.40601044E-4, 0.19159636E-7, 0.28775590E-2, 9.6478481, 17.422964, 121.57849, 172.20850
-0.29693029E-3, 0.17188790E-2, 0.40601059E-4, 0.19158991E-7, 0.26364392E-2, 9.6475496, 17.422495, 121.57850, 172.20851
-0.23923900E-3, 0.17166566E-2, 0.40601066E-4, 0.19158428E-7, 0.24882499E-2, 9.6473131, 17.422123, 121.57851, 172.20857
-0.15560929E-3, 0.14647150E-2, 0.40601069E-4, 0.19158021E-7, 0.20500191E-2, 9.6471577, 17.421881, 121.57852, 172.20860
0.71413997E-4, 0.15670647E-2, 0.40601069E-4, 0.19157854E-7, 0.15594017E-2, 9.6472301, 17.421995, 121.57854, 172.20865
-0.75532752E-3, 0.24052081E-2, 0.40601110E-4, 0.19157296E-7, 0.44360138E-2, 9.6464758, 17.420811, 121.57860, 172.20879
-0.65483770E-3, 0.24931466E-2, 0.40601124E-4, 0.91951269E-5, 0.42519933E-2, 9.6458235, 17.419786, 121.57864, 172.20891
0.28789320E-3, 0.36516741E-2, 0.40601153E-4, 0.19268459E-7, 0.28869272E-2, 9.6461124, 17.420240, 121.57870, 172.20909
0.34545574E-3, 0.30072634E-2, 0.40601197E-4, 0.19247377E-7, 0.21668074E-2, 9.6464567, 17.420782, 121.57875, 172.20921
0.33794172E-3, 0.26667770E-2, 0.40601215E-4, 0.19228537E-7, 0.18837325E-2, 9.6467943, 17.421310, 121.57880, 172.20932
-0.17810780E-3, 0.20162112E-2, 0.40601230E-4, 0.19212296E-7, 0.26241650E-2, 9.6466160, 17.421030, 121.57882, 172.20938
0.96419186E-4, 0.31912543E-2, 0.40601233E-4, 0.19198485E-7, 0.29863780E-2, 9.6467113, 17.421179, 121.57887, 172.20949
0.24603194E-3, 0.25813526E-2, 0.40601244E-4, 0.19188093E-7, 0.20532713E-2, 9.6469603, 17.421570, 121.57891, 172.20958
0.39935144E-3, 0.22506106E-2, 0.40601248E-4, 0.19180414E-7, 0.13614469E-2, 9.6473608, 17.422199, 121.57895, 172.20967
0.41123756E-3, 0.18610947E-2, 0.40601248E-4, 0.19174990E-7, 0.97824784E-3, 9.6477718, 17.422844, 121.57898, 172.20976
0.44032672E-3, 0.16768097E-2, 0.40601248E-4, 0.19171202E-7, 0.73668081E-3, 9.6482124, 17.423536, 121.57902, 172.20984
0.56958216E-3, 0.15060353E-2, 0.40601248E-4, 0.19168793E-7, 0.24963688E-3, 9.6487818, 17.424429, 121.57904, 172.20992
0.68644737E-3, 0.15745992E-2, 0.40601248E-4, 0.19167542E-7, 0.12147222E-4, 9.6494703, 17.425510, 121.57907, 172.20999
0.56566828E-3, 0.12203590E-2, 0.40601248E-4, 0.19167041E-7, 0.0000000, 9.6500349, 17.426395, 121.57908, 172.21001
0.44145840E-3, 0.12389886E-2, 0.40601248E-4, 0.19166901E-7, 0.33598402E-3, 9.6504774, 17.427092, 121.57909, 172.21002
-0.15835324E-3, 0.12178943E-2, 0.40601248E-4, 0.19166471E-7, 0.18578114E-2, 9.6503181, 17.426842, 121.57909, 172.21002
-0.80476259E-3, 0.15833168E-2, 0.40601248E-4, 0.19164519E-7, 0.38516261E-2, 9.6495152, 17.425581, 121.57909, 172.21004
-0.74202288E-3, 0.11829704E-2, 0.40601248E-4, 0.19162885E-7, 0.33260479E-2, 9.6487732, 17.424416, 121.57909, 172.21004
-0.15530877E-2, 0.19336690E-2, 0.40601248E-4, 0.19160582E-7, 0.60943081E-2, 9.6472187, 17.421976, 121.57909, 172.21005
-0.80966338E-3, 0.26225285E-2, 0.40601248E-4, 0.12630231E-4, 0.48015635E-2, 9.6464109, 17.420710, 121.57910, 172.21011
-0.20936680E-3, 0.30789357E-2, 0.40601248E-4, 0.19275079E-7, 0.36916232E-2, 9.6462021, 17.420380, 121.57910, 172.21040
0.59732806E-3, 0.41078073E-2, 0.40601248E-4, 0.19253077E-7, 0.25645630E-2, 9.6467981, 17.421316, 121.57915, 172.21057
0.64815738E-3, 0.34013644E-2, 0.40601248E-4, 0.19234161E-7, 0.17930873E-2, 9.6474476, 17.422335, 121.57921, 172.21068
0.61979773E-3, 0.28459909E-2, 0.40601248E-4, 0.19217996E-7, 0.13601928E-2, 9.6480675, 17.423307, 121.57926, 172.21078
0.56843244E-3, 0.22660051E-2, 0.40601248E-4, 0.19204814E-7, 0.96175208E-3, 9.6486340, 17.424196, 121.57931, 172.21089
0.65150612E-3, 0.22394238E-2, 0.40601248E-4, 0.19194555E-7, 0.72504830E-3, 9.6492853, 17.425220, 121.57935, 172.21098
0.31641946E-3, 0.15909742E-2, 0.40601248E-4, 0.19186880E-7, 0.99088205E-3, 9.6496000, 17.425714, 121.57936, 172.21101
0.11056980E-3, 0.14478390E-2, 0.40601248E-4, 0.19180563E-7, 0.13884266E-2, 9.6497097, 17.425884, 121.57936, 172.21103
-0.11504906E-3, 0.15718566E-2, 0.40601248E-4, 0.19175841E-7, 0.20821646E-2, 9.6495953, 17.425705, 121.57936, 172.21104
-0.23552559E-3, 0.18121889E-2, 0.40601248E-4, 0.19171754E-7, 0.26129580E-2, 9.6493607, 17.425339, 121.57936, 172.21106
-0.79326048E-4, 0.17655712E-2, 0.40601248E-4, 0.19168739E-7, 0.21692149E-2, 9.6492815, 17.425213, 121.57936, 172.21109
0.22090075E-4, 0.17814018E-2, 0.40601248E-4, 0.19166897E-7, 0.19235733E-2, 9.6493044, 17.425249, 121.57938, 172.21115
-0.32377630E-3, 0.16521739E-2, 0.40601248E-4, 0.19165089E-7, 0.26936862E-2, 9.6489811, 17.424742, 121.57938, 172.21115
-0.28243515E-3, 0.16034232E-2, 0.40601248E-4, 0.19163524E-7, 0.25428508E-2, 9.6486979, 17.424297, 121.57938, 172.21118
-0.14156032E-2, 0.21126980E-2, 0.40601248E-4, 0.19161584E-7, 0.59233387E-2, 9.6472816, 17.422077, 121.57939, 172.21123
-0.45124209E-3, 0.26418411E-2, 0.40601248E-4, 0.19158907E-7, 0.39339988E-2, 9.6468306, 17.421368, 121.57941, 172.21130
0.44139760E-3, 0.32475935E-2, 0.40601248E-4, 0.19158522E-7, 0.22006959E-2, 9.6472692, 17.422054, 121.57946, 172.21140
0.37832616E-3, 0.22252393E-2, 0.40601248E-4, 0.19159094E-7, 0.14219779E-2, 9.6476460, 17.422647, 121.57948, 172.21146
-0.36482306E-3, 0.17540551E-2, 0.40601248E-4, 0.19159307E-7, 0.28972751E-2, 9.6472807, 17.422075, 121.57948, 172.21146
-0.10397958E-2, 0.26778337E-2, 0.40601248E-4, 0.49783180E-5, 0.54796482E-2, 9.6462393, 17.420439, 121.57948, 172.21146
-0.47072757E-4, 0.40741190E-2, 0.40601248E-4, 0.21785296E-6, 0.42256080E-2, 9.6461906, 17.420362, 121.57953, 172.21161
0.23137986E-3, 0.33831031E-2, 0.40601248E-4, 0.19266501E-7, 0.28754130E-2, 9.6464205, 17.420723, 121.57954, 172.21172
0.14128210E-3, 0.30851425E-2, 0.40601248E-4, 0.19245432E-7, 0.28335813E-2, 9.6465616, 17.420944, 121.57956, 172.21179
0.20643056E-3, 0.29638300E-2, 0.40601244E-4, 0.19226645E-7, 0.25556516E-2, 9.6467667, 17.421267, 121.57958, 172.21187
-0.85053143E-5, 0.28159465E-2, 0.40601244E-4, 0.19210795E-7, 0.29724573E-2, 9.6467590, 17.421255, 121.57960, 172.21193
0.38646863E-3, 0.34933563E-2, 0.40601240E-4, 0.19197861E-7, 0.25871899E-2, 9.6471472, 17.421864, 121.57963, 172.21202
0.55669306E-3, 0.32932782E-2, 0.40601233E-4, 0.19188304E-7, 0.19665007E-2, 9.6477003, 17.422733, 121.57967, 172.21211
0.51452912E-3, 0.25255051E-2, 0.40601215E-4, 0.19181392E-7, 0.13638519E-2, 9.6482134, 17.423536, 121.57970, 172.21219
0.57020097E-3, 0.23111389E-2, 0.40601190E-4, 0.19176399E-7, 0.10224729E-2, 9.6487837, 17.424433, 121.57973, 172.21227
0.49146259E-3, 0.18929646E-2, 0.40601186E-4, 0.19173003E-7, 0.83688414E-3, 9.6492748, 17.425201, 121.57975, 172.21230
0.47996084E-3, 0.15659395E-2, 0.40601186E-4, 0.19170711E-7, 0.56283246E-3, 9.6497536, 17.425955, 121.57975, 172.21233
0.67918136E-3, 0.17635620E-2, 0.40601186E-4, 0.19169475E-7, 0.23443633E-3, 9.6504354, 17.427025, 121.57977, 172.21237
0.78372099E-3, 0.18487775E-2, 0.40601171E-4, 0.19169214E-7, 0.44989643E-4, 9.6512194, 17.428253, 121.57980, 172.21243
0.62966021E-3, 0.15349900E-2, 0.40601164E-4, 0.19169400E-7, 0.14941386E-3, 9.6518488, 17.429243, 121.57981, 172.21246
0.47229748E-3, 0.14225779E-2, 0.40601164E-4, 0.19169764E-7, 0.44916998E-3, 9.6523190, 17.429979, 121.57981, 172.21246
0.59172674E-3, 0.18397919E-2, 0.40601164E-4, 0.19170038E-7, 0.52958925E-3, 9.6529112, 17.430910, 121.57983, 172.21255
0.25712544E-3, 0.13058570E-2, 0.40601164E-4, 0.19170697E-7, 0.89344569E-3, 9.6531677, 17.431313, 121.57983, 172.21255
0.38976595E-3, 0.13311034E-2, 0.40601164E-4, 0.19170756E-7, 0.57595491E-3, 9.6535587, 17.431927, 121.57983, 172.21257
0.47438138E-3, 0.94500929E-3, 0.40601164E-4, 0.19171557E-7, 0.0000000, 9.6540308, 17.432665, 121.57983, 172.21257
0.60852896E-3, 0.13169114E-2, 0.40601164E-4, 0.19172472E-7, 0.0000000, 9.6546383, 17.433619, 121.57983, 172.21260
0.47136965E-3, 0.93727082E-3, 0.40601164E-4, 0.19173433E-7, 0.0000000, 9.6551104, 17.434359, 121.57983, 172.21260
-0.87727932E-3, 0.13185370E-2, 0.40601164E-4, 0.19173063E-7, 0.38178891E-2, 9.6542339, 17.432983, 121.57983, 172.21260
-0.22026889E-3, 0.15381607E-2, 0.40601164E-4, 0.19171663E-7, 0.23335142E-2, 9.6540146, 17.432640, 121.57984, 172.21262
0.52568835E-3, 0.15828544E-2, 0.40601164E-4, 0.19171932E-7, 0.45845562E-3, 9.6545410, 17.433466, 121.57985, 172.21266
0.69360866E-3, 0.15538350E-2, 0.40601164E-4, 0.19173187E-7, 0.0000000, 9.6552362, 17.434557, 121.57987, 172.21271
0.50433690E-3, 0.10293412E-2, 0.40601164E-4, 0.19174422E-7, 0.0000000, 9.6557388, 17.435345, 121.57987, 172.21271
0.60846435E-3, 0.13184622E-2, 0.40601164E-4, 0.19175520E-7, 0.0000000, 9.6563473, 17.436300, 121.57987, 172.21272
0.58535940E-3, 0.12546794E-2, 0.40601164E-4, 0.19176666E-7, 0.0000000, 9.6569300, 17.437216, 121.57987, 172.21274
0.55438787E-3, 0.11690903E-2, 0.40601164E-4, 0.19177749E-7, 0.0000000, 9.6574831, 17.438082, 121.57987, 172.21274
0.59327792E-3, 0.13923884E-2, 0.40601164E-4, 0.19178836E-7, 0.10645129E-3, 9.6580772, 17.439014, 121.57987, 172.21277
0.36066168E-3, 0.13653722E-2, 0.40601164E-4, 0.19179856E-7, 0.67880098E-3, 9.6584387, 17.439581, 121.57987, 172.21278
0.15945379E-3, 0.14101223E-2, 0.40601164E-4, 0.19179998E-7, 0.12369433E-2, 9.6585999, 17.439835, 121.57987, 172.21280
0.65127137E-3, 0.14390263E-2, 0.40601164E-4, 0.19181016E-7, 0.0000000, 9.6592503, 17.440855, 121.57988, 172.21284
0.55613328E-3, 0.11750966E-2, 0.40601164E-4, 0.19182234E-7, 0.0000000, 9.6598072, 17.441729, 121.57988, 172.21284
0.46803337E-3, 0.93069440E-3, 0.40601164E-4, 0.19183318E-7, 0.0000000, 9.6602764, 17.442465, 121.57988, 172.21286
0.50526141E-3, 0.10345365E-2, 0.40601164E-4, 0.19184277E-7, 0.0000000, 9.6607828, 17.443260, 121.57988, 172.21286
0.48855878E-3, 0.98848529E-3, 0.40601164E-4, 0.19185233E-7, 0.0000000, 9.6612711, 17.444025, 121.57988, 172.21286
0.46954563E-3, 0.93598128E-3, 0.40601164E-4, 0.19186190E-7, 0.0000000, 9.6617413, 17.444763, 121.57988, 172.21286
0.47329083E-3, 0.94676361E-3, 0.40601164E-4, 0.19187132E-7, 0.0000000, 9.6622152, 17.445505, 121.57988, 172.21286
0.49683073E-3, 0.10126916E-2, 0.40601164E-4, 0.19188086E-7, 0.0000000, 9.6627121, 17.446285, 121.57988, 172.21286
0.41697282E-3, 0.79068041E-3, 0.40601164E-4, 0.19189038E-7, 0.0000000, 9.6631279, 17.446938, 121.57988, 172.21286
0.43847488E-3, 0.85097132E-3, 0.40601164E-4, 0.19189921E-7, 0.0000000, 9.6635656, 17.447624, 121.57988, 172.21286
0.50595310E-3, 0.10394768E-2, 0.40601164E-4, 0.19190834E-7, 0.0000000, 9.6640720, 17.448420, 121.57988, 172.21286
0.39826287E-3, 0.73953869E-3, 0.40601164E-4, 0.19191740E-7, 0.0000000, 9.6644678, 17.449041, 121.57988, 172.21286
-0.13435765E-2, 0.11425826E-2, 0.40601164E-4, 0.19190873E-7, 0.48449440E-2, 9.6631260, 17.446936, 121.57988, 172.21286
-0.16292837E-3, 0.12142590E-2, 0.40601164E-4, 0.19188894E-7, 0.18781837E-2, 9.6629629, 17.446678, 121.57988, 172.21286
0.44411627E-3, 0.86807564E-3, 0.40601164E-4, 0.19189532E-7, 0.0000000, 9.6634064, 17.447374, 121.57988, 172.21286
0.49012038E-3, 0.99689851E-3, 0.40601164E-4, 0.19190447E-7, 0.0000000, 9.6638947, 17.448141, 121.57988, 172.21286
0.49126387E-3, 0.10004608E-2, 0.40601164E-4, 0.19191418E-7, 0.0000000, 9.6643858, 17.448912, 121.57988, 172.21286
0.49064640E-3, 0.99911646E-3, 0.40601164E-4, 0.19192456E-7, 0.0000000, 9.6648779, 17.449682, 121.57988, 172.21286
0.49799139E-3, 0.10200175E-2, 0.40601164E-4, 0.19193473E-7, 0.0000000, 9.6653738, 17.450460, 121.57988, 172.21286
0.98305922E-4, 0.96553919E-3, 0.40601164E-4, 0.19194305E-7, 0.97622699E-3, 9.6654711, 17.450613, 121.57988, 172.21286
0.13995229E-3, 0.97442680E-3, 0.40601164E-4, 0.19194108E-7, 0.87721011E-3, 9.6656113, 17.450832, 121.57988, 172.21286
0.44963899E-3, 0.88575482E-3, 0.40601164E-4, 0.19194816E-7, 0.0000000, 9.6660614, 17.451540, 121.57988, 172.21286
0.44119710E-3, 0.86251181E-3, 0.40601164E-4, 0.19195671E-7, 0.0000000, 9.6665020, 17.452230, 121.57988, 172.21286
0.45009924E-3, 0.88782253E-3, 0.40601164E-4, 0.19196529E-7, 0.0000000, 9.6669502, 17.452934, 121.57988, 172.21286
0.46450319E-3, 0.92855102E-3, 0.40601164E-4, 0.19197394E-7, 0.0000000, 9.6674156, 17.453663, 121.57988, 172.21286
0.45750543E-3, 0.90929883E-3, 0.40601164E-4, 0.19198280E-7, 0.0000000, 9.6678743, 17.454382, 121.57988, 172.21286
-0.28667042E-2, 0.10106650E-2, 0.40601164E-4, 0.19196662E-7, 0.86309090E-2, 9.6650085, 17.449888, 121.57988, 172.21286
-0.44149691E-2, 0.20572138E-2, 0.40601164E-4, 0.37755839E-4, 0.13529720E-1, 9.6605940, 17.442963, 121.57988, 172.21286
-0.92739362E-3, 0.22321958E-2, 0.40601164E-4, 0.89629604E-4, 0.46811732E-2, 9.6596651, 17.441505, 121.57988, 172.21286
-0.15411949E-3, 0.26851606E-2, 0.40601164E-4, 0.19306254E-7, 0.32015806E-2, 9.6595116, 17.441265, 121.57991, 172.21295
-0.13843094E-3, 0.19101379E-2, 0.40601164E-4, 0.19283565E-7, 0.24513300E-2, 9.6593752, 17.441050, 121.57993, 172.21298
-0.17122611E-3, 0.16475130E-2, 0.40601164E-4, 0.17073435E-4, 0.22778625E-2, 9.6592045, 17.440783, 121.57993, 172.21298
-0.30188596E-4, 0.24648011E-2, 0.40601164E-4, 0.12700024E-5, 0.26830456E-2, 9.6591730, 17.440735, 121.57994, 172.21303
-0.15292024E-3, 0.21629992E-2, 0.40601164E-4, 0.19289409E-7, 0.27234920E-2, 9.6590185, 17.440491, 121.57994, 172.21303
-0.18229075E-3, 0.21604069E-2, 0.40601164E-4, 0.68868127E-6, 0.27968599E-2, 9.6588383, 17.440208, 121.57994, 172.21304
-0.28042478E-3, 0.18745010E-2, 0.40601164E-4, 0.19288558E-7, 0.27873248E-2, 9.6585579, 17.439770, 121.57994, 172.21304
-0.18416169E-3, 0.18657779E-2, 0.40601164E-4, 0.19266791E-7, 0.25325445E-2, 9.6583738, 17.439480, 121.57994, 172.21307
0.31089655E-5, 0.19397384E-2, 0.40601164E-4, 0.19247674E-7, 0.21201107E-2, 9.6583748, 17.439482, 121.57996, 172.21313
0.98499469E-4, 0.17835046E-2, 0.40601164E-4, 0.19231912E-7, 0.17316947E-2, 9.6584740, 17.439636, 121.57996, 172.21318
-0.88583365E-4, 0.10544343E-2, 0.40601164E-4, 0.19219211E-7, 0.15408219E-2, 9.6583843, 17.439495, 121.57996, 172.21318
-0.25549150E-3, 0.86339912E-3, 0.40601164E-4, 0.19208830E-7, 0.17934551E-2, 9.6581287, 17.439096, 121.57996, 172.21318
-0.31808804E-3, 0.80123928E-3, 0.40601164E-4, 0.19200590E-7, 0.18968278E-2, 9.6578121, 17.438599, 121.57996, 172.21318
-0.18033227E-3, 0.94377168E-3, 0.40601164E-4, 0.19194252E-7, 0.16739771E-2, 9.6576357, 17.438322, 121.57996, 172.21318
-0.83251936E-4, 0.89414371E-3, 0.40601164E-4, 0.19189681E-7, 0.13787224E-2, 9.6575508, 17.438189, 121.57996, 172.21318
0.14154979E-4, 0.90933061E-3, 0.40601164E-4, 0.19186416E-7, 0.11422861E-2, 9.6575632, 17.438208, 121.57996, 172.21318
0.67799134E-4, 0.82832959E-3, 0.40601164E-4, 0.19184242E-7, 0.92976203E-3, 9.6576309, 17.438314, 121.57996, 172.21318
-0.44477661E-3, 0.89018641E-3, 0.40601164E-4, 0.19182487E-7, 0.23032047E-2, 9.6571865, 17.437616, 121.57996, 172.21318
-0.23078901E-3, 0.92442555E-3, 0.40601164E-4, 0.19180446E-7, 0.17848157E-2, 9.6569557, 17.437256, 121.57996, 172.21318
-0.83977735E-4, 0.64759108E-3, 0.40601164E-4, 0.19179446E-7, 0.11529543E-2, 9.6568699, 17.437120, 121.57996, 172.21318
-0.64577718E-4, 0.67488651E-3, 0.40601164E-4, 0.19178694E-7, 0.11279800E-2, 9.6568041, 17.437017, 121.57996, 172.21318
0.17444985E-4, 0.69500989E-3, 0.40601164E-4, 0.19178202E-7, 0.93552098E-3, 9.6568213, 17.437042, 121.57996, 172.21318
0.18277498E-3, 0.64429501E-3, 0.40601164E-4, 0.19178112E-7, 0.46397719E-3, 9.6570024, 17.437328, 121.57996, 172.21318
0.24136370E-3, 0.67706109E-3, 0.40601164E-4, 0.19178346E-7, 0.34328477E-3, 9.6572428, 17.437706, 121.57996, 172.21318
0.30234596E-3, 0.78973616E-3, 0.40601164E-4, 0.19178749E-7, 0.28974423E-3, 9.6575460, 17.438181, 121.57996, 172.21318
0.35651674E-3, 0.76937000E-3, 0.40601164E-4, 0.19179263E-7, 0.13163776E-3, 9.6579046, 17.438744, 121.57996, 172.21318
0.41867644E-3, 0.81821211E-3, 0.40601164E-4, 0.19179906E-7, 0.16459984E-4, 9.6583242, 17.439402, 121.57996, 172.21318
0.39296498E-3, 0.72849746E-3, 0.40601164E-4, 0.19180604E-7, 0.0000000, 9.6587172, 17.440020, 121.57996, 172.21318
-0.21304480E-3, 0.57537633E-3, 0.40601164E-4, 0.19180725E-7, 0.14162179E-2, 9.6585026, 17.439682, 121.57996, 172.21318
0.19649818E-3, 0.46473986E-3, 0.40601164E-4, 0.19180474E-7, 0.26262278E-3, 9.6587000, 17.439991, 121.57996, 172.21318
0.30356718E-3, 0.47861610E-3, 0.40601164E-4, 0.19180906E-7, 0.0000000, 9.6590004, 17.440464, 121.57996, 172.21318
0.30078460E-3, 0.47111139E-3, 0.40601164E-4, 0.19181467E-7, 0.0000000, 9.6592999, 17.440931, 121.57996, 172.21318
0.30830019E-3, 0.49254950E-3, 0.40601164E-4, 0.19182071E-7, 0.0000000, 9.6596088, 17.441418, 121.57996, 172.21318
0.31183768E-3, 0.50282129E-3, 0.40601164E-4, 0.19182684E-7, 0.0000000, 9.6599216, 17.441908, 121.57996, 172.21318
0.31253041E-3, 0.50509977E-3, 0.40601164E-4, 0.19183304E-7, 0.0000000, 9.6602325, 17.442396, 121.57996, 172.21318
0.29096575E-3, 0.44468557E-3, 0.40601164E-4, 0.19183956E-7, 0.0000000, 9.6605225, 17.442850, 121.57996, 172.21318
0.28231708E-3, 0.42062590E-3, 0.40601164E-4, 0.19184561E-7, 0.0000000, 9.6608019, 17.443287, 121.57996, 172.21318
0.28469408E-3, 0.42763568E-3, 0.40601164E-4, 0.19185133E-7, 0.0000000, 9.6610870, 17.443735, 121.57996, 172.21318
0.29044913E-3, 0.44420111E-3, 0.40601164E-4, 0.19185705E-7, 0.0000000, 9.6613779, 17.444193, 121.57996, 172.21318
0.28793584E-3, 0.43742268E-3, 0.40601164E-4, 0.19186297E-7, 0.0000000, 9.6616678, 17.444647, 121.57996, 172.21318
0.30519749E-3, 0.48655132E-3, 0.40601164E-4, 0.19186924E-7, 0.0000000, 9.6619711, 17.445122, 121.57996, 172.21318
0.29366219E-3, 0.45426260E-3, 0.40601164E-4, 0.19187581E-7, 0.0000000, 9.6622648, 17.445583, 121.57996, 172.21318
-0.39978427E-3, 0.38009437E-3, 0.40601164E-4, 0.19187631E-7, 0.17136917E-2, 9.6618652, 17.444958, 121.57996, 172.21318
0.75255652E-4, 0.30852883E-3, 0.40601164E-4, 0.19187127E-7, 0.42833935E-3, 9.6619415, 17.445076, 121.57996, 172.21318
0.25881667E-3, 0.35645647E-3, 0.40601164E-4, 0.19187485E-7, 0.0000000, 9.6621990, 17.445480, 121.57996, 172.21318
0.26917152E-3, 0.38614849E-3, 0.40601164E-4, 0.19187929E-7, 0.0000000, 9.6624660, 17.445900, 121.57996, 172.21318
0.26572109E-3, 0.37667784E-3, 0.40601164E-4, 0.19188368E-7, 0.0000000, 9.6627312, 17.446314, 121.57996, 172.21318
0.26019529E-3, 0.36129553E-3, 0.40601164E-4, 0.19188800E-7, 0.0000000, 9.6629887, 17.446720, 121.57996, 172.21318
0.26658573E-3, 0.37980053E-3, 0.40601164E-4, 0.19189294E-7, 0.0000000, 9.6632547, 17.447138, 121.57996, 172.21318
0.27461382E-3, 0.40299539E-3, 0.40601164E-4, 0.19189848E-7, 0.0000000, 9.6635275, 17.447565, 121.57996, 172.21318
0.25488788E-3, 0.34711434E-3, 0.40601164E-4, 0.19190397E-7, 0.0000000, 9.6637831, 17.447968, 121.57996, 172.21318
0.24179331E-3, 0.31008554E-3, 0.40601164E-4, 0.19190812E-7, 0.0000000, 9.6640253, 17.448345, 121.57996, 172.21318
0.23557364E-3, 0.29262909E-3, 0.40601164E-4, 0.19191209E-7, 0.0000000, 9.6642599, 17.448713, 121.57996, 172.21318
0.23528060E-3, 0.29208913E-3, 0.40601164E-4, 0.19191589E-7, 0.0000000, 9.6644945, 17.449081, 121.57996, 172.21318
0.23604668E-3, 0.29458423E-3, 0.40601164E-4, 0.19191994E-7, 0.0000000, 9.6647291, 17.449450, 121.57996, 172.21318
0.23686659E-3, 0.29723637E-3, 0.40601164E-4, 0.19192457E-7, 0.0000000, 9.6649647, 17.449820, 121.57996, 172.21318
0.23633284E-3, 0.29601672E-3, 0.40601164E-4, 0.19192921E-7, 0.0000000, 9.6651993, 17.450188, 121.57996, 172.21318
0.22637323E-3, 0.26773766E-3, 0.40601164E-4, 0.19193379E-7, 0.0000000, 9.6654243, 17.450541, 121.57996, 172.21318
0.25600463E-3, 0.35318683E-3, 0.40601164E-4, 0.19193912E-7, 0.0000000, 9.6656799, 17.450941, 121.57996, 172.21318
0.23532042E-3, 0.29403638E-3, 0.40601164E-4, 0.19194509E-7, 0.0000000, 9.6659164, 17.451311, 121.57996, 172.21318
0.24359507E-3, 0.31818874E-3, 0.40601164E-4, 0.19195083E-7, 0.0000000, 9.6661615, 17.451696, 121.57996, 172.21318
0.24886910E-3, 0.33372676E-3, 0.40601164E-4, 0.19195660E-7, 0.0000000, 9.6664085, 17.452084, 121.57996, 172.21318
0.24428577E-3, 0.32085128E-3, 0.40601164E-4, 0.19196168E-7, 0.0000000, 9.6666536, 17.452467, 121.57996, 172.21318
0.23143481E-3, 0.28407032E-3, 0.40601164E-4, 0.19196611E-7, 0.0000000, 9.6668835, 17.452829, 121.57996, 172.21318
0.23501007E-3, 0.29473816E-3, 0.40601164E-4, 0.19197088E-7, 0.0000000, 9.6671171, 17.453196, 121.57996, 172.21318
0.23228189E-3, 0.28715708E-3, 0.40601164E-4, 0.19197612E-7, 0.0000000, 9.6673450, 17.453552, 121.57996, 172.21318
0.24035061E-3, 0.31086494E-3, 0.40601164E-4, 0.19198124E-7, 0.0000000, 9.6675873, 17.453932, 121.57996, 172.21318
0.23448699E-3, 0.29419712E-3, 0.40601164E-4, 0.19198581E-7, 0.0000000, 9.6678219, 17.454300, 121.57996, 172.21318
0.21768748E-3, 0.24573674E-3, 0.40601164E-4, 0.19198930E-7, 0.0000000, 9.6680374, 17.454639, 121.57996, 172.21318
0.20262612E-3, 0.20222331E-3, 0.40601164E-4, 0.19199232E-7, 0.0000000, 9.6682386, 17.454954, 121.57996, 172.21318
-0.44767687E-3, 0.20915671E-3, 0.40601164E-4, 0.19199469E-7, 0.16761385E-2, 9.6677961, 17.454262, 121.57996, 172.21318
-0.38650173E-2, 0.40240033E-3, 0.40601164E-4, 0.19194676E-7, 0.10623839E-1, 9.6639299, 17.448196, 121.57996, 172.21318
-0.27288091E-2, 0.44259636E-3, 0.40601164E-4, 0.19188231E-7, 0.77410331E-2, 9.6612015, 17.443916, 121.57996, 172.21318
-0.14516335E-2, 0.36831963E-3, 0.40601164E-4, 0.19184277E-7, 0.43949350E-2, 9.6597481, 17.441637, 121.57996, 172.21318
-0.78258134E-3, 0.39770178E-3, 0.40601164E-4, 0.19182062E-7, 0.27019519E-2, 9.6589642, 17.440405, 121.57996, 172.21318
-0.36218986E-3, 0.31922967E-3, 0.40601164E-4, 0.19180952E-7, 0.15528463E-2, 9.6586027, 17.439838, 121.57996, 172.21318
-0.89487905E-4, 0.22559852E-3, 0.40601164E-4, 0.19180558E-7, 0.76985639E-3, 9.6585150, 17.439701, 121.57996, 172.21318
0.23232164E-4, 0.21799104E-3, 0.40601164E-4, 0.19180543E-7, 0.47341263E-3, 9.6585398, 17.439741, 121.57996, 172.21318
-0.39491605E-3, 0.26068543E-3, 0.40601164E-4, 0.19180192E-7, 0.15847904E-2, 9.6581478, 17.439125, 121.57996, 172.21318
-0.41791433E-3, 0.28405475E-3, 0.40601164E-4, 0.19179360E-7, 0.16641176E-2, 9.6577291, 17.438469, 121.57996, 172.21318
-0.10095417E-3, 0.29308593E-3, 0.40601164E-4, 0.19178776E-7, 0.85754250E-3, 9.6576281, 17.438309, 121.57996, 172.21318
0.79485711E-4, 0.27125556E-3, 0.40601164E-4, 0.19178747E-7, 0.37466455E-3, 9.6577082, 17.438437, 121.57996, 172.21318
0.14793460E-3, 0.24093606E-3, 0.40601164E-4, 0.19178966E-7, 0.17209153E-3, 9.6578541, 17.438665, 121.57996, 172.21318
0.18922803E-3, 0.27199270E-3, 0.40601164E-4, 0.19179286E-7, 0.92813505E-4, 9.6580420, 17.438959, 121.57996, 172.21318
0.21075427E-3, 0.25748395E-3, 0.40601164E-4, 0.19179687E-7, 0.24599318E-4, 9.6582537, 17.439291, 121.57996, 172.21318
0.22004527E-3, 0.25697227E-3, 0.40601164E-4, 0.19180147E-7, 0.0000000, 9.6584702, 17.439631, 121.57996, 172.21318
0.23524585E-3, 0.30227352E-3, 0.40601164E-4, 0.19180623E-7, 0.0000000, 9.6587095, 17.440008, 121.57996, 172.21318
0.22757247E-3, 0.27990690E-3, 0.40601164E-4, 0.19181076E-7, 0.0000000, 9.6589394, 17.440367, 121.57996, 172.21318
0.21913183E-3, 0.25523460E-3, 0.40601164E-4, 0.19181503E-7, 0.0000000, 9.6591616, 17.440714, 121.57996, 172.21318
0.21187948E-3, 0.23405375E-3, 0.40601164E-4, 0.19181909E-7, 0.0000000, 9.6593733, 17.441048, 121.57996, 172.21318
0.20303720E-3, 0.20808770E-3, 0.40601164E-4, 0.19182325E-7, 0.0000000, 9.6595745, 17.441362, 121.57996, 172.21318
0.19901185E-3, 0.19642676E-3, 0.40601164E-4, 0.19182771E-7, 0.0000000, 9.6597719, 17.441671, 121.57996, 172.21318
0.20268347E-3, 0.20770007E-3, 0.40601164E-4, 0.19183185E-7, 0.0000000, 9.6599722, 17.441986, 121.57996, 172.21318
0.18401962E-3, 0.15223651E-3, 0.40601164E-4, 0.19183540E-7, 0.0000000, 9.6601591, 17.442282, 121.57996, 172.21318
0.18937308E-3, 0.16855910E-3, 0.40601164E-4, 0.19183920E-7, 0.0000000, 9.6603479, 17.442577, 121.57996, 172.21318
0.18654900E-3, 0.16039389E-3, 0.40601164E-4, 0.19184329E-7, 0.0000000, 9.6605330, 17.442867, 121.57996, 172.21318
0.19160651E-3, 0.17591214E-3, 0.40601164E-4, 0.19184743E-7, 0.0000000, 9.6607237, 17.443167, 121.57996, 172.21318
0.19831897E-3, 0.19646029E-3, 0.40601164E-4, 0.19185119E-7, 0.0000000, 9.6609221, 17.443478, 121.57996, 172.21318
0.19200124E-3, 0.17775026E-3, 0.40601164E-4, 0.19185501E-7, 0.0000000, 9.6611118, 17.443775, 121.57996, 172.21318
0.18525653E-3, 0.15770097E-3, 0.40601164E-4, 0.19185890E-7, 0.0000000, 9.6612988, 17.444069, 121.57996, 172.21318
0.19167185E-3, 0.17746957E-3, 0.40601164E-4, 0.19186215E-7, 0.0000000, 9.6614914, 17.444370, 121.57996, 172.21318
0.19701190E-3, 0.19403516E-3, 0.40601164E-4, 0.19186544E-7, 0.0000000, 9.6616850, 17.444675, 121.57996, 172.21318
0.19569020E-3, 0.19038422E-3, 0.40601164E-4, 0.19186928E-7, 0.0000000, 9.6618843, 17.444988, 121.57996, 172.21318
0.19811577E-3, 0.19814397E-3, 0.40601164E-4, 0.19187361E-7, 0.0000000, 9.6620808, 17.445295, 121.57996, 172.21318
0.15056710E-3, 0.21487761E-3, 0.40601164E-4, 0.19187794E-7, 0.13589708E-3, 9.6622314, 17.445532, 121.57996, 172.21318
-0.41865031E-3, 0.28489105E-3, 0.40601164E-4, 0.19187539E-7, 0.16566345E-2, 9.6618118, 17.444874, 121.57996, 172.21318
-0.19894325E-3, 0.23858380E-3, 0.40601164E-4, 0.19186920E-7, 0.10531574E-2, 9.6616125, 17.444561, 121.57996, 172.21318
-0.12392829E-3, 0.23606421E-3, 0.40601164E-4, 0.19186578E-7, 0.85810461E-3, 9.6614895, 17.444368, 121.57996, 172.21318
0.83725363E-5, 0.28038447E-3, 0.40601164E-4, 0.19186423E-7, 0.55510795E-3, 9.6614962, 17.444378, 121.57996, 172.21318
0.18225031E-3, 0.20618978E-3, 0.40601164E-4, 0.19186626E-7, 0.46130506E-4, 9.6616783, 17.444662, 121.57996, 172.21318
0.18653351E-3, 0.16447465E-3, 0.40601164E-4, 0.19186992E-7, 0.0000000, 9.6618652, 17.444958, 121.57996, 172.21318
0.17545444E-3, 0.13068845E-3, 0.40601164E-4, 0.19187326E-7, 0.0000000, 9.6620359, 17.445225, 121.57996, 172.21318
0.16655738E-3, 0.10349745E-3, 0.40601164E-4, 0.19187620E-7, 0.0000000, 9.6621971, 17.445477, 121.57996, 172.21318
-0.26236608E-3, 0.15969732E-3, 0.40601164E-4, 0.19187743E-7, 0.11480800E-2, 9.6619349, 17.445066, 121.57996, 172.21318
-0.78766723E-3, 0.20873953E-3, 0.40601164E-4, 0.19186650E-7, 0.25377814E-2, 9.6611471, 17.443830, 121.57996, 172.21318
-0.76278346E-3, 0.22860663E-3, 0.40601164E-4, 0.19185206E-7, 0.24900436E-2, 9.6603842, 17.442633, 121.57996, 172.21318
-0.12891861E-2, 0.28724110E-3, 0.40601164E-4, 0.19183057E-7, 0.38904562E-2, 9.6590948, 17.440611, 121.57996, 172.21318
-0.72140258E-3, 0.25369757E-3, 0.40601164E-4, 0.19181041E-7, 0.24040951E-2, 9.6583719, 17.439478, 121.57996, 172.21318
-0.74588141E-3, 0.25190707E-3, 0.40601164E-4, 0.19179486E-7, 0.24652968E-2, 9.6576252, 17.438305, 121.57996, 172.21318
-0.87552005E-3, 0.25781814E-3, 0.40601164E-4, 0.19178037E-7, 0.28029624E-2, 9.6567497, 17.436930, 121.57996, 172.21318
-0.65401773E-3, 0.25919056E-3, 0.40601164E-4, 0.19176420E-7, 0.22348736E-2, 9.6560955, 17.435905, 121.57996, 172.21318
-0.22095704E-3, 0.21603542E-3, 0.40601164E-4, 0.19175575E-7, 0.10867042E-2, 9.6558752, 17.435560, 121.57996, 172.21318
-0.35560376E-3, 0.22823497E-3, 0.40601164E-4, 0.19175024E-7, 0.14423407E-2, 9.6555176, 17.434998, 121.57996, 172.21318
-0.69328171E-3, 0.29414392E-3, 0.40601164E-4, 0.19173971E-7, 0.23635270E-2, 9.6548233, 17.433910, 121.57996, 172.21318
-0.66784519E-3, 0.30326523E-3, 0.40601175E-4, 0.19172539E-7, 0.23054795E-2, 9.6541548, 17.432861, 121.57996, 172.21318
-0.38132808E-3, 0.21031735E-3, 0.40601179E-4, 0.19171569E-7, 0.14932619E-2, 9.6537771, 17.432268, 121.57996, 172.21318
-0.36559853E-3, 0.28925625E-3, 0.40601197E-4, 0.19170756E-7, 0.15169781E-2, 9.6534119, 17.431694, 121.57996, 172.21318
-0.36600736E-3, 0.27530789E-3, 0.40601208E-4, 0.19169924E-7, 0.15064571E-2, 9.6530457, 17.431120, 121.57996, 172.21318
-0.31585270E-3, 0.21735608E-3, 0.40601215E-4, 0.19169294E-7, 0.13301867E-2, 9.6527262, 17.430620, 121.57996, 172.21318
-0.77762472E-3, 0.23702467E-3, 0.40601215E-4, 0.19168391E-7, 0.25322414E-2, 9.6519489, 17.429399, 121.57996, 172.21318
-0.75284182E-3, 0.24953915E-3, 0.40601215E-4, 0.19166821E-7, 0.24785106E-2, 9.6511946, 17.428217, 121.57996, 172.21318
-0.57266292E-3, 0.26081369E-3, 0.40601215E-4, 0.19165801E-7, 0.20244294E-2, 9.6506224, 17.427317, 121.57996, 172.21318
0.53257252E-4, 0.31253370E-3, 0.40601215E-4, 0.18789186E-4, 0.43929607E-3, 9.6506758, 17.427402, 121.57996, 172.21318
-0.42971194E-4, 0.30520803E-3, 0.40601215E-4, 0.11546961E-4, 0.68760739E-3, 9.6506357, 17.427338, 121.57996, 172.21318
-0.58693870E-3, 0.33244240E-3, 0.40601215E-4, 0.16969766E-5, 0.21168813E-2, 9.6500483, 17.426416, 121.57996, 172.21318
-0.10954529E-2, 0.46631970E-3, 0.40601222E-4, 0.70162301E-7, 0.35332849E-2, 9.6489544, 17.424700, 121.57996, 172.21318
-0.95598359E-3, 0.46877292E-3, 0.40601244E-4, 0.19269232E-7, 0.31774223E-2, 9.6480017, 17.423204, 121.57996, 172.21318
-0.87194773E-3, 0.50804857E-3, 0.40601288E-4, 0.19246082E-7, 0.29937956E-2, 9.6471291, 17.421835, 121.57996, 172.21318
-0.84794994E-3, 0.50061697E-3, 0.40601317E-4, 0.19225377E-7, 0.29266749E-2, 9.6462822, 17.420506, 121.57996, 172.21318
-0.77740318E-3, 0.49531250E-3, 0.40601364E-4, 0.19207668E-7, 0.27416132E-2, 9.6455040, 17.419285, 121.57996, 172.21318
-0.64635131E-3, 0.45247350E-3, 0.40601386E-4, 0.19193216E-7, 0.23704767E-2, 9.6448603, 17.418274, 121.57996, 172.21318
-0.12600176E-2, 0.37890428E-3, 0.40601408E-4, 0.19181201E-7, 0.38875954E-2, 9.6435995, 17.416296, 121.57996, 172.21318
-0.11965878E-2, 0.40838064E-3, 0.40601426E-4, 0.19170965E-7, 0.37486358E-2, 9.6424046, 17.414421, 121.57996, 172.21318
-0.11262816E-2, 0.37092832E-3, 0.40601466E-4, 0.19162774E-7, 0.35376085E-2, 9.6412802, 17.412657, 121.57996, 172.21318
-0.99501887E-3, 0.37507940E-3, 0.40601484E-4, 0.19156344E-7, 0.32036672E-2, 9.6402855, 17.411093, 121.57996, 172.21318
-0.92443859E-3, 0.34935569E-3, 0.40601502E-4, 0.19151285E-7, 0.30013318E-2, 9.6393595, 17.409641, 121.57996, 172.21318
-0.84177335E-3, 0.29474171E-3, 0.40601524E-4, 0.19147270E-7, 0.27443778E-2, 9.6385174, 17.408319, 121.57996, 172.21318
-0.12349070E-2, 0.32743425E-3, 0.40601553E-4, 0.19143490E-7, 0.37809804E-2, 9.6372805, 17.406376, 121.57996, 172.21318
-0.71606995E-3, 0.22993002E-3, 0.40601568E-4, 0.19140272E-7, 0.23683712E-2, 9.6365633, 17.405252, 121.57996, 172.21318
-0.60040154E-3, 0.22497264E-3, 0.40601579E-4, 0.19138135E-7, 0.20667438E-2, 9.6359634, 17.404310, 121.57996, 172.21318
-0.64002129E-3, 0.22855423E-3, 0.40601590E-4, 0.19136289E-7, 0.21710827E-2, 9.6353235, 17.403305, 121.57996, 172.21318
-0.61412918E-3, 0.23943224E-3, 0.40601593E-4, 0.19134641E-7, 0.21129188E-2, 9.6347113, 17.402344, 121.57996, 172.21318
-0.55619999E-3, 0.24986308E-3, 0.40601593E-4, 0.19133219E-7, 0.19720043E-2, 9.6341534, 17.401468, 121.57996, 172.21318
-0.49457472E-3, 0.26418283E-3, 0.40601612E-4, 0.19131974E-7, 0.18246919E-2, 9.6336584, 17.400692, 121.57996, 172.21318
-0.44739313E-3, 0.27894904E-3, 0.40601648E-4, 0.19130873E-7, 0.17148100E-2, 9.6332121, 17.399990, 121.57996, 172.21318
-0.42448350E-3, 0.25648100E-3, 0.40601666E-4, 0.19129894E-7, 0.16375188E-2, 9.6327887, 17.399326, 121.57996, 172.21318
-0.42116022E-3, 0.21575515E-3, 0.40601673E-4, 0.19129061E-7, 0.15960408E-2, 9.6323681, 17.398666, 121.57996, 172.21318
-0.42156104E-3, 0.23250691E-3, 0.40601673E-4, 0.19128203E-7, 0.16098639E-2, 9.6319475, 17.398005, 121.57996, 172.21318
-0.41550974E-3, 0.23979264E-3, 0.40601673E-4, 0.19127350E-7, 0.15995548E-2, 9.6315327, 17.397356, 121.57996, 172.21318
-0.39607118E-3, 0.26580459E-3, 0.40601677E-4, 0.19126519E-7, 0.15696269E-2, 9.6311340, 17.396729, 121.57996, 172.21318
-0.14543158E-2, 0.24238392E-3, 0.40601684E-4, 0.19125331E-7, 0.42704064E-2, 9.6296806, 17.394445, 121.57996, 172.21318
-0.22469941E-2, 0.29994120E-3, 0.40601684E-4, 0.19121071E-7, 0.63528884E-2, 9.6274338, 17.390919, 121.57996, 172.21318
-0.22394659E-2, 0.35271081E-3, 0.40601721E-4, 0.19116843E-7, 0.63751433E-2, 9.6251926, 17.387400, 121.57996, 172.21318
-0.19441649E-2, 0.24641940E-3, 0.40601732E-4, 0.19112615E-7, 0.55326568E-2, 9.6232500, 17.384348, 121.57996, 172.21318
-0.23215946E-2, 0.27415424E-3, 0.40601739E-4, 0.19108459E-7, 0.65244925E-2, 9.6209297, 17.380705, 121.57996, 172.21318
-0.30582792E-2, 0.57982188E-3, 0.40601764E-4, 0.19855630E-4, 0.86388830E-2, 9.6178703, 17.375898, 121.57996, 172.21318
-0.16170422E-2, 0.97144942E-3, 0.40601884E-4, 0.19220352E-7, 0.52666143E-2, 9.6162510, 17.373358, 121.57999, 172.21327
-0.14221591E-2, 0.67679805E-3, 0.40602008E-4, 0.19195181E-7, 0.45363442E-2, 9.6148291, 17.371122, 121.57999, 172.21327
-0.13411443E-2, 0.51865791E-3, 0.40602128E-4, 0.44034773E-5, 0.41991617E-2, 9.6134892, 17.369020, 121.57999, 172.21327
-0.15535627E-2, 0.60053158E-3, 0.40602234E-4, 0.19212724E-7, 0.48161312E-2, 9.6119356, 17.366577, 121.57999, 172.21327
-0.16645064E-2, 0.77759259E-3, 0.40602339E-4, 0.19187276E-7, 0.52452767E-2, 9.6102715, 17.363964, 121.57999, 172.21327
-0.82088273E-3, 0.97345561E-3, 0.40602459E-4, 0.19164290E-7, 0.32378712E-2, 9.6094503, 17.362673, 121.58002, 172.21333
-0.58757706E-3, 0.66752877E-3, 0.40602583E-4, 0.19145093E-7, 0.23936848E-2, 9.6088629, 17.361752, 121.58002, 172.21333
-0.50438009E-3, 0.49313245E-3, 0.40602674E-4, 0.19129226E-7, 0.20390972E-2, 9.6083584, 17.360958, 121.58002, 172.21333
-0.74356684E-3, 0.66440785E-3, 0.40602754E-4, 0.19115953E-7, 0.27939302E-2, 9.6076145, 17.359791, 121.58002, 172.21336
-0.64302702E-3, 0.61837316E-3, 0.40602794E-4, 0.19105221E-7, 0.24990691E-2, 9.6069736, 17.358784, 121.58002, 172.21336
-0.57745248E-3, 0.57960389E-3, 0.40602856E-4, 0.19096843E-7, 0.22996622E-2, 9.6063967, 17.357876, 121.58002, 172.21336
-0.48758482E-3, 0.53860643E-3, 0.40602892E-4, 0.19090431E-7, 0.20356707E-2, 9.6059074, 17.357107, 121.58002, 172.21336
-0.42766938E-3, 0.52735215E-3, 0.40602939E-4, 0.19085618E-7, 0.18728210E-2, 9.6054802, 17.356436, 121.58002, 172.21336
-0.32426548E-3, 0.48193606E-3, 0.40602972E-4, 0.19082005E-7, 0.15700386E-2, 9.6051531, 17.355923, 121.58002, 172.21336
-0.20607331E-3, 0.46124560E-3, 0.40602998E-4, 0.19079382E-7, 0.12493092E-2, 9.6049461, 17.355598, 121.58002, 172.21336
-0.42979107E-4, 0.43685903E-3, 0.40603041E-4, 0.19077621E-7, 0.80998009E-3, 9.6049032, 17.355530, 121.58002, 172.21336
0.53422595E-4, 0.34899276E-3, 0.40603063E-4, 0.19076595E-7, 0.49000804E-3, 9.6049595, 17.355619, 121.58002, 172.21336
0.90371301E-4, 0.34516887E-3, 0.40603085E-4, 0.19076028E-7, 0.39151523E-3, 9.6050482, 17.355759, 121.58002, 172.21336
0.11021698E-3, 0.33746794E-3, 0.40603121E-4, 0.19075731E-7, 0.33380467E-3, 9.6051579, 17.355930, 121.58002, 172.21336
0.19736275E-3, 0.40482753E-3, 0.40603147E-4, 0.19075609E-7, 0.16423236E-3, 9.6053562, 17.356241, 121.58002, 172.21336
0.23320006E-3, 0.33942721E-3, 0.40603169E-4, 0.19075735E-7, 0.18497583E-4, 9.6055889, 17.356607, 121.58002, 172.21336
0.18912417E-3, 0.24150654E-3, 0.40603187E-4, 0.19076062E-7, 0.51742540E-4, 9.6057787, 17.356905, 121.58002, 172.21336
-0.23351720E-4, 0.19869450E-3, 0.40603187E-4, 0.19076207E-7, 0.56283828E-3, 9.6057568, 17.356871, 121.58002, 172.21336
-0.38337460E-3, 0.19104755E-3, 0.40603187E-4, 0.19075987E-7, 0.14818495E-2, 9.6053715, 17.356266, 121.58002, 172.21336
-0.11482968E-2, 0.22536055E-3, 0.40603187E-4, 0.19074394E-7, 0.34758674E-2, 9.6042252, 17.354465, 121.58002, 172.21336
-0.12607628E-2, 0.27891280E-3, 0.40603187E-4, 0.19071781E-7, 0.38078481E-2, 9.6029654, 17.352484, 121.58002, 172.21336
-0.70205587E-3, 0.38474373E-3, 0.40603209E-4, 0.19069585E-7, 0.24561156E-2, 9.6022635, 17.351383, 121.58002, 172.21336
-0.14730467E-3, 0.31631277E-3, 0.40603238E-4, 0.19068699E-7, 0.97451988E-3, 9.6021166, 17.351152, 121.58002, 172.21336
0.53168928E-5, 0.32988712E-3, 0.40603252E-4, 0.19068620E-7, 0.59253327E-3, 9.6021223, 17.351162, 121.58002, 172.21336
0.45957528E-4, 0.32082817E-3, 0.40603292E-4, 0.19068516E-7, 0.48039178E-3, 9.6021671, 17.351233, 121.58002, 172.21336
0.25422740E-3, 0.39040376E-3, 0.40603307E-4, 0.19068835E-7, 0.0000000, 9.6024208, 17.351631, 121.58002, 172.21336
0.22642860E-3, 0.30143181E-3, 0.40603329E-4, 0.19069304E-7, 0.0000000, 9.6026487, 17.351988, 121.58002, 172.21336
0.24916700E-3, 0.37557111E-3, 0.40603347E-4, 0.19069773E-7, 0.0000000, 9.6029015, 17.352385, 121.58002, 172.21336
0.23066562E-3, 0.34948578E-3, 0.40603391E-4, 0.19070235E-7, 0.26367507E-4, 9.6031322, 17.352747, 121.58002, 172.21336
-0.84530498E-3, 0.37045855E-3, 0.40603416E-4, 0.19070470E-7, 0.28090191E-2, 9.6022911, 17.351425, 121.58002, 172.21336
-0.31570431E-2, 0.58704132E-3, 0.40603489E-4, 0.19066306E-7, 0.89254901E-2, 9.5991335, 17.346464, 121.58002, 172.21336
-0.25980580E-2, 0.70429844E-3, 0.40603605E-4, 0.12395822E-4, 0.75712502E-2, 9.5965357, 17.342382, 121.58002, 172.21336
-0.11539682E-2, 0.70092571E-3, 0.40603718E-4, 0.44098570E-5, 0.38654779E-2, 9.5953827, 17.340570, 121.58002, 172.21336
-0.10767594E-2, 0.90880733E-3, 0.40603823E-4, 0.19176957E-7, 0.38410493E-2, 9.5943069, 17.338881, 121.58005, 172.21344
-0.78132498E-3, 0.98455593E-3, 0.40603973E-4, 0.19152710E-7, 0.31469504E-2, 9.5935268, 17.337654, 121.58009, 172.21353
-0.62087801E-3, 0.85632678E-3, 0.40604122E-4, 0.19130788E-7, 0.26343509E-2, 9.5929041, 17.336674, 121.58011, 172.21361
-0.47829759E-3, 0.80782233E-3, 0.40604249E-4, 0.19111788E-7, 0.22308324E-2, 9.5924253, 17.335924, 121.58012, 172.21367
-0.90630946E-3, 0.61642437E-3, 0.40604358E-4, 0.19095877E-7, 0.31766929E-2, 9.5915203, 17.334499, 121.58012, 172.21367
-0.12058348E-2, 0.72305859E-3, 0.40604471E-4, 0.19081877E-7, 0.40354128E-2, 9.5903130, 17.332602, 121.58012, 172.21367
-0.10104283E-2, 0.87987276E-3, 0.40604587E-4, 0.19070411E-7, 0.36635310E-2, 9.5893002, 17.331011, 121.58012, 172.21368
-0.11950746E-2, 0.10379937E-2, 0.40604697E-4, 0.72647606E-6, 0.42709727E-2, 9.5881033, 17.329130, 121.58013, 172.21371
-0.83038805E-3, 0.13522487E-2, 0.40604835E-4, 0.19534937E-4, 0.35796682E-2, 9.5872736, 17.327826, 121.58016, 172.21379
-0.36090362E-3, 0.11972056E-2, 0.40604955E-4, 0.22810539E-5, 0.22663232E-2, 9.5869150, 17.327261, 121.58016, 172.21382
-0.39762960E-3, 0.11529115E-2, 0.40605060E-4, 0.19160725E-7, 0.23302468E-2, 9.5865173, 17.326637, 121.58016, 172.21382
-0.61765453E-3, 0.11437407E-2, 0.40605177E-4, 0.19137671E-7, 0.28919941E-2, 9.5859013, 17.325668, 121.58016, 172.21382
-0.75398863E-3, 0.10877089E-2, 0.40605290E-4, 0.19115856E-7, 0.31985855E-2, 9.5851450, 17.324480, 121.58016, 172.21382
-0.75004209E-3, 0.97037584E-3, 0.40605391E-4, 0.19096698E-7, 0.30915667E-2, 9.5843964, 17.323301, 121.58016, 172.21382
-0.64592774E-3, 0.14171525E-2, 0.40605522E-4, 0.19080298E-7, 0.32052416E-2, 9.5837498, 17.322285, 121.58021, 172.21393
-0.52755949E-3, 0.12191380E-2, 0.40605664E-4, 0.19067054E-7, 0.27366274E-2, 9.5832243, 17.321461, 121.58024, 172.21400
-0.36172682E-3, 0.11317329E-2, 0.40605802E-4, 0.19056785E-7, 0.22382629E-2, 9.5828619, 17.320889, 121.58026, 172.21408
-0.18005208E-3, 0.99734194E-3, 0.40605908E-4, 0.19049132E-7, 0.16579957E-2, 9.5826807, 17.320606, 121.58027, 172.21410
-0.24318149E-3, 0.68451121E-3, 0.40605963E-4, 0.19043558E-7, 0.15534358E-2, 9.5824356, 17.320221, 121.58027, 172.21410
-0.37138394E-3, 0.60794037E-3, 0.40606010E-4, 0.19039158E-7, 0.18177178E-2, 9.5820646, 17.319635, 121.58027, 172.21410
-0.43426547E-3, 0.53596817E-3, 0.40606035E-4, 0.19035616E-7, 0.19177635E-2, 9.5816298, 17.318954, 121.58027, 172.21410
-0.45677632E-3, 0.61656721E-3, 0.40606043E-4, 0.19032690E-7, 0.20445627E-2, 9.5811720, 17.318233, 121.58027, 172.21410
-0.42866982E-3, 0.60403976E-3, 0.40606090E-4, 0.19030351E-7, 0.19615463E-2, 9.5807467, 17.317562, 121.58027, 172.21410
-0.31878520E-3, 0.68402523E-3, 0.40606123E-4, 0.19028521E-7, 0.17474121E-2, 9.5804310, 17.317068, 121.58027, 172.21410
-0.67903422E-3, 0.56781643E-3, 0.40606152E-4, 0.19027077E-7, 0.25745705E-2, 9.5797548, 17.316004, 121.58027, 172.21410
-0.79502014E-3, 0.81966037E-3, 0.40606199E-4, 0.19024736E-7, 0.30887276E-2, 9.5789623, 17.314758, 121.58027, 172.21411
-0.40711349E-3, 0.88261394E-3, 0.40606265E-4, 0.19023110E-7, 0.21455253E-2, 9.5785551, 17.314119, 121.58027, 172.21411
-0.62042399E-3, 0.77749236E-3, 0.40606308E-4, 0.19022037E-7, 0.26046427E-2, 9.5779343, 17.313143, 121.58027, 172.21411
-0.58948173E-3, 0.76511002E-3, 0.40606381E-4, 0.19020458E-7, 0.25148764E-2, 9.5773449, 17.312216, 121.58027, 172.21411
-0.57628308E-3, 0.90375735E-3, 0.40606446E-4, 0.19019268E-7, 0.26004703E-2, 9.5767670, 17.311306, 121.58028, 172.21416
-0.10510248E-2, 0.91365055E-3, 0.40606523E-4, 0.19017707E-7, 0.38309975E-2, 9.5757179, 17.309658, 121.58028, 172.21416
-0.20161616E-2, 0.13046564E-2, 0.40606625E-4, 0.10988072E-5, 0.66506942E-2, 9.5737028, 17.306490, 121.58028, 172.21416
-0.70200488E-3, 0.21598472E-2, 0.40606759E-4, 0.21943443E-6, 0.40146229E-2, 9.5729990, 17.305382, 121.58033, 172.21431
-0.33639549E-3, 0.18511838E-2, 0.40606919E-4, 0.19019685E-7, 0.28144903E-2, 9.5726633, 17.304853, 121.58036, 172.21442
-0.35014821E-3, 0.18252579E-2, 0.40607043E-4, 0.46024225E-5, 0.28280404E-2, 9.5723124, 17.304302, 121.58038, 172.21448
-0.11930275E-3, 0.19149331E-2, 0.40607159E-4, 0.15699710E-4, 0.23065826E-2, 9.5721931, 17.304115, 121.58040, 172.21454
-0.40647422E-3, 0.18389662E-2, 0.40607290E-4, 0.59137783E-5, 0.29934326E-2, 9.5717878, 17.303478, 121.58041, 172.21460
-0.52092626E-3, 0.18382308E-2, 0.40607392E-4, 0.11336127E-4, 0.32859938E-2, 9.5712652, 17.302656, 121.58041, 172.21466
-0.20802181E-3, 0.20157890E-2, 0.40607505E-4, 0.80151316E-4, 0.25728301E-2, 9.5710583, 17.302330, 121.58044, 172.21475
-0.16088416E-3, 0.18210555E-2, 0.40607636E-4, 0.14323405E-4, 0.23496833E-2, 9.5708971, 17.302076, 121.58044, 172.21475
-0.17337032E-3, 0.20712442E-2, 0.40607738E-4, 0.13097837E-4, 0.26080490E-2, 9.5707226, 17.301802, 121.58047, 172.21486
-0.79621113E-5, 0.24350469E-2, 0.40607862E-4, 0.10721652E-5, 0.25222255E-2, 9.5707130, 17.301788, 121.58051, 172.21498
-0.22517491E-3, 0.21044309E-2, 0.40607989E-4, 0.10276722E-4, 0.27831502E-2, 9.5704880, 17.301434, 121.58051, 172.21500
-0.11817719E-3, 0.21974393E-2, 0.40608098E-4, 0.92268392E-5, 0.25957348E-2, 9.5703688, 17.301247, 121.58054, 172.21507
-0.26439253E-3, 0.22221841E-2, 0.40608211E-4, 0.88330198E-5, 0.29983772E-2, 9.5701036, 17.300827, 121.58057, 172.21515
-0.25828209E-3, 0.23574186E-2, 0.40608335E-4, 0.29416487E-5, 0.31136270E-2, 9.5698471, 17.300426, 121.58058, 172.21526
-0.20565298E-4, 0.24614148E-2, 0.40608440E-4, 0.11027412E-4, 0.25915278E-2, 9.5698271, 17.300394, 121.58063, 172.21538
-0.15624073E-4, 0.24708353E-2, 0.40608546E-4, 0.19113838E-7, 0.26026289E-2, 9.5698118, 17.300369, 121.58065, 172.21548
-0.23259321E-4, 0.25790217E-2, 0.40608662E-4, 0.10658446E-4, 0.27132635E-2, 9.5697870, 17.300331, 121.58067, 172.21561
-0.12998319E-3, 0.24467581E-2, 0.40608778E-4, 0.19113681E-7, 0.28832760E-2, 9.5696583, 17.300129, 121.58067, 172.21571
0.13093595E-3, 0.28749278E-2, 0.40608884E-4, 0.19092317E-7, 0.26028387E-2, 9.5697889, 17.300335, 121.58073, 172.21584
0.21617509E-3, 0.27420956E-2, 0.40609022E-4, 0.19073696E-7, 0.22680319E-2, 9.5700045, 17.300673, 121.58078, 172.21596
0.27120934E-3, 0.24965354E-2, 0.40609139E-4, 0.19058081E-7, 0.19076059E-2, 9.5702753, 17.301098, 121.58083, 172.21606
0.97659577E-4, 0.21713127E-2, 0.40609215E-4, 0.19045460E-7, 0.20615482E-2, 9.5703773, 17.301260, 121.58086, 172.21614
-0.14088792E-3, 0.19759559E-2, 0.40609251E-4, 0.19035097E-7, 0.24994705E-2, 9.5702362, 17.301037, 121.58089, 172.21620
0.72837254E-4, 0.20903568E-2, 0.40609310E-4, 0.19027036E-7, 0.20550904E-2, 9.5703096, 17.301153, 121.58091, 172.21631
0.20775634E-3, 0.17593114E-2, 0.40609339E-4, 0.19021357E-7, 0.14080874E-2, 9.5705175, 17.301479, 121.58093, 172.21637
0.35808288E-3, 0.16947180E-2, 0.40609368E-4, 0.19017479E-7, 0.96331123E-3, 9.5708742, 17.302040, 121.58095, 172.21643
-0.48272681E-3, 0.13234734E-2, 0.40609393E-4, 0.19014550E-7, 0.27887761E-2, 9.5703917, 17.301283, 121.58095, 172.21643
-0.61311247E-3, 0.15917856E-2, 0.40609411E-4, 0.19010894E-7, 0.33689043E-2, 9.5697765, 17.300314, 121.58095, 172.21643
-0.86418178E-3, 0.20487818E-2, 0.40609437E-4, 0.42658583E-4, 0.43892665E-2, 9.5689125, 17.298958, 121.58095, 172.21643
0.22608365E-3, 0.23748809E-2, 0.40609542E-4, 0.74344767E-4, 0.18516687E-2, 9.5691366, 17.299309, 121.58095, 172.21643
0.11674928E-3, 0.26916773E-2, 0.40609655E-4, 0.42030635E-4, 0.24566494E-2, 9.5692539, 17.299494, 121.58095, 172.21649
0.14366649E-3, 0.30978848E-2, 0.40609757E-4, 0.19120279E-7, 0.28037124E-2, 9.5693960, 17.299715, 121.58099, 172.21663
-0.51986071E-5, 0.28916730E-2, 0.40609859E-4, 0.41209437E-5, 0.29974235E-2, 9.5693903, 17.299707, 121.58099, 172.21675
0.21387375E-3, 0.27910862E-2, 0.40609972E-4, 0.10031852E-4, 0.23386232E-2, 9.5696049, 17.300045, 121.58101, 172.21680
0.37993980E-3, 0.34227693E-2, 0.40610081E-4, 0.69454501E-6, 0.25030412E-2, 9.5699844, 17.300642, 121.58106, 172.21695
0.31818531E-3, 0.30939942E-2, 0.40610128E-4, 0.19114346E-7, 0.23645414E-2, 9.5703020, 17.301142, 121.58111, 172.21707
0.36628728E-3, 0.28486033E-2, 0.40610183E-4, 0.19093736E-7, 0.20180133E-2, 9.5706663, 17.301714, 121.58115, 172.21718
0.42775902E-3, 0.26786481E-2, 0.40610212E-4, 0.19075513E-7, 0.17056181E-2, 9.5710945, 17.302387, 121.58119, 172.21729
0.40654663E-3, 0.23423352E-2, 0.40610241E-4, 0.19060302E-7, 0.14521936E-2, 9.5715017, 17.303028, 121.58121, 172.21738
0.43402205E-3, 0.21431288E-2, 0.40610281E-4, 0.19048032E-7, 0.11990442E-2, 9.5719366, 17.303713, 121.58125, 172.21747
0.46255821E-3, 0.19691584E-2, 0.40610306E-4, 0.19038621E-7, 0.96605514E-3, 9.5723972, 17.304436, 121.58126, 172.21754
0.27539922E-3, 0.17530322E-2, 0.40610321E-4, 0.19031601E-7, 0.12488147E-2, 9.5726738, 17.304871, 121.58128, 172.21758
0.25961665E-3, 0.17286555E-2, 0.40610325E-4, 0.19026100E-7, 0.12672229E-2, 9.5729322, 17.305277, 121.58128, 172.21761
0.45558729E-3, 0.16403147E-2, 0.40610335E-4, 0.19022389E-7, 0.68184460E-3, 9.5733862, 17.305990, 121.58128, 172.21765
0.55702653E-3, 0.15462118E-2, 0.40610346E-4, 0.19020177E-7, 0.33424472E-3, 9.5739422, 17.306866, 121.58128, 172.21765
0.62930566E-3, 0.14962213E-2, 0.40610346E-4, 0.19019035E-7, 0.10220956E-3, 9.5745726, 17.307856, 121.58128, 172.21765
-0.40397161E-4, 0.17023939E-2, 0.40610346E-4, 0.19018314E-7, 0.20150025E-2, 9.5745296, 17.307789, 121.58128, 172.21767
-0.71226517E-4, 0.22255934E-2, 0.40610368E-4, 0.19016484E-7, 0.25771793E-2, 9.5744581, 17.307678, 121.58131, 172.21776
0.49807236E-3, 0.20247486E-2, 0.40610394E-4, 0.19016056E-7, 0.92814991E-3, 9.5749578, 17.308462, 121.58134, 172.21785
0.68522221E-3, 0.17290200E-2, 0.40610408E-4, 0.19016655E-7, 0.17426212E-3, 9.5756445, 17.309542, 121.58134, 172.21791
0.68596267E-3, 0.15421249E-2, 0.40610412E-4, 0.19017612E-7, 0.0000000, 9.5763292, 17.310617, 121.58134, 172.21794
0.74098771E-3, 0.16955946E-2, 0.40610415E-4, 0.19018714E-7, 0.0000000, 9.5770702, 17.311785, 121.58135, 172.21800
0.76274929E-3, 0.17562386E-2, 0.40610430E-4, 0.19019996E-7, 0.0000000, 9.5778322, 17.312981, 121.58138, 172.21808
0.79158798E-3, 0.18365924E-2, 0.40610459E-4, 0.19021378E-7, 0.0000000, 9.5786257, 17.314230, 121.58141, 172.21815
0.72902918E-3, 0.16621333E-2, 0.40610481E-4, 0.19022764E-7, 0.0000000, 9.5793581, 17.315382, 121.58141, 172.21823
0.71597041E-3, 0.16258364E-2, 0.40610488E-4, 0.19024068E-7, 0.0000000, 9.5800734, 17.316507, 121.58142, 172.21829
0.57235581E-3, 0.12255311E-2, 0.40610495E-4, 0.19025299E-7, 0.0000000, 9.5806456, 17.317406, 121.58142, 172.21832
0.64981938E-3, 0.14419438E-2, 0.40610499E-4, 0.19026473E-7, 0.0000000, 9.5812969, 17.318430, 121.58143, 172.21837
0.65189053E-3, 0.14479898E-2, 0.40610517E-4, 0.19027759E-7, 0.0000000, 9.5819473, 17.319452, 121.58144, 172.21840
0.74363186E-3, 0.17041574E-2, 0.40610543E-4, 0.19029125E-7, 0.0000000, 9.5826921, 17.320621, 121.58147, 172.21846
-0.18515287E-2, 0.16648688E-2, 0.40610550E-4, 0.19028448E-7, 0.66389046E-2, 9.5808411, 17.317713, 121.58147, 172.21846
-0.25502944E-2, 0.22032768E-2, 0.40610550E-4, 0.16992757E-4, 0.89163100E-2, 9.5782900, 17.313702, 121.58147, 172.21848
-0.75200968E-3, 0.33802653E-2, 0.40610557E-4, 0.33371975E-5, 0.53919354E-2, 9.5775366, 17.312517, 121.58149, 172.21860
0.10776844E-3, 0.37775347E-2, 0.40610576E-4, 0.36730978E-5, 0.35502138E-2, 9.5776443, 17.312687, 121.58154, 172.21875
0.90768450E-3, 0.50700787E-2, 0.40610623E-4, 0.19133884E-7, 0.26964585E-2, 9.5785522, 17.314116, 121.58162, 172.21896
0.54668845E-3, 0.38941186E-2, 0.40610648E-4, 0.19113919E-7, 0.25422736E-2, 9.5790968, 17.314972, 121.58166, 172.21913
0.22233822E-3, 0.33415277E-2, 0.40610659E-4, 0.41911489E-5, 0.28633932E-2, 9.5793200, 17.315321, 121.58169, 172.21919
-0.73951356E-4, 0.30402900E-2, 0.40610663E-4, 0.67901528E-4, 0.32844667E-2, 9.5792465, 17.315207, 121.58169, 172.21921
0.15392093E-3, 0.35851153E-2, 0.40610663E-4, 0.69099306E-5, 0.32669250E-2, 9.5794029, 17.315451, 121.58173, 172.21936
0.91381800E-4, 0.33535643E-2, 0.40610663E-4, 0.48123684E-5, 0.32171770E-2, 9.5794935, 17.315594, 121.58175, 172.21945
0.29496159E-3, 0.36841405E-2, 0.40610663E-4, 0.79058209E-5, 0.29998685E-2, 9.5797882, 17.316057, 121.58179, 172.21954
0.92123664E-3, 0.49131778E-2, 0.40610663E-4, 0.19146716E-7, 0.25434396E-2, 9.5807104, 17.317507, 121.58187, 172.21974
0.12573956E-2, 0.53103729E-2, 0.40610670E-4, 0.19126544E-7, 0.20540277E-2, 9.5819693, 17.319485, 121.58195, 172.21992
0.59289625E-3, 0.32727350E-2, 0.40610674E-4, 0.19108189E-7, 0.18679257E-2, 9.5825624, 17.320419, 121.58196, 172.22000
0.33437370E-3, 0.41931518E-2, 0.40610674E-4, 0.11377141E-4, 0.33818744E-2, 9.5828962, 17.320944, 121.58202, 172.22014
0.66003285E-3, 0.45329807E-2, 0.40610674E-4, 0.64583319E-5, 0.28694959E-2, 9.5835543, 17.321978, 121.58208, 172.22028
0.91212569E-3, 0.48669265E-2, 0.40610674E-4, 0.19142995E-7, 0.25430508E-2, 9.5844669, 17.323414, 121.58212, 172.22044
0.44109905E-3, 0.41291760E-2, 0.40610674E-4, 0.53316771E-5, 0.30628524E-2, 9.5849085, 17.324108, 121.58216, 172.22060
0.46798901E-3, 0.41973242E-2, 0.40610674E-4, 0.28017199E-4, 0.30371032E-2, 9.5853739, 17.324839, 121.58220, 172.22070
0.11168391E-2, 0.54020132E-2, 0.40610674E-4, 0.19158954E-7, 0.25270192E-2, 9.5864906, 17.326595, 121.58226, 172.22089
0.15012630E-2, 0.57989056E-2, 0.40610670E-4, 0.19139266E-7, 0.19148095E-2, 9.5879936, 17.328955, 121.58232, 172.22105
0.10613524E-2, 0.50914134E-2, 0.40610670E-4, 0.13263985E-5, 0.23858915E-2, 9.5890522, 17.330622, 121.58239, 172.22122
0.54837466E-3, 0.40986100E-2, 0.40610670E-4, 0.88745992E-5, 0.27688809E-2, 9.5895996, 17.331482, 121.58241, 172.22131
0.95556217E-3, 0.50646886E-2, 0.40610670E-4, 0.68118457E-5, 0.26328904E-2, 9.5905571, 17.332985, 121.58247, 172.22147
0.13469404E-2, 0.57553742E-2, 0.40610659E-4, 0.19169528E-7, 0.22854395E-2, 9.5919027, 17.335100, 121.58255, 172.22163
0.15099010E-2, 0.57110135E-2, 0.40610616E-4, 0.19150075E-7, 0.18286899E-2, 9.5934143, 17.337477, 121.58261, 172.22182
0.77609258E-3, 0.38771236E-2, 0.40610594E-4, 0.19132063E-7, 0.19934815E-2, 9.5941916, 17.338697, 121.58263, 172.22192
0.67767064E-3, 0.37056033E-2, 0.40610590E-4, 0.19115713E-7, 0.20863072E-2, 9.5948687, 17.339762, 121.58265, 172.22200
0.83181204E-3, 0.38794882E-2, 0.40610572E-4, 0.19102323E-7, 0.18546116E-2, 9.5956984, 17.341066, 121.58270, 172.22209
0.83606958E-3, 0.37352098E-2, 0.40610536E-4, 0.19092102E-7, 0.17088990E-2, 9.5965338, 17.342379, 121.58274, 172.22218
0.68899221E-3, 0.32125309E-2, 0.40610510E-4, 0.19084336E-7, 0.15956508E-2, 9.5972214, 17.343460, 121.58278, 172.22227
0.72478119E-3, 0.29872444E-2, 0.40610495E-4, 0.19078650E-7, 0.12918726E-2, 9.5979462, 17.344599, 121.58282, 172.22237
0.76877855E-3, 0.28185230E-2, 0.40610452E-4, 0.19074822E-7, 0.10201168E-2, 9.5987129, 17.345804, 121.58286, 172.22246
0.86563441E-3, 0.28408864E-2, 0.40610430E-4, 0.19072548E-7, 0.79238811E-3, 9.5995827, 17.347172, 121.58290, 172.22255
0.96200738E-3, 0.28556301E-2, 0.40610408E-4, 0.19071534E-7, 0.55873563E-3, 9.6005449, 17.348680, 121.58294, 172.22263
0.24379573E-3, 0.17891375E-2, 0.40610401E-4, 0.19070981E-7, 0.14007165E-2, 9.6007881, 17.349066, 121.58294, 172.22263
0.25482336E-3, 0.26076867E-2, 0.40610390E-4, 0.19069848E-7, 0.21435150E-2, 9.6010427, 17.349464, 121.58295, 172.22267
0.34664926E-3, 0.25868483E-2, 0.40610383E-4, 0.19069473E-7, 0.18879096E-2, 9.6013880, 17.350008, 121.58296, 172.22269
0.33551190E-3, 0.31628718E-2, 0.40610361E-4, 0.19069237E-7, 0.24595275E-2, 9.6017246, 17.350536, 121.58300, 172.22278
0.55910478E-3, 0.27361179E-2, 0.40610335E-4, 0.19069608E-7, 0.14827861E-2, 9.6022844, 17.351416, 121.58303, 172.22285
0.81526564E-3, 0.27596077E-2, 0.40610321E-4, 0.19070537E-7, 0.84645033E-3, 9.6030989, 17.352695, 121.58306, 172.22295
0.88165380E-3, 0.25015359E-2, 0.40610277E-4, 0.19071944E-7, 0.43265615E-3, 9.6039791, 17.354078, 121.58309, 172.22304
0.94594504E-3, 0.23519250E-2, 0.40610259E-4, 0.19073585E-7, 0.12637270E-3, 9.6049252, 17.355564, 121.58311, 172.22310
0.95301768E-3, 0.22371921E-2, 0.40610241E-4, 0.19075344E-7, 0.0000000, 9.6058779, 17.357061, 121.58315, 172.22316
0.92474883E-3, 0.21601846E-2, 0.40610230E-4, 0.19077085E-7, 0.0000000, 9.6068020, 17.358513, 121.58317, 172.22321
0.89479709E-3, 0.20786165E-2, 0.40610212E-4, 0.19078815E-7, 0.0000000, 9.6076965, 17.359919, 121.58318, 172.22324
0.97230956E-3, 0.22902933E-2, 0.40610183E-4, 0.19080588E-7, 0.0000000, 9.6086674, 17.361444, 121.58321, 172.22330
0.28389666E-3, 0.23376243E-2, 0.40610164E-4, 0.19081853E-7, 0.18144315E-2, 9.6089487, 17.361887, 121.58321, 172.22334
0.24378119E-3, 0.20664956E-2, 0.40610146E-4, 0.19082439E-7, 0.16620884E-2, 9.6091919, 17.362267, 121.58322, 172.22336
0.28496131E-3, 0.21837270E-2, 0.40610143E-4, 0.19082780E-7, 0.16666098E-2, 9.6094770, 17.362717, 121.58322, 172.22339
0.47824197E-3, 0.16973233E-2, 0.40610139E-4, 0.19083560E-7, 0.71135367E-3, 9.6099567, 17.363470, 121.58322, 172.22339
0.63946052E-3, 0.15828547E-2, 0.40610139E-4, 0.19084714E-7, 0.18883923E-3, 9.6105967, 17.364475, 121.58322, 172.22339
0.69473218E-3, 0.16454166E-2, 0.40610135E-4, 0.19086007E-7, 0.10544300E-3, 9.6112900, 17.365562, 121.58322, 172.22339
0.68387744E-3, 0.15041062E-2, 0.40610135E-4, 0.19087382E-7, 0.0000000, 9.6119747, 17.366638, 121.58322, 172.22339
0.73072192E-3, 0.16323645E-2, 0.40610128E-4, 0.19088777E-7, 0.0000000, 9.6127052, 17.367788, 121.58322, 172.22340
0.65719441E-3, 0.14318752E-2, 0.40610121E-4, 0.19090169E-7, 0.0000000, 9.6133633, 17.368820, 121.58322, 172.22340
0.71596308E-3, 0.15927786E-2, 0.40610121E-4, 0.19091523E-7, 0.0000000, 9.6140785, 17.369946, 121.58322, 172.22340
-0.34371691E-3, 0.14993021E-2, 0.40610121E-4, 0.19092276E-7, 0.26359351E-2, 9.6137352, 17.369404, 121.58322, 172.22340
-0.17030849E-2, 0.21361229E-2, 0.40610121E-4, 0.19090029E-7, 0.67295623E-2, 9.6120338, 17.366734, 121.58322, 172.22340
-0.75647479E-3, 0.34289351E-2, 0.40610121E-4, 0.32867327E-7, 0.55124438E-2, 9.6112766, 17.365543, 121.58324, 172.22345
0.74264751E-3, 0.47979224E-2, 0.40610084E-4, 0.40811810E-5, 0.29439221E-2, 9.6120205, 17.366711, 121.58330, 172.22357
0.11011234E-2, 0.48462721E-2, 0.40610055E-4, 0.19212225E-7, 0.20741245E-2, 9.6131220, 17.368441, 121.58335, 172.22369
0.13062594E-2, 0.49744742E-2, 0.40610001E-4, 0.19192315E-7, 0.16697340E-2, 9.6144276, 17.370493, 121.58340, 172.22380
0.96681021E-3, 0.41035875E-2, 0.40609968E-4, 0.19174170E-7, 0.17236306E-2, 9.6153927, 17.372007, 121.58344, 172.22391
0.94562653E-3, 0.39553517E-2, 0.40609924E-4, 0.19158197E-7, 0.16395217E-2, 9.6163387, 17.373493, 121.58348, 172.22400
0.43765915E-3, 0.34664492E-2, 0.40609899E-4, 0.19144846E-7, 0.24852660E-2, 9.6167736, 17.374176, 121.58351, 172.22408
0.51772851E-3, 0.34958536E-2, 0.40609873E-4, 0.19133774E-7, 0.23077992E-2, 9.6172934, 17.374992, 121.58355, 172.22417
0.49812172E-3, 0.31032823E-2, 0.40609830E-4, 0.19125491E-7, 0.19884666E-2, 9.6177912, 17.375776, 121.58358, 172.22426
0.36299494E-3, 0.23993223E-2, 0.40609808E-4, 0.19119289E-7, 0.16719963E-2, 9.6181536, 17.376345, 121.58360, 172.22432
0.35369379E-3, 0.20767809E-2, 0.40609786E-4, 0.19114667E-7, 0.13916162E-2, 9.6185093, 17.376904, 121.58363, 172.22438
0.38757513E-3, 0.19804239E-2, 0.40609750E-4, 0.19111516E-7, 0.12135163E-2, 9.6188965, 17.377512, 121.58364, 172.22444
0.41909656E-3, 0.19765287E-2, 0.40609724E-4, 0.19109448E-7, 0.11286822E-2, 9.6193142, 17.378166, 121.58366, 172.22450
0.47410122E-3, 0.19903562E-2, 0.40609706E-4, 0.19108267E-7, 0.10002106E-2, 9.6197872, 17.378910, 121.58368, 172.22456
0.50276512E-3, 0.18181535E-2, 0.40609666E-4, 0.19107762E-7, 0.76400640E-3, 9.6202898, 17.379700, 121.58369, 172.22462
0.51780499E-3, 0.16311054E-2, 0.40609655E-4, 0.19107709E-7, 0.54880558E-3, 9.6208067, 17.380512, 121.58369, 172.22467
0.51888841E-3, 0.13844081E-2, 0.40609641E-4, 0.19107997E-7, 0.31323193E-3, 9.6213245, 17.381325, 121.58369, 172.22467
0.29290986E-3, 0.87418040E-3, 0.40609633E-4, 0.19108402E-7, 0.41293018E-3, 9.6216173, 17.381783, 121.58369, 172.22467
0.20813952E-3, 0.94629993E-3, 0.40609633E-4, 0.19108430E-7, 0.69856842E-3, 9.6218271, 17.382114, 121.58369, 172.22467
0.52596896E-3, 0.13679639E-2, 0.40609633E-4, 0.19108848E-7, 0.27859677E-3, 9.6223526, 17.382940, 121.58369, 172.22467
0.65700919E-3, 0.14741793E-2, 0.40609622E-4, 0.19109903E-7, 0.41550036E-4, 9.6230097, 17.383970, 121.58369, 172.22467
0.68159628E-3, 0.15045027E-2, 0.40609611E-4, 0.19111097E-7, 0.66386128E-5, 9.6236916, 17.385042, 121.58369, 172.22470
0.71868370E-3, 0.15989756E-2, 0.40609575E-4, 0.19112374E-7, 0.0000000, 9.6244097, 17.386169, 121.58369, 172.22473
0.63405622E-3, 0.13681818E-2, 0.40609568E-4, 0.19113644E-7, 0.0000000, 9.6250439, 17.387165, 121.58369, 172.22473
0.59763878E-3, 0.12690285E-2, 0.40609561E-4, 0.19114820E-7, 0.0000000, 9.6256418, 17.388103, 121.58369, 172.22473
0.59769128E-3, 0.12694997E-2, 0.40609553E-4, 0.19115953E-7, 0.0000000, 9.6262388, 17.389044, 121.58369, 172.22473
0.58385858E-3, 0.12320293E-2, 0.40609546E-4, 0.19117095E-7, 0.0000000, 9.6268225, 17.389959, 121.58369, 172.22473
0.58195717E-3, 0.12271603E-2, 0.40609542E-4, 0.19118223E-7, 0.0000000, 9.6274061, 17.390877, 121.58369, 172.22473
0.55197172E-3, 0.11455151E-2, 0.40609542E-4, 0.19119307E-7, 0.0000000, 9.6279573, 17.391739, 121.58369, 172.22473
0.51184761E-3, 0.10361128E-2, 0.40609542E-4, 0.19120325E-7, 0.0000000, 9.6284704, 17.392546, 121.58369, 172.22473
0.44491456E-3, 0.85331406E-3, 0.40609542E-4, 0.19121288E-7, 0.0000000, 9.6289177, 17.393248, 121.58369, 172.22473
0.45243505E-3, 0.87419956E-3, 0.40609542E-4, 0.19122183E-7, 0.0000000, 9.6293707, 17.393959, 121.58369, 172.22473
-0.93209540E-3, 0.85148902E-3, 0.40609542E-4, 0.19122236E-7, 0.35368016E-2, 9.6284389, 17.392496, 121.58369, 172.22473
-0.13650602E-2, 0.95965131E-3, 0.40609542E-4, 0.19119572E-7, 0.47509572E-2, 9.6270752, 17.390356, 121.58369, 172.22473
-0.15368303E-2, 0.12847491E-2, 0.40609542E-4, 0.19116808E-7, 0.54973518E-2, 9.6255388, 17.387941, 121.58369, 172.22473
-0.95144927E-3, 0.15516379E-2, 0.40609542E-4, 0.19114179E-7, 0.42430391E-2, 9.6245852, 17.386444, 121.58369, 172.22473
-0.58873906E-3, 0.20604441E-2, 0.40609542E-4, 0.70487590E-5, 0.37809329E-2, 9.6239986, 17.385525, 121.58369, 172.22473
0.26335438E-5, 0.23296219E-2, 0.40609542E-4, 0.43677260E-5, 0.25161507E-2, 9.6240025, 17.385530, 121.58369, 172.22473
0.17388930E-3, 0.23235937E-2, 0.40609542E-4, 0.52197806E-5, 0.20695855E-2, 9.6241760, 17.385803, 121.58369, 172.22473
0.36424104E-3, 0.30335337E-2, 0.40609542E-4, 0.37005423E-5, 0.22482099E-2, 9.6245394, 17.386372, 121.58372, 172.22478
0.30395863E-3, 0.28506273E-2, 0.40609535E-4, 0.19218817E-7, 0.22357637E-2, 9.6248417, 17.386850, 121.58372, 172.22482
0.38536859E-3, 0.30078117E-2, 0.40609524E-4, 0.19198588E-7, 0.21745507E-2, 9.6252279, 17.387453, 121.58374, 172.22488
0.41099425E-3, 0.29391283E-2, 0.40609488E-4, 0.19180963E-7, 0.20447632E-2, 9.6256409, 17.388103, 121.58376, 172.22498
0.35052950E-3, 0.27383878E-2, 0.40609473E-4, 0.19166233E-7, 0.20121397E-2, 9.6259947, 17.388660, 121.58378, 172.22504
0.18672728E-3, 0.23075743E-2, 0.40609451E-4, 0.19154294E-7, 0.20288785E-2, 9.6261835, 17.388954, 121.58378, 172.22505
0.26305922E-3, 0.24108356E-2, 0.40609448E-4, 0.19144915E-7, 0.19297842E-2, 9.6264448, 17.389366, 121.58379, 172.22508
0.12654443E-3, 0.20464233E-2, 0.40609444E-4, 0.19137831E-7, 0.19385036E-2, 9.6265697, 17.389561, 121.58379, 172.22508
0.41089064E-4, 0.19217564E-2, 0.40609444E-4, 0.19132406E-7, 0.20410297E-2, 9.6266127, 17.389629, 121.58379, 172.22508
0.13863544E-3, 0.21399839E-2, 0.40609444E-4, 0.19128406E-7, 0.19952136E-2, 9.6267490, 17.389845, 121.58379, 172.22513
0.12780000E-3, 0.19083921E-2, 0.40609433E-4, 0.19125631E-7, 0.18055591E-2, 9.6268778, 17.390045, 121.58379, 172.22513
0.15114242E-3, 0.18641356E-2, 0.40609422E-4, 0.19123696E-7, 0.17039246E-2, 9.6270294, 17.390284, 121.58379, 172.22516
0.53128697E-4, 0.15111041E-2, 0.40609415E-4, 0.19122329E-7, 0.16242269E-2, 9.6270828, 17.390368, 121.58379, 172.22516
-0.37134098E-3, 0.23008278E-2, 0.40609415E-4, 0.24781730E-5, 0.34540913E-2, 9.6267118, 17.389786, 121.58379, 172.22516
0.42063865E-3, 0.26807678E-2, 0.40609415E-4, 0.10684340E-4, 0.17673374E-2, 9.6271315, 17.390444, 121.58379, 172.22516
0.48951944E-3, 0.24153448E-2, 0.40609415E-4, 0.13076622E-4, 0.13388904E-2, 9.6276188, 17.391209, 121.58379, 172.22516
0.37196447E-3, 0.24724598E-2, 0.40609415E-4, 0.59385834E-5, 0.17019516E-2, 9.6279898, 17.391790, 121.58379, 172.22516
0.34156474E-3, 0.24562874E-2, 0.40609415E-4, 0.11753411E-5, 0.17698104E-2, 9.6283302, 17.392326, 121.58379, 172.22516
0.36008883E-3, 0.28046409E-2, 0.40609411E-4, 0.49310910E-6, 0.20503085E-2, 9.6286907, 17.392891, 121.58379, 172.22516
0.53729647E-3, 0.34321360E-2, 0.40609386E-4, 0.19228240E-7, 0.21853840E-2, 9.6292286, 17.393736, 121.58380, 172.22523
0.58070995E-3, 0.32984172E-2, 0.40609368E-4, 0.19208370E-7, 0.19489923E-2, 9.6298075, 17.394646, 121.58380, 172.22530
0.33489297E-3, 0.21640817E-2, 0.40609350E-4, 0.19190807E-7, 0.15150874E-2, 9.6301413, 17.395170, 121.58380, 172.22530
0.36474885E-3, 0.14697006E-2, 0.40609350E-4, 0.19175836E-7, 0.78561186E-3, 9.6305075, 17.395744, 121.58380, 172.22530
0.28076215E-3, 0.13122286E-2, 0.40609350E-4, 0.19163819E-7, 0.85318461E-3, 9.6307878, 17.396183, 121.58380, 172.22530
-0.37882965E-4, 0.15559737E-2, 0.40609350E-4, 0.19154170E-7, 0.19007942E-2, 9.6307497, 17.396126, 121.58380, 172.22530
-0.99581324E-4, 0.15878282E-2, 0.40609350E-4, 0.19146443E-7, 0.20890618E-2, 9.6306505, 17.395967, 121.58380, 172.22530
0.10813465E-3, 0.12447715E-2, 0.40609350E-4, 0.19140774E-7, 0.12328244E-2, 9.6307583, 17.396137, 121.58380, 172.22530
0.13477317E-3, 0.10670619E-2, 0.40609350E-4, 0.19136797E-7, 0.99722459E-3, 9.6308947, 17.396351, 121.58380, 172.22530
-0.62569430E-4, 0.11852768E-2, 0.40609350E-4, 0.19133783E-7, 0.16150592E-2, 9.6308336, 17.396255, 121.58380, 172.22530
-0.13856424E-3, 0.12283691E-2, 0.40609350E-4, 0.19131317E-7, 0.18505421E-2, 9.6306944, 17.396038, 121.58380, 172.22530
-0.13989233E-3, 0.11456707E-2, 0.40609350E-4, 0.19129422E-7, 0.17761235E-2, 9.6305552, 17.395821, 121.58380, 172.22530
-0.12193374E-3, 0.10031122E-2, 0.40609350E-4, 0.19128015E-7, 0.15960101E-2, 9.6304340, 17.395630, 121.58380, 172.22530
-0.72316318E-4, 0.76151488E-3, 0.40609350E-4, 0.19126984E-7, 0.12417153E-2, 9.6303635, 17.395519, 121.58380, 172.22530
-0.15452719E-4, 0.75621944E-3, 0.40609350E-4, 0.19126281E-7, 0.10903635E-2, 9.6303492, 17.395496, 121.58380, 172.22530
0.87420725E-4, 0.62084530E-3, 0.40609350E-4, 0.19125940E-7, 0.69888879E-3, 9.6304350, 17.395632, 121.58380, 172.22530
0.40215735E-4, 0.69726945E-3, 0.40609350E-4, 0.19125734E-7, 0.89154596E-3, 9.6304750, 17.395693, 121.58380, 172.22530
0.16962298E-4, 0.64100488E-3, 0.40609350E-4, 0.19125663E-7, 0.89838274E-3, 9.6304913, 17.395720, 121.58380, 172.22530
-0.62091550E-3, 0.96058915E-3, 0.40609350E-4, 0.19125009E-7, 0.28365997E-2, 9.6298704, 17.394745, 121.58380, 172.22530
-0.36866253E-3, 0.99814124E-3, 0.40609350E-4, 0.19123888E-7, 0.22231555E-2, 9.6295023, 17.394165, 121.58380, 172.22530
0.22755453E-5, 0.84784965E-3, 0.40609350E-4, 0.19123442E-7, 0.11289418E-2, 9.6295052, 17.394173, 121.58380, 172.22530
0.36399506E-4, 0.78588852E-3, 0.40609350E-4, 0.19123352E-7, 0.98301144E-3, 9.6295424, 17.394230, 121.58380, 172.22530
-0.10723906E-3, 0.78563322E-3, 0.40609350E-4, 0.19123227E-7, 0.13516524E-2, 9.6294355, 17.394062, 121.58380, 172.22530
-0.23588882E-3, 0.80403057E-3, 0.40609350E-4, 0.19122764E-7, 0.16992277E-2, 9.6292000, 17.393692, 121.58380, 172.22530
-0.55323777E-4, 0.65715046E-3, 0.40609350E-4, 0.19122478E-7, 0.10977249E-2, 9.6291456, 17.393608, 121.58380, 172.22530
-0.39296083E-4, 0.62792248E-3, 0.40609350E-4, 0.19122325E-7, 0.10290055E-2, 9.6291065, 17.393545, 121.58380, 172.22530
-0.20122454E-4, 0.58543251E-3, 0.40609350E-4, 0.19122231E-7, 0.93983725E-3, 9.6290855, 17.393511, 121.58380, 172.22530
0.11257203E-4, 0.54400176E-3, 0.40609350E-4, 0.19122171E-7, 0.82030770E-3, 9.6290941, 17.393526, 121.58380, 172.22530
0.23274490E-4, 0.54118450E-3, 0.40609350E-4, 0.19122208E-7, 0.78656076E-3, 9.6291132, 17.393555, 121.58380, 172.22530
0.17667635E-4, 0.52291044E-3, 0.40609350E-4, 0.19122233E-7, 0.78371301E-3, 9.6291304, 17.393583, 121.58380, 172.22530
0.34905999E-4, 0.51674666E-3, 0.40609350E-4, 0.19122243E-7, 0.73344563E-3, 9.6291647, 17.393637, 121.58380, 172.22530
0.10055691E-3, 0.48112212E-3, 0.40609350E-4, 0.19122405E-7, 0.53132151E-3, 9.6292658, 17.393795, 121.58380, 172.22530
0.17558952E-3, 0.41344544E-3, 0.40609350E-4, 0.19122659E-7, 0.27528399E-3, 9.6294403, 17.394070, 121.58380, 172.22530
0.19328605E-3, 0.39783827E-3, 0.40609350E-4, 0.19123009E-7, 0.21507186E-3, 9.6296320, 17.394371, 121.58380, 172.22530
0.20081474E-3, 0.38439326E-3, 0.40609350E-4, 0.19123382E-7, 0.18301363E-3, 9.6298304, 17.394682, 121.58380, 172.22530
0.23333437E-3, 0.45413937E-3, 0.40609350E-4, 0.19123817E-7, 0.16401014E-3, 9.6300640, 17.395046, 121.58380, 172.22530
0.28257092E-3, 0.45107887E-3, 0.40609350E-4, 0.19124316E-7, 0.34397228E-4, 9.6303453, 17.395489, 121.58380, 172.22530
0.29295232E-3, 0.44877481E-3, 0.40609350E-4, 0.19124883E-7, 0.53470212E-5, 9.6306353, 17.395945, 121.58380, 172.22530
0.31700017E-3, 0.55455370E-3, 0.40609350E-4, 0.19125471E-7, 0.41386942E-4, 9.6309519, 17.396442, 121.58380, 172.22530
0.33959773E-3, 0.57350245E-3, 0.40609350E-4, 0.19126109E-7, 0.60824823E-6, 9.6312904, 17.396975, 121.58380, 172.22530
0.32166313E-3, 0.52337779E-3, 0.40609350E-4, 0.19126755E-7, 0.0000000, 9.6316118, 17.397478, 121.58380, 172.22530
0.28629415E-3, 0.42545714E-3, 0.40609350E-4, 0.19127405E-7, 0.0000000, 9.6318989, 17.397930, 121.58380, 172.22530
0.11447869E-3, 0.42600898E-3, 0.40609350E-4, 0.19127908E-7, 0.44182775E-3, 9.6320105, 17.398104, 121.58380, 172.22530
-0.51241851E-3, 0.65576489E-3, 0.40609350E-4, 0.19127535E-7, 0.22651998E-2, 9.6314974, 17.397297, 121.58380, 172.22530
-0.11431546E-2, 0.12169456E-2, 0.40609350E-4, 0.14325576E-5, 0.44033341E-2, 9.6303539, 17.395502, 121.58380, 172.22530
-0.27859813E-3, 0.15343290E-2, 0.40609350E-4, 0.17655151E-5, 0.24743632E-2, 9.6300755, 17.395067, 121.58380, 172.22530
-0.16803691E-4, 0.19347022E-2, 0.40609350E-4, 0.33813910E-5, 0.21701378E-2, 9.6300583, 17.395039, 121.58380, 172.22530
0.79501238E-4, 0.21725688E-2, 0.40609350E-4, 0.19233305E-7, 0.21463626E-2, 9.6301403, 17.395168, 121.58381, 172.22533
0.27742676E-3, 0.13142390E-2, 0.40609350E-4, 0.19212349E-7, 0.84420602E-3, 9.6304159, 17.395601, 121.58381, 172.22533
0.41753263E-3, 0.85846370E-3, 0.40609350E-4, 0.19194049E-7, 0.62432679E-4, 9.6308336, 17.396255, 121.58381, 172.22533
0.37208290E-3, 0.82424382E-3, 0.40609350E-4, 0.19178849E-7, 0.14725729E-3, 9.6312075, 17.396843, 121.58381, 172.22533
0.22737362E-3, 0.11179605E-2, 0.40609350E-4, 0.19166460E-7, 0.79013128E-3, 9.6314335, 17.397200, 121.58381, 172.22533
0.50816601E-4, 0.10431816E-2, 0.40609350E-4, 0.19156477E-7, 0.11745165E-2, 9.6314840, 17.397278, 121.58381, 172.22533
-0.60650614E-5, 0.10271834E-2, 0.40609350E-4, 0.19148604E-7, 0.13056605E-2, 9.6314802, 17.397272, 121.58381, 172.22533
-0.70349335E-4, 0.99678966E-3, 0.40609350E-4, 0.19142602E-7, 0.14425871E-2, 9.6314077, 17.397158, 121.58381, 172.22533
0.10684544E-4, 0.11333614E-2, 0.40609350E-4, 0.19138177E-7, 0.13601220E-2, 9.6314192, 17.397177, 121.58381, 172.22533
0.42520387E-5, 0.88515593E-3, 0.40609350E-4, 0.19135038E-7, 0.11474777E-2, 9.6314249, 17.397184, 121.58381, 172.22533
0.20339001E-3, 0.66362327E-3, 0.40609350E-4, 0.19132894E-7, 0.43111938E-3, 9.6316290, 17.397507, 121.58381, 172.22533
0.26513703E-3, 0.41825915E-3, 0.40609350E-4, 0.19131583E-7, 0.45983852E-4, 9.6318951, 17.397923, 121.58381, 172.22533
0.17171257E-3, 0.52252744E-3, 0.40609350E-4, 0.19130834E-7, 0.38187340E-3, 9.6320667, 17.398191, 121.58381, 172.22533
0.21232052E-3, 0.46866742E-3, 0.40609350E-4, 0.19130333E-7, 0.22766524E-3, 9.6322794, 17.398527, 121.58381, 172.22533
0.26225339E-3, 0.47075708E-3, 0.40609350E-4, 0.19130121E-7, 0.10097920E-3, 9.6325397, 17.398935, 121.58381, 172.22533
0.27002071E-3, 0.43831582E-3, 0.40609350E-4, 0.19130137E-7, 0.50906143E-4, 9.6328087, 17.399357, 121.58381, 172.22533
0.26191800E-3, 0.46956964E-3, 0.40609350E-4, 0.19130313E-7, 0.10015615E-3, 9.6330719, 17.399771, 121.58381, 172.22533
0.29182647E-3, 0.53474156E-3, 0.40609350E-4, 0.19130677E-7, 0.82857827E-4, 9.6333656, 17.400232, 121.58381, 172.22533
0.32032840E-3, 0.59831684E-3, 0.40609350E-4, 0.19131154E-7, 0.67667410E-4, 9.6336842, 17.400732, 121.58381, 172.22533
0.35288112E-3, 0.62777154E-3, 0.40609350E-4, 0.19131702E-7, 0.10731419E-4, 9.6340361, 17.401285, 121.58381, 172.22533
0.30525646E-3, 0.48285164E-3, 0.40609350E-4, 0.19132308E-7, 0.0000000, 9.6343403, 17.401764, 121.58381, 172.22533
-0.93592433E-4, 0.48485529E-3, 0.40609350E-4, 0.19132640E-7, 0.10265622E-2, 9.6342516, 17.401623, 121.58381, 172.22533
-0.38866940E-3, 0.54825004E-3, 0.40609350E-4, 0.19132200E-7, 0.18426795E-2, 9.6338615, 17.401009, 121.58381, 172.22533
-0.36605890E-3, 0.61879214E-3, 0.40609350E-4, 0.19131321E-7, 0.18488958E-2, 9.6334972, 17.400438, 121.58381, 172.22533
-0.29761385E-3, 0.70901559E-3, 0.40609350E-4, 0.19130658E-7, 0.17552854E-2, 9.6332006, 17.399973, 121.58381, 172.22533
-0.18238748E-3, 0.66280598E-3, 0.40609350E-4, 0.19130189E-7, 0.14166703E-2, 9.6330185, 17.399687, 121.58381, 172.22533
-0.27925236E-4, 0.74650801E-3, 0.40609350E-4, 0.19129935E-7, 0.10959763E-2, 9.6329927, 17.399645, 121.58381, 172.22533
0.59394715E-4, 0.60391182E-3, 0.40609350E-4, 0.19129988E-7, 0.74104051E-3, 9.6330528, 17.399740, 121.58381, 172.22533
0.89736022E-4, 0.63786027E-3, 0.40609350E-4, 0.19130129E-7, 0.69381139E-3, 9.6331415, 17.399879, 121.58381, 172.22533
0.12319173E-3, 0.60367194E-3, 0.40609350E-4, 0.19130306E-7, 0.57636079E-3, 9.6332645, 17.400074, 121.58381, 172.22533
0.16282732E-3, 0.57845289E-3, 0.40609350E-4, 0.19130567E-7, 0.45121909E-3, 9.6334267, 17.400328, 121.58381, 172.22533
0.27013075E-3, 0.39166701E-3, 0.40609350E-4, 0.19130971E-7, 0.48226175E-5, 9.6336966, 17.400751, 121.58381, 172.22533
0.27898641E-3, 0.41167694E-3, 0.40609350E-4, 0.19131477E-7, 0.0000000, 9.6339769, 17.401192, 121.58381, 172.22533
0.28075249E-3, 0.41701357E-3, 0.40609350E-4, 0.19131976E-7, 0.0000000, 9.6342573, 17.401632, 121.58381, 172.22533
-0.24597454E-3, 0.45960603E-3, 0.40609350E-4, 0.19132020E-7, 0.13920763E-2, 9.6340113, 17.401245, 121.58381, 172.22533
-0.21306085E-3, 0.55634324E-3, 0.40609350E-4, 0.19131555E-7, 0.13950762E-2, 9.6337986, 17.400911, 121.58381, 172.22533
-0.20778828E-3, 0.57416665E-3, 0.40609350E-4, 0.19131102E-7, 0.13973749E-2, 9.6335917, 17.400587, 121.58381, 172.22533
-0.16390174E-3, 0.53985987E-3, 0.40609350E-4, 0.19130686E-7, 0.12530863E-2, 9.6334276, 17.400328, 121.58381, 172.22533
-0.14744475E-3, 0.49459335E-3, 0.40609350E-4, 0.19130345E-7, 0.11693739E-2, 9.6332798, 17.400097, 121.58381, 172.22533
-0.10832161E-3, 0.47255337E-3, 0.40609350E-4, 0.19130113E-7, 0.10484782E-2, 9.6331711, 17.399927, 121.58381, 172.22533
-0.10186868E-3, 0.47694898E-3, 0.40609350E-4, 0.19129915E-7, 0.10355000E-2, 9.6330719, 17.399771, 121.58381, 172.22533
-0.11132698E-3, 0.48682949E-3, 0.40609350E-4, 0.19129693E-7, 0.10683717E-2, 9.6329584, 17.399593, 121.58381, 172.22533
-0.80711659E-4, 0.40342170E-3, 0.40609350E-4, 0.19129493E-7, 0.91391127E-3, 9.6328783, 17.399467, 121.58381, 172.22533
-0.66843211E-4, 0.37296303E-3, 0.40609350E-4, 0.19129352E-7, 0.85039734E-3, 9.6328115, 17.399363, 121.58381, 172.22533
-0.53590975E-4, 0.38835168E-3, 0.40609350E-4, 0.19129255E-7, 0.82984695E-3, 9.6327581, 17.399279, 121.58381, 172.22533
-0.45420096E-4, 0.46730906E-3, 0.40609350E-4, 0.19129139E-7, 0.87959814E-3, 9.6327114, 17.399204, 121.58381, 172.22533
-0.40223811E-4, 0.50050736E-3, 0.40609350E-4, 0.19129045E-7, 0.89571148E-3, 9.6326704, 17.399141, 121.58381, 172.22533
-0.55132423E-4, 0.49716339E-3, 0.40609350E-4, 0.19128910E-7, 0.93060936E-3, 9.6326160, 17.399055, 121.58381, 172.22533
-0.26684853E-4, 0.45506653E-3, 0.40609350E-4, 0.19128855E-7, 0.81925606E-3, 9.6325893, 17.399014, 121.58381, 172.22533
-0.97487546E-5, 0.49490121E-3, 0.40609350E-4, 0.19128834E-7, 0.81107940E-3, 9.6325788, 17.398996, 121.58381, 172.22533
0.32720764E-4, 0.49871800E-3, 0.40609350E-4, 0.19128851E-7, 0.70490642E-3, 9.6326122, 17.399050, 121.58381, 172.22533
0.52620828E-4, 0.49409427E-3, 0.40609350E-4, 0.19128933E-7, 0.64916676E-3, 9.6326656, 17.399132, 121.58381, 172.22533
0.56000023E-4, 0.45253194E-3, 0.40609350E-4, 0.19129045E-7, 0.60283899E-3, 9.6327209, 17.399220, 121.58381, 172.22533
0.37381713E-4, 0.40525562E-3, 0.40609350E-4, 0.19129169E-7, 0.60799718E-3, 9.6327600, 17.399282, 121.58381, 172.22533
0.84750289E-4, 0.57193416E-3, 0.40609350E-4, 0.19129303E-7, 0.63465594E-3, 9.6328468, 17.399418, 121.58381, 172.22533
0.73422445E-4, 0.50215697E-3, 0.40609353E-4, 0.19129457E-7, 0.60106302E-3, 9.6329193, 17.399530, 121.58381, 172.22533
0.34089644E-4, 0.32575589E-3, 0.40609353E-4, 0.19129613E-7, 0.54450962E-3, 9.6329517, 17.399584, 121.58381, 172.22533
0.37194932E-4, 0.34168689E-3, 0.40609353E-4, 0.19129750E-7, 0.55031956E-3, 9.6329899, 17.399641, 121.58381, 172.22533
0.36911719E-4, 0.29220356E-3, 0.40609353E-4, 0.19129860E-7, 0.50667056E-3, 9.6330271, 17.399700, 121.58381, 172.22533
0.67242734E-4, 0.35599180E-3, 0.40609353E-4, 0.19130002E-7, 0.48492858E-3, 9.6330938, 17.399805, 121.58381, 172.22533
0.59057111E-4, 0.35794417E-3, 0.40609353E-4, 0.19130130E-7, 0.50726737E-3, 9.6331558, 17.399902, 121.58381, 172.22533
0.89338289E-4, 0.43092194E-3, 0.40609353E-4, 0.19130278E-7, 0.49357297E-3, 9.6332474, 17.400047, 121.58381, 172.22533
0.99224162E-4, 0.45647024E-3, 0.40609353E-4, 0.19130459E-7, 0.49027614E-3, 9.6333466, 17.400202, 121.58381, 172.22533
0.96148389E-4, 0.44711257E-3, 0.40609357E-4, 0.19130654E-7, 0.48943068E-3, 9.6334438, 17.400354, 121.58381, 172.22533
0.24316635E-3, 0.32106455E-3, 0.40609357E-4, 0.19131001E-7, 0.0000000, 9.6336870, 17.400736, 121.58381, 172.22533
0.24944142E-3, 0.33985631E-3, 0.40609357E-4, 0.19131491E-7, 0.0000000, 9.6339369, 17.401129, 121.58381, 172.22533
0.24794036E-3, 0.33597258E-3, 0.40609357E-4, 0.19131981E-7, 0.0000000, 9.6341839, 17.401516, 121.58381, 172.22533
0.28632351E-3, 0.44884643E-3, 0.40609357E-4, 0.19132493E-7, 0.0000000, 9.6344671, 17.401960, 121.58381, 172.22533
0.31519632E-3, 0.53399929E-3, 0.40609360E-4, 0.19133070E-7, 0.0000000, 9.6347828, 17.402458, 121.58381, 172.22533
0.24917192E-3, 0.34082017E-3, 0.40609364E-4, 0.19133667E-7, 0.0000000, 9.6350327, 17.402849, 121.58381, 172.22533
-0.48607057E-2, 0.61959273E-3, 0.40609364E-4, 0.10424546E-5, 0.13374487E-1, 9.6301727, 17.395220, 121.58381, 172.22533
-0.46082297E-2, 0.90562727E-3, 0.40609368E-4, 0.16660848E-4, 0.12961386E-1, 9.6255617, 17.387978, 121.58381, 172.22533
-0.94600773E-3, 0.83576032E-3, 0.40609393E-4, 0.10381224E-4, 0.34944236E-2, 9.6246157, 17.386492, 121.58381, 172.22533
-0.36578669E-3, 0.85264212E-3, 0.40609393E-4, 0.42730565E-6, 0.20279747E-2, 9.6242476, 17.385916, 121.58381, 172.22533
-0.27239221E-3, 0.91037748E-3, 0.40609411E-4, 0.30966207E-5, 0.18360432E-2, 9.6239758, 17.385489, 121.58381, 172.22533
-0.25777146E-3, 0.95715473E-3, 0.40609415E-4, 0.69708076E-5, 0.18359510E-2, 9.6237173, 17.385082, 121.58381, 172.22533
-0.31389043E-3, 0.97586098E-3, 0.40609415E-4, 0.48969964E-5, 0.19991444E-2, 9.6234055, 17.384594, 121.58381, 172.22533
-0.41033470E-3, 0.10725723E-2, 0.40609426E-4, 0.25827214E-5, 0.23347749E-2, 9.6229963, 17.383951, 121.58381, 172.22533
-0.35275010E-3, 0.12060364E-2, 0.40609488E-4, 0.25812267E-5, 0.23048725E-2, 9.6226454, 17.383400, 121.58381, 172.22533
-0.17167293E-3, 0.13083436E-2, 0.40609571E-4, 0.14363522E-5, 0.19318199E-2, 9.6224747, 17.383131, 121.58381, 172.22533
-0.36325870E-3, 0.16548957E-2, 0.40609677E-4, 0.97594739E-6, 0.27317887E-2, 9.6221132, 17.382563, 121.58382, 172.22537
-0.54763979E-3, 0.16890513E-2, 0.40609782E-4, 0.19216886E-7, 0.32397748E-2, 9.6215649, 17.381701, 121.58383, 172.22542
-0.32731341E-3, 0.16888649E-2, 0.40609892E-4, 0.32724543E-4, 0.26434811E-2, 9.6212397, 17.381191, 121.58384, 172.22546
-0.35105052E-3, 0.16771830E-2, 0.40609957E-4, 0.19224707E-7, 0.27293949E-2, 9.6208887, 17.380642, 121.58388, 172.22556
-0.49347221E-3, 0.11538614E-2, 0.40609979E-4, 0.19201766E-7, 0.26333753E-2, 9.6203928, 17.379862, 121.58388, 172.22556
-0.46749788E-3, 0.11077586E-2, 0.40609986E-4, 0.19180874E-7, 0.25262984E-2, 9.6199255, 17.379128, 121.58388, 172.22556
-0.62407902E-3, 0.11818034E-2, 0.40610026E-4, 0.19162615E-7, 0.29950936E-2, 9.6192989, 17.378143, 121.58388, 172.22556
-0.58435131E-3, 0.14045086E-2, 0.40610052E-4, 0.19147151E-7, 0.30917278E-2, 9.6187134, 17.377224, 121.58388, 172.22556
-0.47351600E-3, 0.16336286E-2, 0.40610103E-4, 0.19134781E-7, 0.30120781E-2, 9.6182413, 17.376482, 121.58389, 172.22562
-0.45065556E-3, 0.12831304E-2, 0.40610139E-4, 0.19125093E-7, 0.26428683E-2, 9.6177902, 17.375774, 121.58389, 172.22562
-0.49008068E-3, 0.12954068E-2, 0.40610157E-4, 0.19117522E-7, 0.27560263E-2, 9.6172981, 17.375004, 121.58389, 172.22563
-0.36889449E-3, 0.15170036E-2, 0.40610194E-4, 0.19111674E-7, 0.26431575E-2, 9.6169310, 17.374424, 121.58392, 172.22568
-0.13062215E-3, 0.18021371E-2, 0.40610219E-4, 0.19107357E-7, 0.22868379E-2, 9.6168013, 17.374222, 121.58396, 172.22578
-0.78127014E-4, 0.15428974E-2, 0.40610244E-4, 0.19104466E-7, 0.19221288E-2, 9.6167221, 17.374096, 121.58399, 172.22585
-0.30961802E-3, 0.92269684E-3, 0.40610266E-4, 0.19102233E-7, 0.19632648E-2, 9.6164112, 17.373608, 121.58399, 172.22585
-0.84327778E-3, 0.14781731E-2, 0.40610288E-4, 0.74546494E-6, 0.38317610E-2, 9.6155691, 17.372286, 121.58399, 172.22586
-0.33151984E-3, 0.21444133E-2, 0.40610365E-4, 0.19102446E-7, 0.31157346E-2, 9.6152382, 17.371767, 121.58402, 172.22595
-0.94906018E-5, 0.18394103E-2, 0.40610445E-4, 0.18314442E-4, 0.19987551E-2, 9.6152296, 17.371754, 121.58402, 172.22595
-0.27231549E-3, 0.18558186E-2, 0.40610499E-4, 0.32714340E-6, 0.27091161E-2, 9.6149549, 17.371323, 121.58402, 172.22595
-0.30000336E-3, 0.21310037E-2, 0.40610554E-4, 0.14090849E-5, 0.30289632E-2, 9.6146574, 17.370853, 121.58404, 172.22604
-0.30569706E-3, 0.18654094E-2, 0.40610583E-4, 0.71780387E-5, 0.28010355E-2, 9.6143513, 17.370373, 121.58404, 172.22604
-0.39174716E-3, 0.16242175E-2, 0.40610608E-4, 0.19209022E-7, 0.28134561E-2, 9.6139603, 17.369759, 121.58404, 172.22606
-0.42005419E-3, 0.20025154E-2, 0.40610637E-4, 0.19186290E-7, 0.32288178E-2, 9.6135397, 17.369099, 121.58408, 172.22617
-0.64515264E-3, 0.14377971E-2, 0.40610663E-4, 0.19165480E-7, 0.32989993E-2, 9.6128969, 17.368088, 121.58408, 172.22617
-0.40174741E-3, 0.19446024E-2, 0.40610663E-4, 0.19147405E-7, 0.31322064E-2, 9.6124945, 17.367456, 121.58411, 172.22624
-0.57067757E-3, 0.17953723E-2, 0.40610685E-4, 0.19132552E-7, 0.34330958E-2, 9.6119242, 17.366560, 121.58411, 172.22627
-0.28120296E-3, 0.22032799E-2, 0.40610717E-4, 0.19120547E-7, 0.30597972E-2, 9.6116419, 17.366117, 121.58416, 172.22638
-0.54214336E-3, 0.15134986E-2, 0.40610750E-4, 0.19111143E-7, 0.31072665E-2, 9.6111002, 17.365267, 121.58416, 172.22638
-0.52920450E-3, 0.15461685E-2, 0.40610750E-4, 0.19103650E-7, 0.31042441E-2, 9.6105700, 17.364431, 121.58416, 172.22639
-0.48590315E-3, 0.16348467E-2, 0.40610757E-4, 0.19097774E-7, 0.30740604E-2, 9.6100845, 17.363670, 121.58417, 172.22643
-0.24963330E-3, 0.18952396E-2, 0.40610768E-4, 0.19093411E-7, 0.27039112E-2, 9.6098328, 17.363276, 121.58419, 172.22652
-0.11509343E-3, 0.17708682E-2, 0.40610808E-4, 0.19090441E-7, 0.22462585E-2, 9.6097202, 17.363098, 121.58421, 172.22658
-0.77228011E-4, 0.14943806E-2, 0.40610827E-4, 0.19088347E-7, 0.18984483E-2, 9.6096430, 17.362976, 121.58421, 172.22659
-0.70352101E-3, 0.15804806E-2, 0.40610837E-4, 0.11999607E-4, 0.35753320E-2, 9.6089392, 17.361870, 121.58421, 172.22659
-0.31753533E-3, 0.18338405E-2, 0.40610837E-4, 0.18895828E-5, 0.28243747E-2, 9.6086206, 17.361370, 121.58421, 172.22659
-0.36212697E-3, 0.18571579E-2, 0.40610837E-4, 0.19193838E-7, 0.29631280E-2, 9.6082563, 17.360798, 121.58421, 172.22659
-0.47111502E-3, 0.19899125E-2, 0.40610837E-4, 0.19171482E-7, 0.33653281E-2, 9.6077833, 17.360056, 121.58421, 172.22659
-0.37488344E-3, 0.18320295E-2, 0.40610837E-4, 0.19151340E-7, 0.29751898E-2, 9.6074104, 17.359470, 121.58421, 172.22659
-0.36077888E-3, 0.17272359E-2, 0.40610837E-4, 0.20413140E-5, 0.28421732E-2, 9.6070490, 17.358902, 121.58421, 172.22659
-0.38498250E-3, 0.18639216E-2, 0.40610837E-4, 0.11493839E-4, 0.30203734E-2, 9.6066637, 17.358295, 121.58421, 172.22659
-0.55366033E-3, 0.19232067E-2, 0.40610837E-4, 0.37895911E-5, 0.35167676E-2, 9.6061077, 17.357422, 121.58421, 172.22659
-0.23305061E-3, 0.27337361E-2, 0.40610837E-4, 0.19198254E-7, 0.34379093E-2, 9.6058769, 17.357059, 121.58427, 172.22672
-0.30110151E-3, 0.22610719E-2, 0.40610863E-4, 0.19175516E-7, 0.31831844E-2, 9.6055727, 17.356581, 121.58429, 172.22676
0.20618409E-4, 0.27835581E-2, 0.40610896E-4, 0.19154765E-7, 0.28359042E-2, 9.6055937, 17.356615, 121.58434, 172.22685
0.23292747E-3, 0.27706372E-2, 0.40610917E-4, 0.19137284E-7, 0.22808562E-2, 9.6058292, 17.356985, 121.58439, 172.22696
0.17766660E-3, 0.22924063E-2, 0.40610932E-4, 0.19123021E-7, 0.19866754E-2, 9.6060085, 17.357265, 121.58441, 172.22701
0.24730116E-3, 0.22765803E-2, 0.40610936E-4, 0.19111591E-7, 0.17944515E-2, 9.6062565, 17.357656, 121.58443, 172.22713
0.36011511E-3, 0.22486101E-2, 0.40610939E-4, 0.19102981E-7, 0.14799644E-2, 9.6066160, 17.358221, 121.58448, 172.22722
0.25087094E-3, 0.18396422E-2, 0.40610939E-4, 0.19096653E-7, 0.13862407E-2, 9.6068678, 17.358618, 121.58450, 172.22726
-0.39356732E-3, 0.16843205E-2, 0.40610939E-4, 0.19091438E-7, 0.29009110E-2, 9.6064720, 17.357994, 121.58450, 172.22729
-0.74546231E-3, 0.17925304E-2, 0.40610939E-4, 0.19086597E-7, 0.39054744E-2, 9.6057272, 17.356825, 121.58450, 172.22729
-0.10261632E-3, 0.18926973E-2, 0.40610939E-4, 0.19082842E-7, 0.23452614E-2, 9.6056242, 17.356663, 121.58450, 172.22729
0.17776519E-3, 0.21959690E-2, 0.40610939E-4, 0.19081021E-7, 0.19039281E-2, 9.6058035, 17.356945, 121.58450, 172.22729
0.10156103E-3, 0.19408658E-2, 0.40610939E-4, 0.19079653E-7, 0.18660113E-2, 9.6059055, 17.357105, 121.58450, 172.22729
0.15329376E-3, 0.16331045E-2, 0.40610939E-4, 0.19078774E-7, 0.14502802E-2, 9.6060581, 17.357346, 121.58450, 172.22729
0.21641581E-3, 0.14485696E-2, 0.40610939E-4, 0.19078314E-7, 0.11183394E-2, 9.6062746, 17.357685, 121.58450, 172.22729
0.39518779E-3, 0.14098960E-2, 0.40610939E-4, 0.19078270E-7, 0.62314275E-3, 9.6066666, 17.358301, 121.58450, 172.22729
0.56518801E-3, 0.13171517E-2, 0.40610939E-4, 0.19078788E-7, 0.10067203E-3, 9.6072321, 17.359190, 121.58450, 172.22729
-0.11301229E-2, 0.21472019E-2, 0.40610939E-4, 0.10247541E-6, 0.52232039E-2, 9.6061001, 17.357410, 121.58450, 172.22734
-0.15191334E-3, 0.24531828E-2, 0.40610939E-4, 0.19076543E-7, 0.29910787E-2, 9.6059465, 17.357170, 121.58453, 172.22742
0.26662089E-3, 0.19169807E-2, 0.40610939E-4, 0.19076515E-7, 0.14220967E-2, 9.6062145, 17.357592, 121.58453, 172.22742
-0.32229873E-4, 0.17547633E-2, 0.40610939E-4, 0.19076838E-7, 0.20414020E-2, 9.6061821, 17.357538, 121.58453, 172.22742
-0.51693426E-3, 0.20947075E-2, 0.40610939E-4, 0.19076239E-7, 0.36013254E-2, 9.6056652, 17.356728, 121.58453, 172.22743
-0.93587145E-3, 0.24251819E-2, 0.40610939E-4, 0.56518188E-5, 0.49783294E-2, 9.6047258, 17.355251, 121.58453, 172.22743
-0.29580167E-3, 0.31963054E-2, 0.40610939E-4, 0.34591631E-5, 0.40478893E-2, 9.6044302, 17.354786, 121.58456, 172.22754
-0.24266858E-3, 0.30750646E-2, 0.40610939E-4, 0.11351807E-4, 0.37938796E-2, 9.6041870, 17.354406, 121.58456, 172.22763
0.53487423E-4, 0.33362855E-2, 0.40610939E-4, 0.19186215E-7, 0.32874777E-2, 9.6042404, 17.354490, 121.58459, 172.22775
0.34778030E-3, 0.34160374E-2, 0.40610939E-4, 0.19164855E-7, 0.26072010E-2, 9.6045895, 17.355038, 121.58464, 172.22789
0.36215538E-3, 0.28250141E-2, 0.40610939E-4, 0.19146036E-7, 0.20254746E-2, 9.6049519, 17.355608, 121.58467, 172.22798
0.35056277E-3, 0.23356148E-2, 0.40610939E-4, 0.19130063E-7, 0.16032989E-2, 9.6053019, 17.356157, 121.58467, 172.22803
0.18289678E-3, 0.19715687E-2, 0.40610939E-4, 0.19117024E-7, 0.16977409E-2, 9.6054859, 17.356447, 121.58467, 172.22803
-0.55642618E-3, 0.24292949E-2, 0.40610939E-4, 0.11398221E-4, 0.40117404E-2, 9.6049290, 17.355572, 121.58467, 172.22803
-0.27411891E-3, 0.35359184E-2, 0.40610939E-4, 0.19196676E-7, 0.43244157E-2, 9.6046553, 17.355143, 121.58470, 172.22816
-0.91496899E-4, 0.33103111E-2, 0.40610939E-4, 0.86371483E-5, 0.36393576E-2, 9.6045637, 17.354998, 121.58470, 172.22826
-0.15349778E-3, 0.31874657E-2, 0.40610939E-4, 0.15632066E-4, 0.36797002E-2, 9.6044102, 17.354757, 121.58470, 172.22829
-0.21341714E-3, 0.31981438E-2, 0.40610939E-4, 0.77879777E-5, 0.38532608E-2, 9.6041956, 17.354420, 121.58470, 172.22830
0.60801951E-4, 0.34998017E-2, 0.40610939E-4, 0.12763900E-4, 0.34253697E-2, 9.6042557, 17.354513, 121.58472, 172.22842
0.40605248E-3, 0.39713643E-2, 0.40610939E-4, 0.19185693E-7, 0.29913096E-2, 9.6046610, 17.355150, 121.58477, 172.22858
0.36414815E-3, 0.32983620E-2, 0.40610939E-4, 0.19164872E-7, 0.24752179E-2, 9.6050234, 17.355719, 121.58479, 172.22870
0.41594927E-3, 0.29665183E-2, 0.40610939E-4, 0.19146228E-7, 0.20344839E-2, 9.6054382, 17.356371, 121.58482, 172.22879
-0.23267834E-3, 0.30996255E-2, 0.40610939E-4, 0.17147861E-5, 0.38255374E-2, 9.6052055, 17.356005, 121.58482, 172.22884
0.14257309E-3, 0.37175249E-2, 0.40610939E-4, 0.32814936E-4, 0.34070085E-2, 9.6053505, 17.356234, 121.58485, 172.22896
0.47112914E-3, 0.40037036E-2, 0.40610939E-4, 0.19185217E-7, 0.28641082E-2, 9.6058207, 17.356972, 121.58490, 172.22911
0.33185838E-3, 0.35321764E-2, 0.40610939E-4, 0.19164766E-7, 0.27844543E-2, 9.6061516, 17.357491, 121.58492, 172.22919
0.75495103E-4, 0.34183182E-2, 0.40610939E-4, 0.19146210E-7, 0.33388117E-2, 9.6062279, 17.357611, 121.58493, 172.22931
0.20507224E-3, 0.39124866E-2, 0.40610939E-4, 0.39251627E-5, 0.34649260E-2, 9.6064348, 17.357937, 121.58496, 172.22943
0.61543065E-3, 0.41415780E-2, 0.40610939E-4, 0.19191136E-7, 0.26300291E-2, 9.6070499, 17.358904, 121.58502, 172.22958
0.69263432E-3, 0.36541435E-2, 0.40610939E-4, 0.19170727E-7, 0.19778609E-2, 9.6077423, 17.359991, 121.58507, 172.22971
0.42847591E-3, 0.28971641E-2, 0.40610939E-4, 0.19152427E-7, 0.19501874E-2, 9.6081724, 17.360668, 121.58507, 172.22977
-0.87780179E-4, 0.34698411E-2, 0.40610939E-4, 0.75742427E-7, 0.38139955E-2, 9.6080866, 17.360531, 121.58509, 172.22990
0.29359950E-3, 0.39879945E-2, 0.40610939E-4, 0.12977253E-4, 0.33070864E-2, 9.6083784, 17.360991, 121.58511, 172.23003
0.31370428E-3, 0.39248611E-2, 0.40610936E-4, 0.22433841E-7, 0.32110217E-2, 9.6086922, 17.361485, 121.58514, 172.23018
0.76073711E-3, 0.45658979E-2, 0.40610925E-4, 0.19178545E-7, 0.26642939E-2, 9.6094532, 17.362679, 121.58520, 172.23033
0.72794477E-3, 0.38879840E-2, 0.40610874E-4, 0.19160082E-7, 0.21153064E-2, 9.6101818, 17.363823, 121.58525, 172.23044
0.59547427E-3, 0.33672685E-2, 0.40610852E-4, 0.19144087E-7, 0.19688318E-2, 9.6107788, 17.364761, 121.58528, 172.23055
0.54389396E-3, 0.28824355E-2, 0.40610841E-4, 0.19130912E-7, 0.16473948E-2, 9.6113195, 17.365610, 121.58529, 172.23061
0.56227302E-3, 0.24989885E-2, 0.40610823E-4, 0.19120620E-7, 0.12407638E-2, 9.6118813, 17.366495, 121.58529, 172.23064
0.55489683E-3, 0.21928914E-2, 0.40610819E-4, 0.19112955E-7, 0.97266235E-3, 9.6124353, 17.367363, 121.58529, 172.23065
0.63536258E-3, 0.21356561E-2, 0.40610808E-4, 0.19107443E-7, 0.71211049E-3, 9.6130695, 17.368359, 121.58529, 172.23068
0.69410756E-3, 0.19133713E-2, 0.40610808E-4, 0.19103776E-7, 0.35249518E-3, 9.6137638, 17.369452, 121.58529, 172.23068
0.75627357E-3, 0.17212509E-2, 0.40610808E-4, 0.19101575E-7, 0.12295044E-4, 9.6145153, 17.370630, 121.58529, 172.23068
0.77942997E-3, 0.17718582E-2, 0.40610808E-4, 0.19100435E-7, 0.0000000, 9.6152945, 17.371853, 121.58529, 172.23068
0.76611043E-3, 0.17356047E-2, 0.40610808E-4, 0.19100055E-7, 0.0000000, 9.6160593, 17.373056, 121.58529, 172.23068
-0.50151465E-3, 0.21064728E-2, 0.40610808E-4, 0.19099277E-7, 0.36062007E-2, 9.6155605, 17.372271, 121.58529, 172.23068
-0.13327332E-2, 0.27241157E-2, 0.40610808E-4, 0.67254723E-5, 0.63155950E-2, 9.6142282, 17.370180, 121.58529, 172.23068
-0.50019975E-4, 0.38619144E-2, 0.40610790E-4, 0.43057473E-4, 0.40497137E-2, 9.6141777, 17.370100, 121.58530, 172.23077
0.67384739E-3, 0.46411538E-2, 0.40610761E-4, 0.87727531E-5, 0.29560302E-2, 9.6148520, 17.371159, 121.58536, 172.23093
0.85692981E-3, 0.48404625E-2, 0.40610696E-4, 0.41393582E-5, 0.26795613E-2, 9.6157103, 17.372507, 121.58541, 172.23109
0.83614129E-3, 0.42594429E-2, 0.40610630E-4, 0.19203302E-7, 0.21936344E-2, 9.6165447, 17.373817, 121.58546, 172.23122
0.58667344E-3, 0.32977914E-2, 0.40610597E-4, 0.19183584E-7, 0.19326231E-2, 9.6171312, 17.374739, 121.58546, 172.23128
0.50810922E-3, 0.28386810E-2, 0.40610572E-4, 0.19165975E-7, 0.17036232E-2, 9.6176405, 17.375540, 121.58546, 172.23132
0.57271065E-3, 0.26079447E-2, 0.40610528E-4, 0.19151255E-7, 0.13209410E-2, 9.6182146, 17.376440, 121.58546, 172.23135
0.61555736E-3, 0.23749704E-2, 0.40610506E-4, 0.19139653E-7, 0.99193107E-3, 9.6188288, 17.377405, 121.58546, 172.23137
0.66183030E-3, 0.22010556E-2, 0.40610485E-4, 0.19130880E-7, 0.70952962E-3, 9.6194906, 17.378445, 121.58546, 172.23137
0.69854321E-3, 0.19715920E-2, 0.40610470E-4, 0.19124583E-7, 0.39941017E-3, 9.6201897, 17.379541, 121.58546, 172.23137
0.84625656E-3, 0.20141080E-2, 0.40610445E-4, 0.19120366E-7, 0.59530681E-4, 9.6210365, 17.380875, 121.58546, 172.23137
0.79794414E-3, 0.18188101E-2, 0.40610441E-4, 0.19117769E-7, 0.0000000, 9.6218338, 17.382124, 121.58546, 172.23137
-0.12464247E-2, 0.33642831E-2, 0.40610426E-4, 0.10190730E-4, 0.66970233E-2, 9.6205883, 17.380167, 121.58546, 172.23151
0.22976357E-3, 0.48360093E-2, 0.40610335E-4, 0.19858890E-7, 0.42975480E-2, 9.6208162, 17.380527, 121.58552, 172.23167
0.79889153E-3, 0.47229039E-2, 0.40610219E-4, 0.19199309E-7, 0.27304832E-2, 9.6216145, 17.381781, 121.58557, 172.23181
0.84127241E-3, 0.42623491E-2, 0.40610110E-4, 0.19181336E-7, 0.21900751E-2, 9.6224546, 17.383101, 121.58562, 172.23193
0.79585286E-3, 0.36540891E-2, 0.40610055E-4, 0.19166126E-7, 0.17355506E-2, 9.6232510, 17.384350, 121.58567, 172.23206
0.67367085E-3, 0.29807058E-2, 0.40610001E-4, 0.19153831E-7, 0.14163385E-2, 9.6239243, 17.385408, 121.58567, 172.23209
0.59338746E-3, 0.25175356E-2, 0.40609979E-4, 0.19144156E-7, 0.11868548E-2, 9.6245174, 17.386337, 121.58567, 172.23209
0.59394486E-3, 0.23651507E-2, 0.40609953E-4, 0.19136948E-7, 0.10419860E-2, 9.6251135, 17.387276, 121.58567, 172.23210
0.54777157E-3, 0.21174655E-2, 0.40609921E-4, 0.19131766E-7, 0.92744682E-3, 9.6256599, 17.388134, 121.58567, 172.23210
0.38333377E-3, 0.16868542E-2, 0.40609910E-4, 0.19128043E-7, 0.94457116E-3, 9.6260424, 17.388733, 121.58567, 172.23210
0.55735785E-3, 0.18095555E-2, 0.40609906E-4, 0.19125480E-7, 0.61258179E-3, 9.6266003, 17.389610, 121.58567, 172.23210
0.54154964E-3, 0.14410643E-2, 0.40609895E-4, 0.19124132E-7, 0.30618417E-3, 9.6271420, 17.390461, 121.58567, 172.23210
0.58202591E-3, 0.14357849E-2, 0.40609895E-4, 0.19123446E-7, 0.19690953E-3, 9.6277256, 17.391378, 121.58567, 172.23210
0.46309145E-3, 0.15267069E-2, 0.40609895E-4, 0.19123279E-7, 0.58783451E-3, 9.6281900, 17.392107, 121.58567, 172.23210
-0.26620599E-3, 0.18602442E-2, 0.40609892E-4, 0.19122593E-7, 0.27757462E-2, 9.6279240, 17.391689, 121.58567, 172.23210
0.21161333E-4, 0.17698064E-2, 0.40609892E-4, 0.19121469E-7, 0.19519686E-2, 9.6279449, 17.391722, 121.58567, 172.23210
-0.38267992E-3, 0.19004408E-2, 0.40609888E-4, 0.19120858E-7, 0.31125697E-2, 9.6275606, 17.391117, 121.58567, 172.23210
0.28522367E-4, 0.19611905E-2, 0.40609884E-4, 0.19119947E-7, 0.21127199E-2, 9.6275883, 17.391161, 121.58567, 172.23210
0.18441444E-3, 0.16061348E-2, 0.40609881E-4, 0.19120044E-7, 0.13780367E-2, 9.6277742, 17.391453, 121.58567, 172.23210
0.14233813E-3, 0.15917392E-2, 0.40609881E-4, 0.19120268E-7, 0.14724223E-2, 9.6279154, 17.391674, 121.58567, 172.23210
0.38699261E-3, 0.16476128E-2, 0.40609881E-4, 0.19120604E-7, 0.89592685E-3, 9.6283035, 17.392284, 121.58567, 172.23210
0.10194268E-4, 0.17359699E-2, 0.40609881E-4, 0.19121224E-7, 0.19471319E-2, 9.6283140, 17.392302, 121.58567, 172.23210
-0.24830701E-3, 0.20592944E-2, 0.40609881E-4, 0.19120737E-7, 0.29152394E-2, 9.6280642, 17.391909, 121.58567, 172.23210
0.14837590E-3, 0.20248881E-2, 0.40609862E-4, 0.19120392E-7, 0.18632994E-2, 9.6282129, 17.392143, 121.58567, 172.23210
0.30710038E-4, 0.21302470E-2, 0.40609852E-4, 0.19120838E-7, 0.22645681E-2, 9.6282434, 17.392191, 121.58567, 172.23210
-0.46290999E-3, 0.30372636E-2, 0.40609826E-4, 0.19120060E-7, 0.43857018E-2, 9.6277819, 17.391464, 121.58567, 172.23213
-0.29018748E-3, 0.34962567E-2, 0.40609775E-4, 0.19119513E-7, 0.43736845E-2, 9.6274929, 17.391010, 121.58567, 172.23215
0.68330363E-3, 0.47104894E-2, 0.40609673E-4, 0.19119735E-7, 0.30144737E-2, 9.6281776, 17.392088, 121.58573, 172.23232
0.88290189E-3, 0.46203532E-2, 0.40609571E-4, 0.19121295E-7, 0.24187190E-2, 9.6290598, 17.393471, 121.58577, 172.23244
0.74672350E-3, 0.40974123E-2, 0.40609470E-4, 0.19122867E-7, 0.22783112E-2, 9.6298065, 17.394644, 121.58581, 172.23254
0.50452072E-3, 0.43899394E-2, 0.40609353E-4, 0.16771641E-4, 0.31607416E-2, 9.6303101, 17.395435, 121.58584, 172.23265
0.53222280E-3, 0.42254394E-2, 0.40609240E-4, 0.19248356E-7, 0.29528495E-2, 9.6308441, 17.396273, 121.58588, 172.23277
0.61256479E-3, 0.40122955E-2, 0.40609139E-4, 0.19227118E-7, 0.25468112E-2, 9.6314564, 17.397234, 121.58591, 172.23289
0.44217487E-3, 0.33006866E-2, 0.40609033E-4, 0.19207695E-7, 0.23151387E-2, 9.6318998, 17.397932, 121.58591, 172.23289
0.34753502E-4, 0.34348252E-2, 0.40608920E-4, 0.72595954E-4, 0.34164903E-2, 9.6319351, 17.397985, 121.58591, 172.23289
0.51858899E-3, 0.41821203E-2, 0.40608807E-4, 0.53109170E-6, 0.29501237E-2, 9.6324530, 17.398798, 121.58594, 172.23300
0.96186344E-3, 0.48924340E-2, 0.40608702E-4, 0.19252955E-7, 0.24824401E-2, 9.6334152, 17.400311, 121.58599, 172.23314
0.97768276E-3, 0.44493978E-2, 0.40608589E-4, 0.19232530E-7, 0.20256259E-2, 9.6343927, 17.401844, 121.58603, 172.23326
0.89505053E-3, 0.39369990E-2, 0.40608465E-4, 0.19213926E-7, 0.17557717E-2, 9.6352863, 17.403248, 121.58604, 172.23332
0.32582329E-3, 0.37770926E-2, 0.40608364E-4, 0.72581889E-6, 0.30677181E-2, 9.6356125, 17.403759, 121.58604, 172.23332
0.55669004E-3, 0.37527662E-2, 0.40608258E-4, 0.86898086E-4, 0.23660252E-2, 9.6361704, 17.404636, 121.58604, 172.23332
0.51305938E-3, 0.38545479E-2, 0.40608156E-4, 0.85534593E-5, 0.26532144E-2, 9.6366863, 17.405445, 121.58604, 172.23332
0.50848525E-3, 0.38987701E-2, 0.40608036E-4, 0.10527976E-4, 0.27054441E-2, 9.6371946, 17.406242, 121.58604, 172.23332
0.56553050E-3, 0.40501375E-2, 0.40607931E-4, 0.22417022E-4, 0.26906347E-2, 9.6377592, 17.407131, 121.58604, 172.23338
0.67323149E-3, 0.42171944E-2, 0.40607829E-4, 0.19256721E-7, 0.25948957E-2, 9.6384325, 17.408184, 121.58604, 172.23347
0.62589673E-3, 0.42481869E-2, 0.40607723E-4, 0.17506009E-4, 0.27292205E-2, 9.6390591, 17.409170, 121.58604, 172.23357
0.72564627E-3, 0.42601107E-2, 0.40607607E-4, 0.47591333E-4, 0.24550033E-2, 9.6397867, 17.410313, 121.58605, 172.23361
0.73823833E-3, 0.40418603E-2, 0.40607498E-4, 0.20489491E-4, 0.22443305E-2, 9.6405249, 17.411470, 121.58605, 172.23361
0.76387596E-3, 0.42516813E-2, 0.40607396E-4, 0.36736068E-7, 0.23979952E-2, 9.6412868, 17.412666, 121.58605, 172.23370
0.75222115E-3, 0.44311057E-2, 0.40607287E-4, 0.41359890E-5, 0.25943627E-2, 9.6420393, 17.413849, 121.58607, 172.23380
0.88656199E-3, 0.46872511E-2, 0.40607156E-4, 0.11386115E-5, 0.24954272E-2, 9.6429253, 17.415237, 121.58611, 172.23392
0.10182819E-2, 0.45218496E-2, 0.40607032E-4, 0.19261654E-7, 0.20027475E-2, 9.6439428, 17.416836, 121.58615, 172.23404
0.97115914E-3, 0.39527663E-2, 0.40606894E-4, 0.19242119E-7, 0.15862597E-2, 9.6449146, 17.418362, 121.58617, 172.23412
0.84911461E-3, 0.34142709E-2, 0.40606781E-4, 0.19224753E-7, 0.13907627E-2, 9.6457634, 17.419691, 121.58617, 172.23415
0.57816098E-3, 0.33587059E-2, 0.40606679E-4, 0.19210036E-7, 0.20345591E-2, 9.6463432, 17.420601, 121.58617, 172.23415
0.82330423E-3, 0.44292016E-2, 0.40606548E-4, 0.19198042E-7, 0.24182701E-2, 9.6471653, 17.421892, 121.58620, 172.23425
0.87869418E-3, 0.38449925E-2, 0.40606436E-4, 0.19189324E-7, 0.17236872E-2, 9.6480436, 17.423271, 121.58620, 172.23431
0.84264955E-3, 0.35690835E-2, 0.40606330E-4, 0.19182997E-7, 0.15555064E-2, 9.6488876, 17.424595, 121.58620, 172.23434
0.72289980E-3, 0.31853821E-2, 0.40606217E-4, 0.19178529E-7, 0.15001615E-2, 9.6496124, 17.425732, 121.58620, 172.23434
0.69125177E-3, 0.28485097E-2, 0.40606104E-4, 0.19175415E-7, 0.12626236E-2, 9.6503029, 17.426817, 121.58620, 172.23434
0.56304561E-3, 0.24105504E-2, 0.40605999E-4, 0.19173390E-7, 0.11773312E-2, 9.6508665, 17.427700, 121.58620, 172.23434
0.53718890E-3, 0.22834647E-2, 0.40605897E-4, 0.19172079E-7, 0.11233115E-2, 9.6514015, 17.428541, 121.58620, 172.23434
0.57815650E-3, 0.20950749E-2, 0.40605802E-4, 0.19171427E-7, 0.83956285E-3, 9.6519775, 17.429443, 121.58620, 172.23434
0.60221710E-3, 0.19009942E-2, 0.40605737E-4, 0.19171377E-7, 0.59385062E-3, 9.6525812, 17.430391, 121.58620, 172.23434
0.56923006E-3, 0.17056529E-2, 0.40605704E-4, 0.19171667E-7, 0.49350515E-3, 9.6531506, 17.431284, 121.58620, 172.23434
0.59466844E-3, 0.16397726E-2, 0.40605661E-4, 0.19172202E-7, 0.36556149E-3, 9.6537466, 17.432219, 121.58620, 172.23434
0.64594764E-3, 0.16025821E-2, 0.40605632E-4, 0.19172997E-7, 0.19836878E-3, 9.6543922, 17.433233, 121.58620, 172.23434
0.63118804E-3, 0.15598024E-2, 0.40605606E-4, 0.19173935E-7, 0.19555494E-3, 9.6550264, 17.434227, 121.58620, 172.23434
0.63907210E-3, 0.13748518E-2, 0.40605591E-4, 0.19174960E-7, 0.11781231E-6, 9.6556664, 17.435230, 121.58620, 172.23434
0.51663001E-3, 0.11419528E-2, 0.40605581E-4, 0.19176007E-7, 0.94199582E-4, 9.6561832, 17.436043, 121.58620, 172.23434
0.46410630E-3, 0.10301877E-2, 0.40605581E-4, 0.19176909E-7, 0.12322687E-3, 9.6566477, 17.436771, 121.58620, 172.23434
-0.62793837E-3, 0.12873893E-2, 0.40605581E-4, 0.19177072E-7, 0.31713613E-2, 9.6560192, 17.435785, 121.58620, 172.23434
-0.65391057E-3, 0.14774862E-2, 0.40605581E-4, 0.19175470E-7, 0.34174526E-2, 9.6553612, 17.434753, 121.58620, 172.23434
-0.35788777E-3, 0.15814878E-2, 0.40605559E-4, 0.19174420E-7, 0.27549635E-2, 9.6550035, 17.434191, 121.58620, 172.23434
-0.65082015E-4, 0.15629060E-2, 0.40605541E-4, 0.19173896E-7, 0.19849511E-2, 9.6549416, 17.434095, 121.58620, 172.23434
0.19907999E-3, 0.14156587E-2, 0.40605526E-4, 0.19173971E-7, 0.11670347E-2, 9.6551399, 17.434408, 121.58620, 172.23434
0.38476524E-3, 0.12574610E-2, 0.40605519E-4, 0.19174466E-7, 0.54040301E-3, 9.6555223, 17.435005, 121.58620, 172.23434
0.48250172E-3, 0.11265713E-2, 0.40605519E-4, 0.19175275E-7, 0.16550881E-3, 9.6560030, 17.435760, 121.58620, 172.23434
0.51896740E-3, 0.10632788E-2, 0.40605519E-4, 0.19176204E-7, 0.11827498E-4, 9.6565208, 17.436571, 121.58620, 172.23434
0.50040247E-3, 0.10004775E-2, 0.40605519E-4, 0.19177174E-7, 0.0000000, 9.6570206, 17.437357, 121.58620, 172.23434
-0.59883918E-4, 0.11206942E-2, 0.40605519E-4, 0.19177948E-7, 0.15523745E-2, 9.6569614, 17.437263, 121.58620, 172.23434
-0.16796015E-2, 0.22997716E-2, 0.40605482E-4, 0.19175955E-7, 0.68247053E-2, 9.6552811, 17.434628, 121.58620, 172.23434
-0.37013588E-3, 0.29515666E-2, 0.40605388E-4, 0.13845989E-4, 0.40614107E-2, 9.6549110, 17.434048, 121.58620, 172.23434
0.23955008E-3, 0.25465689E-2, 0.40605282E-4, 0.24552662E-6, 0.21270090E-2, 9.6551476, 17.434418, 121.58620, 172.23434
0.19572666E-3, 0.27242794E-2, 0.40605169E-4, 0.19157692E-6, 0.24071417E-2, 9.6553450, 17.434729, 121.58620, 172.23434
0.20278910E-3, 0.29455898E-2, 0.40605053E-4, 0.19279307E-7, 0.25978938E-2, 9.6555500, 17.435049, 121.58620, 172.23434
0.39155802E-3, 0.31023561E-2, 0.40604951E-4, 0.19258950E-7, 0.22609532E-2, 9.6559410, 17.435661, 121.58620, 172.23438
0.42882032E-3, 0.27987158E-2, 0.40604846E-4, 0.19241398E-7, 0.18791173E-2, 9.6563711, 17.436338, 121.58620, 172.23438
0.37848504E-3, 0.25205617E-2, 0.40604737E-4, 0.19226817E-7, 0.17462047E-2, 9.6567488, 17.436930, 121.58620, 172.23438
0.31700425E-3, 0.22678813E-2, 0.40604638E-4, 0.19215083E-7, 0.16658411E-2, 9.6570663, 17.437428, 121.58620, 172.23438
0.23335747E-3, 0.20068237E-2, 0.40604569E-4, 0.19205938E-7, 0.16344563E-2, 9.6573009, 17.437796, 121.58620, 172.23438
0.37440597E-4, 0.19547318E-2, 0.40604496E-4, 0.19198847E-7, 0.20884594E-2, 9.6573410, 17.437860, 121.58620, 172.23438
0.29617260E-4, 0.20001819E-2, 0.40604420E-4, 0.19193374E-7, 0.21512192E-2, 9.6573696, 17.437904, 121.58620, 172.23438
0.25057192E-4, 0.18392616E-2, 0.40604380E-4, 0.19189269E-7, 0.20110623E-2, 9.6573973, 17.437948, 121.58620, 172.23438
0.88686444E-4, 0.16687340E-2, 0.40604336E-4, 0.19186357E-7, 0.16866669E-2, 9.6574850, 17.438086, 121.58620, 172.23438
0.11118781E-3, 0.15417414E-2, 0.40604311E-4, 0.19184370E-7, 0.15089551E-2, 9.6575937, 17.438255, 121.58620, 172.23438
0.77916280E-4, 0.14381793E-2, 0.40604296E-4, 0.19183000E-7, 0.14966087E-2, 9.6576738, 17.438381, 121.58620, 172.23438
0.12891514E-3, 0.14207718E-2, 0.40604285E-4, 0.19182066E-7, 0.13489433E-2, 9.6578045, 17.438587, 121.58620, 172.23438
0.21027341E-3, 0.13467830E-2, 0.40604271E-4, 0.19181583E-7, 0.10700037E-2, 9.6580153, 17.438917, 121.58620, 172.23438
0.22476193E-3, 0.12352781E-2, 0.40604264E-4, 0.19181449E-7, 0.92753145E-3, 9.6582413, 17.439272, 121.58620, 172.23438
0.23876622E-3, 0.10931302E-2, 0.40604264E-4, 0.19181478E-7, 0.75747527E-3, 9.6584806, 17.439648, 121.58620, 172.23438
0.24563092E-3, 0.10697095E-2, 0.40604264E-4, 0.19181684E-7, 0.71753684E-3, 9.6587248, 17.440031, 121.58620, 172.23438
0.26340451E-3, 0.11332128E-2, 0.40604264E-4, 0.19181984E-7, 0.73135027E-3, 9.6589870, 17.440441, 121.58620, 172.23438
-0.33922286E-4, 0.12706893E-2, 0.40604264E-4, 0.19182329E-7, 0.16241389E-2, 9.6589527, 17.440390, 121.58620, 172.23438
-0.62304398E-3, 0.16776139E-2, 0.40604245E-4, 0.19181389E-7, 0.35199567E-2, 9.6583319, 17.439413, 121.58620, 172.23438
-0.26863682E-3, 0.15906737E-2, 0.40604235E-4, 0.19180519E-7, 0.25275727E-2, 9.6580629, 17.438992, 121.58620, 172.23438
-0.21799575E-3, 0.12157722E-2, 0.40604220E-4, 0.19179982E-7, 0.20447774E-2, 9.6578455, 17.438650, 121.58620, 172.23438
-0.11686001E-3, 0.10767466E-2, 0.40604220E-4, 0.19179611E-7, 0.16540125E-2, 9.6577301, 17.438471, 121.58620, 172.23438
-0.94864219E-4, 0.10577170E-2, 0.40604220E-4, 0.19179330E-7, 0.15793366E-2, 9.6576366, 17.438324, 121.58620, 172.23438
-0.84669467E-4, 0.88712299E-3, 0.40604220E-4, 0.19179090E-7, 0.13926406E-2, 9.6575527, 17.438190, 121.58620, 172.23438
0.61400417E-4, 0.73403178E-3, 0.40604220E-4, 0.19179014E-7, 0.87336585E-3, 9.6576118, 17.438286, 121.58620, 172.23438
0.14246837E-3, 0.68677124E-3, 0.40604220E-4, 0.19179129E-7, 0.62048942E-3, 9.6577549, 17.438509, 121.58620, 172.23438
0.21058937E-3, 0.70408056E-3, 0.40604220E-4, 0.19179410E-7, 0.46148035E-3, 9.6579638, 17.438835, 121.58620, 172.23438
0.26214326E-3, 0.68145501E-3, 0.40604220E-4, 0.19179845E-7, 0.30755124E-3, 9.6582270, 17.439249, 121.58620, 172.23438
0.27882479E-3, 0.67962555E-3, 0.40604220E-4, 0.19180368E-7, 0.26271172E-3, 9.6585054, 17.439686, 121.58620, 172.23438
0.30910163E-3, 0.69474988E-3, 0.40604220E-4, 0.19180931E-7, 0.19883443E-3, 9.6588144, 17.440170, 121.58620, 172.23438
0.34226177E-3, 0.70263806E-3, 0.40604220E-4, 0.19181570E-7, 0.12076054E-3, 9.6591578, 17.440710, 121.58620, 172.23438
0.36326365E-3, 0.69988880E-3, 0.40604220E-4, 0.19182266E-7, 0.63952248E-4, 9.6595211, 17.441278, 121.58620, 172.23438
0.36751089E-3, 0.66538400E-3, 0.40604220E-4, 0.19182993E-7, 0.20463260E-4, 9.6598883, 17.441854, 121.58620, 172.23438
0.36721909E-3, 0.64734678E-3, 0.40604220E-4, 0.19183718E-7, 0.40531741E-5, 9.6602564, 17.442432, 121.58620, 172.23438
0.36836765E-3, 0.64647564E-3, 0.40604220E-4, 0.19184451E-7, 0.0000000, 9.6606245, 17.443010, 121.58620, 172.23438
0.35605987E-3, 0.61295368E-3, 0.40604220E-4, 0.19185169E-7, 0.0000000, 9.6609821, 17.443573, 121.58620, 172.23438
0.34316050E-3, 0.57777617E-3, 0.40604220E-4, 0.19185876E-7, 0.0000000, 9.6613245, 17.444109, 121.58620, 172.23438
0.36945273E-3, 0.65043254E-3, 0.40604220E-4, 0.19186581E-7, 0.0000000, 9.6616955, 17.444691, 121.58620, 172.23438
0.33032388E-3, 0.54302654E-3, 0.40604220E-4, 0.19187279E-7, 0.0000000, 9.6620245, 17.445208, 121.58620, 172.23438
0.30928000E-3, 0.48536411E-3, 0.40604220E-4, 0.19187908E-7, 0.0000000, 9.6623316, 17.445688, 121.58620, 172.23438
0.32207274E-3, 0.52091712E-3, 0.40604220E-4, 0.19188535E-7, 0.0000000, 9.6626539, 17.446194, 121.58620, 172.23438
0.32818882E-3, 0.53809048E-3, 0.40604220E-4, 0.19189178E-7, 0.0000000, 9.6629839, 17.446711, 121.58620, 172.23438
0.33294517E-3, 0.55153918E-3, 0.40604220E-4, 0.19189834E-7, 0.0000000, 9.6633148, 17.447231, 121.58620, 172.23438
-0.41738394E-3, 0.62295690E-3, 0.40604220E-4, 0.19190024E-7, 0.19934825E-2, 9.6628962, 17.446573, 121.58620, 172.23438
-0.32820375E-3, 0.58385602E-3, 0.40604220E-4, 0.19188960E-7, 0.17278013E-2, 9.6625681, 17.446060, 121.58620, 172.23438
0.14985276E-3, 0.52987738E-3, 0.40604220E-4, 0.19188786E-7, 0.44938026E-3, 9.6627169, 17.446293, 121.58620, 172.23438
0.25400880E-3, 0.57095784E-3, 0.40604220E-4, 0.19189182E-7, 0.21972127E-3, 9.6629725, 17.446693, 121.58620, 172.23438
0.35692999E-3, 0.64519548E-3, 0.40604220E-4, 0.19189791E-7, 0.23976900E-4, 9.6633282, 17.447252, 121.58620, 172.23438
0.35348945E-3, 0.61018532E-3, 0.40604220E-4, 0.19190495E-7, 0.0000000, 9.6636829, 17.447807, 121.58620, 172.23438
0.33982808E-3, 0.57270017E-3, 0.40604220E-4, 0.19191184E-7, 0.0000000, 9.6640215, 17.448338, 121.58620, 172.23438
0.30943539E-3, 0.48880215E-3, 0.40604220E-4, 0.19191834E-7, 0.0000000, 9.6643295, 17.448822, 121.58620, 172.23438
0.32172998E-3, 0.52323245E-3, 0.40604220E-4, 0.19192454E-7, 0.0000000, 9.6646481, 17.449322, 121.58620, 172.23438
0.35936167E-3, 0.62802271E-3, 0.40604220E-4, 0.19193118E-7, 0.0000000, 9.6650076, 17.449886, 121.58620, 172.23438
0.28439020E-3, 0.42018795E-3, 0.40604220E-4, 0.19193770E-7, 0.0000000, 9.6652918, 17.450333, 121.58620, 172.23438
0.23695677E-3, 0.28867379E-3, 0.40604220E-4, 0.19194287E-7, 0.0000000, 9.6655283, 17.450703, 121.58620, 172.23438
0.23836238E-3, 0.29285977E-3, 0.40604220E-4, 0.19194760E-7, 0.0000000, 9.6657658, 17.451077, 121.58620, 172.23438
0.23467281E-3, 0.28285960E-3, 0.40604220E-4, 0.19195227E-7, 0.0000000, 9.6659994, 17.451441, 121.58620, 172.23438
0.23781027E-3, 0.29188464E-3, 0.40604220E-4, 0.19195694E-7, 0.0000000, 9.6662416, 17.451820, 121.58620, 172.23438
0.21563871E-3, 0.23029812E-3, 0.40604220E-4, 0.19196154E-7, 0.0000000, 9.6664553, 17.452156, 121.58620, 172.23438
0.21748914E-3, 0.23572087E-3, 0.40604220E-4, 0.19196573E-7, 0.0000000, 9.6666756, 17.452503, 121.58620, 172.23438
0.22295801E-3, 0.25127103E-3, 0.40604220E-4, 0.19197014E-7, 0.0000000, 9.6668968, 17.452848, 121.58620, 172.23438
0.22047560E-3, 0.24459051E-3, 0.40604220E-4, 0.19197435E-7, 0.0000000, 9.6671200, 17.453199, 121.58620, 172.23438
0.22330119E-3, 0.25277067E-3, 0.40604220E-4, 0.19197836E-7, 0.0000000, 9.6673441, 17.453550, 121.58620, 172.23438
0.23019788E-3, 0.27238915E-3, 0.40604220E-4, 0.19198291E-7, 0.0000000, 9.6675749, 17.453915, 121.58620, 172.23438
0.24067823E-3, 0.30210809E-3, 0.40604220E-4, 0.19198756E-7, 0.0000000, 9.6678123, 17.454285, 121.58620, 172.23438
0.25949805E-3, 0.35531263E-3, 0.40604220E-4, 0.19199247E-7, 0.0000000, 9.6680689, 17.454689, 121.58620, 172.23438
0.25848675E-3, 0.35280109E-3, 0.40604220E-4, 0.19199767E-7, 0.0000000, 9.6683283, 17.455095, 121.58620, 172.23438
0.26461505E-3, 0.37039022E-3, 0.40604220E-4, 0.19200291E-7, 0.0000000, 9.6685915, 17.455507, 121.58620, 172.23438
0.27813506E-3, 0.40885591E-3, 0.40604220E-4, 0.19200817E-7, 0.0000000, 9.6688690, 17.455944, 121.58620, 172.23438
0.27869342E-3, 0.41079431E-3, 0.40604220E-4, 0.19201366E-7, 0.0000000, 9.6691484, 17.456381, 121.58620, 172.23438
0.25902200E-3, 0.35560297E-3, 0.40604220E-4, 0.19201925E-7, 0.0000000, 9.6694107, 17.456793, 121.58620, 172.23438
0.25273889E-3, 0.33819253E-3, 0.40604220E-4, 0.19202419E-7, 0.0000000, 9.6696634, 17.457188, 121.58620, 172.23438
0.22886584E-3, 0.27099112E-3, 0.40604220E-4, 0.19202904E-7, 0.0000000, 9.6698923, 17.457548, 121.58620, 172.23438
0.24671876E-3, 0.32189552E-3, 0.40604220E-4, 0.19203371E-7, 0.0000000, 9.6701403, 17.457935, 121.58620, 172.23438
0.25107124E-3, 0.33459344E-3, 0.40604220E-4, 0.19203869E-7, 0.0000000, 9.6703911, 17.458328, 121.58620, 172.23438
0.25187072E-3, 0.33721459E-3, 0.40604220E-4, 0.19204377E-7, 0.0000000, 9.6706419, 17.458723, 121.58620, 172.23438
0.24125336E-3, 0.30739536E-3, 0.40604220E-4, 0.19204872E-7, 0.0000000, 9.6708860, 17.459106, 121.58620, 172.23438
-0.16923297E-3, 0.40818160E-3, 0.40604220E-4, 0.19205219E-7, 0.11448956E-2, 9.6707172, 17.458843, 121.58620, 172.23438
-0.42335625E-3, 0.50653674E-3, 0.40604220E-4, 0.19204290E-7, 0.18860435E-2, 9.6702919, 17.458176, 121.58620, 172.23438
0.52895062E-4, 0.40141016E-3, 0.40604220E-4, 0.19203938E-7, 0.56782248E-3, 9.6703472, 17.458260, 121.58620, 172.23438
0.25251837E-3, 0.34662869E-3, 0.40604220E-4, 0.19204288E-7, 0.54899247E-5, 9.6705990, 17.458656, 121.58620, 172.23438
0.25415668E-3, 0.34553648E-3, 0.40604220E-4, 0.19204785E-7, 0.0000000, 9.6708546, 17.459057, 121.58620, 172.23438
0.24503923E-3, 0.31986466E-3, 0.40604220E-4, 0.19205265E-7, 0.0000000, 9.6710978, 17.459438, 121.58620, 172.23438
0.24533775E-3, 0.32110204E-3, 0.40604220E-4, 0.19205741E-7, 0.0000000, 9.6713419, 17.459822, 121.58620, 172.23438
0.23926416E-3, 0.30408794E-3, 0.40604220E-4, 0.19206233E-7, 0.0000000, 9.6715803, 17.460196, 121.58620, 172.23438
0.23627888E-3, 0.29590429E-3, 0.40604220E-4, 0.19206718E-7, 0.0000000, 9.6718178, 17.460569, 121.58620, 172.23438
0.23352608E-3, 0.37260674E-3, 0.40604220E-4, 0.19207214E-7, 0.75362936E-4, 9.6720533, 17.460938, 121.58620, 172.23438
0.21272071E-3, 0.40716620E-3, 0.40604220E-4, 0.19207588E-7, 0.15937490E-3, 9.6722631, 17.461266, 121.58620, 172.23438
0.24222588E-3, 0.31390041E-3, 0.40604220E-4, 0.19208082E-7, 0.0000000, 9.6725054, 17.461645, 121.58620, 172.23438
0.22489126E-3, 0.26436950E-3, 0.40604220E-4, 0.19208519E-7, 0.0000000, 9.6727304, 17.462000, 121.58620, 172.23438
0.19962946E-3, 0.19186341E-3, 0.40604220E-4, 0.19208974E-7, 0.0000000, 9.6729317, 17.462315, 121.58620, 172.23438
0.21092304E-3, 0.22483661E-3, 0.40604220E-4, 0.19209381E-7, 0.0000000, 9.6731424, 17.462645, 121.58620, 172.23438
0.21362178E-3, 0.23295725E-3, 0.40604220E-4, 0.19209788E-7, 0.0000000, 9.6733561, 17.462980, 121.58620, 172.23438
0.15930220E-3, 0.23535368E-3, 0.40604220E-4, 0.19210120E-7, 0.14133326E-3, 9.6735172, 17.463232, 121.58620, 172.23438
0.20158749E-3, 0.19868609E-3, 0.40604220E-4, 0.19210443E-7, 0.0000000, 9.6737232, 17.463556, 121.58620, 172.23438
0.19173577E-3, 0.18439235E-3, 0.40604220E-4, 0.19210887E-7, 0.12396711E-4, 9.6739149, 17.463858, 121.58620, 172.23438
-0.50072094E-5, 0.23648606E-3, 0.40604220E-4, 0.19211210E-7, 0.56336587E-3, 9.6739111, 17.463850, 121.58620, 172.23438
-0.67181606E-3, 0.28340681E-3, 0.40604220E-4, 0.19210502E-7, 0.23169396E-2, 9.6732368, 17.462795, 121.58620, 172.23438
-0.80860418E-3, 0.31072216E-3, 0.40604220E-4, 0.19209022E-7, 0.26920196E-2, 9.6724262, 17.461523, 121.58620, 172.23438
-0.69001853E-3, 0.36574772E-3, 0.40604220E-4, 0.19207468E-7, 0.24355876E-2, 9.6717377, 17.460442, 121.58620, 172.23438
-0.36688804E-3, 0.38633391E-3, 0.40604220E-4, 0.19206395E-7, 0.16235118E-2, 9.6713715, 17.459867, 121.58620, 172.23438
0.54732336E-4, 0.38254820E-3, 0.40604220E-4, 0.19206027E-7, 0.53703017E-3, 9.6714249, 17.459951, 121.58620, 172.23438
0.24564861E-3, 0.32968738E-3, 0.40604220E-4, 0.19206414E-7, 0.0000000, 9.6716690, 17.460335, 121.58620, 172.23438
0.23373762E-3, 0.29516622E-3, 0.40604220E-4, 0.19206897E-7, 0.0000000, 9.6719027, 17.460699, 121.58620, 172.23438
0.21112576E-3, 0.22916507E-3, 0.40604220E-4, 0.19207345E-7, 0.0000000, 9.6721134, 17.461033, 121.58620, 172.23438
0.20587975E-3, 0.21413362E-3, 0.40604220E-4, 0.19207759E-7, 0.0000000, 9.6723242, 17.461361, 121.58620, 172.23438
0.17287598E-3, 0.18633717E-3, 0.40604220E-4, 0.19208166E-7, 0.60200429E-4, 9.6724949, 17.461630, 121.58620, 172.23438
-0.50921926E-5, 0.22845717E-3, 0.40604220E-4, 0.19208397E-7, 0.55357447E-3, 9.6724892, 17.461622, 121.58620, 172.23438
-0.27675659E-3, 0.23751878E-3, 0.40604220E-4, 0.19208152E-7, 0.12588188E-2, 9.6722126, 17.461187, 121.58620, 172.23438
-0.66247641E-3, 0.27534395E-3, 0.40604220E-4, 0.19206986E-7, 0.22819224E-2, 9.6715508, 17.460148, 121.58620, 172.23438
-0.75169795E-4, 0.23876224E-3, 0.40604220E-4, 0.19206166E-7, 0.74153993E-3, 9.6714764, 17.460032, 121.58620, 172.23438
0.18508155E-3, 0.22168628E-3, 0.40604220E-4, 0.19206215E-7, 0.58021531E-4, 9.6716623, 17.460323, 121.58620, 172.23438
0.21358725E-3, 0.23972729E-3, 0.40604220E-4, 0.19206604E-7, 0.0000000, 9.6718731, 17.460653, 121.58620, 172.23438
0.21857933E-3, 0.25508803E-3, 0.40604220E-4, 0.19207032E-7, 0.0000000, 9.6720905, 17.460997, 121.58620, 172.23438
0.21933607E-3, 0.25783532E-3, 0.40604220E-4, 0.19207476E-7, 0.0000000, 9.6723108, 17.461342, 121.58620, 172.23438
0.22038873E-3, 0.26148852E-3, 0.40604220E-4, 0.19207890E-7, 0.0000000, 9.6725311, 17.461687, 121.58620, 172.23438
0.20757027E-3, 0.22349671E-3, 0.40604220E-4, 0.19208359E-7, 0.0000000, 9.6727419, 17.462017, 121.58620, 172.23438
-0.93738105E-4, 0.26839232E-3, 0.40604220E-4, 0.19208521E-7, 0.81176410E-3, 9.6726484, 17.461872, 121.58620, 172.23438
-0.90836053E-4, 0.25578131E-3, 0.40604220E-4, 0.19208358E-7, 0.79312309E-3, 9.6725607, 17.461733, 121.58620, 172.23438
-0.71216411E-4, 0.30158038E-3, 0.40604220E-4, 0.19208208E-7, 0.78124902E-3, 9.6724930, 17.461626, 121.58620, 172.23438
-0.51395160E-4, 0.32575999E-3, 0.40604220E-4, 0.19208047E-7, 0.75041171E-3, 9.6724396, 17.461542, 121.58620, 172.23438
-0.47949154E-4, 0.26907548E-3, 0.40604220E-4, 0.19207935E-7, 0.69303659E-3, 9.6723919, 17.461468, 121.58620, 172.23438
0.49430400E-5, 0.17138466E-3, 0.40604220E-4, 0.19207942E-7, 0.47407314E-3, 9.6723976, 17.461477, 121.58620, 172.23438
0.24785999E-4, 0.15587592E-3, 0.40604220E-4, 0.19208008E-7, 0.40959640E-3, 9.6724205, 17.461512, 121.58620, 172.23438
0.32750188E-4, 0.13433714E-3, 0.40604220E-4, 0.19208132E-7, 0.37060570E-3, 9.6724558, 17.461569, 121.58620, 172.23438
-0.70886024E-4, 0.13517510E-3, 0.40604220E-4, 0.19208118E-7, 0.63708070E-3, 9.6723843, 17.461456, 121.58620, 172.23438
0.23328175E-4, 0.12719177E-3, 0.40604220E-4, 0.19208107E-7, 0.38803823E-3, 9.6724052, 17.461489, 121.58620, 172.23438
-0.14868359E-4, 0.11985512E-3, 0.40604220E-4, 0.19208155E-7, 0.47963590E-3, 9.6723928, 17.461470, 121.58620, 172.23438
-0.19210980E-3, 0.12457708E-3, 0.40604220E-4, 0.19207970E-7, 0.93836593E-3, 9.6722040, 17.461172, 121.58620, 172.23438
-0.10322277E-3, 0.10375285E-3, 0.40604220E-4, 0.19207597E-7, 0.69251296E-3, 9.6721020, 17.461012, 121.58620, 172.23438
-0.26349851E-3, 0.10968572E-3, 0.40604220E-4, 0.19207357E-7, 0.11086221E-2, 9.6718397, 17.460604, 121.58620, 172.23438
-0.33365359E-3, 0.11697981E-3, 0.40604220E-4, 0.19206656E-7, 0.12943931E-2, 9.6715059, 17.460077, 121.58620, 172.23438
-0.26332457E-2, 0.18362496E-3, 0.40604220E-4, 0.19204382E-7, 0.72544529E-2, 9.6688728, 17.455950, 121.58620, 172.23438
-0.32278688E-2, 0.34361373E-3, 0.40604220E-4, 0.19197632E-7, 0.89118304E-2, 9.6656446, 17.450886, 121.58620, 172.23438
-0.21333108E-2, 0.25494525E-3, 0.40604220E-4, 0.19192498E-7, 0.60284855E-2, 9.6635132, 17.447542, 121.58620, 172.23438
-0.12912476E-2, 0.17223797E-3, 0.40604220E-4, 0.19189214E-7, 0.37982007E-2, 9.6622200, 17.445515, 121.58620, 172.23438
-0.95481641E-3, 0.18999464E-3, 0.40604220E-4, 0.19186826E-7, 0.29479838E-2, 9.6612644, 17.444014, 121.58620, 172.23438
-0.18861566E-2, 0.20056419E-3, 0.40604220E-4, 0.19184435E-7, 0.53484989E-2, 9.6593761, 17.441051, 121.58620, 172.23438
-0.19096001E-2, 0.20918845E-3, 0.40604220E-4, 0.19180469E-7, 0.54153907E-2, 9.6574659, 17.438057, 121.58620, 172.23438
-0.19409737E-2, 0.24380993E-3, 0.40604220E-4, 0.19176651E-7, 0.55234605E-2, 9.6555243, 17.435009, 121.58620, 172.23438
-0.14913905E-2, 0.27379079E-3, 0.40604220E-4, 0.19173074E-7, 0.43921871E-2, 9.6540346, 17.432671, 121.58620, 172.23438
-0.10425983E-2, 0.19509884E-3, 0.40604220E-4, 0.19170569E-7, 0.31760572E-2, 9.6529922, 17.431036, 121.58620, 172.23438
-0.10143985E-2, 0.19917669E-3, 0.40604220E-4, 0.19168665E-7, 0.31064495E-2, 9.6519794, 17.429447, 121.58620, 172.23438
-0.10951252E-2, 0.20228111E-3, 0.40604220E-4, 0.19166535E-7, 0.33159219E-2, 9.6508846, 17.427729, 121.58620, 172.23438
-0.11838889E-2, 0.21370660E-3, 0.40604220E-4, 0.19164300E-7, 0.35526233E-2, 9.6497011, 17.425871, 121.58620, 172.23438
-0.10723660E-2, 0.23415731E-3, 0.40604220E-4, 0.19161995E-7, 0.32818629E-2, 9.6486282, 17.424189, 121.58620, 172.23438
-0.78794139E-3, 0.22254404E-3, 0.40604220E-4, 0.19160094E-7, 0.25415032E-2, 9.6478405, 17.422953, 121.58620, 172.23438
-0.35543527E-3, 0.21412385E-3, 0.40604220E-4, 0.19159042E-7, 0.14231370E-2, 9.6474848, 17.422394, 121.58620, 172.23438
0.53844371E-4, 0.19034090E-3, 0.40604220E-4, 0.19158565E-7, 0.35239538E-3, 9.6475372, 17.422476, 121.58620, 172.23438
0.19570174E-3, 0.20669904E-3, 0.40604220E-4, 0.19158845E-7, 0.0000000, 9.6477356, 17.422787, 121.58620, 172.23438
0.18314678E-3, 0.16600115E-3, 0.40604220E-4, 0.19159261E-7, 0.0000000, 9.6479197, 17.423077, 121.58620, 172.23438
0.18821952E-3, 0.18376361E-3, 0.40604220E-4, 0.19159687E-7, 0.0000000, 9.6481113, 17.423378, 121.58620, 172.23438
0.20640175E-3, 0.24546200E-3, 0.40604231E-4, 0.19160055E-7, 0.0000000, 9.6483183, 17.423702, 121.58620, 172.23438
0.19556764E-3, 0.21002363E-3, 0.40604242E-4, 0.19160472E-7, 0.0000000, 9.6485128, 17.424007, 121.58620, 172.23438
0.20003387E-3, 0.22603480E-3, 0.40604242E-4, 0.19160836E-7, 0.0000000, 9.6487131, 17.424320, 121.58620, 172.23438
0.18676986E-3, 0.18208202E-3, 0.40604242E-4, 0.19161240E-7, 0.0000000, 9.6489010, 17.424616, 121.58620, 172.23438
0.19122942E-3, 0.19826223E-3, 0.40604242E-4, 0.19161634E-7, 0.0000000, 9.6490974, 17.424925, 121.58620, 172.23438
-0.26137830E-4, 0.22329905E-3, 0.40604245E-4, 0.19161948E-7, 0.57651754E-3, 9.6490746, 17.424887, 121.58620, 172.23438
-0.81666530E-3, 0.22392295E-3, 0.40604245E-4, 0.19161366E-7, 0.26074958E-2, 9.6482573, 17.423607, 121.58620, 172.23438
-0.28129111E-2, 0.36235966E-3, 0.40604271E-4, 0.19157309E-7, 0.78399610E-2, 9.6454439, 17.419189, 121.58620, 172.23438
-0.16528947E-2, 0.32260202E-3, 0.40604293E-4, 0.19152923E-7, 0.48302691E-2, 9.6437902, 17.416595, 121.58620, 172.23438
-0.84051944E-3, 0.30567753E-3, 0.40604296E-4, 0.19150336E-7, 0.27303577E-2, 9.6429510, 17.415277, 121.58620, 172.23438
-0.33576263E-3, 0.25720143E-3, 0.40604304E-4, 0.19149262E-7, 0.13969614E-2, 9.6426172, 17.414755, 121.58620, 172.23438
-0.21773860E-4, 0.25655507E-3, 0.40604304E-4, 0.19148878E-7, 0.58929186E-3, 9.6425943, 17.414719, 121.58620, 172.23438
-0.75154164E-3, 0.26012069E-3, 0.40604307E-4, 0.19148704E-7, 0.24665727E-2, 9.6418428, 17.413538, 121.58620, 172.23438
-0.13447432E-2, 0.30683790E-3, 0.40604315E-4, 0.19146212E-7, 0.40256060E-2, 9.6404991, 17.411428, 121.58620, 172.23438
-0.11787781E-2, 0.33683048E-3, 0.40604333E-4, 0.19143769E-7, 0.36216381E-2, 9.6393194, 17.409578, 121.58620, 172.23438
-0.12269992E-2, 0.39095184E-3, 0.40604413E-4, 0.19141295E-7, 0.37864204E-2, 9.6380920, 17.407652, 121.58620, 172.23438
-0.96792303E-3, 0.39701196E-3, 0.40604464E-4, 0.19139140E-7, 0.31258923E-2, 9.6371250, 17.406134, 121.58620, 172.23438
-0.90662343E-3, 0.41578166E-3, 0.40604522E-4, 0.19137275E-7, 0.29831829E-2, 9.6362181, 17.404709, 121.58620, 172.23438
-0.72091632E-3, 0.44725605E-3, 0.40604566E-4, 0.19135559E-7, 0.25305923E-2, 9.6354990, 17.403582, 121.58620, 172.23438
-0.56297751E-3, 0.39330052E-3, 0.40604617E-4, 0.19134280E-7, 0.20849779E-2, 9.6349344, 17.402695, 121.58620, 172.23438
-0.45312598E-3, 0.40277946E-3, 0.40604653E-4, 0.19133251E-7, 0.18104204E-2, 9.6344814, 17.401983, 121.58620, 172.23438
-0.36287407E-3, 0.40561444E-3, 0.40604704E-4, 0.19132433E-7, 0.15812600E-2, 9.6341162, 17.401409, 121.58620, 172.23438
-0.26574609E-3, 0.39135970E-3, 0.40604737E-4, 0.19131791E-7, 0.13213905E-2, 9.6338482, 17.400988, 121.58620, 172.23438
-0.10227622E-3, 0.41751374E-3, 0.40604780E-4, 0.19131358E-7, 0.92157919E-3, 9.6337461, 17.400829, 121.58620, 172.23438
0.13454005E-4, 0.36287287E-3, 0.40604809E-4, 0.19131249E-7, 0.58300252E-3, 9.6337595, 17.400850, 121.58620, 172.23438
-0.10827814E-2, 0.37696655E-3, 0.40604857E-4, 0.19130741E-7, 0.34109787E-2, 9.6326771, 17.399151, 121.58620, 172.23438
-0.14244145E-2, 0.44541355E-3, 0.40604922E-4, 0.19127947E-7, 0.43417718E-2, 9.6312513, 17.396914, 121.58620, 172.23438
-0.14350201E-2, 0.55969757E-3, 0.40605028E-4, 0.34236411E-4, 0.44233711E-2, 9.6298170, 17.394661, 121.58620, 172.23438
-0.89718198E-3, 0.72337152E-3, 0.40605129E-4, 0.44289493E-4, 0.31597374E-2, 9.6289177, 17.393248, 121.58620, 172.23438
-0.88916766E-3, 0.80249843E-3, 0.40605235E-4, 0.17963468E-4, 0.32311457E-2, 9.6280298, 17.391855, 121.58620, 172.23438
-0.59417047E-3, 0.91009750E-3, 0.40605351E-4, 0.42631359E-5, 0.25760822E-2, 9.6274357, 17.390923, 121.58621, 172.23441
-0.68354548E-3, 0.98722230E-3, 0.40605464E-4, 0.19230109E-7, 0.28773332E-2, 9.6267529, 17.389849, 121.58622, 172.23447
-0.76525519E-3, 0.10064460E-2, 0.40605573E-4, 0.19207180E-7, 0.31093024E-2, 9.6259861, 17.388645, 121.58622, 172.23451
-0.79711358E-3, 0.10069606E-2, 0.40605679E-4, 0.19186325E-7, 0.31976984E-2, 9.6251879, 17.387392, 121.58622, 172.23454
-0.63887244E-3, 0.12062970E-2, 0.40605806E-4, 0.14515479E-6, 0.29581408E-2, 9.6245451, 17.386383, 121.58626, 172.23465
-0.67159190E-3, 0.13138502E-2, 0.40605926E-4, 0.16537958E-5, 0.31365224E-2, 9.6238747, 17.385330, 121.58629, 172.23477
-0.58363157E-3, 0.14125924E-2, 0.40606057E-4, 0.21448464E-6, 0.30016676E-2, 9.6232891, 17.384409, 121.58633, 172.23491
-0.62279135E-3, 0.12967030E-2, 0.40606174E-4, 0.19216451E-7, 0.30149950E-2, 9.6226664, 17.383432, 121.58634, 172.23497
-0.58471854E-3, 0.10374563E-2, 0.40606279E-4, 0.15345875E-4, 0.26916638E-2, 9.6220837, 17.382517, 121.58634, 172.23497
-0.72289858E-3, 0.94577036E-3, 0.40606392E-4, 0.19219446E-7, 0.29885664E-2, 9.6213598, 17.381380, 121.58634, 172.23497
-0.70503348E-3, 0.10127858E-2, 0.40606508E-4, 0.25533936E-5, 0.29984384E-2, 9.6206551, 17.380274, 121.58634, 172.23497
-0.55890938E-3, 0.11027849E-2, 0.40606610E-4, 0.49063739E-4, 0.26546014E-2, 9.6200972, 17.379398, 121.58634, 172.23497
-0.59383182E-3, 0.12757726E-2, 0.40606716E-4, 0.72277039E-5, 0.29352282E-2, 9.6195040, 17.378466, 121.58636, 172.23502
-0.59375702E-3, 0.14930472E-2, 0.40606832E-4, 0.67740675E-5, 0.31240063E-2, 9.6189079, 17.377527, 121.58639, 172.23512
-0.50936179E-3, 0.16752486E-2, 0.40606952E-4, 0.90804349E-7, 0.30748521E-2, 9.6183977, 17.376728, 121.58644, 172.23524
-0.66091295E-3, 0.16012739E-2, 0.40607065E-4, 0.10159065E-4, 0.33979462E-2, 9.6177387, 17.375694, 121.58647, 172.23532
-0.61372796E-3, 0.15508686E-2, 0.40607181E-4, 0.70333542E-7, 0.32490646E-2, 9.6171236, 17.374725, 121.58649, 172.23540
-0.65285910E-3, 0.14041406E-2, 0.40607294E-4, 0.19198779E-7, 0.32278839E-2, 9.6164684, 17.373699, 121.58649, 172.23541
-0.58140873E-3, 0.14660682E-2, 0.40607396E-4, 0.19177005E-7, 0.31010739E-2, 9.6158905, 17.372791, 121.58651, 172.23546
-0.60120318E-3, 0.12590609E-2, 0.40607501E-4, 0.19157989E-7, 0.29760953E-2, 9.6152916, 17.371849, 121.58651, 172.23547
-0.60352893E-3, 0.12086718E-2, 0.40607585E-4, 0.19141861E-7, 0.29404140E-2, 9.6146889, 17.370905, 121.58651, 172.23547
-0.45171683E-3, 0.11848725E-2, 0.40607643E-4, 0.19128752E-7, 0.25311876E-2, 9.6142359, 17.370192, 121.58651, 172.23550
-0.32003431E-3, 0.99644694E-3, 0.40607680E-4, 0.19118605E-7, 0.20302420E-2, 9.6139183, 17.369692, 121.58651, 172.23550
-0.19185169E-3, 0.88328158E-3, 0.40607705E-4, 0.19110969E-7, 0.16029694E-2, 9.6137285, 17.369392, 121.58651, 172.23550
-0.20857310E-3, 0.67525118E-3, 0.40607727E-4, 0.19105324E-7, 0.14652563E-2, 9.6135225, 17.369070, 121.58651, 172.23550
-0.25864478E-3, 0.62859338E-3, 0.40607727E-4, 0.19101021E-7, 0.15533353E-2, 9.6132641, 17.368664, 121.58651, 172.23550
-0.74760709E-3, 0.63069677E-3, 0.40607727E-4, 0.19097557E-7, 0.28120123E-2, 9.6125202, 17.367496, 121.58651, 172.23550
-0.12891090E-2, 0.83874416E-3, 0.40607727E-4, 0.19093349E-7, 0.43850625E-2, 9.6112328, 17.365473, 121.58651, 172.23550
-0.11876907E-2, 0.10269780E-2, 0.40607749E-4, 0.19089484E-7, 0.42885812E-2, 9.6100464, 17.363611, 121.58651, 172.23550
-0.83829870E-3, 0.13577624E-2, 0.40607811E-4, 0.19086329E-7, 0.36796648E-2, 9.6092091, 17.362295, 121.58651, 172.23553
-0.91807696E-3, 0.14113412E-2, 0.40607858E-4, 0.18517496E-4, 0.39151302E-2, 9.6082897, 17.360851, 121.58651, 172.23553
-0.45598540E-3, 0.16173865E-2, 0.40607963E-4, 0.39118837E-4, 0.28893012E-2, 9.6078339, 17.360134, 121.58651, 172.23553
-0.34231771E-3, 0.19220838E-2, 0.40608080E-4, 0.17940998E-5, 0.29050072E-2, 9.6074924, 17.359598, 121.58653, 172.23563
-0.37496959E-3, 0.19976464E-2, 0.40608182E-4, 0.10416516E-5, 0.30608696E-2, 9.6071196, 17.359015, 121.58655, 172.23575
-0.26481284E-3, 0.21836688E-2, 0.40608287E-4, 0.19184434E-7, 0.29476730E-2, 9.6068563, 17.358599, 121.58658, 172.23587
-0.23086260E-3, 0.22576712E-2, 0.40608400E-4, 0.81997141E-5, 0.29231778E-2, 9.6066265, 17.358236, 121.58662, 172.23599
-0.41312547E-3, 0.20570795E-2, 0.40608516E-4, 0.25509061E-6, 0.32270518E-2, 9.6062126, 17.357586, 121.58663, 172.23607
-0.42096514E-3, 0.19416107E-2, 0.40608618E-4, 0.19179712E-7, 0.31486729E-2, 9.6057920, 17.356928, 121.58665, 172.23613
-0.41336264E-3, 0.22228230E-2, 0.40608724E-4, 0.82202414E-5, 0.33746595E-2, 9.6053810, 17.356281, 121.58668, 172.23625
-0.50088385E-3, 0.20450414E-2, 0.40608829E-4, 0.28951417E-4, 0.34244715E-2, 9.6048832, 17.355499, 121.58668, 172.23625
0.45576949E-5, 0.27182163E-2, 0.40608949E-4, 0.19196921E-7, 0.27593956E-2, 9.6048870, 17.355505, 121.58674, 172.23642
-0.25571781E-3, 0.22922808E-2, 0.40609037E-4, 0.74441290E-4, 0.29781582E-2, 9.6046305, 17.355103, 121.58675, 172.23650
-0.26494329E-3, 0.20345689E-2, 0.40609117E-4, 0.12768416E-4, 0.28357380E-2, 9.6043653, 17.354687, 121.58675, 172.23650
-0.42973895E-3, 0.19729778E-2, 0.40609175E-4, 0.10499142E-4, 0.32087995E-2, 9.6039381, 17.354013, 121.58675, 172.23650
-0.49769966E-3, 0.20692474E-2, 0.40609219E-4, 0.49513250E-6, 0.34823758E-2, 9.6034431, 17.353237, 121.58675, 172.23650
-0.44972502E-3, 0.20549386E-2, 0.40609240E-4, 0.65647151E-6, 0.33483198E-2, 9.6029902, 17.352524, 121.58675, 172.23650
-0.19943967E-3, 0.22914512E-2, 0.40609259E-4, 0.16107650E-4, 0.29050084E-2, 9.6027918, 17.352213, 121.58677, 172.23654
-0.53557793E-4, 0.24077643E-2, 0.40609277E-4, 0.18730427E-4, 0.26352711E-2, 9.6027384, 17.352129, 121.58678, 172.23662
0.72595183E-4, 0.30425449E-2, 0.40609324E-4, 0.16924267E-5, 0.29058722E-2, 9.6028118, 17.352243, 121.58685, 172.23679
0.10449896E-3, 0.31618187E-2, 0.40609364E-4, 0.28808413E-5, 0.29362049E-2, 9.6029167, 17.352407, 121.58691, 172.23695
0.15540080E-3, 0.31676986E-2, 0.40609419E-4, 0.19182846E-7, 0.28189798E-2, 9.6030769, 17.352661, 121.58697, 172.23711
0.27107366E-3, 0.30795936E-2, 0.40609440E-4, 0.19161671E-7, 0.24463546E-2, 9.6033487, 17.353088, 121.58702, 172.23726
-0.11798341E-3, 0.27569982E-2, 0.40609462E-4, 0.19142645E-7, 0.31568313E-2, 9.6032314, 17.352903, 121.58704, 172.23737
0.90932008E-4, 0.26864363E-2, 0.40609473E-4, 0.31220305E-4, 0.25271652E-2, 9.6033239, 17.353048, 121.58706, 172.23741
0.36345416E-3, 0.28295750E-2, 0.40609473E-4, 0.32190579E-4, 0.19590266E-2, 9.6036873, 17.353621, 121.58708, 172.23747
0.52649365E-3, 0.36740936E-2, 0.40609499E-4, 0.92568690E-7, 0.23477895E-2, 9.6042137, 17.354446, 121.58715, 172.23764
0.28428261E-3, 0.35101962E-2, 0.40609521E-4, 0.39858965E-5, 0.28218946E-2, 9.6044989, 17.354895, 121.58721, 172.23781
0.35600713E-3, 0.34825054E-2, 0.40609528E-4, 0.19185203E-7, 0.26206155E-2, 9.6048546, 17.355453, 121.58728, 172.23796
0.45566735E-3, 0.33735877E-2, 0.40609528E-4, 0.19164432E-7, 0.22684401E-2, 9.6053085, 17.356167, 121.58733, 172.23808
0.55252505E-3, 0.32712240E-2, 0.40609528E-4, 0.19146130E-7, 0.19288254E-2, 9.6058617, 17.357035, 121.58738, 172.23820
0.24459479E-3, 0.25158955E-2, 0.40609528E-4, 0.19130637E-7, 0.20280997E-2, 9.6061049, 17.357418, 121.58740, 172.23828
0.57189871E-4, 0.27876962E-2, 0.40609528E-4, 0.19117545E-7, 0.27617528E-2, 9.6061621, 17.357508, 121.58744, 172.23839
-0.13685966E-3, 0.29066382E-2, 0.40609528E-4, 0.19107075E-7, 0.33721684E-2, 9.6060247, 17.357292, 121.58747, 172.23846
-0.20638306E-3, 0.31702658E-2, 0.40609528E-4, 0.19098660E-7, 0.37962561E-2, 9.6058187, 17.356968, 121.58749, 172.23860
0.10589897E-3, 0.34426970E-2, 0.40609528E-4, 0.19092516E-7, 0.32474927E-2, 9.6059246, 17.357136, 121.58755, 172.23875
0.49365434E-3, 0.37291208E-2, 0.40609528E-4, 0.19088493E-7, 0.25182916E-2, 9.6064186, 17.357912, 121.58760, 172.23888
0.54193230E-3, 0.32987550E-2, 0.40609528E-4, 0.19086167E-7, 0.19993023E-2, 9.6069613, 17.358763, 121.58765, 172.23900
0.29561046E-3, 0.25600209E-2, 0.40609528E-4, 0.19084627E-7, 0.19509101E-2, 9.6072569, 17.359228, 121.58767, 172.23906
-0.36719419E-4, 0.28794568E-2, 0.40609528E-4, 0.19083181E-7, 0.31022336E-2, 9.6072226, 17.359175, 121.58771, 172.23915
0.24349079E-3, 0.28730114E-2, 0.40609528E-4, 0.19082069E-7, 0.23772924E-2, 9.6074648, 17.359554, 121.58772, 172.23924
0.21956007E-3, 0.23300664E-2, 0.40609528E-4, 0.19081629E-7, 0.19367731E-2, 9.6076822, 17.359898, 121.58772, 172.23924
0.25360679E-3, 0.20590459E-2, 0.40609528E-4, 0.19081412E-7, 0.15985165E-2, 9.6079359, 17.360296, 121.58772, 172.23924
-0.50400943E-3, 0.25669641E-2, 0.40609528E-4, 0.19080995E-7, 0.40177000E-2, 9.6074314, 17.359503, 121.58775, 172.23933
0.66399232E-4, 0.32141595E-2, 0.40609528E-4, 0.19079906E-7, 0.31527712E-2, 9.6074982, 17.359608, 121.58778, 172.23943
0.33446922E-3, 0.27548082E-2, 0.40609528E-4, 0.19080110E-7, 0.20387771E-2, 9.6078300, 17.360128, 121.58779, 172.23952
0.54056424E-3, 0.26632254E-2, 0.40609528E-4, 0.19080796E-7, 0.14248689E-2, 9.6083679, 17.360973, 121.58782, 172.23958
0.44881555E-3, 0.21275359E-2, 0.40609528E-4, 0.19081620E-7, 0.11639007E-2, 9.6088161, 17.361677, 121.58783, 172.23961
0.48092334E-3, 0.20587239E-2, 0.40609528E-4, 0.19082414E-7, 0.10177218E-2, 9.6092978, 17.362434, 121.58784, 172.23965
0.60923269E-3, 0.20885828E-2, 0.40609528E-4, 0.19083341E-7, 0.71582501E-3, 9.6099072, 17.363392, 121.58787, 172.23972
0.24518912E-3, 0.17554772E-2, 0.40609528E-4, 0.19084307E-7, 0.13424259E-2, 9.6101542, 17.363781, 121.58787, 172.23972
-0.17808925E-3, 0.21615149E-2, 0.40609528E-4, 0.19084396E-7, 0.28080109E-2, 9.6099730, 17.363495, 121.58788, 172.23975
-0.19898640E-3, 0.25884830E-2, 0.40609528E-4, 0.19083920E-7, 0.32590050E-2, 9.6097755, 17.363186, 121.58791, 172.23982
0.16382628E-3, 0.22201692E-2, 0.40609528E-4, 0.19083805E-7, 0.19844964E-2, 9.6099377, 17.363440, 121.58791, 172.23985
0.28395993E-3, 0.19680008E-2, 0.40609528E-4, 0.19084332E-7, 0.14414588E-2, 9.6102209, 17.363886, 121.58791, 172.23987
0.23656129E-3, 0.20107934E-2, 0.40609528E-4, 0.19084887E-7, 0.16032574E-2, 9.6104565, 17.364254, 121.58791, 172.23990
0.24328666E-3, 0.21090822E-2, 0.40609528E-4, 0.19085252E-7, 0.16775639E-2, 9.6106977, 17.364634, 121.58793, 172.23994
-0.22220943E-3, 0.17323778E-2, 0.40609528E-4, 0.19085524E-7, 0.25241342E-2, 9.6104765, 17.364286, 121.58793, 172.23994
-0.71292634E-5, 0.20318544E-2, 0.40609528E-4, 0.19085048E-7, 0.22497496E-2, 9.6104689, 17.364275, 121.58794, 172.23997
0.29717432E-3, 0.17244993E-2, 0.40609528E-4, 0.19085345E-7, 0.11816749E-2, 9.6107664, 17.364742, 121.58794, 172.23997
-0.97938208E-3, 0.35673995E-2, 0.40609528E-4, 0.45549964E-5, 0.61736419E-2, 9.6097870, 17.363203, 121.58800, 172.24017
0.12739634E-3, 0.39462959E-2, 0.40609528E-4, 0.23563389E-5, 0.36855051E-2, 9.6099148, 17.363403, 121.58804, 172.24034
0.76578627E-3, 0.48008165E-2, 0.40609517E-4, 0.20981652E-7, 0.28456987E-2, 9.6106777, 17.364601, 121.58810, 172.24051
0.70905261E-3, 0.40137391E-2, 0.40609484E-4, 0.19175518E-7, 0.22613979E-2, 9.6113853, 17.365713, 121.58815, 172.24065
0.99764252E-3, 0.42633759E-2, 0.40609477E-4, 0.19157980E-7, 0.17549455E-2, 9.6123819, 17.367279, 121.58820, 172.24078
0.88618638E-3, 0.35639112E-2, 0.40609448E-4, 0.19143616E-7, 0.13908903E-2, 9.6132679, 17.368671, 121.58824, 172.24088
0.33299290E-3, 0.25736480E-2, 0.40609444E-4, 0.23780518E-4, 0.18655740E-2, 9.6136007, 17.369194, 121.58824, 172.24088
0.26643445E-3, 0.38096341E-2, 0.40609444E-4, 0.10069149E-4, 0.32059459E-2, 9.6138659, 17.369610, 121.58824, 172.24098
0.26236070E-3, 0.37807208E-2, 0.40609444E-4, 0.11809083E-4, 0.31894578E-2, 9.6141291, 17.370024, 121.58825, 172.24112
0.51254017E-3, 0.42126467E-2, 0.40609408E-4, 0.35293820E-5, 0.29604118E-2, 9.6146412, 17.370829, 121.58831, 172.24129
0.47224970E-3, 0.41805208E-2, 0.40609386E-4, 0.28847739E-5, 0.30368136E-2, 9.6151123, 17.371569, 121.58835, 172.24146
0.67689770E-3, 0.45847520E-2, 0.40609331E-4, 0.65288140E-6, 0.28937352E-2, 9.6157866, 17.372629, 121.58840, 172.24162
0.96530851E-3, 0.47802301E-2, 0.40609291E-4, 0.19202734E-7, 0.23388537E-2, 9.6167498, 17.374140, 121.58846, 172.24176
0.11546602E-2, 0.48237983E-2, 0.40609233E-4, 0.19183759E-7, 0.18957965E-2, 9.6179047, 17.375954, 121.58852, 172.24190
0.98895968E-3, 0.40519047E-2, 0.40609200E-4, 0.19167320E-7, 0.16002057E-2, 9.6188927, 17.377504, 121.58858, 172.24202
0.99637243E-3, 0.37916184E-2, 0.40609146E-4, 0.19153621E-7, 0.13384348E-2, 9.6198883, 17.379070, 121.58862, 172.24214
0.84887556E-3, 0.30745156E-2, 0.40609120E-4, 0.19142883E-7, 0.10455714E-2, 9.6207352, 17.380400, 121.58865, 172.24220
-0.28549824E-4, 0.34015467E-2, 0.40609099E-4, 0.11438317E-4, 0.35970812E-2, 9.6207056, 17.380352, 121.58866, 172.24232
0.10747823E-2, 0.54676263E-2, 0.40608989E-4, 0.19219968E-7, 0.27144747E-2, 9.6217794, 17.382038, 121.58873, 172.24249
0.12244035E-2, 0.49335170E-2, 0.40608869E-4, 0.19200659E-7, 0.18311315E-2, 9.6230059, 17.383965, 121.58879, 172.24263
0.79260167E-3, 0.38238985E-2, 0.40608760E-4, 0.19183288E-7, 0.18998190E-2, 9.6237993, 17.385210, 121.58881, 172.24269
0.63320098E-3, 0.33082045E-2, 0.40608676E-4, 0.19168020E-7, 0.18254862E-2, 9.6244316, 17.386204, 121.58883, 172.24272
0.43632989E-3, 0.32263719E-2, 0.40608618E-4, 0.19155681E-7, 0.22550856E-2, 9.6248665, 17.386889, 121.58884, 172.24275
0.29666905E-3, 0.38829537E-2, 0.40608538E-4, 0.19145617E-7, 0.32324169E-2, 9.6251640, 17.387354, 121.58886, 172.24284
0.62519050E-3, 0.46922895E-2, 0.40608440E-4, 0.11124358E-5, 0.31500005E-2, 9.6257896, 17.388336, 121.58890, 172.24300
0.51720801E-3, 0.40948680E-2, 0.40608335E-4, 0.17037057E-4, 0.28508329E-2, 9.6263056, 17.389147, 121.58890, 172.24303
0.58916537E-3, 0.43761837E-2, 0.40608222E-4, 0.28292650E-5, 0.29462853E-2, 9.6268950, 17.390074, 121.58892, 172.24316
0.66968182E-3, 0.43093828E-2, 0.40608109E-4, 0.46283916E-4, 0.26343558E-2, 9.6275663, 17.391127, 121.58894, 172.24324
0.93473832E-3, 0.46056337E-2, 0.40608003E-4, 0.24189818E-4, 0.22558172E-2, 9.6285009, 17.392593, 121.58899, 172.24335
0.82545547E-3, 0.45354422E-2, 0.40607898E-4, 0.12406926E-4, 0.24838538E-2, 9.6293268, 17.393890, 121.58902, 172.24345
0.81886031E-3, 0.45793625E-2, 0.40607774E-4, 0.15189293E-4, 0.25408980E-2, 9.6301432, 17.395174, 121.58907, 172.24359
0.53881790E-3, 0.40646847E-2, 0.40607669E-4, 0.59138451E-5, 0.27856641E-2, 9.6306820, 17.396019, 121.58907, 172.24361
0.92977559E-3, 0.47754226E-2, 0.40607563E-4, 0.19249377E-7, 0.24585768E-2, 9.6316099, 17.397476, 121.58910, 172.24371
0.10969436E-2, 0.48864693E-2, 0.40607425E-4, 0.19229104E-7, 0.21353690E-2, 9.6327105, 17.399202, 121.58916, 172.24385
0.12240002E-2, 0.50156564E-2, 0.40607305E-4, 0.19210855E-7, 0.19324938E-2, 9.6339359, 17.401127, 121.58920, 172.24397
0.93568000E-3, 0.40289294E-2, 0.40607163E-4, 0.19195175E-7, 0.17428431E-2, 9.6348734, 17.402597, 121.58924, 172.24408
0.58383239E-3, 0.36774366E-2, 0.40607058E-4, 0.19181892E-7, 0.23156558E-2, 9.6354561, 17.403515, 121.58926, 172.24414
0.75833040E-3, 0.39491043E-2, 0.40606945E-4, 0.19171164E-7, 0.21245030E-2, 9.6362162, 17.404707, 121.58930, 172.24423
0.10038107E-2, 0.39184634E-2, 0.40606810E-4, 0.19163604E-7, 0.14654023E-2, 9.6372185, 17.406279, 121.58934, 172.24431
0.65559044E-3, 0.37441051E-2, 0.40606690E-4, 0.68195814E-5, 0.21891911E-2, 9.6378746, 17.407309, 121.58936, 172.24437
0.14184008E-2, 0.57497071E-2, 0.40606556E-4, 0.14090951E-5, 0.21316041E-2, 9.6392937, 17.409536, 121.58941, 172.24454
0.10776672E-2, 0.44707879E-2, 0.40606425E-4, 0.72534253E-5, 0.17936912E-2, 9.6403742, 17.411234, 121.58941, 172.24457
0.13415503E-2, 0.55454485E-2, 0.40606294E-4, 0.44066670E-7, 0.21407241E-2, 9.6417189, 17.413345, 121.58947, 172.24474
0.15617857E-2, 0.60864114E-2, 0.40606134E-4, 0.30330291E-5, 0.20858815E-2, 9.6432819, 17.415798, 121.58953, 172.24487
0.14765413E-2, 0.60420707E-2, 0.40605966E-4, 0.91591751E-7, 0.22683465E-2, 9.6447592, 17.418116, 121.58959, 172.24503
0.13351201E-2, 0.54156086E-2, 0.40605817E-4, 0.19258314E-7, 0.20406398E-2, 9.6460953, 17.420214, 121.58967, 172.24522
0.91833359E-3, 0.41936804E-2, 0.40605672E-4, 0.19239689E-7, 0.19551783E-2, 9.6470137, 17.421656, 121.58968, 172.24529
0.43150695E-3, 0.41784262E-2, 0.40605559E-4, 0.21679933E-4, 0.31704847E-2, 9.6474476, 17.422335, 121.58968, 172.24529
0.99272339E-3, 0.51661478E-2, 0.40605428E-4, 0.28660845E-4, 0.26583923E-2, 9.6484413, 17.423895, 121.58974, 172.24542
0.98569668E-3, 0.50361380E-2, 0.40605293E-4, 0.19736579E-4, 0.25633990E-2, 9.6494265, 17.425442, 121.58975, 172.24554
0.86364336E-3, 0.47085988E-2, 0.40605155E-4, 0.53539966E-5, 0.25818876E-2, 9.6502905, 17.426796, 121.58977, 172.24564
0.12473504E-2, 0.54688775E-2, 0.40605031E-4, 0.19287887E-7, 0.23233942E-2, 9.6515369, 17.428753, 121.58982, 172.24577
0.13572506E-2, 0.52772029E-2, 0.40604871E-4, 0.19268185E-7, 0.18606371E-2, 9.6528950, 17.430885, 121.58987, 172.24590
0.12089829E-2, 0.47695246E-2, 0.40604711E-4, 0.19250304E-7, 0.17610012E-2, 9.6541033, 17.432779, 121.58990, 172.24600
0.10428826E-2, 0.47839908E-2, 0.40604555E-4, 0.19234822E-7, 0.22023034E-2, 9.6551466, 17.434418, 121.58994, 172.24612
0.75356447E-3, 0.39629904E-2, 0.40604424E-4, 0.19221948E-7, 0.21670635E-2, 9.6559019, 17.435602, 121.58995, 172.24619
0.94310445E-3, 0.42747101E-2, 0.40604289E-4, 0.19211679E-7, 0.19763915E-2, 9.6568432, 17.437077, 121.59000, 172.24628
0.51933562E-3, 0.37635928E-2, 0.40604162E-4, 0.19204036E-7, 0.25802313E-2, 9.6573629, 17.437895, 121.59000, 172.24631
0.82559860E-3, 0.45400439E-2, 0.40604027E-4, 0.19198350E-7, 0.25309287E-2, 9.6581888, 17.439190, 121.59003, 172.24638
0.12658171E-2, 0.59085311E-2, 0.40603878E-4, 0.99247600E-5, 0.26904515E-2, 9.6594572, 17.441179, 121.59010, 172.24654
0.16304965E-2, 0.62472448E-2, 0.40603692E-4, 0.19292445E-7, 0.20869311E-2, 9.6610889, 17.443739, 121.59016, 172.24670
0.16423087E-2, 0.61836764E-2, 0.40603474E-4, 0.72152625E-5, 0.19908212E-2, 9.6627302, 17.446314, 121.59023, 172.24686
0.16430087E-2, 0.48724478E-2, 0.40603278E-4, 0.34591190E-4, 0.71706285E-3, 9.6643724, 17.448891, 121.59023, 172.24690
0.11702402E-2, 0.47879610E-2, 0.40603114E-4, 0.13943237E-6, 0.18863248E-2, 9.6655407, 17.450724, 121.59025, 172.24699
0.54964883E-3, 0.36947317E-2, 0.40602972E-4, 0.54167749E-5, 0.24364276E-2, 9.6660872, 17.451580, 121.59025, 172.24699
0.45092238E-3, 0.39046602E-2, 0.40602863E-4, 0.12217989E-4, 0.28828769E-2, 9.6665363, 17.452284, 121.59025, 172.24699
0.89622004E-3, 0.50083385E-2, 0.40602714E-4, 0.33308793E-5, 0.27975128E-2, 9.6674337, 17.453691, 121.59029, 172.24710
0.11781234E-2, 0.53709405E-2, 0.40602543E-4, 0.98932851E-7, 0.24222494E-2, 9.6686106, 17.455538, 121.59033, 172.24721
0.12107093E-2, 0.51255319E-2, 0.40602361E-4, 0.19304016E-7, 0.21061939E-2, 9.6698217, 17.457438, 121.59037, 172.24733
0.12331282E-2, 0.49801599E-2, 0.40602190E-4, 0.19285796E-7, 0.19111231E-2, 9.6710539, 17.459370, 121.59042, 172.24745
0.10378263E-2, 0.43210117E-2, 0.40602019E-4, 0.19270033E-7, 0.17863488E-2, 9.6720924, 17.461000, 121.59044, 172.24753
0.10455814E-2, 0.41663204E-2, 0.40601873E-4, 0.19256996E-7, 0.16196037E-2, 9.6731386, 17.462639, 121.59048, 172.24763
0.87340758E-3, 0.35121911E-2, 0.40601732E-4, 0.19246819E-7, 0.14397334E-2, 9.6740103, 17.464005, 121.59049, 172.24771
0.50886744E-3, 0.25329143E-2, 0.40601604E-4, 0.19238771E-7, 0.14443463E-2, 9.6745205, 17.464806, 121.59049, 172.24771
0.37994649E-3, 0.21584884E-2, 0.40601488E-4, 0.19232431E-7, 0.14190904E-2, 9.6748981, 17.465399, 121.59049, 172.24771
0.43886169E-3, 0.20895365E-2, 0.40601415E-4, 0.19227837E-7, 0.12019748E-2, 9.6753359, 17.466085, 121.59049, 172.24771
0.48265568E-3, 0.21068519E-2, 0.40601350E-4, 0.19224780E-7, 0.11057273E-2, 9.6758175, 17.466839, 121.59049, 172.24771
0.56645391E-3, 0.22238337E-2, 0.40601262E-4, 0.19222933E-7, 0.10015188E-2, 9.6763849, 17.467731, 121.59049, 172.24771
0.62245270E-3, 0.21313992E-2, 0.40601175E-4, 0.19222016E-7, 0.76960394E-3, 9.6770048, 17.468702, 121.59049, 172.24771
0.48967596E-3, 0.15521316E-2, 0.40601106E-4, 0.19221632E-7, 0.55970531E-3, 9.6774950, 17.469469, 121.59049, 172.24771
0.53826894E-3, 0.15042990E-2, 0.40601073E-4, 0.19221570E-7, 0.38919563E-3, 9.6780348, 17.470318, 121.59049, 172.24771
0.59266231E-3, 0.14642392E-2, 0.40601019E-4, 0.19221913E-7, 0.21117923E-3, 9.6786280, 17.471249, 121.59049, 172.24771
0.63092634E-3, 0.14172805E-2, 0.40600986E-4, 0.19222572E-7, 0.68031601E-4, 9.6792574, 17.472233, 121.59049, 172.24771
0.62401901E-3, 0.13570362E-2, 0.40600939E-4, 0.19223448E-7, 0.28270450E-4, 9.6798801, 17.473211, 121.59049, 172.24771
0.65521203E-3, 0.14155115E-2, 0.40600913E-4, 0.19224430E-7, 0.34100740E-5, 9.6805344, 17.474237, 121.59049, 172.24771
0.66461909E-3, 0.14376680E-2, 0.40600884E-4, 0.19225551E-7, 0.0000000, 9.6811991, 17.475279, 121.59049, 172.24771
0.63981669E-3, 0.13708845E-2, 0.40600837E-4, 0.19226739E-7, 0.0000000, 9.6818380, 17.476280, 121.59049, 172.24771
0.62667439E-3, 0.13356376E-2, 0.40600811E-4, 0.19227949E-7, 0.0000000, 9.6824675, 17.477268, 121.59049, 172.24771
0.60856179E-3, 0.12869318E-2, 0.40600786E-4, 0.19229144E-7, 0.0000000, 9.6830750, 17.478220, 121.59049, 172.24771
0.57704473E-3, 0.12019137E-2, 0.40600771E-4, 0.19230319E-7, 0.0000000, 9.6836510, 17.479122, 121.59049, 172.24771
0.62461174E-3, 0.13310614E-2, 0.40600749E-4, 0.19231475E-7, 0.0000000, 9.6842747, 17.480101, 121.59049, 172.24771
0.56459021E-3, 0.11687952E-2, 0.40600724E-4, 0.19232639E-7, 0.0000000, 9.6848373, 17.480984, 121.59049, 172.24771
0.59589936E-3, 0.12539506E-2, 0.40600724E-4, 0.19233747E-7, 0.0000000, 9.6854315, 17.481913, 121.59049, 172.24771
0.58469345E-3, 0.12239158E-2, 0.40600698E-4, 0.19234848E-7, 0.0000000, 9.6860151, 17.482830, 121.59049, 172.24771
0.51054987E-3, 0.10232324E-2, 0.40600666E-4, 0.19235886E-7, 0.0000000, 9.6865263, 17.483631, 121.59049, 172.24771
0.45317612E-3, 0.86794409E-3, 0.40600662E-4, 0.19236786E-7, 0.0000000, 9.6869812, 17.484344, 121.59049, 172.24771
0.46378831E-3, 0.89702650E-3, 0.40600662E-4, 0.19237634E-7, 0.0000000, 9.6874447, 17.485069, 121.59049, 172.24771
0.45670330E-3, 0.87809085E-3, 0.40600662E-4, 0.19238531E-7, 0.0000000, 9.6879025, 17.485786, 121.59049, 172.24771
0.47213963E-3, 0.92029298E-3, 0.40600662E-4, 0.19239454E-7, 0.0000000, 9.6883755, 17.486528, 121.59049, 172.24771
0.46623271E-3, 0.90455799E-3, 0.40600662E-4, 0.19240385E-7, 0.0000000, 9.6888437, 17.487263, 121.59049, 172.24771
0.45493813E-3, 0.87417953E-3, 0.40600662E-4, 0.19241307E-7, 0.0000000, 9.6892986, 17.487976, 121.59049, 172.24771
0.46925741E-3, 0.91339624E-3, 0.40600662E-4, 0.19242202E-7, 0.0000000, 9.6897678, 17.488712, 121.59049, 172.24771
0.46448963E-3, 0.90074982E-3, 0.40600662E-4, 0.19243076E-7, 0.0000000, 9.6902332, 17.489443, 121.59049, 172.24771
0.46656921E-3, 0.90671581E-3, 0.40600662E-4, 0.19243968E-7, 0.0000000, 9.6906996, 17.490173, 121.59049, 172.24771
0.42985109E-3, 0.80713473E-3, 0.40600662E-4, 0.19244876E-7, 0.0000000, 9.6911278, 17.490843, 121.59049, 172.24771
0.43259902E-3, 0.81491127E-3, 0.40600662E-4, 0.19245725E-7, 0.0000000, 9.6915598, 17.491520, 121.59049, 172.24771
0.44222368E-3, 0.84141205E-3, 0.40600662E-4, 0.19246597E-7, 0.0000000, 9.6920023, 17.492214, 121.59049, 172.24771
0.43259020E-3, 0.81548421E-3, 0.40600662E-4, 0.19247466E-7, 0.0000000, 9.6924353, 17.492893, 121.59049, 172.24771
0.43665688E-3, 0.82686974E-3, 0.40600662E-4, 0.19248311E-7, 0.0000000, 9.6928711, 17.493576, 121.59049, 172.24771
0.41704345E-3, 0.77372481E-3, 0.40600662E-4, 0.19249153E-7, 0.0000000, 9.6932869, 17.494228, 121.59049, 172.24771
0.40341498E-3, 0.73687336E-3, 0.40600662E-4, 0.19249967E-7, 0.0000000, 9.6936903, 17.494862, 121.59049, 172.24771
0.44362358E-3, 0.84684754E-3, 0.40600662E-4, 0.19250816E-7, 0.0000000, 9.6941357, 17.495558, 121.59049, 172.24771
0.41851218E-3, 0.77863998E-3, 0.40600655E-4, 0.19251692E-7, 0.0000000, 9.6945543, 17.496214, 121.59049, 172.24771
0.49074774E-3, 0.97614282E-3, 0.40600644E-4, 0.19252578E-7, 0.0000000, 9.6950445, 17.496983, 121.59049, 172.24771
0.49969822E-3, 0.10009420E-2, 0.40600637E-4, 0.19253548E-7, 0.0000000, 9.6955423, 17.497763, 121.59049, 172.24771
0.46149726E-3, 0.89693797E-3, 0.40600626E-4, 0.19254516E-7, 0.0000000, 9.6960030, 17.498486, 121.59049, 172.24771
0.25006486E-3, 0.84054976E-3, 0.40600626E-4, 0.19255371E-7, 0.48951490E-3, 9.6962509, 17.498873, 121.59049, 172.24771
-0.20795839E-3, 0.93070965E-3, 0.40600626E-4, 0.19255308E-7, 0.17497968E-2, 9.6960421, 17.498547, 121.59049, 172.24771
-0.76319957E-4, 0.10424568E-2, 0.40600626E-4, 0.19254943E-7, 0.15165105E-2, 9.6959677, 17.498430, 121.59049, 172.24771
0.27829793E-3, 0.94064558E-3, 0.40600622E-4, 0.19255113E-7, 0.51028089E-3, 9.6962461, 17.498867, 121.59049, 172.24771
0.44105024E-3, 0.84340596E-3, 0.40600622E-4, 0.19255900E-7, 0.92699338E-6, 9.6966887, 17.499559, 121.59049, 172.24771
0.34030815E-3, 0.56698115E-3, 0.40600622E-4, 0.19256692E-7, 0.0000000, 9.6970291, 17.500093, 121.59049, 172.24771
0.30913428E-3, 0.48188173E-3, 0.40600622E-4, 0.19257335E-7, 0.0000000, 9.6973391, 17.500578, 121.59049, 172.24771
0.34125173E-3, 0.57013956E-3, 0.40600622E-4, 0.19257973E-7, 0.0000000, 9.6976824, 17.501116, 121.59049, 172.24771
0.32495716E-3, 0.52574347E-3, 0.40600622E-4, 0.19258641E-7, 0.0000000, 9.6980095, 17.501627, 121.59049, 172.24771
0.33311060E-3, 0.54837356E-3, 0.40600622E-4, 0.19259293E-7, 0.0000000, 9.6983433, 17.502153, 121.59049, 172.24771
0.33164336E-3, 0.54462143E-3, 0.40600622E-4, 0.19259964E-7, 0.0000000, 9.6986761, 17.502674, 121.59049, 172.24771
0.32123696E-3, 0.51632093E-3, 0.40600622E-4, 0.19260614E-7, 0.0000000, 9.6989918, 17.503170, 121.59049, 172.24771
0.32806900E-3, 0.53536077E-3, 0.40600622E-4, 0.19261231E-7, 0.0000000, 9.6993217, 17.503685, 121.59049, 172.24771
0.30177945E-3, 0.46338138E-3, 0.40600622E-4, 0.19261845E-7, 0.0000000, 9.6996250, 17.504162, 121.59049, 172.24771
0.30033194E-3, 0.45965580E-3, 0.40600622E-4, 0.19262435E-7, 0.0000000, 9.6999273, 17.504635, 121.59049, 172.24771
0.29347697E-3, 0.44105088E-3, 0.40600622E-4, 0.19263007E-7, 0.0000000, 9.7002192, 17.505093, 121.59049, 172.24771
0.29558237E-3, 0.44710125E-3, 0.40600622E-4, 0.19263579E-7, 0.0000000, 9.7005138, 17.505554, 121.59049, 172.24771
0.29817788E-3, 0.45451612E-3, 0.40600622E-4, 0.19264180E-7, 0.0000000, 9.7008114, 17.506020, 121.59049, 172.24771
0.30439193E-3, 0.47190709E-3, 0.40600622E-4, 0.19264817E-7, 0.0000000, 9.7011166, 17.506498, 121.59049, 172.24771
0.31184277E-3, 0.49272476E-3, 0.40600622E-4, 0.19265435E-7, 0.0000000, 9.7014284, 17.506987, 121.59049, 172.24771
0.31164644E-3, 0.49245410E-3, 0.40600622E-4, 0.19266057E-7, 0.0000000, 9.7017365, 17.507469, 121.59049, 172.24771
0.30391492E-3, 0.47138150E-3, 0.40600622E-4, 0.19266672E-7, 0.0000000, 9.7020388, 17.507944, 121.59049, 172.24771
0.29487829E-3, 0.44668591E-3, 0.40600622E-4, 0.19267262E-7, 0.0000000, 9.7023325, 17.508406, 121.59049, 172.24771
0.29571640E-3, 0.44926596E-3, 0.40600622E-4, 0.19267832E-7, 0.0000000, 9.7026281, 17.508867, 121.59049, 172.24771
0.28460301E-3, 0.41879664E-3, 0.40600622E-4, 0.19268395E-7, 0.0000000, 9.7029123, 17.509312, 121.59049, 172.24771
0.26727971E-3, 0.37110524E-3, 0.40600622E-4, 0.19268969E-7, 0.0000000, 9.7031813, 17.509735, 121.59049, 172.24771
0.28928387E-3, 0.43229753E-3, 0.40600622E-4, 0.19269512E-7, 0.0000000, 9.7034702, 17.510187, 121.59049, 172.24771
0.30798255E-3, 0.48437627E-3, 0.40600622E-4, 0.19270111E-7, 0.0000000, 9.7037830, 17.510677, 121.59049, 172.24771
0.27228400E-3, 0.38568143E-3, 0.40600622E-4, 0.19270688E-7, 0.0000000, 9.7040529, 17.511099, 121.59049, 172.24771
0.27697007E-3, 0.39894265E-3, 0.40600622E-4, 0.19271214E-7, 0.0000000, 9.7043285, 17.511532, 121.59049, 172.24771
0.25116091E-3, 0.32754641E-3, 0.40600622E-4, 0.19271722E-7, 0.0000000, 9.7045832, 17.511932, 121.59049, 172.24771
0.24185314E-3, 0.30192028E-3, 0.40600622E-4, 0.19272152E-7, 0.0000000, 9.7048264, 17.512312, 121.59049, 172.24771
0.25099321E-3, 0.32756361E-3, 0.40600622E-4, 0.19272560E-7, 0.0000000, 9.7050800, 17.512711, 121.59049, 172.24771
0.25505826E-3, 0.33912633E-3, 0.40600622E-4, 0.19273015E-7, 0.0000000, 9.7053347, 17.513109, 121.59049, 172.24771
0.26663748E-3, 0.37161243E-3, 0.40600622E-4, 0.19273489E-7, 0.0000000, 9.7056026, 17.513527, 121.59049, 172.24771
0.24285706E-3, 0.30560367E-3, 0.40600622E-4, 0.19273932E-7, 0.0000000, 9.7058468, 17.513910, 121.59049, 172.24771
0.23777138E-3, 0.29165763E-3, 0.40600622E-4, 0.19274347E-7, 0.0000000, 9.7060862, 17.514286, 121.59049, 172.24771
0.24109421E-3, 0.30116941E-3, 0.40600622E-4, 0.19274825E-7, 0.0000000, 9.7063284, 17.514666, 121.59049, 172.24771
0.23050501E-3, 0.27182125E-3, 0.40600622E-4, 0.19275291E-7, 0.0000000, 9.7065620, 17.515032, 121.59049, 172.24771
0.23076253E-3, 0.27276101E-3, 0.40600622E-4, 0.19275760E-7, 0.0000000, 9.7067928, 17.515392, 121.59049, 172.24771
0.24424132E-3, 0.31070216E-3, 0.40600622E-4, 0.19276220E-7, 0.0000000, 9.7070379, 17.515776, 121.59049, 172.24771
0.24289179E-3, 0.30716177E-3, 0.40600622E-4, 0.19276728E-7, 0.0000000, 9.7072802, 17.516155, 121.59049, 172.24771
0.25958027E-3, 0.35417307E-3, 0.40600622E-4, 0.19277266E-7, 0.0000000, 9.7075367, 17.516560, 121.59049, 172.24771
0.26884157E-3, 0.38041058E-3, 0.40600622E-4, 0.19277836E-7, 0.0000000, 9.7078066, 17.516981, 121.59049, 172.24771
0.25489714E-3, 0.34155184E-3, 0.40600622E-4, 0.19278303E-7, 0.0000000, 9.7080612, 17.517380, 121.59049, 172.24771
0.23328661E-3, 0.28112473E-3, 0.40600622E-4, 0.19278733E-7, 0.0000000, 9.7082930, 17.517744, 121.59049, 172.24771
0.24352745E-3, 0.31016319E-3, 0.40600622E-4, 0.19279268E-7, 0.0000000, 9.7085381, 17.518127, 121.59049, 172.24771
0.25214019E-3, 0.33465077E-3, 0.40600622E-4, 0.19279803E-7, 0.0000000, 9.7087908, 17.518522, 121.59049, 172.24771
