0.10776775, 1.7077395, 0.13970003, 0.53316218, 0.42450964, 0.34994131, 3.8448880, 88.750420, 61.711025, 1.2556314, 4.9149814, 0.80745734E-1, 0.24389628E-3, 1.6055363, 1269.6702, 2597.5032, 26429.275, 0.0000000, 0.0000000, 0.0000000, 0.0000000, 0.0000000
0.11915806, 1.7276937, 0.14991623, 0.57741702, 0.50420398, 0.35125232, 4.3053193, 87.479019, 61.753555, 0.23635951, 2.4675653, 0.79699531E-1, 0.34515368E-3, 2.2541740, 1981.4761, 4032.1096, 26429.248, 0.0000000, 0.0000000, 0.0000000, 0.0000000, 0.0000000
0.12291141, 1.7509940, 0.15299395, 0.60798430, 0.52408546, 0.36027068, 4.4785414, 86.332588, 61.794968, 0.31460443, 2.7658198, 0.78658842E-1, 0.41721665E-3, 2.3172610, 2372.0669, 4807.1123, 26433.021, 0.0000000, 0.0000000, 0.0000000, 0.0000000, 0.0000000
0.12524149, 1.7757897, 0.15423431, 0.62702715, 0.53279823, 0.36666313, 4.5427060, 85.273727, 61.834476, 0.33018410, 2.8544068, 0.77709779E-1, 0.50102954E-3, 2.3586025, 2840.1431, 5727.7710, 26444.826, 0.0000000, 0.0000000, 0.0000000, 0.0000000, 0.0000000
0.12625261, 1.8007452, 0.15470594, 0.63826829, 0.53794754, 0.37093788, 4.5775499, 84.282600, 61.871662, 0.32119671, 2.8551087, 0.76826394E-1, 0.58489654E-3, 2.3848774, 3312.2122, 6647.3120, 26470.279, 0.0000000, 0.0000000, 0.0000000, 0.0000000, 0.0000000
0.12770392, 1.8255984, 0.15525033, 0.64615011, 0.54067051, 0.37338400, 4.5961962, 83.346756, 61.906837, 0.31000012, 2.8450809, 0.75996943E-1, 0.66687865E-3, 2.4064686, 3769.0696, 7528.7339, 26504.887, 0.0000000, 0.0000000, 0.0000000, 0.0000000, 0.0000000
0.12903659, 1.8502398, 0.15584494, 0.65254366, 0.54320109, 0.37551877, 4.6107945, 82.458138, 61.939705, 0.29546452, 2.8227448, 0.75210825E-1, 0.74632943E-3, 2.4250357, 4208.8032, 8369.3496, 26547.312, 0.0000000, 0.0000000, 0.0000000, 0.0000000, 0.0000000
0.12977082, 1.8743434, 0.15638642, 0.65752584, 0.54545534, 0.37738028, 4.6246605, 81.617210, 61.970570, 0.28034255, 2.7944775, 0.74465945E-1, 0.82126562E-3, 2.4389634, 4627.0352, 9161.8691, 26597.412, 0.0000000, 0.0000000, 0.0000000, 0.0000000, 0.0000000
0.13002695, 1.8975548, 0.15667604, 0.66128331, 0.54734528, 0.37893921, 4.6373510, 80.819725, 61.999241, 0.26628676, 2.7652349, 0.73760077E-1, 0.89199137E-3, 2.4484818, 5024.5269, 9908.8584, 26654.926, 0.0000000, 0.0000000, 0.0000000, 0.0000000, 0.0000000
0.13031985, 1.9195962, 0.15690905, 0.66412181, 0.54874724, 0.38013819, 4.6470208, 80.062828, 62.025642, 0.25432649, 2.7384951, 0.73090471E-1, 0.95954444E-3, 2.4541757, 5404.0029, 10616.365, 26719.609, 0.0000000, 0.0000000, 0.0000000, 0.0000000, 0.0000000
0.13039041, 1.9404089, 0.15708792, 0.66633433, 0.54992193, 0.38115019, 4.6552029, 79.344307, 62.049126, 0.24199976, 2.7099893, 0.72454669E-1, 0.10236599E-2, 2.4589300, 5765.6235, 11285.551, 26792.758, 0.0000000, 0.0000000, 0.0000000, 0.0000000, 0.0000000
0.13054758, 1.9601208, 0.15730831, 0.66802984, 0.55092090, 0.38200086, 4.6620841, 78.659828, 62.069561, 0.23036376, 2.6827168, 0.71850240E-1, 0.10848009E-2, 2.4627266, 6110.0820, 11918.483, 26873.652, 0.0000000, 0.0000000, 0.0000000, 0.0000000, 0.0000000
0.13074620, 1.9788352, 0.15751271, 0.66962534, 0.55180889, 0.38277474, 4.6686616, 78.007523, 62.086956, 0.21866891, 2.6563637, 0.71274050E-1, 0.11429872E-2, 2.4674006, 6437.0728, 12515.280, 26960.900, 0.0000000, 0.0000000, 0.0000000, 0.0000000, 0.0000000
0.13079819, 1.9964696, 0.15764368, 0.67084402, 0.55253392, 0.38342136, 4.6740541, 77.386017, 62.101963, 0.20828447, 2.6317945, 0.70724726E-1, 0.11982763E-2, 2.4700260, 6748.4009, 13079.851, 27054.266, 0.0000000, 0.0000000, 0.0000000, 0.0000000, 0.0000000
0.13091165, 2.0130720, 0.15780704, 0.67193818, 0.55320936, 0.38401470, 4.6788673, 76.793617, 62.115200, 0.19801289, 2.6080351, 0.70201017E-1, 0.12508613E-2, 2.4730029, 7044.5562, 13613.666, 27153.150, 0.0000000, 0.0000000, 0.0000000, 0.0000000, 0.0000000
0.13108161, 2.0287108, 0.15800881, 0.67296326, 0.55379760, 0.38454786, 4.6834092, 76.228462, 62.126938, 0.18819509, 2.5852003, 0.69701716E-1, 0.13008943E-2, 2.4755418, 7326.0425, 14118.119, 27257.357, 0.0000000, 0.0000000, 0.0000000, 0.0000000, 0.0000000
0.13117693, 2.0434575, 0.15814187, 0.67382479, 0.55433893, 0.38503557, 4.6874008, 75.688797, 62.137405, 0.17904499, 2.5637331, 0.69225438E-1, 0.13485445E-2, 2.4775066, 7593.8950, 14595.538, 27366.697, 0.0000000, 0.0000000, 0.0000000, 0.0000000, 0.0000000
0.13124771, 2.0573111, 0.15824518, 0.67451811, 0.55475259, 0.38543478, 4.6906762, 75.174255, 62.146935, 0.17061473, 2.5436935, 0.68770841E-1, 0.13939154E-2, 2.4788435, 7848.8843, 15047.686, 27480.635, 0.0000000, 0.0000000, 0.0000000, 0.0000000, 0.0000000
0.13130811, 2.0703804, 0.15835260, 0.67517072, 0.55512321, 0.38578716, 4.6935868, 74.684105, 62.155380, 0.16252050, 2.5248396, 0.68337247E-1, 0.14372915E-2, 2.4803700, 8091.8247, 15476.378, 27599.166, 0.0000000, 0.0000000, 0.0000000, 0.0000000, 0.0000000
0.13145973, 2.0827777, 0.15850285, 0.67592591, 0.55554080, 0.38615248, 4.6962123, 74.217888, 62.162895, 0.15482339, 2.5075295, 0.67924492E-1, 0.14792940E-2, 2.4822919, 8323.3525, 15883.000, 27722.127, 0.0000000, 0.0000000, 0.0000000, 0.0000000, 0.0000000
0.13157327, 2.0945003, 0.15860724, 0.67659706, 0.55593812, 0.38650775, 4.6989655, 73.775925, 62.169712, 0.14734520, 2.4903951, 0.67532539E-1, 0.15187495E-2, 2.4837883, 8543.6953, 16268.278, 27849.307, 0.0000000, 0.0000000, 0.0000000, 0.0000000, 0.0000000
0.13172260, 2.1055810, 0.15874964, 0.67730051, 0.55633879, 0.38686079, 4.7016935, 73.357262, 62.175823, 0.14019392, 2.4746535, 0.67160971E-1, 0.15564954E-2, 2.4857566, 8753.3945, 16633.414, 27980.754, 0.0000000, 0.0000000, 0.0000000, 0.0000000, 0.0000000
0.13176192, 2.1159916, 0.15881580, 0.67785090, 0.55667990, 0.38717973, 4.7043371, 72.960251, 62.181332, 0.13353814, 2.4593947, 0.66808939E-1, 0.15922455E-2, 2.4868679, 8953.0469, 16979.641, 28116.244, 0.0000000, 0.0000000, 0.0000000, 0.0000000, 0.0000000
0.13188711, 2.1257844, 0.15893559, 0.67833430, 0.55695009, 0.38743880, 4.7065310, 72.584053, 62.186348, 0.12731813, 2.4452183, 0.66475160E-1, 0.16260912E-2, 2.4878836, 9143.3857, 17308.467, 28255.188, 0.0000000, 0.0000000, 0.0000000, 0.0000000, 0.0000000
0.13207304, 2.1350620, 0.15907951, 0.67892534, 0.55723614, 0.38768891, 4.7083583, 72.226624, 62.190903, 0.12134452, 2.4322999, 0.66158548E-1, 0.16588473E-2, 2.4894772, 9324.7812, 17620.748, 28397.371, 0.0000000, 0.0000000, 0.0000000, 0.0000000, 0.0000000
0.13215296, 2.1438506, 0.15916516, 0.67946368, 0.55754578, 0.38796321, 4.7106032, 71.886627, 62.194977, 0.11541728, 2.4191232, 0.65857410E-1, 0.16897176E-2, 2.4907124, 9497.4062, 17916.873, 28542.668, 0.0000000, 0.0000000, 0.0000000, 0.0000000, 0.0000000
0.13214749, 2.1521277, 0.15920945, 0.67989248, 0.55783236, 0.38822016, 4.7126098, 71.563225, 62.198658, 0.11010992, 2.4070759, 0.65570936E-1, 0.17191638E-2, 2.4914265, 9661.9922, 18198.275, 28690.854, 0.0000000, 0.0000000, 0.0000000, 0.0000000, 0.0000000
0.13221762, 2.1599236, 0.15928461, 0.68026912, 0.55804491, 0.38841912, 4.7140179, 71.254753, 62.202023, 0.10523427, 2.3962545, 0.65298565E-1, 0.17473205E-2, 2.4922090, 9819.1807, 18466.193, 28841.824, 0.0000000, 0.0000000, 0.0000000, 0.0000000, 0.0000000
0.13227729, 2.1672747, 0.15935422, 0.68062943, 0.55826116, 0.38862172, 4.7155395, 70.959846, 62.205128, 0.10028882, 2.3852417, 0.65038398E-1, 0.17741565E-2, 2.4930229, 9969.0615, 18720.926, 28995.225, 0.0000000, 0.0000000, 0.0000000, 0.0000000, 0.0000000
0.13235211, 2.1742280, 0.15943412, 0.68100756, 0.55847567, 0.38881373, 4.7168856, 70.677811, 62.207920, 0.95764562E-1, 2.3753040, 0.64789504E-1, 0.17998777E-2, 2.4937901, 10112.115, 18963.340, 29150.881, 0.0000000, 0.0000000, 0.0000000, 0.0000000, 0.0000000
0.13248305, 2.1808159, 0.15951535, 0.68139362, 0.55858320, 0.38893870, 4.7177229, 70.408607, 62.210442, 0.91701776E-1, 2.3667526, 0.64551845E-1, 0.18246381E-2, 2.4947097, 10248.871, 19194.467, 29308.768, 0.0000000, 0.0000000, 0.0000000, 0.0000000, 0.0000000
0.13249373, 2.1870196, 0.15955265, 0.68168926, 0.55876344, 0.38910717, 4.7189908, 70.151573, 62.212753, 0.87375686E-1, 2.3570600, 0.64325273E-1, 0.18479170E-2, 2.4952576, 10379.571, 19414.822, 29468.744, 0.0000000, 0.0000000, 0.0000000, 0.0000000, 0.0000000
0.13247587, 2.1928322, 0.15956613, 0.68192971, 0.55904818, 0.38934702, 4.7208438, 69.905739, 62.214863, 0.82983159E-1, 2.3473420, 0.64108327E-1, 0.18698840E-2, 2.4960065, 10504.170, 19624.318, 29630.625, 0.0000000, 0.0000000, 0.0000000, 0.0000000, 0.0000000
0.13245253, 2.1982694, 0.15959352, 0.68213493, 0.55918974, 0.38948473, 4.7220230, 69.672119, 62.216805, 0.79474986E-1, 2.3395486, 0.63901238E-1, 0.18910106E-2, 2.4963322, 10622.748, 19823.277, 29794.301, 0.0000000, 0.0000000, 0.0000000, 0.0000000, 0.0000000
0.13248456, 2.2033384, 0.15962949, 0.68232208, 0.55932331, 0.38961050, 4.7229066, 69.449631, 62.218555, 0.76006643E-1, 2.3319337, 0.63704990E-1, 0.19112114E-2, 2.4967623, 10736.251, 20013.273, 29959.742, 0.0000000, 0.0000000, 0.0000000, 0.0000000, 0.0000000
0.13268274, 2.2081161, 0.15977146, 0.68260062, 0.55940259, 0.38969544, 4.7235074, 69.237755, 62.220169, 0.72693244E-1, 2.3250620, 0.63518085E-1, 0.19308386E-2, 2.4975345, 10844.758, 20194.510, 30126.875, 0.0000000, 0.0000000, 0.0000000, 0.0000000, 0.0000000
0.13275217, 2.2126966, 0.15983331, 0.68295890, 0.55956769, 0.38983393, 4.7243109, 69.035942, 62.221661, 0.69444805E-1, 2.3185639, 0.63339092E-1, 0.19499133E-2, 2.4985199, 10948.459, 20367.350, 30295.600, 0.0000000, 0.0000000, 0.0000000, 0.0000000, 0.0000000
0.13278227, 2.2170658, 0.15987448, 0.68330401, 0.55977076, 0.39000207, 4.7256241, 68.844109, 62.223030, 0.66094004E-1, 2.3116601, 0.63169837E-1, 0.19675661E-2, 2.4994295, 11047.304, 20531.844, 30466.051, 0.0000000, 0.0000000, 0.0000000, 0.0000000, 0.0000000
0.13284910, 2.2212117, 0.15992048, 0.68357116, 0.55992162, 0.39013711, 4.7265615, 68.660561, 62.224274, 0.63279487E-1, 2.3058250, 0.63007683E-1, 0.19845227E-2, 2.5000155, 11141.744, 20688.658, 30638.002, 0.0000000, 0.0000000, 0.0000000, 0.0000000, 0.0000000
0.13284677, 2.2251053, 0.15993866, 0.68375117, 0.56005186, 0.39025488, 4.7274342, 68.484840, 62.225395, 0.60506407E-1, 2.2997332, 0.62853158E-1, 0.20005798E-2, 2.5002835, 11232.062, 20838.379, 30811.262, 0.0000000, 0.0000000, 0.0000000, 0.0000000, 0.0000000
0.13282421, 2.2287631, 0.15994684, 0.68389159, 0.56013638, 0.39034325, 4.7281203, 68.316696, 62.226402, 0.57928879E-1, 2.2940845, 0.62704749E-1, 0.20160011E-2, 2.5005012, 11318.454, 20981.344, 30985.697, 0.0000000, 0.0000000, 0.0000000, 0.0000000, 0.0000000
0.13291052, 2.2322237, 0.16000782, 0.68408394, 0.56024218, 0.39044023, 4.7285953, 68.155563, 62.227287, 0.55416636E-1, 2.2890091, 0.62563203E-1, 0.20308455E-2, 2.5011344, 11401.158, 21118.018, 31161.414, 0.0000000, 0.0000000, 0.0000000, 0.0000000, 0.0000000
0.13290255, 2.2355011, 0.16002107, 0.68426704, 0.56031162, 0.39051116, 4.7289000, 68.001106, 62.228088, 0.53263962E-1, 2.2844663, 0.62427126E-1, 0.20452135E-2, 2.5013576, 11480.388, 21248.723, 31338.266, 0.0000000, 0.0000000, 0.0000000, 0.0000000, 0.0000000
0.13287330, 2.2385302, 0.16002415, 0.68432379, 0.56039828, 0.39059383, 4.7295814, 67.853958, 62.228828, 0.50802842E-1, 2.2786803, 0.62297251E-1, 0.20583901E-2, 2.5012519, 11556.311, 21373.760, 31516.305, 0.0000000, 0.0000000, 0.0000000, 0.0000000, 0.0000000
0.13292474, 2.2413654, 0.16006288, 0.68439591, 0.56046247, 0.39065978, 4.7299933, 67.712357, 62.229507, 0.48690811E-1, 2.2741544, 0.62173218E-1, 0.20713520E-2, 2.5014784, 11628.897, 21493.197, 31695.359, 0.0000000, 0.0000000, 0.0000000, 0.0000000, 0.0000000
0.13294284, 2.2440784, 0.16008300, 0.68453181, 0.56051767, 0.39071220, 4.7300272, 67.575508, 62.230145, 0.46953339E-1, 2.2706609, 0.62053040E-1, 0.20842294E-2, 2.5017278, 11698.748, 21607.947, 31875.375, 0.0000000, 0.0000000, 0.0000000, 0.0000000, 0.0000000
0.13294299, 2.2466011, 0.16009299, 0.68460542, 0.56057107, 0.39076486, 4.7303219, 67.443054, 62.230732, 0.44955585E-1, 2.2661190, 0.61937269E-1, 0.20960825E-2, 2.5016863, 11765.722, 21717.809, 32056.412, 0.0000000, 0.0000000, 0.0000000, 0.0000000, 0.0000000
0.13297829, 2.2489715, 0.16012210, 0.68468738, 0.56062847, 0.39082101, 4.7305751, 67.315117, 62.231277, 0.43080583E-1, 2.2621839, 0.61824605E-1, 0.21075415E-2, 2.5019422, 11829.906, 21823.018, 32238.334, 0.0000000, 0.0000000, 0.0000000, 0.0000000, 0.0000000
0.13299234, 2.2512317, 0.16014953, 0.68484628, 0.56074935, 0.39091867, 4.7313805, 67.191658, 62.231785, 0.40982772E-1, 2.2579513, 0.61716758E-1, 0.21185467E-2, 2.5025160, 11891.088, 21923.107, 32421.236, 0.0000000, 0.0000000, 0.0000000, 0.0000000, 0.0000000
0.13299842, 2.2533379, 0.16015565, 0.68490350, 0.56078637, 0.39096284, 4.7317052, 67.072380, 62.232250, 0.39498709E-1, 2.2547174, 0.61612204E-1, 0.21288379E-2, 2.5025032, 11949.579, 22018.754, 32604.912, 0.0000000, 0.0000000, 0.0000000, 0.0000000, 0.0000000
0.13300665, 2.2553401, 0.16017874, 0.68501729, 0.56087202, 0.39103314, 4.7321858, 66.956879, 62.232697, 0.37787318E-1, 2.2511876, 0.61510537E-1, 0.21390284E-2, 2.5028026, 12005.841, 22110.623, 32789.527, 0.0000000, 0.0000000, 0.0000000, 0.0000000, 0.0000000
0.13301162, 2.2571921, 0.16018650, 0.68506539, 0.56091052, 0.39107442, 4.7324772, 66.845352, 62.233109, 0.36360286E-1, 2.2479866, 0.61412279E-1, 0.21485987E-2, 2.5027175, 12059.890, 22198.756, 32974.816, 0.0000000, 0.0000000, 0.0000000, 0.0000000, 0.0000000
0.13300617, 2.2589123, 0.16019472, 0.68509597, 0.56093675, 0.39110601, 4.7326603, 66.737480, 62.233501, 0.34947153E-1, 2.2448955, 0.61317999E-1, 0.21578313E-2, 2.5027225, 12111.888, 22283.498, 33160.926, 0.0000000, 0.0000000, 0.0000000, 0.0000000, 0.0000000
0.13305615, 2.2605395, 0.16020709, 0.68516564, 0.56096828, 0.39113870, 4.7328925, 66.633087, 62.233860, 0.33479724E-1, 2.2419581, 0.61226003E-1, 0.21668517E-2, 2.5030334, 12161.753, 22364.693, 33347.680, 0.0000000, 0.0000000, 0.0000000, 0.0000000, 0.0000000
0.13300869, 2.2620654, 0.16021298, 0.68521303, 0.56101316, 0.39117828, 4.7330704, 66.531998, 62.234200, 0.32199267E-1, 2.2391939, 0.61137453E-1, 0.21753570E-2, 2.5030491, 12209.716, 22442.693, 33534.992, 0.0000000, 0.0000000, 0.0000000, 0.0000000, 0.0000000
0.13299757, 2.2634587, 0.16020873, 0.68520451, 0.56101924, 0.39119369, 4.7331481, 66.434555, 62.234520, 0.31008247E-1, 2.2363622, 0.61052129E-1, 0.21834571E-2, 2.5028012, 12255.802, 22517.594, 33722.883, 0.0000000, 0.0000000, 0.0000000, 0.0000000, 0.0000000
0.13304496, 2.2647731, 0.16022331, 0.68524832, 0.56104457, 0.39121881, 4.7332544, 66.340546, 62.234818, 0.29712092E-1, 2.2338240, 0.60969587E-1, 0.21914074E-2, 2.5031209, 12300.028, 22589.404, 33911.410, 0.0000000, 0.0000000, 0.0000000, 0.0000000, 0.0000000
0.13308297, 2.2660310, 0.16024506, 0.68533093, 0.56108087, 0.39125142, 4.7333212, 66.249069, 62.235088, 0.28570421E-1, 2.2314987, 0.60889088E-1, 0.21991190E-2, 2.5032589, 12342.518, 22658.342, 34100.410, 0.0000000, 0.0000000, 0.0000000, 0.0000000, 0.0000000
0.13305135, 2.2672234, 0.16024664, 0.68538702, 0.56113166, 0.39129299, 4.7335992, 66.160095, 62.235352, 0.27374376E-1, 2.2289321, 0.60811445E-1, 0.22063623E-2, 2.5033290, 12383.329, 22724.533, 34289.918, 0.0000000, 0.0000000, 0.0000000, 0.0000000, 0.0000000
0.13304427, 2.2683275, 0.16026005, 0.68540984, 0.56116933, 0.39132720, 4.7338033, 66.073738, 62.235588, 0.26281189E-1, 2.2265656, 0.60735576E-1, 0.22132278E-2, 2.5033586, 12422.539, 22788.035, 34479.895, 0.0000000, 0.0000000, 0.0000000, 0.0000000, 0.0000000
0.13305162, 2.2693520, 0.16025516, 0.68542200, 0.56116945, 0.39133552, 4.7338023, 65.989937, 62.235806, 0.25414059E-1, 2.2246401, 0.60662575E-1, 0.22199855E-2, 2.5032310, 12460.375, 22849.238, 34670.438, 0.0000000, 0.0000000, 0.0000000, 0.0000000, 0.0000000
0.13307036, 2.2703214, 0.16026650, 0.68545276, 0.56117374, 0.39134702, 4.7337289, 65.908150, 62.236019, 0.24449922E-1, 2.2227221, 0.60590785E-1, 0.22267026E-2, 2.5033751, 12496.856, 22908.301, 34861.344, 0.0000000, 0.0000000, 0.0000000, 0.0000000, 0.0000000
0.13310619, 2.2712376, 0.16028024, 0.68550080, 0.56120318, 0.39137429, 4.7338147, 65.838303, 62.236217, 0.23412151E-1, 2.2206278, 0.60521878E-1, 0.22329721E-2, 2.5035658, 12531.782, 22964.703, 35052.746, 0.0000000, 0.0000000, 0.0000000, 0.0000000, 0.0000000
0.13312124, 2.2721214, 0.16029395, 0.68557620, 0.56124568, 0.39140958, 4.7339716, 65.795715, 62.236217, 0.22483207E-1, 2.2188435, 0.60473144E-1, 0.22390538E-2, 2.5037971, 12565.302, 23018.857, 35244.402, 0.0000000, 0.0000000, 0.0000000, 0.0000000, 0.0000000
0.13311198, 2.2729468, 0.16029318, 0.68560302, 0.56126171, 0.39142725, 4.7340455, 65.755165, 62.236217, 0.21696879E-1, 2.2171090, 0.60436986E-1, 0.22447750E-2, 2.5037484, 12597.594, 23071.000, 35436.562, 0.0000000, 0.0000000, 0.0000000, 0.0000000, 0.0000000
0.13308629, 2.2737110, 0.16028704, 0.68561429, 0.56126887, 0.39143905, 4.7340775, 65.716217, 62.236217, 0.20937501E-1, 2.2154338, 0.60402598E-1, 0.22503342E-2, 2.5036972, 12628.820, 23121.404, 35629.027, 0.0000000, 0.0000000, 0.0000000, 0.0000000, 0.0000000
0.13306765, 2.2743988, 0.16028303, 0.68559003, 0.56127310, 0.39144504, 4.7340732, 65.678963, 62.236217, 0.20172922E-1, 2.2136593, 0.60369629E-1, 0.22554426E-2, 2.5035820, 12658.886, 23169.895, 35821.742, 0.0000000, 0.0000000, 0.0000000, 0.0000000, 0.0000000
0.13312809, 2.2750599, 0.16030712, 0.68562591, 0.56129301, 0.39146644, 4.7340684, 65.643372, 62.236217, 0.19368874E-1, 2.2121799, 0.60337938E-1, 0.22608133E-2, 2.5038595, 12687.785, 23216.477, 36014.766, 0.0000000, 0.0000000, 0.0000000, 0.0000000, 0.0000000
0.13307762, 2.2756929, 0.16029668, 0.68565601, 0.56131107, 0.39148116, 4.7341981, 65.609375, 62.236221, 0.18641718E-1, 2.2106071, 0.60307894E-1, 0.22657362E-2, 2.5038607, 12715.458, 23261.025, 36208.012, 0.0000000, 0.0000000, 0.0000000, 0.0000000, 0.0000000
0.13307199, 2.2762711, 0.16029234, 0.68564504, 0.56131411, 0.39148626, 4.7341352, 65.576675, 62.236221, 0.18065842E-1, 2.2092786, 0.60278710E-1, 0.22704008E-2, 2.5037313, 12742.229, 23304.143, 36401.566, 0.0000000, 0.0000000, 0.0000000, 0.0000000, 0.0000000
0.13311973, 2.2768042, 0.16030982, 0.68565899, 0.56132621, 0.39149818, 4.7340875, 65.545357, 62.236221, 0.17372582E-1, 2.2078967, 0.60250849E-1, 0.22750427E-2, 2.5038586, 12768.126, 23345.805, 36595.375, 0.0000000, 0.0000000, 0.0000000, 0.0000000, 0.0000000
0.13312279, 2.2773018, 0.16031320, 0.68567359, 0.56133556, 0.39150825, 4.7341061, 65.515266, 62.236221, 0.16761540E-1, 2.2065318, 0.60224742E-1, 0.22794739E-2, 2.5037940, 12792.930, 23385.695, 36789.371, 0.0000000, 0.0000000, 0.0000000, 0.0000000, 0.0000000
0.13307458, 2.2777886, 0.16030237, 0.68569070, 0.56134748, 0.39152074, 4.7342153, 65.486572, 62.236221, 0.16139971E-1, 2.2052448, 0.60199562E-1, 0.22836714E-2, 2.5038526, 12816.782, 23424.049, 36983.559, 0.0000000, 0.0000000, 0.0000000, 0.0000000, 0.0000000
0.13310613, 2.2782254, 0.16030730, 0.68569720, 0.56135082, 0.39152637, 4.7341404, 65.459221, 62.236221, 0.15632773E-1, 2.2042406, 0.60175065E-1, 0.22878342E-2, 2.5039003, 12839.904, 23461.207, 37177.906, 0.0000000, 0.0000000, 0.0000000, 0.0000000, 0.0000000
0.13308047, 2.2786288, 0.16030599, 0.68568558, 0.56135255, 0.39153087, 4.7341456, 65.433250, 62.236225, 0.15094968E-1, 2.2029634, 0.60151506E-1, 0.22917669E-2, 2.5037692, 12862.269, 23497.129, 37372.590, 0.0000000, 0.0000000, 0.0000000, 0.0000000, 0.0000000
0.13313119, 2.2790258, 0.16032429, 0.68571615, 0.56136620, 0.39154297, 4.7340894, 65.408623, 62.236229, 0.14574278E-1, 2.2020576, 0.60129542E-1, 0.22957609E-2, 2.5039618, 12883.866, 23531.830, 37567.332, 0.0000000, 0.0000000, 0.0000000, 0.0000000, 0.0000000
0.13312382, 2.2794099, 0.16032255, 0.68575799, 0.56139368, 0.39156532, 4.7342882, 65.385262, 62.236229, 0.13949932E-1, 2.2008343, 0.60109340E-1, 0.22993684E-2, 2.5041187, 12904.574, 23565.039, 37762.211, 0.0000000, 0.0000000, 0.0000000, 0.0000000, 0.0000000
0.13312033, 2.2797637, 0.16032343, 0.68577015, 0.56140286, 0.39157414, 4.7343125, 65.363113, 62.236229, 0.13558326E-1, 2.2000301, 0.60089495E-1, 0.23029265E-2, 2.5041065, 12924.604, 23597.184, 37957.270, 0.0000000, 0.0000000, 0.0000000, 0.0000000, 0.0000000
0.13312128, 2.2801049, 0.16032606, 0.68578243, 0.56141198, 0.39158314, 4.7343397, 65.341896, 62.236229, 0.13109415E-1, 2.1991298, 0.60070824E-1, 0.23063871E-2, 2.5041535, 12943.995, 23628.283, 38152.414, 0.0000000, 0.0000000, 0.0000000, 0.0000000, 0.0000000
0.13308987, 2.2804055, 0.16032058, 0.68576252, 0.56139958, 0.39157668, 4.7342300, 65.321587, 62.236229, 0.12810309E-1, 2.1983449, 0.60053289E-1, 0.23097638E-2, 2.5039289, 12962.918, 23658.619, 38347.746, 0.0000000, 0.0000000, 0.0000000, 0.0000000, 0.0000000
0.13310108, 2.2806807, 0.16031849, 0.68574893, 0.56139565, 0.39157587, 4.7341690, 65.302177, 62.236229, 0.12377920E-1, 2.1974094, 0.60035329E-1, 0.23130609E-2, 2.5039039, 12981.267, 23688.018, 38543.207, 0.0000000, 0.0000000, 0.0000000, 0.0000000, 0.0000000
0.13309166, 2.2809525, 0.16031735, 0.68577981, 0.56141269, 0.39158833, 4.7342749, 65.283623, 62.236229, 0.11867381E-1, 2.1965244, 0.60019359E-1, 0.23161806E-2, 2.5041428, 12998.893, 23716.260, 38738.688, 0.0000000, 0.0000000, 0.0000000, 0.0000000, 0.0000000
0.13310133, 2.2812088, 0.16032305, 0.68579417, 0.56141996, 0.39159605, 4.7342553, 65.265717, 62.236229, 0.11566869E-1, 2.1959035, 0.60003892E-1, 0.23192964E-2, 2.5040977, 13016.045, 23743.754, 38934.234, 0.0000000, 0.0000000, 0.0000000, 0.0000000, 0.0000000
0.13309166, 2.2814300, 0.16032444, 0.68578708, 0.56142384, 0.39159814, 4.7341905, 65.248596, 62.236229, 0.11241803E-1, 2.1951735, 0.59988268E-1, 0.23221688E-2, 2.5040278, 13032.842, 23770.625, 39129.992, 0.0000000, 0.0000000, 0.0000000, 0.0000000, 0.0000000
0.13312860, 2.2816441, 0.16033074, 0.68578577, 0.56141996, 0.39159918, 4.7341008, 65.232124, 62.236229, 0.10920655E-1, 2.1945162, 0.59973475E-1, 0.23251479E-2, 2.5040116, 13049.102, 23796.664, 39325.723, 0.0000000, 0.0000000, 0.0000000, 0.0000000, 0.0000000
0.13318393, 2.2818999, 0.16035703, 0.68588603, 0.56147552, 0.39163584, 4.7343330, 65.216545, 62.236229, 0.10330210E-1, 2.1937802, 0.59960160E-1, 0.23281679E-2, 2.5046151, 13064.680, 23821.588, 39521.562, 0.0000000, 0.0000000, 0.0000000, 0.0000000, 0.0000000
0.13313039, 2.2821217, 0.16033658, 0.68589073, 0.56147236, 0.39164174, 4.7344537, 65.201874, 62.236229, 0.10112881E-1, 2.1931934, 0.59946459E-1, 0.23306881E-2, 2.5044234, 13079.608, 23845.447, 39717.422, 0.0000000, 0.0000000, 0.0000000, 0.0000000, 0.0000000
0.13315630, 2.2823300, 0.16035426, 0.68589664, 0.56148601, 0.39165115, 4.7344098, 65.187828, 62.236229, 0.98496694E-2, 2.1926870, 0.59933785E-1, 0.23332802E-2, 2.5044389, 13094.306, 23868.928, 39913.348, 0.0000000, 0.0000000, 0.0000000, 0.0000000, 0.0000000
0.13317908, 2.2825549, 0.16035879, 0.68595278, 0.56151164, 0.39166790, 4.7345247, 65.174538, 62.236229, 0.94942451E-2, 2.1921329, 0.59922334E-1, 0.23360306E-2, 2.5046320, 13108.438, 23891.523, 40109.305, 0.0000000, 0.0000000, 0.0000000, 0.0000000, 0.0000000
0.13319646, 2.2827785, 0.16037063, 0.68600321, 0.56153077, 0.39168257, 4.7345433, 65.161850, 62.236229, 0.92424834E-2, 2.1918113, 0.59911147E-1, 0.23385102E-2, 2.5047987, 13122.140, 23913.438, 40305.324, 0.0000000, 0.0000000, 0.0000000, 0.0000000, 0.0000000
0.13319680, 2.2830024, 0.16036512, 0.68603820, 0.56151634, 0.39167580, 4.7343378, 65.149658, 62.236229, 0.91575636E-2, 2.1917479, 0.59900306E-1, 0.23412076E-2, 2.5047781, 13135.591, 23934.924, 40501.371, 0.0000000, 0.0000000, 0.0000000, 0.0000000, 0.0000000
0.13316067, 2.2832158, 0.16036519, 0.68606126, 0.56152797, 0.39168102, 4.7343211, 65.137985, 62.236229, 0.88334288E-2, 2.1910663, 0.59889816E-1, 0.23435163E-2, 2.5047946, 13148.714, 23955.889, 40697.469, 0.0000000, 0.0000000, 0.0000000, 0.0000000, 0.0000000
0.13316253, 2.2833917, 0.16036676, 0.68603057, 0.56152928, 0.39168534, 4.7343917, 65.126884, 62.236229, 0.85462900E-2, 2.1903038, 0.59879694E-1, 0.23456134E-2, 2.5046468, 13161.302, 23976.004, 40893.578, 0.0000000, 0.0000000, 0.0000000, 0.0000000, 0.0000000
0.13312572, 2.2834878, 0.16033784, 0.68592882, 0.56150305, 0.39167371, 4.7344446, 65.116272, 62.236229, 0.83323158E-2, 2.1894693, 0.59871022E-1, 0.23472481E-2, 2.5042551, 13173.530, 23995.539, 41089.570, 0.0000000, 0.0000000, 0.0000000, 0.0000000, 0.0000000
0.13309817, 2.2835786, 0.16032837, 0.68588758, 0.56147456, 0.39165574, 4.7343044, 65.106041, 62.236229, 0.81773987E-2, 2.1892352, 0.59861697E-1, 0.23494761E-2, 2.5042813, 13185.466, 24014.645, 41285.609, 0.0000000, 0.0000000, 0.0000000, 0.0000000, 0.0000000
0.13310379, 2.2836514, 0.16032952, 0.68585610, 0.56146157, 0.39164492, 4.7341437, 65.096085, 62.236229, 0.79965899E-2, 2.1887927, 0.59852649E-1, 0.23515853E-2, 2.5041802, 13197.272, 24033.408, 41481.688, 0.0000000, 0.0000000, 0.0000000, 0.0000000, 0.0000000
0.13314620, 2.2837563, 0.16035555, 0.68592054, 0.56149977, 0.39166862, 4.7342691, 65.086487, 62.236229, 0.75883344E-2, 2.1882546, 0.59844598E-1, 0.23537865E-2, 2.5045562, 13208.543, 24051.408, 41677.691, 0.0000000, 0.0000000, 0.0000000, 0.0000000, 0.0000000
0.13309216, 2.2838175, 0.16033226, 0.68589038, 0.56149673, 0.39166814, 4.7343516, 65.077362, 62.236229, 0.74734041E-2, 2.1877434, 0.59835989E-1, 0.23554033E-2, 2.5042312, 13219.458, 24068.822, 41873.664, 0.0000000, 0.0000000, 0.0000000, 0.0000000, 0.0000000
0.13314213, 2.2838767, 0.16034678, 0.68588334, 0.56148493, 0.39166230, 4.7341852, 65.068588, 62.236229, 0.73305266E-2, 2.1876771, 0.59828538E-1, 0.23574869E-2, 2.5044119, 13230.204, 24085.994, 42069.676, 0.0000000, 0.0000000, 0.0000000, 0.0000000, 0.0000000
0.13312337, 2.2839708, 0.16034287, 0.68593955, 0.56150496, 0.39167285, 4.7342329, 65.060104, 62.236229, 0.70886761E-2, 2.1873717, 0.59821468E-1, 0.23594617E-2, 2.5045924, 13240.639, 24102.596, 42265.586, 0.0000000, 0.0000000, 0.0000000, 0.0000000, 0.0000000
0.13313815, 2.2840202, 0.16034803, 0.68591201, 0.56149715, 0.39167085, 4.7342076, 65.052002, 62.236229, 0.69431909E-2, 2.1869185, 0.59813648E-1, 0.23611437E-2, 2.5044136, 13250.817, 24118.848, 42461.430, 0.0000000, 0.0000000, 0.0000000, 0.0000000, 0.0000000
0.13309273, 2.2840505, 0.16032556, 0.68588060, 0.56148374, 0.39166281, 4.7342072, 65.044159, 62.236229, 0.68148035E-2, 2.1864781, 0.59807077E-1, 0.23627714E-2, 2.5042055, 13260.756, 24134.662, 42657.406, 0.0000000, 0.0000000, 0.0000000, 0.0000000, 0.0000000
0.13313185, 2.2840931, 0.16033949, 0.68589014, 0.56148821, 0.39166629, 4.7341461, 65.036575, 62.236229, 0.66011823E-2, 2.1862993, 0.59800260E-1, 0.23646124E-2, 2.5044627, 13270.413, 24150.090, 42853.129, 0.0000000, 0.0000000, 0.0000000, 0.0000000, 0.0000000
0.13317572, 2.2841759, 0.16036180, 0.68597758, 0.56152081, 0.39168420, 4.7341452, 65.029266, 62.236229, 0.63960841E-2, 2.1862667, 0.59794176E-1, 0.23666173E-2, 2.5048323, 13279.799, 24165.045, 43048.887, 0.0000000, 0.0000000, 0.0000000, 0.0000000, 0.0000000
0.13309166, 2.2842121, 0.16033109, 0.68593085, 0.56150675, 0.39168087, 4.7342949, 65.022423, 62.236229, 0.62862001E-2, 2.1855597, 0.59787214E-1, 0.23678730E-2, 2.5043242, 13288.873, 24179.482, 43244.781, 0.0000000, 0.0000000, 0.0000000, 0.0000000, 0.0000000
0.13312924, 2.2842314, 0.16033998, 0.68589544, 0.56148994, 0.39166960, 4.7340856, 65.015747, 62.236229, 0.62417667E-2, 2.1855736, 0.59781432E-1, 0.23695303E-2, 2.5043559, 13298.006, 24194.023, 43440.391, 0.0000000, 0.0000000, 0.0000000, 0.0000000, 0.0000000
0.13314562, 2.2842977, 0.16035779, 0.68597001, 0.56151724, 0.39168209, 4.7341080, 65.009262, 62.236229, 0.59803734E-2, 2.1853898, 0.59775870E-1, 0.23713799E-2, 2.5047257, 13306.774, 24208.012, 43636.023, 0.0000000, 0.0000000, 0.0000000, 0.0000000, 0.0000000
0.13314569, 2.2843328, 0.16035010, 0.68594313, 0.56151563, 0.39168704, 4.7342086, 65.003090, 62.236229, 0.58244187E-2, 2.1848547, 0.59770226E-1, 0.23726856E-2, 2.5045147, 13315.324, 24221.650, 43831.488, 0.0000000, 0.0000000, 0.0000000, 0.0000000, 0.0000000
0.13313968, 2.2843695, 0.16034612, 0.68594450, 0.56151408, 0.39168674, 4.7342443, 64.997078, 62.236229, 0.57112379E-2, 2.1847131, 0.59764903E-1, 0.23741880E-2, 2.5045657, 13323.680, 24234.869, 44027.180, 0.0000000, 0.0000000, 0.0000000, 0.0000000, 0.0000000
0.13312222, 2.2844040, 0.16034092, 0.68594533, 0.56151563, 0.39168885, 4.7342901, 64.991394, 62.236229, 0.56095952E-2, 2.1844645, 0.59759784E-1, 0.23756868E-2, 2.5044901, 13331.848, 24247.930, 44222.551, 0.0000000, 0.0000000, 0.0000000, 0.0000000, 0.0000000
0.13316220, 2.2844462, 0.16036087, 0.68597466, 0.56153977, 0.39170390, 4.7343550, 64.985825, 62.236229, 0.53921221E-2, 2.1842153, 0.59755612E-1, 0.23770602E-2, 2.5047138, 13339.826, 24260.596, 44417.891, 0.0000000, 0.0000000, 0.0000000, 0.0000000, 0.0000000
0.13315190, 2.2845333, 0.16036317, 0.68604475, 0.56153560, 0.39169624, 4.7341032, 64.980316, 62.236229, 0.54689618E-2, 2.1846991, 0.59750944E-1, 0.23789369E-2, 2.5048807, 13347.660, 24273.127, 44613.121, 0.0000000, 0.0000000, 0.0000000, 0.0000000, 0.0000000
0.13312621, 2.2845643, 0.16034628, 0.68599653, 0.56153893, 0.39170530, 4.7343321, 64.975060, 62.236229, 0.51794304E-2, 2.1836989, 0.59746288E-1, 0.23798977E-2, 2.5045707, 13355.419, 24285.445, 44808.406, 0.0000000, 0.0000000, 0.0000000, 0.0000000, 0.0000000
0.13312930, 2.2845764, 0.16033934, 0.68595487, 0.56152129, 0.39169550, 4.7342949, 64.970078, 62.236229, 0.51347408E-2, 2.1836441, 0.59741478E-1, 0.23811245E-2, 2.5045512, 13362.909, 24297.350, 45003.609, 0.0000000, 0.0000000, 0.0000000, 0.0000000, 0.0000000
0.13312770, 2.2846222, 0.16034678, 0.68598616, 0.56152922, 0.39169690, 4.7342386, 64.965248, 62.236229, 0.50273435E-2, 2.1836522, 0.59737217E-1, 0.23825823E-2, 2.5047405, 13370.287, 24309.078, 45198.691, 0.0000000, 0.0000000, 0.0000000, 0.0000000, 0.0000000
0.13312756, 2.2846165, 0.16034034, 0.68593282, 0.56151742, 0.39169168, 4.7342443, 64.960602, 62.236229, 0.49237255E-2, 2.1831179, 0.59733160E-1, 0.23836282E-2, 2.5044091, 13377.585, 24320.691, 45393.637, 0.0000000, 0.0000000, 0.0000000, 0.0000000, 0.0000000
0.13312231, 2.2846587, 0.16034250, 0.68597239, 0.56152278, 0.39169192, 4.7341838, 64.956047, 62.236229, 0.48385407E-2, 2.1832721, 0.59729509E-1, 0.23851532E-2, 2.5046854, 13384.679, 24331.977, 45588.457, 0.0000000, 0.0000000, 0.0000000, 0.0000000, 0.0000000
0.13314940, 2.2846556, 0.16034979, 0.68593621, 0.56151772, 0.39169180, 4.7341909, 64.951706, 62.236229, 0.47371709E-2, 2.1828091, 0.59725221E-1, 0.23862589E-2, 2.5044248, 13391.706, 24343.135, 45783.141, 0.0000000, 0.0000000, 0.0000000, 0.0000000, 0.0000000
0.13313727, 2.2846804, 0.16034228, 0.68595451, 0.56152350, 0.39169595, 4.7342849, 64.947578, 62.236229, 0.45562452E-2, 2.1826739, 0.59721243E-1, 0.23875122E-2, 2.5046670, 13398.452, 24353.906, 45977.812, 0.0000000, 0.0000000, 0.0000000, 0.0000000, 0.0000000
0.13308999, 2.2846754, 0.16033228, 0.68592137, 0.56151223, 0.39168772, 4.7342567, 64.943611, 62.236229, 0.45510014E-2, 2.1824617, 0.59718359E-1, 0.23885644E-2, 2.5044076, 13405.098, 24364.461, 46172.422, 0.0000000, 0.0000000, 0.0000000, 0.0000000, 0.0000000
0.13316233, 2.2846799, 0.16036001, 0.68593800, 0.56152231, 0.39169174, 4.7341142, 64.939690, 62.236229, 0.44836812E-2, 2.1825092, 0.59714764E-1, 0.23898822E-2, 2.5045483, 13411.855, 24375.199, 46366.973, 0.0000000, 0.0000000, 0.0000000, 0.0000000, 0.0000000
0.13310145, 2.2846930, 0.16033265, 0.68594217, 0.56151313, 0.39168906, 4.7342567, 64.936050, 62.236229, 0.43209358E-2, 2.1821523, 0.59711430E-1, 0.23910101E-2, 2.5045323, 13418.124, 24385.205, 46561.383, 0.0000000, 0.0000000, 0.0000000, 0.0000000, 0.0000000
0.13314374, 2.2846966, 0.16034709, 0.68593746, 0.56151009, 0.39168742, 4.7341533, 64.932472, 62.236229, 0.42984160E-2, 2.1822271, 0.59708357E-1, 0.23921507E-2, 2.5045986, 13424.490, 24395.270, 46753.945, 0.0000000, 0.0000000, 0.0000000, 0.0000000, 0.0000000
0.13310212, 2.2847018, 0.16032866, 0.68593544, 0.56150717, 0.39168605, 4.7342386, 64.929047, 62.236229, 0.41879280E-2, 2.1819212, 0.59704881E-1, 0.23932334E-2, 2.5045083, 13430.646, 24405.090, 46937.914, 0.0000000, 0.0000000, 0.0000000, 0.0000000, 0.0000000
0.13315685, 2.2847097, 0.16035487, 0.68594998, 0.56152678, 0.39169672, 4.7342358, 64.925728, 62.236229, 0.40865368E-2, 2.1818421, 0.59702490E-1, 0.23943267E-2, 2.5046246, 13436.793, 24414.801, 47120.969, 0.0000000, 0.0000000, 0.0000000, 0.0000000, 0.0000000
0.13315128, 2.2847247, 0.16035259, 0.68596357, 0.56153458, 0.39170292, 4.7343397, 64.922546, 62.236229, 0.39781174E-2, 2.1816194, 0.59699312E-1, 0.23953617E-2, 2.5046158, 13442.646, 24424.117, 47303.996, 0.0000000, 0.0000000, 0.0000000, 0.0000000, 0.0000000
0.13314490, 2.2847416, 0.16034558, 0.68596643, 0.56152779, 0.39170116, 4.7343459, 64.919571, 62.236229, 0.39348146E-2, 2.1816533, 0.59697017E-1, 0.23964350E-2, 2.5046928, 13448.419, 24433.252, 47486.984, 0.0000000, 0.0000000, 0.0000000, 0.0000000, 0.0000000
0.13314404, 2.2847588, 0.16034560, 0.68596750, 0.56152785, 0.39170140, 4.7343526, 64.916702, 62.236229, 0.38632178E-2, 2.1815381, 0.59693992E-1, 0.23974569E-2, 2.5046990, 13454.166, 24442.406, 47669.867, 0.0000000, 0.0000000, 0.0000000, 0.0000000, 0.0000000
0.13317598, 2.2847853, 0.16035801, 0.68599725, 0.56154615, 0.39171278, 4.7344179, 64.913918, 62.236229, 0.37525396E-2, 2.1814179, 0.59691958E-1, 0.23984825E-2, 2.5047979, 13459.763, 24451.309, 47852.680, 0.0000000, 0.0000000, 0.0000000, 0.0000000, 0.0000000
0.13320190, 2.2848556, 0.16036807, 0.68606710, 0.56154215, 0.39170924, 4.7341852, 64.911156, 62.236229, 0.38632175E-2, 2.1819830, 0.59689496E-1, 0.24000010E-2, 2.5049872, 13465.285, 24460.066, 48035.391, 0.0000000, 0.0000000, 0.0000000, 0.0000000, 0.0000000
0.13313854, 2.2848656, 0.16034383, 0.68600565, 0.56154245, 0.39171231, 4.7344360, 64.908623, 62.236229, 0.36260295E-2, 2.1810272, 0.59687044E-1, 0.24004122E-2, 2.5046136, 13470.750, 24468.768, 48218.012, 0.0000000, 0.0000000, 0.0000000, 0.0000000, 0.0000000
0.13313279, 2.2848361, 0.16033877, 0.68593520, 0.56150991, 0.39169198, 4.7342892, 64.906143, 62.236229, 0.37169005E-2, 2.1811342, 0.59685323E-1, 0.24012693E-2, 2.5044351, 13476.123, 24477.283, 48400.523, 0.0000000, 0.0000000, 0.0000000, 0.0000000, 0.0000000
0.13316010, 2.2848694, 0.16036347, 0.68600583, 0.56153131, 0.39169848, 4.7342048, 64.903641, 62.236229, 0.36062938E-2, 2.1813068, 0.59682608E-1, 0.24026989E-2, 2.5048113, 13481.491, 24485.766, 48582.965, 0.0000000, 0.0000000, 0.0000000, 0.0000000, 0.0000000
0.13318710, 2.2849207, 0.16036552, 0.68606216, 0.56154335, 0.39170679, 4.7341475, 64.901154, 62.236229, 0.35540005E-2, 2.1813886, 0.59680786E-1, 0.24037606E-2, 2.5049551, 13486.710, 24494.111, 48765.336, 0.0000000, 0.0000000, 0.0000000, 0.0000000, 0.0000000
0.13314909, 2.2849479, 0.16035655, 0.68605942, 0.56156808, 0.39172706, 4.7345486, 64.898964, 62.236229, 0.32907934E-2, 2.1806092, 0.59678979E-1, 0.24043324E-2, 2.5048218, 13491.689, 24501.951, 48947.570, 0.0000000, 0.0000000, 0.0000000, 0.0000000, 0.0000000
0.13310306, 2.2849271, 0.16032800, 0.68596172, 0.56151927, 0.39169943, 4.7344098, 64.896843, 62.236229, 0.35147949E-2, 2.1808245, 0.59676781E-1, 0.24050002E-2, 2.5044148, 13496.696, 24509.938, 49129.742, 0.0000000, 0.0000000, 0.0000000, 0.0000000, 0.0000000
0.13313518, 2.2849083, 0.16034253, 0.68593884, 0.56151503, 0.39169255, 4.7342839, 64.894691, 62.236229, 0.33994832E-2, 2.1807165, 0.59674986E-1, 0.24059035E-2, 2.5045509, 13501.827, 24518.045, 49311.754, 0.0000000, 0.0000000, 0.0000000, 0.0000000, 0.0000000
0.13309447, 2.2848938, 0.16032635, 0.68591863, 0.56150144, 0.39168391, 4.7343092, 64.892609, 62.236229, 0.33384482E-2, 2.1804738, 0.59673451E-1, 0.24067466E-2, 2.5044150, 13506.676, 24525.797, 49493.629, 0.0000000, 0.0000000, 0.0000000, 0.0000000, 0.0000000
0.13316163, 2.2849216, 0.16036193, 0.68599576, 0.56153327, 0.39169854, 4.7342644, 64.890556, 62.236229, 0.32468259E-2, 2.1807332, 0.59671313E-1, 0.24079424E-2, 2.5048318, 13511.490, 24533.395, 49675.480, 0.0000000, 0.0000000, 0.0000000, 0.0000000, 0.0000000
0.13319507, 2.2849727, 0.16036798, 0.68606132, 0.56154948, 0.39171168, 4.7342510, 64.888573, 62.236229, 0.31979200E-2, 2.1808493, 0.59669580E-1, 0.24089215E-2, 2.5050061, 13516.166, 24540.818, 49857.281, 0.0000000, 0.0000000, 0.0000000, 0.0000000, 0.0000000
0.13316056, 2.2849822, 0.16034687, 0.68602324, 0.56155372, 0.39172158, 4.7345572, 64.886841, 62.236229, 0.30612161E-2, 2.1801796, 0.59668247E-1, 0.24094128E-2, 2.5046673, 13520.695, 24548.006, 50038.504, 0.0000000, 0.0000000, 0.0000000, 0.0000000, 0.0000000
0.13312966, 2.2849557, 0.16033541, 0.68595743, 0.56152624, 0.39170307, 4.7344809, 64.885193, 62.236229, 0.31452805E-2, 2.1802607, 0.59666239E-1, 0.24100256E-2, 2.5044944, 13525.262, 24555.248, 50219.922, 0.0000000, 0.0000000, 0.0000000, 0.0000000, 0.0000000
0.13312697, 2.2849486, 0.16034043, 0.68596494, 0.56152773, 0.39170164, 4.7344642, 64.883522, 62.236229, 0.30887090E-2, 2.1802804, 0.59665110E-1, 0.24110058E-2, 2.5046024, 13529.849, 24562.533, 50401.344, 0.0000000, 0.0000000, 0.0000000, 0.0000000, 0.0000000
0.13313900, 2.2849493, 0.16035131, 0.68597370, 0.56152827, 0.39170048, 4.7344618, 64.881897, 62.236229, 0.30198281E-2, 2.1801713, 0.59663706E-1, 0.24118528E-2, 2.5046208, 13534.307, 24569.596, 50582.793, 0.0000000, 0.0000000, 0.0000000, 0.0000000, 0.0000000
0.13318692, 2.2849808, 0.16036426, 0.68601775, 0.56153327, 0.39170405, 4.7343302, 64.880264, 62.236229, 0.30260715E-2, 2.1804922, 0.59662592E-1, 0.24129658E-2, 2.5048573, 13538.693, 24576.543, 50763.793, 0.0000000, 0.0000000, 0.0000000, 0.0000000, 0.0000000
0.13315238, 2.2849987, 0.16034980, 0.68602210, 0.56155658, 0.39172181, 4.7346611, 64.878876, 62.236229, 0.27734027E-2, 2.1798527, 0.59660640E-1, 0.24133381E-2, 2.5048394, 13542.859, 24583.174, 50944.801, 0.0000000, 0.0000000, 0.0000000, 0.0000000, 0.0000000
0.13310455, 2.2849941, 0.16033034, 0.68598485, 0.56153429, 0.39170748, 4.7346263, 64.877502, 62.236229, 0.29505775E-2, 2.1800621, 0.59659716E-1, 0.24140296E-2, 2.5045476, 13547.035, 24589.777, 51125.848, 0.0000000, 0.0000000, 0.0000000, 0.0000000, 0.0000000
0.13316107, 2.2849710, 0.16035430, 0.68595493, 0.56152868, 0.39170313, 4.7344899, 64.876122, 62.236229, 0.29190378E-2, 2.1799946, 0.59658580E-1, 0.24147383E-2, 2.5045202, 13551.418, 24596.752, 51306.867, 0.0000000, 0.0000000, 0.0000000, 0.0000000, 0.0000000
0.13314822, 2.2850115, 0.16035490, 0.68603814, 0.56153965, 0.39170375, 4.7343950, 64.874657, 62.236229, 0.28532497E-2, 2.1803112, 0.59657507E-1, 0.24158736E-2, 2.5049293, 13555.553, 24603.275, 51487.250, 0.0000000, 0.0000000, 0.0000000, 0.0000000, 0.0000000
0.13312574, 2.2850134, 0.16034278, 0.68600881, 0.56155139, 0.39171731, 4.7346611, 64.873390, 62.236229, 0.26936035E-2, 2.1796618, 0.59656486E-1, 0.24162452E-2, 2.5046735, 13559.562, 24609.650, 51667.953, 0.0000000, 0.0000000, 0.0000000, 0.0000000, 0.0000000
0.13315663, 2.2850063, 0.16035558, 0.68600148, 0.56155115, 0.39171761, 4.7346501, 64.872185, 62.236229, 0.27347580E-2, 2.1798534, 0.59654832E-1, 0.24169828E-2, 2.5047114, 13563.572, 24615.986, 51848.312, 0.0000000, 0.0000000, 0.0000000, 0.0000000, 0.0000000
0.13309856, 2.2849984, 0.16032685, 0.68596750, 0.56152481, 0.39170206, 4.7346473, 64.871040, 62.236229, 0.27479662E-2, 2.1797810, 0.59654169E-1, 0.24176561E-2, 2.5045640, 13567.486, 24622.170, 52028.562, 0.0000000, 0.0000000, 0.0000000, 0.0000000, 0.0000000
0.13310838, 2.2849779, 0.16033207, 0.68594986, 0.56152028, 0.39169779, 4.7346029, 64.869881, 62.236229, 0.27248813E-2, 2.1797206, 0.59653062E-1, 0.24183567E-2, 2.5045185, 13571.588, 24628.723, 52209.156, 0.0000000, 0.0000000, 0.0000000, 0.0000000, 0.0000000
0.13309188, 2.2849412, 0.16032852, 0.68591082, 0.56150180, 0.39168406, 4.7344933, 64.868721, 62.236229, 0.27481848E-2, 2.1796675, 0.59652124E-1, 0.24190031E-2, 2.5043690, 13575.606, 24635.061, 52388.965, 0.0000000, 0.0000000, 0.0000000, 0.0000000, 0.0000000
0.13311836, 2.2849088, 0.16032721, 0.68589354, 0.56149620, 0.39167950, 4.7344775, 64.867561, 62.236229, 0.26571141E-2, 2.1794908, 0.59651386E-1, 0.24196391E-2, 2.5043852, 13579.556, 24641.328, 52569.219, 0.0000000, 0.0000000, 0.0000000, 0.0000000, 0.0000000
0.13308781, 2.2848804, 0.16032317, 0.68588561, 0.56149673, 0.39167795, 4.7345157, 64.866440, 62.236229, 0.26080371E-2, 2.1793711, 0.59649758E-1, 0.24202855E-2, 2.5043533, 13583.407, 24647.398, 52748.844, 0.0000000, 0.0000000, 0.0000000, 0.0000000, 0.0000000
0.13309103, 2.2848606, 0.16032542, 0.68589413, 0.56149548, 0.39167887, 4.7345500, 64.865372, 62.236229, 0.25570975E-2, 2.1794236, 0.59648961E-1, 0.24210536E-2, 2.5044916, 13587.143, 24653.326, 52928.863, 0.0000000, 0.0000000, 0.0000000, 0.0000000, 0.0000000
0.13310684, 2.2848308, 0.16032556, 0.68588024, 0.56148595, 0.39167163, 4.7344661, 64.864296, 62.236229, 0.26381991E-2, 2.1794631, 0.59648149E-1, 0.24217691E-2, 2.5042839, 13591.051, 24659.529, 53108.266, 0.0000000, 0.0000000, 0.0000000, 0.0000000, 0.0000000
0.13313757, 2.2848103, 0.16033885, 0.68589741, 0.56149399, 0.39167637, 4.7344756, 64.863266, 62.236229, 0.24986032E-2, 2.1793888, 0.59647329E-1, 0.24224843E-2, 2.5045235, 13594.856, 24665.566, 53288.086, 0.0000000, 0.0000000, 0.0000000, 0.0000000, 0.0000000
0.13315061, 2.2848084, 0.16034719, 0.68593085, 0.56151801, 0.39169338, 4.7346487, 64.862305, 62.236229, 0.23770442E-2, 2.1792016, 0.59646543E-1, 0.24231318E-2, 2.5046084, 13598.397, 24671.182, 53467.121, 0.0000000, 0.0000000, 0.0000000, 0.0000000, 0.0000000
0.13318481, 2.2848599, 0.16035850, 0.68601364, 0.56153280, 0.39170247, 4.7345815, 64.861366, 62.236229, 0.24321873E-2, 2.1797538, 0.59645783E-1, 0.24242250E-2, 2.5049541, 13601.812, 24676.555, 53646.523, 0.0000000, 0.0000000, 0.0000000, 0.0000000, 0.0000000
0.13314189, 2.2848833, 0.16034994, 0.68602675, 0.56155354, 0.39171821, 4.7348785, 64.860603, 62.236229, 0.22743321E-2, 2.1792281, 0.59644595E-1, 0.24244734E-2, 2.5048113, 13605.176, 24681.893, 53825.746, 0.0000000, 0.0000000, 0.0000000, 0.0000000, 0.0000000
0.13317811, 2.2849257, 0.16035530, 0.68604839, 0.56155324, 0.39171830, 4.7347593, 64.859795, 62.236229, 0.23782286E-2, 2.1797235, 0.59643913E-1, 0.24252492E-2, 2.5049930, 13608.580, 24687.312, 54004.523, 0.0000000, 0.0000000, 0.0000000, 0.0000000, 0.0000000
0.13316168, 2.2849898, 0.16036277, 0.68609875, 0.56156379, 0.39172131, 4.7347155, 64.858963, 62.236229, 0.23650250E-2, 2.1798229, 0.59643429E-1, 0.24260336E-2, 2.5050714, 13611.989, 24692.688, 54183.770, 0.0000000, 0.0000000, 0.0000000, 0.0000000, 0.0000000
0.13315073, 2.2849941, 0.16034770, 0.68603528, 0.56156015, 0.39172488, 4.7349124, 64.858246, 62.236229, 0.22531238E-2, 2.1791914, 0.59642866E-1, 0.24262441E-2, 2.5047283, 13615.304, 24697.955, 54362.332, 0.0000000, 0.0000000, 0.0000000, 0.0000000, 0.0000000
0.13309892, 2.2849929, 0.16032800, 0.68599010, 0.56153393, 0.39171010, 4.7349248, 64.857544, 62.236229, 0.23029337E-2, 2.1793027, 0.59642110E-1, 0.24267628E-2, 2.5046675, 13618.497, 24703.039, 54540.648, 0.0000000, 0.0000000, 0.0000000, 0.0000000, 0.0000000
0.13312641, 2.2849658, 0.16033164, 0.68594187, 0.56151080, 0.39169452, 4.7347670, 64.856789, 62.236229, 0.23429929E-2, 2.1793237, 0.59641566E-1, 0.24273158E-2, 2.5045605, 13621.964, 24708.496, 54719.320, 0.0000000, 0.0000000, 0.0000000, 0.0000000, 0.0000000
0.13315798, 2.2849851, 0.16035244, 0.68600267, 0.56153971, 0.39170709, 4.7347679, 64.856041, 62.236229, 0.22054610E-2, 2.1793873, 0.59641063E-1, 0.24281926E-2, 2.5049253, 13625.272, 24713.727, 54897.957, 0.0000000, 0.0000000, 0.0000000, 0.0000000, 0.0000000
0.13309336, 2.2849560, 0.16032098, 0.68594307, 0.56150967, 0.39169267, 4.7348218, 64.855331, 62.236229, 0.22516439E-2, 2.1790502, 0.59640385E-1, 0.24284651E-2, 2.5044537, 13628.441, 24718.760, 55076.031, 0.0000000, 0.0000000, 0.0000000, 0.0000000, 0.0000000
0.13310109, 2.2849169, 0.16032651, 0.68590158, 0.56149560, 0.39168039, 4.7346821, 64.854591, 62.236229, 0.23313814E-2, 2.1791592, 0.59640046E-1, 0.24290327E-2, 2.5043225, 13631.896, 24724.205, 55253.809, 0.0000000, 0.0000000, 0.0000000, 0.0000000, 0.0000000
0.13318618, 2.2849476, 0.16035873, 0.68600225, 0.56154019, 0.39170656, 4.7347536, 64.853859, 62.236229, 0.20982302E-2, 2.1792696, 0.59638798E-1, 0.24299533E-2, 2.5049756, 13635.108, 24729.324, 55431.859, 0.0000000, 0.0000000, 0.0000000, 0.0000000, 0.0000000
0.13315190, 2.2850003, 0.16035414, 0.68606967, 0.56155390, 0.39171389, 4.7347960, 64.853195, 62.236229, 0.21368254E-2, 2.1794381, 0.59638172E-1, 0.24305840E-2, 2.5049920, 13638.081, 24734.002, 55609.633, 0.0000000, 0.0000000, 0.0000000, 0.0000000, 0.0000000
0.13316140, 2.2850435, 0.16035970, 0.68609482, 0.56155920, 0.39171895, 4.7347569, 64.852516, 62.236229, 0.21620051E-2, 2.1795671, 0.59637893E-1, 0.24312190E-2, 2.5050244, 13641.163, 24738.871, 55787.398, 0.0000000, 0.0000000, 0.0000000, 0.0000000, 0.0000000
0.13320860, 2.2851133, 0.16036847, 0.68612939, 0.56156921, 0.39173108, 4.7347913, 64.851883, 62.236229, 0.20749865E-2, 2.1795769, 0.59637256E-1, 0.24319603E-2, 2.5052180, 13644.105, 24743.568, 55965.020, 0.0000000, 0.0000000, 0.0000000, 0.0000000, 0.0000000
0.13315925, 2.2851524, 0.16034520, 0.68610036, 0.56154197, 0.39171380, 4.7347083, 64.851273, 62.236229, 0.22313385E-2, 2.1796336, 0.59636660E-1, 0.24325086E-2, 2.5048413, 13647.233, 24748.488, 56142.355, 0.0000000, 0.0000000, 0.0000000, 0.0000000, 0.0000000
0.13319939, 2.2852070, 0.16036403, 0.68612844, 0.56156552, 0.39173001, 4.7347617, 64.850677, 62.236229, 0.20301868E-2, 2.1794965, 0.59636168E-1, 0.24330583E-2, 2.5051880, 13650.286, 24753.309, 56319.508, 0.0000000, 0.0000000, 0.0000000, 0.0000000, 0.0000000
0.13318400, 2.2852533, 0.16036084, 0.68613142, 0.56157845, 0.39173698, 4.7348685, 64.850151, 62.236229, 0.20000562E-2, 2.1793444, 0.59635781E-1, 0.24333957E-2, 2.5050881, 13653.199, 24757.928, 56496.520, 0.0000000, 0.0000000, 0.0000000, 0.0000000, 0.0000000
0.13319679, 2.2852976, 0.16036925, 0.68614328, 0.56158388, 0.39174047, 4.7348604, 64.849655, 62.236229, 0.20202664E-2, 2.1794558, 0.59635524E-1, 0.24340090E-2, 2.5051112, 13656.068, 24762.439, 56673.375, 0.0000000, 0.0000000, 0.0000000, 0.0000000, 0.0000000
0.13315812, 2.2853346, 0.16036086, 0.68613565, 0.56157500, 0.39173377, 4.7348614, 64.849174, 62.236229, 0.20210622E-2, 2.1794116, 0.59634935E-1, 0.24344921E-2, 2.5050354, 13658.901, 24766.934, 56850.129, 0.0000000, 0.0000000, 0.0000000, 0.0000000, 0.0000000
0.13316353, 2.2853689, 0.16034620, 0.68612486, 0.56156486, 0.39173043, 4.7348595, 64.848701, 62.236229, 0.20013819E-2, 2.1794264, 0.59634734E-1, 0.24350472E-2, 2.5050669, 13661.740, 24771.461, 57026.758, 0.0000000, 0.0000000, 0.0000000, 0.0000000, 0.0000000
0.13316426, 2.2853985, 0.16034789, 0.68611681, 0.56155401, 0.39172441, 4.7347755, 64.848213, 62.236229, 0.20292285E-2, 2.1795185, 0.59634455E-1, 0.24356241E-2, 2.5050533, 13664.611, 24775.979, 57203.012, 0.0000000, 0.0000000, 0.0000000, 0.0000000, 0.0000000
0.13319559, 2.2854316, 0.16036962, 0.68613970, 0.56157947, 0.39173836, 4.7348118, 64.847748, 62.236229, 0.18884364E-2, 2.1793604, 0.59633348E-1, 0.24360572E-2, 2.5052328, 13667.451, 24780.490, 57379.148, 0.0000000, 0.0000000, 0.0000000, 0.0000000, 0.0000000
0.13316588, 2.2854633, 0.16034870, 0.68613106, 0.56156647, 0.39173317, 4.7348609, 64.847328, 62.236229, 0.19349747E-2, 2.1793334, 0.59632994E-1, 0.24365606E-2, 2.5050530, 13670.113, 24784.674, 57555.234, 0.0000000, 0.0000000, 0.0000000, 0.0000000, 0.0000000
0.13316168, 2.2854960, 0.16035745, 0.68614066, 0.56157547, 0.39173698, 4.7348571, 64.846924, 62.236229, 0.18996507E-2, 2.1793535, 0.59632678E-1, 0.24370223E-2, 2.5051370, 13672.868, 24789.059, 57731.418, 0.0000000, 0.0000000, 0.0000000, 0.0000000, 0.0000000
0.13313080, 2.2854640, 0.16033965, 0.68605286, 0.56156921, 0.39173651, 4.7350693, 64.846672, 62.236229, 0.17816836E-2, 2.1787176, 0.59632521E-1, 0.24369122E-2, 2.5048115, 13675.520, 24793.236, 57907.418, 0.0000000, 0.0000000, 0.0000000, 0.0000000, 0.0000000
0.13319708, 2.2854815, 0.16037007, 0.68610334, 0.56156856, 0.39173159, 4.7347736, 64.846237, 62.236229, 0.19577146E-2, 2.1795516, 0.59632391E-1, 0.24379452E-2, 2.5051315, 13678.202, 24797.516, 58083.496, 0.0000000, 0.0000000, 0.0000000, 0.0000000, 0.0000000
0.13316630, 2.2855165, 0.16034912, 0.68612522, 0.56156713, 0.39173293, 4.7348695, 64.845879, 62.236229, 0.18343675E-2, 2.1792443, 0.59632003E-1, 0.24384777E-2, 2.5051024, 13680.842, 24801.654, 58259.199, 0.0000000, 0.0000000, 0.0000000, 0.0000000, 0.0000000
0.13315821, 2.2855396, 0.16036221, 0.68613100, 0.56157285, 0.39173332, 4.7347922, 64.845497, 62.236229, 0.18819619E-2, 2.1793561, 0.59631553E-1, 0.24389224E-2, 2.5050652, 13683.562, 24805.988, 58434.328, 0.0000000, 0.0000000, 0.0000000, 0.0000000, 0.0000000
0.13320889, 2.2855701, 0.16037193, 0.68614733, 0.56158006, 0.39174187, 4.7347984, 64.845131, 62.236229, 0.17972990E-2, 2.1793342, 0.59631195E-1, 0.24394761E-2, 2.5052350, 13686.231, 24810.189, 58609.957, 0.0000000, 0.0000000, 0.0000000, 0.0000000, 0.0000000
0.13314490, 2.2855492, 0.16034588, 0.68607992, 0.56158626, 0.39174867, 4.7351685, 64.844955, 62.236229, 0.16196549E-2, 2.1785631, 0.59631050E-1, 0.24393273E-2, 2.5049231, 13688.696, 24814.062, 58785.547, 0.0000000, 0.0000000, 0.0000000, 0.0000000, 0.0000000
0.13320552, 2.2855687, 0.16036798, 0.68611073, 0.56156379, 0.39173192, 4.7347894, 64.844597, 62.236229, 0.19332063E-2, 2.1796467, 0.59630889E-1, 0.24403748E-2, 2.5051391, 13691.333, 24818.223, 58960.254, 0.0000000, 0.0000000, 0.0000000, 0.0000000, 0.0000000
0.13318443, 2.2855928, 0.16035904, 0.68613338, 0.56158084, 0.39174157, 4.7349043, 64.844269, 62.236229, 0.17203570E-2, 2.1791151, 0.59630591E-1, 0.24406945E-2, 2.5051358, 13693.906, 24822.316, 59135.445, 0.0000000, 0.0000000, 0.0000000, 0.0000000, 0.0000000
0.13311465, 2.2855649, 0.16033456, 0.68606311, 0.56157446, 0.39174181, 4.7351770, 64.844109, 62.236229, 0.16365829E-2, 2.1786182, 0.59630323E-1, 0.24406638E-2, 2.5048561, 13696.229, 24826.012, 59310.660, 0.0000000, 0.0000000, 0.0000000, 0.0000000, 0.0000000
0.13315816, 2.2855425, 0.16034415, 0.68604314, 0.56156951, 0.39173827, 4.7351270, 64.843903, 62.236229, 0.17097301E-2, 2.1789153, 0.59630230E-1, 0.24412051E-2, 2.5049319, 13698.734, 24829.920, 59484.855, 0.0000000, 0.0000000, 0.0000000, 0.0000000, 0.0000000
0.13319324, 2.2855442, 0.16036677, 0.68608606, 0.56157494, 0.39173925, 4.7350082, 64.843658, 62.236229, 0.17347740E-2, 2.1791630, 0.59630137E-1, 0.24419448E-2, 2.5050750, 13701.272, 24833.957, 59659.746, 0.0000000, 0.0000000, 0.0000000, 0.0000000, 0.0000000
0.13310120, 2.2855146, 0.16032551, 0.68603534, 0.56156009, 0.39173120, 4.7352042, 64.843475, 62.236229, 0.16638145E-2, 2.1786661, 0.59630040E-1, 0.24419825E-2, 2.5047548, 13703.656, 24837.777, 59834.297, 0.0000000, 0.0000000, 0.0000000, 0.0000000, 0.0000000
0.13315739, 2.2854950, 0.16034384, 0.68603253, 0.56155050, 0.39172253, 4.7349648, 64.843163, 62.236229, 0.17897864E-2, 2.1791925, 0.59629858E-1, 0.24426584E-2, 2.5049179, 13706.229, 24841.803, 60008.477, 0.0000000, 0.0000000, 0.0000000, 0.0000000, 0.0000000
0.13315685, 2.2854958, 0.16036105, 0.68606770, 0.56156063, 0.39172584, 4.7349639, 64.842850, 62.236229, 0.17038933E-2, 2.1790252, 0.59629414E-1, 0.24432538E-2, 2.5049365, 13708.734, 24845.762, 60182.953, 0.0000000, 0.0000000, 0.0000000, 0.0000000, 0.0000000
0.13315666, 2.2855010, 0.16034119, 0.68607235, 0.56156379, 0.39172938, 4.7350307, 64.842552, 62.236229, 0.16648574E-2, 2.1790018, 0.59629306E-1, 0.24436037E-2, 2.5049856, 13711.101, 24849.508, 60356.582, 0.0000000, 0.0000000, 0.0000000, 0.0000000, 0.0000000
0.13315938, 2.2855151, 0.16036117, 0.68609768, 0.56157684, 0.39173728, 4.7350674, 64.842293, 62.236229, 0.16367338E-2, 2.1790388, 0.59629109E-1, 0.24440722E-2, 2.5050712, 13713.437, 24853.201, 60530.488, 0.0000000, 0.0000000, 0.0000000, 0.0000000, 0.0000000
0.13319798, 2.2855499, 0.16036329, 0.68613243, 0.56157768, 0.39174062, 4.7349834, 64.841988, 62.236229, 0.16791355E-2, 2.1793263, 0.59628978E-1, 0.24447178E-2, 2.5052116, 13715.851, 24856.984, 60704.234, 0.0000000, 0.0000000, 0.0000000, 0.0000000, 0.0000000
0.13318199, 2.2855754, 0.16036120, 0.68614137, 0.56158608, 0.39174497, 4.7350254, 64.841698, 62.236229, 0.16390120E-2, 2.1791759, 0.59628081E-1, 0.24450214E-2, 2.5051420, 13718.239, 24860.793, 60877.590, 0.0000000, 0.0000000, 0.0000000, 0.0000000, 0.0000000
0.13315850, 2.2855558, 0.16035375, 0.68608123, 0.56158763, 0.39174905, 4.7352648, 64.841553, 62.236229, 0.15080802E-2, 2.1786480, 0.59627749E-1, 0.24450042E-2, 2.5049517, 13720.483, 24864.309, 61051.562, 0.0000000, 0.0000000, 0.0000000, 0.0000000, 0.0000000
0.13319583, 2.2855697, 0.16036193, 0.68611020, 0.56156695, 0.39173388, 4.7349615, 64.841255, 62.236229, 0.17665616E-2, 2.1794901, 0.59627626E-1, 0.24459446E-2, 2.5050755, 13722.891, 24868.119, 61224.520, 0.0000000, 0.0000000, 0.0000000, 0.0000000, 0.0000000
0.13316295, 2.2855954, 0.16036579, 0.68614286, 0.56158185, 0.39174026, 4.7350121, 64.840965, 62.236229, 0.15920617E-2, 2.1791773, 0.59627376E-1, 0.24463756E-2, 2.5051827, 13725.268, 24871.910, 61397.555, 0.0000000, 0.0000000, 0.0000000, 0.0000000, 0.0000000
0.13315704, 2.2855642, 0.16035467, 0.68607426, 0.56158334, 0.39174604, 4.7352314, 64.840805, 62.236229, 0.15180982E-2, 2.1786337, 0.59627224E-1, 0.24463274E-2, 2.5048325, 13727.598, 24875.549, 61571.117, 0.0000000, 0.0000000, 0.0000000, 0.0000000, 0.0000000
0.13315894, 2.2855816, 0.16034643, 0.68609786, 0.56155211, 0.39172336, 4.7349520, 64.840508, 62.236229, 0.17622161E-2, 2.1795001, 0.59627149E-1, 0.24472938E-2, 2.5050166, 13729.972, 24879.322, 61743.770, 0.0000000, 0.0000000, 0.0000000, 0.0000000, 0.0000000
0.13320318, 2.2856076, 0.16036716, 0.68613607, 0.56157815, 0.39174080, 4.7349849, 64.840195, 62.236229, 0.15540466E-2, 2.1792009, 0.59627023E-1, 0.24476706E-2, 2.5052261, 13732.366, 24883.133, 61916.449, 0.0000000, 0.0000000, 0.0000000, 0.0000000, 0.0000000
0.13320495, 2.2856307, 0.16036564, 0.68614596, 0.56158257, 0.39174432, 4.7350144, 64.839935, 62.236229, 0.15699130E-2, 2.1791921, 0.59626780E-1, 0.24480727E-2, 2.5051522, 13734.607, 24886.635, 62089.684, 0.0000000, 0.0000000, 0.0000000, 0.0000000, 0.0000000
0.13315193, 2.2856591, 0.16035910, 0.68616527, 0.56159461, 0.39174873, 4.7351213, 64.839760, 62.236229, 0.15023096E-2, 2.1791248, 0.59626646E-1, 0.24484408E-2, 2.5052328, 13736.810, 24890.104, 62262.047, 0.0000000, 0.0000000, 0.0000000, 0.0000000, 0.0000000
0.13316472, 2.2856507, 0.16035919, 0.68611544, 0.56159115, 0.39175004, 4.7351527, 64.839607, 62.236229, 0.15092638E-2, 2.1789558, 0.59626516E-1, 0.24485181E-2, 2.5050442, 13739.018, 24893.604, 62434.270, 0.0000000, 0.0000000, 0.0000000, 0.0000000, 0.0000000
0.13313748, 2.2856081, 0.16034289, 0.68604845, 0.56157178, 0.39173976, 4.7352209, 64.839500, 62.236229, 0.14922149E-2, 2.1787033, 0.59626240E-1, 0.24486482E-2, 2.5048280, 13741.157, 24896.990, 62606.371, 0.0000000, 0.0000000, 0.0000000, 0.0000000, 0.0000000
0.13316067, 2.2856131, 0.16034514, 0.68607736, 0.56154537, 0.39171961, 4.7348938, 64.839195, 62.236229, 0.17030144E-2, 2.1794586, 0.59625965E-1, 0.24496356E-2, 2.5049834, 13743.497, 24900.701, 62778.418, 0.0000000, 0.0000000, 0.0000000, 0.0000000, 0.0000000
0.13315754, 2.2855921, 0.16035411, 0.68606693, 0.56158662, 0.39174631, 4.7352586, 64.839027, 62.236229, 0.13372742E-2, 2.1784723, 0.59625793E-1, 0.24494941E-2, 2.5049400, 13745.728, 24904.193, 62950.336, 0.0000000, 0.0000000, 0.0000000, 0.0000000, 0.0000000
0.13316379, 2.2856097, 0.16034792, 0.68609977, 0.56155723, 0.39172700, 4.7350020, 64.838799, 62.236229, 0.16446190E-2, 2.1794376, 0.59625693E-1, 0.24504424E-2, 2.5050611, 13747.852, 24907.562, 63122.727, 0.0000000, 0.0000000, 0.0000000, 0.0000000, 0.0000000
0.13316600, 2.2856274, 0.16034909, 0.68611300, 0.56155533, 0.39172673, 4.7349386, 64.838493, 62.236229, 0.15722628E-2, 2.1792891, 0.59625514E-1, 0.24509011E-2, 2.5050755, 13750.146, 24911.150, 63294.375, 0.0000000, 0.0000000, 0.0000000, 0.0000000, 0.0000000
0.13318570, 2.2856498, 0.16036376, 0.68614173, 0.56158650, 0.39174515, 4.7350435, 64.838226, 62.236229, 0.14150036E-2, 2.1790793, 0.59625223E-1, 0.24511239E-2, 2.5052481, 13752.302, 24914.643, 63465.926, 0.0000000, 0.0000000, 0.0000000, 0.0000000, 0.0000000
0.13310027, 2.2856109, 0.16032968, 0.68605632, 0.56156862, 0.39173788, 4.7352877, 64.838127, 62.236229, 0.14062664E-2, 2.1785512, 0.59625156E-1, 0.24509935E-2, 2.5047505, 13754.304, 24917.791, 63637.348, 0.0000000, 0.0000000, 0.0000000, 0.0000000, 0.0000000
0.13317034, 2.2856150, 0.16035187, 0.68608665, 0.56154811, 0.39172134, 4.7349095, 64.837822, 62.236229, 0.16341669E-2, 2.1795197, 0.59624966E-1, 0.24520038E-2, 2.5050776, 13756.577, 24921.328, 63808.637, 0.0000000, 0.0000000, 0.0000000, 0.0000000, 0.0000000
0.13319430, 2.2856321, 0.16036731, 0.68612444, 0.56157744, 0.39173785, 4.7349606, 64.837517, 62.236229, 0.14488735E-2, 2.1791062, 0.59624787E-1, 0.24523509E-2, 2.5051157, 13758.831, 24924.883, 63979.801, 0.0000000, 0.0000000, 0.0000000, 0.0000000, 0.0000000
0.13314566, 2.2856176, 0.16034752, 0.68608433, 0.56159139, 0.39175096, 4.7353768, 64.837440, 62.236229, 0.12365261E-2, 2.1784370, 0.59624683E-1, 0.24522101E-2, 2.5049996, 13760.716, 24927.875, 64150.777, 0.0000000, 0.0000000, 0.0000000, 0.0000000, 0.0000000
0.13315766, 2.2855985, 0.16035467, 0.68606520, 0.56157094, 0.39173636, 4.7351623, 64.837288, 62.236229, 0.15025742E-2, 2.1790876, 0.59624653E-1, 0.24527323E-2, 2.5049367, 13762.811, 24931.168, 64321.637, 0.0000000, 0.0000000, 0.0000000, 0.0000000, 0.0000000
0.13315645, 2.2856078, 0.16035780, 0.68609554, 0.56157869, 0.39173919, 4.7351899, 64.837112, 62.236229, 0.14029320E-2, 2.1789711, 0.59624571E-1, 0.24532387E-2, 2.5050468, 13764.861, 24934.447, 64491.949, 0.0000000, 0.0000000, 0.0000000, 0.0000000, 0.0000000
0.13316424, 2.2856317, 0.16034919, 0.68611693, 0.56156445, 0.39173195, 4.7350712, 64.836899, 62.236229, 0.14920320E-2, 2.1793120, 0.59624415E-1, 0.24538541E-2, 2.5051193, 13766.946, 24937.752, 64662.395, 0.0000000, 0.0000000, 0.0000000, 0.0000000, 0.0000000
0.13312955, 2.2855933, 0.16033877, 0.68604356, 0.56156576, 0.39173454, 4.7352529, 64.836746, 62.236229, 0.13410788E-2, 2.1785958, 0.59624001E-1, 0.24536117E-2, 2.5048060, 13769.058, 24941.086, 64832.832, 0.0000000, 0.0000000, 0.0000000, 0.0000000, 0.0000000
0.13320407, 2.2856119, 0.16036700, 0.68609619, 0.56156093, 0.39172900, 4.7349639, 64.836433, 62.236229, 0.15139161E-2, 2.1794431, 0.59623931E-1, 0.24545821E-2, 2.5051541, 13771.141, 24944.350, 65003.168, 0.0000000, 0.0000000, 0.0000000, 0.0000000, 0.0000000
0.13315448, 2.2856355, 0.16035962, 0.68613380, 0.56158501, 0.39174008, 4.7351375, 64.836220, 62.236229, 0.13268015E-2, 2.1789739, 0.59623811E-1, 0.24547633E-2, 2.5051458, 13773.178, 24947.533, 65173.477, 0.0000000, 0.0000000, 0.0000000, 0.0000000, 0.0000000
0.13316955, 2.2856503, 0.16035140, 0.68612826, 0.56156445, 0.39173239, 4.7350388, 64.835968, 62.236229, 0.14751358E-2, 2.1793201, 0.59623681E-1, 0.24553665E-2, 2.5050805, 13775.209, 24950.750, 65343.523, 0.0000000, 0.0000000, 0.0000000, 0.0000000, 0.0000000
0.13316517, 2.2856584, 0.16035968, 0.68611991, 0.56156266, 0.39172935, 4.7349730, 64.835678, 62.236229, 0.14634156E-2, 2.1792190, 0.59623528E-1, 0.24556383E-2, 2.5049927, 13777.406, 24954.236, 65512.965, 0.0000000, 0.0000000, 0.0000000, 0.0000000, 0.0000000
0.13319401, 2.2856681, 0.16036600, 0.68613100, 0.56158215, 0.39174148, 4.7350402, 64.835396, 62.236229, 0.13433343E-2, 2.1790602, 0.59622638E-1, 0.24559107E-2, 2.5051234, 13779.456, 24957.523, 65682.586, 0.0000000, 0.0000000, 0.0000000, 0.0000000, 0.0000000
0.13319738, 2.2856886, 0.16037114, 0.68615264, 0.56159204, 0.39174858, 4.7351036, 64.835205, 62.236229, 0.13393152E-2, 2.1791043, 0.59622295E-1, 0.24563877E-2, 2.5051496, 13781.348, 24960.492, 65852.297, 0.0000000, 0.0000000, 0.0000000, 0.0000000, 0.0000000
0.13321465, 2.2857187, 0.16037337, 0.68617564, 0.56159812, 0.39175624, 4.7351584, 64.835060, 62.236229, 0.12947710E-2, 2.1791847, 0.59622187E-1, 0.24568248E-2, 2.5053225, 13783.240, 24963.438, 66021.312, 0.0000000, 0.0000000, 0.0000000, 0.0000000, 0.0000000
0.13319470, 2.2857432, 0.16036764, 0.68617195, 0.56159860, 0.39175552, 4.7351656, 64.834908, 62.236229, 0.13177241E-2, 2.1791506, 0.59622135E-1, 0.24570634E-2, 2.5052140, 13785.168, 24966.510, 66190.602, 0.0000000, 0.0000000, 0.0000000, 0.0000000, 0.0000000
0.13321444, 2.2857633, 0.16037410, 0.68617016, 0.56159395, 0.39175364, 4.7350931, 64.834755, 62.236229, 0.13486594E-2, 2.1792626, 0.59621941E-1, 0.24574820E-2, 2.5052209, 13787.144, 24969.584, 66359.906, 0.0000000, 0.0000000, 0.0000000, 0.0000000, 0.0000000
0.13316092, 2.2857738, 0.16034880, 0.68614250, 0.56157535, 0.39174011, 4.7350831, 64.834610, 62.236229, 0.13919203E-2, 2.1791689, 0.59621844E-1, 0.24577994E-2, 2.5049961, 13789.129, 24972.725, 66528.586, 0.0000000, 0.0000000, 0.0000000, 0.0000000, 0.0000000
0.13320082, 2.2857902, 0.16036905, 0.68615198, 0.56158161, 0.39174485, 4.7350235, 64.834419, 62.236229, 0.13278200E-2, 2.1792583, 0.59621759E-1, 0.24582257E-2, 2.5052247, 13791.163, 24975.953, 66697.477, 0.0000000, 0.0000000, 0.0000000, 0.0000000, 0.0000000
0.13316298, 2.2858057, 0.16035941, 0.68614966, 0.56158310, 0.39174336, 4.7350731, 64.834267, 62.236229, 0.13124762E-2, 2.1790788, 0.59621688E-1, 0.24584879E-2, 2.5050685, 13793.125, 24979.023, 66865.836, 0.0000000, 0.0000000, 0.0000000, 0.0000000, 0.0000000
0.13317430, 2.2857997, 0.16035672, 0.68612117, 0.56158984, 0.39175087, 4.7351866, 64.834160, 62.236229, 0.12002827E-2, 2.1788447, 0.59621632E-1, 0.24585605E-2, 2.5051169, 13794.949, 24981.912, 67034.539, 0.0000000, 0.0000000, 0.0000000, 0.0000000, 0.0000000
0.13314584, 2.2857649, 0.16034670, 0.68606693, 0.56158113, 0.39174721, 4.7353158, 64.834114, 62.236229, 0.11859864E-2, 2.1786289, 0.59621610E-1, 0.24586099E-2, 2.5049341, 13796.683, 24984.656, 67202.727, 0.0000000, 0.0000000, 0.0000000, 0.0000000, 0.0000000
0.13319463, 2.2857797, 0.16036062, 0.68610871, 0.56156319, 0.39173380, 4.7349930, 64.833939, 62.236229, 0.13716153E-2, 2.1794512, 0.59621580E-1, 0.24594797E-2, 2.5052297, 13798.536, 24987.568, 67370.906, 0.0000000, 0.0000000, 0.0000000, 0.0000000, 0.0000000
0.13321310, 2.2858007, 0.16037127, 0.68614560, 0.56158334, 0.39174530, 4.7350178, 64.833755, 62.236229, 0.12510270E-2, 2.1791520, 0.59621498E-1, 0.24598672E-2, 2.5052159, 13800.416, 24990.545, 67538.867, 0.0000000, 0.0000000, 0.0000000, 0.0000000, 0.0000000
0.13316357, 2.2858276, 0.16036724, 0.68617082, 0.56159580, 0.39175227, 4.7351408, 64.833618, 62.236229, 0.11885690E-2, 2.1790802, 0.59621308E-1, 0.24601333E-2, 2.5052879, 13802.113, 24993.229, 67707.062, 0.0000000, 0.0000000, 0.0000000, 0.0000000, 0.0000000
0.13319388, 2.2858396, 0.16036823, 0.68616390, 0.56159598, 0.39175305, 4.7350898, 64.833473, 62.236229, 0.12533742E-2, 2.1792059, 0.59621196E-1, 0.24604131E-2, 2.5052302, 13803.938, 24996.113, 67874.406, 0.0000000, 0.0000000, 0.0000000, 0.0000000, 0.0000000
0.13315992, 2.2858427, 0.16034436, 0.68613708, 0.56156880, 0.39173767, 4.7350397, 64.833328, 62.236229, 0.13117893E-2, 2.1791909, 0.59621084E-1, 0.24607433E-2, 2.5050437, 13805.703, 24998.877, 68042.195, 0.0000000, 0.0000000, 0.0000000, 0.0000000, 0.0000000
0.13315985, 2.2858410, 0.16036567, 0.68614858, 0.56159455, 0.39174724, 4.7350416, 64.833168, 62.236229, 0.12210148E-2, 2.1790695, 0.59620831E-1, 0.24608895E-2, 2.5051434, 13807.620, 25001.900, 68210.102, 0.0000000, 0.0000000, 0.0000000, 0.0000000, 0.0000000
0.13310233, 2.2857819, 0.16033222, 0.68605137, 0.56156766, 0.39173847, 4.7352338, 64.833092, 62.236229, 0.11895036E-2, 2.1785328, 0.59620712E-1, 0.24607976E-2, 2.5046966, 13809.335, 25004.605, 68377.148, 0.0000000, 0.0000000, 0.0000000, 0.0000000, 0.0000000
0.13309330, 2.2857230, 0.16032530, 0.68600470, 0.56154811, 0.39172420, 4.7351608, 64.832985, 62.236229, 0.12443610E-2, 2.1787450, 0.59620604E-1, 0.24611088E-2, 2.5047495, 13811.077, 25007.363, 68544.492, 0.0000000, 0.0000000, 0.0000000, 0.0000000, 0.0000000
0.13309142, 2.2856500, 0.16032177, 0.68595165, 0.56152338, 0.39170808, 4.7350535, 64.832848, 62.236229, 0.12528503E-2, 2.1786387, 0.59620392E-1, 0.24613456E-2, 2.5046127, 13812.876, 25010.195, 68712.070, 0.0000000, 0.0000000, 0.0000000, 0.0000000, 0.0000000
0.13310587, 2.2856102, 0.16032925, 0.68597943, 0.56153816, 0.39171579, 4.7351270, 64.832680, 62.236229, 0.11348020E-2, 2.1786366, 0.59620313E-1, 0.24617633E-2, 2.5048807, 13814.595, 25012.908, 68878.438, 0.0000000, 0.0000000, 0.0000000, 0.0000000, 0.0000000
0.13319716, 2.2856143, 0.16036130, 0.68605995, 0.56154418, 0.39171743, 4.7348518, 64.832367, 62.236229, 0.12828960E-2, 2.1793349, 0.59620216E-1, 0.24625657E-2, 2.5051515, 13816.316, 25015.641, 69045.523, 0.0000000, 0.0000000, 0.0000000, 0.0000000, 0.0000000
0.13320090, 2.2856331, 0.16036391, 0.68610930, 0.56156266, 0.39173052, 4.7348938, 64.832054, 62.236229, 0.12109054E-2, 2.1791141, 0.59620015E-1, 0.24629519E-2, 2.5050943, 13818.117, 25018.467, 69212.305, 0.0000000, 0.0000000, 0.0000000, 0.0000000, 0.0000000
0.13319848, 2.2856660, 0.16036974, 0.68615162, 0.56158912, 0.39174682, 4.7350230, 64.831841, 62.236229, 0.11106575E-2, 2.1790757, 0.59619732E-1, 0.24632562E-2, 2.5052922, 13819.759, 25021.086, 69379.062, 0.0000000, 0.0000000, 0.0000000, 0.0000000, 0.0000000
0.13319972, 2.2856889, 0.16037439, 0.68616271, 0.56159621, 0.39175150, 4.7350354, 64.831673, 62.236229, 0.11897357E-2, 2.1791635, 0.59619553E-1, 0.24635408E-2, 2.5051589, 13821.424, 25023.691, 69545.625, 0.0000000, 0.0000000, 0.0000000, 0.0000000, 0.0000000
0.13310181, 2.2856529, 0.16033220, 0.68606633, 0.56157398, 0.39174223, 4.7352829, 64.831604, 62.236229, 0.11127560E-2, 2.1785374, 0.59619457E-1, 0.24632509E-2, 2.5047476, 13822.968, 25026.152, 69711.469, 0.0000000, 0.0000000, 0.0000000, 0.0000000, 0.0000000
0.13316010, 2.2856033, 0.16035467, 0.68602151, 0.56156701, 0.39173585, 4.7351570, 64.831490, 62.236229, 0.11651299E-2, 2.1787584, 0.59619430E-1, 0.24635075E-2, 2.5048220, 13824.655, 25028.785, 69877.883, 0.0000000, 0.0000000, 0.0000000, 0.0000000, 0.0000000
0.13316247, 2.2856231, 0.16034840, 0.68608516, 0.56154805, 0.39172077, 4.7349172, 64.831230, 62.236229, 0.12964404E-2, 2.1794024, 0.59619345E-1, 0.24645054E-2, 2.5050709, 13826.343, 25031.473, 70043.617, 0.0000000, 0.0000000, 0.0000000, 0.0000000, 0.0000000
0.13313907, 2.2855978, 0.16034475, 0.68605864, 0.56157625, 0.39173973, 4.7352390, 64.831070, 62.236229, 0.99951332E-3, 2.1784847, 0.59619240E-1, 0.24641939E-2, 2.5049303, 13828.024, 25034.100, 70209.875, 0.0000000, 0.0000000, 0.0000000, 0.0000000, 0.0000000
0.13316265, 2.2855790, 0.16035675, 0.68605006, 0.56156504, 0.39173090, 4.7350593, 64.830872, 62.236229, 0.12060768E-2, 2.1790311, 0.59619170E-1, 0.24646604E-2, 2.5049243, 13829.675, 25036.709, 70375.188, 0.0000000, 0.0000000, 0.0000000, 0.0000000, 0.0000000
0.13318050, 2.2856021, 0.16035847, 0.68611485, 0.56157690, 0.39173812, 4.7350507, 64.830643, 62.236229, 0.11173273E-2, 2.1791618, 0.59618995E-1, 0.24652283E-2, 2.5052423, 13831.233, 25039.156, 70541.227, 0.0000000, 0.0000000, 0.0000000, 0.0000000, 0.0000000
0.13317104, 2.2856369, 0.16035220, 0.68614340, 0.56157714, 0.39174017, 4.7350688, 64.830444, 62.236229, 0.11470508E-2, 2.1792352, 0.59618611E-1, 0.24656761E-2, 2.5052149, 13832.864, 25041.709, 70706.344, 0.0000000, 0.0000000, 0.0000000, 0.0000000, 0.0000000
0.13318287, 2.2856569, 0.16036095, 0.68615502, 0.56159908, 0.39175144, 4.7351184, 64.830254, 62.236229, 0.10915723E-2, 2.1791103, 0.59618499E-1, 0.24657384E-2, 2.5052223, 13834.568, 25044.412, 70872.070, 0.0000000, 0.0000000, 0.0000000, 0.0000000, 0.0000000
0.13312086, 2.2856381, 0.16034070, 0.68608689, 0.56158948, 0.39175099, 4.7353849, 64.830185, 62.236229, 0.10301300E-2, 2.1785865, 0.59618447E-1, 0.24657005E-2, 2.5048656, 13836.031, 25046.750, 71036.883, 0.0000000, 0.0000000, 0.0000000, 0.0000000, 0.0000000
0.13319850, 2.2856500, 0.16036941, 0.68611735, 0.56157643, 0.39173856, 4.7350187, 64.829948, 62.236229, 0.12325272E-2, 2.1794777, 0.59618421E-1, 0.24664165E-2, 2.5051930, 13837.768, 25049.492, 71202.273, 0.0000000, 0.0000000, 0.0000000, 0.0000000, 0.0000000
0.13318636, 2.2856534, 0.16036190, 0.68612230, 0.56161153, 0.39176407, 4.7354560, 64.829872, 62.236229, 0.87720982E-3, 2.1784852, 0.59618264E-1, 0.24664025E-2, 2.5051162, 13839.231, 25051.785, 71366.758, 0.0000000, 0.0000000, 0.0000000, 0.0000000, 0.0000000
0.13320141, 2.2856801, 0.16036391, 0.68614465, 0.56158268, 0.39174697, 4.7351580, 64.829704, 62.236229, 0.12024948E-2, 2.1794860, 0.59618220E-1, 0.24670148E-2, 2.5052397, 13840.677, 25054.035, 71531.977, 0.0000000, 0.0000000, 0.0000000, 0.0000000, 0.0000000
0.13320936, 2.2857194, 0.16037169, 0.68617481, 0.56159538, 0.39175501, 4.7351584, 64.829559, 62.236229, 0.10582390E-2, 2.1792452, 0.59618127E-1, 0.24673673E-2, 2.5053482, 13842.284, 25056.604, 71696.469, 0.0000000, 0.0000000, 0.0000000, 0.0000000, 0.0000000
0.13315855, 2.2857449, 0.16034694, 0.68616807, 0.56158489, 0.39174795, 4.7351899, 64.829414, 62.236229, 0.11015001E-2, 2.1792095, 0.59618033E-1, 0.24676307E-2, 2.5051844, 13843.812, 25058.986, 71860.172, 0.0000000, 0.0000000, 0.0000000, 0.0000000, 0.0000000
0.13319665, 2.2857490, 0.16037029, 0.68614888, 0.56158715, 0.39174792, 4.7350445, 64.829231, 62.236229, 0.11398997E-2, 2.1792600, 0.59617434E-1, 0.24677741E-2, 2.5051296, 13845.528, 25061.697, 72024.859, 0.0000000, 0.0000000, 0.0000000, 0.0000000, 0.0000000
0.13318868, 2.2857602, 0.16036610, 0.68615150, 0.56158936, 0.39174801, 4.7350645, 64.829071, 62.236229, 0.10727786E-2, 2.1791432, 0.59617132E-1, 0.24681012E-2, 2.5051644, 13847.062, 25064.125, 72188.719, 0.0000000, 0.0000000, 0.0000000, 0.0000000, 0.0000000
0.13315636, 2.2857399, 0.16034441, 0.68609643, 0.56159461, 0.39175639, 4.7354012, 64.829002, 62.236229, 0.92066277E-3, 2.1785128, 0.59616875E-1, 0.24679520E-2, 2.5049386, 13848.401, 25066.264, 72353.125, 0.0000000, 0.0000000, 0.0000000, 0.0000000, 0.0000000
0.13309528, 2.2856889, 0.16032717, 0.68603343, 0.56156218, 0.39173439, 4.7353134, 64.828911, 62.236229, 0.11033886E-2, 2.1787989, 0.59616804E-1, 0.24680290E-2, 2.5047443, 13849.848, 25068.504, 72516.328, 0.0000000, 0.0000000, 0.0000000, 0.0000000, 0.0000000
0.13310973, 2.2856343, 0.16033050, 0.68598849, 0.56154472, 0.39172259, 4.7352047, 64.828789, 62.236229, 0.10866794E-2, 2.1787109, 0.59616752E-1, 0.24682574E-2, 2.5046868, 13851.470, 25071.057, 72679.820, 0.0000000, 0.0000000, 0.0000000, 0.0000000, 0.0000000
0.13314280, 2.2856178, 0.16035226, 0.68604010, 0.56157029, 0.39173266, 4.7352533, 64.828606, 62.236229, 0.97695063E-3, 2.1787248, 0.59616700E-1, 0.24687804E-2, 2.5049596, 13853.006, 25073.453, 72843.328, 0.0000000, 0.0000000, 0.0000000, 0.0000000, 0.0000000
0.13313690, 2.2855711, 0.16034116, 0.68600231, 0.56155211, 0.39172351, 4.7352099, 64.828445, 62.236229, 0.10433325E-2, 2.1787288, 0.59616499E-1, 0.24688323E-2, 2.5047815, 13854.438, 25075.729, 73006.555, 0.0000000, 0.0000000, 0.0000000, 0.0000000, 0.0000000
0.13318241, 2.2855620, 0.16035840, 0.68605042, 0.56157571, 0.39173955, 4.7353249, 64.828285, 62.236229, 0.90835325E-3, 2.1787369, 0.59616398E-1, 0.24693157E-2, 2.5051093, 13855.835, 25077.961, 73169.688, 0.0000000, 0.0000000, 0.0000000, 0.0000000, 0.0000000
0.13317111, 2.2855871, 0.16035187, 0.68610662, 0.56155938, 0.39172897, 4.7351041, 64.828049, 62.236229, 0.11473994E-2, 2.1794262, 0.59616312E-1, 0.24700148E-2, 2.5051420, 13857.229, 25080.176, 73332.086, 0.0000000, 0.0000000, 0.0000000, 0.0000000, 0.0000000
0.13317096, 2.2856119, 0.16035102, 0.68612695, 0.56156486, 0.39173269, 4.7350740, 64.827766, 62.236229, 0.10686774E-2, 2.1792662, 0.59616216E-1, 0.24702938E-2, 2.5051684, 13858.821, 25082.609, 73495.508, 0.0000000, 0.0000000, 0.0000000, 0.0000000, 0.0000000
0.13320225, 2.2856379, 0.16036691, 0.68614262, 0.56157798, 0.39174139, 4.7350559, 64.827484, 62.236229, 0.10384268E-2, 2.1792276, 0.59616100E-1, 0.24704891E-2, 2.5051930, 13860.389, 25085.123, 73657.836, 0.0000000, 0.0000000, 0.0000000, 0.0000000, 0.0000000
0.13320839, 2.2856832, 0.16037215, 0.68617839, 0.56159890, 0.39175621, 4.7351828, 64.827309, 62.236229, 0.94157644E-3, 2.1791639, 0.59615877E-1, 0.24708381E-2, 2.5053563, 13861.794, 25087.332, 73820.438, 0.0000000, 0.0000000, 0.0000000, 0.0000000, 0.0000000
0.13314682, 2.2856758, 0.16034977, 0.68611479, 0.56160635, 0.39176178, 4.7355080, 64.827240, 62.236229, 0.85045595E-3, 2.1785493, 0.59615772E-1, 0.24705050E-2, 2.5049968, 13863.095, 25089.408, 73982.453, 0.0000000, 0.0000000, 0.0000000, 0.0000000, 0.0000000
0.13312368, 2.2856534, 0.16034076, 0.68607152, 0.56158763, 0.39175069, 4.7355032, 64.827171, 62.236229, 0.98007719E-3, 2.1788340, 0.59615739E-1, 0.24707576E-2, 2.5049322, 13864.418, 25091.447, 74145.242, 0.0000000, 0.0000000, 0.0000000, 0.0000000, 0.0000000
0.13317755, 2.2856491, 0.16036043, 0.68609023, 0.56159639, 0.39175403, 4.7354717, 64.827057, 62.236229, 0.93168253E-3, 2.1788990, 0.59615664E-1, 0.24711415E-2, 2.5051036, 13865.864, 25093.729, 74307.109, 0.0000000, 0.0000000, 0.0000000, 0.0000000, 0.0000000
0.13320611, 2.2856863, 0.16037020, 0.68614924, 0.56158835, 0.39174896, 4.7352576, 64.826889, 62.236229, 0.10346366E-2, 2.1794415, 0.59615411E-1, 0.24718097E-2, 2.5053382, 13867.230, 25095.896, 74468.953, 0.0000000, 0.0000000, 0.0000000, 0.0000000, 0.0000000
0.13310564, 2.2856653, 0.16033103, 0.68608642, 0.56158596, 0.39174914, 4.7355452, 64.826813, 62.236229, 0.88666216E-3, 2.1785603, 0.59615284E-1, 0.24714689E-2, 2.5048554, 13868.615, 25098.105, 74630.727, 0.0000000, 0.0000000, 0.0000000, 0.0000000, 0.0000000
0.13313487, 2.2856095, 0.16033822, 0.68601370, 0.56155634, 0.39173001, 4.7353396, 64.826675, 62.236229, 0.10299894E-2, 2.1788816, 0.59615217E-1, 0.24715876E-2, 2.5048006, 13870.087, 25100.428, 74792.023, 0.0000000, 0.0000000, 0.0000000, 0.0000000, 0.0000000
0.13312240, 2.2855988, 0.16033956, 0.68603390, 0.56155241, 0.39172220, 4.7352147, 64.826462, 62.236229, 0.10443415E-2, 2.1790576, 0.59614945E-1, 0.24721667E-2, 2.5049059, 13871.572, 25102.715, 74953.289, 0.0000000, 0.0000000, 0.0000000, 0.0000000, 0.0000000
0.13315199, 2.2855637, 0.16035014, 0.68602097, 0.56156707, 0.39173284, 4.7353578, 64.826286, 62.236229, 0.88165409E-3, 2.1785800, 0.59614833E-1, 0.24721434E-2, 2.5048490, 13872.987, 25104.961, 75114.312, 0.0000000, 0.0000000, 0.0000000, 0.0000000, 0.0000000
0.13316371, 2.2855806, 0.16034882, 0.68607509, 0.56154376, 0.39171675, 4.7350817, 64.825981, 62.236229, 0.11231882E-2, 2.1794486, 0.59614737E-1, 0.24730663E-2, 2.5050421, 13874.399, 25107.203, 75276.305, 0.0000000, 0.0000000, 0.0000000, 0.0000000, 0.0000000
0.13314407, 2.2855611, 0.16034663, 0.68605870, 0.56157756, 0.39173993, 4.7354407, 64.825798, 62.236229, 0.79147529E-3, 2.1784923, 0.59614412E-1, 0.24727313E-2, 2.5049551, 13875.818, 25109.451, 75437.195, 0.0000000, 0.0000000, 0.0000000, 0.0000000, 0.0000000
0.13319351, 2.2855523, 0.16036285, 0.68607855, 0.56157440, 0.39173988, 4.7353129, 64.825592, 62.236229, 0.97320741E-3, 2.1790752, 0.59614323E-1, 0.24732084E-2, 2.5050418, 13877.161, 25111.566, 75597.875, 0.0000000, 0.0000000, 0.0000000, 0.0000000, 0.0000000
0.13316078, 2.2855749, 0.16034572, 0.68610114, 0.56155586, 0.39172560, 4.7351909, 64.825302, 62.236229, 0.10719983E-2, 2.1793211, 0.59614126E-1, 0.24737690E-2, 2.5050020, 13878.592, 25113.803, 75758.570, 0.0000000, 0.0000000, 0.0000000, 0.0000000, 0.0000000
0.13318121, 2.2855871, 0.16035783, 0.68612558, 0.56158292, 0.39174154, 4.7352400, 64.825027, 62.236229, 0.91292302E-3, 2.1790869, 0.59613965E-1, 0.24737995E-2, 2.5051656, 13880.062, 25116.094, 75918.945, 0.0000000, 0.0000000, 0.0000000, 0.0000000, 0.0000000
0.13315940, 2.2856081, 0.16034728, 0.68612146, 0.56156099, 0.39172930, 4.7351718, 64.824730, 62.236229, 0.10438326E-2, 2.1793046, 0.59613839E-1, 0.24743243E-2, 2.5050254, 13881.416, 25118.252, 76079.109, 0.0000000, 0.0000000, 0.0000000, 0.0000000, 0.0000000
0.13316080, 2.2855854, 0.16035664, 0.68607968, 0.56158662, 0.39174780, 4.7354636, 64.824570, 62.236229, 0.79851341E-3, 2.1785769, 0.59613705E-1, 0.24740463E-2, 2.5049429, 13882.773, 25120.447, 76239.109, 0.0000000, 0.0000000, 0.0000000, 0.0000000, 0.0000000
0.13315150, 2.2856145, 0.16035904, 0.68612522, 0.56157839, 0.39173692, 4.7352905, 64.824356, 62.236229, 0.99038752E-3, 2.1793470, 0.59613559E-1, 0.24747120E-2, 2.5051799, 13884.028, 25122.398, 76398.984, 0.0000000, 0.0000000, 0.0000000, 0.0000000, 0.0000000
0.13319114, 2.2856221, 0.16036500, 0.68612230, 0.56158441, 0.39174637, 4.7353535, 64.824181, 62.236229, 0.86490694E-3, 2.1789851, 0.59613172E-1, 0.24748337E-2, 2.5051360, 13885.400, 25124.543, 76558.812, 0.0000000, 0.0000000, 0.0000000, 0.0000000, 0.0000000
0.13317522, 2.2856236, 0.16035521, 0.68610197, 0.56158072, 0.39174360, 4.7353759, 64.824020, 62.236229, 0.90500561E-3, 2.1789787, 0.59613075E-1, 0.24749422E-2, 2.5050128, 13886.742, 25126.686, 76718.500, 0.0000000, 0.0000000, 0.0000000, 0.0000000, 0.0000000
0.13319139, 2.2856476, 0.16036429, 0.68614560, 0.56159538, 0.39175028, 4.7353373, 64.823845, 62.236229, 0.87419676E-3, 2.1792073, 0.59613030E-1, 0.24753092E-2, 2.5052953, 13887.980, 25128.619, 76878.039, 0.0000000, 0.0000000, 0.0000000, 0.0000000, 0.0000000
0.13318951, 2.2856798, 0.16036597, 0.68616879, 0.56159788, 0.39175528, 4.7353721, 64.823685, 62.236229, 0.84858632E-3, 2.1792028, 0.59612971E-1, 0.24756815E-2, 2.5053394, 13889.158, 25130.449, 77037.367, 0.0000000, 0.0000000, 0.0000000, 0.0000000, 0.0000000
0.13318686, 2.2856841, 0.16036126, 0.68613625, 0.56159741, 0.39175525, 4.7354279, 64.823547, 62.236229, 0.87301148E-3, 2.1789815, 0.59612885E-1, 0.24756773E-2, 2.5050595, 13890.446, 25132.508, 77196.477, 0.0000000, 0.0000000, 0.0000000, 0.0000000, 0.0000000
0.13319887, 2.2857068, 0.16036685, 0.68615198, 0.56158853, 0.39174926, 4.7353139, 64.823387, 62.236229, 0.92898752E-3, 2.1792998, 0.59612766E-1, 0.24761171E-2, 2.5052047, 13891.712, 25134.520, 77355.516, 0.0000000, 0.0000000, 0.0000000, 0.0000000, 0.0000000
0.13319887, 2.2857215, 0.16036999, 0.68615383, 0.56158948, 0.39174813, 4.7352629, 64.823212, 62.236229, 0.90800575E-3, 2.1792362, 0.59612680E-1, 0.24763255E-2, 2.5051801, 13893.049, 25136.562, 77514.109, 0.0000000, 0.0000000, 0.0000000, 0.0000000, 0.0000000
0.13315800, 2.2857070, 0.16034625, 0.68610281, 0.56159908, 0.39175892, 4.7356372, 64.823143, 62.236229, 0.70291426E-3, 2.1784968, 0.59612587E-1, 0.24761341E-2, 2.5049849, 13894.151, 25138.354, 77672.008, 0.0000000, 0.0000000, 0.0000000, 0.0000000, 0.0000000
0.13309364, 2.2856605, 0.16032581, 0.68603456, 0.56156182, 0.39173388, 4.7355266, 64.823051, 62.236229, 0.92926237E-3, 2.1788447, 0.59612565E-1, 0.24761648E-2, 2.5047433, 13895.351, 25140.256, 77830.586, 0.0000000, 0.0000000, 0.0000000, 0.0000000, 0.0000000
0.13311288, 2.2856193, 0.16033456, 0.68601376, 0.56155753, 0.39172900, 4.7354579, 64.822899, 62.236229, 0.85618888E-3, 2.1787584, 0.59611961E-1, 0.24764303E-2, 2.5048344, 13896.720, 25142.383, 77988.992, 0.0000000, 0.0000000, 0.0000000, 0.0000000, 0.0000000
0.13315842, 2.2856255, 0.16034450, 0.68606675, 0.56154209, 0.39171624, 4.7351742, 64.822594, 62.236229, 0.10048698E-2, 2.1794052, 0.59611585E-1, 0.24772135E-2, 2.5050497, 13898.072, 25144.494, 78147.109, 0.0000000, 0.0000000, 0.0000000, 0.0000000, 0.0000000
0.13318659, 2.2856231, 0.16036087, 0.68609715, 0.56159610, 0.39175248, 4.7355623, 64.822426, 62.236229, 0.64107659E-3, 2.1785312, 0.59611294E-1, 0.24771148E-2, 2.5051181, 13899.288, 25146.438, 78304.945, 0.0000000, 0.0000000, 0.0000000, 0.0000000, 0.0000000
0.13318640, 2.2856545, 0.16036338, 0.68614483, 0.56158531, 0.39174727, 4.7354069, 64.822273, 62.236229, 0.87650563E-3, 2.1793611, 0.59611235E-1, 0.24776841E-2, 2.5053055, 13900.368, 25148.109, 78462.898, 0.0000000, 0.0000000, 0.0000000, 0.0000000, 0.0000000
0.13318597, 2.2856889, 0.16036382, 0.68617409, 0.56160086, 0.39175588, 4.7354460, 64.822113, 62.236229, 0.78524527E-3, 2.1791956, 0.59611052E-1, 0.24778706E-2, 2.5053635, 13901.571, 25149.996, 78619.555, 0.0000000, 0.0000000, 0.0000000, 0.0000000, 0.0000000
0.13319319, 2.2857203, 0.16036564, 0.68617392, 0.56159574, 0.39175534, 4.7354045, 64.821960, 62.236229, 0.82449324E-3, 2.1792729, 0.59610944E-1, 0.24781018E-2, 2.5053270, 13902.712, 25151.842, 78777.320, 0.0000000, 0.0000000, 0.0000000, 0.0000000, 0.0000000
0.13317774, 2.2857130, 0.16035591, 0.68613076, 0.56161100, 0.39176682, 4.7357163, 64.821899, 62.236229, 0.65917731E-3, 2.1786075, 0.59610888E-1, 0.24779190E-2, 2.5050976, 13903.826, 25153.559, 78934.773, 0.0000000, 0.0000000, 0.0000000, 0.0000000, 0.0000000
0.13311286, 2.2856915, 0.16033506, 0.68608421, 0.56158942, 0.39175177, 4.7357073, 64.821831, 62.236229, 0.81595592E-3, 2.1788290, 0.59610862E-1, 0.24779644E-2, 2.5049090, 13904.908, 25155.307, 79091.703, 0.0000000, 0.0000000, 0.0000000, 0.0000000, 0.0000000
0.13315877, 2.2856500, 0.16034326, 0.68603736, 0.56157404, 0.39174262, 4.7355719, 64.821716, 62.236229, 0.83754119E-3, 2.1788471, 0.59610818E-1, 0.24781036E-2, 2.5048664, 13906.194, 25157.283, 79247.562, 0.0000000, 0.0000000, 0.0000000, 0.0000000, 0.0000000
0.13312888, 2.2856030, 0.16033685, 0.68600446, 0.56155270, 0.39172629, 4.7354875, 64.821556, 62.236229, 0.85049722E-3, 2.1788065, 0.59610773E-1, 0.24783367E-2, 2.5047772, 13907.410, 25159.205, 79404.703, 0.0000000, 0.0000000, 0.0000000, 0.0000000, 0.0000000
0.13310105, 2.2855456, 0.16032492, 0.68597239, 0.56152964, 0.39171055, 4.7354064, 64.821350, 62.236229, 0.87592774E-3, 2.1787786, 0.59610706E-1, 0.24785330E-2, 2.5046709, 13908.682, 25161.197, 79561.203, 0.0000000, 0.0000000, 0.0000000, 0.0000000, 0.0000000
0.13315728, 2.2855506, 0.16036178, 0.68605584, 0.56155723, 0.39172238, 4.7353277, 64.821045, 62.236229, 0.80141897E-3, 2.1790702, 0.59610605E-1, 0.24791921E-2, 2.5051208, 13909.917, 25163.193, 79717.164, 0.0000000, 0.0000000, 0.0000000, 0.0000000, 0.0000000
0.13316093, 2.2855728, 0.16034618, 0.68609846, 0.56155449, 0.39172369, 4.7352901, 64.820732, 62.236229, 0.87374938E-3, 2.1792407, 0.59610277E-1, 0.24795667E-2, 2.5050783, 13911.028, 25164.908, 79873.375, 0.0000000, 0.0000000, 0.0000000, 0.0000000, 0.0000000
0.13318151, 2.2855864, 0.16035877, 0.68612576, 0.56158322, 0.39174160, 4.7353501, 64.820435, 62.236229, 0.77019772E-3, 2.1790798, 0.59609897E-1, 0.24795579E-2, 2.5051756, 13912.266, 25166.861, 80029.312, 0.0000000, 0.0000000, 0.0000000, 0.0000000, 0.0000000
0.13319460, 2.2856116, 0.16036515, 0.68614948, 0.56159115, 0.39174858, 4.7353835, 64.820213, 62.236229, 0.76197321E-3, 2.1791759, 0.59609529E-1, 0.24798661E-2, 2.5052769, 13913.320, 25168.516, 80184.906, 0.0000000, 0.0000000, 0.0000000, 0.0000000, 0.0000000
0.13315988, 2.2856438, 0.16034810, 0.68615192, 0.56157696, 0.39174142, 4.7353816, 64.820045, 62.236229, 0.83340507E-3, 2.1792738, 0.59609443E-1, 0.24802485E-2, 2.5051711, 13914.416, 25170.215, 80340.750, 0.0000000, 0.0000000, 0.0000000, 0.0000000, 0.0000000
0.13312311, 2.2856410, 0.16033961, 0.68610442, 0.56157720, 0.39174101, 4.7354360, 64.819855, 62.236229, 0.79046137E-3, 2.1789708, 0.59609335E-1, 0.24800757E-2, 2.5049863, 13915.600, 25172.139, 80496.312, 0.0000000, 0.0000000, 0.0000000, 0.0000000, 0.0000000
0.13319312, 2.2856493, 0.16035895, 0.68612027, 0.56156862, 0.39173582, 4.7352428, 64.819565, 62.236229, 0.86679112E-3, 2.1793797, 0.59609182E-1, 0.24805812E-2, 2.5051749, 13916.812, 25174.029, 80650.977, 0.0000000, 0.0000000, 0.0000000, 0.0000000, 0.0000000
0.13319382, 2.2856812, 0.16035771, 0.68614548, 0.56157786, 0.39174399, 4.7353144, 64.819366, 62.236229, 0.72754791E-3, 2.1791635, 0.59608903E-1, 0.24808221E-2, 2.5052981, 13917.921, 25175.781, 80806.055, 0.0000000, 0.0000000, 0.0000000, 0.0000000, 0.0000000
0.13318321, 2.2857080, 0.16036220, 0.68616301, 0.56159884, 0.39175376, 4.7353873, 64.819206, 62.236229, 0.70669421E-3, 2.1791067, 0.59608836E-1, 0.24808724E-2, 2.5052896, 13918.958, 25177.398, 80960.648, 0.0000000, 0.0000000, 0.0000000, 0.0000000, 0.0000000
0.13316245, 2.2857256, 0.16036354, 0.68615931, 0.56159782, 0.39175197, 4.7353888, 64.819046, 62.236229, 0.77541830E-3, 2.1791596, 0.59608661E-1, 0.24810291E-2, 2.5051553, 13920.037, 25179.068, 81115.969, 0.0000000, 0.0000000, 0.0000000, 0.0000000, 0.0000000
0.13316299, 2.2857091, 0.16035904, 0.68611354, 0.56160980, 0.39176491, 4.7356749, 64.818977, 62.236229, 0.59520430E-3, 2.1785946, 0.59608571E-1, 0.24808911E-2, 2.5050662, 13920.992, 25180.652, 81270.055, 0.0000000, 0.0000000, 0.0000000, 0.0000000, 0.0000000
0.13314922, 2.2856808, 0.16034846, 0.68607247, 0.56158918, 0.39175186, 4.7356544, 64.818909, 62.236229, 0.70570130E-3, 2.1788156, 0.59608545E-1, 0.24809660E-2, 2.5049968, 13921.948, 25182.088, 81424.633, 0.0000000, 0.0000000, 0.0000000, 0.0000000, 0.0000000
0.13319111, 2.2857003, 0.16036437, 0.68612427, 0.56158102, 0.39174262, 4.7353644, 64.818733, 62.236229, 0.82859991E-3, 2.1794503, 0.59608508E-1, 0.24817025E-2, 2.5052707, 13923.112, 25183.926, 81578.312, 0.0000000, 0.0000000, 0.0000000, 0.0000000, 0.0000000
0.13320018, 2.2857220, 0.16036595, 0.68615031, 0.56158829, 0.39174855, 4.7353792, 64.818573, 62.236229, 0.73790032E-3, 2.1791768, 0.59608418E-1, 0.24819241E-2, 2.5052176, 13924.226, 25185.682, 81732.547, 0.0000000, 0.0000000, 0.0000000, 0.0000000, 0.0000000
0.13317443, 2.2857165, 0.16035618, 0.68611717, 0.56160581, 0.39176223, 4.7357106, 64.818504, 62.236229, 0.56641171E-3, 2.1785657, 0.59608355E-1, 0.24816736E-2, 2.5050642, 13925.165, 25187.174, 81885.852, 0.0000000, 0.0000000, 0.0000000, 0.0000000, 0.0000000
0.13321374, 2.2857375, 0.16037211, 0.68616343, 0.56159455, 0.39175451, 4.7354512, 64.818352, 62.236229, 0.79872913E-3, 2.1795096, 0.59608318E-1, 0.24823456E-2, 2.5053694, 13926.166, 25188.781, 82039.352, 0.0000000, 0.0000000, 0.0000000, 0.0000000, 0.0000000
0.13316993, 2.2857678, 0.16035238, 0.68617225, 0.56158900, 0.39175045, 4.7354631, 64.818192, 62.236229, 0.75484294E-3, 2.1792898, 0.59608243E-1, 0.24825630E-2, 2.5052443, 13927.281, 25190.461, 82192.539, 0.0000000, 0.0000000, 0.0000000, 0.0000000, 0.0000000
0.13316493, 2.2857869, 0.16036695, 0.68616951, 0.56159216, 0.39175093, 4.7353978, 64.818031, 62.236229, 0.73537964E-3, 2.1792741, 0.59608098E-1, 0.24826508E-2, 2.5052786, 13928.343, 25192.211, 82346.070, 0.0000000, 0.0000000, 0.0000000, 0.0000000, 0.0000000
0.13321719, 2.2858126, 0.16037755, 0.68617588, 0.56159806, 0.39175609, 4.7353625, 64.817871, 62.236229, 0.71902893E-3, 2.1792843, 0.59607726E-1, 0.24829337E-2, 2.5053134, 13929.489, 25193.973, 82499.039, 0.0000000, 0.0000000, 0.0000000, 0.0000000, 0.0000000
0.13320918, 2.2858307, 0.16037096, 0.68618000, 0.56160229, 0.39175978, 4.7354264, 64.817719, 62.236229, 0.68510819E-3, 2.1791339, 0.59607629E-1, 0.24830434E-2, 2.5052428, 13930.504, 25195.574, 82651.578, 0.0000000, 0.0000000, 0.0000000, 0.0000000, 0.0000000
0.13318288, 2.2858546, 0.16036311, 0.68618596, 0.56161010, 0.39176333, 4.7354836, 64.817581, 62.236229, 0.65400265E-3, 2.1791456, 0.59607595E-1, 0.24831023E-2, 2.5053225, 13931.475, 25197.076, 82804.297, 0.0000000, 0.0000000, 0.0000000, 0.0000000, 0.0000000
0.13315743, 2.2858691, 0.16035177, 0.68617737, 0.56159931, 0.39175609, 4.7354498, 64.817444, 62.236229, 0.71304245E-3, 2.1792371, 0.59607539E-1, 0.24833758E-2, 2.5052512, 13932.423, 25198.609, 82956.891, 0.0000000, 0.0000000, 0.0000000, 0.0000000, 0.0000000
0.13315718, 2.2858684, 0.16034865, 0.68614656, 0.56157613, 0.39174214, 4.7353020, 64.817291, 62.236229, 0.78874937E-3, 2.1793242, 0.59607472E-1, 0.24835856E-2, 2.5051343, 13933.533, 25200.371, 83109.016, 0.0000000, 0.0000000, 0.0000000, 0.0000000, 0.0000000
0.13315898, 2.2858427, 0.16035631, 0.68610615, 0.56160283, 0.39176086, 4.7356129, 64.817207, 62.236229, 0.53138251E-3, 2.1785450, 0.59607368E-1, 0.24833013E-2, 2.5050349, 13934.563, 25201.939, 83261.133, 0.0000000, 0.0000000, 0.0000000, 0.0000000, 0.0000000
0.13317735, 2.2858236, 0.16036014, 0.68610066, 0.56158876, 0.39175028, 4.7354755, 64.817085, 62.236229, 0.69665274E-3, 2.1790318, 0.59607312E-1, 0.24835858E-2, 2.5050757, 13935.485, 25203.463, 83413.312, 0.0000000, 0.0000000, 0.0000000, 0.0000000, 0.0000000
0.13311809, 2.2857838, 0.16033942, 0.68606150, 0.56157964, 0.39174527, 4.7356048, 64.816994, 62.236229, 0.62051706E-3, 2.1786447, 0.59607249E-1, 0.24835085E-2, 2.5048912, 13936.393, 25204.812, 83564.828, 0.0000000, 0.0000000, 0.0000000, 0.0000000, 0.0000000
0.13312514, 2.2857265, 0.16034122, 0.68602985, 0.56157196, 0.39173928, 4.7355409, 64.816872, 62.236229, 0.69181918E-3, 2.1787424, 0.59607200E-1, 0.24836180E-2, 2.5047979, 13937.389, 25206.443, 83716.547, 0.0000000, 0.0000000, 0.0000000, 0.0000000, 0.0000000
0.13320911, 2.2857409, 0.16037029, 0.68610078, 0.56156749, 0.39173403, 4.7352252, 64.816589, 62.236229, 0.79029228E-3, 2.1794705, 0.59606571E-1, 0.24844615E-2, 2.5052216, 13938.505, 25208.148, 83867.977, 0.0000000, 0.0000000, 0.0000000, 0.0000000, 0.0000000
0.13315244, 2.2857504, 0.16035692, 0.68613261, 0.56158704, 0.39174151, 4.7353454, 64.816376, 62.236229, 0.65936078E-3, 2.1790094, 0.59606157E-1, 0.24844487E-2, 2.5050924, 13939.508, 25209.752, 84019.070, 0.0000000, 0.0000000, 0.0000000, 0.0000000, 0.0000000
0.13316610, 2.2857602, 0.16034977, 0.68613559, 0.56157255, 0.39173818, 4.7353048, 64.816170, 62.236229, 0.72983024E-3, 2.1792669, 0.59605889E-1, 0.24848715E-2, 2.5051513, 13940.456, 25211.223, 84169.953, 0.0000000, 0.0000000, 0.0000000, 0.0000000, 0.0000000
0.13318561, 2.2857580, 0.16036393, 0.68613023, 0.56161284, 0.39176592, 4.7356725, 64.816063, 62.236229, 0.46604659E-3, 2.1785820, 0.59605826E-1, 0.24846334E-2, 2.5051563, 13941.382, 25212.701, 84320.836, 0.0000000, 0.0000000, 0.0000000, 0.0000000, 0.0000000
0.13319609, 2.2857773, 0.16037193, 0.68616617, 0.56161129, 0.39176130, 4.7355056, 64.815910, 62.236229, 0.67390501E-3, 2.1793134, 0.59605651E-1, 0.24849926E-2, 2.5053289, 13942.229, 25214.014, 84471.438, 0.0000000, 0.0000000, 0.0000000, 0.0000000, 0.0000000
0.13316786, 2.2857831, 0.16035277, 0.68614221, 0.56157434, 0.39174005, 4.7353196, 64.815742, 62.236229, 0.81803836E-3, 2.1794088, 0.59605557E-1, 0.24853672E-2, 2.5050375, 13943.275, 25215.684, 84622.219, 0.0000000, 0.0000000, 0.0000000, 0.0000000, 0.0000000
0.13321064, 2.2857945, 0.16037191, 0.68615454, 0.56158537, 0.39174682, 4.7352648, 64.815483, 62.236229, 0.68931561E-3, 2.1792819, 0.59605438E-1, 0.24855456E-2, 2.5052297, 13944.372, 25217.408, 84772.625, 0.0000000, 0.0000000, 0.0000000, 0.0000000, 0.0000000
0.13317308, 2.2857914, 0.16035478, 0.68612957, 0.56159294, 0.39175230, 4.7354503, 64.815338, 62.236229, 0.58134762E-3, 2.1788528, 0.59605360E-1, 0.24854010E-2, 2.5050781, 13945.257, 25218.807, 84922.430, 0.0000000, 0.0000000, 0.0000000, 0.0000000, 0.0000000
0.13320906, 2.2858160, 0.16037107, 0.68617445, 0.56159955, 0.39175728, 4.7353783, 64.815178, 62.236229, 0.63724746E-3, 2.1793382, 0.59605300E-1, 0.24858951E-2, 2.5053952, 13946.100, 25220.129, 85072.648, 0.0000000, 0.0000000, 0.0000000, 0.0000000, 0.0000000
0.13320422, 2.2858517, 0.16036837, 0.68619663, 0.56160802, 0.39176363, 4.7354207, 64.815025, 62.236229, 0.60579891E-3, 2.1792629, 0.59605252E-1, 0.24860601E-2, 2.5053906, 13946.968, 25221.506, 85222.148, 0.0000000, 0.0000000, 0.0000000, 0.0000000, 0.0000000
0.13319878, 2.2858686, 0.16036431, 0.68617970, 0.56159747, 0.39175817, 4.7353730, 64.814873, 62.236229, 0.66273240E-3, 2.1792781, 0.59605185E-1, 0.24861528E-2, 2.5052516, 13947.892, 25222.939, 85372.227, 0.0000000, 0.0000000, 0.0000000, 0.0000000, 0.0000000
0.13316000, 2.2858567, 0.16035737, 0.68613267, 0.56159949, 0.39175883, 4.7354689, 64.814751, 62.236229, 0.58995991E-3, 2.1788974, 0.59604999E-1, 0.24859598E-2, 2.5050676, 13948.824, 25224.406, 85521.586, 0.0000000, 0.0000000, 0.0000000, 0.0000000, 0.0000000
0.13318487, 2.2858670, 0.16036399, 0.68615633, 0.56159413, 0.39175251, 4.7353373, 64.814590, 62.236229, 0.65821497E-3, 2.1793227, 0.59604909E-1, 0.24864401E-2, 2.5052922, 13949.658, 25225.732, 85671.242, 0.0000000, 0.0000000, 0.0000000, 0.0000000, 0.0000000
0.13322484, 2.2859046, 0.16038162, 0.68620092, 0.56161809, 0.39176959, 4.7354097, 64.814445, 62.236229, 0.53217629E-3, 2.1792092, 0.59604805E-1, 0.24866965E-2, 2.5054870, 13950.539, 25227.088, 85820.383, 0.0000000, 0.0000000, 0.0000000, 0.0000000, 0.0000000
0.13317220, 2.2859125, 0.16035441, 0.68617290, 0.56158978, 0.39175361, 4.7353787, 64.814301, 62.236229, 0.66803652E-3, 2.1792583, 0.59604559E-1, 0.24868483E-2, 2.5051792, 13951.323, 25228.326, 85969.312, 0.0000000, 0.0000000, 0.0000000, 0.0000000, 0.0000000
0.13318641, 2.2859201, 0.16036442, 0.68617058, 0.56160563, 0.39175916, 4.7353721, 64.814140, 62.236229, 0.60942245E-3, 2.1791739, 0.59604406E-1, 0.24868087E-2, 2.5052445, 13952.351, 25229.971, 86118.078, 0.0000000, 0.0000000, 0.0000000, 0.0000000, 0.0000000
0.13314518, 2.2858965, 0.16035478, 0.68612987, 0.56161064, 0.39176446, 4.7356586, 64.814095, 62.236229, 0.49123063E-3, 2.1786087, 0.59604287E-1, 0.24867016E-2, 2.5049949, 13953.094, 25231.102, 86266.680, 0.0000000, 0.0000000, 0.0000000, 0.0000000, 0.0000000
0.13316473, 2.2858908, 0.16034865, 0.68613130, 0.56157672, 0.39174256, 4.7353568, 64.813934, 62.236229, 0.75625529E-3, 2.1794620, 0.59604079E-1, 0.24872203E-2, 2.5051317, 13953.968, 25232.512, 86415.102, 0.0000000, 0.0000000, 0.0000000, 0.0000000, 0.0000000
0.13310471, 2.2858460, 0.16033009, 0.68606669, 0.56157750, 0.39174452, 4.7355766, 64.813828, 62.236229, 0.52890694E-3, 2.1785951, 0.59604015E-1, 0.24868273E-2, 2.5048711, 13954.874, 25233.893, 86563.352, 0.0000000, 0.0000000, 0.0000000, 0.0000000, 0.0000000
0.13320357, 2.2858582, 0.16036819, 0.68612510, 0.56157744, 0.39174187, 4.7352653, 64.813599, 62.236229, 0.69934159E-3, 2.1794968, 0.59603930E-1, 0.24875905E-2, 2.5052967, 13955.805, 25235.367, 86711.406, 0.0000000, 0.0000000, 0.0000000, 0.0000000, 0.0000000
0.13321406, 2.2859001, 0.16037901, 0.68619436, 0.56161433, 0.39176548, 4.7354474, 64.813438, 62.236229, 0.47562862E-3, 2.1791360, 0.59603855E-1, 0.24877801E-2, 2.5054903, 13956.584, 25236.613, 86859.445, 0.0000000, 0.0000000, 0.0000000, 0.0000000, 0.0000000
0.13319787, 2.2859125, 0.16036981, 0.68618685, 0.56160879, 0.39176327, 4.7354536, 64.813278, 62.236229, 0.58311049E-3, 2.1791863, 0.59603717E-1, 0.24878012E-2, 2.5052645, 13957.355, 25237.846, 87007.273, 0.0000000, 0.0000000, 0.0000000, 0.0000000, 0.0000000
0.13318920, 2.2859242, 0.16036797, 0.68618739, 0.56160742, 0.39176390, 4.7354431, 64.813126, 62.236229, 0.56830951E-3, 2.1792409, 0.59603505E-1, 0.24879870E-2, 2.5053468, 13958.108, 25239.029, 87154.758, 0.0000000, 0.0000000, 0.0000000, 0.0000000, 0.0000000
0.13314460, 2.2859008, 0.16035512, 0.68613130, 0.56161290, 0.39176705, 4.7356949, 64.813095, 62.236229, 0.46595931E-3, 2.1786330, 0.59603430E-1, 0.24876609E-2, 2.5050232, 13958.865, 25240.203, 87301.977, 0.0000000, 0.0000000, 0.0000000, 0.0000000, 0.0000000
0.13315836, 2.2858713, 0.16036449, 0.68610299, 0.56158620, 0.39174831, 4.7354555, 64.812958, 62.236229, 0.68499881E-3, 2.1791632, 0.59603415E-1, 0.24879309E-2, 2.5049722, 13959.775, 25241.643, 87448.812, 0.0000000, 0.0000000, 0.0000000, 0.0000000, 0.0000000
0.13318092, 2.2858460, 0.16035961, 0.68609321, 0.56159836, 0.39175844, 4.7356291, 64.812859, 62.236229, 0.46097126E-3, 2.1786826, 0.59603363E-1, 0.24879563E-2, 2.5050645, 13960.601, 25242.912, 87596.141, 0.0000000, 0.0000000, 0.0000000, 0.0000000, 0.0000000
0.13318667, 2.2858627, 0.16036442, 0.68615240, 0.56160432, 0.39175737, 4.7354894, 64.812698, 62.236229, 0.58282854E-3, 2.1793013, 0.59603199E-1, 0.24884001E-2, 2.5053427, 13961.305, 25244.051, 87742.930, 0.0000000, 0.0000000, 0.0000000, 0.0000000, 0.0000000
0.13319628, 2.2858567, 0.16036271, 0.68613398, 0.56158888, 0.39175278, 4.7354679, 64.812553, 62.236229, 0.58762368E-3, 2.1791067, 0.59603106E-1, 0.24885708E-2, 2.5051291, 13962.126, 25245.316, 87889.766, 0.0000000, 0.0000000, 0.0000000, 0.0000000, 0.0000000
0.13319860, 2.2858548, 0.16037059, 0.68614012, 0.56160444, 0.39176056, 4.7355175, 64.812416, 62.236229, 0.53609163E-3, 2.1790090, 0.59603054E-1, 0.24886252E-2, 2.5051594, 13962.978, 25246.680, 88035.969, 0.0000000, 0.0000000, 0.0000000, 0.0000000, 0.0000000
0.13316154, 2.2858763, 0.16035694, 0.68615788, 0.56158727, 0.39174965, 4.7354417, 64.812263, 62.236229, 0.60063764E-3, 2.1793158, 0.59602980E-1, 0.24889698E-2, 2.5052748, 13963.707, 25247.811, 88182.289, 0.0000000, 0.0000000, 0.0000000, 0.0000000, 0.0000000
0.13317190, 2.2858577, 0.16035812, 0.68611974, 0.56160748, 0.39176437, 4.7356763, 64.812157, 62.236229, 0.43740106E-3, 2.1786957, 0.59602909E-1, 0.24886748E-2, 2.5050986, 13964.519, 25249.143, 88327.992, 0.0000000, 0.0000000, 0.0000000, 0.0000000, 0.0000000
0.13318796, 2.2858710, 0.16036789, 0.68615669, 0.56159908, 0.39175525, 4.7354579, 64.811996, 62.236229, 0.62712573E-3, 2.1794415, 0.59602853E-1, 0.24892390E-2, 2.5053208, 13965.268, 25250.277, 88474.438, 0.0000000, 0.0000000, 0.0000000, 0.0000000, 0.0000000
0.13315737, 2.2858608, 0.16036135, 0.68613112, 0.56158984, 0.39175010, 4.7354760, 64.811844, 62.236229, 0.59195940E-3, 2.1790519, 0.59602782E-1, 0.24892578E-2, 2.5050240, 13966.139, 25251.656, 88620.445, 0.0000000, 0.0000000, 0.0000000, 0.0000000, 0.0000000
0.13316168, 2.2858667, 0.16036165, 0.68614221, 0.56158233, 0.39174262, 4.7353520, 64.811630, 62.236229, 0.65610488E-3, 2.1793325, 0.59602626E-1, 0.24895212E-2, 2.5051215, 13967.025, 25253.029, 88765.805, 0.0000000, 0.0000000, 0.0000000, 0.0000000, 0.0000000
0.13319638, 2.2858777, 0.16037305, 0.68615985, 0.56159508, 0.39175195, 4.7353415, 64.811409, 62.236229, 0.56876248E-3, 2.1792388, 0.59602220E-1, 0.24897174E-2, 2.5052385, 13967.895, 25254.418, 88910.781, 0.0000000, 0.0000000, 0.0000000, 0.0000000, 0.0000000
0.13315810, 2.2858784, 0.16036332, 0.68616104, 0.56159401, 0.39174950, 4.7353663, 64.811234, 62.236229, 0.57935598E-3, 2.1791720, 0.59602145E-1, 0.24898064E-2, 2.5051415, 13968.722, 25255.715, 89056.656, 0.0000000, 0.0000000, 0.0000000, 0.0000000, 0.0000000
0.13316779, 2.2858891, 0.16035408, 0.68615770, 0.56158447, 0.39174697, 4.7353301, 64.811066, 62.236229, 0.59870188E-3, 2.1792979, 0.59602086E-1, 0.24900725E-2, 2.5052032, 13969.490, 25256.938, 89201.812, 0.0000000, 0.0000000, 0.0000000, 0.0000000, 0.0000000
0.13319083, 2.2858961, 0.16036513, 0.68616533, 0.56159800, 0.39175457, 4.7353301, 64.810860, 62.236229, 0.54418482E-3, 2.1792216, 0.59601981E-1, 0.24901242E-2, 2.5052590, 13970.387, 25258.318, 89346.492, 0.0000000, 0.0000000, 0.0000000, 0.0000000, 0.0000000
0.13315329, 2.2858887, 0.16036025, 0.68614495, 0.56160307, 0.39175797, 4.7354980, 64.810730, 62.236229, 0.48497494E-3, 2.1788864, 0.59601840E-1, 0.24900506E-2, 2.5050788, 13971.087, 25259.445, 89491.273, 0.0000000, 0.0000000, 0.0000000, 0.0000000, 0.0000000
0.13312173, 2.2858434, 0.16034040, 0.68607581, 0.56159115, 0.39175278, 4.7356019, 64.810631, 62.236229, 0.50469697E-3, 2.1786752, 0.59601780E-1, 0.24898124E-2, 2.5048327, 13971.843, 25260.666, 89636.266, 0.0000000, 0.0000000, 0.0000000, 0.0000000, 0.0000000
0.13314933, 2.2858436, 0.16035569, 0.68611747, 0.56158131, 0.39173964, 4.7353163, 64.810440, 62.236229, 0.64386782E-3, 2.1794131, 0.59601698E-1, 0.24904041E-2, 2.5051763, 13972.617, 25261.844, 89779.477, 0.0000000, 0.0000000, 0.0000000, 0.0000000, 0.0000000
0.13315018, 2.2858484, 0.16035719, 0.68613768, 0.56158245, 0.39174035, 4.7352796, 64.810188, 62.236229, 0.56260475E-3, 2.1792262, 0.59600882E-1, 0.24906532E-2, 2.5051873, 13973.431, 25263.137, 89924.383, 0.0000000, 0.0000000, 0.0000000, 0.0000000, 0.0000000
0.13315830, 2.2858458, 0.16034594, 0.68612808, 0.56156600, 0.39173371, 4.7352195, 64.809906, 62.236229, 0.62093011E-3, 2.1792929, 0.59600513E-1, 0.24908988E-2, 2.5050886, 13974.268, 25264.416, 90067.891, 0.0000000, 0.0000000, 0.0000000, 0.0000000, 0.0000000
0.13315839, 2.2858605, 0.16034982, 0.68615085, 0.56158447, 0.39174482, 4.7352934, 64.809677, 62.236229, 0.50141016E-3, 2.1791699, 0.59600376E-1, 0.24909815E-2, 2.5052645, 13975.063, 25265.680, 90211.586, 0.0000000, 0.0000000, 0.0000000, 0.0000000, 0.0000000
0.13320775, 2.2858710, 0.16037282, 0.68616301, 0.56158978, 0.39175060, 4.7352247, 64.809433, 62.236229, 0.55874593E-3, 2.1793208, 0.59600152E-1, 0.24911952E-2, 2.5052619, 13975.918, 25267.014, 90356.070, 0.0000000, 0.0000000, 0.0000000, 0.0000000, 0.0000000
0.13318802, 2.2858841, 0.16036636, 0.68616253, 0.56159264, 0.39175317, 4.7352810, 64.809273, 62.236229, 0.50848851E-3, 2.1791606, 0.59600044E-1, 0.24912867E-2, 2.5052207, 13976.693, 25268.242, 90498.516, 0.0000000, 0.0000000, 0.0000000, 0.0000000, 0.0000000
0.13315509, 2.2858584, 0.16035442, 0.68611473, 0.56160975, 0.39176562, 4.7356148, 64.809204, 62.236229, 0.33334870E-3, 2.1785405, 0.59599977E-1, 0.24908797E-2, 2.5050697, 13977.310, 25269.248, 90642.523, 0.0000000, 0.0000000, 0.0000000, 0.0000000, 0.0000000
0.13315722, 2.2858193, 0.16035610, 0.68607843, 0.56159592, 0.39175704, 4.7355700, 64.809105, 62.236229, 0.49511524E-3, 2.1788516, 0.59599925E-1, 0.24910071E-2, 2.5049639, 13977.932, 25270.205, 90784.633, 0.0000000, 0.0000000, 0.0000000, 0.0000000, 0.0000000
0.13318954, 2.2858052, 0.16036490, 0.68609959, 0.56158549, 0.39174837, 4.7353935, 64.808952, 62.236229, 0.55053970E-3, 2.1791613, 0.59599891E-1, 0.24914662E-2, 2.5051057, 13978.693, 25271.375, 90928.414, 0.0000000, 0.0000000, 0.0000000, 0.0000000, 0.0000000
0.13314369, 2.2857981, 0.16035411, 0.68610954, 0.56158394, 0.39174375, 4.7354012, 64.808792, 62.236229, 0.50895644E-3, 2.1790259, 0.59599832E-1, 0.24915151E-2, 2.5050659, 13979.409, 25272.541, 91070.172, 0.0000000, 0.0000000, 0.0000000, 0.0000000, 0.0000000
0.13310628, 2.2857673, 0.16033207, 0.68606669, 0.56158113, 0.39174607, 4.7355928, 64.808678, 62.236229, 0.40678869E-3, 2.1786482, 0.59599765E-1, 0.24913307E-2, 2.5049629, 13980.007, 25273.457, 91213.547, 0.0000000, 0.0000000, 0.0000000, 0.0000000, 0.0000000
0.13314070, 2.2857375, 0.16035168, 0.68606198, 0.56158197, 0.39174479, 4.7355313, 64.808517, 62.236229, 0.48727481E-3, 2.1789038, 0.59599724E-1, 0.24915214E-2, 2.5050020, 13980.711, 25274.564, 91354.969, 0.0000000, 0.0000000, 0.0000000, 0.0000000, 0.0000000
0.13310255, 2.2856815, 0.16032676, 0.68601000, 0.56155199, 0.39172810, 4.7354593, 64.808350, 62.236229, 0.55328081E-3, 2.1788251, 0.59599493E-1, 0.24915095E-2, 2.5047519, 13981.404, 25275.664, 91498.070, 0.0000000, 0.0000000, 0.0000000, 0.0000000, 0.0000000
0.13309516, 2.2856424, 0.16032705, 0.68600106, 0.56154907, 0.39172354, 4.7354369, 64.808167, 62.236229, 0.50754001E-3, 2.1788116, 0.59599377E-1, 0.24916518E-2, 2.5048499, 13982.168, 25276.828, 91639.180, 0.0000000, 0.0000000, 0.0000000, 0.0000000, 0.0000000
0.13319615, 2.2856574, 0.16036716, 0.68609464, 0.56157404, 0.39173496, 4.7352457, 64.807816, 62.236229, 0.53392403E-3, 2.1793556, 0.59599038E-1, 0.24922525E-2, 2.5052867, 13983.001, 25278.170, 91780.938, 0.0000000, 0.0000000, 0.0000000, 0.0000000, 0.0000000
0.13319731, 2.2856901, 0.16036592, 0.68614751, 0.56158566, 0.39174640, 4.7353458, 64.807556, 62.236229, 0.45266128E-3, 2.1791806, 0.59598640E-1, 0.24925261E-2, 2.5053062, 13983.579, 25279.074, 91922.812, 0.0000000, 0.0000000, 0.0000000, 0.0000000, 0.0000000
0.13320933, 2.2857184, 0.16037202, 0.68617028, 0.56159383, 0.39175317, 4.7353349, 64.807297, 62.236229, 0.51194895E-3, 2.1793077, 0.59598528E-1, 0.24927068E-2, 2.5052726, 13984.337, 25280.287, 92063.758, 0.0000000, 0.0000000, 0.0000000, 0.0000000, 0.0000000
0.13319822, 2.2857463, 0.16036300, 0.68617570, 0.56159931, 0.39175761, 4.7353997, 64.807121, 62.236229, 0.47820280E-3, 2.1792138, 0.59598412E-1, 0.24927787E-2, 2.5052569, 13985.030, 25281.367, 92206.055, 0.0000000, 0.0000000, 0.0000000, 0.0000000, 0.0000000
0.13319610, 2.2857721, 0.16036260, 0.68617082, 0.56159627, 0.39175576, 4.7353616, 64.806938, 62.236229, 0.52125874E-3, 2.1793108, 0.59598271E-1, 0.24929224E-2, 2.5052378, 13985.799, 25282.539, 92346.398, 0.0000000, 0.0000000, 0.0000000, 0.0000000, 0.0000000
0.13320650, 2.2858024, 0.16036984, 0.68619472, 0.56160718, 0.39176315, 4.7354121, 64.806778, 62.236229, 0.43319241E-3, 2.1792808, 0.59598047E-1, 0.24931110E-2, 2.5054197, 13986.464, 25283.637, 92487.219, 0.0000000, 0.0000000, 0.0000000, 0.0000000, 0.0000000
0.13316189, 2.2858322, 0.16035102, 0.68618858, 0.56159770, 0.39175716, 4.7354269, 64.806618, 62.236229, 0.50378375E-3, 2.1793344, 0.59597958E-1, 0.24932271E-2, 2.5052855, 13987.131, 25284.641, 92628.852, 0.0000000, 0.0000000, 0.0000000, 0.0000000, 0.0000000
0.13315839, 2.2858372, 0.16035286, 0.68616170, 0.56158811, 0.39174840, 4.7353172, 64.806427, 62.236229, 0.55357447E-3, 2.1793602, 0.59597787E-1, 0.24932739E-2, 2.5051808, 13987.938, 25285.951, 92768.664, 0.0000000, 0.0000000, 0.0000000, 0.0000000, 0.0000000
0.13315925, 2.2858255, 0.16036215, 0.68612874, 0.56158859, 0.39174858, 4.7353616, 64.806252, 62.236229, 0.46049652E-3, 2.1789932, 0.59597671E-1, 0.24932378E-2, 2.5050564, 13988.682, 25287.090, 92908.625, 0.0000000, 0.0000000, 0.0000000, 0.0000000, 0.0000000
0.13319878, 2.2858450, 0.16036771, 0.68615597, 0.56159234, 0.39175248, 4.7352996, 64.806091, 62.236229, 0.45377444E-3, 2.1792846, 0.59597585E-1, 0.24935482E-2, 2.5053463, 13989.307, 25288.078, 93049.266, 0.0000000, 0.0000000, 0.0000000, 0.0000000, 0.0000000
0.13320181, 2.2858729, 0.16036709, 0.68617296, 0.56159627, 0.39175656, 4.7353253, 64.805931, 62.236229, 0.44087647E-3, 2.1792152, 0.59597522E-1, 0.24936686E-2, 2.5053034, 13989.975, 25289.172, 93189.711, 0.0000000, 0.0000000, 0.0000000, 0.0000000, 0.0000000
0.13318908, 2.2858884, 0.16036452, 0.68617958, 0.56160820, 0.39176220, 4.7353716, 64.805771, 62.236229, 0.41303862E-3, 2.1791575, 0.59597455E-1, 0.24936500E-2, 2.5053132, 13990.593, 25290.090, 93329.125, 0.0000000, 0.0000000, 0.0000000, 0.0000000, 0.0000000
0.13320528, 2.2859015, 0.16037048, 0.68617463, 0.56159705, 0.39175639, 4.7352691, 64.805611, 62.236229, 0.50949049E-3, 2.1793416, 0.59597380E-1, 0.24939419E-2, 2.5052378, 13991.294, 25291.201, 93469.117, 0.0000000, 0.0000000, 0.0000000, 0.0000000, 0.0000000
0.13314943, 2.2858810, 0.16035688, 0.68614018, 0.56161678, 0.39176875, 4.7356277, 64.805542, 62.236229, 0.29726478E-3, 2.1785710, 0.59597269E-1, 0.24936276E-2, 2.5050323, 13991.884, 25292.154, 93598.773, 0.0000000, 0.0000000, 0.0000000, 0.0000000, 0.0000000
0.13316108, 2.2858915, 0.16035126, 0.68614954, 0.56158280, 0.39174724, 4.7353406, 64.805389, 62.236229, 0.58229803E-3, 2.1795321, 0.59597202E-1, 0.24941680E-2, 2.5052249, 13992.462, 25293.043, 93724.273, 0.0000000, 0.0000000, 0.0000000, 0.0000000, 0.0000000
0.13318777, 2.2858887, 0.16036624, 0.68615603, 0.56159848, 0.39175364, 4.7352920, 64.805191, 62.236229, 0.46106288E-3, 2.1792152, 0.59596833E-1, 0.24940965E-2, 2.5052214, 13993.347, 25294.418, 93849.672, 0.0000000, 0.0000000, 0.0000000, 0.0000000, 0.0000000
0.13316961, 2.2858932, 0.16035393, 0.68614769, 0.56157959, 0.39174321, 4.7352333, 64.805031, 62.236229, 0.52727631E-3, 2.1792779, 0.59596732E-1, 0.24944190E-2, 2.5050998, 13993.985, 25295.443, 93974.945, 0.0000000, 0.0000000, 0.0000000, 0.0000000, 0.0000000
0.13316354, 2.2858922, 0.16036573, 0.68614435, 0.56158197, 0.39174277, 4.7351694, 64.804787, 62.236229, 0.49954571E-3, 2.1792529, 0.59596665E-1, 0.24944758E-2, 2.5051360, 13994.779, 25296.672, 94099.547, 0.0000000, 0.0000000, 0.0000000, 0.0000000, 0.0000000
0.13311446, 2.2858510, 0.16033700, 0.68608397, 0.56158984, 0.39175159, 4.7355456, 64.804665, 62.236229, 0.28427137E-3, 2.1784842, 0.59596561E-1, 0.24940276E-2, 2.5049448, 13995.301, 25297.539, 94224.508, 0.0000000, 0.0000000, 0.0000000, 0.0000000, 0.0000000
0.13317786, 2.2858336, 0.16035835, 0.68609178, 0.56159872, 0.39175817, 4.7355642, 64.804558, 62.236229, 0.34058624E-3, 2.1788607, 0.59596479E-1, 0.24942609E-2, 2.5051663, 13995.821, 25298.340, 94349.352, 0.0000000, 0.0000000, 0.0000000, 0.0000000, 0.0000000
0.13319865, 2.2858453, 0.16036648, 0.68613702, 0.56158155, 0.39174488, 4.7352605, 64.804367, 62.236229, 0.56848640E-3, 2.1795211, 0.59596393E-1, 0.24948695E-2, 2.5052099, 13996.479, 25299.344, 94474.297, 0.0000000, 0.0000000, 0.0000000, 0.0000000, 0.0000000
0.13311577, 2.2858164, 0.16033833, 0.68608832, 0.56159335, 0.39175388, 4.7356195, 64.804253, 62.236229, 0.29044948E-3, 2.1785135, 0.59596285E-1, 0.24943894E-2, 2.5049360, 13997.105, 25300.350, 94599.070, 0.0000000, 0.0000000, 0.0000000, 0.0000000, 0.0000000
0.13312232, 2.2857647, 0.16034113, 0.68603623, 0.56156850, 0.39173824, 4.7354693, 64.804092, 62.236229, 0.50653168E-3, 2.1789167, 0.59596241E-1, 0.24944965E-2, 2.5047855, 13997.746, 25301.338, 94723.305, 0.0000000, 0.0000000, 0.0000000, 0.0000000, 0.0000000
0.13314804, 2.2857680, 0.16035607, 0.68610299, 0.56157613, 0.39173508, 4.7352943, 64.803833, 62.236229, 0.48790564E-3, 2.1793132, 0.59595399E-1, 0.24949885E-2, 2.5051942, 13998.400, 25302.373, 94846.570, 0.0000000, 0.0000000, 0.0000000, 0.0000000, 0.0000000
0.13312486, 2.2857318, 0.16034251, 0.68606198, 0.56158131, 0.39174449, 4.7355523, 64.803665, 62.236229, 0.33897895E-3, 2.1785851, 0.59595078E-1, 0.24947282E-2, 2.5048659, 13998.971, 25303.277, 94970.914, 0.0000000, 0.0000000, 0.0000000, 0.0000000, 0.0000000
0.13312215, 2.2856710, 0.16033386, 0.68600547, 0.56155419, 0.39172879, 4.7354484, 64.803505, 62.236229, 0.45784703E-3, 2.1788027, 0.59594966E-1, 0.24947270E-2, 2.5047815, 13999.568, 25304.238, 95095.141, 0.0000000, 0.0000000, 0.0000000, 0.0000000, 0.0000000
0.13318914, 2.2856669, 0.16036274, 0.68607390, 0.56159174, 0.39175114, 4.7355618, 64.803322, 62.236229, 0.27793847E-3, 2.1788065, 0.59594903E-1, 0.24950912E-2, 2.5052254, 14000.093, 25305.051, 95218.414, 0.0000000, 0.0000000, 0.0000000, 0.0000000, 0.0000000
0.13317487, 2.2856679, 0.16035596, 0.68610740, 0.56160611, 0.39176092, 4.7357278, 64.803207, 62.236229, 0.30348048E-3, 2.1787868, 0.59594698E-1, 0.24951920E-2, 2.5051343, 14000.515, 25305.680, 95342.383, 0.0000000, 0.0000000, 0.0000000, 0.0000000, 0.0000000
0.13322534, 2.2857232, 0.16038127, 0.68618637, 0.56161380, 0.39176619, 4.7355356, 64.803047, 62.236229, 0.42116281E-3, 2.1795435, 0.59594631E-1, 0.24957182E-2, 2.5055528, 14001.037, 25306.559, 95466.391, 0.0000000, 0.0000000, 0.0000000, 0.0000000, 0.0000000
0.13317429, 2.2857327, 0.16035669, 0.68615109, 0.56160730, 0.39176404, 4.7356572, 64.802910, 62.236229, 0.34337753E-3, 2.1789889, 0.59594549E-1, 0.24954793E-2, 2.5052092, 14001.578, 25307.379, 95588.695, 0.0000000, 0.0000000, 0.0000000, 0.0000000, 0.0000000
0.13319008, 2.2857490, 0.16036756, 0.68616223, 0.56159610, 0.39175317, 4.7354279, 64.802681, 62.236229, 0.50457101E-3, 2.1794846, 0.59594478E-1, 0.24958088E-2, 2.5052741, 14002.244, 25308.414, 95712.656, 0.0000000, 0.0000000, 0.0000000, 0.0000000, 0.0000000
0.13318425, 2.2857378, 0.16036156, 0.68612552, 0.56160927, 0.39176577, 4.7357187, 64.802544, 62.236229, 0.26145979E-3, 2.1786900, 0.59594404E-1, 0.24955610E-2, 2.5051203, 14002.785, 25309.314, 95835.281, 0.0000000, 0.0000000, 0.0000000, 0.0000000, 0.0000000
0.13316871, 2.2857659, 0.16035499, 0.68615669, 0.56158710, 0.39174941, 4.7354960, 64.802383, 62.236229, 0.51763537E-3, 2.1795342, 0.59594363E-1, 0.24961154E-2, 2.5052717, 14003.328, 25310.131, 95959.086, 0.0000000, 0.0000000, 0.0000000, 0.0000000, 0.0000000
0.13314673, 2.2857528, 0.16035518, 0.68612123, 0.56160629, 0.39176092, 4.7357388, 64.802231, 62.236229, 0.29631500E-3, 2.1787241, 0.59594281E-1, 0.24957496E-2, 2.5050533, 14003.978, 25311.156, 96082.703, 0.0000000, 0.0000000, 0.0000000, 0.0000000, 0.0000000
0.13315943, 2.2857451, 0.16036233, 0.68610835, 0.56157535, 0.39174092, 4.7354650, 64.802025, 62.236229, 0.53541339E-3, 2.1793661, 0.59594095E-1, 0.24961566E-2, 2.5050590, 14004.582, 25312.119, 96204.695, 0.0000000, 0.0000000, 0.0000000, 0.0000000, 0.0000000
0.13320617, 2.2857716, 0.16037044, 0.68615568, 0.56158906, 0.39174950, 4.7354145, 64.801758, 62.236229, 0.40899194E-3, 2.1793494, 0.59593905E-1, 0.24964572E-2, 2.5053456, 14005.260, 25313.170, 96328.125, 0.0000000, 0.0000000, 0.0000000, 0.0000000, 0.0000000
0.13316076, 2.2857955, 0.16034904, 0.68616080, 0.56158406, 0.39174700, 4.7354693, 64.801559, 62.236229, 0.42364249E-3, 2.1792543, 0.59593562E-1, 0.24964949E-2, 2.5052059, 14005.825, 25314.031, 96450.633, 0.0000000, 0.0000000, 0.0000000, 0.0000000, 0.0000000
0.13318776, 2.2858107, 0.16036494, 0.68616486, 0.56159198, 0.39175245, 4.7354097, 64.801315, 62.236229, 0.40865073E-3, 2.1793313, 0.59593234E-1, 0.24966130E-2, 2.5053196, 14006.476, 25315.102, 96573.914, 0.0000000, 0.0000000, 0.0000000, 0.0000000, 0.0000000
0.13319024, 2.2858274, 0.16036455, 0.68617523, 0.56160438, 0.39175960, 4.7354808, 64.801125, 62.236229, 0.34122696E-3, 2.1791809, 0.59593130E-1, 0.24965955E-2, 2.5053387, 14007.047, 25315.979, 96695.484, 0.0000000, 0.0000000, 0.0000000, 0.0000000, 0.0000000
0.13319439, 2.2858574, 0.16037071, 0.68620092, 0.56161541, 0.39176798, 4.7355247, 64.800964, 62.236229, 0.31520193E-3, 2.1792738, 0.59593018E-1, 0.24968160E-2, 2.5054855, 14007.547, 25316.750, 96817.625, 0.0000000, 0.0000000, 0.0000000, 0.0000000, 0.0000000
0.13319427, 2.2858803, 0.16037026, 0.68619323, 0.56161278, 0.39176568, 4.7354922, 64.800804, 62.236229, 0.38070968E-3, 2.1792824, 0.59592955E-1, 0.24968656E-2, 2.5053234, 14008.105, 25317.699, 96940.602, 0.0000000, 0.0000000, 0.0000000, 0.0000000, 0.0000000
0.13316840, 2.2858932, 0.16035134, 0.68616879, 0.56158823, 0.39175144, 4.7354097, 64.800644, 62.236229, 0.46796116E-3, 2.1793451, 0.59592828E-1, 0.24970507E-2, 2.5051515, 14008.705, 25318.574, 97061.695, 0.0000000, 0.0000000, 0.0000000, 0.0000000, 0.0000000
0.13320281, 2.2859066, 0.16037162, 0.68617910, 0.56159890, 0.39175749, 4.7353559, 64.800446, 62.236229, 0.39545243E-3, 2.1793246, 0.59592575E-1, 0.24971706E-2, 2.5053122, 14009.365, 25319.613, 97184.742, 0.0000000, 0.0000000, 0.0000000, 0.0000000, 0.0000000
0.13315605, 2.2859199, 0.16036056, 0.68617976, 0.56160915, 0.39176103, 4.7354655, 64.800293, 62.236229, 0.33521777E-3, 2.1790819, 0.59592512E-1, 0.24970679E-2, 2.5052257, 14009.898, 25320.488, 97306.531, 0.0000000, 0.0000000, 0.0000000, 0.0000000, 0.0000000
0.13320538, 2.2859409, 0.16037267, 0.68619072, 0.56160533, 0.39176223, 4.7353773, 64.800133, 62.236229, 0.38168818E-3, 2.1793857, 0.59592336E-1, 0.24973936E-2, 2.5053973, 14010.493, 25321.375, 97428.625, 0.0000000, 0.0000000, 0.0000000, 0.0000000, 0.0000000
0.13315660, 2.2859478, 0.16034643, 0.68616945, 0.56159246, 0.39175376, 4.7354016, 64.799973, 62.236229, 0.41341013E-3, 2.1792052, 0.59592243E-1, 0.24974195E-2, 2.5051279, 14011.056, 25322.287, 97550.148, 0.0000000, 0.0000000, 0.0000000, 0.0000000, 0.0000000
0.13316089, 2.2859464, 0.16036451, 0.68616623, 0.56159937, 0.39175409, 4.7353253, 64.799774, 62.236229, 0.40343858E-3, 2.1792552, 0.59592169E-1, 0.24974071E-2, 2.5052066, 14011.756, 25323.428, 97671.742, 0.0000000, 0.0000000, 0.0000000, 0.0000000, 0.0000000
0.13320339, 2.2859499, 0.16037032, 0.68616879, 0.56159484, 0.39175522, 4.7352834, 64.799614, 62.236229, 0.36857522E-3, 2.1792634, 0.59592072E-1, 0.24976409E-2, 2.5052934, 14012.273, 25324.193, 97792.258, 0.0000000, 0.0000000, 0.0000000, 0.0000000, 0.0000000
0.13320313, 2.2859626, 0.16036850, 0.68617928, 0.56160057, 0.39175978, 4.7353220, 64.799454, 62.236229, 0.33102653E-3, 2.1792068, 0.59592005E-1, 0.24977352E-2, 2.5053229, 14012.757, 25324.947, 97914.758, 0.0000000, 0.0000000, 0.0000000, 0.0000000, 0.0000000
0.13319086, 2.2859724, 0.16036646, 0.68618679, 0.56160903, 0.39176401, 4.7353458, 64.799301, 62.236229, 0.32075780E-3, 2.1791849, 0.59591930E-1, 0.24977878E-2, 2.5053244, 14013.283, 25325.773, 98036.203, 0.0000000, 0.0000000, 0.0000000, 0.0000000, 0.0000000
0.13315929, 2.2859592, 0.16034631, 0.68613464, 0.56160003, 0.39175963, 4.7354150, 64.799179, 62.236229, 0.33417094E-3, 2.1789718, 0.59591785E-1, 0.24976255E-2, 2.5050843, 14013.740, 25326.555, 98156.695, 0.0000000, 0.0000000, 0.0000000, 0.0000000, 0.0000000
0.13316116, 2.2859602, 0.16035900, 0.68614954, 0.56158417, 0.39174703, 4.7352157, 64.799019, 62.236229, 0.45143612E-3, 2.1794102, 0.59591591E-1, 0.24979739E-2, 2.5052047, 14014.263, 25327.316, 98277.781, 0.0000000, 0.0000000, 0.0000000, 0.0000000, 0.0000000
0.13320911, 2.2859640, 0.16037337, 0.68616343, 0.56159103, 0.39175183, 4.7351370, 64.798790, 62.236229, 0.39691076E-3, 2.1793318, 0.59591338E-1, 0.24981613E-2, 2.5052590, 14014.929, 25328.355, 98399.609, 0.0000000, 0.0000000, 0.0000000, 0.0000000, 0.0000000
0.13315758, 2.2859635, 0.16034825, 0.68615186, 0.56158239, 0.39174622, 4.7352138, 64.798630, 62.236229, 0.38504435E-3, 2.1791391, 0.59591264E-1, 0.24982044E-2, 2.5050881, 14015.473, 25329.250, 98520.320, 0.0000000, 0.0000000, 0.0000000, 0.0000000, 0.0000000
0.13319218, 2.2859635, 0.16036910, 0.68616551, 0.56159735, 0.39175415, 4.7351704, 64.798416, 62.236229, 0.35363471E-3, 2.1792402, 0.59591196E-1, 0.24982742E-2, 2.5052691, 14016.142, 25330.260, 98641.227, 0.0000000, 0.0000000, 0.0000000, 0.0000000, 0.0000000
0.13319859, 2.2859704, 0.16036591, 0.68616343, 0.56158859, 0.39175242, 4.7351680, 64.798256, 62.236229, 0.35284244E-3, 2.1792219, 0.59591100E-1, 0.24983962E-2, 2.5052435, 14016.604, 25330.988, 98761.438, 0.0000000, 0.0000000, 0.0000000, 0.0000000, 0.0000000
0.13318944, 2.2859747, 0.16036737, 0.68617672, 0.56160724, 0.39176184, 4.7352309, 64.798096, 62.236229, 0.29736871E-3, 2.1791162, 0.59590962E-1, 0.24984148E-2, 2.5052764, 14017.186, 25331.924, 98882.117, 0.0000000, 0.0000000, 0.0000000, 0.0000000, 0.0000000
0.13315648, 2.2859762, 0.16036278, 0.68618214, 0.56161237, 0.39176238, 4.7352767, 64.797943, 62.236229, 0.30220833E-3, 2.1791272, 0.59590887E-1, 0.24984011E-2, 2.5052714, 14017.613, 25332.576, 99001.961, 0.0000000, 0.0000000, 0.0000000, 0.0000000, 0.0000000
0.13317434, 2.2859709, 0.16035759, 0.68615675, 0.56161207, 0.39176643, 4.7353449, 64.797821, 62.236229, 0.25345187E-3, 2.1790156, 0.59590802E-1, 0.24984018E-2, 2.5052848, 14018.031, 25333.258, 99122.508, 0.0000000, 0.0000000, 0.0000000, 0.0000000, 0.0000000
0.13316394, 2.2859771, 0.16035028, 0.68615597, 0.56158727, 0.39175045, 4.7351723, 64.797661, 62.236229, 0.42935181E-3, 2.1794009, 0.59590206E-1, 0.24987543E-2, 2.5051982, 14018.528, 25334.000, 99242.383, 0.0000000, 0.0000000, 0.0000000, 0.0000000, 0.0000000
0.13314408, 2.2859364, 0.16034833, 0.68609613, 0.56159896, 0.39175910, 4.7353916, 64.797562, 62.236229, 0.20699196E-3, 2.1786451, 0.59589926E-1, 0.24983042E-2, 2.5050447, 14019.034, 25334.826, 99362.750, 0.0000000, 0.0000000, 0.0000000, 0.0000000, 0.0000000
0.13317592, 2.2859168, 0.16035871, 0.68611181, 0.56160945, 0.39176530, 4.7354674, 64.797470, 62.236229, 0.22342640E-3, 2.1788290, 0.59589684E-1, 0.24985445E-2, 2.5051756, 14019.335, 25335.303, 99482.195, 0.0000000, 0.0000000, 0.0000000, 0.0000000, 0.0000000
0.13320073, 2.2859387, 0.16036931, 0.68616891, 0.56160092, 0.39175877, 4.7352486, 64.797310, 62.236229, 0.38146949E-3, 2.1795020, 0.59589576E-1, 0.24990465E-2, 2.5054078, 14019.759, 25335.961, 99602.453, 0.0000000, 0.0000000, 0.0000000, 0.0000000, 0.0000000
0.13320237, 2.2859514, 0.16036901, 0.68618256, 0.56160122, 0.39175940, 4.7351885, 64.797150, 62.236229, 0.35893836E-3, 2.1793203, 0.59589513E-1, 0.24991303E-2, 2.5052819, 14020.356, 25336.885, 99721.859, 0.0000000, 0.0000000, 0.0000000, 0.0000000, 0.0000000
0.13315812, 2.2859571, 0.16034684, 0.68616515, 0.56158108, 0.39174679, 4.7351174, 64.796989, 62.236229, 0.42515140E-3, 2.1793778, 0.59589326E-1, 0.24992488E-2, 2.5051594, 14020.911, 25337.809, 99841.961, 0.0000000, 0.0000000, 0.0000000, 0.0000000, 0.0000000
0.13321935, 2.2859814, 0.16037782, 0.68620253, 0.56161457, 0.39176843, 4.7351780, 64.796799, 62.236229, 0.24494418E-3, 2.1792710, 0.59589218E-1, 0.24993524E-2, 2.5055068, 14021.479, 25338.656, 99960.992, 0.0000000, 0.0000000, 0.0000000, 0.0000000, 0.0000000
0.13320163, 2.2859879, 0.16036782, 0.68618107, 0.56159961, 0.39176139, 4.7351909, 64.796654, 62.236229, 0.31815743E-3, 2.1792316, 0.59589151E-1, 0.24993578E-2, 2.5052819, 14021.885, 25339.277, 100080.87, 0.0000000, 0.0000000, 0.0000000, 0.0000000, 0.0000000
0.13314892, 2.2859626, 0.16035295, 0.68613237, 0.56161964, 0.39177257, 4.7355165, 64.796600, 62.236229, 0.15104354E-3, 2.1785879, 0.59589084E-1, 0.24989394E-2, 2.5050926, 14022.315, 25339.998, 100199.95, 0.0000000, 0.0000000, 0.0000000, 0.0000000, 0.0000000
0.13316374, 2.2859225, 0.16036047, 0.68609190, 0.56160510, 0.39176413, 4.7354393, 64.796501, 62.236229, 0.30458957E-3, 2.1789067, 0.59589062E-1, 0.24989923E-2, 2.5050142, 14022.720, 25340.637, 100319.72, 0.0000000, 0.0000000, 0.0000000, 0.0000000, 0.0000000
0.13316220, 2.2859421, 0.16036603, 0.68615806, 0.56159955, 0.39175570, 4.7352595, 64.796341, 62.236229, 0.35429042E-3, 2.1794245, 0.59589010E-1, 0.24995641E-2, 2.5053663, 14023.122, 25341.240, 100438.73, 0.0000000, 0.0000000, 0.0000000, 0.0000000, 0.0000000
0.13318074, 2.2859182, 0.16036269, 0.68612885, 0.56161523, 0.39176968, 4.7354984, 64.796234, 62.236229, 0.16450370E-3, 2.1787074, 0.59588958E-1, 0.24992130E-2, 2.5051606, 14023.541, 25341.875, 100558.01, 0.0000000, 0.0000000, 0.0000000, 0.0000000, 0.0000000
0.13315786, 2.2859185, 0.16034657, 0.68613195, 0.56157142, 0.39174047, 4.7351751, 64.796066, 62.236229, 0.49702055E-3, 2.1795483, 0.59588909E-1, 0.24997264E-2, 2.5051146, 14023.965, 25342.574, 100676.03, 0.0000000, 0.0000000, 0.0000000, 0.0000000, 0.0000000
0.13318434, 2.2859166, 0.16036244, 0.68615633, 0.56159252, 0.39175072, 4.7351313, 64.795815, 62.236229, 0.33327090E-3, 2.1792881, 0.59588831E-1, 0.24997846E-2, 2.5052733, 14024.683, 25343.707, 100794.59, 0.0000000, 0.0000000, 0.0000000, 0.0000000, 0.0000000
0.13316007, 2.2859335, 0.16034816, 0.68616295, 0.56158698, 0.39174929, 4.7351851, 64.795624, 62.236229, 0.32160283E-3, 2.1792459, 0.59588544E-1, 0.24999313E-2, 2.5052469, 14025.106, 25344.340, 100913.77, 0.0000000, 0.0000000, 0.0000000, 0.0000000, 0.0000000
0.13321954, 2.2859585, 0.16038103, 0.68619794, 0.56161165, 0.39176640, 4.7351756, 64.795418, 62.236229, 0.26249469E-3, 2.1793406, 0.59588410E-1, 0.25000845E-2, 2.5054913, 14025.583, 25345.105, 101032.48, 0.0000000, 0.0000000, 0.0000000, 0.0000000, 0.0000000
0.13316190, 2.2859638, 0.16034909, 0.68616843, 0.56158417, 0.39175022, 4.7351565, 64.795258, 62.236229, 0.39010792E-3, 2.1793232, 0.59588101E-1, 0.25001119E-2, 2.5051394, 14026.013, 25345.777, 101151.50, 0.0000000, 0.0000000, 0.0000000, 0.0000000, 0.0000000
0.13319081, 2.2859654, 0.16036475, 0.68617338, 0.56160069, 0.39175788, 4.7351208, 64.795044, 62.236229, 0.31145738E-3, 2.1792836, 0.59587795E-1, 0.25001483E-2, 2.5053008, 14026.579, 25346.705, 101268.91, 0.0000000, 0.0000000, 0.0000000, 0.0000000, 0.0000000
0.13319458, 2.2859716, 0.16036947, 0.68617994, 0.56160307, 0.39176086, 4.7351460, 64.794884, 62.236229, 0.27730485E-3, 2.1792243, 0.59587710E-1, 0.25002640E-2, 2.5053201, 14027.003, 25347.340, 101387.02, 0.0000000, 0.0000000, 0.0000000, 0.0000000, 0.0000000
0.13319914, 2.2859888, 0.16036692, 0.68618941, 0.56160480, 0.39176258, 4.7351513, 64.794724, 62.236229, 0.28600171E-3, 2.1792901, 0.59587613E-1, 0.25003480E-2, 2.5053599, 14027.420, 25347.977, 101506.35, 0.0000000, 0.0000000, 0.0000000, 0.0000000, 0.0000000
0.13319638, 2.2859988, 0.16037133, 0.68619496, 0.56161880, 0.39177009, 4.7352023, 64.794571, 62.236229, 0.24367904E-3, 2.1791718, 0.59587542E-1, 0.25003294E-2, 2.5053496, 14027.899, 25348.760, 101623.02, 0.0000000, 0.0000000, 0.0000000, 0.0000000, 0.0000000
0.13319601, 2.2860055, 0.16036236, 0.68618476, 0.56160319, 0.39176300, 4.7351527, 64.794418, 62.236229, 0.30171708E-3, 2.1792963, 0.59587415E-1, 0.25004644E-2, 2.5053165, 14028.290, 25349.383, 101740.84, 0.0000000, 0.0000000, 0.0000000, 0.0000000, 0.0000000
0.13318767, 2.2860129, 0.16036701, 0.68618643, 0.56160873, 0.39176381, 4.7351198, 64.794258, 62.236229, 0.29706318E-3, 2.1792793, 0.59587210E-1, 0.25005597E-2, 2.5053055, 14028.807, 25350.164, 101859.47, 0.0000000, 0.0000000, 0.0000000, 0.0000000, 0.0000000
0.13319783, 2.2860241, 0.16037187, 0.68620199, 0.56162548, 0.39177382, 4.7352042, 64.794121, 62.236229, 0.19265545E-3, 2.1791334, 0.59587121E-1, 0.25005010E-2, 2.5054305, 14029.163, 25350.715, 101976.31, 0.0000000, 0.0000000, 0.0000000, 0.0000000, 0.0000000
0.13316175, 2.2860312, 0.16035047, 0.68618214, 0.56159621, 0.39175808, 4.7351241, 64.793968, 62.236229, 0.36262794E-3, 2.1793811, 0.59587069E-1, 0.25007275E-2, 2.5052261, 14029.503, 25351.270, 102093.22, 0.0000000, 0.0000000, 0.0000000, 0.0000000, 0.0000000
0.13318074, 2.2860332, 0.16036135, 0.68617636, 0.56160671, 0.39176217, 4.7350802, 64.793808, 62.236229, 0.27655505E-3, 2.1792481, 0.59586894E-1, 0.25006852E-2, 2.5053210, 14030.062, 25352.164, 102210.30, 0.0000000, 0.0000000, 0.0000000, 0.0000000, 0.0000000
0.13315769, 2.2860267, 0.16034548, 0.68616009, 0.56158370, 0.39174977, 4.7350254, 64.793648, 62.236229, 0.34381097E-3, 2.1792934, 0.59586786E-1, 0.25008873E-2, 2.5051820, 14030.486, 25352.795, 102328.62, 0.0000000, 0.0000000, 0.0000000, 0.0000000, 0.0000000
0.13316330, 2.2860358, 0.16036735, 0.68617535, 0.56159908, 0.39175659, 4.7349854, 64.793465, 62.236229, 0.27537832E-3, 2.1792889, 0.59586700E-1, 0.25009627E-2, 2.5053461, 14030.992, 25353.621, 102444.73, 0.0000000, 0.0000000, 0.0000000, 0.0000000, 0.0000000
0.13320723, 2.2860365, 0.16037245, 0.68618160, 0.56160516, 0.39176196, 4.7349749, 64.793282, 62.236229, 0.28180727E-3, 2.1792541, 0.59586614E-1, 0.25010463E-2, 2.5052946, 14031.460, 25354.328, 102561.37, 0.0000000, 0.0000000, 0.0000000, 0.0000000, 0.0000000
0.13316326, 2.2860465, 0.16035935, 0.68617880, 0.56159538, 0.39175656, 4.7349839, 64.793121, 62.236229, 0.30534499E-3, 2.1792636, 0.59586555E-1, 0.25011299E-2, 2.5052347, 14031.850, 25354.975, 102678.12, 0.0000000, 0.0000000, 0.0000000, 0.0000000, 0.0000000
0.13316417, 2.2860518, 0.16035461, 0.68618143, 0.56159616, 0.39175695, 4.7349710, 64.792961, 62.236229, 0.29432893E-3, 2.1793058, 0.59586480E-1, 0.25012789E-2, 2.5052979, 14032.307, 25355.688, 102796.13, 0.0000000, 0.0000000, 0.0000000, 0.0000000, 0.0000000
0.13311429, 2.2859988, 0.16033547, 0.68609494, 0.56159532, 0.39175791, 4.7352285, 64.792877, 62.236229, 0.16808965E-3, 2.1786053, 0.59586331E-1, 0.25006977E-2, 2.5049551, 14032.753, 25356.357, 102912.10, 0.0000000, 0.0000000, 0.0000000, 0.0000000, 0.0000000
0.13313818, 2.2859304, 0.16034444, 0.68603611, 0.56156975, 0.39174002, 4.7350302, 64.792725, 62.236229, 0.32399979E-3, 2.1789293, 0.59586287E-1, 0.25007327E-2, 2.5048778, 14033.193, 25357.053, 103028.06, 0.0000000, 0.0000000, 0.0000000, 0.0000000, 0.0000000
0.13317561, 2.2858982, 0.16035728, 0.68605798, 0.56158304, 0.39174777, 4.7350883, 64.792549, 62.236229, 0.19629544E-3, 2.1787751, 0.59585899E-1, 0.25009650E-2, 2.5050385, 14033.580, 25357.680, 103143.75, 0.0000000, 0.0000000, 0.0000000, 0.0000000, 0.0000000
0.13315761, 2.2859151, 0.16036364, 0.68614388, 0.56159228, 0.39174840, 4.7349892, 64.792366, 62.236229, 0.28069984E-3, 2.1793337, 0.59585832E-1, 0.25014828E-2, 2.5053470, 14033.866, 25358.156, 103260.14, 0.0000000, 0.0000000, 0.0000000, 0.0000000, 0.0000000
0.13315538, 2.2858858, 0.16034405, 0.68610245, 0.56160182, 0.39176202, 4.7352557, 64.792229, 62.236229, 0.14860394E-3, 2.1786656, 0.59585769E-1, 0.25011119E-2, 2.5050437, 14034.229, 25358.680, 103376.52, 0.0000000, 0.0000000, 0.0000000, 0.0000000, 0.0000000
0.13316140, 2.2858908, 0.16036505, 0.68614191, 0.56158924, 0.39174679, 4.7349429, 64.792000, 62.236229, 0.40793343E-3, 2.1795466, 0.59585694E-1, 0.25015613E-2, 2.5052276, 14034.618, 25359.297, 103493.23, 0.0000000, 0.0000000, 0.0000000, 0.0000000, 0.0000000
0.13317628, 2.2858763, 0.16035809, 0.68611842, 0.56160808, 0.39176434, 4.7352519, 64.791847, 62.236229, 0.10885322E-3, 2.1786695, 0.59585541E-1, 0.25012915E-2, 2.5051363, 14034.976, 25359.846, 103608.66, 0.0000000, 0.0000000, 0.0000000, 0.0000000, 0.0000000
0.13320450, 2.2858899, 0.16037011, 0.68615985, 0.56159395, 0.39175391, 4.7349906, 64.791641, 62.236229, 0.37339923E-3, 2.1795404, 0.59585471E-1, 0.25017986E-2, 2.5053027, 14035.320, 25360.463, 103724.20, 0.0000000, 0.0000000, 0.0000000, 0.0000000, 0.0000000
0.13315877, 2.2858794, 0.16035718, 0.68613565, 0.56160438, 0.39176080, 4.7351460, 64.791481, 62.236229, 0.20308846E-3, 2.1789150, 0.59585355E-1, 0.25015078E-2, 2.5051212, 14035.746, 25361.088, 103839.57, 0.0000000, 0.0000000, 0.0000000, 0.0000000, 0.0000000
0.13317132, 2.2858598, 0.16035639, 0.68611836, 0.56161100, 0.39176646, 4.7352972, 64.791351, 62.236229, 0.16044884E-3, 2.1788170, 0.59584726E-1, 0.25014461E-2, 2.5051427, 14036.048, 25361.527, 103954.43, 0.0000000, 0.0000000, 0.0000000, 0.0000000, 0.0000000
0.13321170, 2.2858889, 0.16037486, 0.68617827, 0.56160611, 0.39176288, 4.7350760, 64.791183, 62.236229, 0.31759436E-3, 2.1795697, 0.59584409E-1, 0.25020211E-2, 2.5054553, 14036.400, 25362.104, 104070.25, 0.0000000, 0.0000000, 0.0000000, 0.0000000, 0.0000000
0.13318992, 2.2859080, 0.16036835, 0.68620330, 0.56162572, 0.39177272, 4.7351608, 64.791023, 62.236229, 0.19022972E-3, 2.1792195, 0.59584178E-1, 0.25018810E-2, 2.5054331, 14036.731, 25362.635, 104184.95, 0.0000000, 0.0000000, 0.0000000, 0.0000000, 0.0000000
0.13319466, 2.2859216, 0.16037112, 0.68619400, 0.56161165, 0.39176616, 4.7350583, 64.790863, 62.236229, 0.30628688E-3, 2.1794057, 0.59584077E-1, 0.25020733E-2, 2.5053148, 14037.112, 25363.232, 104300.66, 0.0000000, 0.0000000, 0.0000000, 0.0000000, 0.0000000
0.13318811, 2.2859149, 0.16036515, 0.68615627, 0.56159866, 0.39175937, 4.7350421, 64.790695, 62.236229, 0.29049974E-3, 2.1791844, 0.59584014E-1, 0.25020756E-2, 2.5051410, 14037.574, 25363.953, 104415.30, 0.0000000, 0.0000000, 0.0000000, 0.0000000, 0.0000000
0.13318816, 2.2859335, 0.16036564, 0.68618155, 0.56160688, 0.39176324, 4.7350221, 64.790535, 62.236229, 0.23284019E-3, 2.1793153, 0.59583824E-1, 0.25022314E-2, 2.5054045, 14037.935, 25364.508, 104531.16, 0.0000000, 0.0000000, 0.0000000, 0.0000000, 0.0000000
0.13316174, 2.2859473, 0.16035895, 0.68618006, 0.56159580, 0.39175561, 4.7349658, 64.790375, 62.236229, 0.30379137E-3, 2.1793659, 0.59583724E-1, 0.25022756E-2, 2.5052676, 14038.327, 25365.119, 104645.78, 0.0000000, 0.0000000, 0.0000000, 0.0000000, 0.0000000
0.13318360, 2.2859576, 0.16036440, 0.68618578, 0.56161308, 0.39176464, 4.7349887, 64.790169, 62.236229, 0.21332757E-3, 2.1792307, 0.59583630E-1, 0.25022163E-2, 2.5053678, 14038.771, 25365.816, 104760.29, 0.0000000, 0.0000000, 0.0000000, 0.0000000, 0.0000000
0.13320968, 2.2859626, 0.16037528, 0.68619144, 0.56160802, 0.39176464, 4.7349277, 64.789986, 62.236229, 0.27808378E-3, 2.1793709, 0.59583556E-1, 0.25024861E-2, 2.5053313, 14039.146, 25366.441, 104874.88, 0.0000000, 0.0000000, 0.0000000, 0.0000000, 0.0000000
0.13315272, 2.2859428, 0.16035494, 0.68614441, 0.56162775, 0.39177841, 4.7353172, 64.789932, 62.236229, 0.50409537E-4, 2.1785772, 0.59583504E-1, 0.25019862E-2, 2.5051463, 14039.385, 25366.824, 104989.09, 0.0000000, 0.0000000, 0.0000000, 0.0000000, 0.0000000
0.13314107, 2.2859008, 0.16034682, 0.68609130, 0.56159967, 0.39176032, 4.7352347, 64.789856, 62.236229, 0.24086094E-3, 2.1789553, 0.59583485E-1, 0.25019590E-2, 2.5050418, 14039.626, 25367.184, 105103.20, 0.0000000, 0.0000000, 0.0000000, 0.0000000, 0.0000000
0.13317613, 2.2858856, 0.16035888, 0.68610883, 0.56159002, 0.39175174, 4.7350254, 64.789680, 62.236229, 0.29153167E-3, 2.1792650, 0.59583429E-1, 0.25023338E-2, 2.5051985, 14040.021, 25367.803, 105217.23, 0.0000000, 0.0000000, 0.0000000, 0.0000000, 0.0000000
0.13319594, 2.2858999, 0.16036421, 0.68614930, 0.56158590, 0.39174962, 4.7349000, 64.789436, 62.236229, 0.29890647E-3, 2.1794014, 0.59583224E-1, 0.25026586E-2, 2.5052960, 14040.368, 25368.326, 105330.97, 0.0000000, 0.0000000, 0.0000000, 0.0000000, 0.0000000
0.13318764, 2.2859225, 0.16036500, 0.68617505, 0.56160575, 0.39176023, 4.7349467, 64.789215, 62.236229, 0.21786986E-3, 2.1792221, 0.59583046E-1, 0.25026929E-2, 2.5053220, 14040.776, 25369.002, 105444.63, 0.0000000, 0.0000000, 0.0000000, 0.0000000, 0.0000000
0.13315693, 2.2859368, 0.16034518, 0.68616611, 0.56158733, 0.39175034, 4.7349248, 64.789017, 62.236229, 0.30303202E-3, 2.1793449, 0.59582748E-1, 0.25027946E-2, 2.5052176, 14041.120, 25369.533, 105558.44, 0.0000000, 0.0000000, 0.0000000, 0.0000000, 0.0000000
0.13321346, 2.2859678, 0.16037577, 0.68620229, 0.56161505, 0.39176890, 4.7349324, 64.788803, 62.236229, 0.19481525E-3, 2.1793652, 0.59582561E-1, 0.25029422E-2, 2.5055075, 14041.568, 25370.215, 105670.82, 0.0000000, 0.0000000, 0.0000000, 0.0000000, 0.0000000
0.13320747, 2.2859848, 0.16037245, 0.68619943, 0.56160992, 0.39176661, 4.7349477, 64.788643, 62.236229, 0.24336830E-3, 2.1793141, 0.59582293E-1, 0.25029941E-2, 2.5053332, 14041.885, 25370.699, 105784.50, 0.0000000, 0.0000000, 0.0000000, 0.0000000, 0.0000000
0.13318509, 2.2859879, 0.16036588, 0.68619162, 0.56161404, 0.39176702, 4.7349682, 64.788483, 62.236229, 0.22489371E-3, 2.1792247, 0.59582211E-1, 0.25029015E-2, 2.5052922, 14042.258, 25371.318, 105897.09, 0.0000000, 0.0000000, 0.0000000, 0.0000000, 0.0000000
0.13316049, 2.2859900, 0.16036636, 0.68618739, 0.56160879, 0.39176255, 4.7349367, 64.788322, 62.236229, 0.26041135E-3, 2.1792905, 0.59582122E-1, 0.25030095E-2, 2.5052605, 14042.676, 25372.004, 106009.94, 0.0000000, 0.0000000, 0.0000000, 0.0000000, 0.0000000
0.13321027, 2.2859995, 0.16037126, 0.68618828, 0.56160378, 0.39176226, 4.7348552, 64.788132, 62.236229, 0.26599981E-3, 2.1794050, 0.59582002E-1, 0.25032104E-2, 2.5053501, 14043.100, 25372.639, 106123.43, 0.0000000, 0.0000000, 0.0000000, 0.0000000, 0.0000000
0.13316326, 2.2859979, 0.16035001, 0.68615603, 0.56158268, 0.39174947, 4.7348490, 64.787971, 62.236229, 0.27827162E-3, 2.1792595, 0.59581779E-1, 0.25032321E-2, 2.5051734, 14043.458, 25373.176, 106236.36, 0.0000000, 0.0000000, 0.0000000, 0.0000000, 0.0000000
0.13321291, 2.2860041, 0.16037439, 0.68617719, 0.56160271, 0.39176062, 4.7348042, 64.787743, 62.236229, 0.24011145E-3, 2.1793211, 0.59581671E-1, 0.25032924E-2, 2.5053227, 14043.961, 25373.992, 106349.48, 0.0000000, 0.0000000, 0.0000000, 0.0000000, 0.0000000
0.13315639, 2.2860062, 0.16036209, 0.68617284, 0.56160438, 0.39175954, 4.7349143, 64.787590, 62.236229, 0.18284055E-3, 2.1791060, 0.59581608E-1, 0.25032314E-2, 2.5052602, 14044.247, 25374.443, 106462.05, 0.0000000, 0.0000000, 0.0000000, 0.0000000, 0.0000000
0.13314833, 2.2859995, 0.16035855, 0.68616527, 0.56160039, 0.39175528, 4.7348557, 64.787399, 62.236229, 0.26039494E-3, 2.1792579, 0.59581406E-1, 0.25032777E-2, 2.5052080, 14044.652, 25375.092, 106574.78, 0.0000000, 0.0000000, 0.0000000, 0.0000000, 0.0000000
0.13318864, 2.2860007, 0.16036522, 0.68617624, 0.56161112, 0.39176318, 4.7348619, 64.787209, 62.236229, 0.18297983E-3, 2.1792114, 0.59581302E-1, 0.25033392E-2, 2.5053563, 14044.976, 25375.578, 106686.48, 0.0000000, 0.0000000, 0.0000000, 0.0000000, 0.0000000
0.13315901, 2.2860131, 0.16036536, 0.68619126, 0.56160873, 0.39176261, 4.7348714, 64.787056, 62.236229, 0.20560385E-3, 2.1792822, 0.59581216E-1, 0.25034889E-2, 2.5053620, 14045.205, 25375.941, 106797.82, 0.0000000, 0.0000000, 0.0000000, 0.0000000, 0.0000000
0.13319850, 2.2860143, 0.16037342, 0.68618542, 0.56160736, 0.39176330, 4.7347898, 64.786865, 62.236229, 0.25834920E-3, 2.1793396, 0.59581142E-1, 0.25035981E-2, 2.5052822, 14045.631, 25376.586, 106910.80, 0.0000000, 0.0000000, 0.0000000, 0.0000000, 0.0000000
0.13316971, 2.2860184, 0.16035201, 0.68617457, 0.56159824, 0.39175886, 4.7348256, 64.786705, 62.236229, 0.24329183E-3, 2.1792204, 0.59581064E-1, 0.25036596E-2, 2.5051937, 14045.996, 25377.166, 107023.34, 0.0000000, 0.0000000, 0.0000000, 0.0000000, 0.0000000
0.13320164, 2.2860198, 0.16036829, 0.68617898, 0.56159818, 0.39175919, 4.7347364, 64.786537, 62.236229, 0.24328029E-3, 2.1793711, 0.59580904E-1, 0.25037522E-2, 2.5053432, 14046.410, 25377.859, 107135.27, 0.0000000, 0.0000000, 0.0000000, 0.0000000, 0.0000000
0.13320057, 2.2860281, 0.16036899, 0.68618262, 0.56160432, 0.39176226, 4.7347527, 64.786362, 62.236229, 0.21599133E-3, 2.1792452, 0.59580687E-1, 0.25038079E-2, 2.5052805, 14046.789, 25378.447, 107246.12, 0.0000000, 0.0000000, 0.0000000, 0.0000000, 0.0000000
0.13315773, 2.2860274, 0.16035210, 0.68617713, 0.56160069, 0.39175865, 4.7347836, 64.786209, 62.236229, 0.21944293E-3, 2.1792009, 0.59580430E-1, 0.25038300E-2, 2.5052238, 14047.116, 25378.928, 107357.19, 0.0000000, 0.0000000, 0.0000000, 0.0000000, 0.0000000
0.13317811, 2.2859933, 0.16035911, 0.68613142, 0.56161648, 0.39177191, 4.7350202, 64.786079, 62.236229, 0.69471018E-4, 2.1787262, 0.59580382E-1, 0.25034836E-2, 2.5051577, 14047.418, 25379.422, 107469.40, 0.0000000, 0.0000000, 0.0000000, 0.0000000, 0.0000000
0.13319220, 2.2859797, 0.16036624, 0.68614167, 0.56162721, 0.39177889, 4.7351289, 64.786018, 62.236229, 0.82982937E-4, 2.1788473, 0.59580345E-1, 0.25035942E-2, 2.5052378, 14047.538, 25379.570, 107581.12, 0.0000000, 0.0000000, 0.0000000, 0.0000000, 0.0000000
0.13318945, 2.2860012, 0.16036683, 0.68618959, 0.56162381, 0.39177203, 4.7349467, 64.785881, 62.236229, 0.21484982E-3, 2.1794329, 0.59580319E-1, 0.25038430E-2, 2.5054581, 14047.771, 25379.939, 107691.63, 0.0000000, 0.0000000, 0.0000000, 0.0000000, 0.0000000
0.13322221, 2.2860270, 0.16038060, 0.68622518, 0.56163019, 0.39177948, 4.7348948, 64.785728, 62.236229, 0.16961043E-3, 2.1794407, 0.59580244E-1, 0.25041217E-2, 2.5055714, 14048.057, 25380.461, 107802.37, 0.0000000, 0.0000000, 0.0000000, 0.0000000, 0.0000000
0.13318135, 2.2860200, 0.16036129, 0.68617636, 0.56162322, 0.39177680, 4.7350073, 64.785614, 62.236229, 0.13959657E-3, 2.1789970, 0.59580147E-1, 0.25038049E-2, 2.5052288, 14048.312, 25380.848, 107914.32, 0.0000000, 0.0000000, 0.0000000, 0.0000000, 0.0000000
0.13316378, 2.2860208, 0.16036110, 0.68617111, 0.56159341, 0.39175606, 4.7347584, 64.785461, 62.236229, 0.32386280E-3, 2.1794970, 0.59580069E-1, 0.25041210E-2, 2.5052361, 14048.630, 25381.303, 108025.66, 0.0000000, 0.0000000, 0.0000000, 0.0000000, 0.0000000
0.13316295, 2.2860115, 0.16035001, 0.68615359, 0.56158108, 0.39174578, 4.7346573, 64.785233, 62.236229, 0.32996436E-3, 2.1793890, 0.59579954E-1, 0.25042573E-2, 2.5051079, 14049.161, 25382.145, 108135.92, 0.0000000, 0.0000000, 0.0000000, 0.0000000, 0.0000000
0.13313985, 2.2859693, 0.16034850, 0.68609881, 0.56159920, 0.39175907, 4.7349577, 64.785080, 62.236229, 0.60867256E-4, 2.1786127, 0.59579335E-1, 0.25037501E-2, 2.5050466, 14049.476, 25382.652, 108246.48, 0.0000000, 0.0000000, 0.0000000, 0.0000000, 0.0000000
0.13316116, 2.2859452, 0.16035739, 0.68609047, 0.56156641, 0.39173746, 4.7346864, 64.784889, 62.236229, 0.32252414E-3, 2.1792984, 0.59579037E-1, 0.25041748E-2, 2.5050426, 14049.759, 25383.098, 108357.38, 0.0000000, 0.0000000, 0.0000000, 0.0000000, 0.0000000
0.13316786, 2.2859459, 0.16035269, 0.68612319, 0.56157035, 0.39173746, 4.7346120, 64.784645, 62.236229, 0.28183640E-3, 2.1793282, 0.59578694E-1, 0.25044126E-2, 2.5051575, 14050.180, 25383.768, 108467.40, 0.0000000, 0.0000000, 0.0000000, 0.0000000, 0.0000000
0.13318923, 2.2859485, 0.16036925, 0.68615657, 0.56159461, 0.39175186, 4.7346382, 64.784393, 62.236229, 0.19338564E-3, 2.1792262, 0.59578594E-1, 0.25044454E-2, 2.5052772, 14050.604, 25384.396, 108577.62, 0.0000000, 0.0000000, 0.0000000, 0.0000000, 0.0000000
0.13311785, 2.2859101, 0.16033900, 0.68609548, 0.56159443, 0.39175552, 4.7349901, 64.784256, 62.236229, 0.81388207E-4, 2.1785662, 0.59578352E-1, 0.25039657E-2, 2.5049353, 14050.752, 25384.625, 108688.28, 0.0000000, 0.0000000, 0.0000000, 0.0000000, 0.0000000
0.13316648, 2.2859116, 0.16035101, 0.68612576, 0.56157267, 0.39173946, 4.7346539, 64.784019, 62.236229, 0.36230835E-3, 2.1796029, 0.59578277E-1, 0.25046105E-2, 2.5052147, 14051.041, 25385.107, 108797.92, 0.0000000, 0.0000000, 0.0000000, 0.0000000, 0.0000000
0.13321523, 2.2859342, 0.16037613, 0.68617868, 0.56160128, 0.39175889, 4.7346907, 64.783775, 62.236229, 0.15478158E-3, 2.1793113, 0.59578165E-1, 0.25047127E-2, 2.5054452, 14051.456, 25385.729, 108907.99, 0.0000000, 0.0000000, 0.0000000, 0.0000000, 0.0000000
0.13319351, 2.2859464, 0.16037066, 0.68618083, 0.56160188, 0.39176029, 4.7347322, 64.783562, 62.236229, 0.19026190E-3, 2.1792493, 0.59578072E-1, 0.25046985E-2, 2.5053008, 14051.725, 25386.193, 109018.34, 0.0000000, 0.0000000, 0.0000000, 0.0000000, 0.0000000
0.13321374, 2.2859843, 0.16037588, 0.68621701, 0.56162590, 0.39177680, 4.7348394, 64.783379, 62.236229, 0.10895496E-3, 2.1792617, 0.59577987E-1, 0.25048191E-2, 2.5055094, 14052.005, 25386.605, 109126.48, 0.0000000, 0.0000000, 0.0000000, 0.0000000, 0.0000000
0.13319239, 2.2859998, 0.16036832, 0.68620515, 0.56162810, 0.39177686, 4.7348952, 64.783241, 62.236229, 0.11966536E-3, 2.1791911, 0.59577800E-1, 0.25046503E-2, 2.5054145, 14052.185, 25386.906, 109237.41, 0.0000000, 0.0000000, 0.0000000, 0.0000000, 0.0000000
0.13322009, 2.2860193, 0.16037832, 0.68622637, 0.56163037, 0.39178151, 4.7348633, 64.783089, 62.236229, 0.15121281E-3, 2.1793983, 0.59577722E-1, 0.25049008E-2, 2.5055306, 14052.416, 25387.277, 109346.12, 0.0000000, 0.0000000, 0.0000000, 0.0000000, 0.0000000
0.13319492, 2.2860260, 0.16036455, 0.68619174, 0.56160563, 0.39176679, 4.7347746, 64.782951, 62.236229, 0.22483293E-3, 2.1793635, 0.59577618E-1, 0.25048726E-2, 2.5053105, 14052.683, 25387.688, 109455.73, 0.0000000, 0.0000000, 0.0000000, 0.0000000, 0.0000000
0.13318625, 2.2860293, 0.16036676, 0.68618971, 0.56161028, 0.39176562, 4.7347383, 64.782776, 62.236229, 0.19622677E-3, 2.1792948, 0.59577391E-1, 0.25049024E-2, 2.5053151, 14053.095, 25388.330, 109564.36, 0.0000000, 0.0000000, 0.0000000, 0.0000000, 0.0000000
0.13316146, 2.2860351, 0.16035084, 0.68617815, 0.56159395, 0.39175579, 4.7346978, 64.782616, 62.236229, 0.24903874E-3, 2.1793582, 0.59577201E-1, 0.25050640E-2, 2.5052316, 14053.422, 25388.832, 109673.38, 0.0000000, 0.0000000, 0.0000000, 0.0000000, 0.0000000
0.13317482, 2.2860057, 0.16036019, 0.68613160, 0.56161630, 0.39177182, 4.7349625, 64.782486, 62.236229, 0.41813953E-4, 2.1787014, 0.59577040E-1, 0.25045921E-2, 2.5051346, 14053.729, 25389.375, 109783.21, 0.0000000, 0.0000000, 0.0000000, 0.0000000, 0.0000000
0.13319765, 2.2860079, 0.16036376, 0.68614858, 0.56158543, 0.39175153, 4.7346454, 64.782295, 62.236229, 0.32201223E-3, 2.1795495, 0.59576847E-1, 0.25050931E-2, 2.5052340, 14053.955, 25389.688, 109890.77, 0.0000000, 0.0000000, 0.0000000, 0.0000000, 0.0000000
0.13319740, 2.2860112, 0.16037221, 0.68617302, 0.56161094, 0.39176229, 4.7346764, 64.782082, 62.236229, 0.15625887E-3, 2.1791849, 0.59576731E-1, 0.25050079E-2, 2.5052929, 14054.377, 25390.340, 110000.54, 0.0000000, 0.0000000, 0.0000000, 0.0000000, 0.0000000
0.13316172, 2.2860286, 0.16035885, 0.68617922, 0.56160003, 0.39175946, 4.7347302, 64.781929, 62.236229, 0.15959042E-3, 2.1792397, 0.59576645E-1, 0.25051900E-2, 2.5053301, 14054.540, 25390.590, 110107.80, 0.0000000, 0.0000000, 0.0000000, 0.0000000, 0.0000000
0.13319828, 2.2860289, 0.16036515, 0.68617308, 0.56159544, 0.39175740, 4.7346191, 64.781708, 62.236229, 0.23991709E-3, 2.1793911, 0.59576504E-1, 0.25052673E-2, 2.5052757, 14054.929, 25391.199, 110217.43, 0.0000000, 0.0000000, 0.0000000, 0.0000000, 0.0000000
0.13318391, 2.2860193, 0.16036172, 0.68615365, 0.56161010, 0.39176613, 4.7347808, 64.781540, 62.236229, 0.89420864E-4, 2.1789308, 0.59576243E-1, 0.25050235E-2, 2.5052125, 14055.170, 25391.596, 110324.56, 0.0000000, 0.0000000, 0.0000000, 0.0000000, 0.0000000
0.13311601, 2.2859740, 0.16033928, 0.68610108, 0.56160152, 0.39176127, 4.7349720, 64.781448, 62.236229, 0.10049352E-3, 2.1787138, 0.59576206E-1, 0.25047909E-2, 2.5049798, 14055.331, 25391.867, 110433.94, 0.0000000, 0.0000000, 0.0000000, 0.0000000, 0.0000000
0.13320898, 2.2859797, 0.16037191, 0.68614531, 0.56159115, 0.39175308, 4.7346067, 64.781227, 62.236229, 0.29042049E-3, 2.1796050, 0.59576161E-1, 0.25053816E-2, 2.5053542, 14055.652, 25392.344, 110541.07, 0.0000000, 0.0000000, 0.0000000, 0.0000000, 0.0000000
0.13317522, 2.2859654, 0.16035786, 0.68613541, 0.56160325, 0.39176121, 4.7347751, 64.781052, 62.236229, 0.10154232E-3, 2.1789148, 0.59575923E-1, 0.25051462E-2, 2.5051556, 14055.912, 25392.770, 110649.06, 0.0000000, 0.0000000, 0.0000000, 0.0000000, 0.0000000
0.13319315, 2.2859797, 0.16036892, 0.68617356, 0.56160319, 0.39176071, 4.7346721, 64.780823, 62.236229, 0.18978889E-3, 2.1794093, 0.59575841E-1, 0.25054913E-2, 2.5054069, 14056.141, 25393.092, 110757.47, 0.0000000, 0.0000000, 0.0000000, 0.0000000, 0.0000000
0.13317774, 2.2860024, 0.16036046, 0.68619704, 0.56161195, 0.39176780, 4.7347441, 64.780640, 62.236229, 0.14090486E-3, 2.1792808, 0.59575722E-1, 0.25055979E-2, 2.5053945, 14056.360, 25393.461, 110865.21, 0.0000000, 0.0000000, 0.0000000, 0.0000000, 0.0000000
0.13320100, 2.2860065, 0.16037057, 0.68618602, 0.56160241, 0.39176106, 4.7346215, 64.780418, 62.236229, 0.25341468E-3, 2.1794412, 0.59575647E-1, 0.25056307E-2, 2.5052693, 14056.722, 25394.037, 110973.31, 0.0000000, 0.0000000, 0.0000000, 0.0000000, 0.0000000
0.13319683, 2.2860236, 0.16037194, 0.68620056, 0.56161487, 0.39176953, 4.7347016, 64.780243, 62.236229, 0.11827896E-3, 2.1792459, 0.59575494E-1, 0.25056535E-2, 2.5054128, 14057.020, 25394.484, 111080.02, 0.0000000, 0.0000000, 0.0000000, 0.0000000, 0.0000000
0.13320060, 2.2860250, 0.16036682, 0.68618464, 0.56160086, 0.39176112, 4.7346148, 64.780037, 62.236229, 0.24229421E-3, 2.1793983, 0.59575241E-1, 0.25057506E-2, 2.5052474, 14057.354, 25395.047, 111188.64, 0.0000000, 0.0000000, 0.0000000, 0.0000000, 0.0000000
0.13315830, 2.2860358, 0.16034724, 0.68617260, 0.56158847, 0.39175361, 4.7346201, 64.779846, 62.236229, 0.20253372E-3, 2.1793272, 0.59574988E-1, 0.25057823E-2, 2.5052705, 14057.646, 25395.467, 111294.74, 0.0000000, 0.0000000, 0.0000000, 0.0000000, 0.0000000
0.13316584, 2.2860293, 0.16035305, 0.68616265, 0.56158412, 0.39174861, 4.7345295, 64.779617, 62.236229, 0.26058176E-3, 2.1794081, 0.59574913E-1, 0.25058768E-2, 2.5051985, 14057.999, 25396.039, 111402.12, 0.0000000, 0.0000000, 0.0000000, 0.0000000, 0.0000000
0.13317618, 2.2860012, 0.16035745, 0.68612605, 0.56161231, 0.39176852, 4.7348733, 64.779472, 62.236229, -0.20406151E-5, 2.1786299, 0.59574813E-1, 0.25054140E-2, 2.5051243, 14058.260, 25396.447, 111510.06, 0.0000000, 0.0000000, 0.0000000, 0.0000000, 0.0000000
0.13319041, 2.2860079, 0.16036795, 0.68617213, 0.56160527, 0.39176244, 4.7347012, 64.779320, 62.236229, 0.19674163E-3, 2.1794610, 0.59574727E-1, 0.25058985E-2, 2.5054128, 14058.405, 25396.660, 111615.92, 0.0000000, 0.0000000, 0.0000000, 0.0000000, 0.0000000
0.13317309, 2.2859883, 0.16035794, 0.68614554, 0.56162155, 0.39177454, 4.7349944, 64.779221, 62.236229, 0.22292807E-4, 2.1787052, 0.59574641E-1, 0.25055732E-2, 2.5051291, 14058.603, 25396.992, 111723.92, 0.0000000, 0.0000000, 0.0000000, 0.0000000, 0.0000000
0.13315910, 2.2859833, 0.16034572, 0.68613482, 0.56157237, 0.39174196, 4.7346091, 64.779030, 62.236229, 0.38197415E-3, 2.1796298, 0.59574578E-1, 0.25059616E-2, 2.5051033, 14058.940, 25397.541, 111830.24, 0.0000000, 0.0000000, 0.0000000, 0.0000000, 0.0000000
0.13315120, 2.2859740, 0.16036107, 0.68614948, 0.56158775, 0.39174521, 4.7345376, 64.778763, 62.236229, 0.22967972E-3, 2.1793137, 0.59573919E-1, 0.25060135E-2, 2.5051730, 14059.480, 25398.387, 111936.17, 0.0000000, 0.0000000, 0.0000000, 0.0000000, 0.0000000
0.13315575, 2.2859757, 0.16036052, 0.68615913, 0.56159830, 0.39175296, 4.7345982, 64.778534, 62.236229, 0.14305413E-3, 2.1791699, 0.59573509E-1, 0.25059746E-2, 2.5052512, 14059.727, 25398.736, 112044.16, 0.0000000, 0.0000000, 0.0000000, 0.0000000, 0.0000000
0.13319935, 2.2859814, 0.16036350, 0.68616325, 0.56159067, 0.39175284, 4.7345304, 64.778305, 62.236229, 0.20064323E-3, 2.1793597, 0.59573233E-1, 0.25061532E-2, 2.5052884, 14060.013, 25399.180, 112149.99, 0.0000000, 0.0000000, 0.0000000, 0.0000000, 0.0000000
0.13321339, 2.2859926, 0.16037650, 0.68618828, 0.56160820, 0.39176455, 4.7345662, 64.778076, 62.236229, 0.14152125E-3, 2.1792891, 0.59573147E-1, 0.25062989E-2, 2.5053563, 14060.363, 25399.719, 112255.73, 0.0000000, 0.0000000, 0.0000000, 0.0000000, 0.0000000
0.13316102, 2.2859933, 0.16036588, 0.68617296, 0.56159943, 0.39175582, 4.7345538, 64.777870, 62.236229, 0.22844033E-3, 2.1792557, 0.59572909E-1, 0.25062598E-2, 2.5051043, 14060.669, 25400.232, 112363.34, 0.0000000, 0.0000000, 0.0000000, 0.0000000, 0.0000000
0.13316149, 2.2859793, 0.16036567, 0.68614638, 0.56159902, 0.39175647, 4.7346101, 64.777687, 62.236229, 0.16420227E-3, 2.1790676, 0.59572786E-1, 0.25061946E-2, 2.5050881, 14061.000, 25400.779, 112469.06, 0.0000000, 0.0000000, 0.0000000, 0.0000000, 0.0000000
0.13310654, 2.2859273, 0.16033205, 0.68607843, 0.56158739, 0.39175156, 4.7348213, 64.777557, 62.236229, 0.83457649E-4, 2.1786726, 0.59572734E-1, 0.25057974E-2, 2.5049183, 14061.157, 25401.029, 112574.14, 0.0000000, 0.0000000, 0.0000000, 0.0000000, 0.0000000
0.13310242, 2.2858486, 0.16032793, 0.68600708, 0.56155109, 0.39172867, 4.7346058, 64.777382, 62.236229, 0.25717425E-3, 2.1789179, 0.59572674E-1, 0.25057592E-2, 2.5047240, 14061.472, 25401.482, 112679.66, 0.0000000, 0.0000000, 0.0000000, 0.0000000, 0.0000000
0.13317166, 2.2858412, 0.16035351, 0.68607736, 0.56154972, 0.39172208, 4.7342839, 64.777039, 62.236229, 0.31517615E-3, 2.1795232, 0.59572592E-1, 0.25065329E-2, 2.5051351, 14061.919, 25402.158, 112787.41, 0.0000000, 0.0000000, 0.0000000, 0.0000000, 0.0000000
0.13315983, 2.2858562, 0.16036354, 0.68613905, 0.56157947, 0.39174011, 4.7344060, 64.776749, 62.236229, 0.11289140E-3, 2.1791618, 0.59572320E-1, 0.25065374E-2, 2.5052900, 14062.147, 25402.527, 112892.23, 0.0000000, 0.0000000, 0.0000000, 0.0000000, 0.0000000
0.13315718, 2.2858715, 0.16036305, 0.68616045, 0.56159180, 0.39174882, 4.7344594, 64.776520, 62.236229, 0.13492482E-3, 2.1792197, 0.59572108E-1, 0.25065686E-2, 2.5052898, 14062.324, 25402.820, 112997.59, 0.0000000, 0.0000000, 0.0000000, 0.0000000, 0.0000000
0.13318481, 2.2858813, 0.16036363, 0.68617278, 0.56160676, 0.39175949, 4.7345057, 64.776291, 62.236229, 0.10532067E-3, 2.1791975, 0.59571791E-1, 0.25064510E-2, 2.5053425, 14062.532, 25403.162, 113103.11, 0.0000000, 0.0000000, 0.0000000, 0.0000000, 0.0000000
0.13319604, 2.2859120, 0.16037095, 0.68619603, 0.56161600, 0.39176857, 4.7345490, 64.776093, 62.236229, 0.94306131E-4, 2.1792877, 0.59571452E-1, 0.25066717E-2, 2.5054531, 14062.712, 25403.471, 113210.09, 0.0000000, 0.0000000, 0.0000000, 0.0000000, 0.0000000
0.13318068, 2.2859063, 0.16035987, 0.68615586, 0.56162816, 0.39177924, 4.7348518, 64.776001, 62.236229, -0.32726966E-5, 2.1787169, 0.59571367E-1, 0.25063306E-2, 2.5051603, 14062.844, 25403.676, 113314.45, 0.0000000, 0.0000000, 0.0000000, 0.0000000, 0.0000000
0.13316168, 2.2859232, 0.16035065, 0.68617082, 0.56159395, 0.39175573, 4.7345748, 64.775841, 62.236229, 0.28296560E-3, 2.1796005, 0.59571315E-1, 0.25067921E-2, 2.5052760, 14063.056, 25403.975, 113419.10, 0.0000000, 0.0000000, 0.0000000, 0.0000000, 0.0000000
0.13318837, 2.2859340, 0.16036548, 0.68617851, 0.56161118, 0.39176267, 4.7345343, 64.775620, 62.236229, 0.13351211E-3, 2.1792870, 0.59571218E-1, 0.25066277E-2, 2.5053511, 14063.432, 25404.527, 113523.96, 0.0000000, 0.0000000, 0.0000000, 0.0000000, 0.0000000
0.13319412, 2.2859497, 0.16036719, 0.68618894, 0.56160885, 0.39176488, 4.7345467, 64.775444, 62.236229, 0.11262718E-3, 2.1792984, 0.59571069E-1, 0.25068212E-2, 2.5054059, 14063.566, 25404.754, 113630.53, 0.0000000, 0.0000000, 0.0000000, 0.0000000, 0.0000000
0.13315536, 2.2859557, 0.16036335, 0.68617958, 0.56160426, 0.39175808, 4.7345028, 64.775230, 62.236229, 0.19071379E-3, 2.1793082, 0.59570845E-1, 0.25068133E-2, 2.5052183, 14063.846, 25405.215, 113735.38, 0.0000000, 0.0000000, 0.0000000, 0.0000000, 0.0000000
0.13321076, 2.2859728, 0.16037561, 0.68619341, 0.56160760, 0.39176434, 4.7344732, 64.775002, 62.236229, 0.13301574E-3, 2.1793671, 0.59570741E-1, 0.25069800E-2, 2.5054193, 14064.141, 25405.666, 113839.42, 0.0000000, 0.0000000, 0.0000000, 0.0000000, 0.0000000
0.13319114, 2.2859907, 0.16036944, 0.68620574, 0.56161970, 0.39177203, 4.7345824, 64.774849, 62.236229, 0.68116889E-4, 2.1792076, 0.59570543E-1, 0.25069627E-2, 2.5054212, 14064.343, 25405.975, 113943.48, 0.0000000, 0.0000000, 0.0000000, 0.0000000, 0.0000000
0.13321824, 2.2860243, 0.16037932, 0.68622708, 0.56163162, 0.39178130, 4.7346120, 64.774704, 62.236229, 0.70578375E-4, 2.1793275, 0.59570454E-1, 0.25070589E-2, 2.5055296, 14064.504, 25406.279, 114047.83, 0.0000000, 0.0000000, 0.0000000, 0.0000000, 0.0000000
0.13320187, 2.2860358, 0.16036735, 0.68620032, 0.56160903, 0.39176729, 4.7344990, 64.774559, 62.236229, 0.20725814E-3, 2.1794131, 0.59570398E-1, 0.25070927E-2, 2.5052674, 14064.777, 25406.658, 114151.71, 0.0000000, 0.0000000, 0.0000000, 0.0000000, 0.0000000
0.13319901, 2.2860425, 0.16036753, 0.68619019, 0.56160659, 0.39176470, 4.7344627, 64.774384, 62.236229, 0.16670067E-3, 2.1793134, 0.59570301E-1, 0.25070880E-2, 2.5052671, 14065.111, 25407.213, 114255.40, 0.0000000, 0.0000000, 0.0000000, 0.0000000, 0.0000000
0.13319848, 2.2860582, 0.16037044, 0.68620640, 0.56162065, 0.39177373, 4.7345381, 64.774239, 62.236229, 0.55073615E-4, 2.1792233, 0.59570242E-1, 0.25071392E-2, 2.5054574, 14065.313, 25407.523, 114361.41, 0.0000000, 0.0000000, 0.0000000, 0.0000000, 0.0000000
0.13316417, 2.2860718, 0.16036092, 0.68619043, 0.56160122, 0.39176193, 4.7344689, 64.774094, 62.236229, 0.16353854E-3, 2.1793697, 0.59570171E-1, 0.25071676E-2, 2.5053272, 14065.510, 25407.828, 114465.38, 0.0000000, 0.0000000, 0.0000000, 0.0000000, 0.0000000
0.13318020, 2.2860489, 0.16036248, 0.68615144, 0.56160855, 0.39176595, 4.7345300, 64.773926, 62.236229, 0.86718312E-4, 2.1790202, 0.59570018E-1, 0.25069020E-2, 2.5051928, 14065.781, 25408.256, 114569.07, 0.0000000, 0.0000000, 0.0000000, 0.0000000, 0.0000000
0.13316226, 2.2860441, 0.16036381, 0.68616378, 0.56159908, 0.39175576, 4.7344074, 64.773712, 62.236229, 0.20120484E-3, 2.1793518, 0.59569798E-1, 0.25071851E-2, 2.5052106, 14065.998, 25408.570, 114672.37, 0.0000000, 0.0000000, 0.0000000, 0.0000000, 0.0000000
0.13314855, 2.2860026, 0.16035227, 0.68611854, 0.56161404, 0.39176878, 4.7347283, 64.773598, 62.236229, -0.45515510E-4, 2.1785972, 0.59569526E-1, 0.25067441E-2, 2.5051129, 14066.141, 25408.777, 114775.51, 0.0000000, 0.0000000, 0.0000000, 0.0000000, 0.0000000
0.13315405, 2.2860010, 0.16036190, 0.68615198, 0.56159836, 0.39175481, 4.7344766, 64.773430, 62.236229, 0.20965426E-3, 2.1794450, 0.59569504E-1, 0.25071544E-2, 2.5052814, 14066.301, 25409.113, 114878.53, 0.0000000, 0.0000000, 0.0000000, 0.0000000, 0.0000000
0.13319917, 2.2860107, 0.16036728, 0.68617600, 0.56159925, 0.39175808, 4.7344108, 64.773201, 62.236229, 0.14633819E-3, 2.1793833, 0.59569437E-1, 0.25074081E-2, 2.5053673, 14066.538, 25409.471, 114981.77, 0.0000000, 0.0000000, 0.0000000, 0.0000000, 0.0000000
0.13318449, 2.2860231, 0.16036379, 0.68618792, 0.56160855, 0.39176482, 4.7344894, 64.773026, 62.236229, 0.76832395E-4, 2.1792190, 0.59569329E-1, 0.25073900E-2, 2.5053813, 14066.744, 25409.785, 115084.68, 0.0000000, 0.0000000, 0.0000000, 0.0000000, 0.0000000
0.13316338, 2.2860124, 0.16036798, 0.68617678, 0.56160277, 0.39175814, 4.7344027, 64.772804, 62.236229, 0.18876293E-3, 2.1793315, 0.59569180E-1, 0.25073725E-2, 2.5052075, 14067.031, 25410.209, 115187.48, 0.0000000, 0.0000000, 0.0000000, 0.0000000, 0.0000000
0.13316637, 2.2860122, 0.16035123, 0.68616760, 0.56158972, 0.39175245, 4.7343850, 64.772591, 62.236229, 0.16405139E-3, 2.1793146, 0.59569061E-1, 0.25075276E-2, 2.5052495, 14067.243, 25410.529, 115290.20, 0.0000000, 0.0000000, 0.0000000, 0.0000000, 0.0000000
0.13319387, 2.2860248, 0.16036962, 0.68618482, 0.56160569, 0.39176250, 4.7343836, 64.772369, 62.236229, 0.91391819E-4, 2.1792986, 0.59568405E-1, 0.25075246E-2, 2.5054176, 14067.525, 25410.965, 115392.88, 0.0000000, 0.0000000, 0.0000000, 0.0000000, 0.0000000
0.13319443, 2.2860482, 0.16036221, 0.68619239, 0.56160879, 0.39176765, 4.7344594, 64.772217, 62.236229, 0.57664016E-4, 2.1792302, 0.59567910E-1, 0.25075588E-2, 2.5054326, 14067.671, 25411.193, 115495.51, 0.0000000, 0.0000000, 0.0000000, 0.0000000, 0.0000000
0.13321355, 2.2860763, 0.16037758, 0.68622416, 0.56162846, 0.39177924, 4.7344718, 64.772057, 62.236229, 0.64843829E-4, 2.1793618, 0.59567802E-1, 0.25076491E-2, 2.5055382, 14067.819, 25411.436, 115597.92, 0.0000000, 0.0000000, 0.0000000, 0.0000000, 0.0000000
0.13317099, 2.2860775, 0.16035743, 0.68618900, 0.56159890, 0.39176112, 4.7343826, 64.771912, 62.236229, 0.21495177E-3, 2.1793737, 0.59567738E-1, 0.25076598E-2, 2.5051689, 14067.990, 25411.762, 115700.17, 0.0000000, 0.0000000, 0.0000000, 0.0000000, 0.0000000
0.13317299, 2.2860453, 0.16035800, 0.68614018, 0.56161845, 0.39177388, 4.7346487, 64.771805, 62.236229, -0.28222596E-4, 2.1786907, 0.59567694E-1, 0.25072044E-2, 2.5051377, 14068.205, 25412.082, 115802.56, 0.0000000, 0.0000000, 0.0000000, 0.0000000, 0.0000000
0.13319497, 2.2860456, 0.16036519, 0.68616021, 0.56159288, 0.39175564, 4.7343521, 64.771637, 62.236229, 0.23712302E-3, 2.1795499, 0.59567507E-1, 0.25076852E-2, 2.5052855, 14068.412, 25412.406, 115904.73, 0.0000000, 0.0000000, 0.0000000, 0.0000000, 0.0000000
0.13316782, 2.2860603, 0.16035601, 0.68618751, 0.56160557, 0.39176318, 4.7344275, 64.771454, 62.236229, 0.89507215E-4, 2.1792424, 0.59567399E-1, 0.25077972E-2, 2.5053477, 14068.676, 25412.795, 116006.91, 0.0000000, 0.0000000, 0.0000000, 0.0000000, 0.0000000
0.13311395, 2.2860122, 0.16033690, 0.68610162, 0.56159836, 0.39176029, 4.7346377, 64.771347, 62.236229, 0.28455746E-4, 2.1786754, 0.59567321E-1, 0.25071891E-2, 2.5049736, 14068.854, 25413.061, 116108.08, 0.0000000, 0.0000000, 0.0000000, 0.0000000, 0.0000000
0.13309945, 2.2859273, 0.16032395, 0.68601418, 0.56155419, 0.39173198, 4.7344155, 64.771194, 62.236229, 0.23050632E-3, 2.1789296, 0.59567265E-1, 0.25071593E-2, 2.5047143, 14069.135, 25413.494, 116207.98, 0.0000000, 0.0000000, 0.0000000, 0.0000000, 0.0000000
0.13313760, 2.2858582, 0.16034481, 0.68600333, 0.56155801, 0.39173052, 4.7343330, 64.771004, 62.236229, 0.11232794E-3, 2.1788130, 0.59567213E-1, 0.25072221E-2, 2.5048985, 14069.438, 25414.004, 116309.95, 0.0000000, 0.0000000, 0.0000000, 0.0000000, 0.0000000
0.13320711, 2.2858734, 0.16037101, 0.68610418, 0.56157023, 0.39173514, 4.7341275, 64.770691, 62.236229, 0.18761428E-3, 2.1794603, 0.59567116E-1, 0.25079458E-2, 2.5053101, 14069.654, 25414.336, 116411.55, 0.0000000, 0.0000000, 0.0000000, 0.0000000, 0.0000000
0.13318691, 2.2858913, 0.16036573, 0.68615919, 0.56159908, 0.39175379, 4.7343087, 64.770462, 62.236229, 0.39333521E-4, 2.1791208, 0.59566874E-1, 0.25078328E-2, 2.5053473, 14069.842, 25414.635, 116513.43, 0.0000000, 0.0000000, 0.0000000, 0.0000000, 0.0000000
0.13311335, 2.2858608, 0.16033670, 0.68610507, 0.56159961, 0.39175841, 4.7346187, 64.770332, 62.236229, 0.86775253E-5, 2.1786351, 0.59566721E-1, 0.25074093E-2, 2.5049698, 14069.869, 25414.672, 116614.73, 0.0000000, 0.0000000, 0.0000000, 0.0000000, 0.0000000
0.13316047, 2.2858596, 0.16034944, 0.68611699, 0.56156433, 0.39173383, 4.7341866, 64.770042, 62.236229, 0.35547119E-3, 2.1797130, 0.59566427E-1, 0.25080370E-2, 2.5051265, 14070.208, 25415.211, 116716.44, 0.0000000, 0.0000000, 0.0000000, 0.0000000, 0.0000000
0.13315746, 2.2858472, 0.16035767, 0.68610775, 0.56160778, 0.39176196, 4.7345738, 64.769859, 62.236229, -0.75702119E-4, 2.1785924, 0.59566215E-1, 0.25075329E-2, 2.5051355, 14070.438, 25415.566, 116817.87, 0.0000000, 0.0000000, 0.0000000, 0.0000000, 0.0000000
0.13316564, 2.2858670, 0.16035295, 0.68614697, 0.56158465, 0.39174697, 4.7343650, 64.769638, 62.236229, 0.22739716E-3, 2.1795349, 0.59565946E-1, 0.25081129E-2, 2.5052707, 14070.495, 25415.629, 116916.59, 0.0000000, 0.0000000, 0.0000000, 0.0000000, 0.0000000
0.13318735, 2.2858863, 0.16036724, 0.68617409, 0.56160015, 0.39175710, 4.7343683, 64.769409, 62.236229, 0.96122734E-4, 2.1793315, 0.59565824E-1, 0.25081036E-2, 2.5054009, 14070.763, 25416.074, 117018.02, 0.0000000, 0.0000000, 0.0000000, 0.0000000, 0.0000000
0.13317937, 2.2858720, 0.16036120, 0.68613839, 0.56161839, 0.39177230, 4.7346821, 64.769272, 62.236229, -0.50903327E-4, 2.1786845, 0.59565738E-1, 0.25076855E-2, 2.5051589, 14070.857, 25416.234, 117119.01, 0.0000000, 0.0000000, 0.0000000, 0.0000000, 0.0000000
0.13319407, 2.2858710, 0.16036661, 0.68614030, 0.56160665, 0.39176303, 4.7345328, 64.769104, 62.236229, 0.16593172E-3, 2.1792672, 0.59565615E-1, 0.25079197E-2, 2.5051715, 14071.010, 25416.457, 117219.82, 0.0000000, 0.0000000, 0.0000000, 0.0000000, 0.0000000
0.13315845, 2.2858849, 0.16035026, 0.68615252, 0.56158179, 0.39174622, 4.7343931, 64.768883, 62.236229, 0.22351992E-3, 2.1794474, 0.59565399E-1, 0.25082382E-2, 2.5051808, 14071.244, 25416.826, 117320.87, 0.0000000, 0.0000000, 0.0000000, 0.0000000, 0.0000000
0.13315786, 2.2858982, 0.16036369, 0.68616748, 0.56159586, 0.39175195, 4.7343569, 64.768646, 62.236229, 0.13066786E-3, 2.1793280, 0.59565291E-1, 0.25081953E-2, 2.5053031, 14071.561, 25417.320, 117421.12, 0.0000000, 0.0000000, 0.0000000, 0.0000000, 0.0000000
0.13314554, 2.2858636, 0.16034995, 0.68610251, 0.56160289, 0.39176059, 4.7346420, 64.768494, 62.236229, -0.31309057E-4, 2.1786523, 0.59565067E-1, 0.25076894E-2, 2.5050747, 14071.658, 25417.473, 117520.22, 0.0000000, 0.0000000, 0.0000000, 0.0000000, 0.0000000
0.13310802, 2.2858043, 0.16033179, 0.68603992, 0.56156713, 0.39173964, 4.7345295, 64.768326, 62.236229, 0.17569496E-3, 2.1789258, 0.59564997E-1, 0.25076743E-2, 2.5048156, 14071.793, 25417.695, 117620.81, 0.0000000, 0.0000000, 0.0000000, 0.0000000, 0.0000000
0.13309225, 2.2857368, 0.16032603, 0.68599492, 0.56154734, 0.39172325, 4.7344050, 64.768127, 62.236229, 0.17639420E-3, 2.1788533, 0.59564900E-1, 0.25076456E-2, 2.5047452, 14072.055, 25418.105, 117721.34, 0.0000000, 0.0000000, 0.0000000, 0.0000000, 0.0000000
0.13309191, 2.2856758, 0.16032453, 0.68597579, 0.56153786, 0.39171600, 4.7343411, 64.767906, 62.236229, 0.14704649E-3, 2.1787946, 0.59564803E-1, 0.25076682E-2, 2.5047622, 14072.262, 25418.463, 117821.99, 0.0000000, 0.0000000, 0.0000000, 0.0000000, 0.0000000
0.13317786, 2.2856760, 0.16035932, 0.68606603, 0.56158751, 0.39174584, 4.7344961, 64.767677, 62.236229, -0.34203375E-4, 2.1788211, 0.59564698E-1, 0.25080109E-2, 2.5052352, 14072.352, 25418.582, 117919.83, 0.0000000, 0.0000000, 0.0000000, 0.0000000, 0.0000000
0.13319473, 2.2856989, 0.16036174, 0.68612826, 0.56158030, 0.39174274, 4.7343168, 64.767395, 62.236229, 0.21131409E-3, 2.1794930, 0.59564512E-1, 0.25084042E-2, 2.5052462, 14072.504, 25418.809, 118020.10, 0.0000000, 0.0000000, 0.0000000, 0.0000000, 0.0000000
0.13318931, 2.2857351, 0.16036579, 0.68618613, 0.56161648, 0.39176369, 4.7344608, 64.767159, 62.236229, 0.11213997E-4, 2.1792018, 0.59564080E-1, 0.25083094E-2, 2.5054669, 14072.716, 25419.139, 118120.39, 0.0000000, 0.0000000, 0.0000000, 0.0000000, 0.0000000
0.13315041, 2.2857592, 0.16035998, 0.68618053, 0.56160194, 0.39175603, 4.7344174, 64.766930, 62.236229, 0.14052399E-3, 2.1793613, 0.59564002E-1, 0.25084100E-2, 2.5052958, 14072.779, 25419.242, 118217.70, 0.0000000, 0.0000000, 0.0000000, 0.0000000, 0.0000000
0.13321254, 2.2857842, 0.16037090, 0.68617982, 0.56160021, 0.39175802, 4.7343249, 64.766678, 62.236229, 0.14991846E-3, 2.1794500, 0.59563890E-1, 0.25085509E-2, 2.5053554, 14073.052, 25419.672, 118317.77, 0.0000000, 0.0000000, 0.0000000, 0.0000000, 0.0000000
0.13315415, 2.2858136, 0.16036084, 0.68618476, 0.56160641, 0.39176008, 4.7344375, 64.766457, 62.236229, 0.54763368E-4, 2.1792028, 0.59563726E-1, 0.25085162E-2, 2.5053520, 14073.205, 25419.885, 118417.91, 0.0000000, 0.0000000, 0.0000000, 0.0000000, 0.0000000
0.13320358, 2.2858281, 0.16036893, 0.68617928, 0.56159723, 0.39175627, 4.7343111, 64.766212, 62.236229, 0.18580427E-3, 2.1794727, 0.59563607E-1, 0.25086196E-2, 2.5052810, 14073.460, 25420.334, 118516.91, 0.0000000, 0.0000000, 0.0000000, 0.0000000, 0.0000000
0.13316379, 2.2858417, 0.16036500, 0.68616664, 0.56160665, 0.39176175, 4.7344956, 64.766045, 62.236229, 0.94112766E-5, 2.1790051, 0.59562750E-1, 0.25084999E-2, 2.5052743, 14073.561, 25420.496, 118614.85, 0.0000000, 0.0000000, 0.0000000, 0.0000000, 0.0000000
0.13317835, 2.2858274, 0.16035859, 0.68613183, 0.56161529, 0.39176989, 4.7346950, 64.765907, 62.236229, -0.15759841E-4, 2.1788008, 0.59562467E-1, 0.25081758E-2, 2.5051534, 14073.621, 25420.588, 118714.81, 0.0000000, 0.0000000, 0.0000000, 0.0000000, 0.0000000
0.13321628, 2.2858443, 0.16037658, 0.68616605, 0.56159842, 0.39175785, 4.7343874, 64.765686, 62.236229, 0.22281367E-3, 2.1796248, 0.59562348E-1, 0.25087013E-2, 2.5053315, 14073.837, 25420.918, 118812.32, 0.0000000, 0.0000000, 0.0000000, 0.0000000, 0.0000000
0.13318738, 2.2858710, 0.16036400, 0.68618172, 0.56160808, 0.39176288, 4.7344770, 64.765465, 62.236229, 0.36501864E-4, 2.1792071, 0.59562266E-1, 0.25086845E-2, 2.5053914, 14074.013, 25421.193, 118911.39, 0.0000000, 0.0000000, 0.0000000, 0.0000000, 0.0000000
0.13316062, 2.2858636, 0.16035749, 0.68614584, 0.56160998, 0.39176479, 4.7345700, 64.765289, 62.236229, 0.49768569E-4, 2.1789916, 0.59562013E-1, 0.25083786E-2, 2.5051589, 14074.132, 25421.383, 119011.07, 0.0000000, 0.0000000, 0.0000000, 0.0000000, 0.0000000
0.13318722, 2.2858796, 0.16036581, 0.68617254, 0.56160688, 0.39176115, 4.7344565, 64.765068, 62.236229, 0.11029429E-3, 2.1793821, 0.59561938E-1, 0.25085967E-2, 2.5053763, 14074.254, 25421.518, 119107.84, 0.0000000, 0.0000000, 0.0000000, 0.0000000, 0.0000000
0.13315652, 2.2858670, 0.16036236, 0.68614888, 0.56162500, 0.39177382, 4.7347522, 64.764946, 62.236229, -0.53452444E-4, 2.1787088, 0.59561834E-1, 0.25083530E-2, 2.5051463, 14074.285, 25421.605, 119207.20, 0.0000000, 0.0000000, 0.0000000, 0.0000000, 0.0000000
0.13319726, 2.2858765, 0.16037028, 0.68617070, 0.56161058, 0.39176303, 4.7344928, 64.764732, 62.236229, 0.17780071E-3, 2.1795027, 0.59561789E-1, 0.25085923E-2, 2.5053253, 14074.436, 25421.826, 119306.30, 0.0000000, 0.0000000, 0.0000000, 0.0000000, 0.0000000
0.13317886, 2.2858725, 0.16035859, 0.68614960, 0.56162572, 0.39177686, 4.7348051, 64.764626, 62.236229, -0.67602698E-4, 2.1787102, 0.59561718E-1, 0.25084137E-2, 2.5051818, 14074.497, 25421.926, 119403.02, 0.0000000, 0.0000000, 0.0000000, 0.0000000, 0.0000000
0.13317947, 2.2859044, 0.16035847, 0.68618339, 0.56160593, 0.39176393, 4.7345819, 64.764473, 62.236229, 0.17775479E-3, 2.1795812, 0.59561662E-1, 0.25088519E-2, 2.5053949, 14074.565, 25422.047, 119502.23, 0.0000000, 0.0000000, 0.0000000, 0.0000000, 0.0000000
0.13321935, 2.2859337, 0.16038023, 0.68622005, 0.56162649, 0.39177701, 4.7345738, 64.764275, 62.236229, 0.38259328E-4, 2.1793914, 0.59561465E-1, 0.25088899E-2, 2.5055528, 14074.768, 25422.340, 119598.51, 0.0000000, 0.0000000, 0.0000000, 0.0000000, 0.0000000
0.13314679, 2.2859321, 0.16035664, 0.68617076, 0.56161594, 0.39176968, 4.7346902, 64.764137, 62.236229, 0.20546562E-4, 2.1790066, 0.59561364E-1, 0.25085513E-2, 2.5052342, 14074.795, 25422.373, 119697.29, 0.0000000, 0.0000000, 0.0000000, 0.0000000, 0.0000000
0.13316241, 2.2858942, 0.16035774, 0.68610400, 0.56160510, 0.39176470, 4.7346716, 64.764000, 62.236229, 0.79661040E-4, 2.1788990, 0.59561267E-1, 0.25083548E-2, 2.5049937, 14074.974, 25422.656, 119794.02, 0.0000000, 0.0000000, 0.0000000, 0.0000000, 0.0000000
0.13316298, 2.2859068, 0.16036648, 0.68615109, 0.56159180, 0.39175048, 4.7344289, 64.763771, 62.236229, 0.20445940E-3, 2.1795070, 0.59560988E-1, 0.25088312E-2, 2.5052478, 14075.111, 25422.908, 119892.44, 0.0000000, 0.0000000, 0.0000000, 0.0000000, 0.0000000
0.13315101, 2.2858922, 0.16035965, 0.68613064, 0.56159115, 0.39174995, 4.7344651, 64.763557, 62.236229, 0.12362121E-3, 2.1790919, 0.59560783E-1, 0.25087513E-2, 2.5050526, 14075.369, 25423.342, 119990.29, 0.0000000, 0.0000000, 0.0000000, 0.0000000, 0.0000000
0.13310930, 2.2858357, 0.16033272, 0.68605143, 0.56157207, 0.39174181, 4.7345734, 64.763382, 62.236229, 0.81648046E-4, 2.1787298, 0.59560508E-1, 0.25083192E-2, 2.5048206, 14075.511, 25423.559, 120086.84, 0.0000000, 0.0000000, 0.0000000, 0.0000000, 0.0000000
0.13309480, 2.2857692, 0.16032782, 0.68600321, 0.56155258, 0.39172691, 4.7344799, 64.763184, 62.236229, 0.14173893E-3, 2.1788321, 0.59560414E-1, 0.25083029E-2, 2.5047696, 14075.693, 25423.844, 120184.60, 0.0000000, 0.0000000, 0.0000000, 0.0000000, 0.0000000
0.13313395, 2.2857130, 0.16034278, 0.68599534, 0.56155217, 0.39172515, 4.7343979, 64.762970, 62.236229, 0.84902480E-4, 2.1788173, 0.59560321E-1, 0.25083539E-2, 2.5048950, 14075.901, 25424.152, 120280.98, 0.0000000, 0.0000000, 0.0000000, 0.0000000, 0.0000000
0.13318935, 2.2857022, 0.16036753, 0.68607181, 0.56158131, 0.39174145, 4.7343931, 64.762711, 62.236229, 0.53773940E-4, 2.1790097, 0.59560157E-1, 0.25086734E-2, 2.5051503, 14076.073, 25424.395, 120378.63, 0.0000000, 0.0000000, 0.0000000, 0.0000000, 0.0000000
0.13317150, 2.2856982, 0.16035630, 0.68610138, 0.56160325, 0.39175856, 4.7346892, 64.762535, 62.236229, -0.62879117E-4, 2.1786928, 0.59559904E-1, 0.25086536E-2, 2.5051367, 14076.002, 25424.309, 120474.93, 0.0000000, 0.0000000, 0.0000000, 0.0000000, 0.0000000
0.13316187, 2.2857296, 0.16034983, 0.68614417, 0.56157976, 0.39174336, 4.7344365, 64.762283, 62.236229, 0.22970894E-3, 2.1796117, 0.59559833E-1, 0.25091232E-2, 2.5052733, 14076.129, 25424.473, 120572.40, 0.0000000, 0.0000000, 0.0000000, 0.0000000, 0.0000000
0.13315767, 2.2857416, 0.16034685, 0.68613929, 0.56157392, 0.39173838, 4.7343364, 64.761993, 62.236229, 0.21559135E-3, 2.1794143, 0.59559561E-1, 0.25090913E-2, 2.5051129, 14076.485, 25425.051, 120668.63, 0.0000000, 0.0000000, 0.0000000, 0.0000000, 0.0000000
0.13320573, 2.2857580, 0.16036621, 0.68615574, 0.56158829, 0.39174873, 4.7343173, 64.761696, 62.236229, 0.12533669E-3, 2.1793437, 0.59559427E-1, 0.25091521E-2, 2.5052698, 14076.799, 25425.570, 120764.43, 0.0000000, 0.0000000, 0.0000000, 0.0000000, 0.0000000
0.13320698, 2.2857900, 0.16036987, 0.68617958, 0.56159896, 0.39175814, 4.7344265, 64.761467, 62.236229, 0.33849443E-4, 2.1792586, 0.59559301E-1, 0.25092843E-2, 2.5054114, 14076.893, 25425.703, 120862.16, 0.0000000, 0.0000000, 0.0000000, 0.0000000, 0.0000000
0.13320574, 2.2858183, 0.16037168, 0.68619192, 0.56160539, 0.39176223, 4.7344470, 64.761238, 62.236229, 0.84096333E-4, 2.1793540, 0.59559122E-1, 0.25092491E-2, 2.5053794, 14077.046, 25425.928, 120957.33, 0.0000000, 0.0000000, 0.0000000, 0.0000000, 0.0000000
0.13315803, 2.2858272, 0.16036296, 0.68617803, 0.56160688, 0.39175856, 4.7344608, 64.761017, 62.236229, 0.11265796E-3, 2.1792293, 0.59558731E-1, 0.25090573E-2, 2.5051861, 14077.271, 25426.344, 121054.98, 0.0000000, 0.0000000, 0.0000000, 0.0000000, 0.0000000
0.13318156, 2.2858353, 0.16036092, 0.68617564, 0.56160754, 0.39176014, 4.7344489, 64.760796, 62.236229, 0.96437288E-4, 2.1792841, 0.59558619E-1, 0.25091288E-2, 2.5052781, 14077.463, 25426.604, 121150.00, 0.0000000, 0.0000000, 0.0000000, 0.0000000, 0.0000000
0.13317108, 2.2858667, 0.16035365, 0.68618625, 0.56160057, 0.39175972, 4.7344751, 64.760574, 62.236229, 0.81578415E-4, 2.1793356, 0.59558544E-1, 0.25093823E-2, 2.5053575, 14077.557, 25426.730, 121246.80, 0.0000000, 0.0000000, 0.0000000, 0.0000000, 0.0000000
0.13314606, 2.2858574, 0.16035594, 0.68614775, 0.56161976, 0.39177078, 4.7347431, 64.760452, 62.236229, -0.43646665E-4, 2.1787469, 0.59558447E-1, 0.25089486E-2, 2.5051177, 14077.661, 25426.902, 121342.12, 0.0000000, 0.0000000, 0.0000000, 0.0000000, 0.0000000
0.13318256, 2.2858496, 0.16036257, 0.68613780, 0.56162316, 0.39177477, 4.7347951, 64.760338, 62.236229, -0.11842407E-4, 2.1789293, 0.59558339E-1, 0.25089788E-2, 2.5052168, 14077.680, 25426.939, 121436.87, 0.0000000, 0.0000000, 0.0000000, 0.0000000, 0.0000000
0.13320777, 2.2858756, 0.16037348, 0.68619317, 0.56161511, 0.39176902, 4.7345920, 64.760178, 62.236229, 0.11289874E-3, 2.1795523, 0.59558269E-1, 0.25094240E-2, 2.5054924, 14077.760, 25427.053, 121534.20, 0.0000000, 0.0000000, 0.0000000, 0.0000000, 0.0000000
0.13317385, 2.2859097, 0.16035983, 0.68620557, 0.56161278, 0.39176765, 4.7345781, 64.760002, 62.236229, 0.99965851E-4, 2.1794178, 0.59558179E-1, 0.25094713E-2, 2.5053859, 14077.907, 25427.283, 121628.51, 0.0000000, 0.0000000, 0.0000000, 0.0000000, 0.0000000
0.13319649, 2.2859185, 0.16036478, 0.68618006, 0.56159705, 0.39175832, 4.7344275, 64.759789, 62.236229, 0.15496499E-3, 2.1794429, 0.59557550E-1, 0.25094047E-2, 2.5052762, 14078.160, 25427.711, 121723.27, 0.0000000, 0.0000000, 0.0000000, 0.0000000, 0.0000000
0.13315322, 2.2859299, 0.16036122, 0.68618000, 0.56160825, 0.39176047, 4.7344723, 64.759567, 62.236229, 0.78565310E-4, 2.1791997, 0.59557166E-1, 0.25093111E-2, 2.5052283, 14078.391, 25428.033, 121820.02, 0.0000000, 0.0000000, 0.0000000, 0.0000000, 0.0000000
0.13316421, 2.2859263, 0.16035041, 0.68615353, 0.56158042, 0.39174482, 4.7343569, 64.759331, 62.236229, 0.18652469E-3, 2.1794074, 0.59556894E-1, 0.25095432E-2, 2.5051503, 14078.594, 25428.357, 121914.05, 0.0000000, 0.0000000, 0.0000000, 0.0000000, 0.0000000
0.13319311, 2.2859387, 0.16036655, 0.68617797, 0.56160831, 0.39176199, 4.7344437, 64.759109, 62.236229, 0.21703308E-5, 2.1791849, 0.59556682E-1, 0.25094058E-2, 2.5054045, 14078.763, 25428.617, 122008.57, 0.0000000, 0.0000000, 0.0000000, 0.0000000, 0.0000000
0.13315958, 2.2859347, 0.16036563, 0.68615794, 0.56161010, 0.39176396, 4.7345796, 64.758949, 62.236229, 0.13708763E-4, 2.1789570, 0.59556548E-1, 0.25093225E-2, 2.5051599, 14078.785, 25428.654, 122105.02, 0.0000000, 0.0000000, 0.0000000, 0.0000000, 0.0000000
0.13316141, 2.2859404, 0.16036600, 0.68617362, 0.56161159, 0.39176145, 4.7344966, 64.758751, 62.236229, 0.90572808E-4, 2.1793084, 0.59556451E-1, 0.25093849E-2, 2.5053008, 14078.957, 25428.938, 122198.81, 0.0000000, 0.0000000, 0.0000000, 0.0000000, 0.0000000
0.13315199, 2.2859070, 0.16035338, 0.68611240, 0.56160945, 0.39176598, 4.7346988, 64.758629, 62.236229, -0.52049261E-4, 2.1787121, 0.59556399E-1, 0.25090049E-2, 2.5050964, 14078.954, 25428.918, 122292.76, 0.0000000, 0.0000000, 0.0000000, 0.0000000, 0.0000000
0.13315946, 2.2859118, 0.16036567, 0.68614453, 0.56159067, 0.39174828, 4.7343993, 64.758408, 62.236229, 0.19697970E-3, 2.1795297, 0.59556343E-1, 0.25095246E-2, 2.5052464, 14079.095, 25429.174, 122388.56, 0.0000000, 0.0000000, 0.0000000, 0.0000000, 0.0000000
0.13318422, 2.2859237, 0.16036458, 0.68616945, 0.56160051, 0.39175656, 4.7344184, 64.758186, 62.236229, 0.44739470E-4, 2.1792593, 0.59556253E-1, 0.25095886E-2, 2.5053613, 14079.247, 25429.396, 122483.05, 0.0000000, 0.0000000, 0.0000000, 0.0000000, 0.0000000
0.13318324, 2.2859116, 0.16036014, 0.68614787, 0.56160766, 0.39176321, 4.7345495, 64.758011, 62.236229, 0.36858837E-5, 2.1789746, 0.59556037E-1, 0.25093283E-2, 2.5051956, 14079.303, 25429.502, 122576.59, 0.0000000, 0.0000000, 0.0000000, 0.0000000, 0.0000000
0.13316451, 2.2859139, 0.16034892, 0.68615282, 0.56158423, 0.39174885, 4.7344136, 64.757812, 62.236229, 0.15357850E-3, 2.1794016, 0.59555944E-1, 0.25096415E-2, 2.5052209, 14079.373, 25429.615, 122670.47, 0.0000000, 0.0000000, 0.0000000, 0.0000000, 0.0000000
0.13318986, 2.2859268, 0.16036664, 0.68618703, 0.56161630, 0.39176613, 4.7344723, 64.757599, 62.236229, -0.67102956E-5, 2.1792076, 0.59555776E-1, 0.25095227E-2, 2.5054405, 14079.571, 25429.922, 122765.95, 0.0000000, 0.0000000, 0.0000000, 0.0000000, 0.0000000
0.13320424, 2.2859416, 0.16036773, 0.68618381, 0.56160164, 0.39176053, 4.7343969, 64.757385, 62.236229, 0.11563562E-3, 2.1793938, 0.59555471E-1, 0.25097360E-2, 2.5053055, 14079.638, 25430.006, 122859.88, 0.0000000, 0.0000000, 0.0000000, 0.0000000, 0.0000000
0.13320895, 2.2859662, 0.16037139, 0.68619424, 0.56160778, 0.39176589, 4.7344337, 64.757179, 62.236229, 0.26044785E-4, 2.1792893, 0.59555132E-1, 0.25097979E-2, 2.5054286, 14079.748, 25430.176, 122953.19, 0.0000000, 0.0000000, 0.0000000, 0.0000000, 0.0000000
0.13319063, 2.2859826, 0.16036776, 0.68618679, 0.56160653, 0.39176470, 4.7344546, 64.757027, 62.236229, 0.33496472E-4, 2.1792555, 0.59555046E-1, 0.25097521E-2, 2.5053771, 14079.834, 25430.318, 123046.68, 0.0000000, 0.0000000, 0.0000000, 0.0000000, 0.0000000
0.13320933, 2.2859960, 0.16037251, 0.68619263, 0.56160909, 0.39176661, 4.7344480, 64.756882, 62.236229, 0.43013380E-4, 2.1792963, 0.59554942E-1, 0.25097467E-2, 2.5053914, 14079.950, 25430.473, 123141.96, 0.0000000, 0.0000000, 0.0000000, 0.0000000, 0.0000000
0.13320743, 2.2860026, 0.16037241, 0.68619275, 0.56161016, 0.39176661, 4.7344255, 64.756683, 62.236229, 0.77216857E-4, 2.1793020, 0.59554882E-1, 0.25097763E-2, 2.5053098, 14080.114, 25430.738, 123235.63, 0.0000000, 0.0000000, 0.0000000, 0.0000000, 0.0000000
0.13318714, 2.2860076, 0.16036569, 0.68618989, 0.56161696, 0.39176801, 4.7344637, 64.756508, 62.236229, 0.35741978E-4, 2.1791713, 0.59554741E-1, 0.25096340E-2, 2.5052900, 14080.255, 25430.953, 123328.75, 0.0000000, 0.0000000, 0.0000000, 0.0000000, 0.0000000
0.13319777, 2.2860196, 0.16036394, 0.68619013, 0.56160396, 0.39176470, 4.7344103, 64.756363, 62.236229, 0.47414098E-4, 2.1793394, 0.59554528E-1, 0.25098149E-2, 2.5054216, 14080.281, 25430.998, 123421.73, 0.0000000, 0.0000000, 0.0000000, 0.0000000, 0.0000000
0.13318430, 2.2860277, 0.16036609, 0.68619126, 0.56161684, 0.39176831, 4.7344232, 64.756180, 62.236229, 0.44731350E-4, 2.1792285, 0.59554435E-1, 0.25097020E-2, 2.5053167, 14080.443, 25431.266, 123515.04, 0.0000000, 0.0000000, 0.0000000, 0.0000000, 0.0000000
0.13317850, 2.2860069, 0.16036117, 0.68614846, 0.56162465, 0.39177832, 4.7346959, 64.756088, 62.236229, -0.96867414E-4, 2.1786909, 0.59554379E-1, 0.25094419E-2, 2.5051684, 14080.395, 25431.178, 123609.68, 0.0000000, 0.0000000, 0.0000000, 0.0000000, 0.0000000
0.13315745, 2.2859871, 0.16034761, 0.68611997, 0.56159812, 0.39175928, 4.7345304, 64.755943, 62.236229, 0.13402899E-3, 2.1792023, 0.59554219E-1, 0.25095325E-2, 2.5050812, 14080.468, 25431.291, 123702.51, 0.0000000, 0.0000000, 0.0000000, 0.0000000, 0.0000000
0.13314995, 2.2859473, 0.16035263, 0.68609166, 0.56160092, 0.39176017, 4.7346096, 64.755814, 62.236229, -0.19802770E-4, 2.1788111, 0.59554126E-1, 0.25093090E-2, 2.5050943, 14080.570, 25431.445, 123795.75, 0.0000000, 0.0000000, 0.0000000, 0.0000000, 0.0000000
0.13320267, 2.2859573, 0.16036968, 0.68614990, 0.56159180, 0.39175266, 4.7343497, 64.755592, 62.236229, 0.14987883E-3, 2.1795290, 0.59554074E-1, 0.25099092E-2, 2.5053444, 14080.640, 25431.568, 123888.16, 0.0000000, 0.0000000, 0.0000000, 0.0000000, 0.0000000
0.13320407, 2.2859674, 0.16037035, 0.68617409, 0.56160098, 0.39175928, 4.7343717, 64.755371, 62.236229, 0.61930361E-4, 2.1792641, 0.59553947E-1, 0.25098932E-2, 2.5053000, 14080.793, 25431.869, 123980.52, 0.0000000, 0.0000000, 0.0000000, 0.0000000, 0.0000000
0.13319118, 2.2859740, 0.16036634, 0.68618423, 0.56160676, 0.39176291, 4.7343869, 64.755150, 62.236229, 0.52658128E-4, 2.1792586, 0.59553854E-1, 0.25098799E-2, 2.5053191, 14080.902, 25432.051, 124072.82, 0.0000000, 0.0000000, 0.0000000, 0.0000000, 0.0000000
0.13321191, 2.2860119, 0.16037582, 0.68621933, 0.56162435, 0.39177638, 4.7344680, 64.754967, 62.236229, -0.21018292E-4, 2.1793172, 0.59553679E-1, 0.25100028E-2, 2.5055580, 14080.960, 25432.143, 124165.05, 0.0000000, 0.0000000, 0.0000000, 0.0000000, 0.0000000
0.13319314, 2.2860153, 0.16036759, 0.68620151, 0.56162506, 0.39177433, 4.7344770, 64.754807, 62.236229, 0.46826797E-4, 2.1792316, 0.59553467E-1, 0.25097844E-2, 2.5053093, 14081.074, 25432.281, 124257.47, 0.0000000, 0.0000000, 0.0000000, 0.0000000, 0.0000000
0.13316675, 2.2860208, 0.16035216, 0.68618113, 0.56159365, 0.39175633, 4.7343445, 64.754623, 62.236229, 0.15771021E-3, 2.1794660, 0.59553210E-1, 0.25100384E-2, 2.5052485, 14081.184, 25432.453, 124350.97, 0.0000000, 0.0000000, 0.0000000, 0.0000000, 0.0000000
0.13319936, 2.2860234, 0.16036806, 0.68617779, 0.56159985, 0.39175832, 4.7342687, 64.754395, 62.236229, 0.11256195E-3, 2.1793690, 0.59553154E-1, 0.25100030E-2, 2.5052664, 14081.478, 25432.869, 124443.74, 0.0000000, 0.0000000, 0.0000000, 0.0000000, 0.0000000
0.13318363, 2.2860348, 0.16036499, 0.68618912, 0.56161594, 0.39176819, 4.7344117, 64.754196, 62.236229, -0.13838406E-4, 2.1791065, 0.59553053E-1, 0.25099260E-2, 2.5053337, 14081.531, 25432.967, 124535.34, 0.0000000, 0.0000000, 0.0000000, 0.0000000, 0.0000000
0.13318454, 2.2860217, 0.16036417, 0.68615949, 0.56161439, 0.39176917, 4.7344751, 64.754036, 62.236229, 0.32726195E-4, 2.1790445, 0.59552927E-1, 0.25098163E-2, 2.5051630, 14081.613, 25433.107, 124627.12, 0.0000000, 0.0000000, 0.0000000, 0.0000000, 0.0000000
0.13321704, 2.2860479, 0.16037880, 0.68621403, 0.56162715, 0.39177781, 4.7344508, 64.753891, 62.236229, 0.10324875E-5, 2.1793747, 0.59552848E-1, 0.25101288E-2, 2.5055535, 14081.683, 25433.203, 124718.64, 0.0000000, 0.0000000, 0.0000000, 0.0000000, 0.0000000
0.13316107, 2.2860506, 0.16036721, 0.68619561, 0.56161040, 0.39176598, 4.7343941, 64.753746, 62.236229, 0.10259896E-3, 2.1793242, 0.59552766E-1, 0.25100468E-2, 2.5052459, 14081.751, 25433.305, 124810.15, 0.0000000, 0.0000000, 0.0000000, 0.0000000, 0.0000000
0.13320182, 2.2860613, 0.16036667, 0.68619317, 0.56160688, 0.39176512, 4.7343264, 64.753540, 62.236229, 0.78241952E-4, 2.1793954, 0.59552141E-1, 0.25101504E-2, 2.5053751, 14081.894, 25433.541, 124902.34, 0.0000000, 0.0000000, 0.0000000, 0.0000000, 0.0000000
0.13318017, 2.2860544, 0.16036241, 0.68616968, 0.56161672, 0.39177164, 4.7344918, 64.753403, 62.236229, -0.71531249E-4, 2.1789615, 0.59551843E-1, 0.25098869E-2, 2.5053449, 14081.903, 25433.537, 124993.77, 0.0000000, 0.0000000, 0.0000000, 0.0000000, 0.0000000
0.13315499, 2.2860525, 0.16036403, 0.68617755, 0.56160712, 0.39176121, 4.7343683, 64.753204, 62.236229, 0.11947677E-3, 2.1793706, 0.59551552E-1, 0.25100471E-2, 2.5052490, 14082.014, 25433.707, 125085.16, 0.0000000, 0.0000000, 0.0000000, 0.0000000, 0.0000000
0.13320158, 2.2860603, 0.16036759, 0.68618655, 0.56160408, 0.39176255, 4.7343125, 64.752983, 62.236229, 0.71484246E-4, 2.1793783, 0.59551418E-1, 0.25101949E-2, 2.5053756, 14082.141, 25433.920, 125176.45, 0.0000000, 0.0000000, 0.0000000, 0.0000000, 0.0000000
0.13316105, 2.2860627, 0.16036843, 0.68618751, 0.56160808, 0.39176244, 4.7343292, 64.752769, 62.236229, 0.58090023E-4, 2.1792376, 0.59551217E-1, 0.25101190E-2, 2.5052700, 14082.278, 25434.184, 125267.03, 0.0000000, 0.0000000, 0.0000000, 0.0000000, 0.0000000
0.13319588, 2.2860634, 0.16036958, 0.68618637, 0.56161237, 0.39176583, 4.7343121, 64.752548, 62.236229, 0.50701783E-4, 2.1792755, 0.59551086E-1, 0.25101285E-2, 2.5053248, 14082.427, 25434.371, 125358.25, 0.0000000, 0.0000000, 0.0000000, 0.0000000, 0.0000000
0.13315894, 2.2860582, 0.16036449, 0.68617582, 0.56160176, 0.39175794, 4.7342696, 64.752350, 62.236229, 0.11961623E-3, 2.1792765, 0.59550993E-1, 0.25101702E-2, 2.5051467, 14082.547, 25434.605, 125449.41, 0.0000000, 0.0000000, 0.0000000, 0.0000000, 0.0000000
0.13318871, 2.2860563, 0.16036771, 0.68618417, 0.56160617, 0.39176250, 4.7342658, 64.752129, 62.236229, 0.29921794E-4, 2.1792803, 0.59550904E-1, 0.25102056E-2, 2.5053775, 14082.711, 25434.861, 125540.51, 0.0000000, 0.0000000, 0.0000000, 0.0000000, 0.0000000
0.13319246, 2.2860672, 0.16036795, 0.68619889, 0.56161547, 0.39177021, 4.7343283, 64.751968, 62.236229, -0.10296731E-4, 2.1792390, 0.59550837E-1, 0.25102526E-2, 2.5054340, 14082.755, 25434.926, 125631.64, 0.0000000, 0.0000000, 0.0000000, 0.0000000, 0.0000000
0.13319801, 2.2860775, 0.16037054, 0.68621212, 0.56163168, 0.39177835, 4.7343750, 64.751801, 62.236229, -0.21486921E-4, 2.1792421, 0.59550762E-1, 0.25101213E-2, 2.5054665, 14082.788, 25434.971, 125722.68, 0.0000000, 0.0000000, 0.0000000, 0.0000000, 0.0000000
0.13318384, 2.2860811, 0.16036634, 0.68620121, 0.56162608, 0.39177522, 4.7343669, 64.751663, 62.236229, 0.13614132E-4, 2.1792400, 0.59550580E-1, 0.25101204E-2, 2.5053818, 14082.802, 25435.010, 125813.53, 0.0000000, 0.0000000, 0.0000000, 0.0000000, 0.0000000
0.13316208, 2.2860596, 0.16035932, 0.68615109, 0.56159604, 0.39175838, 4.7342844, 64.751503, 62.236229, 0.11351614E-3, 2.1791873, 0.59550490E-1, 0.25101167E-2, 2.5050802, 14082.897, 25435.133, 125902.23, 0.0000000, 0.0000000, 0.0000000, 0.0000000, 0.0000000
0.13316345, 2.2860594, 0.16035084, 0.68616033, 0.56158656, 0.39175057, 4.7341738, 64.751282, 62.236229, 0.13150972E-3, 2.1794150, 0.59550334E-1, 0.25103563E-2, 2.5052445, 14083.054, 25435.395, 125992.68, 0.0000000, 0.0000000, 0.0000000, 0.0000000, 0.0000000
0.13317326, 2.2860625, 0.16035548, 0.68617707, 0.56159568, 0.39175665, 4.7341781, 64.751060, 62.236229, 0.64086664E-4, 2.1793270, 0.59550021E-1, 0.25103944E-2, 2.5053251, 14083.239, 25435.650, 126083.02, 0.0000000, 0.0000000, 0.0000000, 0.0000000, 0.0000000
0.13319494, 2.2860541, 0.16037287, 0.68617249, 0.56159860, 0.39175779, 4.7340999, 64.750832, 62.236229, 0.10492319E-3, 2.1793230, 0.59549682E-1, 0.25103251E-2, 2.5052226, 14083.445, 25435.975, 126173.38, 0.0000000, 0.0000000, 0.0000000, 0.0000000, 0.0000000
0.13320144, 2.2860603, 0.16036886, 0.68618280, 0.56160700, 0.39176422, 4.7341733, 64.750610, 62.236229, 0.22505264E-4, 2.1791985, 0.59549563E-1, 0.25103684E-2, 2.5053062, 14083.521, 25436.090, 126263.80, 0.0000000, 0.0000000, 0.0000000, 0.0000000, 0.0000000
0.13319078, 2.2860734, 0.16036960, 0.68620491, 0.56162584, 0.39177448, 4.7342758, 64.750435, 62.236229, -0.34028402E-4, 2.1791942, 0.59549458E-1, 0.25102654E-2, 2.5054424, 14083.539, 25436.113, 126354.41, 0.0000000, 0.0000000, 0.0000000, 0.0000000, 0.0000000
0.13321277, 2.2860970, 0.16037819, 0.68622792, 0.56163126, 0.39178142, 4.7342830, 64.750290, 62.236229, -0.53743715E-5, 2.1793482, 0.59549339E-1, 0.25104550E-2, 2.5055206, 14083.528, 25436.094, 126444.58, 0.0000000, 0.0000000, 0.0000000, 0.0000000, 0.0000000
0.13321336, 2.2861052, 0.16037513, 0.68621027, 0.56161529, 0.39177230, 4.7341757, 64.750145, 62.236229, 0.95336756E-4, 2.1794188, 0.59549134E-1, 0.25104624E-2, 2.5053301, 14083.616, 25436.260, 126533.99, 0.0000000, 0.0000000, 0.0000000, 0.0000000, 0.0000000
0.13316187, 2.2861013, 0.16035920, 0.68618345, 0.56159848, 0.39175940, 4.7341251, 64.749954, 62.236229, 0.93308568E-4, 2.1793058, 0.59549030E-1, 0.25103881E-2, 2.5052252, 14083.772, 25436.500, 126624.50, 0.0000000, 0.0000000, 0.0000000, 0.0000000, 0.0000000
0.13318174, 2.2860968, 0.16036265, 0.68618333, 0.56161237, 0.39176622, 4.7341461, 64.749748, 62.236229, 0.18918625E-4, 2.1792417, 0.59548963E-1, 0.25103330E-2, 2.5053551, 14083.958, 25436.793, 126712.59, 0.0000000, 0.0000000, 0.0000000, 0.0000000, 0.0000000
0.13315791, 2.2861044, 0.16035543, 0.68619275, 0.56161195, 0.39176759, 4.7342205, 64.749588, 62.236229, 0.28417853E-5, 2.1792357, 0.59548765E-1, 0.25104680E-2, 2.5053847, 14083.948, 25436.768, 126801.74, 0.0000000, 0.0000000, 0.0000000, 0.0000000, 0.0000000
0.13313785, 2.2860644, 0.16035128, 0.68613583, 0.56161791, 0.39177144, 4.7344236, 64.749481, 62.236229, -0.52936404E-4, 2.1787481, 0.59548680E-1, 0.25099725E-2, 2.5050724, 14084.021, 25436.881, 126891.61, 0.0000000, 0.0000000, 0.0000000, 0.0000000, 0.0000000
0.13317156, 2.2860594, 0.16035619, 0.68614984, 0.56158602, 0.39175013, 4.7340832, 64.749268, 62.236229, 0.20223157E-3, 2.1796081, 0.59548594E-1, 0.25105465E-2, 2.5052452, 14084.168, 25437.107, 126981.79, 0.0000000, 0.0000000, 0.0000000, 0.0000000, 0.0000000
0.13316335, 2.2860539, 0.16035098, 0.68615001, 0.56157684, 0.39174321, 4.7339983, 64.749023, 62.236229, 0.14328808E-3, 2.1793890, 0.59548501E-1, 0.25105965E-2, 2.5051737, 14084.441, 25437.578, 127070.49, 0.0000000, 0.0000000, 0.0000000, 0.0000000, 0.0000000
0.13315816, 2.2860422, 0.16034731, 0.68614548, 0.56157660, 0.39174381, 4.7340093, 64.748795, 62.236229, 0.92922346E-4, 2.1792512, 0.59548393E-1, 0.25105767E-2, 2.5051668, 14084.670, 25437.908, 127160.55, 0.0000000, 0.0000000, 0.0000000, 0.0000000, 0.0000000
0.13320793, 2.2860496, 0.16037275, 0.68618011, 0.56160003, 0.39175943, 4.7340245, 64.748566, 62.236229, 0.16211168E-4, 2.1793053, 0.59548207E-1, 0.25106755E-2, 2.5054102, 14084.835, 25438.154, 127247.98, 0.0000000, 0.0000000, 0.0000000, 0.0000000, 0.0000000
0.13315560, 2.2860487, 0.16036347, 0.68618357, 0.56160641, 0.39176017, 4.7340946, 64.748344, 62.236229, 0.37620848E-4, 2.1791861, 0.59547797E-1, 0.25105386E-2, 2.5052395, 14084.899, 25438.262, 127336.97, 0.0000000, 0.0000000, 0.0000000, 0.0000000, 0.0000000
0.13320243, 2.2860613, 0.16036996, 0.68619370, 0.56160724, 0.39176479, 4.7340689, 64.748123, 62.236229, 0.37247490E-4, 2.1793590, 0.59547715E-1, 0.25106990E-2, 2.5054059, 14084.967, 25438.381, 127426.96, 0.0000000, 0.0000000, 0.0000000, 0.0000000, 0.0000000
0.13319759, 2.2860672, 0.16036481, 0.68619281, 0.56160635, 0.39176443, 4.7340612, 64.747917, 62.236229, 0.57238984E-4, 2.1793435, 0.59547644E-1, 0.25106706E-2, 2.5053380, 14085.017, 25438.469, 127515.47, 0.0000000, 0.0000000, 0.0000000, 0.0000000, 0.0000000
0.13322048, 2.2860987, 0.16038229, 0.68623459, 0.56163454, 0.39178255, 4.7341523, 64.747734, 62.236229, -0.51785260E-4, 2.1793218, 0.59547495E-1, 0.25107546E-2, 2.5055864, 14085.063, 25438.539, 127603.10, 0.0000000, 0.0000000, 0.0000000, 0.0000000, 0.0000000
0.13320625, 2.2861152, 0.16037256, 0.68622196, 0.56162572, 0.39178020, 4.7341871, 64.747597, 62.236229, -0.57787402E-5, 2.1793008, 0.59547406E-1, 0.25107304E-2, 2.5054569, 14084.978, 25438.400, 127691.70, 0.0000000, 0.0000000, 0.0000000, 0.0000000, 0.0000000
0.13319455, 2.2861111, 0.16036080, 0.68617481, 0.56160861, 0.39177096, 4.7341876, 64.747475, 62.236229, 0.67614310E-5, 2.1791623, 0.59547327E-1, 0.25105670E-2, 2.5053003, 14084.979, 25438.400, 127781.14, 0.0000000, 0.0000000, 0.0000000, 0.0000000, 0.0000000
0.13319589, 2.2861104, 0.16037184, 0.68618327, 0.56160879, 0.39176527, 4.7340412, 64.747276, 62.236229, 0.10811401E-3, 2.1794031, 0.59546761E-1, 0.25106650E-2, 2.5052700, 14085.153, 25438.666, 127869.49, 0.0000000, 0.0000000, 0.0000000, 0.0000000, 0.0000000
0.13320099, 2.2861145, 0.16037023, 0.68618596, 0.56160408, 0.39176273, 4.7340078, 64.747063, 62.236229, 0.66934706E-4, 2.1793263, 0.59546400E-1, 0.25107430E-2, 2.5052965, 14085.278, 25438.875, 127956.90, 0.0000000, 0.0000000, 0.0000000, 0.0000000, 0.0000000
0.13316306, 2.2861111, 0.16034964, 0.68616730, 0.56158787, 0.39175180, 4.7339697, 64.746849, 62.236229, 0.12687013E-3, 2.1793201, 0.59546087E-1, 0.25107614E-2, 2.5051351, 14085.405, 25439.074, 128045.05, 0.0000000, 0.0000000, 0.0000000, 0.0000000, 0.0000000
0.13316399, 2.2861075, 0.16037007, 0.68618613, 0.56160796, 0.39176229, 4.7339978, 64.746628, 62.236229, 0.29366143E-4, 2.1792459, 0.59545964E-1, 0.25107204E-2, 2.5053110, 14085.569, 25439.307, 128133.79, 0.0000000, 0.0000000, 0.0000000, 0.0000000, 0.0000000
0.13314903, 2.2860680, 0.16035780, 0.68613625, 0.56161535, 0.39177036, 4.7342696, 64.746506, 62.236229, -0.98648161E-4, 2.1786718, 0.59545770E-1, 0.25103253E-2, 2.5050924, 14085.566, 25439.311, 128222.62, 0.0000000, 0.0000000, 0.0000000, 0.0000000, 0.0000000
0.13315342, 2.2860610, 0.16036347, 0.68614584, 0.56158829, 0.39174902, 4.7339392, 64.746284, 62.236229, 0.18718764E-3, 2.1795473, 0.59545662E-1, 0.25107365E-2, 2.5052073, 14085.715, 25439.521, 128308.91, 0.0000000, 0.0000000, 0.0000000, 0.0000000, 0.0000000
0.13320594, 2.2860615, 0.16036944, 0.68616956, 0.56159729, 0.39175725, 4.7339187, 64.746056, 62.236229, 0.38235303E-4, 2.1793025, 0.59545550E-1, 0.25108471E-2, 2.5053418, 14085.911, 25439.850, 128397.51, 0.0000000, 0.0000000, 0.0000000, 0.0000000, 0.0000000
0.13317035, 2.2860696, 0.16035433, 0.68617344, 0.56159508, 0.39175767, 4.7339954, 64.745850, 62.236229, 0.26228197E-4, 2.1792402, 0.59545469E-1, 0.25109004E-2, 2.5053046, 14085.946, 25439.904, 128485.45, 0.0000000, 0.0000000, 0.0000000, 0.0000000, 0.0000000
0.13319625, 2.2860765, 0.16036949, 0.68618870, 0.56160927, 0.39176539, 4.7339725, 64.745636, 62.236229, 0.33472970E-4, 2.1793144, 0.59545394E-1, 0.25108319E-2, 2.5053596, 14086.080, 25440.080, 128571.64, 0.0000000, 0.0000000, 0.0000000, 0.0000000, 0.0000000
0.13319816, 2.2860904, 0.16037460, 0.68620962, 0.56162953, 0.39177629, 4.7340517, 64.745438, 62.236229, -0.38662896E-4, 2.1792293, 0.59545305E-1, 0.25107276E-2, 2.5054581, 14086.162, 25440.225, 128659.95, 0.0000000, 0.0000000, 0.0000000, 0.0000000, 0.0000000
0.13316248, 2.2860911, 0.16036709, 0.68620801, 0.56162906, 0.39177454, 4.7341099, 64.745285, 62.236229, -0.22414897E-5, 2.1792028, 0.59545115E-1, 0.25106727E-2, 2.5053432, 14086.133, 25440.172, 128747.73, 0.0000000, 0.0000000, 0.0000000, 0.0000000, 0.0000000
0.13315275, 2.2860866, 0.16036263, 0.68619597, 0.56162131, 0.39176914, 4.7340598, 64.745110, 62.236229, 0.49945884E-4, 2.1793072, 0.59544988E-1, 0.25106601E-2, 2.5053136, 14086.198, 25440.301, 128833.00, 0.0000000, 0.0000000, 0.0000000, 0.0000000, 0.0000000
0.13318224, 2.2860627, 0.16036153, 0.68615425, 0.56161284, 0.39176896, 4.7340822, 64.744942, 62.236229, -0.75572752E-5, 2.1790767, 0.59544709E-1, 0.25105665E-2, 2.5052447, 14086.296, 25440.443, 128920.91, 0.0000000, 0.0000000, 0.0000000, 0.0000000, 0.0000000
0.13319850, 2.2860568, 0.16036600, 0.68615514, 0.56158817, 0.39175293, 4.7338634, 64.744720, 62.236229, 0.15896560E-3, 2.1794713, 0.59544541E-1, 0.25108671E-2, 2.5051913, 14086.425, 25440.689, 129007.00, 0.0000000, 0.0000000, 0.0000000, 0.0000000, 0.0000000
0.13319737, 2.2860639, 0.16036437, 0.68618023, 0.56160140, 0.39176053, 4.7339082, 64.744499, 62.236229, 0.19468353E-4, 2.1792834, 0.59544213E-1, 0.25109304E-2, 2.5053549, 14086.564, 25440.920, 129094.41, 0.0000000, 0.0000000, 0.0000000, 0.0000000, 0.0000000
0.13315009, 2.2860699, 0.16036198, 0.68619055, 0.56161398, 0.39176479, 4.7339892, 64.744301, 62.236229, 0.98607852E-5, 2.1792228, 0.59544113E-1, 0.25108119E-2, 2.5053244, 14086.623, 25441.000, 129181.91, 0.0000000, 0.0000000, 0.0000000, 0.0000000, 0.0000000
0.13316126, 2.2860627, 0.16036750, 0.68617648, 0.56160450, 0.39175913, 4.7338963, 64.744080, 62.236229, 0.84611762E-4, 2.1793478, 0.59544004E-1, 0.25108985E-2, 2.5052557, 14086.778, 25441.248, 129267.02, 0.0000000, 0.0000000, 0.0000000, 0.0000000, 0.0000000
0.13319390, 2.2860680, 0.16037017, 0.68619710, 0.56162626, 0.39177334, 4.7340107, 64.743874, 62.236229, -0.63983898E-4, 2.1791618, 0.59543852E-1, 0.25108145E-2, 2.5054507, 14086.812, 25441.287, 129354.42, 0.0000000, 0.0000000, 0.0000000, 0.0000000, 0.0000000
0.13320526, 2.2860765, 0.16037069, 0.68619925, 0.56161392, 0.39176983, 4.7339520, 64.743683, 62.236229, 0.55605982E-4, 2.1793728, 0.59543628E-1, 0.25110194E-2, 2.5053508, 14086.820, 25441.314, 129440.19, 0.0000000, 0.0000000, 0.0000000, 0.0000000, 0.0000000
0.13316290, 2.2860644, 0.16035986, 0.68616736, 0.56158835, 0.39175275, 4.7338219, 64.743477, 62.236229, 0.15012459E-3, 2.1793709, 0.59543531E-1, 0.25109549E-2, 2.5051060, 14086.996, 25441.547, 129526.66, 0.0000000, 0.0000000, 0.0000000, 0.0000000, 0.0000000
0.13315430, 2.2860608, 0.16036335, 0.68617338, 0.56160295, 0.39175701, 4.7338386, 64.743248, 62.236229, 0.46806599E-4, 2.1792481, 0.59543326E-1, 0.25109681E-2, 2.5052493, 14087.201, 25441.881, 129612.34, 0.0000000, 0.0000000, 0.0000000, 0.0000000, 0.0000000
0.13319494, 2.2860608, 0.16037215, 0.68618089, 0.56160611, 0.39176252, 4.7338295, 64.743027, 62.236229, 0.25586807E-4, 2.1792817, 0.59543200E-1, 0.25110370E-2, 2.5053344, 14087.245, 25441.957, 129699.20, 0.0000000, 0.0000000, 0.0000000, 0.0000000, 0.0000000
0.13316894, 2.2860656, 0.16035528, 0.68617600, 0.56159532, 0.39175725, 4.7338376, 64.742805, 62.236229, 0.76240176E-4, 2.1792927, 0.59543092E-1, 0.25111039E-2, 2.5052123, 14087.327, 25442.086, 129784.78, 0.0000000, 0.0000000, 0.0000000, 0.0000000, 0.0000000
0.13315792, 2.2860446, 0.16035031, 0.68613362, 0.56159985, 0.39175996, 4.7339501, 64.742630, 62.236229, 0.49871160E-5, 2.1789792, 0.59543002E-1, 0.25107770E-2, 2.5050995, 14087.480, 25442.297, 129870.78, 0.0000000, 0.0000000, 0.0000000, 0.0000000, 0.0000000
0.13318993, 2.2860460, 0.16036661, 0.68616360, 0.56159800, 0.39175779, 4.7338228, 64.742409, 62.236229, 0.59272439E-4, 2.1794007, 0.59542883E-1, 0.25110969E-2, 2.5053599, 14087.540, 25442.385, 129957.50, 0.0000000, 0.0000000, 0.0000000, 0.0000000, 0.0000000
0.13318843, 2.2860525, 0.16036800, 0.68618476, 0.56161195, 0.39176565, 4.7338853, 64.742188, 62.236229, -0.12231729E-4, 2.1792088, 0.59542589E-1, 0.25110685E-2, 2.5053551, 14087.603, 25442.490, 130042.05, 0.0000000, 0.0000000, 0.0000000, 0.0000000, 0.0000000
0.13320786, 2.2860751, 0.16037562, 0.68621433, 0.56162316, 0.39177573, 4.7339358, 64.742020, 62.236229, -0.31478034E-4, 2.1793089, 0.59542332E-1, 0.25111770E-2, 2.5054965, 14087.582, 25442.451, 130128.66, 0.0000000, 0.0000000, 0.0000000, 0.0000000, 0.0000000
0.13315815, 2.2860734, 0.16036248, 0.68619263, 0.56160885, 0.39176452, 4.7338653, 64.741829, 62.236229, 0.82770610E-4, 2.1793218, 0.59542276E-1, 0.25110592E-2, 2.5052238, 14087.680, 25442.607, 130213.05, 0.0000000, 0.0000000, 0.0000000, 0.0000000, 0.0000000
0.13318941, 2.2860799, 0.16037026, 0.68619668, 0.56161213, 0.39176759, 4.7338481, 64.741623, 62.236229, 0.18362189E-5, 2.1793301, 0.59542201E-1, 0.25111481E-2, 2.5054333, 14087.811, 25442.820, 130298.10, 0.0000000, 0.0000000, 0.0000000, 0.0000000, 0.0000000
0.13319379, 2.2860892, 0.16036876, 0.68620098, 0.56161559, 0.39177123, 4.7338743, 64.741440, 62.236229, -0.83490158E-5, 2.1792846, 0.59542064E-1, 0.25111618E-2, 2.5054142, 14087.861, 25442.891, 130383.15, 0.0000000, 0.0000000, 0.0000000, 0.0000000, 0.0000000
0.13316064, 2.2861018, 0.16036689, 0.68620431, 0.56161475, 0.39176929, 4.7338786, 64.741264, 62.236229, 0.21410568E-4, 2.1793325, 0.59541959E-1, 0.25111651E-2, 2.5053818, 14087.880, 25442.924, 130468.05, 0.0000000, 0.0000000, 0.0000000, 0.0000000, 0.0000000
0.13319916, 2.2860813, 0.16037190, 0.68616909, 0.56161273, 0.39176878, 4.7338834, 64.741096, 62.236229, 0.22522072E-4, 2.1791444, 0.59541855E-1, 0.25110275E-2, 2.5052080, 14087.911, 25442.998, 130553.70, 0.0000000, 0.0000000, 0.0000000, 0.0000000, 0.0000000
0.13315040, 2.2860804, 0.16036066, 0.68618006, 0.56160766, 0.39176187, 4.7338490, 64.740913, 62.236229, 0.50732968E-4, 2.1792748, 0.59541244E-1, 0.25111081E-2, 2.5052526, 14087.934, 25443.035, 130638.06, 0.0000000, 0.0000000, 0.0000000, 0.0000000, 0.0000000
0.13311198, 2.2860160, 0.16033576, 0.68608046, 0.56158793, 0.39175338, 4.7339787, 64.740776, 62.236229, -0.62067702E-5, 2.1787143, 0.59540946E-1, 0.25105737E-2, 2.5048738, 14087.993, 25443.113, 130723.45, 0.0000000, 0.0000000, 0.0000000, 0.0000000, 0.0000000
0.13312791, 2.2859557, 0.16034475, 0.68605155, 0.56157881, 0.39174527, 4.7338848, 64.740608, 62.236229, 0.51403709E-4, 2.1789000, 0.59540667E-1, 0.25106294E-2, 2.5049107, 14088.027, 25443.180, 130807.09, 0.0000000, 0.0000000, 0.0000000, 0.0000000, 0.0000000
0.13315280, 2.2859387, 0.16036059, 0.68610054, 0.56160551, 0.39175990, 4.7340469, 64.740456, 62.236229, -0.10625727E-3, 2.1787910, 0.59540555E-1, 0.25107916E-2, 2.5051982, 14087.950, 25443.059, 130891.52, 0.0000000, 0.0000000, 0.0000000, 0.0000000, 0.0000000
0.13319014, 2.2859304, 0.16036640, 0.68613088, 0.56160957, 0.39176363, 4.7339807, 64.740280, 62.236229, 0.95982687E-5, 2.1791615, 0.59540506E-1, 0.25108836E-2, 2.5052583, 14087.954, 25443.068, 130976.19, 0.0000000, 0.0000000, 0.0000000, 0.0000000, 0.0000000
0.13320465, 2.2859457, 0.16037011, 0.68616807, 0.56160164, 0.39175919, 4.7338243, 64.740051, 62.236229, 0.94229836E-4, 2.1794541, 0.59540290E-1, 0.25111807E-2, 2.5053186, 14088.017, 25443.195, 131059.55, 0.0000000, 0.0000000, 0.0000000, 0.0000000, 0.0000000
0.13318299, 2.2859547, 0.16036344, 0.68617761, 0.56160760, 0.39176229, 4.7338419, 64.739830, 62.236229, 0.36865385E-4, 2.1792693, 0.59540167E-1, 0.25111053E-2, 2.5052814, 14088.133, 25443.375, 131145.16, 0.0000000, 0.0000000, 0.0000000, 0.0000000, 0.0000000
0.13320559, 2.2859814, 0.16037188, 0.68620276, 0.56161475, 0.39176938, 4.7338552, 64.739609, 62.236229, 0.55841811E-5, 2.1793740, 0.59540059E-1, 0.25112915E-2, 2.5054591, 14088.217, 25443.529, 131227.84, 0.0000000, 0.0000000, 0.0000000, 0.0000000, 0.0000000
0.13316932, 2.2859864, 0.16035263, 0.68618083, 0.56159592, 0.39175737, 4.7337947, 64.739380, 62.236229, 0.11747052E-3, 2.1793962, 0.59539974E-1, 0.25112911E-2, 2.5051949, 14088.315, 25443.650, 131311.66, 0.0000000, 0.0000000, 0.0000000, 0.0000000, 0.0000000
0.13317272, 2.2860026, 0.16035631, 0.68619025, 0.56160176, 0.39176124, 4.7338219, 64.739159, 62.236229, 0.34650089E-4, 2.1793678, 0.59539881E-1, 0.25113276E-2, 2.5053732, 14088.462, 25443.859, 131396.59, 0.0000000, 0.0000000, 0.0000000, 0.0000000, 0.0000000
0.13319717, 2.2860084, 0.16036664, 0.68618506, 0.56160319, 0.39176181, 4.7337656, 64.738930, 62.236229, 0.54312244E-4, 2.1793807, 0.59539668E-1, 0.25112838E-2, 2.5053368, 14088.600, 25444.090, 131479.05, 0.0000000, 0.0000000, 0.0000000, 0.0000000, 0.0000000
0.13315657, 2.2859974, 0.16036245, 0.68615711, 0.56161034, 0.39176393, 4.7339005, 64.738747, 62.236229, 0.15343539E-5, 2.1789958, 0.59539501E-1, 0.25110550E-2, 2.5051045, 14088.671, 25444.217, 131562.56, 0.0000000, 0.0000000, 0.0000000, 0.0000000, 0.0000000
0.13318910, 2.2860057, 0.16036724, 0.68617600, 0.56160623, 0.39176172, 4.7337890, 64.738525, 62.236229, 0.55628567E-4, 2.1793923, 0.59539206E-1, 0.25112701E-2, 2.5053477, 14088.769, 25444.305, 131647.16, 0.0000000, 0.0000000, 0.0000000, 0.0000000, 0.0000000
0.13315786, 2.2860084, 0.16034576, 0.68616676, 0.56158864, 0.39175370, 4.7337985, 64.738312, 62.236229, 0.48903166E-4, 2.1793141, 0.59539009E-1, 0.25113365E-2, 2.5052803, 14088.829, 25444.422, 131729.88, 0.0000000, 0.0000000, 0.0000000, 0.0000000, 0.0000000
0.13314275, 2.2859669, 0.16034834, 0.68610680, 0.56160331, 0.39176223, 4.7340112, 64.738159, 62.236229, -0.83814870E-4, 2.1787350, 0.59538737E-1, 0.25108003E-2, 2.5050781, 14088.947, 25444.596, 131812.22, 0.0000000, 0.0000000, 0.0000000, 0.0000000, 0.0000000
0.13315298, 2.2859242, 0.16035245, 0.68607354, 0.56159335, 0.39175573, 4.7339735, 64.738007, 62.236229, -0.70972601E-5, 2.1788890, 0.59538651E-1, 0.25107781E-2, 2.5050366, 14088.977, 25444.643, 131895.19, 0.0000000, 0.0000000, 0.0000000, 0.0000000, 0.0000000
0.13315819, 2.2859116, 0.16036369, 0.68610948, 0.56158614, 0.39174747, 4.7338319, 64.737793, 62.236229, 0.80024125E-4, 2.1792450, 0.59538573E-1, 0.25112047E-2, 2.5051475, 14089.024, 25444.727, 131979.56, 0.0000000, 0.0000000, 0.0000000, 0.0000000, 0.0000000
0.13316363, 2.2858922, 0.16035958, 0.68610412, 0.56161046, 0.39176545, 4.7340779, 64.737640, 62.236229, -0.11409045E-3, 2.1787162, 0.59538431E-1, 0.25108962E-2, 2.5051334, 14089.015, 25444.709, 132061.36, 0.0000000, 0.0000000, 0.0000000, 0.0000000, 0.0000000
0.13319640, 2.2858863, 0.16036776, 0.68613124, 0.56160247, 0.39175999, 4.7339501, 64.737434, 62.236229, 0.59826678E-4, 2.1792662, 0.59538219E-1, 0.25111658E-2, 2.5052195, 14089.021, 25444.713, 132144.27, 0.0000000, 0.0000000, 0.0000000, 0.0000000, 0.0000000
0.13321981, 2.2859251, 0.16037802, 0.68619829, 0.56161773, 0.39176980, 4.7339129, 64.737213, 62.236229, -0.25134068E-6, 2.1794612, 0.59538096E-1, 0.25114720E-2, 2.5055454, 14089.106, 25444.863, 132226.83, 0.0000000, 0.0000000, 0.0000000, 0.0000000, 0.0000000
0.13319591, 2.2859426, 0.16036354, 0.68618429, 0.56160003, 0.39176190, 4.7338605, 64.736984, 62.236229, 0.60629769E-4, 2.1793852, 0.59537899E-1, 0.25113958E-2, 2.5053151, 14089.154, 25444.945, 132310.31, 0.0000000, 0.0000000, 0.0000000, 0.0000000, 0.0000000
0.13318446, 2.2859552, 0.16036503, 0.68618959, 0.56160742, 0.39176321, 4.7338428, 64.736755, 62.236229, 0.28902767E-4, 2.1793532, 0.59537776E-1, 0.25113933E-2, 2.5053689, 14089.297, 25445.158, 132392.14, 0.0000000, 0.0000000, 0.0000000, 0.0000000, 0.0000000
0.13318934, 2.2859650, 0.16036774, 0.68619156, 0.56161672, 0.39176843, 4.7338791, 64.736534, 62.236229, 0.47201756E-5, 2.1792557, 0.59537664E-1, 0.25112906E-2, 2.5053365, 14089.365, 25445.277, 132473.28, 0.0000000, 0.0000000, 0.0000000, 0.0000000, 0.0000000
0.13320182, 2.2859740, 0.16036825, 0.68618983, 0.56160927, 0.39176551, 4.7338357, 64.736313, 62.236229, 0.54632052E-4, 2.1793621, 0.59537563E-1, 0.25114249E-2, 2.5053101, 14089.414, 25445.369, 132556.19, 0.0000000, 0.0000000, 0.0000000, 0.0000000, 0.0000000
0.13320202, 2.2859755, 0.16037007, 0.68617696, 0.56159723, 0.39175805, 4.7337298, 64.736076, 62.236229, 0.10296487E-3, 2.1793993, 0.59537444E-1, 0.25114492E-2, 2.5052218, 14089.566, 25445.600, 132638.41, 0.0000000, 0.0000000, 0.0000000, 0.0000000, 0.0000000
0.13320136, 2.2859840, 0.16036958, 0.68618810, 0.56160158, 0.39176065, 4.7337432, 64.735847, 62.236229, 0.30725103E-4, 2.1793427, 0.59537143E-1, 0.25115458E-2, 2.5053470, 14089.677, 25445.760, 132721.86, 0.0000000, 0.0000000, 0.0000000, 0.0000000, 0.0000000
0.13315475, 2.2859743, 0.16036224, 0.68615717, 0.56160975, 0.39176363, 4.7338991, 64.735664, 62.236229, -0.11111406E-4, 2.1789734, 0.59536871E-1, 0.25112380E-2, 2.5051024, 14089.705, 25445.795, 132803.08, 0.0000000, 0.0000000, 0.0000000, 0.0000000, 0.0000000
0.13316445, 2.2859502, 0.16036160, 0.68612731, 0.56162190, 0.39177456, 4.7340941, 64.735535, 62.236229, -0.10175200E-3, 2.1787796, 0.59536811E-1, 0.25109993E-2, 2.5051575, 14089.647, 25445.715, 132883.80, 0.0000000, 0.0000000, 0.0000000, 0.0000000, 0.0000000
0.13317931, 2.2859313, 0.16036180, 0.68612087, 0.56161469, 0.39177033, 4.7340937, 64.735420, 62.236229, -0.41469088E-4, 2.1789646, 0.59536774E-1, 0.25110615E-2, 2.5051856, 14089.538, 25445.557, 132966.12, 0.0000000, 0.0000000, 0.0000000, 0.0000000, 0.0000000
0.13315734, 2.2859323, 0.16034645, 0.68613589, 0.56157905, 0.39174393, 4.7337680, 64.735191, 62.236229, 0.22632840E-3, 2.1796000, 0.59536692E-1, 0.25114692E-2, 2.5051062, 14089.708, 25445.805, 133047.39, 0.0000000, 0.0000000, 0.0000000, 0.0000000, 0.0000000
0.13316557, 2.2859344, 0.16035198, 0.68614483, 0.56157655, 0.39174265, 4.7336831, 64.734940, 62.236229, 0.10490057E-3, 2.1794019, 0.59536528E-1, 0.25115185E-2, 2.5052142, 14089.934, 25446.197, 133129.31, 0.0000000, 0.0000000, 0.0000000, 0.0000000, 0.0000000
0.13314536, 2.2859013, 0.16034938, 0.68610018, 0.56160140, 0.39175978, 4.7340164, 64.734787, 62.236229, -0.13560892E-3, 2.1786325, 0.59536409E-1, 0.25109730E-2, 2.5050945, 14089.977, 25446.242, 133211.72, 0.0000000, 0.0000000, 0.0000000, 0.0000000, 0.0000000
0.13316023, 2.2858675, 0.16035822, 0.68608040, 0.56159711, 0.39175767, 4.7340040, 64.734627, 62.236229, -0.11263182E-6, 2.1789107, 0.59535805E-1, 0.25110261E-2, 2.5050244, 14089.913, 25446.135, 133292.91, 0.0000000, 0.0000000, 0.0000000, 0.0000000, 0.0000000
0.13316022, 2.2858856, 0.16036445, 0.68614686, 0.56159043, 0.39174899, 4.7338166, 64.734390, 62.236229, 0.86710555E-4, 2.1794920, 0.59535477E-1, 0.25115041E-2, 2.5053518, 14089.926, 25446.168, 133373.80, 0.0000000, 0.0000000, 0.0000000, 0.0000000, 0.0000000
0.13321824, 2.2859077, 0.16037826, 0.68619061, 0.56160921, 0.39176396, 4.7338109, 64.734146, 62.236229, -0.26148919E-5, 2.1794019, 0.59535138E-1, 0.25116149E-2, 2.5054822, 14090.053, 25446.398, 133454.02, 0.0000000, 0.0000000, 0.0000000, 0.0000000, 0.0000000
0.13316014, 2.2859244, 0.16036586, 0.68618840, 0.56161553, 0.39176551, 4.7339191, 64.733940, 62.236229, -0.21398126E-4, 2.1791720, 0.59535056E-1, 0.25113972E-2, 2.5053113, 14090.069, 25446.430, 133534.78, 0.0000000, 0.0000000, 0.0000000, 0.0000000, 0.0000000
0.13314675, 2.2859011, 0.16035321, 0.68613440, 0.56161475, 0.39176899, 4.7341228, 64.733795, 62.236229, -0.70987619E-4, 2.1788023, 0.59534844E-1, 0.25111013E-2, 2.5050917, 14090.032, 25446.355, 133615.12, 0.0000000, 0.0000000, 0.0000000, 0.0000000, 0.0000000
0.13321349, 2.2859147, 0.16037433, 0.68616575, 0.56159753, 0.39175785, 4.7337890, 64.733559, 62.236229, 0.13818668E-3, 2.1796656, 0.59534736E-1, 0.25116326E-2, 2.5053837, 14090.171, 25446.553, 133696.56, 0.0000000, 0.0000000, 0.0000000, 0.0000000, 0.0000000
0.13316932, 2.2859225, 0.16035174, 0.68616444, 0.56159103, 0.39175287, 4.7338171, 64.733322, 62.236229, 0.74120238E-4, 2.1792927, 0.59534635E-1, 0.25116059E-2, 2.5051763, 14090.351, 25446.828, 133776.86, 0.0000000, 0.0000000, 0.0000000, 0.0000000, 0.0000000
0.13319752, 2.2859354, 0.16037317, 0.68619007, 0.56161112, 0.39176473, 4.7338233, 64.733093, 62.236229, 0.42236643E-5, 2.1793411, 0.59534542E-1, 0.25116170E-2, 2.5054026, 14090.474, 25447.020, 133857.56, 0.0000000, 0.0000000, 0.0000000, 0.0000000, 0.0000000
0.13315739, 2.2859602, 0.16036555, 0.68620002, 0.56161296, 0.39176670, 4.7338905, 64.732887, 62.236229, -0.12465782E-4, 2.1792696, 0.59534449E-1, 0.25116086E-2, 2.5053778, 14090.483, 25447.033, 133937.56, 0.0000000, 0.0000000, 0.0000000, 0.0000000, 0.0000000
0.13319001, 2.2859631, 0.16036835, 0.68619305, 0.56161892, 0.39176959, 4.7338705, 64.732666, 62.236229, 0.49373775E-5, 2.1793106, 0.59534237E-1, 0.25115139E-2, 2.5053751, 14090.598, 25447.160, 134018.03, 0.0000000, 0.0000000, 0.0000000, 0.0000000, 0.0000000
0.13320376, 2.2859762, 0.16036858, 0.68618715, 0.56160796, 0.39176485, 4.7337995, 64.732437, 62.236229, 0.62671970E-4, 2.1793926, 0.59534069E-1, 0.25116417E-2, 2.5053051, 14090.646, 25447.252, 134097.81, 0.0000000, 0.0000000, 0.0000000, 0.0000000, 0.0000000
0.13315785, 2.2859683, 0.16036300, 0.68616456, 0.56160593, 0.39176145, 4.7338767, 64.732246, 62.236229, 0.96435542E-5, 2.1791000, 0.59533771E-1, 0.25115393E-2, 2.5051572, 14090.703, 25447.361, 134177.98, 0.0000000, 0.0000000, 0.0000000, 0.0000000, 0.0000000
0.13319810, 2.2859790, 0.16037171, 0.68618351, 0.56160891, 0.39176357, 4.7337785, 64.732018, 62.236229, 0.48576883E-4, 2.1794112, 0.59533581E-1, 0.25116564E-2, 2.5053568, 14090.790, 25447.520, 134257.56, 0.0000000, 0.0000000, 0.0000000, 0.0000000, 0.0000000
0.13319899, 2.2859893, 0.16036798, 0.68618625, 0.56160718, 0.39176348, 4.7337704, 64.731796, 62.236229, 0.31584903E-4, 2.1793153, 0.59533294E-1, 0.25116985E-2, 2.5053003, 14090.913, 25447.736, 134337.58, 0.0000000, 0.0000000, 0.0000000, 0.0000000, 0.0000000
0.13319017, 2.2859993, 0.16036868, 0.68619466, 0.56161886, 0.39177030, 4.7338419, 64.731583, 62.236229, -0.23392058E-4, 2.1792195, 0.59533171E-1, 0.25116086E-2, 2.5053475, 14090.968, 25447.807, 134416.86, 0.0000000, 0.0000000, 0.0000000, 0.0000000, 0.0000000
0.13321058, 2.2860310, 0.16037527, 0.68622428, 0.56163120, 0.39178091, 4.7338905, 64.731384, 62.236229, -0.54109289E-4, 2.1793349, 0.59533093E-1, 0.25117744E-2, 2.5055354, 14090.907, 25447.703, 134496.78, 0.0000000, 0.0000000, 0.0000000, 0.0000000, 0.0000000
0.13315511, 2.2860360, 0.16036412, 0.68620396, 0.56162673, 0.39177403, 4.7339110, 64.731232, 62.236229, -0.13981626E-4, 2.1792300, 0.59532952E-1, 0.25115402E-2, 2.5053391, 14090.861, 25447.648, 134576.03, 0.0000000, 0.0000000, 0.0000000, 0.0000000, 0.0000000
0.13321441, 2.2860503, 0.16037773, 0.68620670, 0.56161612, 0.39177135, 4.7337866, 64.731026, 62.236229, 0.40382394E-4, 2.1794870, 0.59532735E-1, 0.25117623E-2, 2.5054476, 14090.894, 25447.705, 134655.09, 0.0000000, 0.0000000, 0.0000000, 0.0000000, 0.0000000
0.13321894, 2.2860827, 0.16038184, 0.68623549, 0.56163532, 0.39178365, 4.7338696, 64.730827, 62.236229, -0.56910765E-4, 2.1793394, 0.59532639E-1, 0.25117979E-2, 2.5055430, 14090.922, 25447.738, 134734.23, 0.0000000, 0.0000000, 0.0000000, 0.0000000, 0.0000000
0.13316128, 2.2860796, 0.16036475, 0.68620515, 0.56162512, 0.39177325, 4.7338696, 64.730652, 62.236229, 0.34104538E-4, 2.1792417, 0.59532441E-1, 0.25115099E-2, 2.5052261, 14090.933, 25447.756, 134813.64, 0.0000000, 0.0000000, 0.0000000, 0.0000000, 0.0000000
0.13320480, 2.2860990, 0.16037297, 0.68622053, 0.56162477, 0.39177752, 4.7338443, 64.730469, 62.236229, -0.18466002E-4, 2.1794059, 0.59532341E-1, 0.25117721E-2, 2.5055165, 14090.920, 25447.748, 134892.55, 0.0000000, 0.0000000, 0.0000000, 0.0000000, 0.0000000
0.13315091, 2.2860808, 0.16036224, 0.68617511, 0.56162149, 0.39177331, 4.7339425, 64.730331, 62.236229, -0.37954829E-4, 2.1790059, 0.59532244E-1, 0.25113928E-2, 2.5051877, 14090.945, 25447.783, 134972.09, 0.0000000, 0.0000000, 0.0000000, 0.0000000, 0.0000000
0.13315222, 2.2860727, 0.16036141, 0.68617696, 0.56161267, 0.39176348, 4.7338095, 64.730133, 62.236229, 0.62734922E-4, 2.1793649, 0.59532169E-1, 0.25115311E-2, 2.5052774, 14090.977, 25447.822, 135050.94, 0.0000000, 0.0000000, 0.0000000, 0.0000000, 0.0000000
0.13316129, 2.2860684, 0.16036640, 0.68617874, 0.56160718, 0.39176074, 4.7337451, 64.729904, 62.236229, 0.53338881E-4, 2.1793323, 0.59532087E-1, 0.25116485E-2, 2.5052617, 14091.069, 25447.949, 135127.97, 0.0000000, 0.0000000, 0.0000000, 0.0000000, 0.0000000
0.13318215, 2.2860706, 0.16036510, 0.68619102, 0.56161964, 0.39176917, 4.7338157, 64.729698, 62.236229, -0.45286812E-4, 2.1792085, 0.59531908E-1, 0.25115709E-2, 2.5053926, 14091.067, 25447.957, 135206.77, 0.0000000, 0.0000000, 0.0000000, 0.0000000, 0.0000000
0.13319640, 2.2860687, 0.16037047, 0.68619442, 0.56161761, 0.39176992, 4.7337832, 64.729492, 62.236229, 0.10705378E-4, 2.1793201, 0.59531529E-1, 0.25116920E-2, 2.5053570, 14091.087, 25447.988, 135284.17, 0.0000000, 0.0000000, 0.0000000, 0.0000000, 0.0000000
0.13320766, 2.2860799, 0.16037282, 0.68619627, 0.56161028, 0.39176804, 4.7337542, 64.729294, 62.236229, -0.10306831E-5, 2.1793535, 0.59531417E-1, 0.25118126E-2, 2.5054212, 14091.062, 25447.939, 135362.56, 0.0000000, 0.0000000, 0.0000000, 0.0000000, 0.0000000
0.13315001, 2.2860596, 0.16036119, 0.68616366, 0.56161517, 0.39176831, 4.7338853, 64.729141, 62.236229, -0.53273019E-4, 2.1789582, 0.59531353E-1, 0.25114168E-2, 2.5051765, 14091.090, 25447.988, 135440.61, 0.0000000, 0.0000000, 0.0000000, 0.0000000, 0.0000000
0.13318720, 2.2860620, 0.16036437, 0.68617886, 0.56160766, 0.39176318, 4.7337360, 64.728928, 62.236229, 0.52104020E-4, 2.1794417, 0.59531271E-1, 0.25117125E-2, 2.5053701, 14091.122, 25448.031, 135519.03, 0.0000000, 0.0000000, 0.0000000, 0.0000000, 0.0000000
0.13320635, 2.2860732, 0.16037230, 0.68619204, 0.56160820, 0.39176580, 4.7337050, 64.728714, 62.236229, 0.20856096E-4, 2.1793475, 0.59531104E-1, 0.25117935E-2, 2.5053556, 14091.172, 25448.107, 135596.22, 0.0000000, 0.0000000, 0.0000000, 0.0000000, 0.0000000
0.13316095, 2.2860742, 0.16036633, 0.68618929, 0.56160891, 0.39176309, 4.7337122, 64.728493, 62.236229, 0.30981188E-4, 2.1792667, 0.59531007E-1, 0.25117130E-2, 2.5052495, 14091.280, 25448.275, 135672.77, 0.0000000, 0.0000000, 0.0000000, 0.0000000, 0.0000000
0.13319543, 2.2860756, 0.16036451, 0.68618309, 0.56160128, 0.39176118, 4.7336612, 64.728271, 62.236229, 0.36228070E-4, 2.1793559, 0.59530355E-1, 0.25117523E-2, 2.5053210, 14091.354, 25448.379, 135750.94, 0.0000000, 0.0000000, 0.0000000, 0.0000000, 0.0000000
0.13321088, 2.2860780, 0.16037363, 0.68618912, 0.56160790, 0.39176589, 4.7336507, 64.728050, 62.236229, 0.15412501E-4, 2.1793072, 0.59529968E-1, 0.25117870E-2, 2.5053270, 14091.443, 25448.518, 135828.47, 0.0000000, 0.0000000, 0.0000000, 0.0000000, 0.0000000
0.13316923, 2.2860975, 0.16035663, 0.68621129, 0.56161708, 0.39177203, 4.7337890, 64.727852, 62.236229, -0.30782161E-4, 2.1792769, 0.59529696E-1, 0.25118818E-2, 2.5054069, 14091.426, 25448.494, 135906.30, 0.0000000, 0.0000000, 0.0000000, 0.0000000, 0.0000000
0.13317068, 2.2860937, 0.16035697, 0.68617988, 0.56159514, 0.39175752, 4.7336402, 64.727623, 62.236229, 0.12924006E-3, 2.1794653, 0.59529617E-1, 0.25118520E-2, 2.5051906, 14091.537, 25448.668, 135982.73, 0.0000000, 0.0000000, 0.0000000, 0.0000000, 0.0000000
0.13319647, 2.2860949, 0.16036563, 0.68617958, 0.56159610, 0.39175886, 4.7336311, 64.727402, 62.236229, 0.10468357E-5, 2.1793308, 0.59529375E-1, 0.25118361E-2, 2.5053833, 14091.658, 25448.875, 136058.73, 0.0000000, 0.0000000, 0.0000000, 0.0000000, 0.0000000
0.13321230, 2.2861195, 0.16037761, 0.68622303, 0.56163001, 0.39178002, 4.7337818, 64.727203, 62.236229, -0.10495182E-3, 2.1792228, 0.59529245E-1, 0.25119032E-2, 2.5055439, 14091.639, 25448.834, 136136.73, 0.0000000, 0.0000000, 0.0000000, 0.0000000, 0.0000000
0.13319467, 2.2861087, 0.16036364, 0.68617570, 0.56160790, 0.39176920, 4.7337847, 64.727058, 62.236229, 0.58585138E-5, 2.1791630, 0.59529178E-1, 0.25117251E-2, 2.5052154, 14091.565, 25448.721, 136212.64, 0.0000000, 0.0000000, 0.0000000, 0.0000000, 0.0000000
0.13315782, 2.2861078, 0.16035652, 0.68617719, 0.56160450, 0.39176193, 4.7337084, 64.726860, 62.236229, 0.55167329E-4, 2.1793375, 0.59529126E-1, 0.25117975E-2, 2.5052557, 14091.695, 25448.945, 136288.30, 0.0000000, 0.0000000, 0.0000000, 0.0000000, 0.0000000
0.13318312, 2.2861040, 0.16036321, 0.68618548, 0.56161779, 0.39176849, 4.7337260, 64.726654, 62.236229, -0.27823582E-4, 2.1792336, 0.59529047E-1, 0.25116978E-2, 2.5053606, 14091.807, 25449.127, 136366.45, 0.0000000, 0.0000000, 0.0000000, 0.0000000, 0.0000000
0.13319856, 2.2861161, 0.16037312, 0.68621129, 0.56162590, 0.39177758, 4.7337875, 64.726463, 62.236229, -0.73305564E-4, 2.1792786, 0.59528962E-1, 0.25118536E-2, 2.5055163, 14091.722, 25448.973, 136443.31, 0.0000000, 0.0000000, 0.0000000, 0.0000000, 0.0000000
0.13319685, 2.2861199, 0.16037145, 0.68620789, 0.56162280, 0.39177456, 4.7337461, 64.726280, 62.236229, 0.31132367E-5, 2.1793580, 0.59528723E-1, 0.25117530E-2, 2.5054038, 14091.764, 25449.039, 136516.98, 0.0000000, 0.0000000, 0.0000000, 0.0000000, 0.0000000
0.13317612, 2.2861359, 0.16036095, 0.68621129, 0.56161529, 0.39177224, 4.7337484, 64.726112, 62.236229, 0.12156044E-4, 2.1793857, 0.59528604E-1, 0.25119223E-2, 2.5054028, 14091.765, 25449.051, 136594.83, 0.0000000, 0.0000000, 0.0000000, 0.0000000, 0.0000000
0.13314551, 2.2861040, 0.16035484, 0.68615544, 0.56162518, 0.39177689, 4.7339849, 64.726013, 62.236229, -0.91021473E-4, 2.1787603, 0.59528340E-1, 0.25114685E-2, 2.5050714, 14091.774, 25449.043, 136671.23, 0.0000000, 0.0000000, 0.0000000, 0.0000000, 0.0000000
0.13318619, 2.2860861, 0.16036552, 0.68615031, 0.56160432, 0.39176351, 4.7337694, 64.725838, 62.236229, 0.66740336E-4, 2.1793554, 0.59528228E-1, 0.25117360E-2, 2.5052512, 14091.771, 25449.059, 136744.92, 0.0000000, 0.0000000, 0.0000000, 0.0000000, 0.0000000
0.13316141, 2.2860863, 0.16036893, 0.68617809, 0.56160891, 0.39176244, 4.7337217, 64.725624, 62.236229, 0.22842098E-4, 2.1793065, 0.59527919E-1, 0.25117965E-2, 2.5053062, 14091.820, 25449.141, 136822.34, 0.0000000, 0.0000000, 0.0000000, 0.0000000, 0.0000000
0.13314751, 2.2860377, 0.16034973, 0.68611312, 0.56161159, 0.39176822, 4.7339597, 64.725502, 62.236229, -0.12984421E-3, 2.1786826, 0.59527833E-1, 0.25112918E-2, 2.5051026, 14091.782, 25449.047, 136897.44, 0.0000000, 0.0000000, 0.0000000, 0.0000000, 0.0000000
0.13315946, 2.2860250, 0.16036679, 0.68613088, 0.56159532, 0.39175409, 4.7337270, 64.725296, 62.236229, 0.92945906E-4, 2.1793602, 0.59527747E-1, 0.25117223E-2, 2.5051894, 14091.810, 25449.127, 136972.31, 0.0000000, 0.0000000, 0.0000000, 0.0000000, 0.0000000
0.13316040, 2.2859900, 0.16035861, 0.68610775, 0.56160992, 0.39176631, 4.7339420, 64.725151, 62.236229, -0.13795574E-3, 2.1787152, 0.59527658E-1, 0.25112957E-2, 2.5051525, 14091.792, 25449.061, 137048.62, 0.0000000, 0.0000000, 0.0000000, 0.0000000, 0.0000000
0.13318793, 2.2859895, 0.16036925, 0.68616009, 0.56160313, 0.39175820, 4.7336826, 64.724915, 62.236229, 0.97253433E-4, 2.1795280, 0.59527524E-1, 0.25118133E-2, 2.5053322, 14091.812, 25449.139, 137124.08, 0.0000000, 0.0000000, 0.0000000, 0.0000000, 0.0000000
0.13321306, 2.2860022, 0.16037627, 0.68618536, 0.56161028, 0.39176571, 4.7336779, 64.724686, 62.236229, 0.90494141E-5, 2.1793275, 0.59527259E-1, 0.25118655E-2, 2.5053573, 14091.911, 25449.299, 137199.14, 0.0000000, 0.0000000, 0.0000000, 0.0000000, 0.0000000
0.13315421, 2.2860010, 0.16036318, 0.68618661, 0.56160861, 0.39176199, 4.7336998, 64.724457, 62.236229, 0.32908880E-4, 2.1792808, 0.59527181E-1, 0.25118249E-2, 2.5052471, 14091.965, 25449.363, 137273.34, 0.0000000, 0.0000000, 0.0000000, 0.0000000, 0.0000000
0.13314830, 2.2859809, 0.16035759, 0.68615329, 0.56161273, 0.39176491, 4.7338223, 64.724281, 62.236229, -0.27540926E-4, 2.1789956, 0.59526961E-1, 0.25115286E-2, 2.5051346, 14091.977, 25449.395, 137348.67, 0.0000000, 0.0000000, 0.0000000, 0.0000000, 0.0000000
0.13319382, 2.2859685, 0.16036856, 0.68614024, 0.56159455, 0.39175653, 4.7336640, 64.724060, 62.236229, 0.71412011E-4, 2.1793356, 0.59526864E-1, 0.25118196E-2, 2.5052116, 14092.074, 25449.518, 137422.84, 0.0000000, 0.0000000, 0.0000000, 0.0000000, 0.0000000
0.13320506, 2.2859850, 0.16036960, 0.68617976, 0.56160766, 0.39176404, 4.7336760, 64.723831, 62.236229, -0.58190199E-6, 2.1793084, 0.59526749E-1, 0.25119120E-2, 2.5053596, 14092.145, 25449.645, 137497.06, 0.0000000, 0.0000000, 0.0000000, 0.0000000, 0.0000000
0.13319166, 2.2859945, 0.16036774, 0.68618858, 0.56161076, 0.39176503, 4.7336645, 64.723602, 62.236229, 0.15145110E-4, 2.1793265, 0.59526641E-1, 0.25119055E-2, 2.5053327, 14092.183, 25449.721, 137571.12, 0.0000000, 0.0000000, 0.0000000, 0.0000000, 0.0000000
0.13321583, 2.2860272, 0.16037802, 0.68622488, 0.56162882, 0.39177889, 4.7337360, 64.723381, 62.236229, -0.60758670E-4, 2.1793694, 0.59526462E-1, 0.25120010E-2, 2.5055656, 14092.183, 25449.715, 137646.27, 0.0000000, 0.0000000, 0.0000000, 0.0000000, 0.0000000
0.13318944, 2.2860389, 0.16036645, 0.68620628, 0.56162894, 0.39177796, 4.7337937, 64.723198, 62.236229, -0.44381042E-4, 2.1792371, 0.59526082E-1, 0.25117621E-2, 2.5054014, 14092.117, 25449.592, 137720.12, 0.0000000, 0.0000000, 0.0000000, 0.0000000, 0.0000000
0.13318725, 2.2860417, 0.16036546, 0.68619728, 0.56161517, 0.39176917, 4.7336893, 64.723000, 62.236229, 0.46288216E-4, 2.1794119, 0.59525982E-1, 0.25118829E-2, 2.5053413, 14092.153, 25449.670, 137794.08, 0.0000000, 0.0000000, 0.0000000, 0.0000000, 0.0000000
0.13319772, 2.2860613, 0.16037436, 0.68620759, 0.56161958, 0.39177203, 4.7336559, 64.722778, 62.236229, 0.10301708E-4, 2.1793950, 0.59525903E-1, 0.25119393E-2, 2.5054128, 14092.218, 25449.803, 137867.86, 0.0000000, 0.0000000, 0.0000000, 0.0000000, 0.0000000
0.13319872, 2.2860644, 0.16036858, 0.68619454, 0.56161094, 0.39176735, 4.7336240, 64.722565, 62.236229, 0.44560060E-4, 2.1793523, 0.59525799E-1, 0.25119474E-2, 2.5052819, 14092.330, 25449.947, 137942.75, 0.0000000, 0.0000000, 0.0000000, 0.0000000, 0.0000000
0.13315850, 2.2860649, 0.16036293, 0.68618548, 0.56160599, 0.39176127, 4.7335944, 64.722336, 62.236229, 0.51830997E-4, 2.1793177, 0.59525639E-1, 0.25119137E-2, 2.5052295, 14092.445, 25450.100, 138016.33, 0.0000000, 0.0000000, 0.0000000, 0.0000000, 0.0000000
0.13321666, 2.2860837, 0.16037978, 0.68621224, 0.56162024, 0.39177355, 4.7336249, 64.722130, 62.236229, -0.49211434E-4, 2.1793602, 0.59525516E-1, 0.25120447E-2, 2.5055230, 14092.468, 25450.137, 138089.89, 0.0000000, 0.0000000, 0.0000000, 0.0000000, 0.0000000
0.13319293, 2.2860959, 0.16036831, 0.68620896, 0.56162429, 0.39177617, 4.7337198, 64.721939, 62.236229, -0.67043176E-4, 2.1792319, 0.59524894E-1, 0.25119667E-2, 2.5054467, 14092.383, 25450.027, 138163.11, 0.0000000, 0.0000000, 0.0000000, 0.0000000, 0.0000000
0.13320971, 2.2861044, 0.16037257, 0.68620688, 0.56161654, 0.39177322, 4.7336416, 64.721741, 62.236229, 0.26621201E-4, 2.1794176, 0.59524518E-1, 0.25120205E-2, 2.5053906, 14092.384, 25450.002, 138236.61, 0.0000000, 0.0000000, 0.0000000, 0.0000000, 0.0000000
0.13320208, 2.2861228, 0.16037263, 0.68620980, 0.56161743, 0.39177385, 4.7336645, 64.721550, 62.236229, -0.37250196E-4, 2.1793194, 0.59524253E-1, 0.25120478E-2, 2.5054548, 14092.355, 25449.982, 138309.27, 0.0000000, 0.0000000, 0.0000000, 0.0000000, 0.0000000
0.13319585, 2.2861276, 0.16036482, 0.68619937, 0.56160903, 0.39176923, 4.7336469, 64.721359, 62.236229, -0.10987133E-4, 2.1793492, 0.59524182E-1, 0.25119702E-2, 2.5054185, 14092.361, 25449.984, 138382.20, 0.0000000, 0.0000000, 0.0000000, 0.0000000, 0.0000000
0.13316415, 2.2861264, 0.16036955, 0.68621337, 0.56163293, 0.39177758, 4.7337346, 64.721176, 62.236229, -0.64435648E-4, 2.1792016, 0.59523962E-1, 0.25117928E-2, 2.5054104, 14092.390, 25450.027, 138455.45, 0.0000000, 0.0000000, 0.0000000, 0.0000000, 0.0000000
0.13310255, 2.2860711, 0.16033602, 0.68611544, 0.56160748, 0.39176702, 4.7338967, 64.721092, 62.236229, -0.60416147E-4, 2.1787438, 0.59523873E-1, 0.25113490E-2, 2.5049779, 14092.271, 25449.871, 138528.38, 0.0000000, 0.0000000, 0.0000000, 0.0000000, 0.0000000
0.13312590, 2.2860126, 0.16034408, 0.68608087, 0.56158376, 0.39174742, 4.7336230, 64.720894, 62.236229, 0.11603945E-3, 2.1792157, 0.59523795E-1, 0.25114131E-2, 2.5049891, 14092.403, 25450.031, 138601.42, 0.0000000, 0.0000000, 0.0000000, 0.0000000, 0.0000000
0.13315852, 2.2860065, 0.16034968, 0.68612176, 0.56157535, 0.39173996, 4.7334619, 64.720642, 62.236229, 0.10284550E-3, 2.1794326, 0.59523724E-1, 0.25119712E-2, 2.5052116, 14092.529, 25450.254, 138673.83, 0.0000000, 0.0000000, 0.0000000, 0.0000000, 0.0000000
0.13315430, 2.2860062, 0.16036542, 0.68615806, 0.56159723, 0.39175090, 4.7334971, 64.720375, 62.236229, 0.14117773E-4, 2.1792500, 0.59523627E-1, 0.25119404E-2, 2.5052559, 14092.667, 25450.455, 138746.48, 0.0000000, 0.0000000, 0.0000000, 0.0000000, 0.0000000
0.13315974, 2.2859740, 0.16034813, 0.68611789, 0.56161249, 0.39176896, 4.7338586, 64.720238, 62.236229, -0.16573156E-3, 2.1786187, 0.59523530E-1, 0.25115216E-2, 2.5051184, 14092.543, 25450.264, 138819.53, 0.0000000, 0.0000000, 0.0000000, 0.0000000, 0.0000000
0.13316801, 2.2859831, 0.16035321, 0.68615490, 0.56158900, 0.39175162, 4.7335706, 64.720001, 62.236229, 0.13605472E-3, 2.1796179, 0.59523340E-1, 0.25120501E-2, 2.5053086, 14092.528, 25450.248, 138889.84, 0.0000000, 0.0000000, 0.0000000, 0.0000000, 0.0000000
0.13319847, 2.2859774, 0.16037188, 0.68615729, 0.56160516, 0.39176172, 4.7336063, 64.719772, 62.236229, -0.13709447E-4, 2.1791749, 0.59523158E-1, 0.25119050E-2, 2.5052598, 14092.720, 25450.516, 138962.16, 0.0000000, 0.0000000, 0.0000000, 0.0000000, 0.0000000
0.13319309, 2.2859881, 0.16037229, 0.68618101, 0.56160969, 0.39176321, 4.7335844, 64.719536, 62.236229, 0.10892691E-4, 2.1793318, 0.59522830E-1, 0.25119875E-2, 2.5053420, 14092.741, 25450.566, 139032.67, 0.0000000, 0.0000000, 0.0000000, 0.0000000, 0.0000000
0.13316967, 2.2860038, 0.16035485, 0.68619031, 0.56160390, 0.39176294, 4.7336178, 64.719322, 62.236229, 0.16109276E-4, 2.1793437, 0.59522480E-1, 0.25120899E-2, 2.5053339, 14092.732, 25450.559, 139105.11, 0.0000000, 0.0000000, 0.0000000, 0.0000000, 0.0000000
0.13316032, 2.2859938, 0.16036330, 0.68616188, 0.56161326, 0.39176592, 4.7336850, 64.719124, 62.236229, -0.35020639E-6, 2.1790957, 0.59522375E-1, 0.25117893E-2, 2.5051489, 14092.837, 25450.723, 139176.83, 0.0000000, 0.0000000, 0.0000000, 0.0000000, 0.0000000
0.13316396, 2.2859957, 0.16035004, 0.68615687, 0.56158525, 0.39174974, 4.7335267, 64.718887, 62.236229, 0.11763639E-3, 2.1794870, 0.59522271E-1, 0.25120531E-2, 2.5052204, 14092.908, 25450.805, 139248.59, 0.0000000, 0.0000000, 0.0000000, 0.0000000, 0.0000000
0.13320060, 2.2860100, 0.16036575, 0.68618041, 0.56160170, 0.39176115, 4.7335501, 64.718651, 62.236229, -0.32039970E-4, 2.1793547, 0.59522107E-1, 0.25120836E-2, 2.5054710, 14093.015, 25450.994, 139318.84, 0.0000000, 0.0000000, 0.0000000, 0.0000000, 0.0000000
0.13316542, 2.2860217, 0.16035131, 0.68618125, 0.56159317, 0.39175534, 4.7335324, 64.718414, 62.236229, 0.71565999E-4, 2.1794212, 0.59521858E-1, 0.25121665E-2, 2.5052643, 14093.063, 25451.076, 139390.98, 0.0000000, 0.0000000, 0.0000000, 0.0000000, 0.0000000
0.13322355, 2.2860491, 0.16038276, 0.68622714, 0.56163138, 0.39178017, 4.7336612, 64.718201, 62.236229, -0.11142119E-3, 2.1793044, 0.59521753E-1, 0.25121595E-2, 2.5056176, 14093.093, 25451.117, 139460.92, 0.0000000, 0.0000000, 0.0000000, 0.0000000, 0.0000000
0.13319707, 2.2860529, 0.16037314, 0.68621433, 0.56163269, 0.39177942, 4.7337227, 64.718025, 62.236229, -0.38820028E-4, 2.1792204, 0.59521552E-1, 0.25119239E-2, 2.5053551, 14093.021, 25451.000, 139532.58, 0.0000000, 0.0000000, 0.0000000, 0.0000000, 0.0000000
0.13316505, 2.2860754, 0.16036896, 0.68621880, 0.56162536, 0.39177558, 4.7336998, 64.717827, 62.236229, -0.18438150E-5, 2.1793983, 0.59521444E-1, 0.25120662E-2, 2.5054309, 14093.018, 25450.998, 139602.11, 0.0000000, 0.0000000, 0.0000000, 0.0000000, 0.0000000
0.13311587, 2.2860320, 0.16033883, 0.68612945, 0.56161380, 0.39176989, 4.7338986, 64.717735, 62.236229, -0.73606003E-4, 2.1787567, 0.59521355E-1, 0.25115414E-2, 2.5050092, 14093.020, 25451.012, 139671.84, 0.0000000, 0.0000000, 0.0000000, 0.0000000, 0.0000000
0.13314480, 2.2859857, 0.16035448, 0.68609512, 0.56159806, 0.39175892, 4.7337456, 64.717590, 62.236229, 0.27334652E-4, 2.1790347, 0.59521299E-1, 0.25115914E-2, 2.5050304, 14093.105, 25451.131, 139743.45, 0.0000000, 0.0000000, 0.0000000, 0.0000000, 0.0000000
0.13314261, 2.2859442, 0.16035397, 0.68608314, 0.56159461, 0.39175472, 4.7337508, 64.717430, 62.236229, -0.16554259E-4, 2.1788902, 0.59521239E-1, 0.25115968E-2, 2.5049975, 14093.126, 25451.156, 139812.94, 0.0000000, 0.0000000, 0.0000000, 0.0000000, 0.0000000
0.13316081, 2.2859058, 0.16035987, 0.68607563, 0.56159669, 0.39175671, 4.7337546, 64.717262, 62.236229, -0.28095703E-4, 2.1788900, 0.59521165E-1, 0.25115949E-2, 2.5050244, 14093.115, 25451.143, 139882.17, 0.0000000, 0.0000000, 0.0000000, 0.0000000, 0.0000000
0.13319650, 2.2859142, 0.16036294, 0.68613756, 0.56158364, 0.39174780, 4.7335134, 64.717026, 62.236229, 0.10355795E-3, 2.1795444, 0.59521001E-1, 0.25120699E-2, 2.5053105, 14093.125, 25451.170, 139953.36, 0.0000000, 0.0000000, 0.0000000, 0.0000000, 0.0000000
0.13319124, 2.2859209, 0.16036892, 0.68615621, 0.56160802, 0.39176360, 4.7336631, 64.716797, 62.236229, -0.69932343E-4, 2.1790459, 0.59520613E-1, 0.25119940E-2, 2.5052664, 14093.196, 25451.281, 140024.03, 0.0000000, 0.0000000, 0.0000000, 0.0000000, 0.0000000
0.13316384, 2.2859447, 0.16035192, 0.68618280, 0.56160170, 0.39176026, 4.7336435, 64.716576, 62.236229, 0.33900738E-4, 2.1794057, 0.59520505E-1, 0.25121646E-2, 2.5053468, 14093.151, 25451.213, 140093.31, 0.0000000, 0.0000000, 0.0000000, 0.0000000, 0.0000000
0.13318031, 2.2859318, 0.16036046, 0.68616068, 0.56163198, 0.39178056, 4.7339301, 64.716431, 62.236229, -0.14822168E-3, 2.1788046, 0.59520420E-1, 0.25117400E-2, 2.5052369, 14093.152, 25451.193, 140162.20, 0.0000000, 0.0000000, 0.0000000, 0.0000000, 0.0000000
0.13320661, 2.2859490, 0.16037397, 0.68618357, 0.56161040, 0.39176592, 4.7336483, 64.716202, 62.236229, 0.11686161E-3, 2.1796229, 0.59520341E-1, 0.25120969E-2, 2.5053532, 14093.167, 25451.229, 140231.23, 0.0000000, 0.0000000, 0.0000000, 0.0000000, 0.0000000
0.13322702, 2.2859938, 0.16038571, 0.68623257, 0.56163567, 0.39178273, 4.7337298, 64.715981, 62.236229, -0.76902827E-4, 2.1793902, 0.59520178E-1, 0.25121875E-2, 2.5056057, 14093.219, 25451.303, 140300.39, 0.0000000, 0.0000000, 0.0000000, 0.0000000, 0.0000000
0.13316032, 2.2860045, 0.16036615, 0.68620640, 0.56161571, 0.39177072, 4.7337275, 64.715782, 62.236229, 0.10976437E-4, 2.1793461, 0.59520055E-1, 0.25121050E-2, 2.5053456, 14093.164, 25451.230, 140369.38, 0.0000000, 0.0000000, 0.0000000, 0.0000000, 0.0000000
0.13319187, 2.2860060, 0.16037141, 0.68619210, 0.56161129, 0.39176521, 4.7336082, 64.715546, 62.236229, 0.64330612E-4, 2.1794581, 0.59519216E-1, 0.25120846E-2, 2.5053213, 14093.337, 25451.477, 140438.33, 0.0000000, 0.0000000, 0.0000000, 0.0000000, 0.0000000
0.13320337, 2.2860115, 0.16037121, 0.68619329, 0.56160802, 0.39176485, 4.7336049, 64.715309, 62.236229, 0.26715090E-4, 2.1793594, 0.59518889E-1, 0.25121849E-2, 2.5053177, 14093.411, 25451.588, 140506.89, 0.0000000, 0.0000000, 0.0000000, 0.0000000, 0.0000000
0.13316993, 2.2860281, 0.16035615, 0.68620670, 0.56161380, 0.39176899, 4.7336898, 64.715080, 62.236229, -0.43051550E-5, 2.1793561, 0.59518758E-1, 0.25122366E-2, 2.5053880, 14093.426, 25451.621, 140575.42, 0.0000000, 0.0000000, 0.0000000, 0.0000000, 0.0000000
0.13321356, 2.2860405, 0.16037768, 0.68620402, 0.56161046, 0.39176762, 4.7335792, 64.714851, 62.236229, 0.40838786E-4, 2.1795008, 0.59518535E-1, 0.25122371E-2, 2.5054169, 14093.568, 25451.900, 140643.88, 0.0000000, 0.0000000, 0.0000000, 0.0000000, 0.0000000
0.13318974, 2.2860494, 0.16036947, 0.68620187, 0.56161726, 0.39177001, 4.7336521, 64.714638, 62.236229, -0.22262975E-4, 2.1792562, 0.59518404E-1, 0.25121572E-2, 2.5053363, 14093.635, 25452.025, 140712.25, 0.0000000, 0.0000000, 0.0000000, 0.0000000, 0.0000000
0.13320522, 2.2860603, 0.16037114, 0.68619728, 0.56161052, 0.39176774, 4.7335997, 64.714417, 62.236229, 0.33155971E-4, 2.1794019, 0.59518311E-1, 0.25122389E-2, 2.5053365, 14093.667, 25452.092, 140780.64, 0.0000000, 0.0000000, 0.0000000, 0.0000000, 0.0000000
0.13315843, 2.2860694, 0.16035376, 0.68618858, 0.56160933, 0.39176571, 4.7336841, 64.714211, 62.236229, -0.35868026E-4, 2.1792305, 0.59518225E-1, 0.25121889E-2, 2.5053427, 14093.639, 25452.029, 140848.48, 0.0000000, 0.0000000, 0.0000000, 0.0000000, 0.0000000
0.13314092, 2.2860332, 0.16035473, 0.68614268, 0.56162041, 0.39177266, 4.7339182, 64.714088, 62.236229, -0.10976594E-3, 2.1787713, 0.59518147E-1, 0.25117334E-2, 2.5051026, 14093.626, 25451.965, 140916.47, 0.0000000, 0.0000000, 0.0000000, 0.0000000, 0.0000000
0.13314472, 2.2859833, 0.16035616, 0.68610191, 0.56160384, 0.39176211, 4.7338347, 64.713951, 62.236229, 0.84655621E-5, 2.1789713, 0.59518095E-1, 0.25116610E-2, 2.5050042, 14093.596, 25451.930, 140984.38, 0.0000000, 0.0000000, 0.0000000, 0.0000000, 0.0000000
0.13320610, 2.2859876, 0.16037172, 0.68615812, 0.56159663, 0.39175618, 4.7335730, 64.713715, 62.236229, 0.78685145E-4, 2.1795604, 0.59517905E-1, 0.25122296E-2, 2.5053818, 14093.646, 25452.059, 141052.45, 0.0000000, 0.0000000, 0.0000000, 0.0000000, 0.0000000
0.13320822, 2.2859921, 0.16037405, 0.68617404, 0.56160039, 0.39175960, 4.7335515, 64.713478, 62.236229, 0.25060435E-4, 2.1793253, 0.59517726E-1, 0.25121963E-2, 2.5052862, 14093.732, 25452.178, 141120.44, 0.0000000, 0.0000000, 0.0000000, 0.0000000, 0.0000000
0.13316199, 2.2859933, 0.16036448, 0.68617123, 0.56159598, 0.39175519, 4.7335320, 64.713242, 62.236229, 0.50297647E-4, 2.1793127, 0.59517395E-1, 0.25121844E-2, 2.5052059, 14093.833, 25452.312, 141186.69, 0.0000000, 0.0000000, 0.0000000, 0.0000000, 0.0000000
0.13317850, 2.2859771, 0.16036296, 0.68615222, 0.56162566, 0.39177674, 4.7338910, 64.713097, 62.236229, -0.18419093E-3, 2.1787007, 0.59517190E-1, 0.25118510E-2, 2.5052178, 14093.782, 25452.240, 141252.75, 0.0000000, 0.0000000, 0.0000000, 0.0000000, 0.0000000
0.13315096, 2.2859848, 0.16036247, 0.68617678, 0.56161511, 0.39176410, 4.7337050, 64.712891, 62.236229, 0.70326365E-4, 2.1794598, 0.59516974E-1, 0.25120415E-2, 2.5053034, 14093.784, 25452.242, 141319.77, 0.0000000, 0.0000000, 0.0000000, 0.0000000, 0.0000000
0.13320744, 2.2860007, 0.16037470, 0.68619454, 0.56161046, 0.39176565, 4.7336025, 64.712654, 62.236229, 0.31112402E-4, 2.1794827, 0.59516869E-1, 0.25122941E-2, 2.5054197, 14093.902, 25452.412, 141387.50, 0.0000000, 0.0000000, 0.0000000, 0.0000000, 0.0000000
0.13317811, 2.2860298, 0.16036034, 0.68621612, 0.56162077, 0.39177358, 4.7337241, 64.712448, 62.236229, -0.37089136E-4, 2.1793339, 0.59516747E-1, 0.25123109E-2, 2.5054393, 14093.921, 25452.441, 141453.45, 0.0000000, 0.0000000, 0.0000000, 0.0000000, 0.0000000
0.13318139, 2.2860126, 0.16036402, 0.68617374, 0.56163788, 0.39178643, 4.7339940, 64.712334, 62.236229, -0.15112633E-3, 2.1787899, 0.59516482E-1, 0.25118764E-2, 2.5052202, 14093.895, 25452.424, 141520.34, 0.0000000, 0.0000000, 0.0000000, 0.0000000, 0.0000000
0.13319355, 2.2860191, 0.16037276, 0.68619061, 0.56161678, 0.39176968, 4.7337151, 64.712128, 62.236229, 0.83752806E-4, 2.1795678, 0.59516415E-1, 0.25121961E-2, 2.5053732, 14093.916, 25452.445, 141587.86, 0.0000000, 0.0000000, 0.0000000, 0.0000000, 0.0000000
0.13317640, 2.2859998, 0.16036156, 0.68615937, 0.56163138, 0.39178178, 4.7340002, 64.712013, 62.236229, -0.14985882E-3, 2.1787546, 0.59516322E-1, 0.25118703E-2, 2.5051858, 14093.860, 25452.404, 141653.89, 0.0000000, 0.0000000, 0.0000000, 0.0000000, 0.0000000
0.13320054, 2.2860069, 0.16036756, 0.68617153, 0.56159866, 0.39176020, 4.7336383, 64.711792, 62.236229, 0.15033953E-3, 2.1796794, 0.59516158E-1, 0.25122364E-2, 2.5053129, 14093.901, 25452.416, 141720.38, 0.0000000, 0.0000000, 0.0000000, 0.0000000, 0.0000000
0.13322181, 2.2860453, 0.16038327, 0.68623042, 0.56163502, 0.39178199, 4.7337542, 64.711571, 62.236229, -0.94284740E-4, 2.1793585, 0.59516024E-1, 0.25123518E-2, 2.5056067, 14094.021, 25452.604, 141787.72, 0.0000000, 0.0000000, 0.0000000, 0.0000000, 0.0000000
0.13319802, 2.2860570, 0.16037376, 0.68621844, 0.56163716, 0.39178321, 4.7338419, 64.711395, 62.236229, -0.79507910E-4, 2.1792274, 0.59515920E-1, 0.25121020E-2, 2.5054519, 14093.892, 25452.398, 141853.31, 0.0000000, 0.0000000, 0.0000000, 0.0000000, 0.0000000
0.13312517, 2.2860165, 0.16034576, 0.68614644, 0.56162661, 0.39177811, 4.7340569, 64.711311, 62.236229, -0.96829463E-4, 2.1787682, 0.59515852E-1, 0.25116845E-2, 2.5050678, 14093.768, 25452.230, 141919.67, 0.0000000, 0.0000000, 0.0000000, 0.0000000, 0.0000000
0.13317551, 2.2859750, 0.16035798, 0.68610263, 0.56160486, 0.39176476, 4.7338572, 64.711166, 62.236229, 0.34469485E-4, 2.1791115, 0.59515815E-1, 0.25117199E-2, 2.5050752, 14093.808, 25452.291, 141983.75, 0.0000000, 0.0000000, 0.0000000, 0.0000000, 0.0000000
0.13318940, 2.2859838, 0.16036874, 0.68616587, 0.56161302, 0.39176378, 4.7337136, 64.710938, 62.236229, 0.13836223E-4, 2.1794310, 0.59515737E-1, 0.25120813E-2, 2.5054152, 14093.891, 25452.404, 142049.86, 0.0000000, 0.0000000, 0.0000000, 0.0000000, 0.0000000
0.13316378, 2.2859643, 0.16036157, 0.68614215, 0.56163102, 0.39178014, 4.7340059, 64.710808, 62.236229, -0.17491542E-3, 2.1787195, 0.59515569E-1, 0.25117102E-2, 2.5052130, 14093.783, 25452.240, 142115.17, 0.0000000, 0.0000000, 0.0000000, 0.0000000, 0.0000000
0.13317935, 2.2859869, 0.16036290, 0.68618506, 0.56160969, 0.39176595, 4.7337580, 64.710587, 62.236229, 0.94036048E-4, 2.1796489, 0.59515204E-1, 0.25122717E-2, 2.5054274, 14093.729, 25452.154, 142181.39, 0.0000000, 0.0000000, 0.0000000, 0.0000000, 0.0000000
0.13319597, 2.2859807, 0.16036907, 0.68616444, 0.56161720, 0.39177063, 4.7337990, 64.710358, 62.236229, -0.73120464E-5, 2.1791525, 0.59515093E-1, 0.25120007E-2, 2.5052037, 14093.865, 25452.377, 142246.67, 0.0000000, 0.0000000, 0.0000000, 0.0000000, 0.0000000
0.13320436, 2.2859900, 0.16037261, 0.68618643, 0.56160772, 0.39176419, 4.7336764, 64.710121, 62.236229, 0.61612780E-4, 2.1794899, 0.59515014E-1, 0.25122901E-2, 2.5053499, 14093.904, 25452.416, 142311.12, 0.0000000, 0.0000000, 0.0000000, 0.0000000, 0.0000000
0.13317582, 2.2860093, 0.16036010, 0.68620384, 0.56161219, 0.39176777, 4.7337322, 64.709885, 62.236229, 0.73616102E-5, 2.1794019, 0.59514906E-1, 0.25123323E-2, 2.5053930, 14093.950, 25452.498, 142376.97, 0.0000000, 0.0000000, 0.0000000, 0.0000000, 0.0000000
0.13316156, 2.2859797, 0.16036157, 0.68614626, 0.56162828, 0.39177999, 4.7339973, 64.709747, 62.236229, -0.13156646E-3, 2.1787567, 0.59514746E-1, 0.25117791E-2, 2.5051389, 14093.931, 25452.488, 142440.62, 0.0000000, 0.0000000, 0.0000000, 0.0000000, 0.0000000
0.13320620, 2.2859862, 0.16037233, 0.68616891, 0.56159931, 0.39175999, 4.7336540, 64.709518, 62.236229, 0.13412844E-3, 2.1796744, 0.59514642E-1, 0.25122161E-2, 2.5053470, 14093.926, 25452.461, 142506.36, 0.0000000, 0.0000000, 0.0000000, 0.0000000, 0.0000000
0.13320619, 2.2859991, 0.16037269, 0.68619072, 0.56160241, 0.39176175, 4.7336164, 64.709282, 62.236229, 0.37927151E-4, 2.1794651, 0.59514001E-1, 0.25123274E-2, 2.5053787, 14094.091, 25452.719, 142570.95, 0.0000000, 0.0000000, 0.0000000, 0.0000000, 0.0000000
0.13315944, 2.2859991, 0.16035561, 0.68616879, 0.56159323, 0.39175373, 4.7336035, 64.709045, 62.236229, 0.90083369E-4, 2.1793208, 0.59513468E-1, 0.25122417E-2, 2.5051031, 14094.174, 25452.807, 142635.80, 0.0000000, 0.0000000, 0.0000000, 0.0000000, 0.0000000
0.13319463, 2.2859969, 0.16037051, 0.68617272, 0.56159890, 0.39175761, 4.7335577, 64.708778, 62.236229, 0.34567551E-4, 2.1793809, 0.59513316E-1, 0.25122778E-2, 2.5053053, 14094.304, 25453.002, 142701.31, 0.0000000, 0.0000000, 0.0000000, 0.0000000, 0.0000000
0.13316076, 2.2859981, 0.16035220, 0.68616384, 0.56158638, 0.39174944, 4.7335582, 64.708527, 62.236229, 0.77106597E-4, 2.1793442, 0.59513092E-1, 0.25123574E-2, 2.5051551, 14094.375, 25453.133, 142765.09, 0.0000000, 0.0000000, 0.0000000, 0.0000000, 0.0000000
0.13315906, 2.2859647, 0.16034786, 0.68611735, 0.56160951, 0.39176768, 4.7338977, 64.708374, 62.236229, -0.14790913E-3, 2.1786697, 0.59512965E-1, 0.25118473E-2, 2.5050924, 14094.371, 25453.135, 142828.09, 0.0000000, 0.0000000, 0.0000000, 0.0000000, 0.0000000
0.13315743, 2.2859628, 0.16034853, 0.68614322, 0.56158358, 0.39174685, 4.7336102, 64.708130, 62.236229, 0.16522036E-3, 2.1795809, 0.59512880E-1, 0.25123029E-2, 2.5051680, 14094.401, 25453.186, 142891.84, 0.0000000, 0.0000000, 0.0000000, 0.0000000, 0.0000000
0.13319734, 2.2859812, 0.16036603, 0.68617350, 0.56159961, 0.39175782, 4.7336049, 64.707870, 62.236229, -0.20842213E-4, 2.1793873, 0.59512783E-1, 0.25123232E-2, 2.5054491, 14094.533, 25453.375, 142957.05, 0.0000000, 0.0000000, 0.0000000, 0.0000000, 0.0000000
0.13315725, 2.2859631, 0.16035910, 0.68614429, 0.56162864, 0.39177826, 4.7339916, 64.707741, 62.236229, -0.19917937E-3, 2.1786392, 0.59512682E-1, 0.25118280E-2, 2.5051847, 14094.434, 25453.217, 143021.03, 0.0000000, 0.0000000, 0.0000000, 0.0000000, 0.0000000
0.13316214, 2.2859674, 0.16035907, 0.68615502, 0.56158686, 0.39175063, 4.7336321, 64.707512, 62.236229, 0.17151223E-3, 2.1796653, 0.59512630E-1, 0.25122843E-2, 2.5052338, 14094.448, 25453.254, 143084.31, 0.0000000, 0.0000000, 0.0000000, 0.0000000, 0.0000000
0.13316235, 2.2859750, 0.16035984, 0.68616450, 0.56158888, 0.39175057, 4.7335744, 64.707260, 62.236229, 0.58695645E-4, 2.1793973, 0.59512354E-1, 0.25123414E-2, 2.5052550, 14094.671, 25453.578, 143146.62, 0.0000000, 0.0000000, 0.0000000, 0.0000000, 0.0000000
0.13312653, 2.2859550, 0.16034372, 0.68612361, 0.56159639, 0.39175498, 4.7337313, 64.707039, 62.236229, -0.22996013E-4, 2.1789680, 0.59512023E-1, 0.25120233E-2, 2.5050521, 14094.748, 25453.699, 143210.61, 0.0000000, 0.0000000, 0.0000000, 0.0000000, 0.0000000
0.13318957, 2.2859581, 0.16036637, 0.68616527, 0.56161010, 0.39176205, 4.7336707, 64.706787, 62.236229, -0.29297458E-4, 2.1793416, 0.59511818E-1, 0.25122450E-2, 2.5054252, 14094.756, 25453.721, 143274.28, 0.0000000, 0.0000000, 0.0000000, 0.0000000, 0.0000000
0.13319938, 2.2859771, 0.16037674, 0.68620193, 0.56161928, 0.39177048, 4.7336841, 64.706558, 62.236229, -0.30695752E-4, 2.1793594, 0.59511527E-1, 0.25123791E-2, 2.5054400, 14094.725, 25453.664, 143337.19, 0.0000000, 0.0000000, 0.0000000, 0.0000000, 0.0000000
0.13316244, 2.2859919, 0.16036712, 0.68620443, 0.56161618, 0.39176914, 4.7337074, 64.706345, 62.236229, -0.17415849E-4, 2.1793308, 0.59511404E-1, 0.25123584E-2, 2.5053792, 14094.698, 25453.623, 143399.38, 0.0000000, 0.0000000, 0.0000000, 0.0000000, 0.0000000
0.13314617, 2.2859571, 0.16035247, 0.68613505, 0.56162030, 0.39177379, 4.7339239, 64.706207, 62.236229, -0.12841291E-3, 2.1787663, 0.59511323E-1, 0.25118273E-2, 2.5051324, 14094.637, 25453.525, 143462.33, 0.0000000, 0.0000000, 0.0000000, 0.0000000, 0.0000000
0.13316393, 2.2859583, 0.16036825, 0.68616468, 0.56160337, 0.39175862, 4.7336254, 64.705971, 62.236229, 0.97653829E-4, 2.1795702, 0.59511185E-1, 0.25123074E-2, 2.5053298, 14094.682, 25453.600, 143525.84, 0.0000000, 0.0000000, 0.0000000, 0.0000000, 0.0000000
0.13315246, 2.2859559, 0.16036214, 0.68617129, 0.56160122, 0.39175528, 4.7335749, 64.705719, 62.236229, 0.48682850E-4, 2.1793649, 0.59510920E-1, 0.25123258E-2, 2.5052464, 14094.819, 25453.801, 143588.27, 0.0000000, 0.0000000, 0.0000000, 0.0000000, 0.0000000
0.13318664, 2.2859457, 0.16036360, 0.68614805, 0.56160152, 0.39175960, 4.7336197, 64.705482, 62.236229, -0.46258210E-5, 2.1791348, 0.59510831E-1, 0.25122601E-2, 2.5051618, 14094.931, 25453.979, 143649.73, 0.0000000, 0.0000000, 0.0000000, 0.0000000, 0.0000000
0.13320015, 2.2859592, 0.16036889, 0.68617678, 0.56160414, 0.39176080, 4.7335744, 64.705238, 62.236229, 0.21092928E-4, 2.1793818, 0.59510577E-1, 0.25124212E-2, 2.5053258, 14094.973, 25454.064, 143712.66, 0.0000000, 0.0000000, 0.0000000, 0.0000000, 0.0000000
0.13315824, 2.2859683, 0.16036507, 0.68618131, 0.56160504, 0.39175916, 4.7335844, 64.705002, 62.236229, 0.20570893E-4, 2.1793027, 0.59510458E-1, 0.25123763E-2, 2.5052533, 14095.014, 25454.145, 143775.23, 0.0000000, 0.0000000, 0.0000000, 0.0000000, 0.0000000
0.13319233, 2.2859716, 0.16037114, 0.68618166, 0.56160635, 0.39176071, 4.7335248, 64.704750, 62.236229, 0.23696266E-4, 2.1793773, 0.59510354E-1, 0.25123933E-2, 2.5053165, 14095.053, 25454.215, 143836.08, 0.0000000, 0.0000000, 0.0000000, 0.0000000, 0.0000000
0.13317049, 2.2859828, 0.16035534, 0.68618965, 0.56160343, 0.39176199, 4.7336006, 64.704529, 62.236229, -0.13480952E-4, 2.1793060, 0.59510209E-1, 0.25125011E-2, 2.5053360, 14095.044, 25454.191, 143897.22, 0.0000000, 0.0000000, 0.0000000, 0.0000000, 0.0000000
0.13316295, 2.2860000, 0.16036910, 0.68620163, 0.56161469, 0.39176768, 4.7336226, 64.704315, 62.236229, -0.30217692E-4, 2.1793463, 0.59509765E-1, 0.25124229E-2, 2.5054233, 14095.065, 25454.225, 143961.08, 0.0000000, 0.0000000, 0.0000000, 0.0000000, 0.0000000
0.13320801, 2.2860150, 0.16037396, 0.68621677, 0.56162196, 0.39177468, 4.7336302, 64.704102, 62.236229, -0.44243992E-4, 2.1793923, 0.59509661E-1, 0.25125020E-2, 2.5055017, 14095.045, 25454.193, 144022.42, 0.0000000, 0.0000000, 0.0000000, 0.0000000, 0.0000000
0.13315290, 2.2860243, 0.16036154, 0.68620294, 0.56161249, 0.39176604, 4.7335877, 64.703888, 62.236229, 0.32263284E-4, 2.1793978, 0.59509594E-1, 0.25124194E-2, 2.5053134, 14095.059, 25454.213, 144083.53, 0.0000000, 0.0000000, 0.0000000, 0.0000000, 0.0000000
0.13315234, 2.2859814, 0.16035357, 0.68612057, 0.56161231, 0.39176914, 4.7337923, 64.703751, 62.236229, -0.12733878E-3, 2.1787455, 0.59509497E-1, 0.25118934E-2, 2.5051064, 14095.067, 25454.217, 144146.30, 0.0000000, 0.0000000, 0.0000000, 0.0000000, 0.0000000
0.13314845, 2.2859254, 0.16035038, 0.68607163, 0.56159014, 0.39175430, 4.7336988, 64.703606, 62.236229, -0.28540671E-5, 2.1789443, 0.59509400E-1, 0.25118573E-2, 2.5049853, 14095.034, 25454.172, 144206.48, 0.0000000, 0.0000000, 0.0000000, 0.0000000, 0.0000000
0.13316415, 2.2859344, 0.16035201, 0.68612450, 0.56157494, 0.39174074, 4.7334480, 64.703354, 62.236229, 0.11477024E-3, 2.1795275, 0.59509300E-1, 0.25124827E-2, 2.5052307, 14095.089, 25454.266, 144267.38, 0.0000000, 0.0000000, 0.0000000, 0.0000000, 0.0000000
0.13315655, 2.2859364, 0.16036357, 0.68615878, 0.56160009, 0.39175239, 4.7334914, 64.703087, 62.236229, -0.79303863E-5, 2.1792324, 0.59508644E-1, 0.25123029E-2, 2.5052536, 14095.218, 25454.459, 144329.23, 0.0000000, 0.0000000, 0.0000000, 0.0000000, 0.0000000
0.13315631, 2.2859371, 0.16034678, 0.68615311, 0.56158316, 0.39174670, 4.7334733, 64.702843, 62.236229, 0.57500642E-4, 2.1793523, 0.59508212E-1, 0.25124608E-2, 2.5052001, 14095.217, 25454.467, 144389.33, 0.0000000, 0.0000000, 0.0000000, 0.0000000, 0.0000000
0.13319685, 2.2859547, 0.16037297, 0.68618280, 0.56160563, 0.39176163, 4.7334905, 64.702591, 62.236229, -0.43437060E-4, 2.1793544, 0.59507925E-1, 0.25124848E-2, 2.5054591, 14095.297, 25454.598, 144449.81, 0.0000000, 0.0000000, 0.0000000, 0.0000000, 0.0000000
0.13320528, 2.2859726, 0.16036905, 0.68619305, 0.56161237, 0.39176744, 4.7335625, 64.702370, 62.236229, -0.28266863E-4, 2.1792696, 0.59507836E-1, 0.25124666E-2, 2.5053403, 14095.273, 25454.561, 144511.69, 0.0000000, 0.0000000, 0.0000000, 0.0000000, 0.0000000
0.13319622, 2.2859788, 0.16036370, 0.68617636, 0.56159794, 0.39176026, 4.7335162, 64.702148, 62.236229, 0.16775870E-4, 2.1793549, 0.59507586E-1, 0.25124922E-2, 2.5053065, 14095.250, 25454.523, 144570.94, 0.0000000, 0.0000000, 0.0000000, 0.0000000, 0.0000000
0.13319173, 2.2859888, 0.16037114, 0.68618810, 0.56160957, 0.39176387, 4.7335148, 64.701920, 62.236229, -0.21084299E-4, 2.1793022, 0.59507459E-1, 0.25124517E-2, 2.5053518, 14095.338, 25454.674, 144631.41, 0.0000000, 0.0000000, 0.0000000, 0.0000000, 0.0000000
0.13318790, 2.2859945, 0.16036811, 0.68619072, 0.56161028, 0.39176488, 4.7335167, 64.701698, 62.236229, -0.21621119E-4, 2.1793158, 0.59507377E-1, 0.25124683E-2, 2.5053639, 14095.340, 25454.682, 144692.77, 0.0000000, 0.0000000, 0.0000000, 0.0000000, 0.0000000
0.13319391, 2.2860112, 0.16037084, 0.68620497, 0.56161827, 0.39177161, 4.7335706, 64.701492, 62.236229, -0.71038579E-4, 2.1792932, 0.59507295E-1, 0.25124894E-2, 2.5054667, 14095.294, 25454.596, 144752.30, 0.0000000, 0.0000000, 0.0000000, 0.0000000, 0.0000000
0.13319902, 2.2860093, 0.16037449, 0.68618101, 0.56161743, 0.39177096, 4.7336006, 64.701294, 62.236229, -0.36609330E-4, 2.1791620, 0.59507206E-1, 0.25123756E-2, 2.5052588, 14095.320, 25454.625, 144810.69, 0.0000000, 0.0000000, 0.0000000, 0.0000000, 0.0000000
0.13320999, 2.2860396, 0.16037397, 0.68621325, 0.56162310, 0.39177635, 4.7335954, 64.701096, 62.236229, -0.47674752E-4, 2.1793807, 0.59507009E-1, 0.25125518E-2, 2.5054929, 14095.287, 25454.580, 144872.31, 0.0000000, 0.0000000, 0.0000000, 0.0000000, 0.0000000
0.13319071, 2.2860484, 0.16036947, 0.68620700, 0.56162125, 0.39177313, 4.7335668, 64.700897, 62.236229, -0.14663499E-4, 2.1793361, 0.59506848E-1, 0.25124608E-2, 2.5053666, 14095.293, 25454.578, 144931.52, 0.0000000, 0.0000000, 0.0000000, 0.0000000, 0.0000000
0.13316852, 2.2860489, 0.16035259, 0.68617946, 0.56159538, 0.39175740, 4.7334609, 64.700676, 62.236229, 0.90428977E-4, 2.1794267, 0.59506558E-1, 0.25125369E-2, 2.5051877, 14095.329, 25454.668, 144991.45, 0.0000000, 0.0000000, 0.0000000, 0.0000000, 0.0000000
0.13315216, 2.2860508, 0.16036342, 0.68618345, 0.56160325, 0.39175868, 4.7334566, 64.700455, 62.236229, -0.12005912E-5, 2.1793206, 0.59506357E-1, 0.25124664E-2, 2.5053165, 14095.468, 25454.902, 145050.11, 0.0000000, 0.0000000, 0.0000000, 0.0000000, 0.0000000
0.13318616, 2.2860572, 0.16036536, 0.68619466, 0.56161559, 0.39176771, 4.7335148, 64.700241, 62.236229, -0.65867556E-4, 2.1792619, 0.59506077E-1, 0.25124890E-2, 2.5054197, 14095.473, 25454.912, 145109.95, 0.0000000, 0.0000000, 0.0000000, 0.0000000, 0.0000000
0.13319820, 2.2860761, 0.16036753, 0.68620992, 0.56161785, 0.39177302, 4.7335649, 64.700043, 62.236229, -0.77632634E-4, 2.1793339, 0.59505962E-1, 0.25125130E-2, 2.5055194, 14095.389, 25454.764, 145169.34, 0.0000000, 0.0000000, 0.0000000, 0.0000000, 0.0000000
0.13315944, 2.2860775, 0.16036759, 0.68619406, 0.56160998, 0.39176482, 4.7334938, 64.699837, 62.236229, 0.34966521E-4, 2.1793461, 0.59505880E-1, 0.25124433E-2, 2.5052490, 14095.423, 25454.816, 145227.97, 0.0000000, 0.0000000, 0.0000000, 0.0000000, 0.0000000
0.13319513, 2.2860792, 0.16037092, 0.68619162, 0.56161267, 0.39176756, 4.7334576, 64.699623, 62.236229, -0.15702622E-4, 2.1793120, 0.59505582E-1, 0.25124799E-2, 2.5053422, 14095.450, 25454.865, 145287.91, 0.0000000, 0.0000000, 0.0000000, 0.0000000, 0.0000000
0.13315193, 2.2860739, 0.16036245, 0.68617934, 0.56160104, 0.39175859, 4.7334251, 64.699402, 62.236229, 0.26159498E-4, 2.1792953, 0.59505470E-1, 0.25124822E-2, 2.5052214, 14095.477, 25454.914, 145346.16, 0.0000000, 0.0000000, 0.0000000, 0.0000000, 0.0000000
0.13320115, 2.2860854, 0.16037203, 0.68619215, 0.56160748, 0.39176425, 4.7334037, 64.699181, 62.236229, -0.19083323E-4, 2.1793599, 0.59505392E-1, 0.25125758E-2, 2.5053978, 14095.498, 25454.943, 145403.95, 0.0000000, 0.0000000, 0.0000000, 0.0000000, 0.0000000
0.13316250, 2.2860763, 0.16035087, 0.68616909, 0.56158876, 0.39175218, 4.7333622, 64.698959, 62.236229, 0.73920761E-4, 2.1793337, 0.59505146E-1, 0.25125616E-2, 2.5051315, 14095.526, 25454.990, 145464.58, 0.0000000, 0.0000000, 0.0000000, 0.0000000, 0.0000000
0.13315800, 2.2860756, 0.16036583, 0.68618059, 0.56160814, 0.39176121, 4.7334104, 64.698746, 62.236229, -0.38137252E-4, 2.1792297, 0.59505034E-1, 0.25123882E-2, 2.5053210, 14095.602, 25455.094, 145522.11, 0.0000000, 0.0000000, 0.0000000, 0.0000000, 0.0000000
0.13311197, 2.2860241, 0.16033612, 0.68609923, 0.56159794, 0.39175969, 4.7336788, 64.698639, 62.236229, -0.13214487E-3, 2.1786282, 0.59504952E-1, 0.25119346E-2, 2.5049906, 14095.466, 25454.857, 145581.08, 0.0000000, 0.0000000, 0.0000000, 0.0000000, 0.0000000
0.13311973, 2.2859752, 0.16034122, 0.68607271, 0.56158942, 0.39175266, 4.7336206, 64.698502, 62.236229, -0.48655842E-4, 2.1789165, 0.59504908E-1, 0.25119251E-2, 2.5050657, 14095.385, 25454.742, 145639.50, 0.0000000, 0.0000000, 0.0000000, 0.0000000, 0.0000000
0.13312012, 2.2859180, 0.16034067, 0.68604678, 0.56157809, 0.39174438, 4.7335362, 64.698326, 62.236229, 0.23878718E-4, 2.1789050, 0.59504837E-1, 0.25119507E-2, 2.5048702, 14095.429, 25454.812, 145698.77, 0.0000000, 0.0000000, 0.0000000, 0.0000000, 0.0000000
0.13317347, 2.2858782, 0.16035542, 0.68606001, 0.56158525, 0.39174873, 4.7335296, 64.698135, 62.236229, -0.59539743E-4, 2.1788843, 0.59504673E-1, 0.25120105E-2, 2.5050585, 14095.463, 25454.867, 145755.27, 0.0000000, 0.0000000, 0.0000000, 0.0000000, 0.0000000
0.13319707, 2.2859123, 0.16037232, 0.68616146, 0.56160456, 0.39175972, 4.7334800, 64.697906, 62.236229, -0.58379577E-4, 2.1793799, 0.59504304E-1, 0.25125043E-2, 2.5055189, 14095.361, 25454.713, 145813.88, 0.0000000, 0.0000000, 0.0000000, 0.0000000, 0.0000000
0.13315482, 2.2859263, 0.16036542, 0.68617624, 0.56161016, 0.39176080, 4.7334924, 64.697678, 62.236229, 0.38054131E-5, 2.1792684, 0.59504185E-1, 0.25123423E-2, 2.5052533, 14095.377, 25454.752, 145871.47, 0.0000000, 0.0000000, 0.0000000, 0.0000000, 0.0000000
0.13316153, 2.2859380, 0.16036585, 0.68617797, 0.56160122, 0.39175773, 4.7334299, 64.697441, 62.236229, 0.25115616E-4, 2.1793878, 0.59504107E-1, 0.25124815E-2, 2.5053148, 14095.416, 25454.818, 145928.80, 0.0000000, 0.0000000, 0.0000000, 0.0000000, 0.0000000
0.13315606, 2.2859449, 0.16036318, 0.68617988, 0.56160712, 0.39175969, 4.7334557, 64.697220, 62.236229, -0.18065068E-4, 2.1792698, 0.59503950E-1, 0.25123402E-2, 2.5053091, 14095.466, 25454.887, 145986.64, 0.0000000, 0.0000000, 0.0000000, 0.0000000, 0.0000000
0.13319330, 2.2859671, 0.16037066, 0.68619871, 0.56161892, 0.39176923, 4.7334862, 64.697006, 62.236229, -0.63710904E-4, 2.1793163, 0.59503831E-1, 0.25124887E-2, 2.5054698, 14095.460, 25454.883, 146043.72, 0.0000000, 0.0000000, 0.0000000, 0.0000000, 0.0000000
0.13319588, 2.2859809, 0.16037332, 0.68620467, 0.56162196, 0.39177257, 4.7335100, 64.696800, 62.236229, -0.45242923E-4, 2.1792946, 0.59503198E-1, 0.25124685E-2, 2.5053980, 14095.436, 25454.830, 146101.80, 0.0000000, 0.0000000, 0.0000000, 0.0000000, 0.0000000
0.13319318, 2.2859890, 0.16036898, 0.68619573, 0.56161457, 0.39176825, 4.7334571, 64.696587, 62.236229, 0.10251242E-4, 2.1793580, 0.59502855E-1, 0.25124764E-2, 2.5053196, 14095.487, 25454.924, 146158.52, 0.0000000, 0.0000000, 0.0000000, 0.0000000, 0.0000000
0.13316275, 2.2859855, 0.16035971, 0.68616456, 0.56158674, 0.39175090, 4.7333293, 64.696365, 62.236229, 0.10404657E-3, 2.1793885, 0.59502542E-1, 0.25124738E-2, 2.5051136, 14095.579, 25455.031, 146216.08, 0.0000000, 0.0000000, 0.0000000, 0.0000000, 0.0000000
0.13320504, 2.2859931, 0.16037181, 0.68618029, 0.56160414, 0.39176077, 4.7333350, 64.696114, 62.236229, -0.10276388E-4, 2.1793132, 0.59502415E-1, 0.25125404E-2, 2.5053284, 14095.719, 25455.240, 146272.70, 0.0000000, 0.0000000, 0.0000000, 0.0000000, 0.0000000
0.13317530, 2.2859812, 0.16035993, 0.68615586, 0.56161225, 0.39176783, 4.7335453, 64.695930, 62.236229, -0.11474540E-3, 2.1789057, 0.59502192E-1, 0.25122378E-2, 2.5052059, 14095.604, 25455.096, 146330.19, 0.0000000, 0.0000000, 0.0000000, 0.0000000, 0.0000000
0.13310938, 2.2859375, 0.16033256, 0.68608773, 0.56159347, 0.39175713, 4.7336764, 64.695816, 62.236229, -0.64528402E-4, 2.1787763, 0.59502099E-1, 0.25119381E-2, 2.5049644, 14095.454, 25454.848, 146386.72, 0.0000000, 0.0000000, 0.0000000, 0.0000000, 0.0000000
0.13319361, 2.2859478, 0.16036740, 0.68614322, 0.56159341, 0.39175212, 4.7333317, 64.695564, 62.236229, 0.76357697E-4, 2.1795979, 0.59502013E-1, 0.25124813E-2, 2.5053914, 14095.547, 25455.004, 146443.42, 0.0000000, 0.0000000, 0.0000000, 0.0000000, 0.0000000
0.13319615, 2.2859750, 0.16036922, 0.68618548, 0.56160992, 0.39176428, 4.7334371, 64.695343, 62.236229, -0.88074186E-4, 2.1792684, 0.59501920E-1, 0.25125530E-2, 2.5054753, 14095.540, 25454.996, 146499.78, 0.0000000, 0.0000000, 0.0000000, 0.0000000, 0.0000000
0.13319595, 2.2859852, 0.16037281, 0.68619758, 0.56161779, 0.39176866, 4.7334480, 64.695129, 62.236229, -0.40637446E-4, 2.1792960, 0.59501838E-1, 0.25124853E-2, 2.5053842, 14095.512, 25454.971, 146555.05, 0.0000000, 0.0000000, 0.0000000, 0.0000000, 0.0000000
0.13316047, 2.2859917, 0.16036791, 0.68618983, 0.56160975, 0.39176300, 4.7334208, 64.694908, 62.236229, 0.15842961E-4, 2.1793098, 0.59501749E-1, 0.25124690E-2, 2.5052590, 14095.564, 25455.033, 146612.91, 0.0000000, 0.0000000, 0.0000000, 0.0000000, 0.0000000
0.13317172, 2.2859974, 0.16035654, 0.68618470, 0.56160021, 0.39176005, 4.7333908, 64.694687, 62.236229, 0.17095968E-4, 2.1793771, 0.59501503E-1, 0.25125903E-2, 2.5053163, 14095.577, 25455.049, 146668.36, 0.0000000, 0.0000000, 0.0000000, 0.0000000, 0.0000000
0.13321072, 2.2860248, 0.16037561, 0.68620980, 0.56161839, 0.39177209, 4.7334256, 64.694473, 62.236229, -0.61041064E-4, 2.1793563, 0.59501328E-1, 0.25126080E-2, 2.5054934, 14095.622, 25455.115, 146725.59, 0.0000000, 0.0000000, 0.0000000, 0.0000000, 0.0000000
0.13316958, 2.2860305, 0.16035375, 0.68618381, 0.56159675, 0.39175889, 4.7333846, 64.694252, 62.236229, 0.59772850E-4, 2.1793621, 0.59500985E-1, 0.25125851E-2, 2.5051901, 14095.606, 25455.076, 146780.50, 0.0000000, 0.0000000, 0.0000000, 0.0000000, 0.0000000
0.13320968, 2.2860556, 0.16037667, 0.68622506, 0.56163025, 0.39177966, 4.7334971, 64.694054, 62.236229, -0.11944870E-3, 2.1792989, 0.59500679E-1, 0.25126033E-2, 2.5055852, 14095.588, 25455.076, 146835.91, 0.0000000, 0.0000000, 0.0000000, 0.0000000, 0.0000000
0.13319251, 2.2860577, 0.16036950, 0.68620002, 0.56161588, 0.39177060, 4.7334371, 64.693863, 62.236229, 0.29879579E-4, 2.1793334, 0.59500590E-1, 0.25124908E-2, 2.5052416, 14095.537, 25455.002, 146889.98, 0.0000000, 0.0000000, 0.0000000, 0.0000000, 0.0000000
0.13319652, 2.2860765, 0.16036645, 0.68620688, 0.56161505, 0.39177155, 4.7334666, 64.693665, 62.236229, -0.61478029E-4, 2.1793466, 0.59500486E-1, 0.25125567E-2, 2.5054810, 14095.548, 25455.018, 146946.52, 0.0000000, 0.0000000, 0.0000000, 0.0000000, 0.0000000
0.13319710, 2.2860672, 0.16036530, 0.68617767, 0.56159711, 0.39175877, 4.7333183, 64.693443, 62.236229, 0.82810191E-4, 2.1794133, 0.59500340E-1, 0.25125244E-2, 2.5051854, 14095.633, 25455.109, 147001.89, 0.0000000, 0.0000000, 0.0000000, 0.0000000, 0.0000000
0.13317916, 2.2860897, 0.16036326, 0.68620378, 0.56161261, 0.39176834, 4.7334232, 64.693237, 62.236229, -0.54181321E-4, 2.1793013, 0.59500102E-1, 0.25126329E-2, 2.5054181, 14095.657, 25455.162, 147056.73, 0.0000000, 0.0000000, 0.0000000, 0.0000000, 0.0000000
0.13313939, 2.2860570, 0.16035493, 0.68614453, 0.56161988, 0.39177361, 4.7336936, 64.693138, 62.236229, -0.15090004E-3, 2.1786845, 0.59500009E-1, 0.25121022E-2, 2.5050852, 14095.527, 25454.975, 147113.67, 0.0000000, 0.0000000, 0.0000000, 0.0000000, 0.0000000
0.13319750, 2.2860429, 0.16037306, 0.68615156, 0.56159848, 0.39175826, 4.7333345, 64.692924, 62.236229, 0.11371830E-3, 2.1795278, 0.59499972E-1, 0.25124322E-2, 2.5052257, 14095.604, 25455.074, 147166.97, 0.0000000, 0.0000000, 0.0000000, 0.0000000, 0.0000000
0.13319542, 2.2860672, 0.16037163, 0.68619931, 0.56161714, 0.39177030, 4.7334466, 64.692719, 62.236229, -0.10505371E-3, 2.1792483, 0.59499733E-1, 0.25125470E-2, 2.5054927, 14095.609, 25455.098, 147221.31, 0.0000000, 0.0000000, 0.0000000, 0.0000000, 0.0000000
0.13320586, 2.2860775, 0.16037118, 0.68620098, 0.56161380, 0.39177006, 4.7334266, 64.692513, 62.236229, -0.17309038E-4, 2.1793368, 0.59499621E-1, 0.25125691E-2, 2.5053651, 14095.542, 25455.014, 147276.91, 0.0000000, 0.0000000, 0.0000000, 0.0000000, 0.0000000
0.13316517, 2.2860763, 0.16035409, 0.68618131, 0.56159627, 0.39175794, 4.7333612, 64.692307, 62.236229, 0.62583902E-4, 2.1793740, 0.59499539E-1, 0.25125875E-2, 2.5051942, 14095.572, 25455.043, 147330.67, 0.0000000, 0.0000000, 0.0000000, 0.0000000, 0.0000000
0.13315985, 2.2860675, 0.16034874, 0.68615723, 0.56158131, 0.39174786, 4.7332649, 64.692085, 62.236229, 0.74882017E-4, 2.1793799, 0.59499431E-1, 0.25125153E-2, 2.5051699, 14095.664, 25455.164, 147387.08, 0.0000000, 0.0000000, 0.0000000, 0.0000000, 0.0000000
0.13320979, 2.2860720, 0.16037510, 0.68618143, 0.56160188, 0.39176029, 4.7332463, 64.691833, 62.236229, -0.92444243E-5, 2.1793439, 0.59499256E-1, 0.25126133E-2, 2.5053475, 14095.815, 25455.424, 147439.89, 0.0000000, 0.0000000, 0.0000000, 0.0000000, 0.0000000
0.13321245, 2.2861037, 0.16037753, 0.68622196, 0.56162673, 0.39177772, 4.7334437, 64.691635, 62.236229, -0.12998292E-3, 2.1792226, 0.59498869E-1, 0.25126508E-2, 2.5055294, 14095.733, 25455.264, 147492.66, 0.0000000, 0.0000000, 0.0000000, 0.0000000, 0.0000000
0.13319884, 2.2860920, 0.16037388, 0.68619168, 0.56163239, 0.39178264, 4.7335954, 64.691521, 62.236229, -0.11069418E-3, 2.1789894, 0.59498765E-1, 0.25123283E-2, 2.5052674, 14095.609, 25455.109, 147548.48, 0.0000000, 0.0000000, 0.0000000, 0.0000000, 0.0000000
0.13315825, 2.2860899, 0.16036589, 0.68618745, 0.56161004, 0.39176464, 4.7334161, 64.691322, 62.236229, 0.64704785E-4, 2.1794286, 0.59498716E-1, 0.25124720E-2, 2.5052454, 14095.596, 25455.055, 147602.95, 0.0000000, 0.0000000, 0.0000000, 0.0000000, 0.0000000
0.13318405, 2.2860961, 0.16036601, 0.68619972, 0.56162518, 0.39177275, 4.7334695, 64.691124, 62.236229, -0.82940271E-4, 2.1792290, 0.59498634E-1, 0.25123749E-2, 2.5054259, 14095.594, 25455.086, 147655.05, 0.0000000, 0.0000000, 0.0000000, 0.0000000, 0.0000000
0.13318682, 2.2861011, 0.16036531, 0.68620080, 0.56161618, 0.39177120, 4.7334342, 64.690918, 62.236229, -0.28917828E-4, 2.1793571, 0.59498504E-1, 0.25125269E-2, 2.5054107, 14095.516, 25454.973, 147709.52, 0.0000000, 0.0000000, 0.0000000, 0.0000000, 0.0000000
0.13321178, 2.2861271, 0.16037722, 0.68623489, 0.56163567, 0.39178416, 4.7334952, 64.690727, 62.236229, -0.97155804E-4, 2.1793613, 0.59498388E-1, 0.25125905E-2, 2.5055876, 14095.479, 25454.914, 147763.56, 0.0000000, 0.0000000, 0.0000000, 0.0000000, 0.0000000
0.13321692, 2.2861338, 0.16037925, 0.68622363, 0.56162536, 0.39177933, 4.7334399, 64.690544, 62.236229, -0.10982796E-4, 2.1793957, 0.59498284E-1, 0.25125723E-2, 2.5054030, 14095.416, 25454.816, 147817.03, 0.0000000, 0.0000000, 0.0000000, 0.0000000, 0.0000000
0.13319327, 2.2861326, 0.16037214, 0.68621445, 0.56163454, 0.39178148, 4.7335114, 64.690376, 62.236229, -0.96798205E-4, 2.1791928, 0.59497658E-1, 0.25123619E-2, 2.5054281, 14095.356, 25454.699, 147870.28, 0.0000000, 0.0000000, 0.0000000, 0.0000000, 0.0000000
0.13315760, 2.2861400, 0.16036925, 0.68622398, 0.56163377, 0.39177990, 4.7335491, 64.690216, 62.236229, -0.71237446E-4, 2.1792839, 0.59497170E-1, 0.25124366E-2, 2.5054500, 14095.248, 25454.510, 147923.53, 0.0000000, 0.0000000, 0.0000000, 0.0000000, 0.0000000
0.13318847, 2.2861328, 0.16036744, 0.68619800, 0.56161797, 0.39177066, 4.7333994, 64.690018, 62.236229, 0.44171058E-4, 2.1794496, 0.59497047E-1, 0.25124317E-2, 2.5053205, 14095.331, 25454.664, 147976.58, 0.0000000, 0.0000000, 0.0000000, 0.0000000, 0.0000000
0.13322078, 2.2861571, 0.16038366, 0.68623680, 0.56163669, 0.39178500, 4.7334819, 64.689819, 62.236229, -0.10961422E-3, 2.1793401, 0.59496969E-1, 0.25125579E-2, 2.5055981, 14095.297, 25454.586, 148029.86, 0.0000000, 0.0000000, 0.0000000, 0.0000000, 0.0000000
0.13319081, 2.2861564, 0.16037005, 0.68621677, 0.56162649, 0.39177790, 4.7334661, 64.689644, 62.236229, -0.26002090E-4, 2.1793122, 0.59496764E-1, 0.25124466E-2, 2.5053620, 14095.206, 25454.447, 148083.05, 0.0000000, 0.0000000, 0.0000000, 0.0000000, 0.0000000
0.13317089, 2.2861626, 0.16035777, 0.68621206, 0.56161660, 0.39177337, 4.7334523, 64.689453, 62.236229, -0.68626250E-5, 2.1793745, 0.59496645E-1, 0.25125316E-2, 2.5053732, 14095.185, 25454.418, 148134.33, 0.0000000, 0.0000000, 0.0000000, 0.0000000, 0.0000000
0.13319613, 2.2861578, 0.16036615, 0.68618929, 0.56160343, 0.39176428, 4.7333112, 64.689240, 62.236229, 0.46517525E-4, 2.1794500, 0.59496552E-1, 0.25124743E-2, 2.5053115, 14095.285, 25454.592, 148187.95, 0.0000000, 0.0000000, 0.0000000, 0.0000000, 0.0000000
0.13316549, 2.2861538, 0.16035324, 0.68617678, 0.56159443, 0.39175680, 4.7332783, 64.689018, 62.236229, 0.44402332E-4, 2.1793351, 0.59496474E-1, 0.25125400E-2, 2.5052054, 14095.351, 25454.699, 148240.27, 0.0000000, 0.0000000, 0.0000000, 0.0000000, 0.0000000
0.13314930, 2.2861166, 0.16036050, 0.68614835, 0.56162250, 0.39177403, 4.7336187, 64.688896, 62.236229, -0.17030942E-3, 2.1786783, 0.59496406E-1, 0.25120948E-2, 2.5051250, 14095.285, 25454.576, 148291.61, 0.0000000, 0.0000000, 0.0000000, 0.0000000, 0.0000000
0.13318048, 2.2860658, 0.16036119, 0.68611068, 0.56161022, 0.39176810, 4.7335706, 64.688774, 62.236229, -0.53034630E-4, 2.1789443, 0.59496343E-1, 0.25119921E-2, 2.5050962, 14095.203, 25454.441, 148346.36, 0.0000000, 0.0000000, 0.0000000, 0.0000000, 0.0000000
0.13315475, 2.2860627, 0.16036478, 0.68615723, 0.56160086, 0.39175546, 4.7333536, 64.688553, 62.236229, 0.78561774E-4, 2.1794724, 0.59496161E-1, 0.25124140E-2, 2.5052576, 14095.257, 25454.539, 148396.67, 0.0000000, 0.0000000, 0.0000000, 0.0000000, 0.0000000
0.13319552, 2.2860656, 0.16036595, 0.68616807, 0.56159711, 0.39175731, 4.7332902, 64.688332, 62.236229, 0.57939615E-5, 2.1793599, 0.59496015E-1, 0.25124713E-2, 2.5053289, 14095.273, 25454.566, 148449.34, 0.0000000, 0.0000000, 0.0000000, 0.0000000, 0.0000000
0.13314548, 2.2860467, 0.16035512, 0.68614334, 0.56160533, 0.39176118, 4.7334414, 64.688133, 62.236229, -0.62478677E-4, 2.1789579, 0.59495710E-1, 0.25121521E-2, 2.5051198, 14095.284, 25454.559, 148502.36, 0.0000000, 0.0000000, 0.0000000, 0.0000000, 0.0000000
0.13315415, 2.2860389, 0.16036278, 0.68616402, 0.56160164, 0.39175588, 4.7333236, 64.687897, 62.236229, 0.33657619E-4, 2.1793988, 0.59495516E-1, 0.25124212E-2, 2.5052986, 14095.283, 25454.578, 148554.17, 0.0000000, 0.0000000, 0.0000000, 0.0000000, 0.0000000
0.13312420, 2.2859933, 0.16034462, 0.68611109, 0.56160879, 0.39176458, 4.7336302, 64.687759, 62.236229, -0.15356578E-3, 2.1786604, 0.59495218E-1, 0.25119104E-2, 2.5050695, 14095.225, 25454.465, 148607.39, 0.0000000, 0.0000000, 0.0000000, 0.0000000, 0.0000000
0.13316411, 2.2859535, 0.16036107, 0.68608892, 0.56160468, 0.39176327, 4.7335548, 64.687607, 62.236229, -0.37332356E-4, 2.1789649, 0.59495162E-1, 0.25119428E-2, 2.5050776, 14095.180, 25454.406, 148656.89, 0.0000000, 0.0000000, 0.0000000, 0.0000000, 0.0000000
0.13319631, 2.2859683, 0.16036452, 0.68615878, 0.56159717, 0.39175707, 4.7333765, 64.687386, 62.236229, 0.88672095E-5, 2.1795087, 0.59495069E-1, 0.25124385E-2, 2.5054693, 14095.131, 25454.334, 148711.33, 0.0000000, 0.0000000, 0.0000000, 0.0000000, 0.0000000
0.13320363, 2.2859762, 0.16036859, 0.68618000, 0.56160569, 0.39176235, 4.7333436, 64.687134, 62.236229, 0.19054889E-4, 2.1793821, 0.59494901E-1, 0.25124683E-2, 2.5053139, 14095.249, 25454.521, 148761.11, 0.0000000, 0.0000000, 0.0000000, 0.0000000, 0.0000000
0.13316780, 2.2859859, 0.16035227, 0.68617254, 0.56159288, 0.39175558, 4.7333555, 64.686913, 62.236229, 0.16290011E-4, 2.1793468, 0.59494656E-1, 0.25125565E-2, 2.5052855, 14095.240, 25454.508, 148813.73, 0.0000000, 0.0000000, 0.0000000, 0.0000000, 0.0000000
0.13317853, 2.2860022, 0.16036133, 0.68619531, 0.56160849, 0.39176527, 4.7334008, 64.686676, 62.236229, -0.26021735E-4, 2.1793814, 0.59494548E-1, 0.25125514E-2, 2.5054252, 14095.319, 25454.629, 148862.77, 0.0000000, 0.0000000, 0.0000000, 0.0000000, 0.0000000
0.13319293, 2.2860098, 0.16037084, 0.68619263, 0.56161064, 0.39176565, 4.7333536, 64.686455, 62.236229, 0.15165249E-4, 2.1793818, 0.59494331E-1, 0.25124857E-2, 2.5053227, 14095.346, 25454.693, 148916.95, 0.0000000, 0.0000000, 0.0000000, 0.0000000, 0.0000000
0.13315715, 2.2859883, 0.16035748, 0.68614835, 0.56163108, 0.39178100, 4.7337270, 64.686348, 62.236229, -0.20873843E-3, 2.1786394, 0.59494242E-1, 0.25119700E-2, 2.5051870, 14095.239, 25454.510, 148966.42, 0.0000000, 0.0000000, 0.0000000, 0.0000000, 0.0000000
0.13318925, 2.2859921, 0.16037059, 0.68617988, 0.56161207, 0.39176562, 4.7334247, 64.686134, 62.236229, 0.73727919E-4, 2.1795938, 0.59494156E-1, 0.25124196E-2, 2.5053878, 14095.190, 25454.436, 149018.94, 0.0000000, 0.0000000, 0.0000000, 0.0000000, 0.0000000
0.13316981, 2.2859902, 0.16035433, 0.68616605, 0.56158864, 0.39175180, 4.7332878, 64.685890, 62.236229, 0.11139577E-3, 2.1794679, 0.59494052E-1, 0.25125283E-2, 2.5051625, 14095.329, 25454.678, 149067.70, 0.0000000, 0.0000000, 0.0000000, 0.0000000, 0.0000000
0.13315010, 2.2859678, 0.16035634, 0.68614191, 0.56161809, 0.39177033, 4.7336454, 64.685738, 62.236229, -0.16003312E-3, 2.1787083, 0.59493951E-1, 0.25120976E-2, 2.5051243, 14095.299, 25454.596, 149120.80, 0.0000000, 0.0000000, 0.0000000, 0.0000000, 0.0000000
0.13316193, 2.2859604, 0.16036499, 0.68613964, 0.56160039, 0.39175782, 4.7334733, 64.685524, 62.236229, 0.49703041E-4, 2.1793168, 0.59493806E-1, 0.25123407E-2, 2.5051861, 14095.289, 25454.594, 149170.86, 0.0000000, 0.0000000, 0.0000000, 0.0000000, 0.0000000
0.13317013, 2.2859633, 0.16035508, 0.68615776, 0.56158847, 0.39175081, 4.7333527, 64.685287, 62.236229, 0.65484594E-4, 2.1794617, 0.59493419E-1, 0.25125071E-2, 2.5052729, 14095.420, 25454.812, 149219.59, 0.0000000, 0.0000000, 0.0000000, 0.0000000, 0.0000000
0.13314459, 2.2859449, 0.16035660, 0.68613476, 0.56161541, 0.39176852, 4.7336802, 64.685127, 62.236229, -0.15638024E-3, 2.1787145, 0.59493303E-1, 0.25120904E-2, 2.5051222, 14095.390, 25454.730, 149271.22, 0.0000000, 0.0000000, 0.0000000, 0.0000000, 0.0000000
0.13316296, 2.2859347, 0.16036578, 0.68613875, 0.56160158, 0.39175820, 4.7335100, 64.684906, 62.236229, 0.43777894E-4, 2.1793215, 0.59493247E-1, 0.25123334E-2, 2.5052011, 14095.338, 25454.688, 149319.80, 0.0000000, 0.0000000, 0.0000000, 0.0000000, 0.0000000
0.13317233, 2.2859206, 0.16035752, 0.68613458, 0.56162024, 0.39177319, 4.7337642, 64.684761, 62.236229, -0.16583863E-3, 2.1787846, 0.59493147E-1, 0.25120946E-2, 2.5052178, 14095.279, 25454.562, 149373.66, 0.0000000, 0.0000000, 0.0000000, 0.0000000, 0.0000000
0.13319193, 2.2859354, 0.16036753, 0.68616921, 0.56160593, 0.39176148, 4.7334704, 64.684540, 62.236229, 0.88606394E-4, 2.1795928, 0.59493013E-1, 0.25124419E-2, 2.5053465, 14095.304, 25454.619, 149422.69, 0.0000000, 0.0000000, 0.0000000, 0.0000000, 0.0000000
0.13315532, 2.2859309, 0.16036190, 0.68615663, 0.56161153, 0.39176393, 4.7335868, 64.684326, 62.236229, -0.39154111E-4, 2.1790550, 0.59492908E-1, 0.25122401E-2, 2.5051486, 14095.324, 25454.646, 149473.55, 0.0000000, 0.0000000, 0.0000000, 0.0000000, 0.0000000
0.13320009, 2.2859445, 0.16036677, 0.68617707, 0.56160122, 0.39176077, 4.7334480, 64.684097, 62.236229, 0.17178274E-4, 2.1795249, 0.59492249E-1, 0.25124992E-2, 2.5054591, 14095.344, 25454.699, 149522.59, 0.0000000, 0.0000000, 0.0000000, 0.0000000, 0.0000000
0.13312759, 2.2859280, 0.16034710, 0.68613356, 0.56160170, 0.39175925, 4.7335734, 64.683876, 62.236229, -0.16642240E-4, 2.1790061, 0.59491862E-1, 0.25121507E-2, 2.5050464, 14095.406, 25454.779, 149570.91, 0.0000000, 0.0000000, 0.0000000, 0.0000000, 0.0000000
0.13315833, 2.2859030, 0.16036345, 0.68611324, 0.56158525, 0.39174816, 4.7334208, 64.683640, 62.236229, 0.62299601E-4, 2.1792457, 0.59491586E-1, 0.25123165E-2, 2.5050807, 14095.467, 25454.898, 149624.50, 0.0000000, 0.0000000, 0.0000000, 0.0000000, 0.0000000
0.13311262, 2.2858596, 0.16033688, 0.68607795, 0.56158817, 0.39175099, 4.7336469, 64.683464, 62.236229, -0.99487836E-4, 2.1787233, 0.59491511E-1, 0.25119295E-2, 2.5049901, 14095.415, 25454.783, 149673.20, 0.0000000, 0.0000000, 0.0000000, 0.0000000, 0.0000000
0.13318355, 2.2858717, 0.16036421, 0.68613988, 0.56159735, 0.39175206, 4.7334032, 64.683189, 62.236229, 0.43616688E-4, 2.1795070, 0.59491251E-1, 0.25123698E-2, 2.5053766, 14095.465, 25454.887, 149721.52, 0.0000000, 0.0000000, 0.0000000, 0.0000000, 0.0000000
0.13319503, 2.2859004, 0.16036756, 0.68618113, 0.56160742, 0.39176267, 4.7334666, 64.682938, 62.236229, -0.63681015E-4, 2.1793170, 0.59491120E-1, 0.25125120E-2, 2.5054543, 14095.426, 25454.818, 149772.91, 0.0000000, 0.0000000, 0.0000000, 0.0000000, 0.0000000
0.13321148, 2.2859187, 0.16037445, 0.68619311, 0.56160730, 0.39176393, 4.7334127, 64.682686, 62.236229, 0.20278196E-4, 2.1794360, 0.59491031E-1, 0.25125628E-2, 2.5053561, 14095.447, 25454.861, 149821.20, 0.0000000, 0.0000000, 0.0000000, 0.0000000, 0.0000000
0.13318801, 2.2859342, 0.16036738, 0.68619120, 0.56161749, 0.39176798, 4.7334890, 64.682465, 62.236229, -0.34688448E-4, 2.1792321, 0.59490938E-1, 0.25123337E-2, 2.5053022, 14095.497, 25454.939, 149870.53, 0.0000000, 0.0000000, 0.0000000, 0.0000000, 0.0000000
0.13317491, 2.2859285, 0.16035938, 0.68615842, 0.56161070, 0.39176553, 4.7335501, 64.682251, 62.236229, -0.37854101E-4, 2.1791270, 0.59490718E-1, 0.25122282E-2, 2.5052128, 14095.456, 25454.877, 149921.91, 0.0000000, 0.0000000, 0.0000000, 0.0000000, 0.0000000
0.13319191, 2.2859395, 0.16036806, 0.68617553, 0.56160486, 0.39176071, 4.7334151, 64.681999, 62.236229, 0.41935564E-4, 2.1794508, 0.59490569E-1, 0.25124704E-2, 2.5053220, 14095.484, 25454.922, 149970.67, 0.0000000, 0.0000000, 0.0000000, 0.0000000, 0.0000000
0.13315821, 2.2859464, 0.16034882, 0.68616951, 0.56159103, 0.39175272, 4.7334151, 64.681763, 62.236229, 0.49512426E-4, 2.1793470, 0.59490267E-1, 0.25125649E-2, 2.5051944, 14095.535, 25454.994, 150019.61, 0.0000000, 0.0000000, 0.0000000, 0.0000000, 0.0000000
0.13318528, 2.2859535, 0.16036667, 0.68618786, 0.56161731, 0.39176601, 4.7334585, 64.681526, 62.236229, -0.62752224E-4, 2.1792765, 0.59490025E-1, 0.25123584E-2, 2.5054131, 14095.608, 25455.098, 150069.83, 0.0000000, 0.0000000, 0.0000000, 0.0000000, 0.0000000
0.13315850, 2.2859561, 0.16036488, 0.68617892, 0.56160241, 0.39175773, 4.7333865, 64.681290, 62.236229, 0.47530979E-4, 2.1793737, 0.59489746E-1, 0.25124724E-2, 2.5052285, 14095.616, 25455.088, 150117.97, 0.0000000, 0.0000000, 0.0000000, 0.0000000, 0.0000000
0.13317621, 2.2859299, 0.16035949, 0.68613768, 0.56162012, 0.39177352, 4.7336907, 64.681145, 62.236229, -0.17535986E-3, 2.1787276, 0.59489626E-1, 0.25120790E-2, 2.5051804, 14095.532, 25454.967, 150165.41, 0.0000000, 0.0000000, 0.0000000, 0.0000000, 0.0000000
0.13318390, 2.2859421, 0.16036491, 0.68617028, 0.56161165, 0.39176416, 4.7335048, 64.680931, 62.236229, 0.44402783E-4, 2.1794622, 0.59489559E-1, 0.25123772E-2, 2.5053284, 14095.477, 25454.904, 150218.27, 0.0000000, 0.0000000, 0.0000000, 0.0000000, 0.0000000
0.13319881, 2.2859552, 0.16036551, 0.68617952, 0.56160456, 0.39176166, 4.7334304, 64.680695, 62.236229, 0.31732488E-4, 2.1794093, 0.59489265E-1, 0.25125139E-2, 2.5053022, 14095.528, 25454.990, 150266.44, 0.0000000, 0.0000000, 0.0000000, 0.0000000, 0.0000000
0.13320085, 2.2859800, 0.16036938, 0.68619502, 0.56161004, 0.39176628, 4.7334638, 64.680473, 62.236229, -0.48141897E-4, 2.1793404, 0.59489142E-1, 0.25126024E-2, 2.5054357, 14095.482, 25454.916, 150313.83, 0.0000000, 0.0000000, 0.0000000, 0.0000000, 0.0000000
0.13315879, 2.2859898, 0.16034728, 0.68618053, 0.56159472, 0.39175636, 4.7334399, 64.680260, 62.236229, 0.50561444E-4, 2.1793890, 0.59489060E-1, 0.25125276E-2, 2.5052323, 14095.458, 25454.881, 150365.23, 0.0000000, 0.0000000, 0.0000000, 0.0000000, 0.0000000
0.13319580, 2.2859931, 0.16037063, 0.68618941, 0.56160975, 0.39176449, 4.7333832, 64.680023, 62.236229, -0.16456179E-5, 2.1793883, 0.59488818E-1, 0.25125246E-2, 2.5053682, 14095.574, 25455.037, 150412.44, 0.0000000, 0.0000000, 0.0000000, 0.0000000, 0.0000000
0.13315731, 2.2860019, 0.16034645, 0.68617892, 0.56159264, 0.39175627, 4.7334218, 64.679810, 62.236229, 0.15813857E-5, 2.1793489, 0.59488706E-1, 0.25125572E-2, 2.5053148, 14095.573, 25455.045, 150460.28, 0.0000000, 0.0000000, 0.0000000, 0.0000000, 0.0000000
0.13317253, 2.2859747, 0.16035815, 0.68613964, 0.56161749, 0.39177284, 4.7336807, 64.679665, 62.236229, -0.15762568E-3, 2.1787703, 0.59488617E-1, 0.25120901E-2, 2.5051765, 14095.572, 25455.043, 150507.14, 0.0000000, 0.0000000, 0.0000000, 0.0000000, 0.0000000
0.13320927, 2.2860036, 0.16037507, 0.68619734, 0.56161767, 0.39177138, 4.7335143, 64.679451, 62.236229, -0.39713050E-5, 2.1795373, 0.59488546E-1, 0.25125884E-2, 2.5055153, 14095.500, 25454.951, 150559.34, 0.0000000, 0.0000000, 0.0000000, 0.0000000, 0.0000000
0.13317144, 2.2860043, 0.16035606, 0.68618101, 0.56159550, 0.39175737, 4.7334223, 64.679230, 62.236229, 0.76319775E-4, 2.1794250, 0.59488371E-1, 0.25125903E-2, 2.5051970, 14095.571, 25455.035, 150606.75, 0.0000000, 0.0000000, 0.0000000, 0.0000000, 0.0000000
0.13320592, 2.2860124, 0.16037107, 0.68618858, 0.56160569, 0.39176393, 4.7334003, 64.679008, 62.236229, -0.21927437E-4, 2.1793685, 0.59487984E-1, 0.25125453E-2, 2.5053964, 14095.683, 25455.180, 150654.64, 0.0000000, 0.0000000, 0.0000000, 0.0000000, 0.0000000
0.13321258, 2.2860398, 0.16037503, 0.68622154, 0.56162447, 0.39177647, 4.7334943, 64.678802, 62.236229, -0.80254802E-4, 2.1793475, 0.59487864E-1, 0.25126403E-2, 2.5055172, 14095.673, 25455.186, 150701.64, 0.0000000, 0.0000000, 0.0000000, 0.0000000, 0.0000000
0.13316284, 2.2860417, 0.16035940, 0.68618554, 0.56160074, 0.39176175, 4.7334504, 64.678589, 62.236229, 0.25228859E-4, 2.1793349, 0.59487797E-1, 0.25125311E-2, 2.5052438, 14095.599, 25455.064, 150749.89, 0.0000000, 0.0000000, 0.0000000, 0.0000000, 0.0000000
0.13314322, 2.2860217, 0.16035475, 0.68614990, 0.56160229, 0.39175856, 4.7334986, 64.678383, 62.236229, -0.27023198E-4, 2.1791005, 0.59487693E-1, 0.25122785E-2, 2.5051565, 14095.661, 25455.168, 150800.02, 0.0000000, 0.0000000, 0.0000000, 0.0000000, 0.0000000
0.13316052, 2.2860155, 0.16034906, 0.68615031, 0.56158584, 0.39174873, 4.7333679, 64.678146, 62.236229, 0.69907866E-4, 2.1794169, 0.59487537E-1, 0.25125339E-2, 2.5052083, 14095.696, 25455.217, 150846.77, 0.0000000, 0.0000000, 0.0000000, 0.0000000, 0.0000000
0.13315049, 2.2859762, 0.16035448, 0.68611825, 0.56161398, 0.39176887, 4.7336969, 64.678001, 62.236229, -0.20767949E-3, 2.1786385, 0.59487421E-1, 0.25119977E-2, 2.5051732, 14095.630, 25455.148, 150894.03, 0.0000000, 0.0000000, 0.0000000, 0.0000000, 0.0000000
0.13318640, 2.2859690, 0.16036639, 0.68613309, 0.56159961, 0.39175880, 4.7335358, 64.677803, 62.236229, 0.17076003E-4, 2.1792898, 0.59486810E-1, 0.25123938E-2, 2.5052295, 14095.573, 25455.043, 150940.55, 0.0000000, 0.0000000, 0.0000000, 0.0000000, 0.0000000
0.13315855, 2.2859564, 0.16035503, 0.68612313, 0.56158245, 0.39174733, 4.7334561, 64.677582, 62.236229, 0.58815727E-4, 2.1792388, 0.59486423E-1, 0.25124499E-2, 2.5050704, 14095.626, 25455.107, 150988.19, 0.0000000, 0.0000000, 0.0000000, 0.0000000, 0.0000000
0.13321394, 2.2859664, 0.16037582, 0.68616527, 0.56159550, 0.39175507, 4.7333493, 64.677322, 62.236229, 0.20314052E-4, 2.1794248, 0.59486143E-1, 0.25125686E-2, 2.5053442, 14095.729, 25455.256, 151039.45, 0.0000000, 0.0000000, 0.0000000, 0.0000000, 0.0000000
0.13320903, 2.2859788, 0.16037244, 0.68618822, 0.56160593, 0.39176294, 4.7334151, 64.677078, 62.236229, -0.32808166E-4, 2.1792874, 0.59486043E-1, 0.25126194E-2, 2.5053396, 14095.725, 25455.248, 151086.12, 0.0000000, 0.0000000, 0.0000000, 0.0000000, 0.0000000
0.13320249, 2.2859900, 0.16036606, 0.68617868, 0.56159961, 0.39176148, 4.7334270, 64.676865, 62.236229, -0.24122157E-4, 2.1793036, 0.59485782E-1, 0.25125714E-2, 2.5053344, 14095.702, 25455.205, 151133.55, 0.0000000, 0.0000000, 0.0000000, 0.0000000, 0.0000000
0.13316831, 2.2860029, 0.16035423, 0.68617398, 0.56159377, 0.39175639, 4.7334309, 64.676651, 62.236229, 0.19671279E-5, 2.1793356, 0.59485685E-1, 0.25126408E-2, 2.5052958, 14095.726, 25455.252, 151180.23, 0.0000000, 0.0000000, 0.0000000, 0.0000000, 0.0000000
0.13319632, 2.2860088, 0.16036941, 0.68618655, 0.56161135, 0.39176440, 4.7334123, 64.676399, 62.236229, -0.23334986E-4, 2.1793318, 0.59485592E-1, 0.25125288E-2, 2.5053604, 14095.798, 25455.393, 151226.69, 0.0000000, 0.0000000, 0.0000000, 0.0000000, 0.0000000
0.13320950, 2.2860208, 0.16037299, 0.68619603, 0.56161439, 0.39176899, 4.7334685, 64.676186, 62.236229, -0.46159781E-4, 2.1792750, 0.59485503E-1, 0.25125623E-2, 2.5053618, 14095.754, 25455.309, 151273.53, 0.0000000, 0.0000000, 0.0000000, 0.0000000, 0.0000000
0.13316482, 2.2860258, 0.16036808, 0.68619722, 0.56161565, 0.39176732, 4.7334881, 64.675972, 62.236229, -0.26743830E-4, 2.1792746, 0.59485283E-1, 0.25125148E-2, 2.5053103, 14095.730, 25455.264, 151321.27, 0.0000000, 0.0000000, 0.0000000, 0.0000000, 0.0000000
0.13320500, 2.2860336, 0.16037418, 0.68620163, 0.56161344, 0.39176852, 4.7334366, 64.675758, 62.236229, -0.11937402E-4, 2.1793890, 0.59485171E-1, 0.25125991E-2, 2.5053875, 14095.738, 25455.271, 151370.72, 0.0000000, 0.0000000, 0.0000000, 0.0000000, 0.0000000
0.13316244, 2.2860217, 0.16036727, 0.68617404, 0.56161433, 0.39176810, 4.7335420, 64.675568, 62.236229, -0.48567483E-4, 2.1790478, 0.59485003E-1, 0.25124047E-2, 2.5051527, 14095.693, 25455.217, 151416.98, 0.0000000, 0.0000000, 0.0000000, 0.0000000, 0.0000000
0.13321334, 2.2860508, 0.16037852, 0.68621385, 0.56162608, 0.39177707, 4.7335038, 64.675362, 62.236229, -0.65906963E-4, 2.1794167, 0.59484709E-1, 0.25126098E-2, 2.5055518, 14095.635, 25455.135, 151464.06, 0.0000000, 0.0000000, 0.0000000, 0.0000000, 0.0000000
0.13315867, 2.2860608, 0.16036762, 0.68620074, 0.56161433, 0.39176968, 4.7335005, 64.675163, 62.236229, -0.32515323E-4, 2.1792979, 0.59484385E-1, 0.25125381E-2, 2.5053494, 14095.591, 25455.062, 151510.31, 0.0000000, 0.0000000, 0.0000000, 0.0000000, 0.0000000
0.13319370, 2.2860641, 0.16037183, 0.68620074, 0.56161654, 0.39177105, 4.7334452, 64.674957, 62.236229, -0.47109032E-4, 2.1793623, 0.59484281E-1, 0.25125339E-2, 2.5054476, 14095.602, 25455.080, 151556.50, 0.0000000, 0.0000000, 0.0000000, 0.0000000, 0.0000000
0.13319938, 2.2860672, 0.16036737, 0.68619347, 0.56160754, 0.39176530, 4.7333679, 64.674744, 62.236229, 0.26508744E-4, 2.1794000, 0.59484158E-1, 0.25125819E-2, 2.5052984, 14095.613, 25455.100, 151602.53, 0.0000000, 0.0000000, 0.0000000, 0.0000000, 0.0000000
0.13315998, 2.2860591, 0.16036633, 0.68616420, 0.56160510, 0.39176339, 4.7334533, 64.674553, 62.236229, -0.64893218E-4, 2.1790845, 0.59484020E-1, 0.25124492E-2, 2.5052307, 14095.556, 25455.025, 151648.81, 0.0000000, 0.0000000, 0.0000000, 0.0000000, 0.0000000
0.13317795, 2.2860343, 0.16035952, 0.68613684, 0.56162030, 0.39177489, 4.7336774, 64.674446, 62.236229, -0.17390924E-3, 2.1787581, 0.59483808E-1, 0.25121025E-2, 2.5052025, 14095.404, 25454.764, 151695.83, 0.0000000, 0.0000000, 0.0000000, 0.0000000, 0.0000000
0.13318264, 2.2860186, 0.16036485, 0.68614560, 0.56163037, 0.39178050, 4.7337556, 64.674370, 62.236229, -0.12595358E-3, 2.1789088, 0.59483763E-1, 0.25121174E-2, 2.5052299, 14095.239, 25454.506, 151742.09, 0.0000000, 0.0000000, 0.0000000, 0.0000000, 0.0000000
0.13316721, 2.2860186, 0.16035590, 0.68615961, 0.56159091, 0.39175355, 4.7334080, 64.674164, 62.236229, 0.15621963E-3, 2.1796315, 0.59483692E-1, 0.25125197E-2, 2.5052004, 14095.283, 25454.596, 151790.98, 0.0000000, 0.0000000, 0.0000000, 0.0000000, 0.0000000
0.13316116, 2.2859864, 0.16035146, 0.68611866, 0.56161189, 0.39176923, 4.7336740, 64.674019, 62.236229, -0.14650138E-3, 2.1787267, 0.59483502E-1, 0.25120473E-2, 2.5051043, 14095.351, 25454.666, 151838.61, 0.0000000, 0.0000000, 0.0000000, 0.0000000, 0.0000000
0.13316995, 2.2859585, 0.16035618, 0.68611622, 0.56161368, 0.39176911, 4.7337179, 64.673889, 62.236229, -0.95342140E-4, 2.1789191, 0.59483439E-1, 0.25120019E-2, 2.5051649, 14095.205, 25454.441, 151884.66, 0.0000000, 0.0000000, 0.0000000, 0.0000000, 0.0000000
0.13320585, 2.2859850, 0.16037211, 0.68618840, 0.56161457, 0.39176860, 4.7335081, 64.673676, 62.236229, 0.96363656E-5, 2.1795752, 0.59483357E-1, 0.25125307E-2, 2.5055192, 14095.168, 25454.391, 151930.62, 0.0000000, 0.0000000, 0.0000000, 0.0000000, 0.0000000
0.13316235, 2.2859855, 0.16036697, 0.68616688, 0.56160796, 0.39176473, 4.7335472, 64.673470, 62.236229, -0.35873876E-4, 2.1791756, 0.59483249E-1, 0.25123823E-2, 2.5052454, 14095.130, 25454.334, 151976.70, 0.0000000, 0.0000000, 0.0000000, 0.0000000, 0.0000000
0.13316420, 2.2859902, 0.16035172, 0.68616349, 0.56158453, 0.39174876, 4.7333574, 64.673233, 62.236229, 0.11347841E-3, 2.1795435, 0.59483148E-1, 0.25125167E-2, 2.5052197, 14095.206, 25454.467, 152022.97, 0.0000000, 0.0000000, 0.0000000, 0.0000000, 0.0000000
0.13318875, 2.2859774, 0.16036847, 0.68615359, 0.56160510, 0.39176154, 4.7334452, 64.672997, 62.236229, -0.48909627E-4, 2.1791036, 0.59483010E-1, 0.25123493E-2, 2.5052121, 14095.334, 25454.654, 152069.38, 0.0000000, 0.0000000, 0.0000000, 0.0000000, 0.0000000
0.13319027, 2.2859895, 0.16036698, 0.68618608, 0.56161875, 0.39176938, 4.7335005, 64.672775, 62.236229, -0.65399508E-4, 2.1792364, 0.59482712E-1, 0.25123386E-2, 2.5053754, 14095.245, 25454.512, 152115.27, 0.0000000, 0.0000000, 0.0000000, 0.0000000, 0.0000000
0.13319223, 2.2860119, 0.16037177, 0.68620688, 0.56161976, 0.39177215, 4.7335029, 64.672562, 62.236229, -0.52220130E-4, 2.1793995, 0.59482448E-1, 0.25124701E-2, 2.5055010, 14095.170, 25454.400, 152161.16, 0.0000000, 0.0000000, 0.0000000, 0.0000000, 0.0000000
0.13315904, 2.2860179, 0.16036575, 0.68619812, 0.56161302, 0.39176562, 4.7334456, 64.672348, 62.236229, 0.15047204E-4, 2.1793807, 0.59482381E-1, 0.25123951E-2, 2.5053117, 14095.213, 25454.461, 152207.00, 0.0000000, 0.0000000, 0.0000000, 0.0000000, 0.0000000
0.13315302, 2.2859800, 0.16035196, 0.68612933, 0.56161839, 0.39177278, 4.7336802, 64.672234, 62.236229, -0.15751790E-3, 2.1787336, 0.59482288E-1, 0.25119158E-2, 2.5051401, 14095.115, 25454.303, 152252.72, 0.0000000, 0.0000000, 0.0000000, 0.0000000, 0.0000000
0.13316628, 2.2859831, 0.16035357, 0.68614417, 0.56158215, 0.39174697, 4.7333274, 64.671997, 62.236229, 0.15837727E-3, 2.1796575, 0.59482232E-1, 0.25125092E-2, 2.5052214, 14095.138, 25454.330, 152298.36, 0.0000000, 0.0000000, 0.0000000, 0.0000000, 0.0000000
0.13315944, 2.2859719, 0.16036390, 0.68613988, 0.56160110, 0.39175701, 4.7334323, 64.671761, 62.236229, -0.38130151E-4, 2.1790438, 0.59482057E-1, 0.25122617E-2, 2.5051253, 14095.306, 25454.613, 152343.98, 0.0000000, 0.0000000, 0.0000000, 0.0000000, 0.0000000
0.13315305, 2.2859514, 0.16036209, 0.68613714, 0.56162226, 0.39177236, 4.7337275, 64.671623, 62.236229, -0.18512367E-3, 2.1787264, 0.59481945E-1, 0.25120513E-2, 2.5051951, 14095.163, 25454.375, 152389.53, 0.0000000, 0.0000000, 0.0000000, 0.0000000, 0.0000000
0.13319594, 2.2859535, 0.16036630, 0.68615621, 0.56159508, 0.39175501, 4.7333879, 64.671394, 62.236229, 0.13175613E-3, 2.1796196, 0.59481140E-1, 0.25124166E-2, 2.5052550, 14095.201, 25454.445, 152435.03, 0.0000000, 0.0000000, 0.0000000, 0.0000000, 0.0000000
0.13311724, 2.2859256, 0.16033971, 0.68611485, 0.56160825, 0.39176396, 4.7337303, 64.671249, 62.236229, -0.14744027E-3, 2.1786516, 0.59480820E-1, 0.25119302E-2, 2.5050290, 14095.172, 25454.383, 152480.58, 0.0000000, 0.0000000, 0.0000000, 0.0000000, 0.0000000
0.13318798, 2.2859325, 0.16036727, 0.68615365, 0.56159782, 0.39175481, 4.7333713, 64.670990, 62.236229, 0.88528031E-4, 2.1796277, 0.59480693E-1, 0.25124191E-2, 2.5053737, 14095.217, 25454.475, 152526.02, 0.0000000, 0.0000000, 0.0000000, 0.0000000, 0.0000000
0.13314614, 2.2859232, 0.16035683, 0.68613982, 0.56160003, 0.39175525, 4.7334833, 64.670753, 62.236229, -0.41905529E-4, 2.1790543, 0.59480462E-1, 0.25122094E-2, 2.5051463, 14095.245, 25454.504, 152571.48, 0.0000000, 0.0000000, 0.0000000, 0.0000000, 0.0000000
0.13321041, 2.2859337, 0.16037408, 0.68616891, 0.56159735, 0.39175671, 4.7333274, 64.670479, 62.236229, 0.33534772E-4, 2.1795032, 0.59480321E-1, 0.25125155E-2, 2.5053878, 14095.247, 25454.520, 152616.22, 0.0000000, 0.0000000, 0.0000000, 0.0000000, 0.0000000
0.13316245, 2.2859402, 0.16036780, 0.68616408, 0.56161052, 0.39176488, 4.7335434, 64.670265, 62.236229, -0.11437770E-3, 2.1789792, 0.59480209E-1, 0.25123453E-2, 2.5052526, 14095.174, 25454.393, 152661.52, 0.0000000, 0.0000000, 0.0000000, 0.0000000, 0.0000000
0.13315496, 2.2859550, 0.16036326, 0.68617982, 0.56160563, 0.39176047, 4.7334595, 64.670044, 62.236229, 0.10560587E-4, 2.1794138, 0.59480134E-1, 0.25124326E-2, 2.5053573, 14095.123, 25454.316, 152706.73, 0.0000000, 0.0000000, 0.0000000, 0.0000000, 0.0000000
0.13315654, 2.2859683, 0.16036515, 0.68619424, 0.56161392, 0.39176473, 4.7334723, 64.669823, 62.236229, -0.34522323E-4, 2.1793323, 0.59480052E-1, 0.25124126E-2, 2.5053930, 14095.146, 25454.357, 152750.69, 0.0000000, 0.0000000, 0.0000000, 0.0000000, 0.0000000
0.13319351, 2.2859826, 0.16036722, 0.68619686, 0.56161135, 0.39176670, 4.7334313, 64.669601, 62.236229, -0.19727129E-4, 2.1794150, 0.59479818E-1, 0.25124659E-2, 2.5054309, 14095.178, 25454.404, 152795.95, 0.0000000, 0.0000000, 0.0000000, 0.0000000, 0.0000000
0.13312198, 2.2859635, 0.16034298, 0.68614155, 0.56160545, 0.39176199, 4.7335749, 64.669411, 62.236229, -0.39100240E-4, 2.1789663, 0.59479684E-1, 0.25121204E-2, 2.5050569, 14095.197, 25454.418, 152839.52, 0.0000000, 0.0000000, 0.0000000, 0.0000000, 0.0000000
0.13319613, 2.2859728, 0.16037270, 0.68617719, 0.56161129, 0.39176434, 4.7334099, 64.669182, 62.236229, -0.15053723E-4, 2.1794567, 0.59479389E-1, 0.25124275E-2, 2.5054667, 14095.246, 25454.510, 152883.47, 0.0000000, 0.0000000, 0.0000000, 0.0000000, 0.0000000
0.13320550, 2.2859881, 0.16037169, 0.68619525, 0.56161481, 0.39176893, 4.7334542, 64.668961, 62.236229, -0.35963225E-4, 2.1793010, 0.59479173E-1, 0.25124615E-2, 2.5053606, 14095.228, 25454.482, 152928.41, 0.0000000, 0.0000000, 0.0000000, 0.0000000, 0.0000000
0.13318416, 2.2860003, 0.16036426, 0.68619972, 0.56161863, 0.39176992, 4.7334771, 64.668739, 62.236229, -0.25144080E-4, 2.1793473, 0.59478883E-1, 0.25123805E-2, 2.5053756, 14095.253, 25454.527, 152972.92, 0.0000000, 0.0000000, 0.0000000, 0.0000000, 0.0000000
0.13319585, 2.2860107, 0.16036929, 0.68620020, 0.56161743, 0.39176953, 4.7334361, 64.668518, 62.236229, -0.12530159E-4, 2.1793725, 0.59478771E-1, 0.25124531E-2, 2.5053730, 14095.305, 25454.611, 153017.98, 0.0000000, 0.0000000, 0.0000000, 0.0000000, 0.0000000
0.13315009, 2.2860150, 0.16036037, 0.68619996, 0.56161892, 0.39176795, 4.7334952, 64.668312, 62.236229, -0.37293823E-4, 2.1792779, 0.59478674E-1, 0.25123577E-2, 2.5053394, 14095.304, 25454.607, 153063.23, 0.0000000, 0.0000000, 0.0000000, 0.0000000, 0.0000000
0.13315944, 2.2859716, 0.16034827, 0.68611485, 0.56160796, 0.39176738, 4.7336493, 64.668167, 62.236229, -0.85396372E-4, 2.1787932, 0.59478525E-1, 0.25120003E-2, 2.5050087, 14095.263, 25454.547, 153108.30, 0.0000000, 0.0000000, 0.0000000, 0.0000000, 0.0000000
0.13316207, 2.2859583, 0.16036576, 0.68612838, 0.56159461, 0.39175364, 4.7334423, 64.667938, 62.236229, 0.77276360E-4, 2.1793401, 0.59478316E-1, 0.25123276E-2, 2.5051193, 14095.318, 25454.646, 153153.22, 0.0000000, 0.0000000, 0.0000000, 0.0000000, 0.0000000
0.13320251, 2.2859652, 0.16037071, 0.68616891, 0.56159896, 0.39175680, 4.7333636, 64.667694, 62.236229, 0.43325708E-5, 2.1794052, 0.59478208E-1, 0.25125362E-2, 2.5053592, 14095.384, 25454.762, 153197.44, 0.0000000, 0.0000000, 0.0000000, 0.0000000, 0.0000000
0.13312513, 2.2859449, 0.16034319, 0.68612486, 0.56159717, 0.39175606, 4.7335286, 64.667488, 62.236229, -0.38899831E-4, 2.1789317, 0.59477977E-1, 0.25121465E-2, 2.5050159, 14095.386, 25454.748, 153242.16, 0.0000000, 0.0000000, 0.0000000, 0.0000000, 0.0000000
0.13315859, 2.2859030, 0.16034769, 0.68607968, 0.56159395, 0.39175692, 4.7335801, 64.667305, 62.236229, -0.58121746E-4, 2.1788609, 0.59477873E-1, 0.25120024E-2, 2.5050051, 14095.416, 25454.783, 153283.69, 0.0000000, 0.0000000, 0.0000000, 0.0000000, 0.0000000
0.13319537, 2.2859242, 0.16037184, 0.68616074, 0.56160480, 0.39175850, 4.7334185, 64.667068, 62.236229, -0.99960307E-5, 2.1794689, 0.59477776E-1, 0.25124785E-2, 2.5054603, 14095.393, 25454.771, 153328.22, 0.0000000, 0.0000000, 0.0000000, 0.0000000, 0.0000000
0.13317470, 2.2859514, 0.16035885, 0.68618983, 0.56160706, 0.39176396, 4.7334871, 64.666847, 62.236229, -0.43907115E-4, 2.1793191, 0.59477665E-1, 0.25125602E-2, 2.5053918, 14095.349, 25454.693, 153372.28, 0.0000000, 0.0000000, 0.0000000, 0.0000000, 0.0000000
0.13318482, 2.2859609, 0.16036528, 0.68619555, 0.56162107, 0.39176959, 4.7335019, 64.666626, 62.236229, -0.46436326E-4, 2.1793036, 0.59477489E-1, 0.25123232E-2, 2.5053878, 14095.384, 25454.744, 153417.22, 0.0000000, 0.0000000, 0.0000000, 0.0000000, 0.0000000
0.13316382, 2.2859623, 0.16034994, 0.68617111, 0.56159383, 0.39175549, 4.7334046, 64.666405, 62.236229, 0.84582221E-4, 2.1794202, 0.59477102E-1, 0.25124864E-2, 2.5051665, 14095.394, 25454.775, 153461.80, 0.0000000, 0.0000000, 0.0000000, 0.0000000, 0.0000000
0.13315547, 2.2859659, 0.16036265, 0.68618351, 0.56161070, 0.39176258, 4.7334471, 64.666176, 62.236229, -0.43340144E-4, 2.1792760, 0.59476987E-1, 0.25123616E-2, 2.5053527, 14095.466, 25454.889, 153504.31, 0.0000000, 0.0000000, 0.0000000, 0.0000000, 0.0000000
0.13316166, 2.2859354, 0.16036083, 0.68612814, 0.56161827, 0.39177209, 4.7336807, 64.666054, 62.236229, -0.17599750E-3, 2.1787367, 0.59476919E-1, 0.25119481E-2, 2.5051825, 14095.352, 25454.664, 153547.36, 0.0000000, 0.0000000, 0.0000000, 0.0000000, 0.0000000
0.13315900, 2.2859406, 0.16036244, 0.68616116, 0.56160128, 0.39175603, 4.7334061, 64.665833, 62.236229, 0.91764086E-4, 2.1795435, 0.59476838E-1, 0.25124222E-2, 2.5052731, 14095.338, 25454.693, 153590.58, 0.0000000, 0.0000000, 0.0000000, 0.0000000, 0.0000000
0.13319048, 2.2859564, 0.16037078, 0.68618244, 0.56161547, 0.39176551, 4.7334189, 64.665596, 62.236229, -0.50949136E-4, 2.1792896, 0.59476674E-1, 0.25123612E-2, 2.5053866, 14095.396, 25454.773, 153634.66, 0.0000000, 0.0000000, 0.0000000, 0.0000000, 0.0000000
0.13317381, 2.2859848, 0.16035983, 0.68620551, 0.56161737, 0.39177075, 4.7335167, 64.665390, 62.236229, -0.60250022E-4, 2.1793110, 0.59476573E-1, 0.25125614E-2, 2.5054233, 14095.333, 25454.654, 153679.58, 0.0000000, 0.0000000, 0.0000000, 0.0000000, 0.0000000
0.13321197, 2.2859929, 0.16037253, 0.68619698, 0.56161308, 0.39176890, 4.7334065, 64.665169, 62.236229, 0.28526207E-4, 2.1794417, 0.59475932E-1, 0.25124904E-2, 2.5053308, 14095.408, 25454.795, 153723.97, 0.0000000, 0.0000000, 0.0000000, 0.0000000, 0.0000000
0.13315588, 2.2859955, 0.16036370, 0.68618679, 0.56161088, 0.39176401, 4.7334442, 64.664955, 62.236229, -0.16705948E-4, 2.1792283, 0.59475534E-1, 0.25123570E-2, 2.5052385, 14095.428, 25454.834, 153767.66, 0.0000000, 0.0000000, 0.0000000, 0.0000000, 0.0000000
0.13320662, 2.2860167, 0.16037402, 0.68621022, 0.56162131, 0.39177367, 4.7334623, 64.664734, 62.236229, -0.67058689E-4, 2.1793687, 0.59475265E-1, 0.25125695E-2, 2.5054996, 14095.415, 25454.805, 153808.55, 0.0000000, 0.0000000, 0.0000000, 0.0000000, 0.0000000
0.13318847, 2.2860248, 0.16036825, 0.68619567, 0.56161124, 0.39176795, 4.7334213, 64.664520, 62.236229, -0.13268145E-5, 2.1793492, 0.59475183E-1, 0.25124985E-2, 2.5053115, 14095.412, 25454.814, 153852.16, 0.0000000, 0.0000000, 0.0000000, 0.0000000, 0.0000000
0.13315752, 2.2860284, 0.16036245, 0.68618476, 0.56160498, 0.39176068, 4.7333741, 64.664299, 62.236229, 0.21209038E-4, 2.1793292, 0.59474934E-1, 0.25124571E-2, 2.5052371, 14095.507, 25454.963, 153896.56, 0.0000000, 0.0000000, 0.0000000, 0.0000000, 0.0000000
0.13319327, 2.2860434, 0.16036947, 0.68620455, 0.56162012, 0.39177251, 4.7334495, 64.664085, 62.236229, -0.10401415E-3, 2.1792836, 0.59474804E-1, 0.25125202E-2, 2.5055084, 14095.483, 25454.922, 153940.62, 0.0000000, 0.0000000, 0.0000000, 0.0000000, 0.0000000
0.13317788, 2.2860615, 0.16036157, 0.68621385, 0.56161761, 0.39177233, 4.7334738, 64.663887, 62.236229, -0.30075229E-4, 2.1793928, 0.59474725E-1, 0.25125958E-2, 2.5054221, 14095.424, 25454.822, 153981.28, 0.0000000, 0.0000000, 0.0000000, 0.0000000, 0.0000000
0.13319111, 2.2860749, 0.16037002, 0.68621701, 0.56163394, 0.39177960, 4.7335219, 64.663689, 62.236229, -0.92476723E-4, 2.1792526, 0.59474658E-1, 0.25123537E-2, 2.5054524, 14095.429, 25454.811, 154024.19, 0.0000000, 0.0000000, 0.0000000, 0.0000000, 0.0000000
0.13319047, 2.2860794, 0.16037084, 0.68620569, 0.56162226, 0.39177316, 4.7334471, 64.663490, 62.236229, -0.79274760E-5, 2.1793740, 0.59474576E-1, 0.25124599E-2, 2.5053575, 14095.355, 25454.699, 154068.05, 0.0000000, 0.0000000, 0.0000000, 0.0000000, 0.0000000
0.13316394, 2.2860758, 0.16035227, 0.68617547, 0.56159329, 0.39175573, 4.7333364, 64.663277, 62.236229, 0.82828978E-4, 2.1794155, 0.59474375E-1, 0.25125400E-2, 2.5051594, 14095.397, 25454.783, 154112.53, 0.0000000, 0.0000000, 0.0000000, 0.0000000, 0.0000000
0.13320310, 2.2860808, 0.16037287, 0.68618751, 0.56160432, 0.39176211, 4.7332997, 64.663048, 62.236229, -0.40725572E-5, 2.1793680, 0.59474200E-1, 0.25125579E-2, 2.5053370, 14095.517, 25454.977, 154155.69, 0.0000000, 0.0000000, 0.0000000, 0.0000000, 0.0000000
0.13320002, 2.2860887, 0.16036917, 0.68619901, 0.56160963, 0.39176622, 4.7333541, 64.662834, 62.236229, -0.50553470E-4, 2.1792870, 0.59473909E-1, 0.25125800E-2, 2.5053730, 14095.483, 25454.914, 154196.28, 0.0000000, 0.0000000, 0.0000000, 0.0000000, 0.0000000
0.13316248, 2.2860842, 0.16035250, 0.68617857, 0.56159323, 0.39175549, 4.7333064, 64.662621, 62.236229, 0.52248797E-4, 2.1793509, 0.59473708E-1, 0.25125672E-2, 2.5051751, 14095.502, 25454.951, 154239.55, 0.0000000, 0.0000000, 0.0000000, 0.0000000, 0.0000000
0.13314469, 2.2860432, 0.16035180, 0.68611473, 0.56161046, 0.39176741, 4.7335896, 64.662506, 62.236229, -0.18404223E-3, 2.1786475, 0.59473433E-1, 0.25119621E-2, 2.5051119, 14095.465, 25454.854, 154283.64, 0.0000000, 0.0000000, 0.0000000, 0.0000000, 0.0000000
0.13316436, 2.2860155, 0.16036901, 0.68611693, 0.56158817, 0.39175066, 4.7333417, 64.662300, 62.236229, 0.66127570E-4, 2.1792941, 0.59473369E-1, 0.25123358E-2, 2.5051010, 14095.442, 25454.848, 154325.59, 0.0000000, 0.0000000, 0.0000000, 0.0000000, 0.0000000
0.13316375, 2.2860184, 0.16036017, 0.68615544, 0.56158769, 0.39175051, 4.7333107, 64.662079, 62.236229, -0.23600995E-4, 2.1793270, 0.59473265E-1, 0.25124955E-2, 2.5053465, 14095.479, 25454.916, 154366.67, 0.0000000, 0.0000000, 0.0000000, 0.0000000, 0.0000000
0.13321219, 2.2860298, 0.16037424, 0.68617976, 0.56160229, 0.39176139, 4.7332954, 64.661850, 62.236229, -0.34774654E-4, 2.1793501, 0.59473105E-1, 0.25125260E-2, 2.5053988, 14095.542, 25455.006, 154410.28, 0.0000000, 0.0000000, 0.0000000, 0.0000000, 0.0000000
0.13319142, 2.2860436, 0.16037022, 0.68619376, 0.56162262, 0.39177188, 4.7334452, 64.661652, 62.236229, -0.13005338E-3, 2.1791115, 0.59472840E-1, 0.25123768E-2, 2.5054090, 14095.455, 25454.871, 154454.19, 0.0000000, 0.0000000, 0.0000000, 0.0000000, 0.0000000
0.13316011, 2.2860479, 0.16036573, 0.68618232, 0.56160361, 0.39176074, 4.7333488, 64.661438, 62.236229, 0.36236233E-4, 2.1793685, 0.59472769E-1, 0.25124673E-2, 2.5052361, 14095.390, 25454.781, 154494.61, 0.0000000, 0.0000000, 0.0000000, 0.0000000, 0.0000000
0.13314985, 2.2860184, 0.16035956, 0.68614572, 0.56162322, 0.39177456, 4.7336640, 64.661339, 62.236229, -0.18862254E-3, 2.1786883, 0.59472572E-1, 0.25120780E-2, 2.5051603, 14095.309, 25454.609, 154536.83, 0.0000000, 0.0000000, 0.0000000, 0.0000000, 0.0000000
0.13318415, 2.2860026, 0.16036367, 0.68614334, 0.56163001, 0.39178026, 4.7337332, 64.661270, 62.236229, -0.13843650E-3, 2.1789215, 0.59472501E-1, 0.25120981E-2, 2.5052607, 14095.147, 25454.361, 154580.53, 0.0000000, 0.0000000, 0.0000000, 0.0000000, 0.0000000
0.13318270, 2.2860332, 0.16036370, 0.68619823, 0.56161845, 0.39177269, 4.7335291, 64.661079, 62.236229, 0.20093255E-4, 2.1795926, 0.59472475E-1, 0.25125179E-2, 2.5054965, 14095.063, 25454.227, 154620.64, 0.0000000, 0.0000000, 0.0000000, 0.0000000, 0.0000000
0.13319974, 2.2860432, 0.16036576, 0.68619418, 0.56161141, 0.39176846, 4.7334251, 64.660866, 62.236229, 0.25289191E-4, 2.1794200, 0.59472371E-1, 0.25124447E-2, 2.5053186, 14095.146, 25454.363, 154663.08, 0.0000000, 0.0000000, 0.0000000, 0.0000000, 0.0000000
0.13319774, 2.2860515, 0.16036768, 0.68618405, 0.56160492, 0.39176419, 4.7333775, 64.660652, 62.236229, -0.12960809E-4, 2.1793506, 0.59472278E-1, 0.25124734E-2, 2.5053434, 14095.122, 25454.320, 154706.55, 0.0000000, 0.0000000, 0.0000000, 0.0000000, 0.0000000
0.13320020, 2.2860568, 0.16036889, 0.68618941, 0.56160873, 0.39176518, 4.7333617, 64.660431, 62.236229, -0.22397726E-5, 2.1793325, 0.59472170E-1, 0.25124527E-2, 2.5053008, 14095.172, 25454.400, 154748.97, 0.0000000, 0.0000000, 0.0000000, 0.0000000, 0.0000000
0.13320179, 2.2860694, 0.16036986, 0.68619615, 0.56160843, 0.39176577, 4.7333550, 64.660210, 62.236229, -0.90269314E-5, 2.1793857, 0.59471995E-1, 0.25124922E-2, 2.5053639, 14095.172, 25454.391, 154789.09, 0.0000000, 0.0000000, 0.0000000, 0.0000000, 0.0000000
0.13320704, 2.2860777, 0.16037558, 0.68620199, 0.56161320, 0.39176872, 4.7333498, 64.659988, 62.236229, -0.18090330E-4, 2.1793449, 0.59471585E-1, 0.25125169E-2, 2.5053518, 14095.183, 25454.412, 154832.08, 0.0000000, 0.0000000, 0.0000000, 0.0000000, 0.0000000
0.13315608, 2.2860808, 0.16036367, 0.68620133, 0.56162035, 0.39177001, 4.7334490, 64.659790, 62.236229, -0.67381887E-4, 2.1791785, 0.59471514E-1, 0.25123144E-2, 2.5053144, 14095.091, 25454.270, 154873.28, 0.0000000, 0.0000000, 0.0000000, 0.0000000, 0.0000000
0.13319147, 2.2860887, 0.16037245, 0.68620872, 0.56163168, 0.39177689, 4.7334695, 64.659592, 62.236229, -0.84827800E-4, 2.1792793, 0.59471428E-1, 0.25122552E-2, 2.5054629, 14095.022, 25454.156, 154914.20, 0.0000000, 0.0000000, 0.0000000, 0.0000000, 0.0000000
0.13316217, 2.2860970, 0.16035829, 0.68619382, 0.56160659, 0.39176533, 4.7334270, 64.659386, 62.236229, -0.38419676E-5, 2.1793764, 0.59471298E-1, 0.25124026E-2, 2.5053451, 14094.934, 25454.002, 154957.39, 0.0000000, 0.0000000, 0.0000000, 0.0000000, 0.0000000
0.13316570, 2.2860970, 0.16036263, 0.68618816, 0.56160307, 0.39176145, 4.7333436, 64.659172, 62.236229, 0.23204208E-4, 2.1793945, 0.59471190E-1, 0.25124080E-2, 2.5052984, 14095.021, 25454.156, 154997.92, 0.0000000, 0.0000000, 0.0000000, 0.0000000, 0.0000000
0.13318652, 2.2860711, 0.16036852, 0.68616521, 0.56163532, 0.39178368, 4.7336912, 64.659081, 62.236229, -0.21943977E-3, 2.1787007, 0.59471074E-1, 0.25120585E-2, 2.5052497, 14094.960, 25454.029, 155039.02, 0.0000000, 0.0000000, 0.0000000, 0.0000000, 0.0000000
0.13320120, 2.2860761, 0.16036780, 0.68618220, 0.56161118, 0.39176768, 4.7334428, 64.658882, 62.236229, 0.70030117E-4, 2.1795292, 0.59470497E-1, 0.25124028E-2, 2.5053136, 14094.921, 25453.975, 155080.86, 0.0000000, 0.0000000, 0.0000000, 0.0000000, 0.0000000
0.13318886, 2.2860742, 0.16036852, 0.68618357, 0.56160468, 0.39176285, 4.7333498, 64.658669, 62.236229, 0.13659490E-4, 2.1793814, 0.59470106E-1, 0.25124296E-2, 2.5053051, 14094.997, 25454.113, 155120.77, 0.0000000, 0.0000000, 0.0000000, 0.0000000, 0.0000000
0.13319446, 2.2860935, 0.16036218, 0.68619698, 0.56161159, 0.39176953, 4.7334337, 64.658463, 62.236229, -0.90233865E-4, 2.1792743, 0.59469827E-1, 0.25124326E-2, 2.5054629, 14094.966, 25454.049, 155163.81, 0.0000000, 0.0000000, 0.0000000, 0.0000000, 0.0000000
0.13315916, 2.2860904, 0.16036592, 0.68618727, 0.56160522, 0.39176258, 4.7333598, 64.658249, 62.236229, 0.20929379E-4, 2.1793602, 0.59469752E-1, 0.25123900E-2, 2.5052686, 14094.961, 25454.043, 155206.27, 0.0000000, 0.0000000, 0.0000000, 0.0000000, 0.0000000
0.13310549, 2.2860367, 0.16033475, 0.68610334, 0.56159890, 0.39176103, 4.7336073, 64.658142, 62.236229, -0.12243318E-3, 2.1786714, 0.59469555E-1, 0.25118277E-2, 2.5049806, 14094.880, 25453.904, 155245.69, 0.0000000, 0.0000000, 0.0000000, 0.0000000, 0.0000000
0.13316290, 2.2860012, 0.16036782, 0.68611068, 0.56159031, 0.39175063, 4.7333384, 64.657906, 62.236229, 0.67557499E-4, 2.1793075, 0.59469443E-1, 0.25121882E-2, 2.5051155, 14094.916, 25453.957, 155286.81, 0.0000000, 0.0000000, 0.0000000, 0.0000000, 0.0000000
0.13315110, 2.2859659, 0.16035374, 0.68610156, 0.56160790, 0.39176401, 4.7335949, 64.657784, 62.236229, -0.19275042E-3, 2.1786675, 0.59469353E-1, 0.25118387E-2, 2.5051594, 14094.775, 25453.742, 155327.48, 0.0000000, 0.0000000, 0.0000000, 0.0000000, 0.0000000
0.13317408, 2.2859535, 0.16035810, 0.68611604, 0.56159991, 0.39175779, 4.7334642, 64.657562, 62.236229, -0.84534113E-5, 2.1792250, 0.59469283E-1, 0.25120652E-2, 2.5052285, 14094.688, 25453.607, 155369.36, 0.0000000, 0.0000000, 0.0000000, 0.0000000, 0.0000000
0.13317575, 2.2859490, 0.16035888, 0.68612880, 0.56160146, 0.39175826, 4.7334456, 64.657333, 62.236229, -0.26017049E-4, 2.1791675, 0.59469208E-1, 0.25120839E-2, 2.5052130, 14094.707, 25453.646, 155411.67, 0.0000000, 0.0000000, 0.0000000, 0.0000000, 0.0000000
0.13320357, 2.2859597, 0.16036966, 0.68616772, 0.56160188, 0.39175871, 4.7333517, 64.657097, 62.236229, 0.21838292E-4, 2.1794181, 0.59469111E-1, 0.25123646E-2, 2.5053294, 14094.714, 25453.652, 155451.00, 0.0000000, 0.0000000, 0.0000000, 0.0000000, 0.0000000
0.13316286, 2.2859650, 0.16035154, 0.68616605, 0.56158423, 0.39174831, 4.7332916, 64.656845, 62.236229, 0.78474710E-4, 2.1794534, 0.59468854E-1, 0.25124606E-2, 2.5052109, 14094.781, 25453.740, 155491.86, 0.0000000, 0.0000000, 0.0000000, 0.0000000, 0.0000000
0.13315718, 2.2859449, 0.16034609, 0.68612128, 0.56159282, 0.39175469, 4.7334099, 64.656609, 62.236229, -0.31726639E-4, 2.1790142, 0.59468687E-1, 0.25120932E-2, 2.5050728, 14094.900, 25453.924, 155531.61, 0.0000000, 0.0000000, 0.0000000, 0.0000000, 0.0000000
0.13311145, 2.2859051, 0.16033688, 0.68608427, 0.56159151, 0.39175370, 4.7336049, 64.656433, 62.236229, -0.91127207E-4, 2.1787612, 0.59468348E-1, 0.25118282E-2, 2.5049860, 14094.798, 25453.779, 155574.22, 0.0000000, 0.0000000, 0.0000000, 0.0000000, 0.0000000
0.13314879, 2.2858803, 0.16035730, 0.68609333, 0.56159842, 0.39175639, 4.7335849, 64.656242, 62.236229, -0.71911549E-4, 2.1789777, 0.59468053E-1, 0.25119546E-2, 2.5051517, 14094.718, 25453.662, 155614.16, 0.0000000, 0.0000000, 0.0000000, 0.0000000, 0.0000000
0.13317363, 2.2858765, 0.16035639, 0.68611217, 0.56159490, 0.39175400, 4.7334909, 64.656013, 62.236229, -0.16295497E-4, 2.1792011, 0.59467964E-1, 0.25120645E-2, 2.5052202, 14094.694, 25453.609, 155654.83, 0.0000000, 0.0000000, 0.0000000, 0.0000000, 0.0000000
0.13320583, 2.2858977, 0.16037175, 0.68616748, 0.56160271, 0.39175880, 4.7334027, 64.655762, 62.236229, 0.89235400E-5, 2.1794286, 0.59467826E-1, 0.25123733E-2, 2.5053687, 14094.742, 25453.686, 155695.94, 0.0000000, 0.0000000, 0.0000000, 0.0000000, 0.0000000
0.13319902, 2.2859273, 0.16036677, 0.68620020, 0.56161273, 0.39176792, 4.7334981, 64.655525, 62.236229, -0.73524658E-4, 2.1793492, 0.59467658E-1, 0.25124198E-2, 2.5054915, 14094.755, 25453.709, 155735.45, 0.0000000, 0.0000000, 0.0000000, 0.0000000, 0.0000000
0.13315761, 2.2859263, 0.16036360, 0.68617040, 0.56161821, 0.39176863, 4.7336020, 64.655327, 62.236229, -0.41838997E-4, 2.1790724, 0.59467394E-1, 0.25121379E-2, 2.5051548, 14094.754, 25453.705, 155778.16, 0.0000000, 0.0000000, 0.0000000, 0.0000000, 0.0000000
0.13321118, 2.2859430, 0.16037577, 0.68619424, 0.56161135, 0.39176646, 4.7334485, 64.655098, 62.236229, 0.30561263E-4, 2.1795270, 0.59467327E-1, 0.25124298E-2, 2.5054097, 14094.780, 25453.736, 155816.52, 0.0000000, 0.0000000, 0.0000000, 0.0000000, 0.0000000
0.13319983, 2.2859604, 0.16036811, 0.68619710, 0.56161302, 0.39176765, 4.7334809, 64.654869, 62.236229, -0.14368561E-4, 2.1793258, 0.59467092E-1, 0.25123940E-2, 2.5053194, 14094.810, 25453.789, 155857.12, 0.0000000, 0.0000000, 0.0000000, 0.0000000, 0.0000000
0.13317876, 2.2859559, 0.16036075, 0.68616748, 0.56161678, 0.39177060, 4.7336121, 64.654678, 62.236229, -0.83863997E-4, 2.1790373, 0.59466965E-1, 0.25120922E-2, 2.5052288, 14094.767, 25453.732, 155896.55, 0.0000000, 0.0000000, 0.0000000, 0.0000000, 0.0000000
0.13321613, 2.2859812, 0.16037643, 0.68620384, 0.56161749, 0.39177179, 4.7335010, 64.654457, 62.236229, -0.12457720E-4, 2.1795065, 0.59466884E-1, 0.25124475E-2, 2.5054958, 14094.723, 25453.656, 155938.86, 0.0000000, 0.0000000, 0.0000000, 0.0000000, 0.0000000
0.13316512, 2.2859919, 0.16036218, 0.68618059, 0.56159824, 0.39175951, 4.7334585, 64.654243, 62.236229, 0.23984481E-4, 2.1793518, 0.59466779E-1, 0.25123819E-2, 2.5052490, 14094.748, 25453.697, 155977.14, 0.0000000, 0.0000000, 0.0000000, 0.0000000, 0.0000000
0.13316378, 2.2859907, 0.16035204, 0.68616647, 0.56158489, 0.39174908, 4.7333436, 64.653992, 62.236229, 0.83627994E-4, 2.1794722, 0.59466604E-1, 0.25124601E-2, 2.5052159, 14094.896, 25453.947, 156017.50, 0.0000000, 0.0000000, 0.0000000, 0.0000000, 0.0000000
0.13319629, 2.2859781, 0.16037039, 0.68615359, 0.56160468, 0.39176193, 4.7334414, 64.653748, 62.236229, -0.61391562E-4, 2.1790853, 0.59466209E-1, 0.25122892E-2, 2.5052097, 14095.003, 25454.117, 156056.81, 0.0000000, 0.0000000, 0.0000000, 0.0000000, 0.0000000
0.13321182, 2.2860112, 0.16037540, 0.68620980, 0.56162244, 0.39177415, 4.7335138, 64.653526, 62.236229, -0.89184730E-4, 2.1793573, 0.59466090E-1, 0.25125057E-2, 2.5055399, 14094.919, 25453.963, 156098.95, 0.0000000, 0.0000000, 0.0000000, 0.0000000, 0.0000000
0.13319947, 2.2860239, 0.16037537, 0.68620342, 0.56161976, 0.39177313, 4.7335076, 64.653320, 62.236229, -0.40361454E-4, 2.1793160, 0.59466012E-1, 0.25124208E-2, 2.5053773, 14094.864, 25453.863, 156137.23, 0.0000000, 0.0000000, 0.0000000, 0.0000000, 0.0000000
0.13320124, 2.2860303, 0.16036896, 0.68619376, 0.56161165, 0.39176777, 4.7334428, 64.653099, 62.236229, 0.17382699E-4, 2.1793821, 0.59465915E-1, 0.25124014E-2, 2.5052941, 14094.902, 25453.934, 156177.38, 0.0000000, 0.0000000, 0.0000000, 0.0000000, 0.0000000
0.13320199, 2.2860417, 0.16037033, 0.68619758, 0.56160933, 0.39176610, 4.7334046, 64.652878, 62.236229, -0.23675966E-6, 2.1793759, 0.59465755E-1, 0.25124678E-2, 2.5053356, 14094.921, 25453.982, 156216.67, 0.0000000, 0.0000000, 0.0000000, 0.0000000, 0.0000000
0.13316187, 2.2860503, 0.16035090, 0.68618131, 0.56159508, 0.39175686, 4.7333894, 64.652657, 62.236229, 0.46114161E-4, 2.1793861, 0.59465639E-1, 0.25124494E-2, 2.5052183, 14094.967, 25454.064, 156258.64, 0.0000000, 0.0000000, 0.0000000, 0.0000000, 0.0000000
0.13318622, 2.2860487, 0.16036443, 0.68617952, 0.56161088, 0.39176354, 4.7333803, 64.652412, 62.236229, -0.19788364E-4, 2.1792891, 0.59464760E-1, 0.25123029E-2, 2.5053005, 14095.078, 25454.250, 156296.80, 0.0000000, 0.0000000, 0.0000000, 0.0000000, 0.0000000
0.13320607, 2.2860534, 0.16037256, 0.68618739, 0.56160945, 0.39176551, 4.7333894, 64.652191, 62.236229, -0.28751936E-4, 2.1793027, 0.59464432E-1, 0.25124201E-2, 2.5053329, 14095.005, 25454.123, 156337.03, 0.0000000, 0.0000000, 0.0000000, 0.0000000, 0.0000000
0.13316031, 2.2860594, 0.16036659, 0.68619388, 0.56161374, 0.39176565, 4.7334342, 64.651978, 62.236229, -0.33753284E-4, 2.1792433, 0.59464324E-1, 0.25123639E-2, 2.5052896, 14094.955, 25454.029, 156376.11, 0.0000000, 0.0000000, 0.0000000, 0.0000000, 0.0000000
0.13318685, 2.2860603, 0.16036440, 0.68618548, 0.56160843, 0.39176399, 4.7333808, 64.651749, 62.236229, -0.75155403E-5, 2.1793406, 0.59464101E-1, 0.25123716E-2, 2.5053191, 14094.951, 25454.025, 156417.77, 0.0000000, 0.0000000, 0.0000000, 0.0000000, 0.0000000
0.13316624, 2.2860558, 0.16035309, 0.68617088, 0.56158960, 0.39175284, 4.7333140, 64.651527, 62.236229, 0.53363867E-4, 2.1793668, 0.59463974E-1, 0.25124613E-2, 2.5051839, 14094.947, 25454.031, 156455.72, 0.0000000, 0.0000000, 0.0000000, 0.0000000, 0.0000000
0.13315284, 2.2860119, 0.16035421, 0.68611979, 0.56161368, 0.39176935, 4.7336340, 64.651413, 62.236229, -0.20005388E-3, 2.1786349, 0.59463888E-1, 0.25118773E-2, 2.5051324, 14094.907, 25453.959, 156496.16, 0.0000000, 0.0000000, 0.0000000, 0.0000000, 0.0000000
0.13318661, 2.2859969, 0.16036683, 0.68613321, 0.56160051, 0.39175943, 4.7334743, 64.651207, 62.236229, 0.11094453E-4, 2.1792808, 0.59463825E-1, 0.25122606E-2, 2.5052190, 14094.842, 25453.828, 156535.20, 0.0000000, 0.0000000, 0.0000000, 0.0000000, 0.0000000
0.13318442, 2.2860031, 0.16036764, 0.68616456, 0.56160080, 0.39175716, 4.7333779, 64.650978, 62.236229, 0.73815754E-5, 2.1793618, 0.59463751E-1, 0.25123649E-2, 2.5053020, 14094.899, 25453.928, 156576.03, 0.0000000, 0.0000000, 0.0000000, 0.0000000, 0.0000000
0.13315931, 2.2860126, 0.16036443, 0.68617940, 0.56160253, 0.39175919, 4.7334075, 64.650757, 62.236229, -0.35071396E-4, 2.1792836, 0.59463650E-1, 0.25123872E-2, 2.5053289, 14094.893, 25453.904, 156613.92, 0.0000000, 0.0000000, 0.0000000, 0.0000000, 0.0000000
0.13311499, 2.2859752, 0.16034101, 0.68611676, 0.56160837, 0.39176431, 4.7336960, 64.650642, 62.236229, -0.14240749E-3, 2.1786785, 0.59463426E-1, 0.25118550E-2, 2.5050290, 14094.820, 25453.814, 156652.47, 0.0000000, 0.0000000, 0.0000000, 0.0000000, 0.0000000
0.13313690, 2.2859063, 0.16034433, 0.68604767, 0.56157929, 0.39174715, 4.7335262, 64.650475, 62.236229, 0.16251244E-4, 2.1789525, 0.59463345E-1, 0.25117460E-2, 2.5049047, 14094.807, 25453.787, 156693.12, 0.0000000, 0.0000000, 0.0000000, 0.0000000, 0.0000000
0.13321973, 2.2859223, 0.16037974, 0.68614089, 0.56159401, 0.39175239, 4.7332950, 64.650192, 62.236229, 0.17914455E-4, 2.1795349, 0.59463024E-1, 0.25124450E-2, 2.5054464, 14094.811, 25453.791, 156731.59, 0.0000000, 0.0000000, 0.0000000, 0.0000000, 0.0000000
0.13321404, 2.2859514, 0.16037519, 0.68618274, 0.56160629, 0.39176366, 4.7333956, 64.649971, 62.236229, -0.95380703E-4, 2.1792436, 0.59462674E-1, 0.25124641E-2, 2.5054438, 14094.717, 25453.658, 156770.88, 0.0000000, 0.0000000, 0.0000000, 0.0000000, 0.0000000
0.13314812, 2.2859600, 0.16035932, 0.68617451, 0.56160605, 0.39175999, 4.7334356, 64.649765, 62.236229, -0.35221281E-4, 2.1792157, 0.59462532E-1, 0.25122401E-2, 2.5052657, 14094.675, 25453.594, 156809.83, 0.0000000, 0.0000000, 0.0000000, 0.0000000, 0.0000000
0.13316393, 2.2859528, 0.16036686, 0.68616295, 0.56159180, 0.39175183, 4.7332802, 64.649513, 62.236229, 0.55756915E-4, 2.1794298, 0.59462417E-1, 0.25123374E-2, 2.5052447, 14094.741, 25453.684, 156851.09, 0.0000000, 0.0000000, 0.0000000, 0.0000000, 0.0000000
0.13319558, 2.2859626, 0.16036592, 0.68617886, 0.56160074, 0.39175853, 4.7333217, 64.649284, 62.236229, -0.47841255E-4, 2.1792891, 0.59462246E-1, 0.25123830E-2, 2.5053675, 14094.777, 25453.734, 156888.81, 0.0000000, 0.0000000, 0.0000000, 0.0000000, 0.0000000
0.13315865, 2.2859674, 0.16034958, 0.68617260, 0.56159598, 0.39175594, 4.7333641, 64.649055, 62.236229, 0.12851204E-4, 2.1792755, 0.59462000E-1, 0.25123765E-2, 2.5051978, 14094.791, 25453.764, 156926.64, 0.0000000, 0.0000000, 0.0000000, 0.0000000, 0.0000000
0.13318349, 2.2859728, 0.16036364, 0.68618143, 0.56161052, 0.39176416, 4.7333713, 64.648827, 62.236229, -0.49661583E-4, 2.1792858, 0.59461892E-1, 0.25122631E-2, 2.5053740, 14094.811, 25453.793, 156966.92, 0.0000000, 0.0000000, 0.0000000, 0.0000000, 0.0000000
0.13319483, 2.2859676, 0.16037044, 0.68616354, 0.56161034, 0.39176613, 4.7334213, 64.648628, 62.236229, -0.56873367E-4, 2.1791129, 0.59461679E-1, 0.25122550E-2, 2.5052259, 14094.773, 25453.746, 157004.61, 0.0000000, 0.0000000, 0.0000000, 0.0000000, 0.0000000
0.13320397, 2.2859843, 0.16037126, 0.68618643, 0.56161124, 0.39176667, 4.7333741, 64.648415, 62.236229, -0.15373982E-4, 2.1793520, 0.59461571E-1, 0.25123768E-2, 2.5053484, 14094.764, 25453.727, 157044.44, 0.0000000, 0.0000000, 0.0000000, 0.0000000, 0.0000000
0.13319053, 2.2859936, 0.16036922, 0.68618530, 0.56160706, 0.39176360, 4.7333188, 64.648193, 62.236229, -0.13815588E-5, 2.1793492, 0.59461460E-1, 0.25123816E-2, 2.5053082, 14094.788, 25453.750, 157083.17, 0.0000000, 0.0000000, 0.0000000, 0.0000000, 0.0000000
0.13316318, 2.2859945, 0.16036633, 0.68618679, 0.56160963, 0.39176315, 4.7333407, 64.647980, 62.236229, -0.27314993E-4, 2.1792605, 0.59461370E-1, 0.25123293E-2, 2.5052872, 14094.820, 25453.805, 157121.45, 0.0000000, 0.0000000, 0.0000000, 0.0000000, 0.0000000
0.13317683, 2.2859759, 0.16036011, 0.68615544, 0.56162721, 0.39177847, 4.7336555, 64.647888, 62.236229, -0.19451423E-3, 2.1787283, 0.59461262E-1, 0.25120110E-2, 2.5052056, 14094.700, 25453.635, 157159.39, 0.0000000, 0.0000000, 0.0000000, 0.0000000, 0.0000000
0.13320178, 2.2859843, 0.16036972, 0.68617868, 0.56160843, 0.39176446, 4.7333670, 64.647682, 62.236229, 0.80348706E-4, 2.1795716, 0.59461154E-1, 0.25123649E-2, 2.5053232, 14094.701, 25453.623, 157198.19, 0.0000000, 0.0000000, 0.0000000, 0.0000000, 0.0000000
0.13314195, 2.2859693, 0.16035435, 0.68615079, 0.56160849, 0.39176297, 4.7334809, 64.647491, 62.236229, -0.63217798E-4, 2.1789942, 0.59460774E-1, 0.25120554E-2, 2.5051284, 14094.701, 25453.633, 157239.14, 0.0000000, 0.0000000, 0.0000000, 0.0000000, 0.0000000
0.13319020, 2.2859628, 0.16036931, 0.68615115, 0.56160808, 0.39176378, 4.7334166, 64.647270, 62.236229, -0.37032587E-4, 2.1792157, 0.59460666E-1, 0.25122357E-2, 2.5052788, 14094.689, 25453.605, 157275.95, 0.0000000, 0.0000000, 0.0000000, 0.0000000, 0.0000000
0.13319123, 2.2859719, 0.16036846, 0.68617272, 0.56160498, 0.39176047, 4.7333159, 64.647041, 62.236229, 0.54305128E-5, 2.1793771, 0.59460588E-1, 0.25123339E-2, 2.5053179, 14094.706, 25453.641, 157314.20, 0.0000000, 0.0000000, 0.0000000, 0.0000000, 0.0000000
0.13317159, 2.2859993, 0.16035548, 0.68620241, 0.56161582, 0.39176986, 4.7334528, 64.646835, 62.236229, -0.82339655E-4, 2.1792674, 0.59460480E-1, 0.25124338E-2, 2.5054276, 14094.639, 25453.537, 157354.00, 0.0000000, 0.0000000, 0.0000000, 0.0000000, 0.0000000
0.13320157, 2.2860124, 0.16036969, 0.68620032, 0.56161070, 0.39176694, 4.7333417, 64.646614, 62.236229, 0.17908475E-4, 2.1794512, 0.59460323E-1, 0.25124075E-2, 2.5053616, 14094.672, 25453.580, 157391.41, 0.0000000, 0.0000000, 0.0000000, 0.0000000, 0.0000000
0.13315837, 2.2860215, 0.16036612, 0.68620104, 0.56161714, 0.39176771, 4.7333994, 64.646400, 62.236229, -0.41841209E-4, 2.1792731, 0.59460204E-1, 0.25122447E-2, 2.5053353, 14094.681, 25453.600, 157429.05, 0.0000000, 0.0000000, 0.0000000, 0.0000000, 0.0000000
0.13320419, 2.2860343, 0.16036831, 0.68619728, 0.56161207, 0.39176834, 4.7333465, 64.646194, 62.236229, -0.26662019E-4, 2.1793694, 0.59459575E-1, 0.25123677E-2, 2.5053937, 14094.691, 25453.611, 157468.81, 0.0000000, 0.0000000, 0.0000000, 0.0000000, 0.0000000
0.13319184, 2.2860382, 0.16036756, 0.68618256, 0.56162101, 0.39177459, 4.7334862, 64.646019, 62.236229, -0.13039148E-3, 2.1790676, 0.59459060E-1, 0.25122787E-2, 2.5053627, 14094.598, 25453.480, 157506.11, 0.0000000, 0.0000000, 0.0000000, 0.0000000, 0.0000000
0.13312617, 2.2860143, 0.16034555, 0.68613917, 0.56160641, 0.39176413, 4.7335305, 64.645851, 62.236229, -0.28278213E-4, 2.1790316, 0.59458937E-1, 0.25119903E-2, 2.5050805, 14094.512, 25453.340, 157544.23, 0.0000000, 0.0000000, 0.0000000, 0.0000000, 0.0000000
0.13315447, 2.2859988, 0.16036184, 0.68613535, 0.56162190, 0.39177266, 4.7336493, 64.645744, 62.236229, -0.14406387E-3, 2.1788659, 0.59458885E-1, 0.25119449E-2, 2.5052173, 14094.431, 25453.217, 157583.20, 0.0000000, 0.0000000, 0.0000000, 0.0000000, 0.0000000
0.13319516, 2.2860045, 0.16037336, 0.68617040, 0.56160790, 0.39176172, 4.7333426, 64.645515, 62.236229, 0.68341542E-4, 2.1795754, 0.59458692E-1, 0.25122878E-2, 2.5053554, 14094.456, 25453.248, 157620.42, 0.0000000, 0.0000000, 0.0000000, 0.0000000, 0.0000000
0.13320452, 2.2860193, 0.16037007, 0.68618804, 0.56160742, 0.39176413, 4.7333293, 64.645294, 62.236229, -0.13221870E-4, 2.1793396, 0.59458561E-1, 0.25123854E-2, 2.5053318, 14094.521, 25453.348, 157660.16, 0.0000000, 0.0000000, 0.0000000, 0.0000000, 0.0000000
0.13316235, 2.2860150, 0.16036208, 0.68616432, 0.56162143, 0.39177349, 4.7335391, 64.645119, 62.236229, -0.15703397E-3, 2.1789379, 0.59458464E-1, 0.25120501E-2, 2.5053096, 14094.383, 25453.150, 157697.36, 0.0000000, 0.0000000, 0.0000000, 0.0000000, 0.0000000
0.13318308, 2.2860184, 0.16036437, 0.68617797, 0.56161284, 0.39176553, 4.7334056, 64.644905, 62.236229, 0.20759311E-4, 2.1794078, 0.59458382E-1, 0.25121705E-2, 2.5053127, 14094.339, 25453.080, 157734.48, 0.0000000, 0.0000000, 0.0000000, 0.0000000, 0.0000000
0.13318667, 2.2860248, 0.16036488, 0.68618852, 0.56161362, 0.39176697, 4.7333918, 64.644691, 62.236229, -0.30600670E-4, 2.1793158, 0.59458308E-1, 0.25122673E-2, 2.5053501, 14094.337, 25453.068, 157772.48, 0.0000000, 0.0000000, 0.0000000, 0.0000000, 0.0000000
0.13312560, 2.2860036, 0.16034484, 0.68613654, 0.56160414, 0.39176163, 4.7335019, 64.644508, 62.236229, -0.38240454E-4, 2.1789854, 0.59458219E-1, 0.25119551E-2, 2.5050616, 14094.277, 25452.967, 157811.25, 0.0000000, 0.0000000, 0.0000000, 0.0000000, 0.0000000
0.13321225, 2.2860079, 0.16037427, 0.68617171, 0.56160533, 0.39176261, 4.7333112, 64.644279, 62.236229, 0.47562353E-5, 2.1794772, 0.59458017E-1, 0.25122953E-2, 2.5054245, 14094.328, 25453.061, 157848.17, 0.0000000, 0.0000000, 0.0000000, 0.0000000, 0.0000000
0.13316113, 2.2860029, 0.16036506, 0.68616390, 0.56161046, 0.39176494, 4.7334509, 64.644089, 62.236229, -0.74105628E-4, 2.1790130, 0.59457853E-1, 0.25121626E-2, 2.5051730, 14094.270, 25452.959, 157885.55, 0.0000000, 0.0000000, 0.0000000, 0.0000000, 0.0000000
0.13317037, 2.2859766, 0.16035582, 0.68613845, 0.56162035, 0.39177448, 4.7336559, 64.643997, 62.236229, -0.15667191E-3, 2.1787980, 0.59457570E-1, 0.25118906E-2, 2.5051849, 14094.146, 25452.797, 157924.75, 0.0000000, 0.0000000, 0.0000000, 0.0000000, 0.0000000
0.13315815, 2.2859497, 0.16034828, 0.68611598, 0.56161416, 0.39177051, 4.7336693, 64.643913, 62.236229, -0.86656684E-4, 2.1789420, 0.59457485E-1, 0.25117688E-2, 2.5051522, 14094.021, 25452.594, 157961.77, 0.0000000, 0.0000000, 0.0000000, 0.0000000, 0.0000000
0.13320079, 2.2859697, 0.16036789, 0.68616915, 0.56160063, 0.39175931, 4.7333374, 64.643692, 62.236229, 0.86349814E-4, 2.1796761, 0.59457380E-1, 0.25123188E-2, 2.5054107, 14094.025, 25452.625, 157998.83, 0.0000000, 0.0000000, 0.0000000, 0.0000000, 0.0000000
0.13320865, 2.2859945, 0.16037412, 0.68619090, 0.56160778, 0.39176565, 4.7333407, 64.643471, 62.236229, -0.47442270E-4, 2.1793628, 0.59457101E-1, 0.25123479E-2, 2.5054431, 14094.053, 25452.666, 158037.97, 0.0000000, 0.0000000, 0.0000000, 0.0000000, 0.0000000
0.13319132, 2.2859986, 0.16036835, 0.68618560, 0.56160486, 0.39176285, 4.7333050, 64.643234, 62.236229, 0.37812279E-5, 2.1793466, 0.59456978E-1, 0.25122555E-2, 2.5052962, 14094.069, 25452.689, 158072.83, 0.0000000, 0.0000000, 0.0000000, 0.0000000, 0.0000000
0.13319634, 2.2859986, 0.16036403, 0.68616468, 0.56158888, 0.39175341, 4.7332044, 64.642982, 62.236229, 0.66763401E-4, 2.1793976, 0.59456840E-1, 0.25122613E-2, 2.5051842, 14094.149, 25452.779, 158111.03, 0.0000000, 0.0000000, 0.0000000, 0.0000000, 0.0000000
0.13321149, 2.2860250, 0.16037618, 0.68621135, 0.56162000, 0.39177316, 4.7333589, 64.642754, 62.236229, -0.12405583E-3, 2.1792524, 0.59456568E-1, 0.25123458E-2, 2.5055239, 14094.134, 25452.781, 158148.45, 0.0000000, 0.0000000, 0.0000000, 0.0000000, 0.0000000
0.13319124, 2.2860332, 0.16036677, 0.68620032, 0.56162423, 0.39177471, 4.7334232, 64.642555, 62.236229, -0.84598811E-4, 2.1792173, 0.59456449E-1, 0.25121199E-2, 2.5053945, 14094.012, 25452.600, 158185.98, 0.0000000, 0.0000000, 0.0000000, 0.0000000, 0.0000000
0.13316484, 2.2860544, 0.16035348, 0.68620467, 0.56161088, 0.39176837, 4.7333927, 64.642342, 62.236229, 0.10218297E-4, 2.1794517, 0.59456252E-1, 0.25123281E-2, 2.5053771, 14093.941, 25452.484, 158223.39, 0.0000000, 0.0000000, 0.0000000, 0.0000000, 0.0000000
0.13316420, 2.2860458, 0.16035117, 0.68617862, 0.56159413, 0.39175618, 4.7332597, 64.642113, 62.236229, 0.88731627E-4, 2.1794670, 0.59456136E-1, 0.25123016E-2, 2.5051973, 14094.087, 25452.709, 158259.78, 0.0000000, 0.0000000, 0.0000000, 0.0000000, 0.0000000
0.13316362, 2.2860456, 0.16036171, 0.68617505, 0.56159443, 0.39175507, 4.7332277, 64.641876, 62.236229, 0.18379171E-4, 2.1793580, 0.59456017E-1, 0.25122608E-2, 2.5052683, 14094.207, 25452.844, 158296.92, 0.0000000, 0.0000000, 0.0000000, 0.0000000, 0.0000000
0.13316990, 2.2860537, 0.16035573, 0.68618315, 0.56159729, 0.39175782, 4.7332711, 64.641647, 62.236229, -0.14429243E-4, 2.1793418, 0.59455916E-1, 0.25123602E-2, 2.5053294, 14094.277, 25452.947, 158335.61, 0.0000000, 0.0000000, 0.0000000, 0.0000000, 0.0000000
0.13314168, 2.2860339, 0.16035323, 0.68614376, 0.56160241, 0.39175820, 4.7333798, 64.641426, 62.236229, -0.46183384E-4, 2.1790175, 0.59455775E-1, 0.25120180E-2, 2.5051076, 14094.304, 25453.018, 158372.33, 0.0000000, 0.0000000, 0.0000000, 0.0000000, 0.0000000
0.13312671, 2.2860086, 0.16034642, 0.68611622, 0.56159705, 0.39175558, 4.7334051, 64.641228, 62.236229, -0.34485594E-4, 2.1790385, 0.59455339E-1, 0.25119379E-2, 2.5051029, 14094.245, 25452.922, 158408.28, 0.0000000, 0.0000000, 0.0000000, 0.0000000, 0.0000000
0.13314274, 2.2859581, 0.16035469, 0.68608129, 0.56159067, 0.39175233, 4.7334304, 64.641029, 62.236229, -0.51847484E-4, 2.1788514, 0.59455235E-1, 0.25117712E-2, 2.5049717, 14094.257, 25452.961, 158445.66, 0.0000000, 0.0000000, 0.0000000, 0.0000000, 0.0000000
0.13316402, 2.2859592, 0.16036820, 0.68614018, 0.56159210, 0.39174864, 4.7332306, 64.640755, 62.236229, 0.39084320E-4, 2.1794510, 0.59455164E-1, 0.25122350E-2, 2.5053043, 14094.289, 25452.982, 158482.80, 0.0000000, 0.0000000, 0.0000000, 0.0000000, 0.0000000
0.13317753, 2.2859783, 0.16035840, 0.68617886, 0.56160110, 0.39175868, 4.7333093, 64.640518, 62.236229, -0.57152793E-4, 2.1792986, 0.59455045E-1, 0.25123553E-2, 2.5053954, 14094.234, 25452.889, 158519.80, 0.0000000, 0.0000000, 0.0000000, 0.0000000, 0.0000000
0.13319084, 2.2859995, 0.16037033, 0.68620068, 0.56161749, 0.39177030, 4.7333689, 64.640297, 62.236229, -0.83735940E-4, 2.1793144, 0.59454881E-1, 0.25123011E-2, 2.5054798, 14094.241, 25452.896, 158556.19, 0.0000000, 0.0000000, 0.0000000, 0.0000000, 0.0000000
0.13316649, 2.2860010, 0.16035220, 0.68617368, 0.56159317, 0.39175513, 4.7332635, 64.640060, 62.236229, 0.82939194E-4, 2.1794307, 0.59454761E-1, 0.25123497E-2, 2.5051689, 14094.289, 25452.982, 158593.02, 0.0000000, 0.0000000, 0.0000000, 0.0000000, 0.0000000
0.13316344, 2.2860081, 0.16035834, 0.68617636, 0.56159443, 0.39175582, 4.7332697, 64.639824, 62.236229, -0.18529681E-4, 2.1793585, 0.59453890E-1, 0.25122939E-2, 2.5053546, 14094.336, 25453.072, 158631.41, 0.0000000, 0.0000000, 0.0000000, 0.0000000, 0.0000000
0.13316470, 2.2860093, 0.16035092, 0.68616849, 0.56158954, 0.39175159, 4.7332306, 64.639572, 62.236229, 0.46458721E-4, 2.1793747, 0.59453562E-1, 0.25123514E-2, 2.5052085, 14094.359, 25453.123, 158666.00, 0.0000000, 0.0000000, 0.0000000, 0.0000000, 0.0000000
0.13317402, 2.2860267, 0.16035925, 0.68620044, 0.56161159, 0.39176691, 4.7333651, 64.639343, 62.236229, -0.85700653E-4, 2.1792815, 0.59453432E-1, 0.25123828E-2, 2.5054464, 14094.362, 25453.117, 158703.98, 0.0000000, 0.0000000, 0.0000000, 0.0000000, 0.0000000
0.13318236, 2.2859988, 0.16036233, 0.68614948, 0.56162381, 0.39177814, 4.7336178, 64.639252, 62.236229, -0.17317676E-3, 2.1787632, 0.59453234E-1, 0.25119067E-2, 2.5051849, 14094.276, 25452.994, 158739.27, 0.0000000, 0.0000000, 0.0000000, 0.0000000, 0.0000000
0.13320923, 2.2860057, 0.16037436, 0.68617892, 0.56160831, 0.39176527, 4.7333465, 64.639038, 62.236229, 0.69853166E-4, 2.1795673, 0.59453133E-1, 0.25122936E-2, 2.5053430, 14094.283, 25452.965, 158775.89, 0.0000000, 0.0000000, 0.0000000, 0.0000000, 0.0000000
0.13320164, 2.2860181, 0.16036981, 0.68619072, 0.56160617, 0.39176348, 4.7333169, 64.638817, 62.236229, -0.20835141E-5, 2.1793637, 0.59453033E-1, 0.25123591E-2, 2.5053205, 14094.315, 25453.027, 158814.02, 0.0000000, 0.0000000, 0.0000000, 0.0000000, 0.0000000
0.13319871, 2.2860379, 0.16037126, 0.68621445, 0.56162280, 0.39177456, 4.7334013, 64.638596, 62.236229, -0.87197230E-4, 2.1793218, 0.59452940E-1, 0.25123348E-2, 2.5054913, 14094.300, 25452.994, 158848.58, 0.0000000, 0.0000000, 0.0000000, 0.0000000, 0.0000000
0.13319938, 2.2860489, 0.16037446, 0.68621039, 0.56163281, 0.39177945, 4.7334709, 64.638412, 62.236229, -0.11129383E-3, 2.1792202, 0.59452873E-1, 0.25121574E-2, 2.5054593, 14094.222, 25452.887, 158886.22, 0.0000000, 0.0000000, 0.0000000, 0.0000000, 0.0000000
0.13320835, 2.2860546, 0.16037536, 0.68620861, 0.56161791, 0.39177278, 4.7333603, 64.638206, 62.236229, 0.19531144E-4, 2.1794543, 0.59452791E-1, 0.25123388E-2, 2.5053577, 14094.189, 25452.828, 158921.27, 0.0000000, 0.0000000, 0.0000000, 0.0000000, 0.0000000
0.13314199, 2.2860391, 0.16035454, 0.68616354, 0.56161404, 0.39176789, 4.7334986, 64.638046, 62.236229, -0.74286480E-4, 2.1789742, 0.59452586E-1, 0.25119588E-2, 2.5051355, 14094.140, 25452.773, 158957.64, 0.0000000, 0.0000000, 0.0000000, 0.0000000, 0.0000000
0.13319223, 2.2860262, 0.16036698, 0.68616366, 0.56160694, 0.39176136, 4.7332907, 64.637794, 62.236229, 0.45868786E-4, 2.1794224, 0.59452422E-1, 0.25121106E-2, 2.5052671, 14094.188, 25452.836, 158994.19, 0.0000000, 0.0000000, 0.0000000, 0.0000000, 0.0000000
0.13321845, 2.2860405, 0.16037956, 0.68619341, 0.56161165, 0.39176714, 4.7332935, 64.637566, 62.236229, -0.41425141E-4, 2.1793430, 0.59452120E-1, 0.25123334E-2, 2.5053961, 14094.156, 25452.795, 159030.48, 0.0000000, 0.0000000, 0.0000000, 0.0000000, 0.0000000
0.13319144, 2.2860539, 0.16037074, 0.68620092, 0.56161976, 0.39177126, 4.7333674, 64.637352, 62.236229, -0.67802554E-4, 2.1792424, 0.59451923E-1, 0.25122489E-2, 2.5053675, 14094.091, 25452.729, 159066.53, 0.0000000, 0.0000000, 0.0000000, 0.0000000, 0.0000000
0.13314994, 2.2860537, 0.16035846, 0.68618369, 0.56160581, 0.39176115, 4.7333131, 64.637138, 62.236229, 0.27677132E-4, 2.1793363, 0.59451651E-1, 0.25122094E-2, 2.5052183, 14094.118, 25452.752, 159100.70, 0.0000000, 0.0000000, 0.0000000, 0.0000000, 0.0000000
0.13314116, 2.2860057, 0.16035299, 0.68611473, 0.56160450, 0.39176288, 4.7335014, 64.637001, 62.236229, -0.10895636E-3, 2.1787355, 0.59451532E-1, 0.25117786E-2, 2.5049958, 14094.142, 25452.783, 159138.16, 0.0000000, 0.0000000, 0.0000000, 0.0000000, 0.0000000
0.13316016, 2.2859590, 0.16034871, 0.68607938, 0.56159675, 0.39175913, 4.7335081, 64.636848, 62.236229, -0.48823655E-4, 2.1788838, 0.59451479E-1, 0.25117658E-2, 2.5049956, 14094.083, 25452.691, 159173.19, 0.0000000, 0.0000000, 0.0000000, 0.0000000, 0.0000000
0.13320258, 2.2859657, 0.16036819, 0.68614542, 0.56159359, 0.39175284, 4.7332487, 64.636589, 62.236229, 0.71281582E-4, 2.1795325, 0.59451330E-1, 0.25122610E-2, 2.5053041, 14094.148, 25452.777, 159209.59, 0.0000000, 0.0000000, 0.0000000, 0.0000000, 0.0000000
0.13317612, 2.2859843, 0.16035752, 0.68617505, 0.56159914, 0.39175883, 4.7333493, 64.636368, 62.236229, -0.60907303E-4, 2.1792657, 0.59451062E-1, 0.25123577E-2, 2.5053699, 14094.116, 25452.750, 159245.66, 0.0000000, 0.0000000, 0.0000000, 0.0000000, 0.0000000
0.13317555, 2.2859685, 0.16036020, 0.68615079, 0.56162488, 0.39177653, 4.7336597, 64.636261, 62.236229, -0.18230811E-3, 2.1787407, 0.59450991E-1, 0.25118967E-2, 2.5051849, 14094.025, 25452.602, 159281.78, 0.0000000, 0.0000000, 0.0000000, 0.0000000, 0.0000000
0.13319175, 2.2859595, 0.16036811, 0.68614793, 0.56160510, 0.39176279, 4.7334542, 64.636063, 62.236229, 0.52961041E-4, 2.1793580, 0.59450820E-1, 0.25121206E-2, 2.5051887, 14094.002, 25452.580, 159317.75, 0.0000000, 0.0000000, 0.0000000, 0.0000000, 0.0000000
0.13315061, 2.2859671, 0.16036135, 0.68617386, 0.56160301, 0.39175752, 4.7333918, 64.635841, 62.236229, 0.15865953E-5, 2.1793625, 0.59450712E-1, 0.25122042E-2, 2.5053103, 14094.026, 25452.615, 159352.45, 0.0000000, 0.0000000, 0.0000000, 0.0000000, 0.0000000
0.13315721, 2.2859561, 0.16036531, 0.68614846, 0.56160098, 0.39175737, 4.7333975, 64.635605, 62.236229, -0.16866426E-4, 2.1791477, 0.59450589E-1, 0.25121069E-2, 2.5051539, 14094.077, 25452.705, 159389.22, 0.0000000, 0.0000000, 0.0000000, 0.0000000, 0.0000000
0.13316315, 2.2859702, 0.16036776, 0.68618268, 0.56160986, 0.39176199, 4.7333822, 64.635361, 62.236229, -0.41087187E-4, 2.1793382, 0.59450489E-1, 0.25122201E-2, 2.5053959, 14094.077, 25452.705, 159424.02, 0.0000000, 0.0000000, 0.0000000, 0.0000000, 0.0000000
0.13315775, 2.2859740, 0.16036431, 0.68618315, 0.56160843, 0.39176118, 4.7333770, 64.635139, 62.236229, -0.24244044E-4, 2.1792986, 0.59450354E-1, 0.25121141E-2, 2.5053136, 14094.086, 25452.711, 159460.17, 0.0000000, 0.0000000, 0.0000000, 0.0000000, 0.0000000
0.13319337, 2.2859976, 0.16037287, 0.68620485, 0.56162071, 0.39177188, 4.7334251, 64.634918, 62.236229, -0.84317056E-4, 2.1793399, 0.59449900E-1, 0.25122762E-2, 2.5055051, 14094.111, 25452.736, 159496.33, 0.0000000, 0.0000000, 0.0000000, 0.0000000, 0.0000000
0.13319358, 2.2860034, 0.16037026, 0.68619651, 0.56161535, 0.39176866, 4.7333927, 64.634697, 62.236229, -0.10366406E-4, 2.1793506, 0.59449788E-1, 0.25122359E-2, 2.5053294, 14094.149, 25452.781, 159532.39, 0.0000000, 0.0000000, 0.0000000, 0.0000000, 0.0000000
0.13321112, 2.2860119, 0.16037494, 0.68619937, 0.56161207, 0.39176843, 4.7333441, 64.634468, 62.236229, -0.11871743E-5, 2.1794043, 0.59449717E-1, 0.25123339E-2, 2.5053561, 14094.165, 25452.797, 159567.97, 0.0000000, 0.0000000, 0.0000000, 0.0000000, 0.0000000
0.13321351, 2.2860227, 0.16037802, 0.68620366, 0.56161320, 0.39176923, 4.7333379, 64.634247, 62.236229, -0.20896172E-4, 2.1793606, 0.59449606E-1, 0.25123409E-2, 2.5053627, 14094.155, 25452.795, 159601.95, 0.0000000, 0.0000000, 0.0000000, 0.0000000, 0.0000000
0.13318312, 2.2860312, 0.16036563, 0.68620461, 0.56162137, 0.39177191, 4.7334189, 64.634041, 62.236229, -0.66819659E-4, 2.1792576, 0.59449453E-1, 0.25121705E-2, 2.5053790, 14094.142, 25452.777, 159637.89, 0.0000000, 0.0000000, 0.0000000, 0.0000000, 0.0000000
0.13320172, 2.2860467, 0.16036770, 0.68620306, 0.56161362, 0.39177108, 4.7334013, 64.633835, 62.236229, -0.50785748E-4, 2.1793835, 0.59449330E-1, 0.25122780E-2, 2.5054622, 14094.085, 25452.711, 159672.20, 0.0000000, 0.0000000, 0.0000000, 0.0000000, 0.0000000
0.13316180, 2.2860603, 0.16035023, 0.68619257, 0.56160212, 0.39176339, 4.7334070, 64.633629, 62.236229, -0.69827074E-5, 2.1793890, 0.59448712E-1, 0.25123011E-2, 2.5053489, 14094.104, 25452.730, 159708.83, 0.0000000, 0.0000000, 0.0000000, 0.0000000, 0.0000000
0.13321060, 2.2860615, 0.16037448, 0.68619508, 0.56160855, 0.39176580, 4.7332907, 64.633377, 62.236229, 0.20103369E-4, 2.1794534, 0.59448320E-1, 0.25123297E-2, 2.5053496, 14094.235, 25452.887, 159743.30, 0.0000000, 0.0000000, 0.0000000, 0.0000000, 0.0000000
0.13317181, 2.2860644, 0.16035701, 0.68618429, 0.56159866, 0.39175984, 4.7333317, 64.633163, 62.236229, 0.39588194E-5, 2.1792943, 0.59448041E-1, 0.25123532E-2, 2.5052283, 14094.229, 25452.879, 159778.34, 0.0000000, 0.0000000, 0.0000000, 0.0000000, 0.0000000
0.13320751, 2.2860656, 0.16037266, 0.68618870, 0.56160456, 0.39176336, 4.7332673, 64.632927, 62.236229, -0.18316496E-5, 2.1793861, 0.59447948E-1, 0.25123451E-2, 2.5053384, 14094.326, 25453.047, 159814.08, 0.0000000, 0.0000000, 0.0000000, 0.0000000, 0.0000000
0.13318875, 2.2860706, 0.16036689, 0.68619561, 0.56161600, 0.39176908, 4.7333646, 64.632721, 62.236229, -0.76234690E-4, 2.1792109, 0.59447687E-1, 0.25122745E-2, 2.5053546, 14094.271, 25452.945, 159848.95, 0.0000000, 0.0000000, 0.0000000, 0.0000000, 0.0000000
0.13316394, 2.2860870, 0.16035321, 0.68619710, 0.56160682, 0.39176598, 4.7334204, 64.632523, 62.236229, -0.56070683E-4, 2.1793263, 0.59447583E-1, 0.25122880E-2, 2.5054123, 14094.152, 25452.795, 159884.56, 0.0000000, 0.0000000, 0.0000000, 0.0000000, 0.0000000
0.13317761, 2.2860928, 0.16036014, 0.68619496, 0.56160629, 0.39176553, 4.7333508, 64.632309, 62.236229, 0.48666843E-5, 2.1794226, 0.59447508E-1, 0.25123416E-2, 2.5053537, 14094.170, 25452.807, 159918.86, 0.0000000, 0.0000000, 0.0000000, 0.0000000, 0.0000000
0.13318685, 2.2861011, 0.16036780, 0.68620121, 0.56161439, 0.39177004, 4.7333784, 64.632103, 62.236229, -0.66897395E-4, 2.1793046, 0.59447434E-1, 0.25122848E-2, 2.5054197, 14094.168, 25452.811, 159955.44, 0.0000000, 0.0000000, 0.0000000, 0.0000000, 0.0000000
0.13316250, 2.2860978, 0.16036867, 0.68619376, 0.56161243, 0.39176616, 4.7333546, 64.631897, 62.236229, -0.20566513E-4, 2.1792798, 0.59447348E-1, 0.25122166E-2, 2.5052838, 14094.175, 25452.818, 159989.48, 0.0000000, 0.0000000, 0.0000000, 0.0000000, 0.0000000
0.13315864, 2.2861001, 0.16036811, 0.68620187, 0.56161869, 0.39176962, 4.7333822, 64.631691, 62.236229, -0.69445552E-4, 2.1792655, 0.59447136E-1, 0.25122252E-2, 2.5053937, 14094.120, 25452.756, 160024.75, 0.0000000, 0.0000000, 0.0000000, 0.0000000, 0.0000000
0.13318942, 2.2861099, 0.16036966, 0.68621182, 0.56162679, 0.39177608, 4.7334156, 64.631508, 62.236229, -0.94746239E-4, 2.1792896, 0.59446976E-1, 0.25122361E-2, 2.5054789, 14094.040, 25452.643, 160058.34, 0.0000000, 0.0000000, 0.0000000, 0.0000000, 0.0000000
0.13320003, 2.2861216, 0.16036852, 0.68620521, 0.56161559, 0.39177254, 4.7333899, 64.631317, 62.236229, -0.59200567E-4, 2.1793656, 0.59446692E-1, 0.25122513E-2, 2.5054641, 14093.940, 25452.473, 160093.91, 0.0000000, 0.0000000, 0.0000000, 0.0000000, 0.0000000
0.13315786, 2.2861149, 0.16035463, 0.68618912, 0.56160790, 0.39176434, 4.7333584, 64.631111, 62.236229, 0.10308388E-4, 2.1793137, 0.59446521E-1, 0.25122052E-2, 2.5052354, 14093.978, 25452.557, 160127.42, 0.0000000, 0.0000000, 0.0000000, 0.0000000, 0.0000000
0.13316803, 2.2861080, 0.16035275, 0.68616992, 0.56159043, 0.39175433, 4.7332458, 64.630898, 62.236229, 0.53522133E-4, 2.1794243, 0.59446238E-1, 0.25123111E-2, 2.5052309, 14094.085, 25452.705, 160163.00, 0.0000000, 0.0000000, 0.0000000, 0.0000000, 0.0000000
0.13316394, 2.2860990, 0.16035224, 0.68616384, 0.56158924, 0.39175189, 4.7332191, 64.630646, 62.236229, 0.35083925E-4, 2.1793199, 0.59446100E-1, 0.25122729E-2, 2.5051775, 14094.224, 25452.873, 160197.11, 0.0000000, 0.0000000, 0.0000000, 0.0000000, 0.0000000
0.13318002, 2.2860644, 0.16036175, 0.68613875, 0.56161845, 0.39177385, 4.7335792, 64.630562, 62.236229, -0.22570326E-3, 2.1786482, 0.59446022E-1, 0.25118734E-2, 2.5051997, 14094.127, 25452.768, 160232.78, 0.0000000, 0.0000000, 0.0000000, 0.0000000, 0.0000000
0.13317318, 2.2860765, 0.16035810, 0.68617940, 0.56160390, 0.39176327, 4.7334023, 64.630363, 62.236229, 0.28655835E-4, 2.1795001, 0.59445906E-1, 0.25123195E-2, 2.5053687, 14093.999, 25452.578, 160265.78, 0.0000000, 0.0000000, 0.0000000, 0.0000000, 0.0000000
0.13317065, 2.2860684, 0.16035491, 0.68616706, 0.56159288, 0.39175490, 4.7332935, 64.630135, 62.236229, 0.66750203E-4, 2.1794062, 0.59445683E-1, 0.25122561E-2, 2.5051816, 14094.123, 25452.744, 160301.81, 0.0000000, 0.0000000, 0.0000000, 0.0000000, 0.0000000
0.13319500, 2.2860572, 0.16036364, 0.68615615, 0.56158292, 0.39174977, 4.7331891, 64.629860, 62.236229, 0.35757635E-4, 2.1793919, 0.59445564E-1, 0.25122748E-2, 2.5052457, 14094.253, 25452.898, 160334.52, 0.0000000, 0.0000000, 0.0000000, 0.0000000, 0.0000000
0.13312313, 2.2860346, 0.16034317, 0.68612260, 0.56159669, 0.39175582, 4.7334285, 64.629646, 62.236229, -0.95401192E-4, 2.1788368, 0.59445325E-1, 0.25119330E-2, 2.5050423, 14094.216, 25452.891, 160370.78, 0.0000000, 0.0000000, 0.0000000, 0.0000000, 0.0000000
0.13319996, 2.2860351, 0.16037433, 0.68615425, 0.56159604, 0.39175451, 4.7332125, 64.629372, 62.236229, 0.35308694E-4, 2.1794543, 0.59445217E-1, 0.25122687E-2, 2.5053136, 14094.235, 25452.881, 160404.77, 0.0000000, 0.0000000, 0.0000000, 0.0000000, 0.0000000
0.13321914, 2.2860432, 0.16037956, 0.68618780, 0.56160843, 0.39176470, 4.7332611, 64.629120, 62.236229, -0.53979311E-4, 2.1792848, 0.59445079E-1, 0.25123493E-2, 2.5053670, 14094.262, 25452.912, 160439.69, 0.0000000, 0.0000000, 0.0000000, 0.0000000, 0.0000000
0.13320163, 2.2860467, 0.16037060, 0.68619478, 0.56160790, 0.39176530, 4.7332864, 64.628906, 62.236229, -0.28792216E-4, 2.1793039, 0.59444971E-1, 0.25123474E-2, 2.5053174, 14094.196, 25452.844, 160473.44, 0.0000000, 0.0000000, 0.0000000, 0.0000000, 0.0000000
0.13316686, 2.2860496, 0.16035016, 0.68617868, 0.56159276, 0.39175624, 4.7332554, 64.628693, 62.236229, 0.34581681E-4, 2.1793797, 0.59444789E-1, 0.25122976E-2, 2.5052297, 14094.250, 25452.902, 160508.34, 0.0000000, 0.0000000, 0.0000000, 0.0000000, 0.0000000
0.13319981, 2.2860622, 0.16036651, 0.68619525, 0.56160855, 0.39176682, 4.7333088, 64.628479, 62.236229, -0.93685783E-4, 2.1793160, 0.59444390E-1, 0.25123113E-2, 2.5054994, 14094.295, 25452.986, 160542.14, 0.0000000, 0.0000000, 0.0000000, 0.0000000, 0.0000000
0.13315460, 2.2860584, 0.16036412, 0.68618876, 0.56160885, 0.39176258, 4.7332950, 64.628265, 62.236229, -0.30231022E-5, 2.1792908, 0.59444308E-1, 0.25122392E-2, 2.5052471, 14094.287, 25452.963, 160576.95, 0.0000000, 0.0000000, 0.0000000, 0.0000000, 0.0000000
0.13316208, 2.2860222, 0.16035959, 0.68613166, 0.56162184, 0.39177504, 4.7335682, 64.628189, 62.236229, -0.20905497E-3, 2.1786778, 0.59444238E-1, 0.25117309E-2, 2.5051873, 14094.145, 25452.793, 160610.75, 0.0000000, 0.0000000, 0.0000000, 0.0000000, 0.0000000
0.13315819, 2.2860105, 0.16035002, 0.68614364, 0.56158406, 0.39174801, 4.7332439, 64.627960, 62.236229, 0.15024682E-3, 2.1795826, 0.59444178E-1, 0.25122603E-2, 2.5051444, 14094.145, 25452.762, 160645.48, 0.0000000, 0.0000000, 0.0000000, 0.0000000, 0.0000000
0.13320379, 2.2860143, 0.16037059, 0.68616921, 0.56159824, 0.39175683, 4.7332010, 64.627701, 62.236229, -0.34933910E-5, 2.1793513, 0.59444010E-1, 0.25122701E-2, 2.5053072, 14094.295, 25452.984, 160679.22, 0.0000000, 0.0000000, 0.0000000, 0.0000000, 0.0000000
0.13321726, 2.2860463, 0.16037932, 0.68622375, 0.56163067, 0.39177898, 4.7333784, 64.627487, 62.236229, -0.15140770E-3, 2.1792502, 0.59443876E-1, 0.25123570E-2, 2.5055764, 14094.176, 25452.824, 160713.86, 0.0000000, 0.0000000, 0.0000000, 0.0000000, 0.0000000
0.13320746, 2.2860594, 0.16037218, 0.68621260, 0.56161791, 0.39177355, 4.7333522, 64.627289, 62.236229, -0.17908169E-4, 2.1793761, 0.59443250E-1, 0.25123330E-2, 2.5053637, 14094.096, 25452.723, 160747.50, 0.0000000, 0.0000000, 0.0000000, 0.0000000, 0.0000000
0.13319248, 2.2860649, 0.16036756, 0.68619829, 0.56161308, 0.39176944, 4.7333112, 64.627083, 62.236229, -0.16069389E-4, 2.1793473, 0.59442874E-1, 0.25122704E-2, 2.5053277, 14094.090, 25452.721, 160782.25, 0.0000000, 0.0000000, 0.0000000, 0.0000000, 0.0000000
0.13316235, 2.2860630, 0.16036859, 0.68618810, 0.56160837, 0.39176297, 4.7332644, 64.626869, 62.236229, 0.20061387E-4, 2.1793077, 0.59442602E-1, 0.25122310E-2, 2.5052035, 14094.097, 25452.734, 160815.84, 0.0000000, 0.0000000, 0.0000000, 0.0000000, 0.0000000
0.13312143, 2.2860155, 0.16034408, 0.68611795, 0.56160975, 0.39176634, 4.7335477, 64.626793, 62.236229, -0.16267621E-3, 2.1786499, 0.59442546E-1, 0.25116941E-2, 2.5050452, 14094.014, 25452.596, 160850.62, 0.0000000, 0.0000000, 0.0000000, 0.0000000, 0.0000000
0.13316512, 2.2860138, 0.16037060, 0.68615758, 0.56160134, 0.39175603, 4.7332215, 64.626541, 62.236229, 0.63600775E-4, 2.1795537, 0.59442349E-1, 0.25121919E-2, 2.5053346, 14094.059, 25452.674, 160882.62, 0.0000000, 0.0000000, 0.0000000, 0.0000000, 0.0000000
0.13320881, 2.2860317, 0.16037460, 0.68619674, 0.56161255, 0.39176714, 4.7332611, 64.626320, 62.236229, -0.79999387E-4, 2.1793330, 0.59442207E-1, 0.25123220E-2, 2.5054786, 14094.041, 25452.643, 160918.48, 0.0000000, 0.0000000, 0.0000000, 0.0000000, 0.0000000
0.13315696, 2.2860389, 0.16036409, 0.68619394, 0.56160641, 0.39176169, 4.7332420, 64.626099, 62.236229, 0.53053664E-5, 2.1793675, 0.59442107E-1, 0.25122466E-2, 2.5052953, 14094.090, 25452.715, 160950.81, 0.0000000, 0.0000000, 0.0000000, 0.0000000, 0.0000000
0.13320370, 2.2860548, 0.16037355, 0.68620872, 0.56161582, 0.39177063, 4.7332683, 64.625877, 62.236229, -0.67673624E-4, 2.1793628, 0.59442028E-1, 0.25123353E-2, 2.5054734, 14094.108, 25452.742, 160986.27, 0.0000000, 0.0000000, 0.0000000, 0.0000000, 0.0000000
0.13318056, 2.2860434, 0.16036406, 0.68616575, 0.56161791, 0.39177257, 4.7334056, 64.625717, 62.236229, -0.98490767E-4, 2.1789911, 0.59441946E-1, 0.25119607E-2, 2.5052025, 14094.070, 25452.682, 161019.06, 0.0000000, 0.0000000, 0.0000000, 0.0000000, 0.0000000
0.13318326, 2.2860460, 0.16036414, 0.68617922, 0.56161016, 0.39176500, 4.7332940, 64.625511, 62.236229, -0.43806504E-5, 2.1793780, 0.59441876E-1, 0.25121334E-2, 2.5053339, 14094.046, 25452.654, 161054.28, 0.0000000, 0.0000000, 0.0000000, 0.0000000, 0.0000000
0.13316049, 2.2860196, 0.16035002, 0.68613356, 0.56162024, 0.39177483, 4.7335911, 64.625435, 62.236229, -0.19058731E-3, 2.1786892, 0.59441645E-1, 0.25117551E-2, 2.5051501, 14093.928, 25452.473, 161086.50, 0.0000000, 0.0000000, 0.0000000, 0.0000000, 0.0000000
0.13319963, 2.2860250, 0.16036709, 0.68616819, 0.56160307, 0.39176142, 4.7332768, 64.625221, 62.236229, 0.70500682E-4, 2.1795969, 0.59441578E-1, 0.25122375E-2, 2.5053587, 14093.921, 25452.457, 161121.39, 0.0000000, 0.0000000, 0.0000000, 0.0000000, 0.0000000
0.13316062, 2.2860351, 0.16036692, 0.68618184, 0.56160653, 0.39176330, 4.7333083, 64.625015, 62.236229, -0.58709440E-4, 2.1792724, 0.59441265E-1, 0.25122466E-2, 2.5053673, 14093.946, 25452.480, 161154.28, 0.0000000, 0.0000000, 0.0000000, 0.0000000, 0.0000000
0.13319495, 2.2860463, 0.16037217, 0.68620670, 0.56162316, 0.39177293, 4.7333508, 64.624809, 62.236229, -0.98440272E-4, 2.1793072, 0.59441082E-1, 0.25122124E-2, 2.5055034, 14093.893, 25452.395, 161188.98, 0.0000000, 0.0000000, 0.0000000, 0.0000000, 0.0000000
0.13320562, 2.2860570, 0.16036999, 0.68620282, 0.56161237, 0.39176896, 4.7332964, 64.624596, 62.236229, -0.10935706E-4, 2.1794200, 0.59440792E-1, 0.25122941E-2, 2.5053906, 14093.864, 25452.357, 161222.38, 0.0000000, 0.0000000, 0.0000000, 0.0000000, 0.0000000
0.13321936, 2.2860737, 0.16037823, 0.68621516, 0.56162310, 0.39177662, 4.7333331, 64.624397, 62.236229, -0.92175003E-4, 2.1793265, 0.59440680E-1, 0.25123162E-2, 2.5055034, 14093.844, 25452.338, 161256.64, 0.0000000, 0.0000000, 0.0000000, 0.0000000, 0.0000000
0.13315822, 2.2860763, 0.16036670, 0.68620509, 0.56162840, 0.39177549, 4.7334342, 64.624237, 62.236229, -0.98471937E-4, 2.1791708, 0.59440594E-1, 0.25120482E-2, 2.5053723, 14093.717, 25452.158, 161288.80, 0.0000000, 0.0000000, 0.0000000, 0.0000000, 0.0000000
0.13316128, 2.2860637, 0.16036691, 0.68617249, 0.56161046, 0.39176682, 4.7333961, 64.624046, 62.236229, -0.17986371E-4, 2.1792395, 0.59440460E-1, 0.25120834E-2, 2.5052426, 14093.626, 25452.002, 161322.75, 0.0000000, 0.0000000, 0.0000000, 0.0000000, 0.0000000
0.13320939, 2.2860775, 0.16037515, 0.68619990, 0.56161481, 0.39176968, 4.7333055, 64.623833, 62.236229, -0.25404850E-4, 2.1794584, 0.59440240E-1, 0.25122536E-2, 2.5054672, 14093.644, 25452.047, 161356.59, 0.0000000, 0.0000000, 0.0000000, 0.0000000, 0.0000000
0.13318926, 2.2860730, 0.16036892, 0.68618172, 0.56161708, 0.39177114, 4.7334056, 64.623650, 62.236229, -0.75370655E-4, 2.1790977, 0.59440125E-1, 0.25120657E-2, 2.5052428, 14093.578, 25451.891, 161389.23, 0.0000000, 0.0000000, 0.0000000, 0.0000000, 0.0000000
0.13317986, 2.2860775, 0.16036314, 0.68619853, 0.56162518, 0.39177364, 4.7334123, 64.623474, 62.236229, -0.68859343E-4, 2.1792767, 0.59439942E-1, 0.25120045E-2, 2.5054026, 14093.500, 25451.723, 161422.14, 0.0000000, 0.0000000, 0.0000000, 0.0000000, 0.0000000
0.13316078, 2.2860758, 0.16036719, 0.68619227, 0.56161195, 0.39176577, 4.7333097, 64.623268, 62.236229, 0.24796260E-4, 2.1793897, 0.59439834E-1, 0.25120899E-2, 2.5052736, 14093.475, 25451.703, 161455.20, 0.0000000, 0.0000000, 0.0000000, 0.0000000, 0.0000000
0.13310306, 2.2860227, 0.16033053, 0.68609929, 0.56159651, 0.39175960, 4.7335353, 64.623177, 62.236229, -0.10760230E-3, 2.1786940, 0.59439737E-1, 0.25115688E-2, 2.5049496, 14093.421, 25451.598, 161489.12, 0.0000000, 0.0000000, 0.0000000, 0.0000000, 0.0000000
0.13318454, 2.2860186, 0.16036390, 0.68613958, 0.56159008, 0.39175037, 4.7331762, 64.622902, 62.236229, 0.93451905E-4, 2.1796157, 0.59439681E-1, 0.25121162E-2, 2.5053260, 14093.518, 25451.801, 161521.39, 0.0000000, 0.0000000, 0.0000000, 0.0000000, 0.0000000
0.13321352, 2.2860479, 0.16037804, 0.68620700, 0.56161988, 0.39177144, 4.7333264, 64.622665, 62.236229, -0.13124308E-3, 2.1792791, 0.59439562E-1, 0.25122284E-2, 2.5055552, 14093.488, 25451.705, 161555.61, 0.0000000, 0.0000000, 0.0000000, 0.0000000, 0.0000000
0.13319665, 2.2860467, 0.16036458, 0.68618011, 0.56159711, 0.39176020, 4.7332478, 64.622452, 62.236229, 0.22676279E-4, 2.1793869, 0.59439383E-1, 0.25121502E-2, 2.5052722, 14093.432, 25451.635, 161588.02, 0.0000000, 0.0000000, 0.0000000, 0.0000000, 0.0000000
0.13316110, 2.2860558, 0.16034940, 0.68618351, 0.56159681, 0.39175949, 4.7333026, 64.622223, 62.236229, -0.28287526E-4, 2.1793389, 0.59438996E-1, 0.25121632E-2, 2.5053523, 14093.466, 25451.668, 161622.19, 0.0000000, 0.0000000, 0.0000000, 0.0000000, 0.0000000
0.13316122, 2.2860484, 0.16036758, 0.68618405, 0.56160796, 0.39176157, 4.7332563, 64.621964, 62.236229, 0.68892550E-5, 2.1793504, 0.59438869E-1, 0.25120999E-2, 2.5052810, 14093.550, 25451.854, 161654.16, 0.0000000, 0.0000000, 0.0000000, 0.0000000, 0.0000000
0.13317712, 2.2860234, 0.16035964, 0.68614167, 0.56162173, 0.39177597, 4.7335744, 64.621872, 62.236229, -0.20181449E-3, 2.1786973, 0.59438795E-1, 0.25117421E-2, 2.5051911, 14093.408, 25451.584, 161687.77, 0.0000000, 0.0000000, 0.0000000, 0.0000000, 0.0000000
0.13318048, 2.2860403, 0.16036117, 0.68618697, 0.56161016, 0.39176700, 4.7333837, 64.621666, 62.236229, 0.27906935E-4, 2.1795447, 0.59438735E-1, 0.25121977E-2, 2.5054147, 14093.313, 25451.436, 161720.89, 0.0000000, 0.0000000, 0.0000000, 0.0000000, 0.0000000
0.13318145, 2.2860241, 0.16036257, 0.68615776, 0.56161028, 0.39176640, 4.7334032, 64.621452, 62.236229, -0.49224851E-4, 2.1791441, 0.59438583E-1, 0.25119032E-2, 2.5052292, 14093.404, 25451.578, 161752.47, 0.0000000, 0.0000000, 0.0000000, 0.0000000, 0.0000000
0.13316257, 2.2860243, 0.16035032, 0.68615973, 0.56158912, 0.39175254, 4.7332835, 64.621231, 62.236229, 0.60172810E-4, 2.1794274, 0.59438486E-1, 0.25121404E-2, 2.5052192, 14093.401, 25451.576, 161786.17, 0.0000000, 0.0000000, 0.0000000, 0.0000000, 0.0000000
0.13319890, 2.2860329, 0.16037475, 0.68618917, 0.56161231, 0.39176580, 4.7332697, 64.620964, 62.236229, -0.39181963E-4, 2.1793487, 0.59437819E-1, 0.25121539E-2, 2.5053952, 14093.489, 25451.730, 161818.14, 0.0000000, 0.0000000, 0.0000000, 0.0000000, 0.0000000
0.13320547, 2.2860358, 0.16037151, 0.68619215, 0.56161177, 0.39176685, 4.7332931, 64.620728, 62.236229, -0.20476757E-4, 2.1793127, 0.59437275E-1, 0.25121516E-2, 2.5053129, 14093.490, 25451.729, 161851.83, 0.0000000, 0.0000000, 0.0000000, 0.0000000, 0.0000000
0.13317089, 2.2860405, 0.16035639, 0.68618119, 0.56159729, 0.39175829, 4.7332668, 64.620499, 62.236229, 0.33731601E-4, 2.1793671, 0.59437133E-1, 0.25122180E-2, 2.5052218, 14093.491, 25451.732, 161884.45, 0.0000000, 0.0000000, 0.0000000, 0.0000000, 0.0000000
0.13319203, 2.2860291, 0.16036968, 0.68616211, 0.56160903, 0.39176536, 4.7333298, 64.620270, 62.236229, -0.53543656E-4, 2.1791131, 0.59436917E-1, 0.25120324E-2, 2.5052066, 14093.550, 25451.840, 161916.73, 0.0000000, 0.0000000, 0.0000000, 0.0000000, 0.0000000
0.13317351, 2.2860496, 0.16035864, 0.68619084, 0.56160831, 0.39176598, 4.7333651, 64.620064, 62.236229, -0.42479311E-4, 2.1793373, 0.59436787E-1, 0.25122222E-2, 2.5053849, 14093.465, 25451.678, 161950.20, 0.0000000, 0.0000000, 0.0000000, 0.0000000, 0.0000000
0.13312308, 2.2860105, 0.16034354, 0.68612391, 0.56161457, 0.39176983, 4.7336297, 64.619987, 62.236229, -0.15180954E-3, 2.1787038, 0.59436705E-1, 0.25115844E-2, 2.5050704, 14093.405, 25451.566, 161981.06, 0.0000000, 0.0000000, 0.0000000, 0.0000000, 0.0000000
0.13314928, 2.2859600, 0.16035224, 0.68607181, 0.56159025, 0.39175451, 4.7334609, 64.619812, 62.236229, -0.98085729E-5, 2.1790111, 0.59436664E-1, 0.25115579E-2, 2.5050173, 14093.385, 25451.557, 162014.56, 0.0000000, 0.0000000, 0.0000000, 0.0000000, 0.0000000
0.13318531, 2.2859604, 0.16036667, 0.68613189, 0.56159657, 0.39175209, 4.7332578, 64.619530, 62.236229, 0.30760566E-4, 2.1794124, 0.59436578E-1, 0.25119656E-2, 2.5052843, 14093.483, 25451.723, 162046.41, 0.0000000, 0.0000000, 0.0000000, 0.0000000, 0.0000000
0.13312338, 2.2859390, 0.16034105, 0.68610597, 0.56158954, 0.39175013, 4.7333913, 64.619301, 62.236229, -0.34668978E-4, 2.1789515, 0.59436467E-1, 0.25117912E-2, 2.5050037, 14093.434, 25451.623, 162079.61, 0.0000000, 0.0000000, 0.0000000, 0.0000000, 0.0000000
0.13320832, 2.2859521, 0.16037302, 0.68615514, 0.56159192, 0.39175200, 4.7331786, 64.619011, 62.236229, 0.38665341E-4, 2.1795413, 0.59436247E-1, 0.25122133E-2, 2.5053875, 14093.520, 25451.803, 162111.06, 0.0000000, 0.0000000, 0.0000000, 0.0000000, 0.0000000
0.13316298, 2.2859604, 0.16035333, 0.68616319, 0.56159049, 0.39175165, 4.7332740, 64.618736, 62.236229, -0.25852933E-6, 2.1792386, 0.59436027E-1, 0.25121709E-2, 2.5051789, 14093.534, 25451.814, 162144.45, 0.0000000, 0.0000000, 0.0000000, 0.0000000, 0.0000000
0.13310984, 2.2859159, 0.16033417, 0.68609029, 0.56159210, 0.39175513, 4.7335315, 64.618576, 62.236229, -0.12370941E-3, 2.1786766, 0.59435677E-1, 0.25115600E-2, 2.5049722, 14093.499, 25451.738, 162177.16, 0.0000000, 0.0000000, 0.0000000, 0.0000000, 0.0000000
0.13310476, 2.2858729, 0.16033328, 0.68605852, 0.56157970, 0.39174646, 4.7334776, 64.618393, 62.236229, -0.36832178E-4, 2.1789336, 0.59435390E-1, 0.25115672E-2, 2.5050080, 14093.418, 25451.592, 162207.05, 0.0000000, 0.0000000, 0.0000000, 0.0000000, 0.0000000
0.13314056, 2.2858133, 0.16034448, 0.68602413, 0.56156707, 0.39173704, 4.7333398, 64.618149, 62.236229, -0.93423296E-6, 2.1789253, 0.59435301E-1, 0.25115085E-2, 2.5049117, 14093.500, 25451.727, 162241.50, 0.0000000, 0.0000000, 0.0000000, 0.0000000, 0.0000000
0.13321358, 2.2858250, 0.16037425, 0.68611979, 0.56157845, 0.39174119, 4.7331076, 64.617805, 62.236229, 0.46550602E-4, 2.1795371, 0.59435152E-1, 0.25122096E-2, 2.5053594, 14093.543, 25451.844, 162273.05, 0.0000000, 0.0000000, 0.0000000, 0.0000000, 0.0000000
0.13318917, 2.2858534, 0.16036883, 0.68617070, 0.56160671, 0.39175981, 4.7333021, 64.617523, 62.236229, -0.13293893E-3, 2.1791511, 0.59434816E-1, 0.25121507E-2, 2.5054348, 14093.454, 25451.656, 162305.23, 0.0000000, 0.0000000, 0.0000000, 0.0000000, 0.0000000
0.13318406, 2.2858481, 0.16036168, 0.68615425, 0.56162971, 0.39177889, 4.7336535, 64.617386, 62.236229, -0.20248900E-3, 2.1787314, 0.59434690E-1, 0.25117586E-2, 2.5052204, 14093.250, 25451.340, 162338.50, 0.0000000, 0.0000000, 0.0000000, 0.0000000, 0.0000000
0.13319775, 2.2858534, 0.16036899, 0.68615645, 0.56161773, 0.39177048, 4.7335138, 64.617188, 62.236229, 0.73125120E-5, 2.1793170, 0.59434637E-1, 0.25118841E-2, 2.5052564, 14093.189, 25451.268, 162369.12, 0.0000000, 0.0000000, 0.0000000, 0.0000000, 0.0000000
0.13314234, 2.2858546, 0.16035338, 0.68614453, 0.56160289, 0.39175782, 4.7334800, 64.616966, 62.236229, 0.27054921E-6, 2.1792030, 0.59434403E-1, 0.25118599E-2, 2.5051622, 14093.218, 25451.301, 162402.30, 0.0000000, 0.0000000, 0.0000000, 0.0000000, 0.0000000
0.13311136, 2.2858353, 0.16033541, 0.68610042, 0.56160051, 0.39175966, 4.7336459, 64.616814, 62.236229, -0.95303170E-4, 2.1788187, 0.59434291E-1, 0.25115684E-2, 2.5050397, 14093.173, 25451.225, 162434.23, 0.0000000, 0.0000000, 0.0000000, 0.0000000, 0.0000000
0.13314129, 2.2858307, 0.16035326, 0.68610972, 0.56158680, 0.39174616, 4.7333889, 64.616562, 62.236229, 0.56668854E-4, 2.1793826, 0.59434216E-1, 0.25118350E-2, 2.5051961, 14093.221, 25451.295, 162466.92, 0.0000000, 0.0000000, 0.0000000, 0.0000000, 0.0000000
0.13315102, 2.2858262, 0.16035882, 0.68613309, 0.56159329, 0.39174670, 4.7332945, 64.616280, 62.236229, 0.25391782E-4, 2.1792910, 0.59434097E-1, 0.25118464E-2, 2.5051816, 14093.301, 25451.420, 162498.69, 0.0000000, 0.0000000, 0.0000000, 0.0000000, 0.0000000
0.13320084, 2.2858546, 0.16036813, 0.68617654, 0.56160104, 0.39175797, 4.7333140, 64.615997, 62.236229, -0.47274778E-4, 2.1793752, 0.59433889E-1, 0.25121761E-2, 2.5054383, 14093.251, 25451.363, 162530.56, 0.0000000, 0.0000000, 0.0000000, 0.0000000, 0.0000000
0.13318896, 2.2858782, 0.16036676, 0.68619424, 0.56161481, 0.39176634, 4.7333922, 64.615738, 62.236229, -0.64515654E-4, 2.1792991, 0.59433460E-1, 0.25120187E-2, 2.5054061, 14093.284, 25451.395, 162562.47, 0.0000000, 0.0000000, 0.0000000, 0.0000000, 0.0000000
0.13321747, 2.2859161, 0.16037834, 0.68621677, 0.56162316, 0.39177492, 4.7334113, 64.615501, 62.236229, -0.66091219E-4, 2.1794064, 0.59433375E-1, 0.25121800E-2, 2.5055149, 14093.209, 25451.291, 162594.11, 0.0000000, 0.0000000, 0.0000000, 0.0000000, 0.0000000
0.13316484, 2.2859330, 0.16037127, 0.68619943, 0.56161523, 0.39176816, 4.7334037, 64.615280, 62.236229, -0.60144230E-5, 2.1793311, 0.59433267E-1, 0.25121009E-2, 2.5052924, 14093.189, 25451.258, 162626.81, 0.0000000, 0.0000000, 0.0000000, 0.0000000, 0.0000000
0.13312204, 2.2858949, 0.16034269, 0.68612379, 0.56161034, 0.39176607, 4.7336311, 64.615166, 62.236229, -0.11359697E-3, 2.1787512, 0.59433118E-1, 0.25115588E-2, 2.5050218, 14093.136, 25451.174, 162658.52, 0.0000000, 0.0000000, 0.0000000, 0.0000000, 0.0000000
0.13310720, 2.2858367, 0.16033246, 0.68604618, 0.56157029, 0.39174154, 4.7334433, 64.614960, 62.236229, 0.61567640E-4, 2.1790180, 0.59433039E-1, 0.25114634E-2, 2.5048459, 14093.168, 25451.223, 162690.33, 0.0000000, 0.0000000, 0.0000000, 0.0000000, 0.0000000
0.13319111, 2.2858109, 0.16036530, 0.68608433, 0.56159794, 0.39175594, 4.7334642, 64.614723, 62.236229, -0.96563861E-4, 2.1789403, 0.59432406E-1, 0.25117106E-2, 2.5051603, 14093.259, 25451.357, 162722.09, 0.0000000, 0.0000000, 0.0000000, 0.0000000, 0.0000000
0.13315956, 2.2858388, 0.16036546, 0.68616205, 0.56160557, 0.39175665, 4.7334099, 64.614464, 62.236229, -0.30135416E-4, 2.1793702, 0.59432000E-1, 0.25119577E-2, 2.5053926, 14093.119, 25451.154, 162753.84, 0.0000000, 0.0000000, 0.0000000, 0.0000000, 0.0000000
0.13314919, 2.2858524, 0.16035974, 0.68618017, 0.56161481, 0.39176148, 4.7334318, 64.614212, 62.236229, -0.40144951E-4, 2.1792974, 0.59431713E-1, 0.25118871E-2, 2.5053482, 14093.087, 25451.107, 162786.41, 0.0000000, 0.0000000, 0.0000000, 0.0000000, 0.0000000
0.13314840, 2.2858081, 0.16035093, 0.68609178, 0.56159693, 0.39175704, 4.7335205, 64.614014, 62.236229, -0.73544506E-4, 2.1788387, 0.59431490E-1, 0.25115074E-2, 2.5050061, 14093.080, 25451.098, 162818.05, 0.0000000, 0.0000000, 0.0000000, 0.0000000, 0.0000000
0.13315706, 2.2858062, 0.16036420, 0.68611991, 0.56159663, 0.39175266, 4.7334280, 64.613770, 62.236229, 0.87687222E-5, 2.1792321, 0.59431355E-1, 0.25118296E-2, 2.5051701, 14093.046, 25451.053, 162848.45, 0.0000000, 0.0000000, 0.0000000, 0.0000000, 0.0000000
0.13316077, 2.2857914, 0.16035841, 0.68610919, 0.56161231, 0.39176646, 4.7336640, 64.613617, 62.236229, -0.15383991E-3, 2.1787670, 0.59431255E-1, 0.25115837E-2, 2.5051336, 14092.999, 25450.984, 162881.12, 0.0000000, 0.0000000, 0.0000000, 0.0000000, 0.0000000
0.13320059, 2.2858171, 0.16036882, 0.68617177, 0.56160080, 0.39175802, 4.7334156, 64.613342, 62.236229, 0.51430485E-4, 2.1796334, 0.59431177E-1, 0.25121339E-2, 2.5054419, 14092.962, 25450.900, 162912.42, 0.0000000, 0.0000000, 0.0000000, 0.0000000, 0.0000000
0.13320254, 2.2858448, 0.16037090, 0.68618363, 0.56160092, 0.39175886, 4.7333426, 64.613068, 62.236229, 0.31286996E-4, 2.1794505, 0.59431080E-1, 0.25121386E-2, 2.5053086, 14093.108, 25451.152, 162944.19, 0.0000000, 0.0000000, 0.0000000, 0.0000000, 0.0000000
0.13319255, 2.2858598, 0.16036560, 0.68617511, 0.56159693, 0.39175731, 4.7333202, 64.612793, 62.236229, 0.13062454E-4, 2.1793606, 0.59430838E-1, 0.25120908E-2, 2.5052700, 14093.190, 25451.266, 162977.41, 0.0000000, 0.0000000, 0.0000000, 0.0000000, 0.0000000
0.13316076, 2.2858739, 0.16035159, 0.68616444, 0.56158876, 0.39175060, 4.7333431, 64.612518, 62.236229, 0.31532705E-4, 2.1793163, 0.59430640E-1, 0.25121018E-2, 2.5051727, 14093.245, 25451.336, 163005.97, 0.0000000, 0.0000000, 0.0000000, 0.0000000, 0.0000000
0.13316087, 2.2858949, 0.16036296, 0.68618202, 0.56160486, 0.39175892, 4.7333865, 64.612251, 62.236229, -0.43304579E-4, 2.1793094, 0.59430290E-1, 0.25120731E-2, 2.5053632, 14093.281, 25451.395, 163039.86, 0.0000000, 0.0000000, 0.0000000, 0.0000000, 0.0000000
0.13315997, 2.2858734, 0.16034871, 0.68613315, 0.56161857, 0.39177203, 4.7337160, 64.612122, 62.236229, -0.20196522E-3, 2.1786952, 0.59429947E-1, 0.25116063E-2, 2.5051823, 14093.118, 25451.148, 163069.97, 0.0000000, 0.0000000, 0.0000000, 0.0000000, 0.0000000
0.13319542, 2.2858791, 0.16036153, 0.68614483, 0.56158513, 0.39174876, 4.7333245, 64.611847, 62.236229, 0.14518783E-3, 2.1796954, 0.59429877E-1, 0.25120634E-2, 2.5052636, 14093.193, 25451.268, 163102.64, 0.0000000, 0.0000000, 0.0000000, 0.0000000, 0.0000000
0.13321775, 2.2859163, 0.16037756, 0.68620789, 0.56161928, 0.39177102, 4.7334623, 64.611595, 62.236229, -0.12459650E-3, 2.1793163, 0.59429731E-1, 0.25121844E-2, 2.5055687, 14093.216, 25451.307, 163133.30, 0.0000000, 0.0000000, 0.0000000, 0.0000000, 0.0000000
0.13315907, 2.2859192, 0.16034894, 0.68616527, 0.56158483, 0.39175180, 4.7334175, 64.611366, 62.236229, 0.48092843E-4, 2.1793575, 0.59429564E-1, 0.25120962E-2, 2.5051730, 14093.162, 25451.225, 163164.80, 0.0000000, 0.0000000, 0.0000000, 0.0000000, 0.0000000
0.13316399, 2.2858963, 0.16036369, 0.68613189, 0.56162012, 0.39177293, 4.7337103, 64.611214, 62.236229, -0.18233599E-3, 2.1787202, 0.59429299E-1, 0.25116268E-2, 2.5051551, 14093.247, 25451.340, 163195.62, 0.0000000, 0.0000000, 0.0000000, 0.0000000, 0.0000000
0.13314189, 2.2858603, 0.16034743, 0.68609095, 0.56160051, 0.39175996, 4.7337255, 64.611115, 62.236229, -0.72475057E-4, 2.1789072, 0.59429251E-1, 0.25115369E-2, 2.5050676, 14093.068, 25451.084, 163228.66, 0.0000000, 0.0000000, 0.0000000, 0.0000000, 0.0000000
0.13319477, 2.2858546, 0.16036056, 0.68610752, 0.56157839, 0.39174661, 4.7334490, 64.610863, 62.236229, 0.68143854E-4, 2.1794143, 0.59429213E-1, 0.25119605E-2, 2.5051920, 14093.125, 25451.152, 163257.12, 0.0000000, 0.0000000, 0.0000000, 0.0000000, 0.0000000
0.13319586, 2.2858770, 0.16036208, 0.68615699, 0.56158745, 0.39175060, 4.7333922, 64.610588, 62.236229, 0.67955407E-5, 2.1794243, 0.59428941E-1, 0.25121169E-2, 2.5053439, 14093.232, 25451.324, 163290.91, 0.0000000, 0.0000000, 0.0000000, 0.0000000, 0.0000000
0.13316971, 2.2858901, 0.16035371, 0.68616456, 0.56159073, 0.39175233, 4.7334342, 64.610321, 62.236229, 0.32765092E-5, 2.1792915, 0.59428811E-1, 0.25121181E-2, 2.5052183, 14093.276, 25451.387, 163320.98, 0.0000000, 0.0000000, 0.0000000, 0.0000000, 0.0000000
0.13318586, 2.2858772, 0.16036271, 0.68614799, 0.56162310, 0.39177480, 4.7337799, 64.610168, 62.236229, -0.20029998E-3, 2.1787307, 0.59428703E-1, 0.25117446E-2, 2.5052085, 14093.208, 25451.277, 163352.83, 0.0000000, 0.0000000, 0.0000000, 0.0000000, 0.0000000
0.13319810, 2.2859030, 0.16036344, 0.68617755, 0.56160218, 0.39176324, 4.7335820, 64.609955, 62.236229, 0.86927757E-5, 2.1795461, 0.59428621E-1, 0.25120939E-2, 2.5054610, 14093.054, 25451.047, 163383.66, 0.0000000, 0.0000000, 0.0000000, 0.0000000, 0.0000000
0.13314636, 2.2858946, 0.16035631, 0.68615162, 0.56160736, 0.39176235, 4.7336621, 64.609756, 62.236229, -0.54021308E-4, 2.1790607, 0.59428450E-1, 0.25117744E-2, 2.5051548, 14093.101, 25451.133, 163414.62, 0.0000000, 0.0000000, 0.0000000, 0.0000000, 0.0000000
0.13320847, 2.2858999, 0.16037326, 0.68615746, 0.56159121, 0.39175245, 4.7333889, 64.609467, 62.236229, 0.10074623E-3, 2.1795630, 0.59428055E-1, 0.25121192E-2, 2.5052485, 14093.234, 25451.338, 163445.98, 0.0000000, 0.0000000, 0.0000000, 0.0000000, 0.0000000
0.13316682, 2.2859333, 0.16035338, 0.68619370, 0.56160563, 0.39176199, 4.7335844, 64.609230, 62.236229, -0.77224744E-4, 2.1792469, 0.59427947E-1, 0.25121968E-2, 2.5053763, 14093.224, 25451.314, 163477.03, 0.0000000, 0.0000000, 0.0000000, 0.0000000, 0.0000000
0.13319036, 2.2859328, 0.16036701, 0.68616635, 0.56161070, 0.39176601, 4.7336197, 64.609016, 62.236229, -0.50654344E-4, 2.1791470, 0.59427835E-1, 0.25119800E-2, 2.5052290, 14093.250, 25451.346, 163507.52, 0.0000000, 0.0000000, 0.0000000, 0.0000000, 0.0000000
0.13319165, 2.2859499, 0.16036834, 0.68619323, 0.56161672, 0.39176843, 4.7336073, 64.608788, 62.236229, -0.50901988E-4, 2.1793230, 0.59427679E-1, 0.25120727E-2, 2.5053923, 14093.217, 25451.303, 163539.66, 0.0000000, 0.0000000, 0.0000000, 0.0000000, 0.0000000
0.13316114, 2.2859445, 0.16036466, 0.68616438, 0.56160975, 0.39176434, 4.7336559, 64.608597, 62.236229, -0.34451805E-4, 2.1791165, 0.59427559E-1, 0.25119651E-2, 2.5051546, 14093.227, 25451.318, 163571.20, 0.0000000, 0.0000000, 0.0000000, 0.0000000, 0.0000000
0.13311164, 2.2859080, 0.16033529, 0.68610203, 0.56160098, 0.39176074, 4.7338386, 64.608498, 62.236229, -0.11199497E-3, 2.1787558, 0.59427001E-1, 0.25115383E-2, 2.5050120, 14093.148, 25451.193, 163599.53, 0.0000000, 0.0000000, 0.0000000, 0.0000000, 0.0000000
0.13320446, 2.2859261, 0.16036978, 0.68615288, 0.56159592, 0.39175501, 4.7334919, 64.608231, 62.236229, 0.61634346E-4, 2.1796179, 0.59426598E-1, 0.25120962E-2, 2.5054016, 14093.223, 25451.314, 163632.94, 0.0000000, 0.0000000, 0.0000000, 0.0000000, 0.0000000
0.13316479, 2.2859330, 0.16035208, 0.68614799, 0.56158030, 0.39174634, 4.7334685, 64.607971, 62.236229, 0.22723572E-4, 2.1793091, 0.59426323E-1, 0.25121309E-2, 2.5051861, 14093.255, 25451.350, 163663.20, 0.0000000, 0.0000000, 0.0000000, 0.0000000, 0.0000000
0.13317563, 2.2859535, 0.16035824, 0.68617576, 0.56159544, 0.39175546, 4.7335086, 64.607697, 62.236229, -0.29318267E-4, 2.1793497, 0.59426196E-1, 0.25121889E-2, 2.5053577, 14093.312, 25451.434, 163691.61, 0.0000000, 0.0000000, 0.0000000, 0.0000000, 0.0000000
0.13314812, 2.2859335, 0.16035715, 0.68613994, 0.56161767, 0.39177045, 4.7338457, 64.607574, 62.236229, -0.18115601E-3, 2.1786838, 0.59425924E-1, 0.25117032E-2, 2.5051091, 14093.214, 25451.291, 163725.08, 0.0000000, 0.0000000, 0.0000000, 0.0000000, 0.0000000
0.13319358, 2.2859411, 0.16036843, 0.68616503, 0.56160182, 0.39175853, 4.7335472, 64.607315, 62.236229, 0.57923273E-4, 2.1795619, 0.59425857E-1, 0.25120678E-2, 2.5053489, 14093.219, 25451.312, 163754.89, 0.0000000, 0.0000000, 0.0000000, 0.0000000, 0.0000000
0.13316457, 2.2859514, 0.16036806, 0.68618512, 0.56161124, 0.39176309, 4.7336068, 64.607071, 62.236229, -0.56751713E-4, 2.1792424, 0.59425738E-1, 0.25120517E-2, 2.5053217, 14093.242, 25451.334, 163787.16, 0.0000000, 0.0000000, 0.0000000, 0.0000000, 0.0000000
0.13322096, 2.2859786, 0.16038121, 0.68621933, 0.56162637, 0.39177644, 4.7336435, 64.606850, 62.236229, -0.97567943E-4, 2.1793759, 0.59425656E-1, 0.25121679E-2, 2.5055566, 14093.161, 25451.230, 163816.97, 0.0000000, 0.0000000, 0.0000000, 0.0000000, 0.0000000
0.13315941, 2.2859831, 0.16036530, 0.68618673, 0.56161994, 0.39177164, 4.7337575, 64.606705, 62.236229, -0.90769521E-4, 2.1790948, 0.59425574E-1, 0.25119740E-2, 2.5052752, 14092.996, 25450.959, 163847.84, 0.0000000, 0.0000000, 0.0000000, 0.0000000, 0.0000000
0.13315904, 2.2859888, 0.16036391, 0.68618542, 0.56160504, 0.39176151, 4.7335939, 64.606468, 62.236229, 0.32650729E-4, 2.1794875, 0.59425376E-1, 0.25120608E-2, 2.5053415, 14093.046, 25451.043, 163878.81, 0.0000000, 0.0000000, 0.0000000, 0.0000000, 0.0000000
0.13320971, 2.2860067, 0.16037421, 0.68620932, 0.56161720, 0.39177144, 4.7336025, 64.606239, 62.236229, -0.68902562E-4, 2.1793876, 0.59425198E-1, 0.25121509E-2, 2.5054996, 14093.073, 25451.078, 163908.70, 0.0000000, 0.0000000, 0.0000000, 0.0000000, 0.0000000
0.13320453, 2.2860310, 0.16037135, 0.68620843, 0.56161785, 0.39177307, 4.7336311, 64.606041, 62.236229, -0.71355607E-4, 2.1793268, 0.59424903E-1, 0.25121577E-2, 2.5054469, 14092.979, 25450.939, 163939.41, 0.0000000, 0.0000000, 0.0000000, 0.0000000, 0.0000000
0.13317934, 2.2860446, 0.16036141, 0.68620342, 0.56161171, 0.39176911, 4.7336111, 64.605850, 62.236229, -0.77855075E-5, 2.1793621, 0.59424724E-1, 0.25121330E-2, 2.5053165, 14092.964, 25450.906, 163970.38, 0.0000000, 0.0000000, 0.0000000, 0.0000000, 0.0000000
0.13317597, 2.2860627, 0.16035861, 0.68620294, 0.56161076, 0.39176810, 4.7336001, 64.605652, 62.236229, -0.19782834E-4, 2.1793828, 0.59424449E-1, 0.25121383E-2, 2.5053658, 14092.985, 25450.947, 164000.12, 0.0000000, 0.0000000, 0.0000000, 0.0000000, 0.0000000
0.13311423, 2.2860205, 0.16033784, 0.68611765, 0.56160641, 0.39176556, 4.7338514, 64.605576, 62.236229, -0.13324674E-3, 2.1786840, 0.59424352E-1, 0.25115004E-2, 2.5049958, 14092.909, 25450.850, 164030.92, 0.0000000, 0.0000000, 0.0000000, 0.0000000, 0.0000000
0.13318887, 2.2860239, 0.16037093, 0.68616384, 0.56160641, 0.39176092, 4.7335396, 64.605324, 62.236229, 0.27753515E-4, 2.1795533, 0.59424307E-1, 0.25120145E-2, 2.5054233, 14092.938, 25450.873, 164061.70, 0.0000000, 0.0000000, 0.0000000, 0.0000000, 0.0000000
0.13319989, 2.2860434, 0.16036738, 0.68619001, 0.56160986, 0.39176700, 4.7336106, 64.605118, 62.236229, -0.10222735E-3, 2.1792724, 0.59424140E-1, 0.25120601E-2, 2.5054734, 14092.880, 25450.783, 164091.44, 0.0000000, 0.0000000, 0.0000000, 0.0000000, 0.0000000
0.13315898, 2.2860575, 0.16034807, 0.68618691, 0.56159914, 0.39176103, 4.7336230, 64.604919, 62.236229, -0.16369100E-4, 2.1793764, 0.59423905E-1, 0.25120704E-2, 2.5053508, 14092.821, 25450.699, 164122.20, 0.0000000, 0.0000000, 0.0000000, 0.0000000, 0.0000000
0.13315964, 2.2860515, 0.16034772, 0.68616140, 0.56158298, 0.39174893, 4.7334857, 64.604660, 62.236229, 0.78439873E-4, 2.1794441, 0.59423797E-1, 0.25120291E-2, 2.5051808, 14092.919, 25450.830, 164152.94, 0.0000000, 0.0000000, 0.0000000, 0.0000000, 0.0000000
0.13314489, 2.2860060, 0.16035004, 0.68610787, 0.56160623, 0.39176407, 4.7337904, 64.604530, 62.236229, -0.19336512E-3, 2.1786468, 0.59423588E-1, 0.25115048E-2, 2.5051100, 14092.883, 25450.807, 164182.61, 0.0000000, 0.0000000, 0.0000000, 0.0000000, 0.0000000
0.13320108, 2.2860098, 0.16037035, 0.68615735, 0.56159586, 0.39175594, 4.7335286, 64.604263, 62.236229, 0.46641391E-4, 2.1795397, 0.59423495E-1, 0.25120818E-2, 2.5053582, 14092.837, 25450.701, 164213.23, 0.0000000, 0.0000000, 0.0000000, 0.0000000, 0.0000000
0.13315743, 2.2859967, 0.16036551, 0.68615180, 0.56160384, 0.39175931, 4.7336469, 64.604050, 62.236229, -0.63376327E-4, 2.1790154, 0.59423361E-1, 0.25118890E-2, 2.5051303, 14092.812, 25450.684, 164243.97, 0.0000000, 0.0000000, 0.0000000, 0.0000000, 0.0000000
0.13319549, 2.2860093, 0.16037019, 0.68618882, 0.56161654, 0.39176762, 4.7336283, 64.603821, 62.236229, -0.78490964E-4, 2.1793351, 0.59423272E-1, 0.25120054E-2, 2.5054753, 14092.750, 25450.584, 164273.58, 0.0000000, 0.0000000, 0.0000000, 0.0000000, 0.0000000
0.13316189, 2.2860148, 0.16034894, 0.68617415, 0.56158781, 0.39175162, 4.7335191, 64.603577, 62.236229, 0.76998287E-4, 2.1794851, 0.59423141E-1, 0.25121204E-2, 2.5052199, 14092.829, 25450.678, 164302.97, 0.0000000, 0.0000000, 0.0000000, 0.0000000, 0.0000000
0.13319446, 2.2860136, 0.16036899, 0.68617821, 0.56160337, 0.39175987, 4.7334819, 64.603310, 62.236229, -0.18317776E-4, 2.1793451, 0.59422683E-1, 0.25120222E-2, 2.5053289, 14092.972, 25450.932, 164334.69, 0.0000000, 0.0000000, 0.0000000, 0.0000000, 0.0000000
0.13317269, 2.2859964, 0.16035609, 0.68615067, 0.56161028, 0.39176589, 4.7336855, 64.603127, 62.236229, -0.12811084E-3, 2.1789124, 0.59422556E-1, 0.25117437E-2, 2.5051935, 14092.859, 25450.770, 164364.33, 0.0000000, 0.0000000, 0.0000000, 0.0000000, 0.0000000
0.13316087, 2.2859962, 0.16036689, 0.68616164, 0.56159407, 0.39175299, 4.7334857, 64.602867, 62.236229, 0.71662085E-4, 2.1794684, 0.59422489E-1, 0.25120229E-2, 2.5052254, 14092.898, 25450.803, 164394.02, 0.0000000, 0.0000000, 0.0000000, 0.0000000, 0.0000000
0.13318962, 2.2860079, 0.16036698, 0.68618220, 0.56160736, 0.39176342, 4.7335477, 64.602631, 62.236229, -0.87701977E-4, 2.1792598, 0.59422370E-1, 0.25120478E-2, 2.5054226, 14092.882, 25450.777, 164422.16, 0.0000000, 0.0000000, 0.0000000, 0.0000000, 0.0000000
0.13316219, 2.2860093, 0.16036557, 0.68617463, 0.56159955, 0.39175779, 4.7334943, 64.602371, 62.236229, 0.69952221E-5, 2.1793287, 0.59422206E-1, 0.25120149E-2, 2.5052493, 14092.867, 25450.742, 164455.11, 0.0000000, 0.0000000, 0.0000000, 0.0000000, 0.0000000
0.13317539, 2.2859871, 0.16036198, 0.68614995, 0.56162483, 0.39177626, 4.7338281, 64.602264, 62.236229, -0.20607768E-3, 2.1786997, 0.59422083E-1, 0.25116629E-2, 2.5051918, 14092.738, 25450.578, 164485.02, 0.0000000, 0.0000000, 0.0000000, 0.0000000, 0.0000000
0.13319637, 2.2860024, 0.16037256, 0.68618780, 0.56161690, 0.39176926, 4.7336202, 64.602066, 62.236229, -0.33784891E-5, 2.1794989, 0.59421487E-1, 0.25119944E-2, 2.5054438, 14092.649, 25450.430, 164512.84, 0.0000000, 0.0000000, 0.0000000, 0.0000000, 0.0000000
0.13318208, 2.2860308, 0.16035993, 0.68621284, 0.56162238, 0.39177573, 4.7337060, 64.601891, 62.236229, -0.86028536E-4, 2.1793141, 0.59421115E-1, 0.25120773E-2, 2.5054662, 14092.604, 25450.371, 164544.81, 0.0000000, 0.0000000, 0.0000000, 0.0000000, 0.0000000
0.13319600, 2.2860494, 0.16037212, 0.68622506, 0.56163877, 0.39178228, 4.7337136, 64.601723, 62.236229, -0.96867065E-4, 2.1793315, 0.59420854E-1, 0.25118559E-2, 2.5055168, 14092.602, 25450.348, 164575.73, 0.0000000, 0.0000000, 0.0000000, 0.0000000, 0.0000000
0.13312384, 2.2860272, 0.16034426, 0.68614793, 0.56160831, 0.39176551, 4.7337446, 64.601585, 62.236229, -0.48932561E-5, 2.1790600, 0.59420791E-1, 0.25116412E-2, 2.5050287, 14092.541, 25450.277, 164603.75, 0.0000000, 0.0000000, 0.0000000, 0.0000000, 0.0000000
0.13310152, 2.2859564, 0.16033275, 0.68605256, 0.56157458, 0.39174461, 4.7336450, 64.601425, 62.236229, 0.28450304E-4, 2.1789100, 0.59420604E-1, 0.25113490E-2, 2.5048118, 14092.645, 25450.428, 164633.83, 0.0000000, 0.0000000, 0.0000000, 0.0000000, 0.0000000
0.13315769, 2.2859452, 0.16036443, 0.68610090, 0.56158781, 0.39174673, 4.7335262, 64.601143, 62.236229, -0.28606446E-5, 2.1792059, 0.59420493E-1, 0.25117612E-2, 2.5051677, 14092.703, 25450.514, 164664.58, 0.0000000, 0.0000000, 0.0000000, 0.0000000, 0.0000000
0.13318573, 2.2859626, 0.16036323, 0.68616039, 0.56159782, 0.39175591, 4.7335420, 64.600883, 62.236229, -0.67711313E-4, 2.1793141, 0.59420358E-1, 0.25120096E-2, 2.5054233, 14092.634, 25450.406, 164694.33, 0.0000000, 0.0000000, 0.0000000, 0.0000000, 0.0000000
0.13320535, 2.2859769, 0.16037069, 0.68618375, 0.56160402, 0.39176172, 4.7335029, 64.600616, 62.236229, -0.14982506E-4, 2.1793792, 0.59420258E-1, 0.25120645E-2, 2.5053544, 14092.637, 25450.410, 164724.25, 0.0000000, 0.0000000, 0.0000000, 0.0000000, 0.0000000
0.13315836, 2.2859745, 0.16036329, 0.68615752, 0.56160170, 0.39176038, 4.7336092, 64.600410, 62.236229, -0.71356510E-4, 2.1790833, 0.59420146E-1, 0.25119178E-2, 2.5052137, 14092.560, 25450.289, 164753.61, 0.0000000, 0.0000000, 0.0000000, 0.0000000, 0.0000000
0.13322191, 2.2860107, 0.16038296, 0.68621516, 0.56162834, 0.39177722, 4.7336183, 64.600182, 62.236229, -0.10137889E-3, 2.1793997, 0.59419941E-1, 0.25120648E-2, 2.5055914, 14092.553, 25450.273, 164783.98, 0.0000000, 0.0000000, 0.0000000, 0.0000000, 0.0000000
0.13315639, 2.2860215, 0.16036417, 0.68619406, 0.56160992, 0.39176598, 4.7336245, 64.599983, 62.236229, -0.30986354E-4, 2.1793056, 0.59419785E-1, 0.25119807E-2, 2.5053234, 14092.458, 25450.127, 164814.34, 0.0000000, 0.0000000, 0.0000000, 0.0000000, 0.0000000
0.13314611, 2.2859840, 0.16035153, 0.68612570, 0.56161612, 0.39177132, 4.7338243, 64.599876, 62.236229, -0.15580369E-3, 2.1787539, 0.59419516E-1, 0.25114240E-2, 2.5051239, 14092.415, 25450.090, 164843.53, 0.0000000, 0.0000000, 0.0000000, 0.0000000, 0.0000000
0.13319404, 2.2859933, 0.16036861, 0.68616635, 0.56160802, 0.39176300, 4.7335725, 64.599632, 62.236229, 0.24806257E-4, 2.1795254, 0.59419390E-1, 0.25119234E-2, 2.5054016, 14092.393, 25450.012, 164873.30, 0.0000000, 0.0000000, 0.0000000, 0.0000000, 0.0000000
0.13319258, 2.2859919, 0.16036707, 0.68616265, 0.56161654, 0.39177024, 4.7337103, 64.599464, 62.236229, -0.10715294E-3, 2.1790223, 0.59419058E-1, 0.25117712E-2, 2.5052495, 14092.343, 25449.980, 164900.95, 0.0000000, 0.0000000, 0.0000000, 0.0000000, 0.0000000
0.13317406, 2.2859831, 0.16035682, 0.68614578, 0.56161046, 0.39176667, 4.7337284, 64.599297, 62.236229, -0.58352365E-4, 2.1791060, 0.59418984E-1, 0.25116487E-2, 2.5052085, 14092.292, 25449.898, 164932.55, 0.0000000, 0.0000000, 0.0000000, 0.0000000, 0.0000000
0.13321945, 2.2860084, 0.16037971, 0.68620408, 0.56162196, 0.39177355, 4.7336407, 64.599068, 62.236229, -0.51427342E-4, 2.1794851, 0.59418876E-1, 0.25120205E-2, 2.5055513, 14092.276, 25449.891, 164963.66, 0.0000000, 0.0000000, 0.0000000, 0.0000000, 0.0000000
0.13316157, 2.2860117, 0.16035914, 0.68617535, 0.56159425, 0.39175609, 4.7335429, 64.598831, 62.236229, 0.73556104E-4, 2.1793864, 0.59418753E-1, 0.25119232E-2, 2.5051367, 14092.292, 25449.895, 164991.23, 0.0000000, 0.0000000, 0.0000000, 0.0000000, 0.0000000
0.13316736, 2.2860048, 0.16035308, 0.68616736, 0.56158853, 0.39175096, 4.7334704, 64.598564, 62.236229, 0.57829602E-4, 2.1794114, 0.59418470E-1, 0.25120110E-2, 2.5051994, 14092.456, 25450.123, 165021.17, 0.0000000, 0.0000000, 0.0000000, 0.0000000, 0.0000000
0.13319221, 2.2860138, 0.16037014, 0.68619162, 0.56162107, 0.39176920, 4.7335849, 64.598328, 62.236229, -0.12113553E-3, 2.1791930, 0.59418347E-1, 0.25118256E-2, 2.5054410, 14092.484, 25450.172, 165050.30, 0.0000000, 0.0000000, 0.0000000, 0.0000000, 0.0000000
0.13320929, 2.2860382, 0.16037676, 0.68621892, 0.56162679, 0.39177796, 4.7336326, 64.598145, 62.236229, -0.93497336E-4, 2.1793387, 0.59418116E-1, 0.25120259E-2, 2.5055151, 14092.329, 25449.951, 165079.31, 0.0000000, 0.0000000, 0.0000000, 0.0000000, 0.0000000
0.13319424, 2.2860417, 0.16036883, 0.68619698, 0.56161362, 0.39176866, 4.7335420, 64.597931, 62.236229, 0.32292213E-4, 2.1793835, 0.59418023E-1, 0.25119425E-2, 2.5052376, 14092.340, 25449.961, 165107.47, 0.0000000, 0.0000000, 0.0000000, 0.0000000, 0.0000000
0.13316494, 2.2860422, 0.16035275, 0.68617797, 0.56159455, 0.39175627, 4.7334790, 64.597687, 62.236229, 0.49170310E-4, 2.1793897, 0.59417911E-1, 0.25120168E-2, 2.5051961, 14092.397, 25450.020, 165139.80, 0.0000000, 0.0000000, 0.0000000, 0.0000000, 0.0000000
0.13319358, 2.2860560, 0.16037276, 0.68619758, 0.56161332, 0.39176765, 4.7335129, 64.597450, 62.236229, -0.79159974E-4, 2.1793249, 0.59417807E-1, 0.25119765E-2, 2.5054622, 14092.439, 25450.100, 165169.58, 0.0000000, 0.0000000, 0.0000000, 0.0000000, 0.0000000
0.13319734, 2.2860737, 0.16037402, 0.68621272, 0.56162471, 0.39177632, 4.7335958, 64.597267, 62.236229, -0.11341536E-3, 2.1792593, 0.59417620E-1, 0.25119591E-2, 2.5054862, 14092.308, 25449.928, 165197.27, 0.0000000, 0.0000000, 0.0000000, 0.0000000, 0.0000000
0.13315897, 2.2860770, 0.16036807, 0.68619645, 0.56161386, 0.39176652, 4.7335258, 64.597054, 62.236229, 0.15577316E-4, 2.1793492, 0.59417240E-1, 0.25118557E-2, 2.5052507, 14092.292, 25449.908, 165227.09, 0.0000000, 0.0000000, 0.0000000, 0.0000000, 0.0000000
0.13317281, 2.2860472, 0.16036047, 0.68614888, 0.56162661, 0.39177898, 4.7338152, 64.596962, 62.236229, -0.20292233E-3, 2.1787052, 0.59417132E-1, 0.25114671E-2, 2.5051908, 14092.206, 25449.750, 165256.53, 0.0000000, 0.0000000, 0.0000000, 0.0000000, 0.0000000
0.13318194, 2.2860494, 0.16036506, 0.68617672, 0.56161326, 0.39176655, 4.7335730, 64.596779, 62.236229, 0.23715605E-4, 2.1794965, 0.59417106E-1, 0.25117889E-2, 2.5053787, 14092.126, 25449.621, 165286.53, 0.0000000, 0.0000000, 0.0000000, 0.0000000, 0.0000000
0.13317114, 2.2860441, 0.16035603, 0.68617141, 0.56159168, 0.39175451, 4.7334342, 64.596519, 62.236229, 0.75326374E-4, 2.1794474, 0.59417035E-1, 0.25119700E-2, 2.5051899, 14092.204, 25449.754, 165315.14, 0.0000000, 0.0000000, 0.0000000, 0.0000000, 0.0000000
0.13314295, 2.2860022, 0.16035001, 0.68611556, 0.56161070, 0.39176694, 4.7337370, 64.596390, 62.236229, -0.18300753E-3, 2.1786571, 0.59416879E-1, 0.25113958E-2, 2.5050955, 14092.203, 25449.748, 165345.59, 0.0000000, 0.0000000, 0.0000000, 0.0000000, 0.0000000
0.13318993, 2.2859850, 0.16036737, 0.68613160, 0.56162328, 0.39177576, 4.7338119, 64.596275, 62.236229, -0.14562873E-3, 2.1789267, 0.59416804E-1, 0.25115337E-2, 2.5052664, 14092.006, 25449.424, 165375.30, 0.0000000, 0.0000000, 0.0000000, 0.0000000, 0.0000000
0.13319740, 2.2859945, 0.16036549, 0.68616939, 0.56160367, 0.39176193, 4.7335620, 64.596062, 62.236229, 0.53627562E-4, 2.1795561, 0.59416737E-1, 0.25118822E-2, 2.5053596, 14091.924, 25449.297, 165402.80, 0.0000000, 0.0000000, 0.0000000, 0.0000000, 0.0000000
0.13319072, 2.2860115, 0.16036697, 0.68618768, 0.56161600, 0.39176923, 4.7335978, 64.595833, 62.236229, -0.85204025E-4, 2.1792767, 0.59416126E-1, 0.25118266E-2, 2.5054343, 14091.969, 25449.385, 165432.59, 0.0000000, 0.0000000, 0.0000000, 0.0000000, 0.0000000
0.13319108, 2.2860310, 0.16037118, 0.68620718, 0.56162095, 0.39177287, 4.7335997, 64.595604, 62.236229, -0.58375066E-4, 2.1794002, 0.59415687E-1, 0.25119088E-2, 2.5054882, 14091.930, 25449.322, 165461.97, 0.0000000, 0.0000000, 0.0000000, 0.0000000, 0.0000000
0.13316235, 2.2860358, 0.16036886, 0.68619555, 0.56161302, 0.39176616, 4.7335396, 64.595360, 62.236229, 0.12272445E-4, 2.1793630, 0.59415434E-1, 0.25118235E-2, 2.5052738, 14091.954, 25449.350, 165491.84, 0.0000000, 0.0000000, 0.0000000, 0.0000000, 0.0000000
0.13315922, 2.2860301, 0.16036551, 0.68617624, 0.56161416, 0.39176682, 4.7336221, 64.595161, 62.236229, -0.73043426E-4, 2.1791279, 0.59415322E-1, 0.25117428E-2, 2.5052676, 14091.875, 25449.225, 165520.25, 0.0000000, 0.0000000, 0.0000000, 0.0000000, 0.0000000
0.13318023, 2.2860055, 0.16036122, 0.68614131, 0.56162304, 0.39177647, 4.7338185, 64.595055, 62.236229, -0.15576032E-3, 2.1788244, 0.59415128E-1, 0.25114117E-2, 2.5051918, 14091.772, 25449.031, 165550.34, 0.0000000, 0.0000000, 0.0000000, 0.0000000, 0.0000000
0.13319835, 2.2860146, 0.16037166, 0.68617958, 0.56161922, 0.39176992, 4.7336302, 64.594833, 62.236229, 0.82812912E-5, 2.1794667, 0.59415016E-1, 0.25117137E-2, 2.5053854, 14091.739, 25448.998, 165580.27, 0.0000000, 0.0000000, 0.0000000, 0.0000000, 0.0000000
0.13321392, 2.2860250, 0.16037580, 0.68619454, 0.56161016, 0.39176670, 4.7335258, 64.594582, 62.236229, 0.17892264E-4, 2.1794629, 0.59414912E-1, 0.25119099E-2, 2.5053535, 14091.789, 25449.084, 165607.86, 0.0000000, 0.0000000, 0.0000000, 0.0000000, 0.0000000
0.13319390, 2.2860379, 0.16037181, 0.68620151, 0.56162798, 0.39177567, 4.7336445, 64.594391, 62.236229, -0.12174231E-3, 2.1791792, 0.59414826E-1, 0.25117155E-2, 2.5054367, 14091.746, 25449.004, 165637.39, 0.0000000, 0.0000000, 0.0000000, 0.0000000, 0.0000000
0.13315497, 2.2860405, 0.16036378, 0.68619722, 0.56161636, 0.39176765, 4.7335982, 64.594170, 62.236229, 0.27932983E-5, 2.1793466, 0.59414748E-1, 0.25117693E-2, 2.5052838, 14091.668, 25448.885, 165666.14, 0.0000000, 0.0000000, 0.0000000, 0.0000000, 0.0000000
0.13315040, 2.2860074, 0.16035895, 0.68614382, 0.56161964, 0.39177310, 4.7338037, 64.594063, 62.236229, -0.13671641E-3, 2.1788089, 0.59414670E-1, 0.25113977E-2, 2.5051301, 14091.570, 25448.725, 165695.39, 0.0000000, 0.0000000, 0.0000000, 0.0000000, 0.0000000
0.13317619, 2.2859650, 0.16035759, 0.68610525, 0.56161106, 0.39176801, 4.7337670, 64.593925, 62.236229, -0.50772913E-4, 2.1789534, 0.59414491E-1, 0.25112478E-2, 2.5050595, 14091.561, 25448.715, 165722.78, 0.0000000, 0.0000000, 0.0000000, 0.0000000, 0.0000000
0.13320349, 2.2859807, 0.16036817, 0.68616170, 0.56160253, 0.39176011, 4.7335339, 64.593666, 62.236229, 0.53210999E-4, 2.1795356, 0.59414364E-1, 0.25118112E-2, 2.5053427, 14091.576, 25448.746, 165752.52, 0.0000000, 0.0000000, 0.0000000, 0.0000000, 0.0000000
0.13318847, 2.2859900, 0.16036819, 0.68618256, 0.56161648, 0.39176643, 4.7335763, 64.593422, 62.236229, -0.55592274E-4, 2.1792414, 0.59414025E-1, 0.25116487E-2, 2.5053327, 14091.596, 25448.787, 165782.86, 0.0000000, 0.0000000, 0.0000000, 0.0000000, 0.0000000
0.13319087, 2.2860007, 0.16036689, 0.68618673, 0.56161487, 0.39176771, 4.7335691, 64.593178, 62.236229, -0.27085451E-4, 2.1793211, 0.59413690E-1, 0.25117195E-2, 2.5053339, 14091.589, 25448.756, 165811.56, 0.0000000, 0.0000000, 0.0000000, 0.0000000, 0.0000000
0.13315728, 2.2860088, 0.16036622, 0.68619496, 0.56161559, 0.39176670, 4.7335877, 64.592934, 62.236229, -0.31299598E-4, 2.1793289, 0.59413541E-1, 0.25116957E-2, 2.5053527, 14091.582, 25448.752, 165839.75, 0.0000000, 0.0000000, 0.0000000, 0.0000000, 0.0000000
0.13316308, 2.2860084, 0.16036034, 0.68618250, 0.56159967, 0.39175865, 4.7335076, 64.592674, 62.236229, 0.13276658E-4, 2.1794181, 0.59413403E-1, 0.25117868E-2, 2.5053253, 14091.639, 25448.852, 165869.77, 0.0000000, 0.0000000, 0.0000000, 0.0000000, 0.0000000
0.13315983, 2.2860026, 0.16034915, 0.68616039, 0.56158280, 0.39174855, 4.7334132, 64.592415, 62.236229, 0.76025870E-4, 2.1794386, 0.59413236E-1, 0.25118547E-2, 2.5051818, 14091.803, 25449.125, 165899.73, 0.0000000, 0.0000000, 0.0000000, 0.0000000, 0.0000000
0.13320455, 2.2860136, 0.16037285, 0.68617946, 0.56160176, 0.39176053, 4.7334261, 64.592148, 62.236229, -0.43509906E-4, 2.1793249, 0.59412953E-1, 0.25118692E-2, 2.5053775, 14091.895, 25449.270, 165927.06, 0.0000000, 0.0000000, 0.0000000, 0.0000000, 0.0000000
0.13321619, 2.2860384, 0.16037786, 0.68622464, 0.56162894, 0.39177898, 4.7335801, 64.591927, 62.236229, -0.12909193E-3, 2.1792979, 0.59412733E-1, 0.25119293E-2, 2.5055594, 14091.784, 25449.074, 165956.02, 0.0000000, 0.0000000, 0.0000000, 0.0000000, 0.0000000
0.13316086, 2.2860484, 0.16035007, 0.68618375, 0.56159782, 0.39176124, 4.7335525, 64.591728, 62.236229, 0.21809596E-4, 2.1793492, 0.59412621E-1, 0.25118575E-2, 2.5052280, 14091.689, 25448.928, 165984.66, 0.0000000, 0.0000000, 0.0000000, 0.0000000, 0.0000000
0.13319665, 2.2860532, 0.16037020, 0.68618876, 0.56160879, 0.39176479, 4.7334590, 64.591476, 62.236229, 0.94855059E-5, 2.1794269, 0.59412513E-1, 0.25118359E-2, 2.5053387, 14091.826, 25449.156, 166014.28, 0.0000000, 0.0000000, 0.0000000, 0.0000000, 0.0000000
0.13315822, 2.2860518, 0.16036490, 0.68618667, 0.56161147, 0.39176449, 4.7335229, 64.591240, 62.236229, -0.39126840E-4, 2.1792209, 0.59412401E-1, 0.25117581E-2, 2.5052607, 14091.854, 25449.197, 166041.48, 0.0000000, 0.0000000, 0.0000000, 0.0000000, 0.0000000
0.13317472, 2.2860229, 0.16035803, 0.68614060, 0.56162286, 0.39177680, 4.7337909, 64.591133, 62.236229, -0.18328981E-3, 2.1787403, 0.59412304E-1, 0.25114098E-2, 2.5051749, 14091.770, 25449.027, 166070.69, 0.0000000, 0.0000000, 0.0000000, 0.0000000, 0.0000000
0.13316159, 2.2860258, 0.16036634, 0.68617487, 0.56161386, 0.39176512, 4.7335939, 64.590919, 62.236229, 0.31601492E-4, 2.1794479, 0.59412174E-1, 0.25116934E-2, 2.5053096, 14091.760, 25449.025, 166099.17, 0.0000000, 0.0000000, 0.0000000, 0.0000000, 0.0000000
0.13320924, 2.2860320, 0.16037336, 0.68618399, 0.56160402, 0.39176270, 4.7334657, 64.590668, 62.236229, 0.12364908E-4, 2.1794643, 0.59411786E-1, 0.25118622E-2, 2.5053694, 14091.814, 25449.145, 166128.56, 0.0000000, 0.0000000, 0.0000000, 0.0000000, 0.0000000
0.13316461, 2.2860453, 0.16035357, 0.68619967, 0.56160742, 0.39176476, 4.7335477, 64.590439, 62.236229, -0.32557786E-4, 2.1793423, 0.59411664E-1, 0.25119535E-2, 2.5053554, 14091.847, 25449.193, 166155.70, 0.0000000, 0.0000000, 0.0000000, 0.0000000, 0.0000000
0.13316050, 2.2860413, 0.16035882, 0.68617761, 0.56159776, 0.39175689, 4.7334595, 64.590187, 62.236229, 0.36181940E-4, 2.1793990, 0.59411578E-1, 0.25118131E-2, 2.5052459, 14091.933, 25449.322, 166184.66, 0.0000000, 0.0000000, 0.0000000, 0.0000000, 0.0000000
0.13320230, 2.2860444, 0.16036959, 0.68617833, 0.56159830, 0.39175791, 4.7333899, 64.589920, 62.236229, 0.24054476E-4, 2.1794186, 0.59411418E-1, 0.25119416E-2, 2.5052931, 14092.057, 25449.492, 166213.12, 0.0000000, 0.0000000, 0.0000000, 0.0000000, 0.0000000
0.13321112, 2.2860594, 0.16037713, 0.68620288, 0.56161058, 0.39176729, 4.7334385, 64.589668, 62.236229, -0.54128672E-4, 2.1793599, 0.59411269E-1, 0.25119937E-2, 2.5054269, 14092.074, 25449.518, 166242.48, 0.0000000, 0.0000000, 0.0000000, 0.0000000, 0.0000000
0.13319904, 2.2860582, 0.16036844, 0.68618417, 0.56160212, 0.39176139, 4.7334204, 64.589424, 62.236229, 0.12797303E-4, 2.1793149, 0.59410598E-1, 0.25118957E-2, 2.5052159, 14092.094, 25449.553, 166269.55, 0.0000000, 0.0000000, 0.0000000, 0.0000000, 0.0000000
0.13316599, 2.2860775, 0.16037236, 0.68621010, 0.56162035, 0.39177173, 4.7335362, 64.589211, 62.236229, -0.96757460E-4, 2.1792674, 0.59410062E-1, 0.25118946E-2, 2.5054429, 14092.077, 25449.525, 166296.94, 0.0000000, 0.0000000, 0.0000000, 0.0000000, 0.0000000
0.13316119, 2.2860711, 0.16036640, 0.68618315, 0.56161839, 0.39177036, 4.7336049, 64.589058, 62.236229, -0.80661004E-4, 2.1791196, 0.59409946E-1, 0.25117618E-2, 2.5052722, 14091.969, 25449.379, 166326.47, 0.0000000, 0.0000000, 0.0000000, 0.0000000, 0.0000000
0.13315697, 2.2860668, 0.16034681, 0.68616170, 0.56158543, 0.39175123, 4.7334156, 64.588829, 62.236229, 0.92498245E-4, 2.1794844, 0.59409883E-1, 0.25118876E-2, 2.5051801, 14092.016, 25449.430, 166356.25, 0.0000000, 0.0000000, 0.0000000, 0.0000000, 0.0000000
0.13317724, 2.2860370, 0.16036217, 0.68613392, 0.56161582, 0.39177170, 4.7336960, 64.588707, 62.236229, -0.18970895E-3, 2.1787393, 0.59409648E-1, 0.25115006E-2, 2.5051868, 14092.043, 25449.510, 166383.27, 0.0000000, 0.0000000, 0.0000000, 0.0000000, 0.0000000
0.13315101, 2.2859991, 0.16035503, 0.68610257, 0.56160903, 0.39176679, 4.7337446, 64.588600, 62.236229, -0.11033530E-3, 2.1788566, 0.59409577E-1, 0.25113253E-2, 2.5051033, 14091.854, 25449.199, 166409.41, 0.0000000, 0.0000000, 0.0000000, 0.0000000, 0.0000000
0.13311994, 2.2859454, 0.16034178, 0.68606448, 0.56158864, 0.39175230, 4.7336702, 64.588463, 62.236229, 0.15239944E-4, 2.1789308, 0.59409507E-1, 0.25113260E-2, 2.5048609, 14091.895, 25449.244, 166438.91, 0.0000000, 0.0000000, 0.0000000, 0.0000000, 0.0000000
0.13310356, 2.2858775, 0.16032957, 0.68601698, 0.56155717, 0.39173198, 4.7335167, 64.588249, 62.236229, 0.46308560E-4, 2.1789484, 0.59409447E-1, 0.25112454E-2, 2.5048008, 14091.959, 25449.357, 166466.55, 0.0000000, 0.0000000, 0.0000000, 0.0000000, 0.0000000
0.13315918, 2.2858489, 0.16035762, 0.68605733, 0.56157786, 0.39173993, 4.7334270, 64.587952, 62.236229, -0.26444992E-4, 2.1790788, 0.59409361E-1, 0.25113949E-2, 2.5051074, 14092.080, 25449.551, 166494.64, 0.0000000, 0.0000000, 0.0000000, 0.0000000, 0.0000000
0.13320422, 2.2858658, 0.16036966, 0.68613911, 0.56158590, 0.39174679, 4.7333565, 64.587639, 62.236229, -0.10956341E-4, 2.1794035, 0.59409231E-1, 0.25119008E-2, 2.5053627, 14092.032, 25449.453, 166521.75, 0.0000000, 0.0000000, 0.0000000, 0.0000000, 0.0000000
0.13316125, 2.2858944, 0.16036585, 0.68619245, 0.56161433, 0.39176443, 4.7335391, 64.587379, 62.236229, -0.10192080E-3, 2.1792445, 0.59408940E-1, 0.25119057E-2, 2.5054321, 14092.027, 25449.449, 166550.94, 0.0000000, 0.0000000, 0.0000000, 0.0000000, 0.0000000
0.13319972, 2.2859085, 0.16036838, 0.68618858, 0.56160843, 0.39176315, 4.7334623, 64.587120, 62.236229, 0.16460981E-4, 2.1794362, 0.59408609E-1, 0.25118815E-2, 2.5053260, 14092.011, 25449.414, 166579.16, 0.0000000, 0.0000000, 0.0000000, 0.0000000, 0.0000000
0.13316227, 2.2859387, 0.16036958, 0.68621033, 0.56162012, 0.39177051, 4.7335663, 64.586876, 62.236229, -0.74954674E-4, 2.1793201, 0.59408255E-1, 0.25118827E-2, 2.5054414, 14092.002, 25449.410, 166608.23, 0.0000000, 0.0000000, 0.0000000, 0.0000000, 0.0000000
0.13315694, 2.2859485, 0.16036326, 0.68619311, 0.56161457, 0.39176562, 4.7335467, 64.586632, 62.236229, -0.19572384E-4, 2.1793275, 0.59408102E-1, 0.25117365E-2, 2.5053127, 14091.984, 25449.391, 166635.14, 0.0000000, 0.0000000, 0.0000000, 0.0000000, 0.0000000
0.13318723, 2.2859495, 0.16036765, 0.68618286, 0.56160694, 0.39176163, 4.7334476, 64.586372, 62.236229, 0.21637068E-4, 2.1794324, 0.59407976E-1, 0.25118575E-2, 2.5053067, 14092.061, 25449.498, 166662.28, 0.0000000, 0.0000000, 0.0000000, 0.0000000, 0.0000000
0.13316929, 2.2859530, 0.16035405, 0.68616599, 0.56158710, 0.39175004, 4.7333832, 64.586113, 62.236229, 0.65823260E-4, 2.1793976, 0.59407797E-1, 0.25119560E-2, 2.5051572, 14092.124, 25449.613, 166691.67, 0.0000000, 0.0000000, 0.0000000, 0.0000000, 0.0000000
0.13315870, 2.2859657, 0.16035615, 0.68617678, 0.56159884, 0.39175680, 4.7334652, 64.585861, 62.236229, -0.47623034E-4, 2.1792872, 0.59407514E-1, 0.25119216E-2, 2.5053401, 14092.159, 25449.688, 166721.22, 0.0000000, 0.0000000, 0.0000000, 0.0000000, 0.0000000
0.13320383, 2.2859831, 0.16036935, 0.68619084, 0.56160587, 0.39176324, 4.7334418, 64.585609, 62.236229, -0.30862517E-4, 2.1793969, 0.59407439E-1, 0.25119819E-2, 2.5054047, 14092.151, 25449.660, 166746.31, 0.0000000, 0.0000000, 0.0000000, 0.0000000, 0.0000000
0.13320696, 2.2860038, 0.16037339, 0.68620116, 0.56161261, 0.39176825, 4.7334728, 64.585365, 62.236229, -0.49202528E-4, 2.1793253, 0.59407167E-1, 0.25119775E-2, 2.5053782, 14092.118, 25449.582, 166773.33, 0.0000000, 0.0000000, 0.0000000, 0.0000000, 0.0000000
0.13320015, 2.2860303, 0.16037497, 0.68622082, 0.56162739, 0.39177802, 4.7335615, 64.585167, 62.236229, -0.10738554E-3, 2.1793149, 0.59407055E-1, 0.25119318E-2, 2.5055161, 14092.060, 25449.494, 166802.19, 0.0000000, 0.0000000, 0.0000000, 0.0000000, 0.0000000
0.13316050, 2.2860236, 0.16036448, 0.68618125, 0.56161565, 0.39176947, 4.7335925, 64.584999, 62.236229, -0.28578943E-4, 2.1791542, 0.59406970E-1, 0.25117605E-2, 2.5051689, 14092.008, 25449.412, 166830.36, 0.0000000, 0.0000000, 0.0000000, 0.0000000, 0.0000000
0.13316444, 2.2860217, 0.16035080, 0.68616486, 0.56159049, 0.39175332, 4.7334228, 64.584763, 62.236229, 0.74659009E-4, 2.1794810, 0.59406880E-1, 0.25119111E-2, 2.5052190, 14092.096, 25449.566, 166859.34, 0.0000000, 0.0000000, 0.0000000, 0.0000000, 0.0000000
0.13319220, 2.2860250, 0.16037026, 0.68619359, 0.56162059, 0.39176953, 4.7334905, 64.584534, 62.236229, -0.11472084E-3, 2.1792216, 0.59406694E-1, 0.25117730E-2, 2.5054474, 14092.180, 25449.719, 166886.19, 0.0000000, 0.0000000, 0.0000000, 0.0000000, 0.0000000
0.13321359, 2.2860522, 0.16037926, 0.68623364, 0.56163812, 0.39178482, 4.7336106, 64.584373, 62.236229, -0.14660967E-3, 2.1792860, 0.59406295E-1, 0.25119758E-2, 2.5055885, 14092.058, 25449.488, 166913.28, 0.0000000, 0.0000000, 0.0000000, 0.0000000, 0.0000000
0.13316260, 2.2860632, 0.16036911, 0.68620872, 0.56161803, 0.39177218, 4.7335439, 64.584213, 62.236229, -0.25829591E-4, 2.1793609, 0.59406232E-1, 0.25118936E-2, 2.5053551, 14091.974, 25449.365, 166942.44, 0.0000000, 0.0000000, 0.0000000, 0.0000000, 0.0000000
0.13316502, 2.2860634, 0.16035332, 0.68618798, 0.56159997, 0.39176068, 4.7334566, 64.583992, 62.236229, 0.29790492E-4, 2.1794298, 0.59406165E-1, 0.25119551E-2, 2.5052800, 14092.034, 25449.455, 166969.08, 0.0000000, 0.0000000, 0.0000000, 0.0000000, 0.0000000
0.13318668, 2.2860684, 0.16036731, 0.68619508, 0.56161731, 0.39176920, 4.7334785, 64.583778, 62.236229, -0.76125027E-4, 2.1792793, 0.59406061E-1, 0.25117791E-2, 2.5054061, 14092.091, 25449.545, 166996.84, 0.0000000, 0.0000000, 0.0000000, 0.0000000, 0.0000000
0.13316056, 2.2860692, 0.16036664, 0.68619162, 0.56161207, 0.39176548, 4.7334604, 64.583572, 62.236229, -0.19832281E-4, 2.1792934, 0.59405908E-1, 0.25118308E-2, 2.5052736, 14092.030, 25449.449, 167023.73, 0.0000000, 0.0000000, 0.0000000, 0.0000000, 0.0000000
0.13320008, 2.2860832, 0.16037539, 0.68621033, 0.56162459, 0.39177549, 4.7335048, 64.583374, 62.236229, -0.10178445E-3, 2.1793141, 0.59405793E-1, 0.25118955E-2, 2.5055032, 14091.977, 25449.389, 167052.38, 0.0000000, 0.0000000, 0.0000000, 0.0000000, 0.0000000
0.13320166, 2.2860918, 0.16036849, 0.68619955, 0.56161463, 0.39177063, 4.7334666, 64.583183, 62.236229, -0.15676022E-4, 2.1793435, 0.59405178E-1, 0.25118799E-2, 2.5053134, 14091.959, 25449.363, 167079.88, 0.0000000, 0.0000000, 0.0000000, 0.0000000, 0.0000000
0.13321252, 2.2860987, 0.16037467, 0.68620217, 0.56161684, 0.39177251, 4.7334433, 64.582985, 62.236229, -0.38191851E-4, 2.1793392, 0.59404805E-1, 0.25119062E-2, 2.5053635, 14092.025, 25449.436, 167109.33, 0.0000000, 0.0000000, 0.0000000, 0.0000000, 0.0000000
0.13316493, 2.2860935, 0.16035393, 0.68617231, 0.56159347, 0.39175773, 4.7334123, 64.582794, 62.236229, 0.78689482E-5, 2.1793077, 0.59404556E-1, 0.25118846E-2, 2.5052152, 14091.978, 25449.371, 167134.33, 0.0000000, 0.0000000, 0.0000000, 0.0000000, 0.0000000
0.13314717, 2.2860742, 0.16035864, 0.68615818, 0.56161255, 0.39176562, 4.7335553, 64.582642, 62.236229, -0.12721942E-3, 2.1789813, 0.59404459E-1, 0.25115747E-2, 2.5052505, 14091.957, 25449.357, 167160.91, 0.0000000, 0.0000000, 0.0000000, 0.0000000, 0.0000000
0.13318722, 2.2860541, 0.16036715, 0.68614089, 0.56159621, 0.39175758, 4.7334108, 64.582420, 62.236229, 0.12598932E-4, 2.1792824, 0.59404265E-1, 0.25117865E-2, 2.5051911, 14091.925, 25449.320, 167189.75, 0.0000000, 0.0000000, 0.0000000, 0.0000000, 0.0000000
0.13315430, 2.2860527, 0.16036467, 0.68617153, 0.56160492, 0.39175850, 4.7334056, 64.582176, 62.236229, -0.33026066E-4, 2.1792593, 0.59404120E-1, 0.25118156E-2, 2.5052760, 14091.935, 25449.336, 167217.38, 0.0000000, 0.0000000, 0.0000000, 0.0000000, 0.0000000
0.13320769, 2.2860699, 0.16037512, 0.68620431, 0.56161892, 0.39177141, 4.7334332, 64.581955, 62.236229, -0.90595189E-4, 2.1793344, 0.59404016E-1, 0.25119337E-2, 2.5054960, 14091.862, 25449.215, 167246.48, 0.0000000, 0.0000000, 0.0000000, 0.0000000, 0.0000000
0.13319482, 2.2860923, 0.16037415, 0.68621778, 0.56162578, 0.39177695, 4.7334905, 64.581772, 62.236229, -0.92443574E-4, 2.1793268, 0.59403937E-1, 0.25118871E-2, 2.5054872, 14091.811, 25449.115, 167271.39, 0.0000000, 0.0000000, 0.0000000, 0.0000000, 0.0000000
0.13318484, 2.2860963, 0.16036445, 0.68620741, 0.56162053, 0.39177325, 4.7334728, 64.581604, 62.236229, -0.54670818E-4, 2.1793213, 0.59403870E-1, 0.25118133E-2, 2.5053918, 14091.727, 25448.984, 167297.88, 0.0000000, 0.0000000, 0.0000000, 0.0000000, 0.0000000
0.13316220, 2.2860847, 0.16036123, 0.68617356, 0.56159467, 0.39175597, 4.7333031, 64.581367, 62.236229, 0.89290756E-4, 2.1794322, 0.59403785E-1, 0.25118259E-2, 2.5051329, 14091.818, 25449.166, 167326.61, 0.0000000, 0.0000000, 0.0000000, 0.0000000, 0.0000000
0.13319038, 2.2860818, 0.16036786, 0.68618697, 0.56161350, 0.39176619, 4.7333512, 64.581123, 62.236229, -0.69887406E-4, 2.1792562, 0.59403531E-1, 0.25118354E-2, 2.5053654, 14091.931, 25449.328, 167354.12, 0.0000000, 0.0000000, 0.0000000, 0.0000000, 0.0000000
0.13320112, 2.2860866, 0.16037002, 0.68619454, 0.56160897, 0.39176565, 4.7333450, 64.580887, 62.236229, -0.34359022E-4, 2.1793320, 0.59403360E-1, 0.25119213E-2, 2.5053489, 14091.860, 25449.221, 167382.28, 0.0000000, 0.0000000, 0.0000000, 0.0000000, 0.0000000
0.13316323, 2.2860827, 0.16035053, 0.68617374, 0.56159610, 0.39175788, 4.7333431, 64.580650, 62.236229, 0.24111505E-4, 2.1793025, 0.59402991E-1, 0.25118606E-2, 2.5051682, 14091.878, 25449.260, 167408.08, 0.0000000, 0.0000000, 0.0000000, 0.0000000, 0.0000000
0.13316470, 2.2860949, 0.16037120, 0.68620354, 0.56161988, 0.39177006, 4.7334065, 64.580444, 62.236229, -0.97835728E-4, 2.1792715, 0.59402693E-1, 0.25118331E-2, 2.5054486, 14091.896, 25449.266, 167434.66, 0.0000000, 0.0000000, 0.0000000, 0.0000000, 0.0000000
0.13321424, 2.2860994, 0.16037618, 0.68621361, 0.56162232, 0.39177564, 4.7333922, 64.580261, 62.236229, -0.73351024E-4, 2.1793621, 0.59402600E-1, 0.25119185E-2, 2.5054774, 14091.791, 25449.086, 167461.70, 0.0000000, 0.0000000, 0.0000000, 0.0000000, 0.0000000
0.13319106, 2.2861109, 0.16037063, 0.68621427, 0.56163526, 0.39178267, 4.7335205, 64.580116, 62.236229, -0.15246501E-3, 2.1791570, 0.59402507E-1, 0.25117393E-2, 2.5054793, 14091.674, 25448.885, 167490.39, 0.0000000, 0.0000000, 0.0000000, 0.0000000, 0.0000000
0.13320602, 2.2861183, 0.16037041, 0.68620604, 0.56161577, 0.39177233, 4.7333846, 64.579933, 62.236229, 0.15031168E-4, 2.1794577, 0.59402384E-1, 0.25118792E-2, 2.5053492, 14091.656, 25448.887, 167516.39, 0.0000000, 0.0000000, 0.0000000, 0.0000000, 0.0000000
0.13317001, 2.2861261, 0.16035651, 0.68619365, 0.56160390, 0.39176545, 4.7333879, 64.579758, 62.236229, -0.30387222E-4, 2.1793315, 0.59402160E-1, 0.25119125E-2, 2.5053334, 14091.620, 25448.814, 167544.58, 0.0000000, 0.0000000, 0.0000000, 0.0000000, 0.0000000
0.13318889, 2.2861195, 0.16036651, 0.68618333, 0.56160682, 0.39176342, 4.7332954, 64.579514, 62.236229, 0.61943429E-5, 2.1793768, 0.59402060E-1, 0.25118021E-2, 2.5052912, 14091.753, 25449.023, 167571.16, 0.0000000, 0.0000000, 0.0000000, 0.0000000, 0.0000000
0.13316558, 2.2861173, 0.16035382, 0.68617022, 0.56159532, 0.39175686, 4.7333083, 64.579269, 62.236229, 0.85098000E-5, 2.1792779, 0.59401833E-1, 0.25118378E-2, 2.5051816, 14091.762, 25449.033, 167597.84, 0.0000000, 0.0000000, 0.0000000, 0.0000000, 0.0000000
0.13318810, 2.2861137, 0.16036652, 0.68617433, 0.56160361, 0.39175996, 4.7332582, 64.579025, 62.236229, -0.11134427E-4, 2.1793256, 0.59401717E-1, 0.25118247E-2, 2.5052836, 14091.877, 25449.240, 167624.58, 0.0000000, 0.0000000, 0.0000000, 0.0000000, 0.0000000
0.13316607, 2.2861121, 0.16037048, 0.68617952, 0.56160527, 0.39176121, 4.7333007, 64.578781, 62.236229, -0.44092507E-4, 2.1792316, 0.59401587E-1, 0.25118438E-2, 2.5052726, 14091.888, 25449.260, 167652.14, 0.0000000, 0.0000000, 0.0000000, 0.0000000, 0.0000000
0.13315076, 2.2860723, 0.16035582, 0.68612695, 0.56161976, 0.39177382, 4.7336164, 64.578690, 62.236229, -0.22032077E-3, 2.1786239, 0.59401501E-1, 0.25113034E-2, 2.5051472, 14091.749, 25448.990, 167681.03, 0.0000000, 0.0000000, 0.0000000, 0.0000000, 0.0000000
0.13317107, 2.2860684, 0.16035581, 0.68614900, 0.56159276, 0.39175475, 4.7333317, 64.578476, 62.236229, 0.82530940E-4, 2.1795249, 0.59401441E-1, 0.25118242E-2, 2.5052431, 14091.693, 25448.932, 167707.28, 0.0000000, 0.0000000, 0.0000000, 0.0000000, 0.0000000
0.13318233, 2.2860515, 0.16036195, 0.68614042, 0.56160700, 0.39176354, 4.7334099, 64.578293, 62.236229, -0.92985341E-4, 2.1790278, 0.59401270E-1, 0.25115439E-2, 2.5052116, 14091.758, 25449.021, 167731.95, 0.0000000, 0.0000000, 0.0000000, 0.0000000, 0.0000000
0.13320625, 2.2860577, 0.16037203, 0.68617707, 0.56160355, 0.39176163, 4.7333021, 64.578049, 62.236229, -0.28520590E-5, 2.1794112, 0.59400901E-1, 0.25118843E-2, 2.5053501, 14091.707, 25448.955, 167760.39, 0.0000000, 0.0000000, 0.0000000, 0.0000000, 0.0000000
0.13318615, 2.2860618, 0.16036880, 0.68618768, 0.56160980, 0.39176476, 4.7333331, 64.577805, 62.236229, -0.52093848E-4, 2.1792638, 0.59400775E-1, 0.25118121E-2, 2.5053265, 14091.689, 25448.912, 167787.52, 0.0000000, 0.0000000, 0.0000000, 0.0000000, 0.0000000
0.13319685, 2.2860746, 0.16036452, 0.68619686, 0.56161213, 0.39176953, 4.7333894, 64.577614, 62.236229, -0.89163979E-4, 2.1792977, 0.59400696E-1, 0.25118326E-2, 2.5054519, 14091.586, 25448.748, 167813.89, 0.0000000, 0.0000000, 0.0000000, 0.0000000, 0.0000000
0.13316381, 2.2860732, 0.16035289, 0.68616509, 0.56158888, 0.39175424, 4.7332969, 64.577400, 62.236229, 0.41103893E-4, 2.1793749, 0.59400599E-1, 0.25118391E-2, 2.5051980, 14091.597, 25448.783, 167841.42, 0.0000000, 0.0000000, 0.0000000, 0.0000000, 0.0000000
0.13318838, 2.2860546, 0.16036782, 0.68615067, 0.56160283, 0.39176089, 4.7333407, 64.577194, 62.236229, -0.47811191E-4, 2.1791058, 0.59400439E-1, 0.25116920E-2, 2.5051725, 14091.729, 25448.967, 167867.88, 0.0000000, 0.0000000, 0.0000000, 0.0000000, 0.0000000
0.13318241, 2.2860775, 0.16036412, 0.68620306, 0.56162012, 0.39177290, 4.7334661, 64.577026, 62.236229, -0.11800491E-3, 2.1792588, 0.59400331E-1, 0.25118880E-2, 2.5054829, 14091.545, 25448.705, 167893.44, 0.0000000, 0.0000000, 0.0000000, 0.0000000, 0.0000000
0.13311736, 2.2860327, 0.16033982, 0.68612677, 0.56161207, 0.39176872, 4.7336640, 64.576950, 62.236229, -0.11785078E-3, 2.1787362, 0.59399780E-1, 0.25112650E-2, 2.5049987, 14091.442, 25448.529, 167920.89, 0.0000000, 0.0000000, 0.0000000, 0.0000000, 0.0000000
0.13316223, 2.2860007, 0.16036057, 0.68610972, 0.56161243, 0.39176840, 4.7335882, 64.576828, 62.236229, -0.94762625E-4, 2.1789911, 0.59399668E-1, 0.25112743E-2, 2.5051937, 14091.377, 25448.426, 167948.17, 0.0000000, 0.0000000, 0.0000000, 0.0000000, 0.0000000
0.13315812, 2.2860038, 0.16036364, 0.68615931, 0.56160623, 0.39175817, 4.7333846, 64.576591, 62.236229, 0.28764858E-4, 2.1794515, 0.59399322E-1, 0.25115821E-2, 2.5053117, 14091.367, 25448.408, 167977.00, 0.0000000, 0.0000000, 0.0000000, 0.0000000, 0.0000000
0.13319650, 2.2860131, 0.16037261, 0.68619013, 0.56162119, 0.39176998, 4.7334118, 64.576355, 62.236229, -0.91555848E-4, 2.1792891, 0.59399046E-1, 0.25116503E-2, 2.5054553, 14091.326, 25448.352, 168001.53, 0.0000000, 0.0000000, 0.0000000, 0.0000000, 0.0000000
0.13321762, 2.2860289, 0.16037907, 0.68620324, 0.56161720, 0.39177164, 4.7333689, 64.576111, 62.236229, -0.24979439E-4, 2.1793993, 0.59398822E-1, 0.25118149E-2, 2.5053940, 14091.285, 25448.289, 168027.86, 0.0000000, 0.0000000, 0.0000000, 0.0000000, 0.0000000
0.13316156, 2.2860365, 0.16036627, 0.68620014, 0.56161660, 0.39176852, 4.7334046, 64.575897, 62.236229, -0.30870637E-4, 2.1792819, 0.59398681E-1, 0.25117239E-2, 2.5052915, 14091.285, 25448.285, 168054.42, 0.0000000, 0.0000000, 0.0000000, 0.0000000, 0.0000000
0.13320646, 2.2860374, 0.16037102, 0.68619359, 0.56160557, 0.39176375, 4.7332864, 64.575653, 62.236229, 0.19066705E-4, 2.1794863, 0.59398584E-1, 0.25118287E-2, 2.5053692, 14091.334, 25448.355, 168080.81, 0.0000000, 0.0000000, 0.0000000, 0.0000000, 0.0000000
0.13317187, 2.2860541, 0.16035718, 0.68619537, 0.56160653, 0.39176607, 4.7333860, 64.575462, 62.236229, -0.69901784E-4, 2.1792665, 0.59398498E-1, 0.25118547E-2, 2.5053725, 14091.294, 25448.295, 168108.03, 0.0000000, 0.0000000, 0.0000000, 0.0000000, 0.0000000
0.13315900, 2.2860372, 0.16036449, 0.68616062, 0.56160653, 0.39176261, 4.7333932, 64.575272, 62.236229, -0.13241573E-4, 2.1791487, 0.59398424E-1, 0.25116168E-2, 2.5051296, 14091.336, 25448.354, 168136.70, 0.0000000, 0.0000000, 0.0000000, 0.0000000, 0.0000000
0.13311392, 2.2859900, 0.16033582, 0.68609649, 0.56159902, 0.39176014, 4.7335949, 64.575150, 62.236229, -0.11906671E-3, 2.1787245, 0.59398349E-1, 0.25112026E-2, 2.5049915, 14091.267, 25448.254, 168161.25, 0.0000000, 0.0000000, 0.0000000, 0.0000000, 0.0000000
0.13314182, 2.2859271, 0.16034572, 0.68604475, 0.56157351, 0.39174363, 4.7333980, 64.574982, 62.236229, 0.17499551E-4, 2.1790092, 0.59398167E-1, 0.25111625E-2, 2.5049286, 14091.325, 25448.334, 168187.47, 0.0000000, 0.0000000, 0.0000000, 0.0000000, 0.0000000
0.13314313, 2.2858744, 0.16034462, 0.68603063, 0.56156820, 0.39173815, 4.7333646, 64.574753, 62.236229, -0.37579215E-4, 2.1788681, 0.59398033E-1, 0.25111937E-2, 2.5049255, 14091.353, 25448.379, 168212.91, 0.0000000, 0.0000000, 0.0000000, 0.0000000, 0.0000000
0.13315873, 2.2858868, 0.16036613, 0.68611890, 0.56158090, 0.39173898, 4.7331948, 64.574417, 62.236229, 0.24461231E-4, 2.1794164, 0.59397679E-1, 0.25117202E-2, 2.5052879, 14091.396, 25448.449, 168240.03, 0.0000000, 0.0000000, 0.0000000, 0.0000000, 0.0000000
0.13319053, 2.2859035, 0.16036797, 0.68617105, 0.56161100, 0.39176083, 4.7333412, 64.574150, 62.236229, -0.13406479E-3, 2.1791410, 0.59397284E-1, 0.25116145E-2, 2.5054185, 14091.324, 25448.348, 168267.00, 0.0000000, 0.0000000, 0.0000000, 0.0000000, 0.0000000
0.13321209, 2.2859457, 0.16037732, 0.68621916, 0.56163067, 0.39177847, 4.7334642, 64.573936, 62.236229, -0.12654046E-3, 2.1793187, 0.59397157E-1, 0.25118259E-2, 2.5055704, 14091.188, 25448.125, 168292.58, 0.0000000, 0.0000000, 0.0000000, 0.0000000, 0.0000000
0.13316342, 2.2859554, 0.16035160, 0.68619198, 0.56160122, 0.39176202, 4.7333894, 64.573723, 62.236229, 0.51162773E-4, 2.1794581, 0.59397053E-1, 0.25117607E-2, 2.5052526, 14091.134, 25448.049, 168320.62, 0.0000000, 0.0000000, 0.0000000, 0.0000000, 0.0000000
0.13316143, 2.2859592, 0.16036621, 0.68618625, 0.56160647, 0.39176086, 4.7333050, 64.573463, 62.236229, 0.24307767E-4, 2.1794066, 0.59396885E-1, 0.25117008E-2, 2.5052738, 14091.309, 25448.318, 168346.58, 0.0000000, 0.0000000, 0.0000000, 0.0000000, 0.0000000
0.13316028, 2.2859590, 0.16034871, 0.68616116, 0.56158394, 0.39174876, 4.7332511, 64.573212, 62.236229, 0.43639244E-4, 2.1793780, 0.59396625E-1, 0.25117542E-2, 2.5051918, 14091.371, 25448.414, 168371.05, 0.0000000, 0.0000000, 0.0000000, 0.0000000, 0.0000000
0.13319713, 2.2859600, 0.16036546, 0.68615341, 0.56159955, 0.39176056, 4.7333527, 64.572998, 62.236229, -0.10179021E-3, 2.1791077, 0.59396401E-1, 0.25116731E-2, 2.5053072, 14091.404, 25448.475, 168397.67, 0.0000000, 0.0000000, 0.0000000, 0.0000000, 0.0000000
0.13316624, 2.2859671, 0.16035122, 0.68616402, 0.56158984, 0.39175203, 4.7332873, 64.572754, 62.236229, 0.47831782E-4, 2.1793947, 0.59396282E-1, 0.25118247E-2, 2.5051954, 14091.396, 25448.455, 168424.73, 0.0000000, 0.0000000, 0.0000000, 0.0000000, 0.0000000
0.13319813, 2.2859776, 0.16036405, 0.68617898, 0.56159884, 0.39175990, 4.7333026, 64.572502, 62.236229, -0.61408587E-4, 2.1793633, 0.59396159E-1, 0.25118045E-2, 2.5054479, 14091.464, 25448.539, 168450.88, 0.0000000, 0.0000000, 0.0000000, 0.0000000, 0.0000000
0.13319892, 2.2859962, 0.16037560, 0.68620163, 0.56161672, 0.39176908, 4.7333384, 64.572258, 62.236229, -0.49059483E-4, 2.1793535, 0.59396051E-1, 0.25118270E-2, 2.5054007, 14091.484, 25448.600, 168479.31, 0.0000000, 0.0000000, 0.0000000, 0.0000000, 0.0000000
0.13320602, 2.2860081, 0.16037205, 0.68619734, 0.56160820, 0.39176530, 4.7333097, 64.572014, 62.236229, -0.42234897E-5, 2.1793723, 0.59395883E-1, 0.25118550E-2, 2.5053089, 14091.485, 25448.588, 168503.70, 0.0000000, 0.0000000, 0.0000000, 0.0000000, 0.0000000
0.13319521, 2.2860291, 0.16036490, 0.68620402, 0.56161183, 0.39176893, 4.7333755, 64.571815, 62.236229, -0.80790720E-4, 2.1793339, 0.59395466E-1, 0.25118247E-2, 2.5054612, 14091.444, 25448.525, 168529.67, 0.0000000, 0.0000000, 0.0000000, 0.0000000, 0.0000000
0.13319941, 2.2860353, 0.16036744, 0.68619335, 0.56160730, 0.39176619, 4.7333236, 64.571625, 62.236229, -0.25027257E-4, 2.1793711, 0.59395358E-1, 0.25117947E-2, 2.5053594, 14091.439, 25448.512, 168554.14, 0.0000000, 0.0000000, 0.0000000, 0.0000000, 0.0000000
0.13320059, 2.2860386, 0.16036886, 0.68619114, 0.56160945, 0.39176580, 4.7332907, 64.571388, 62.236229, -0.88747183E-5, 2.1793501, 0.59395295E-1, 0.25117961E-2, 2.5052979, 14091.485, 25448.600, 168580.45, 0.0000000, 0.0000000, 0.0000000, 0.0000000, 0.0000000
0.13317268, 2.2860479, 0.16035853, 0.68618870, 0.56160295, 0.39176232, 4.7333050, 64.571182, 62.236229, -0.94176794E-5, 2.1793230, 0.59395183E-1, 0.25118552E-2, 2.5052717, 14091.476, 25448.570, 168607.38, 0.0000000, 0.0000000, 0.0000000, 0.0000000, 0.0000000
0.13319676, 2.2860518, 0.16036703, 0.68618506, 0.56160390, 0.39176247, 4.7332578, 64.570946, 62.236229, -0.20505337E-4, 2.1793609, 0.59395026E-1, 0.25117998E-2, 2.5053363, 14091.488, 25448.594, 168633.44, 0.0000000, 0.0000000, 0.0000000, 0.0000000, 0.0000000
0.13320597, 2.2860570, 0.16037288, 0.68618923, 0.56160891, 0.39176562, 4.7332544, 64.570717, 62.236229, -0.28600596E-4, 2.1793122, 0.59394896E-1, 0.25118035E-2, 2.5053115, 14091.526, 25448.666, 168659.64, 0.0000000, 0.0000000, 0.0000000, 0.0000000, 0.0000000
0.13314310, 2.2860386, 0.16035527, 0.68615746, 0.56161064, 0.39176491, 4.7334275, 64.570572, 62.236229, -0.10493922E-3, 2.1789258, 0.59394285E-1, 0.25114773E-2, 2.5051348, 14091.434, 25448.512, 168686.05, 0.0000000, 0.0000000, 0.0000000, 0.0000000, 0.0000000
0.13320199, 2.2860439, 0.16036923, 0.68617648, 0.56160164, 0.39176026, 4.7332306, 64.570328, 62.236229, 0.17720115E-4, 2.1794844, 0.59393905E-1, 0.25118345E-2, 2.5053618, 14091.445, 25448.531, 168711.84, 0.0000000, 0.0000000, 0.0000000, 0.0000000, 0.0000000
0.13317902, 2.2860341, 0.16036217, 0.68616325, 0.56161720, 0.39177045, 4.7334204, 64.570168, 62.236229, -0.14928076E-3, 2.1789329, 0.59393633E-1, 0.25114953E-2, 2.5052557, 14091.354, 25448.387, 168736.02, 0.0000000, 0.0000000, 0.0000000, 0.0000000, 0.0000000
0.13316201, 2.2860410, 0.16035998, 0.68616813, 0.56159145, 0.39175460, 4.7332435, 64.569962, 62.236229, 0.37968610E-4, 2.1794713, 0.59393562E-1, 0.25117523E-2, 2.5052967, 14091.287, 25448.291, 168762.45, 0.0000000, 0.0000000, 0.0000000, 0.0000000, 0.0000000
0.13315006, 2.2859979, 0.16035035, 0.68610716, 0.56160653, 0.39176488, 4.7334847, 64.569824, 62.236229, -0.17165448E-3, 2.1786981, 0.59393361E-1, 0.25112196E-2, 2.5050933, 14091.285, 25448.273, 168788.05, 0.0000000, 0.0000000, 0.0000000, 0.0000000, 0.0000000
0.13316040, 2.2859523, 0.16035824, 0.68608046, 0.56159741, 0.39175859, 4.7334433, 64.569687, 62.236229, -0.80887927E-4, 2.1788998, 0.59393257E-1, 0.25111753E-2, 2.5050673, 14091.193, 25448.141, 168814.58, 0.0000000, 0.0000000, 0.0000000, 0.0000000, 0.0000000
0.13316111, 2.2859557, 0.16035023, 0.68612403, 0.56157053, 0.39173910, 4.7331595, 64.569427, 62.236229, 0.10523030E-3, 2.1795332, 0.59393167E-1, 0.25117407E-2, 2.5051889, 14091.172, 25448.100, 168839.45, 0.0000000, 0.0000000, 0.0000000, 0.0000000, 0.0000000
0.13318309, 2.2859597, 0.16036311, 0.68615824, 0.56159973, 0.39175552, 4.7332001, 64.569160, 62.236229, -0.68510039E-4, 2.1792340, 0.59393071E-1, 0.25116382E-2, 2.5053403, 14091.309, 25448.324, 168867.84, 0.0000000, 0.0000000, 0.0000000, 0.0000000, 0.0000000
0.13318989, 2.2859738, 0.16036719, 0.68617904, 0.56160831, 0.39176244, 4.7332311, 64.568901, 62.236229, -0.53431722E-4, 2.1792805, 0.59392974E-1, 0.25117225E-2, 2.5053437, 14091.257, 25448.238, 168891.70, 0.0000000, 0.0000000, 0.0000000, 0.0000000, 0.0000000
0.13316284, 2.2859812, 0.16036732, 0.68619245, 0.56161404, 0.39176545, 4.7333021, 64.568687, 62.236229, -0.64150692E-4, 2.1792381, 0.59392739E-1, 0.25116922E-2, 2.5053284, 14091.195, 25448.131, 168917.39, 0.0000000, 0.0000000, 0.0000000, 0.0000000, 0.0000000
0.13319978, 2.2859907, 0.16037586, 0.68620062, 0.56161815, 0.39176986, 4.7332597, 64.568451, 62.236229, -0.36123121E-4, 2.1793687, 0.59392594E-1, 0.25117304E-2, 2.5053856, 14091.211, 25448.168, 168941.47, 0.0000000, 0.0000000, 0.0000000, 0.0000000, 0.0000000
0.13322374, 2.2860210, 0.16038346, 0.68623650, 0.56163436, 0.39178288, 4.7333503, 64.568260, 62.236229, -0.12138134E-3, 2.1793587, 0.59392285E-1, 0.25118266E-2, 2.5055869, 14091.180, 25448.107, 168967.59, 0.0000000, 0.0000000, 0.0000000, 0.0000000, 0.0000000
0.13315997, 2.2860334, 0.16036598, 0.68620408, 0.56161320, 0.39176944, 4.7333155, 64.568077, 62.236229, -0.24907087E-4, 2.1793394, 0.59392117E-1, 0.25117381E-2, 2.5053298, 14091.089, 25447.980, 168993.12, 0.0000000, 0.0000000, 0.0000000, 0.0000000, 0.0000000
0.13318591, 2.2860415, 0.16036479, 0.68619186, 0.56160855, 0.39176577, 4.7332468, 64.567863, 62.236229, -0.22218272E-4, 2.1793926, 0.59391834E-1, 0.25117400E-2, 2.5053751, 14091.138, 25448.053, 169018.38, 0.0000000, 0.0000000, 0.0000000, 0.0000000, 0.0000000
0.13316937, 2.2860434, 0.16035666, 0.68617421, 0.56159574, 0.39175692, 4.7332015, 64.567627, 62.236229, 0.30416835E-4, 2.1793480, 0.59391718E-1, 0.25117376E-2, 2.5051966, 14091.175, 25448.109, 169044.20, 0.0000000, 0.0000000, 0.0000000, 0.0000000, 0.0000000
0.13316089, 2.2860353, 0.16036665, 0.68616867, 0.56159639, 0.39175436, 4.7331409, 64.567383, 62.236229, 0.19276413E-4, 2.1793330, 0.59391610E-1, 0.25117160E-2, 2.5052092, 14091.270, 25448.260, 169069.84, 0.0000000, 0.0000000, 0.0000000, 0.0000000, 0.0000000
0.13321057, 2.2860534, 0.16037621, 0.68620306, 0.56161606, 0.39176992, 4.7332416, 64.567162, 62.236229, -0.11119997E-3, 2.1792853, 0.59391443E-1, 0.25118184E-2, 2.5054917, 14091.201, 25448.154, 169096.72, 0.0000000, 0.0000000, 0.0000000, 0.0000000, 0.0000000
0.13318665, 2.2860467, 0.16036783, 0.68618053, 0.56162620, 0.39177725, 4.7334385, 64.567039, 62.236229, -0.13566852E-3, 2.1789474, 0.59391189E-1, 0.25115078E-2, 2.5052345, 14091.054, 25447.939, 169120.59, 0.0000000, 0.0000000, 0.0000000, 0.0000000, 0.0000000
0.13316321, 2.2860491, 0.16035973, 0.68618017, 0.56159866, 0.39176008, 4.7332749, 64.566856, 62.236229, 0.23511806E-4, 2.1794684, 0.59391141E-1, 0.25117008E-2, 2.5053339, 14090.983, 25447.830, 169146.06, 0.0000000, 0.0000000, 0.0000000, 0.0000000, 0.0000000
0.13318425, 2.2860358, 0.16036305, 0.68615872, 0.56161445, 0.39176807, 4.7333441, 64.566681, 62.236229, -0.67822286E-4, 2.1790802, 0.59390943E-1, 0.25114994E-2, 2.5051939, 14091.075, 25447.973, 169170.17, 0.0000000, 0.0000000, 0.0000000, 0.0000000, 0.0000000
0.13319968, 2.2860446, 0.16036561, 0.68617558, 0.56160378, 0.39176178, 4.7332244, 64.566452, 62.236229, 0.12532895E-4, 2.1794097, 0.59390839E-1, 0.25117160E-2, 2.5053051, 14091.030, 25447.900, 169196.34, 0.0000000, 0.0000000, 0.0000000, 0.0000000, 0.0000000
0.13319013, 2.2860537, 0.16036913, 0.68619156, 0.56162119, 0.39177135, 4.7333212, 64.566261, 62.236229, -0.12996871E-3, 2.1791661, 0.59390731E-1, 0.25115781E-2, 2.5054283, 14090.959, 25447.793, 169221.56, 0.0000000, 0.0000000, 0.0000000, 0.0000000, 0.0000000
0.13318445, 2.2860565, 0.16036451, 0.68618822, 0.56161147, 0.39176604, 4.7332568, 64.566055, 62.236229, -0.16466249E-4, 2.1793478, 0.59390642E-1, 0.25116629E-2, 2.5053177, 14090.901, 25447.725, 169246.66, 0.0000000, 0.0000000, 0.0000000, 0.0000000, 0.0000000
0.13321204, 2.2860854, 0.16037743, 0.68622822, 0.56163162, 0.39178091, 4.7333364, 64.565865, 62.236229, -0.11814135E-3, 2.1793504, 0.59390549E-1, 0.25117686E-2, 2.5055733, 14090.855, 25447.629, 169272.16, 0.0000000, 0.0000000, 0.0000000, 0.0000000, 0.0000000
0.13315776, 2.2860832, 0.16036613, 0.68618983, 0.56162238, 0.39177334, 4.7333999, 64.565735, 62.236229, -0.57133555E-4, 2.1791174, 0.59390396E-1, 0.25115435E-2, 2.5052032, 14090.714, 25447.381, 169297.78, 0.0000000, 0.0000000, 0.0000000, 0.0000000, 0.0000000
0.13314401, 2.2860460, 0.16035601, 0.68613714, 0.56161964, 0.39177322, 4.7335320, 64.565651, 62.236229, -0.11645624E-3, 2.1788387, 0.59390202E-1, 0.25111886E-2, 2.5050926, 14090.653, 25447.271, 169324.77, 0.0000000, 0.0000000, 0.0000000, 0.0000000, 0.0000000
0.13317752, 2.2860274, 0.16035920, 0.68612707, 0.56160343, 0.39176211, 4.7333636, 64.565475, 62.236229, -0.46708446E-5, 2.1792548, 0.59390012E-1, 0.25113388E-2, 2.5052135, 14090.628, 25447.213, 169348.52, 0.0000000, 0.0000000, 0.0000000, 0.0000000, 0.0000000
0.13320549, 2.2860255, 0.16037287, 0.68616503, 0.56159717, 0.39175677, 4.7331777, 64.565224, 62.236229, 0.47652822E-4, 2.1795006, 0.59389900E-1, 0.25117015E-2, 2.5053067, 14090.672, 25447.303, 169373.89, 0.0000000, 0.0000000, 0.0000000, 0.0000000, 0.0000000
0.13318746, 2.2860320, 0.16036879, 0.68618459, 0.56161076, 0.39176479, 4.7332692, 64.564995, 62.236229, -0.75420801E-4, 2.1792116, 0.59389822E-1, 0.25116196E-2, 2.5053344, 14090.681, 25447.316, 169397.83, 0.0000000, 0.0000000, 0.0000000, 0.0000000, 0.0000000
0.13318966, 2.2860169, 0.16036788, 0.68616503, 0.56163508, 0.39178413, 4.7336178, 64.564896, 62.236229, -0.23296665E-3, 2.1786945, 0.59389714E-1, 0.25112645E-2, 2.5052452, 14090.488, 25447.021, 169422.61, 0.0000000, 0.0000000, 0.0000000, 0.0000000, 0.0000000
0.13316247, 2.2860050, 0.16036780, 0.68615890, 0.56161296, 0.39176694, 4.7334461, 64.564751, 62.236229, 0.32612123E-4, 2.1793222, 0.59389625E-1, 0.25114533E-2, 2.5051808, 14090.386, 25446.877, 169447.73, 0.0000000, 0.0000000, 0.0000000, 0.0000000, 0.0000000
0.13312057, 2.2859578, 0.16034323, 0.68609917, 0.56160021, 0.39175999, 4.7335567, 64.564629, 62.236229, -0.86681888E-4, 2.1788287, 0.59389558E-1, 0.25110350E-2, 2.5050142, 14090.380, 25446.881, 169473.00, 0.0000000, 0.0000000, 0.0000000, 0.0000000, 0.0000000
0.13313219, 2.2858899, 0.16034108, 0.68604004, 0.56157690, 0.39174467, 4.7334085, 64.564468, 62.236229, 0.35723206E-5, 2.1789389, 0.59389461E-1, 0.25109579E-2, 2.5048976, 14090.438, 25446.961, 169497.81, 0.0000000, 0.0000000, 0.0000000, 0.0000000, 0.0000000
0.13316387, 2.2858934, 0.16036667, 0.68611872, 0.56157988, 0.39173973, 4.7331295, 64.564148, 62.236229, 0.71705275E-4, 2.1795290, 0.59388675E-1, 0.25115639E-2, 2.5052786, 14090.536, 25447.090, 169523.22, 0.0000000, 0.0000000, 0.0000000, 0.0000000, 0.0000000
0.13318078, 2.2858727, 0.16035919, 0.68611747, 0.56161171, 0.39176634, 4.7335329, 64.563980, 62.236229, -0.23181370E-3, 2.1786432, 0.59388284E-1, 0.25111674E-2, 2.5051918, 14090.415, 25446.920, 169548.02, 0.0000000, 0.0000000, 0.0000000, 0.0000000, 0.0000000
0.13321605, 2.2859013, 0.16037768, 0.68619156, 0.56161451, 0.39176857, 4.7333837, 64.563736, 62.236229, -0.23917004E-4, 2.1795504, 0.59388172E-1, 0.25116617E-2, 2.5055375, 14090.279, 25446.705, 169575.72, 0.0000000, 0.0000000, 0.0000000, 0.0000000, 0.0000000
0.13317648, 2.2859092, 0.16035971, 0.68616921, 0.56161827, 0.39177203, 4.7335300, 64.563560, 62.236229, -0.12879990E-3, 2.1790602, 0.59387948E-1, 0.25113253E-2, 2.5053327, 14090.189, 25446.604, 169599.36, 0.0000000, 0.0000000, 0.0000000, 0.0000000, 0.0000000
0.13318735, 2.2859271, 0.16036692, 0.68618011, 0.56161422, 0.39176559, 4.7333918, 64.563309, 62.236229, 0.27818605E-4, 2.1794658, 0.59387822E-1, 0.25114429E-2, 2.5053272, 14090.229, 25446.633, 169623.86, 0.0000000, 0.0000000, 0.0000000, 0.0000000, 0.0000000
0.13315915, 2.2859411, 0.16036585, 0.68618369, 0.56160486, 0.39175937, 4.7333465, 64.563057, 62.236229, 0.32989774E-5, 2.1793902, 0.59387702E-1, 0.25115395E-2, 2.5053132, 14090.245, 25446.660, 169648.61, 0.0000000, 0.0000000, 0.0000000, 0.0000000, 0.0000000
0.13318945, 2.2859530, 0.16036527, 0.68618345, 0.56160432, 0.39176184, 4.7333150, 64.562798, 62.236229, -0.22629276E-4, 2.1793888, 0.59387609E-1, 0.25115865E-2, 2.5053785, 14090.287, 25446.721, 169672.38, 0.0000000, 0.0000000, 0.0000000, 0.0000000, 0.0000000
0.13315803, 2.2859514, 0.16035345, 0.68616211, 0.56159031, 0.39175150, 4.7332621, 64.562538, 62.236229, 0.65336601E-4, 2.1793544, 0.59387520E-1, 0.25115844E-2, 2.5051179, 14090.384, 25446.875, 169698.17, 0.0000000, 0.0000000, 0.0000000, 0.0000000, 0.0000000
0.13318545, 2.2859662, 0.16036309, 0.68618184, 0.56160402, 0.39176083, 4.7333050, 64.562271, 62.236229, -0.58439124E-4, 2.1793344, 0.59387270E-1, 0.25116240E-2, 2.5054128, 14090.479, 25447.023, 169722.06, 0.0000000, 0.0000000, 0.0000000, 0.0000000, 0.0000000
0.13316131, 2.2859769, 0.16036811, 0.68618703, 0.56160939, 0.39176211, 4.7333174, 64.562019, 62.236229, -0.26122318E-4, 2.1793051, 0.59387058E-1, 0.25115658E-2, 2.5053020, 14090.461, 25447.014, 169747.52, 0.0000000, 0.0000000, 0.0000000, 0.0000000, 0.0000000
0.13319339, 2.2859898, 0.16037096, 0.68619460, 0.56161255, 0.39176670, 4.7333198, 64.561790, 62.236229, -0.62117673E-4, 2.1793380, 0.59386726E-1, 0.25116096E-2, 2.5054243, 14090.410, 25446.934, 169773.31, 0.0000000, 0.0000000, 0.0000000, 0.0000000, 0.0000000
0.13320172, 2.2860038, 0.16036831, 0.68619084, 0.56160593, 0.39176375, 4.7332706, 64.561554, 62.236229, 0.91555848E-5, 2.1793978, 0.59386402E-1, 0.25116717E-2, 2.5053015, 14090.459, 25447.004, 169797.64, 0.0000000, 0.0000000, 0.0000000, 0.0000000, 0.0000000
0.13316046, 2.2860205, 0.16036622, 0.68619525, 0.56161308, 0.39176652, 4.7333598, 64.561348, 62.236229, -0.87328401E-4, 2.1792316, 0.59386279E-1, 0.25115930E-2, 2.5053825, 14090.419, 25446.943, 169822.86, 0.0000000, 0.0000000, 0.0000000, 0.0000000, 0.0000000
0.13319905, 2.2860322, 0.16037133, 0.68620020, 0.56162226, 0.39177239, 4.7333727, 64.561142, 62.236229, -0.74471871E-4, 2.1793087, 0.59386179E-1, 0.25114906E-2, 2.5054302, 14090.443, 25446.977, 169849.72, 0.0000000, 0.0000000, 0.0000000, 0.0000000, 0.0000000
0.13316193, 2.2860336, 0.16034964, 0.68617797, 0.56159818, 0.39175883, 4.7333217, 64.560936, 62.236229, 0.42505722E-4, 2.1793637, 0.59386026E-1, 0.25116259E-2, 2.5051808, 14090.465, 25447.010, 169873.31, 0.0000000, 0.0000000, 0.0000000, 0.0000000, 0.0000000
0.13316250, 2.2860317, 0.16036122, 0.68617058, 0.56159079, 0.39175302, 4.7332129, 64.560699, 62.236229, 0.35754900E-4, 2.1794093, 0.59385795E-1, 0.25116126E-2, 2.5052414, 14090.580, 25447.139, 169897.80, 0.0000000, 0.0000000, 0.0000000, 0.0000000, 0.0000000
0.13319495, 2.2860389, 0.16037305, 0.68618333, 0.56160718, 0.39176297, 4.7332220, 64.560455, 62.236229, -0.48054935E-4, 2.1792858, 0.59385683E-1, 0.25116389E-2, 2.5053349, 14090.634, 25447.227, 169922.25, 0.0000000, 0.0000000, 0.0000000, 0.0000000, 0.0000000
0.13317831, 2.2860372, 0.16036309, 0.68617898, 0.56161267, 0.39176452, 4.7332892, 64.560249, 62.236229, -0.56726596E-4, 2.1791756, 0.59385452E-1, 0.25114573E-2, 2.5052524, 14090.638, 25447.232, 169945.97, 0.0000000, 0.0000000, 0.0000000, 0.0000000, 0.0000000
0.13316225, 2.2860484, 0.16036847, 0.68619114, 0.56160969, 0.39176455, 4.7332897, 64.560043, 62.236229, -0.41528314E-4, 2.1793306, 0.59385329E-1, 0.25116168E-2, 2.5053601, 14090.542, 25447.109, 169970.67, 0.0000000, 0.0000000, 0.0000000, 0.0000000, 0.0000000
0.13318256, 2.2860456, 0.16036281, 0.68618602, 0.56161451, 0.39176756, 4.7333093, 64.559837, 62.236229, -0.64727850E-4, 2.1792552, 0.59385236E-1, 0.25114988E-2, 2.5053508, 14090.521, 25447.086, 169995.50, 0.0000000, 0.0000000, 0.0000000, 0.0000000, 0.0000000
0.13320106, 2.2860575, 0.16037178, 0.68619549, 0.56161451, 0.39176926, 4.7332888, 64.559631, 62.236229, -0.37853053E-4, 2.1793296, 0.59385154E-1, 0.25116159E-2, 2.5053544, 14090.495, 25447.055, 170019.06, 0.0000000, 0.0000000, 0.0000000, 0.0000000, 0.0000000
0.13320641, 2.2860825, 0.16037446, 0.68621969, 0.56162542, 0.39177790, 4.7333498, 64.559456, 62.236229, -0.10059102E-3, 2.1793196, 0.59384990E-1, 0.25116764E-2, 2.5054982, 14090.391, 25446.889, 170045.34, 0.0000000, 0.0000000, 0.0000000, 0.0000000, 0.0000000
0.13316101, 2.2860732, 0.16036578, 0.68618542, 0.56161827, 0.39177105, 4.7333903, 64.559326, 62.236229, -0.49110589E-4, 2.1791303, 0.59384778E-1, 0.25114620E-2, 2.5051942, 14090.317, 25446.771, 170070.06, 0.0000000, 0.0000000, 0.0000000, 0.0000000, 0.0000000
0.13321692, 2.2860882, 0.16037892, 0.68621016, 0.56161994, 0.39177352, 4.7332697, 64.559128, 62.236229, -0.34136465E-4, 2.1794810, 0.59384555E-1, 0.25116613E-2, 2.5054927, 14090.324, 25446.779, 170094.16, 0.0000000, 0.0000000, 0.0000000, 0.0000000, 0.0000000
0.13320376, 2.2861023, 0.16037402, 0.68621194, 0.56161863, 0.39177418, 4.7333031, 64.558952, 62.236229, -0.80593687E-4, 2.1793129, 0.59384454E-1, 0.25116703E-2, 2.5054410, 14090.253, 25446.670, 170118.44, 0.0000000, 0.0000000, 0.0000000, 0.0000000, 0.0000000
0.13319293, 2.2861226, 0.16037276, 0.68622547, 0.56162989, 0.39177984, 4.7333622, 64.558784, 62.236229, -0.10404084E-3, 2.1793199, 0.59384398E-1, 0.25115828E-2, 2.5055089, 14090.192, 25446.596, 170144.81, 0.0000000, 0.0000000, 0.0000000, 0.0000000, 0.0000000
0.13317166, 2.2861216, 0.16035736, 0.68619198, 0.56160104, 0.39176318, 4.7332287, 64.558594, 62.236229, 0.63420535E-4, 2.1794474, 0.59384301E-1, 0.25116235E-2, 2.5052097, 14090.195, 25446.592, 170169.77, 0.0000000, 0.0000000, 0.0000000, 0.0000000, 0.0000000
0.13317998, 2.2860992, 0.16036415, 0.68615931, 0.56161255, 0.39176852, 4.7333269, 64.558426, 62.236229, -0.96026633E-4, 2.1790257, 0.59384178E-1, 0.25113230E-2, 2.5052152, 14090.287, 25446.738, 170193.23, 0.0000000, 0.0000000, 0.0000000, 0.0000000, 0.0000000
0.13318138, 2.2860725, 0.16036105, 0.68613976, 0.56162417, 0.39177760, 4.7335601, 64.558342, 62.236229, -0.18261082E-3, 2.1787558, 0.59384096E-1, 0.25111723E-2, 2.5051758, 14090.085, 25446.447, 170217.44, 0.0000000, 0.0000000, 0.0000000, 0.0000000, 0.0000000
0.13315825, 2.2860782, 0.16036493, 0.68617719, 0.56160629, 0.39176098, 4.7332959, 64.558159, 62.236229, 0.45001492E-4, 2.1795461, 0.59384033E-1, 0.25114953E-2, 2.5053585, 14090.026, 25446.357, 170241.84, 0.0000000, 0.0000000, 0.0000000, 0.0000000, 0.0000000
0.13319433, 2.2860792, 0.16037144, 0.68619162, 0.56161815, 0.39176926, 4.7332988, 64.557953, 62.236229, -0.74870564E-4, 2.1792960, 0.59383422E-1, 0.25114256E-2, 2.5054171, 14090.079, 25446.430, 170265.47, 0.0000000, 0.0000000, 0.0000000, 0.0000000, 0.0000000
0.13315621, 2.2860789, 0.16036598, 0.68619800, 0.56161761, 0.39176843, 4.7333236, 64.557747, 62.236229, -0.44689950E-4, 2.1792641, 0.59383031E-1, 0.25114748E-2, 2.5053122, 14089.999, 25446.295, 170289.36, 0.0000000, 0.0000000, 0.0000000, 0.0000000, 0.0000000
0.13314603, 2.2860305, 0.16035041, 0.68611711, 0.56161070, 0.39176813, 4.7334976, 64.557632, 62.236229, -0.13744592E-3, 2.1787620, 0.59382807E-1, 0.25109751E-2, 2.5050745, 14089.913, 25446.135, 170314.55, 0.0000000, 0.0000000, 0.0000000, 0.0000000, 0.0000000
0.13315225, 2.2860277, 0.16036081, 0.68615574, 0.56159884, 0.39175481, 4.7332373, 64.557404, 62.236229, 0.56551231E-4, 2.1795027, 0.59382699E-1, 0.25114543E-2, 2.5052884, 14089.912, 25446.141, 170338.27, 0.0000000, 0.0000000, 0.0000000, 0.0000000, 0.0000000
0.13319227, 2.2860167, 0.16036922, 0.68614954, 0.56160438, 0.39176151, 4.7332911, 64.557205, 62.236229, -0.74142794E-4, 2.1791036, 0.59382487E-1, 0.25113912E-2, 2.5052364, 14089.910, 25446.123, 170361.64, 0.0000000, 0.0000000, 0.0000000, 0.0000000, 0.0000000
0.13321850, 2.2860525, 0.16038190, 0.68621892, 0.56163430, 0.39178157, 4.7334080, 64.557014, 62.236229, -0.15358860E-3, 2.1792948, 0.59382368E-1, 0.25115793E-2, 2.5056145, 14089.786, 25445.939, 170387.69, 0.0000000, 0.0000000, 0.0000000, 0.0000000, 0.0000000
0.13318992, 2.2860506, 0.16036811, 0.68618053, 0.56161630, 0.39177358, 4.7334361, 64.556877, 62.236229, -0.69065893E-4, 2.1791792, 0.59382286E-1, 0.25114187E-2, 2.5052943, 14089.627, 25445.697, 170411.20, 0.0000000, 0.0000000, 0.0000000, 0.0000000, 0.0000000
0.13318159, 2.2860751, 0.16036396, 0.68621296, 0.56162393, 0.39177674, 4.7334256, 64.556694, 62.236229, -0.56921970E-4, 2.1794119, 0.59382230E-1, 0.25115374E-2, 2.5054832, 14089.572, 25445.617, 170436.00, 0.0000000, 0.0000000, 0.0000000, 0.0000000, 0.0000000
0.13316053, 2.2860720, 0.16034912, 0.68617940, 0.56159520, 0.39175856, 4.7332902, 64.556496, 62.236229, 0.68201160E-4, 2.1794591, 0.59382159E-1, 0.25114773E-2, 2.5052123, 14089.660, 25445.734, 170460.02, 0.0000000, 0.0000000, 0.0000000, 0.0000000, 0.0000000
0.13311784, 2.2860303, 0.16033991, 0.68610835, 0.56160188, 0.39176193, 4.7335167, 64.556374, 62.236229, -0.11910807E-3, 2.1787403, 0.59382092E-1, 0.25109265E-2, 2.5050054, 14089.710, 25445.818, 170484.62, 0.0000000, 0.0000000, 0.0000000, 0.0000000, 0.0000000
0.13321275, 2.2860284, 0.16037318, 0.68615514, 0.56159467, 0.39175549, 4.7331672, 64.556107, 62.236229, 0.74325653E-4, 2.1796362, 0.59382014E-1, 0.25115374E-2, 2.5053749, 14089.773, 25445.924, 170509.78, 0.0000000, 0.0000000, 0.0000000, 0.0000000, 0.0000000
0.13320728, 2.2860520, 0.16037190, 0.68619466, 0.56161225, 0.39176843, 4.7333059, 64.555901, 62.236229, -0.12476812E-3, 2.1792343, 0.59381735E-1, 0.25115709E-2, 2.5054817, 14089.684, 25445.775, 170534.88, 0.0000000, 0.0000000, 0.0000000, 0.0000000, 0.0000000
0.13319123, 2.2860644, 0.16037036, 0.68620044, 0.56162775, 0.39177546, 4.7333932, 64.555717, 62.236229, -0.11844104E-3, 2.1792023, 0.59381608E-1, 0.25113141E-2, 2.5054393, 14089.579, 25445.619, 170558.11, 0.0000000, 0.0000000, 0.0000000, 0.0000000, 0.0000000
0.13315614, 2.2860670, 0.16036455, 0.68619329, 0.56161278, 0.39176548, 4.7333059, 64.555511, 62.236229, 0.20024600E-4, 2.1793876, 0.59381302E-1, 0.25114084E-2, 2.5052702, 14089.567, 25445.604, 170581.48, 0.0000000, 0.0000000, 0.0000000, 0.0000000, 0.0000000
0.13320328, 2.2860789, 0.16037151, 0.68620425, 0.56161380, 0.39176881, 4.7332730, 64.555283, 62.236229, -0.31357165E-4, 2.1794276, 0.59380975E-1, 0.25115325E-2, 2.5054371, 14089.609, 25445.668, 170605.53, 0.0000000, 0.0000000, 0.0000000, 0.0000000, 0.0000000
0.13321175, 2.2861061, 0.16037576, 0.68623066, 0.56163079, 0.39178133, 4.7333684, 64.555084, 62.236229, -0.10126250E-3, 2.1793611, 0.59380863E-1, 0.25115553E-2, 2.5055454, 14089.562, 25445.604, 170629.66, 0.0000000, 0.0000000, 0.0000000, 0.0000000, 0.0000000
0.13316211, 2.2861073, 0.16036157, 0.68619293, 0.56160468, 0.39176524, 4.7333112, 64.554901, 62.236229, 0.10009710E-4, 2.1793528, 0.59380755E-1, 0.25114503E-2, 2.5052595, 14089.510, 25445.529, 170652.91, 0.0000000, 0.0000000, 0.0000000, 0.0000000, 0.0000000
0.13314281, 2.2860684, 0.16035560, 0.68614352, 0.56162018, 0.39177266, 4.7335544, 64.554787, 62.236229, -0.13939501E-3, 2.1787686, 0.59380677E-1, 0.25110079E-2, 2.5050812, 14089.534, 25445.545, 170676.39, 0.0000000, 0.0000000, 0.0000000, 0.0000000, 0.0000000
0.13310149, 2.2859998, 0.16033340, 0.68605971, 0.56158030, 0.39174861, 4.7334342, 64.554649, 62.236229, 0.37047284E-4, 2.1789520, 0.59380569E-1, 0.25108254E-2, 2.5048234, 14089.529, 25445.539, 170699.75, 0.0000000, 0.0000000, 0.0000000, 0.0000000, 0.0000000
0.13315144, 2.2859571, 0.16035250, 0.68606502, 0.56158954, 0.39175275, 4.7334161, 64.554489, 62.236229, -0.10852329E-3, 2.1789131, 0.59380367E-1, 0.25109053E-2, 2.5051565, 14089.516, 25445.521, 170723.98, 0.0000000, 0.0000000, 0.0000000, 0.0000000, 0.0000000
0.13315658, 2.2859552, 0.16036257, 0.68612736, 0.56158984, 0.39174664, 4.7332244, 64.554207, 62.236229, 0.45213470E-4, 2.1794362, 0.59380263E-1, 0.25113262E-2, 2.5052547, 14089.519, 25445.531, 170748.66, 0.0000000, 0.0000000, 0.0000000, 0.0000000, 0.0000000
0.13314298, 2.2859149, 0.16034950, 0.68609339, 0.56160098, 0.39175886, 4.7334881, 64.554047, 62.236229, -0.17097147E-3, 2.1786942, 0.59380047E-1, 0.25108936E-2, 2.5050941, 14089.441, 25445.402, 170771.92, 0.0000000, 0.0000000, 0.0000000, 0.0000000, 0.0000000
0.13315858, 2.2858708, 0.16034853, 0.68606138, 0.56158614, 0.39175120, 4.7334142, 64.553864, 62.236229, 0.29421644E-5, 2.1789792, 0.59379958E-1, 0.25109316E-2, 2.5049314, 14089.402, 25445.344, 170795.05, 0.0000000, 0.0000000, 0.0000000, 0.0000000, 0.0000000
0.13320678, 2.2858808, 0.16037238, 0.68613571, 0.56158412, 0.39174601, 4.7331324, 64.553543, 62.236229, 0.88586617E-4, 2.1795928, 0.59379838E-1, 0.25114603E-2, 2.5052996, 14089.486, 25445.492, 170818.30, 0.0000000, 0.0000000, 0.0000000, 0.0000000, 0.0000000
0.13319734, 2.2859020, 0.16036673, 0.68617654, 0.56160039, 0.39175701, 4.7332277, 64.553253, 62.236229, -0.47777052E-4, 2.1793122, 0.59379712E-1, 0.25114724E-2, 2.5053613, 14089.500, 25445.504, 170843.23, 0.0000000, 0.0000000, 0.0000000, 0.0000000, 0.0000000
0.13321167, 2.2859216, 0.16037470, 0.68619162, 0.56160653, 0.39176318, 4.7332077, 64.552963, 62.236229, -0.10897929E-5, 2.1794155, 0.59379488E-1, 0.25115088E-2, 2.5053453, 14089.514, 25445.525, 170867.22, 0.0000000, 0.0000000, 0.0000000, 0.0000000, 0.0000000
0.13319986, 2.2859421, 0.16037494, 0.68619937, 0.56161624, 0.39176828, 4.7332702, 64.552719, 62.236229, -0.59872429E-4, 2.1792963, 0.59379052E-1, 0.25114270E-2, 2.5053794, 14089.481, 25445.486, 170890.53, 0.0000000, 0.0000000, 0.0000000, 0.0000000, 0.0000000
0.13319708, 2.2859614, 0.16036548, 0.68619585, 0.56161064, 0.39176640, 4.7332759, 64.552490, 62.236229, -0.13329205E-4, 2.1793845, 0.59378974E-1, 0.25114587E-2, 2.5053453, 14089.468, 25445.457, 170914.86, 0.0000000, 0.0000000, 0.0000000, 0.0000000, 0.0000000
0.13316271, 2.2859645, 0.16036749, 0.68617791, 0.56161541, 0.39176774, 4.7333670, 64.552292, 62.236229, -0.55813813E-4, 2.1791413, 0.59378870E-1, 0.25113192E-2, 2.5052228, 14089.485, 25445.473, 170938.25, 0.0000000, 0.0000000, 0.0000000, 0.0000000, 0.0000000
0.13320585, 2.2859747, 0.16037147, 0.68618184, 0.56160229, 0.39176121, 4.7332158, 64.552048, 62.236229, 0.32325494E-4, 2.1794999, 0.59378721E-1, 0.25114368E-2, 2.5053470, 14089.539, 25445.574, 170961.84, 0.0000000, 0.0000000, 0.0000000, 0.0000000, 0.0000000
0.13321652, 2.2860003, 0.16037881, 0.68622082, 0.56162381, 0.39177549, 4.7333102, 64.551826, 62.236229, -0.91657566E-4, 2.1793752, 0.59378598E-1, 0.25115614E-2, 2.5055301, 14089.600, 25445.650, 170985.39, 0.0000000, 0.0000000, 0.0000000, 0.0000000, 0.0000000
0.13317701, 2.2859943, 0.16035913, 0.68617517, 0.56162292, 0.39177585, 4.7334743, 64.551682, 62.236229, -0.11050751E-3, 2.1790099, 0.59377994E-1, 0.25111695E-2, 2.5052361, 14089.511, 25445.514, 171009.62, 0.0000000, 0.0000000, 0.0000000, 0.0000000, 0.0000000
0.13311914, 2.2859638, 0.16034052, 0.68611664, 0.56161004, 0.39176655, 4.7335949, 64.551567, 62.236229, -0.83872495E-4, 2.1788552, 0.59377868E-1, 0.25109090E-2, 2.5050275, 14089.441, 25445.402, 171033.08, 0.0000000, 0.0000000, 0.0000000, 0.0000000, 0.0000000
0.13309841, 2.2858942, 0.16032937, 0.68603760, 0.56156689, 0.39173868, 4.7333593, 64.551407, 62.236229, 0.94938441E-4, 2.1790552, 0.59377424E-1, 0.25107972E-2, 2.5047781, 14089.532, 25445.543, 171058.05, 0.0000000, 0.0000000, 0.0000000, 0.0000000, 0.0000000
0.13310266, 2.2858489, 0.16032940, 0.68603557, 0.56156826, 0.39173797, 4.7333846, 64.551216, 62.236229, -0.61931438E-4, 2.1788745, 0.59377301E-1, 0.25108736E-2, 2.5049956, 14089.509, 25445.504, 171082.59, 0.0000000, 0.0000000, 0.0000000, 0.0000000, 0.0000000
0.13315630, 2.2858565, 0.16036236, 0.68611330, 0.56158203, 0.39173877, 4.7331381, 64.550880, 62.236229, 0.58312857E-4, 2.1794875, 0.59377205E-1, 0.25113060E-2, 2.5052714, 14089.608, 25445.650, 171105.73, 0.0000000, 0.0000000, 0.0000000, 0.0000000, 0.0000000
0.13310124, 2.2858171, 0.16032691, 0.68606609, 0.56157994, 0.39174470, 4.7334652, 64.550705, 62.236229, -0.13468246E-3, 2.1786323, 0.59376918E-1, 0.25108689E-2, 2.5049381, 14089.483, 25445.457, 171128.81, 0.0000000, 0.0000000, 0.0000000, 0.0000000, 0.0000000
0.13317490, 2.2858186, 0.16035974, 0.68609959, 0.56158698, 0.39174765, 4.7332921, 64.550415, 62.236229, -0.59480662E-5, 2.1792943, 0.59376817E-1, 0.25111327E-2, 2.5052540, 14089.446, 25445.432, 171151.94, 0.0000000, 0.0000000, 0.0000000, 0.0000000, 0.0000000
0.13320638, 2.2858548, 0.16037317, 0.68617386, 0.56160444, 0.39175978, 4.7332945, 64.550133, 62.236229, -0.52489806E-4, 2.1794114, 0.59376709E-1, 0.25115076E-2, 2.5054698, 14089.421, 25445.379, 171175.03, 0.0000000, 0.0000000, 0.0000000, 0.0000000, 0.0000000
0.13316387, 2.2858739, 0.16035163, 0.68616885, 0.56159347, 0.39175332, 4.7333064, 64.549873, 62.236229, 0.32510696E-4, 2.1793427, 0.59376590E-1, 0.25114380E-2, 2.5051844, 14089.445, 25445.420, 171198.97, 0.0000000, 0.0000000, 0.0000000, 0.0000000, 0.0000000
0.13316688, 2.2858958, 0.16035694, 0.68618196, 0.56159782, 0.39175621, 4.7332988, 64.549591, 62.236229, 0.52763207E-5, 2.1794295, 0.59376359E-1, 0.25115192E-2, 2.5053375, 14089.535, 25445.551, 171221.97, 0.0000000, 0.0000000, 0.0000000, 0.0000000, 0.0000000
0.13315837, 2.2859015, 0.16035536, 0.68617040, 0.56159574, 0.39175352, 4.7332754, 64.549316, 62.236229, 0.31889082E-4, 2.1793571, 0.59376143E-1, 0.25114629E-2, 2.5052040, 14089.630, 25445.684, 171244.89, 0.0000000, 0.0000000, 0.0000000, 0.0000000, 0.0000000
0.13320252, 2.2859237, 0.16036977, 0.68618840, 0.56160408, 0.39176118, 4.7332792, 64.549049, 62.236229, -0.37368096E-4, 2.1793938, 0.59375741E-1, 0.25115451E-2, 2.5054133, 14089.685, 25445.783, 171267.92, 0.0000000, 0.0000000, 0.0000000, 0.0000000, 0.0000000
0.13316582, 2.2859502, 0.16035536, 0.68619931, 0.56160742, 0.39176401, 4.7333760, 64.548836, 62.236229, -0.35370089E-4, 2.1793563, 0.59375457E-1, 0.25115667E-2, 2.5053632, 14089.661, 25445.725, 171291.89, 0.0000000, 0.0000000, 0.0000000, 0.0000000, 0.0000000
0.13315615, 2.2859566, 0.16036279, 0.68618774, 0.56160963, 0.39176190, 4.7333546, 64.548607, 62.236229, -0.10203861E-4, 2.1793399, 0.59375335E-1, 0.25113425E-2, 2.5052965, 14089.730, 25445.838, 171314.92, 0.0000000, 0.0000000, 0.0000000, 0.0000000, 0.0000000
0.13316788, 2.2859693, 0.16035596, 0.68618196, 0.56159741, 0.39175740, 4.7333298, 64.548370, 62.236229, 0.74785203E-5, 2.1794174, 0.59375204E-1, 0.25115558E-2, 2.5053189, 14089.767, 25445.896, 171338.05, 0.0000000, 0.0000000, 0.0000000, 0.0000000, 0.0000000
0.13317958, 2.2859492, 0.16035932, 0.68613940, 0.56162041, 0.39177430, 4.7336221, 64.548225, 62.236229, -0.19000858E-3, 2.1787400, 0.59374940E-1, 0.25110475E-2, 2.5051773, 14089.742, 25445.850, 171361.12, 0.0000000, 0.0000000, 0.0000000, 0.0000000, 0.0000000
0.13317850, 2.2859387, 0.16036040, 0.68614048, 0.56160712, 0.39176410, 4.7335310, 64.548050, 62.236229, -0.27098780E-4, 2.1792204, 0.59374858E-1, 0.25111728E-2, 2.5052288, 14089.597, 25445.631, 171384.28, 0.0000000, 0.0000000, 0.0000000, 0.0000000, 0.0000000
0.13315731, 2.2859445, 0.16034710, 0.68615091, 0.56158131, 0.39174810, 4.7333732, 64.547836, 62.236229, 0.52596413E-4, 2.1794868, 0.59374791E-1, 0.25114759E-2, 2.5052714, 14089.606, 25445.652, 171407.30, 0.0000000, 0.0000000, 0.0000000, 0.0000000, 0.0000000
0.13321018, 2.2859654, 0.16037300, 0.68618333, 0.56160301, 0.39176089, 4.7333245, 64.547562, 62.236229, -0.32061827E-4, 2.1794219, 0.59374556E-1, 0.25115579E-2, 2.5054233, 14089.753, 25445.891, 171430.42, 0.0000000, 0.0000000, 0.0000000, 0.0000000, 0.0000000
0.13318364, 2.2859762, 0.16036192, 0.68618274, 0.56161070, 0.39176559, 4.7334499, 64.547356, 62.236229, -0.10825586E-3, 2.1791613, 0.59374414E-1, 0.25113733E-2, 2.5053673, 14089.659, 25445.738, 171454.23, 0.0000000, 0.0000000, 0.0000000, 0.0000000, 0.0000000
0.13315628, 2.2859583, 0.16034569, 0.68613726, 0.56160432, 0.39176333, 4.7335424, 64.547195, 62.236229, -0.63308893E-4, 2.1790204, 0.59374325E-1, 0.25111586E-2, 2.5051217, 14089.582, 25445.613, 171477.22, 0.0000000, 0.0000000, 0.0000000, 0.0000000, 0.0000000
0.13315761, 2.2859614, 0.16036505, 0.68616492, 0.56159979, 0.39175487, 4.7333665, 64.546936, 62.236229, 0.40009458E-4, 2.1794531, 0.59374239E-1, 0.25114077E-2, 2.5052779, 14089.637, 25445.697, 171500.31, 0.0000000, 0.0000000, 0.0000000, 0.0000000, 0.0000000
0.13316433, 2.2859728, 0.16036923, 0.68617737, 0.56160283, 0.39175895, 4.7333646, 64.546684, 62.236229, -0.41565305E-4, 2.1793165, 0.59374046E-1, 0.25114466E-2, 2.5053463, 14089.607, 25445.664, 171523.31, 0.0000000, 0.0000000, 0.0000000, 0.0000000, 0.0000000
0.13319016, 2.2859871, 0.16037035, 0.68618411, 0.56160635, 0.39176276, 4.7333651, 64.546463, 62.236229, -0.57902333E-4, 2.1793177, 0.59373632E-1, 0.25114608E-2, 2.5053923, 14089.573, 25445.615, 171547.44, 0.0000000, 0.0000000, 0.0000000, 0.0000000, 0.0000000
0.13319941, 2.2859945, 0.16036896, 0.68618625, 0.56160349, 0.39176229, 4.7333446, 64.546249, 62.236229, -0.32796175E-4, 2.1793287, 0.59373550E-1, 0.25114568E-2, 2.5053351, 14089.543, 25445.566, 171570.55, 0.0000000, 0.0000000, 0.0000000, 0.0000000, 0.0000000
0.13319667, 2.2860076, 0.16037236, 0.68620276, 0.56162381, 0.39177334, 4.7334380, 64.546051, 62.236229, -0.11540507E-3, 2.1792147, 0.59373476E-1, 0.25113344E-2, 2.5054362, 14089.528, 25445.547, 171593.47, 0.0000000, 0.0000000, 0.0000000, 0.0000000, 0.0000000
0.13315007, 2.2859824, 0.16035375, 0.68614966, 0.56162906, 0.39177996, 4.7337255, 64.545998, 62.236229, -0.19545629E-3, 2.1786969, 0.59373338E-1, 0.25109197E-2, 2.5051534, 14089.345, 25445.254, 171616.41, 0.0000000, 0.0000000, 0.0000000, 0.0000000, 0.0000000
0.13320389, 2.2859864, 0.16036917, 0.68616867, 0.56160331, 0.39176181, 4.7333565, 64.545792, 62.236229, 0.93688417E-4, 2.1796525, 0.59373297E-1, 0.25114194E-2, 2.5053387, 14089.364, 25445.289, 171639.41, 0.0000000, 0.0000000, 0.0000000, 0.0000000, 0.0000000
0.13315418, 2.2859976, 0.16036101, 0.68617433, 0.56160682, 0.39176139, 4.7334118, 64.545586, 62.236229, -0.70646638E-4, 2.1792011, 0.59373185E-1, 0.25113032E-2, 2.5053120, 14089.378, 25445.297, 171662.28, 0.0000000, 0.0000000, 0.0000000, 0.0000000, 0.0000000
0.13317080, 2.2860098, 0.16035709, 0.68618518, 0.56160128, 0.39176008, 4.7333813, 64.545372, 62.236229, -0.70077367E-5, 2.1794116, 0.59372574E-1, 0.25114941E-2, 2.5053515, 14089.388, 25445.324, 171685.19, 0.0000000, 0.0000000, 0.0000000, 0.0000000, 0.0000000
0.13318267, 2.2860184, 0.16036487, 0.68618977, 0.56161344, 0.39176646, 4.7334137, 64.545158, 62.236229, -0.68302412E-4, 2.1792767, 0.59372224E-1, 0.25113043E-2, 2.5053799, 14089.401, 25445.346, 171708.05, 0.0000000, 0.0000000, 0.0000000, 0.0000000, 0.0000000
0.13316536, 2.2860227, 0.16036263, 0.68617874, 0.56159693, 0.39175734, 4.7333379, 64.544945, 62.236229, 0.20004038E-4, 2.1793683, 0.59371915E-1, 0.25114082E-2, 2.5052421, 14089.393, 25445.328, 171730.92, 0.0000000, 0.0000000, 0.0000000, 0.0000000, 0.0000000
0.13319597, 2.2860327, 0.16036542, 0.68618768, 0.56160510, 0.39176387, 4.7333622, 64.544731, 62.236229, -0.68400172E-4, 2.1793394, 0.59371796E-1, 0.25114499E-2, 2.5054350, 14089.451, 25445.434, 171753.80, 0.0000000, 0.0000000, 0.0000000, 0.0000000, 0.0000000
0.13320044, 2.2860487, 0.16036907, 0.68619728, 0.56161064, 0.39176682, 4.7333617, 64.544525, 62.236229, -0.45513676E-4, 2.1793506, 0.59371576E-1, 0.25114468E-2, 2.5053892, 14089.455, 25445.436, 171776.70, 0.0000000, 0.0000000, 0.0000000, 0.0000000, 0.0000000
0.13318625, 2.2860541, 0.16036692, 0.68619454, 0.56161159, 0.39176652, 4.7333603, 64.544319, 62.236229, -0.37491787E-4, 2.1792953, 0.59371453E-1, 0.25114103E-2, 2.5053165, 14089.484, 25445.494, 171799.58, 0.0000000, 0.0000000, 0.0000000, 0.0000000, 0.0000000
0.13319463, 2.2860680, 0.16036443, 0.68619847, 0.56161082, 0.39176890, 4.7334018, 64.544128, 62.236229, -0.88260102E-4, 2.1793036, 0.59371360E-1, 0.25114443E-2, 2.5054467, 14089.401, 25445.352, 171822.44, 0.0000000, 0.0000000, 0.0000000, 0.0000000, 0.0000000
0.13316163, 2.2860644, 0.16035055, 0.68617541, 0.56159520, 0.39175701, 4.7333322, 64.543922, 62.236229, 0.47722235E-4, 2.1793623, 0.59371281E-1, 0.25114259E-2, 2.5051632, 14089.417, 25445.365, 171845.27, 0.0000000, 0.0000000, 0.0000000, 0.0000000, 0.0000000
0.13319445, 2.2860696, 0.16037248, 0.68619508, 0.56161267, 0.39176744, 4.7333455, 64.543709, 62.236229, -0.81671926E-4, 2.1793265, 0.59371203E-1, 0.25114422E-2, 2.5054569, 14089.438, 25445.418, 171868.09, 0.0000000, 0.0000000, 0.0000000, 0.0000000, 0.0000000
0.13320814, 2.2860835, 0.16037546, 0.68620324, 0.56161600, 0.39177048, 4.7333517, 64.543503, 62.236229, -0.49235212E-4, 2.1793227, 0.59371121E-1, 0.25114794E-2, 2.5053728, 14089.359, 25445.273, 171890.92, 0.0000000, 0.0000000, 0.0000000, 0.0000000, 0.0000000
0.13320605, 2.2861137, 0.16037661, 0.68622929, 0.56163055, 0.39178121, 4.7334566, 64.543327, 62.236229, -0.11638409E-3, 2.1793141, 0.59370872E-1, 0.25115020E-2, 2.5055306, 14089.285, 25445.137, 171913.72, 0.0000000, 0.0000000, 0.0000000, 0.0000000, 0.0000000
0.13317701, 2.2861311, 0.16036046, 0.68622643, 0.56162322, 0.39177838, 4.7334819, 64.543167, 62.236229, -0.51512325E-4, 2.1793811, 0.59370764E-1, 0.25114650E-2, 2.5054271, 14089.200, 25444.988, 171936.52, 0.0000000, 0.0000000, 0.0000000, 0.0000000, 0.0000000
0.13315831, 2.2860978, 0.16036046, 0.68615544, 0.56163108, 0.39178222, 4.7336836, 64.543121, 62.236229, -0.16870245E-3, 2.1787622, 0.59370510E-1, 0.25108799E-2, 2.5051467, 14089.160, 25444.930, 171959.31, 0.0000000, 0.0000000, 0.0000000, 0.0000000, 0.0000000
0.13315870, 2.2860935, 0.16035557, 0.68616551, 0.56159866, 0.39175910, 4.7334013, 64.542946, 62.236229, 0.70483919E-4, 2.1795547, 0.59370447E-1, 0.25113805E-2, 2.5052991, 14089.123, 25444.891, 171982.08, 0.0000000, 0.0000000, 0.0000000, 0.0000000, 0.0000000
0.13320492, 2.2861013, 0.16037256, 0.68619508, 0.56161129, 0.39176723, 4.7333479, 64.542732, 62.236229, -0.44829212E-4, 2.1794021, 0.59370156E-1, 0.25114524E-2, 2.5054374, 14089.194, 25444.971, 172004.86, 0.0000000, 0.0000000, 0.0000000, 0.0000000, 0.0000000
0.13321397, 2.2861104, 0.16037698, 0.68620265, 0.56161827, 0.39177260, 4.7333722, 64.542526, 62.236229, -0.59631304E-4, 2.1792967, 0.59370019E-1, 0.25113972E-2, 2.5053730, 14089.166, 25444.941, 172027.64, 0.0000000, 0.0000000, 0.0000000, 0.0000000, 0.0000000
0.13315339, 2.2861178, 0.16036424, 0.68619806, 0.56161702, 0.39176953, 4.7334356, 64.542358, 62.236229, -0.78565528E-4, 2.1792257, 0.59369899E-1, 0.25113481E-2, 2.5053525, 14089.067, 25444.787, 172050.44, 0.0000000, 0.0000000, 0.0000000, 0.0000000, 0.0000000
0.13314517, 2.2860615, 0.16035764, 0.68611854, 0.56160766, 0.39176491, 4.7335520, 64.542229, 62.236229, -0.95615920E-4, 2.1787932, 0.59369840E-1, 0.25108631E-2, 2.5049891, 14089.038, 25444.729, 172073.20, 0.0000000, 0.0000000, 0.0000000, 0.0000000, 0.0000000
0.13312733, 2.2859979, 0.16034427, 0.68607438, 0.56159228, 0.39175528, 4.7335539, 64.542091, 62.236229, -0.26758673E-4, 2.1788633, 0.59369713E-1, 0.25108124E-2, 2.5048916, 14088.998, 25444.684, 172095.97, 0.0000000, 0.0000000, 0.0000000, 0.0000000, 0.0000000
0.13319969, 2.2859817, 0.16036388, 0.68610150, 0.56156749, 0.39173752, 4.7331462, 64.541801, 62.236229, 0.14153845E-3, 2.1795626, 0.59369508E-1, 0.25112771E-2, 2.5051365, 14089.140, 25444.914, 172118.62, 0.0000000, 0.0000000, 0.0000000, 0.0000000, 0.0000000
0.13316582, 2.2859826, 0.16035125, 0.68614268, 0.56157857, 0.39174309, 4.7332387, 64.541519, 62.236229, -0.11205295E-4, 2.1792448, 0.59369367E-1, 0.25114608E-2, 2.5051925, 14089.247, 25445.061, 172141.33, 0.0000000, 0.0000000, 0.0000000, 0.0000000, 0.0000000
0.13315837, 2.2859948, 0.16034789, 0.68616360, 0.56158906, 0.39175132, 4.7333417, 64.541283, 62.236229, -0.65235159E-4, 2.1792636, 0.59369117E-1, 0.25114066E-2, 2.5053511, 14089.252, 25445.072, 172164.06, 0.0000000, 0.0000000, 0.0000000, 0.0000000, 0.0000000
0.13319144, 2.2860062, 0.16037023, 0.68618965, 0.56162107, 0.39176908, 4.7334065, 64.541054, 62.236229, -0.11280962E-3, 2.1792247, 0.59368972E-1, 0.25112513E-2, 2.5054412, 14089.271, 25445.115, 172186.48, 0.0000000, 0.0000000, 0.0000000, 0.0000000, 0.0000000
0.13318770, 2.2860136, 0.16036606, 0.68619013, 0.56161416, 0.39176655, 4.7333851, 64.540833, 62.236229, -0.26655005E-4, 2.1793320, 0.59368879E-1, 0.25113584E-2, 2.5053260, 14089.226, 25445.031, 172208.11, 0.0000000, 0.0000000, 0.0000000, 0.0000000, 0.0000000
0.13314162, 2.2860012, 0.16035409, 0.68615913, 0.56161135, 0.39176470, 4.7334957, 64.540672, 62.236229, -0.81816223E-4, 2.1790354, 0.59368789E-1, 0.25110843E-2, 2.5051823, 14089.179, 25444.953, 172230.75, 0.0000000, 0.0000000, 0.0000000, 0.0000000, 0.0000000
0.13316132, 2.2859743, 0.16035004, 0.68612099, 0.56159753, 0.39175785, 4.7334366, 64.540489, 62.236229, -0.23646367E-4, 2.1791480, 0.59368633E-1, 0.25110717E-2, 2.5051515, 14089.151, 25444.910, 172253.34, 0.0000000, 0.0000000, 0.0000000, 0.0000000, 0.0000000
0.13319847, 2.2859833, 0.16036487, 0.68615133, 0.56158555, 0.39175034, 4.7332420, 64.540230, 62.236229, 0.46221568E-4, 2.1794920, 0.59368253E-1, 0.25113628E-2, 2.5052974, 14089.176, 25444.957, 172275.97, 0.0000000, 0.0000000, 0.0000000, 0.0000000, 0.0000000
0.13314518, 2.2859747, 0.16035761, 0.68614548, 0.56160551, 0.39175972, 4.7334518, 64.540047, 62.236229, -0.12415569E-3, 2.1789200, 0.59368134E-1, 0.25110701E-2, 2.5051751, 14089.154, 25444.926, 172297.81, 0.0000000, 0.0000000, 0.0000000, 0.0000000, 0.0000000
0.13318288, 2.2859552, 0.16036300, 0.68613404, 0.56162131, 0.39177421, 4.7336507, 64.539932, 62.236229, -0.18364922E-3, 2.1788065, 0.59368074E-1, 0.25109807E-2, 2.5052254, 14089.049, 25444.740, 172320.36, 0.0000000, 0.0000000, 0.0000000, 0.0000000, 0.0000000
0.13320178, 2.2859674, 0.16036981, 0.68616927, 0.56160307, 0.39176053, 4.7333794, 64.539711, 62.236229, 0.69899354E-4, 2.1795688, 0.59368033E-1, 0.25113546E-2, 2.5053153, 14089.015, 25444.711, 172342.92, 0.0000000, 0.0000000, 0.0000000, 0.0000000, 0.0000000
0.13320139, 2.2859855, 0.16036856, 0.68618703, 0.56160533, 0.39176241, 4.7333417, 64.539474, 62.236229, -0.10229065E-4, 2.1793833, 0.59367869E-1, 0.25114266E-2, 2.5053339, 14089.084, 25444.824, 172365.45, 0.0000000, 0.0000000, 0.0000000, 0.0000000, 0.0000000
0.13316755, 2.2860000, 0.16035405, 0.68617845, 0.56159610, 0.39175770, 4.7333617, 64.539268, 62.236229, -0.20653475E-4, 2.1793287, 0.59367742E-1, 0.25114485E-2, 2.5053034, 14089.037, 25444.760, 172387.92, 0.0000000, 0.0000000, 0.0000000, 0.0000000, 0.0000000
0.13314952, 2.2859674, 0.16035333, 0.68613553, 0.56162035, 0.39177278, 4.7336540, 64.539139, 62.236229, -0.18385908E-3, 2.1787150, 0.59367646E-1, 0.25108510E-2, 2.5051415, 14089.011, 25444.697, 172410.55, 0.0000000, 0.0000000, 0.0000000, 0.0000000, 0.0000000
0.13312665, 2.2859483, 0.16034645, 0.68610638, 0.56159270, 0.39175361, 4.7335076, 64.538971, 62.236229, 0.39623657E-4, 2.1792173, 0.59367049E-1, 0.25109954E-2, 2.5050607, 14088.956, 25444.615, 172432.36, 0.0000000, 0.0000000, 0.0000000, 0.0000000, 0.0000000
0.13314193, 2.2858889, 0.16034429, 0.68604636, 0.56157357, 0.39174259, 4.7334356, 64.538788, 62.236229, -0.14114194E-4, 2.1789021, 0.59366543E-1, 0.25107467E-2, 2.5048978, 14089.031, 25444.715, 172455.06, 0.0000000, 0.0000000, 0.0000000, 0.0000000, 0.0000000
0.13312244, 2.2858694, 0.16034214, 0.68607026, 0.56157315, 0.39173877, 4.7333903, 64.538536, 62.236229, -0.17102575E-5, 2.1790943, 0.59366409E-1, 0.25109991E-2, 2.5050404, 14088.991, 25444.672, 172477.78, 0.0000000, 0.0000000, 0.0000000, 0.0000000, 0.0000000
0.13319187, 2.2858803, 0.16036910, 0.68613094, 0.56158656, 0.39174482, 4.7332306, 64.538208, 62.236229, 0.48261427E-5, 2.1794317, 0.59366155E-1, 0.25113230E-2, 2.5053456, 14089.068, 25444.801, 172500.50, 0.0000000, 0.0000000, 0.0000000, 0.0000000, 0.0000000
0.13320622, 2.2858994, 0.16037127, 0.68617314, 0.56160426, 0.39175957, 4.7333608, 64.537933, 62.236229, -0.83614781E-4, 2.1792126, 0.59365992E-1, 0.25113481E-2, 2.5053525, 14088.999, 25444.693, 172523.12, 0.0000000, 0.0000000, 0.0000000, 0.0000000, 0.0000000
0.13320473, 2.2859232, 0.16037279, 0.68619752, 0.56161165, 0.39176601, 4.7333803, 64.537697, 62.236229, -0.47086214E-4, 2.1793690, 0.59365872E-1, 0.25113774E-2, 2.5054121, 14088.971, 25444.639, 172544.97, 0.0000000, 0.0000000, 0.0000000, 0.0000000, 0.0000000
0.13319989, 2.2859292, 0.16036704, 0.68617618, 0.56159574, 0.39175680, 4.7332783, 64.537437, 62.236229, 0.54736040E-4, 2.1794128, 0.59365790E-1, 0.25113579E-2, 2.5051987, 14089.075, 25444.805, 172567.48, 0.0000000, 0.0000000, 0.0000000, 0.0000000, 0.0000000
0.13318372, 2.2859247, 0.16036256, 0.68616068, 0.56161302, 0.39176750, 4.7334676, 64.537254, 62.236229, -0.12944729E-3, 2.1789734, 0.59365686E-1, 0.25110766E-2, 2.5052421, 14089.069, 25444.781, 172590.09, 0.0000000, 0.0000000, 0.0000000, 0.0000000, 0.0000000
0.13316903, 2.2859514, 0.16035326, 0.68618536, 0.56160343, 0.39176238, 4.7334137, 64.537056, 62.236229, -0.15265250E-5, 2.1794403, 0.59365496E-1, 0.25114154E-2, 2.5053616, 14088.946, 25444.602, 172612.66, 0.0000000, 0.0000000, 0.0000000, 0.0000000, 0.0000000
0.13320769, 2.2859817, 0.16037336, 0.68621296, 0.56162006, 0.39177355, 4.7334175, 64.536842, 62.236229, -0.73703006E-4, 2.1794162, 0.59365317E-1, 0.25114194E-2, 2.5055246, 14088.961, 25444.615, 172635.25, 0.0000000, 0.0000000, 0.0000000, 0.0000000, 0.0000000
0.13319018, 2.2859957, 0.16036935, 0.68620539, 0.56162852, 0.39177632, 4.7334924, 64.536659, 62.236229, -0.10928017E-3, 2.1792176, 0.59365019E-1, 0.25112133E-2, 2.5054250, 14088.917, 25444.555, 172656.09, 0.0000000, 0.0000000, 0.0000000, 0.0000000, 0.0000000
0.13320625, 2.2860069, 0.16037428, 0.68619967, 0.56161124, 0.39176723, 4.7333517, 64.536453, 62.236229, 0.27764501E-4, 2.1794837, 0.59364855E-1, 0.25113958E-2, 2.5053332, 14088.944, 25444.598, 172678.05, 0.0000000, 0.0000000, 0.0000000, 0.0000000, 0.0000000
0.13319837, 2.2860227, 0.16036825, 0.68620026, 0.56161189, 0.39176756, 4.7333689, 64.536247, 62.236229, -0.42877888E-4, 2.1793447, 0.59364580E-1, 0.25113544E-2, 2.5053737, 14088.963, 25444.613, 172699.16, 0.0000000, 0.0000000, 0.0000000, 0.0000000, 0.0000000
0.13318740, 2.2860298, 0.16036983, 0.68619692, 0.56161427, 0.39176720, 4.7333522, 64.536041, 62.236229, -0.32803422E-4, 2.1793194, 0.59364464E-1, 0.25113197E-2, 2.5053253, 14089.000, 25444.680, 172721.53, 0.0000000, 0.0000000, 0.0000000, 0.0000000, 0.0000000
0.13319199, 2.2860501, 0.16037022, 0.68621415, 0.56162685, 0.39177552, 4.7334461, 64.535851, 62.236229, -0.11699446E-3, 2.1792576, 0.59364378E-1, 0.25113218E-2, 2.5054762, 14088.902, 25444.518, 172743.00, 0.0000000, 0.0000000, 0.0000000, 0.0000000, 0.0000000
0.13319203, 2.2860577, 0.16037138, 0.68620628, 0.56162179, 0.39177281, 4.7333946, 64.535660, 62.236229, -0.34492608E-4, 2.1793547, 0.59364237E-1, 0.25113013E-2, 2.5053661, 14088.854, 25444.449, 172765.09, 0.0000000, 0.0000000, 0.0000000, 0.0000000, 0.0000000
0.13312176, 2.2860277, 0.16034363, 0.68613595, 0.56161970, 0.39177334, 4.7336917, 64.535614, 62.236229, -0.17181478E-3, 2.1786628, 0.59363995E-1, 0.25107798E-2, 2.5050578, 14088.712, 25444.273, 172787.31, 0.0000000, 0.0000000, 0.0000000, 0.0000000, 0.0000000
0.13317686, 2.2859938, 0.16036153, 0.68611735, 0.56161213, 0.39176941, 4.7335925, 64.535515, 62.236229, -0.77751232E-4, 2.1790464, 0.59363980E-1, 0.25108994E-2, 2.5051935, 14088.651, 25444.182, 172809.36, 0.0000000, 0.0000000, 0.0000000, 0.0000000, 0.0000000
0.13318737, 2.2859838, 0.16036719, 0.68613452, 0.56160420, 0.39176169, 4.7334590, 64.535339, 62.236229, 0.13500001E-4, 2.1792603, 0.59363931E-1, 0.25111053E-2, 2.5051630, 14088.671, 25444.205, 172830.97, 0.0000000, 0.0000000, 0.0000000, 0.0000000, 0.0000000
0.13316321, 2.2859955, 0.16036104, 0.68616402, 0.56159210, 0.39175430, 4.7333698, 64.535126, 62.236229, -0.91934053E-5, 2.1794045, 0.59363741E-1, 0.25112876E-2, 2.5053492, 14088.666, 25444.191, 172853.42, 0.0000000, 0.0000000, 0.0000000, 0.0000000, 0.0000000
0.13318931, 2.2860012, 0.16036569, 0.68617749, 0.56161088, 0.39176348, 4.7333732, 64.534889, 62.236229, -0.39774342E-4, 2.1792943, 0.59363618E-1, 0.25111996E-2, 2.5053186, 14088.782, 25444.346, 172874.38, 0.0000000, 0.0000000, 0.0000000, 0.0000000, 0.0000000
0.13321076, 2.2860146, 0.16037588, 0.68619812, 0.56161231, 0.39176810, 4.7333589, 64.534660, 62.236229, -0.42400090E-4, 2.1793671, 0.59363499E-1, 0.25113712E-2, 2.5053988, 14088.743, 25444.283, 172896.83, 0.0000000, 0.0000000, 0.0000000, 0.0000000, 0.0000000
0.13318852, 2.2860141, 0.16037032, 0.68618274, 0.56161910, 0.39177203, 4.7334976, 64.534500, 62.236229, -0.10197781E-3, 2.1790755, 0.59363410E-1, 0.25112028E-2, 2.5052679, 14088.675, 25444.221, 172918.47, 0.0000000, 0.0000000, 0.0000000, 0.0000000, 0.0000000
0.13320792, 2.2860274, 0.16037248, 0.68619418, 0.56161094, 0.39176804, 4.7333922, 64.534302, 62.236229, -0.14507648E-4, 2.1794312, 0.59363332E-1, 0.25112962E-2, 2.5053916, 14088.625, 25444.135, 172940.92, 0.0000000, 0.0000000, 0.0000000, 0.0000000, 0.0000000
0.13318312, 2.2860398, 0.16036461, 0.68620425, 0.56162095, 0.39177200, 4.7334423, 64.534111, 62.236229, -0.71518065E-4, 2.1792970, 0.59363168E-1, 0.25111889E-2, 2.5054026, 14088.615, 25444.127, 172963.44, 0.0000000, 0.0000000, 0.0000000, 0.0000000, 0.0000000
0.13318884, 2.2860427, 0.16036946, 0.68620127, 0.56161952, 0.39177120, 4.7334056, 64.533920, 62.236229, -0.35191333E-4, 2.1793470, 0.59362795E-1, 0.25112445E-2, 2.5053620, 14088.598, 25444.078, 172985.67, 0.0000000, 0.0000000, 0.0000000, 0.0000000, 0.0000000
0.13318807, 2.2860496, 0.16036810, 0.68619668, 0.56161582, 0.39176914, 4.7333751, 64.533714, 62.236229, -0.34094905E-4, 2.1793363, 0.59362687E-1, 0.25112403E-2, 2.5053477, 14088.563, 25444.018, 173006.83, 0.0000000, 0.0000000, 0.0000000, 0.0000000, 0.0000000
0.13318968, 2.2860601, 0.16036917, 0.68620223, 0.56162113, 0.39177206, 4.7334013, 64.533524, 62.236229, -0.67855173E-4, 2.1792810, 0.59362620E-1, 0.25112329E-2, 2.5053825, 14088.515, 25443.953, 173029.19, 0.0000000, 0.0000000, 0.0000000, 0.0000000, 0.0000000
0.13316351, 2.2860615, 0.16035123, 0.68618506, 0.56160176, 0.39176205, 4.7333827, 64.533340, 62.236229, -0.36297133E-5, 2.1793396, 0.59362523E-1, 0.25112594E-2, 2.5052724, 14088.448, 25443.848, 173050.73, 0.0000000, 0.0000000, 0.0000000, 0.0000000, 0.0000000
0.13319841, 2.2860491, 0.16037115, 0.68616194, 0.56160957, 0.39176580, 4.7333808, 64.533157, 62.236229, -0.41790190E-4, 2.1791852, 0.59362393E-1, 0.25111437E-2, 2.5052299, 14088.546, 25444.008, 173072.84, 0.0000000, 0.0000000, 0.0000000, 0.0000000, 0.0000000
0.13318931, 2.2860556, 0.16036969, 0.68618405, 0.56161219, 0.39176571, 4.7333550, 64.532951, 62.236229, -0.41926338E-4, 2.1793165, 0.59362292E-1, 0.25112424E-2, 2.5053492, 14088.527, 25443.949, 173094.45, 0.0000000, 0.0000000, 0.0000000, 0.0000000, 0.0000000
0.13317469, 2.2860763, 0.16036087, 0.68621165, 0.56162161, 0.39177448, 4.7334690, 64.532768, 62.236229, -0.99228986E-4, 2.1792781, 0.59361696E-1, 0.25113227E-2, 2.5054505, 14088.394, 25443.771, 173117.09, 0.0000000, 0.0000000, 0.0000000, 0.0000000, 0.0000000
0.13320257, 2.2860780, 0.16036987, 0.68619871, 0.56161094, 0.39176849, 4.7333493, 64.532578, 62.236229, 0.52757969E-5, 2.1794436, 0.59361346E-1, 0.25112578E-2, 2.5053527, 14088.427, 25443.814, 173139.61, 0.0000000, 0.0000000, 0.0000000, 0.0000000, 0.0000000
0.13319661, 2.2860889, 0.16037112, 0.68621260, 0.56163114, 0.39177778, 4.7334309, 64.532387, 62.236229, -0.10511788E-3, 2.1792643, 0.59361052E-1, 0.25111302E-2, 2.5054581, 14088.420, 25443.824, 173161.19, 0.0000000, 0.0000000, 0.0000000, 0.0000000, 0.0000000
0.13318722, 2.2860961, 0.16036850, 0.68621111, 0.56162548, 0.39177549, 4.7334304, 64.532196, 62.236229, -0.52696239E-4, 2.1793528, 0.59360929E-1, 0.25111467E-2, 2.5054107, 14088.319, 25443.682, 173183.53, 0.0000000, 0.0000000, 0.0000000, 0.0000000, 0.0000000
0.13311569, 2.2860522, 0.16033977, 0.68613213, 0.56161499, 0.39177075, 4.7336717, 64.532150, 62.236229, -0.13146448E-3, 2.1787114, 0.59360877E-1, 0.25106822E-2, 2.5050049, 14088.185, 25443.436, 173204.25, 0.0000000, 0.0000000, 0.0000000, 0.0000000, 0.0000000
0.13311848, 2.2859895, 0.16034006, 0.68606192, 0.56158257, 0.39174926, 4.7334552, 64.531998, 62.236229, 0.72736249E-4, 2.1790497, 0.59360720E-1, 0.25106720E-2, 2.5048225, 14088.256, 25443.570, 173224.62, 0.0000000, 0.0000000, 0.0000000, 0.0000000, 0.0000000
0.13315122, 2.2859561, 0.16035543, 0.68607700, 0.56159747, 0.39175636, 4.7335243, 64.531837, 62.236229, -0.14002447E-3, 2.1788428, 0.59360605E-1, 0.25106887E-2, 2.5051596, 14088.222, 25443.512, 173246.45, 0.0000000, 0.0000000, 0.0000000, 0.0000000, 0.0000000
0.13321607, 2.2859671, 0.16037707, 0.68614632, 0.56159329, 0.39175314, 4.7332492, 64.531555, 62.236229, 0.52533491E-4, 2.1795778, 0.59360504E-1, 0.25112764E-2, 2.5053673, 14088.228, 25443.539, 173267.42, 0.0000000, 0.0000000, 0.0000000, 0.0000000, 0.0000000
0.13316245, 2.2859695, 0.16036846, 0.68615162, 0.56160122, 0.39175904, 4.7334156, 64.531364, 62.236229, -0.11278392E-3, 2.1790252, 0.59360411E-1, 0.25111244E-2, 2.5052490, 14088.104, 25443.318, 173289.09, 0.0000000, 0.0000000, 0.0000000, 0.0000000, 0.0000000
0.13319968, 2.2859697, 0.16036563, 0.68615127, 0.56160206, 0.39176199, 4.7334213, 64.531174, 62.236229, -0.69021829E-4, 2.1791880, 0.59360344E-1, 0.25110715E-2, 2.5053036, 14088.009, 25443.160, 173310.36, 0.0000000, 0.0000000, 0.0000000, 0.0000000, 0.0000000
0.13320704, 2.2859855, 0.16037191, 0.68617916, 0.56160259, 0.39176100, 4.7333002, 64.530914, 62.236229, 0.25296016E-4, 2.1794724, 0.59360255E-1, 0.25112459E-2, 2.5053344, 14088.067, 25443.279, 173332.56, 0.0000000, 0.0000000, 0.0000000, 0.0000000, 0.0000000
0.13317329, 2.2859747, 0.16035901, 0.68615985, 0.56161165, 0.39176726, 4.7334914, 64.530746, 62.236229, -0.12156603E-3, 2.1789722, 0.59360001E-1, 0.25109469E-2, 2.5052249, 14088.037, 25443.207, 173353.52, 0.0000000, 0.0000000, 0.0000000, 0.0000000, 0.0000000
0.13319623, 2.2859941, 0.16037248, 0.68619841, 0.56162012, 0.39177090, 4.7334237, 64.530533, 62.236229, -0.48124173E-4, 2.1794331, 0.59359882E-1, 0.25111665E-2, 2.5054832, 14087.985, 25443.129, 173374.98, 0.0000000, 0.0000000, 0.0000000, 0.0000000, 0.0000000
0.13319321, 2.2860200, 0.16037033, 0.68622023, 0.56162840, 0.39177746, 4.7334905, 64.530334, 62.236229, -0.93379465E-4, 2.1793575, 0.59359565E-1, 0.25111830E-2, 2.5055203, 14087.924, 25443.008, 173397.27, 0.0000000, 0.0000000, 0.0000000, 0.0000000, 0.0000000
0.13316244, 2.2860134, 0.16036713, 0.68618083, 0.56161982, 0.39177194, 4.7335186, 64.530182, 62.236229, -0.36288926E-4, 2.1791573, 0.59359416E-1, 0.25110198E-2, 2.5051892, 14087.896, 25442.971, 173419.41, 0.0000000, 0.0000000, 0.0000000, 0.0000000, 0.0000000
0.13319770, 2.2860160, 0.16037218, 0.68619251, 0.56161457, 0.39176822, 4.7333646, 64.529968, 62.236229, 0.16967591E-4, 2.1794817, 0.59359152E-1, 0.25111742E-2, 2.5053658, 14087.963, 25443.096, 173440.44, 0.0000000, 0.0000000, 0.0000000, 0.0000000, 0.0000000
0.13316342, 2.2860279, 0.16036844, 0.68618822, 0.56160790, 0.39176437, 4.7333617, 64.529770, 62.236229, -0.42370928E-4, 2.1793199, 0.59359040E-1, 0.25111791E-2, 2.5053527, 14087.953, 25443.090, 173461.81, 0.0000000, 0.0000000, 0.0000000, 0.0000000, 0.0000000
0.13316482, 2.2860291, 0.16035405, 0.68617213, 0.56159431, 0.39175597, 4.7333102, 64.529541, 62.236229, 0.29358416E-4, 2.1793871, 0.59358954E-1, 0.25111805E-2, 2.5052364, 14088.006, 25443.166, 173483.72, 0.0000000, 0.0000000, 0.0000000, 0.0000000, 0.0000000
0.13320597, 2.2860434, 0.16037261, 0.68619496, 0.56161058, 0.39176661, 4.7333088, 64.529305, 62.236229, -0.48417511E-4, 2.1793854, 0.59358783E-1, 0.25112550E-2, 2.5054359, 14088.052, 25443.240, 173505.34, 0.0000000, 0.0000000, 0.0000000, 0.0000000, 0.0000000
0.13319112, 2.2860498, 0.16036770, 0.68619668, 0.56161565, 0.39176944, 4.7333593, 64.529099, 62.236229, -0.63793617E-4, 2.1792724, 0.59358526E-1, 0.25111625E-2, 2.5053616, 14087.995, 25443.152, 173527.84, 0.0000000, 0.0000000, 0.0000000, 0.0000000, 0.0000000
0.13314280, 2.2860329, 0.16035570, 0.68616098, 0.56161273, 0.39176640, 4.7334824, 64.528946, 62.236229, -0.85766835E-4, 2.1790023, 0.59358466E-1, 0.25108499E-2, 2.5051630, 14087.907, 25442.986, 173549.31, 0.0000000, 0.0000000, 0.0000000, 0.0000000, 0.0000000
0.13318296, 2.2860115, 0.16036357, 0.68614525, 0.56160563, 0.39176247, 4.7333865, 64.528748, 62.236229, -0.33111661E-4, 2.1792316, 0.59358247E-1, 0.25109225E-2, 2.5052586, 14087.902, 25442.986, 173571.47, 0.0000000, 0.0000000, 0.0000000, 0.0000000, 0.0000000
0.13320006, 2.2860193, 0.16036847, 0.68617791, 0.56160486, 0.39176181, 4.7333121, 64.528526, 62.236229, -0.17381652E-4, 2.1793983, 0.59358146E-1, 0.25111595E-2, 2.5053692, 14087.868, 25442.908, 173591.64, 0.0000000, 0.0000000, 0.0000000, 0.0000000, 0.0000000
0.13318865, 2.2860110, 0.16036488, 0.68616563, 0.56161249, 0.39176768, 4.7334151, 64.528358, 62.236229, -0.82673068E-4, 2.1790740, 0.59358038E-1, 0.25110201E-2, 2.5052252, 14087.834, 25442.855, 173611.98, 0.0000000, 0.0000000, 0.0000000, 0.0000000, 0.0000000
0.13320479, 2.2860203, 0.16037230, 0.68619251, 0.56161094, 0.39176664, 4.7333107, 64.528137, 62.236229, -0.32377429E-5, 2.1794541, 0.59357956E-1, 0.25112005E-2, 2.5053890, 14087.800, 25442.795, 173632.83, 0.0000000, 0.0000000, 0.0000000, 0.0000000, 0.0000000
0.13319685, 2.2860384, 0.16037291, 0.68620104, 0.56161898, 0.39177299, 4.7333670, 64.527946, 62.236229, -0.99703379E-4, 2.1792839, 0.59357837E-1, 0.25111623E-2, 2.5054643, 14087.758, 25442.711, 173654.22, 0.0000000, 0.0000000, 0.0000000, 0.0000000, 0.0000000
0.13319843, 2.2860620, 0.16037135, 0.68621796, 0.56162608, 0.39177772, 4.7334056, 64.527756, 62.236229, -0.87405788E-4, 2.1793644, 0.59357699E-1, 0.25111344E-2, 2.5055115, 14087.672, 25442.611, 173675.41, 0.0000000, 0.0000000, 0.0000000, 0.0000000, 0.0000000
0.13320178, 2.2860706, 0.16036984, 0.68619907, 0.56161380, 0.39177108, 4.7333493, 64.527573, 62.236229, -0.23486034E-4, 2.1793866, 0.59357308E-1, 0.25111393E-2, 2.5053730, 14087.640, 25442.551, 173696.23, 0.0000000, 0.0000000, 0.0000000, 0.0000000, 0.0000000
0.13320763, 2.2860813, 0.16037539, 0.68620294, 0.56161737, 0.39177215, 4.7333279, 64.527374, 62.236229, -0.29034971E-4, 2.1793568, 0.59357230E-1, 0.25111251E-2, 2.5053582, 14087.681, 25442.631, 173717.58, 0.0000000, 0.0000000, 0.0000000, 0.0000000, 0.0000000
0.13318981, 2.2860692, 0.16036949, 0.68618000, 0.56162548, 0.39177719, 4.7334824, 64.527237, 62.236229, -0.11043320E-3, 2.1790066, 0.59357170E-1, 0.25108813E-2, 2.5052297, 14087.599, 25442.473, 173739.72, 0.0000000, 0.0000000, 0.0000000, 0.0000000, 0.0000000
0.13314551, 2.2860491, 0.16035752, 0.68615413, 0.56162971, 0.39177886, 4.7336764, 64.527199, 62.236229, -0.14368305E-3, 2.1788070, 0.59357103E-1, 0.25106929E-2, 2.5051334, 14087.389, 25442.170, 173760.61, 0.0000000, 0.0000000, 0.0000000, 0.0000000, 0.0000000
0.13313928, 2.2860258, 0.16035487, 0.68613476, 0.56160063, 0.39175710, 4.7334270, 64.527031, 62.236229, 0.58725229E-4, 2.1793590, 0.59357077E-1, 0.25108198E-2, 2.5051556, 14087.435, 25442.205, 173782.55, 0.0000000, 0.0000000, 0.0000000, 0.0000000, 0.0000000
0.13314657, 2.2859631, 0.16035028, 0.68606824, 0.56158841, 0.39175215, 4.7334309, 64.526871, 62.236229, -0.49387163E-4, 2.1788549, 0.59356954E-1, 0.25104878E-2, 2.5049427, 14087.534, 25442.393, 173803.52, 0.0000000, 0.0000000, 0.0000000, 0.0000000, 0.0000000
0.13319302, 2.2859707, 0.16036846, 0.68614376, 0.56159723, 0.39175427, 4.7332673, 64.526604, 62.236229, -0.10599266E-4, 2.1794336, 0.59356853E-1, 0.25110501E-2, 2.5053930, 14087.528, 25442.354, 173824.97, 0.0000000, 0.0000000, 0.0000000, 0.0000000, 0.0000000
0.13318430, 2.2859695, 0.16036555, 0.68615448, 0.56161338, 0.39176708, 4.7334533, 64.526413, 62.236229, -0.12073293E-3, 2.1789770, 0.59356201E-1, 0.25108457E-2, 2.5052297, 14087.391, 25442.174, 173847.33, 0.0000000, 0.0000000, 0.0000000, 0.0000000, 0.0000000
0.13317059, 2.2859969, 0.16035664, 0.68619436, 0.56161362, 0.39176834, 4.7334423, 64.526215, 62.236229, -0.31197706E-4, 2.1794224, 0.59355881E-1, 0.25111276E-2, 2.5054281, 14087.294, 25442.035, 173868.58, 0.0000000, 0.0000000, 0.0000000, 0.0000000, 0.0000000
0.13315141, 2.2859714, 0.16035713, 0.68614429, 0.56162703, 0.39177758, 4.7336650, 64.526138, 62.236229, -0.16189463E-3, 2.1788023, 0.59355613E-1, 0.25105439E-2, 2.5051761, 14087.263, 25441.986, 173888.78, 0.0000000, 0.0000000, 0.0000000, 0.0000000, 0.0000000
0.13310993, 2.2859061, 0.16033456, 0.68605930, 0.56157959, 0.39174822, 4.7335052, 64.525986, 62.236229, 0.61916435E-4, 2.1790192, 0.59355531E-1, 0.25104303E-2, 2.5048256, 14087.324, 25442.059, 173908.70, 0.0000000, 0.0000000, 0.0000000, 0.0000000, 0.0000000
0.13314363, 2.2858474, 0.16034815, 0.68603426, 0.56157148, 0.39174017, 4.7333689, 64.525780, 62.236229, -0.93651179E-5, 2.1789830, 0.59355456E-1, 0.25104643E-2, 2.5049736, 14087.423, 25442.215, 173929.23, 0.0000000, 0.0000000, 0.0000000, 0.0000000, 0.0000000
0.13315870, 2.2858405, 0.16036364, 0.68609345, 0.56157732, 0.39173952, 4.7332807, 64.525467, 62.236229, 0.18320876E-4, 2.1792290, 0.59355203E-1, 0.25109195E-2, 2.5051281, 14087.432, 25442.203, 173949.69, 0.0000000, 0.0000000, 0.0000000, 0.0000000, 0.0000000
0.13319835, 2.2858574, 0.16037293, 0.68615615, 0.56159848, 0.39175349, 4.7332692, 64.525162, 62.236229, -0.27600443E-4, 2.1793518, 0.59355047E-1, 0.25110703E-2, 2.5053515, 14087.433, 25442.225, 173970.33, 0.0000000, 0.0000000, 0.0000000, 0.0000000, 0.0000000
0.13316415, 2.2858660, 0.16036794, 0.68615383, 0.56160462, 0.39175943, 4.7334085, 64.524940, 62.236229, -0.64742955E-4, 2.1790588, 0.59354946E-1, 0.25109192E-2, 2.5051658, 14087.383, 25442.158, 173991.75, 0.0000000, 0.0000000, 0.0000000, 0.0000000, 0.0000000
0.13320245, 2.2858858, 0.16036880, 0.68618560, 0.56160653, 0.39176250, 4.7333379, 64.524666, 62.236229, -0.62698964E-5, 2.1794789, 0.59354860E-1, 0.25111341E-2, 2.5054202, 14087.378, 25442.150, 174013.77, 0.0000000, 0.0000000, 0.0000000, 0.0000000, 0.0000000
0.13317938, 2.2858973, 0.16036052, 0.68616736, 0.56161553, 0.39176959, 4.7335076, 64.524483, 62.236229, -0.13831505E-3, 2.1790588, 0.59354611E-1, 0.25108575E-2, 2.5053542, 14087.290, 25442.025, 174034.55, 0.0000000, 0.0000000, 0.0000000, 0.0000000, 0.0000000
0.13315533, 2.2858863, 0.16035590, 0.68613648, 0.56162506, 0.39177620, 4.7337074, 64.524399, 62.236229, -0.15081203E-3, 2.1788323, 0.59354503E-1, 0.25105365E-2, 2.5051754, 14087.181, 25441.855, 174056.36, 0.0000000, 0.0000000, 0.0000000, 0.0000000, 0.0000000
0.13320059, 2.2858896, 0.16036710, 0.68616295, 0.56159621, 0.39175570, 4.7333255, 64.524124, 62.236229, 0.14539709E-3, 2.1797361, 0.59354395E-1, 0.25110920E-2, 2.5052946, 14087.277, 25442.010, 174077.25, 0.0000000, 0.0000000, 0.0000000, 0.0000000, 0.0000000
0.13320678, 2.2859154, 0.16037115, 0.68618536, 0.56160462, 0.39176250, 4.7333555, 64.523865, 62.236229, -0.55213575E-4, 2.1793659, 0.59354000E-1, 0.25111507E-2, 2.5054352, 14087.347, 25442.115, 174098.83, 0.0000000, 0.0000000, 0.0000000, 0.0000000, 0.0000000
0.13317221, 2.2859297, 0.16035651, 0.68617904, 0.56159478, 0.39175639, 4.7333355, 64.523605, 62.236229, 0.31648349E-4, 2.1793990, 0.59353705E-1, 0.25111306E-2, 2.5052390, 14087.362, 25442.137, 174121.00, 0.0000000, 0.0000000, 0.0000000, 0.0000000, 0.0000000
0.13314644, 2.2859099, 0.16035739, 0.68614388, 0.56162000, 0.39177164, 4.7336707, 64.523468, 62.236229, -0.17358581E-3, 2.1787319, 0.59353571E-1, 0.25106559E-2, 2.5051298, 14087.333, 25442.084, 174142.19, 0.0000000, 0.0000000, 0.0000000, 0.0000000, 0.0000000
0.13312723, 2.2858636, 0.16034421, 0.68608093, 0.56159312, 0.39175522, 4.7335887, 64.523315, 62.236229, 0.27188973E-4, 2.1789882, 0.59353523E-1, 0.25105113E-2, 2.5048802, 14087.300, 25442.033, 174160.47, 0.0000000, 0.0000000, 0.0000000, 0.0000000, 0.0000000
0.13320819, 2.2858758, 0.16037109, 0.68614024, 0.56158680, 0.39174837, 4.7332497, 64.523003, 62.236229, 0.92885704E-4, 2.1796532, 0.59353370E-1, 0.25111190E-2, 2.5053442, 14087.458, 25442.232, 174181.53, 0.0000000, 0.0000000, 0.0000000, 0.0000000, 0.0000000
0.13315710, 2.2858894, 0.16036288, 0.68616831, 0.56160384, 0.39175686, 4.7333899, 64.522743, 62.236229, -0.61260856E-4, 2.1791847, 0.59353080E-1, 0.25109784E-2, 2.5052686, 14087.479, 25442.287, 174201.78, 0.0000000, 0.0000000, 0.0000000, 0.0000000, 0.0000000
0.13316566, 2.2858973, 0.16036944, 0.68617773, 0.56160474, 0.39175799, 4.7333493, 64.522469, 62.236229, 0.65714121E-5, 2.1793756, 0.59352845E-1, 0.25110228E-2, 2.5052845, 14087.507, 25442.316, 174221.53, 0.0000000, 0.0000000, 0.0000000, 0.0000000, 0.0000000
0.13320532, 2.2859228, 0.16037202, 0.68619901, 0.56161201, 0.39176652, 4.7333798, 64.522202, 62.236229, -0.53308118E-4, 2.1793802, 0.59352711E-1, 0.25111483E-2, 2.5054412, 14087.470, 25442.270, 174242.84, 0.0000000, 0.0000000, 0.0000000, 0.0000000, 0.0000000
0.13319539, 2.2859297, 0.16036803, 0.68617654, 0.56161767, 0.39177153, 4.7334967, 64.522034, 62.236229, -0.84003055E-4, 2.1790979, 0.59352595E-1, 0.25109488E-2, 2.5052483, 14087.413, 25442.195, 174264.77, 0.0000000, 0.0000000, 0.0000000, 0.0000000, 0.0000000
0.13318779, 2.2859452, 0.16036612, 0.68618584, 0.56160939, 0.39176419, 4.7333875, 64.521805, 62.236229, 0.11478114E-4, 2.1794376, 0.59352513E-1, 0.25110559E-2, 2.5053327, 14087.431, 25442.211, 174285.39, 0.0000000, 0.0000000, 0.0000000, 0.0000000, 0.0000000
0.13318159, 2.2859387, 0.16036157, 0.68615597, 0.56161195, 0.39176765, 4.7334809, 64.521629, 62.236229, -0.83517982E-4, 2.1790631, 0.59352379E-1, 0.25107849E-2, 2.5052180, 14087.465, 25442.275, 174306.33, 0.0000000, 0.0000000, 0.0000000, 0.0000000, 0.0000000
0.13321649, 2.2859776, 0.16037811, 0.68621504, 0.56162816, 0.39177829, 4.7334795, 64.521431, 62.236229, -0.91179623E-4, 2.1794286, 0.59352249E-1, 0.25111514E-2, 2.5055821, 14087.413, 25442.191, 174327.30, 0.0000000, 0.0000000, 0.0000000, 0.0000000, 0.0000000
0.13318574, 2.2859914, 0.16036701, 0.68620372, 0.56161863, 0.39177102, 4.7334499, 64.521233, 62.236229, -0.19701489E-4, 2.1793625, 0.59351847E-1, 0.25110566E-2, 2.5053389, 14087.419, 25442.211, 174349.67, 0.0000000, 0.0000000, 0.0000000, 0.0000000, 0.0000000
0.13315703, 2.2859766, 0.16035829, 0.68615347, 0.56163281, 0.39178264, 4.7337494, 64.521179, 62.236229, -0.20253242E-3, 2.1787193, 0.59351791E-1, 0.25105546E-2, 2.5051923, 14087.296, 25442.027, 174370.78, 0.0000000, 0.0000000, 0.0000000, 0.0000000, 0.0000000
0.13319817, 2.2859852, 0.16037606, 0.68618494, 0.56161422, 0.39176762, 4.7334347, 64.520973, 62.236229, 0.68068344E-4, 2.1796224, 0.59351772E-1, 0.25110447E-2, 2.5053732, 14087.257, 25441.975, 174390.06, 0.0000000, 0.0000000, 0.0000000, 0.0000000, 0.0000000
0.13319853, 2.2859967, 0.16036879, 0.68619692, 0.56161350, 0.39176852, 4.7334304, 64.520782, 62.236229, -0.41119842E-4, 2.1793525, 0.59351675E-1, 0.25110552E-2, 2.5053823, 14087.273, 25442.010, 174409.94, 0.0000000, 0.0000000, 0.0000000, 0.0000000, 0.0000000
0.13319108, 2.2860012, 0.16036943, 0.68619335, 0.56162167, 0.39177063, 4.7334194, 64.520569, 62.236229, -0.33049640E-4, 2.1792998, 0.59351549E-1, 0.25108969E-2, 2.5053155, 14087.315, 25442.066, 174430.00, 0.0000000, 0.0000000, 0.0000000, 0.0000000, 0.0000000
0.13319430, 2.2860134, 0.16036765, 0.68620336, 0.56162483, 0.39177442, 4.7334723, 64.520378, 62.236229, -0.96059724E-4, 2.1792684, 0.59351429E-1, 0.25109181E-2, 2.5054405, 14087.207, 25441.887, 174449.72, 0.0000000, 0.0000000, 0.0000000, 0.0000000, 0.0000000
0.13315549, 2.2860138, 0.16036475, 0.68619698, 0.56161410, 0.39176592, 4.7334027, 64.520164, 62.236229, 0.12144723E-4, 2.1793873, 0.59351329E-1, 0.25109875E-2, 2.5052853, 14087.201, 25441.871, 174470.89, 0.0000000, 0.0000000, 0.0000000, 0.0000000, 0.0000000
0.13320711, 2.2860284, 0.16037452, 0.68620992, 0.56161815, 0.39177170, 4.7333779, 64.519951, 62.236229, -0.45248540E-4, 2.1794176, 0.59350472E-1, 0.25110992E-2, 2.5054612, 14087.189, 25441.850, 174492.77, 0.0000000, 0.0000000, 0.0000000, 0.0000000, 0.0000000
0.13319682, 2.2860365, 0.16036688, 0.68618774, 0.56160402, 0.39176431, 4.7333345, 64.519753, 62.236229, -0.10631455E-4, 2.1793544, 0.59350166E-1, 0.25110489E-2, 2.5053077, 14087.160, 25441.795, 174513.12, 0.0000000, 0.0000000, 0.0000000, 0.0000000, 0.0000000
0.13320275, 2.2860403, 0.16037163, 0.68619031, 0.56160492, 0.39176333, 4.7332745, 64.519516, 62.236229, 0.66856446E-5, 2.1794028, 0.59350032E-1, 0.25110920E-2, 2.5053103, 14087.229, 25441.924, 174533.75, 0.0000000, 0.0000000, 0.0000000, 0.0000000, 0.0000000
0.13319458, 2.2860403, 0.16037081, 0.68618566, 0.56160808, 0.39176387, 4.7332702, 64.519287, 62.236229, -0.57255675E-5, 2.1792974, 0.59349809E-1, 0.25110405E-2, 2.5052364, 14087.291, 25442.035, 174555.36, 0.0000000, 0.0000000, 0.0000000, 0.0000000, 0.0000000
0.13312685, 2.2860196, 0.16034620, 0.68613964, 0.56160545, 0.39176196, 4.7334461, 64.519142, 62.236229, -0.73642674E-4, 2.1789238, 0.59349690E-1, 0.25107088E-2, 2.5050616, 14087.277, 25442.012, 174576.47, 0.0000000, 0.0000000, 0.0000000, 0.0000000, 0.0000000
0.13316852, 2.2860081, 0.16035494, 0.68614161, 0.56157905, 0.39174432, 4.7331567, 64.518875, 62.236229, 0.12429495E-3, 2.1795781, 0.59349600E-1, 0.25111130E-2, 2.5051854, 14087.418, 25442.189, 174595.84, 0.0000000, 0.0000000, 0.0000000, 0.0000000, 0.0000000
0.13321823, 2.2860155, 0.16037925, 0.68617892, 0.56160444, 0.39176142, 4.7331901, 64.518608, 62.236229, -0.55770681E-4, 2.1793222, 0.59349500E-1, 0.25111365E-2, 2.5053825, 14087.545, 25442.379, 174615.42, 0.0000000, 0.0000000, 0.0000000, 0.0000000, 0.0000000
0.13314050, 2.2860124, 0.16035309, 0.68615770, 0.56161070, 0.39176497, 4.7334571, 64.518471, 62.236229, -0.16082029E-3, 2.1788871, 0.59349395E-1, 0.25107891E-2, 2.5052345, 14087.325, 25442.078, 174634.58, 0.0000000, 0.0000000, 0.0000000, 0.0000000, 0.0000000
0.13317627, 2.2859690, 0.16035743, 0.68610454, 0.56160247, 0.39176276, 4.7334633, 64.518333, 62.236229, -0.64640713E-4, 2.1789224, 0.59349354E-1, 0.25105861E-2, 2.5050433, 14087.315, 25442.047, 174655.17, 0.0000000, 0.0000000, 0.0000000, 0.0000000, 0.0000000
0.13315824, 2.2859523, 0.16035362, 0.68611068, 0.56157762, 0.39174414, 4.7332778, 64.518120, 62.236229, 0.80577622E-4, 2.1793358, 0.59349164E-1, 0.25109835E-2, 2.5050657, 14087.375, 25442.148, 174676.14, 0.0000000, 0.0000000, 0.0000000, 0.0000000, 0.0000000
0.13317457, 2.2859468, 0.16036037, 0.68613201, 0.56160355, 0.39175969, 4.7333984, 64.517921, 62.236229, -0.13165391E-3, 2.1790168, 0.59348993E-1, 0.25107823E-2, 2.5052929, 14087.387, 25442.172, 174696.72, 0.0000000, 0.0000000, 0.0000000, 0.0000000, 0.0000000
0.13311052, 2.2859046, 0.16033366, 0.68607962, 0.56158853, 0.39175314, 4.7335477, 64.517815, 62.236229, -0.85707172E-4, 2.1787767, 0.59348714E-1, 0.25104599E-2, 2.5049551, 14087.224, 25441.930, 174717.47, 0.0000000, 0.0000000, 0.0000000, 0.0000000, 0.0000000
0.13316730, 2.2859073, 0.16035166, 0.68612468, 0.56157714, 0.39174163, 4.7332120, 64.517532, 62.236229, 0.10498297E-3, 2.1796017, 0.59348565E-1, 0.25110384E-2, 2.5052583, 14087.304, 25442.053, 174738.22, 0.0000000, 0.0000000, 0.0000000, 0.0000000, 0.0000000
0.13314794, 2.2859163, 0.16035806, 0.68616080, 0.56159854, 0.39175326, 4.7332997, 64.517273, 62.236229, -0.62849955E-4, 2.1792216, 0.59348244E-1, 0.25109176E-2, 2.5053065, 14087.366, 25442.139, 174760.39, 0.0000000, 0.0000000, 0.0000000, 0.0000000, 0.0000000
0.13318655, 2.2859080, 0.16036649, 0.68614733, 0.56160212, 0.39175960, 4.7333636, 64.517059, 62.236229, -0.63816900E-4, 2.1791179, 0.59348118E-1, 0.25109358E-2, 2.5052187, 14087.366, 25442.131, 174779.61, 0.0000000, 0.0000000, 0.0000000, 0.0000000, 0.0000000
0.13316108, 2.2859089, 0.16036731, 0.68614835, 0.56160134, 0.39175701, 4.7333679, 64.516846, 62.236229, -0.19038329E-4, 2.1791811, 0.59347991E-1, 0.25109260E-2, 2.5051618, 14087.320, 25442.068, 174798.97, 0.0000000, 0.0000000, 0.0000000, 0.0000000, 0.0000000
0.13315775, 2.2859197, 0.16036598, 0.68617070, 0.56160057, 0.39175627, 4.7333126, 64.516602, 62.236229, -0.76100696E-5, 2.1793821, 0.59347730E-1, 0.25110412E-2, 2.5053258, 14087.336, 25442.098, 174818.64, 0.0000000, 0.0000000, 0.0000000, 0.0000000, 0.0000000
0.13319677, 2.2859259, 0.16036467, 0.68617225, 0.56159854, 0.39175767, 4.7332602, 64.516342, 62.236229, -0.31781965E-5, 2.1793787, 0.59347603E-1, 0.25110638E-2, 2.5053098, 14087.381, 25442.154, 174837.95, 0.0000000, 0.0000000, 0.0000000, 0.0000000, 0.0000000
0.13319097, 2.2859414, 0.16036917, 0.68618494, 0.56160909, 0.39176300, 4.7332978, 64.516106, 62.236229, -0.54292002E-4, 2.1792922, 0.59347376E-1, 0.25110454E-2, 2.5053520, 14087.415, 25442.197, 174859.03, 0.0000000, 0.0000000, 0.0000000, 0.0000000, 0.0000000
0.13316721, 2.2859452, 0.16035259, 0.68616676, 0.56158733, 0.39175060, 4.7332239, 64.515862, 62.236229, 0.62366729E-4, 2.1794026, 0.59347253E-1, 0.25111234E-2, 2.5051618, 14087.456, 25442.240, 174880.81, 0.0000000, 0.0000000, 0.0000000, 0.0000000, 0.0000000
0.13312024, 2.2859135, 0.16034201, 0.68610847, 0.56160361, 0.39176139, 4.7335601, 64.515762, 62.236229, -0.17300667E-3, 2.1786487, 0.59347138E-1, 0.25105188E-2, 2.5050399, 14087.430, 25442.225, 174901.08, 0.0000000, 0.0000000, 0.0000000, 0.0000000, 0.0000000
0.13311137, 2.2858546, 0.16033536, 0.68604147, 0.56156886, 0.39174059, 4.7334032, 64.515594, 62.236229, 0.37762526E-4, 2.1789846, 0.59347093E-1, 0.25104627E-2, 2.5048435, 14087.426, 25442.227, 174920.91, 0.0000000, 0.0000000, 0.0000000, 0.0000000, 0.0000000
0.13312644, 2.2857909, 0.16033842, 0.68601018, 0.56156075, 0.39173242, 4.7333283, 64.515404, 62.236229, -0.19447907E-4, 2.1788449, 0.59347007E-1, 0.25104345E-2, 2.5048556, 14087.529, 25442.375, 174943.11, 0.0000000, 0.0000000, 0.0000000, 0.0000000, 0.0000000
0.13315915, 2.2857943, 0.16034937, 0.68608880, 0.56155646, 0.39172536, 4.7330909, 64.515045, 62.236229, 0.95780764E-4, 2.1795018, 0.59346814E-1, 0.25111367E-2, 2.5051761, 14087.589, 25442.471, 174962.11, 0.0000000, 0.0000000, 0.0000000, 0.0000000, 0.0000000
0.13317963, 2.2857778, 0.16036052, 0.68610162, 0.56160235, 0.39175844, 4.7334890, 64.514832, 62.236229, -0.23010920E-3, 2.1786301, 0.59346370E-1, 0.25106375E-2, 2.5051668, 14087.514, 25442.373, 174981.16, 0.0000000, 0.0000000, 0.0000000, 0.0000000, 0.0000000
0.13317682, 2.2857752, 0.16035768, 0.68611515, 0.56161243, 0.39176685, 4.7336440, 64.514725, 62.236229, -0.14126374E-3, 2.1788666, 0.59346311E-1, 0.25106752E-2, 2.5051737, 14087.296, 25442.018, 175000.84, 0.0000000, 0.0000000, 0.0000000, 0.0000000, 0.0000000
0.13311434, 2.2857590, 0.16033527, 0.68608826, 0.56159508, 0.39175600, 4.7336597, 64.514618, 62.236229, -0.38978964E-4, 2.1789398, 0.59346270E-1, 0.25105127E-2, 2.5049913, 14087.208, 25441.910, 175020.44, 0.0000000, 0.0000000, 0.0000000, 0.0000000, 0.0000000
0.13314833, 2.2857347, 0.16035043, 0.68607378, 0.56159121, 0.39175260, 4.7335515, 64.514450, 62.236229, -0.48107089E-4, 2.1790509, 0.59346199E-1, 0.25105046E-2, 2.5051239, 14087.258, 25441.975, 175041.33, 0.0000000, 0.0000000, 0.0000000, 0.0000000, 0.0000000
0.13316460, 2.2857502, 0.16036950, 0.68612701, 0.56158215, 0.39174119, 4.7332420, 64.514130, 62.236229, 0.12177730E-3, 2.1795778, 0.59346054E-1, 0.25109958E-2, 2.5051916, 14087.320, 25442.068, 175061.69, 0.0000000, 0.0000000, 0.0000000, 0.0000000, 0.0000000
0.13314788, 2.2857301, 0.16035089, 0.68609494, 0.56159985, 0.39175689, 4.7335978, 64.513962, 62.236229, -0.19978284E-3, 2.1786408, 0.59345908E-1, 0.25104829E-2, 2.5051033, 14087.230, 25441.924, 175082.05, 0.0000000, 0.0000000, 0.0000000, 0.0000000, 0.0000000
0.13316037, 2.2857311, 0.16035877, 0.68610579, 0.56159484, 0.39175248, 4.7334876, 64.513733, 62.236229, -0.47288195E-5, 2.1792259, 0.59345286E-1, 0.25107069E-2, 2.5051789, 14087.153, 25441.797, 175103.33, 0.0000000, 0.0000000, 0.0000000, 0.0000000, 0.0000000
0.13314235, 2.2857089, 0.16034682, 0.68608248, 0.56159461, 0.39175424, 4.7336364, 64.513573, 62.236229, -0.11914197E-3, 2.1788199, 0.59344910E-1, 0.25104519E-2, 2.5050769, 14087.043, 25441.623, 175124.23, 0.0000000, 0.0000000, 0.0000000, 0.0000000, 0.0000000
0.13315760, 2.2857275, 0.16034649, 0.68611693, 0.56156689, 0.39173371, 4.7333026, 64.513245, 62.236229, 0.16329643E-3, 2.1796610, 0.59344627E-1, 0.25110706E-2, 2.5051632, 14087.132, 25441.762, 175141.92, 0.0000000, 0.0000000, 0.0000000, 0.0000000, 0.0000000
0.13321488, 2.2857707, 0.16037601, 0.68618667, 0.56160760, 0.39176160, 4.7334137, 64.512901, 62.236229, -0.10622840E-3, 2.1793437, 0.59344359E-1, 0.25111197E-2, 2.5055275, 14087.252, 25441.959, 175161.41, 0.0000000, 0.0000000, 0.0000000, 0.0000000, 0.0000000
0.13321584, 2.2858081, 0.16037504, 0.68619680, 0.56160921, 0.39176503, 4.7334504, 64.512650, 62.236229, -0.33778633E-4, 2.1793675, 0.59344176E-1, 0.25111060E-2, 2.5053694, 14087.201, 25441.873, 175180.44, 0.0000000, 0.0000000, 0.0000000, 0.0000000, 0.0000000
0.13316873, 2.2858293, 0.16035454, 0.68618405, 0.56159741, 0.39175865, 4.7334890, 64.512421, 62.236229, -0.21151354E-4, 2.1793463, 0.59344087E-1, 0.25111174E-2, 2.5053189, 14087.169, 25441.822, 175201.34, 0.0000000, 0.0000000, 0.0000000, 0.0000000, 0.0000000
0.13315743, 2.2858410, 0.16036308, 0.68618542, 0.56161070, 0.39176092, 4.7334819, 64.512192, 62.236229, -0.28048351E-4, 2.1793261, 0.59344009E-1, 0.25108738E-2, 2.5053215, 14087.270, 25441.996, 175221.69, 0.0000000, 0.0000000, 0.0000000, 0.0000000, 0.0000000
0.13319507, 2.2858551, 0.16037150, 0.68618363, 0.56160653, 0.39176136, 4.7334180, 64.511940, 62.236229, 0.12412202E-5, 2.1794050, 0.59343908E-1, 0.25110489E-2, 2.5053225, 14087.302, 25442.049, 175241.95, 0.0000000, 0.0000000, 0.0000000, 0.0000000, 0.0000000
0.13315795, 2.2858455, 0.16035737, 0.68614334, 0.56162727, 0.39177728, 4.7337985, 64.511856, 62.236229, -0.23162377E-3, 2.1786308, 0.59343651E-1, 0.25105404E-2, 2.5051746, 14087.202, 25441.879, 175263.19, 0.0000000, 0.0000000, 0.0000000, 0.0000000, 0.0000000
0.13319670, 2.2858577, 0.16036358, 0.68615675, 0.56159216, 0.39175448, 4.7334280, 64.511620, 62.236229, 0.11640570E-3, 2.1796684, 0.59343562E-1, 0.25110280E-2, 2.5052929, 14087.169, 25441.826, 175284.02, 0.0000000, 0.0000000, 0.0000000, 0.0000000, 0.0000000
0.13316216, 2.2858717, 0.16034974, 0.68616050, 0.56158853, 0.39175037, 4.7334275, 64.511375, 62.236229, 0.23764675E-4, 2.1793356, 0.59343230E-1, 0.25110508E-2, 2.5051918, 14087.288, 25442.025, 175301.47, 0.0000000, 0.0000000, 0.0000000, 0.0000000, 0.0000000
0.13317457, 2.2858593, 0.16035901, 0.68613577, 0.56161559, 0.39176989, 4.7337408, 64.511269, 62.236229, -0.19720779E-3, 2.1787314, 0.59343077E-1, 0.25106550E-2, 2.5051806, 14087.214, 25441.895, 175320.67, 0.0000000, 0.0000000, 0.0000000, 0.0000000, 0.0000000
0.13317236, 2.2858491, 0.16035841, 0.68612969, 0.56161785, 0.39177176, 4.7338219, 64.511192, 62.236229, -0.12022516E-3, 2.1789134, 0.59342828E-1, 0.25105905E-2, 2.5051701, 14087.062, 25441.643, 175340.03, 0.0000000, 0.0000000, 0.0000000, 0.0000000, 0.0000000
0.13316657, 2.2858572, 0.16035229, 0.68614405, 0.56158370, 0.39174750, 4.7334881, 64.510956, 62.236229, 0.14578488E-3, 2.1796241, 0.59342802E-1, 0.25110128E-2, 2.5051701, 14087.160, 25441.809, 175360.83, 0.0000000, 0.0000000, 0.0000000, 0.0000000, 0.0000000
0.13319905, 2.2858729, 0.16036505, 0.68616539, 0.56159264, 0.39175323, 4.7334251, 64.510674, 62.236229, -0.36112324E-5, 2.1794045, 0.59342667E-1, 0.25110608E-2, 2.5053327, 14087.345, 25442.098, 175381.02, 0.0000000, 0.0000000, 0.0000000, 0.0000000, 0.0000000
0.13315555, 2.2858756, 0.16036160, 0.68615764, 0.56161046, 0.39176258, 4.7336321, 64.510490, 62.236229, -0.10897761E-3, 2.1789501, 0.59342489E-1, 0.25108266E-2, 2.5051615, 14087.303, 25442.051, 175400.52, 0.0000000, 0.0000000, 0.0000000, 0.0000000, 0.0000000
0.13320591, 2.2859046, 0.16037448, 0.68619108, 0.56160980, 0.39176464, 4.7335181, 64.510262, 62.236229, -0.19484083E-4, 2.1794975, 0.59342269E-1, 0.25111241E-2, 2.5054643, 14087.313, 25442.064, 175422.62, 0.0000000, 0.0000000, 0.0000000, 0.0000000, 0.0000000
0.13321441, 2.2859495, 0.16037926, 0.68622708, 0.56162888, 0.39177847, 4.7336221, 64.510071, 62.236229, -0.11657705E-3, 2.1793513, 0.59342153E-1, 0.25111234E-2, 2.5055592, 14087.252, 25441.963, 175441.25, 0.0000000, 0.0000000, 0.0000000, 0.0000000, 0.0000000
0.13316695, 2.2859604, 0.16035239, 0.68619728, 0.56160372, 0.39176348, 4.7335734, 64.509880, 62.236229, 0.31393807E-4, 2.1794233, 0.59341960E-1, 0.25110594E-2, 2.5052545, 14087.205, 25441.873, 175459.94, 0.0000000, 0.0000000, 0.0000000, 0.0000000, 0.0000000
0.13315798, 2.2859659, 0.16034743, 0.68617284, 0.56158876, 0.39175344, 4.7334991, 64.509651, 62.236229, 0.20833613E-4, 2.1794295, 0.59341844E-1, 0.25110634E-2, 2.5052898, 14087.316, 25442.076, 175478.81, 0.0000000, 0.0000000, 0.0000000, 0.0000000, 0.0000000
0.13311155, 2.2859209, 0.16033724, 0.68609905, 0.56159562, 0.39175701, 4.7337575, 64.509552, 62.236229, -0.13393344E-3, 2.1786962, 0.59341744E-1, 0.25104778E-2, 2.5049853, 14087.346, 25442.109, 175499.19, 0.0000000, 0.0000000, 0.0000000, 0.0000000, 0.0000000
0.13318554, 2.2859006, 0.16036452, 0.68610597, 0.56160748, 0.39176482, 4.7337661, 64.509438, 62.236229, -0.12828916E-3, 2.1789515, 0.59341684E-1, 0.25106061E-2, 2.5052245, 14087.248, 25441.949, 175519.77, 0.0000000, 0.0000000, 0.0000000, 0.0000000, 0.0000000
0.13315819, 2.2859213, 0.16036390, 0.68615919, 0.56159776, 0.39175504, 4.7336078, 64.509216, 62.236229, 0.71155664E-5, 2.1794505, 0.59341628E-1, 0.25110180E-2, 2.5053489, 14087.173, 25441.828, 175538.97, 0.0000000, 0.0000000, 0.0000000, 0.0000000, 0.0000000
0.13318570, 2.2859128, 0.16036549, 0.68614954, 0.56160885, 0.39176306, 4.7336760, 64.509018, 62.236229, -0.63439424E-4, 2.1790900, 0.59341505E-1, 0.25108142E-2, 2.5051837, 14087.249, 25441.959, 175559.98, 0.0000000, 0.0000000, 0.0000000, 0.0000000, 0.0000000
0.13316202, 2.2859368, 0.16035154, 0.68617475, 0.56159717, 0.39175677, 4.7336211, 64.508804, 62.236229, -0.40541636E-6, 2.1794086, 0.59341364E-1, 0.25110978E-2, 2.5053244, 14087.168, 25441.814, 175580.72, 0.0000000, 0.0000000, 0.0000000, 0.0000000, 0.0000000
0.13317794, 2.2859614, 0.16036125, 0.68619800, 0.56161064, 0.39176574, 4.7336326, 64.508591, 62.236229, -0.49180089E-4, 2.1793914, 0.59340954E-1, 0.25111048E-2, 2.5054302, 14087.202, 25441.881, 175597.56, 0.0000000, 0.0000000, 0.0000000, 0.0000000, 0.0000000
0.13319665, 2.2859721, 0.16037346, 0.68619394, 0.56161791, 0.39176899, 4.7336235, 64.508385, 62.236229, -0.51708863E-4, 2.1792953, 0.59340894E-1, 0.25109332E-2, 2.5053494, 14087.204, 25441.887, 175616.12, 0.0000000, 0.0000000, 0.0000000, 0.0000000, 0.0000000
0.13318940, 2.2859855, 0.16036576, 0.68619812, 0.56161398, 0.39176804, 4.7336240, 64.508179, 62.236229, -0.55308396E-4, 2.1793256, 0.59340812E-1, 0.25110105E-2, 2.5053811, 14087.162, 25441.797, 175636.52, 0.0000000, 0.0000000, 0.0000000, 0.0000000, 0.0000000
0.13319272, 2.2859941, 0.16036966, 0.68619859, 0.56161624, 0.39176923, 4.7336102, 64.507973, 62.236229, -0.54935314E-4, 2.1793191, 0.59340671E-1, 0.25109968E-2, 2.5053792, 14087.141, 25441.770, 175657.09, 0.0000000, 0.0000000, 0.0000000, 0.0000000, 0.0000000
0.13320032, 2.2859938, 0.16037354, 0.68617857, 0.56161696, 0.39177054, 4.7336683, 64.507843, 62.236229, -0.82517567E-4, 2.1791368, 0.59340566E-1, 0.25109088E-2, 2.5052760, 14087.086, 25441.678, 175677.00, 0.0000000, 0.0000000, 0.0000000, 0.0000000, 0.0000000
0.13316022, 2.2859845, 0.16036551, 0.68616289, 0.56161606, 0.39176774, 4.7337341, 64.507721, 62.236229, -0.60647115E-4, 2.1790655, 0.59340477E-1, 0.25107651E-2, 2.5051525, 14087.045, 25441.596, 175697.03, 0.0000000, 0.0000000, 0.0000000, 0.0000000, 0.0000000
0.13320903, 2.2860072, 0.16037659, 0.68619615, 0.56161433, 0.39176887, 4.7336092, 64.507523, 62.236229, -0.27027825E-4, 2.1794813, 0.59339914E-1, 0.25110743E-2, 2.5054655, 14087.035, 25441.598, 175717.86, 0.0000000, 0.0000000, 0.0000000, 0.0000000, 0.0000000
0.13315855, 2.2860193, 0.16036528, 0.68620074, 0.56161761, 0.39176828, 4.7336497, 64.507339, 62.236229, -0.57097175E-4, 2.1792724, 0.59339575E-1, 0.25108843E-2, 2.5053353, 14087.034, 25441.600, 175734.89, 0.0000000, 0.0000000, 0.0000000, 0.0000000, 0.0000000
0.13315250, 2.2860181, 0.16036063, 0.68618274, 0.56160301, 0.39175984, 4.7335649, 64.507126, 62.236229, 0.79553574E-5, 2.1793878, 0.59339281E-1, 0.25109923E-2, 2.5052855, 14087.076, 25441.674, 175753.23, 0.0000000, 0.0000000, 0.0000000, 0.0000000, 0.0000000
0.13316235, 2.2859747, 0.16036077, 0.68611717, 0.56161237, 0.39176932, 4.7337856, 64.507050, 62.236229, -0.14875698E-3, 2.1787069, 0.59339173E-1, 0.25105295E-2, 2.5050380, 14087.110, 25441.732, 175773.55, 0.0000000, 0.0000000, 0.0000000, 0.0000000, 0.0000000
0.13317163, 2.2859843, 0.16035658, 0.68615997, 0.56159133, 0.39175314, 4.7335763, 64.506828, 62.236229, 0.53814438E-4, 2.1795382, 0.59339125E-1, 0.25110757E-2, 2.5053124, 14087.065, 25441.658, 175794.06, 0.0000000, 0.0000000, 0.0000000, 0.0000000, 0.0000000
0.13321406, 2.2859964, 0.16037558, 0.68618321, 0.56160265, 0.39176086, 4.7335067, 64.506577, 62.236229, -0.15972357E-4, 2.1793973, 0.59338875E-1, 0.25110743E-2, 2.5053537, 14087.185, 25441.846, 175813.34, 0.0000000, 0.0000000, 0.0000000, 0.0000000, 0.0000000
0.13320127, 2.2860153, 0.16037184, 0.68619531, 0.56160933, 0.39176589, 4.7335849, 64.506378, 62.236229, -0.92740724E-4, 2.1792610, 0.59338737E-1, 0.25111081E-2, 2.5054133, 14087.116, 25441.727, 175833.97, 0.0000000, 0.0000000, 0.0000000, 0.0000000, 0.0000000
0.13317296, 2.2860351, 0.16035709, 0.68620241, 0.56161076, 0.39176810, 4.7336316, 64.506210, 62.236229, -0.59795857E-4, 2.1793120, 0.59338655E-1, 0.25110787E-2, 2.5053773, 14087.039, 25441.600, 175854.72, 0.0000000, 0.0000000, 0.0000000, 0.0000000, 0.0000000
0.13319667, 2.2860489, 0.16037390, 0.68620569, 0.56161749, 0.39177200, 4.7335935, 64.506020, 62.236229, -0.63793996E-4, 2.1793826, 0.59338611E-1, 0.25110187E-2, 2.5054603, 14087.052, 25441.627, 175871.38, 0.0000000, 0.0000000, 0.0000000, 0.0000000, 0.0000000
0.13320692, 2.2860575, 0.16037266, 0.68620354, 0.56161797, 0.39177284, 4.7335958, 64.505844, 62.236229, -0.45694469E-4, 2.1793103, 0.59338540E-1, 0.25110014E-2, 2.5053468, 14087.044, 25441.611, 175889.95, 0.0000000, 0.0000000, 0.0000000, 0.0000000, 0.0000000
0.13317364, 2.2860618, 0.16035877, 0.68618864, 0.56160164, 0.39176229, 4.7335405, 64.505646, 62.236229, 0.20508785E-4, 2.1793780, 0.59338462E-1, 0.25110680E-2, 2.5052404, 14087.012, 25441.566, 175910.25, 0.0000000, 0.0000000, 0.0000000, 0.0000000, 0.0000000
0.13320032, 2.2860665, 0.16037145, 0.68618435, 0.56160557, 0.39176258, 4.7334728, 64.505432, 62.236229, 0.30684168E-5, 2.1793659, 0.59338201E-1, 0.25110156E-2, 2.5052719, 14087.141, 25441.771, 175930.88, 0.0000000, 0.0000000, 0.0000000, 0.0000000, 0.0000000
0.13320386, 2.2860758, 0.16037378, 0.68619990, 0.56161028, 0.39176694, 4.7335157, 64.505234, 62.236229, -0.72529860E-4, 2.1792960, 0.59338059E-1, 0.25110834E-2, 2.5053952, 14087.084, 25441.676, 175949.66, 0.0000000, 0.0000000, 0.0000000, 0.0000000, 0.0000000
0.13316181, 2.2860770, 0.16035253, 0.68617690, 0.56159252, 0.39175496, 4.7334690, 64.505028, 62.236229, 0.34949815E-4, 2.1793394, 0.59337750E-1, 0.25110669E-2, 2.5051622, 14087.132, 25441.746, 175970.81, 0.0000000, 0.0000000, 0.0000000, 0.0000000, 0.0000000
0.13314375, 2.2860408, 0.16035409, 0.68613034, 0.56161249, 0.39176765, 4.7337518, 64.504944, 62.236229, -0.17321197E-3, 2.1786990, 0.59337568E-1, 0.25106021E-2, 2.5050824, 14087.114, 25441.734, 175989.34, 0.0000000, 0.0000000, 0.0000000, 0.0000000, 0.0000000
0.13320570, 2.2860444, 0.16037203, 0.68616474, 0.56159925, 0.39175853, 4.7334700, 64.504723, 62.236229, 0.44141882E-4, 2.1795659, 0.59337385E-1, 0.25110715E-2, 2.5053680, 14087.107, 25441.713, 176007.70, 0.0000000, 0.0000000, 0.0000000, 0.0000000, 0.0000000
0.13316646, 2.2860439, 0.16035339, 0.68616897, 0.56159145, 0.39175376, 4.7334752, 64.504509, 62.236229, 0.20200969E-5, 2.1792979, 0.59337266E-1, 0.25110815E-2, 2.5052023, 14087.107, 25441.727, 176025.16, 0.0000000, 0.0000000, 0.0000000, 0.0000000, 0.0000000
0.13318835, 2.2860537, 0.16036944, 0.68619537, 0.56162375, 0.39177120, 4.7335749, 64.504318, 62.236229, -0.13777195E-3, 2.1791763, 0.59337165E-1, 0.25108659E-2, 2.5054498, 14087.106, 25441.721, 176045.97, 0.0000000, 0.0000000, 0.0000000, 0.0000000, 0.0000000
0.13320687, 2.2860618, 0.16037145, 0.68619937, 0.56161350, 0.39176929, 4.7335272, 64.504128, 62.236229, -0.30764902E-4, 2.1793635, 0.59337027E-1, 0.25110471E-2, 2.5053611, 14087.009, 25441.561, 176065.88, 0.0000000, 0.0000000, 0.0000000, 0.0000000, 0.0000000
0.13317540, 2.2860551, 0.16036198, 0.68617159, 0.56161660, 0.39177200, 4.7336769, 64.504044, 62.236229, -0.15216009E-3, 2.1790016, 0.59336811E-1, 0.25107763E-2, 2.5053184, 14086.885, 25441.402, 176085.28, 0.0000000, 0.0000000, 0.0000000, 0.0000000, 0.0000000
0.13315572, 2.2860584, 0.16036485, 0.68618286, 0.56160718, 0.39176279, 4.7335472, 64.503860, 62.236229, 0.28207724E-5, 2.1794128, 0.59336748E-1, 0.25109567E-2, 2.5053248, 14086.827, 25441.316, 176107.08, 0.0000000, 0.0000000, 0.0000000, 0.0000000, 0.0000000
0.13315791, 2.2860589, 0.16036578, 0.68618900, 0.56161010, 0.39176351, 4.7335377, 64.503670, 62.236229, -0.47524140E-4, 2.1793070, 0.59336688E-1, 0.25109267E-2, 2.5053468, 14086.830, 25441.332, 176123.44, 0.0000000, 0.0000000, 0.0000000, 0.0000000, 0.0000000
0.13316181, 2.2860603, 0.16036674, 0.68618798, 0.56160665, 0.39176273, 4.7335119, 64.503464, 62.236229, -0.32731798E-4, 2.1793256, 0.59336465E-1, 0.25109474E-2, 2.5053282, 14086.808, 25441.289, 176141.33, 0.0000000, 0.0000000, 0.0000000, 0.0000000, 0.0000000
0.13316417, 2.2860467, 0.16035114, 0.68615991, 0.56158423, 0.39174846, 4.7333908, 64.503227, 62.236229, 0.84714979E-4, 2.1794248, 0.59336338E-1, 0.25110235E-2, 2.5051196, 14086.916, 25441.414, 176161.56, 0.0000000, 0.0000000, 0.0000000, 0.0000000, 0.0000000
0.13320142, 2.2860548, 0.16036987, 0.68617982, 0.56159657, 0.39175701, 4.7333865, 64.502983, 62.236229, -0.42857981E-4, 2.1793482, 0.59336226E-1, 0.25110610E-2, 2.5053685, 14087.029, 25441.590, 176182.05, 0.0000000, 0.0000000, 0.0000000, 0.0000000, 0.0000000
0.13319659, 2.2860630, 0.16036555, 0.68619365, 0.56160790, 0.39176467, 4.7334833, 64.502785, 62.236229, -0.76949655E-4, 2.1792583, 0.59336122E-1, 0.25110173E-2, 2.5053670, 14086.954, 25441.490, 176200.73, 0.0000000, 0.0000000, 0.0000000, 0.0000000, 0.0000000
0.13319108, 2.2860661, 0.16037017, 0.68619168, 0.56162041, 0.39177129, 4.7335553, 64.502617, 62.236229, -0.11368949E-3, 2.1791868, 0.59335958E-1, 0.25108778E-2, 2.5053947, 14086.877, 25441.383, 176221.86, 0.0000000, 0.0000000, 0.0000000, 0.0000000, 0.0000000
0.13315953, 2.2860751, 0.16036800, 0.68620121, 0.56161839, 0.39176950, 4.7335653, 64.502472, 62.236229, -0.76267665E-4, 2.1792669, 0.59335597E-1, 0.25108743E-2, 2.5053780, 14086.729, 25441.170, 176239.58, 0.0000000, 0.0000000, 0.0000000, 0.0000000, 0.0000000
0.13317019, 2.2860775, 0.16035457, 0.68618554, 0.56160045, 0.39176062, 4.7334790, 64.502281, 62.236229, 0.21439788E-4, 2.1794236, 0.59335511E-1, 0.25110159E-2, 2.5052810, 14086.741, 25441.184, 176257.33, 0.0000000, 0.0000000, 0.0000000, 0.0000000, 0.0000000
0.13318799, 2.2860556, 0.16036581, 0.68616349, 0.56163520, 0.39178407, 4.7338204, 64.502220, 62.236229, -0.24449019E-3, 2.1786954, 0.59335455E-1, 0.25105819E-2, 2.5052617, 14086.646, 25441.068, 176276.12, 0.0000000, 0.0000000, 0.0000000, 0.0000000, 0.0000000
0.13318667, 2.2860689, 0.16036846, 0.68619514, 0.56162167, 0.39177233, 4.7336140, 64.502083, 62.236229, -0.10245451E-4, 2.1794963, 0.59335425E-1, 0.25108012E-2, 2.5054386, 14086.499, 25440.816, 176296.56, 0.0000000, 0.0000000, 0.0000000, 0.0000000, 0.0000000
0.13315839, 2.2860591, 0.16034821, 0.68616670, 0.56158817, 0.39175349, 4.7334747, 64.501900, 62.236229, 0.64729233E-4, 2.1794248, 0.59335381E-1, 0.25109227E-2, 2.5051773, 14086.558, 25440.908, 176316.22, 0.0000000, 0.0000000, 0.0000000, 0.0000000, 0.0000000
0.13310772, 2.2860093, 0.16033542, 0.68609554, 0.56159359, 0.39175692, 4.7337008, 64.501808, 62.236229, -0.11942498E-3, 2.1787117, 0.59335284E-1, 0.25103660E-2, 2.5049641, 14086.646, 25441.043, 176336.19, 0.0000000, 0.0000000, 0.0000000, 0.0000000, 0.0000000
0.13319266, 2.2859831, 0.16036898, 0.68610364, 0.56158108, 0.39174786, 4.7334194, 64.501579, 62.236229, 0.40886865E-4, 2.1793411, 0.59335168E-1, 0.25107882E-2, 2.5051703, 14086.677, 25441.090, 176354.53, 0.0000000, 0.0000000, 0.0000000, 0.0000000, 0.0000000
0.13316374, 2.2859876, 0.16036832, 0.68616194, 0.56160456, 0.39175808, 4.7335157, 64.501358, 62.236229, -0.91121037E-4, 2.1791525, 0.59335042E-1, 0.25108145E-2, 2.5053084, 14086.640, 25441.027, 176372.72, 0.0000000, 0.0000000, 0.0000000, 0.0000000, 0.0000000
0.13315104, 2.2859910, 0.16036104, 0.68617570, 0.56161070, 0.39176044, 4.7335362, 64.501144, 62.236229, -0.44165994E-4, 2.1792543, 0.59334416E-1, 0.25107325E-2, 2.5052862, 14086.592, 25440.973, 176390.38, 0.0000000, 0.0000000, 0.0000000, 0.0000000, 0.0000000
0.13318671, 2.2859759, 0.16036549, 0.68615085, 0.56160462, 0.39176187, 4.7335453, 64.500969, 62.236229, -0.48618647E-4, 2.1791506, 0.59334040E-1, 0.25108024E-2, 2.5052040, 14086.586, 25440.963, 176410.86, 0.0000000, 0.0000000, 0.0000000, 0.0000000, 0.0000000
0.13317533, 2.2859674, 0.16035923, 0.68614370, 0.56160760, 0.39176425, 4.7336183, 64.500832, 62.236229, -0.97718585E-4, 2.1790440, 0.59333812E-1, 0.25106140E-2, 2.5052261, 14086.500, 25440.840, 176430.56, 0.0000000, 0.0000000, 0.0000000, 0.0000000, 0.0000000
0.13314633, 2.2859437, 0.16035828, 0.68612957, 0.56161666, 0.39176962, 4.7338023, 64.500748, 62.236229, -0.13989833E-3, 2.1788082, 0.59333734E-1, 0.25104512E-2, 2.5051100, 14086.411, 25440.639, 176450.39, 0.0000000, 0.0000000, 0.0000000, 0.0000000, 0.0000000
0.13315885, 2.2858973, 0.16034901, 0.68607539, 0.56159341, 0.39175704, 4.7336946, 64.500641, 62.236229, 0.16181439E-5, 2.1789875, 0.59333701E-1, 0.25103993E-2, 2.5049305, 14086.428, 25440.678, 176468.73, 0.0000000, 0.0000000, 0.0000000, 0.0000000, 0.0000000
0.13310029, 2.2858524, 0.16032812, 0.68605179, 0.56157625, 0.39174369, 4.7337022, 64.500526, 62.236229, -0.34707336E-4, 2.1788757, 0.59333522E-1, 0.25102918E-2, 2.5049145, 14086.387, 25440.600, 176486.88, 0.0000000, 0.0000000, 0.0000000, 0.0000000, 0.0000000
0.13316374, 2.2858434, 0.16036011, 0.68608624, 0.56158531, 0.39174595, 4.7335157, 64.500267, 62.236229, -0.41523308E-5, 2.1792600, 0.59333425E-1, 0.25105667E-2, 2.5052102, 14086.427, 25440.691, 176504.52, 0.0000000, 0.0000000, 0.0000000, 0.0000000, 0.0000000
0.13316646, 2.2858644, 0.16035406, 0.68614978, 0.56158566, 0.39174625, 4.7334881, 64.499977, 62.236229, 0.20734151E-5, 2.1794090, 0.59333276E-1, 0.25109551E-2, 2.5053174, 14086.382, 25440.623, 176524.98, 0.0000000, 0.0000000, 0.0000000, 0.0000000, 0.0000000
0.13316369, 2.2858744, 0.16036713, 0.68616921, 0.56159955, 0.39175338, 4.7334781, 64.499664, 62.236229, -0.75496500E-5, 2.1793325, 0.59333168E-1, 0.25108391E-2, 2.5052707, 14086.469, 25440.764, 176544.58, 0.0000000, 0.0000000, 0.0000000, 0.0000000, 0.0000000
0.13316318, 2.2858827, 0.16036031, 0.68616885, 0.56159383, 0.39175195, 4.7334657, 64.499390, 62.236229, 0.80504105E-5, 2.1793497, 0.59333052E-1, 0.25108855E-2, 2.5052450, 14086.483, 25440.768, 176564.50, 0.0000000, 0.0000000, 0.0000000, 0.0000000, 0.0000000
0.13321744, 2.2859125, 0.16037913, 0.68620485, 0.56161577, 0.39176893, 4.7335296, 64.499153, 62.236229, -0.90582267E-4, 2.1793675, 0.59332818E-1, 0.25109826E-2, 2.5055103, 14086.496, 25440.807, 176582.47, 0.0000000, 0.0000000, 0.0000000, 0.0000000, 0.0000000
0.13320100, 2.2859192, 0.16036676, 0.68618202, 0.56159854, 0.39175960, 4.7334843, 64.498924, 62.236229, 0.26672846E-4, 2.1793704, 0.59332624E-1, 0.25109141E-2, 2.5052235, 14086.497, 25440.811, 176600.59, 0.0000000, 0.0000000, 0.0000000, 0.0000000, 0.0000000
0.13319586, 2.2859359, 0.16036886, 0.68619931, 0.56161845, 0.39176929, 4.7335558, 64.498711, 62.236229, -0.86994056E-4, 2.1792922, 0.59332293E-1, 0.25108194E-2, 2.5054300, 14086.535, 25440.877, 176618.55, 0.0000000, 0.0000000, 0.0000000, 0.0000000, 0.0000000
0.13321018, 2.2859547, 0.16037355, 0.68620163, 0.56161153, 0.39176783, 4.7335010, 64.498497, 62.236229, -0.18734980E-4, 2.1794450, 0.59331983E-1, 0.25109462E-2, 2.5054035, 14086.516, 25440.844, 176638.92, 0.0000000, 0.0000000, 0.0000000, 0.0000000, 0.0000000
0.13318332, 2.2859497, 0.16036482, 0.68616962, 0.56161940, 0.39177305, 4.7336683, 64.498383, 62.236229, -0.13064040E-3, 2.1789792, 0.59331883E-1, 0.25106256E-2, 2.5052476, 14086.475, 25440.781, 176657.50, 0.0000000, 0.0000000, 0.0000000, 0.0000000, 0.0000000
0.13321643, 2.2859795, 0.16037817, 0.68621093, 0.56162286, 0.39177537, 4.7335882, 64.498207, 62.236229, -0.57700585E-4, 2.1794655, 0.59331805E-1, 0.25109693E-2, 2.5055270, 14086.405, 25440.652, 176678.45, 0.0000000, 0.0000000, 0.0000000, 0.0000000, 0.0000000
0.13316344, 2.2859881, 0.16036803, 0.68620175, 0.56161600, 0.39176786, 4.7335591, 64.498024, 62.236229, -0.10232179E-4, 2.1793327, 0.59331734E-1, 0.25108568E-2, 2.5052750, 14086.415, 25440.684, 176695.91, 0.0000000, 0.0000000, 0.0000000, 0.0000000, 0.0000000
0.13315424, 2.2859912, 0.16036198, 0.68619436, 0.56161940, 0.39176697, 4.7335753, 64.497841, 62.236229, -0.43334992E-4, 2.1792803, 0.59331588E-1, 0.25107132E-2, 2.5053101, 14086.479, 25440.793, 176713.17, 0.0000000, 0.0000000, 0.0000000, 0.0000000, 0.0000000
0.13319904, 2.2859948, 0.16036621, 0.68617648, 0.56159711, 0.39175829, 4.7334428, 64.497620, 62.236229, 0.25744317E-4, 2.1794443, 0.59331372E-1, 0.25109062E-2, 2.5052979, 14086.492, 25440.789, 176732.39, 0.0000000, 0.0000000, 0.0000000, 0.0000000, 0.0000000
0.13318950, 2.2860165, 0.16036722, 0.68620628, 0.56162000, 0.39177200, 4.7335682, 64.497429, 62.236229, -0.11582088E-3, 2.1792810, 0.59331268E-1, 0.25109432E-2, 2.5054867, 14086.489, 25440.805, 176752.34, 0.0000000, 0.0000000, 0.0000000, 0.0000000, 0.0000000
0.13315177, 2.2860286, 0.16036382, 0.68619967, 0.56161827, 0.39176780, 4.7335672, 64.497246, 62.236229, -0.37202029E-4, 2.1793225, 0.59331067E-1, 0.25107795E-2, 2.5053325, 14086.441, 25440.730, 176770.30, 0.0000000, 0.0000000, 0.0000000, 0.0000000, 0.0000000
0.13316536, 2.2860229, 0.16035120, 0.68616313, 0.56158662, 0.39175048, 4.7334137, 64.497032, 62.236229, 0.83872976E-4, 2.1794605, 0.59330959E-1, 0.25109607E-2, 2.5051575, 14086.537, 25440.873, 176792.08, 0.0000000, 0.0000000, 0.0000000, 0.0000000, 0.0000000
0.13315904, 2.2860217, 0.16036567, 0.68617743, 0.56159967, 0.39175588, 4.7334342, 64.496811, 62.236229, -0.50633535E-4, 2.1792805, 0.59330840E-1, 0.25108897E-2, 2.5053246, 14086.649, 25441.047, 176807.66, 0.0000000, 0.0000000, 0.0000000, 0.0000000, 0.0000000
0.13317181, 2.2860215, 0.16035430, 0.68617433, 0.56159347, 0.39175510, 4.7334437, 64.496590, 62.236229, -0.17799583E-4, 2.1793249, 0.59330739E-1, 0.25109965E-2, 2.5052793, 14086.636, 25441.016, 176824.30, 0.0000000, 0.0000000, 0.0000000, 0.0000000, 0.0000000
0.13319981, 2.2860374, 0.16037464, 0.68620300, 0.56161833, 0.39177078, 4.7335215, 64.496399, 62.236229, -0.12332795E-3, 2.1792719, 0.59330612E-1, 0.25109479E-2, 2.5054970, 14086.631, 25441.012, 176845.09, 0.0000000, 0.0000000, 0.0000000, 0.0000000, 0.0000000
0.13315113, 2.2860365, 0.16036043, 0.68618900, 0.56160790, 0.39176270, 4.7335086, 64.496216, 62.236229, -0.12825534E-4, 2.1792817, 0.59330478E-1, 0.25108685E-2, 2.5052278, 14086.574, 25440.936, 176864.58, 0.0000000, 0.0000000, 0.0000000, 0.0000000, 0.0000000
0.13316393, 2.2860124, 0.16036873, 0.68614519, 0.56159788, 0.39175734, 4.7334905, 64.496071, 62.236229, -0.27361879E-4, 2.1791146, 0.59330098E-1, 0.25107698E-2, 2.5051119, 14086.643, 25441.027, 176884.19, 0.0000000, 0.0000000, 0.0000000, 0.0000000, 0.0000000
0.13317026, 2.2860141, 0.16035421, 0.68616217, 0.56158984, 0.39175242, 4.7334328, 64.495857, 62.236229, 0.37388236E-5, 2.1793706, 0.59330031E-1, 0.25109991E-2, 2.5052712, 14086.641, 25441.025, 176902.44, 0.0000000, 0.0000000, 0.0000000, 0.0000000, 0.0000000
0.13320826, 2.2860241, 0.16037318, 0.68618655, 0.56160086, 0.39176029, 4.7334013, 64.495636, 62.236229, -0.45077904E-4, 2.1793804, 0.59329960E-1, 0.25110119E-2, 2.5054026, 14086.729, 25441.162, 176920.23, 0.0000000, 0.0000000, 0.0000000, 0.0000000, 0.0000000
0.13320270, 2.2860403, 0.16036674, 0.68620408, 0.56161278, 0.39176986, 4.7335272, 64.495476, 62.236229, -0.12398540E-3, 2.1792603, 0.59329856E-1, 0.25109756E-2, 2.5054841, 14086.639, 25441.025, 176938.14, 0.0000000, 0.0000000, 0.0000000, 0.0000000, 0.0000000
0.13321532, 2.2860637, 0.16037789, 0.68621123, 0.56161994, 0.39177489, 4.7335281, 64.495316, 62.236229, -0.86258049E-4, 2.1793432, 0.59329718E-1, 0.25110163E-2, 2.5054743, 14086.558, 25440.912, 176958.28, 0.0000000, 0.0000000, 0.0000000, 0.0000000, 0.0000000
0.13315612, 2.2860711, 0.16036436, 0.68620276, 0.56162614, 0.39177349, 4.7336311, 64.495201, 62.236229, -0.10872760E-3, 2.1791470, 0.59329648E-1, 0.25107530E-2, 2.5053437, 14086.458, 25440.754, 176976.66, 0.0000000, 0.0000000, 0.0000000, 0.0000000, 0.0000000
0.13320206, 2.2860787, 0.16036898, 0.68620455, 0.56161481, 0.39177001, 4.7335186, 64.495026, 62.236229, -0.17997023E-4, 2.1794627, 0.59329581E-1, 0.25109660E-2, 2.5054219, 14086.439, 25440.723, 176997.64, 0.0000000, 0.0000000, 0.0000000, 0.0000000, 0.0000000
0.13319074, 2.2860887, 0.16037257, 0.68620503, 0.56162220, 0.39177367, 4.7335634, 64.494881, 62.236229, -0.10688111E-3, 2.1792581, 0.59328973E-1, 0.25109018E-2, 2.5054438, 14086.422, 25440.676, 177013.08, 0.0000000, 0.0000000, 0.0000000, 0.0000000, 0.0000000
0.13322008, 2.2861116, 0.16037975, 0.68622649, 0.56163085, 0.39178169, 4.7335949, 64.494743, 62.236229, -0.11301666E-3, 2.1793356, 0.59328686E-1, 0.25109514E-2, 2.5055339, 14086.328, 25440.490, 177029.75, 0.0000000, 0.0000000, 0.0000000, 0.0000000, 0.0000000
0.13319510, 2.2861135, 0.16037080, 0.68620497, 0.56162512, 0.39177665, 4.7335997, 64.494629, 62.236229, -0.88663393E-4, 2.1792514, 0.59328422E-1, 0.25107530E-2, 2.5053973, 14086.187, 25440.268, 177050.36, 0.0000000, 0.0000000, 0.0000000, 0.0000000, 0.0000000
0.13317738, 2.2861311, 0.16036148, 0.68621355, 0.56161803, 0.39177349, 4.7335672, 64.494492, 62.236229, -0.27593487E-4, 2.1794293, 0.59328325E-1, 0.25109507E-2, 2.5054080, 14086.202, 25440.311, 177069.81, 0.0000000, 0.0000000, 0.0000000, 0.0000000, 0.0000000
0.13320300, 2.2861331, 0.16037187, 0.68619817, 0.56160849, 0.39176667, 4.7334342, 64.494308, 62.236229, 0.22709239E-4, 2.1794460, 0.59328254E-1, 0.25109234E-2, 2.5053010, 14086.313, 25440.480, 177089.56, 0.0000000, 0.0000000, 0.0000000, 0.0000000, 0.0000000
0.13317834, 2.2861474, 0.16036214, 0.68621320, 0.56161851, 0.39177316, 4.7335596, 64.494164, 62.236229, -0.88254543E-4, 2.1792810, 0.59328064E-1, 0.25109565E-2, 2.5054150, 14086.253, 25440.383, 177106.81, 0.0000000, 0.0000000, 0.0000000, 0.0000000, 0.0000000
0.13315733, 2.2861509, 0.16036530, 0.68620479, 0.56161475, 0.39176959, 4.7335358, 64.494019, 62.236229, -0.42148284E-4, 2.1793323, 0.59327971E-1, 0.25108464E-2, 2.5053530, 14086.220, 25440.322, 177122.94, 0.0000000, 0.0000000, 0.0000000, 0.0000000, 0.0000000
0.13316637, 2.2861433, 0.16035409, 0.68619293, 0.56160545, 0.39176446, 4.7334924, 64.493843, 62.236229, -0.37102436E-5, 2.1793914, 0.59327900E-1, 0.25109320E-2, 2.5053089, 14086.269, 25440.428, 177142.91, 0.0000000, 0.0000000, 0.0000000, 0.0000000, 0.0000000
0.13316628, 2.2861474, 0.16035423, 0.68619961, 0.56161070, 0.39176798, 4.7335424, 64.493698, 62.236229, -0.59126556E-4, 2.1793253, 0.59327815E-1, 0.25109313E-2, 2.5053837, 14086.246, 25440.385, 177161.45, 0.0000000, 0.0000000, 0.0000000, 0.0000000, 0.0000000
0.13314953, 2.2861450, 0.16036282, 0.68619484, 0.56161761, 0.39176798, 4.7335577, 64.493553, 62.236229, -0.62711420E-4, 2.1792574, 0.59327759E-1, 0.25107148E-2, 2.5053344, 14086.227, 25440.344, 177180.98, 0.0000000, 0.0000000, 0.0000000, 0.0000000, 0.0000000
0.13320316, 2.2861352, 0.16037054, 0.68618625, 0.56160551, 0.39176401, 4.7334342, 64.493362, 62.236229, 0.49868831E-5, 2.1794298, 0.59327696E-1, 0.25109120E-2, 2.5053282, 14086.266, 25440.410, 177198.73, 0.0000000, 0.0000000, 0.0000000, 0.0000000, 0.0000000
0.13315579, 2.2861280, 0.16036527, 0.68618363, 0.56161267, 0.39176539, 4.7335367, 64.493210, 62.236229, -0.98174380E-4, 2.1791346, 0.59327621E-1, 0.25107295E-2, 2.5053053, 14086.190, 25440.266, 177215.55, 0.0000000, 0.0000000, 0.0000000, 0.0000000, 0.0000000
0.13316788, 2.2861176, 0.16035664, 0.68616849, 0.56159174, 0.39175403, 4.7334161, 64.493011, 62.236229, 0.51898154E-4, 2.1793971, 0.59327431E-1, 0.25108878E-2, 2.5051789, 14086.237, 25440.367, 177234.50, 0.0000000, 0.0000000, 0.0000000, 0.0000000, 0.0000000
0.13320236, 2.2861152, 0.16037175, 0.68618357, 0.56160784, 0.39176393, 4.7334275, 64.492805, 62.236229, -0.46611298E-4, 2.1792884, 0.59327297E-1, 0.25108662E-2, 2.5053191, 14086.342, 25440.531, 177253.16, 0.0000000, 0.0000000, 0.0000000, 0.0000000, 0.0000000
0.13318837, 2.2861149, 0.16036707, 0.68618917, 0.56161284, 0.39176702, 4.7334757, 64.492622, 62.236229, -0.70255512E-4, 2.1792266, 0.59327167E-1, 0.25108375E-2, 2.5053184, 14086.301, 25440.449, 177272.39, 0.0000000, 0.0000000, 0.0000000, 0.0000000, 0.0000000
0.13320868, 2.2861388, 0.16037589, 0.68622977, 0.56163323, 0.39178222, 4.7335877, 64.492485, 62.236229, -0.14323098E-3, 2.1793089, 0.59326880E-1, 0.25109309E-2, 2.5055821, 14086.185, 25440.254, 177290.22, 0.0000000, 0.0000000, 0.0000000, 0.0000000, 0.0000000
0.13314986, 2.2861342, 0.16036057, 0.68620068, 0.56162173, 0.39177239, 4.7335939, 64.492378, 62.236229, -0.55496057E-4, 2.1792374, 0.59326764E-1, 0.25107078E-2, 2.5052984, 14086.072, 25440.055, 177306.97, 0.0000000, 0.0000000, 0.0000000, 0.0000000, 0.0000000
0.13320793, 2.2861335, 0.16037507, 0.68619472, 0.56161058, 0.39176765, 4.7334294, 64.492195, 62.236229, 0.70510723E-5, 2.1794760, 0.59326526E-1, 0.25108960E-2, 2.5053730, 14086.113, 25440.152, 177325.83, 0.0000000, 0.0000000, 0.0000000, 0.0000000, 0.0000000
0.13315964, 2.2861288, 0.16034973, 0.68616545, 0.56158990, 0.39175469, 4.7334318, 64.492020, 62.236229, -0.16143895E-6, 2.1792588, 0.59326451E-1, 0.25108547E-2, 2.5051763, 14086.096, 25440.104, 177344.47, 0.0000000, 0.0000000, 0.0000000, 0.0000000, 0.0000000
0.13319419, 2.2861307, 0.16036995, 0.68618500, 0.56160718, 0.39176437, 4.7334247, 64.491821, 62.236229, -0.71390765E-4, 2.1793315, 0.59326343E-1, 0.25108485E-2, 2.5054247, 14086.131, 25440.178, 177363.67, 0.0000000, 0.0000000, 0.0000000, 0.0000000, 0.0000000
0.13321304, 2.2861340, 0.16037646, 0.68619454, 0.56160921, 0.39176717, 4.7334118, 64.491631, 62.236229, -0.47262147E-4, 2.1793244, 0.59326224E-1, 0.25108920E-2, 2.5053558, 14086.095, 25440.104, 177381.38, 0.0000000, 0.0000000, 0.0000000, 0.0000000, 0.0000000
0.13319303, 2.2861419, 0.16037220, 0.68620771, 0.56163216, 0.39177865, 4.7335792, 64.491501, 62.236229, -0.17081015E-3, 2.1790967, 0.59325978E-1, 0.25106850E-2, 2.5054531, 14085.956, 25439.906, 177397.98, 0.0000000, 0.0000000, 0.0000000, 0.0000000, 0.0000000
0.13319910, 2.2861478, 0.16036724, 0.68620467, 0.56161696, 0.39177409, 4.7335501, 64.491379, 62.236229, -0.75962249E-4, 2.1793597, 0.59325919E-1, 0.25107996E-2, 2.5054736, 14085.782, 25439.645, 177416.97, 0.0000000, 0.0000000, 0.0000000, 0.0000000, 0.0000000
0.13318798, 2.2861547, 0.16036664, 0.68621176, 0.56162715, 0.39177746, 4.7335558, 64.491249, 62.236229, -0.80059428E-4, 2.1793206, 0.59325844E-1, 0.25106696E-2, 2.5054388, 14085.773, 25439.637, 177435.39, 0.0000000, 0.0000000, 0.0000000, 0.0000000, 0.0000000
0.13321047, 2.2861800, 0.16037716, 0.68623799, 0.56163698, 0.39178622, 4.7335844, 64.491119, 62.236229, -0.10640535E-3, 2.1793964, 0.59325807E-1, 0.25108499E-2, 2.5055807, 14085.724, 25439.520, 177454.91, 0.0000000, 0.0000000, 0.0000000, 0.0000000, 0.0000000
0.13315615, 2.2861536, 0.16034690, 0.68616492, 0.56161934, 0.39177561, 4.7336807, 64.491066, 62.236229, -0.73002186E-4, 2.1790056, 0.59325632E-1, 0.25104713E-2, 2.5051279, 14085.627, 25439.391, 177472.08, 0.0000000, 0.0000000, 0.0000000, 0.0000000, 0.0000000
0.13314933, 2.2861168, 0.16035870, 0.68614286, 0.56162220, 0.39177462, 4.7337399, 64.490997, 62.236229, -0.10666132E-3, 2.1789145, 0.59325594E-1, 0.25103665E-2, 2.5051327, 14085.576, 25439.322, 177486.50, 0.0000000, 0.0000000, 0.0000000, 0.0000000, 0.0000000
0.13315892, 2.2860956, 0.16034807, 0.68612957, 0.56157178, 0.39174217, 4.7333350, 64.490768, 62.236229, 0.18201412E-3, 2.1796310, 0.59325535E-1, 0.25107511E-2, 2.5050855, 14085.715, 25439.508, 177507.11, 0.0000000, 0.0000000, 0.0000000, 0.0000000, 0.0000000
0.13320677, 2.2860999, 0.16037181, 0.68617314, 0.56159788, 0.39175731, 4.7333236, 64.490517, 62.236229, -0.47772279E-4, 2.1793678, 0.59325412E-1, 0.25108622E-2, 2.5054045, 14085.888, 25439.822, 177526.27, 0.0000000, 0.0000000, 0.0000000, 0.0000000, 0.0000000
0.13315739, 2.2860978, 0.16036272, 0.68618053, 0.56160533, 0.39176014, 4.7334208, 64.490318, 62.236229, -0.53711701E-4, 2.1792014, 0.59325304E-1, 0.25107495E-2, 2.5052545, 14085.824, 25439.727, 177545.89, 0.0000000, 0.0000000, 0.0000000, 0.0000000, 0.0000000
0.13319664, 2.2861006, 0.16036443, 0.68617982, 0.56159842, 0.39176026, 4.7333841, 64.490105, 62.236229, -0.38900122E-4, 2.1793780, 0.59325188E-1, 0.25107965E-2, 2.5053933, 14085.813, 25439.721, 177560.92, 0.0000000, 0.0000000, 0.0000000, 0.0000000, 0.0000000
0.13315912, 2.2861001, 0.16036800, 0.68618280, 0.56160653, 0.39176127, 4.7333989, 64.489906, 62.236229, -0.28118258E-4, 2.1792748, 0.59325036E-1, 0.25107402E-2, 2.5052614, 14085.828, 25439.732, 177577.56, 0.0000000, 0.0000000, 0.0000000, 0.0000000, 0.0000000
0.13312392, 2.2860546, 0.16034494, 0.68611646, 0.56161028, 0.39176717, 4.7337050, 64.489830, 62.236229, -0.15493663E-3, 2.1786447, 0.59324656E-1, 0.25102673E-2, 2.5049887, 14085.761, 25439.637, 177597.83, 0.0000000, 0.0000000, 0.0000000, 0.0000000, 0.0000000
0.13321565, 2.2860551, 0.16037785, 0.68615657, 0.56159526, 0.39175585, 4.7333126, 64.489563, 62.236229, 0.94721807E-4, 2.1796806, 0.59324622E-1, 0.25108445E-2, 2.5053489, 14085.876, 25439.799, 177615.19, 0.0000000, 0.0000000, 0.0000000, 0.0000000, 0.0000000
0.13317154, 2.2860584, 0.16035667, 0.68616802, 0.56159484, 0.39175588, 4.7333999, 64.489357, 62.236229, -0.23017667E-4, 2.1792281, 0.59324522E-1, 0.25108117E-2, 2.5051987, 14085.883, 25439.820, 177635.73, 0.0000000, 0.0000000, 0.0000000, 0.0000000, 0.0000000
