0.31592223, 0.57471466, 1.1032804, 0.33940193, 1.4918549, 1.0256855, 0.81104749, 0.30608442, 0.16099323E-1
0.25343433, 0.57473177, 1.1112262, 0.33952790, 1.5170777, 1.0431155, 0.82492381, 0.31131193, 0.16374277E-1
0.25428492, 0.57474828, 1.1195645, 0.33965743, 1.3872846, 0.95394439, 0.75446898, 0.28471529, 0.14975360E-1
0.25511798, 0.57476419, 1.1284648, 0.33979279, 1.4158260, 0.97363710, 0.77009457, 0.29060394, 0.15285087E-1
0.25552633, 0.57476497, 1.1320674, 0.33981180, 1.3762455, 0.94647437, 0.74862480, 0.28249440, 0.14858544E-1
0.25565568, 0.57475579, 1.1319401, 0.33975112, 1.1429713, 0.78607666, 0.62170291, 0.23459452, 0.12339123E-1
0.25563514, 0.57474113, 1.1297683, 0.33964691, 0.73310119, 0.50418591, 0.39863363, 0.15041833, 0.79116514E-2
0.44736826, 0.57471788, 1.1239344, 0.33946857, 0.46683288, 0.32103974, 0.25364700, 0.95708676E-1, 0.50340518E-2
0.25473103, 0.57469141, 1.1167216, 0.33926189, 0.49191898, 0.33826375, 0.26706043, 0.10076895, 0.53002113E-2
0.25520003, 0.57466775, 1.1108832, 0.33908102, 0.51147807, 0.35168695, 0.27746704, 0.10469448, 0.55066845E-2
0.25863761, 0.57464421, 1.1051444, 0.33890131, 0.38809809, 0.26683071, 0.21036611, 0.79374991E-1, 0.41749398E-2
0.36876646, 0.57461888, 1.0986263, 0.33870533, 0.53706002, 0.36921594, 0.29085028, 0.10974197, 0.57721711E-2
0.52789092, 0.57459468, 1.0927724, 0.33852118, 0.56363606, 0.38746154, 0.30499011, 0.11507560, 0.60527069E-2
0.33426884, 0.57457244, 1.0879512, 0.33835608, 0.33434165, 0.22982198, 0.18077499, 0.68207294E-1, 0.35875440E-2
0.35378650, 0.57455158, 1.0837816, 0.33820269, 0.69097239, 0.47492975, 0.37327972, 0.14083850, 0.74077751E-2
0.37799978, 0.57453269, 1.0806870, 0.33806938, 0.60342383, 0.41473830, 0.32577777, 0.12291387, 0.64649819E-2
0.40945151, 0.57451314, 1.0772681, 0.33792943, 0.53529960, 0.36789727, 0.28879216, 0.10895772, 0.57309205E-2
0.44433925, 0.57449120, 1.0727913, 0.33776867, 0.51769555, 0.35577625, 0.27906296, 0.10528544, 0.55377688E-2
0.47633368, 0.57446837, 1.0677847, 0.33759713, 0.53479737, 0.36750755, 0.28804505, 0.10867258, 0.57159234E-2
0.49835736, 0.57444656, 1.0633783, 0.33743635, 0.48577476, 0.33380184, 0.26143342, 0.98631121E-1, 0.51877657E-2
0.49821830, 0.57442594, 1.0596528, 0.33728799, 0.59143639, 0.40638554, 0.31803745, 0.11998416, 0.63108858E-2
0.45851251, 0.57440633, 1.0564356, 0.33714893, 0.59288138, 0.40736112, 0.31857651, 0.12018527, 0.63214647E-2
0.51367760, 0.57438791, 1.0537629, 0.33701998, 0.68375778, 0.46978328, 0.36714590, 0.13850562, 0.72850711E-2
0.57268268, 0.57436615, 1.0496014, 0.33686203, 0.50529754, 0.34715644, 0.27111226, 0.10227495, 0.53794226E-2
0.59508747, 0.57434422, 1.0452609, 0.33670020, 0.73961228, 0.50812012, 0.39652765, 0.14958380, 0.78677582E-2
0.62224251, 0.57432157, 1.0407275, 0.33653408, 0.71769834, 0.49305612, 0.38452071, 0.14505072, 0.76293293E-2
0.65280288, 0.57429820, 1.0358135, 0.33636016, 0.70944476, 0.48737705, 0.37983760, 0.14328057, 0.75362218E-2
0.67795056, 0.57427400, 1.0305086, 0.33617821, 0.53838915, 0.36985451, 0.28803596, 0.10864908, 0.57146871E-2
0.69333291, 0.57424849, 1.0244800, 0.33598185, 0.61892933, 0.42516541, 0.33083177, 0.12478931, 0.65636253E-2
0.69784546, 0.57422191, 1.0180689, 0.33577746, 0.60366523, 0.41466823, 0.32241413, 0.12161140, 0.63964739E-2
0.70381707, 0.57419521, 1.0116721, 0.33557254, 0.79509246, 0.54615581, 0.42435038, 0.16005653, 0.84185973E-2
0.71303362, 0.57416838, 1.0053388, 0.33536813, 0.82892400, 0.56939745, 0.44213012, 0.16675739, 0.87710489E-2
0.72182798, 0.57414192, 0.99915266, 0.33516562, 0.77479732, 0.53222173, 0.41301128, 0.15576975, 0.81931232E-2
0.72590637, 0.57411551, 0.99307764, 0.33496448, 0.72290832, 0.49657947, 0.38510361, 0.14523983, 0.76392745E-2
0.72988176, 0.57408905, 0.98696059, 0.33476183, 0.78520322, 0.53937131, 0.41800299, 0.15764280, 0.82916431E-2
0.73643029, 0.57406259, 0.98088866, 0.33455935, 0.84708703, 0.58188862, 0.45067632, 0.16995928, 0.89394609E-2
0.74362785, 0.57403594, 0.97486013, 0.33435684, 0.86761320, 0.59600216, 0.46134061, 0.17397478, 0.91506643E-2
0.75184232, 0.57400948, 0.96887690, 0.33415455, 0.90582579, 0.62227011, 0.48140669, 0.18153496, 0.95483148E-2
0.75898683, 0.57398301, 0.96295810, 0.33395261, 0.64783150, 0.44504526, 0.34408954, 0.12974921, 0.68245055E-2
0.63374639, 0.57395744, 0.95750302, 0.33375880, 0.50856251, 0.34936649, 0.26990691, 0.10177382, 0.53530647E-2
0.24326964, 0.57395250, 0.96132499, 0.33375040, 1.0465332, 0.71894240, 0.55513120, 0.20931627, 0.11009544E-1
0.23173720, 0.57397217, 0.97353965, 0.33393073, 1.6348814, 1.1232427, 0.86743450, 0.32705301, 0.17202221E-1
0.23245129, 0.57398117, 0.98194057, 0.33402857, 1.2548658, 0.86225426, 0.66599721, 0.25108775, 0.13206628E-1
0.23287517, 0.57398021, 0.98684287, 0.33404940, 1.2457545, 0.85606378, 0.66121316, 0.24927031, 0.13111034E-1
0.23321125, 0.57397628, 0.99091554, 0.33404994, 1.3253264, 0.91082072, 0.70351124, 0.26520130, 0.13948968E-1
0.23377325, 0.57396960, 0.99411726, 0.33403066, 1.3083706, 0.89924824, 0.69460434, 0.26182848, 0.13771565E-1
0.23678321, 0.57396138, 0.99677950, 0.33399984, 1.1364757, 0.78116477, 0.60338777, 0.22743233, 0.11962409E-1
0.25409645, 0.57395256, 0.99924594, 0.33396477, 1.0680958, 0.73420393, 0.56704134, 0.21372204, 0.11241279E-1
0.30831131, 0.57394028, 1.0001040, 0.33389816, 0.95657694, 0.65757275, 0.50774276, 0.19136342, 0.10065269E-1
0.37425873, 0.57392424, 0.99915969, 0.33379644, 0.84352118, 0.57986963, 0.44759223, 0.16868642, 0.88725127E-2
0.43506444, 0.57390755, 0.99786860, 0.33368802, 0.93123388, 0.64017951, 0.49394953, 0.18615000, 0.97910538E-2
0.48315582, 0.57389075, 0.99653220, 0.33357835, 0.98944378, 0.68021828, 0.52465767, 0.19771412, 0.10399301E-1
0.53584886, 0.57387334, 0.99489892, 0.33346280, 1.0348852, 0.71148694, 0.54859012, 0.20672341, 0.10873169E-1
0.59026623, 0.57385552, 0.99306232, 0.33334330, 0.96117181, 0.66083586, 0.50935423, 0.19192946, 0.10095040E-1
0.63515794, 0.57383692, 0.99087638, 0.33321694, 0.78453511, 0.53940469, 0.41555801, 0.15657978, 0.82357293E-2
0.33298868, 0.57382977, 0.99393964, 0.33319348, 0.75500739, 0.51910645, 0.39971331, 0.15060414, 0.79214238E-2
0.26866600, 0.57384384, 1.0067050, 0.33336136, 0.76381314, 0.52516311, 0.40421963, 0.15229651, 0.80104405E-2
0.27996939, 0.57384908, 1.0152893, 0.33344942, 0.65396845, 0.44963604, 0.34593493, 0.13033237, 0.68551763E-2
0.31408098, 0.57384729, 1.0205004, 0.33347192, 0.63583046, 0.43715391, 0.33614269, 0.12663914, 0.66609220E-2
0.39604476, 0.57384384, 1.0249918, 0.33348036, 0.73169816, 0.50305712, 0.38661593, 0.14564967, 0.76608309E-2
0.49253488, 0.57383507, 1.0270495, 0.33344164, 0.62739426, 0.43133718, 0.33130252, 0.12480731, 0.65645734E-2
0.33110017, 0.57383078, 1.0310494, 0.33344188, 0.60318482, 0.41468209, 0.31832075, 0.11991318, 0.63071521E-2
0.30711171, 0.57383442, 1.0385090, 0.33351165, 0.64944190, 0.44646811, 0.34251621, 0.12902366, 0.67863418E-2
0.29151288, 0.57385218, 1.0517479, 0.33369955, 0.79124749, 0.54394591, 0.41711119, 0.15711734, 0.82640033E-2
0.29511932, 0.57387596, 1.0664927, 0.33392742, 1.5021200, 1.0326662, 0.79168087, 0.29819289, 0.15684247E-1
0.29988587, 0.57392740, 1.0868739, 0.33431759, 1.8325832, 1.2600127, 0.96634454, 0.36395028, 0.19142931E-1
0.30448177, 0.57396024, 1.1007158, 0.33456659, 1.6153244, 1.1107688, 0.85217017, 0.32092118, 0.16879706E-1
0.30872267, 0.57398009, 1.1104214, 0.33472234, 1.7645876, 1.2135416, 0.93128157, 0.35068420, 0.18445170E-1
0.31285545, 0.57399613, 1.1194166, 0.33485770, 1.4875749, 1.0231349, 0.78534406, 0.29570577, 0.15553432E-1
0.31698912, 0.57401288, 1.1290299, 0.33500260, 1.4697909, 1.0109785, 0.77610302, 0.29220465, 0.15369281E-1
0.32105672, 0.57402742, 1.1381453, 0.33513495, 1.5966034, 1.0982887, 0.84324133, 0.31745848, 0.16697571E-1
0.32530227, 0.57404912, 1.1487304, 0.33531004, 2.1149611, 1.4550245, 1.1174927, 0.42066869, 0.22126189E-1
0.33005312, 0.57409108, 1.1632923, 0.33560067, 2.3031492, 1.5847838, 1.2180688, 0.45848042, 0.24114996E-1
0.33433101, 0.57411504, 1.1725194, 0.33576778, 2.5583813, 1.7607659, 1.3544825, 0.50976771, 0.26812591E-1
0.33833826, 0.57412899, 1.1792797, 0.33587173, 2.1994312, 1.5140193, 1.1656164, 0.43863794, 0.23071332E-1
0.34222248, 0.57413852, 1.1851544, 0.33595055, 1.9104477, 1.3152807, 1.0131636, 0.38123184, 0.20051902E-1
0.34603366, 0.57414538, 1.1905603, 0.33601579, 1.9263648, 1.3263985, 1.0221657, 0.38458586, 0.20228317E-1
0.34793878, 0.57414860, 1.1948888, 0.33605587, 1.6103988, 1.1089474, 0.85485476, 0.32161018, 0.16915943E-1
0.34888807, 0.57414955, 1.1984856, 0.33607975, 1.6920744, 1.1652741, 0.89843535, 0.33798125, 0.17777022E-1
0.35075068, 0.57414454, 1.1998162, 0.33605689, 0.79446608, 0.54713202, 0.42180395, 0.15866897, 0.83456151E-2
0.35508093, 0.57413781, 1.2004441, 0.33601972, 0.69431627, 0.47812980, 0.36840737, 0.13857827, 0.72888932E-2
0.36430553, 0.57413262, 1.2018555, 0.33599758, 0.64364469, 0.44320232, 0.34129176, 0.12837468, 0.67522083E-2
0.37659109, 0.57412970, 1.2043010, 0.33599555, 0.78215039, 0.53853452, 0.41445446, 0.15588929, 0.81994114E-2
0.40391344, 0.57412964, 1.2080152, 0.33601850, 0.98248237, 0.67643893, 0.52035797, 0.19571500, 0.10294150E-1
0.46608916, 0.57412750, 1.2109506, 0.33602574, 1.1628613, 0.80061293, 0.61567396, 0.23155336, 0.12179163E-1
0.53399128, 0.57412171, 1.2122729, 0.33600104, 0.94366378, 0.64968723, 0.49944210, 0.18782941, 0.98793870E-2
0.58735156, 0.57411402, 1.2128248, 0.33596104, 1.1589276, 0.79786986, 0.61310154, 0.23056285, 0.12127067E-1
0.62316167, 0.57410514, 1.2128938, 0.33591145, 1.0383494, 0.71484786, 0.54910624, 0.20648584, 0.10860672E-1
0.65588880, 0.57409549, 1.2126737, 0.33585608, 1.3861518, 0.95428830, 0.73278832, 0.27554166, 0.14492848E-1
0.68961203, 0.57408464, 1.2118714, 0.33578941, 0.91397935, 0.62922376, 0.48301852, 0.18161337, 0.95524378E-2
0.72663510, 0.57407272, 1.2105865, 0.33571306, 1.1444890, 0.78789145, 0.60450077, 0.22727895, 0.11954340E-1
0.77849734, 0.57405943, 1.2087607, 0.33562598, 1.1067804, 0.76192373, 0.58432925, 0.21968268, 0.11554794E-1
0.83161497, 0.57404488, 1.2062827, 0.33552578, 1.0912980, 0.75125617, 0.57588518, 0.21649620, 0.11387195E-1
0.87311345, 0.57402891, 1.2032069, 0.33541372, 0.86337858, 0.59433669, 0.45533073, 0.17116687, 0.90029780E-2
0.90566653, 0.57401150, 1.1994959, 0.33528891, 0.72998804, 0.50248295, 0.38466749, 0.14459740, 0.76054842E-2
0.94716793, 0.57399333, 1.1955590, 0.33515906, 0.90504366, 0.62294698, 0.47652489, 0.17911926, 0.94212554E-2
0.98293316, 0.57397467, 1.1913261, 0.33502296, 0.79071987, 0.54423106, 0.41600075, 0.15636204, 0.82242759E-2
0.76571482, 0.57395750, 1.1878812, 0.33490172, 0.67773658, 0.46643758, 0.35624260, 0.13389547, 0.70425877E-2
0.37932253, 0.57396412, 1.1950696, 0.33498952, 0.76707065, 0.52788746, 0.40293342, 0.15143849, 0.79653095E-2
0.43744111, 0.57398003, 1.2061505, 0.33515558, 0.87090093, 0.59930998, 0.45722571, 0.17183599, 0.90381699E-2
0.71489722, 0.57398140, 1.2108697, 0.33519688, 1.0436420, 0.71815437, 0.54763973, 0.20580482, 0.10824854E-1
0.99008685, 0.57396573, 1.2079753, 0.33508924, 0.97891319, 0.67359215, 0.51335162, 0.19290833, 0.10146527E-1
1.0539825, 0.57394516, 1.2027867, 0.33493641, 1.3217443, 0.90948576, 0.69274265, 0.26030356, 0.13691357E-1
1.0719385, 0.57392406, 1.1973900, 0.33477888, 1.1454223, 0.78816956, 0.60007393, 0.22546665, 0.11859016E-1
1.0798662, 0.57390261, 1.1919003, 0.33461890, 0.75202340, 0.51745534, 0.39369854, 0.14791666, 0.77800676E-2
0.57303858, 0.57389081, 1.1908001, 0.33454406, 0.88066584, 0.60593522, 0.46065146, 0.17306335, 0.91027245E-2
0.33206660, 0.57393008, 1.2114046, 0.33490431, 1.2318749, 0.84757364, 0.64419699, 0.24200508, 0.12728897E-1
0.33659092, 0.57397270, 1.2327619, 0.33528671, 1.2842188, 0.88359886, 0.67152905, 0.25225416, 0.13267974E-1
0.35264742, 0.57398605, 1.2420979, 0.33542696, 0.96020806, 0.66065311, 0.50197780, 0.18855110, 0.99173421E-2
0.38172552, 0.57399094, 1.2478395, 0.33549565, 1.0182723, 0.70057410, 0.53212559, 0.19986331, 0.10512342E-1
0.48645681, 0.57398987, 1.2510737, 0.33551458, 1.0907512, 0.75041664, 0.56980383, 0.21400169, 0.11255983E-1
0.59998381, 0.57398146, 1.2510628, 0.33546928, 1.0640165, 0.73199975, 0.55560750, 0.20865636, 0.10974835E-1
0.69217163, 0.57396942, 1.2494797, 0.33539304, 1.1363932, 0.78177088, 0.59314686, 0.22273935, 0.11715565E-1
0.75921625, 0.57395542, 1.2469870, 0.33529866, 1.1416023, 0.78533959, 0.59562111, 0.22365293, 0.11763616E-1
0.80635625, 0.57393974, 1.2437507, 0.33518946, 0.91403228, 0.62876785, 0.47663870, 0.17896417, 0.94130952E-2
0.46108434, 0.57392967, 1.2431002, 0.33513075, 0.91118795, 0.62677640, 0.47485396, 0.17828397, 0.93773166E-2
0.33464536, 0.57393819, 1.2503910, 0.33523077, 1.0892589, 0.74923956, 0.56745970, 0.21303953, 0.11205376E-1
0.33148879, 0.57394725, 1.2574198, 0.33533013, 1.2559621, 0.86389142, 0.65417415, 0.24557653, 0.12916744E-1
0.33197698, 0.57395899, 1.2650434, 0.33544591, 1.4459631, 0.99459314, 0.75313526, 0.28270259, 0.14869487E-1
0.35223299, 0.57396328, 1.2698101, 0.33550254, 1.3758068, 0.94634992, 0.71659929, 0.26896447, 0.14146890E-1
0.42065263, 0.57395786, 1.2708004, 0.33548146, 1.2298607, 0.84596258, 0.64052874, 0.24039280, 0.12644091E-1
0.44829217, 0.57394886, 1.2703160, 0.33543059, 1.1692003, 0.80422115, 0.60877359, 0.22845769, 0.12016330E-1
0.33255938, 0.57396537, 1.2796735, 0.33558461, 1.9071529, 1.3118443, 0.99306524, 0.37263712, 0.19599821E-1
0.33417246, 0.57402134, 1.2992818, 0.33599544, 3.6471074, 2.5092425, 1.9017125, 0.71347636, 0.37527114E-1
0.33493090, 0.57404339, 1.3064367, 0.33614302, 3.3568490, 2.3102880, 1.7539266, 0.65789157, 0.34603428E-1
0.33552164, 0.57405907, 1.3124850, 0.33625624, 3.0537276, 2.1022506, 1.5983253, 0.59941351, 0.31527590E-1
0.33596370, 0.57406896, 1.3174002, 0.33633709, 2.8091447, 1.9343193, 1.4724448, 0.55211276, 0.29039672E-1
0.33629590, 0.57407463, 1.3214777, 0.33639410, 1.8195050, 1.2530597, 0.95460415, 0.35789445, 0.18824298E-1
0.33712092, 0.57407880, 1.3255615, 0.33644688, 2.2119937, 1.5234779, 1.1610888, 0.43526036, 0.22893537E-1
0.34235257, 0.57407874, 1.3280712, 0.33646604, 1.9262185, 1.3267872, 1.0117230, 0.37922406, 0.19946169E-1
0.36794123, 0.57407522, 1.3293737, 0.33646020, 2.0008230, 1.3782846, 1.0514282, 0.39406499, 0.20726757E-1
0.43063182, 0.57406777, 1.3289717, 0.33641985, 1.6749438, 1.1538744, 0.88051528, 0.32997569, 0.17355828E-1
0.52371883, 0.57405680, 1.3271271, 0.33635026, 1.5519848, 1.0691971, 0.81596363, 0.30575836, 0.16082058E-1
0.41811514, 0.57404864, 1.3264829, 0.33630446, 1.6357480, 1.1269234, 0.86002308, 0.32224083, 0.16948992E-1
0.37235665, 0.57405758, 1.3331127, 0.33640444, 1.8089237, 1.2462929, 0.95136881, 0.35643443, 0.18747477E-1
0.52648771, 0.57405341, 1.3341783, 0.33639336, 1.5232642, 1.0495204, 0.80128545, 0.30017838, 0.15788561E-1
0.69342953, 0.57403874, 1.3307039, 0.33629224, 1.5766394, 1.0863087, 0.82931578, 0.31065372, 0.16339535E-1
0.51072961, 0.57402641, 1.3282912, 0.33621198, 1.7637020, 1.2152268, 0.92771059, 0.34748077, 0.18276531E-1
0.36150941, 0.57403594, 1.3351870, 0.33631736, 1.8697003, 1.2883494, 0.98387736, 0.36848325, 0.19381199E-1
0.52908641, 0.57403368, 1.3370721, 0.33632296, 1.5129420, 1.0425607, 0.79632491, 0.29821423, 0.15685244E-1
0.80669785, 0.57401824, 1.3332678, 0.33621588, 1.5697323, 1.0817022, 0.82613093, 0.30935144, 0.16271027E-1
0.95408726, 0.57399708, 1.3268414, 0.33605686, 1.6998560, 1.1713976, 0.89450192, 0.33492491, 0.17616114E-1
0.99338520, 0.57397473, 1.3200079, 0.33588907, 1.3785911, 0.95002264, 0.72528839, 0.27154481, 0.14282499E-1
0.96815151, 0.57395291, 1.3134617, 0.33572581, 1.1177260, 0.77023888, 0.58779389, 0.22005276, 0.11574157E-1
1.0248759, 0.57393068, 1.3066835, 0.33555728, 1.1824487, 0.81480384, 0.62144172, 0.23263529, 0.12235964E-1
0.44678372, 0.57392758, 1.3082173, 0.33555335, 1.7095677, 1.1780320, 0.89825279, 0.33623290, 0.17684905E-1
0.33279073, 0.57395536, 1.3231648, 0.33581722, 1.9794928, 1.3641306, 1.0405377, 0.38945433, 0.20484200E-1
0.43300271, 0.57396638, 1.3308109, 0.33593696, 1.8903342, 1.3027921, 0.99416155, 0.37205830, 0.19569214E-1
0.56450170, 0.57395673, 1.3295817, 0.33587995, 1.4061300, 0.96911508, 0.73958826, 0.27676153, 0.14556868E-1
0.70667720, 0.57394505, 1.3275394, 0.33580640, 1.4125838, 0.97356069, 0.74289018, 0.27797633, 0.14620763E-1
0.91460484, 0.57392544, 1.3219453, 0.33566302, 1.2888874, 0.88829726, 0.67761767, 0.25353429, 0.13335180E-1
0.43627593, 0.57391626, 1.3210123, 0.33561099, 1.4694937, 1.0127583, 0.77236646, 0.28896376, 0.15198670E-1
0.65183014, 0.57391816, 1.3250214, 0.33565587, 1.0504050, 0.72391808, 0.55202144, 0.20651244, 0.10861969E-1
1.0904171, 0.57389885, 1.3194509, 0.33551303, 0.83975989, 0.57869732, 0.44095930, 0.16495535, 0.86761815E-2
1.1463785, 0.57387394, 1.3115070, 0.33532298, 0.82541835, 0.56876254, 0.43301418, 0.16197583, 0.85194670E-2
1.1918116, 0.57384801, 1.3031125, 0.33512324, 0.81403947, 0.56087106, 0.42662275, 0.15957768, 0.83933296E-2
1.2148231, 0.57382137, 1.2943705, 0.33491570, 0.80800474, 0.55666351, 0.42303383, 0.15822800, 0.83223404E-2
1.2251844, 0.57379407, 1.2854809, 0.33470416, 1.5549923, 1.0712684, 0.81366616, 0.30431634, 0.16006172E-1
1.2310604, 0.57376665, 1.2764417, 0.33448860, 1.1835252, 0.81534392, 0.61891466, 0.23145959, 0.12174113E-1
0.72395426, 0.57375002, 1.2725236, 0.33437195, 1.2750720, 0.87838966, 0.66639668, 0.24919868, 0.13107140E-1
0.71658891, 0.57377124, 1.2859476, 0.33459404, 1.2955551, 0.89250803, 0.67705703, 0.25316590, 0.13315801E-1
0.93726343, 0.57375509, 1.2823836, 0.33448482, 1.3469110, 0.92787081, 0.70356417, 0.26305687, 0.13836037E-1
0.36558372, 0.57376236, 1.2893629, 0.33458179, 1.5510757, 1.0685339, 0.81014532, 0.30288067, 0.15930651E-1
0.31666642, 0.57380271, 1.3105966, 0.33496425, 1.6131432, 1.1113294, 0.84272456, 0.31503093, 0.16569721E-1
0.31682423, 0.57384235, 1.3300809, 0.33532444, 1.8146329, 1.2502018, 0.94828945, 0.35445786, 0.18643457E-1
0.34185424, 0.57385445, 1.3380952, 0.33545405, 1.8203170, 1.2541859, 0.95161057, 0.35566127, 0.18706748E-1
0.47459567, 0.57385039, 1.3393399, 0.33544749, 1.7429520, 1.2009406, 0.91144824, 0.34061533, 0.17915370E-1
0.45515090, 0.57384080, 1.3381442, 0.33539256, 1.6974231, 1.1696070, 0.88775313, 0.33172697, 0.17447861E-1
0.41840383, 0.57384783, 1.3440460, 0.33547941, 2.1496713, 1.4813415, 1.1248423, 0.42027384, 0.22105152E-1
0.66065156, 0.57383734, 1.3424206, 0.33541656, 1.8773552, 1.2937909, 0.98278505, 0.36715469, 0.19311231E-1
0.73681062, 0.57381862, 1.3372102, 0.33528286, 1.5789686, 1.0881989, 0.82664269, 0.30879134, 0.16241491E-1
0.76703882, 0.57380402, 1.3338931, 0.33518544, 1.7021812, 1.1731501, 0.89120203, 0.33287632, 0.17508283E-1
0.85968173, 0.57378364, 1.3278680, 0.33503479, 1.0427732, 0.71867490, 0.54578310, 0.20384131, 0.10721429E-1
0.38309348, 0.57381791, 1.3413141, 0.33530444, 2.6297183, 1.8124659, 1.3765686, 0.51407349, 0.27038675E-1
0.31676650, 0.57391232, 1.3741913, 0.33601308, 3.1585989, 2.1774709, 1.6558735, 0.61827856, 0.32519490E-1
0.31792629, 0.57394791, 1.3872417, 0.33628640, 3.4677839, 2.3912492, 1.8211768, 0.67987818, 0.35759360E-1
0.31868240, 0.57396847, 1.3950772, 0.33644539, 3.5671344, 2.4604819, 1.8770404, 0.70060331, 0.36849368E-1
0.31924757, 0.57398152, 1.4008515, 0.33655557, 3.4105196, 2.3531287, 1.7980824, 0.67101228, 0.35292935E-1
0.31983396, 0.57399547, 1.4069360, 0.33667284, 2.9383464, 2.0278435, 1.5517168, 0.57898176, 0.30452415E-1
0.32032862, 0.57400578, 1.4121015, 0.33676785, 2.8994722, 2.0014088, 1.5332713, 0.57201940, 0.30086193E-1
0.32071838, 0.57401228, 1.4161034, 0.33683574, 2.4491532, 1.6908442, 1.2966262, 0.48367307, 0.25439486E-1
0.32231608, 0.57401347, 1.4183408, 0.33686480, 2.5982497, 1.7940172, 1.3768954, 0.51355636, 0.27011227E-1
0.32222870, 0.57402545, 1.4236972, 0.33696806, 3.9334192, 2.7165484, 2.0877821, 0.77859247, 0.40951133E-1
0.32257435, 0.57405847, 1.4352908, 0.33721799, 3.9969010, 2.7613618, 2.1264696, 0.79288596, 0.41702881E-1
0.32361966, 0.57409048, 1.4447144, 0.33743867, 5.7024813, 3.9416070, 3.0435138, 1.1346041, 0.59675906E-1
0.32416371, 0.57410318, 1.4487090, 0.33752960, 4.5655756, 3.1574492, 2.4452300, 0.91139442, 0.47935866E-1
0.32453582, 0.57410920, 1.4513766, 0.33758277, 3.9656105, 2.7436078, 2.1294560, 0.79358333, 0.41739441E-1
0.32485354, 0.57411325, 1.4538952, 0.33762741, 2.9551044, 2.0450432, 1.5897702, 0.59239334, 0.31157594E-1
0.32547486, 0.57412899, 1.4605089, 0.33776146, 4.6035204, 3.1867821, 2.4816816, 0.92464292, 0.48632625E-1
0.32599694, 0.57414109, 1.4652575, 0.33786061, 3.6525652, 2.5294547, 1.9740412, 0.73541892, 0.38680155E-1
0.32656029, 0.57414228, 1.4666399, 0.33788300, 3.1429255, 2.1770775, 1.7015834, 0.63386160, 0.33338621E-1
0.33775777, 0.57413626, 1.4655603, 0.33785117, 2.5749650, 1.7839658, 1.3958241, 0.51992679, 0.27346099E-1
0.38312575, 0.57412702, 1.4633911, 0.33779570, 2.3059866, 1.5977837, 1.2510352, 0.46596873, 0.24508115E-1
0.51459569, 0.57411432, 1.4598002, 0.33771098, 2.0629451, 1.4294815, 1.1197802, 0.41706043, 0.21935731E-1
0.64377427, 0.57409805, 1.4546608, 0.33759484, 2.1509535, 1.4905461, 1.1679908, 0.43499669, 0.22879109E-1
0.74728137, 0.57407987, 1.4487705, 0.33746323, 1.6651942, 1.1539625, 0.90436161, 0.33679891, 0.17714290E-1
0.74989176, 0.57406068, 1.4424282, 0.33732191, 1.6926315, 1.1729600, 0.91912103, 0.34228322, 0.18002748E-1
0.59671390, 0.57405007, 1.4400011, 0.33725697, 1.6639992, 1.1531141, 0.90356141, 0.33647662, 0.17697345E-1
0.32525888, 0.57406551, 1.4482616, 0.33740988, 2.1585498, 1.4958827, 1.1724536, 0.43659157, 0.22962991E-1
0.32512239, 0.57408005, 1.4563677, 0.33755761, 1.6091049, 1.1151412, 0.87427580, 0.32554486, 0.17122373E-1
0.32473320, 0.57411051, 1.4689881, 0.33781394, 2.6220920, 1.8172313, 1.4252534, 0.53068364, 0.27911864E-1
0.32635430, 0.57416517, 1.4859525, 0.33820444, 3.5176661, 2.4384320, 1.9149187, 0.71296442, 0.37499115E-1
0.32756004, 0.57420373, 1.4963609, 0.33846292, 4.0674539, 2.8204305, 2.2189162, 0.82609284, 0.43449227E-1
0.32843500, 0.57422972, 1.5030717, 0.33863479, 5.3196411, 3.6902890, 2.9102256, 1.0833871, 0.56981888E-1
0.32888919, 0.57423949, 1.5056562, 0.33870283, 4.3112230, 2.9921570, 2.3658695, 0.88068616, 0.46320621E-1
0.32912189, 0.57424062, 1.5061675, 0.33871722, 3.5526705, 2.4665112, 1.9539542, 0.72732407, 0.38254369E-1
0.33006907, 0.57423550, 1.5048950, 0.33868942, 2.8001411, 1.9444623, 1.5423678, 0.57410365, 0.30195592E-1
0.34592018, 0.57422674, 1.5023838, 0.33863384, 2.7473235, 1.9080553, 1.5148956, 0.56386769, 0.29657213E-1
0.36540878, 0.57421565, 1.4990758, 0.33856106, 1.9424865, 1.3491999, 1.0718603, 0.39895758, 0.20983597E-1
0.34131464, 0.57421225, 1.4989189, 0.33855137, 1.7644547, 1.2255589, 0.97388124, 0.36248529, 0.19065294E-1
0.35124326, 0.57420886, 1.4988941, 0.33854374, 1.9139022, 1.3293437, 1.0564928, 0.39323023, 0.20682357E-1
0.32999641, 0.57421762, 1.5038357, 0.33863783, 2.1999447, 1.5280818, 1.2149235, 0.45219404, 0.23783622E-1
0.33268815, 0.57422572, 1.5084568, 0.33872589, 2.1359162, 1.4836813, 1.1801683, 0.43925399, 0.23103027E-1
0.35975349, 0.57422644, 1.5101401, 0.33875373, 2.1486101, 1.4925547, 1.1877058, 0.44205600, 0.23250399E-1
0.33301333, 0.57423449, 1.5147598, 0.33884189, 1.9867495, 1.3801712, 1.0987215, 0.40893385, 0.21508306E-1
0.33399671, 0.57424361, 1.5198956, 0.33894041, 1.9242848, 1.3367916, 1.0644841, 0.39618865, 0.20837957E-1
0.33214876, 0.57426482, 1.5290573, 0.33912876, 2.5277245, 1.7560585, 1.3989285, 0.52066183, 0.27384762E-1
0.33315763, 0.57431161, 1.5458094, 0.33949491, 3.1358845, 2.1789091, 1.7375945, 0.64670551, 0.34014162E-1
0.33380586, 0.57432926, 1.5522135, 0.33963954, 3.8121037, 2.6494105, 2.1159174, 0.78751022, 0.41419927E-1
0.33407754, 0.57433116, 1.5532507, 0.33966678, 2.5874536, 1.7986372, 1.4382743, 0.53530478, 0.28154913E-1
0.33441910, 0.57433134, 1.5538627, 0.33968338, 2.0322320, 1.4127444, 1.1302650, 0.42067042, 0.22125607E-1
0.33532384, 0.57436591, 1.5652916, 0.33994541, 3.0857866, 2.1453454, 1.7176538, 0.63929409, 0.33624344E-1
0.33677974, 0.57441539, 1.5787834, 0.34028298, 4.6346579, 3.2231183, 2.5850616, 0.96215099, 0.50605346E-1
0.33771083, 0.57444459, 1.5858926, 0.34047604, 3.7901287, 2.6367521, 2.1191888, 0.78877699, 0.41486572E-1
0.33838388, 0.57446390, 1.5906671, 0.34060797, 3.4179008, 2.3783956, 1.9145075, 0.71261597, 0.37480801E-1
0.33899266, 0.57448059, 1.5950862, 0.34072793, 3.2531147, 2.2641814, 1.8249496, 0.67930472, 0.35728768E-1
0.33960542, 0.57449746, 1.5992534, 0.34084567, 3.0645237, 2.1333113, 1.7215462, 0.64083910, 0.33705626E-1
0.34026706, 0.57451630, 1.6045239, 0.34098387, 3.7657690, 2.6220217, 2.1187906, 0.78874755, 0.41485049E-1
0.34071246, 0.57452667, 1.6075274, 0.34106690, 3.5119824, 2.4459231, 1.9795426, 0.73695153, 0.38760800E-1
0.34095356, 0.57452875, 1.6079907, 0.34109151, 2.6716833, 1.8610179, 1.5079210, 0.56140369, 0.29527670E-1
0.34468788, 0.57452440, 1.6063468, 0.34106880, 2.4341357, 1.6956645, 1.3748475, 0.51188326, 0.26923103E-1
0.37024453, 0.57451683, 1.6037071, 0.34102404, 1.9880810, 1.3849690, 1.1234229, 0.41829002, 0.22000456E-1
0.43924811, 0.57450712, 1.6002281, 0.34096098, 1.6439404, 1.1451821, 0.92900181, 0.34591213, 0.18193662E-1
0.54801416, 0.57449454, 1.5956333, 0.34087482, 1.8523823, 1.2903074, 1.0466805, 0.38974226, 0.20498963E-1
0.63943738, 0.57447934, 1.5899912, 0.34076700, 1.9418135, 1.3525585, 1.0972064, 0.40857050, 0.21489261E-1
0.65142721, 0.57446390, 1.5842531, 0.34065652, 1.6131024, 1.1235490, 0.91137767, 0.33938417, 0.17850330E-1
0.62158972, 0.57444894, 1.5787377, 0.34054956, 1.4979619, 1.0432658, 0.84602827, 0.31505805, 0.16570870E-1
0.62610781, 0.57443917, 1.5756110, 0.34048882, 1.9384751, 1.3499947, 1.0946940, 0.40767294, 0.21442069E-1
0.60936296, 0.57442498, 1.5705531, 0.34038970, 1.3781461, 0.95970696, 0.77804416, 0.28975874, 0.15240228E-1
0.69232023, 0.57441866, 1.5690399, 0.34035957, 1.4076322, 0.98015076, 0.79440624, 0.29585958, 0.15561108E-1
0.96757698, 0.57439989, 1.5619774, 0.34022030, 1.0038707, 0.69891495, 0.56610662, 0.21083874, 0.11089331E-1
1.0103133, 0.57437831, 1.5536975, 0.34005615, 1.4063473, 0.97898823, 0.79236948, 0.29511288, 0.15521837E-1
1.0271066, 0.57435650, 1.5453657, 0.33988982, 1.0057360, 0.70002741, 0.56620240, 0.21088246, 0.11091632E-1
0.39006880, 0.57435447, 1.5457538, 0.33989471, 1.4205469, 0.98862731, 0.79918814, 0.29766345, 0.15655985E-1
0.43383548, 0.57437086, 1.5544158, 0.34006289, 1.6586397, 1.1542494, 0.93298018, 0.34750286, 0.18277353E-1
0.69650578, 0.57436687, 1.5541294, 0.34005448, 1.7082590, 1.1887158, 0.96074498, 0.35785252, 0.18821716E-1
0.88599360, 0.57434994, 1.5480494, 0.33993205, 1.6800069, 1.1689916, 0.94456756, 0.35183501, 0.18505218E-1
0.95295691, 0.57433021, 1.5406700, 0.33978343, 1.1164759, 0.77680779, 0.62739724, 0.23369913, 0.12291711E-1
0.98654747, 0.57430923, 1.5328391, 0.33962515, 1.4367161, 0.99950302, 0.80673820, 0.30050668, 0.15805542E-1
1.0065463, 0.57428813, 1.5251104, 0.33946764, 1.3722947, 0.95460093, 0.77009767, 0.28686309, 0.15087939E-1
1.0603731, 0.57426584, 1.5167381, 0.33929673, 1.2843034, 0.89330262, 0.72020555, 0.26828235, 0.14110659E-1
1.0119227, 0.57424295, 1.5082207, 0.33912188, 1.5359143, 1.0682174, 0.86073142, 0.32063416, 0.16864171E-1
0.84955978, 0.57422584, 1.5024128, 0.33899841, 1.5099301, 1.0500857, 0.84582424, 0.31508598, 0.16572356E-1
0.74817359, 0.57422048, 1.5019884, 0.33897963, 1.5619323, 1.0861984, 0.87472272, 0.32585609, 0.17138828E-1
1.1204519, 0.57420081, 1.4950515, 0.33883375, 1.5987978, 1.1117697, 0.89493495, 0.33339068, 0.17535115E-1
1.1642618, 0.57417512, 1.4854143, 0.33863443, 1.3104066, 0.91116995, 0.73307765, 0.27309743, 0.14363916E-1
1.0611769, 0.57414955, 1.4758542, 0.33843520, 1.0433506, 0.72540075, 0.58319032, 0.21726122, 0.11427136E-1
1.0664161, 0.57412905, 1.4687586, 0.33828229, 1.1662291, 0.81073380, 0.65129709, 0.24263556, 0.12761733E-1
1.1634164, 0.57410294, 1.4591484, 0.33808002, 1.1206336, 0.77895266, 0.62527782, 0.23294395, 0.12251993E-1
1.0592812, 0.57407790, 1.4501895, 0.33788896, 1.0672719, 0.74177676, 0.59496319, 0.22165184, 0.11658067E-1
1.0979810, 0.57405609, 1.4426655, 0.33772427, 1.0855808, 0.75441736, 0.60464406, 0.22525956, 0.11847818E-1
1.1938192, 0.57402945, 1.4328314, 0.33751425, 1.1679742, 0.81159163, 0.64994854, 0.24213867, 0.12735599E-1
1.1509790, 0.57400239, 1.4227734, 0.33729860, 0.91755968, 0.63751596, 0.51011491, 0.19004415, 0.99956188E-2
1.1557621, 0.57397681, 1.4136742, 0.33710000, 0.99404609, 0.69057381, 0.55207914, 0.20567831, 0.10817918E-1
1.1912856, 0.57394862, 1.4035872, 0.33688131, 1.2216974, 0.84863931, 0.67788333, 0.25254712, 0.13283045E-1
1.1632712, 0.57392025, 1.3934379, 0.33666009, 0.87432784, 0.60728526, 0.48470625, 0.18057851, 0.94977617E-2
0.45385161, 0.57391912, 1.3958066, 0.33668160, 1.3573169, 0.94266975, 0.75191593, 0.28012785, 0.14733686E-1
0.64313769, 0.57393843, 1.4078153, 0.33689049, 1.4442308, 1.0029960, 0.79990923, 0.29800719, 0.15674075E-1
0.97357732, 0.57392442, 1.4043026, 0.33679804, 1.0364414, 0.71974331, 0.57371813, 0.21373889, 0.11241877E-1
1.1000820, 0.57390058, 1.3961856, 0.33661592, 1.1970235, 0.83117664, 0.66204554, 0.24664465, 0.12972597E-1
1.1528130, 0.57387346, 1.3865474, 0.33640364, 1.2073981, 0.83831984, 0.66728461, 0.24859545, 0.13075200E-1
1.1633972, 0.57384503, 1.3764762, 0.33618173, 1.2120485, 0.84148955, 0.66934508, 0.24936184, 0.13115509E-1
1.1654621, 0.57381654, 1.3662724, 0.33595598, 1.2435853, 0.86333084, 0.68626297, 0.25566295, 0.13446928E-1
0.92156458, 0.57379019, 1.3570800, 0.33574831, 1.1831992, 0.82135600, 0.65245497, 0.24306636, 0.12784391E-1
0.87660807, 0.57378256, 1.3569636, 0.33571458, 1.1977940, 0.83144540, 0.66020250, 0.24595077, 0.12936101E-1
1.1512733, 0.57375723, 1.3482939, 0.33551604, 1.0948184, 0.75990891, 0.60296309, 0.22462513, 0.11814449E-1
1.1502262, 0.57372874, 1.3381075, 0.33528697, 1.0723537, 0.74425936, 0.59009361, 0.21982895, 0.11562189E-1
1.1425898, 0.57370019, 1.3279611, 0.33505729, 1.1101689, 0.77044964, 0.61040246, 0.22739242, 0.11960003E-1
1.1350038, 0.57367170, 1.3178917, 0.33482805, 1.1673883, 0.81010997, 0.64137191, 0.23892690, 0.12566674E-1
1.1274682, 0.57364315, 1.3078986, 0.33459875, 1.1490369, 0.79733342, 0.63083619, 0.23499933, 0.12360096E-1
0.36429781, 0.57365125, 1.3149295, 0.33470222, 1.2818513, 0.88945490, 0.70338529, 0.26202184, 0.13781382E-1
0.28401861, 0.57376164, 1.3607320, 0.33562720, 2.6018670, 1.8055061, 1.4282938, 0.53205043, 0.27983883E-1
0.28679407, 0.57385379, 1.3910806, 0.33630437, 2.7999732, 1.9433403, 1.5388986, 0.57323605, 0.30150093E-1
0.28792188, 0.57388479, 1.4004439, 0.33652008, 3.3351235, 2.3152838, 1.8356862, 0.68377030, 0.35963792E-1
0.28864896, 0.57390088, 1.4055052, 0.33663365, 2.3521118, 1.6331828, 1.2962835, 0.48283923, 0.25395559E-1
0.28924215, 0.57391202, 1.4093885, 0.33671650, 2.0205722, 1.4030908, 1.1142281, 0.41502148, 0.21828596E-1
0.28986716, 0.57392442, 1.4126199, 0.33679584, 3.0041556, 2.0863769, 1.6581563, 0.61761212, 0.32484118E-1
0.29062042, 0.57394177, 1.4173707, 0.33691034, 2.6146619, 1.8162138, 1.4449649, 0.53819788, 0.28307222E-1
0.29137480, 0.57395917, 1.4221884, 0.33702651, 2.5944414, 1.8024278, 1.4352113, 0.53456020, 0.28115887E-1
0.29213390, 0.57397687, 1.4272200, 0.33714643, 2.2388399, 1.5555626, 1.2395202, 0.46167013, 0.24282139E-1
0.29283658, 0.57399249, 1.4321731, 0.33725882, 2.2191188, 1.5419886, 1.2293787, 0.45789096, 0.24083370E-1
0.29338810, 0.57400244, 1.4361854, 0.33734131, 2.2973137, 1.5964581, 1.2735175, 0.47432965, 0.24947984E-1
0.29375392, 0.57400548, 1.4383926, 0.33737877, 2.1035900, 1.4619536, 1.1668580, 0.43460321, 0.22858523E-1
0.29399198, 0.57400370, 1.4391167, 0.33738211, 1.2423019, 0.86337805, 0.68921191, 0.25670111, 0.13501529E-1
0.29425183, 0.57400280, 1.4403023, 0.33739403, 1.0200702, 0.70886099, 0.56566787, 0.21068637, 0.11081324E-1
0.29455462, 0.57400340, 1.4422883, 0.33742133, 0.94996220, 0.66006470, 0.52649641, 0.19609663, 0.10313956E-1
0.29631650, 0.57400358, 1.4442747, 0.33744693, 1.1227311, 0.78002131, 0.62191677, 0.23163617, 0.12183206E-1
0.30581838, 0.57399976, 1.4447875, 0.33744138, 1.0669379, 0.74118072, 0.59072560, 0.22001839, 0.11572153E-1
0.33294868, 0.57399374, 1.4444501, 0.33741799, 1.0883462, 0.75597507, 0.60229087, 0.22432537, 0.11798682E-1
0.37552422, 0.57398534, 1.4432002, 0.33737579, 0.99471313, 0.69086283, 0.55018657, 0.20491837, 0.10777949E-1
0.31931198, 0.57398027, 1.4433267, 0.33736110, 1.0729330, 0.74510372, 0.59311080, 0.22090490, 0.11618781E-1
0.32208386, 0.57398462, 1.4476324, 0.33742991, 1.1172019, 0.77577388, 0.61732131, 0.22992119, 0.12093006E-1
0.35445076, 0.57397902, 1.4476064, 0.33741242, 0.78572136, 0.54553002, 0.43389371, 0.16160303, 0.84997211E-2
0.37909439, 0.57397217, 1.4469979, 0.33738303, 0.82288659, 0.57125062, 0.45407286, 0.16911809, 0.88949855E-2
0.43059379, 0.57396406, 1.4458680, 0.33734307, 0.85166556, 0.59114414, 0.46959496, 0.17489839, 0.91990083E-2
0.52762169, 0.57395250, 1.4431987, 0.33727244, 0.79375136, 0.55086631, 0.43730837, 0.16287251, 0.85664922E-2
0.57535160, 0.57393837, 1.4394070, 0.33717945, 0.83886230, 0.58208966, 0.46176928, 0.17198178, 0.90456037E-2
0.60803151, 0.57392377, 1.4354669, 0.33708292, 0.98364168, 0.68246353, 0.54104090, 0.20150431, 0.10598379E-1
0.65299875, 0.57390839, 1.4311359, 0.33697826, 0.96298796, 0.66805577, 0.52929676, 0.19712856, 0.10368234E-1
0.70050406, 0.57389146, 1.4262307, 0.33686188, 1.0292693, 0.71395624, 0.56531179, 0.21053986, 0.11073619E-1
0.75006759, 0.57387340, 1.4207532, 0.33673382, 0.92127669, 0.63897365, 0.50560868, 0.18830264, 0.99040223E-2
0.38686678, 0.57386076, 1.4177612, 0.33665386, 0.73177814, 0.50747389, 0.40127641, 0.14944506, 0.78602564E-2
0.65487790, 0.57385147, 1.4163743, 0.33660468, 0.59470212, 0.41235092, 0.32581770, 0.12134144, 0.63821105E-2
0.84612113, 0.57383043, 1.4095587, 0.33644956, 0.61745781, 0.42805624, 0.33789116, 0.12583689, 0.66185552E-2
0.86154181, 0.57380795, 1.4021560, 0.33628204, 0.61281884, 0.42476946, 0.33495963, 0.12474404, 0.65610758E-2
0.87648821, 0.57378572, 1.3948863, 0.33611619, 0.64594936, 0.44766191, 0.35266355, 0.13133594, 0.69077867E-2
0.88723683, 0.57376355, 1.3876747, 0.33595037, 0.66473538, 0.46061066, 0.36251348, 0.13500272, 0.71006436E-2
0.89788139, 0.57374090, 1.3803548, 0.33578151, 0.67312080, 0.46635166, 0.36667925, 0.13655253, 0.71821576E-2
0.90699190, 0.57371801, 1.3729565, 0.33561030, 0.59744263, 0.41385922, 0.32509083, 0.12106340, 0.63674874E-2
0.91374546, 0.57369494, 1.3655272, 0.33543748, 0.57008517, 0.39484587, 0.30983439, 0.11538059, 0.60685924E-2
0.92011946, 0.57367188, 1.3581986, 0.33526564, 0.58459884, 0.40483689, 0.31735232, 0.11817880, 0.62157675E-2
0.92585075, 0.57364863, 1.3508536, 0.33509246, 0.61258012, 0.42415023, 0.33215192, 0.12368837, 0.65055508E-2
0.93141150, 0.57362527, 1.3434834, 0.33491784, 0.60838747, 0.42118746, 0.32950529, 0.12270106, 0.64536212E-2
0.93624556, 0.57360196, 1.3361540, 0.33474299, 0.68249804, 0.47242928, 0.36922938, 0.13749130, 0.72315335E-2
0.94034010, 0.57357860, 1.3288474, 0.33456755, 0.64251590, 0.44469547, 0.34722197, 0.12929414, 0.68003945E-2
0.48414290, 0.57356375, 1.3258172, 0.33447367, 0.54190964, 0.37501264, 0.29254839, 0.10893376, 0.57295137E-2
0.63928580, 0.57355684, 1.3265872, 0.33445272, 0.44323090, 0.30667996, 0.23903872, 0.89007616E-1, 0.46814722E-2
0.89251858, 0.57353705, 1.3210871, 0.33431098, 0.51690322, 0.35759833, 0.27843425, 0.10367539, 0.54529421E-2
0.95828164, 0.57351196, 1.3131156, 0.33412105, 0.56523186, 0.39097655, 0.30410448, 0.11323190, 0.59555797E-2
0.96663177, 0.57348639, 1.3049927, 0.33392715, 0.55657077, 0.38493207, 0.29909071, 0.11136313, 0.58572888E-2
0.97519171, 0.57346070, 1.2968339, 0.33373159, 0.53891534, 0.37267059, 0.28926149, 0.10770142, 0.56646965E-2
0.97823656, 0.57343483, 1.2885845, 0.33353320, 0.57191056, 0.39543515, 0.30661216, 0.11415956, 0.60043707E-2
0.97804695, 0.57340878, 1.2803526, 0.33333412, 0.61244351, 0.42340839, 0.32797313, 0.12211030, 0.64225500E-2
0.97726548, 0.57338262, 1.2721403, 0.33313432, 0.53238791, 0.36801821, 0.28478429, 0.10602815, 0.55766888E-2
0.97624099, 0.57335603, 1.2638040, 0.33293110, 0.48041272, 0.33204567, 0.25666979, 0.95559068E-1, 0.50260546E-2
0.97555429, 0.57332921, 1.2553244, 0.33272409, 0.45803794, 0.31653845, 0.24441618, 0.90995416E-1, 0.47860220E-2
0.97487921, 0.57330209, 1.2468077, 0.33251533, 0.46194288, 0.31919491, 0.24619859, 0.91657363E-1, 0.48208381E-2
0.97441006, 0.57327503, 1.2383083, 0.33230570, 0.47075465, 0.32524174, 0.25058970, 0.93290366E-1, 0.49067298E-2
0.97374821, 0.57324785, 1.2298332, 0.33209556, 0.47986066, 0.33149239, 0.25513503, 0.94980672E-1, 0.49956315E-2
0.97271711, 0.57322043, 1.2213644, 0.33188438, 0.48282796, 0.33350211, 0.25640985, 0.95453277E-1, 0.50204899E-2
0.97134262, 0.57319283, 1.2128994, 0.33167225, 0.44128072, 0.30476803, 0.23406783, 0.87134294E-1, 0.45829429E-2
0.96948802, 0.57316548, 1.2045187, 0.33146057, 0.58794874, 0.40601948, 0.31151497, 0.11596217, 0.60991822E-2
0.96702802, 0.57313806, 1.1961673, 0.33124837, 0.49430370, 0.34131655, 0.26161283, 0.97383544E-1, 0.51220148E-2
0.96429050, 0.57311070, 1.1878095, 0.33103499, 0.54035133, 0.37307373, 0.28566396, 0.10633386, 0.55927671E-2
0.96154457, 0.57308322, 1.1794617, 0.33082083, 0.57222563, 0.39504394, 0.30219641, 0.11248478, 0.59162835E-2
0.95859867, 0.57305527, 1.1711245, 0.33060575, 0.55553889, 0.38348919, 0.29307458, 0.10908642, 0.57375417E-2
0.95538414, 0.57302696, 1.1627587, 0.33038911, 0.49681789, 0.34292206, 0.26181394, 0.97448215E-1, 0.51254155E-2
0.95136666, 0.57299846, 1.1543794, 0.33017117, 0.52078521, 0.35943154, 0.27414525, 0.10203533, 0.53666807E-2
0.88461840, 0.57297152, 1.1468294, 0.32996780, 0.51230824, 0.35355091, 0.26940888, 0.10026977, 0.52738204E-2
0.89293927, 0.57294679, 1.1404254, 0.32978511, 0.55994773, 0.38639557, 0.29416639, 0.10948101, 0.57582962E-2
0.93756676, 0.57291907, 1.1325934, 0.32957470, 0.53516883, 0.36926731, 0.28086302, 0.10452674, 0.54977206E-2
0.93291247, 0.57289046, 1.1243640, 0.32935578, 0.45178592, 0.31170571, 0.23684479, 0.88142402E-1, 0.46359645E-2
0.92823887, 0.57286197, 1.1161382, 0.32913592, 0.37586388, 0.25930017, 0.19682497, 0.73247194E-1, 0.38525315E-2
0.69627231, 0.57283592, 1.1091878, 0.32893938, 0.39327985, 0.27128804, 0.20570463, 0.76550022E-1, 0.40262486E-2
0.23482127, 0.57287967, 1.1349138, 0.32938594, 0.76157939, 0.52531278, 0.39808178, 0.14813550, 0.77913804E-2
0.23703240, 0.57294428, 1.1702967, 0.33002517, 0.84129274, 0.58027190, 0.43955570, 0.16356125, 0.86027170E-2
0.23997721, 0.57297766, 1.1914498, 0.33038419, 0.70336568, 0.48511246, 0.36731926, 0.13667536, 0.71886191E-2
0.26200652, 0.57298976, 1.2024777, 0.33054662, 0.76354593, 0.52658391, 0.39853185, 0.14828278, 0.77991257E-2
0.32393250, 0.57298774, 1.2068820, 0.33058012, 0.61655211, 0.42517734, 0.32161605, 0.11965951, 0.62936484E-2
0.35354510, 0.57297677, 1.2069204, 0.33052942, 0.43914908, 0.30280936, 0.22889680, 0.85159913E-1, 0.44790972E-2
0.25946426, 0.57296121, 1.2045364, 0.33043289, 0.42795771, 0.29505941, 0.22287545, 0.82917504E-1, 0.43611536E-2
0.24652542, 0.57295001, 1.2041498, 0.33037552, 0.51582032, 0.35559994, 0.26842433, 0.99860400E-1, 0.52522877E-2
0.27633578, 0.57294452, 1.2066536, 0.33037373, 0.56618291, 0.39028203, 0.29442111, 0.10952809, 0.57607731E-2
0.39123756, 0.57293600, 1.2077653, 0.33034426, 0.58854318, 0.40565795, 0.30582780, 0.11376736, 0.59837424E-2
0.50477433, 0.57292050, 1.2056245, 0.33025166, 0.54930681, 0.37857854, 0.28520960, 0.10609352, 0.55801268E-2
0.53167474, 0.57290274, 1.2022913, 0.33013585, 0.49243525, 0.33934897, 0.25545710, 0.95022850E-1, 0.49978504E-2
0.55543661, 0.57288402, 1.1985195, 0.33001125, 0.56107181, 0.38661048, 0.29081076, 0.10816966, 0.56893248E-2
0.58067423, 0.57286382, 1.1940354, 0.32987255, 0.53604800, 0.36933362, 0.27760342, 0.10325328, 0.54307412E-2
0.60194272, 0.57284248, 1.1890273, 0.32972330, 0.54009277, 0.37208578, 0.27945343, 0.10393763, 0.54667350E-2
0.62497383, 0.57282084, 1.1838635, 0.32957047, 0.64100480, 0.44157103, 0.33139768, 0.12325238, 0.64826203E-2
0.65169674, 0.57279801, 1.1782219, 0.32940793, 0.59889895, 0.41253397, 0.30938023, 0.11505880, 0.60516680E-2
0.67094666, 0.57277429, 1.1720961, 0.32923537, 0.55136079, 0.37975773, 0.28457963, 0.10583118, 0.55663292E-2
0.67924374, 0.57274979, 1.1655837, 0.32905480, 0.51083022, 0.35181078, 0.26342028, 0.97958677E-1, 0.51522632E-2
0.68489271, 0.57272488, 1.1589373, 0.32887092, 0.45892289, 0.31603420, 0.23643672, 0.87921165E-1, 0.46243281E-2
0.68791419, 0.57269979, 1.1522179, 0.32868481, 0.43810162, 0.30166712, 0.22548926, 0.83847523E-1, 0.44100694E-2
0.61187875, 0.57267523, 1.1458347, 0.32850417, 0.46828309, 0.32242021, 0.24079925, 0.89537494E-1, 0.47093416E-2
0.67706037, 0.57264960, 1.1390342, 0.32831490, 0.34721547, 0.23904049, 0.17836879, 0.66321678E-1, 0.34882755E-2
0.69532692, 0.57262367, 1.1320318, 0.32812101, 0.38920110, 0.26791885, 0.19973031, 0.74262328E-1, 0.39059238E-2
0.69577140, 0.57259792, 1.1251732, 0.32792887, 0.37487060, 0.25802970, 0.19218197, 0.71453691E-1, 0.37581995E-2
0.69541687, 0.57257211, 1.1183640, 0.32773679, 0.41625327, 0.28648758, 0.21318054, 0.79258591E-1, 0.41687097E-2
0.69590366, 0.57254642, 1.1117069, 0.32754672, 0.47033024, 0.32367986, 0.24064781, 0.89467570E-1, 0.47056642E-2
0.69635379, 0.57252055, 1.1051091, 0.32735685, 0.43048853, 0.29623801, 0.22005834, 0.81809953E-1, 0.43029017E-2
0.69595015, 0.57249457, 1.0983322, 0.32716298, 0.38664398, 0.26604453, 0.19745345, 0.73403858E-1, 0.38607719E-2
0.69696587, 0.57246822, 1.0914770, 0.32696658, 0.44060001, 0.30314612, 0.22478695, 0.83562389E-1, 0.43950728E-2
0.70002568, 0.57244182, 1.0846325, 0.32676959, 0.48744905, 0.33535612, 0.24846160, 0.92359751E-1, 0.48577813E-2
0.70352459, 0.57241541, 1.0778866, 0.32657361, 0.48373771, 0.33278173, 0.24635619, 0.91573425E-1, 0.48164236E-2
0.70534235, 0.57238942, 1.0713346, 0.32638043, 0.50914884, 0.35024238, 0.25907755, 0.96298128E-1, 0.50649242E-2
0.53831261, 0.57236487, 1.0656643, 0.32620302, 0.55820799, 0.38396886, 0.28380951, 0.10548618, 0.55481819E-2
0.25516012, 0.57235086, 1.0654749, 0.32612953, 0.74542701, 0.51273286, 0.37879524, 0.14078274, 0.74046510E-2
0.25646836, 0.57234085, 1.0672494, 0.32609421, 0.62820709, 0.43209192, 0.31908002, 0.11858208, 0.62369788E-2
0.29684079, 0.57232761, 1.0673882, 0.32602760, 0.62597382, 0.43053985, 0.31778014, 0.11809267, 0.62112380E-2
0.36318955, 0.57231247, 1.0665433, 0.32594186, 0.74866736, 0.51491183, 0.37987459, 0.14115976, 0.74244794E-2
0.48002633, 0.57229346, 1.0637932, 0.32581961, 0.55474287, 0.38152412, 0.28132331, 0.10453257, 0.54980256E-2
0.63288707, 0.57227010, 1.0588220, 0.32565483, 0.44719431, 0.30754125, 0.22661152, 0.84199391E-1, 0.44285748E-2
0.71568292, 0.57224321, 1.0519872, 0.32545424, 0.36022422, 0.24771301, 0.18236317, 0.67756139E-1, 0.35637212E-2
0.71631253, 0.57221562, 1.0448350, 0.32524681, 0.28935105, 0.19896114, 0.14633805, 0.54369606E-1, 0.28596392E-2
0.28674790, 0.57219326, 1.0402529, 0.32508802, 0.45245788, 0.31109235, 0.22861677, 0.84936164E-1, 0.44673267E-2
0.21360114, 0.57218874, 1.0444610, 0.32510036, 0.59601802, 0.40978238, 0.30099273, 0.11182015, 0.58813239E-2
0.21402954, 0.57218909, 1.0506344, 0.32515427, 0.65748584, 0.45202875, 0.33186996, 0.12328415, 0.64842892E-2
0.21482411, 0.57219875, 1.0605733, 0.32528803, 0.83055425, 0.57100642, 0.41907609, 0.15566927, 0.81876246E-2
0.21556403, 0.57220680, 1.0696919, 0.32540643, 0.73735285, 0.50692326, 0.37192065, 0.13814314, 0.72658127E-2
0.21612024, 0.57220852, 1.0763476, 0.32547367, 0.73630512, 0.50619239, 0.37125126, 0.13788518, 0.72522447E-2
0.21665606, 0.57220966, 1.0828586, 0.32553750, 0.75819838, 0.52122986, 0.38213390, 0.14191732, 0.74643195E-2
0.21726316, 0.57221329, 1.0901035, 0.32561961, 0.76617801, 0.52670580, 0.38602370, 0.14335184, 0.75397687E-2
0.21757858, 0.57220715, 1.0927029, 0.32561067, 0.64279372, 0.44187140, 0.32371849, 0.12020656, 0.63224141E-2
0.21777844, 0.57219720, 1.0935065, 0.32556617, 0.68399549, 0.47017592, 0.34430420, 0.12784277, 0.67240503E-2
0.21815056, 0.57219303, 1.0972246, 0.32557821, 0.88651282, 0.60937130, 0.44608116, 0.16562127, 0.87110577E-2
0.21893039, 0.57219326, 1.1032848, 0.32563499, 0.91730946, 0.63053733, 0.46147123, 0.17132090, 0.90108309E-2
0.21946597, 0.57218820, 1.1068852, 0.32564351, 0.63982350, 0.43978846, 0.32175651, 0.11944310, 0.62822532E-2
0.22092476, 0.57218057, 1.1090889, 0.32562578, 0.88551229, 0.60864556, 0.44512838, 0.16522977, 0.86904559E-2
0.23696317, 0.57217276, 1.1114045, 0.32560930, 0.84658426, 0.58188081, 0.42543924, 0.15790831, 0.83053708E-2
0.26146439, 0.57216299, 1.1129246, 0.32557639, 0.67251945, 0.46222785, 0.33783221, 0.12538250, 0.65946369E-2
0.22769384, 0.57215738, 1.1163909, 0.32558173, 0.73878598, 0.50775284, 0.37094656, 0.13766323, 0.72405562E-2
0.22064035, 0.57215977, 1.1234928, 0.32566020, 0.78228360, 0.53763223, 0.39264378, 0.14570473, 0.76635089E-2
0.22085983, 0.57215559, 1.1269052, 0.32567072, 0.82363057, 0.56602514, 0.41320598, 0.15332331, 0.80642160E-2
0.22127588, 0.57215333, 1.1285759, 0.32566726, 0.98951674, 0.68002683, 0.49635136, 0.18415903, 0.96860509E-2
0.41521803, 0.57213646, 1.1243583, 0.32553959, 0.97051740, 0.66696739, 0.48669431, 0.18055899, 0.94967000E-2
0.22126484, 0.57213128, 1.1243852, 0.32550451, 1.0601876, 0.72859353, 0.53157067, 0.19718845, 0.10371335E-1
0.22207630, 0.57214236, 1.1304494, 0.32560158, 1.4860996, 1.0213280, 0.74516195, 0.27638778, 0.14536890E-1
0.22309928, 0.57216102, 1.1393045, 0.32575917, 1.4872969, 1.0222200, 0.74598318, 0.27665299, 0.14550814E-1
0.22400878, 0.57217568, 1.1471778, 0.32589215, 1.6038421, 1.1024009, 0.80470753, 0.29838753, 0.15693938E-1
0.22481924, 0.57218724, 1.1547271, 0.32601038, 1.5714160, 1.0801963, 0.78873682, 0.29242131, 0.15380121E-1
0.22554716, 0.57219595, 1.1622332, 0.32611904, 1.5466990, 1.0632813, 0.77660108, 0.28787947, 0.15141224E-1
0.22614905, 0.57220048, 1.1686953, 0.32620054, 1.4069281, 0.96725422, 0.70662451, 0.26190293, 0.13774953E-1
0.22826672, 0.57220024, 1.1734993, 0.32624534, 1.1768121, 0.80907476, 0.59109956, 0.21905790, 0.11521478E-1
0.23294124, 0.57219785, 1.1774833, 0.32627264, 1.2687809, 0.87231702, 0.63728613, 0.23614724, 0.12420293E-1
0.24201943, 0.57219356, 1.1807613, 0.32628560, 1.1523305, 0.79226834, 0.57880306, 0.21445158, 0.11279190E-1
0.26431406, 0.57218689, 1.1828403, 0.32627505, 1.1667479, 0.80218476, 0.58600003, 0.21709436, 0.11418181E-1
0.30579931, 0.57217789, 1.1838218, 0.32624283, 1.0886971, 0.74852294, 0.54673982, 0.20252800, 0.10652049E-1
0.35905913, 0.57216680, 1.1838301, 0.32619172, 0.92196006, 0.63387543, 0.46289715, 0.17145383, 0.90176854E-2
0.30032653, 0.57216007, 1.1858112, 0.32617959, 1.0285486, 0.70714468, 0.51627791, 0.19120796, 0.10056658E-1
0.42217433, 0.57215089, 1.1866026, 0.32614464, 0.72701293, 0.49981391, 0.36477268, 0.13508537, 0.71048634E-2
0.50740302, 0.57213408, 1.1836945, 0.32603773, 0.71828085, 0.49378103, 0.36017346, 0.13337299, 0.70147961E-2
0.55844051, 0.57211739, 1.1808927, 0.32593241, 0.73672777, 0.50643510, 0.36920661, 0.13670838, 0.71902187E-2
0.61092746, 0.57210112, 1.1782614, 0.32583001, 0.77930981, 0.53567958, 0.39031678, 0.14451437, 0.76007731E-2
0.66805071, 0.57208401, 1.1752886, 0.32572073, 0.82144165, 0.56461370, 0.41117233, 0.15222430, 0.80062775E-2
0.72409809, 0.57206571, 1.1717745, 0.32560062, 0.87670946, 0.60258013, 0.43859452, 0.16236310, 0.85395249E-2
0.77269334, 0.57204646, 1.1678035, 0.32547149, 0.93422139, 0.64209127, 0.46711877, 0.17290714, 0.90940855E-2
0.80776334, 0.57202661, 1.1635066, 0.32533556, 0.86715251, 0.59597892, 0.43334869, 0.16039263, 0.84358770E-2
0.83103412, 0.57200634, 1.1590279, 0.32519573, 0.73748791, 0.50684398, 0.36832041, 0.13631319, 0.71694129E-2
0.84711754, 0.57198608, 1.1545683, 0.32505569, 0.80456245, 0.55291682, 0.40154013, 0.14859617, 0.78154365E-2
0.86451131, 0.57196599, 1.1501677, 0.32491630, 0.83957988, 0.57696074, 0.41874245, 0.15494940, 0.81495810E-2
0.88406402, 0.57194567, 1.1457648, 0.32477632, 0.94071937, 0.64644814, 0.46891025, 0.17349771, 0.91251247E-2
0.60130590, 0.57192999, 1.1436442, 0.32468015, 0.86697483, 0.59575737, 0.43190336, 0.15979035, 0.84041813E-2
0.31596670, 0.57195121, 1.1583623, 0.32491353, 1.0772297, 0.74023432, 0.53652984, 0.19847938, 0.10439017E-1
0.31294098, 0.57197165, 1.1724901, 0.32513794, 1.2690389, 0.87204725, 0.63200653, 0.23377162, 0.12295188E-1
0.29652822, 0.57199341, 1.1865288, 0.32536721, 0.88900876, 0.61089939, 0.44268072, 0.16372412, 0.86110421E-2
0.30074799, 0.57201535, 1.1995913, 0.32558569, 0.99432141, 0.68324822, 0.49497703, 0.18304822, 0.96273813E-2
0.30574459, 0.57206452, 1.2200044, 0.32598564, 2.0950744, 1.4396969, 1.0431687, 0.38571623, 0.20286623E-1
0.31060863, 0.57210928, 1.2349073, 0.32630441, 3.4242249, 2.3535883, 1.7074221, 0.63115305, 0.33195201E-1
0.31477496, 0.57212794, 1.2415184, 0.32643518, 2.3240552, 1.5977852, 1.1606430, 0.42891034, 0.22558283E-1
0.31881762, 0.57214212, 1.2467823, 0.32653534, 1.7601583, 1.2102442, 0.87965965, 0.32500839, 0.17093582E-1
0.32292002, 0.57215905, 1.2522174, 0.32664683, 2.0192585, 1.3885216, 1.0097215, 0.37299347, 0.19617289E-1
0.32717413, 0.57218242, 1.2595451, 0.32680249, 2.5759711, 1.7715923, 1.2892902, 0.47616088, 0.25043244E-1
0.32982254, 0.57220775, 1.2678105, 0.32697707, 3.1506755, 2.1673193, 1.5792366, 0.58308411, 0.30666687E-1
0.33047518, 0.57222539, 1.2739075, 0.32710013, 2.1171830, 1.4566765, 1.0625889, 0.39222881, 0.20628806E-1
0.33091217, 0.57223463, 1.2774078, 0.32716429, 1.5525947, 1.0683038, 0.77960342, 0.28772163, 0.15132348E-1
0.33143005, 0.57224721, 1.2822062, 0.32725513, 2.0779686, 1.4298965, 1.0438663, 0.38518628, 0.20258337E-1
0.33193934, 0.57225955, 1.2878697, 0.32735604, 1.9158368, 1.3184539, 0.96301913, 0.35528764, 0.18685816E-1
0.33236280, 0.57226861, 1.2931352, 0.32744163, 1.7824873, 1.2267742, 0.89643115, 0.33066481, 0.17390773E-1
0.33269781, 0.57227343, 1.2974467, 0.32750285, 1.6475805, 1.1339854, 0.82888269, 0.30570012, 0.16077761E-1
0.33408168, 0.57227486, 1.3006744, 0.32753921, 1.6065656, 1.1057992, 0.80847245, 0.29812816, 0.15679492E-1
0.34408784, 0.57227361, 1.3030138, 0.32755661, 1.4645736, 1.0080891, 0.73714304, 0.27178687, 0.14294100E-1
0.38080111, 0.57226902, 1.3040799, 0.32754791, 1.4003665, 0.96390259, 0.70487493, 0.25985548, 0.13666575E-1
0.47109720, 0.57226086, 1.3036335, 0.32750848, 1.3270729, 0.91345078, 0.66796243, 0.24621676, 0.12949258E-1
0.58462507, 0.57224882, 1.3015708, 0.32743654, 1.0638515, 0.73225343, 0.53535616, 0.19731510, 0.10377369E-1
0.65383750, 0.57223529, 1.2988797, 0.32735178, 1.0588282, 0.72876388, 0.53261459, 0.19628547, 0.10323209E-1
0.70546746, 0.57222110, 1.2959517, 0.32726187, 1.0423656, 0.71740121, 0.52410489, 0.19313057, 0.10157278E-1
0.76457286, 0.57220620, 1.2927023, 0.32716516, 1.2585349, 0.86614770, 0.63254100, 0.23306426, 0.12257495E-1
0.83058488, 0.57218993, 1.2888515, 0.32705629, 1.0611539, 0.73029011, 0.53315490, 0.19642335, 0.10330438E-1
0.84611344, 0.57217234, 1.2844672, 0.32693645, 0.76260650, 0.52479756, 0.38291824, 0.14106144, 0.74188020E-2
0.67210484, 0.57215732, 1.2812611, 0.32683894, 0.63553303, 0.43731028, 0.31885701, 0.11745442, 0.61772447E-2
0.54769409, 0.57214665, 1.2800415, 0.32677999, 0.61938703, 0.42615598, 0.31049621, 0.11436779, 0.60149105E-2
0.34475651, 0.57215291, 1.2862828, 0.32686877, 0.73829830, 0.50792396, 0.36986709, 0.13622747, 0.71645710E-2
0.33722427, 0.57217288, 1.2981653, 0.32707238, 0.92060119, 0.63329744, 0.46098328, 0.16977347, 0.89288438E-2
0.42474064, 0.57218701, 1.3075998, 0.32722783, 1.2753464, 0.87729710, 0.63845384, 0.23510879, 0.12364990E-1
0.60856819, 0.57218468, 1.3099211, 0.32724246, 1.0528985, 0.72425574, 0.52696425, 0.19403109, 0.10204598E-1
0.70459622, 0.57217318, 1.3081731, 0.32717702, 1.1062180, 0.76089764, 0.55341065, 0.20374762, 0.10715605E-1
0.74245244, 0.57216239, 1.3067535, 0.32711762, 1.0828929, 0.74482501, 0.54153681, 0.19935492, 0.10484566E-1
0.93554568, 0.57214576, 1.3027332, 0.32700747, 1.3272363, 0.91285872, 0.66345865, 0.24420942, 0.12843563E-1
0.99148250, 0.57212526, 1.2969122, 0.32686177, 1.0326878, 0.71025360, 0.51599807, 0.18990925, 0.99877752E-2
1.0027840, 0.57210451, 1.2910001, 0.32671347, 1.2980369, 0.89272505, 0.64826673, 0.23856276, 0.12546564E-1
0.98382074, 0.57208389, 1.2852316, 0.32656720, 1.2162144, 0.83644134, 0.60717738, 0.22341408, 0.11749847E-1
0.86537182, 0.57206708, 1.2809882, 0.32645142, 1.2996860, 0.89382875, 0.64856380, 0.23861289, 0.12549167E-1
0.32139012, 0.57211220, 1.3020648, 0.32685131, 2.0509491, 1.4105605, 1.0237195, 0.37657464, 0.19804839E-1
0.32348469, 0.57220304, 1.3350286, 0.32755029, 2.4237993, 1.6672009, 1.2109082, 0.44533446, 0.23421004E-1
0.32501373, 0.57225412, 1.3505033, 0.32790470, 2.3729091, 1.6324164, 1.1866548, 0.43631303, 0.22946496E-1
0.32606155, 0.57228661, 1.3601532, 0.32812768, 3.0157263, 2.0749843, 1.5099628, 0.55504531, 0.29190764E-1
0.32696763, 0.57231367, 1.3688874, 0.32832232, 3.1829734, 2.1905570, 1.5962987, 0.58660978, 0.30850686E-1
0.32759970, 0.57233018, 1.3752805, 0.32845408, 2.7041652, 1.8614222, 1.3582058, 0.49897704, 0.26241871E-1
0.32805628, 0.57233995, 1.3801467, 0.32854524, 2.5060046, 1.7252856, 1.2601346, 0.46283659, 0.24341129E-1
0.32844633, 0.57234722, 1.3845342, 0.32862255, 1.8906516, 1.3017594, 0.95141816, 0.34937692, 0.18374100E-1
0.32927611, 0.57237160, 1.3945498, 0.32882586, 2.1969063, 1.5127341, 1.1062244, 0.40614942, 0.21359786E-1
0.33022624, 0.57240093, 1.4051795, 0.32905313, 2.6357427, 1.8151248, 1.3284594, 0.48763737, 0.25645263E-1
0.33111751, 0.57242793, 1.4146127, 0.32925931, 3.0511403, 2.1015465, 1.5398132, 0.56507671, 0.29717783E-1
0.33225715, 0.57246470, 1.4250795, 0.32951105, 3.8652818, 2.6630230, 1.9544947, 0.71704072, 0.37709527E-1
0.33303300, 0.57248753, 1.4307051, 0.32965767, 3.3252366, 2.2916024, 1.6848805, 0.61793774, 0.32497525E-1
0.33357441, 0.57250118, 1.4334114, 0.32973894, 3.1285989, 2.1565847, 1.5879503, 0.58223110, 0.30619591E-1
0.33416176, 0.57251656, 1.4366796, 0.32983330, 3.0410581, 2.0966661, 1.5458739, 0.56665999, 0.29800612E-1
0.33500484, 0.57254213, 1.4431965, 0.33000091, 2.8384044, 1.9573125, 1.4449157, 0.52952659, 0.27847694E-1
0.33579162, 0.57256550, 1.4491465, 0.33015504, 2.4956625, 1.7212039, 1.2718656, 0.46600893, 0.24507254E-1
0.33662367, 0.57259083, 1.4561813, 0.33032900, 3.5796454, 2.4692545, 1.8268729, 0.66920626, 0.35193235E-1
0.33730951, 0.57261062, 1.4626688, 0.33047828, 3.0125463, 2.0785558, 1.5401548, 0.56403399, 0.29662171E-1
0.33778736, 0.57262218, 1.4673607, 0.33057943, 2.7510777, 1.8984715, 1.4083519, 0.51565295, 0.27117768E-1
0.33813325, 0.57262611, 1.4698645, 0.33062917, 2.3940077, 1.6522681, 1.2268273, 0.44910374, 0.23617942E-1
0.33938265, 0.57262397, 1.4702947, 0.33063367, 1.6326334, 1.1268427, 0.83709407, 0.30638853, 0.16112648E-1
0.34238401, 0.57262355, 1.4715800, 0.33065388, 1.4488530, 0.99997139, 0.74290800, 0.27188453, 0.14298090E-1
0.34563354, 0.57262456, 1.4736798, 0.33068985, 1.2789400, 0.88265371, 0.65570897, 0.23994815, 0.12618571E-1
0.35136372, 0.57262701, 1.4763887, 0.33073780, 1.4734588, 1.0168425, 0.75533766, 0.27637839, 0.14534361E-1
0.36494523, 0.57262939, 1.4791195, 0.33078596, 1.4439191, 0.99641728, 0.74017161, 0.27080026, 0.14240991E-1
0.39101729, 0.57263076, 1.4814662, 0.33082622, 1.6345619, 1.1279409, 0.83791494, 0.30652663, 0.16119758E-1
0.38196135, 0.57263124, 1.4834399, 0.33085921, 1.3574115, 0.93665397, 0.69581318, 0.25451490, 0.13384516E-1
0.34622520, 0.57264680, 1.4915750, 0.33101749, 1.9556150, 1.3494146, 1.0026098, 0.36669144, 0.19283654E-1
0.36937672, 0.57265538, 1.4968270, 0.33111843, 2.0940363, 1.4449737, 1.0740708, 0.39276978, 0.20655019E-1
0.36664361, 0.57265848, 1.4996742, 0.33117166, 1.8360155, 1.2669553, 0.94209039, 0.34445766, 0.18114334E-1
0.34810120, 0.57266974, 1.5058668, 0.33129358, 1.7993966, 1.2417014, 0.92361122, 0.33765683, 0.17756660E-1
0.34824279, 0.57267672, 1.5102738, 0.33137983, 2.1159816, 1.4601870, 1.0865120, 0.39715561, 0.20885527E-1
0.34280518, 0.57269013, 1.5171814, 0.33151844, 2.1252379, 1.4666336, 1.0918602, 0.39905015, 0.20985113E-1
0.34278440, 0.57272702, 1.5314584, 0.33182493, 3.0026817, 2.0723510, 1.5440469, 0.56421286, 0.29670563E-1
0.34450981, 0.57278824, 1.5490597, 0.33225262, 4.8418694, 3.3427274, 2.4955058, 0.91164362, 0.47940906E-1
0.34532759, 0.57281375, 1.5553539, 0.33242607, 4.0245991, 2.7795386, 2.0799742, 0.75961828, 0.39946128E-1
0.34598479, 0.57283306, 1.5602152, 0.33256179, 3.8741515, 2.6764040, 2.0066183, 0.73264223, 0.38527399E-1
0.34661841, 0.57285160, 1.5636470, 0.33267748, 3.9679928, 2.7420511, 2.0598440, 0.75189245, 0.39539553E-1
0.34721366, 0.57286859, 1.5662717, 0.33277866, 3.7266655, 2.5759997, 1.9386801, 0.70750052, 0.37204999E-1
0.34809643, 0.57289714, 1.5724286, 0.33296075, 3.6503594, 2.5238965, 1.9027299, 0.69423205, 0.36507122E-1
0.34891817, 0.57292312, 1.5778866, 0.33312708, 3.9205730, 2.7114527, 2.0477870, 0.74699867, 0.39281800E-1
0.34946388, 0.57293844, 1.5798727, 0.33321571, 3.4728785, 2.4024436, 1.8175430, 0.66287565, 0.34857985E-1
0.35012311, 0.57295835, 1.5831959, 0.33333564, 3.8768651, 2.6825686, 2.0328579, 0.74126017, 0.38979810E-1
0.35075307, 0.57297701, 1.5862205, 0.33344853, 4.4554434, 3.0838926, 2.3417900, 0.85372972, 0.44893976E-1
0.35140011, 0.57299662, 1.5894742, 0.33356687, 3.7658520, 2.6074133, 1.9840349, 0.72316116, 0.38027812E-1
0.35212788, 0.57301915, 1.5936404, 0.33370724, 3.8595023, 2.6729584, 2.0374947, 0.74251622, 0.39045490E-1
0.35277802, 0.57303894, 1.5968556, 0.33382645, 3.8305283, 2.6536071, 2.0263762, 0.73833811, 0.38825687E-1
0.35362697, 0.57306665, 1.6025389, 0.33400208, 3.9868870, 2.7627051, 2.1136024, 0.76999277, 0.40490147E-1
0.35435799, 0.57308972, 1.6068795, 0.33414653, 4.0825286, 2.8298116, 2.1691113, 0.79008663, 0.41546673E-1
0.35499391, 0.57310903, 1.6100993, 0.33426538, 4.0197062, 2.7870970, 2.1405227, 0.77955288, 0.40992647E-1
0.35565114, 0.57312936, 1.6136668, 0.33439177, 4.1163015, 2.8549302, 2.1969023, 0.79996848, 0.42066101E-1
0.35634294, 0.57315117, 1.6176537, 0.33452812, 3.8349514, 2.6605613, 2.0511973, 0.74681145, 0.39270759E-1
0.35703245, 0.57317275, 1.6221797, 0.33467138, 4.4227638, 3.0692992, 2.3709781, 0.86312628, 0.45387015E-1
0.35754439, 0.57318747, 1.6252617, 0.33477440, 4.1369767, 2.8719075, 2.2231295, 0.80920184, 0.42551309E-1
0.35792118, 0.57319671, 1.6272429, 0.33484671, 3.7042809, 2.5722368, 1.9947751, 0.72600472, 0.38176358E-1
0.35819182, 0.57320184, 1.6283284, 0.33489442, 3.1799991, 2.2086329, 1.7152807, 0.62422723, 0.32824393E-1
0.35856724, 0.57321125, 1.6312703, 0.33497876, 2.8660455, 1.9908506, 1.5478410, 0.56325132, 0.29617971E-1
0.35896996, 0.57322168, 1.6347303, 0.33507332, 3.0044858, 2.0872822, 1.6245062, 0.59110993, 0.31082816E-1
0.35983160, 0.57322407, 1.6353834, 0.33510709, 2.5093262, 1.7434524, 1.3581195, 0.49414966, 0.25984233E-1
0.37330043, 0.57322013, 1.6337196, 0.33509147, 2.4042218, 1.6705089, 1.3021333, 0.47375455, 0.24911758E-1
0.37162465, 0.57321769, 1.6327595, 0.33509025, 1.8722358, 1.3008645, 1.0143677, 0.36904055, 0.19405495E-1
0.35993332, 0.57323998, 1.6409445, 0.33528113, 2.2448618, 1.5597759, 1.2167284, 0.44264412, 0.23275798E-1
0.36077052, 0.57326794, 1.6495337, 0.33549607, 2.8737845, 1.9968553, 1.5586970, 0.56702387, 0.29816063E-1
0.36163464, 0.57329696, 1.6552814, 0.33568054, 3.2975521, 2.2916687, 1.7909490, 0.65147555, 0.34256764E-1
0.36203650, 0.57330757, 1.6551054, 0.33573267, 3.6922090, 2.5664527, 2.0085676, 0.73059285, 0.38416944E-1
0.36274749, 0.57333082, 1.6588089, 0.33587277, 4.1860285, 2.9104855, 2.2818658, 0.82995170, 0.43641470E-1
0.36344728, 0.57335353, 1.6625561, 0.33601233, 3.8474877, 2.6758564, 2.1017919, 0.76441491, 0.40195260E-1
0.36420846, 0.57337892, 1.6668537, 0.33616716, 3.6636848, 2.5486422, 2.0051656, 0.72924095, 0.38345631E-1
0.36472550, 0.57339442, 1.6681746, 0.33625412, 4.4268875, 3.0804100, 2.4279366, 0.88296127, 0.46428606E-1
0.36532378, 0.57341337, 1.6712474, 0.33637342, 3.9382596, 2.7412496, 2.1648912, 0.78727621, 0.41397125E-1
0.36576244, 0.57342601, 1.6731679, 0.33645818, 3.5794356, 2.4920835, 1.9713138, 0.71686637, 0.37694722E-1
0.36606655, 0.57343322, 1.6740220, 0.33651257, 3.3301702, 2.3189728, 1.8368838, 0.66797256, 0.35123702E-1
0.36624491, 0.57343537, 1.6736618, 0.33653593, 2.8869858, 2.0106430, 1.5944422, 0.57980585, 0.30487645E-1
0.36643627, 0.57343429, 1.6724505, 0.33653799, 2.6251385, 1.8284262, 1.4511387, 0.52769262, 0.27747380E-1
0.37015632, 0.57342947, 1.6700662, 0.33651355, 2.4006155, 1.6721197, 1.3279407, 0.48289222, 0.25391649E-1
0.37268347, 0.57342356, 1.6673415, 0.33648068, 2.1301513, 1.4837469, 1.1788826, 0.42868876, 0.22541486E-1
0.38374737, 0.57342219, 1.6666008, 0.33648717, 2.0957034, 1.4597325, 1.1601932, 0.42189276, 0.22184130E-1
0.44947013, 0.57341594, 1.6639216, 0.33645353, 1.9855043, 1.3829336, 1.0994202, 0.39979383, 0.21022109E-1
0.54340899, 0.57340503, 1.6594194, 0.33638248, 1.8701429, 1.3025301, 1.0356432, 0.37660280, 0.19802654E-1
0.63618267, 0.57339144, 1.6538092, 0.33628851, 1.8102422, 1.2607350, 1.0024083, 0.36451793, 0.19167196E-1
0.51298851, 0.57338077, 1.6495103, 0.33622023, 2.0600734, 1.4346502, 1.1407006, 0.41480750, 0.21811524E-1
0.36991632, 0.57339609, 1.6556652, 0.33636457, 2.6819191, 1.8677899, 1.4859444, 0.54035431, 0.28413048E-1
0.44370455, 0.57339752, 1.6562110, 0.33639449, 2.4282498, 1.6912153, 1.3463477, 0.48959336, 0.25743905E-1
0.58982068, 0.57338649, 1.6517262, 0.33632275, 2.0683529, 1.4405675, 1.1472254, 0.41718581, 0.21936547E-1
0.72616297, 0.57337093, 1.6453321, 0.33621213, 1.8441333, 1.2843581, 1.0229025, 0.37197813, 0.19559415E-1
0.82890016, 0.57335329, 1.6380039, 0.33608213, 2.0284460, 1.4126643, 1.1250620, 0.40913045, 0.21512959E-1
0.91186935, 0.57333428, 1.6301422, 0.33594066, 2.1006048, 1.4628909, 1.1651145, 0.42369795, 0.22278940E-1
0.98746681, 0.57331407, 1.6218363, 0.33578941, 2.1959279, 1.5292666, 1.2180548, 0.44295236, 0.23291366E-1
1.0580693, 0.57329279, 1.6131064, 0.33562863, 1.9872780, 1.3839529, 1.1023297, 0.40087068, 0.21078615E-1
1.1019293, 0.57327062, 1.6040241, 0.33545986, 1.9460473, 1.3552010, 1.0792834, 0.39249176, 0.20638023E-1
1.1210632, 0.57324797, 1.5948474, 0.33528781, 1.4701024, 1.0237067, 0.81505835, 0.29640496, 0.15585575E-1
1.1378586, 0.57322526, 1.5856721, 0.33511475, 1.7359921, 1.2087561, 0.96195030, 0.34982494, 0.18394500E-1
1.1582916, 0.57320225, 1.5764525, 0.33493951, 1.7479455, 1.2170100, 0.96819085, 0.35209543, 0.18513881E-1
1.1798705, 0.57317883, 1.5671474, 0.33476132, 2.0604939, 1.4345849, 1.1410486, 0.41495821, 0.21819327E-1
0.49089709, 0.57318658, 1.5706967, 0.33484256, 2.0126693, 1.4012829, 1.1145946, 0.40533882, 0.21313509E-1
0.35237941, 0.57325131, 1.5960859, 0.33537883, 2.6541743, 1.8479810, 1.4706125, 0.53481156, 0.28121427E-1
0.35410002, 0.57333654, 1.6214455, 0.33598381, 4.0298162, 2.8063676, 2.2363451, 0.81328934, 0.42764258E-1
0.35525450, 0.57337803, 1.6312201, 0.33625591, 4.4365921, 3.0906501, 2.4677391, 0.89745712, 0.47189869E-1
0.35609826, 0.57340610, 1.6368327, 0.33643353, 5.8385143, 4.0691118, 3.2575145, 1.1847215, 0.62294628E-1
0.35668916, 0.57342422, 1.6397487, 0.33654612, 4.3952961, 3.0647254, 2.4601049, 0.89475894, 0.47047850E-1
0.35768011, 0.57344335, 1.6430827, 0.33666703, 3.7210991, 2.5954111, 2.0872507, 0.75918800, 0.39919298E-1
0.35895053, 0.57347006, 1.6482770, 0.33683559, 3.3510325, 2.3378036, 1.8827878, 0.68485433, 0.36010712E-1
0.35913724, 0.57349950, 1.6539972, 0.33702019, 3.9107337, 2.7288778, 2.2009692, 0.80063784, 0.42098783E-1
0.36003533, 0.57352817, 1.6594247, 0.33719856, 3.6175008, 2.5248854, 2.0396760, 0.74201483, 0.39016284E-1
0.36121053, 0.57355702, 1.6650270, 0.33738008, 3.9305992, 2.7440882, 2.2202556, 0.80776775, 0.42473670E-1
0.36236012, 0.57357925, 1.6686094, 0.33751592, 5.1652293, 3.6073093, 2.9248834, 1.0642272, 0.55958699E-1
0.36195007, 0.57359517, 1.6710496, 0.33761746, 5.4784117, 3.8278818, 3.1122420, 1.1325467, 0.59551001E-1
0.36228532, 0.57360327, 1.6718268, 0.33767313, 3.3280299, 2.3262014, 1.8953336, 0.68979812, 0.36270618E-1
0.36281601, 0.57361901, 1.6747514, 0.33777925, 4.2214427, 2.9513521, 2.4083228, 0.87659568, 0.46092719E-1
0.36363345, 0.57364661, 1.6800721, 0.33795488, 4.5021234, 3.1486697, 2.5745835, 0.93724209, 0.49281593E-1
0.36429951, 0.57366788, 1.6834629, 0.33808634, 4.7644887, 3.3334119, 2.7316341, 0.99457109, 0.52296054E-1
0.36496449, 0.57368934, 1.6870385, 0.33822069, 3.9890785, 2.7918639, 2.2925208, 0.83482844, 0.43896530E-1
0.36802825, 0.57371652, 1.6917498, 0.33838746, 4.0109634, 2.8079455, 2.3096511, 0.84119731, 0.44231419E-1
0.36652532, 0.57374120, 1.6957940, 0.33853927, 5.0939717, 3.5673831, 2.9404449, 1.0711378, 0.56322027E-1
0.36702237, 0.57375664, 1.6973844, 0.33863005, 5.3779893, 3.7680502, 3.1140175, 1.1346260, 0.59660364E-1
0.36741990, 0.57376766, 1.6980828, 0.33869573, 4.6493087, 3.2589307, 2.6999483, 0.98398954, 0.51739678E-1
0.36824322, 0.57378668, 1.7004397, 0.33880746, 3.6998160, 2.5941970, 2.1532617, 0.78491527, 0.41272059E-1
0.36885229, 0.57381189, 1.7043964, 0.33895916, 4.5238690, 3.1728957, 2.6381700, 0.96187872, 0.50577085E-1
0.36935630, 0.57383102, 1.7065248, 0.33906889, 5.0706496, 3.5577984, 2.9649100, 1.0812885, 0.56855876E-1
0.36980960, 0.57384449, 1.7075806, 0.33914760, 4.9578757, 3.4801996, 2.9073639, 1.0606041, 0.55768318E-1
0.37011841, 0.57385218, 1.7076309, 0.33919516, 3.3295338, 2.3378940, 1.9566596, 0.71396762, 0.37541624E-1
0.37048721, 0.57386243, 1.7091340, 0.33926839, 3.1621957, 2.2207224, 1.8606253, 0.67906070, 0.35706177E-1
0.37087029, 0.57387066, 1.7103374, 0.33933258, 3.2907898, 2.3113463, 1.9385751, 0.70765227, 0.37209589E-1
0.37104446, 0.57387555, 1.7104313, 0.33937100, 3.1490448, 2.2121053, 1.8573258, 0.67813319, 0.35657443E-1
0.37124059, 0.57387906, 1.7103528, 0.33940268, 2.6958952, 1.8939489, 1.5915027, 0.58118868, 0.30559950E-1
0.37205511, 0.57387936, 1.7094822, 0.33941495, 2.4990218, 1.7557008, 1.4761728, 0.53916436, 0.28350251E-1
0.37607226, 0.57387590, 1.7073383, 0.33939889, 2.3523231, 1.6526488, 1.3901422, 0.50782394, 0.26702326E-1
0.39448914, 0.57386947, 1.7041378, 0.33936006, 2.3661742, 1.6623760, 1.3988643, 0.51109052, 0.26874106E-1
0.43621209, 0.57386059, 1.7000366, 0.33930191, 2.3736029, 1.6675991, 1.4038008, 0.51297557, 0.26973244E-1
0.42763838, 0.57385159, 1.6959531, 0.33924353, 1.4869263, 1.0445880, 0.87939835, 0.32139224, 0.16899426E-1
0.37147239, 0.57385707, 1.6976761, 0.33930308, 2.1677303, 1.5227395, 1.2819341, 0.46856317, 0.24637965E-1
0.37920204, 0.57386130, 1.6989285, 0.33935329, 2.1475616, 1.5085322, 1.2703110, 0.46438274, 0.24418158E-1
0.37219751, 0.57387036, 1.7017949, 0.33943865, 2.6206613, 1.8408480, 1.5507256, 0.56698340, 0.29813129E-1
0.37385398, 0.57387537, 1.7030448, 0.33949104, 2.2613783, 1.5885000, 1.3387767, 0.48957169, 0.25742676E-1
0.40031746, 0.57387167, 1.7010567, 0.33947608, 2.2772851, 1.5996429, 1.3485773, 0.49323225, 0.25935175E-1
0.46399826, 0.57386214, 1.6967124, 0.33941242, 2.0621951, 1.4485087, 1.2214254, 0.44679433, 0.23493381E-1
0.56063044, 0.57384938, 1.6911278, 0.33932307, 1.9385699, 1.3615960, 1.1482055, 0.42006898, 0.22088122E-1
0.65695435, 0.57383418, 1.6844909, 0.33921170, 1.8452821, 1.2959732, 1.0927680, 0.39983931, 0.21024413E-1
0.73433894, 0.57381725, 1.6772362, 0.33908710, 1.7839848, 1.2528121, 1.0561736, 0.38649780, 0.20322902E-1
0.80827940, 0.57379943, 1.6696014, 0.33895397, 1.7194268, 1.2073629, 1.0175923, 0.37242419, 0.19582886E-1
0.88230717, 0.57378054, 1.6615771, 0.33881205, 1.8977753, 1.3324788, 1.1227295, 0.41095310, 0.21608831E-1
0.47049290, 0.57377058, 1.6573837, 0.33874542, 1.9381764, 1.3607663, 1.1464663, 0.41969630, 0.22068582E-1
0.43071043, 0.57377076, 1.6576874, 0.33876759, 1.7138643, 1.2031952, 1.0136929, 0.37113693, 0.19515231E-1
0.38684201, 0.57377416, 1.6591514, 0.33881462, 1.8118328, 1.2718738, 1.0715153, 0.39235374, 0.20630863E-1
0.47265902, 0.57376999, 1.6574243, 0.33879703, 1.4100250, 0.98970455, 0.83364654, 0.30528757, 0.16052727E-1
0.60964990, 0.57375818, 1.6525760, 0.33871633, 1.3185753, 0.92537528, 0.77911538, 0.28534392, 0.15004047E-1
0.72723609, 0.57374400, 1.6467371, 0.33861515, 1.3748685, 0.96473587, 0.81185311, 0.29736033, 0.15635902E-1
0.98420221, 0.57372481, 1.6387458, 0.33847076, 1.2618282, 0.88527066, 0.74448472, 0.27270862, 0.14339664E-1
1.0963048, 0.57370222, 1.6292856, 0.33829653, 1.3755417, 0.96489441, 0.81083572, 0.29703847, 0.15618989E-1
1.1199327, 0.57367885, 1.6196098, 0.33811677, 1.2121166, 0.85012400, 0.71383858, 0.26152658, 0.13751693E-1
1.1304408, 0.57365561, 1.6100546, 0.33793801, 1.3547012, 0.94997561, 0.79704750, 0.29203492, 0.15355898E-1
0.64052594, 0.57364190, 1.6047227, 0.33784187, 1.2806258, 0.89789337, 0.75281513, 0.27585101, 0.14504910E-1
0.36057952, 0.57367808, 1.6193817, 0.33815393, 1.8265657, 1.2805557, 1.0734805, 0.39338839, 0.20685308E-1
0.36396047, 0.57373178, 1.6378765, 0.33857128, 2.9255955, 2.0510914, 1.7200975, 0.63043833, 0.33149987E-1
0.36212769, 0.57377464, 1.6485443, 0.33885834, 4.0617142, 2.8482389, 2.3918025, 0.87681508, 0.46105150E-1
0.36279783, 0.57379246, 1.6509111, 0.33896193, 4.0615225, 2.8489645, 2.3965445, 0.87878054, 0.46208598E-1
0.36577535, 0.57380247, 1.6510956, 0.33901364, 4.1274018, 2.8960550, 2.4403725, 0.89509183, 0.47066383E-1
0.36338839, 0.57380873, 1.6507915, 0.33904684, 3.3752196, 2.3688905, 1.9991922, 0.73346168, 0.38567510E-1
0.36447802, 0.57381403, 1.6509066, 0.33908227, 3.2325447, 2.2691503, 1.9171817, 0.70353502, 0.36993943E-1
0.36488175, 0.57382059, 1.6517496, 0.33913061, 2.8182919, 1.9786164, 1.6732640, 0.61415863, 0.32294318E-1
0.37353384, 0.57383502, 1.6553085, 0.33923793, 2.8301008, 1.9871011, 1.6817313, 0.61739141, 0.32464355E-1
0.37009907, 0.57384443, 1.6575298, 0.33931267, 2.5032573, 1.7577405, 1.4885956, 0.54659420, 0.28741643E-1
0.39862382, 0.57384890, 1.6583341, 0.33935428, 1.9325964, 1.3570212, 1.1495619, 0.42217427, 0.22199273E-1
0.41997778, 0.57384986, 1.6582414, 0.33937430, 1.6735873, 1.1750580, 0.99536633, 0.36559486, 0.19224158E-1
0.44296589, 0.57384759, 1.6570028, 0.33936870, 1.5979462, 1.1218283, 0.95009804, 0.34900978, 0.18352069E-1
0.43247411, 0.57384396, 1.6553547, 0.33935356, 1.5970715, 1.1210881, 0.94926554, 0.34874460, 0.18338135E-1
0.41793314, 0.57383889, 1.6532511, 0.33932814, 1.6103103, 1.1302590, 0.95684689, 0.35157081, 0.18486753E-1
0.44957104, 0.57383180, 1.6503633, 0.33928612, 1.4733244, 1.0339880, 0.87513196, 0.32158259, 0.16909882E-1
0.49729195, 0.57382238, 1.6466095, 0.33922610, 1.3247385, 0.92958099, 0.78647959, 0.28903496, 0.15198428E-1
0.56592911, 0.57381082, 1.6419637, 0.33914739, 1.1279378, 0.79135293, 0.66918123, 0.24594904, 0.12932828E-1
0.58995390, 0.57379746, 1.6365968, 0.33905363, 0.71565467, 0.50198805, 0.42414793, 0.15590052, 0.81977742E-2
0.55563641, 0.57378870, 1.6332188, 0.33899873, 0.77880251, 0.54615152, 0.46105507, 0.16947490, 0.89115612E-2
0.65729415, 0.57377797, 1.6290953, 0.33892831, 1.1314328, 0.79326415, 0.66911036, 0.24596766, 0.12933812E-1
0.76523328, 0.57376337, 1.6232888, 0.33882385, 1.2242737, 0.85820603, 0.72339284, 0.26594302, 0.13984189E-1
0.81592900, 0.57374746, 1.6170131, 0.33870932, 1.2544730, 0.87923038, 0.74061602, 0.27229711, 0.14318314E-1
0.84460199, 0.57373071, 1.6104864, 0.33858889, 1.3381685, 0.93775153, 0.78942245, 0.29026589, 0.15263184E-1
0.88995904, 0.57371318, 1.6035699, 0.33845979, 1.1496273, 0.80550289, 0.67763394, 0.24918212, 0.13102861E-1
0.94734395, 0.57369483, 1.5962973, 0.33832291, 1.0714420, 0.75058931, 0.63092697, 0.23202328, 0.12200595E-1
1.0150670, 0.57367545, 1.5886619, 0.33817792, 1.0774918, 0.75468862, 0.63381016, 0.23309913, 0.12257170E-1
1.0513802, 0.57365537, 1.5807627, 0.33802673, 1.0512595, 0.73618358, 0.61771524, 0.22719473, 0.11946700E-1
1.0606788, 0.57363474, 1.5726943, 0.33787119, 1.0527451, 0.73709333, 0.61791968, 0.22728439, 0.11951417E-1
1.0774900, 0.57361364, 1.5644485, 0.33771110, 0.98827475, 0.69182777, 0.57942241, 0.21313711, 0.11207506E-1
1.0877503, 0.57359236, 1.5561895, 0.33754954, 0.89928216, 0.62940973, 0.52661562, 0.19372302, 0.10186648E-1
1.0936332, 0.57357097, 1.5479760, 0.33738777, 0.74544555, 0.52163273, 0.43596914, 0.16038503, 0.84336177E-2
1.0999514, 0.57354933, 1.5397841, 0.33722529, 0.76895791, 0.53797078, 0.44911215, 0.16522697, 0.86882245E-2
0.67203104, 0.57354009, 1.5368562, 0.33716637, 0.75411129, 0.52746719, 0.43985051, 0.16182634, 0.85094068E-2
0.45203370, 0.57357097, 1.5510757, 0.33745039, 0.85378689, 0.59707540, 0.49753535, 0.18305701, 0.96257925E-2
0.45460066, 0.57360679, 1.5662104, 0.33776259, 1.1477637, 0.80251855, 0.66829336, 0.24589631, 0.12930105E-1
0.49907598, 0.57364851, 1.5814357, 0.33809656, 1.3898449, 0.97166097, 0.80881763, 0.29762089, 0.15649969E-1
0.51855570, 0.57368302, 1.5914623, 0.33834350, 1.8479743, 1.2918432, 1.0751359, 0.39565051, 0.20804714E-1
0.45833647, 0.57370961, 1.5968722, 0.33850917, 2.0881727, 1.4597281, 1.2149959, 0.44716328, 0.23513444E-1
0.43333894, 0.57372624, 1.5990348, 0.33860207, 2.0802550, 1.4541899, 1.2106473, 0.44561002, 0.23431771E-1
0.38946235, 0.57373983, 1.6003274, 0.33867520, 2.7088182, 1.8936609, 1.5772122, 0.58060402, 0.30530253E-1
0.38758451, 0.57375515, 1.6023366, 0.33876246, 2.5355105, 1.7726579, 1.4774023, 0.54393572, 0.28602118E-1
0.38866669, 0.57376957, 1.6042938, 0.33884561, 2.6653981, 1.8636124, 1.5541794, 0.57228029, 0.30092599E-1
0.38618216, 0.57378131, 1.6059681, 0.33891770, 2.5944178, 1.8141369, 1.5139122, 0.55753070, 0.29317033E-1
0.38979620, 0.57379103, 1.6075073, 0.33898205, 2.4094338, 1.6848906, 1.4068288, 0.51816481, 0.27247043E-1
0.36772525, 0.57379943, 1.6089786, 0.33904052, 2.0260744, 1.4168432, 1.1834570, 0.43594524, 0.22923645E-1
0.36970440, 0.57380718, 1.6105518, 0.33909854, 2.1141081, 1.4783914, 1.2351506, 0.45503858, 0.23927657E-1
0.37196526, 0.57381320, 1.6117084, 0.33914563, 1.7933838, 1.2540708, 1.0478771, 0.38608727, 0.20301946E-1
0.37267989, 0.57381988, 1.6132981, 0.33920032, 1.6846819, 1.1779819, 0.98427284, 0.36268717, 0.19071478E-1
0.37764138, 0.57382709, 1.6152269, 0.33926085, 1.8764004, 1.3119570, 1.0962079, 0.40397221, 0.21242419E-1
0.37351286, 0.57383215, 1.6165435, 0.33930701, 1.6736144, 1.1701021, 0.97768062, 0.36032802, 0.18947447E-1
0.37585741, 0.57383502, 1.6172469, 0.33933896, 1.6361066, 1.1437854, 0.95559382, 0.35221955, 0.18521078E-1
0.37958047, 0.57383686, 1.6176699, 0.33936349, 1.3282216, 0.92844874, 0.77552164, 0.28587055, 0.15032191E-1
0.37255570, 0.57384807, 1.6205134, 0.33944872, 2.0248995, 1.4152950, 1.1819725, 0.43573433, 0.22912625E-1
0.38838965, 0.57387131, 1.6247650, 0.33959094, 2.3536885, 1.6451526, 1.3745035, 0.50677019, 0.26648011E-1
0.43471974, 0.57387614, 1.6230423, 0.33959988, 2.1166904, 1.4795182, 1.2365280, 0.45595479, 0.23975968E-1
0.43349427, 0.57388330, 1.6220734, 0.33962554, 2.1638200, 1.5124574, 1.2643681, 0.46627510, 0.24518663E-1
0.43226558, 0.57389241, 1.6216792, 0.33966419, 2.1467149, 1.5004996, 1.2546852, 0.46275890, 0.24333788E-1
0.38564289, 0.57390428, 1.6221061, 0.33972144, 2.4461687, 1.7098445, 1.4302500, 0.52757782, 0.27742278E-1
0.36295786, 0.57391852, 1.6233898, 0.33979768, 2.9810913, 2.0839393, 1.7444063, 0.64355725, 0.33841036E-1
0.36013544, 0.57393146, 1.6245078, 0.33986777, 2.8500001, 1.9925575, 1.6693969, 0.61598623, 0.32391295E-1
0.50037926, 0.57393980, 1.6243788, 0.33990714, 1.8650932, 1.3040197, 1.0930191, 0.40336534, 0.21210769E-1
0.85140646, 0.57394272, 1.6226637, 0.33990946, 1.2693670, 0.88741344, 0.74356902, 0.27443013, 0.14430782E-1
0.98329628, 0.57393992, 1.6192589, 0.33987236, 1.1387074, 0.79593462, 0.66640109, 0.24596664, 0.12934040E-1
0.71422881, 0.57394403, 1.6184344, 0.33988905, 1.3557534, 0.94749844, 0.79276973, 0.29262930, 0.15387780E-1
0.57500738, 0.57395512, 1.6203383, 0.33996212, 1.3873655, 0.96946734, 0.81079310, 0.29930499, 0.15738823E-1
0.76279885, 0.57396162, 1.6208382, 0.34000275, 1.0915370, 0.76263094, 0.63744342, 0.23532894, 0.12374669E-1
0.85392189, 0.57396173, 1.6193240, 0.33999819, 0.94060975, 0.65705287, 0.54873204, 0.20258997, 0.10653105E-1
0.71511853, 0.57396358, 1.6186351, 0.34000891, 1.0503421, 0.73355925, 0.61210603, 0.22599928, 0.11884074E-1
0.61539423, 0.57396948, 1.6197420, 0.34005493, 1.0932659, 0.76340181, 0.63656932, 0.23504454, 0.12359720E-1
0.58473402, 0.57397521, 1.6210929, 0.34010351, 1.0240057, 0.71491092, 0.59573662, 0.21997951, 0.11567532E-1
0.59975576, 0.57397884, 1.6219077, 0.34013903, 0.90086788, 0.62881827, 0.52360380, 0.19335338, 0.10167409E-1
0.66887218, 0.57397956, 1.6217732, 0.34015331, 0.68776113, 0.47995996, 0.39929876, 0.14745653, 0.77539426E-2
0.69068408, 0.57397753, 1.6207006, 0.34014711, 0.68734449, 0.47955319, 0.39856115, 0.14718898, 0.77398722E-2
0.79420656, 0.57397234, 1.6184927, 0.34011656, 0.56818181, 0.39631552, 0.32902724, 0.12151363, 0.63897446E-2
0.73048991, 0.57396615, 1.6159903, 0.34007904, 0.64270157, 0.44817898, 0.37166962, 0.13726568, 0.72180587E-2
0.81828058, 0.57396001, 1.6135150, 0.34004152, 0.59509414, 0.41487500, 0.34366736, 0.12692727, 0.66744196E-2
0.73754692, 0.57396597, 1.6153591, 0.34009612, 0.89759302, 0.62562072, 0.51772177, 0.19121711, 0.10055074E-1
0.79088634, 0.57398260, 1.6203750, 0.34022588, 0.93774724, 0.65348166, 0.54032809, 0.19957411, 0.10494523E-1
0.89919579, 0.57398844, 1.6212304, 0.34026924, 0.80154568, 0.55844820, 0.46130690, 0.17039299, 0.89600459E-2
0.91449803, 0.57398659, 1.6194817, 0.34025520, 0.74810028, 0.52109343, 0.42999598, 0.15883243, 0.83521372E-2
0.77971274, 0.57398486, 1.6181624, 0.34024715, 0.75295979, 0.52435833, 0.43224290, 0.15966696, 0.83960202E-2
0.60280281, 0.57398766, 1.6188470, 0.34027779, 0.77524149, 0.53975773, 0.44453621, 0.16421254, 0.86350488E-2
0.71050406, 0.57398641, 1.6182718, 0.34028071, 0.63787377, 0.44401053, 0.36531517, 0.13495147, 0.70963670E-2
0.68756759, 0.57398283, 1.6168551, 0.34026480, 0.61373150, 0.42710194, 0.35104251, 0.12968174, 0.68192617E-2
0.71900469, 0.57397771, 1.6148567, 0.34023625, 0.57637465, 0.40100509, 0.32923850, 0.12162928, 0.63958257E-2
0.76764143, 0.57397091, 1.6123102, 0.34019578, 0.53967488, 0.37537611, 0.30785042, 0.11372995, 0.59804427E-2
0.77924281, 0.57396293, 1.6093224, 0.34014553, 0.54106426, 0.37624669, 0.30821264, 0.11386561, 0.59875757E-2
0.73803806, 0.57395518, 1.6065843, 0.34009933, 0.52682632, 0.36625361, 0.29969040, 0.11071882, 0.58221030E-2
0.72200286, 0.57394797, 1.6041135, 0.34005749, 0.52455795, 0.36458603, 0.29800007, 0.11009592, 0.57893489E-2
0.78132063, 0.57393879, 1.6008877, 0.34000009, 0.49233058, 0.34209928, 0.27929640, 0.10318717, 0.54260548E-2
0.92535061, 0.57392693, 1.5965601, 0.33992028, 0.42675647, 0.29645661, 0.24173106, 0.89309491E-1, 0.46963030E-2
0.98958540, 0.57391268, 1.5911734, 0.33981887, 0.41444996, 0.28783053, 0.23438664, 0.86596891E-1, 0.45536621E-2
0.97837913, 0.57389790, 1.5855945, 0.33971274, 0.40419483, 0.28063384, 0.22822227, 0.84320098E-1, 0.44339378E-2
0.82765675, 0.57388347, 1.5803260, 0.33961165, 0.48169145, 0.33435592, 0.27157810, 0.10033941, 0.52763065E-2
0.88448936, 0.57386833, 1.5748098, 0.33950499, 0.48257706, 0.33488739, 0.27168176, 0.10037858, 0.52783666E-2
0.89951414, 0.57385194, 1.5686889, 0.33938563, 0.48429054, 0.33599424, 0.27225024, 0.10058941, 0.52894512E-2
0.84264189, 0.57383496, 1.5623906, 0.33926198, 0.60346758, 0.41857973, 0.33877462, 0.12516944, 0.65819835E-2
0.82349157, 0.57381773, 1.5559815, 0.33913529, 0.62896645, 0.43617091, 0.35263383, 0.13029119, 0.68513090E-2
0.85516858, 0.57379889, 1.5490947, 0.33899832, 0.57859343, 0.40115073, 0.32396647, 0.11970007, 0.62943790E-2
0.89957112, 0.57377946, 1.5417891, 0.33885229, 0.47416371, 0.32867593, 0.26514378, 0.97966671E-1, 0.51515377E-2
0.83885115, 0.57376003, 1.5344913, 0.33870557, 0.47925106, 0.33212125, 0.26758245, 0.98868184E-1, 0.51989425E-2
0.55424774, 0.57375640, 1.5340551, 0.33869550, 0.74294502, 0.51475745, 0.41433817, 0.15309323, 0.80503440E-2
0.54907519, 0.57377732, 1.5417459, 0.33886611, 1.3852353, 0.95963424, 0.77195132, 0.28522933, 0.14998667E-1
0.48904678, 0.57380915, 1.5497392, 0.33907634, 1.7477558, 1.2107221, 0.97385311, 0.35983402, 0.18921724E-1
0.38164899, 0.57382321, 1.5516893, 0.33915466, 2.2008209, 1.5245801, 1.2265533, 0.45321149, 0.23831939E-1
0.36705267, 0.57383621, 1.5534812, 0.33922753, 2.4624381, 1.7059134, 1.3731363, 0.50738221, 0.26680486E-1
0.66436499, 0.57384241, 1.5533446, 0.33925492, 1.4873190, 1.0303907, 0.82957238, 0.30653676, 0.16119108E-1
1.0879387, 0.57383382, 1.5484071, 0.33917421, 0.97596598, 0.67605484, 0.54396188, 0.20100212, 0.10569613E-1
1.0605794, 0.57382035, 1.5420196, 0.33905956, 0.94340146, 0.65339470, 0.52525204, 0.19408977, 0.10206129E-1
0.90709126, 0.57381177, 1.5375252, 0.33898374, 1.2869980, 0.89124680, 0.71590310, 0.26454017, 0.13910735E-1
0.82089365, 0.57380801, 1.5351444, 0.33894935, 1.2063632, 0.83531475, 0.67057234, 0.24779098, 0.13029986E-1
0.67796874, 0.57380766, 1.5345619, 0.33894834, 1.1927259, 0.82577997, 0.66256440, 0.24483308, 0.12874445E-1
0.54462451, 0.57380748, 1.5345315, 0.33895487, 1.1615800, 0.80412883, 0.64489609, 0.23830515, 0.12531177E-1
0.46655598, 0.57380641, 1.5344672, 0.33895761, 1.3249297, 0.91711372, 0.73521268, 0.27168021, 0.14286193E-1
0.45907655, 0.57380265, 1.5335836, 0.33894122, 1.0381024, 0.71849293, 0.57575393, 0.21275663, 0.11187723E-1
0.68543535, 0.57379466, 1.5310683, 0.33889073, 0.78248596, 0.54149091, 0.43361720, 0.16023351, 0.84258132E-2
0.94494087, 0.57377982, 1.5256917, 0.33878219, 0.49703375, 0.34388649, 0.27510121, 0.10165750, 0.53456174E-2
0.79614741, 0.57376373, 1.5198746, 0.33866367, 0.62624359, 0.43319377, 0.34616542, 0.12791766, 0.67264973E-2
0.75851279, 0.57374972, 1.5150857, 0.33856431, 0.56608599, 0.39150432, 0.31254047, 0.11549219, 0.60731093E-2
0.91295636, 0.57373327, 1.5093811, 0.33844590, 0.57369620, 0.39668319, 0.31631619, 0.11688717, 0.61464645E-2
1.0267736, 0.57371348, 1.5021772, 0.33829692, 0.53905630, 0.37265536, 0.29681244, 0.10967971, 0.57674618E-2
1.0081905, 0.57369262, 1.4945650, 0.33813879, 0.58292288, 0.40289935, 0.32052201, 0.11844064, 0.62281508E-2
0.81977230, 0.57367378, 1.4879895, 0.33799967, 0.66918808, 0.46244013, 0.36751956, 0.13580672, 0.71413424E-2
0.72815442, 0.57365614, 1.4820743, 0.33787233, 0.75420541, 0.52110374, 0.41376996, 0.15289637, 0.80399932E-2
0.73216772, 0.57363856, 1.4761660, 0.33774418, 0.79678917, 0.55043900, 0.43669400, 0.16136613, 0.84853722E-2
0.78376520, 0.57361972, 1.4697810, 0.33760583, 0.61713797, 0.42626527, 0.33789155, 0.12485600, 0.65655014E-2
0.58355683, 0.57360387, 1.4647355, 0.33749321, 0.62463522, 0.43136615, 0.34160522, 0.12622739, 0.66376152E-2
0.52968347, 0.57360005, 1.4650300, 0.33748624, 0.71111745, 0.49100757, 0.38852012, 0.14356184, 0.75491401E-2
0.50794375, 0.57360369, 1.4681549, 0.33753830, 0.80728060, 0.55732542, 0.44069165, 0.16283812, 0.85627735E-2
0.40750691, 0.57360458, 1.4701380, 0.33756763, 0.92987603, 0.64187425, 0.50723177, 0.18742278, 0.98555489E-2
0.39992800, 0.57360291, 1.4711034, 0.33757600, 0.87340450, 0.60281557, 0.47610298, 0.17591833, 0.92505924E-2
0.40241623, 0.57359803, 1.4707946, 0.33755824, 0.98840618, 0.68210042, 0.53842407, 0.19894287, 0.10461330E-1
0.43385494, 0.57358932, 1.4688748, 0.33750787, 0.80331147, 0.55429769, 0.43730727, 0.16157885, 0.84965583E-2
0.47589374, 0.57357860, 1.4661645, 0.33744124, 0.85328788, 0.58869773, 0.46414214, 0.17149162, 0.90178149E-2
0.51872313, 0.57356751, 1.4633235, 0.33737120, 0.81208074, 0.56019157, 0.44138169, 0.16307971, 0.85754786E-2
0.57504332, 0.57355493, 1.4599575, 0.33728999, 0.78286672, 0.53996265, 0.42514622, 0.15707883, 0.82599269E-2
0.87786341, 0.57354003, 1.4554573, 0.33718637, 0.53424454, 0.36842105, 0.28981712, 0.10707743, 0.56306222E-2
1.0411253, 0.57352126, 1.4493238, 0.33705038, 0.56707484, 0.39098862, 0.30721933, 0.11350569, 0.59686494E-2
1.0982795, 0.57350039, 1.4422768, 0.33689556, 0.58023965, 0.39999470, 0.31392950, 0.11598336, 0.60989368E-2
1.0101749, 0.57348037, 1.4356520, 0.33674800, 0.64536905, 0.44482124, 0.34874505, 0.12884440, 0.67752302E-2
1.0037221, 0.57346052, 1.4291914, 0.33660269, 0.78827929, 0.54323894, 0.42546764, 0.15718700, 0.82656154E-2
0.96495020, 0.57344067, 1.4228119, 0.33645797, 0.81981421, 0.56489921, 0.44204602, 0.16330852, 0.85875103E-2
1.0411079, 0.57342011, 1.4161152, 0.33630630, 0.77711284, 0.53540587, 0.41858289, 0.15463710, 0.81315292E-2
1.0974239, 0.57339877, 1.4091108, 0.33614784, 0.71807909, 0.49466801, 0.38636160, 0.14273067, 0.75054327E-2
1.1910518, 0.57337683, 1.4018135, 0.33598292, 0.69265378, 0.47708571, 0.37223184, 0.13750805, 0.72308052E-2
1.2078309, 0.57335460, 1.3943998, 0.33581471, 0.70585221, 0.48611003, 0.37886766, 0.13995655, 0.73595583E-2
1.1800750, 0.57333237, 1.3870828, 0.33564749, 0.72728372, 0.50080413, 0.38991514, 0.14403442, 0.75739915E-2
1.2994895, 0.57330966, 1.3795931, 0.33547601, 0.60883170, 0.41918093, 0.32600227, 0.12042247, 0.63323658E-2
1.3563117, 0.57328629, 1.3718494, 0.33529860, 0.56913865, 0.39179525, 0.30433714, 0.11241733, 0.59114182E-2
1.3753159, 0.57326257, 1.3639958, 0.33511811, 0.59947342, 0.41261762, 0.32011455, 0.11824287, 0.62177535E-2
1.3284125, 0.57323915, 1.3562698, 0.33493903, 0.72927225, 0.50189161, 0.38892016, 0.14365470, 0.75540235E-2
1.3016300, 0.57321572, 1.3486394, 0.33476076, 0.78885227, 0.54283386, 0.42020404, 0.15520561, 0.81614237E-2
1.2396137, 0.57319236, 1.3411092, 0.33458352, 0.79088271, 0.54417479, 0.42083001, 0.15543215, 0.81733335E-2
1.3082308, 0.57316846, 1.3333788, 0.33440137, 0.73103565, 0.50294304, 0.38854533, 0.14350364, 0.75460789E-2
1.2810891, 0.57314408, 1.3255117, 0.33421552, 0.80270141, 0.55219233, 0.42616650, 0.15739362, 0.82764784E-2
1.3609629, 0.57311910, 1.3174382, 0.33402479, 0.81697875, 0.56195921, 0.43325815, 0.16000745, 0.84139267E-2
1.3896143, 0.57309359, 1.3091683, 0.33382916, 0.81749332, 0.56226194, 0.43304837, 0.15992452, 0.84095616E-2
1.4102131, 0.57306790, 1.3007736, 0.33363014, 0.75634384, 0.52015668, 0.40020606, 0.14779080, 0.77715134E-2
1.3818678, 0.57304198, 1.2923123, 0.33342865, 0.68449312, 0.47069767, 0.36176804, 0.13359182, 0.70248656E-2
1.3328367, 0.57301581, 1.2838941, 0.33322701, 0.97562975, 0.67084455, 0.51508415, 0.19020057, 0.10001611E-1
1.3456386, 0.57298970, 1.2754490, 0.33302367, 0.86416680, 0.59416592, 0.45580703, 0.16830458, 0.88502187E-2
1.3978448, 0.57296306, 1.2668971, 0.33281717, 0.56653780, 0.38949430, 0.29848471, 0.11021026, 0.57953550E-2
1.3812534, 0.57293612, 1.2583264, 0.33260924, 0.60138720, 0.41340885, 0.31644267, 0.11683761, 0.61438493E-2
1.4330108, 0.57290888, 1.2497503, 0.33240011, 0.52070165, 0.35790452, 0.27363008, 0.10102740, 0.53124791E-2
1.4603010, 0.57288152, 1.2411475, 0.33218938, 0.64254385, 0.44160590, 0.33720967, 0.12449809, 0.65466720E-2
1.4227543, 0.57285422, 1.2325810, 0.33197823, 0.65374327, 0.44926295, 0.34267232, 0.12651058, 0.66524991E-2
1.4355930, 0.57282680, 1.2240434, 0.33176655, 0.79632127, 0.54720062, 0.41691244, 0.15391327, 0.80934549E-2
1.4248514, 0.57279944, 1.2155176, 0.33155397, 0.85232264, 0.58564836, 0.44577169, 0.16456006, 0.86533101E-2
1.4117539, 0.57277209, 1.2069958, 0.33134037, 0.84346998, 0.57953471, 0.44069600, 0.16267857, 0.85543720E-2
1.4121988, 0.57274467, 1.1984801, 0.33112568, 0.61231208, 0.42068338, 0.31958008, 0.11796494, 0.62031257E-2
1.3933077, 0.57271737, 1.1900027, 0.33091074, 0.65595847, 0.45063543, 0.34196177, 0.12622200, 0.66373176E-2
1.3754830, 0.57269007, 1.1815764, 0.33069566, 0.65635222, 0.45087248, 0.34176961, 0.12614618, 0.66333320E-2
1.3510759, 0.57266265, 1.1732098, 0.33048064, 0.88659889, 0.60900337, 0.46117938, 0.17021224, 0.89505222E-2
1.3472242, 0.57263517, 1.1648669, 0.33026505, 1.0641733, 0.73096347, 0.55309498, 0.20412458, 0.10733782E-1
1.3447624, 0.57260686, 1.1565177, 0.33004826, 0.68551403, 0.47085607, 0.35598674, 0.13137290, 0.69081723E-2
0.80164772, 0.57260990, 1.1601123, 0.33008087, 1.2589885, 0.86472267, 0.65318042, 0.24103457, 0.12674669E-1
0.58011097, 0.57280743, 1.2293203, 0.33155769, 1.8357466, 1.2609591, 0.95265132, 0.35151085, 0.18483976E-1
0.67269218, 0.57288927, 1.2549706, 0.33212471, 1.6897286, 1.1607534, 0.87711495, 0.32360426, 0.17016495E-1
0.63839710, 0.57290840, 1.2605931, 0.33224142, 1.7214303, 1.1826053, 0.89371270, 0.32969338, 0.17336650E-1
0.58073783, 0.57291836, 1.2632892, 0.33229235, 1.8336178, 1.2597684, 0.95219570, 0.35122988, 0.18469099E-1
0.52783185, 0.57292628, 1.2653273, 0.33232901, 1.9208087, 1.3197873, 0.99784601, 0.36802661, 0.19352300E-1
0.51652116, 0.57293582, 1.2678481, 0.33237687, 1.9499201, 1.3399167, 1.0134125, 0.37372422, 0.19651869E-1
0.47023022, 0.57294780, 1.2711087, 0.33244202, 2.1317463, 1.4650213, 1.1085097, 0.40874401, 0.21493308E-1
0.39880118, 0.57296258, 1.2752312, 0.33252731, 2.3785431, 1.6348586, 1.2378054, 0.45635855, 0.23997013E-1
0.38731992, 0.57297409, 1.2782893, 0.33258879, 2.5552247, 1.7565953, 1.3310614, 0.49066949, 0.25801165E-1
0.36163232, 0.57298613, 1.2815502, 0.33265492, 3.1889279, 2.1927328, 1.6634352, 0.61309165, 0.32238495E-1
0.35124016, 0.57300830, 1.2882022, 0.33279645, 3.2014852, 2.2019770, 1.6728183, 0.61643898, 0.32414448E-1
0.36832610, 0.57303154, 1.2951701, 0.33294556, 3.1497772, 2.1670063, 1.6485755, 0.60740012, 0.31939082E-1
0.45882908, 0.57304740, 1.2995944, 0.33303967, 3.0834870, 2.1219361, 1.6163294, 0.59542108, 0.31309128E-1
0.43418008, 0.57306743, 1.3057055, 0.33316857, 2.0991428, 1.4448248, 1.1015897, 0.40574694, 0.21335416E-1
0.49199280, 0.57308310, 1.3107704, 0.33327082, 2.0056736, 1.3806245, 1.0530862, 0.38784134, 0.20393843E-1
0.44827798, 0.57310104, 1.3166330, 0.33339083, 2.1291680, 1.4657788, 1.1185324, 0.41190177, 0.21658968E-1
0.37657648, 0.57312334, 1.3238031, 0.33354163, 2.5115607, 1.7292638, 1.3204911, 0.48621762, 0.25566664E-1
0.36809954, 0.57314324, 1.3305148, 0.33367956, 2.8910801, 1.9909374, 1.5217581, 0.56025243, 0.29459560E-1
0.36107850, 0.57316065, 1.3368890, 0.33380559, 2.2483871, 1.5486192, 1.1847627, 0.43612975, 0.22932816E-1
0.36568424, 0.57317531, 1.3426372, 0.33391577, 2.2546134, 1.5530938, 1.1889354, 0.43761969, 0.23011120E-1
0.36119199, 0.57318914, 1.3484087, 0.33402425, 2.6192589, 1.8045359, 1.3824608, 0.50879526, 0.26753653E-1
0.37632695, 0.57320082, 1.3537345, 0.33411947, 3.0779760, 2.1209791, 1.6265616, 0.59855682, 0.31473480E-1
0.36542848, 0.57320595, 1.3571832, 0.33417159, 2.6049159, 1.7953730, 1.3783829, 0.50716561, 0.26667887E-1
0.35560608, 0.57320827, 1.3599101, 0.33420575, 1.5489466, 1.0676806, 0.82015586, 0.30174240, 0.15866272E-1
0.36044058, 0.57322091, 1.3654478, 0.33430818, 2.4736371, 1.7051562, 1.3102452, 0.48200950, 0.25345093E-1
0.36219943, 0.57325095, 1.3738775, 0.33450383, 3.5420434, 2.4422183, 1.8789972, 0.69115442, 0.36342319E-1
0.36262780, 0.57327086, 1.3788732, 0.33462387, 2.9945433, 2.0652666, 1.5912553, 0.58523661, 0.30772889E-1
0.36537385, 0.57328242, 1.3811580, 0.33468461, 2.9856768, 2.0595999, 1.5887711, 0.58425552, 0.30721240E-1
0.36058959, 0.57330471, 1.3868200, 0.33482146, 3.3840148, 2.3349490, 1.8035496, 0.66315997, 0.34870118E-1
0.36702144, 0.57332772, 1.3928875, 0.33496666, 2.9241850, 2.0181587, 1.5609195, 0.57388067, 0.30175606E-1
0.46803156, 0.57334799, 1.3978255, 0.33508915, 2.5228722, 1.7414919, 1.3482102, 0.49563062, 0.26061034E-1
0.47875249, 0.57337213, 1.4041941, 0.33524168, 3.0838146, 2.1290610, 1.6497288, 0.60641891, 0.31886414E-1
0.42697361, 0.57339764, 1.4119325, 0.33541662, 2.1952634, 1.5158578, 1.1756371, 0.43211138, 0.22721039E-1
0.37356475, 0.57342148, 1.4196153, 0.33558583, 2.9471223, 2.0353060, 1.5797424, 0.58059573, 0.30528536E-1
0.37114933, 0.57344300, 1.4268367, 0.33574268, 2.6951706, 1.8616378, 1.4464169, 0.53154927, 0.27949573E-1
0.40831003, 0.57346737, 1.4342289, 0.33591101, 3.2735372, 2.2615807, 1.7591088, 0.64640582, 0.33988845E-1
0.37395662, 0.57348841, 1.4412901, 0.33606502, 2.2280478, 1.5395544, 1.1987014, 0.44044265, 0.23159010E-1
0.37589744, 0.57350749, 1.4481639, 0.33621103, 2.2651997, 1.5653526, 1.2194384, 0.44803470, 0.23558194E-1
0.37375328, 0.57352692, 1.4554638, 0.33636379, 2.3822286, 1.6463768, 1.2833266, 0.47147879, 0.24790892E-1
0.36383238, 0.57354313, 1.4619703, 0.33649743, 2.7423787, 1.8955160, 1.4786794, 0.54321313, 0.28562753E-1
0.36319774, 0.57355344, 1.4665964, 0.33658898, 2.5424731, 1.7575920, 1.3722839, 0.50409406, 0.26505809E-1
0.36322850, 0.57355881, 1.4696038, 0.33664435, 2.1338053, 1.4752189, 1.1525286, 0.42334530, 0.22259941E-1
0.37191448, 0.57356882, 1.4734602, 0.33672583, 2.2489176, 1.5548757, 1.2152506, 0.44636124, 0.23470130E-1
0.40947735, 0.57359684, 1.4803683, 0.33690423, 2.5920489, 1.7923319, 1.4019030, 0.51489031, 0.27073434E-1
0.40731007, 0.57362008, 1.4854697, 0.33704489, 2.6068094, 1.8027681, 1.4111867, 0.51827043, 0.27251145E-1
0.38876599, 0.57364661, 1.4917078, 0.33721054, 2.7724390, 1.9175731, 1.5023398, 0.55171597, 0.29009722E-1
0.39834276, 0.57367337, 1.4982098, 0.33738124, 2.5339370, 1.7528447, 1.3744416, 0.50471979, 0.26538605E-1
0.43853524, 0.57369667, 1.5034608, 0.33752528, 2.3756545, 1.6435119, 1.2895570, 0.47352612, 0.24898414E-1
0.42944410, 0.57372016, 1.5083596, 0.33766606, 2.5493550, 1.7638530, 1.3848920, 0.50850999, 0.26737880E-1
0.42328605, 0.57374877, 1.5148277, 0.33784345, 2.6140909, 1.8088442, 1.4212627, 0.52184093, 0.27438818E-1
0.40947524, 0.57378125, 1.5225248, 0.33804831, 3.6798968, 2.5468192, 2.0034034, 0.73554569, 0.38675562E-1
0.37891939, 0.57380843, 1.5294248, 0.33822700, 3.0079651, 2.0822740, 1.6402719, 0.60219157, 0.31663682E-1
0.37129676, 0.57383108, 1.5357158, 0.33838391, 3.6628673, 2.5361753, 2.0004444, 0.73438811, 0.38614661E-1
0.37114823, 0.57384610, 1.5401154, 0.33849275, 3.5983450, 2.4921706, 1.9688578, 0.72276038, 0.38003236E-1
0.37145275, 0.57385391, 1.5425649, 0.33855492, 2.9453611, 2.0403626, 1.6140500, 0.59249163, 0.31153599E-1
0.37169468, 0.57385898, 1.5444087, 0.33860072, 2.9013083, 2.0101569, 1.5917652, 0.58429575, 0.30722640E-1
0.37191832, 0.57386011, 1.5451777, 0.33862120, 2.8436632, 1.9705042, 1.5618726, 0.57330996, 0.30144989E-1
0.37337241, 0.57385820, 1.5448856, 0.33861801, 2.3126214, 1.6026891, 1.2712951, 0.46664053, 0.24536232E-1
0.38691980, 0.57386285, 1.5471262, 0.33866784, 2.1102626, 1.4625125, 1.1606114, 0.42600718, 0.22399703E-1
0.37312850, 0.57388335, 1.5546613, 0.33883417, 2.2387292, 1.5516026, 1.2318242, 0.45214021, 0.23773793E-1
0.37344027, 0.57390803, 1.5623244, 0.33901593, 2.3535659, 1.6313002, 1.2958269, 0.47562668, 0.25008718E-1
0.37373334, 0.57391542, 1.5639306, 0.33906811, 2.7155440, 1.8823717, 1.4963398, 0.54921734, 0.28878162E-1
0.37407145, 0.57392174, 1.5658177, 0.33912045, 2.3875170, 1.6551296, 1.3165992, 0.48324043, 0.25409056E-1
0.37485948, 0.57392323, 1.5665158, 0.33914271, 2.0026076, 1.3883401, 1.1048441, 0.40551561, 0.21322245E-1
0.39062506, 0.57392031, 1.5657146, 0.33913156, 1.7741218, 1.2299225, 0.97895312, 0.35930738, 0.18892584E-1
0.47041866, 0.57391298, 1.5633402, 0.33908719, 1.7263649, 1.1967731, 0.95261878, 0.34964019, 0.18384278E-1
0.62483865, 0.57390022, 1.5587496, 0.33899757, 1.6138813, 1.1187449, 0.89045089, 0.32682115, 0.17184440E-1
0.46687841, 0.57390720, 1.5606155, 0.33905107, 2.6280890, 1.8217981, 1.4502589, 0.53228366, 0.27987776E-1
0.37453789, 0.57394803, 1.5744900, 0.33936226, 2.9795504, 2.0657487, 1.6460975, 0.60415787, 0.31766970E-1
0.37568712, 0.57395488, 1.5770386, 0.33942574, 2.3144574, 1.6048019, 1.2797939, 0.46971405, 0.24697833E-1
0.37670043, 0.57395345, 1.5766124, 0.33942467, 2.1124494, 1.4647722, 1.1685892, 0.42889902, 0.22551754E-1
0.37534595, 0.57396793, 1.5821469, 0.33954895, 2.5123906, 1.7421746, 1.3905938, 0.51037985, 0.26836056E-1
0.37629184, 0.57399929, 1.5924950, 0.33978790, 2.8920074, 2.0056112, 1.6021008, 0.58800864, 0.30917831E-1
0.37752756, 0.57404715, 1.6046368, 0.34010306, 3.7725654, 2.6168485, 2.0931976, 0.76825768, 0.40395435E-1
0.37853682, 0.57408363, 1.6129723, 0.34033507, 3.5872414, 2.4889278, 1.9939724, 0.73184901, 0.38481049E-1
0.37948281, 0.57411754, 1.6203880, 0.34054843, 3.8461466, 2.6692569, 2.1418383, 0.78613615, 0.41335482E-1
0.38019061, 0.57414246, 1.6257184, 0.34070700, 3.8892069, 2.6998940, 2.1700857, 0.79652637, 0.41881811E-1
0.38062412, 0.57415611, 1.6285455, 0.34079891, 3.1826410, 2.2098992, 1.7788093, 0.65293008, 0.34331437E-1
0.38085654, 0.57416171, 1.6295248, 0.34084231, 2.6136158, 1.8150228, 1.4623384, 0.53678268, 0.28224338E-1
0.38097623, 0.57416284, 1.6294223, 0.34085765, 2.1982400, 1.5266289, 1.2306310, 0.45174178, 0.23752840E-1
0.38199615, 0.57417506, 1.6333448, 0.34095934, 2.6988485, 1.8743670, 1.5117378, 0.55494702, 0.29179433E-1
0.38253111, 0.57421786, 1.6446915, 0.34125081, 3.8929992, 2.7042360, 2.1838121, 0.80169386, 0.42153526E-1
0.38349226, 0.57425284, 1.6524855, 0.34147444, 3.6041310, 2.5042074, 2.0254593, 0.74360234, 0.39099030E-1
0.38455155, 0.57428694, 1.6595622, 0.34168676, 3.4363906, 2.3881769, 1.9343202, 0.71018332, 0.37341837E-1
0.38545138, 0.57432413, 1.6673988, 0.34191886, 3.4164252, 2.3747742, 1.9260026, 0.70717275, 0.37183546E-1
0.38641208, 0.57436007, 1.6748004, 0.34214264, 3.7027888, 2.5743744, 2.0908005, 0.76773500, 0.40367946E-1
0.38724071, 0.57439029, 1.6805840, 0.34232768, 4.1534538, 2.8884821, 2.3498456, 0.86292732, 0.45373209E-1
0.38784418, 0.57441139, 1.6845133, 0.34246111, 3.4121697, 2.3735678, 1.9340454, 0.71029675, 0.37347805E-1
0.38825154, 0.57442468, 1.6870018, 0.34255165, 3.0456445, 2.1189411, 1.7285309, 0.63487047, 0.33381857E-1
0.38930988, 0.57444102, 1.6903207, 0.34266219, 3.1620295, 2.2001767, 1.7965386, 0.65990239, 0.34698039E-1
0.38972616, 0.57447803, 1.6981308, 0.34289581, 3.7582774, 2.6155915, 2.1386416, 0.78563720, 0.41309256E-1
0.39051110, 0.57450670, 1.7033256, 0.34307036, 4.0043807, 2.7875829, 2.2829640, 0.83874905, 0.44101909E-1
0.39114901, 0.57452953, 1.7072037, 0.34321022, 3.4969008, 2.4349041, 1.9972284, 0.73385686, 0.38586624E-1
0.39179716, 0.57455254, 1.7118173, 0.34336010, 3.3575172, 2.3382506, 1.9202977, 0.70566863, 0.37104465E-1
0.39265615, 0.57458460, 1.7182863, 0.34356225, 3.8086205, 2.6529617, 2.1817818, 0.80185604, 0.42162061E-1
0.39343670, 0.57461333, 1.7235370, 0.34373918, 3.9896142, 2.7797506, 2.2897782, 0.84166473, 0.44255245E-1
0.39387849, 0.57462823, 1.7256577, 0.34383395, 3.4864483, 2.4297345, 2.0044768, 0.73689890, 0.38746618E-1
0.39413434, 0.57463598, 1.7262579, 0.34388590, 2.7467186, 1.9144567, 1.5809921, 0.58128613, 0.30564411E-1
0.39464074, 0.57465374, 1.7298671, 0.34400767, 3.2728500, 2.2813661, 1.8855671, 0.69335306, 0.36456984E-1
0.39564154, 0.57468909, 1.7368386, 0.34422833, 3.7297368, 2.6003733, 2.1521530, 0.79149532, 0.41617420E-1
0.39654568, 0.57471967, 1.7419267, 0.34441015, 3.6382613, 2.5371385, 2.1028211, 0.77347505, 0.40669952E-1
0.39717704, 0.57474864, 1.7466896, 0.34458333, 4.1910949, 2.9233789, 2.4267974, 0.89279747, 0.46944104E-1
0.39765611, 0.57476556, 1.7487416, 0.34468460, 3.5341232, 2.4657412, 2.0501566, 0.75437105, 0.39665587E-1
0.39797646, 0.57477605, 1.7498466, 0.34475371, 3.0405352, 2.1216719, 1.7660261, 0.64992666, 0.34173831E-1
0.39820579, 0.57478297, 1.7503090, 0.34480321, 2.5912387, 1.8082819, 1.5063044, 0.55442220, 0.29152127E-1
0.39849415, 0.57478422, 1.7492764, 0.34481627, 2.2411168, 1.5639540, 1.3033421, 0.47977653, 0.25227195E-1
0.40453911, 0.57478064, 1.7466725, 0.34479403, 1.9649534, 1.3711637, 1.1428844, 0.42075476, 0.22123773E-1
0.43745604, 0.57477432, 1.7431582, 0.34475157, 1.9135162, 1.3351709, 1.1129466, 0.40977326, 0.21546364E-1
0.52991360, 0.57476479, 1.7384223, 0.34468323, 1.7154969, 1.1968887, 0.99761343, 0.36734280, 0.19315325E-1
0.68294084, 0.57475144, 1.7322402, 0.34458476, 1.5462337, 1.0786616, 0.89882118, 0.33099255, 0.17403999E-1
0.80959082, 0.57473558, 1.7250210, 0.34446463, 1.5961132, 1.1133041, 0.92730004, 0.34150648, 0.17956836E-1
0.92495549, 0.57471830, 1.7171667, 0.34433088, 1.5679810, 1.0935411, 0.91043466, 0.33532152, 0.17631628E-1
0.47875634, 0.57471490, 1.7151330, 0.34431395, 1.9069899, 1.3298230, 1.1068126, 0.40768361, 0.21436527E-1
0.39556208, 0.57475257, 1.7280444, 0.34461269, 2.4634366, 1.7177913, 1.4300292, 0.52679276, 0.27699454E-1
0.39711151, 0.57481384, 1.7437800, 0.34502438, 3.4723468, 2.4216201, 2.0178866, 0.74345428, 0.39091863E-1
0.39797592, 0.57484633, 1.7495708, 0.34522158, 4.1353726, 2.8846836, 2.4073541, 0.88711536, 0.46645842E-1
0.39862534, 0.57487023, 1.7532105, 0.34536478, 4.2666311, 2.9771173, 2.4889545, 0.91738665, 0.48237640E-1
0.39913735, 0.57488871, 1.7556998, 0.34547621, 3.7174745, 2.5946255, 2.1727870, 0.80102694, 0.42119358E-1
0.39945871, 0.57489938, 1.7568341, 0.34554628, 2.8594527, 1.9960642, 1.6734092, 0.61703902, 0.32445025E-1
0.39967933, 0.57490587, 1.7572323, 0.34559423, 2.4530649, 1.7124481, 1.4365027, 0.52976465, 0.27856018E-1
0.39992443, 0.57490838, 1.7565762, 0.34561571, 2.2493253, 1.5702020, 1.3176575, 0.48600197, 0.25554918E-1
0.40636942, 0.57490551, 1.7541628, 0.34559798, 2.0464728, 1.4285278, 1.1990089, 0.44229513, 0.23256747E-1
0.43805641, 0.57489920, 1.7506160, 0.34555548, 1.8963530, 1.3236411, 1.1110474, 0.40989459, 0.21553081E-1
0.51407313, 0.57488972, 1.7459044, 0.34548813, 1.6999534, 1.1864386, 0.99579495, 0.36741340, 0.19319346E-1
0.64335775, 0.57487714, 1.7399335, 0.34539464, 1.7393256, 1.2137752, 1.0185113, 0.37583211, 0.19762034E-1
0.75469923, 0.57486159, 1.7327263, 0.34527534, 1.5740365, 1.0982944, 0.92130691, 0.33999604, 0.17877705E-1
0.43103883, 0.57487470, 1.7350583, 0.34536541, 2.9114802, 2.0313840, 1.7040917, 0.62895143, 0.33071619E-1
0.39979541, 0.57494569, 1.7532433, 0.34583810, 4.1508274, 2.8967397, 2.4334257, 0.89831841, 0.47235597E-1
0.40062729, 0.57497716, 1.7590472, 0.34603220, 4.0134001, 2.8016169, 2.3575430, 0.87051779, 0.45773879E-1
0.40113211, 0.57499528, 1.7616557, 0.34614483, 3.5908909, 2.5072613, 2.1129937, 0.78040129, 0.41035440E-1
0.40146875, 0.57500523, 1.7625118, 0.34620863, 3.0591235, 2.1362834, 1.8023452, 0.66580796, 0.35009909E-1
0.40156209, 0.57500857, 1.7617784, 0.34623206, 2.4857216, 1.7359669, 1.4656311, 0.54151839, 0.28474502E-1
0.40219492, 0.57500803, 1.7600821, 0.34623122, 2.0961785, 1.4638864, 1.2363033, 0.45685479, 0.24022704E-1
0.40763196, 0.57500446, 1.7574744, 0.34620926, 1.9687482, 1.3747981, 1.1611711, 0.42914769, 0.22565808E-1
0.42602128, 0.57499933, 1.7543945, 0.34617618, 1.7631911, 1.2311447, 1.0398217, 0.38434586, 0.20210030E-1
0.45009124, 0.57499361, 1.7511579, 0.34613866, 1.4071293, 0.98238683, 0.82950503, 0.30663905, 0.16123982E-1
0.53076202, 0.57498717, 1.7477323, 0.34609646, 1.5131440, 1.0562335, 0.89152765, 0.32959753, 0.17331216E-1
0.62869722, 0.57497656, 1.7426175, 0.34601948, 1.2086970, 0.84357458, 0.71168536, 0.26313290, 0.13836316E-1
0.69656587, 0.57496458, 1.7370292, 0.34593222, 1.2092656, 0.84380096, 0.71139938, 0.26304725, 0.13831815E-1
0.65961933, 0.57495248, 1.7314401, 0.34584394, 1.2912827, 0.90085220, 0.75897849, 0.28066182, 0.14758049E-1
0.44201350, 0.57495385, 1.7314757, 0.34586787, 1.5776520, 1.1004612, 0.92676085, 0.34273598, 0.18022103E-1
0.44859132, 0.57496649, 1.7360332, 0.34598336, 1.5033439, 1.0484965, 0.88279617, 0.32650742, 0.17168770E-1
0.41826025, 0.57497418, 1.7385578, 0.34605870, 1.6177140, 1.1280968, 0.94951946, 0.35121855, 0.18468169E-1
0.41984090, 0.57498956, 1.7440851, 0.34619626, 1.6713496, 1.1653663, 0.98073959, 0.36280227, 0.19077297E-1
0.45234340, 0.57499081, 1.7438869, 0.34621772, 1.3715200, 0.95616901, 0.80444723, 0.29761422, 0.15649505E-1
0.45965913, 0.57498968, 1.7428498, 0.34622172, 1.3631338, 0.95015800, 0.79903913, 0.29563743, 0.15545564E-1
0.55254692, 0.57498819, 1.7415881, 0.34622079, 1.4147772, 0.98599547, 0.82883728, 0.30668747, 0.16126614E-1
0.52093953, 0.57498294, 1.7388216, 0.34618986, 1.4954000, 1.0420042, 0.87548500, 0.32397541, 0.17035676E-1
0.40316731, 0.57499588, 1.7433408, 0.34630659, 1.7760412, 1.2374181, 1.0395045, 0.38470718, 0.20229165E-1
0.42204732, 0.57500815, 1.7474339, 0.34641626, 1.7475289, 1.2174342, 1.0226461, 0.37850621, 0.19903110E-1
0.47589183, 0.57500833, 1.7466106, 0.34642670, 1.8409413, 1.2823541, 1.0769829, 0.39865819, 0.20962782E-1
0.40075105, 0.57503682, 1.7552608, 0.34664533, 2.6203945, 1.8252835, 1.5334432, 0.56769365, 0.29851282E-1
0.40156573, 0.57506990, 1.7643733, 0.34688538, 3.0051513, 2.0934019, 1.7598591, 0.65161908, 0.34264434E-1
0.40259433, 0.57510948, 1.7727108, 0.34713730, 4.0182042, 2.7996457, 2.3566489, 0.87276882, 0.45893367E-1
0.40315843, 0.57513034, 1.7755783, 0.34726182, 3.9048438, 2.7213550, 2.2944160, 0.84992397, 0.44692203E-1
0.40360069, 0.57514632, 1.7774446, 0.34735838, 3.4357669, 2.3949358, 2.0219731, 0.74917364, 0.39394461E-1
0.40508887, 0.57516742, 1.7804167, 0.34748542, 3.6544580, 2.5478466, 2.1538107, 0.79820126, 0.41972622E-1
0.40509903, 0.57519597, 1.7847133, 0.34765285, 3.4917309, 2.4348567, 2.0609682, 0.76397175, 0.40172778E-1
0.40555602, 0.57521987, 1.7881261, 0.34779504, 3.2944098, 2.2976165, 1.9470260, 0.72189808, 0.37960451E-1
0.40602890, 0.57523733, 1.7902919, 0.34790075, 2.6973996, 1.8814193, 1.5956978, 0.59175706, 0.31117156E-1
0.40844402, 0.57525980, 1.7937610, 0.34803912, 2.7978361, 1.9515460, 1.6561875, 0.61430508, 0.32302890E-1
0.40743417, 0.57529092, 1.7985688, 0.34822223, 3.3897967, 2.3646886, 2.0086064, 0.74518222, 0.39185077E-1
0.40808967, 0.57531595, 1.8016621, 0.34836444, 3.9364605, 2.7465668, 2.3360727, 0.86689425, 0.45585360E-1
0.40855744, 0.57533336, 1.8028555, 0.34845904, 3.5521269, 2.4789350, 2.1114168, 0.78373992, 0.41212827E-1
0.40886503, 0.57534420, 1.8027004, 0.34851611, 3.1241083, 2.1805537, 1.8593304, 0.69033861, 0.36301423E-1
0.40922409, 0.57535720, 1.8036392, 0.34859341, 2.9846883, 2.0833912, 1.7778792, 0.66024899, 0.34719236E-1
0.41245598, 0.57538521, 1.8077209, 0.34875757, 2.9518838, 2.0606894, 1.7600123, 0.65376163, 0.34378175E-1
0.41143000, 0.57540429, 1.8086746, 0.34885514, 3.0192728, 2.1078935, 1.8017507, 0.66941953, 0.35201617E-1
0.41289833, 0.57542986, 1.8115643, 0.34899732, 3.0405459, 2.1229250, 1.8161000, 0.67491049, 0.35490450E-1
0.41258222, 0.57545424, 1.8140668, 0.34913084, 3.1440170, 2.1953759, 1.8797191, 0.69872367, 0.36742754E-1
0.41239473, 0.57547861, 1.8167294, 0.34926695, 3.2571189, 2.2746081, 1.9494224, 0.72481918, 0.38115095E-1
0.41295671, 0.57550102, 1.8190846, 0.34939247, 3.2641120, 2.2797556, 1.9557468, 0.72736335, 0.38248986E-1
0.41359162, 0.57552528, 1.8215775, 0.34952632, 3.2558372, 2.2742612, 1.9530052, 0.72653902, 0.38205750E-1
0.41465759, 0.57554585, 1.8228242, 0.34963241, 3.0740008, 2.1474752, 1.8458459, 0.68685651, 0.36119115E-1
0.41492814, 0.57556427, 1.8234835, 0.34972468, 3.2186255, 2.2487271, 1.9345970, 0.72007310, 0.37865963E-1
0.41515833, 0.57558602, 1.8254478, 0.34984326, 3.3372455, 2.3318775, 2.0081098, 0.74764532, 0.39315991E-1
0.41607326, 0.57560885, 1.8276026, 0.34996858, 3.5097954, 2.4528036, 2.1145844, 0.78752136, 0.41413080E-1
0.41646639, 0.57562774, 1.8288709, 0.35007009, 3.3659890, 2.3526647, 2.0305536, 0.75645638, 0.39779611E-1
0.41653705, 0.57563788, 1.8283772, 0.35012159, 2.9288251, 2.0473132, 1.7685977, 0.65905476, 0.34657676E-1
0.41663539, 0.57564229, 1.8268428, 0.35014206, 2.5227659, 1.7635132, 1.5242931, 0.56815732, 0.29877730E-1
0.41675884, 0.57564491, 1.8250659, 0.35015374, 2.4780836, 1.7322229, 1.4977258, 0.55838192, 0.29363738E-1
0.41721740, 0.57566369, 1.8273703, 0.35026705, 3.2557855, 2.2760074, 1.9693410, 0.73440081, 0.38620211E-1
0.41753286, 0.57567579, 1.8276775, 0.35033444, 2.8148377, 1.9679146, 1.7041335, 0.63567972, 0.33428825E-1
0.41770622, 0.57568222, 1.8267295, 0.35036832, 2.6059551, 1.8219180, 1.5785581, 0.58898664, 0.30973431E-1
0.41804999, 0.57568645, 1.8253461, 0.35038951, 2.3218493, 1.6232615, 1.4069476, 0.52507770, 0.27612677E-1
0.41790631, 0.57568860, 1.8236028, 0.35039958, 2.0750177, 1.4506058, 1.2575026, 0.46940166, 0.24684848E-1
0.41790125, 0.57568759, 1.8210192, 0.35038856, 1.7570678, 1.2281929, 1.0646229, 0.39747524, 0.20902436E-1
0.41858828, 0.57568580, 1.8184487, 0.35037524, 1.6668750, 1.1649750, 1.0095931, 0.37699056, 0.19825222E-1
0.43031952, 0.57568192, 1.8151939, 0.35034642, 1.5322704, 1.0707227, 0.92762357, 0.34643406, 0.18218348E-1
0.46271250, 0.57567453, 1.8106707, 0.35029042, 1.3938619, 0.97382140, 0.84330946, 0.31498846, 0.16564712E-1
0.50874412, 0.57566541, 1.8055483, 0.35022104, 1.2546549, 0.87637949, 0.75850338, 0.28334665, 0.14900750E-1
0.57163155, 0.57565540, 1.8001689, 0.35014525, 1.2107022, 0.84548748, 0.73128635, 0.27321002, 0.14367707E-1
0.63840926, 0.57564390, 1.7942344, 0.35005748, 1.1880705, 0.82949078, 0.71693242, 0.26787612, 0.14087231E-1
0.65957487, 0.57563198, 1.7881336, 0.34996542, 1.1611782, 0.81053001, 0.70002609, 0.26158646, 0.13756492E-1
0.76517332, 0.57561839, 1.7814445, 0.34986064, 1.0284288, 0.71769065, 0.61931020, 0.23144676, 0.12171503E-1
0.78782040, 0.57560319, 1.7740668, 0.34974125, 0.85897613, 0.59927893, 0.51661235, 0.19308271, 0.10153994E-1
0.76996303, 0.57559013, 1.7677774, 0.34964228, 0.77953058, 0.54369903, 0.46819931, 0.17500071, 0.92030903E-2
0.55078214, 0.57558787, 1.7658110, 0.34963027, 0.98007494, 0.68337309, 0.58784258, 0.21973650, 0.11555701E-1
0.45622203, 0.57561338, 1.7748832, 0.34984425, 1.1291083, 0.78711629, 0.67663664, 0.25294963, 0.13302367E-1
0.44279140, 0.57563192, 1.7809949, 0.34999895, 1.2131119, 0.84548825, 0.72635216, 0.27156076, 0.14281130E-1
0.44147566, 0.57564270, 1.7841773, 0.35009387, 1.2031152, 0.83833992, 0.71977925, 0.26912940, 0.14153298E-1
0.47504595, 0.57564402, 1.7836341, 0.35011268, 1.0939176, 0.76207888, 0.65388119, 0.24451223, 0.12858718E-1
0.58604240, 0.57563823, 1.7801872, 0.35007218, 0.97609067, 0.67982739, 0.58285391, 0.21797004, 0.11462897E-1
0.69751143, 0.57562721, 1.7746441, 0.34998897, 0.87920308, 0.61218500, 0.52437067, 0.19611330, 0.10313472E-1
0.79498440, 0.57561374, 1.7681510, 0.34988594, 0.83478111, 0.58109415, 0.49722105, 0.18597163, 0.97801331E-2
0.86417753, 0.57559884, 1.7610480, 0.34976983, 0.79043281, 0.55007130, 0.47015876, 0.17586058, 0.92484020E-2
0.69655460, 0.57558584, 1.7548186, 0.34967038, 0.89138913, 0.62014776, 0.52943379, 0.19804442, 0.10415040E-1
0.42109749, 0.57562149, 1.7665993, 0.34994912, 1.8345035, 1.2760596, 1.0888833, 0.40735608, 0.21422653E-1
0.43795744, 0.57567614, 1.7819419, 0.35033336, 2.3531892, 1.6367658, 1.3968626, 0.52265096, 0.27486004E-1
0.58021474, 0.57570422, 1.7859662, 0.35049421, 2.0286593, 1.4109883, 1.2043903, 0.45070696, 0.23702541E-1
0.56421071, 0.57572311, 1.7870961, 0.35058996, 2.1704564, 1.5095131, 1.2885066, 0.48225778, 0.25361838E-1
0.46945524, 0.57574517, 1.7896087, 0.35071281, 2.3447154, 1.6306515, 1.3921735, 0.52114272, 0.27406847E-1
0.42897561, 0.57576454, 1.7920178, 0.35082576, 2.4652224, 1.7144449, 1.4642168, 0.54820669, 0.28830200E-1
0.42524672, 0.57577670, 1.7928587, 0.35089654, 2.2207084, 1.5443640, 1.3193518, 0.49405313, 0.25982324E-1
0.42291251, 0.57578433, 1.7928039, 0.35094237, 1.9990546, 1.3901352, 1.1877415, 0.44483817, 0.23394153E-1
0.42476705, 0.57578993, 1.7923635, 0.35097602, 1.7994989, 1.2512453, 1.0690286, 0.40043285, 0.21058910E-1
0.41870454, 0.57579416, 1.7918149, 0.35100436, 1.5945059, 1.1085640, 0.94693977, 0.35474524, 0.18656217E-1
0.42431399, 0.57580030, 1.7919617, 0.35104653, 1.5561428, 1.0817275, 0.92373776, 0.34609249, 0.18201200E-1
0.43577942, 0.57581019, 1.7933638, 0.35111672, 1.5953891, 1.1088428, 0.94661146, 0.35470250, 0.18654035E-1
0.44939268, 0.57582021, 1.7949454, 0.35118967, 1.4702462, 1.0217021, 0.87192070, 0.32675090, 0.17184077E-1
0.45631936, 0.57582659, 1.7954190, 0.35123706, 1.3376600, 0.92939693, 0.79279172, 0.29712689, 0.15626155E-1
0.44927919, 0.57582945, 1.7948209, 0.35126027, 1.2399248, 0.86131924, 0.73432857, 0.27524042, 0.14475155E-1
0.43355015, 0.57583088, 1.7938126, 0.35127327, 1.1608212, 0.80619830, 0.68692982, 0.25749579, 0.13541972E-1
0.43460542, 0.57583129, 1.7926501, 0.35128191, 1.1512284, 0.79935765, 0.68067026, 0.25516948, 0.13419644E-1
0.45454782, 0.57582921, 1.7904892, 0.35126942, 1.0956764, 0.76061291, 0.64725256, 0.24266039, 0.12761789E-1
0.47913858, 0.57582444, 1.7873698, 0.35123649, 1.0093853, 0.70054489, 0.59570765, 0.22335149, 0.11746319E-1
0.52739602, 0.57581848, 1.7838011, 0.35119367, 0.89770854, 0.62287951, 0.52922827, 0.19843858, 0.10436127E-1
0.54429042, 0.57581121, 1.7797573, 0.35114050, 0.88305444, 0.61255562, 0.52000970, 0.19499327, 0.10254935E-1
0.56856865, 0.57580405, 1.7758445, 0.35108915, 0.94047546, 0.65221941, 0.55319482, 0.20744911, 0.10910007E-1
0.55618113, 0.57579762, 1.7722160, 0.35104293, 1.0602672, 0.73510623, 0.62294507, 0.23362008, 0.12286378E-1
0.42287025, 0.57581472, 1.7776160, 0.35118371, 1.4042754, 0.97343892, 0.82449579, 0.30922955, 0.16262801E-1
0.44804731, 0.57583201, 1.7829437, 0.35132530, 1.3352863, 0.92545408, 0.78350645, 0.29388046, 0.15455600E-1
0.58099031, 0.57584262, 1.7855315, 0.35141137, 1.0246353, 0.71000093, 0.60071826, 0.22533551, 0.11850735E-1
0.64764720, 0.57584888, 1.7864068, 0.35146224, 0.91232419, 0.63202006, 0.53427589, 0.20042376, 0.10540592E-1
0.59853059, 0.57585263, 1.7864438, 0.35149461, 0.90128112, 0.62420887, 0.52718872, 0.19777550, 0.10401321E-1
0.59821904, 0.57585466, 1.7859539, 0.35151491, 0.76015425, 0.52633142, 0.44412386, 0.16662152, 0.87628867E-2
0.73308045, 0.57585239, 1.7838905, 0.35150278, 0.63343531, 0.43845949, 0.36955237, 0.13864991, 0.72918176E-2
0.75874209, 0.57584661, 1.7804090, 0.35146108, 0.59706306, 0.41315722, 0.34780806, 0.13049617, 0.68629980E-2
0.78777105, 0.57583869, 1.7761495, 0.35140264, 0.61666638, 0.42659479, 0.35869059, 0.13458350, 0.70779594E-2
0.88956612, 0.57582837, 1.7709649, 0.35132498, 0.60158712, 0.41603678, 0.34936723, 0.13108939, 0.68941968E-2
0.90574372, 0.57581699, 1.7654027, 0.35123909, 0.60478425, 0.41812259, 0.35066807, 0.13158138, 0.69200713E-2
0.89508224, 0.57580531, 1.7597756, 0.35115078, 0.62315810, 0.43069911, 0.36075857, 0.13537158, 0.71194042E-2
0.93723440, 0.57579285, 1.7538898, 0.35105649, 0.63523555, 0.43891996, 0.36718222, 0.13778599, 0.72463811E-2
0.95101160, 0.57577944, 1.7476556, 0.35095441, 0.63780200, 0.44056839, 0.36809698, 0.13813315, 0.72646393E-2
1.0160877, 0.57576507, 1.7410398, 0.35084385, 0.61134148, 0.42217088, 0.35227022, 0.13219747, 0.69524720E-2
1.0523496, 0.57574981, 1.7340941, 0.35072577, 0.59982729, 0.41410187, 0.34507716, 0.12950130, 0.68106772E-2
1.0668700, 0.57573426, 1.7270458, 0.35060474, 0.60416794, 0.41698113, 0.34701133, 0.13023025, 0.68490137E-2
1.0980556, 0.57571822, 1.7198200, 0.35047925, 0.57785553, 0.39870921, 0.33135512, 0.12435742, 0.65401513E-2
1.1306781, 0.57570136, 1.7122806, 0.35034654, 0.54950190, 0.37904137, 0.31458089, 0.11806439, 0.62091914E-2
1.0920956, 0.57568437, 1.7047858, 0.35021362, 0.62412596, 0.43039799, 0.35671493, 0.13388026, 0.70409724E-2
1.2485511, 0.57566673, 1.6970447, 0.35007492, 0.52581161, 0.36250204, 0.30002484, 0.11260577, 0.59221131E-2
1.3219748, 0.57564783, 1.6888070, 0.34992540, 0.47471496, 0.32718208, 0.27037722, 0.10147994, 0.53369892E-2
1.2432129, 0.57562888, 1.6806757, 0.34977672, 0.51455426, 0.35454142, 0.29254693, 0.10980239, 0.57746796E-2
1.2570704, 0.57561022, 1.6726624, 0.34962922, 0.53668904, 0.36969325, 0.30460486, 0.11432973, 0.60127792E-2
1.2742627, 0.57559085, 1.6644589, 0.34947696, 0.55554032, 0.38257694, 0.31475633, 0.11814157, 0.62132501E-2
0.82015389, 0.57557917, 1.6596568, 0.34939063, 0.63322991, 0.43596640, 0.35819739, 0.13444869, 0.70708669E-2
0.75011128, 0.57558703, 1.6633848, 0.34947267, 0.59783298, 0.41149879, 0.33773786, 0.12677094, 0.66670817E-2
0.98646027, 0.57558346, 1.6620833, 0.34945521, 0.54716921, 0.37652987, 0.30865923, 0.11585756, 0.60931300E-2
0.93174607, 0.57557261, 1.6577276, 0.34937695, 0.59464794, 0.40910071, 0.33494616, 0.12572590, 0.66121225E-2
1.0173674, 0.57555926, 1.6523093, 0.34927705, 0.67757732, 0.46604320, 0.38111237, 0.14305647, 0.75235642E-2
1.1706767, 0.57554120, 1.6448045, 0.34913564, 0.64649028, 0.44455680, 0.36308220, 0.13628998, 0.71677044E-2
1.2240288, 0.57552034, 1.6360822, 0.34896934, 0.61244196, 0.42104489, 0.34342283, 0.12891164, 0.67796661E-2
1.2871020, 0.57549864, 1.6271536, 0.34879786, 0.52783698, 0.36279365, 0.29550132, 0.11092404, 0.58336686E-2
1.2038262, 0.57547760, 1.6185238, 0.34863096, 0.57068586, 0.39214984, 0.31896305, 0.11973172, 0.62968791E-2
1.1907599, 0.57545769, 1.6105398, 0.34847549, 0.69139951, 0.47499201, 0.38584068, 0.14483693, 0.76172017E-2
1.5691478, 0.57543552, 1.6015757, 0.34829989, 0.46730271, 0.32096517, 0.26035440, 0.97732350E-1, 0.51398966E-2
1.9795215, 0.57541054, 1.5913320, 0.34809819, 0.32516694, 0.22328280, 0.18079615, 0.67867778E-1, 0.35692723E-2
1.8319266, 0.57538462, 1.5807530, 0.34788865, 0.33442575, 0.22958045, 0.18554427, 0.69650240E-1, 0.36630153E-2
1.8261721, 0.57535917, 1.5705535, 0.34768498, 0.32738486, 0.22468920, 0.18125747, 0.68041071E-1, 0.35783867E-2
1.8360964, 0.57533365, 1.5603594, 0.34748012, 0.34248447, 0.23499259, 0.18921871, 0.71029589E-1, 0.37355572E-2
1.9968339, 0.57530737, 1.5498798, 0.34726843, 0.27407742, 0.18800826, 0.15109928, 0.56720145E-1, 0.29830008E-2
1.9784620, 0.57528043, 1.5391154, 0.34704977, 0.28472462, 0.19526210, 0.15662064, 0.58792666E-1, 0.30919982E-2
1.8272235, 0.57525432, 1.5288061, 0.34683847, 0.30786914, 0.21108286, 0.16899452, 0.63437484E-1, 0.33362769E-2
1.7740532, 0.57522875, 1.5188642, 0.34663284, 0.30396548, 0.20835596, 0.16650558, 0.62503010E-1, 0.32871314E-2
1.6371189, 0.57520378, 1.5092881, 0.34643301, 0.31847134, 0.21824807, 0.17410538, 0.65355577E-1, 0.34371524E-2
1.6032467, 0.57517916, 1.5000277, 0.34623793, 0.34780192, 0.23829423, 0.18977687, 0.71238026E-1, 0.37465196E-2
1.4677637, 0.57515520, 1.4910376, 0.34604684, 0.39073282, 0.26764998, 0.21281442, 0.79885371E-1, 0.42012967E-2
1.3168007, 0.57513195, 1.4825162, 0.34586364, 0.46498638, 0.31844893, 0.25283849, 0.94908759E-1, 0.49914001E-2
1.3125252, 0.57510877, 1.4741303, 0.34568182, 0.46707511, 0.31981668, 0.25356567, 0.95180891E-1, 0.50057122E-2
1.2727679, 0.57508558, 1.4657698, 0.34549949, 0.49587163, 0.33947092, 0.26878467, 0.10089269, 0.53061047E-2
1.2511449, 0.57506263, 1.4576143, 0.34531999, 0.55347365, 0.37883645, 0.29955414, 0.11244126, 0.59134620E-2
1.2167246, 0.57503998, 1.4496650, 0.34514326, 0.56197423, 0.38459000, 0.30372339, 0.11400476, 0.59956899E-2
1.2655380, 0.57501584, 1.4410677, 0.34495306, 0.49173862, 0.33646715, 0.26538152, 0.99611551E-1, 0.52387281E-2
1.3579601, 0.57499057, 1.4320164, 0.34475288, 0.47311246, 0.32366553, 0.25493827, 0.95690474E-1, 0.50325119E-2
1.5146677, 0.57496423, 1.4225341, 0.34454337, 0.38399768, 0.26265222, 0.20657210, 0.77535436E-1, 0.40777102E-2
1.3888013, 0.57493758, 1.4129754, 0.34433106, 0.46197453, 0.31593141, 0.24811165, 0.93125880E-1, 0.48976354E-2
1.3155124, 0.57491082, 1.4034674, 0.34411845, 0.48600793, 0.33231178, 0.26061845, 0.97818740E-1, 0.51444406E-2
1.2641165, 0.57488394, 1.3939816, 0.34390503, 0.49546817, 0.33872679, 0.26530597, 0.99576540E-1, 0.52368855E-2
1.2995763, 0.57485682, 1.3844444, 0.34368944, 0.45703530, 0.31240252, 0.24436401, 0.91714971E-1, 0.48234337E-2
0.94652122, 0.57483190, 1.3760121, 0.34349421, 0.61414194, 0.41972488, 0.32788095, 0.12305832, 0.64718295E-2
0.47950631, 0.57483113, 1.3784028, 0.34351048, 0.76705420, 0.52417445, 0.40918902, 0.15357050, 0.80765123E-2
0.63043791, 0.57482505, 1.3785726, 0.34348267, 0.61215562, 0.41827279, 0.32627156, 0.12244804, 0.64397356E-2
0.81806332, 0.57480943, 1.3744779, 0.34337085, 0.53326321, 0.36431733, 0.28391707, 0.10655031, 0.56036483E-2
1.0163110, 0.57478839, 1.3679042, 0.34321007, 0.53688389, 0.36673871, 0.28550115, 0.10714256, 0.56347945E-2
1.2362641, 0.57476294, 1.3592038, 0.34300721, 0.50275129, 0.34337315, 0.26698339, 0.10019112, 0.52692085E-2
1.2814547, 0.57473528, 1.3495765, 0.34278533, 0.51080072, 0.34882140, 0.27087447, 0.10164918, 0.53458894E-2
1.2841202, 0.57470721, 1.3399048, 0.34256151, 0.48958391, 0.33428669, 0.25926062, 0.97288802E-1, 0.51165703E-2
1.2923070, 0.57467890, 1.3302768, 0.34233707, 0.48228163, 0.32925573, 0.25503388, 0.95700614E-1, 0.50330446E-2
0.83977646, 0.57465446, 1.3223799, 0.34214482, 0.61380237, 0.41899386, 0.32418790, 0.12164736, 0.63976250E-2
0.73499680, 0.57463646, 1.3176606, 0.34201294, 0.67647320, 0.46172494, 0.35694140, 0.13393365, 0.70437803E-2
1.0148258, 0.57461524, 1.3114673, 0.34185189, 0.52643174, 0.35927519, 0.27747875, 0.10411419, 0.54755281E-2
1.3856910, 0.57458907, 1.3030008, 0.34164616, 0.44893631, 0.30634686, 0.23630391, 0.88662654E-1, 0.46629086E-2
1.6190859, 0.57456064, 1.2935266, 0.34141999, 0.33034009, 0.22538893, 0.17361718, 0.65140896E-1, 0.34258626E-2
1.2114543, 0.57453221, 1.2840830, 0.34119329, 0.39309090, 0.26816383, 0.20625572, 0.77385396E-1, 0.40698186E-2
1.1321123, 0.57450485, 1.2753283, 0.34097880, 0.41230091, 0.28123409, 0.21605226, 0.81059217E-1, 0.42630318E-2
1.0485524, 0.57448059, 1.2679979, 0.34079075, 0.42180765, 0.28768256, 0.22074012, 0.82816154E-1, 0.43554311E-2
1.0634847, 0.57446051, 1.2627475, 0.34064174, 0.36052111, 0.24585304, 0.18842325, 0.70690103E-1, 0.37177033E-2
1.1569428, 0.57443899, 1.2568849, 0.34047994, 0.33917469, 0.23126538, 0.17701688, 0.66409491E-1, 0.34925791E-2
0.92879134, 0.57442141, 1.2528073, 0.34035268, 0.44061267, 0.30039337, 0.22965613, 0.86155608E-1, 0.45310585E-2
0.70801717, 0.57441837, 1.2552979, 0.34035429, 0.53367335, 0.36380029, 0.27786115, 0.10423674, 0.54819733E-2
0.54845738, 0.57442415, 1.2619816, 0.34043777, 0.59054673, 0.40253088, 0.30718508, 0.11523337, 0.60603041E-2
0.45267007, 0.57443035, 1.2689633, 0.34052691, 0.70059860, 0.47750306, 0.36414292, 0.13659436, 0.71837110E-2
0.47587281, 0.57443058, 1.2732781, 0.34056374, 0.74513966, 0.50782216, 0.38702676, 0.14517185, 0.76348148E-2
0.64300984, 0.57442212, 1.2736143, 0.34052315, 0.74324638, 0.50649393, 0.38576409, 0.14469148, 0.76095504E-2
0.79541183, 0.57440543, 1.2699281, 0.34040454, 0.64615923, 0.44029754, 0.33508739, 0.12567821, 0.66096145E-2
0.87990493, 0.57438523, 1.2647347, 0.34025639, 0.58445424, 0.39821479, 0.30278802, 0.11355945, 0.59722695E-2
1.1075149, 0.57436323, 1.2586987, 0.34009138, 0.45915598, 0.31281164, 0.23760639, 0.89110270E-1, 0.46864483E-2
1.1771966, 0.57433909, 1.2516820, 0.33990678, 0.43498805, 0.29631308, 0.22480758, 0.84307767E-1, 0.44338778E-2
1.2066046, 0.57431489, 1.2445736, 0.33971953, 0.38406566, 0.26159468, 0.19822195, 0.74335486E-1, 0.39094198E-2
0.97443658, 0.57429701, 1.2404841, 0.33959067, 0.47738230, 0.32511842, 0.24607325, 0.92277527E-1, 0.48530190E-2
0.88661414, 0.57428819, 1.2404352, 0.33954170, 0.50230998, 0.34206188, 0.25863948, 0.96986532E-1, 0.51006745E-2
0.66794217, 0.57428938, 1.2451622, 0.33958516, 0.58874184, 0.40088281, 0.30284196, 0.11355750, 0.59721670E-2
0.77290910, 0.57428515, 1.2475848, 0.33958220, 0.51610363, 0.35138896, 0.26521870, 0.99445835E-1, 0.52300114E-2
0.98710650, 0.57426912, 1.2445655, 0.33947322, 0.48521575, 0.33032548, 0.24907053, 0.93387499E-1, 0.49113948E-2
1.0269470, 0.57424748, 1.2389041, 0.33931282, 0.53155220, 0.36183554, 0.27254784, 0.10218633, 0.53741387E-2
1.0543524, 0.57422322, 1.2319579, 0.33912715, 0.57298428, 0.39000422, 0.29346532, 0.11002433, 0.57863523E-2
1.0637772, 0.57419747, 1.2243376, 0.33892769, 0.58657682, 0.39922339, 0.30010331, 0.11250804, 0.59169740E-2
1.0709889, 0.57417130, 1.2164643, 0.33872244, 0.60254192, 0.41005725, 0.30794215, 0.11544149, 0.60712490E-2
1.0589615, 0.57414466, 1.2085115, 0.33851466, 0.52148950, 0.35487100, 0.26624292, 0.99804834E-1, 0.52488926E-2
1.0306429, 0.57411826, 1.2006025, 0.33830673, 0.63454556, 0.43177179, 0.32361490, 0.12130597, 0.63796714E-2
1.0386733, 0.57409143, 1.1926943, 0.33809778, 0.61222953, 0.41655996, 0.31192434, 0.11691794, 0.61488976E-2
1.0388105, 0.57406431, 1.1847835, 0.33788779, 0.73064440, 0.49710050, 0.37189803, 0.13939020, 0.73307492E-2
1.0462608, 0.57403696, 1.1768144, 0.33767575, 0.79783773, 0.54279476, 0.40575573, 0.15207078, 0.79976413E-2
1.0990837, 0.57400960, 1.1687431, 0.33746082, 0.66640455, 0.45335865, 0.33862108, 0.12690200, 0.66739754E-2
1.4207513, 0.57398164, 1.1604873, 0.33724123, 0.43093127, 0.29314560, 0.21871592, 0.81962422E-1, 0.43105329E-2
1.5234194, 0.57395309, 1.1521051, 0.33701828, 0.39915425, 0.27150643, 0.20230864, 0.75811230E-1, 0.39870311E-2
1.6223707, 0.57392460, 1.1436839, 0.33679348, 0.35092309, 0.23867866, 0.17760038, 0.66550121E-1, 0.34999750E-2
1.4655814, 0.57389736, 1.1359801, 0.33658132, 0.36005038, 0.24486588, 0.18196146, 0.68182178E-1, 0.35858075E-2
1.5866359, 0.57386953, 1.1280521, 0.33636391, 0.34576389, 0.23512989, 0.17448691, 0.65379344E-1, 0.34384022E-2
1.5304918, 0.57384098, 1.1198629, 0.33614063, 0.33263275, 0.22618175, 0.16761699, 0.62803306E-1, 0.33029236E-2
1.3697033, 0.57381463, 1.1127470, 0.33593661, 0.35269007, 0.23980132, 0.17748055, 0.66496901E-1, 0.34971768E-2
1.5293229, 0.57379001, 1.1066151, 0.33575061, 0.29983214, 0.20384578, 0.15067202, 0.56450788E-1, 0.29688352E-2
1.4285957, 0.57376438, 1.0999566, 0.33555391, 0.32424119, 0.22042218, 0.16269396, 0.60953118E-1, 0.32056200E-2
1.3026942, 0.57374346, 1.0956453, 0.33540118, 0.35271388, 0.23976074, 0.17675325, 0.66218279E-1, 0.34825231E-2
0.68040770, 0.57374102, 1.0999537, 0.33541587, 0.56374103, 0.38318419, 0.28217846, 0.10570979, 0.55594440E-2
0.35677546, 0.57379210, 1.1288210, 0.33591232, 1.0618572, 0.72175533, 0.53129005, 0.19901653, 0.10466590E-1
0.46001175, 0.57382375, 1.1486340, 0.33623469, 0.79165143, 0.53809434, 0.39597765, 0.14831612, 0.78001739E-2
0.68757379, 0.57383287, 1.1577710, 0.33635107, 0.54079074, 0.36756465, 0.27031073, 0.10124006, 0.53243707E-2
0.77749020, 0.57383031, 1.1615266, 0.33636361, 0.60466355, 0.41095290, 0.30198312, 0.11309596, 0.59478916E-2
0.60520029, 0.57382923, 1.1657505, 0.33638674, 0.64699048, 0.43969536, 0.32285464, 0.12090504, 0.63585839E-2
0.65179229, 0.57384855, 1.1786022, 0.33658385, 0.68248254, 0.46379358, 0.34033209, 0.12744161, 0.67023514E-2
0.55328792, 0.57386655, 1.1904085, 0.33676475, 0.80400127, 0.54635066, 0.40067244, 0.15002559, 0.78900773E-2
0.52379352, 0.57388067, 1.2003956, 0.33691093, 0.91076970, 0.61888510, 0.45364630, 0.16984616, 0.89324694E-2
0.57822847, 0.57388049, 1.2044810, 0.33693889, 0.65508729, 0.44512692, 0.32611370, 0.12208780, 0.64207837E-2
0.58271432, 0.57387364, 1.2056152, 0.33690819, 0.67694330, 0.45995048, 0.33675390, 0.12606257, 0.66298228E-2
0.56122428, 0.57386911, 1.2077591, 0.33689746, 0.69541013, 0.47247192, 0.34571061, 0.12940632, 0.68056751E-2
0.53006983, 0.57386577, 1.2103659, 0.33689615, 0.74301499, 0.50478870, 0.36913764, 0.13816519, 0.72663175E-2
0.56175005, 0.57386321, 1.2133455, 0.33690235, 0.82237428, 0.55867916, 0.40833053, 0.15282229, 0.80371564E-2
0.69517386, 0.57385588, 1.2141864, 0.33686683, 0.78998107, 0.53665078, 0.39201251, 0.14670265, 0.77153151E-2
0.65203583, 0.57384741, 1.2144935, 0.33682120, 0.76920009, 0.52251035, 0.38144958, 0.14273793, 0.75068050E-2
0.90911847, 0.57383955, 1.2150475, 0.33678058, 0.69288433, 0.47064504, 0.34335563, 0.12847324, 0.67566019E-2
1.1055309, 0.57382017, 1.2103415, 0.33663702, 0.76489007, 0.51952851, 0.37870562, 0.14168915, 0.74516451E-2
1.0916804, 0.57379848, 1.2047316, 0.33647540, 0.62464231, 0.42424840, 0.30899617, 0.11559928, 0.60795397E-2
1.0892367, 0.57377696, 1.1991608, 0.33631369, 0.70437479, 0.47837377, 0.34810495, 0.13022101, 0.68485173E-2
1.0780321, 0.57375544, 1.1936443, 0.33615229, 0.95576227, 0.64908093, 0.47196785, 0.17654049, 0.92845242E-2
1.0841142, 0.57373375, 1.1881279, 0.33599016, 0.82919377, 0.56311488, 0.40918699, 0.15304211, 0.80487058E-2
1.0923918, 0.57371187, 1.1825844, 0.33582678, 0.90592963, 0.61521280, 0.44672665, 0.16706654, 0.87862685E-2
1.0967808, 0.57368976, 1.1769762, 0.33566153, 0.74105084, 0.50323194, 0.36515307, 0.13654715, 0.71812081E-2
1.1089948, 0.57366753, 1.1713504, 0.33549511, 0.82103425, 0.55752844, 0.40423101, 0.15114696, 0.79490328E-2
0.98204064, 0.57364613, 1.1661259, 0.33533579, 0.93923521, 0.63778198, 0.46209207, 0.17276494, 0.90859476E-2
0.70054013, 0.57363915, 1.1676439, 0.33530647, 0.95219582, 0.64657873, 0.46823508, 0.17504299, 0.92057483E-2
0.32367063, 0.57367802, 1.1889738, 0.33567289, 1.5431162, 1.0478745, 0.75877947, 0.28361955, 0.14915916E-1
0.32915190, 0.57372159, 1.2119813, 0.33607700, 1.3682764, 0.92920047, 0.67294979, 0.25149655, 0.13226505E-1
0.38809279, 0.57374036, 1.2242496, 0.33626911, 1.2957066, 0.87994546, 0.63728625, 0.23813272, 0.12523665E-1
0.50290239, 0.57374048, 1.2283373, 0.33629987, 1.0932910, 0.74248910, 0.53766477, 0.20088032, 0.10564512E-1
0.66334838, 0.57373178, 1.2284994, 0.33625352, 1.0974268, 0.74529546, 0.53954566, 0.20155820, 0.10600152E-1
0.56438345, 0.57372135, 1.2277474, 0.33619019, 1.1227168, 0.76246327, 0.55175632, 0.20609386, 0.10838680E-1
0.34835303, 0.57374084, 1.2395686, 0.33638003, 1.3254522, 0.90016395, 0.65137351, 0.24326979, 0.12793780E-1
0.36724955, 0.57376051, 1.2508852, 0.33656520, 1.4531500, 0.98691934, 0.71418196, 0.26668543, 0.14025202E-1
0.38625070, 0.57378298, 1.2622578, 0.33676177, 1.6776059, 1.1394272, 0.82472020, 0.30790785, 0.16193097E-1
0.38147599, 0.57380164, 1.2716796, 0.33692226, 1.6924223, 1.1495677, 0.83228159, 0.31067219, 0.16338442E-1
0.36534935, 0.57381588, 1.2797128, 0.33705229, 1.7595378, 1.1952391, 0.86560684, 0.32304940, 0.16989332E-1
0.34109542, 0.57382721, 1.2868305, 0.33716178, 1.8748066, 1.2736455, 0.92275608, 0.34430817, 0.18107310E-1
0.33576277, 0.57383209, 1.2915981, 0.33722109, 1.6352073, 1.1109537, 0.80516344, 0.30037206, 0.15796660E-1
0.33673990, 0.57383287, 1.2949510, 0.33725068, 1.6644535, 1.1308858, 0.81982094, 0.30578437, 0.16081266E-1
0.34587869, 0.57383084, 1.2971928, 0.33725742, 1.6653683, 1.1315736, 0.82054591, 0.30599859, 0.16092500E-1
0.37693316, 0.57382637, 1.2984720, 0.33724475, 1.5980129, 1.0858642, 0.78758651, 0.29365456, 0.15443298E-1
0.45069677, 0.57381874, 1.2984478, 0.33720589, 1.6966883, 1.1529739, 0.83643186, 0.31181064, 0.16398100E-1
0.53701359, 0.57380724, 1.2967710, 0.33713403, 1.4695953, 0.99870229, 0.72461826, 0.27008060, 0.14203507E-1
0.42943957, 0.57380241, 1.2976943, 0.33711526, 1.5267732, 1.0375845, 0.75282162, 0.28054646, 0.14753886E-1
0.32833821, 0.57382947, 1.3114797, 0.33736068, 1.7912779, 1.2174156, 0.88357174, 0.32921219, 0.17313179E-1
0.33342698, 0.57385504, 1.3236846, 0.33758280, 2.2255428, 1.5126960, 1.0984310, 0.40917820, 0.21518527E-1
0.35452077, 0.57388890, 1.3349576, 0.33782101, 2.8131869, 1.9124541, 1.3901018, 0.51768827, 0.27224978E-1
0.34579882, 0.57391053, 1.3409750, 0.33795530, 3.0367067, 2.0648632, 1.5027771, 0.55947495, 0.29422455E-1
0.33478773, 0.57393253, 1.3471721, 0.33809388, 3.3381445, 2.2704139, 1.6548179, 0.61587262, 0.32388285E-1
0.33004647, 0.57395035, 1.3522002, 0.33820423, 3.4979331, 2.3797898, 1.7374729, 0.64640546, 0.33993889E-1
0.32964575, 0.57396996, 1.3582618, 0.33833334, 3.4470053, 2.3458362, 1.7156212, 0.63804984, 0.33554383E-1
0.33066013, 0.57399207, 1.3656358, 0.33848786, 3.3420608, 2.2750590, 1.6665828, 0.61960179, 0.32584142E-1
0.33318698, 0.57401407, 1.3726068, 0.33863696, 3.8712902, 2.6361427, 1.9345793, 0.71898389, 0.37810426E-1
0.33204547, 0.57403505, 1.3785658, 0.33877090, 4.0595675, 2.7653537, 2.0336723, 0.75552446, 0.39731920E-1
0.33277705, 0.57405859, 1.3849648, 0.33891979, 4.1997991, 2.8619714, 2.1093850, 0.78334975, 0.41195076E-1
0.33462375, 0.57407975, 1.3908620, 0.33905458, 3.7212145, 2.5367587, 1.8736258, 0.69554484, 0.36577463E-1
0.37512061, 0.57410043, 1.3965288, 0.33918598, 2.9032555, 1.9796777, 1.4644237, 0.54347557, 0.28580340E-1
0.39690894, 0.57412106, 1.4017943, 0.33931234, 2.6017721, 1.7744262, 1.3139974, 0.48753139, 0.25638286E-1
0.37589088, 0.57414401, 1.4078432, 0.33945644, 2.7434928, 1.8713909, 1.3871596, 0.51455778, 0.27059503E-1
0.34897158, 0.57416701, 1.4136598, 0.33959824, 2.9343286, 2.0019507, 1.4856489, 0.55095822, 0.28973671E-1
0.35291013, 0.57418418, 1.4175695, 0.33969715, 3.3259454, 2.2696435, 1.6865628, 0.62530386, 0.32883275E-1
0.34106368, 0.57420868, 1.4243244, 0.33985597, 3.7940526, 2.5898356, 1.9277903, 0.71453172, 0.37575461E-1
0.34829202, 0.57423180, 1.4304830, 0.34000286, 4.1332188, 2.8223290, 2.1051021, 0.78000426, 0.41018393E-1
0.34137797, 0.57425606, 1.4369962, 0.34015894, 3.8371410, 2.6210747, 1.9590067, 0.72564471, 0.38159676E-1
0.34977126, 0.57428384, 1.4441307, 0.34033415, 3.6221719, 2.4750135, 1.8532684, 0.68628275, 0.36089651E-1
0.34590948, 0.57430941, 1.4510630, 0.34050050, 3.2100363, 2.1939843, 1.6454340, 0.60916507, 0.32034185E-1
0.34337303, 0.57433271, 1.4579812, 0.34066004, 3.2885089, 2.2481501, 1.6884717, 0.62495136, 0.32864261E-1
0.34429395, 0.57435250, 1.4643990, 0.34080186, 2.7772431, 1.8990268, 1.4280951, 0.52846456, 0.27790271E-1
0.34612265, 0.57437050, 1.4708055, 0.34093821, 2.6329291, 1.8006206, 1.3554155, 0.50147516, 0.26370937E-1
0.35024691, 0.57438487, 1.4765961, 0.34105635, 2.5522950, 1.7457103, 1.3152477, 0.48652771, 0.25584845E-1
0.35973749, 0.57439268, 1.4803952, 0.34112841, 2.1281390, 1.4557397, 1.0975320, 0.40592718, 0.21346299E-1
0.35062659, 0.57439464, 1.4822642, 0.34115726, 1.8769089, 1.2839488, 0.96841675, 0.35812494, 0.18832531E-1
0.36751208, 0.57439208, 1.4826181, 0.34115383, 1.4327130, 0.98008162, 0.73932612, 0.27337572, 0.14375851E-1
0.36602014, 0.57438993, 1.4831960, 0.34115386, 1.3353270, 0.91342384, 0.68898982, 0.25473949, 0.13395834E-1
0.37268576, 0.57439047, 1.4849207, 0.34117711, 1.3433229, 0.91883546, 0.69294155, 0.25617751, 0.13471447E-1
0.37558407, 0.57441497, 1.4953480, 0.34138617, 1.7851486, 1.2210281, 0.92090994, 0.34042114, 0.17901491E-1
0.36214137, 0.57444710, 1.5073053, 0.34163934, 2.1758957, 1.4883523, 1.1229520, 0.41505322, 0.21826068E-1
0.35042858, 0.57447815, 1.5180209, 0.34187466, 2.8486795, 1.9487664, 1.4715085, 0.54379320, 0.28595967E-1
0.34864017, 0.57450330, 1.5264634, 0.34206417, 2.9231918, 2.0000486, 1.5118291, 0.55858898, 0.29373955E-1
0.35097727, 0.57453400, 1.5341852, 0.34226334, 3.2966032, 2.2560005, 1.7075667, 0.63078511, 0.33170402E-1
0.35108262, 0.57455599, 1.5386162, 0.34239414, 3.8430662, 2.6306386, 1.9943391, 0.73655796, 0.38732484E-1
0.35013321, 0.57457918, 1.5434132, 0.34253335, 3.9069221, 2.6751654, 2.0319111, 0.75025892, 0.39452884E-1
0.35086629, 0.57460427, 1.5488845, 0.34268755, 4.1734519, 2.8586001, 2.1755836, 0.80312014, 0.42232528E-1
0.35161060, 0.57462740, 1.5538719, 0.34283000, 4.2130446, 2.8867257, 2.2016394, 0.81254840, 0.42728219E-1
0.35277238, 0.57465172, 1.5590464, 0.34297806, 3.7563901, 2.5746551, 1.9674828, 0.72597396, 0.38175587E-1
0.35419953, 0.57467848, 1.5653979, 0.34314960, 3.4825087, 2.3875625, 1.8275325, 0.67420822, 0.35453402E-1
0.35402283, 0.57470429, 1.5715253, 0.34331578, 3.9163907, 2.6857378, 2.0592077, 0.75953823, 0.39940424E-1
0.35491654, 0.57473403, 1.5780771, 0.34349984, 3.5372939, 2.4264479, 1.8636719, 0.68729222, 0.36141284E-1
0.35585865, 0.57476205, 1.5840877, 0.34367248, 4.6080604, 3.1619487, 2.4333084, 0.89719963, 0.47179170E-1
0.35650641, 0.57478249, 1.5880414, 0.34379518, 3.8038311, 2.6110044, 2.0135474, 0.74229044, 0.39033197E-1
0.35955581, 0.57480705, 1.5927981, 0.34394196, 3.3227491, 2.2813559, 1.7621467, 0.64951605, 0.34154616E-1
0.36537805, 0.57483125, 1.5973713, 0.34408587, 3.1809371, 2.1844182, 1.6894888, 0.62265438, 0.32742046E-1
0.36515582, 0.57486159, 1.6037476, 0.34427130, 3.2946918, 2.2629693, 1.7525023, 0.64579821, 0.33958983E-1
0.36343631, 0.57489318, 1.6106225, 0.34446838, 3.2308381, 2.2195439, 1.7211393, 0.63416517, 0.33347201E-1
0.36100024, 0.57492089, 1.6161047, 0.34463570, 3.5551932, 2.4428842, 1.8969793, 0.69887102, 0.36749661E-1
0.36130428, 0.57494247, 1.6196694, 0.34475997, 3.6805110, 2.5296123, 1.9674364, 0.72474045, 0.38109906E-1
0.36197251, 0.57496524, 1.6236061, 0.34489262, 4.5669622, 3.1398621, 2.4468451, 0.90122247, 0.47389992E-1
0.36271739, 0.57498962, 1.6280575, 0.34503710, 4.6448278, 3.1946468, 2.4953897, 0.91897851, 0.48323575E-1
0.36345664, 0.57501382, 1.6326166, 0.34518263, 4.5556970, 3.1345804, 2.4542439, 0.90371531, 0.47520876E-1
0.36408246, 0.57503366, 1.6364043, 0.34530455, 4.3430033, 2.9893339, 2.3457112, 0.86365837, 0.45414452E-1
0.36465511, 0.57505131, 1.6399479, 0.34541699, 3.8240476, 2.6329412, 2.0700009, 0.76207757, 0.40072903E-1
0.36587286, 0.57507682, 1.6449838, 0.34557357, 3.6728718, 2.5295267, 1.9920444, 0.73332328, 0.38560856E-1
0.36671761, 0.57509315, 1.6466120, 0.34565839, 3.8149624, 2.6280673, 2.0730631, 0.76309705, 0.40126450E-1
0.36639249, 0.57510549, 1.6471224, 0.34571707, 4.8688550, 3.3552122, 2.6520984, 0.97617400, 0.51330790E-1
0.36700892, 0.57512522, 1.6502941, 0.34583196, 4.5601621, 3.1437657, 2.4909320, 0.91679472, 0.48208382E-1
0.36769608, 0.57514769, 1.6543794, 0.34596765, 4.4428120, 3.0640140, 2.4331596, 0.89548802, 0.47087982E-1
0.36822462, 0.57516390, 1.6573707, 0.34606975, 4.2326951, 2.9201140, 2.3237152, 0.85517824, 0.44968326E-1
0.36859921, 0.57517403, 1.6592882, 0.34613904, 4.0427809, 2.7899652, 2.2243934, 0.81860536, 0.43045178E-1
0.36885986, 0.57517970, 1.6602226, 0.34618169, 3.0737302, 2.1216965, 1.6940995, 0.62344140, 0.32782767E-1
0.36927131, 0.57519138, 1.6634635, 0.34627232, 3.3749540, 2.3300185, 1.8626475, 0.68546301, 0.36044076E-1
0.36981878, 0.57520866, 1.6683978, 0.34640181, 3.4834249, 2.4053795, 1.9254544, 0.70857370, 0.37259314E-1
0.37069154, 0.57523882, 1.6761515, 0.34660882, 3.7560160, 2.5942183, 2.0797608, 0.76536059, 0.40245373E-1
0.37159750, 0.57527059, 1.6832103, 0.34681249, 4.0264535, 2.7817686, 2.2339468, 0.82210928, 0.43229427E-1
0.37230292, 0.57529420, 1.6880671, 0.34696361, 4.3006349, 2.9721036, 2.3912978, 0.88003200, 0.46275213E-1
0.37272817, 0.57530671, 1.6901916, 0.34704533, 3.7542024, 2.5952251, 2.0918303, 0.76984441, 0.40481150E-1
0.37301853, 0.57531399, 1.6912353, 0.34709641, 2.8868005, 1.9959713, 1.6108593, 0.59285218, 0.31174276E-1
0.37344953, 0.57532674, 1.6944343, 0.34719247, 3.2237573, 2.2292380, 1.8009343, 0.66282606, 0.34853753E-1
0.37400338, 0.57534450, 1.6992263, 0.34732446, 3.1901584, 2.2063599, 1.7845143, 0.65680605, 0.34537196E-1
0.37432635, 0.57535315, 1.7011842, 0.34739202, 2.5710042, 1.7783365, 1.4396232, 0.52988458, 0.27863216E-1
0.37465551, 0.57535684, 1.7017109, 0.34742633, 2.2640524, 1.5660679, 1.2684411, 0.46689206, 0.24550844E-1
0.37491333, 0.57536650, 1.7042338, 0.34750456, 2.8130562, 1.9458628, 1.5768532, 0.58043313, 0.30521236E-1
0.37583113, 0.57540035, 1.7141663, 0.34775305, 3.4939620, 2.4172547, 1.9611114, 0.72190976, 0.37960581E-1
0.37629527, 0.57541472, 1.7176596, 0.34785941, 2.9705598, 2.0554712, 1.6695368, 0.61460912, 0.32318335E-1
0.37650195, 0.57541877, 1.7179000, 0.34789252, 2.8543348, 1.9752553, 1.6058172, 0.59118098, 0.31086395E-1
0.37820435, 0.57541674, 1.7161801, 0.34788164, 2.2709734, 1.5716290, 1.2784631, 0.47068733, 0.24750415E-1
0.38941079, 0.57541221, 1.7137191, 0.34785360, 2.1925778, 1.5173694, 1.2347659, 0.45461807, 0.23905436E-1
0.43512276, 0.57540566, 1.7105657, 0.34781033, 2.2199790, 1.5363183, 1.2505833, 0.46046072, 0.24212660E-1
0.42363533, 0.57539845, 1.7071923, 0.34776166, 1.8640893, 1.2899847, 1.0502477, 0.38671294, 0.20334743E-1
0.38112453, 0.57540363, 1.7088951, 0.34781545, 2.2923641, 1.5863115, 1.2917832, 0.47566783, 0.25012307E-1
0.37699759, 0.57542157, 1.7154238, 0.34797010, 2.7346542, 1.8924581, 1.5419866, 0.56782669, 0.29858343E-1
0.37852073, 0.57543546, 1.7200791, 0.34808859, 2.3358920, 1.6165863, 1.3180281, 0.48538053, 0.25523031E-1
0.38489297, 0.57543629, 1.7197161, 0.34810346, 2.0665877, 1.4301908, 1.1664249, 0.42957035, 0.22588339E-1
0.38538238, 0.57543617, 1.7190946, 0.34811226, 2.1086226, 1.4592397, 1.1903974, 0.43841809, 0.23053579E-1
0.38445932, 0.57543844, 1.7194186, 0.34814072, 2.2077599, 1.5278217, 1.2467102, 0.45917886, 0.24145255E-1
0.38066292, 0.57544142, 1.7199956, 0.34817415, 1.8117442, 1.2537172, 1.0232166, 0.37687978, 0.19817678E-1
0.38091391, 0.57545453, 1.7245576, 0.34828976, 2.1233168, 1.4692549, 1.1993065, 0.44175741, 0.23229174E-1
0.42375743, 0.57545668, 1.7248454, 0.34831738, 1.8006781, 1.2459459, 1.0171839, 0.37468967, 0.19702515E-1
0.40316376, 0.57547873, 1.7298573, 0.34846729, 3.7114646, 2.5681708, 2.0978222, 0.77279902, 0.40636517E-1
0.38056549, 0.57553566, 1.7436160, 0.34883907, 4.0574646, 2.8083823, 2.2980356, 0.84663117, 0.44518888E-1
0.38140813, 0.57556570, 1.7489349, 0.34902048, 4.8691354, 3.3713114, 2.7642729, 1.0185152, 0.53557176E-1
0.38198766, 0.57558519, 1.7515806, 0.34913534, 4.0147529, 2.7807181, 2.2847784, 0.84194732, 0.44272628E-1
0.38237700, 0.57559717, 1.7526580, 0.34920633, 4.2152014, 2.9203787, 2.4037790, 0.88590872, 0.46584316E-1
0.38256797, 0.57560116, 1.7517430, 0.34922716, 3.4872251, 2.4166226, 1.9923182, 0.73435694, 0.38615197E-1
0.38271451, 0.57560182, 1.7498654, 0.34922501, 2.5042465, 1.7355950, 1.4321321, 0.52792954, 0.27760493E-1
0.38327879, 0.57562250, 1.7528071, 0.34934691, 3.6828849, 2.5528042, 2.1086159, 0.77738529, 0.40877853E-1
0.38407516, 0.57565045, 1.7571476, 0.34951088, 3.6221981, 2.5112684, 2.0772417, 0.76591897, 0.40274978E-1
0.38492242, 0.57568121, 1.7622499, 0.34969261, 3.9974308, 2.7720604, 2.2964423, 0.84686339, 0.44531420E-1
0.38563496, 0.57570648, 1.7657077, 0.34983644, 3.9262602, 2.7234068, 2.2598336, 0.83349365, 0.43828476E-1
0.38642260, 0.57573473, 1.7701142, 0.35000220, 4.2595115, 2.9553833, 2.4565749, 0.90621120, 0.47652353E-1
0.38705811, 0.57575703, 1.7731069, 0.35013124, 4.3885999, 3.0459123, 2.5366752, 0.93593603, 0.49215503E-1
0.38747010, 0.57577026, 1.7740821, 0.35020661, 4.3762355, 3.0383034, 2.5352290, 0.93559027, 0.49197432E-1
0.38773099, 0.57577747, 1.7738380, 0.35024738, 3.6385691, 2.5268390, 2.1119947, 0.77955276, 0.40992390E-1
0.38788015, 0.57578015, 1.7726545, 0.35026196, 3.3791680, 2.3471172, 1.9642569, 0.72514892, 0.38131658E-1
0.38791969, 0.57577848, 1.7701986, 0.35024658, 2.7246835, 1.8927445, 1.5855129, 0.58541900, 0.30784080E-1
0.38849911, 0.57578385, 1.7696993, 0.35027772, 3.0036333, 2.0866055, 1.7490134, 0.64588493, 0.33963706E-1
0.38911325, 0.57582015, 1.7769800, 0.35050473, 4.7812352, 3.3223820, 2.7893934, 1.0302935, 0.54177850E-1
0.38954604, 0.57583445, 1.7779968, 0.35058397, 4.2616715, 2.9623926, 2.4922779, 0.92078322, 0.48419386E-1
0.38981605, 0.57584226, 1.7778111, 0.35062727, 3.2744284, 2.2766652, 1.9182301, 0.70885444, 0.37275203E-1
0.39012200, 0.57585138, 1.7786099, 0.35068747, 2.8182509, 1.9596992, 1.6526593, 0.61082727, 0.32120492E-1
0.39035541, 0.57585782, 1.7783390, 0.35072508, 2.7385404, 1.9043677, 1.6070460, 0.59406787, 0.31239262E-1
0.39088508, 0.57587618, 1.7817998, 0.35084727, 3.2808609, 2.2816846, 1.9270116, 0.71247768, 0.37465956E-1
0.39170969, 0.57590652, 1.7873551, 0.35103419, 3.9338205, 2.7363539, 2.3141496, 0.85580659, 0.45003064E-1
0.39253321, 0.57593322, 1.7910489, 0.35118747, 3.4058778, 2.3696167, 2.0067773, 0.74231112, 0.39034918E-1
0.39343494, 0.57595938, 1.7944263, 0.35133508, 3.6149945, 2.5155387, 2.1329396, 0.78915995, 0.41498587E-1
0.39391395, 0.57598680, 1.7981092, 0.35148996, 3.5342212, 2.4597883, 2.0883410, 0.77284437, 0.40640708E-1
0.39448124, 0.57600689, 1.7996141, 0.35159519, 3.7492232, 2.6099398, 2.2187533, 0.82131141, 0.43189496E-1
0.39499876, 0.57602507, 1.8004894, 0.35168636, 3.6638229, 2.5510187, 2.1716473, 0.80408394, 0.42283677E-1
0.39563590, 0.57604796, 1.8028225, 0.35181135, 3.6721282, 2.5573041, 2.1798918, 0.80734962, 0.42455498E-1
0.39624065, 0.57606989, 1.8047680, 0.35192779, 3.2382572, 2.2555263, 1.9249289, 0.71310264, 0.37499487E-1
0.39694467, 0.57609576, 1.8079925, 0.35207310, 3.7797837, 2.6331527, 2.2498820, 0.83370149, 0.43841440E-1
0.39741990, 0.57611257, 1.8088651, 0.35215992, 3.8376009, 2.6740146, 2.2880528, 0.84809262, 0.44598345E-1
0.39781815, 0.57612616, 1.8095145, 0.35223413, 3.9076805, 2.7234666, 2.3337867, 0.86530566, 0.45503650E-1
0.39832035, 0.57613468, 1.8093569, 0.35228181, 3.1182821, 2.1736763, 1.8649414, 0.69166541, 0.36372572E-1
0.39879358, 0.57614321, 1.8095342, 0.35233352, 2.8348448, 1.9762442, 1.6968471, 0.62947518, 0.33102263E-1
0.39877304, 0.57615769, 1.8118236, 0.35243022, 3.0322483, 2.1140144, 1.8165112, 0.67402810, 0.35445262E-1
0.39900073, 0.57616442, 1.8118167, 0.35247439, 2.9958940, 2.0888495, 1.7963510, 0.66671371, 0.35060704E-1
0.39914420, 0.57616717, 1.8102965, 0.35248670, 2.8528953, 1.9892387, 1.7118174, 0.63549531, 0.33419106E-1
0.39969826, 0.57618594, 1.8118486, 0.35258815, 4.3508463, 3.0343184, 2.6145461, 0.97091746, 0.51058281E-1
0.40003783, 0.57619953, 1.8112599, 0.35264665, 3.3561683, 2.3411865, 2.0203323, 0.75050747, 0.39467599E-1
0.40043807, 0.57621348, 1.8107671, 0.35270762, 4.1341186, 2.8844390, 2.4924142, 0.92617875, 0.48705954E-1
0.40090346, 0.57622874, 1.8113331, 0.35278594, 4.4952230, 3.1373296, 2.7157300, 1.0095541, 0.53090736E-1
0.40225098, 0.57624525, 1.8121423, 0.35287130, 4.4176679, 3.0842407, 2.6748996, 0.99478590, 0.52314349E-1
0.40176892, 0.57626075, 1.8127769, 0.35295069, 3.9238024, 2.7402668, 2.3807206, 0.88573408, 0.46579678E-1
0.40212041, 0.57627267, 1.8132167, 0.35301703, 3.0210202, 2.1101253, 1.8353243, 0.68305290, 0.35921056E-1
0.40260139, 0.57628995, 1.8150511, 0.35311729, 2.9987388, 2.0947175, 1.8232940, 0.67877573, 0.35696231E-1
0.40334517, 0.57631814, 1.8187799, 0.35327601, 3.6882303, 2.5767093, 2.2451513, 0.83609921, 0.43969911E-1
0.40395904, 0.57634097, 1.8209031, 0.35339814, 3.5723019, 2.4961991, 2.1777601, 0.81129843, 0.42665835E-1
0.40457562, 0.57636362, 1.8228407, 0.35351703, 3.3213186, 2.3211851, 2.0273237, 0.75552064, 0.39732661E-1
0.40639257, 0.57638651, 1.8249640, 0.35363930, 3.8352878, 2.6808262, 2.3441398, 0.87390852, 0.45958854E-1
0.40561536, 0.57640165, 1.8253630, 0.35371581, 3.6757827, 2.5698793, 2.2501655, 0.83920467, 0.44133987E-1
0.40587482, 0.57641095, 1.8246919, 0.35376027, 3.3036935, 2.3101044, 2.0249760, 0.75550085, 0.39732151E-1
0.40618274, 0.57642192, 1.8248070, 0.35381928, 3.2976635, 2.3061860, 2.0235305, 0.75522977, 0.39718073E-1
0.40655681, 0.57643515, 1.8258095, 0.35389709, 2.7212942, 1.9032713, 1.6713127, 0.62397861, 0.32815620E-1
0.40691328, 0.57644778, 1.8269831, 0.35397494, 2.9271674, 2.0473363, 1.7988739, 0.67180985, 0.35331249E-1
0.40722895, 0.57645887, 1.8278184, 0.35404333, 2.5708413, 1.7981513, 1.5807564, 0.59053159, 0.31056833E-1
0.40775022, 0.57647759, 1.8308151, 0.35416263, 3.0922337, 2.1629303, 1.9025933, 0.71098387, 0.37391722E-1
0.40858975, 0.57649964, 1.8336545, 0.35429126, 4.0016580, 2.7995162, 2.4653924, 0.92166084, 0.48471764E-1
0.40882787, 0.57651901, 1.8348938, 0.35439143, 4.1983237, 2.9378777, 2.5913174, 0.96918768, 0.50971560E-1
0.40922442, 0.57653344, 1.8345909, 0.35445744, 4.1225142, 2.8856304, 2.5493779, 0.95396161, 0.50171077E-1
0.40950656, 0.57654309, 1.8327740, 0.35448983, 3.2281740, 2.2600720, 1.9992766, 0.74844337, 0.39362576E-1
0.40953252, 0.57654262, 1.8276041, 0.35444704, 3.1587934, 2.2117424, 1.9582599, 0.73336726, 0.38569845E-1
0.43612728, 0.57655996, 1.8278849, 0.35452837, 2.4312117, 1.7023611, 1.5081038, 0.56497455, 0.29713720E-1
0.44496083, 0.57658416, 1.8302528, 0.35465762, 2.5660203, 1.7967153, 1.5921659, 0.59664536, 0.31379506E-1
0.41583771, 0.57661265, 1.8339844, 0.35481733, 3.2817514, 2.2979832, 2.0376389, 0.76384908, 0.40173449E-1
0.41252846, 0.57663590, 1.8361864, 0.35494164, 3.5023446, 2.4527922, 2.1771214, 0.81647396, 0.42941399E-1
0.41239366, 0.57665396, 1.8371621, 0.35503471, 3.3257294, 2.3294449, 2.0698028, 0.77655429, 0.40842067E-1
0.41270801, 0.57666755, 1.8373351, 0.35510325, 3.2174089, 2.2538393, 2.0044689, 0.75234872, 0.39569199E-1
0.41297671, 0.57667744, 1.8370177, 0.35515374, 2.7822001, 1.9491112, 1.7347114, 0.65134543, 0.34257162E-1
0.41323575, 0.57668507, 1.8364733, 0.35519361, 2.6766567, 1.8752058, 1.6697565, 0.62717193, 0.32985918E-1
0.41331702, 0.57668883, 1.8350087, 0.35521016, 2.2533858, 1.5786366, 1.4061196, 0.52831405, 0.27786622E-1
0.42768642, 0.57669067, 1.8331844, 0.35521567, 1.6264323, 1.1392744, 1.0146402, 0.38132006, 0.20055549E-1
0.42581978, 0.57669270, 1.8318468, 0.35522795, 1.3893473, 0.97300923, 0.86617142, 0.32558510, 0.17124208E-1
0.43361866, 0.57669264, 1.8299681, 0.35522664, 1.3488851, 0.94446290, 0.84029335, 0.31591195, 0.16615489E-1
0.43298596, 0.57668996, 1.8272455, 0.35520655, 1.3642086, 0.95497602, 0.84915292, 0.31929675, 0.16793549E-1
0.43567210, 0.57668656, 1.8242594, 0.35517991, 1.4439595, 1.0105891, 0.89813018, 0.33777159, 0.17765285E-1
0.46340397, 0.57668102, 1.8205631, 0.35513809, 1.3877844, 0.97107011, 0.86255497, 0.32444888, 0.17064612E-1
0.50957751, 0.57667303, 1.8158773, 0.35507545, 1.0143552, 0.70959628, 0.62985027, 0.23695238, 0.12462703E-1
0.57964581, 0.57666343, 1.8106279, 0.35500050, 0.98761463, 0.69069624, 0.61252505, 0.23046237, 0.12121376E-1
0.65587956, 0.57665235, 1.8048030, 0.35491303, 0.96600401, 0.67539096, 0.59838039, 0.22516668, 0.11842866E-1
0.73031563, 0.57663971, 1.7983881, 0.35481286, 0.93986273, 0.65692586, 0.58142942, 0.21881270, 0.11508694E-1
0.78090894, 0.57662576, 1.7915303, 0.35470283, 0.90481079, 0.63224339, 0.55898446, 0.21038845, 0.11065630E-1
0.82933903, 0.57661152, 1.7845808, 0.35458997, 0.94906420, 0.66297507, 0.58551252, 0.22039631, 0.11592028E-1
0.87198168, 0.57659674, 1.7774278, 0.35447192, 0.96915507, 0.67682487, 0.59710592, 0.22478466, 0.11822863E-1
0.92696917, 0.57658082, 1.7699174, 0.35434574, 0.92944086, 0.64890891, 0.57183218, 0.21529302, 0.11323658E-1
0.96631354, 0.57656419, 1.7621268, 0.35421309, 0.91088462, 0.63577694, 0.55961108, 0.21071318, 0.11082793E-1
1.0013491, 0.57654673, 1.7541283, 0.35407522, 0.88302368, 0.61615843, 0.54169410, 0.20398663, 0.10729020E-1
1.0230063, 0.57652932, 1.7460200, 0.35393390, 0.82981223, 0.57886767, 0.50829136, 0.19142562, 0.10068371E-1
1.0479668, 0.57651150, 1.7379171, 0.35379180, 0.92486280, 0.64499283, 0.56564677, 0.21304551, 0.11205530E-1
1.0322032, 0.57649314, 1.7297564, 0.35364732, 0.81722617, 0.56977397, 0.49906906, 0.18798663, 0.98875314E-2
1.0670549, 0.57647586, 1.7220429, 0.35351056, 0.88240546, 0.61504799, 0.53805399, 0.20268872, 0.10660831E-1
1.1340768, 0.57645690, 1.7135655, 0.35335767, 0.86689723, 0.60407674, 0.52778757, 0.19883877, 0.10458347E-1
1.1729945, 0.57643700, 1.7047267, 0.35319659, 0.72973514, 0.50835955, 0.44356886, 0.16712345, 0.87902239E-2
1.2236725, 0.57641625, 1.6956332, 0.35302937, 0.62367243, 0.43434480, 0.37843570, 0.14259270, 0.74999793E-2
1.2218649, 0.57639527, 1.6864853, 0.35285971, 0.64959872, 0.45226613, 0.39346159, 0.14826337, 0.77982442E-2
1.2125623, 0.57637423, 1.6774462, 0.35269096, 0.64073408, 0.44596630, 0.38741717, 0.14599453, 0.76789153E-2
1.2264696, 0.57635331, 1.6684674, 0.35252208, 0.67666590, 0.47084263, 0.40843374, 0.15392374, 0.80959722E-2
1.2308720, 0.57633221, 1.6595192, 0.35235268, 0.67018217, 0.46620172, 0.40382361, 0.15219551, 0.80050770E-2
1.2363379, 0.57631111, 1.6505966, 0.35218245, 0.65266865, 0.45389372, 0.39259219, 0.14797117, 0.77828914E-2
1.2438742, 0.57628977, 1.6416844, 0.35201117, 0.68719327, 0.47777462, 0.41265255, 0.15554106, 0.81810504E-2
1.2523683, 0.57626814, 1.6327808, 0.35183898, 0.68290651, 0.47466832, 0.40937987, 0.15431634, 0.81166374E-2
1.2501160, 0.57624644, 1.6238452, 0.35166490, 0.69265938, 0.48132354, 0.41453326, 0.15626775, 0.82192793E-2
1.2660862, 0.57622427, 1.6148219, 0.35148787, 0.62131172, 0.43163469, 0.37121314, 0.13994467, 0.73607289E-2
1.2709193, 0.57620186, 1.6057576, 0.35130888, 0.63232380, 0.43916953, 0.37713709, 0.14218502, 0.74785668E-2
1.2621932, 0.57617939, 1.5967054, 0.35112888, 0.65798944, 0.45688033, 0.39178520, 0.14771484, 0.77694249E-2
1.2670321, 0.57615685, 1.5876572, 0.35094768, 0.64274597, 0.44618443, 0.38206354, 0.14405653, 0.75770081E-2
1.2869666, 0.57613385, 1.5785484, 0.35076413, 0.65688074, 0.45588464, 0.38980937, 0.14698407, 0.77309930E-2
1.3176510, 0.57611060, 1.5692910, 0.35057646, 0.61960745, 0.42991206, 0.36706734, 0.13841511, 0.72802878E-2
1.3671440, 0.57608658, 1.5598599, 0.35038421, 0.59504277, 0.41276607, 0.35189727, 0.13270031, 0.69797067E-2
1.3058382, 0.57606268, 1.5504073, 0.35019028, 0.68933308, 0.47806221, 0.40698013, 0.15347862, 0.80725998E-2
1.2916214, 0.57603872, 1.5409839, 0.34999564, 0.63873470, 0.44287333, 0.37650263, 0.14199133, 0.74683973E-2
1.3016987, 0.57601428, 1.5315217, 0.34979892, 0.80692214, 0.55936778, 0.47488952, 0.17910439, 0.94204564E-2
1.3102647, 0.57598943, 1.5220003, 0.34959984, 0.83346701, 0.57765681, 0.48978269, 0.18473071, 0.97163916E-2
1.3059204, 0.57596451, 1.5124319, 0.34939852, 0.75227118, 0.52128321, 0.44142130, 0.16649841, 0.87574208E-2
1.1225946, 0.57594055, 1.5033226, 0.34920499, 0.71027184, 0.49208272, 0.41614729, 0.15697220, 0.82563683E-2
0.70292652, 0.57593465, 1.5025830, 0.34917298, 0.79121178, 0.54805768, 0.46300274, 0.17465383, 0.91863805E-2
0.70720279, 0.57593507, 1.5048176, 0.34919909, 0.89090228, 0.61700511, 0.52077973, 0.19645786, 0.10333222E-1
0.86449999, 0.57592952, 1.5042108, 0.34916991, 0.80827409, 0.55968523, 0.47196081, 0.17804983, 0.93650063E-2
1.1075032, 0.57591414, 1.4992412, 0.34905559, 0.72941864, 0.50498897, 0.42536673, 0.16047865, 0.84408065E-2
1.3584692, 0.57589048, 1.4904145, 0.34886572, 0.49428928, 0.34213367, 0.28779489, 0.10858032, 0.57110735E-2
1.4887111, 0.57586408, 1.4804308, 0.34865224, 0.42409372, 0.29347685, 0.24646839, 0.92990667E-1, 0.48910948E-2
1.4218973, 0.57583773, 1.4704256, 0.34843707, 0.50654203, 0.35045132, 0.29384503, 0.11086808, 0.58314041E-2
1.3804692, 0.57581168, 1.4606988, 0.34822595, 0.47134149, 0.32602686, 0.27295023, 0.10298681, 0.54168678E-2
1.3984089, 0.57578534, 1.4509279, 0.34801269, 0.49617922, 0.34313244, 0.28682908, 0.10822576, 0.56924261E-2
1.3675697, 0.57575917, 1.4411786, 0.34779853, 0.49727374, 0.34381706, 0.28696862, 0.10828076, 0.56953183E-2
1.3592877, 0.57573307, 1.4315046, 0.34758455, 0.47571647, 0.32884437, 0.27406222, 0.10341290, 0.54392805E-2
1.3861290, 0.57570648, 1.4218776, 0.34737021, 0.49786618, 0.34408432, 0.28632626, 0.10804264, 0.56827925E-2
1.4266113, 0.57567978, 1.4122684, 0.34715486, 0.43498591, 0.30056545, 0.24973042, 0.94235189E-1, 0.49565542E-2
1.4271054, 0.57565290, 1.4026659, 0.34693840, 0.43564901, 0.30096194, 0.24967159, 0.94214454E-1, 0.49554636E-2
1.4484520, 0.57562584, 1.3930670, 0.34672078, 0.42209789, 0.29154128, 0.24147852, 0.91124125E-1, 0.47929189E-2
1.4819194, 0.57559854, 1.3834502, 0.34650156, 0.43209371, 0.29838648, 0.24676204, 0.93119197E-1, 0.48978552E-2
1.4699225, 0.57557130, 1.3738313, 0.34628105, 0.44365168, 0.30630830, 0.25291312, 0.95441662E-1, 0.50200112E-2
1.4007533, 0.57554394, 1.3642820, 0.34606051, 0.46505734, 0.32102790, 0.26466686, 0.99878423E-1, 0.52533755E-2
1.3583908, 0.57551658, 1.3548082, 0.34584028, 0.49011740, 0.33826670, 0.27847242, 0.10508963, 0.55274721E-2
1.3121920, 0.57548922, 1.3453925, 0.34561995, 0.49427953, 0.34108174, 0.28039646, 0.10581701, 0.55657309E-2
1.3000097, 0.57546186, 1.3360163, 0.34539917, 0.47746310, 0.32942164, 0.27042943, 0.10205679, 0.53679515E-2
1.3287592, 0.57543457, 1.3266691, 0.34517762, 0.45666185, 0.31501696, 0.25823650, 0.97456306E-1, 0.51259766E-2
1.3463542, 0.57540709, 1.3173368, 0.34495518, 0.46361586, 0.31976131, 0.26175171, 0.98783828E-1, 0.51958016E-2
1.4067160, 0.57537937, 1.3080021, 0.34473160, 0.43633235, 0.30089432, 0.24594997, 0.92821077E-1, 0.48821745E-2
1.3873608, 0.57535136, 1.2986881, 0.34450707, 0.39039379, 0.26917142, 0.21970028, 0.82915090E-1, 0.43611424E-2
1.3943076, 0.57532322, 1.2893951, 0.34428179, 0.45938593, 0.31668836, 0.25809374, 0.97405411E-1, 0.51233005E-2
1.2617031, 0.57529515, 1.2802007, 0.34405729, 0.51937640, 0.35799319, 0.29136649, 0.10996336, 0.57838187E-2
1.4252684, 0.57526678, 1.2710071, 0.34383151, 0.41752309, 0.28774589, 0.23386258, 0.88261530E-1, 0.46423534E-2
1.4018886, 0.57523829, 1.2618091, 0.34360451, 0.43618661, 0.30056334, 0.24392471, 0.92059441E-1, 0.48421151E-2
1.4890194, 0.57520968, 1.2526218, 0.34337646, 0.36182395, 0.24928461, 0.20200680, 0.76239489E-1, 0.40100212E-2
1.5056247, 0.57518113, 1.2434440, 0.34314746, 0.33712161, 0.23222950, 0.18789455, 0.70913531E-1, 0.37298882E-2
1.4184734, 0.57515264, 1.2343332, 0.34291857, 0.36966652, 0.25460973, 0.20568891, 0.77629484E-1, 0.40831314E-2
1.4589753, 0.57512408, 1.2252582, 0.34268928, 0.38686806, 0.26641813, 0.21489871, 0.81105463E-1, 0.42659598E-2
1.2840757, 0.57509547, 1.2162633, 0.34246027, 0.42808408, 0.29476306, 0.23743540, 0.89611113E-1, 0.47133383E-2
1.4139110, 0.57506698, 1.2072989, 0.34223074, 0.35570207, 0.24489002, 0.19697700, 0.74341595E-1, 0.39101969E-2
1.5039605, 0.57503843, 1.1983327, 0.34199995, 0.34317237, 0.23623106, 0.18972634, 0.71605079E-1, 0.37662620E-2
1.4443570, 0.57500994, 1.1893971, 0.34176862, 0.35827088, 0.24659128, 0.19774821, 0.74632548E-1, 0.39255000E-2
1.3794158, 0.57498139, 1.1805210, 0.34153733, 0.32682246, 0.22491647, 0.18010449, 0.67973450E-1, 0.35752468E-2
1.3889631, 0.57495290, 1.1716872, 0.34130582, 0.33149815, 0.22810453, 0.18239176, 0.68836547E-1, 0.36206436E-2
1.3106205, 0.57492435, 1.1628978, 0.34107387, 0.38162443, 0.26256400, 0.20964748, 0.79122894E-1, 0.41616820E-2
1.2647549, 0.57489580, 1.1541536, 0.34084174, 0.38107282, 0.26215473, 0.20904137, 0.78893833E-1, 0.41496339E-2
1.1876386, 0.57486725, 1.1454504, 0.34060931, 0.44374344, 0.30523530, 0.24307650, 0.91738522E-1, 0.48252353E-2
1.1738999, 0.57483846, 1.1367865, 0.34037653, 0.48108751, 0.33089101, 0.26318362, 0.99326469E-1, 0.52243434E-2
1.2434270, 0.57480884, 1.1281682, 0.34014344, 0.43603641, 0.29987702, 0.23822150, 0.89905091E-1, 0.47288011E-2
1.3483512, 0.57477909, 1.1196138, 0.33991066, 0.36266637, 0.24939239, 0.19784805, 0.74667655E-1, 0.39273463E-2
1.3267671, 0.57474941, 1.1111240, 0.33967787, 0.40439409, 0.27805912, 0.22028908, 0.83136328E-1, 0.43727788E-2
1.1771017, 0.57471961, 1.1026988, 0.33944523, 0.44062531, 0.30294442, 0.23970316, 0.90462416E-1, 0.47581149E-2
