0.20956645E-5, 0.10280979E-7, 0.66218045E-5, 0.95098142E-6, 0.19673230E-2, 0.13900934E-2, 0.10050782E-1, 0.16126670E-2, 0.76928125E-4
0.20955206E-5, 0.10286958E-7, 0.65949935E-5, 0.95033027E-6, 0.20989913E-2, 0.14834933E-2, 0.10744595E-1, 0.17231504E-2, 0.82197977E-4
0.20937343E-5, 0.10286986E-7, 0.65569593E-5, 0.94967982E-6, 0.20798291E-2, 0.14703246E-2, 0.10668227E-1, 0.17100461E-2, 0.81572383E-4
0.20918371E-5, 0.10286982E-7, 0.65184804E-5, 0.94902924E-6, 0.23456970E-2, 0.16587271E-2, 0.12057975E-1, 0.19317949E-2, 0.92149618E-4
0.20893804E-5, 0.10286792E-7, 0.64764413E-5, 0.94837947E-6, 0.23906969E-2, 0.16910358E-2, 0.12317537E-1, 0.19722830E-2, 0.94080293E-4
0.20864120E-5, 0.10286429E-7, 0.64311766E-5, 0.94773037E-6, 0.19011270E-2, 0.13450969E-2, 0.98156184E-2, 0.15708867E-2, 0.74932745E-4
0.20840598E-5, 0.10286270E-7, 0.63921043E-5, 0.94708122E-6, 0.11440701E-2, 0.80961251E-3, 0.59157694E-2, 0.94641658E-3, 0.45144749E-4
0.20831239E-5, 0.10286567E-7, 0.63662487E-5, 0.94643269E-6, 0.67869114E-3, 0.48033631E-3, 0.35125122E-2, 0.56181918E-3, 0.26799114E-4
0.20827008E-5, 0.10287037E-7, 0.63463399E-5, 0.94578490E-6, 0.67276263E-3, 0.47617944E-3, 0.34841003E-2, 0.55718800E-3, 0.26578162E-4
0.20825998E-5, 0.10287611E-7, 0.63304210E-5, 0.94513729E-6, 0.67101174E-3, 0.47497891E-3, 0.34772903E-2, 0.55601244E-3, 0.26522077E-4
0.20821419E-5, 0.10288065E-7, 0.63118214E-5, 0.94448995E-6, 0.49054180E-3, 0.34725713E-3, 0.25435032E-2, 0.40664672E-3, 0.19397239E-4
0.20814639E-5, 0.10288450E-7, 0.62917720E-5, 0.94384347E-6, 0.64739893E-3, 0.45832811E-3, 0.33586251E-2, 0.53689675E-3, 0.25610219E-4
0.20807870E-5, 0.10288835E-7, 0.62723389E-5, 0.94319711E-6, 0.69346058E-3, 0.49097760E-3, 0.35999010E-2, 0.57537842E-3, 0.27445782E-4
0.20806610E-5, 0.10289400E-7, 0.62588479E-5, 0.94255114E-6, 0.41378665E-3, 0.29298590E-3, 0.21492415E-2, 0.34347197E-3, 0.16383738E-4
0.20808930E-5, 0.10290080E-7, 0.62493100E-5, 0.94190608E-6, 0.85014472E-3, 0.60199836E-3, 0.44183242E-2, 0.70599728E-3, 0.33676304E-4
0.20818968E-5, 0.10291011E-7, 0.62479571E-5, 0.94126108E-6, 0.74114470E-3, 0.52486575E-3, 0.38548305E-2, 0.61584491E-3, 0.29375957E-4
0.20827677E-5, 0.10291900E-7, 0.62453964E-5, 0.94061642E-6, 0.65789843E-3, 0.46595215E-3, 0.34241753E-2, 0.54695614E-3, 0.26089923E-4
0.20827645E-5, 0.10292506E-7, 0.62339604E-5, 0.93997255E-6, 0.62718592E-3, 0.44423493E-3, 0.32663373E-2, 0.52166864E-3, 0.24883680E-4
0.20818864E-5, 0.10292825E-7, 0.62136487E-5, 0.93932897E-6, 0.63976500E-3, 0.45317964E-3, 0.33338775E-2, 0.53237966E-3, 0.25394565E-4
0.20811249E-5, 0.10293181E-7, 0.61948062E-5, 0.93868550E-6, 0.57849713E-3, 0.40981136E-3, 0.30164034E-2, 0.48161563E-3, 0.22973094E-4
0.20807342E-5, 0.10293657E-7, 0.61800088E-5, 0.93804306E-6, 0.70043560E-3, 0.49623201E-3, 0.36544572E-2, 0.58340735E-3, 0.27828539E-4
0.20804107E-5, 0.10294158E-7, 0.61660476E-5, 0.93740061E-6, 0.67663658E-3, 0.47941180E-3, 0.35326374E-2, 0.56387228E-3, 0.26896687E-4
0.20797163E-5, 0.10294536E-7, 0.61483365E-5, 0.93675868E-6, 0.79703151E-3, 0.56476472E-3, 0.41641216E-2, 0.66456030E-3, 0.31699474E-4
0.20785985E-5, 0.10294777E-7, 0.61263427E-5, 0.93611749E-6, 0.60181320E-3, 0.42647315E-3, 0.31463483E-2, 0.50205243E-3, 0.23947829E-4
0.20774999E-5, 0.10295020E-7, 0.61047040E-5, 0.93547652E-6, 0.88854466E-3, 0.62972115E-3, 0.46486938E-2, 0.74165594E-3, 0.35376841E-4
0.20763946E-5, 0.10295260E-7, 0.60831503E-5, 0.93483573E-6, 0.87038032E-3, 0.61691483E-3, 0.45575234E-2, 0.72696886E-3, 0.34676224E-4
0.20751343E-5, 0.10295450E-7, 0.60601260E-5, 0.93419590E-6, 0.86896023E-3, 0.61597413E-3, 0.45538996E-2, 0.72625122E-3, 0.34641937E-4
0.20737189E-5, 0.10295588E-7, 0.60356138E-5, 0.93355641E-6, 0.66374475E-3, 0.47054945E-3, 0.34810479E-2, 0.55505877E-3, 0.26476082E-4
0.20719622E-5, 0.10295612E-7, 0.60076654E-5, 0.93291675E-6, 0.76489517E-3, 0.54230477E-3, 0.40142508E-2, 0.63997984E-3, 0.30526749E-4
0.20700068E-5, 0.10295572E-7, 0.59778022E-5, 0.93227811E-6, 0.74514264E-3, 0.52834966E-3, 0.39134398E-2, 0.62380423E-3, 0.29755147E-4
0.20681573E-5, 0.10295564E-7, 0.59492590E-5, 0.93164005E-6, 0.98075310E-3, 0.69548469E-3, 0.51550833E-2, 0.82156959E-3, 0.39188402E-4
0.20663379E-5, 0.10295562E-7, 0.59212266E-5, 0.93100175E-6, 0.10227888E-2, 0.72538317E-3, 0.53812056E-2, 0.85742067E-3, 0.40898391E-4
0.20645111E-5, 0.10295564E-7, 0.58933015E-5, 0.93036454E-6, 0.95582346E-3, 0.67797315E-3, 0.50337035E-2, 0.80187788E-3, 0.38248963E-4
0.20626449E-5, 0.10295551E-7, 0.58651426E-5, 0.92972755E-6, 0.89071313E-3, 0.63186232E-3, 0.46950039E-2, 0.74777246E-3, 0.35668112E-4
0.20606587E-5, 0.10295498E-7, 0.58359019E-5, 0.92909073E-6, 0.96639496E-3, 0.68562810E-3, 0.50984351E-2, 0.81186619E-3, 0.38725258E-4
0.20586010E-5, 0.10295420E-7, 0.58060964E-5, 0.92845471E-6, 0.10409503E-2, 0.73861436E-3, 0.54970467E-2, 0.87515329E-3, 0.41743919E-4
0.20564723E-5, 0.10295313E-7, 0.57757270E-5, 0.92781914E-6, 0.10644323E-2, 0.75537432E-3, 0.56267362E-2, 0.89559925E-3, 0.42719093E-4
0.20542866E-5, 0.10295190E-7, 0.57449602E-5, 0.92718369E-6, 0.11095041E-2, 0.78746566E-3, 0.58711106E-2, 0.93428046E-3, 0.44564043E-4
0.20520235E-5, 0.10295043E-7, 0.57135699E-5, 0.92654869E-6, 0.79238095E-3, 0.56245673E-3, 0.41969265E-2, 0.66772685E-3, 0.31849708E-4
0.20499183E-5, 0.10294944E-7, 0.56840113E-5, 0.92591461E-6, 0.62190567E-3, 0.44148730E-3, 0.32962556E-2, 0.52435143E-3, 0.25010857E-4
0.20504610E-5, 0.10295704E-7, 0.56790586E-5, 0.92528057E-6, 0.12484238E-2, 0.88634994E-3, 0.66228067E-2, 0.10533184E-2, 0.50241768E-4
0.20520913E-5, 0.10296822E-7, 0.56770400E-5, 0.92464683E-6, 0.18801412E-2, 0.13351103E-2, 0.99888230E-2, 0.15881519E-2, 0.75752258E-4
0.20533489E-5, 0.10297815E-7, 0.56737717E-5, 0.92401388E-6, 0.13830781E-2, 0.98234217E-3, 0.73596695E-2, 0.11697354E-2, 0.55794237E-4
0.20545224E-5, 0.10298783E-7, 0.56726089E-5, 0.92338121E-6, 0.12986854E-2, 0.92255580E-3, 0.69194855E-2, 0.10994703E-2, 0.52442512E-4
0.20560624E-5, 0.10299871E-7, 0.56769723E-5, 0.92274871E-6, 0.14211623E-2, 0.10097310E-2, 0.75818701E-2, 0.12043871E-2, 0.57446588E-4
0.20579278E-5, 0.10301068E-7, 0.56858985E-5, 0.92211718E-6, 0.14036250E-2, 0.99744683E-3, 0.74984469E-2, 0.11907929E-2, 0.56797951E-4
0.20599582E-5, 0.10302318E-7, 0.56975587E-5, 0.92148576E-6, 0.11835293E-2, 0.84117980E-3, 0.63305791E-2, 0.10050629E-2, 0.47938916E-4
0.41536046E-5, 0.10302727E-7, 0.56835697E-5, 0.92085457E-6, 0.11366878E-2, 0.80800534E-3, 0.60867961E-2, 0.96613256E-3, 0.46081914E-4
0.85159663E-5, 0.10302212E-7, 0.56407921E-5, 0.92022424E-6, 0.10588368E-2, 0.75276912E-3, 0.56758597E-2, 0.90070802E-3, 0.42961237E-4
0.12871094E-4, 0.10301716E-7, 0.55983792E-5, 0.91959424E-6, 0.95327344E-3, 0.67780563E-3, 0.51149288E-2, 0.81152871E-3, 0.38707552E-4
0.17219003E-4, 0.10301224E-7, 0.55563683E-5, 0.91896430E-6, 0.10591391E-2, 0.75317390E-3, 0.56884019E-2, 0.90233464E-3, 0.43038664E-4
0.21559701E-4, 0.10300742E-7, 0.55147275E-5, 0.91833527E-6, 0.11119775E-2, 0.79085585E-3, 0.59783612E-2, 0.94812573E-3, 0.45222667E-4
0.25893196E-4, 0.10300261E-7, 0.54733932E-5, 0.91770659E-6, 0.11637192E-2, 0.82777330E-3, 0.62633161E-2, 0.99309417E-3, 0.47367426E-4
0.30219509E-4, 0.10299797E-7, 0.54324214E-5, 0.91707795E-6, 0.10979908E-2, 0.78113156E-3, 0.59159608E-2, 0.93780848E-3, 0.44730372E-4
0.34538651E-4, 0.10299342E-7, 0.53918216E-5, 0.91645012E-6, 0.90630283E-3, 0.64484333E-3, 0.48878598E-2, 0.77467813E-3, 0.36949506E-4
0.38850740E-4, 0.10299055E-7, 0.53526633E-5, 0.91582274E-6, 0.83525479E-3, 0.59435744E-3, 0.45084385E-2, 0.71442092E-3, 0.34075383E-4
0.43155891E-4, 0.10299073E-7, 0.53158801E-5, 0.91519547E-6, 0.78930735E-3, 0.56171912E-3, 0.42637112E-2, 0.67553436E-3, 0.32220538E-4
0.47453854E-4, 0.10299080E-7, 0.52790760E-5, 0.91456872E-6, 0.63575967E-3, 0.45248613E-3, 0.34365917E-2, 0.54441206E-3, 0.25966419E-4
0.51744562E-4, 0.10298910E-7, 0.52412629E-5, 0.91394264E-6, 0.59403427E-3, 0.42282179E-3, 0.32129018E-2, 0.50891499E-3, 0.24273328E-4
0.56028108E-4, 0.10298686E-7, 0.52033047E-5, 0.91331674E-6, 0.70516841E-3, 0.50196535E-3, 0.38162994E-2, 0.60441572E-3, 0.28828335E-4
0.60304505E-4, 0.10298421E-7, 0.51653028E-5, 0.91269129E-6, 0.65646303E-3, 0.46733496E-3, 0.35549840E-2, 0.56295516E-3, 0.26850796E-4
0.64574037E-4, 0.10298594E-7, 0.51297616E-5, 0.91206653E-6, 0.64977986E-3, 0.46261513E-3, 0.35209514E-2, 0.55749557E-3, 0.26590371E-4
0.68836656E-4, 0.10299178E-7, 0.50962876E-5, 0.91144193E-6, 0.72372251E-3, 0.51530334E-3, 0.39241365E-2, 0.62125298E-3, 0.29631310E-4
0.73092851E-4, 0.10301202E-7, 0.50692465E-5, 0.91081773E-6, 0.94486336E-3, 0.67282963E-3, 0.51271892E-2, 0.81158755E-3, 0.38709419E-4
0.77342745E-4, 0.10305032E-7, 0.50486228E-5, 0.91019444E-6, 0.16135870E-2, 0.11492051E-2, 0.87663634E-2, 0.13873046E-2, 0.66168555E-4
0.81587670E-4, 0.10313921E-7, 0.50440076E-5, 0.90957110E-6, 0.16178202E-2, 0.11524572E-2, 0.88028517E-2, 0.13926544E-2, 0.66423439E-4
0.85824657E-4, 0.10320924E-7, 0.50334588E-5, 0.90894781E-6, 0.13403678E-2, 0.95499377E-3, 0.73034172E-2, 0.11551151E-2, 0.55093682E-4
0.90054047E-4, 0.10326811E-7, 0.50189437E-5, 0.90832566E-6, 0.13931533E-2, 0.99277438E-3, 0.76007908E-2, 0.12018429E-2, 0.57322206E-4
0.94275907E-4, 0.10331573E-7, 0.50004978E-5, 0.90770419E-6, 0.11588973E-2, 0.82597579E-3, 0.63303625E-2, 0.10007246E-2, 0.47729649E-4
0.98490593E-4, 0.10336076E-7, 0.49810083E-5, 0.90708215E-6, 0.11611982E-2, 0.82773750E-3, 0.63498397E-2, 0.10035892E-2, 0.47866146E-4
0.10269816E-3, 0.10340347E-7, 0.49605464E-5, 0.90646131E-6, 0.12909301E-2, 0.92035678E-3, 0.70673362E-2, 0.11167405E-2, 0.53262720E-4
0.10690015E-3, 0.10348797E-7, 0.49490941E-5, 0.90584064E-6, 0.22994867E-2, 0.16397666E-2, 0.12609733E-1, 0.19918801E-2, 0.95001888E-4
0.11109978E-3, 0.10370653E-7, 0.49694304E-5, 0.90522019E-6, 0.24733003E-2, 0.17642531E-2, 0.13593588E-1, 0.21463698E-2, 0.10236955E-3
0.11529037E-3, 0.10387076E-7, 0.49778528E-5, 0.90460054E-6, 0.24408232E-2, 0.17416335E-2, 0.13446160E-1, 0.21221661E-2, 0.10121451E-3
0.11947185E-3, 0.10397290E-7, 0.49716873E-5, 0.90398134E-6, 0.18887266E-2, 0.13480654E-2, 0.10426117E-1, 0.16448903E-2, 0.78450903E-4
0.12364527E-3, 0.10404257E-7, 0.49569712E-5, 0.90336221E-6, 0.15911120E-2, 0.11358992E-2, 0.87976316E-2, 0.13875472E-2, 0.66176959E-4
0.12781133E-3, 0.10410015E-7, 0.49387936E-5, 0.90274364E-6, 0.16399721E-2, 0.11710234E-2, 0.90814941E-2, 0.14319167E-2, 0.68292837E-4
0.12969383E-3, 0.10414641E-7, 0.49173354E-5, 0.90212575E-6, 0.13860783E-2, 0.98992384E-3, 0.76864683E-2, 0.12116401E-2, 0.57786892E-4
0.12947993E-3, 0.10418303E-7, 0.48931979E-5, 0.90150792E-6, 0.14920370E-2, 0.10657945E-2, 0.82851034E-2, 0.13056858E-2, 0.62271982E-4
0.12926609E-3, 0.10420873E-7, 0.48659385E-5, 0.90089048E-6, 0.69946412E-3, 0.49971428E-3, 0.38880836E-2, 0.61262352E-3, 0.29217736E-4
0.12905235E-3, 0.10422680E-7, 0.48365191E-5, 0.90027396E-6, 0.60957763E-3, 0.43553355E-3, 0.33904607E-2, 0.53415587E-3, 0.25475380E-4
0.12883886E-3, 0.10424259E-7, 0.48066263E-5, 0.89965749E-6, 0.57079276E-3, 0.40785284E-3, 0.31764433E-2, 0.50038769E-3, 0.23864868E-4
0.12862573E-3, 0.10425808E-7, 0.47769054E-5, 0.89904114E-6, 0.70320844E-3, 0.50250918E-3, 0.39155805E-2, 0.61675854E-3, 0.29414898E-4
0.12841303E-3, 0.10427490E-7, 0.47478643E-5, 0.89842592E-6, 0.90291549E-3, 0.64528460E-3, 0.50312635E-2, 0.79238758E-3, 0.37791076E-4
0.12820064E-3, 0.10429013E-7, 0.47185581E-5, 0.89781082E-6, 0.11071976E-2, 0.79137948E-3, 0.61752484E-2, 0.97239460E-3, 0.46376015E-4
0.12798846E-3, 0.10430204E-7, 0.46884161E-5, 0.89719583E-6, 0.92180498E-3, 0.65895554E-3, 0.51461235E-2, 0.81020355E-3, 0.38640632E-4
0.12777663E-3, 0.10431288E-7, 0.46581767E-5, 0.89658158E-6, 0.11609579E-2, 0.83002442E-3, 0.64874045E-2, 0.10211999E-2, 0.48703478E-4
0.12756513E-3, 0.10432361E-7, 0.46281475E-5, 0.89596779E-6, 0.10518628E-2, 0.75213518E-3, 0.58838543E-2, 0.92602399E-3, 0.44164175E-4
0.12735397E-3, 0.10433425E-7, 0.45982979E-5, 0.89535416E-6, 0.14193626E-2, 0.10150757E-2, 0.79485392E-2, 0.12507234E-2, 0.59649610E-4
0.12714317E-3, 0.10434423E-7, 0.45684797E-5, 0.89474105E-6, 0.94317284E-3, 0.67462714E-3, 0.52877376E-2, 0.83187711E-3, 0.39673821E-4
0.12693266E-3, 0.10435345E-7, 0.45386473E-5, 0.89412873E-6, 0.11940579E-2, 0.85419492E-3, 0.67008138E-2, 0.10540050E-2, 0.50267394E-4
0.12672250E-3, 0.10436206E-7, 0.45088473E-5, 0.89351630E-6, 0.11719496E-2, 0.83850790E-3, 0.65839714E-2, 0.10354286E-2, 0.49381324E-4
0.12651265E-3, 0.10437004E-7, 0.44790672E-5, 0.89290432E-6, 0.11712221E-2, 0.83811488E-3, 0.65870397E-2, 0.10357171E-2, 0.49394937E-4
0.12630317E-3, 0.10437724E-7, 0.44492663E-5, 0.89229337E-6, 0.93500351E-3, 0.66917116E-3, 0.52636927E-2, 0.82750013E-3, 0.39464649E-4
0.12609393E-3, 0.10438320E-7, 0.44192907E-5, 0.89168225E-6, 0.79570775E-3, 0.56954258E-3, 0.44830865E-2, 0.70468476E-3, 0.33607350E-4
0.12588507E-3, 0.10438880E-7, 0.43894079E-5, 0.89107152E-6, 0.99563855E-3, 0.71272854E-3, 0.56140940E-2, 0.88234060E-3, 0.42079937E-4
0.12567652E-3, 0.10439404E-7, 0.43596592E-5, 0.89046159E-6, 0.87511900E-3, 0.62653108E-3, 0.49387971E-2, 0.77609229E-3, 0.37012760E-4
0.12546846E-3, 0.10440253E-7, 0.43311952E-5, 0.88985206E-6, 0.74987346E-3, 0.53691969E-3, 0.42351307E-2, 0.66543167E-3, 0.31735181E-4
0.12526206E-3, 0.10445347E-7, 0.43165155E-5, 0.88924241E-6, 0.83545916E-3, 0.59826107E-3, 0.47219191E-2, 0.74182602E-3, 0.35378413E-4
0.12505639E-3, 0.10451643E-7, 0.43057989E-5, 0.88863379E-6, 0.87461999E-3, 0.62637287E-3, 0.49471217E-2, 0.77710394E-3, 0.37060745E-4
0.12484974E-3, 0.10453788E-7, 0.42819738E-5, 0.88802551E-6, 0.10480181E-2, 0.75064716E-3, 0.59331055E-2, 0.93184679E-3, 0.44440494E-4
0.12464292E-3, 0.10454213E-7, 0.42527108E-5, 0.88741723E-6, 0.10683103E-2, 0.76528685E-3, 0.60538845E-2, 0.95066131E-3, 0.45337696E-4
0.12443638E-3, 0.10454506E-7, 0.42232346E-5, 0.88680946E-6, 0.14574556E-2, 0.10442211E-2, 0.82686013E-2, 0.12981987E-2, 0.61911836E-4
0.12423018E-3, 0.10454746E-7, 0.41938133E-5, 0.88620266E-6, 0.12651241E-2, 0.90658385E-3, 0.71865786E-2, 0.11280827E-2, 0.53798754E-4
0.12402429E-3, 0.10454936E-7, 0.41644485E-5, 0.88559568E-6, 0.83051843E-3, 0.59523020E-3, 0.47224518E-2, 0.74116775E-3, 0.35346511E-4
0.12381934E-3, 0.10457019E-7, 0.41414582E-5, 0.88498916E-6, 0.97854005E-3, 0.70139923E-3, 0.55687204E-2, 0.87386835E-3, 0.41674928E-4
0.12361833E-3, 0.10470306E-7, 0.41531034E-5, 0.88438338E-6, 0.12852437E-2, 0.92137506E-3, 0.73217438E-2, 0.11487679E-2, 0.54784778E-4
0.12341805E-3, 0.10484881E-7, 0.41686171E-5, 0.88377789E-6, 0.12830574E-2, 0.91996259E-3, 0.73179770E-2, 0.11479590E-2, 0.54746044E-4
0.12321594E-3, 0.10492676E-7, 0.41638505E-5, 0.88317256E-6, 0.89313299E-3, 0.64047566E-3, 0.50991839E-2, 0.79977175E-3, 0.38140930E-4
0.12301317E-3, 0.10497284E-7, 0.41492440E-5, 0.88256797E-6, 0.91902912E-3, 0.65912405E-3, 0.52513867E-2, 0.82353537E-3, 0.39274095E-4
0.12281012E-3, 0.10500041E-7, 0.41287976E-5, 0.88196384E-6, 0.10226660E-2, 0.73354499E-3, 0.58487649E-2, 0.91708859E-3, 0.43735519E-4
0.12260707E-3, 0.10501838E-7, 0.41053545E-5, 0.88135954E-6, 0.10387339E-2, 0.74517104E-3, 0.59462879E-2, 0.93224103E-3, 0.44458036E-4
0.12240424E-3, 0.10503177E-7, 0.40805617E-5, 0.88075632E-6, 0.11433713E-2, 0.82035357E-3, 0.65518515E-2, 0.10270179E-2, 0.48977807E-4
0.12220172E-3, 0.10504388E-7, 0.40555451E-5, 0.88015344E-6, 0.11728518E-2, 0.84163342E-3, 0.67279660E-2, 0.10544494E-2, 0.50285867E-4
0.12199950E-3, 0.10505482E-7, 0.40303189E-5, 0.87955061E-6, 0.95071853E-3, 0.68232778E-3, 0.54590995E-2, 0.85545459E-3, 0.40795847E-4
0.12179818E-3, 0.10508363E-7, 0.40111472E-5, 0.87894819E-6, 0.96787798E-3, 0.69473073E-3, 0.55625238E-2, 0.87154383E-3, 0.41563013E-4
0.12159933E-3, 0.10517913E-7, 0.40132563E-5, 0.87834673E-6, 0.11686016E-2, 0.83892536E-3, 0.67226947E-2, 0.10531637E-2, 0.50224131E-4
0.12140180E-3, 0.10530472E-7, 0.40240725E-5, 0.87774521E-6, 0.13041632E-2, 0.93639625E-3, 0.75111012E-2, 0.11764712E-2, 0.56104363E-4
0.12120446E-3, 0.10542624E-7, 0.40331779E-5, 0.87714386E-6, 0.12421943E-2, 0.89205254E-3, 0.71626119E-2, 0.11216892E-2, 0.53491734E-4
0.12100513E-3, 0.10547547E-7, 0.40204859E-5, 0.87654377E-6, 0.11323937E-2, 0.81332930E-3, 0.65366300E-2, 0.10234914E-2, 0.48808684E-4
0.12080537E-3, 0.10550058E-7, 0.40002856E-5, 0.87594361E-6, 0.10963709E-2, 0.78757270E-3, 0.63352128E-2, 0.99180231E-3, 0.47297355E-4
0.12060577E-3, 0.10552156E-7, 0.39788670E-5, 0.87534352E-6, 0.11122426E-2, 0.79909107E-3, 0.64334651E-2, 0.10070333E-2, 0.48023554E-4
0.12040914E-3, 0.10562270E-7, 0.39818474E-5, 0.87474422E-6, 0.17904302E-2, 0.12865807E-2, 0.10370003E-1, 0.16229070E-2, 0.77393190E-4
0.12022170E-3, 0.10599872E-7, 0.40441464E-5, 0.87414548E-6, 0.41441135E-2, 0.29790704E-2, 0.24067733E-1, 0.37651476E-2, 0.17955109E-3
0.12003364E-3, 0.10634456E-7, 0.40959681E-5, 0.87354681E-6, 0.37920149E-2, 0.27274177E-2, 0.22105038E-1, 0.34563143E-2, 0.16482192E-3
0.11984148E-3, 0.10655428E-7, 0.41201438E-5, 0.87294842E-6, 0.31800333E-2, 0.22883273E-2, 0.18598247E-1, 0.29067060E-2, 0.13861145E-3
0.11964674E-3, 0.10667530E-7, 0.41249837E-5, 0.87235122E-6, 0.26265094E-2, 0.18907583E-2, 0.15402715E-1, 0.24064076E-2, 0.11475303E-3
0.11945074E-3, 0.10674691E-7, 0.41175322E-5, 0.87175374E-6, 0.16561241E-2, 0.11925524E-2, 0.97316680E-2, 0.15199996E-2, 0.72483061E-4
0.11925444E-3, 0.10679932E-7, 0.41048947E-5, 0.87115649E-6, 0.20595358E-2, 0.14834120E-2, 0.12122803E-1, 0.18930520E-2, 0.90272217E-4
0.11905798E-3, 0.10683689E-7, 0.40879304E-5, 0.87056037E-6, 0.17623940E-2, 0.12697211E-2, 0.10392241E-1, 0.16224422E-2, 0.77367571E-4
0.11886152E-3, 0.10686565E-7, 0.40683631E-5, 0.86996442E-6, 0.18630686E-2, 0.13425804E-2, 0.11004225E-1, 0.17176213E-2, 0.81905928E-4
0.11866524E-3, 0.10688790E-7, 0.40468708E-5, 0.86936842E-6, 0.16196455E-2, 0.11674404E-2, 0.95819784E-2, 0.14953219E-2, 0.71305119E-4
0.11846913E-3, 0.10690587E-7, 0.40241493E-5, 0.86877327E-6, 0.15555056E-2, 0.11214503E-2, 0.92160227E-2, 0.14379504E-2, 0.68569068E-4
0.11827348E-3, 0.10692754E-7, 0.40027990E-5, 0.86817863E-6, 0.15722775E-2, 0.11337836E-2, 0.93288636E-2, 0.14552979E-2, 0.69396032E-4
0.11807874E-3, 0.10696682E-7, 0.39873566E-5, 0.86758394E-6, 0.15261463E-2, 0.11007502E-2, 0.90681091E-2, 0.14143737E-2, 0.67444344E-4
0.11788340E-3, 0.10697860E-7, 0.39630231E-5, 0.86698981E-6, 0.13829583E-2, 0.99767174E-3, 0.82283430E-2, 0.12831857E-2, 0.61188439E-4
0.11768824E-3, 0.10698619E-7, 0.39374845E-5, 0.86639648E-6, 0.15630274E-2, 0.11277993E-2, 0.93122488E-2, 0.14519846E-2, 0.69237336E-4
0.11749368E-3, 0.10700210E-7, 0.39148827E-5, 0.86580320E-6, 0.17048471E-2, 0.12304039E-2, 0.10172504E-1, 0.15858361E-2, 0.75619675E-4
0.11730041E-3, 0.10704719E-7, 0.39021206E-5, 0.86521004E-6, 0.15579882E-2, 0.11246667E-2, 0.93102874E-2, 0.14511654E-2, 0.69197755E-4
0.11710637E-3, 0.10705904E-7, 0.38784733E-5, 0.86461790E-6, 0.13223789E-2, 0.95477584E-3, 0.79128277E-2, 0.12331593E-2, 0.58802092E-4
0.11691243E-3, 0.10706446E-7, 0.38528565E-5, 0.86402599E-6, 0.15863886E-2, 0.11456209E-2, 0.95051993E-2, 0.14810957E-2, 0.70624475E-4
0.11671879E-3, 0.10706909E-7, 0.38271678E-5, 0.86343402E-6, 0.17859538E-2, 0.12900358E-2, 0.10717483E-1, 0.16697040E-2, 0.79617719E-4
0.11652545E-3, 0.10707279E-7, 0.38013500E-5, 0.86284297E-6, 0.14532058E-2, 0.10499203E-2, 0.87338099E-2, 0.13604353E-2, 0.64870386E-4
0.11633243E-3, 0.10707663E-7, 0.37757970E-5, 0.86225231E-6, 0.11712858E-2, 0.84639067E-3, 0.70480169E-2, 0.10976988E-2, 0.52342013E-4
0.11613966E-3, 0.10707915E-7, 0.37499531E-5, 0.86166193E-6, 0.12436333E-2, 0.89881895E-3, 0.74916030E-2, 0.11666454E-2, 0.55629458E-4
0.11594843E-3, 0.10711767E-7, 0.37359869E-5, 0.86107150E-6, 0.18033884E-2, 0.13036461E-2, 0.10878654E-1, 0.16938481E-2, 0.80767924E-4
0.11575987E-3, 0.10722802E-7, 0.37453583E-5, 0.86048232E-6, 0.20013582E-2, 0.14471359E-2, 0.12094023E-1, 0.18827366E-2, 0.89774381E-4
0.11557031E-3, 0.10729812E-7, 0.37420778E-5, 0.85989302E-6, 0.16741675E-2, 0.12108613E-2, 0.10134065E-1, 0.15773402E-2, 0.75211901E-4
0.11537913E-3, 0.10730947E-7, 0.37194916E-5, 0.85930424E-6, 0.12745028E-2, 0.92198869E-3, 0.77253417E-2, 0.12022600E-2, 0.57326870E-4
0.11518825E-3, 0.10732067E-7, 0.36971226E-5, 0.85871619E-6, 0.13363223E-2, 0.96688390E-3, 0.81097307E-2, 0.12619274E-2, 0.60171773E-4
0.11499736E-3, 0.10732146E-7, 0.36712918E-5, 0.85812820E-6, 0.12769522E-2, 0.92409522E-3, 0.77587380E-2, 0.12071646E-2, 0.57560377E-4
0.11480758E-3, 0.10734627E-7, 0.36537278E-5, 0.85754027E-6, 0.13977065E-2, 0.10116693E-2, 0.85028280E-2, 0.13227748E-2, 0.63072737E-4
0.11461839E-3, 0.10737898E-7, 0.36391807E-5, 0.85695325E-6, 0.96937962E-3, 0.70175953E-3, 0.59035770E-2, 0.91831363E-3, 0.43787044E-4
0.11442850E-3, 0.10738122E-7, 0.36142803E-5, 0.85636668E-6, 0.87036932E-3, 0.63016359E-3, 0.53050304E-2, 0.82514115E-3, 0.39344282E-4
0.11423876E-3, 0.10737899E-7, 0.35880289E-5, 0.85578029E-6, 0.86463243E-3, 0.62608538E-3, 0.52742059E-2, 0.82028308E-3, 0.39112587E-4
0.11404930E-3, 0.10737596E-7, 0.35616868E-5, 0.85519400E-6, 0.85932831E-3, 0.62231877E-3, 0.52459412E-2, 0.81582397E-3, 0.38899962E-4
0.11386014E-3, 0.10737227E-7, 0.35353137E-5, 0.85460874E-6, 0.85631583E-3, 0.62021054E-3, 0.52316114E-2, 0.81353262E-3, 0.38790709E-4
0.11367129E-3, 0.10736847E-7, 0.35090734E-5, 0.85402354E-6, 0.16509725E-2, 0.11959695E-2, 0.10097929E-1, 0.15700908E-2, 0.74864685E-4
0.11348276E-3, 0.10736445E-7, 0.34829725E-5, 0.85343856E-6, 0.12580828E-2, 0.91154489E-3, 0.77051618E-2, 0.11978981E-2, 0.57117744E-4
0.11329506E-3, 0.10737665E-7, 0.34626205E-5, 0.85285444E-6, 0.13201933E-2, 0.95671968E-3, 0.80950987E-2, 0.12583828E-2, 0.60001628E-4
0.11310942E-3, 0.10744056E-7, 0.34601944E-5, 0.85227066E-6, 0.12876554E-2, 0.93331083E-3, 0.79050297E-2, 0.12287028E-2, 0.58586291E-4
0.11292221E-3, 0.10744808E-7, 0.34384925E-5, 0.85168688E-6, 0.13982179E-2, 0.10136373E-2, 0.85942606E-2, 0.13356844E-2, 0.63687192E-4
0.11273693E-3, 0.10750510E-7, 0.34338423E-5, 0.85110355E-6, 0.16015953E-2, 0.11613205E-2, 0.98578930E-2, 0.15318869E-2, 0.73042145E-4
0.11255445E-3, 0.10763430E-7, 0.34530215E-5, 0.85052119E-6, 0.16324671E-2, 0.11839754E-2, 0.10062841E-1, 0.15635330E-2, 0.74550837E-4
0.11237327E-3, 0.10779299E-7, 0.34800094E-5, 0.84993866E-6, 0.17789148E-2, 0.12904987E-2, 0.10982726E-1, 0.17062339E-2, 0.81354716E-4
0.11219050E-3, 0.10789531E-7, 0.34897082E-5, 0.84935647E-6, 0.16096690E-2, 0.11680000E-2, 0.99533061E-2, 0.15461050E-2, 0.73719377E-4
0.11200576E-3, 0.10793072E-7, 0.34775796E-5, 0.84877513E-6, 0.15652087E-2, 0.11359933E-2, 0.96924556E-2, 0.15054055E-2, 0.71778552E-4
0.11182104E-3, 0.10795894E-7, 0.34630580E-5, 0.84819402E-6, 0.15926936E-2, 0.11561998E-2, 0.98769451E-2, 0.15338806E-2, 0.73135998E-4
0.11163799E-3, 0.10802581E-7, 0.34616432E-5, 0.84761308E-6, 0.18692246E-2, 0.13572753E-2, 0.11610141E-1, 0.18028183E-2, 0.85958738E-4
0.11145351E-3, 0.10804209E-7, 0.34430980E-5, 0.84703265E-6, 0.17329348E-2, 0.12586345E-2, 0.10781413E-1, 0.16739182E-2, 0.79812446E-4
0.11126903E-3, 0.10804946E-7, 0.34216155E-5, 0.84645296E-6, 0.15552046E-2, 0.11298138E-2, 0.96903360E-2, 0.15043437E-2, 0.71726914E-4
0.11108538E-3, 0.10807191E-7, 0.34056206E-5, 0.84587327E-6, 0.16856164E-2, 0.12248362E-2, 0.10518495E-1, 0.16327274E-2, 0.77847973E-4
0.11090152E-3, 0.10807918E-7, 0.33844030E-5, 0.84529381E-6, 0.10274596E-2, 0.74674003E-3, 0.64195958E-2, 0.99638558E-3, 0.47507234E-4
0.11072202E-3, 0.10820518E-7, 0.33964336E-5, 0.84471532E-6, 0.23407387E-2, 0.17016083E-2, 0.14647117E-1, 0.22731302E-2, 0.10838152E-3
0.11054942E-3, 0.10852423E-7, 0.34640618E-5, 0.84413705E-6, 0.25426187E-2, 0.18490129E-2, 0.15946222E-1, 0.24743525E-2, 0.11797512E-3
0.11037348E-3, 0.10873745E-7, 0.35041530E-5, 0.84355872E-6, 0.26644748E-2, 0.19383498E-2, 0.16750442E-1, 0.25987199E-2, 0.12390429E-3
0.11019590E-3, 0.10889349E-7, 0.35280607E-5, 0.84298119E-6, 0.25647588E-2, 0.18665101E-2, 0.16162375E-1, 0.25070901E-2, 0.11953493E-3
0.11001666E-3, 0.10899310E-7, 0.35358312E-5, 0.84240429E-6, 0.24362700E-2, 0.17736431E-2, 0.15388153E-1, 0.23866442E-2, 0.11379174E-3
0.10983791E-3, 0.10909738E-7, 0.35448872E-5, 0.84182739E-6, 0.20576732E-2, 0.14985084E-2, 0.13023894E-1, 0.20196994E-2, 0.96295960E-4
0.10965822E-3, 0.10916632E-7, 0.35432483E-5, 0.84125071E-6, 0.18671105E-2, 0.13601163E-2, 0.11839040E-1, 0.18357601E-2, 0.87525725E-4
0.10947794E-3, 0.10920993E-7, 0.35335515E-5, 0.84067506E-6, 0.15904979E-2, 0.11589057E-2, 0.10101119E-1, 0.15661351E-2, 0.74670243E-4
0.10929756E-3, 0.10924113E-7, 0.35198102E-5, 0.84009935E-6, 0.18485083E-2, 0.13472361E-2, 0.11758060E-1, 0.18228771E-2, 0.86910921E-4
0.10911858E-3, 0.10930396E-7, 0.35154524E-5, 0.83952386E-6, 0.25917958E-2, 0.18895663E-2, 0.16519336E-1, 0.25607497E-2, 0.12209055E-3
0.10894281E-3, 0.10945097E-7, 0.35342700E-5, 0.83894923E-6, 0.35786140E-2, 0.26101773E-2, 0.22873292E-1, 0.35451970E-2, 0.16902575E-3
0.10877282E-3, 0.10975651E-7, 0.35864271E-5, 0.83837494E-6, 0.56032077E-2, 0.40895930E-2, 0.35963733E-1, 0.55730096E-2, 0.26570450E-3
0.10859870E-3, 0.10993459E-7, 0.36111203E-5, 0.83780066E-6, 0.39411872E-2, 0.28785840E-2, 0.25409073E-1, 0.39366740E-2, 0.18768731E-3
0.10842195E-3, 0.11002864E-7, 0.36153156E-5, 0.83722693E-6, 0.32776850E-2, 0.23952522E-2, 0.21201978E-1, 0.32844257E-2, 0.15658942E-3
0.10824460E-3, 0.11009577E-7, 0.36120446E-5, 0.83665401E-6, 0.25580013E-2, 0.18701444E-2, 0.16591744E-1, 0.25699914E-2, 0.12252721E-3
0.10806845E-3, 0.11018966E-7, 0.36165266E-5, 0.83608103E-6, 0.37134495E-2, 0.27161294E-2, 0.24154544E-1, 0.37410781E-2, 0.17835922E-3
0.10789227E-3, 0.11027356E-7, 0.36180800E-5, 0.83550833E-6, 0.27294934E-2, 0.19974033E-2, 0.17807627E-1, 0.27578052E-2, 0.13148018E-3
0.10771517E-3, 0.11032281E-7, 0.36094239E-5, 0.83493643E-6, 0.24726558E-2, 0.18101557E-2, 0.16170545E-1, 0.25041078E-2, 0.11938445E-3
0.10753764E-3, 0.11035048E-7, 0.35938685E-5, 0.83436487E-6, 0.20947221E-2, 0.15340084E-2, 0.13727820E-1, 0.21257221E-2, 0.10134433E-3
0.10736013E-3, 0.11037016E-7, 0.35757353E-5, 0.83379342E-6, 0.19845180E-2, 0.14537474E-2, 0.13029895E-1, 0.20175593E-2, 0.96187345E-4
0.10718274E-3, 0.11038484E-7, 0.35560017E-5, 0.83322237E-6, 0.18915681E-2, 0.13860593E-2, 0.12441617E-1, 0.19263935E-2, 0.91840790E-4
0.10700541E-3, 0.11039372E-7, 0.35343560E-5, 0.83265212E-6, 0.20010178E-2, 0.14666849E-2, 0.13184789E-1, 0.20413878E-2, 0.97322933E-4
0.10682827E-3, 0.11039942E-7, 0.35117250E-5, 0.83208198E-6, 0.15901480E-2, 0.11658479E-2, 0.10494975E-1, 0.16248754E-2, 0.77465564E-4
0.10665140E-3, 0.11040467E-7, 0.34891332E-5, 0.83151190E-6, 0.16616611E-2, 0.12185760E-2, 0.10983189E-1, 0.17004184E-2, 0.81066930E-4
0.10647545E-3, 0.11042717E-7, 0.34727698E-5, 0.83094289E-6, 0.16372680E-2, 0.12009873E-2, 0.10838339E-1, 0.16779534E-2, 0.79995749E-4
0.10630140E-3, 0.11049602E-7, 0.34715169E-5, 0.83037406E-6, 0.18866945E-2, 0.13843157E-2, 0.12509499E-1, 0.19366342E-2, 0.92328002E-4
0.10612704E-3, 0.11054818E-7, 0.34656080E-5, 0.82980517E-6, 0.13748016E-2, 0.10089779E-2, 0.91291396E-2, 0.14132842E-2, 0.67377419E-4
0.10595503E-3, 0.11065801E-7, 0.34769337E-5, 0.82923691E-6, 0.21266325E-2, 0.15611610E-2, 0.14143855E-1, 0.21895778E-2, 0.10438640E-3
0.10578751E-3, 0.11088742E-7, 0.35179064E-5, 0.82866956E-6, 0.32412149E-2, 0.23803387E-2, 0.21609403E-1, 0.33452325E-2, 0.15948080E-3
0.10562284E-3, 0.11118944E-7, 0.35687956E-5, 0.82810215E-6, 0.40518995E-2, 0.29773542E-2, 0.27104657E-1, 0.41958480E-2, 0.20003201E-3
0.10545561E-3, 0.11141083E-7, 0.36011011E-5, 0.82753473E-6, 0.46790089E-2, 0.34404288E-2, 0.31423979E-1, 0.48644566E-2, 0.23190569E-3
0.10528474E-3, 0.11152143E-7, 0.36088984E-5, 0.82696835E-6, 0.32196650E-2, 0.23688441E-2, 0.21702718E-1, 0.33596253E-2, 0.16016430E-3
0.10511214E-3, 0.11157454E-7, 0.36014117E-5, 0.82640219E-6, 0.25975860E-2, 0.19120165E-2, 0.17556505E-1, 0.27178263E-2, 0.12956708E-3
0.10493898E-3, 0.11160479E-7, 0.35868582E-5, 0.82583620E-6, 0.21411381E-2, 0.15766154E-2, 0.14503025E-1, 0.22451740E-2, 0.10703396E-3
0.10476576E-3, 0.11162354E-7, 0.35685457E-5, 0.82527066E-6, 0.21760303E-2, 0.16028405E-2, 0.14768318E-1, 0.22862889E-2, 0.10899380E-3
0.10459263E-3, 0.11163797E-7, 0.35488681E-5, 0.82470581E-6, 0.16486323E-2, 0.12147282E-2, 0.11208745E-1, 0.17352675E-2, 0.82724902E-4
0.10442047E-3, 0.11166966E-7, 0.35352728E-5, 0.82414124E-6, 0.14693289E-2, 0.10828781E-2, 0.10003939E-1, 0.15487783E-2, 0.73834330E-4
0.10424815E-3, 0.11169005E-7, 0.35179353E-5, 0.82357650E-6, 0.14818056E-2, 0.10923225E-2, 0.10102398E-1, 0.15640530E-2, 0.74562442E-4
0.10407650E-3, 0.11172077E-7, 0.35043965E-5, 0.82301290E-6, 0.16461767E-2, 0.12137832E-2, 0.11238941E-1, 0.17400534E-2, 0.82952713E-4
0.10390539E-3, 0.11175897E-7, 0.34936402E-5, 0.82244952E-6, 0.16012188E-2, 0.11809322E-2, 0.10948163E-1, 0.16950802E-2, 0.80808626E-4
0.10373411E-3, 0.11178353E-7, 0.34782342E-5, 0.82188620E-6, 0.17773632E-2, 0.13111851E-2, 0.12171101E-1, 0.18844821E-2, 0.89837777E-4
0.10356422E-3, 0.11184080E-7, 0.34739780E-5, 0.82132323E-6, 0.16729898E-2, 0.12345216E-2, 0.11474499E-1, 0.17766882E-2, 0.84698760E-4
0.10339411E-3, 0.11188290E-7, 0.34648751E-5, 0.82076122E-6, 0.13854284E-2, 0.10225705E-2, 0.95154475E-2, 0.14733995E-2, 0.70240225E-4
0.10322483E-3, 0.11194103E-7, 0.34605871E-5, 0.82019920E-6, 0.18831968E-2, 0.13903206E-2, 0.12953323E-1, 0.20058041E-2, 0.95620999E-4
0.10305818E-3, 0.11206388E-7, 0.34776085E-5, 0.81963736E-6, 0.20015384E-2, 0.14781391E-2, 0.13791711E-1, 0.21357294E-2, 0.10181455E-3
0.10289010E-3, 0.11213849E-7, 0.34795567E-5, 0.81907638E-6, 0.22830989E-2, 0.16866357E-2, 0.15762394E-1, 0.24410381E-2, 0.11636893E-3
0.10272097E-3, 0.11217682E-7, 0.34693146E-5, 0.81851573E-6, 0.16652547E-2, 0.12305892E-2, 0.11517670E-1, 0.17837790E-2, 0.85035987E-4
0.10255206E-3, 0.11221244E-7, 0.34580403E-5, 0.81795497E-6, 0.14492517E-2, 0.10712321E-2, 0.10038028E-1, 0.15546938E-2, 0.74115014E-4
0.10238714E-3, 0.11235176E-7, 0.34782838E-5, 0.81739478E-6, 0.24508019E-2, 0.18120916E-2, 0.17004954E-1, 0.26338936E-2, 0.12556207E-3
0.10222738E-3, 0.11262738E-7, 0.35294227E-5, 0.81683544E-6, 0.39599426E-2, 0.29294000E-2, 0.27555879E-1, 0.42685773E-2, 0.20348956E-3
0.10206484E-3, 0.11281737E-7, 0.35598857E-5, 0.81627621E-6, 0.28130764E-2, 0.20821306E-2, 0.19636760E-1, 0.30422353E-2, 0.14502744E-3
0.10189987E-3, 0.11293205E-7, 0.35714356E-5, 0.81571704E-6, 0.23009216E-2, 0.17037507E-2, 0.16099418E-1, 0.24944639E-2, 0.11891410E-3
0.10173405E-3, 0.11301581E-7, 0.35744476E-5, 0.81515867E-6, 0.20815996E-2, 0.15418921E-2, 0.14594103E-1, 0.22614344E-2, 0.10780508E-3
0.10156836E-3, 0.11309684E-7, 0.35766498E-5, 0.81460070E-6, 0.18644873E-2, 0.13815091E-2, 0.13095544E-1, 0.20293985E-2, 0.96743504E-4
0.10140247E-3, 0.11316376E-7, 0.35747173E-5, 0.81404283E-6, 0.21865633E-2, 0.16206742E-2, 0.15385765E-1, 0.23845248E-2, 0.11367260E-3
0.10123612E-3, 0.11320998E-7, 0.35662636E-5, 0.81348497E-6, 0.20362660E-2, 0.15097867E-2, 0.14355866E-1, 0.22251285E-2, 0.10607388E-3
0.10106939E-3, 0.11323823E-7, 0.35517910E-5, 0.81292831E-6, 0.17036117E-2, 0.12635217E-2, 0.12031211E-1, 0.18649809E-2, 0.88905239E-4
0.10090263E-3, 0.11325826E-7, 0.35345420E-5, 0.81237170E-6, 0.17140043E-2, 0.12715787E-2, 0.12123393E-1, 0.18794311E-2, 0.89593996E-4
0.10073595E-3, 0.11327326E-7, 0.35156113E-5, 0.81181520E-6, 0.14839757E-2, 0.11012111E-2, 0.10511734E-1, 0.16297181E-2, 0.77689925E-4
0.10056942E-3, 0.11328423E-7, 0.34953514E-5, 0.81125938E-6, 0.12953066E-2, 0.96142275E-3, 0.91869375E-2, 0.14244298E-2, 0.67903631E-4
0.10040306E-3, 0.11329169E-7, 0.34739198E-5, 0.81070425E-6, 0.15518924E-2, 0.11521310E-2, 0.11020812E-1, 0.17089014E-2, 0.81464546E-4
0.10023690E-3, 0.11329780E-7, 0.34521561E-5, 0.81014895E-6, 0.16849331E-2, 0.12512266E-2, 0.11983112E-1, 0.18582833E-2, 0.88585621E-4
0.10007105E-3, 0.11330390E-7, 0.34305649E-5, 0.80959404E-6, 0.13895098E-2, 0.10321062E-2, 0.98960707E-2, 0.15347714E-2, 0.73163537E-4
0.99905476E-4, 0.11331029E-7, 0.34092586E-5, 0.80904005E-6, 0.13095279E-2, 0.97290997E-3, 0.93378974E-2, 0.14483193E-2, 0.69042275E-4
0.99740362E-4, 0.11332331E-7, 0.33906194E-5, 0.80848633E-6, 0.16654204E-2, 0.12376149E-2, 0.11891531E-1, 0.18445528E-2, 0.87930915E-4
0.99575380E-4, 0.11333133E-7, 0.33702245E-5, 0.80793245E-6, 0.11952734E-2, 0.88844664E-3, 0.85458113E-2, 0.13256992E-2, 0.63196821E-4
0.99410994E-4, 0.11334802E-7, 0.33532835E-5, 0.80737908E-6, 0.12293282E-2, 0.91393886E-3, 0.87988870E-2, 0.13650608E-2, 0.65073182E-4
0.99246405E-4, 0.11335173E-7, 0.33315507E-5, 0.80682656E-6, 0.94130053E-3, 0.69993082E-3, 0.67440248E-2, 0.10463418E-2, 0.49879658E-4
0.99082034E-4, 0.11335371E-7, 0.33093195E-5, 0.80627404E-6, 0.13270470E-2, 0.98694151E-3, 0.95172776E-2, 0.14767203E-2, 0.70395981E-4
0.98917917E-4, 0.11335506E-7, 0.32870130E-5, 0.80572170E-6, 0.94774534E-3, 0.70498307E-3, 0.68041314E-2, 0.10558225E-2, 0.50331582E-4
0.98755139E-4, 0.11338582E-7, 0.32757296E-5, 0.80517032E-6, 0.12673017E-2, 0.94285503E-3, 0.91073597E-2, 0.14133258E-2, 0.67373927E-4
0.98593293E-4, 0.11343486E-7, 0.32715934E-5, 0.80461916E-6, 0.13493064E-2, 0.10040787E-2, 0.97081130E-2, 0.15066855E-2, 0.71824419E-4
0.98430486E-4, 0.11345039E-7, 0.32550238E-5, 0.80406801E-6, 0.14977235E-2, 0.11147797E-2, 0.10789747E-1, 0.16747165E-2, 0.79834477E-4
0.98267599E-4, 0.11345576E-7, 0.32347193E-5, 0.80351720E-6, 0.15251315E-2, 0.11354605E-2, 0.11002230E-1, 0.17078769E-2, 0.81415201E-4
0.98104865E-4, 0.11345854E-7, 0.32135554E-5, 0.80296741E-6, 0.10272670E-2, 0.76496415E-3, 0.74194316E-2, 0.11518260E-2, 0.54908000E-4
0.97942378E-4, 0.11346060E-7, 0.31922702E-5, 0.80241762E-6, 0.13369808E-2, 0.99578605E-3, 0.96665164E-2, 0.15008007E-2, 0.71543735E-4
0.97780241E-4, 0.11346359E-7, 0.31715028E-5, 0.80186783E-6, 0.12773466E-2, 0.95157523E-3, 0.92463177E-2, 0.14357001E-2, 0.68440342E-4
0.97618235E-4, 0.11346393E-7, 0.31498639E-5, 0.80131895E-6, 0.11975089E-2, 0.89228142E-3, 0.86781420E-2, 0.13476028E-2, 0.64240681E-4
0.97456468E-4, 0.11346376E-7, 0.31281877E-5, 0.80077052E-6, 0.14375541E-2, 0.10713730E-2, 0.10430031E-1, 0.16198094E-2, 0.77216835E-4
0.97295364E-4, 0.11347330E-7, 0.31104755E-5, 0.80022210E-6, 0.14140168E-2, 0.10540810E-2, 0.10272628E-1, 0.15955413E-2, 0.76059921E-4
0.97135271E-4, 0.11350328E-7, 0.31006125E-5, 0.79967390E-6, 0.14275936E-2, 0.10644525E-2, 0.10384664E-1, 0.16131226E-2, 0.76897988E-4
0.96974502E-4, 0.11350780E-7, 0.30810861E-5, 0.79912672E-6, 0.15016368E-2, 0.11199308E-2, 0.10937690E-1, 0.16992266E-2, 0.81002538E-4
0.96813739E-4, 0.11350563E-7, 0.30591693E-5, 0.79857966E-6, 0.12389401E-2, 0.92422223E-3, 0.90355994E-2, 0.14038852E-2, 0.66923523E-4
0.96653283E-4, 0.11350389E-7, 0.30375759E-5, 0.79803254E-6, 0.98096405E-3, 0.73191273E-3, 0.71613872E-2, 0.11127858E-2, 0.53046748E-4
0.96493299E-4, 0.11350811E-7, 0.30185183E-5, 0.79748611E-6, 0.10955022E-2, 0.81751175E-3, 0.80050370E-2, 0.12439857E-2, 0.59301048E-4
0.96333330E-4, 0.11350596E-7, 0.29970574E-5, 0.79694053E-6, 0.10582156E-2, 0.78982842E-3, 0.77401227E-2, 0.12029272E-2, 0.57343779E-4
0.96173681E-4, 0.11350459E-7, 0.29760929E-5, 0.79639472E-6, 0.98236999E-3, 0.73334307E-3, 0.71919831E-2, 0.11178356E-2, 0.53287447E-4
0.96014279E-4, 0.11350346E-7, 0.29553810E-5, 0.79584902E-6, 0.10093760E-2, 0.75362774E-3, 0.73963189E-2, 0.11496937E-2, 0.54806133E-4
0.95855044E-4, 0.11349973E-7, 0.29337957E-5, 0.79530417E-6, 0.11000152E-2, 0.82144490E-3, 0.80681322E-2, 0.12542363E-2, 0.59789687E-4
0.95696101E-4, 0.11349583E-7, 0.29122937E-5, 0.79475996E-6, 0.85915974E-3, 0.64168999E-3, 0.63071842E-2, 0.98057266E-3, 0.46744088E-4
0.95537434E-4, 0.11349287E-7, 0.28913514E-5, 0.79421568E-6, 0.92953985E-3, 0.69435808E-3, 0.68293088E-2, 0.10618310E-2, 0.50617695E-4
0.95378979E-4, 0.11348860E-7, 0.28700292E-5, 0.79367152E-6, 0.11480293E-2, 0.85771468E-3, 0.84423563E-2, 0.13127512E-2, 0.62579085E-4
0.95220792E-4, 0.11348424E-7, 0.28488355E-5, 0.79312838E-6, 0.81635365E-3, 0.61001518E-3, 0.60087037E-2, 0.93441340E-3, 0.44543645E-4
0.95064068E-4, 0.11351138E-7, 0.28398492E-5, 0.79258547E-6, 0.11731234E-2, 0.87675313E-3, 0.86423326E-2, 0.13440901E-2, 0.64073000E-4
0.94908086E-4, 0.11355093E-7, 0.28360637E-5, 0.79204250E-6, 0.12252535E-2, 0.91589679E-3, 0.90361368E-2, 0.14054921E-2, 0.67000030E-4
0.94751056E-4, 0.11355693E-7, 0.28192717E-5, 0.79150010E-6, 0.93115063E-3, 0.69617730E-3, 0.68739192E-2, 0.10692874E-2, 0.50973093E-4
0.94593983E-4, 0.11355473E-7, 0.27993319E-5, 0.79095855E-6, 0.11019623E-2, 0.82402379E-3, 0.81422487E-2, 0.12667056E-2, 0.60384049E-4
0.94437106E-4, 0.11355086E-7, 0.27788888E-5, 0.79041689E-6, 0.11188516E-2, 0.83680998E-3, 0.82753748E-2, 0.12875538E-2, 0.61377868E-4
0.94280469E-4, 0.11354611E-7, 0.27582532E-5, 0.78987534E-6, 0.11234991E-2, 0.84044464E-3, 0.83181867E-2, 0.12943557E-2, 0.61702121E-4
0.94124080E-4, 0.11354119E-7, 0.27376661E-5, 0.78933471E-6, 0.11530695E-2, 0.86273043E-3, 0.85459119E-2, 0.13299390E-2, 0.63398387E-4
0.93968061E-4, 0.11353919E-7, 0.27184342E-5, 0.78879452E-6, 0.10916780E-2, 0.81695203E-3, 0.80991508E-2, 0.12605534E-2, 0.60090762E-4
0.93813302E-4, 0.11356393E-7, 0.27099541E-5, 0.78825423E-6, 0.10917817E-2, 0.81718049E-3, 0.81079314E-2, 0.12620576E-2, 0.60162478E-4
0.93657844E-4, 0.11356292E-7, 0.26912689E-5, 0.78771421E-6, 0.10100281E-2, 0.75612339E-3, 0.75079175E-2, 0.11687854E-2, 0.55716169E-4
0.93502458E-4, 0.11355761E-7, 0.26710477E-5, 0.78717517E-6, 0.98753395E-3, 0.73940883E-3, 0.73473393E-2, 0.11439049E-2, 0.54530112E-4
0.93347349E-4, 0.11355208E-7, 0.26509090E-5, 0.78663624E-6, 0.10197143E-2, 0.76363294E-3, 0.75936308E-2, 0.11823722E-2, 0.56363850E-4
0.93192459E-4, 0.11354654E-7, 0.26308717E-5, 0.78609753E-6, 0.10695459E-2, 0.80109172E-3, 0.79722116E-2, 0.12414537E-2, 0.59180285E-4
0.93037852E-4, 0.11354077E-7, 0.26109376E-5, 0.78555911E-6, 0.10503948E-2, 0.78688940E-3, 0.78369901E-2, 0.12205329E-2, 0.58182981E-4
0.92885617E-4, 0.11359021E-7, 0.26119512E-5, 0.78502137E-6, 0.11676277E-2, 0.87487814E-3, 0.87204445E-2, 0.13582829E-2, 0.64749547E-4
0.92742586E-4, 0.11387179E-7, 0.26837906E-5, 0.78448397E-6, 0.23664017E-2, 0.17736210E-2, 0.17701620E-1, 0.27576932E-2, 0.13145964E-3
0.92605638E-4, 0.11430556E-7, 0.27832209E-5, 0.78394652E-6, 0.25480988E-2, 0.19106100E-2, 0.19103842E-1, 0.29769428E-2, 0.14191128E-3
0.92463190E-4, 0.11458989E-7, 0.28407717E-5, 0.78340992E-6, 0.30833858E-2, 0.23130917E-2, 0.23176484E-1, 0.36127151E-2, 0.17221864E-3
0.92317328E-4, 0.11477970E-7, 0.28743316E-5, 0.78287383E-6, 0.21177556E-2, 0.15894158E-2, 0.15956655E-1, 0.24880483E-2, 0.11860559E-3
0.92169066E-4, 0.11490104E-7, 0.28914299E-5, 0.78233757E-6, 0.17149012E-2, 0.12874960E-2, 0.12944148E-1, 0.20187784E-2, 0.96235417E-4
0.92021888E-4, 0.11504417E-7, 0.29110017E-5, 0.78180159E-6, 0.27405224E-2, 0.20582876E-2, 0.20727437E-1, 0.32335154E-2, 0.15414211E-3
0.91874899E-4, 0.11518478E-7, 0.29289820E-5, 0.78126664E-6, 0.23940171E-2, 0.17988496E-2, 0.18149685E-1, 0.28322698E-2, 0.13501469E-3
0.91727547E-4, 0.11530965E-7, 0.29426487E-5, 0.78073185E-6, 0.23685466E-2, 0.17804498E-2, 0.17995868E-1, 0.28090968E-2, 0.13391000E-3
0.91580128E-4, 0.11542681E-7, 0.29543232E-5, 0.78019707E-6, 0.21029846E-2, 0.15814449E-2, 0.16011098E-1, 0.24999890E-2, 0.11917482E-3
0.91432506E-4, 0.11553197E-7, 0.29636176E-5, 0.77966257E-6, 0.20420903E-2, 0.15362083E-2, 0.15577030E-1, 0.24328614E-2, 0.11597482E-3
0.91283917E-4, 0.11560567E-7, 0.29665314E-5, 0.77912915E-6, 0.18500430E-2, 0.13922111E-2, 0.14137298E-1, 0.22085612E-2, 0.10528241E-3
0.91134418E-4, 0.11565024E-7, 0.29620687E-5, 0.77859562E-6, 0.15920252E-2, 0.11984084E-2, 0.12184896E-1, 0.19039884E-2, 0.90763388E-4
0.90984737E-4, 0.11568335E-7, 0.29542225E-5, 0.77806220E-6, 0.94223453E-3, 0.70943392E-3, 0.72200531E-2, 0.11283865E-2, 0.53790332E-4
0.90835172E-4, 0.11571291E-7, 0.29452012E-5, 0.77752964E-6, 0.75455650E-3, 0.56821050E-3, 0.57863728E-2, 0.90442767E-3, 0.43114189E-4
0.90685659E-4, 0.11573833E-7, 0.29349196E-5, 0.77699752E-6, 0.67242718E-3, 0.50642662E-3, 0.51598581E-2, 0.80657995E-3, 0.38449769E-4
0.90536283E-4, 0.11576027E-7, 0.29235846E-5, 0.77646541E-6, 0.80767588E-3, 0.60836418E-3, 0.62017590E-2, 0.96954510E-3, 0.46218338E-4
0.90386959E-4, 0.11577734E-7, 0.29106013E-5, 0.77593336E-6, 0.78737293E-3, 0.59315393E-3, 0.60501895E-2, 0.94595301E-3, 0.45093700E-4
0.90237801E-4, 0.11579167E-7, 0.28966988E-5, 0.77540233E-6, 0.81606605E-3, 0.61485526E-3, 0.62751886E-2, 0.98124042E-3, 0.46775862E-4
0.90088819E-4, 0.11580423E-7, 0.28822640E-5, 0.77487158E-6, 0.76834112E-3, 0.57897804E-3, 0.59124366E-2, 0.92461961E-3, 0.44076736E-4
0.89940331E-4, 0.11582332E-7, 0.28704467E-5, 0.77434095E-6, 0.82247442E-3, 0.61985600E-3, 0.63335244E-2, 0.99058205E-3, 0.47221176E-4
0.89792418E-4, 0.11585156E-7, 0.28623092E-5, 0.77381031E-6, 0.78721595E-3, 0.59336721E-3, 0.60664080E-2, 0.94891153E-3, 0.45234738E-4
0.89644105E-4, 0.11586268E-7, 0.28475881E-5, 0.77328087E-6, 0.55644888E-3, 0.41947508E-3, 0.42906799E-2, 0.67121524E-3, 0.31996922E-4
0.89496018E-4, 0.11587305E-7, 0.28327111E-5, 0.77275149E-6, 0.59597520E-3, 0.44931672E-3, 0.45978059E-2, 0.71931945E-3, 0.34290060E-4
0.89348126E-4, 0.11588288E-7, 0.28177276E-5, 0.77222222E-6, 0.63503737E-3, 0.47881756E-3, 0.49018394E-2, 0.76695223E-3, 0.36560712E-4
0.89200381E-4, 0.11588968E-7, 0.28016543E-5, 0.77169329E-6, 0.61354379E-3, 0.46266173E-3, 0.47385655E-2, 0.74147253E-3, 0.35346089E-4
0.89052846E-4, 0.11589521E-7, 0.27851850E-5, 0.77116528E-6, 0.65971282E-3, 0.49753196E-3, 0.50980281E-2, 0.79779251E-3, 0.38030877E-4
0.88905559E-4, 0.11590076E-7, 0.27688550E-5, 0.77063726E-6, 0.78247790E-3, 0.59019128E-3, 0.60506007E-2, 0.94695867E-3, 0.45141649E-4
0.88758497E-4, 0.11590616E-7, 0.27525873E-5, 0.77010924E-6, 0.77708939E-3, 0.58620726E-3, 0.60131480E-2, 0.94120362E-3, 0.44867305E-4
0.88611654E-4, 0.11591105E-7, 0.27362548E-5, 0.76958202E-6, 0.84178487E-3, 0.63510105E-3, 0.65185013E-2, 0.10204235E-2, 0.48643720E-4
0.88465044E-4, 0.11591541E-7, 0.27198246E-5, 0.76905542E-6, 0.76415791E-3, 0.57661557E-3, 0.59216782E-2, 0.92710479E-3, 0.44195203E-4
0.88319022E-4, 0.11592864E-7, 0.27070644E-5, 0.76852876E-6, 0.56795182E-3, 0.42861357E-3, 0.44038692E-2, 0.68954297E-3, 0.32870608E-4
0.88173052E-4, 0.11593658E-7, 0.26922648E-5, 0.76800217E-6, 0.46714919E-3, 0.35257314E-3, 0.36239068E-2, 0.56746253E-3, 0.27051019E-4
0.88027089E-4, 0.11593791E-7, 0.26749151E-5, 0.76747654E-6, 0.51914155E-3, 0.39184719E-3, 0.40289853E-2, 0.63093920E-3, 0.30076953E-4
0.87881330E-4, 0.11593872E-7, 0.26574839E-5, 0.76695125E-6, 0.51432982E-3, 0.38825037E-3, 0.39934665E-2, 0.62542519E-3, 0.29814097E-4
0.87735782E-4, 0.11593929E-7, 0.26400826E-5, 0.76642601E-6, 0.54085976E-3, 0.40831466E-3, 0.42014187E-2, 0.65804465E-3, 0.31369076E-4
0.87590444E-4, 0.11593932E-7, 0.26225914E-5, 0.76590078E-6, 0.55482512E-3, 0.41889772E-3, 0.43119900E-2, 0.67541830E-3, 0.32197269E-4
0.87445311E-4, 0.11593878E-7, 0.26049838E-5, 0.76537668E-6, 0.56198990E-3, 0.42434866E-3, 0.43698349E-2, 0.68453606E-3, 0.32631924E-4
0.87300446E-4, 0.11593793E-7, 0.25873933E-5, 0.76485281E-6, 0.49899012E-3, 0.37681384E-3, 0.38818107E-2, 0.60813600E-3, 0.28989920E-4
0.87155808E-4, 0.11593695E-7, 0.25698616E-5, 0.76432889E-6, 0.47618605E-3, 0.35962404E-3, 0.37060075E-2, 0.58063713E-3, 0.27679049E-4
0.87011402E-4, 0.11593601E-7, 0.25524816E-5, 0.76380559E-6, 0.48828218E-3, 0.36879032E-3, 0.38017652E-2, 0.59568376E-3, 0.28396324E-4
0.86867229E-4, 0.11593488E-7, 0.25351683E-5, 0.76328274E-6, 0.51155983E-3, 0.38640533E-3, 0.39847582E-2, 0.62440359E-3, 0.29765406E-4
0.86723281E-4, 0.11593356E-7, 0.25179154E-5, 0.76276012E-6, 0.50797337E-3, 0.38373074E-3, 0.39586104E-2, 0.62035449E-3, 0.29572388E-4
0.86579596E-4, 0.11593224E-7, 0.25007766E-5, 0.76223768E-6, 0.56981953E-3, 0.43049079E-3, 0.44426923E-2, 0.69627247E-3, 0.33191402E-4
0.86436135E-4, 0.11593090E-7, 0.24837684E-5, 0.76171557E-6, 0.53660438E-3, 0.40543685E-3, 0.41857869E-2, 0.65606553E-3, 0.31274732E-4
0.86293403E-4, 0.11594190E-7, 0.24720639E-5, 0.76119443E-6, 0.43894825E-3, 0.33168041E-3, 0.34255045E-2, 0.53694216E-3, 0.25596108E-4
0.86151020E-4, 0.11595565E-7, 0.24616243E-5, 0.76067323E-6, 0.33409960E-3, 0.25247116E-3, 0.26081593E-2, 0.40884927E-3, 0.19489898E-4
0.86008265E-4, 0.11595356E-7, 0.24445947E-5, 0.76015209E-6, 0.42546532E-3, 0.32153490E-3, 0.33224879E-2, 0.52085612E-3, 0.24829280E-4
0.85865722E-4, 0.11595107E-7, 0.24275289E-5, 0.75963163E-6, 0.47198587E-3, 0.35671951E-3, 0.36872174E-2, 0.57807396E-3, 0.27556864E-4
0.85723368E-4, 0.11594857E-7, 0.24105855E-5, 0.75911186E-6, 0.46530334E-3, 0.35169811E-3, 0.36365148E-2, 0.57016651E-3, 0.27179914E-4
0.85581269E-4, 0.11594597E-7, 0.23937482E-5, 0.75859202E-6, 0.45104572E-3, 0.34094902E-3, 0.35265107E-2, 0.55295875E-3, 0.26359618E-4
0.85439402E-4, 0.11594318E-7, 0.23769471E-5, 0.75807225E-6, 0.47831429E-3, 0.36159091E-3, 0.37412394E-2, 0.58667100E-3, 0.27966686E-4
0.85297790E-4, 0.11594022E-7, 0.23602020E-5, 0.75755338E-6, 0.51140011E-3, 0.38663627E-3, 0.40017725E-2, 0.62757439E-3, 0.29916553E-4
0.85156382E-4, 0.11593706E-7, 0.23434984E-5, 0.75703480E-6, 0.44375507E-3, 0.33552269E-3, 0.34739184E-2, 0.54483570E-3, 0.25972387E-4
0.85015177E-4, 0.11593342E-7, 0.23267125E-5, 0.75651639E-6, 0.39965077E-3, 0.30219776E-3, 0.31298033E-2, 0.49089867E-3, 0.23401204E-4
0.84874177E-4, 0.11592934E-7, 0.23098428E-5, 0.75599803E-6, 0.38037088E-3, 0.28763886E-3, 0.29798292E-2, 0.46740472E-3, 0.22281245E-4
0.84733409E-4, 0.11592495E-7, 0.22929846E-5, 0.75548076E-6, 0.38314110E-3, 0.28975302E-3, 0.30025269E-2, 0.47099372E-3, 0.22452332E-4
0.84592903E-4, 0.11592044E-7, 0.22762160E-5, 0.75496371E-6, 0.39029663E-3, 0.29518441E-3, 0.30596319E-2, 0.47998098E-3, 0.22880755E-4
0.84452622E-4, 0.11591597E-7, 0.22595677E-5, 0.75444655E-6, 0.39769313E-3, 0.30079921E-3, 0.31186873E-2, 0.48927614E-3, 0.23323855E-4
0.84312553E-4, 0.11591143E-7, 0.22430268E-5, 0.75392961E-6, 0.39996684E-3, 0.30254005E-3, 0.31376097E-2, 0.49227622E-3, 0.23466875E-4
0.84172701E-4, 0.11590687E-7, 0.22265922E-5, 0.75341370E-6, 0.36534664E-3, 0.27637157E-3, 0.28669883E-2, 0.44984487E-3, 0.21444162E-4
0.84033105E-4, 0.11590235E-7, 0.22103184E-5, 0.75289802E-6, 0.48646147E-3, 0.36801791E-3, 0.38188288E-2, 0.59923402E-3, 0.28565566E-4
0.83893741E-4, 0.11589782E-7, 0.21941657E-5, 0.75238228E-6, 0.40863710E-3, 0.30916694E-3, 0.32091679E-2, 0.50360535E-3, 0.24006933E-4
0.83754603E-4, 0.11589323E-7, 0.21780993E-5, 0.75186693E-6, 0.44633352E-3, 0.33771270E-3, 0.35065175E-2, 0.55030541E-3, 0.26233130E-4
0.83615691E-4, 0.11588865E-7, 0.21621356E-5, 0.75135245E-6, 0.47225325E-3, 0.35735348E-3, 0.37116541E-2, 0.58254268E-3, 0.27769884E-4
0.83476996E-4, 0.11588399E-7, 0.21462718E-5, 0.75083807E-6, 0.45807022E-3, 0.34664970E-3, 0.36016637E-2, 0.56532223E-3, 0.26948990E-4
0.83338564E-4, 0.11587916E-7, 0.21304706E-5, 0.75032369E-6, 0.40925088E-3, 0.30972896E-3, 0.32190441E-2, 0.50530181E-3, 0.24087800E-4
0.83200342E-4, 0.11587420E-7, 0.21147337E-5, 0.74980994E-6, 0.42845271E-3, 0.32428512E-3, 0.33713137E-2, 0.52924023E-3, 0.25228948E-4
0.83062427E-4, 0.11587105E-7, 0.20999305E-5, 0.74929676E-6, 0.41976836E-3, 0.31773615E-3, 0.33042228E-2, 0.51874440E-3, 0.24728613E-4
0.82924831E-4, 0.11587042E-7, 0.20863661E-5, 0.74878380E-6, 0.45769798E-3, 0.34647327E-3, 0.36041781E-2, 0.56587637E-3, 0.26975402E-4
0.82787323E-4, 0.11586623E-7, 0.20712989E-5, 0.74827068E-6, 0.43847010E-3, 0.33194435E-3, 0.34541299E-2, 0.54235809E-3, 0.25854279E-4
0.82650004E-4, 0.11586115E-7, 0.20559478E-5, 0.74775835E-6, 0.36966486E-3, 0.27987521E-3, 0.29131344E-2, 0.45744298E-3, 0.21806367E-4
0.82512917E-4, 0.11585602E-7, 0.20406594E-5, 0.74724676E-6, 0.30713278E-3, 0.23254578E-3, 0.24210687E-2, 0.38019643E-3, 0.18124016E-4
0.82376187E-4, 0.11585407E-7, 0.20268994E-5, 0.74673511E-6, 0.32077258E-3, 0.24288651E-3, 0.25292698E-2, 0.39720870E-3, 0.18934988E-4
0.82244718E-4, 0.11597242E-7, 0.20590867E-5, 0.74622341E-6, 0.62896969E-3, 0.47629068E-3, 0.49614441E-2, 0.77922962E-3, 0.37145976E-4
0.82115184E-4, 0.11613131E-7, 0.21086933E-5, 0.74571255E-6, 0.64327236E-3, 0.48717693E-3, 0.50771609E-2, 0.79748855E-3, 0.38016376E-4
0.81983751E-4, 0.11623997E-7, 0.21401963E-5, 0.74520227E-6, 0.50906424E-3, 0.38557552E-3, 0.40199808E-2, 0.63149451E-3, 0.30103425E-4
0.81850922E-4, 0.11631007E-7, 0.21562444E-5, 0.74469199E-6, 0.54019823E-3, 0.40919517E-3, 0.42678216E-2, 0.67048636E-3, 0.31962172E-4
0.81717160E-4, 0.11635314E-7, 0.21611377E-5, 0.74418176E-6, 0.45234765E-3, 0.34267965E-3, 0.35753446E-2, 0.56174368E-3, 0.26778391E-4
0.81583035E-4, 0.11638195E-7, 0.21599544E-5, 0.74367239E-6, 0.32983214E-3, 0.24988444E-3, 0.26078855E-2, 0.40976773E-3, 0.19533683E-4
0.81448845E-4, 0.11640339E-7, 0.21554395E-5, 0.74316347E-6, 0.32001230E-3, 0.24245863E-3, 0.25309538E-2, 0.39770157E-3, 0.18958484E-4
0.81315229E-4, 0.11643368E-7, 0.21545193E-5, 0.74265455E-6, 0.37620380E-3, 0.28504978E-3, 0.29762639E-2, 0.46770304E-3, 0.22295462E-4
0.81181977E-4, 0.11646775E-7, 0.21554345E-5, 0.74214552E-6, 0.38099202E-3, 0.28869716E-3, 0.30151417E-2, 0.47384293E-3, 0.22588156E-4
0.81048289E-4, 0.11648599E-7, 0.21497556E-5, 0.74163768E-6, 0.41607011E-3, 0.31529969E-3, 0.32938898E-2, 0.51768438E-3, 0.24678082E-4
0.80914666E-4, 0.11650010E-7, 0.21423800E-5, 0.74113012E-6, 0.41097260E-3, 0.31145962E-3, 0.32547186E-2, 0.51156426E-3, 0.24386332E-4
0.80781145E-4, 0.11651099E-7, 0.21336525E-5, 0.74062262E-6, 0.37017604E-3, 0.28056107E-3, 0.29326342E-2, 0.46097112E-3, 0.21974556E-4
0.80647835E-4, 0.11652192E-7, 0.21250235E-5, 0.74011501E-6, 0.42569634E-3, 0.32266334E-3, 0.33736515E-2, 0.53032930E-3, 0.25280864E-4
0.80514728E-4, 0.11653247E-7, 0.21163137E-5, 0.73960854E-6, 0.41026669E-3, 0.31099128E-3, 0.32525694E-2, 0.51133218E-3, 0.24375278E-4
0.80381855E-4, 0.11654272E-7, 0.21075402E-5, 0.73910235E-6, 0.41619129E-3, 0.31550546E-3, 0.33007397E-2, 0.51894196E-3, 0.24738034E-4
0.80249200E-4, 0.11655382E-7, 0.20992286E-5, 0.73859621E-6, 0.49760437E-3, 0.37725360E-3, 0.39479993E-2, 0.62075298E-3, 0.29591371E-4
0.80116741E-4, 0.11656429E-7, 0.20907182E-5, 0.73809014E-6, 0.46877118E-3, 0.35542485E-3, 0.37208372E-2, 0.58508490E-3, 0.27891074E-4
0.79984464E-4, 0.11657361E-7, 0.20817508E-5, 0.73758508E-6, 0.43326215E-3, 0.32852832E-3, 0.34403638E-2, 0.54102420E-3, 0.25790696E-4
0.79852325E-4, 0.11658105E-7, 0.20720261E-5, 0.73708020E-6, 0.40139817E-3, 0.30438963E-3, 0.31885169E-2, 0.50145580E-3, 0.23904466E-4
0.79720383E-4, 0.11658772E-7, 0.20620214E-5, 0.73657537E-6, 0.36048965E-3, 0.27338645E-3, 0.28645226E-2, 0.45053154E-3, 0.21476897E-4
0.79588637E-4, 0.11659382E-7, 0.20518510E-5, 0.73607072E-6, 0.34395751E-3, 0.26086532E-3, 0.27339952E-2, 0.43002880E-3, 0.20499529E-4
0.79457197E-4, 0.11660195E-7, 0.20426696E-5, 0.73556703E-6, 0.36552717E-3, 0.27724163E-3, 0.29063402E-2, 0.45716504E-3, 0.21793116E-4
0.79325851E-4, 0.11660701E-7, 0.20321595E-5, 0.73506351E-6, 0.27139366E-3, 0.20585589E-3, 0.21584770E-2, 0.33954589E-3, 0.16186195E-4
0.79194644E-4, 0.11661066E-7, 0.20211112E-5, 0.73456010E-6, 0.30435814E-3, 0.23087143E-3, 0.24212485E-2, 0.38090121E-3, 0.18157611E-4
0.79063662E-4, 0.11661490E-7, 0.20104403E-5, 0.73405687E-6, 0.29273986E-3, 0.22207016E-3, 0.23294212E-2, 0.36647468E-3, 0.17469896E-4
0.78932906E-4, 0.11661926E-7, 0.19999068E-5, 0.73355460E-6, 0.32461836E-3, 0.24626634E-3, 0.25837738E-2, 0.40651255E-3, 0.19378507E-4
0.78802441E-4, 0.11662432E-7, 0.19897921E-5, 0.73305239E-6, 0.36630241E-3, 0.27790616E-3, 0.29164280E-2, 0.45887800E-3, 0.21874775E-4
0.78672208E-4, 0.11662951E-7, 0.19798088E-5, 0.73255029E-6, 0.33478526E-3, 0.25401064E-3, 0.26663120E-2, 0.41955011E-3, 0.20000010E-4
0.78542143E-4, 0.11663334E-7, 0.19692661E-5, 0.73204842E-6, 0.30022973E-3, 0.22780531E-3, 0.23917612E-2, 0.37637024E-3, 0.17941624E-4
0.78412217E-4, 0.11663627E-7, 0.19584190E-5, 0.73154757E-6, 0.34154466E-3, 0.25916848E-3, 0.27216433E-2, 0.42830507E-3, 0.20417361E-4
0.78282501E-4, 0.11663887E-7, 0.19474951E-5, 0.73104678E-6, 0.37716329E-3, 0.28621449E-3, 0.30064117E-2, 0.47314918E-3, 0.22555083E-4
0.78152974E-4, 0.11664167E-7, 0.19367551E-5, 0.73054605E-6, 0.37371228E-3, 0.28361476E-3, 0.29798895E-2, 0.46900669E-3, 0.22357612E-4
0.78023724E-4, 0.11664535E-7, 0.19264990E-5, 0.73004560E-6, 0.39286027E-3, 0.29816691E-3, 0.31336297E-2, 0.49323775E-3, 0.23512706E-4
0.77894896E-4, 0.11665423E-7, 0.19187219E-5, 0.72954617E-6, 0.42261640E-3, 0.32077418E-3, 0.33721882E-2, 0.53082593E-3, 0.25304540E-4
0.77768011E-4, 0.11670164E-7, 0.19280301E-5, 0.72904663E-6, 0.55297452E-3, 0.41975532E-3, 0.44142641E-2, 0.69492275E-3, 0.33127057E-4
0.77641802E-4, 0.11676089E-7, 0.19424351E-5, 0.72854721E-6, 0.45002659E-3, 0.34164012E-3, 0.35940704E-2, 0.56585367E-3, 0.26974318E-4
0.77515069E-4, 0.11680324E-7, 0.19494630E-5, 0.72804812E-6, 0.43232579E-3, 0.32822875E-3, 0.34540598E-2, 0.54385344E-3, 0.25925568E-4
0.77387849E-4, 0.11682923E-7, 0.19492704E-5, 0.72755012E-6, 0.49615459E-3, 0.37671995E-3, 0.39656465E-2, 0.62445673E-3, 0.29767936E-4
0.77259996E-4, 0.11683607E-7, 0.19403988E-5, 0.72705200E-6, 0.37468146E-3, 0.28451043E-3, 0.29959057E-2, 0.47179277E-3, 0.22490422E-4
0.77132157E-4, 0.11683743E-7, 0.19290958E-5, 0.72655399E-6, 0.32749644E-3, 0.24869663E-3, 0.26194265E-2, 0.41253152E-3, 0.19665431E-4
0.77004421E-4, 0.11683640E-7, 0.19167701E-5, 0.72605621E-6, 0.27463672E-3, 0.20856684E-3, 0.21972086E-2, 0.34605575E-3, 0.16496519E-4
0.76876830E-4, 0.11683405E-7, 0.19038979E-5, 0.72555940E-6, 0.22045836E-3, 0.16742962E-3, 0.17641319E-2, 0.27785971E-3, 0.13245609E-4
0.76750068E-4, 0.11684576E-7, 0.18972038E-5, 0.72506265E-6, 0.34502210E-3, 0.26204396E-3, 0.27615663E-2, 0.43498274E-3, 0.20735684E-4
0.76625649E-4, 0.11690638E-7, 0.19110721E-5, 0.72456606E-6, 0.43620029E-3, 0.33131702E-3, 0.34925593E-2, 0.55016292E-3, 0.26226338E-4
0.76501885E-4, 0.11697707E-7, 0.19285435E-5, 0.72406976E-6, 0.46869923E-3, 0.35603074E-3, 0.37542770E-2, 0.59143873E-3, 0.28193965E-4
0.76379642E-4, 0.11707702E-7, 0.19567858E-5, 0.72357426E-6, 0.57584740E-3, 0.43746334E-3, 0.46146810E-2, 0.72705414E-3, 0.34658769E-4
0.76257347E-4, 0.11717134E-7, 0.19832125E-5, 0.72307898E-6, 0.48294672E-3, 0.36692352E-3, 0.38720437E-2, 0.61010959E-3, 0.29084003E-4
0.76134340E-4, 0.11724443E-7, 0.20020141E-5, 0.72258359E-6, 0.48214447E-3, 0.36634630E-3, 0.38672788E-2, 0.60941314E-3, 0.29050811E-4
0.76011704E-4, 0.11732205E-7, 0.20228374E-5, 0.72208860E-6, 0.51854184E-3, 0.39403769E-3, 0.41610794E-2, 0.65577176E-3, 0.31260723E-4
0.75890159E-4, 0.11741900E-7, 0.20506398E-5, 0.72159457E-6, 0.52531401E-3, 0.39922190E-3, 0.42173984E-2, 0.66471181E-3, 0.31686905E-4
0.75767399E-4, 0.11748418E-7, 0.20651530E-5, 0.72110049E-6, 0.43521446E-3, 0.33077819E-3, 0.34955530E-2, 0.55099005E-3, 0.26265770E-4
0.75644115E-4, 0.11753317E-7, 0.20729726E-5, 0.72060658E-6, 0.45789086E-3, 0.34804124E-3, 0.36791440E-2, 0.57997718E-3, 0.27647582E-4
0.75521486E-4, 0.11759162E-7, 0.20851521E-5, 0.72011284E-6, 0.57224854E-3, 0.43500471E-3, 0.46001142E-2, 0.72522747E-3, 0.34571683E-4
0.75399024E-4, 0.11764962E-7, 0.20976458E-5, 0.71962012E-6, 0.57263870E-3, 0.43534706E-3, 0.46056248E-2, 0.72617450E-3, 0.34616827E-4
0.75276002E-4, 0.11769034E-7, 0.21027618E-5, 0.71912757E-6, 0.40452383E-3, 0.30756585E-3, 0.32549424E-2, 0.51325856E-3, 0.24467103E-4
0.75153002E-4, 0.11772671E-7, 0.21058058E-5, 0.71863491E-6, 0.55192382E-3, 0.41967258E-3, 0.44428441E-2, 0.70063648E-3, 0.33399436E-4
0.75029951E-4, 0.11775769E-7, 0.21066930E-5, 0.71814287E-6, 0.55758597E-3, 0.42402116E-3, 0.44906642E-2, 0.70825225E-3, 0.33762477E-4
0.74907053E-4, 0.11778688E-7, 0.21068909E-5, 0.71765118E-6, 0.46045921E-3, 0.35019327E-3, 0.37101372E-2, 0.58520748E-3, 0.27896920E-4
0.74784803E-4, 0.11782627E-7, 0.21115047E-5, 0.71715999E-6, 0.51875162E-3, 0.39456156E-3, 0.41816537E-2, 0.65964210E-3, 0.31445230E-4
0.74663920E-4, 0.11789213E-7, 0.21272749E-5, 0.71666875E-6, 0.54871809E-3, 0.41739485E-3, 0.44253357E-2, 0.69815351E-3, 0.33281063E-4
0.74542622E-4, 0.11794381E-7, 0.21360638E-5, 0.71617802E-6, 0.57410076E-3, 0.43674739E-3, 0.46323640E-2, 0.73089323E-3, 0.34841778E-4
0.74422096E-4, 0.11800754E-7, 0.21438161E-5, 0.71568786E-6, 0.74684841E-3, 0.56823442E-3, 0.60298587E-2, 0.95151021E-3, 0.45358618E-4
0.74300151E-4, 0.11803567E-7, 0.21383219E-5, 0.71519781E-6, 0.73546986E-3, 0.55965409E-3, 0.59419987E-2, 0.93778054E-3, 0.44704120E-4
0.74179727E-4, 0.11809295E-7, 0.21420781E-5, 0.71470788E-6, 0.80265349E-3, 0.61086431E-3, 0.64893272E-2, 0.10243140E-2, 0.48829177E-4
0.74061682E-4, 0.11819848E-7, 0.21611625E-5, 0.71421834E-6, 0.11303436E-2, 0.86040772E-3, 0.91466475E-2, 0.14440295E-2, 0.68837093E-4
0.73945310E-4, 0.11833635E-7, 0.21906430E-5, 0.71372966E-6, 0.11487261E-2, 0.87458716E-3, 0.93051726E-2, 0.14693844E-2, 0.70045804E-4
0.73829171E-4, 0.11847501E-7, 0.22209165E-5, 0.71324115E-6, 0.12911038E-2, 0.98321051E-3, 0.10470192E-1, 0.16537479E-2, 0.78834484E-4
0.73712719E-4, 0.11860234E-7, 0.22494435E-5, 0.71275258E-6, 0.12748096E-2, 0.97103609E-3, 0.10350322E-1, 0.16352301E-2, 0.77951816E-4
0.73595242E-4, 0.11870224E-7, 0.22718980E-5, 0.71226424E-6, 0.11752363E-2, 0.89539657E-3, 0.95526921E-2, 0.15095834E-2, 0.71962248E-4
0.73476585E-4, 0.11877183E-7, 0.22854701E-5, 0.71177692E-6, 0.10372227E-2, 0.79041132E-3, 0.84395362E-2, 0.13339727E-2, 0.63590887E-4
0.73366966E-4, 0.11882336E-7, 0.22928250E-5, 0.71128972E-6, 0.88555302E-3, 0.67495473E-3, 0.72118561E-2, 0.11401456E-2, 0.54351123E-4
0.73267613E-4, 0.11886613E-7, 0.22968902E-5, 0.71080257E-6, 0.93985430E-3, 0.71646454E-3, 0.76604593E-2, 0.12112900E-2, 0.57742618E-4
0.73168041E-4, 0.11890052E-7, 0.22976360E-5, 0.71031553E-6, 0.83166221E-3, 0.63409423E-3, 0.67841625E-2, 0.10729232E-2, 0.51146639E-4
0.73068237E-4, 0.11892608E-7, 0.22946735E-5, 0.70982946E-6, 0.82469278E-3, 0.62887790E-3, 0.67323935E-2, 0.10649164E-2, 0.50764975E-4
0.72968360E-4, 0.11894595E-7, 0.22893175E-5, 0.70934368E-6, 0.78424491E-3, 0.59812481E-3, 0.64069284E-2, 0.10136031E-2, 0.48318874E-4
0.72868519E-4, 0.11896349E-7, 0.22830200E-5, 0.70885784E-6, 0.67900552E-3, 0.51793281E-3, 0.55508949E-2, 0.87830884E-3, 0.41869349E-4
0.72769064E-4, 0.11898587E-7, 0.22788540E-5, 0.70837211E-6, 0.71498513E-3, 0.54544897E-3, 0.58487463E-2, 0.92557125E-3, 0.44122371E-4
0.72669427E-4, 0.11900003E-7, 0.22710126E-5, 0.70788741E-6, 0.51790022E-3, 0.39514236E-3, 0.42389226E-2, 0.67090138E-3, 0.31982152E-4
0.72569645E-4, 0.11900701E-7, 0.22600268E-5, 0.70740293E-6, 0.51730545E-3, 0.39472667E-3, 0.42360253E-2, 0.67051506E-3, 0.31963737E-4
0.72469957E-4, 0.11901312E-7, 0.22487438E-5, 0.70691846E-6, 0.52735518E-3, 0.40243441E-3, 0.43203565E-2, 0.68393885E-3, 0.32603661E-4
0.72370407E-4, 0.11901861E-7, 0.22372578E-5, 0.70643404E-6, 0.55557513E-3, 0.42401266E-3, 0.45537739E-2, 0.72097284E-3, 0.34369077E-4
0.72271017E-4, 0.11902286E-7, 0.22252884E-5, 0.70595047E-6, 0.59156260E-3, 0.45152655E-3, 0.48512542E-2, 0.76816353E-3, 0.36618687E-4
0.72171701E-4, 0.11902682E-7, 0.22132724E-5, 0.70546741E-6, 0.64007513E-3, 0.48861164E-3, 0.52520260E-2, 0.83173119E-3, 0.39648978E-4
0.72072537E-4, 0.11903067E-7, 0.22013064E-5, 0.70498436E-6, 0.68830734E-3, 0.52549614E-3, 0.56511993E-2, 0.89507166E-3, 0.42668467E-4
0.71973547E-4, 0.11903427E-7, 0.21893052E-5, 0.70450125E-6, 0.64024655E-3, 0.48886501E-3, 0.52597979E-2, 0.83319715E-3, 0.39718889E-4
0.71874740E-4, 0.11903742E-7, 0.21771955E-5, 0.70401893E-6, 0.54441969E-3, 0.41574228E-3, 0.44749766E-2, 0.70896483E-3, 0.33796685E-4
0.71776078E-4, 0.11904040E-7, 0.21650992E-5, 0.70353724E-6, 0.59325685E-3, 0.45308471E-3, 0.48789075E-2, 0.77305309E-3, 0.36851805E-4
0.71677598E-4, 0.11904328E-7, 0.21530675E-5, 0.70305543E-6, 0.61821699E-3, 0.47220121E-3, 0.50869700E-2, 0.80612511E-3, 0.38428356E-4
0.71579212E-4, 0.11904602E-7, 0.21410540E-5, 0.70257374E-6, 0.69198257E-3, 0.52860961E-3, 0.56973309E-2, 0.90297527E-3, 0.43045256E-4
0.71481212E-4, 0.11905341E-7, 0.21312956E-5, 0.70209268E-6, 0.63313567E-3, 0.48371716E-3, 0.52159866E-2, 0.82680560E-3, 0.39414215E-4
0.71385184E-4, 0.11909891E-7, 0.21391904E-5, 0.70161241E-6, 0.76490425E-3, 0.58446592E-3, 0.63055581E-2, 0.99966896E-3, 0.47654692E-4
0.71289294E-4, 0.11914429E-7, 0.21471160E-5, 0.70113185E-6, 0.86622243E-3, 0.66198583E-3, 0.71461112E-2, 0.11331292E-2, 0.54016811E-4
0.71194045E-4, 0.11919997E-7, 0.21590781E-5, 0.70065153E-6, 0.63533819E-3, 0.48560902E-3, 0.52450048E-2, 0.83181611E-3, 0.39653081E-4
0.71099596E-4, 0.11926963E-7, 0.21760557E-5, 0.70017160E-6, 0.69404219E-3, 0.53054531E-3, 0.57331021E-2, 0.90935704E-3, 0.43349504E-4
0.71008988E-4, 0.11941896E-7, 0.22180702E-5, 0.69969269E-6, 0.15084331E-2, 0.11533278E-2, 0.12472810E-1, 0.19788479E-2, 0.94332725E-4
0.70922426E-4, 0.11965120E-7, 0.22796783E-5, 0.69921367E-6, 0.25343150E-2, 0.19384515E-2, 0.20994714E-1, 0.33323446E-2, 0.15885505E-3
0.70832211E-4, 0.11980198E-7, 0.23147875E-5, 0.69873460E-6, 0.17555626E-2, 0.13433619E-2, 0.14572907E-1, 0.23141743E-2, 0.11031853E-3
0.70739807E-4, 0.11990185E-7, 0.23330506E-5, 0.69825592E-6, 0.13216155E-2, 0.10116079E-2, 0.10986567E-1, 0.17452725E-2, 0.83198756E-4
0.70647133E-4, 0.11999356E-7, 0.23474465E-5, 0.69777820E-6, 0.14668956E-2, 0.11231131E-2, 0.12210083E-1, 0.19402462E-2, 0.92493596E-4
0.70554881E-4, 0.12008996E-7, 0.23634091E-5, 0.69730055E-6, 0.18842797E-2, 0.14431459E-2, 0.15708679E-1, 0.24971422E-2, 0.11904177E-3
0.70453141E-4, 0.12018701E-7, 0.23800199E-5, 0.69682295E-6, 0.23235348E-2, 0.17802927E-2, 0.19408600E-1, 0.30867958E-2, 0.14715167E-3
0.70340357E-4, 0.12026848E-7, 0.23921559E-5, 0.69634547E-6, 0.15498195E-2, 0.11879280E-2, 0.12969509E-1, 0.20636483E-2, 0.98377175E-4
0.70226612E-4, 0.12032558E-7, 0.23964985E-5, 0.69586901E-6, 0.11075098E-2, 0.84912201E-3, 0.92796469E-2, 0.14769983E-2, 0.70410890E-4
0.70112721E-4, 0.12037505E-7, 0.23988810E-5, 0.69539277E-6, 0.13205978E-2, 0.10127332E-2, 0.11077453E-1, 0.17636472E-2, 0.84076150E-4
0.69998227E-4, 0.12040817E-7, 0.23969258E-5, 0.69491654E-6, 0.10678732E-2, 0.81911753E-3, 0.89675514E-2, 0.14281372E-2, 0.68081907E-4
0.69883434E-4, 0.12043027E-7, 0.23913894E-5, 0.69444030E-6, 0.97845052E-3, 0.75067574E-3, 0.82244286E-2, 0.13101127E-2, 0.62455525E-4
0.69768626E-4, 0.12044801E-7, 0.23843281E-5, 0.69396521E-6, 0.93506958E-3, 0.71752764E-3, 0.78667719E-2, 0.12534293E-2, 0.59753398E-4
0.69653790E-4, 0.12046137E-7, 0.23755208E-5, 0.69349016E-6, 0.90698636E-3, 0.69610367E-3, 0.76370300E-2, 0.12170960E-2, 0.58021364E-4
0.69538997E-4, 0.12047162E-7, 0.23654247E-5, 0.69301535E-6, 0.84285089E-3, 0.64699084E-3, 0.71027293E-2, 0.11321866E-2, 0.53973628E-4
0.69424299E-4, 0.12047979E-7, 0.23544533E-5, 0.69254037E-6, 0.83485717E-3, 0.64095977E-3, 0.70408168E-2, 0.11225473E-2, 0.53514148E-4
0.69309695E-4, 0.12048621E-7, 0.23427629E-5, 0.69206629E-6, 0.83732262E-3, 0.64295757E-3, 0.70670643E-2, 0.11269626E-2, 0.53724685E-4
0.69195201E-4, 0.12049104E-7, 0.23304406E-5, 0.69159273E-6, 0.69373875E-3, 0.53278398E-3, 0.58593829E-2, 0.93455543E-3, 0.44552271E-4
0.69080845E-4, 0.12049437E-7, 0.23174771E-5, 0.69111917E-6, 0.69012516E-3, 0.53008023E-3, 0.58325659E-2, 0.93043729E-3, 0.44355984E-4
0.68966605E-4, 0.12049647E-7, 0.23040384E-5, 0.69064572E-6, 0.68519375E-3, 0.52636367E-3, 0.57945615E-2, 0.92453224E-3, 0.44074524E-4
0.68852569E-4, 0.12049840E-7, 0.22906022E-5, 0.69017273E-6, 0.84234885E-3, 0.64718531E-3, 0.71285404E-2, 0.11375837E-2, 0.54231215E-4
0.68738707E-4, 0.12050011E-7, 0.22771710E-5, 0.68970053E-6, 0.72063698E-3, 0.55375870E-3, 0.61029792E-2, 0.97411464E-3, 0.46438316E-4
0.68625006E-4, 0.12050151E-7, 0.22636891E-5, 0.68922833E-6, 0.52138395E-3, 0.40069627E-3, 0.44180783E-2, 0.70529350E-3, 0.33623008E-4
0.68511632E-4, 0.12050528E-7, 0.22514823E-5, 0.68875613E-6, 0.42751231E-3, 0.32858408E-3, 0.36241978E-2, 0.57862926E-3, 0.27584621E-4
0.68398505E-4, 0.12051089E-7, 0.22402760E-5, 0.68828433E-6, 0.40947975E-3, 0.31474978E-3, 0.34726337E-2, 0.55448973E-3, 0.26433836E-4
0.68286419E-4, 0.12053351E-7, 0.22372776E-5, 0.68781338E-6, 0.49498695E-3, 0.38050895E-3, 0.41994955E-2, 0.67062717E-3, 0.31970383E-4
0.68175388E-4, 0.12057424E-7, 0.22427214E-5, 0.68734266E-6, 0.61184133E-3, 0.47038871E-3, 0.51935068E-2, 0.82947843E-3, 0.39543203E-4
0.68064175E-4, 0.12060760E-7, 0.22448530E-5, 0.68687177E-6, 0.75489917E-3, 0.58045005E-3, 0.64118234E-2, 0.10242369E-2, 0.48827849E-4
0.67951813E-4, 0.12061350E-7, 0.22338431E-5, 0.68640105E-6, 0.63206453E-3, 0.48606805E-3, 0.53719641E-2, 0.85827970E-3, 0.40916308E-4
0.67839464E-4, 0.12061584E-7, 0.22211964E-5, 0.68593152E-6, 0.71085285E-3, 0.54672948E-3, 0.60453089E-2, 0.96602424E-3, 0.46052810E-4
0.67727560E-4, 0.12062305E-7, 0.22111169E-5, 0.68546206E-6, 0.70483208E-3, 0.54217485E-3, 0.59980303E-2, 0.95864251E-3, 0.45700963E-4
0.67615583E-4, 0.12062547E-7, 0.21987148E-5, 0.68499259E-6, 0.90239366E-3, 0.69425354E-3, 0.76848925E-2, 0.12284971E-2, 0.58565693E-4
0.67503737E-4, 0.12062667E-7, 0.21857943E-5, 0.68452317E-6, 0.70739427E-3, 0.54431928E-3, 0.60287989E-2, 0.96395757E-3, 0.45954439E-4
0.67392080E-4, 0.12062748E-7, 0.21727744E-5, 0.68405473E-6, 0.88762131E-3, 0.68310567E-3, 0.75703189E-2, 0.12106812E-2, 0.57716501E-4
0.67280591E-4, 0.12062796E-7, 0.21596873E-5, 0.68358662E-6, 0.82241319E-3, 0.63303026E-3, 0.70197750E-2, 0.11228857E-2, 0.53531108E-4
0.67169436E-4, 0.12063140E-7, 0.21479113E-5, 0.68311851E-6, 0.88135904E-3, 0.67851722E-3, 0.75288489E-2, 0.12045834E-2, 0.57425968E-4
0.67061992E-4, 0.12070791E-7, 0.21689666E-5, 0.68265047E-6, 0.12840990E-2, 0.98878064E-3, 0.10980213E-1, 0.17572786E-2, 0.83774743E-4
0.66960012E-4, 0.12089329E-7, 0.22274414E-5, 0.68218310E-6, 0.16000927E-2, 0.12324575E-2, 0.13700710E-1, 0.21934940E-2, 0.10457075E-3
0.66859975E-4, 0.12111512E-7, 0.22887575E-5, 0.68171630E-6, 0.16624935E-2, 0.12809422E-2, 0.14256865E-1, 0.22835170E-2, 0.10886273E-3
0.66757362E-4, 0.12127994E-7, 0.23299820E-5, 0.68124956E-6, 0.21572527E-2, 0.16627875E-2, 0.18532759E-1, 0.29698827E-2, 0.14158447E-3
0.66653047E-4, 0.12140603E-7, 0.23592229E-5, 0.68078276E-6, 0.22531238E-2, 0.17374590E-2, 0.19396661E-1, 0.31101622E-2, 0.14827264E-3
0.66546527E-4, 0.12148336E-7, 0.23744153E-5, 0.68031642E-6, 0.17147412E-2, 0.13228329E-2, 0.14789810E-1, 0.23727641E-2, 0.11311864E-3
0.66438559E-4, 0.12152728E-7, 0.23785790E-5, 0.67985115E-6, 0.14929817E-2, 0.11521338E-2, 0.12896652E-1, 0.20699496E-2, 0.98682685E-4
0.66330191E-4, 0.12155965E-7, 0.23783732E-5, 0.67938572E-6, 0.11522158E-2, 0.88940660E-3, 0.99655753E-2, 0.16000912E-2, 0.76282915E-4
0.66223118E-4, 0.12161397E-7, 0.23866619E-5, 0.67892029E-6, 0.13296849E-2, 0.10266554E-2, 0.11513905E-1, 0.18493269E-2, 0.88165230E-4
0.66116787E-4, 0.12167996E-7, 0.23990115E-5, 0.67845508E-6, 0.15214460E-2, 0.11750557E-2, 0.13192023E-1, 0.21196993E-2, 0.10105533E-3
0.66010631E-4, 0.12174574E-7, 0.24109579E-5, 0.67799090E-6, 0.18319272E-2, 0.14153327E-2, 0.15909154E-1, 0.25574849E-2, 0.12192687E-3
0.65906890E-4, 0.12185716E-7, 0.24353426E-5, 0.67752688E-6, 0.26416576E-2, 0.20418568E-2, 0.22989526E-1, 0.36980186E-2, 0.17630194E-3
0.65803295E-4, 0.12196822E-7, 0.24573303E-5, 0.67706276E-6, 0.22833082E-2, 0.17657749E-2, 0.19917719E-1, 0.32061657E-2, 0.15285370E-3
0.65698769E-4, 0.12205675E-7, 0.24714359E-5, 0.67659880E-6, 0.21473086E-2, 0.16613638E-2, 0.18770898E-1, 0.30234980E-2, 0.14414560E-3
0.65593777E-4, 0.12213195E-7, 0.24808583E-5, 0.67613581E-6, 0.20932832E-2, 0.16202773E-2, 0.18335534E-1, 0.29552002E-2, 0.14089006E-3
0.65488828E-4, 0.12220465E-7, 0.24894118E-5, 0.67567311E-6, 0.19652033E-2, 0.15217825E-2, 0.17246941E-1, 0.27814107E-2, 0.13260508E-3
0.65383800E-4, 0.12227169E-7, 0.24960837E-5, 0.67521040E-6, 0.17495475E-2, 0.13553119E-2, 0.15381468E-1, 0.24819369E-2, 0.11832792E-3
0.65278859E-4, 0.12233709E-7, 0.25026566E-5, 0.67474775E-6, 0.25502497E-2, 0.19764586E-2, 0.22466013E-1, 0.36273787E-2, 0.17293837E-3
0.65173452E-4, 0.12238964E-7, 0.25067277E-5, 0.67428579E-6, 0.19362529E-2, 0.15013210E-2, 0.17094010E-1, 0.27619011E-2, 0.13167663E-3
0.65067230E-4, 0.12242170E-7, 0.25047202E-5, 0.67382450E-6, 0.16034640E-2, 0.12437504E-2, 0.14180035E-1, 0.22923290E-2, 0.10928971E-3
0.64960601E-4, 0.12244237E-7, 0.24985382E-5, 0.67336310E-6, 0.14282564E-2, 0.11082016E-2, 0.12648821E-1, 0.20457457E-2, 0.97533935E-4
0.64853877E-4, 0.12245736E-7, 0.24900478E-5, 0.67290176E-6, 0.96899510E-3, 0.75204740E-3, 0.85914452E-2, 0.13900512E-2, 0.66272951E-4
0.64747204E-4, 0.12246991E-7, 0.24805586E-5, 0.67244076E-6, 0.83853485E-3, 0.65091939E-3, 0.74410909E-2, 0.12042673E-2, 0.57415567E-4
0.64640706E-4, 0.12248187E-7, 0.24709609E-5, 0.67198084E-6, 0.72752358E-3, 0.56483882E-3, 0.64607398E-2, 0.10458614E-2, 0.49863429E-4
0.64534412E-4, 0.12249453E-7, 0.24618400E-5, 0.67152081E-6, 0.83799136E-3, 0.65071031E-3, 0.74471761E-2, 0.12058369E-2, 0.57490732E-4
0.64428314E-4, 0.12250805E-7, 0.24532724E-5, 0.67106066E-6, 0.83129061E-3, 0.64561999E-3, 0.73934263E-2, 0.11974454E-2, 0.57090801E-4
0.64322390E-4, 0.12252155E-7, 0.24448134E-5, 0.67060080E-6, 0.95649104E-3, 0.74299506E-3, 0.85140569E-2, 0.13793263E-2, 0.65762579E-4
0.64216707E-4, 0.12253625E-7, 0.24370295E-5, 0.67014196E-6, 0.81178063E-3, 0.63070346E-3, 0.72320011E-2, 0.11719541E-2, 0.55875771E-4
0.64112006E-4, 0.12256676E-7, 0.24369779E-5, 0.66968335E-6, 0.10592823E-2, 0.82315796E-3, 0.94452100E-2, 0.15310548E-2, 0.72996983E-4
0.64006723E-4, 0.12258241E-7, 0.24297624E-5, 0.66922485E-6, 0.10782622E-2, 0.83809631E-3, 0.96241431E-2, 0.15605863E-2, 0.74405223E-4
0.63901571E-4, 0.12259685E-7, 0.24220176E-5, 0.66876640E-6, 0.10283310E-2, 0.79946511E-3, 0.91876462E-2, 0.14903070E-2, 0.71054710E-4
0.63797350E-4, 0.12262645E-7, 0.24218889E-5, 0.66830836E-6, 0.93515049E-3, 0.72717486E-3, 0.83629284E-2, 0.13569597E-2, 0.64697168E-4
0.63692605E-4, 0.12264231E-7, 0.24150213E-5, 0.66785094E-6, 0.10233357E-2, 0.79591171E-3, 0.91599524E-2, 0.14867465E-2, 0.70885369E-4
0.63588363E-4, 0.12266456E-7, 0.24112794E-5, 0.66739386E-6, 0.11079237E-2, 0.86189649E-3, 0.99271405E-2, 0.16118233E-2, 0.76849057E-4
0.63486914E-4, 0.12273857E-7, 0.24308108E-5, 0.66693667E-6, 0.15111510E-2, 0.11759088E-2, 0.13556890E-1, 0.22020976E-2, 0.10499271E-3
0.63389001E-4, 0.12287930E-7, 0.24759538E-5, 0.66647971E-6, 0.19511401E-2, 0.15188486E-2, 0.17532958E-1, 0.28495411E-2, 0.13586243E-3
0.63288047E-4, 0.12295646E-7, 0.24962246E-5, 0.66602365E-6, 0.14125629E-2, 0.10999992E-2, 0.12713933E-1, 0.20674821E-2, 0.98575292E-4
0.63186271E-4, 0.12301406E-7, 0.25078641E-5, 0.66556777E-6, 0.15992585E-2, 0.12457860E-2, 0.14414940E-1, 0.23452542E-2, 0.11181960E-3
0.63087573E-4, 0.12312891E-7, 0.25391601E-5, 0.66511200E-6, 0.22205929E-2, 0.17305014E-2, 0.20051848E-1, 0.32644176E-2, 0.15564535E-3
0.62990293E-4, 0.12326831E-7, 0.25730349E-5, 0.66465623E-6, 0.24923612E-2, 0.19432803E-2, 0.22556875E-1, 0.36751332E-2, 0.17522907E-3
0.62892221E-4, 0.12338893E-7, 0.25986831E-5, 0.66420142E-6, 0.24387762E-2, 0.19025222E-2, 0.22124436E-1, 0.36076929E-2, 0.17201458E-3
0.62793391E-4, 0.12349128E-7, 0.26177975E-5, 0.66374685E-6, 0.26332876E-2, 0.20553982E-2, 0.23947384E-1, 0.39083310E-2, 0.18635025E-3
0.62693798E-4, 0.12357517E-7, 0.26301509E-5, 0.66329233E-6, 0.23102886E-2, 0.18042637E-2, 0.21060375E-1, 0.34401082E-2, 0.16402628E-3
0.62593856E-4, 0.12364861E-7, 0.26386692E-5, 0.66283781E-6, 0.25786501E-2, 0.20149243E-2, 0.23562118E-1, 0.38520319E-2, 0.18366822E-3
0.62493746E-4, 0.12371586E-7, 0.26449998E-5, 0.66238397E-6, 0.29851405E-2, 0.23339763E-2, 0.27349573E-1, 0.44755889E-2, 0.21340158E-3
0.62393585E-4, 0.12377866E-7, 0.26497160E-5, 0.66193081E-6, 0.24961277E-2, 0.19528266E-2, 0.22930456E-1, 0.37561166E-2, 0.17909765E-3
0.62293431E-4, 0.12383811E-7, 0.26532011E-5, 0.66147766E-6, 0.25595389E-2, 0.20035566E-2, 0.23570474E-1, 0.38644616E-2, 0.18426511E-3
0.62193314E-4, 0.12389500E-7, 0.26557859E-5, 0.66102456E-6, 0.25349350E-2, 0.19854263E-2, 0.23401730E-1, 0.38403573E-2, 0.18311711E-3
0.62093590E-4, 0.12395629E-7, 0.26599928E-5, 0.66057157E-6, 0.26365297E-2, 0.20661920E-2, 0.24400787E-1, 0.40081106E-2, 0.19111745E-3
0.61994040E-4, 0.12401752E-7, 0.26643065E-5, 0.66011955E-6, 0.27190789E-2, 0.21321638E-2, 0.25230313E-1, 0.41484823E-2, 0.19781252E-3
0.61894556E-4, 0.12407691E-7, 0.26678927E-5, 0.65966788E-6, 0.27377910E-2, 0.21481570E-2, 0.25471509E-1, 0.41924207E-2, 0.19990947E-3
0.61795203E-4, 0.12413556E-7, 0.26712125E-5, 0.65921597E-6, 0.27327712E-2, 0.21455463E-2, 0.25492700E-1, 0.42002550E-2, 0.20028491E-3
0.61695959E-4, 0.12419304E-7, 0.26742825E-5, 0.65876429E-6, 0.25799570E-2, 0.20267928E-2, 0.24129719E-1, 0.39797323E-2, 0.18977125E-3
0.61596693E-4, 0.12424699E-7, 0.26768421E-5, 0.65831335E-6, 0.28407620E-2, 0.22330510E-2, 0.26639074E-1, 0.43981834E-2, 0.20972689E-3
0.61496823E-4, 0.12428578E-7, 0.26755188E-5, 0.65786281E-6, 0.23355698E-2, 0.18370214E-2, 0.21957289E-1, 0.36288805E-2, 0.17304436E-3
0.61396400E-4, 0.12431067E-7, 0.26697230E-5, 0.65741250E-6, 0.18798333E-2, 0.14792832E-2, 0.17709393E-1, 0.29292705E-2, 0.13968431E-3
0.61295716E-4, 0.12432696E-7, 0.26606510E-5, 0.65696207E-6, 0.15610814E-2, 0.12289360E-2, 0.14731266E-1, 0.24383301E-2, 0.11627422E-3
0.61195125E-4, 0.12434235E-7, 0.26514351E-5, 0.65651199E-6, 0.13300648E-2, 0.10474215E-2, 0.12569062E-1, 0.20816491E-2, 0.99266050E-4
0.61094579E-4, 0.12435471E-7, 0.26409627E-5, 0.65606287E-6, 0.12702582E-2, 0.10006226E-2, 0.12019072E-1, 0.19915998E-2, 0.94972340E-4
0.60993876E-4, 0.12436082E-7, 0.26275297E-5, 0.65561386E-6, 0.11301739E-2, 0.89051988E-3, 0.10706100E-1, 0.17748952E-2, 0.84638836E-4
0.60893217E-4, 0.12436497E-7, 0.26132332E-5, 0.65516474E-6, 0.11732138E-2, 0.92467730E-3, 0.11126219E-1, 0.18454011E-2, 0.88001405E-4
0.60792932E-4, 0.12437321E-7, 0.26010382E-5, 0.65471573E-6, 0.98311878E-3, 0.77504670E-3, 0.93332883E-2, 0.15487089E-2, 0.73853407E-4
0.60694052E-4, 0.12440476E-7, 0.26004047E-5, 0.65426775E-6, 0.10510659E-2, 0.82880683E-3, 0.99881887E-2, 0.16580649E-2, 0.79068603E-4
0.60596445E-4, 0.12445800E-7, 0.26066314E-5, 0.65382005E-6, 0.17061002E-2, 0.13457510E-2, 0.16234431E-1, 0.26964592E-2, 0.12858745E-3
0.60503025E-4, 0.12458781E-7, 0.26371861E-5, 0.65337230E-6, 0.21284244E-2, 0.16796241E-2, 0.20291133E-1, 0.33729123E-2, 0.16084703E-3
0.60408202E-4, 0.12468826E-7, 0.26563430E-5, 0.65292471E-6, 0.23860489E-2, 0.18839163E-2, 0.22797590E-1, 0.37930892E-2, 0.18088591E-3
0.60312770E-4, 0.12477352E-7, 0.26698360E-5, 0.65247735E-6, 0.27215821E-2, 0.21501216E-2, 0.26068734E-1, 0.43419641E-2, 0.20706288E-3
0.60216840E-4, 0.12484616E-7, 0.26788789E-5, 0.65203108E-6, 0.24985753E-2, 0.19751578E-2, 0.23994572E-1, 0.40009166E-2, 0.19080067E-3
0.60120779E-4, 0.12491331E-7, 0.26856408E-5, 0.65158463E-6, 0.23547246E-2, 0.18625108E-2, 0.22667455E-1, 0.37835466E-2, 0.18043605E-3
0.60024478E-4, 0.12497255E-7, 0.26895223E-5, 0.65113841E-6, 0.28794408E-2, 0.22789484E-2, 0.27789922E-1, 0.46437532E-2, 0.22146138E-3
0.59927959E-4, 0.12502458E-7, 0.26917032E-5, 0.65069219E-6, 0.24701562E-2, 0.19562694E-2, 0.23903389E-1, 0.39989636E-2, 0.19071341E-3
0.59830731E-4, 0.12506023E-7, 0.26893392E-5, 0.65024699E-6, 0.19948911E-2, 0.15807236E-2, 0.19347236E-1, 0.32399141E-2, 0.15451528E-3
0.59732938E-4, 0.12508172E-7, 0.26821970E-5, 0.64980202E-6, 0.16752520E-2, 0.13280299E-2, 0.16276825E-1, 0.27279514E-2, 0.13010015E-3
0.59634855E-4, 0.12509492E-7, 0.26717676E-5, 0.64935693E-6, 0.14241546E-2, 0.11293964E-2, 0.13858422E-1, 0.23242340E-2, 0.11084708E-3
0.59536735E-4, 0.12510423E-7, 0.26596990E-5, 0.64891196E-6, 0.13158276E-2, 0.10438324E-2, 0.12821612E-1, 0.21516636E-2, 0.10261747E-3
0.59438593E-4, 0.12510958E-7, 0.26458040E-5, 0.64846768E-6, 0.12069172E-2, 0.95772470E-3, 0.11775028E-1, 0.19771503E-2, 0.94295065E-4
0.59340487E-4, 0.12511330E-7, 0.26312196E-5, 0.64802413E-6, 0.10824151E-2, 0.85916521E-3, 0.10572290E-1, 0.17761153E-2, 0.84707644E-4
0.59242666E-4, 0.12511884E-7, 0.26177318E-5, 0.64758035E-6, 0.10438701E-2, 0.82878215E-3, 0.10206510E-1, 0.17154915E-2, 0.81816717E-4
0.59144833E-4, 0.12512089E-7, 0.26025241E-5, 0.64713686E-6, 0.10437083E-2, 0.82886103E-3, 0.10215383E-1, 0.17177936E-2, 0.81926904E-4
0.59047074E-4, 0.12512155E-7, 0.25866805E-5, 0.64669337E-6, 0.10170130E-2, 0.80786151E-3, 0.99642090E-2, 0.16763435E-2, 0.79950347E-4
0.58949419E-4, 0.12512103E-7, 0.25703400E-5, 0.64625090E-6, 0.10027472E-2, 0.79672330E-3, 0.98342104E-2, 0.16552364E-2, 0.78944046E-4
0.58852038E-4, 0.12512260E-7, 0.25551849E-5, 0.64580854E-6, 0.11418093E-2, 0.90744765E-3, 0.11209824E-1, 0.18876954E-2, 0.90031259E-4
0.58755882E-4, 0.12514408E-7, 0.25504169E-5, 0.64536641E-6, 0.13254825E-2, 0.10537344E-2, 0.13028876E-1, 0.21952542E-2, 0.10470056E-3
0.58659043E-4, 0.12514993E-7, 0.25377747E-5, 0.64492411E-6, 0.11741468E-2, 0.93370810E-3, 0.11555593E-1, 0.19481428E-2, 0.92915354E-4
0.58562047E-4, 0.12514987E-7, 0.25220752E-5, 0.64448255E-6, 0.10872321E-2, 0.86482998E-3, 0.10712212E-1, 0.18069086E-2, 0.86179767E-4
0.58465161E-4, 0.12514858E-7, 0.25058184E-5, 0.64404162E-6, 0.10212087E-2, 0.81252091E-3, 0.10072221E-1, 0.16997925E-2, 0.81071295E-4
0.58368420E-4, 0.12514700E-7, 0.24895301E-5, 0.64360063E-6, 0.11592848E-2, 0.92262431E-3, 0.11446334E-1, 0.19326670E-2, 0.92178692E-4
0.58271813E-4, 0.12514524E-7, 0.24732578E-5, 0.64315986E-6, 0.12264643E-2, 0.97637292E-3, 0.12123925E-1, 0.20482168E-2, 0.97690368E-4
0.58175374E-4, 0.12514321E-7, 0.24569667E-5, 0.64271910E-6, 0.13039410E-2, 0.10383716E-2, 0.12905941E-1, 0.21816264E-2, 0.10405398E-3
0.58079058E-4, 0.12514093E-7, 0.24406386E-5, 0.64227930E-6, 0.11952478E-2, 0.95210905E-3, 0.11844928E-1, 0.20034641E-2, 0.95556985E-4
0.57982899E-4, 0.12513826E-7, 0.24242363E-5, 0.64183973E-6, 0.11748519E-2, 0.93613425E-3, 0.11656507E-1, 0.19727047E-2, 0.94090392E-4
0.57886871E-4, 0.12513520E-7, 0.24077510E-5, 0.64140028E-6, 0.88637660E-3, 0.70645456E-3, 0.88034291E-2, 0.14905998E-2, 0.71096227E-4
0.57790996E-4, 0.12513189E-7, 0.23912305E-5, 0.64096071E-6, 0.10473093E-2, 0.83491654E-3, 0.10411679E-1, 0.17637174E-2, 0.84123334E-4
0.57695270E-4, 0.12512845E-7, 0.23747641E-5, 0.64052182E-6, 0.10573360E-2, 0.84312854E-3, 0.10522344E-1, 0.17833640E-2, 0.85060863E-4
0.57599700E-4, 0.12512491E-7, 0.23583777E-5, 0.64008356E-6, 0.12501669E-2, 0.99717523E-3, 0.12455535E-1, 0.21121735E-2, 0.10074460E-3
0.57505611E-4, 0.12514574E-7, 0.23545228E-5, 0.63964541E-6, 0.11620157E-2, 0.92714332E-3, 0.11591396E-1, 0.19667989E-2, 0.93811213E-4
0.57414509E-4, 0.12521869E-7, 0.23760410E-5, 0.63920726E-6, 0.14951261E-2, 0.11933148E-2, 0.14933923E-1, 0.25355760E-2, 0.12094124E-3
0.57329158E-4, 0.12539471E-7, 0.24304588E-5, 0.63876928E-6, 0.24827735E-2, 0.19825671E-2, 0.24848105E-1, 0.42229253E-2, 0.20142610E-3
0.57242309E-4, 0.12554041E-7, 0.24700241E-5, 0.63833221E-6, 0.27357116E-2, 0.21859673E-2, 0.27451254E-1, 0.46712807E-2, 0.22281485E-3
0.57153458E-4, 0.12564649E-7, 0.24943781E-5, 0.63789537E-6, 0.36497386E-2, 0.29186485E-2, 0.36740489E-1, 0.62618363E-2, 0.29868755E-3
0.57063422E-4, 0.12572778E-7, 0.25098768E-5, 0.63745853E-6, 0.27220966E-2, 0.21786066E-2, 0.27492087E-1, 0.46931859E-2, 0.22386730E-3
0.56972589E-4, 0.12579189E-7, 0.25192869E-5, 0.63702169E-6, 0.22319530E-2, 0.17874605E-2, 0.22599030E-1, 0.38627840E-2, 0.18425919E-3
0.56881931E-4, 0.12585645E-7, 0.25279210E-5, 0.63658541E-6, 0.20471604E-2, 0.16403683E-2, 0.20773187E-1, 0.35546024E-2, 0.16956055E-3
0.56791472E-4, 0.12592170E-7, 0.25361919E-5, 0.63614999E-6, 0.23856219E-2, 0.19126551E-2, 0.24262026E-1, 0.41563204E-2, 0.19826597E-3
0.56700988E-4, 0.12598346E-7, 0.25431316E-5, 0.63571457E-6, 0.22037907E-2, 0.17679178E-2, 0.22465305E-1, 0.38531229E-2, 0.18380514E-3
0.56610465E-4, 0.12604206E-7, 0.25491042E-5, 0.63527909E-6, 0.23755508E-2, 0.19068300E-2, 0.24272639E-1, 0.41680858E-2, 0.19883233E-3
0.56519933E-4, 0.12609735E-7, 0.25538159E-5, 0.63484367E-6, 0.31550170E-2, 0.25342868E-2, 0.32326803E-1, 0.55591227E-2, 0.26519384E-3
0.56428893E-4, 0.12614086E-7, 0.25552652E-5, 0.63440933E-6, 0.30464893E-2, 0.24490901E-2, 0.31314246E-1, 0.53939093E-2, 0.25731709E-3
0.56337045E-4, 0.12616674E-7, 0.25511138E-5, 0.63397522E-6, 0.16710956E-2, 0.13442506E-2, 0.17219393E-1, 0.29699083E-2, 0.14168188E-3
0.56245692E-4, 0.12619870E-7, 0.25488198E-5, 0.63354111E-6, 0.24593829E-2, 0.19794169E-2, 0.25395196E-1, 0.43848837E-2, 0.20918695E-3
0.56155983E-4, 0.12625786E-7, 0.25556119E-5, 0.63310699E-6, 0.27194617E-2, 0.21902323E-2, 0.28155623E-1, 0.48683970E-2, 0.23225737E-3
0.56066310E-4, 0.12631485E-7, 0.25614027E-5, 0.63267322E-6, 0.28487020E-2, 0.22960040E-2, 0.29578069E-1, 0.51221731E-2, 0.24436842E-3
0.55976485E-4, 0.12636645E-7, 0.25655888E-5, 0.63224047E-6, 0.23866140E-2, 0.19249200E-2, 0.24847878E-1, 0.43093506E-2, 0.20559371E-3
0.55887194E-4, 0.12642458E-7, 0.25713184E-5, 0.63180778E-6, 0.23959270E-2, 0.19336613E-2, 0.25006410E-1, 0.43426538E-2, 0.20718572E-3
0.55797991E-4, 0.12648187E-7, 0.25767215E-5, 0.63137497E-6, 0.30835806E-2, 0.24904488E-2, 0.32274026E-1, 0.56133689E-2, 0.26781540E-3
0.55708471E-4, 0.12653078E-7, 0.25796567E-5, 0.63094222E-6, 0.30459962E-2, 0.24621196E-2, 0.31982094E-1, 0.55723139E-2, 0.26586183E-3
0.55618297E-4, 0.12656495E-7, 0.25781665E-5, 0.63051050E-6, 0.25568190E-2, 0.20682928E-2, 0.26924955E-1, 0.46988553E-2, 0.22419220E-3
0.55529003E-4, 0.12661214E-7, 0.25805525E-5, 0.63007911E-6, 0.21955743E-2, 0.17772242E-2, 0.23178492E-1, 0.40506730E-2, 0.19326909E-3
0.55440272E-4, 0.12666671E-7, 0.25848424E-5, 0.62964767E-6, 0.27099045E-2, 0.21950016E-2, 0.28680600E-1, 0.50193490E-2, 0.23949120E-3
0.55351520E-4, 0.12671823E-7, 0.25880554E-5, 0.62921629E-6, 0.29992640E-2, 0.24312753E-2, 0.31837735E-1, 0.55812690E-2, 0.26630747E-3
0.55262321E-4, 0.12675909E-7, 0.25883012E-5, 0.62878507E-6, 0.26715121E-2, 0.21672831E-2, 0.28443061E-1, 0.49946257E-2, 0.23832072E-3
0.55172419E-4, 0.12678443E-7, 0.25837171E-5, 0.62835494E-6, 0.16281914E-2, 0.13216815E-2, 0.17374916E-1, 0.30550840E-2, 0.14577682E-3
0.55082292E-4, 0.12680337E-7, 0.25770266E-5, 0.62792492E-6, 0.14097563E-2, 0.11448475E-2, 0.15067817E-1, 0.26518584E-2, 0.12653785E-3
0.54992117E-4, 0.12681844E-7, 0.25688564E-5, 0.62749496E-6, 0.13692738E-2, 0.11123975E-2, 0.14656294E-1, 0.25816085E-2, 0.12318700E-3
0.54901902E-4, 0.12683036E-7, 0.25593647E-5, 0.62706488E-6, 0.12394205E-2, 0.10072697E-2, 0.13284531E-1, 0.23418560E-2, 0.11174772E-3
0.54811597E-4, 0.12683760E-7, 0.25476497E-5, 0.62663537E-6, 0.10384386E-2, 0.84419991E-3, 0.11143588E-1, 0.19658180E-2, 0.93804920E-4
0.54721240E-4, 0.12684184E-7, 0.25344655E-5, 0.62620677E-6, 0.10186012E-2, 0.82830730E-3, 0.10942358E-1, 0.19315376E-2, 0.92169808E-4
0.54630960E-4, 0.12684430E-7, 0.25204336E-5, 0.62577823E-6, 0.99198753E-3, 0.80688979E-3, 0.10667596E-1, 0.18842058E-2, 0.89911868E-4
0.54540753E-4, 0.12684537E-7, 0.25057459E-5, 0.62534957E-6, 0.10184527E-2, 0.82864711E-3, 0.10963619E-1, 0.19376948E-2, 0.92464958E-4
0.54450615E-4, 0.12684509E-7, 0.24903848E-5, 0.62492109E-6, 0.10480478E-2, 0.85297029E-3, 0.11294304E-1, 0.19974166E-2, 0.95315518E-4
0.54360658E-4, 0.12684580E-7, 0.24756882E-5, 0.62449323E-6, 0.69938507E-3, 0.56934776E-3, 0.75439871E-2, 0.13349162E-2, 0.63701824E-4
0.54271743E-4, 0.12686201E-7, 0.24697915E-5, 0.62406588E-6, 0.95377193E-3, 0.77661255E-3, 0.10296683E-1, 0.18229391E-2, 0.86990702E-4
0.54182648E-4, 0.12687228E-7, 0.24607414E-5, 0.62363870E-6, 0.88649068E-3, 0.72201446E-3, 0.95795523E-2, 0.16969612E-2, 0.80979618E-4
0.54094278E-4, 0.12689284E-7, 0.24571973E-5, 0.62321146E-6, 0.10691733E-2, 0.87103859E-3, 0.11565322E-1, 0.20499746E-2, 0.97826305E-4
0.54005512E-4, 0.12690383E-7, 0.24486792E-5, 0.62278428E-6, 0.85952296E-3, 0.70042978E-3, 0.93069365E-2, 0.16506806E-2, 0.78772282E-4
0.53916468E-4, 0.12690721E-7, 0.24359417E-5, 0.62235836E-6, 0.93160849E-3, 0.75936172E-3, 0.10096844E-1, 0.17917887E-2, 0.85506683E-4
0.53827407E-4, 0.12690752E-7, 0.24215190E-5, 0.62193266E-6, 0.89369697E-3, 0.72864664E-3, 0.96951975E-2, 0.17215093E-2, 0.82153405E-4
0.53738426E-4, 0.12690661E-7, 0.24064786E-5, 0.62150662E-6, 0.89847198E-3, 0.73272450E-3, 0.97561348E-2, 0.17333183E-2, 0.82717517E-4
0.53649561E-4, 0.12690540E-7, 0.23913669E-5, 0.62108057E-6, 0.89437794E-3, 0.72956947E-3, 0.97207818E-2, 0.17280258E-2, 0.82465485E-4
0.53560823E-4, 0.12690390E-7, 0.23762182E-5, 0.62065533E-6, 0.88756805E-3, 0.72419643E-3, 0.96557634E-2, 0.17174478E-2, 0.81961240E-4
0.53472231E-4, 0.12690212E-7, 0.23610439E-5, 0.62023082E-6, 0.87473879E-3, 0.71390619E-3, 0.95249927E-2, 0.16951484E-2, 0.80897596E-4
0.53383759E-4, 0.12690005E-7, 0.23458217E-5, 0.61980626E-6, 0.98491937E-3, 0.80403843E-3, 0.10735138E-1, 0.19116531E-2, 0.91230489E-4
0.53296055E-4, 0.12690872E-7, 0.23368607E-5, 0.61938147E-6, 0.90750156E-3, 0.74103917E-3, 0.99012563E-2, 0.17642478E-2, 0.84196436E-4
0.53208514E-4, 0.12691741E-7, 0.23280447E-5, 0.61895707E-6, 0.76893414E-3, 0.62803883E-3, 0.83968211E-2, 0.14969982E-2, 0.71442766E-4
0.53121999E-4, 0.12694168E-7, 0.23282291E-5, 0.61853353E-6, 0.77331660E-3, 0.63175621E-3, 0.84515046E-2, 0.15075010E-2, 0.71944458E-4
0.53034342E-4, 0.12694348E-7, 0.23154591E-5, 0.61811033E-6, 0.57747919E-3, 0.47185886E-3, 0.63156853E-2, 0.11270331E-2, 0.53787186E-4
0.52946532E-4, 0.12694040E-7, 0.22999668E-5, 0.61768725E-6, 0.60860015E-3, 0.49737067E-3, 0.66601238E-2, 0.11889561E-2, 0.56742661E-4
0.52859104E-4, 0.12694089E-7, 0.22867587E-5, 0.61726382E-6, 0.67069614E-3, 0.54821686E-3, 0.73445374E-2, 0.13116833E-2, 0.62600113E-4
0.52771611E-4, 0.12693810E-7, 0.22716461E-5, 0.61684102E-6, 0.66260906E-3, 0.54170901E-3, 0.72610215E-2, 0.12973334E-2, 0.61915598E-4
0.52684234E-4, 0.12693466E-7, 0.22562592E-5, 0.61641896E-6, 0.74187620E-3, 0.60663314E-3, 0.81355767E-2, 0.14542560E-2, 0.69405156E-4
0.52596988E-4, 0.12693107E-7, 0.22409156E-5, 0.61599712E-6, 0.65538712E-3, 0.53601828E-3, 0.71924073E-2, 0.12862568E-2, 0.61387647E-4
0.52509891E-4, 0.12692736E-7, 0.22256327E-5, 0.61557523E-6, 0.73322427E-3, 0.59979659E-3, 0.80524357E-2, 0.14407171E-2, 0.68759786E-4
0.52423515E-4, 0.12693389E-7, 0.22163786E-5, 0.61515351E-6, 0.67335914E-3, 0.55093667E-3, 0.74004689E-2, 0.13246890E-2, 0.63222556E-4
0.52340656E-4, 0.12699835E-7, 0.22389229E-5, 0.61473213E-6, 0.85210224E-3, 0.69733482E-3, 0.93724262E-2, 0.16785150E-2, 0.80109909E-4
0.52259333E-4, 0.12708703E-7, 0.22735123E-5, 0.61431160E-6, 0.11108903E-2, 0.90937386E-3, 0.12231469E-1, 0.21919594E-2, 0.10461573E-3
0.52179748E-4, 0.12720305E-7, 0.23182629E-5, 0.61389119E-6, 0.15301651E-2, 0.12530677E-2, 0.16871460E-1, 0.30261159E-2, 0.14442907E-3
0.52099429E-4, 0.12730393E-7, 0.23538641E-5, 0.61347072E-6, 0.16135888E-2, 0.13219869E-2, 0.17821159E-1, 0.31998118E-2, 0.15272116E-3
0.52017240E-4, 0.12737026E-7, 0.23732005E-5, 0.61305025E-6, 0.14105899E-2, 0.11561828E-2, 0.15604401E-1, 0.28046395E-2, 0.13386201E-3
0.51933304E-4, 0.12740452E-7, 0.23775840E-5, 0.61263057E-6, 0.11101925E-2, 0.91030070E-3, 0.12298012E-1, 0.22122688E-2, 0.10558997E-3
0.51848852E-4, 0.12742746E-7, 0.23763012E-5, 0.61221152E-6, 0.10795282E-2, 0.88543940E-3, 0.11972272E-1, 0.21552669E-2, 0.10287026E-3
0.51764266E-4, 0.12744557E-7, 0.23724767E-5, 0.61179236E-6, 0.92020648E-3, 0.75498398E-3, 0.10216310E-1, 0.18404154E-2, 0.87843247E-4
0.51679770E-4, 0.12746265E-7, 0.23681600E-5, 0.61137320E-6, 0.82341972E-3, 0.67574682E-3, 0.91502434E-2, 0.16493502E-2, 0.78724290E-4
0.51594929E-4, 0.12747164E-7, 0.23594794E-5, 0.61095420E-6, 0.74680510E-3, 0.61301276E-3, 0.83057862E-2, 0.14979393E-2, 0.71497903E-4
0.51510022E-4, 0.12747699E-7, 0.23487723E-5, 0.61053623E-6, 0.60618797E-3, 0.49768598E-3, 0.67467187E-2, 0.12173303E-2, 0.58104531E-4
0.51425082E-4, 0.12747932E-7, 0.23363436E-5, 0.61011849E-6, 0.56247087E-3, 0.46187182E-3, 0.62639969E-2, 0.11306843E-2, 0.53969095E-4
0.51340114E-4, 0.12747907E-7, 0.23224798E-5, 0.60970069E-6, 0.55314304E-3, 0.45428568E-3, 0.61637256E-2, 0.11130114E-2, 0.53125812E-4
0.51255229E-4, 0.12747769E-7, 0.23080272E-5, 0.60928289E-6, 0.58089726E-3, 0.47715800E-3, 0.64768414E-2, 0.11700075E-2, 0.55846620E-4
0.51170478E-4, 0.12747614E-7, 0.22935926E-5, 0.60886549E-6, 0.61648298E-3, 0.50647696E-3, 0.68779462E-2, 0.12429779E-2, 0.59329966E-4
0.51085863E-4, 0.12747430E-7, 0.22791255E-5, 0.60844894E-6, 0.59384585E-3, 0.48796550E-3, 0.66296281E-2, 0.11986045E-2, 0.57212248E-4
0.51001360E-4, 0.12747218E-7, 0.22645918E-5, 0.60803251E-6, 0.56226342E-3, 0.46209228E-3, 0.62808883E-2, 0.11360106E-2, 0.54224794E-4
0.50916977E-4, 0.12746979E-7, 0.22499835E-5, 0.60761619E-6, 0.49948442E-3, 0.41056192E-3, 0.55827498E-2, 0.10101164E-2, 0.48215748E-4
0.50832732E-4, 0.12746711E-7, 0.22353079E-5, 0.60719975E-6, 0.31713524E-3, 0.26070746E-3, 0.35461592E-2, 0.64181088E-3, 0.30635583E-4
0.50748640E-4, 0.12746486E-7, 0.22210193E-5, 0.60678400E-6, 0.31902920E-3, 0.26228820E-3, 0.35684914E-2, 0.64599543E-3, 0.30835410E-4
0.50664603E-4, 0.12746100E-7, 0.22058346E-5, 0.60636881E-6, 0.50814654E-3, 0.41781878E-3, 0.56862347E-2, 0.10296544E-2, 0.49148872E-4
0.50580689E-4, 0.12745716E-7, 0.21907776E-5, 0.60595380E-6, 0.57240145E-3, 0.47072562E-3, 0.64088833E-2, 0.11609449E-2, 0.55416083E-4
0.50496932E-4, 0.12745328E-7, 0.21758119E-5, 0.60553879E-6, 0.59676572E-3, 0.49084588E-3, 0.66857887E-2, 0.12115979E-2, 0.57834262E-4
0.50413306E-4, 0.12744938E-7, 0.21609453E-5, 0.60512377E-6, 0.64708013E-3, 0.53232705E-3, 0.72542564E-2, 0.13151872E-2, 0.62779334E-4
0.50329822E-4, 0.12744542E-7, 0.21461392E-5, 0.60470950E-6, 0.56323770E-3, 0.46343642E-3, 0.63184109E-2, 0.11460113E-2, 0.54704156E-4
0.50246454E-4, 0.12744131E-7, 0.21313649E-5, 0.60429579E-6, 0.53078512E-3, 0.43680432E-3, 0.59578000E-2, 0.10810206E-2, 0.51602132E-4
0.50163217E-4, 0.12743703E-7, 0.21166068E-5, 0.60388220E-6, 0.53987582E-3, 0.44435493E-3, 0.60632438E-2, 0.11005657E-2, 0.52535364E-4
0.50080122E-4, 0.12743269E-7, 0.21019043E-5, 0.60346844E-6, 0.53225545E-3, 0.43815203E-3, 0.59810542E-2, 0.10860579E-2, 0.51843112E-4
0.49997161E-4, 0.12742831E-7, 0.20873010E-5, 0.60305484E-6, 0.53759932E-3, 0.44262095E-3, 0.60445298E-2, 0.10979999E-2, 0.52413427E-4
0.49914332E-4, 0.12742384E-7, 0.20727739E-5, 0.60264227E-6, 0.50647574E-3, 0.41706016E-3, 0.56977342E-2, 0.10353867E-2, 0.49424809E-4
0.49831637E-4, 0.12741930E-7, 0.20583007E-5, 0.60222993E-6, 0.46083759E-3, 0.37953345E-3, 0.51869722E-2, 0.94289624E-3, 0.45009940E-4
0.49749066E-4, 0.12741469E-7, 0.20438697E-5, 0.60181753E-6, 0.38174007E-3, 0.31443001E-3, 0.42986032E-2, 0.78164315E-3, 0.37312540E-4
0.49666629E-4, 0.12740991E-7, 0.20294622E-5, 0.60140525E-6, 0.39341295E-3, 0.32408137E-3, 0.44318298E-2, 0.80608961E-3, 0.38479680E-4
0.49584920E-4, 0.12741486E-7, 0.20210164E-5, 0.60099308E-6, 0.38252244E-3, 0.31514603E-3, 0.43109008E-2, 0.78431203E-3, 0.37440248E-4
0.49505459E-4, 0.12745486E-7, 0.20335151E-5, 0.60058193E-6, 0.43104883E-3, 0.35516726E-3, 0.48598433E-2, 0.88444061E-3, 0.42220196E-4
0.49426893E-4, 0.12750721E-7, 0.20526088E-5, 0.60017101E-6, 0.47759112E-3, 0.39356883E-3, 0.53871544E-2, 0.98072155E-3, 0.46816571E-4
0.49348389E-4, 0.12755857E-7, 0.20707055E-5, 0.59975997E-6, 0.47852338E-3, 0.39439261E-3, 0.54003927E-2, 0.98346593E-3, 0.46947851E-4
0.49270886E-4, 0.12762432E-7, 0.20945222E-5, 0.59934905E-6, 0.69883774E-3, 0.57607266E-3, 0.78916550E-2, 0.14377496E-2, 0.68634487E-4
0.49196875E-4, 0.12774511E-7, 0.21386054E-5, 0.59893830E-6, 0.10868094E-2, 0.89612685E-3, 0.12284570E-1, 0.22394974E-2, 0.10690877E-3
0.49123053E-4, 0.12786692E-7, 0.21773055E-5, 0.59852874E-6, 0.11190460E-2, 0.92301489E-3, 0.12664122E-1, 0.23105235E-2, 0.11030055E-3
0.49047212E-4, 0.12795342E-7, 0.22005042E-5, 0.59811907E-6, 0.14568794E-2, 0.12021328E-2, 0.16510300E-1, 0.30150227E-2, 0.14393394E-3
0.48970345E-4, 0.12802079E-7, 0.22158304E-5, 0.59770952E-6, 0.13673727E-2, 0.11287632E-2, 0.15519965E-1, 0.28370854E-2, 0.13544122E-3
0.48892758E-4, 0.12807433E-7, 0.22257427E-5, 0.59729985E-6, 0.13895155E-2, 0.11475229E-2, 0.15795035E-1, 0.28902630E-2, 0.13798164E-3
0.48814432E-4, 0.12811352E-7, 0.22306294E-5, 0.59689080E-6, 0.12401531E-2, 0.10245845E-2, 0.14117521E-1, 0.25857929E-2, 0.12344774E-3
0.48735503E-4, 0.12814076E-7, 0.22311276E-5, 0.59648244E-6, 0.10416157E-2, 0.86085900E-3, 0.11872299E-1, 0.21763856E-2, 0.10390345E-3
0.48656253E-4, 0.12816052E-7, 0.22286313E-5, 0.59607430E-6, 0.81080000E-3, 0.67028921E-3, 0.92508979E-2, 0.16970104E-2, 0.81018181E-4
0.48576872E-4, 0.12817607E-7, 0.22243191E-5, 0.59566594E-6, 0.80430927E-3, 0.66508673E-3, 0.91848839E-2, 0.16859061E-2, 0.80488644E-4
0.48497473E-4, 0.12818909E-7, 0.22188899E-5, 0.59525786E-6, 0.66879636E-3, 0.55315543E-3, 0.76435204E-2, 0.14037561E-2, 0.67018722E-4
0.48418144E-4, 0.12820114E-7, 0.22130719E-5, 0.59485012E-6, 0.62319514E-3, 0.51554042E-3, 0.71273362E-2, 0.13095860E-2, 0.62523213E-4
0.48338949E-4, 0.12821283E-7, 0.22072049E-5, 0.59444324E-6, 0.69205626E-3, 0.57261996E-3, 0.79204766E-2, 0.14560256E-2, 0.69515125E-4
0.48259804E-4, 0.12822346E-7, 0.22008608E-5, 0.59403635E-6, 0.61373040E-3, 0.50791341E-3, 0.70290416E-2, 0.12927841E-2, 0.61721912E-4
0.48180689E-4, 0.12823247E-7, 0.21937228E-5, 0.59362947E-6, 0.59131242E-3, 0.48945012E-3, 0.67766830E-2, 0.12469298E-2, 0.59533046E-4
0.48101570E-4, 0.12823916E-7, 0.21853393E-5, 0.59322258E-6, 0.47758612E-3, 0.39537973E-3, 0.54765120E-2, 0.10081017E-2, 0.48130776E-4
0.48023474E-4, 0.12826036E-7, 0.21836097E-5, 0.59281649E-6, 0.88450219E-3, 0.73240360E-3, 0.10150013E-1, 0.18693266E-2, 0.89249719E-4
0.47948663E-4, 0.12833247E-7, 0.22030972E-5, 0.59241097E-6, 0.12319933E-2, 0.10204734E-2, 0.14154027E-1, 0.26088112E-2, 0.12455718E-3
0.47873516E-4, 0.12839706E-7, 0.22172489E-5, 0.59200545E-6, 0.11139010E-2, 0.92299294E-3, 0.12813895E-1, 0.23639004E-2, 0.11286527E-3
0.47797676E-4, 0.12844847E-7, 0.22255881E-5, 0.59159993E-6, 0.11364704E-2, 0.94202347E-3, 0.13089745E-1, 0.24168468E-2, 0.11539456E-3
0.47721540E-4, 0.12849304E-7, 0.22309300E-5, 0.59119441E-6, 0.11258528E-2, 0.93355152E-3, 0.12983667E-1, 0.23993233E-2, 0.11455919E-3
0.47645357E-4, 0.12853460E-7, 0.22349809E-5, 0.59078974E-6, 0.12756228E-2, 0.10581360E-2, 0.14730361E-1, 0.27245923E-2, 0.13009121E-3
0.47569254E-4, 0.12857536E-7, 0.22387912E-5, 0.59038564E-6, 0.15560957E-2, 0.12913601E-2, 0.17997254E-1, 0.33324400E-2, 0.15911637E-3
0.47493093E-4, 0.12861317E-7, 0.22416123E-5, 0.58998143E-6, 0.14816154E-2, 0.12301409E-2, 0.17164944E-1, 0.31820559E-2, 0.15193826E-3
0.47416579E-4, 0.12864332E-7, 0.22415120E-5, 0.58957727E-6, 0.94734278E-3, 0.78685459E-3, 0.10990229E-1, 0.20393142E-2, 0.97375334E-4
0.47339516E-4, 0.12866256E-7, 0.22368083E-5, 0.58917317E-6, 0.61816390E-3, 0.51356870E-3, 0.71776304E-2, 0.13326756E-2, 0.63634514E-4
0.47262034E-4, 0.12867301E-7, 0.22283077E-5, 0.58876992E-6, 0.52105502E-3, 0.43296773E-3, 0.60538477E-2, 0.11245209E-2, 0.53695592E-4
0.47184767E-4, 0.12868481E-7, 0.22210547E-5, 0.58836719E-6, 0.57357550E-3, 0.47669024E-3, 0.66680168E-2, 0.12391305E-2, 0.59168528E-4
0.47107849E-4, 0.12870009E-7, 0.22161862E-5, 0.58796439E-6, 0.54313795E-3, 0.45147297E-3, 0.63180276E-2, 0.11746036E-2, 0.56087723E-4
0.47030830E-4, 0.12871165E-7, 0.22097402E-5, 0.58756154E-6, 0.39326196E-3, 0.32693928E-3, 0.45769382E-2, 0.85122586E-3, 0.40646533E-4
0.46953661E-4, 0.12871873E-7, 0.22010245E-5, 0.58715892E-6, 0.32822139E-3, 0.27289812E-3, 0.38214484E-2, 0.71091985E-3, 0.33946970E-4
0.46876627E-4, 0.12872604E-7, 0.21926774E-5, 0.58675710E-6, 0.35652719E-3, 0.29646375E-3, 0.41525131E-2, 0.77271526E-3, 0.36897887E-4
0.46799854E-4, 0.12873546E-7, 0.21858141E-5, 0.58635567E-6, 0.36601615E-3, 0.30438791E-3, 0.42646788E-2, 0.79381210E-3, 0.37905429E-4
0.46723224E-4, 0.12874489E-7, 0.21792127E-5, 0.58595430E-6, 0.33679832E-3, 0.28012012E-3, 0.39257216E-2, 0.73092186E-3, 0.34902478E-4
0.46646604E-4, 0.12875253E-7, 0.21716990E-5, 0.58555287E-6, 0.29043754E-3, 0.24158451E-3, 0.33864710E-2, 0.63067564E-3, 0.30115689E-4
0.46569963E-4, 0.12875799E-7, 0.21629569E-5, 0.58515150E-6, 0.22421958E-3, 0.18651951E-3, 0.26150856E-2, 0.48711669E-3, 0.23260616E-4
0.46493380E-4, 0.12876240E-7, 0.21536489E-5, 0.58475109E-6, 0.22943612E-3, 0.19087196E-3, 0.26765515E-2, 0.49865438E-3, 0.23811635E-4
0.46416841E-4, 0.12876522E-7, 0.21434405E-5, 0.58435097E-6, 0.19201699E-3, 0.15975247E-3, 0.22405151E-2, 0.41748813E-3, 0.19935860E-4
0.46340367E-4, 0.12876736E-7, 0.21328956E-5, 0.58395085E-6, 0.21723870E-3, 0.18074720E-3, 0.25353364E-2, 0.47249947E-3, 0.22562823E-4
0.46264049E-4, 0.12876947E-7, 0.21224287E-5, 0.58355084E-6, 0.20521114E-3, 0.17075083E-3, 0.23954848E-2, 0.44651027E-3, 0.21321846E-4
0.46188761E-4, 0.12878600E-7, 0.21207729E-5, 0.58315084E-6, 0.32437497E-3, 0.26992551E-3, 0.37875576E-2, 0.70613390E-3, 0.33719549E-4
0.46114441E-4, 0.12881578E-7, 0.21267729E-5, 0.58275191E-6, 0.29033062E-3, 0.24161872E-3, 0.33911497E-2, 0.63238351E-3, 0.30197889E-4
0.46039302E-4, 0.12883074E-7, 0.21241920E-5, 0.58235321E-6, 0.20274163E-3, 0.16873810E-3, 0.23686944E-2, 0.44180171E-3, 0.21097203E-4
0.45963618E-4, 0.12883522E-7, 0.21153191E-5, 0.58195445E-6, 0.18889246E-3, 0.15722089E-3, 0.22073288E-2, 0.41176766E-3, 0.19663054E-4
0.45888020E-4, 0.12883903E-7, 0.21061364E-5, 0.58155575E-6, 0.19900705E-3, 0.16564914E-3, 0.23259833E-2, 0.43396838E-3, 0.20723264E-4
0.45812685E-4, 0.12884481E-7, 0.20983730E-5, 0.58115711E-6, 0.21667854E-3, 0.18036974E-3, 0.25330661E-2, 0.47268180E-3, 0.22572007E-4
0.45737364E-4, 0.12884914E-7, 0.20897237E-5, 0.58075960E-6, 0.19030033E-3, 0.15842138E-3, 0.22251557E-2, 0.41529079E-3, 0.19831474E-4
0.45662076E-4, 0.12885188E-7, 0.20801069E-5, 0.58036221E-6, 0.18830033E-3, 0.15676529E-3, 0.22021937E-2, 0.41106661E-3, 0.19629819E-4
0.45586792E-4, 0.12885262E-7, 0.20692712E-5, 0.57996488E-6, 0.17932878E-3, 0.14930440E-3, 0.20976609E-2, 0.39161087E-3, 0.18700799E-4
0.45511541E-4, 0.12885214E-7, 0.20576667E-5, 0.57956748E-6, 0.17359838E-3, 0.14454103E-3, 0.20309919E-2, 0.37921709E-3, 0.18109004E-4
0.45436416E-4, 0.12885125E-7, 0.20459220E-5, 0.57917021E-6, 0.18028202E-3, 0.15011386E-3, 0.21095623E-2, 0.39394214E-3, 0.18812239E-4
0.45361416E-4, 0.12885058E-7, 0.20344194E-5, 0.57877406E-6, 0.18154614E-3, 0.15117454E-3, 0.21247431E-2, 0.39683370E-3, 0.18950383E-4
0.45286564E-4, 0.12885025E-7, 0.20232364E-5, 0.57837815E-6, 0.18687976E-3, 0.15562447E-3, 0.21875752E-2, 0.40862811E-3, 0.19513669E-4
0.45211811E-4, 0.12884955E-7, 0.20118789E-5, 0.57798206E-6, 0.18080248E-3, 0.15057185E-3, 0.21168308E-2, 0.39547079E-3, 0.18885410E-4
0.45137131E-4, 0.12884808E-7, 0.20001055E-5, 0.57758598E-6, 0.16118538E-3, 0.13424161E-3, 0.18874796E-2, 0.35267050E-3, 0.16841563E-4
0.45062523E-4, 0.12884598E-7, 0.19879697E-5, 0.57719018E-6, 0.16114177E-3, 0.13421159E-3, 0.18872704E-2, 0.35267620E-3, 0.16841886E-4
0.44988054E-4, 0.12884388E-7, 0.19759607E-5, 0.57679529E-6, 0.16117663E-3, 0.13424702E-3, 0.18879829E-2, 0.35285426E-3, 0.16850439E-4
0.44913737E-4, 0.12884253E-7, 0.19645481E-5, 0.57640074E-6, 0.19498078E-3, 0.16241179E-3, 0.22843676E-2, 0.42699662E-3, 0.20391137E-4
0.44839569E-4, 0.12884135E-7, 0.19533429E-5, 0.57600596E-6, 0.19649639E-3, 0.16368384E-3, 0.23025849E-2, 0.43046850E-3, 0.20557000E-4
0.44765489E-4, 0.12883981E-7, 0.19420015E-5, 0.57561130E-6, 0.19819057E-3, 0.16510491E-3, 0.23229071E-2, 0.43433579E-3, 0.20741740E-4
0.44691562E-4, 0.12883829E-7, 0.19307388E-5, 0.57521680E-6, 0.24901616E-3, 0.20745964E-3, 0.29192828E-2, 0.54594182E-3, 0.26071573E-4
0.44617740E-4, 0.12883683E-7, 0.19196150E-5, 0.57482339E-6, 0.26173887E-3, 0.21807614E-3, 0.30692553E-2, 0.57410455E-3, 0.27416585E-4
0.44544013E-4, 0.12883502E-7, 0.19083227E-5, 0.57443003E-6, 0.24294494E-3, 0.20243312E-3, 0.28496296E-2, 0.53313118E-3, 0.25459978E-4
0.44470391E-4, 0.12883278E-7, 0.18968568E-5, 0.57403679E-6, 0.20006450E-3, 0.16671454E-3, 0.23472109E-2, 0.43921312E-3, 0.20974931E-4
0.44396966E-4, 0.12883197E-7, 0.18863976E-5, 0.57364343E-6, 0.20429540E-3, 0.17025057E-3, 0.23973454E-2, 0.44866651E-3, 0.21426451E-4
0.44325916E-4, 0.12886498E-7, 0.18979403E-5, 0.57325042E-6, 0.32523938E-3, 0.27106170E-3, 0.38176468E-2, 0.71462779E-3, 0.34127755E-4
0.44257500E-4, 0.12893672E-7, 0.19323231E-5, 0.57285814E-6, 0.43422249E-3, 0.36193346E-3, 0.50989701E-2, 0.95476786E-3, 0.45596080E-4
0.44192318E-4, 0.12905571E-7, 0.19892952E-5, 0.57246598E-6, 0.58878609E-3, 0.49084454E-3, 0.69178478E-2, 0.12958760E-2, 0.61886472E-4
0.44127901E-4, 0.12918448E-7, 0.20479092E-5, 0.57207421E-6, 0.83978573E-3, 0.70025044E-3, 0.98747127E-2, 0.18508194E-2, 0.88389337E-4
0.44062286E-4, 0.12929338E-7, 0.20942091E-5, 0.57168234E-6, 0.87925803E-3, 0.73336624E-3, 0.10348798E-1, 0.19410176E-2, 0.92697825E-4
0.43993521E-4, 0.12935277E-7, 0.21154317E-5, 0.57129051E-6, 0.49325119E-3, 0.41149993E-3, 0.58100387E-2, 0.10903414E-2, 0.52072210E-4
0.43922333E-4, 0.12937351E-7, 0.21152866E-5, 0.57089949E-6, 0.29601686E-3, 0.24698628E-3, 0.34883211E-2, 0.65484730E-3, 0.31274154E-4
0.43850330E-4, 0.12938015E-7, 0.21072963E-5, 0.57050892E-6, 0.26075513E-3, 0.21758399E-3, 0.30737042E-2, 0.57714351E-3, 0.27563268E-4
0.43778487E-4, 0.12938745E-7, 0.21000392E-5, 0.57011835E-6, 0.34423813E-3, 0.28727207E-3, 0.40590735E-2, 0.76234859E-3, 0.36408430E-4
0.43706841E-4, 0.12939583E-7, 0.20937223E-5, 0.56972789E-6, 0.32488373E-3, 0.27114910E-3, 0.38322411E-2, 0.71994116E-3, 0.34383265E-4
0.43635362E-4, 0.12940478E-7, 0.20880723E-5, 0.56933726E-6, 0.31673227E-3, 0.26437247E-3, 0.37373833E-2, 0.70230372E-3, 0.33541062E-4
0.43563883E-4, 0.12941190E-7, 0.20814778E-5, 0.56894760E-6, 0.31705853E-3, 0.26467131E-3, 0.37425181E-2, 0.70345041E-3, 0.33595959E-4
0.43492484E-4, 0.12941856E-7, 0.20747284E-5, 0.56855845E-6, 0.38830115E-3, 0.32417825E-3, 0.45851944E-2, 0.86208631E-3, 0.41172389E-4
0.43421136E-4, 0.12942413E-7, 0.20673465E-5, 0.56816924E-6, 0.32138918E-3, 0.26834637E-3, 0.37965553E-2, 0.71401836E-3, 0.34100955E-4
0.43349733E-4, 0.12942712E-7, 0.20582845E-5, 0.56778003E-6, 0.25248088E-3, 0.21082985E-3, 0.29834674E-2, 0.56123256E-3, 0.26804119E-4
0.43278193E-4, 0.12942632E-7, 0.20466703E-5, 0.56739088E-6, 0.16262336E-3, 0.13580461E-3, 0.19220788E-2, 0.36163218E-3, 0.17271384E-4
0.43206688E-4, 0.12942428E-7, 0.20342920E-5, 0.56700247E-6, 0.20789752E-3, 0.17362213E-3, 0.24576474E-2, 0.46246621E-3, 0.22087243E-4
0.43135322E-4, 0.12942230E-7, 0.20220882E-5, 0.56661463E-6, 0.19040113E-3, 0.15902007E-3, 0.22512835E-2, 0.42370282E-3, 0.20235975E-4
0.43063985E-4, 0.12941932E-7, 0.20092857E-5, 0.56622673E-6, 0.20246988E-3, 0.16910973E-3, 0.23944618E-2, 0.45072078E-3, 0.21526415E-4
0.42992731E-4, 0.12941554E-7, 0.19960373E-5, 0.56583900E-6, 0.20154749E-3, 0.16834974E-3, 0.23840521E-2, 0.44883482E-3, 0.21436417E-4
0.42921565E-4, 0.12941165E-7, 0.19828124E-5, 0.56545116E-6, 0.22551430E-3, 0.18838121E-3, 0.26681405E-2, 0.50240528E-3, 0.23995035E-4
0.42850588E-4, 0.12940872E-7, 0.19703709E-5, 0.56506383E-6, 0.26654956E-3, 0.22267662E-3, 0.31544678E-2, 0.59409859E-3, 0.28374450E-4
0.42779782E-4, 0.12940660E-7, 0.19585848E-5, 0.56467746E-6, 0.30526059E-3, 0.25503887E-3, 0.36137009E-2, 0.68074756E-3, 0.32512980E-4
0.42709122E-4, 0.12940471E-7, 0.19470749E-5, 0.56429099E-6, 0.32770800E-3, 0.27382042E-3, 0.38807574E-2, 0.73124410E-3, 0.34924869E-4
0.42638570E-4, 0.12940267E-7, 0.19355607E-5, 0.56390451E-6, 0.25677390E-3, 0.21457073E-3, 0.30417240E-2, 0.57328638E-3, 0.27380769E-4
0.42568448E-4, 0.12940514E-7, 0.19272204E-5, 0.56351803E-6, 0.26202781E-3, 0.21897895E-3, 0.31048227E-2, 0.58530364E-3, 0.27954819E-4
0.42499505E-4, 0.12942325E-7, 0.19294885E-5, 0.56313201E-6, 0.30353069E-3, 0.25368581E-3, 0.35976896E-2, 0.67837344E-3, 0.32400047E-4
0.42431708E-4, 0.12945699E-7, 0.19416095E-5, 0.56274678E-6, 0.34469360E-3, 0.28811867E-3, 0.40870244E-2, 0.77084638E-3, 0.36816822E-4
0.42363772E-4, 0.12948667E-7, 0.19512167E-5, 0.56236178E-6, 0.36979557E-3, 0.30913559E-3, 0.43863654E-2, 0.82754769E-3, 0.39525137E-4
0.42295211E-4, 0.12950563E-7, 0.19540023E-5, 0.56197666E-6, 0.32005893E-3, 0.26758714E-3, 0.37978464E-2, 0.71672018E-3, 0.34231947E-4
0.42226176E-4, 0.12951600E-7, 0.19510683E-5, 0.56159149E-6, 0.35463230E-3, 0.29652400E-3, 0.42096348E-2, 0.79465186E-3, 0.37954273E-4
0.42156895E-4, 0.12952091E-7, 0.19444280E-5, 0.56120666E-6, 0.28792559E-3, 0.24077228E-3, 0.34190039E-2, 0.64557738E-3, 0.30834264E-4
0.42087479E-4, 0.12952211E-7, 0.19352665E-5, 0.56082280E-6, 0.30574668E-3, 0.25569863E-3, 0.36317836E-2, 0.68592222E-3, 0.32761349E-4
0.42018026E-4, 0.12952095E-7, 0.19245135E-5, 0.56043905E-6, 0.29996331E-3, 0.25088611E-3, 0.35642583E-2, 0.67333801E-3, 0.32160409E-4
0.41948588E-4, 0.12951864E-7, 0.19130021E-5, 0.56005535E-6, 0.29624533E-3, 0.24779991E-3, 0.35212187E-2, 0.66537160E-3, 0.31780033E-4
0.41879241E-4, 0.12951574E-7, 0.19011558E-5, 0.55967155E-6, 0.20628930E-3, 0.17256827E-3, 0.24526510E-2, 0.46355167E-3, 0.22140615E-4
0.41809955E-4, 0.12951190E-7, 0.18887163E-5, 0.55928797E-6, 0.22844732E-3, 0.19111701E-3, 0.27167122E-2, 0.51355048E-3, 0.24528790E-4
0.41740757E-4, 0.12950752E-7, 0.18759897E-5, 0.55890536E-6, 0.23929427E-3, 0.20020611E-3, 0.28464096E-2, 0.53817115E-3, 0.25704847E-4
0.41678904E-4, 0.12950330E-7, 0.18634638E-5, 0.55852297E-6, 0.26888202E-3, 0.22497888E-3, 0.31992297E-2, 0.60500606E-3, 0.28897208E-4
0.41625030E-4, 0.12949907E-7, 0.18510494E-5, 0.55814058E-6, 0.33264695E-3, 0.27835855E-3, 0.39591971E-2, 0.74890821E-3, 0.35770630E-4
0.41571253E-4, 0.12949491E-7, 0.18387951E-5, 0.55775820E-6, 0.34997179E-3, 0.29288811E-3, 0.41669621E-2, 0.78843272E-3, 0.37658636E-4
0.41517575E-4, 0.12949065E-7, 0.18265491E-5, 0.55737593E-6, 0.33314104E-3, 0.27883315E-3, 0.39680498E-2, 0.75101008E-3, 0.35871344E-4
0.41463922E-4, 0.12948615E-7, 0.18142164E-5, 0.55699439E-6, 0.30867374E-3, 0.25838107E-3, 0.36779149E-2, 0.69628441E-3, 0.33257569E-4
0.41410352E-4, 0.12948142E-7, 0.18018010E-5, 0.55661343E-6, 0.29815416E-3, 0.24959969E-3, 0.35537444E-2, 0.67294732E-3, 0.32143020E-4
0.41356878E-4, 0.12947657E-7, 0.17893838E-5, 0.55623241E-6, 0.30443526E-3, 0.25488244E-3, 0.36297997E-2, 0.68752229E-3, 0.32839322E-4
0.41303501E-4, 0.12947172E-7, 0.17770733E-5, 0.55585133E-6, 0.31412521E-3, 0.26302121E-3, 0.37465983E-2, 0.70982828E-3, 0.33904907E-4
0.41250201E-4, 0.12946669E-7, 0.17647506E-5, 0.55547036E-6, 0.26308050E-3, 0.22030127E-3, 0.31387750E-2, 0.59481466E-3, 0.28411407E-4
0.41196963E-4, 0.12946145E-7, 0.17523689E-5, 0.55509008E-6, 0.24591526E-3, 0.20594388E-3, 0.29347867E-2, 0.55627659E-3, 0.26570724E-4
0.41143783E-4, 0.12945608E-7, 0.17399907E-5, 0.55471037E-6, 0.25919033E-3, 0.21707860E-3, 0.30940503E-2, 0.58658770E-3, 0.28018652E-4
0.41090691E-4, 0.12945073E-7, 0.17277195E-5, 0.55433071E-6, 0.31584702E-3, 0.26455402E-3, 0.37715444E-2, 0.71520073E-3, 0.34162062E-4
0.41037696E-4, 0.12944545E-7, 0.17155533E-5, 0.55395105E-6, 0.34223933E-3, 0.28669063E-3, 0.40881694E-2, 0.77545590E-3, 0.37040361E-4
0.40984803E-4, 0.12944016E-7, 0.17034937E-5, 0.55357145E-6, 0.34369464E-3, 0.28794166E-3, 0.41071088E-2, 0.77927380E-3, 0.37222890E-4
0.40931995E-4, 0.12943476E-7, 0.16914341E-5, 0.55319214E-6, 0.31840161E-3, 0.26678020E-3, 0.38062537E-2, 0.72239194E-3, 0.34506014E-4
0.40879269E-4, 0.12942928E-7, 0.16794143E-5, 0.55281384E-6, 0.35018424E-3, 0.29344167E-3, 0.41877320E-2, 0.79501665E-3, 0.37975202E-4
0.40826631E-4, 0.12942366E-7, 0.16673927E-5, 0.55243555E-6, 0.35697353E-3, 0.29916476E-3, 0.42705759E-2, 0.81098411E-3, 0.38738090E-4
0.40774048E-4, 0.12941795E-7, 0.16553709E-5, 0.55205720E-6, 0.35761631E-3, 0.29973823E-3, 0.42799562E-2, 0.81301021E-3, 0.38835060E-4
0.40721548E-4, 0.12941218E-7, 0.16433972E-5, 0.55167897E-6, 0.33137258E-3, 0.27777319E-3, 0.39673918E-2, 0.75385714E-3, 0.36009660E-4
0.40669129E-4, 0.12940640E-7, 0.16315074E-5, 0.55130084E-6, 0.29996858E-3, 0.25147470E-3, 0.35926593E-2, 0.68283640E-3, 0.32617332E-4
0.40616815E-4, 0.12940057E-7, 0.16197251E-5, 0.55092380E-6, 0.42755806E-3, 0.35847942E-3, 0.51228036E-2, 0.97395730E-3, 0.46523641E-4
0.40564588E-4, 0.12939476E-7, 0.16080248E-5, 0.55054699E-6, 0.37883487E-3, 0.31767052E-3, 0.45410837E-2, 0.86365722E-3, 0.41255076E-4
0.40512437E-4, 0.12938895E-7, 0.15963723E-5, 0.55016983E-6, 0.24827564E-3, 0.20821219E-3, 0.29771223E-2, 0.56636479E-3, 0.27054166E-4
0.40460382E-4, 0.12938314E-7, 0.15847885E-5, 0.54979284E-6, 0.26332508E-3, 0.22085125E-3, 0.31584590E-2, 0.60099224E-3, 0.28708351E-4
0.40408413E-4, 0.12937726E-7, 0.15732691E-5, 0.54941614E-6, 0.22777433E-3, 0.19104982E-3, 0.27327738E-2, 0.52010163E-3, 0.24844436E-4
0.40356517E-4, 0.12937131E-7, 0.15618017E-5, 0.54904012E-6, 0.28078657E-3, 0.23553382E-3, 0.33697207E-2, 0.64146274E-3, 0.30641768E-4
0.40304712E-4, 0.12936534E-7, 0.15504204E-5, 0.54866450E-6, 0.28536347E-3, 0.23939501E-3, 0.34257111E-2, 0.65227837E-3, 0.31158535E-4
0.40252984E-4, 0.12935939E-7, 0.15391220E-5, 0.54828899E-6, 0.34726955E-3, 0.29135833E-3, 0.41703098E-2, 0.79426658E-3, 0.37941296E-4
0.40201343E-4, 0.12935343E-7, 0.15279049E-5, 0.54791332E-6, 0.37136211E-3, 0.31160831E-3, 0.44614086E-2, 0.84996788E-3, 0.40602288E-4
0.40149793E-4, 0.12934743E-7, 0.15167629E-5, 0.54753781E-6, 0.36713984E-3, 0.30810275E-3, 0.44125034E-2, 0.84091735E-3, 0.40170136E-4
0.40090465E-4, 0.12934136E-7, 0.15056922E-5, 0.54716287E-6, 0.26617802E-3, 0.22339929E-3, 0.32002223E-2, 0.61005366E-3, 0.29142026E-4
0.40023988E-4, 0.12933526E-7, 0.14946951E-5, 0.54678861E-6, 0.28472857E-3, 0.23898986E-3, 0.34242854E-2, 0.65292022E-3, 0.31189855E-4
0.39957627E-4, 0.12932917E-7, 0.14837789E-5, 0.54641441E-6, 0.28446800E-3, 0.23879320E-3, 0.34222198E-2, 0.65268576E-3, 0.31178755E-4
0.39891369E-4, 0.12932309E-7, 0.14729488E-5, 0.54604021E-6, 0.38374148E-3, 0.32216197E-3, 0.46181958E-2, 0.88103203E-3, 0.42087016E-4
0.39825220E-4, 0.12931698E-7, 0.14621934E-5, 0.54566596E-6, 0.46010161E-3, 0.38632160E-3, 0.55397633E-2, 0.10572225E-2, 0.50503913E-4
0.39759187E-4, 0.12931087E-7, 0.14514967E-5, 0.54529210E-6, 0.29599853E-3, 0.24856502E-3, 0.35654523E-2, 0.68066560E-3, 0.32515803E-4
0.39694529E-4, 0.12932277E-7, 0.14514935E-5, 0.54491915E-6, 0.53907570E-3, 0.45275028E-3, 0.64964085E-2, 0.12406396E-2, 0.59266396E-4
0.39641462E-4, 0.12949579E-7, 0.15371378E-5, 0.54454631E-6, 0.78812818E-3, 0.66206756E-3, 0.95049608E-2, 0.18162284E-2, 0.86763466E-4
0.39587769E-4, 0.12965882E-7, 0.16102304E-5, 0.54417342E-6, 0.72686380E-3, 0.61075832E-3, 0.87737590E-2, 0.16776102E-2, 0.80142207E-4
0.39529747E-4, 0.12975954E-7, 0.16515992E-5, 0.54380058E-6, 0.74038596E-3, 0.62227418E-3, 0.89445170E-2, 0.17113480E-2, 0.81754632E-4
0.39469742E-4, 0.12983111E-7, 0.16781369E-5, 0.54342775E-6, 0.78637735E-3, 0.66109898E-3, 0.95084812E-2, 0.18204561E-2, 0.86967753E-4
0.39408449E-4, 0.12988326E-7, 0.16947719E-5, 0.54305605E-6, 0.82249340E-3, 0.69164915E-3, 0.99544059E-2, 0.19071663E-2, 0.91111033E-4
0.39346447E-4, 0.12992409E-7, 0.17056661E-5, 0.54268457E-6, 0.83379925E-3, 0.70135348E-3, 0.10100895E-1, 0.19366331E-2, 0.92519695E-4
0.39284165E-4, 0.12995937E-7, 0.17137357E-5, 0.54231305E-6, 0.90963446E-3, 0.76536875E-3, 0.11030691E-1, 0.21165132E-2, 0.10111435E-3
0.39221821E-4, 0.12999225E-7, 0.17205796E-5, 0.54194157E-6, 0.10123899E-2, 0.85210608E-3, 0.12290440E-1, 0.23602149E-2, 0.11275833E-3
0.39159324E-4, 0.13002159E-7, 0.17256324E-5, 0.54157005E-6, 0.10902914E-2, 0.91800367E-3, 0.13252359E-1, 0.25472939E-2, 0.12169753E-3
0.39096733E-4, 0.13004811E-7, 0.17292315E-5, 0.54119926E-6, 0.13688622E-2, 0.11530383E-2, 0.16662130E-1, 0.32061627E-2, 0.15317745E-3
0.39034294E-4, 0.13007522E-7, 0.17332118E-5, 0.54082915E-6, 0.13945919E-2, 0.11752719E-2, 0.17002895E-1, 0.32757560E-2, 0.15650509E-3
0.38972001E-4, 0.13010304E-7, 0.17375145E-5, 0.54045904E-6, 0.13629548E-2, 0.11491586E-2, 0.16644139E-1, 0.32105898E-2, 0.15339427E-3
0.38909515E-4, 0.13012655E-7, 0.17395873E-5, 0.54008882E-6, 0.13373249E-2, 0.11280747E-2, 0.16356997E-1, 0.31590057E-2, 0.15093229E-3
0.38847105E-4, 0.13014976E-7, 0.17416631E-5, 0.53971871E-6, 0.94800437E-3, 0.79999247E-3, 0.11610979E-1, 0.22447528E-2, 0.10725233E-3
0.38784725E-4, 0.13017178E-7, 0.17432504E-5, 0.53934883E-6, 0.93414512E-3, 0.78855437E-3, 0.11453860E-1, 0.22162572E-2, 0.10589217E-3
0.38722519E-4, 0.13019485E-7, 0.17452967E-5, 0.53898003E-6, 0.98077313E-3, 0.82819094E-3, 0.12039114E-1, 0.23315216E-2, 0.11140086E-3
0.38660641E-4, 0.13022079E-7, 0.17488219E-5, 0.53861123E-6, 0.11612667E-2, 0.98096952E-3, 0.14272622E-1, 0.27667501E-2, 0.13219805E-3
0.38598817E-4, 0.13024622E-7, 0.17524609E-5, 0.53824243E-6, 0.13155289E-2, 0.11117610E-2, 0.16192155E-1, 0.31423813E-2, 0.15014849E-3
0.38536808E-4, 0.13026760E-7, 0.17548494E-5, 0.53787363E-6, 0.99220232E-3, 0.83885918E-3, 0.12229356E-1, 0.23758633E-2, 0.11352463E-3
0.38474711E-4, 0.13028631E-7, 0.17563151E-5, 0.53750495E-6, 0.96833630E-3, 0.81896328E-3, 0.11949021E-1, 0.23234931E-2, 0.11102370E-3
0.38412538E-4, 0.13030269E-7, 0.17569644E-5, 0.53713717E-6, 0.10333866E-2, 0.87428518E-3, 0.12766749E-1, 0.24847786E-2, 0.11873204E-3
0.38350066E-4, 0.13031337E-7, 0.17549580E-5, 0.53676973E-6, 0.10989569E-2, 0.93010702E-3, 0.13593843E-1, 0.26483426E-2, 0.12654951E-3
0.38287420E-4, 0.13032015E-7, 0.17509019E-5, 0.53640224E-6, 0.92152227E-3, 0.78021525E-3, 0.11412805E-1, 0.22255378E-2, 0.10634746E-3
0.38224720E-4, 0.13032482E-7, 0.17456897E-5, 0.53603486E-6, 0.55347424E-3, 0.46872883E-3, 0.68607396E-2, 0.13388091E-2, 0.63975727E-4
0.38162634E-4, 0.13033644E-7, 0.17439141E-5, 0.53566748E-6, 0.95484866E-3, 0.80885843E-3, 0.11846448E-1, 0.23133266E-2, 0.11054470E-3
0.38102582E-4, 0.13037425E-7, 0.17546957E-5, 0.53530050E-6, 0.13445716E-2, 0.11394593E-2, 0.16704377E-1, 0.32654561E-2, 0.15604559E-3
0.38042443E-4, 0.13040967E-7, 0.17639929E-5, 0.53493443E-6, 0.12329507E-2, 0.10453493E-2, 0.15341379E-1, 0.30026592E-2, 0.14348993E-3
0.37982256E-4, 0.13044300E-7, 0.17711803E-5, 0.53456836E-6, 0.12435310E-2, 0.10547872E-2, 0.15495987E-1, 0.30364669E-2, 0.14510794E-3
0.37921949E-4, 0.13047341E-7, 0.17769040E-5, 0.53420234E-6, 0.14115460E-2, 0.11978705E-2, 0.17617632E-1, 0.34565404E-2, 0.16518559E-3
0.37861631E-4, 0.13050204E-7, 0.17818342E-5, 0.53383633E-6, 0.12221524E-2, 0.10376412E-2, 0.15278081E-1, 0.30013020E-2, 0.14343277E-3
0.37801205E-4, 0.13052788E-7, 0.17851563E-5, 0.53347037E-6, 0.10530700E-2, 0.89445355E-3, 0.13182447E-1, 0.25924484E-2, 0.12389557E-3
0.37740778E-4, 0.13055232E-7, 0.17878144E-5, 0.53310532E-6, 0.13548640E-2, 0.11512853E-2, 0.16984597E-1, 0.33439826E-2, 0.15981481E-3
0.37680566E-4, 0.13057816E-7, 0.17916154E-5, 0.53274073E-6, 0.99510851E-3, 0.84595219E-3, 0.12492683E-1, 0.24624309E-2, 0.11768588E-3
0.37620404E-4, 0.13060338E-7, 0.17956772E-5, 0.53237602E-6, 0.12993694E-2, 0.11050641E-2, 0.16334783E-1, 0.32232839E-2, 0.15405151E-3
0.37560119E-4, 0.13062540E-7, 0.17988186E-5, 0.53201126E-6, 0.11157104E-2, 0.94929017E-3, 0.14046603E-1, 0.27750379E-2, 0.13263065E-3
0.37499995E-4, 0.13064847E-7, 0.18023096E-5, 0.53164661E-6, 0.12246224E-2, 0.10423992E-2, 0.15439489E-1, 0.30536698E-2, 0.14595011E-3
0.37439429E-4, 0.13066416E-7, 0.18027921E-5, 0.53128264E-6, 0.76551858E-3, 0.65185165E-3, 0.96631721E-2, 0.19131079E-2, 0.91438313E-4
0.37378748E-4, 0.13067688E-7, 0.18020677E-5, 0.53091924E-6, 0.73542015E-3, 0.62639388E-3, 0.92916293E-2, 0.18409044E-2, 0.87988265E-4
0.37318016E-4, 0.13068756E-7, 0.18003748E-5, 0.53055595E-6, 0.72232384E-3, 0.61540282E-3, 0.91341697E-2, 0.18110028E-2, 0.86560023E-4
0.37257290E-4, 0.13069661E-7, 0.17979064E-5, 0.53019261E-6, 0.81795367E-3, 0.69707260E-3, 0.10353029E-1, 0.20542128E-2, 0.98185788E-4
0.37196522E-4, 0.13070410E-7, 0.17945935E-5, 0.52982921E-6, 0.76207868E-3, 0.64964389E-3, 0.96550491E-2, 0.19172218E-2, 0.91639107E-4
0.37135684E-4, 0.13070914E-7, 0.17897285E-5, 0.52946609E-6, 0.64314093E-3, 0.54839591E-3, 0.81551317E-2, 0.16205147E-2, 0.77457946E-4
0.37075573E-4, 0.13072257E-7, 0.17887298E-5, 0.52910389E-6, 0.84678159E-3, 0.72223297E-3, 0.10746917E-1, 0.21371015E-2, 0.10215105E-3
0.37018690E-4, 0.13077794E-7, 0.18079263E-5, 0.52874196E-6, 0.10558037E-2, 0.90082863E-3, 0.13415276E-1, 0.26702513E-2, 0.12763678E-3
0.36961261E-4, 0.13082444E-7, 0.18221692E-5, 0.52837999E-6, 0.10673034E-2, 0.91099914E-3, 0.13578985E-1, 0.27057054E-2, 0.12933355E-3
0.36903446E-4, 0.13086479E-7, 0.18332082E-5, 0.52801795E-6, 0.11399196E-2, 0.97338052E-3, 0.14522440E-1, 0.28968977E-2, 0.13847483E-3
0.36845424E-4, 0.13090091E-7, 0.18421248E-5, 0.52765603E-6, 0.10524209E-2, 0.89903385E-3, 0.13425790E-1, 0.26811056E-2, 0.12816180E-3
0.36787205E-4, 0.13093308E-7, 0.18487840E-5, 0.52729467E-6, 0.96500502E-3, 0.82467013E-3, 0.12325888E-1, 0.24639729E-2, 0.11778424E-3
0.36728936E-4, 0.13096306E-7, 0.18540569E-5, 0.52693417E-6, 0.10294839E-2, 0.88010018E-3, 0.13165544E-1, 0.26344797E-2, 0.12593680E-3
0.36670706E-4, 0.13099237E-7, 0.18589681E-5, 0.52657361E-6, 0.10526638E-2, 0.90026850E-3, 0.13479226E-1, 0.27001048E-2, 0.12907598E-3
0.36612626E-4, 0.13102242E-7, 0.18643578E-5, 0.52621294E-6, 0.15028703E-2, 0.12859099E-2, 0.19274063E-1, 0.38658762E-2, 0.18480816E-3
0.36554480E-4, 0.13105018E-7, 0.18693447E-5, 0.52585239E-6, 0.12002632E-2, 0.10275193E-2, 0.15419233E-1, 0.30970243E-2, 0.14805628E-3
0.36495927E-4, 0.13107120E-7, 0.18718758E-5, 0.52549183E-6, 0.13192085E-2, 0.11298836E-2, 0.16973613E-1, 0.34136306E-2, 0.16319516E-3
0.36436850E-4, 0.13108400E-7, 0.18706137E-5, 0.52513246E-6, 0.11372034E-2, 0.97445602E-3, 0.14654272E-1, 0.29509400E-2, 0.14107808E-3
0.36377420E-4, 0.13109086E-7, 0.18661013E-5, 0.52477333E-6, 0.89168706E-3, 0.76437352E-3, 0.11505069E-1, 0.23192414E-2, 0.11087972E-3
0.36317942E-4, 0.13109568E-7, 0.18603934E-5, 0.52441391E-6, 0.88802015E-3, 0.76148799E-3, 0.11470378E-1, 0.23143911E-2, 0.11064938E-3
0.36258400E-4, 0.13109837E-7, 0.18533772E-5, 0.52405477E-6, 0.86458534E-3, 0.74164005E-3, 0.11179800E-1, 0.22578237E-2, 0.10794642E-3
0.36198802E-4, 0.13109926E-7, 0.18451487E-5, 0.52369558E-6, 0.70153986E-3, 0.60196151E-3, 0.90803700E-2, 0.18353477E-2, 0.87749024E-4
0.36139623E-4, 0.13110426E-7, 0.18399146E-5, 0.52333684E-6, 0.65668154E-3, 0.56361721E-3, 0.85069109E-2, 0.17206712E-2, 0.82267172E-4
0.36081099E-4, 0.13111649E-7, 0.18398154E-5, 0.52297901E-6, 0.61603240E-3, 0.52885769E-3, 0.79866210E-2, 0.16165203E-2, 0.77288416E-4
0.36023099E-4, 0.13113437E-7, 0.18435766E-5, 0.52262118E-6, 0.61139633E-3, 0.52500068E-3, 0.79325307E-2, 0.16066103E-2, 0.76815435E-4
0.35964982E-4, 0.13114940E-7, 0.18454962E-5, 0.52226318E-6, 0.67223696E-3, 0.57738554E-3, 0.87288218E-2, 0.17690823E-2, 0.84584506E-4
0.35906414E-4, 0.13115731E-7, 0.18426045E-5, 0.52190529E-6, 0.59974752E-3, 0.51524991E-3, 0.77936971E-2, 0.15806246E-2, 0.75574615E-4
0.35847657E-4, 0.13116122E-7, 0.18369033E-5, 0.52154763E-6, 0.55423111E-3, 0.47625159E-3, 0.72073541E-2, 0.14626053E-2, 0.69932423E-4
0.35788820E-4, 0.13116297E-7, 0.18296586E-5, 0.52119083E-6, 0.52212639E-3, 0.44875644E-3, 0.67943726E-2, 0.13795880E-2, 0.65963643E-4
0.35729940E-4, 0.13116273E-7, 0.18209208E-5, 0.52083425E-6, 0.53947279E-3, 0.46375924E-3, 0.70246863E-2, 0.14271584E-2, 0.68238762E-4
0.35671008E-4, 0.13116055E-7, 0.18107331E-5, 0.52047773E-6, 0.54304895E-3, 0.46693045E-3, 0.70759836E-2, 0.14384108E-2, 0.68777394E-4
0.35613222E-4, 0.13117199E-7, 0.18096084E-5, 0.52012132E-6, 0.77753677E-3, 0.66871912E-3, 0.10139628E-1, 0.20626336E-2, 0.98625605E-4
0.35557026E-4, 0.13120289E-7, 0.18229379E-5, 0.51976463E-6, 0.75263972E-3, 0.64749905E-3, 0.98243784E-2, 0.20001447E-2, 0.95638890E-4
0.35499295E-4, 0.13121269E-7, 0.18219655E-5, 0.51940867E-6, 0.61901682E-3, 0.53268485E-3, 0.80871144E-2, 0.16476728E-2, 0.78786055E-4
0.35441368E-4, 0.13121876E-7, 0.18182214E-5, 0.51905351E-6, 0.59433060E-3, 0.51156187E-3, 0.77704797E-2, 0.15841972E-2, 0.75751675E-4
0.35384226E-4, 0.13123354E-7, 0.18210403E-5, 0.51869830E-6, 0.63936738E-3, 0.55045815E-3, 0.83657261E-2, 0.17066849E-2, 0.81609527E-4
0.35328001E-4, 0.13125899E-7, 0.18302833E-5, 0.51834320E-6, 0.81346510E-3, 0.70054305E-3, 0.10653302E-1, 0.21750678E-2, 0.10400774E-3
0.35276455E-4, 0.13134364E-7, 0.18717976E-5, 0.51798798E-6, 0.13453804E-2, 0.11591073E-2, 0.17643265E-1, 0.36063779E-2, 0.17245342E-3
0.35224781E-4, 0.13142531E-7, 0.19083079E-5, 0.51763283E-6, 0.13744024E-2, 0.11847481E-2, 0.18055076E-1, 0.36960258E-2, 0.17674436E-3
0.35171950E-4, 0.13149094E-7, 0.19336694E-5, 0.51727869E-6, 0.15334814E-2, 0.13226360E-2, 0.20182138E-1, 0.41380133E-2, 0.19788505E-3
0.35117540E-4, 0.13153505E-7, 0.19480788E-5, 0.51692490E-6, 0.14437431E-2, 0.12459753E-2, 0.19037340E-1, 0.39096894E-2, 0.18697089E-3
0.35061406E-4, 0.13155575E-7, 0.19511847E-5, 0.51657105E-6, 0.97650220E-3, 0.84314879E-3, 0.12896379E-1, 0.26520994E-2, 0.12683250E-3
0.35004268E-4, 0.13156249E-7, 0.19463357E-5, 0.51621726E-6, 0.73504279E-3, 0.63488103E-3, 0.97181303E-2, 0.20004108E-2, 0.95667951E-4
0.34946872E-4, 0.13156469E-7, 0.19385050E-5, 0.51586346E-6, 0.59951452E-3, 0.51795860E-3, 0.79330243E-2, 0.16341776E-2, 0.78154066E-4
0.34889814E-4, 0.13156980E-7, 0.19327183E-5, 0.51550995E-6, 0.77031273E-3, 0.66570175E-3, 0.10201882E-1, 0.21031485E-2, 0.10058366E-3
0.34835739E-4, 0.13161199E-7, 0.19462959E-5, 0.51515741E-6, 0.15451834E-2, 0.13359563E-2, 0.20494198E-1, 0.42303386E-2, 0.20232116E-3
0.34782370E-4, 0.13166202E-7, 0.19631209E-5, 0.51480498E-6, 0.14272323E-2, 0.12347191E-2, 0.18966207E-1, 0.39214902E-2, 0.18755495E-3
0.34728488E-4, 0.13170418E-7, 0.19751803E-5, 0.51445249E-6, 0.13367686E-2, 0.11571068E-2, 0.17795874E-1, 0.36852588E-2, 0.17626093E-3
0.34674365E-4, 0.13174210E-7, 0.19848085E-5, 0.51410007E-6, 0.13255846E-2, 0.11480466E-2, 0.17677438E-1, 0.36662621E-2, 0.17535641E-3
0.34620174E-4, 0.13177785E-7, 0.19931549E-5, 0.51374764E-6, 0.14398245E-2, 0.12476881E-2, 0.19235313E-1, 0.39956369E-2, 0.19111499E-3
0.34565845E-4, 0.13181090E-7, 0.20000298E-5, 0.51339583E-6, 0.16947606E-2, 0.14695432E-2, 0.22687159E-1, 0.47210846E-2, 0.22582017E-3
0.34511235E-4, 0.13183911E-7, 0.20047794E-5, 0.51304471E-6, 0.13956821E-2, 0.12109834E-2, 0.18721482E-1, 0.39028220E-2, 0.18668607E-3
0.34455730E-4, 0.13185469E-7, 0.20039979E-5, 0.51269365E-6, 0.10281723E-2, 0.89255651E-3, 0.13813721E-1, 0.28837766E-2, 0.13794449E-3
0.34399975E-4, 0.13186580E-7, 0.20008104E-5, 0.51234258E-6, 0.10826389E-2, 0.94024703E-3, 0.14565482E-1, 0.30444409E-2, 0.14563257E-3
0.34345903E-4, 0.13189704E-7, 0.20074458E-5, 0.51199152E-6, 0.14514833E-2, 0.12612389E-2, 0.19560110E-1, 0.40944195E-2, 0.19586337E-3
0.34292094E-4, 0.13193059E-7, 0.20146497E-5, 0.51164051E-6, 0.16114214E-2, 0.14011046E-2, 0.21759108E-1, 0.45628767E-2, 0.21827889E-3
0.34238143E-4, 0.13196103E-7, 0.20201931E-5, 0.51129047E-6, 0.14888579E-2, 0.12953798E-2, 0.20145418E-1, 0.42322227E-2, 0.20246695E-3
0.34184002E-4, 0.13198794E-7, 0.20242794E-5, 0.51094077E-6, 0.13921354E-2, 0.12119593E-2, 0.18872648E-1, 0.39716172E-2, 0.19000481E-3
0.34130106E-4, 0.13201673E-7, 0.20289676E-5, 0.51059101E-6, 0.14854606E-2, 0.12939879E-2, 0.20176183E-1, 0.42531970E-2, 0.20348128E-3
0.34076205E-4, 0.13204451E-7, 0.20332468E-5, 0.51024131E-6, 0.14765015E-2, 0.12869888E-2, 0.20094004E-1, 0.42433785E-2, 0.20301720E-3
0.34021461E-4, 0.13206026E-7, 0.20323744E-5, 0.50989161E-6, 0.10643592E-2, 0.92824950E-3, 0.14509760E-1, 0.30688348E-2, 0.14682674E-3
0.33966000E-4, 0.13206601E-7, 0.20261555E-5, 0.50954213E-6, 0.77944243E-3, 0.68003492E-3, 0.10638738E-1, 0.22526302E-2, 0.10777783E-3
0.33910896E-4, 0.13207506E-7, 0.20220846E-5, 0.50919374E-6, 0.93695289E-3, 0.81775250E-3, 0.12803093E-1, 0.27137112E-2, 0.12984053E-3
0.33856955E-4, 0.13209756E-7, 0.20257492E-5, 0.50884535E-6, 0.11988506E-2, 0.10468048E-2, 0.16405042E-1, 0.34816626E-2, 0.16658746E-3
0.33804310E-4, 0.13213493E-7, 0.20355551E-5, 0.50849701E-6, 0.13803012E-2, 0.12059066E-2, 0.18920580E-1, 0.40218406E-2, 0.19243827E-3
0.33751672E-4, 0.13217132E-7, 0.20444470E-5, 0.50814862E-6, 0.16217717E-2, 0.14177784E-2, 0.22275202E-1, 0.47435807E-2, 0.22697891E-3
0.33698310E-4, 0.13219751E-7, 0.20488219E-5, 0.50780022E-6, 0.12038109E-2, 0.10530378E-2, 0.16566230E-1, 0.35340250E-2, 0.16910688E-3
0.33643726E-4, 0.13220737E-7, 0.20450357E-5, 0.50745246E-6, 0.81180793E-3, 0.71044324E-3, 0.11186948E-1, 0.23894815E-2, 0.11434157E-3
0.33588673E-4, 0.13221033E-7, 0.20370892E-5, 0.50710543E-6, 0.64223428E-3, 0.56221982E-3, 0.88588148E-2, 0.18939185E-2, 0.90629212E-4
0.33533444E-4, 0.13220994E-7, 0.20267864E-5, 0.50675845E-6, 0.57250616E-3, 0.50130970E-3, 0.79033989E-2, 0.16909391E-2, 0.80917096E-4
0.33478213E-4, 0.13220828E-7, 0.20156172E-5, 0.50641148E-6, 0.52718143E-3, 0.46173076E-3, 0.72830203E-2, 0.15592780E-2, 0.74617536E-4
0.33423017E-4, 0.13220586E-7, 0.20039256E-5, 0.50606440E-6, 0.53055189E-3, 0.46478788E-3, 0.73347208E-2, 0.15713823E-2, 0.75197626E-4
0.33367829E-4, 0.13220231E-7, 0.19914651E-5, 0.50571748E-6, 0.50312933E-3, 0.44086241E-3, 0.69603948E-2, 0.14921527E-2, 0.71406896E-4
0.33312699E-4, 0.13219847E-7, 0.19788129E-5, 0.50537147E-6, 0.49056340E-3, 0.42994332E-3, 0.67910356E-2, 0.14567523E-2, 0.69713547E-4
0.33257649E-4, 0.13219457E-7, 0.19662186E-5, 0.50502575E-6, 0.52668026E-3, 0.46169769E-3, 0.72959252E-2, 0.15660524E-2, 0.74944932E-4
0.33202687E-4, 0.13219061E-7, 0.19536856E-5, 0.50468014E-6, 0.53228257E-3, 0.46671534E-3, 0.73787444E-2, 0.15848844E-2, 0.75846998E-4
0.33148415E-4, 0.13219404E-7, 0.19470515E-5, 0.50433454E-6, 0.59418101E-3, 0.52111602E-3, 0.82430150E-2, 0.17717780E-2, 0.84792089E-4
0.33096152E-4, 0.13222095E-7, 0.19576730E-5, 0.50398882E-6, 0.78133616E-3, 0.68546040E-3, 0.10849347E-1, 0.23339996E-2, 0.11169997E-3
0.33049193E-4, 0.13231218E-7, 0.20009948E-5, 0.50364332E-6, 0.12867439E-2, 0.11293601E-2, 0.17892236E-1, 0.38541253E-2, 0.18445372E-3
0.33001215E-4, 0.13238988E-7, 0.20340765E-5, 0.50329885E-6, 0.15630214E-2, 0.13727053E-2, 0.21776097E-1, 0.46991939E-2, 0.22490435E-3
0.32951077E-4, 0.13243983E-7, 0.20518075E-5, 0.50295472E-6, 0.16002071E-2, 0.14063501E-2, 0.22342663E-1, 0.48312112E-2, 0.23123031E-3
0.32899516E-4, 0.13247122E-7, 0.20598434E-5, 0.50261031E-6, 0.12102100E-2, 0.10642698E-2, 0.16930334E-1, 0.36675492E-2, 0.17554064E-3
0.32846438E-4, 0.13248297E-7, 0.20575931E-5, 0.50226600E-6, 0.77195658E-3, 0.67916885E-3, 0.10814216E-1, 0.23456723E-2, 0.11227375E-3
0.32792872E-4, 0.13248762E-7, 0.20509660E-5, 0.50192182E-6, 0.64250833E-3, 0.56545768E-3, 0.90095103E-2, 0.19560151E-2, 0.93624571E-4
0.32739161E-4, 0.13248941E-7, 0.20423879E-5, 0.50157786E-6, 0.59646578E-3, 0.52508083E-3, 0.83709443E-2, 0.18188418E-2, 0.87059925E-4
0.32685351E-4, 0.13248890E-7, 0.20321338E-5, 0.50123498E-6, 0.55862742E-3, 0.49189699E-3, 0.78460770E-2, 0.17060803E-2, 0.81663566E-4
0.32631542E-4, 0.13248722E-7, 0.20210225E-5, 0.50089187E-6, 0.53631607E-3, 0.47236553E-3, 0.75383214E-2, 0.16403310E-2, 0.78517362E-4
0.32577726E-4, 0.13248448E-7, 0.20091215E-5, 0.50054905E-6, 0.49175654E-3, 0.43321835E-3, 0.69168475E-2, 0.15061118E-2, 0.72093550E-4
0.32523923E-4, 0.13248068E-7, 0.19964396E-5, 0.50020611E-6, 0.53175120E-3, 0.46855811E-3, 0.74845781E-2, 0.16308189E-2, 0.78063844E-4
0.32470183E-4, 0.13247670E-7, 0.19836800E-5, 0.49986323E-6, 0.49944065E-3, 0.44018854E-3, 0.70347465E-2, 0.15338419E-2, 0.73422634E-4
0.32418007E-4, 0.13249053E-7, 0.19824120E-5, 0.49952087E-6, 0.10117050E-2, 0.89197635E-3, 0.14264670E-1, 0.31132763E-2, 0.14903008E-3
0.32371099E-4, 0.13256726E-7, 0.20163684E-5, 0.49917929E-6, 0.15299938E-2, 0.13497028E-2, 0.21610372E-1, 0.47243387E-2, 0.22615651E-3
0.32322867E-4, 0.13262687E-7, 0.20400321E-5, 0.49883778E-6, 0.15054427E-2, 0.13289652E-2, 0.21308849E-1, 0.46677981E-2, 0.22345729E-3
0.32272834E-4, 0.13266374E-7, 0.20521725E-5, 0.49849626E-6, 0.11833828E-2, 0.10453055E-2, 0.16782010E-1, 0.36827943E-2, 0.17630834E-3
0.32231532E-4, 0.13280508E-7, 0.21542894E-5, 0.49815463E-6, 0.84146374E-3, 0.74362854E-3, 0.11950155E-1, 0.26260277E-2, 0.12572001E-3
0.32259461E-4, 0.13378278E-7, 0.29391260E-5, 0.49781306E-6, 0.65915170E-3, 0.58271439E-3, 0.93708793E-2, 0.20613240E-2, 0.98686694E-4
0.32329554E-4, 0.13527265E-7, 0.41670410E-5, 0.49747234E-6, 0.55730733E-3, 0.49281679E-3, 0.79297032E-2, 0.17457393E-2, 0.83579100E-4
0.32426942E-4, 0.13709775E-7, 0.56899785E-5, 0.49713213E-6, 0.52884547E-3, 0.46776322E-3, 0.75303651E-2, 0.16590382E-2, 0.79429185E-4
0.32528507E-4, 0.13897958E-7, 0.72602029E-5, 0.49679193E-6, 0.48283552E-3, 0.42716501E-3, 0.68800091E-2, 0.15167947E-2, 0.72619900E-4
0.32613410E-4, 0.14066424E-7, 0.86557529E-5, 0.49645178E-6, 0.38801238E-3, 0.34334196E-3, 0.55321599E-2, 0.12203652E-2, 0.58428290E-4
0.32682288E-4, 0.14215793E-7, 0.98804176E-5, 0.49611151E-6, 0.43430325E-3, 0.38437324E-3, 0.61955987E-2, 0.13674732E-2, 0.65472130E-4
0.32726199E-4, 0.14334985E-7, 0.10840455E-4, 0.49577142E-6, 0.36024171E-3, 0.31888258E-3, 0.51418482E-2, 0.11355074E-2, 0.54366570E-4
0.32766489E-4, 0.14449928E-7, 0.11757365E-4, 0.49543218E-6, 0.37058513E-3, 0.32809086E-3, 0.52920757E-2, 0.11692616E-2, 0.55983171E-4
0.32814776E-4, 0.14574846E-7, 0.12751909E-4, 0.49509339E-6, 0.39574146E-3, 0.35042118E-3, 0.56542247E-2, 0.12499258E-2, 0.59845846E-4
0.32955002E-4, 0.14812893E-7, 0.14671503E-4, 0.49475454E-6, 0.42464887E-3, 0.37608584E-3, 0.60706064E-2, 0.13427200E-2, 0.64289401E-4
0.33084871E-4, 0.15039173E-7, 0.16479735E-4, 0.49441564E-6, 0.37621061E-3, 0.33324526E-3, 0.53810575E-2, 0.11908541E-2, 0.57018642E-4
0.33258086E-4, 0.15320026E-7, 0.18692121E-4, 0.49407686E-6, 0.45109002E-3, 0.39964454E-3, 0.64556506E-2, 0.14294699E-2, 0.68444388E-4
0.33603024E-4, 0.15815761E-7, 0.22637136E-4, 0.49373818E-6, 0.42053720E-3, 0.37264690E-3, 0.60219397E-2, 0.13342299E-2, 0.63884858E-4
0.33677014E-4, 0.15976733E-7, 0.23827510E-4, 0.49340042E-6, 0.33613088E-3, 0.29790070E-3, 0.48156925E-2, 0.10675273E-2, 0.51115247E-4
0.33715893E-4, 0.16094210E-7, 0.24651628E-4, 0.49306294E-6, 0.33740193E-3, 0.29906916E-3, 0.48360289E-2, 0.10725296E-2, 0.51355193E-4
0.33754197E-4, 0.16211141E-7, 0.25464316E-4, 0.49272546E-6, 0.37587513E-3, 0.33322125E-3, 0.53899838E-2, 0.11959680E-2, 0.57266228E-4
0.33857257E-4, 0.16409373E-7, 0.26917625E-4, 0.49238798E-6, 0.42349682E-3, 0.37550228E-3, 0.60760700E-2, 0.13489394E-2, 0.64591572E-4
0.34295601E-4, 0.17030899E-7, 0.31753880E-4, 0.49205056E-6, 0.49596914E-3, 0.43984776E-3, 0.71202219E-2, 0.15817478E-2, 0.75739998E-4
0.34838860E-4, 0.17792878E-7, 0.37569916E-4, 0.49171331E-6, 0.46901545E-3, 0.41602977E-3, 0.67376187E-2, 0.14977501E-2, 0.71718699E-4
0.35012130E-4, 0.18087903E-7, 0.39641036E-4, 0.49137708E-6, 0.48423189E-3, 0.42961206E-3, 0.69605582E-2, 0.15483256E-2, 0.74141353E-4
0.35499412E-4, 0.18790370E-7, 0.44595614E-4, 0.49104091E-6, 0.54420094E-3, 0.48292219E-3, 0.78279553E-2, 0.17425090E-2, 0.83440798E-4
0.36000514E-4, 0.19518771E-7, 0.49818635E-4, 0.49070485E-6, 0.55671867E-3, 0.49414363E-3, 0.80138426E-2, 0.17852467E-2, 0.85488471E-4
0.36409863E-4, 0.20134383E-7, 0.53950895E-4, 0.49036873E-6, 0.60827273E-3, 0.54003554E-3, 0.87627508E-2, 0.19536549E-2, 0.93554198E-4
0.36757021E-4, 0.20673198E-7, 0.57637069E-4, 0.49003262E-6, 0.53274614E-3, 0.47309342E-3, 0.76805064E-2, 0.17137323E-2, 0.82066224E-4
0.37058744E-4, 0.21155710E-7, 0.60889630E-4, 0.48969679E-6, 0.49963879E-3, 0.44378568E-3, 0.72080479E-2, 0.16094734E-2, 0.77074488E-4
0.37468548E-4, 0.21787388E-7, 0.64408632E-4, 0.48936198E-6, 0.12712997E-2, 0.11296107E-2, 0.18362187E-1, 0.41050450E-2, 0.19658652E-3
0.37994691E-4, 0.22583031E-7, 0.68069799E-4, 0.48902723E-6, 0.12481823E-2, 0.11096961E-2, 0.18059993E-1, 0.40446264E-2, 0.19369886E-3
0.38534738E-4, 0.23407065E-7, 0.71894683E-4, 0.48869242E-6, 0.11881734E-2, 0.10569206E-2, 0.17220935E-1, 0.38633412E-2, 0.18502244E-3
0.39045473E-4, 0.24200064E-7, 0.75868833E-4, 0.48835767E-6, 0.83572150E-3, 0.74373611E-3, 0.12129686E-1, 0.27251004E-2, 0.13051317E-3
0.39536033E-4, 0.24973669E-7, 0.79744947E-4, 0.48802292E-6, 0.94847142E-3, 0.84439717E-3, 0.13782763E-1, 0.31003971E-2, 0.14849046E-3
0.40144369E-4, 0.25922322E-7, 0.83881081E-4, 0.48768845E-6, 0.11868462E-2, 0.10571085E-2, 0.17272023E-1, 0.38911765E-2, 0.18636888E-3
0.40832456E-4, 0.26997228E-7, 0.88577035E-4, 0.48735495E-6, 0.14010688E-2, 0.12486313E-2, 0.20426251E-1, 0.46102600E-2, 0.22081655E-3
0.41419185E-4, 0.27939631E-7, 0.92577524E-4, 0.48702145E-6, 0.13367780E-2, 0.11920690E-2, 0.19526454E-1, 0.44158576E-2, 0.21151242E-3
0.41839703E-4, 0.28650062E-7, 0.95546646E-4, 0.48668812E-6, 0.11091895E-2, 0.98965969E-3, 0.16229872E-1, 0.36768552E-2, 0.17612069E-3
0.42321179E-4, 0.29456707E-7, 0.99382145E-4, 0.48635474E-6, 0.94589923E-3, 0.84434066E-3, 0.13860100E-1, 0.31446798E-2, 0.15063342E-3
0.42851625E-4, 0.30343998E-7, 0.10307498E-3, 0.48602129E-6, 0.10133671E-2, 0.90494775E-3, 0.14868656E-1, 0.33783105E-2, 0.16182856E-3
0.43260421E-4, 0.31058303E-7, 0.10565577E-3, 0.48568819E-6, 0.10352985E-2, 0.92494179E-3, 0.15211802E-1, 0.34614401E-2, 0.16581487E-3
0.43772092E-4, 0.31933773E-7, 0.10894358E-3, 0.48535617E-6, 0.10406504E-2, 0.93014038E-3, 0.15312262E-1, 0.34895954E-2, 0.16716796E-3
0.44273194E-4, 0.32801942E-7, 0.11214291E-3, 0.48502415E-6, 0.10757868E-2, 0.96198649E-3, 0.15852325E-1, 0.36182874E-2, 0.17333761E-3
0.44843098E-4, 0.33784250E-7, 0.11583640E-3, 0.48469207E-6, 0.11267051E-2, 0.10080012E-2, 0.16627891E-1, 0.38014681E-2, 0.18211821E-3
0.45335968E-4, 0.34657671E-7, 0.11901945E-3, 0.48436004E-6, 0.11223463E-2, 0.10045936E-2, 0.16589357E-1, 0.37989761E-2, 0.18200411E-3
0.45855133E-4, 0.35580420E-7, 0.12229844E-3, 0.48402802E-6, 0.11072964E-2, 0.99160441E-3, 0.16392203E-1, 0.37600524E-2, 0.18014445E-3
0.46310506E-4, 0.36411677E-7, 0.12510059E-3, 0.48369634E-6, 0.10420955E-2, 0.93365071E-3, 0.15449920E-1, 0.35496044E-2, 0.17006655E-3
0.46779718E-4, 0.37272216E-7, 0.12799220E-3, 0.48336562E-6, 0.11010248E-2, 0.98690251E-3, 0.16347686E-1, 0.37618827E-2, 0.18024216E-3
0.47301961E-4, 0.38224947E-7, 0.13132486E-3, 0.48303497E-6, 0.11358968E-2, 0.10186546E-2, 0.16891591E-1, 0.38935761E-2, 0.18655739E-3
0.47832702E-4, 0.39200483E-7, 0.13467943E-3, 0.48270431E-6, 0.12006222E-2, 0.10772481E-2, 0.17883116E-1, 0.41293823E-2, 0.19786193E-3
0.48335569E-4, 0.40140034E-7, 0.13788040E-3, 0.48237371E-6, 0.11381181E-2, 0.10216917E-2, 0.16979860E-1, 0.39277677E-2, 0.18820720E-3
0.48787486E-4, 0.41004711E-7, 0.14114109E-3, 0.48204299E-6, 0.82888390E-3, 0.74440462E-3, 0.12383120E-1, 0.28687683E-2, 0.13746668E-3
0.49223792E-4, 0.41851003E-7, 0.14487145E-3, 0.48171268E-6, 0.62213320E-3, 0.55888284E-3, 0.93031637E-2, 0.21576418E-2, 0.10339266E-3
0.49554314E-4, 0.42528878E-7, 0.14773782E-3, 0.48138332E-6, 0.60980377E-3, 0.54792664E-3, 0.91257589E-2, 0.21184904E-2, 0.10151825E-3
0.50189457E-4, 0.43718671E-7, 0.15296374E-3, 0.48105409E-6, 0.72566443E-3, 0.65219629E-3, 0.10868963E-1, 0.25257345E-2, 0.12103561E-3
0.50657873E-4, 0.44640306E-7, 0.15696240E-3, 0.48072474E-6, 0.57097565E-3, 0.51328936E-3, 0.85590379E-2, 0.19909414E-2, 0.95409509E-4
0.50971277E-4, 0.45307544E-7, 0.15965344E-3, 0.48039539E-6, 0.51892549E-3, 0.46658175E-3, 0.77838772E-2, 0.18121478E-2, 0.86842716E-4
0.51201379E-4, 0.45837385E-7, 0.16157742E-3, 0.48006609E-6, 0.44118654E-3, 0.39674249E-3, 0.66214628E-2, 0.15426711E-2, 0.73929681E-4
0.51327603E-4, 0.46193126E-7, 0.16250709E-3, 0.47973720E-6, 0.40382933E-3, 0.36318958E-3, 0.60635707E-2, 0.14136137E-2, 0.67745648E-4
0.51404008E-4, 0.46465143E-7, 0.16294555E-3, 0.47940910E-6, 0.36498855E-3, 0.32828865E-3, 0.54825679E-2, 0.12789224E-2, 0.61291394E-4
0.51456322E-4, 0.46696655E-7, 0.16314149E-3, 0.47908111E-6, 0.36236749E-3, 0.32595810E-3, 0.54451935E-2, 0.12709168E-2, 0.60908322E-4
0.51487572E-4, 0.46892627E-7, 0.16312381E-3, 0.47875312E-6, 0.35207820E-3, 0.31672776E-3, 0.52924682E-2, 0.12359518E-2, 0.59233244E-4
0.51493709E-4, 0.47046044E-7, 0.16284935E-3, 0.47842531E-6, 0.33440819E-3, 0.30085378E-3, 0.50285435E-2, 0.11749407E-2, 0.56309840E-4
0.51481162E-4, 0.47167610E-7, 0.16238354E-3, 0.47809732E-6, 0.31293399E-3, 0.28155191E-3, 0.47070743E-2, 0.11003787E-2, 0.52736908E-4
0.51465009E-4, 0.47283031E-7, 0.16188419E-3, 0.47776962E-6, 0.31549213E-3, 0.28386989E-3, 0.47469372E-2, 0.11102364E-2, 0.53209838E-4
0.51450188E-4, 0.47400629E-7, 0.16140298E-3, 0.47744294E-6, 0.32034685E-3, 0.28825525E-3, 0.48214174E-2, 0.11282106E-2, 0.54071785E-4
0.51442144E-4, 0.47529671E-7, 0.16099638E-3, 0.47711620E-6, 0.31644566E-3, 0.28476241E-3, 0.47641387E-2, 0.11153570E-2, 0.53456257E-4
0.51427665E-4, 0.47647731E-7, 0.16052592E-3, 0.47678969E-6, 0.28915031E-3, 0.26021348E-3, 0.43544015E-2, 0.10199103E-2, 0.48882153E-4
0.51407846E-4, 0.47756636E-7, 0.16000321E-3, 0.47646310E-6, 0.24121531E-3, 0.21708326E-3, 0.36333406E-2, 0.85137103E-3, 0.40804738E-4
0.51386902E-4, 0.47863530E-7, 0.15947233E-3, 0.47613656E-6, 0.21413554E-3, 0.19271539E-3, 0.32259633E-2, 0.75618090E-3, 0.36242687E-4
0.51508207E-4, 0.48212268E-7, 0.16033938E-3, 0.47581011E-6, 0.28174961E-3, 0.25357079E-3, 0.42453366E-2, 0.99550688E-3, 0.47713576E-4
0.52069856E-4, 0.49315144E-7, 0.16550258E-3, 0.47548443E-6, 0.31759980E-3, 0.28585148E-3, 0.47868644E-2, 0.11230132E-2, 0.53825279E-4
0.52504460E-4, 0.50208701E-7, 0.16946407E-3, 0.47515891E-6, 0.28366881E-3, 0.25532502E-3, 0.42766174E-2, 0.10037767E-2, 0.48110775E-4
0.52622257E-4, 0.50560011E-7, 0.17030351E-3, 0.47483371E-6, 0.25268728E-3, 0.22744502E-3, 0.38103277E-2, 0.89470588E-3, 0.42883374E-4
0.52628133E-4, 0.50718530E-7, 0.16999844E-3, 0.47450840E-6, 0.24468920E-3, 0.22024999E-3, 0.36903943E-2, 0.86687959E-3, 0.41549945E-4
0.52608724E-4, 0.50833343E-7, 0.16943095E-3, 0.47418359E-6, 0.23769565E-3, 0.21395810E-3, 0.35855293E-2, 0.84256247E-3, 0.40384690E-4
0.52582585E-4, 0.50936450E-7, 0.16879666E-3, 0.47385899E-6, 0.22718849E-3, 0.20450240E-3, 0.34275742E-2, 0.80573634E-3, 0.38619844E-4
0.52551051E-4, 0.51030071E-7, 0.16810944E-3, 0.47353444E-6, 0.22283346E-3, 0.20058354E-3, 0.33623613E-2, 0.79068291E-3, 0.37898564E-4
0.52514024E-4, 0.51114068E-7, 0.16736887E-3, 0.47321015E-6, 0.21588204E-3, 0.19432729E-3, 0.32579280E-2, 0.76638645E-3, 0.36734244E-4
0.52527303E-4, 0.51284722E-7, 0.16713666E-3, 0.47288631E-6, 0.25168338E-3, 0.22655533E-3, 0.37987838E-2, 0.89393993E-3, 0.42848384E-4
0.53310701E-4, 0.52793425E-7, 0.17433161E-3, 0.47256242E-6, 0.39058505E-3, 0.35161080E-3, 0.58971038E-2, 0.13884106E-2, 0.66549968E-4
0.54800857E-4, 0.55576805E-7, 0.18682766E-3, 0.47223884E-6, 0.62176859E-3, 0.55980246E-3, 0.93927654E-2, 0.22131517E-2, 0.10608337E-3
0.57546993E-4, 0.60711976E-7, 0.20571586E-3, 0.47191554E-6, 0.65436936E-3, 0.58928324E-3, 0.98931203E-2, 0.23333714E-2, 0.11184795E-3
0.59755130E-4, 0.65016302E-7, 0.22032668E-3, 0.47159236E-6, 0.70649351E-3, 0.63636235E-3, 0.10689944E-1, 0.25239866E-2, 0.12098724E-3
0.61873601E-4, 0.69270783E-7, 0.23450398E-3, 0.47126957E-6, 0.76984178E-3, 0.69359108E-3, 0.11659006E-1, 0.27559700E-2, 0.13211010E-3
0.63519496E-4, 0.72698185E-7, 0.24601124E-3, 0.47094704E-6, 0.74363808E-3, 0.67014905E-3, 0.11272607E-1, 0.26678026E-2, 0.12788651E-3
0.64319596E-4, 0.74496810E-7, 0.25181944E-3, 0.47062449E-6, 0.57233503E-3, 0.51587250E-3, 0.86824736E-2, 0.20569575E-2, 0.98606251E-4
0.64966080E-4, 0.76005449E-7, 0.25693417E-3, 0.47030213E-6, 0.46178291E-3, 0.41627142E-3, 0.70090340E-2, 0.16618640E-2, 0.79667494E-4
0.65456290E-4, 0.77209990E-7, 0.26076575E-3, 0.46998031E-6, 0.40790549E-3, 0.36772678E-3, 0.61936709E-2, 0.14695484E-2, 0.70449059E-4
0.65831446E-4, 0.78188393E-7, 0.26356408E-3, 0.46965849E-6, 0.35617783E-3, 0.32110477E-3, 0.54098601E-2, 0.12843534E-2, 0.61571664E-4
0.66187698E-4, 0.79133478E-7, 0.26617578E-3, 0.46933678E-6, 0.35935151E-3, 0.32397057E-3, 0.54594371E-2, 0.12968560E-2, 0.62171668E-4
0.66670276E-4, 0.80342751E-7, 0.26991119E-3, 0.46901556E-6, 0.35082953E-3, 0.31629342E-3, 0.53313440E-2, 0.12671382E-2, 0.60747654E-4
0.66978173E-4, 0.81199516E-7, 0.27204180E-3, 0.46869442E-6, 0.28351007E-3, 0.25559825E-3, 0.43091136E-2, 0.10246924E-2, 0.49125087E-4
0.67137145E-4, 0.81752397E-7, 0.27274893E-3, 0.46837337E-6, 0.26133316E-3, 0.23559619E-3, 0.39724670E-2, 0.94504643E-3, 0.45307119E-4
0.67249945E-4, 0.82211294E-7, 0.27300100E-3, 0.46805283E-6, 0.25358779E-3, 0.22860385E-3, 0.38550601E-2, 0.91748923E-3, 0.43986314E-4
0.67341338E-4, 0.82626755E-7, 0.27304090E-3, 0.46773238E-6, 0.24647696E-3, 0.22218357E-3, 0.37472472E-2, 0.89218299E-3, 0.42773394E-4
0.67420406E-4, 0.83017405E-7, 0.27295941E-3, 0.46741189E-6, 0.25331820E-3, 0.22833963E-3, 0.38515308E-2, 0.91737369E-3, 0.43981410E-4
0.67479879E-4, 0.83368121E-7, 0.27268205E-3, 0.46709206E-6, 0.25127729E-3, 0.22648962E-3, 0.38207958E-2, 0.91041595E-3, 0.43648168E-4
0.67516688E-4, 0.83672184E-7, 0.27217664E-3, 0.46677221E-6, 0.23645541E-3, 0.21311952E-3, 0.35956616E-2, 0.85710204E-3, 0.41092422E-4
0.67526002E-4, 0.83919474E-7, 0.27139165E-3, 0.46645252E-6, 0.21311470E-3, 0.19207064E-3, 0.32408359E-2, 0.77279675E-3, 0.37050791E-4
0.67523448E-4, 0.84142179E-7, 0.27049042E-3, 0.46613317E-6, 0.21404686E-3, 0.19289876E-3, 0.32550856E-2, 0.77645684E-3, 0.37226502E-4
0.67522982E-4, 0.84369198E-7, 0.26961847E-3, 0.46581405E-6, 0.23162756E-3, 0.20872994E-3, 0.35225544E-2, 0.84055326E-3, 0.40299798E-4
0.67548885E-4, 0.84650864E-7, 0.26900964E-3, 0.46549502E-6, 0.27511321E-3, 0.24790378E-3, 0.41841497E-2, 0.99882123E-3, 0.47888225E-4
0.68114670E-4, 0.86056133E-7, 0.27359184E-3, 0.46517641E-6, 0.37673424E-3, 0.33947587E-3, 0.57309386E-2, 0.13687637E-2, 0.65625652E-4
0.68797730E-4, 0.87717844E-7, 0.27929916E-3, 0.46485795E-6, 0.32429586E-3, 0.29222691E-3, 0.49344576E-2, 0.11791885E-2, 0.56537043E-4
0.69104717E-4, 0.88599428E-7, 0.28143672E-3, 0.46453951E-6, 0.19401083E-3, 0.17481748E-3, 0.29523023E-2, 0.70580479E-3, 0.33840581E-4
0.69135989E-4, 0.88902624E-7, 0.28082822E-3, 0.46422147E-6, 0.15987712E-3, 0.14404651E-3, 0.24327270E-2, 0.58175292E-3, 0.27892942E-4
0.69115995E-4, 0.89097739E-7, 0.27970097E-3, 0.46390375E-6, 0.16752731E-3, 0.15092408E-3, 0.25489354E-2, 0.60969958E-3, 0.29233050E-4
0.69095397E-4, 0.89291511E-7, 0.27857692E-3, 0.46358596E-6, 0.14886550E-3, 0.13409898E-3, 0.22648319E-2, 0.54187805E-3, 0.25981377E-4
0.69066242E-4, 0.89467100E-7, 0.27737077E-3, 0.46326852E-6, 0.13254148E-3, 0.11938050E-3, 0.20162382E-2, 0.48250714E-3, 0.23134835E-4
0.69033093E-4, 0.89634113E-7, 0.27613167E-3, 0.46295145E-6, 0.13413771E-3, 0.12080459E-3, 0.20402737E-2, 0.48836175E-3, 0.23415636E-4
0.68998910E-4, 0.89798775E-7, 0.27489098E-3, 0.46263446E-6, 0.14500374E-3, 0.13057656E-3, 0.22053153E-2, 0.52798231E-3, 0.25315439E-4
0.68958951E-4, 0.89951072E-7, 0.27359833E-3, 0.46231756E-6, 0.14590690E-3, 0.13137585E-3, 0.22188267E-2, 0.53133874E-3, 0.25476487E-4
0.68916779E-4, 0.90098510E-7, 0.27229174E-3, 0.46200120E-6, 0.15015442E-3, 0.13518642E-3, 0.22832071E-2, 0.54688327E-3, 0.26221926E-4
0.68875233E-4, 0.90247042E-7, 0.27100125E-3, 0.46168478E-6, 0.15803511E-3, 0.14226754E-3, 0.24028455E-2, 0.57567883E-3, 0.27602744E-4
0.68832611E-4, 0.90393108E-7, 0.26970881E-3, 0.46136859E-6, 0.16413187E-3, 0.14774219E-3, 0.24953762E-2, 0.59799902E-3, 0.28673092E-4
0.68787842E-4, 0.90534392E-7, 0.26840274E-3, 0.46105282E-6, 0.16699774E-3, 0.15030836E-3, 0.25388012E-2, 0.60856348E-3, 0.29179810E-4
0.68741021E-4, 0.90671158E-7, 0.26708422E-3, 0.46073711E-6, 0.16171287E-3, 0.14553855E-3, 0.24583142E-2, 0.58942259E-3, 0.28262175E-4
0.68691828E-4, 0.90802644E-7, 0.26574943E-3, 0.46042149E-6, 0.15998015E-3, 0.14396595E-3, 0.24318192E-2, 0.58321736E-3, 0.27964785E-4
0.68641988E-4, 0.90932602E-7, 0.26441747E-3, 0.46010646E-6, 0.16240387E-3, 0.14613374E-3, 0.24685101E-2, 0.59216633E-3, 0.28394030E-4
0.68591107E-4, 0.91060087E-7, 0.26308364E-3, 0.45979138E-6, 0.15672069E-3, 0.14100717E-3, 0.23819772E-2, 0.57155138E-3, 0.27405693E-4
0.68537789E-4, 0.91182223E-7, 0.26173331E-3, 0.45947644E-6, 0.14976978E-3, 0.13474109E-3, 0.22761810E-2, 0.54629700E-3, 0.26194904E-4
0.68484449E-4, 0.91304045E-7, 0.26039200E-3, 0.45916192E-6, 0.17065900E-3, 0.15352044E-3, 0.25934977E-2, 0.62261004E-3, 0.29854284E-4
0.68427726E-4, 0.91418514E-7, 0.25902403E-3, 0.45884764E-6, 0.14420600E-3, 0.12971259E-3, 0.21913638E-2, 0.52620156E-3, 0.25231617E-4
0.68364410E-4, 0.91518935E-7, 0.25759535E-3, 0.45853326E-6, 0.13061285E-3, 0.11747382E-3, 0.19846128E-2, 0.47665826E-3, 0.22856089E-4
0.68301524E-4, 0.91619924E-7, 0.25618085E-3, 0.45821943E-6, 0.14209395E-3, 0.12778741E-3, 0.21588644E-2, 0.51861990E-3, 0.24868288E-4
0.68240173E-4, 0.91723898E-7, 0.25479260E-3, 0.45790571E-6, 0.14884795E-3, 0.13384903E-3, 0.22613080E-2, 0.54335338E-3, 0.26054400E-4
0.68177651E-4, 0.91825171E-7, 0.25340170E-3, 0.45759202E-6, 0.15484315E-3, 0.13922752E-3, 0.23522296E-2, 0.56533434E-3, 0.27108545E-4
0.68256006E-4, 0.92220219E-7, 0.25347134E-3, 0.45727876E-6, 0.17265743E-3, 0.15523241E-3, 0.26227280E-2, 0.63050655E-3, 0.30233809E-4
0.68581045E-4, 0.93132577E-7, 0.25609162E-3, 0.45696578E-6, 0.14401322E-3, 0.12946868E-3, 0.21875172E-2, 0.52601198E-3, 0.25223260E-4
0.68556292E-4, 0.93314490E-7, 0.25508663E-3, 0.45665277E-6, 0.13258825E-3, 0.11918537E-3, 0.20137778E-2, 0.48433934E-3, 0.23225070E-4
0.68490030E-4, 0.93409220E-7, 0.25365886E-3, 0.45634005E-6, 0.15149533E-3, 0.13616873E-3, 0.23007686E-2, 0.55348687E-3, 0.26540964E-4
0.68427864E-4, 0.93512213E-7, 0.25228449E-3, 0.45602778E-6, 0.18019020E-3, 0.16194755E-3, 0.27364506E-2, 0.65846636E-3, 0.31575164E-4
0.68364971E-4, 0.93613465E-7, 0.25091207E-3, 0.45571548E-6, 0.17884170E-3, 0.16072384E-3, 0.27159278E-2, 0.65371086E-3, 0.31347314E-4
0.68299494E-4, 0.93709026E-7, 0.24952140E-3, 0.45540332E-6, 0.17106575E-3, 0.15372440E-3, 0.25977888E-2, 0.62544621E-3, 0.29992125E-4
0.68230096E-4, 0.93796046E-7, 0.24809805E-3, 0.45509174E-6, 0.14730816E-3, 0.13236460E-3, 0.22369141E-2, 0.53869520E-3, 0.25832300E-4
0.68162015E-4, 0.93885504E-7, 0.24669842E-3, 0.45478006E-6, 0.15734659E-3, 0.14137276E-3, 0.23892166E-2, 0.57550875E-3, 0.27597787E-4
0.68094603E-4, 0.93976055E-7, 0.24531543E-3, 0.45446845E-6, 0.19176380E-3, 0.17228333E-3, 0.29117628E-2, 0.70156786E-3, 0.33642995E-4
0.68018722E-4, 0.94048616E-7, 0.24385117E-3, 0.45415734E-6, 0.13012814E-3, 0.11690020E-3, 0.19758183E-2, 0.47617935E-3, 0.22834833E-4
0.67927205E-4, 0.94088264E-7, 0.24222981E-3, 0.45384661E-6, 0.90392256E-4, 0.81195154E-4, 0.13723189E-2, 0.33079117E-3, 0.15862901E-4
0.67830588E-4, 0.94116892E-7, 0.24056477E-3, 0.45353562E-6, 0.92799070E-4, 0.83347637E-4, 0.14086472E-2, 0.33959624E-3, 0.16285192E-4
0.67739187E-4, 0.94156050E-7, 0.23896618E-3, 0.45322520E-6, 0.90616180E-4, 0.81377955E-4, 0.13753087E-2, 0.33160645E-3, 0.15902086E-4
0.67644993E-4, 0.94188984E-7, 0.23734804E-3, 0.45291489E-6, 0.94726376E-4, 0.85059597E-4, 0.14374793E-2, 0.34664635E-3, 0.16623377E-4
0.67546192E-4, 0.94212062E-7, 0.23569170E-3, 0.45260464E-6, 0.75681070E-4, 0.67950088E-4, 0.11482869E-2, 0.27694472E-3, 0.13280885E-4
0.67443449E-4, 0.94226642E-7, 0.23400433E-3, 0.45229481E-6, 0.78490259E-4, 0.70463961E-4, 0.11907079E-2, 0.28721004E-3, 0.13773196E-4
0.67343666E-4, 0.94246985E-7, 0.23235945E-3, 0.45198524E-6, 0.84755666E-4, 0.76080076E-4, 0.12855525E-2, 0.31012658E-3, 0.14872208E-4
0.67245710E-4, 0.94270696E-7, 0.23074479E-3, 0.45167567E-6, 0.83594387E-4, 0.75029202E-4, 0.12677424E-2, 0.30586994E-3, 0.14668123E-4
0.67149143E-4, 0.94296944E-7, 0.22915563E-3, 0.45136639E-6, 0.87550376E-4, 0.78571269E-4, 0.13275401E-2, 0.32033972E-3, 0.15362077E-4
0.67054149E-4, 0.94326040E-7, 0.22759353E-3, 0.45105742E-6, 0.95669078E-4, 0.85848267E-4, 0.14504476E-2, 0.35004708E-3, 0.16786767E-4
0.66961060E-4, 0.94358697E-7, 0.22606194E-3, 0.45074850E-6, 0.10755046E-3, 0.96500458E-4, 0.16303908E-2, 0.39353562E-3, 0.18872362E-4
0.66871573E-4, 0.94398381E-7, 0.22457872E-3, 0.45043981E-6, 0.12808788E-3, 0.11491773E-3, 0.19415574E-2, 0.46872866E-3, 0.22478391E-4
0.66783177E-4, 0.94439990E-7, 0.22311677E-3, 0.45013152E-6, 0.12874318E-3, 0.11549601E-3, 0.19513527E-2, 0.47118717E-3, 0.22596378E-4
0.66694971E-4, 0.94481642E-7, 0.22166655E-3, 0.44982332E-6, 0.13668276E-3, 0.12260914E-3, 0.20715739E-2, 0.50031947E-3, 0.23993551E-4
0.66613931E-4, 0.94537640E-7, 0.22030200E-3, 0.44951517E-6, 0.15245221E-3, 0.13674489E-3, 0.23104819E-2, 0.55814406E-3, 0.26766735E-4
0.66542772E-4, 0.94613604E-7, 0.21905184E-3, 0.44920750E-6, 0.15489546E-3, 0.13892741E-3, 0.23474668E-2, 0.56721346E-3, 0.27201793E-4
0.66456021E-4, 0.94657274E-7, 0.21764332E-3, 0.44889998E-6, 0.13562529E-3, 0.12163557E-3, 0.20553633E-2, 0.49674511E-3, 0.23822460E-4
0.66365159E-4, 0.94692162E-7, 0.21620028E-3, 0.44859246E-6, 0.13048123E-3, 0.11701327E-3, 0.19773019E-2, 0.47797736E-3, 0.22922512E-4
0.66270848E-4, 0.94719653E-7, 0.21472956E-3, 0.44828536E-6, 0.10590382E-3, 0.94964693E-4, 0.16047313E-2, 0.38798625E-3, 0.18606846E-4
0.66176493E-4, 0.94746731E-7, 0.21326810E-3, 0.44797852E-6, 0.12743994E-3, 0.11426681E-3, 0.19309103E-2, 0.46693225E-3, 0.22392978E-4
0.66083543E-4, 0.94776311E-7, 0.21183089E-3, 0.44767168E-6, 0.13410844E-3, 0.12023707E-3, 0.20318422E-2, 0.49143878E-3, 0.23568351E-4
0.65991371E-4, 0.94807156E-7, 0.21041153E-3, 0.44736512E-6, 0.13667255E-3, 0.12252752E-3, 0.20706095E-2, 0.50092011E-3, 0.24023147E-4
0.65898537E-4, 0.94836246E-7, 0.20899382E-3, 0.44705894E-6, 0.12597478E-3, 0.11292883E-3, 0.19084469E-2, 0.46178370E-3, 0.22146334E-4
0.65906344E-4, 0.95069986E-7, 0.20859871E-3, 0.44675278E-6, 0.16967730E-3, 0.15209478E-3, 0.25704284E-2, 0.62210299E-3, 0.29835106E-4
0.66935012E-4, 0.97395628E-7, 0.21845999E-3, 0.44644685E-6, 0.19170198E-3, 0.17183124E-3, 0.29042428E-2, 0.70308929E-3, 0.33719269E-4
0.67299399E-4, 0.98371331E-7, 0.22170761E-3, 0.44614126E-6, 0.13041371E-3, 0.11688818E-3, 0.19757156E-2, 0.47842160E-3, 0.22944610E-4
0.67222012E-4, 0.98437198E-7, 0.22038986E-3, 0.44583578E-6, 0.12108760E-3, 0.10852023E-3, 0.18342969E-2, 0.44426310E-3, 0.21306485E-4
0.67122768E-4, 0.98457519E-7, 0.21884976E-3, 0.44553036E-6, 0.13480931E-3, 0.12080808E-3, 0.20420277E-2, 0.49467245E-3, 0.23724169E-4
0.67023255E-4, 0.98477031E-7, 0.21731725E-3, 0.44522548E-6, 0.13577381E-3, 0.12166314E-3, 0.20565295E-2, 0.49828918E-3, 0.23897726E-4
0.66923567E-4, 0.98495747E-7, 0.21579243E-3, 0.44492060E-6, 0.14005031E-3, 0.12548610E-3, 0.21212117E-2, 0.51407056E-3, 0.24654693E-4
0.66823421E-4, 0.98513112E-7, 0.21427253E-3, 0.44461584E-6, 0.13416624E-3, 0.12020535E-3, 0.20320073E-2, 0.49255614E-3, 0.23622968E-4
0.66722678E-4, 0.98528886E-7, 0.21275584E-3, 0.44431152E-6, 0.13206612E-3, 0.11831513E-3, 0.20001058E-2, 0.48492267E-3, 0.23256966E-4
0.66768924E-4, 0.98846336E-7, 0.21279596E-3, 0.44400733E-6, 0.16164542E-3, 0.14480534E-3, 0.24480263E-2, 0.59365359E-3, 0.28471859E-4
0.66978828E-4, 0.99501314E-7, 0.21454372E-3, 0.44370321E-6, 0.16725250E-3, 0.14981996E-3, 0.25329581E-2, 0.61440468E-3, 0.29467250E-4
0.66936678E-4, 0.99638477E-7, 0.21364148E-3, 0.44339941E-6, 0.13262787E-3, 0.11879655E-3, 0.20085461E-2, 0.48731413E-3, 0.23372020E-4
0.66833258E-4, 0.99649156E-7, 0.21210327E-3, 0.44309601E-6, 0.12084925E-3, 0.10823781E-3, 0.18300551E-2, 0.44409512E-3, 0.21299280E-4
0.66728324E-4, 0.99656333E-7, 0.21055872E-3, 0.44279250E-6, 0.89954789E-4, 0.80560785E-4, 0.13620993E-2, 0.33059146E-3, 0.15855574E-4
0.66642220E-4, 0.99701808E-7, 0.20921326E-3, 0.44248915E-6, 0.10537429E-3, 0.94360956E-4, 0.15953975E-2, 0.38727251E-3, 0.18574126E-4
0.66614011E-4, 0.99865723E-7, 0.20846330E-3, 0.44218635E-6, 0.10148327E-3, 0.90869347E-4, 0.15363616E-2, 0.37300130E-3, 0.17889713E-4
0.66599780E-4, 0.10005825E-6, 0.20788037E-3, 0.44188363E-6, 0.90908674E-4, 0.81393177E-4, 0.13761211E-2, 0.33414707E-3, 0.16026255E-4
0.66563538E-4, 0.10020561E-6, 0.20709132E-3, 0.44158085E-6, 0.80489153E-4, 0.72057410E-4, 0.12182483E-2, 0.29585170E-3, 0.14189587E-4
0.66492292E-4, 0.10028094E-6, 0.20593844E-3, 0.44127864E-6, 0.77979370E-4, 0.69803616E-4, 0.11801029E-2, 0.28662279E-3, 0.13746991E-4
0.66609879E-4, 0.10074321E-6, 0.20672781E-3, 0.44097655E-6, 0.10520122E-3, 0.94162715E-4, 0.15918865E-2, 0.38669055E-3, 0.18546487E-4
0.67242923E-4, 0.10226966E-6, 0.21265296E-3, 0.44067451E-6, 0.13360173E-3, 0.11957418E-3, 0.20215129E-2, 0.49114204E-3, 0.23556278E-4
0.68105350E-4, 0.10428599E-6, 0.22093102E-3, 0.44037282E-6, 0.14026329E-3, 0.12552708E-3, 0.21222131E-2, 0.51571557E-3, 0.24735004E-4
0.68779373E-4, 0.10592757E-6, 0.22737480E-3, 0.44007137E-6, 0.15495889E-3, 0.13866872E-3, 0.23444805E-2, 0.56985626E-3, 0.27331873E-4
0.69044676E-4, 0.10672014E-6, 0.22963611E-3, 0.43976993E-6, 0.16162252E-3, 0.14462165E-3, 0.24452440E-2, 0.59449155E-3, 0.28513605E-4
0.69067697E-4, 0.10700462E-6, 0.22935506E-3, 0.43946872E-6, 0.16928729E-3, 0.15147000E-3, 0.25611764E-2, 0.62283420E-3, 0.29873183E-4
0.68971160E-4, 0.10703724E-6, 0.22780817E-3, 0.43916799E-6, 0.15474441E-3, 0.13844864E-3, 0.23411287E-2, 0.56946347E-3, 0.27313507E-4
0.68863112E-4, 0.10704525E-6, 0.22614918E-3, 0.43886726E-6, 0.14388014E-3, 0.12871895E-3, 0.21766883E-2, 0.52958529E-3, 0.25400934E-4
0.68773232E-4, 0.10709101E-6, 0.22469439E-3, 0.43856664E-6, 0.11485039E-3, 0.10273984E-3, 0.17374024E-2, 0.42279161E-3, 0.20278787E-4
0.68670786E-4, 0.10711008E-6, 0.22311496E-3, 0.43826651E-6, 0.11068575E-3, 0.99005170E-4, 0.16742408E-2, 0.40749181E-3, 0.19545012E-4
0.68599249E-4, 0.10719346E-6, 0.22187283E-3, 0.43796649E-6, 0.98498371E-4, 0.88095534E-4, 0.14897354E-2, 0.36264330E-3, 0.17393948E-4
0.68769899E-4, 0.10778482E-6, 0.22306594E-3, 0.43766644E-6, 0.12606161E-3, 0.11273738E-3, 0.19064335E-2, 0.46415839E-3, 0.22263122E-4
0.69244423E-4, 0.10901867E-6, 0.22716750E-3, 0.43736685E-6, 0.13169437E-3, 0.11776541E-3, 0.19914990E-2, 0.48496426E-3, 0.23261176E-4
0.69884001E-4, 0.11061059E-6, 0.23300081E-3, 0.43706740E-6, 0.13731330E-3, 0.12277986E-3, 0.20763401E-2, 0.50572801E-3, 0.24257200E-4
0.70157235E-4, 0.11143290E-6, 0.23527314E-3, 0.43676803E-6, 0.11933832E-3, 0.10669729E-3, 0.18043803E-2, 0.43957360E-3, 0.21084199E-4
0.70152215E-4, 0.11166460E-6, 0.23466905E-3, 0.43646892E-6, 0.11750885E-3, 0.10505138E-3, 0.17765420E-2, 0.43286971E-3, 0.20762727E-4
0.70073707E-4, 0.11173964E-6, 0.23329396E-3, 0.43617024E-6, 0.13522821E-3, 0.12088141E-3, 0.20442654E-2, 0.49819844E-3, 0.23896342E-4
0.69984002E-4, 0.11179054E-6, 0.23180891E-3, 0.43587156E-6, 0.14887455E-3, 0.13306910E-3, 0.22504388E-2, 0.54856233E-3, 0.26312184E-4
0.69885187E-4, 0.11182163E-6, 0.23023601E-3, 0.43557293E-6, 0.15351080E-3, 0.13720292E-3, 0.23204433E-2, 0.56575681E-3, 0.27137063E-4
0.69776608E-4, 0.11183163E-6, 0.22856906E-3, 0.43527487E-6, 0.15775682E-3, 0.14098773E-3, 0.23845632E-2, 0.58152777E-3, 0.27893662E-4
0.69662994E-4, 0.11183055E-6, 0.22685903E-3, 0.43497684E-6, 0.13660445E-3, 0.12207517E-3, 0.20647778E-2, 0.50365488E-3, 0.24158504E-4
0.69566449E-4, 0.11182824E-6, 0.22515577E-3, 0.43467887E-6, 0.16632845E-3, 0.14862676E-3, 0.25139726E-2, 0.61336579E-3, 0.29421095E-4
0.69488342E-4, 0.11182456E-6, 0.22345867E-3, 0.43438132E-6, 0.16058299E-3, 0.14348370E-3, 0.24271244E-2, 0.59232354E-3, 0.28411931E-4
0.69409827E-4, 0.11181974E-6, 0.22176866E-3, 0.43408394E-6, 0.19181386E-3, 0.17137916E-3, 0.28992058E-2, 0.70771971E-3, 0.33947341E-4
0.69331094E-4, 0.11181423E-6, 0.22008743E-3, 0.43378665E-6, 0.20975638E-3, 0.18740268E-3, 0.31706076E-2, 0.77420624E-3, 0.37136764E-4
0.69252470E-4, 0.11180866E-6, 0.21841856E-3, 0.43348962E-6, 0.17529065E-3, 0.15660333E-3, 0.26497876E-2, 0.64722152E-3, 0.31045820E-4
0.69173970E-4, 0.11180308E-6, 0.21676235E-3, 0.43319292E-6, 0.11327203E-3, 0.10118925E-3, 0.17122293E-2, 0.41831157E-3, 0.20065601E-4
0.69095593E-4, 0.11179750E-6, 0.21511871E-3, 0.43289629E-6, 0.10481311E-3, 0.93624316E-4, 0.15842183E-2, 0.38710161E-3, 0.18568588E-4
0.69017704E-4, 0.11179264E-6, 0.21349118E-3, 0.43259968E-6, 0.92046976E-4, 0.82213228E-4, 0.13911102E-2, 0.33996682E-3, 0.16307664E-4
0.68961068E-4, 0.11183220E-6, 0.21210131E-3, 0.43230366E-6, 0.93483264E-4, 0.83488245E-4, 0.14126578E-2, 0.34528138E-3, 0.16562641E-4
0.68889713E-4, 0.11184059E-6, 0.21056374E-3, 0.43200771E-6, 0.90398338E-4, 0.80725382E-4, 0.13658797E-2, 0.33389439E-3, 0.16016471E-4
0.68812697E-4, 0.11183685E-6, 0.20897634E-3, 0.43171173E-6, 0.86864777E-4, 0.77562567E-4, 0.13123341E-2, 0.32084816E-3, 0.15390704E-4
0.68763911E-4, 0.11189206E-6, 0.20770110E-3, 0.43141625E-6, 0.90807967E-4, 0.81075959E-4, 0.13717497E-2, 0.33541961E-3, 0.16089722E-4
0.68732908E-4, 0.11198444E-6, 0.20662312E-3, 0.43112095E-6, 0.76223077E-4, 0.68047535E-4, 0.11512849E-2, 0.28154728E-3, 0.13505562E-4
0.68687979E-4, 0.11204737E-6, 0.20540279E-3, 0.43082568E-6, 0.81775419E-4, 0.72996954E-4, 0.12349781E-2, 0.30205050E-3, 0.14489123E-4
0.68675829E-4, 0.11217898E-6, 0.20453962E-3, 0.43053058E-6, 0.86876622E-4, 0.77543307E-4, 0.13118607E-2, 0.32089531E-3, 0.15393138E-4
0.69044319E-4, 0.11311170E-6, 0.20752398E-3, 0.43023601E-6, 0.14292570E-3, 0.12756004E-3, 0.21580392E-2, 0.52797032E-3, 0.25326484E-4
0.70625661E-4, 0.11662897E-6, 0.22261387E-3, 0.42994142E-6, 0.24701844E-3, 0.22045481E-3, 0.37300189E-2, 0.91282476E-3, 0.43788037E-4
0.71322953E-4, 0.11829312E-6, 0.22894256E-3, 0.42964683E-6, 0.15930620E-3, 0.14216923E-3, 0.24057231E-2, 0.58892090E-3, 0.28250610E-4
0.71439048E-4, 0.11871438E-6, 0.22929577E-3, 0.42935278E-6, 0.10533854E-3, 0.93998613E-4, 0.15906284E-2, 0.38946432E-3, 0.18682731E-4
0.71421724E-4, 0.11884826E-6, 0.22824624E-3, 0.42905884E-6, 0.12825130E-3, 0.11443378E-3, 0.19364246E-2, 0.47421540E-3, 0.22748349E-4
0.71824594E-4, 0.11989147E-6, 0.23146968E-3, 0.42876496E-6, 0.15711212E-3, 0.14017394E-3, 0.23720667E-2, 0.58102567E-3, 0.27872216E-4
0.73220501E-4, 0.12311183E-6, 0.24437747E-3, 0.42847142E-6, 0.17386684E-3, 0.15511170E-3, 0.26250014E-2, 0.64314104E-3, 0.30852098E-4
0.74864773E-4, 0.12693476E-6, 0.25934834E-3, 0.42817820E-6, 0.20295086E-3, 0.18104631E-3, 0.30641383E-2, 0.75094483E-3, 0.36023772E-4
0.76211458E-4, 0.13014852E-6, 0.27148047E-3, 0.42788491E-6, 0.19645291E-3, 0.17523747E-3, 0.29660794E-2, 0.72713092E-3, 0.34881625E-4
0.76582095E-4, 0.13118476E-6, 0.27415383E-3, 0.42759186E-6, 0.13063184E-3, 0.11651321E-3, 0.19721827E-2, 0.48359914E-3, 0.23199138E-4
0.76700795E-4, 0.13165332E-6, 0.27428957E-3, 0.42729926E-6, 0.14095116E-3, 0.12570302E-3, 0.21277391E-2, 0.52184961E-3, 0.25034202E-4
0.76925586E-4, 0.13236424E-6, 0.27552989E-3, 0.42700665E-6, 0.14482920E-3, 0.12914806E-3, 0.21860832E-2, 0.53627399E-3, 0.25726313E-4
0.77083052E-4, 0.13292399E-6, 0.27606694E-3, 0.42671411E-6, 0.14990900E-3, 0.13366349E-3, 0.22625495E-2, 0.55515481E-3, 0.26632217E-4
0.77157012E-4, 0.13329446E-6, 0.27572864E-3, 0.42642205E-6, 0.16813299E-3, 0.14989733E-3, 0.25374147E-2, 0.62274566E-3, 0.29874904E-4
0.77186494E-4, 0.13356389E-6, 0.27492607E-3, 0.42613016E-6, 0.17082077E-3, 0.15227917E-3, 0.25778441E-2, 0.63282892E-3, 0.30358811E-4
0.77281584E-4, 0.13402655E-6, 0.27500177E-3, 0.42583824E-6, 0.16523556E-3, 0.14728667E-3, 0.24934413E-2, 0.61226374E-3, 0.29372402E-4
0.77290330E-4, 0.13433264E-6, 0.27435913E-3, 0.42554660E-6, 0.15715873E-3, 0.14007256E-3, 0.23713789E-2, 0.58243203E-3, 0.27941418E-4
0.77222925E-4, 0.13446466E-6, 0.27292749E-3, 0.42525545E-6, 0.18463680E-3, 0.16454823E-3, 0.27858729E-2, 0.68441074E-3, 0.32833876E-4
0.77148645E-4, 0.13458069E-6, 0.27143257E-3, 0.42496424E-6, 0.15186207E-3, 0.13532753E-3, 0.22912656E-2, 0.56304305E-3, 0.27011547E-4
0.77074044E-4, 0.13469563E-6, 0.26994449E-3, 0.42467309E-6, 0.17194156E-3, 0.15320581E-3, 0.25940565E-2, 0.63760276E-3, 0.30588679E-4
0.77000135E-4, 0.13481180E-6, 0.26847393E-3, 0.42438245E-6, 0.23401226E-3, 0.20849735E-3, 0.35305414E-2, 0.86804625E-3, 0.41644380E-4
0.76924116E-4, 0.13492270E-6, 0.26699025E-3, 0.42409189E-6, 0.20326434E-3, 0.18109116E-3, 0.30668078E-2, 0.75427804E-3, 0.36186622E-4
0.76845390E-4, 0.13502708E-6, 0.26548785E-3, 0.42380140E-6, 0.22236281E-3, 0.19809330E-3, 0.33550798E-2, 0.82544045E-3, 0.39600927E-4
0.76763499E-4, 0.13512397E-6, 0.26396191E-3, 0.42351124E-6, 0.18203990E-3, 0.16216077E-3, 0.27467534E-2, 0.67598198E-3, 0.32430802E-4
0.76679484E-4, 0.13521550E-6, 0.26242307E-3, 0.42322139E-6, 0.20181629E-3, 0.17976387E-3, 0.30451519E-2, 0.74963307E-3, 0.35964513E-4
0.76610799E-4, 0.13534149E-6, 0.26105554E-3, 0.42293155E-6, 0.23150348E-3, 0.20619435E-3, 0.34932522E-2, 0.86022110E-3, 0.41270399E-4
0.76817079E-4, 0.13609178E-6, 0.26256448E-3, 0.42264185E-6, 0.22797445E-3, 0.20304073E-3, 0.34402621E-2, 0.84746466E-3, 0.40658670E-4
0.78022240E-4, 0.13913220E-6, 0.27376047E-3, 0.42235266E-6, 0.36158331E-3, 0.32203211E-3, 0.54575438E-2, 0.13449851E-2, 0.64528693E-4
0.79333549E-4, 0.14245485E-6, 0.28611280E-3, 0.42206347E-6, 0.29191934E-3, 0.25998638E-3, 0.44071097E-2, 0.10866467E-2, 0.52134837E-4
0.79932332E-4, 0.14415077E-6, 0.29146083E-3, 0.42177433E-6, 0.25137723E-3, 0.22386808E-3, 0.37954794E-2, 0.93622098E-3, 0.44918150E-4
0.80020029E-4, 0.14465891E-6, 0.29157262E-3, 0.42148557E-6, 0.21924949E-3, 0.19524254E-3, 0.33105519E-2, 0.81689458E-3, 0.39193386E-4
0.80019039E-4, 0.14496000E-6, 0.29076234E-3, 0.42119709E-6, 0.23671318E-3, 0.21077867E-3, 0.35743781E-2, 0.88229630E-3, 0.42331551E-4
0.80139100E-4, 0.14554469E-6, 0.29111680E-3, 0.42090866E-6, 0.26011930E-3, 0.23160376E-3, 0.39280253E-2, 0.96995092E-3, 0.46537469E-4
0.81490245E-4, 0.14903547E-6, 0.30340679E-3, 0.42062038E-6, 0.31863849E-3, 0.28369922E-3, 0.48125074E-2, 0.11888711E-2, 0.57041587E-4
0.82959174E-4, 0.15285345E-6, 0.31663536E-3, 0.42033247E-6, 0.31004086E-3, 0.27603414E-3, 0.46834638E-2, 0.11575392E-2, 0.55538814E-4
0.84284642E-4, 0.15637730E-6, 0.32832907E-3, 0.42004461E-6, 0.30377207E-3, 0.27044051E-3, 0.45894636E-2, 0.11348288E-2, 0.54449705E-4
0.85407504E-4, 0.15944819E-6, 0.33805717E-3, 0.41975690E-6, 0.28692899E-3, 0.25543006E-3, 0.43355022E-2, 0.10725074E-2, 0.51459956E-4
0.86083906E-4, 0.16144993E-6, 0.34366915E-3, 0.41946967E-6, 0.26781182E-3, 0.23839259E-3, 0.40469165E-2, 0.10015345E-2, 0.48055055E-4
0.86422893E-4, 0.16263050E-6, 0.34601206E-3, 0.41918253E-6, 0.27601465E-3, 0.24567297E-3, 0.41710800E-2, 0.10326831E-2, 0.49549999E-4
0.86588479E-4, 0.16338616E-6, 0.34661894E-3, 0.41889541E-6, 0.25961510E-3, 0.23105573E-3, 0.39234310E-2, 0.97176101E-3, 0.46627229E-4
0.86704982E-4, 0.16402186E-6, 0.34672327E-3, 0.41860849E-6, 0.27763165E-3, 0.24706917E-3, 0.41959179E-2, 0.10396681E-2, 0.49885992E-4
0.86773180E-4, 0.16453880E-6, 0.34632976E-3, 0.41832203E-6, 0.28864204E-3, 0.25684771E-3, 0.43626633E-2, 0.10814430E-2, 0.51890911E-4
0.86817548E-4, 0.16499715E-6, 0.34569335E-3, 0.41803560E-6, 0.29351603E-3, 0.26116564E-3, 0.44367397E-2, 0.11002846E-2, 0.52795473E-4
0.86851229E-4, 0.16542930E-6, 0.34495097E-3, 0.41774922E-6, 0.33584263E-3, 0.29880815E-3, 0.50771874E-2, 0.12597010E-2, 0.60445418E-4
0.86873486E-4, 0.16583347E-6, 0.34409636E-3, 0.41746330E-6, 0.30811163E-3, 0.27412083E-3, 0.46586953E-2, 0.11564302E-2, 0.55490644E-4
0.87106506E-4, 0.16676123E-6, 0.34525938E-3, 0.41717752E-6, 0.32698578E-3, 0.29089281E-3, 0.49446840E-2, 0.12280061E-2, 0.58925747E-4
0.88263056E-4, 0.16999985E-6, 0.35531120E-3, 0.41689182E-6, 0.36078756E-3, 0.32095326E-3, 0.54569901E-2, 0.13559345E-2, 0.65065120E-4
0.89537985E-4, 0.17357307E-6, 0.36605186E-3, 0.41660638E-6, 0.46811948E-3, 0.41642008E-3, 0.70822621E-2, 0.17608600E-2, 0.84496765E-4
0.93065020E-4, 0.18300258E-6, 0.39002311E-3, 0.41632129E-6, 0.70893206E-3, 0.63069531E-3, 0.10732398E-1, 0.26707347E-2, 0.12816039E-3
0.96978307E-4, 0.19371792E-6, 0.41557424E-3, 0.41603630E-6, 0.76564867E-3, 0.68124593E-3, 0.11600794E-1, 0.28900274E-2, 0.13868674E-3
0.99201628E-4, 0.20012600E-6, 0.42918639E-3, 0.41575140E-6, 0.84424147E-3, 0.75129594E-3, 0.12803694E-1, 0.31935549E-2, 0.15325623E-3
0.10046167E-3, 0.20400242E-6, 0.43609829E-3, 0.41546687E-6, 0.89435582E-3, 0.79605152E-3, 0.13578232E-1, 0.33911844E-2, 0.16274469E-3
0.10183129E-3, 0.20822060E-6, 0.44406182E-3, 0.41518248E-6, 0.87423157E-3, 0.77829458E-3, 0.13287120E-1, 0.33229219E-2, 0.15947314E-3
0.10323831E-3, 0.21258673E-6, 0.45274664E-3, 0.41489807E-6, 0.81516994E-3, 0.72583667E-3, 0.12401863E-1, 0.31055110E-2, 0.14904316E-3
0.10450317E-3, 0.21660006E-6, 0.46061055E-3, 0.41461394E-6, 0.89972379E-3, 0.80126256E-3, 0.13702163E-1, 0.34355738E-2, 0.16488826E-3
0.10578799E-3, 0.22070950E-6, 0.46798252E-3, 0.41433029E-6, 0.10179847E-2, 0.90678642E-3, 0.15521809E-1, 0.38974897E-2, 0.18706337E-3
0.10725153E-3, 0.22536850E-6, 0.47600342E-3, 0.41404655E-6, 0.10615881E-2, 0.94587746E-3, 0.16208377E-1, 0.40763407E-2, 0.19565388E-3
0.10868794E-3, 0.22999902E-6, 0.48399516E-3, 0.41376293E-6, 0.94852882E-3, 0.84535207E-3, 0.14500896E-1, 0.36525512E-2, 0.17531868E-3
0.11000287E-3, 0.23432305E-6, 0.49109838E-3, 0.41347980E-6, 0.72854816E-3, 0.64939260E-3, 0.11148583E-1, 0.28117909E-2, 0.13496673E-3
0.11146376E-3, 0.23911741E-6, 0.49894606E-3, 0.41319677E-6, 0.65481156E-3, 0.58369921E-3, 0.10027010E-1, 0.25316132E-2, 0.12152085E-3
0.11290272E-3, 0.24389479E-6, 0.50659984E-3, 0.41291372E-6, 0.68800157E-3, 0.61330531E-3, 0.10541776E-1, 0.26643281E-2, 0.12789413E-3
0.11429724E-3, 0.24858582E-6, 0.51384571E-3, 0.41263101E-6, 0.73240406E-3, 0.65292505E-3, 0.11229987E-1, 0.28413704E-2, 0.13639570E-3
0.11561299E-3, 0.25308688E-6, 0.52056008E-3, 0.41234861E-6, 0.83403819E-3, 0.74359123E-3, 0.12798661E-1, 0.32421681E-2, 0.15563935E-3
0.11723083E-3, 0.25854197E-6, 0.52972999E-3, 0.41206624E-6, 0.94294536E-3, 0.84081176E-3, 0.14484595E-1, 0.36742780E-2, 0.17638765E-3
0.11867978E-3, 0.26353905E-6, 0.53776312E-3, 0.41178396E-6, 0.10380509E-2, 0.92579791E-3, 0.15964568E-1, 0.40558944E-2, 0.19471382E-3
0.12027899E-3, 0.26904672E-6, 0.54647494E-3, 0.41150219E-6, 0.95728284E-3, 0.85393508E-3, 0.14740322E-1, 0.37506944E-2, 0.18006773E-3
0.12196308E-3, 0.27487351E-6, 0.55563124E-3, 0.41122055E-6, 0.90912147E-3, 0.81110356E-3, 0.14013995E-1, 0.35710665E-2, 0.17144924E-3
0.12362572E-3, 0.28069414E-6, 0.56492549E-3, 0.41093890E-6, 0.80660154E-3, 0.71971450E-3, 0.12445263E-1, 0.31755778E-2, 0.15246590E-3
0.12523813E-3, 0.28641381E-6, 0.57451968E-3, 0.41065746E-6, 0.79335156E-3, 0.70793892E-3, 0.12250712E-1, 0.31298408E-2, 0.15027393E-3
0.12664814E-3, 0.29154273E-6, 0.58345485E-3, 0.41037640E-6, 0.63235336E-3, 0.56428200E-3, 0.97709075E-2, 0.24990947E-2, 0.11999260E-3
0.12797798E-3, 0.29645818E-6, 0.59246045E-3, 0.41009542E-6, 0.55570930E-3, 0.49585424E-3, 0.85899625E-2, 0.21990931E-2, 0.10559030E-3
0.12913336E-3, 0.30084942E-6, 0.60067960E-3, 0.40981470E-6, 0.50370273E-3, 0.44939501E-3, 0.77879233E-2, 0.19954185E-2, 0.95812502E-4
0.13006310E-3, 0.30453913E-6, 0.60720014E-3, 0.40953424E-6, 0.43301622E-3, 0.38626921E-3, 0.66958345E-2, 0.17168659E-2, 0.82438753E-4
0.13074650E-3, 0.30744735E-6, 0.61153265E-3, 0.40925386E-6, 0.38242084E-3, 0.34107119E-3, 0.59135254E-2, 0.15172450E-2, 0.72854586E-4
0.13113578E-3, 0.30940805E-6, 0.61306718E-3, 0.40897353E-6, 0.28507577E-3, 0.25418997E-3, 0.44075800E-2, 0.11314559E-2, 0.54330540E-4
0.13140454E-3, 0.31098023E-6, 0.61342440E-3, 0.40869344E-6, 0.26756959E-3, 0.23851579E-3, 0.41358708E-2, 0.10621643E-2, 0.51003786E-4
0.13168447E-3, 0.31259248E-6, 0.61384356E-3, 0.40841377E-6, 0.28138622E-3, 0.25075639E-3, 0.43480820E-2, 0.11171403E-2, 0.53644184E-4
0.13285858E-3, 0.31714541E-6, 0.62233122E-3, 0.40813418E-6, 0.37160661E-3, 0.33108017E-3, 0.57414370E-2, 0.14758767E-2, 0.70871210E-4
0.13462978E-3, 0.32370860E-6, 0.63579658E-3, 0.40785460E-6, 0.43833730E-3, 0.39045126E-3, 0.67722602E-2, 0.17419487E-2, 0.83649094E-4
0.13661961E-3, 0.33106565E-6, 0.65091398E-3, 0.40757544E-6, 0.52739313E-3, 0.46969912E-3, 0.81491256E-2, 0.20976679E-2, 0.10073253E-3
0.13815220E-3, 0.33695770E-6, 0.66170294E-3, 0.40729645E-6, 0.61189284E-3, 0.54485956E-3, 0.94565507E-2, 0.24363585E-2, 0.11699912E-3
0.13965246E-3, 0.34278762E-6, 0.66943030E-3, 0.40701750E-6, 0.81517384E-3, 0.72586152E-3, 0.12605887E-1, 0.32513314E-2, 0.15613963E-3
0.14126193E-3, 0.34903803E-6, 0.67729608E-3, 0.40673885E-6, 0.95122267E-3, 0.84703352E-3, 0.14722299E-1, 0.38023978E-2, 0.18260904E-3
0.14290951E-3, 0.35547239E-6, 0.68544201E-3, 0.40646054E-6, 0.96856855E-3, 0.86255150E-3, 0.15006042E-1, 0.38814824E-2, 0.18641319E-3
0.14461091E-3, 0.36214658E-6, 0.69395185E-3, 0.40618224E-6, 0.10468080E-2, 0.93232555E-3, 0.16236095E-1, 0.42062425E-2, 0.20201715E-3
0.14623336E-3, 0.36860297E-6, 0.70188625E-3, 0.40590396E-6, 0.10553886E-2, 0.94008580E-3, 0.16388590E-1, 0.42527393E-2, 0.20425762E-3
0.14794384E-3, 0.37542276E-6, 0.71045582E-3, 0.40562617E-6, 0.93119929E-3, 0.82953880E-3, 0.14475641E-1, 0.37622151E-2, 0.18070410E-3
0.14975548E-3, 0.38265580E-6, 0.72005071E-3, 0.40534852E-6, 0.85665152E-3, 0.76314760E-3, 0.13328284E-1, 0.34688911E-2, 0.16662052E-3
0.15145108E-3, 0.38953951E-6, 0.72881160E-3, 0.40507089E-6, 0.96113724E-3, 0.85623609E-3, 0.14966630E-1, 0.39008488E-2, 0.18737455E-3
0.15331307E-3, 0.39707569E-6, 0.73817658E-3, 0.40479338E-6, 0.87077206E-3, 0.77575928E-3, 0.13571818E-1, 0.35424347E-2, 0.17016378E-3
0.15505032E-3, 0.40422481E-6, 0.74670126E-3, 0.40451633E-6, 0.11360011E-2, 0.10121033E-2, 0.17723761E-1, 0.46334066E-2, 0.22257731E-3
0.15659306E-3, 0.41072630E-6, 0.75400906E-3, 0.40423947E-6, 0.93541807E-3, 0.83346333E-3, 0.14610599E-1, 0.38258568E-2, 0.18379124E-3
0.15823574E-3, 0.41763886E-6, 0.76166663E-3, 0.40396256E-6, 0.81643229E-3, 0.72743784E-3, 0.12762337E-1, 0.33465312E-2, 0.16076981E-3
0.15996437E-3, 0.42492067E-6, 0.76985452E-3, 0.40368596E-6, 0.78140548E-3, 0.69617573E-3, 0.12222257E-1, 0.32089739E-2, 0.15416584E-3
0.16193904E-3, 0.43316919E-6, 0.77975105E-3, 0.40340973E-6, 0.81040617E-3, 0.72195049E-3, 0.12683351E-1, 0.33342345E-2, 0.16018815E-3
0.16387370E-3, 0.44133768E-6, 0.78934542E-3, 0.40313358E-6, 0.79409895E-3, 0.70736284E-3, 0.12435628E-1, 0.32732766E-2, 0.15726402E-3
0.16556824E-3, 0.44867193E-6, 0.79716177E-3, 0.40285752E-6, 0.87219151E-3, 0.77686366E-3, 0.13667352E-1, 0.36022344E-2, 0.17307392E-3
0.16708544E-3, 0.45539073E-6, 0.80373557E-3, 0.40258186E-6, 0.90343232E-3, 0.80465048E-3, 0.14167627E-1, 0.37393542E-2, 0.17966777E-3
0.16877418E-3, 0.46280491E-6, 0.81154250E-3, 0.40230628E-6, 0.11212068E-2, 0.99863310E-3, 0.17600333E-1, 0.46528024E-2, 0.22356499E-3
0.17048900E-3, 0.47037068E-6, 0.81950385E-3, 0.40203071E-6, 0.11405718E-2, 0.10159720E-2, 0.17926730E-1, 0.47476357E-2, 0.22813091E-3
0.17222471E-3, 0.47807009E-6, 0.82775159E-3, 0.40175541E-6, 0.11189490E-2, 0.99680340E-3, 0.17609065E-1, 0.46719322E-2, 0.22450247E-3
0.17378312E-3, 0.48513959E-6, 0.83539973E-3, 0.40148052E-6, 0.10107285E-2, 0.90043677E-3, 0.15923778E-1, 0.42320257E-2, 0.20337131E-3
0.17527900E-3, 0.49201327E-6, 0.84330619E-3, 0.40120565E-6, 0.82488224E-3, 0.73481840E-3, 0.13005839E-1, 0.34616503E-2, 0.16635629E-3
0.17683055E-3, 0.49914445E-6, 0.85079717E-3, 0.40093082E-6, 0.87522366E-3, 0.77958341E-3, 0.13808454E-1, 0.36802841E-2, 0.17686862E-3
0.17812400E-3, 0.50531060E-6, 0.85550395E-3, 0.40065632E-6, 0.93340030E-3, 0.83134905E-3, 0.14737646E-1, 0.39336267E-2, 0.18905010E-3
0.17947546E-3, 0.51173822E-6, 0.86067687E-3, 0.40038219E-6, 0.12022367E-2, 0.10707973E-2, 0.19002382E-1, 0.50805709E-2, 0.24418181E-3
0.18114378E-3, 0.51945068E-6, 0.86832134E-3, 0.40010812E-6, 0.11179270E-2, 0.99578185E-3, 0.17692707E-1, 0.47392878E-2, 0.22778893E-3
0.18282943E-3, 0.52728114E-6, 0.87638717E-3, 0.39983411E-6, 0.10429837E-2, 0.92905329E-3, 0.16525282E-1, 0.44343071E-2, 0.21313886E-3
0.18427764E-3, 0.53421513E-6, 0.88389131E-3, 0.39956052E-6, 0.89939474E-3, 0.80110523E-3, 0.14262685E-1, 0.38331959E-2, 0.18425265E-3
0.18541460E-3, 0.53994387E-6, 0.89011766E-3, 0.39928699E-6, 0.77060173E-3, 0.68628299E-3, 0.12227175E-1, 0.32905873E-2, 0.15817578E-3
0.18631501E-3, 0.54475055E-6, 0.89494052E-3, 0.39901349E-6, 0.56375033E-3, 0.50193135E-3, 0.89467932E-2, 0.24103946E-2, 0.11586861E-3
0.18740962E-3, 0.55035633E-6, 0.90162858E-3, 0.39874041E-6, 0.60219615E-3, 0.53599343E-3, 0.95571047E-2, 0.25772429E-2, 0.12389178E-3
0.18860673E-3, 0.55640032E-6, 0.90919802E-3, 0.39846756E-6, 0.59672841E-3, 0.53095468E-3, 0.94705066E-2, 0.25563643E-2, 0.12289089E-3
0.19005431E-3, 0.56348694E-6, 0.91847515E-3, 0.39819469E-6, 0.59142493E-3, 0.52606786E-3, 0.93865786E-2, 0.25361415E-2, 0.12192153E-3
0.19158197E-3, 0.57093712E-6, 0.92808827E-3, 0.39792192E-6, 0.61990361E-3, 0.55122864E-3, 0.98391017E-2, 0.26609972E-2, 0.12792675E-3
0.19289477E-3, 0.57755125E-6, 0.93608280E-3, 0.39764959E-6, 0.60717447E-3, 0.53973339E-3, 0.96373940E-2, 0.26090115E-2, 0.12543051E-3
0.19373216E-3, 0.58225152E-6, 0.94027503E-3, 0.39737745E-6, 0.51787787E-3, 0.46018302E-3, 0.82192123E-2, 0.22271050E-2, 0.10707235E-3
0.19436434E-3, 0.58612625E-6, 0.94273541E-3, 0.39710528E-6, 0.40151295E-3, 0.35663135E-3, 0.63705416E-2, 0.17274667E-2, 0.83052764E-4
0.19523765E-3, 0.59100250E-6, 0.94744330E-3, 0.39683329E-6, 0.46981871E-3, 0.41711345E-3, 0.74515194E-2, 0.20219926E-2, 0.97214535E-4
0.19623540E-3, 0.59640848E-6, 0.95337530E-3, 0.39656175E-6, 0.43611418E-3, 0.38702070E-3, 0.69147032E-2, 0.18776847E-2, 0.90278067E-4
0.19673459E-3, 0.59977731E-6, 0.95459062E-3, 0.39629023E-6, 0.35654457E-3, 0.31625520E-3, 0.56504658E-2, 0.15353564E-2, 0.73820236E-4
0.19700573E-3, 0.60221214E-6, 0.95355260E-3, 0.39601881E-6, 0.35158711E-3, 0.31169615E-3, 0.55686804E-2, 0.15139845E-2, 0.72793700E-4
0.19762498E-3, 0.60608892E-6, 0.95570751E-3, 0.39574763E-6, 0.46501306E-3, 0.41204199E-3, 0.73614502E-2, 0.20026765E-2, 0.96291995E-4
0.19949104E-3, 0.61514851E-6, 0.96927659E-3, 0.39547677E-6, 0.52243477E-3, 0.46274855E-3, 0.82691023E-2, 0.22513557E-2, 0.10825098E-3
0.20043012E-3, 0.62039891E-6, 0.97454648E-3, 0.39520597E-6, 0.40396748E-3, 0.35765153E-3, 0.63918033E-2, 0.17415223E-2, 0.83738385E-4
0.20079242E-3, 0.62326211E-6, 0.97432319E-3, 0.39493526E-6, 0.42105382E-3, 0.37259451E-3, 0.66590421E-2, 0.18155081E-2, 0.87297274E-4
0.20099625E-3, 0.62546906E-6, 0.97252737E-3, 0.39466494E-6, 0.37108816E-3, 0.32821472E-3, 0.58659301E-2, 0.16002755E-2, 0.76949196E-4
0.20109475E-3, 0.62723899E-6, 0.96967607E-3, 0.39439487E-6, 0.37732563E-3, 0.33356281E-3, 0.59613902E-2, 0.16272684E-2, 0.78248304E-4
0.20109871E-3, 0.62861557E-6, 0.96587429E-3, 0.39412473E-6, 0.40491365E-3, 0.35777251E-3, 0.63940817E-2, 0.17464414E-2, 0.83980100E-4
0.20112209E-3, 0.63007235E-6, 0.96227805E-3, 0.39385472E-6, 0.35554121E-3, 0.31399174E-3, 0.56116208E-2, 0.15336400E-2, 0.73748313E-4
0.20157048E-3, 0.63330435E-6, 0.96295844E-3, 0.39358520E-6, 0.44990101E-3, 0.39713088E-3, 0.70976517E-2, 0.19409733E-2, 0.93337243E-4
0.20255914E-3, 0.63880390E-6, 0.96886762E-3, 0.39331576E-6, 0.50597475E-3, 0.44643902E-3, 0.79802256E-2, 0.21839424E-2, 0.10502306E-3
0.20329238E-3, 0.64325218E-6, 0.97231707E-3, 0.39304638E-6, 0.38297259E-3, 0.33775787E-3, 0.60381982E-2, 0.16536161E-2, 0.79521698E-4
0.20338195E-3, 0.64501029E-6, 0.96939557E-3, 0.39277720E-6, 0.34405754E-3, 0.30327481E-3, 0.54214611E-2, 0.14855523E-2, 0.71440583E-4
0.20351732E-3, 0.64696161E-6, 0.96697488E-3, 0.39250841E-6, 0.36370804E-3, 0.32043166E-3, 0.57279156E-2, 0.15703782E-2, 0.75520948E-4
0.20386446E-3, 0.64980355E-6, 0.96666446E-3, 0.39223963E-6, 0.37788667E-3, 0.33275955E-3, 0.59482479E-2, 0.16317118E-2, 0.78471676E-4
0.20407993E-3, 0.65209684E-6, 0.96501678E-3, 0.39197093E-6, 0.33262256E-3, 0.29274137E-3, 0.52325646E-2, 0.14361719E-2, 0.69068810E-4
0.20487192E-3, 0.65681951E-6, 0.96907251E-3, 0.39170266E-6, 0.37665022E-3, 0.33133046E-3, 0.59222300E-2, 0.16263386E-2, 0.78215409E-4
0.20496313E-3, 0.65860212E-6, 0.96618920E-3, 0.39143458E-6, 0.30691459E-3, 0.26984102E-3, 0.48228228E-2, 0.13251173E-2, 0.63729647E-4
0.20641515E-3, 0.66613444E-6, 0.97312569E-3, 0.39116657E-6, 0.74187975E-3, 0.65196020E-3, 0.11654441E-1, 0.32046565E-2, 0.15412649E-3
0.21078068E-3, 0.68609523E-6, 0.10039280E-2, 0.39089872E-6, 0.76099834E-3, 0.66860887E-3, 0.11959913E-1, 0.32924190E-2, 0.15835195E-3
0.21266895E-3, 0.69563816E-6, 0.10148240E-2, 0.39063116E-6, 0.85872930E-3, 0.75428543E-3, 0.13501913E-1, 0.37214528E-2, 0.17899228E-3
0.21391787E-3, 0.70248399E-6, 0.10212942E-2, 0.39036377E-6, 0.63414918E-3, 0.55685808E-3, 0.99739917E-2, 0.27522140E-2, 0.13237825E-3
0.21487480E-3, 0.70809892E-6, 0.10259583E-2, 0.39009635E-6, 0.63876226E-3, 0.56068925E-3, 0.10046549E-1, 0.27748989E-2, 0.13347265E-3
0.21553502E-3, 0.71245086E-6, 0.10281693E-2, 0.38982915E-6, 0.54330379E-3, 0.47670395E-3, 0.85445363E-2, 0.23621547E-2, 0.11362229E-3
0.21620649E-3, 0.71686213E-6, 0.10303638E-2, 0.38956244E-6, 0.46765333E-3, 0.41011241E-3, 0.73519619E-2, 0.20340220E-2, 0.97840719E-4
0.21793091E-3, 0.72585323E-6, 0.10386358E-2, 0.38929582E-6, 0.91844820E-3, 0.80520764E-3, 0.14442578E-1, 0.39998591E-2, 0.19240676E-3
0.21986316E-3, 0.73579668E-6, 0.10468602E-2, 0.38902925E-6, 0.90307189E-3, 0.79155690E-3, 0.14210137E-1, 0.39408850E-2, 0.18957662E-3
0.22188724E-3, 0.74619709E-6, 0.10557220E-2, 0.38876297E-6, 0.99694554E-3, 0.87366288E-3, 0.15698737E-1, 0.43599308E-2, 0.20974256E-3
0.22369203E-3, 0.75569437E-6, 0.10630781E-2, 0.38849691E-6, 0.97876333E-3, 0.85757283E-3, 0.15425061E-1, 0.42903088E-2, 0.20640121E-3
0.22565688E-3, 0.76594728E-6, 0.10715883E-2, 0.38823089E-6, 0.10659711E-2, 0.93382993E-3, 0.16814467E-1, 0.46839477E-2, 0.22534773E-3
0.22733412E-3, 0.77498117E-6, 0.10785237E-2, 0.38796495E-6, 0.10639931E-2, 0.93197543E-3, 0.16800297E-1, 0.46875193E-2, 0.22552891E-3
0.22863860E-3, 0.78240276E-6, 0.10838805E-2, 0.38769943E-6, 0.96789212E-3, 0.84764173E-3, 0.15296036E-1, 0.42743594E-2, 0.20565897E-3
0.22966610E-3, 0.78861996E-6, 0.10881096E-2, 0.38743411E-6, 0.73136139E-3, 0.64031675E-3, 0.11563770E-1, 0.32355899E-2, 0.15568435E-3
0.23046444E-3, 0.79383506E-6, 0.10910881E-2, 0.38716871E-6, 0.64264261E-3, 0.56240783E-3, 0.10161520E-1, 0.28461933E-2, 0.13695180E-3
0.23105557E-3, 0.79813873E-6, 0.10923905E-2, 0.38690357E-6, 0.52909245E-3, 0.46282407E-3, 0.83649084E-2, 0.23450507E-2, 0.11284074E-3
0.23215541E-3, 0.80472779E-6, 0.10969928E-2, 0.38663887E-6, 0.69619331E-3, 0.60865947E-3, 0.11003532E-1, 0.30875909E-2, 0.14857443E-3
0.23400721E-3, 0.81471319E-6, 0.11050408E-2, 0.38637421E-6, 0.11710856E-2, 0.10236710E-2, 0.18524213E-1, 0.52050906E-2, 0.25047743E-3
0.23525252E-3, 0.82201700E-6, 0.11095263E-2, 0.38610958E-6, 0.95774001E-3, 0.83705282E-3, 0.15164902E-1, 0.42680209E-2, 0.20539299E-3
0.23636736E-3, 0.82875914E-6, 0.11143120E-2, 0.38584517E-6, 0.67774922E-3, 0.59215463E-3, 0.10735924E-1, 0.30252789E-2, 0.14559248E-3
0.23749635E-3, 0.83558768E-6, 0.11199024E-2, 0.38558119E-6, 0.54406119E-3, 0.47512408E-3, 0.86170854E-2, 0.24304504E-2, 0.11696912E-3
0.23837018E-3, 0.84128334E-6, 0.11232642E-2, 0.38531718E-6, 0.51794323E-3, 0.45206424E-3, 0.82002990E-2, 0.23147371E-2, 0.11140270E-3
0.23982053E-3, 0.84961300E-6, 0.11315427E-2, 0.38505323E-6, 0.60667132E-3, 0.52922324E-3, 0.96021425E-2, 0.27127084E-2, 0.13055908E-3
0.24144462E-3, 0.85876752E-6, 0.11403629E-2, 0.38478962E-6, 0.71387709E-3, 0.62246679E-3, 0.11298840E-1, 0.31951759E-2, 0.15378369E-3
0.24325809E-3, 0.86882795E-6, 0.11491315E-2, 0.38452634E-6, 0.75832498E-3, 0.66094130E-3, 0.12003786E-1, 0.33982415E-2, 0.16356213E-3
0.24523216E-3, 0.87967146E-6, 0.11572746E-2, 0.38426302E-6, 0.90421224E-3, 0.78782724E-3, 0.14318862E-1, 0.40586200E-2, 0.19535357E-3
0.24713718E-3, 0.89025076E-6, 0.11647774E-2, 0.38399972E-6, 0.88423840E-3, 0.77017630E-3, 0.14009896E-1, 0.39763274E-2, 0.19139952E-3
0.24866426E-3, 0.89913476E-6, 0.11696351E-2, 0.38373693E-6, 0.93871716E-3, 0.81737066E-3, 0.14881398E-1, 0.42293821E-2, 0.20358790E-3
0.25022696E-3, 0.90821976E-6, 0.11747020E-2, 0.38347434E-6, 0.91598759E-3, 0.79733337E-3, 0.14529775E-1, 0.41351421E-2, 0.19905900E-3
0.25204892E-3, 0.91854434E-6, 0.11815501E-2, 0.38321164E-6, 0.91783219E-3, 0.79867669E-3, 0.14567089E-1, 0.41514044E-2, 0.19984934E-3
0.25379809E-3, 0.92857692E-6, 0.11878379E-2, 0.39589068E-6, 0.80923806E-3, 0.70392841E-3, 0.12849188E-1, 0.36665339E-2, 0.17651390E-3
0.25556458E-3, 0.93873308E-6, 0.11942819E-2, 0.66370103E-6, 0.94544841E-3, 0.82211295E-3, 0.15018507E-1, 0.42910920E-2, 0.20658877E-3
0.25673254E-3, 0.94612960E-6, 0.11969692E-2, 0.10956946E-5, 0.93740184E-3, 0.81485353E-3, 0.14899763E-1, 0.42631030E-2, 0.20524932E-3
0.25781855E-3, 0.95316523E-6, 0.11999109E-2, 0.15233157E-5, 0.89004147E-3, 0.77341701E-3, 0.14154515E-1, 0.40553496E-2, 0.19525431E-3
0.25883908E-3, 0.95920825E-6, 0.12021463E-2, 0.19107249E-5, 0.66742790E-3, 0.57972351E-3, 0.10616497E-1, 0.30452197E-2, 0.14662406E-3
0.25984514E-3, 0.96528186E-6, 0.12048893E-2, 0.23091088E-5, 0.57897286E-3, 0.50260959E-3, 0.92072869E-2, 0.26434429E-2, 0.12728227E-3
0.26055786E-3, 0.97187080E-6, 0.12087153E-2, 0.27429439E-5, 0.57050085E-3, 0.49497321E-3, 0.90696784E-2, 0.26061363E-2, 0.12548896E-3
0.26452317E-3, 0.97662394E-6, 0.12093835E-2, 0.30652079E-5, 0.53848501E-3, 0.46691403E-3, 0.85572330E-2, 0.24608874E-2, 0.11849779E-3
0.27026510E-3, 0.98114413E-6, 0.12093114E-2, 0.33661991E-5, 0.59869536E-3, 0.51876734E-3, 0.95089227E-2, 0.27368478E-2, 0.13178914E-3
0.26267744E-3, 0.98786768E-6, 0.12109557E-2, 0.37590628E-5, 0.10899436E-2, 0.94412296E-3, 0.17319659E-1, 0.49909758E-2, 0.24034191E-3
0.26369002E-3, 0.99482816E-6, 0.12123270E-2, 0.41524499E-5, 0.84060506E-3, 0.72792446E-3, 0.13367304E-1, 0.38575106E-2, 0.18576729E-3
0.26486875E-3, 0.10024368E-5, 0.12145941E-2, 0.45805550E-5, 0.10339239E-2, 0.89500635E-3, 0.16450649E-1, 0.47537331E-2, 0.22893595E-3
0.26605287E-3, 0.10099949E-5, 0.12173726E-2, 0.50176145E-5, 0.10877536E-2, 0.94134593E-3, 0.17322721E-1, 0.50134668E-2, 0.24145536E-3
0.26784241E-3, 0.10177602E-5, 0.12204990E-2, 0.54670054E-5, 0.11044878E-2, 0.95560483E-3, 0.17607370E-1, 0.51040011E-2, 0.24582699E-3
0.26836479E-3, 0.10252145E-5, 0.12231064E-2, 0.58978485E-5, 0.94321644E-3, 0.81586622E-3, 0.15050173E-1, 0.43692952E-2, 0.21045018E-3
0.26939908E-3, 0.10322246E-5, 0.12260274E-2, 0.63234611E-5, 0.67013246E-3, 0.57938794E-3, 0.10695308E-1, 0.31086958E-2, 0.14973771E-3
0.27067322E-3, 0.10403980E-5, 0.12303599E-2, 0.68076697E-5, 0.73448848E-3, 0.63467538E-3, 0.11721257E-1, 0.34103782E-2, 0.16427391E-3
0.27224969E-3, 0.10500545E-5, 0.12352836E-2, 0.73424130E-5, 0.92416274E-3, 0.79823757E-3, 0.14752998E-1, 0.42976304E-2, 0.20701907E-3
0.27376722E-3, 0.10594588E-5, 0.12398149E-2, 0.78627918E-5, 0.89496723E-3, 0.77272928E-3, 0.14294584E-1, 0.41696033E-2, 0.20085975E-3
0.27531580E-3, 0.10690044E-5, 0.12444236E-2, 0.83884488E-5, 0.83170505E-3, 0.71780552E-3, 0.13289359E-1, 0.38812561E-2, 0.18697635E-3
0.27768142E-3, 0.10785903E-5, 0.12491605E-2, 0.89178484E-5, 0.95769152E-3, 0.82618400E-3, 0.15308763E-1, 0.44767992E-2, 0.21567450E-3
0.27806679E-3, 0.10865718E-5, 0.12521683E-2, 0.93710769E-5, 0.88021328E-3, 0.75905723E-3, 0.14078123E-1, 0.41224142E-2, 0.19860953E-3
0.27906371E-3, 0.10936367E-5, 0.12547441E-2, 0.97919456E-5, 0.73745102E-3, 0.63563860E-3, 0.11797313E-1, 0.34586012E-2, 0.16663426E-3
0.28007879E-3, 0.11007697E-5, 0.12579426E-2, 0.10227124E-4, 0.70228643E-3, 0.60500327E-3, 0.11234614E-1, 0.32970672E-2, 0.15885659E-3
0.28113549E-3, 0.11081021E-5, 0.12616517E-2, 0.10677831E-4, 0.56213618E-3, 0.48398162E-3, 0.89905392E-2, 0.26409070E-2, 0.12724558E-3
0.28217986E-3, 0.11153940E-5, 0.12656886E-2, 0.11134273E-4, 0.56898431E-3, 0.48955629E-3, 0.90959286E-2, 0.26740269E-2, 0.12884462E-3
0.28309118E-3, 0.11220560E-5, 0.12689302E-2, 0.11558583E-4, 0.47552615E-3, 0.40884910E-3, 0.75970734E-2, 0.22350706E-2, 0.10769658E-3
0.28423211E-3, 0.11297850E-5, 0.12739135E-2, 0.12045641E-4, 0.54997700E-3, 0.47253838E-3, 0.87814685E-2, 0.25853992E-2, 0.12457995E-3
0.28575421E-3, 0.11385947E-5, 0.12791259E-2, 0.12565211E-4, 0.98400610E-3, 0.84499666E-3, 0.15712248E-1, 0.46308888E-2, 0.22315128E-3
0.28687323E-3, 0.11472788E-5, 0.12824675E-2, 0.13044084E-4, 0.10359581E-2, 0.88929798E-3, 0.16554592E-1, 0.48861438E-2, 0.23546173E-3
0.28803325E-3, 0.11552402E-5, 0.12848543E-2, 0.13485139E-4, 0.99032011E-3, 0.84981648E-3, 0.15837487E-1, 0.46812198E-2, 0.22559654E-3
0.28887545E-3, 0.11616622E-5, 0.12848797E-2, 0.13839157E-4, 0.81200304E-3, 0.69650094E-3, 0.12992130E-1, 0.38451336E-2, 0.18531139E-3
0.28956583E-3, 0.11673507E-5, 0.12833735E-2, 0.14142914E-4, 0.79442066E-3, 0.68107911E-3, 0.12713403E-1, 0.37669227E-2, 0.18154857E-3
0.30959371E-3, 0.11769007E-5, 0.12873744E-2, 0.14656177E-4, 0.61133481E-3, 0.52380620E-3, 0.97823758E-2, 0.29013699E-2, 0.13983718E-3
0.31714563E-3, 0.11873390E-5, 0.12925728E-2, 0.15216322E-4, 0.64542796E-3, 0.55265654E-3, 0.10324240E-1, 0.30647861E-2, 0.14771752E-3
0.29761103E-3, 0.11981958E-5, 0.12984453E-2, 0.15800950E-4, 0.82429359E-3, 0.70540188E-3, 0.13184596E-1, 0.39179008E-2, 0.18884234E-3
0.29627545E-3, 0.12078006E-5, 0.13025966E-2, 0.16319111E-4, 0.87806914E-3, 0.75105316E-3, 0.14049008E-1, 0.41797389E-2, 0.20147052E-3
0.29715689E-3, 0.12167283E-5, 0.13060659E-2, 0.16806365E-4, 0.81087969E-3, 0.69324457E-3, 0.12977963E-1, 0.38656634E-2, 0.18633854E-3
0.29826199E-3, 0.12247910E-5, 0.13090852E-2, 0.17262561E-4, 0.73630625E-3, 0.62914315E-3, 0.11785445E-1, 0.35142535E-2, 0.16940523E-3
0.29925196E-3, 0.12321391E-5, 0.13118768E-2, 0.17696031E-4, 0.60364051E-3, 0.51546266E-3, 0.96599646E-2, 0.28831668E-2, 0.13898780E-3
0.30013249E-3, 0.12387810E-5, 0.13141125E-2, 0.18100382E-4, 0.52868569E-3, 0.45114002E-3, 0.84561622E-2, 0.25258583E-2, 0.12176628E-3
0.30171906E-3, 0.12441046E-5, 0.13144895E-2, 0.18433706E-4, 0.41359974E-3, 0.35265932E-3, 0.66101328E-2, 0.19757424E-2, 0.95248361E-4
0.32744906E-3, 0.12490302E-5, 0.13143797E-2, 0.18746878E-4, 0.29722872E-3, 0.25321319E-3, 0.47447938E-2, 0.14188976E-2, 0.68404595E-4
0.38890899E-3, 0.12538444E-5, 0.13142554E-2, 0.19056670E-4, 0.25137066E-3, 0.21394729E-3, 0.40070778E-2, 0.11987387E-2, 0.57791545E-4
0.47937411E-3, 0.12579737E-5, 0.13128963E-2, 0.19323905E-4, 0.24795675E-3, 0.21083982E-3, 0.39465022E-2, 0.11810152E-2, 0.56937766E-4
0.55122178E-3, 0.12615541E-5, 0.13104929E-2, 0.19555719E-4, 0.25425715E-3, 0.21598590E-3, 0.40400899E-2, 0.12094295E-2, 0.58308331E-4
0.60572248E-3, 0.12647331E-5, 0.13073154E-2, 0.19761199E-4, 0.27421160E-3, 0.23271177E-3, 0.43499712E-2, 0.13026521E-2, 0.62803505E-4
0.67801430E-3, 0.12674509E-5, 0.13032298E-2, 0.19936033E-4, 0.26874477E-3, 0.22785069E-3, 0.42560315E-2, 0.12749789E-2, 0.61470084E-4
0.75571949E-3, 0.12696189E-5, 0.12980476E-2, 0.20074027E-4, 0.20027468E-3, 0.16962731E-3, 0.31657200E-2, 0.94864954E-3, 0.45737386E-4
0.82987489E-3, 0.12713134E-5, 0.12919258E-2, 0.20180161E-4, 0.19936459E-3, 0.16868088E-3, 0.31449071E-2, 0.94265759E-3, 0.45448916E-4
0.86628099E-3, 0.12726939E-5, 0.12851991E-2, 0.20265097E-4, 0.20185935E-3, 0.17061326E-3, 0.31776158E-2, 0.95270708E-3, 0.45933870E-4
0.88735489E-3, 0.12739424E-5, 0.12782500E-2, 0.20341124E-4, 0.20224474E-3, 0.17076130E-3, 0.31770165E-2, 0.95277332E-3, 0.45937486E-4
0.90123771E-3, 0.12750827E-5, 0.12711297E-2, 0.20409843E-4, 0.19801679E-3, 0.16701878E-3, 0.31040800E-2, 0.93113538E-3, 0.44894652E-4
0.91458310E-3, 0.12761501E-5, 0.12639139E-2, 0.20473672E-4, 0.21074018E-3, 0.17756717E-3, 0.32965946E-2, 0.98913594E-3, 0.47691607E-4
0.91983657E-3, 0.12771583E-5, 0.12566318E-2, 0.20533509E-4, 0.21841463E-3, 0.18384942E-3, 0.34097251E-2, 0.10233523E-2, 0.49341863E-4
0.93494798E-3, 0.12780880E-5, 0.12492415E-2, 0.20588037E-4, 0.21228453E-3, 0.17850868E-3, 0.33071940E-2, 0.99284214E-3, 0.47871257E-4
0.94359071E-3, 0.12789473E-5, 0.12417602E-2, 0.20637775E-4, 0.21010205E-3, 0.17649701E-3, 0.32664866E-2, 0.98087278E-3, 0.47294609E-4
0.95206511E-3, 0.12797416E-5, 0.12342002E-2, 0.20683103E-4, 0.20532456E-3, 0.17231173E-3, 0.31856340E-2, 0.95683319E-3, 0.46135934E-4
0.95566700E-3, 0.12804817E-5, 0.12265849E-2, 0.20724765E-4, 0.19395690E-3, 0.16261218E-3, 0.30031211E-2, 0.90222852E-3, 0.43503453E-4
0.96143555E-3, 0.12811848E-5, 0.12189508E-2, 0.20763931E-4, 0.21739764E-3, 0.18208352E-3, 0.33590817E-2, 0.10094132E-2, 0.48672129E-4
0.96571463E-3, 0.12818355E-5, 0.12112651E-2, 0.20799534E-4, 0.19074298E-3, 0.15960450E-3, 0.29412939E-2, 0.88407833E-3, 0.42629094E-4
0.97514247E-3, 0.12824387E-5, 0.12035378E-2, 0.20831891E-4, 0.20782827E-3, 0.17372990E-3, 0.31981107E-2, 0.96149114E-3, 0.46362267E-4
0.98639145E-3, 0.12829782E-5, 0.11957326E-2, 0.20859843E-4, 0.20700050E-3, 0.17287172E-3, 0.31789325E-2, 0.95595210E-3, 0.46095607E-4
0.10025904E-2, 0.12834402E-5, 0.11878214E-2, 0.20882466E-4, 0.17507416E-3, 0.14606900E-3, 0.26831150E-2, 0.80702815E-3, 0.38914884E-4
0.10316791E-2, 0.12838182E-5, 0.11797885E-2, 0.20899262E-4, 0.15007317E-3, 0.12508724E-3, 0.22949856E-2, 0.69041247E-3, 0.33291934E-4
0.10265511E-2, 0.12841348E-5, 0.11716840E-2, 0.20911792E-4, 0.15654080E-3, 0.13035018E-3, 0.23886596E-2, 0.71871461E-3, 0.34656910E-4
0.10159190E-2, 0.12844228E-5, 0.11635796E-2, 0.20922360E-4, 0.15460671E-3, 0.12861677E-3, 0.23541395E-2, 0.70844905E-3, 0.34162131E-4
0.10217703E-2, 0.12846884E-5, 0.11554904E-2, 0.20931411E-4, 0.16347221E-3, 0.13586284E-3, 0.24838720E-2, 0.74761931E-3, 0.36051199E-4
0.10204080E-2, 0.12849351E-5, 0.11474218E-2, 0.20939140E-4, 0.16212808E-3, 0.13461873E-3, 0.24582825E-2, 0.74004673E-3, 0.35686295E-4
0.10198101E-2, 0.12851642E-5, 0.11393770E-2, 0.20945683E-4, 0.15810459E-3, 0.13115525E-3, 0.23922713E-2, 0.72029751E-3, 0.34734185E-4
0.10202545E-2, 0.12853776E-5, 0.11313600E-2, 0.20951151E-4, 0.16672253E-3, 0.13817658E-3, 0.25174632E-2, 0.75812096E-3, 0.36558376E-4
0.10206313E-2, 0.12855752E-5, 0.11233699E-2, 0.20955522E-4, 0.16599511E-3, 0.13744735E-3, 0.25013355E-2, 0.75339427E-3, 0.36330704E-4
0.10131586E-2, 0.12857522E-5, 0.11153957E-2, 0.20958463E-4, 0.16869619E-3, 0.13955843E-3, 0.25369385E-2, 0.76424942E-3, 0.36854439E-4
0.10193917E-2, 0.12859049E-5, 0.11074289E-2, 0.20959707E-4, 0.15154356E-3, 0.12525747E-3, 0.22744578E-2, 0.68528944E-3, 0.33046970E-4
0.10180546E-2, 0.12860405E-5, 0.10994849E-2, 0.20959742E-4, 0.15444962E-3, 0.12754477E-3, 0.23133468E-2, 0.69711398E-3, 0.33617409E-4
0.10070992E-2, 0.12861645E-5, 0.10915764E-2, 0.20958994E-4, 0.16094791E-3, 0.13279484E-3, 0.24059108E-2, 0.72512159E-3, 0.34968274E-4
0.10058190E-2, 0.12862764E-5, 0.10837020E-2, 0.20957412E-4, 0.15744148E-3, 0.12978826E-3, 0.23488470E-2, 0.70803397E-3, 0.34144457E-4
0.10141709E-2, 0.12863702E-5, 0.10758459E-2, 0.20954521E-4, 0.16118931E-3, 0.13276299E-3, 0.24000464E-2, 0.72357967E-3, 0.34894376E-4
0.96440996E-3, 0.12864405E-5, 0.10679981E-2, 0.20949983E-4, 0.15236466E-3, 0.12538678E-3, 0.22641949E-2, 0.68272551E-3, 0.32924425E-4
0.25448619E-3, 0.12864962E-5, 0.10601769E-2, 0.20939578E-4, 0.14662645E-3, 0.12057006E-3, 0.21755795E-2, 0.65609836E-3, 0.31640557E-4
0.25408901E-3, 0.12865476E-5, 0.10524056E-2, 0.20925254E-4, 0.17019536E-3, 0.13985197E-3, 0.25223710E-2, 0.76079462E-3, 0.36689831E-4
0.25369145E-3, 0.12865938E-5, 0.10446814E-2, 0.20910926E-4, 0.15793016E-3, 0.12968387E-3, 0.23379878E-2, 0.70529024E-3, 0.34013341E-4
0.25329282E-3, 0.12866323E-5, 0.10369980E-2, 0.20896601E-4, 0.19978634E-3, 0.16394121E-3, 0.29544048E-2, 0.89138909E-3, 0.42988464E-4
0.25289253E-3, 0.12866599E-5, 0.10293482E-2, 0.20882282E-4, 0.20659398E-3, 0.16941437E-3, 0.30520014E-2, 0.92100841E-3, 0.44417280E-4
0.25249054E-3, 0.12866763E-5, 0.10217306E-2, 0.20867996E-4, 0.18663218E-3, 0.15294517E-3, 0.27543891E-2, 0.83134847E-3, 0.40093611E-4
0.25211441E-3, 0.12868096E-5, 0.10144362E-2, 0.20853715E-4, 0.17610031E-3, 0.14421881E-3, 0.25962724E-2, 0.78375533E-3, 0.37798618E-4
0.25225611E-3, 0.12893449E-5, 0.10126164E-2, 0.20839430E-4, 0.19193778E-3, 0.15708838E-3, 0.28269712E-2, 0.85353968E-3, 0.41164483E-4
0.25247977E-3, 0.12922638E-5, 0.10116799E-2, 0.20825149E-4, 0.20397617E-3, 0.16683379E-3, 0.30013693E-2, 0.90635609E-3, 0.43712105E-4
0.25230035E-3, 0.12933112E-5, 0.10065407E-2, 0.20810896E-4, 0.17882472E-3, 0.14616706E-3, 0.26286617E-2, 0.79394225E-3, 0.38290866E-4
0.25190791E-3, 0.12933673E-5, 0.99918747E-3, 0.20796659E-4, 0.17193041E-3, 0.14043991E-3, 0.25247084E-2, 0.76266343E-3, 0.36782596E-4
0.25150084E-3, 0.12933522E-5, 0.99172711E-3, 0.20782420E-4, 0.12167866E-3, 0.99327226E-4, 0.17848582E-2, 0.53924037E-3, 0.26007263E-4
0.25109280E-3, 0.12933293E-5, 0.98430575E-3, 0.20768179E-4, 0.10511067E-3, 0.85744068E-4, 0.15399788E-2, 0.46530348E-3, 0.22441458E-4
0.25068503E-3, 0.12933048E-5, 0.97693678E-3, 0.20753952E-4, 0.12558293E-3, 0.10237542E-3, 0.18377483E-2, 0.55532920E-3, 0.26783528E-4
0.25028092E-3, 0.12932938E-5, 0.96965517E-3, 0.20739753E-4, 0.11656571E-3, 0.94962306E-4, 0.17038584E-2, 0.51492400E-3, 0.24834932E-4
0.24987373E-3, 0.12932652E-5, 0.96238859E-3, 0.20725558E-4, 0.12306741E-3, 0.10019321E-3, 0.17968436E-2, 0.54308039E-3, 0.26193067E-4
0.24946540E-3, 0.12932287E-5, 0.95515803E-3, 0.20711364E-4, 0.12333129E-3, 0.10034315E-3, 0.17986875E-2, 0.54369436E-3, 0.26222830E-4
0.24905679E-3, 0.12931873E-5, 0.94797171E-3, 0.20697165E-4, 0.11793298E-3, 0.95889809E-4, 0.17180572E-2, 0.51937456E-3, 0.25050018E-4
0.24864826E-3, 0.12931434E-5, 0.94083347E-3, 0.20683006E-4, 0.12338223E-3, 0.10025602E-3, 0.17954352E-2, 0.54282043E-3, 0.26180984E-4
0.24823885E-3, 0.12930923E-5, 0.93373313E-3, 0.20668853E-4, 0.10777635E-3, 0.87519846E-4, 0.15666081E-2, 0.47368393E-3, 0.22846547E-4
0.24782834E-3, 0.12930325E-5, 0.92666678E-3, 0.20654697E-4, 0.10795597E-3, 0.87610388E-4, 0.15674653E-2, 0.47398522E-3, 0.22861181E-4
0.24741725E-3, 0.12929680E-5, 0.91964134E-3, 0.20640549E-4, 0.10464793E-3, 0.84872489E-4, 0.15177408E-2, 0.45898897E-3, 0.22137981E-4
0.24700680E-3, 0.12929034E-5, 0.91266801E-3, 0.20626410E-4, 0.10718633E-3, 0.86877539E-4, 0.15528522E-2, 0.46964752E-3, 0.22652162E-4
0.24659696E-3, 0.12928383E-5, 0.90574747E-3, 0.20612299E-4, 0.11011876E-3, 0.89199224E-4, 0.15935899E-2, 0.48201045E-3, 0.23248562E-4
0.24618782E-3, 0.12927733E-5, 0.89887955E-3, 0.20598189E-4, 0.11548441E-3, 0.93489296E-4, 0.16694771E-2, 0.50500967E-3, 0.24357982E-4
0.24577937E-3, 0.12927080E-5, 0.89206372E-3, 0.20584082E-4, 0.12175501E-3, 0.98507080E-4, 0.17583143E-2, 0.53193263E-3, 0.25656667E-4
0.24537160E-3, 0.12926428E-5, 0.88529935E-3, 0.20569973E-4, 0.12282956E-3, 0.99318757E-4, 0.17720640E-2, 0.53614401E-3, 0.25859921E-4
0.24496450E-3, 0.12925780E-5, 0.87858643E-3, 0.20555897E-4, 0.11864944E-3, 0.95882766E-4, 0.17100328E-2, 0.51742536E-3, 0.24957184E-4
0.24455809E-3, 0.12925133E-5, 0.87192433E-3, 0.20541833E-4, 0.11347063E-3, 0.91644426E-4, 0.16337400E-2, 0.49438496E-3, 0.23845985E-4
0.24415232E-3, 0.12924480E-5, 0.86531293E-3, 0.20527767E-4, 0.11520244E-3, 0.92989758E-4, 0.16570132E-2, 0.50147186E-3, 0.24187926E-4
0.24374726E-3, 0.12923831E-5, 0.85875153E-3, 0.20513702E-4, 0.10843171E-3, 0.87474567E-4, 0.15580654E-2, 0.47156721E-3, 0.22745611E-4
0.24334285E-3, 0.12923178E-5, 0.85223984E-3, 0.20499649E-4, 0.97011580E-4, 0.78217672E-4, 0.13925758E-2, 0.42151293E-3, 0.20331368E-4
0.24293913E-3, 0.12922526E-5, 0.84577763E-3, 0.20485624E-4, 0.11415617E-3, 0.91988004E-4, 0.16370035E-2, 0.49553695E-3, 0.23901957E-4
0.24253606E-3, 0.12921877E-5, 0.83936448E-3, 0.20471602E-4, 0.12907431E-3, 0.10395319E-3, 0.18492264E-2, 0.55982947E-3, 0.27003221E-4
0.24213364E-3, 0.12921231E-5, 0.83299988E-3, 0.20457581E-4, 0.10375803E-3, 0.83518134E-4, 0.14851054E-2, 0.44963561E-3, 0.21688162E-4
0.24173192E-3, 0.12920578E-5, 0.82668348E-3, 0.20443560E-4, 0.10838592E-3, 0.87195600E-4, 0.15498435E-2, 0.46927255E-3, 0.22635444E-4
0.24133085E-3, 0.12919929E-5, 0.82041504E-3, 0.20429568E-4, 0.89901907E-4, 0.72285780E-4, 0.12842735E-2, 0.38888975E-3, 0.18758243E-4
0.24093043E-3, 0.12919276E-5, 0.81419421E-3, 0.20415591E-4, 0.83741746E-4, 0.67295754E-4, 0.11950677E-2, 0.36190031E-3, 0.17456459E-4
0.24053070E-3, 0.12918625E-5, 0.80802036E-3, 0.20401614E-4, 0.91807706E-4, 0.73737552E-4, 0.13088667E-2, 0.39638689E-3, 0.19120009E-4
0.24013163E-3, 0.12917975E-5, 0.80189353E-3, 0.20387633E-4, 0.96063181E-4, 0.77113342E-4, 0.13681734E-2, 0.41437554E-3, 0.19987783E-4
0.23973324E-3, 0.12917329E-5, 0.79581304E-3, 0.20373664E-4, 0.10628770E-3, 0.85277061E-4, 0.15124099E-2, 0.45809307E-3, 0.22096629E-4
0.23933547E-3, 0.12916678E-5, 0.78977860E-3, 0.20359726E-4, 0.88305045E-4, 0.70811628E-4, 0.12553260E-2, 0.38025118E-3, 0.18341914E-4
0.23893839E-3, 0.12916028E-5, 0.78378996E-3, 0.20345793E-4, 0.85174135E-4, 0.68265137E-4, 0.12096480E-2, 0.36643702E-3, 0.17675637E-4
0.23854198E-3, 0.12915375E-5, 0.77784673E-3, 0.20331861E-4, 0.88899469E-4, 0.71213835E-4, 0.12613467E-2, 0.38212084E-3, 0.18432247E-4
0.23814621E-3, 0.12914721E-5, 0.77194854E-3, 0.20317926E-4, 0.81079139E-4, 0.64916021E-4, 0.11493013E-2, 0.34819753E-3, 0.16795957E-4
0.23775108E-3, 0.12914073E-5, 0.76609524E-3, 0.20304016E-4, 0.82217426E-4, 0.65793727E-4, 0.11643288E-2, 0.35276992E-3, 0.17016582E-4
0.23735658E-3, 0.12913428E-5, 0.76028612E-3, 0.20290125E-4, 0.94625299E-4, 0.75684773E-4, 0.13388006E-2, 0.40565588E-3, 0.19567715E-4
0.23696282E-3, 0.12912775E-5, 0.75452123E-3, 0.20276233E-4, 0.94466544E-4, 0.75520809E-4, 0.13353726E-2, 0.40464307E-3, 0.19518937E-4
0.23656967E-3, 0.12912126E-5, 0.74879988E-3, 0.20262345E-4, 0.10997286E-3, 0.87874301E-4, 0.15532146E-2, 0.47068554E-3, 0.22704744E-4
0.23617718E-3, 0.12911473E-5, 0.74312196E-3, 0.20248461E-4, 0.11919568E-3, 0.95198688E-4, 0.16820939E-2, 0.50977990E-3, 0.24590669E-4
0.23578535E-3, 0.12910820E-5, 0.73748711E-3, 0.20234605E-4, 0.10797570E-3, 0.86197186E-4, 0.15225253E-2, 0.46145549E-3, 0.22259708E-4
0.23539417E-3, 0.12910172E-5, 0.73189515E-3, 0.20220759E-4, 0.89746922E-4, 0.71610659E-4, 0.12643950E-2, 0.38324468E-3, 0.18487048E-4
0.23500359E-3, 0.12909526E-5, 0.72634552E-3, 0.20206911E-4, 0.10000516E-3, 0.79758072E-4, 0.14077086E-2, 0.42671000E-3, 0.20583813E-4
0.23461372E-3, 0.12908872E-5, 0.72083779E-3, 0.20193063E-4, 0.10889846E-3, 0.86810847E-4, 0.15316481E-2, 0.46431032E-3, 0.22397691E-4
