0.16828183E-2, 0.51404895E-4, 0.78269718E-2, 0.68470655E-3, 1.9290810, 1.3630788, 0.82170928, 0.29673091, 0.14154773E-1
0.16827032E-2, 0.51434778E-4, 0.77952812E-2, 0.68423786E-3, 2.0581958, 1.4546663, 0.87843239, 0.31706014, 0.15124428E-1
0.16812686E-2, 0.51434934E-4, 0.77503263E-2, 0.68376941E-3, 2.0394113, 1.4417553, 0.87218899, 0.31464916, 0.15009317E-1
0.16797450E-2, 0.51434901E-4, 0.77048433E-2, 0.68330101E-3, 2.3001189, 1.6264995, 0.98580867, 0.35545126, 0.16955534E-1
0.16777724E-2, 0.51433952E-4, 0.76551526E-2, 0.68283331E-3, 2.3442512, 1.6581831, 1.0070294, 0.36290124, 0.17310774E-1
0.16753889E-2, 0.51432158E-4, 0.76016504E-2, 0.68236585E-3, 1.8641975, 1.3189671, 0.80248332, 0.28904435, 0.13787623E-1
0.16735001E-2, 0.51431336E-4, 0.75554661E-2, 0.68189850E-3, 1.1218493, 0.79388624, 0.48364809, 0.17414150, 0.83066337E-2
0.16727485E-2, 0.51432831E-4, 0.75249062E-2, 0.68143156E-3, 0.66551089, 0.47100669, 0.28716806, 0.10337525, 0.49310368E-2
0.16724085E-2, 0.51435174E-4, 0.75013726E-2, 0.68096520E-3, 0.65969908, 0.46693131, 0.28484523, 0.10252318, 0.48903823E-2
0.16723278E-2, 0.51438044E-4, 0.74825576E-2, 0.68049890E-3, 0.65798384, 0.46575487, 0.28428844, 0.10230704, 0.48800609E-2
0.16719596E-2, 0.51440322E-4, 0.74605737E-2, 0.68003277E-3, 0.48101914, 0.34051403, 0.20794602, 0.74823648E-1, 0.35690931E-2
0.16714154E-2, 0.51442254E-4, 0.74368753E-2, 0.67956734E-3, 0.63483310, 0.44942889, 0.27458695, 0.98790027E-1, 0.47122804E-2
0.16708723E-2, 0.51444178E-4, 0.74139037E-2, 0.67910191E-3, 0.68000275, 0.48144513, 0.29431266, 0.10587081, 0.50500240E-2
0.16707709E-2, 0.51447001E-4, 0.73979595E-2, 0.67863683E-3, 0.40575734, 0.28729787, 0.17571291, 0.63199632E-1, 0.30146078E-2
0.16709571E-2, 0.51450399E-4, 0.73866844E-2, 0.67817234E-3, 0.83365041, 0.59031194, 0.36122352, 0.12990534, 0.61964397E-2
0.16717633E-2, 0.51455052E-4, 0.73850849E-2, 0.67770790E-3, 0.72676718, 0.51467735, 0.31515464, 0.11331720, 0.54051760E-2
0.16724624E-2, 0.51459505E-4, 0.73820585E-2, 0.67724375E-3, 0.64513737, 0.45690823, 0.27994603, 0.10064164, 0.48005455E-2
0.16724600E-2, 0.51462528E-4, 0.73685427E-2, 0.67678024E-3, 0.61502242, 0.43561316, 0.26704183, 0.95988773E-1, 0.45785974E-2
0.16717545E-2, 0.51464125E-4, 0.73445337E-2, 0.67631679E-3, 0.62735927, 0.44438487, 0.27256364, 0.97959690E-1, 0.46725995E-2
0.16711433E-2, 0.51465908E-4, 0.73222620E-2, 0.67585346E-3, 0.56728101, 0.40185875, 0.24660826, 0.88619046E-1, 0.42270496E-2
0.16708297E-2, 0.51468280E-4, 0.73047704E-2, 0.67539094E-3, 0.68685728, 0.48660320, 0.29877284, 0.10734923, 0.51204502E-2
0.16705700E-2, 0.51470779E-4, 0.72882688E-2, 0.67492854E-3, 0.66352111, 0.47010997, 0.28881329, 0.10375485, 0.49489914E-2
0.16700120E-2, 0.51472678E-4, 0.72673331E-2, 0.67446614E-3, 0.78158462, 0.55380744, 0.34044075, 0.12228204, 0.58327024E-2
0.16691149E-2, 0.51473875E-4, 0.72413371E-2, 0.67400461E-3, 0.59015143, 0.41819951, 0.25723204, 0.92379980E-1, 0.44064010E-2
0.16682321E-2, 0.51475097E-4, 0.72157602E-2, 0.67354308E-3, 0.87132877, 0.61750525, 0.38005751, 0.13646831, 0.65093380E-2
0.16673446E-2, 0.51476298E-4, 0.71902839E-2, 0.67308173E-3, 0.85351878, 0.60494787, 0.37260395, 0.13376603, 0.63804244E-2
0.16663331E-2, 0.51477244E-4, 0.71630683E-2, 0.67262113E-3, 0.85212827, 0.60402626, 0.37230772, 0.13363419, 0.63741170E-2
0.16651959E-2, 0.51477942E-4, 0.71340962E-2, 0.67216047E-3, 0.65088964, 0.46142301, 0.28459579, 0.10213397, 0.48715994E-2
0.16637855E-2, 0.51478059E-4, 0.71010608E-2, 0.67170011E-3, 0.75008273, 0.53178751, 0.32818818, 0.11776010, 0.56169224E-2
0.16622156E-2, 0.51477866E-4, 0.70657628E-2, 0.67124033E-3, 0.73071480, 0.51810384, 0.31994629, 0.11478386, 0.54749469E-2
0.16607302E-2, 0.51477818E-4, 0.70320228E-2, 0.67078084E-3, 0.96176589, 0.68199849, 0.42145780, 0.15117413, 0.72106640E-2
0.16592694E-2, 0.51477815E-4, 0.69988891E-2, 0.67032129E-3, 1.0029905, 0.71131825, 0.43994451, 0.15777121, 0.75253043E-2
0.16578024E-2, 0.51477815E-4, 0.69658817E-2, 0.66986243E-3, 0.93732357, 0.66482836, 0.41153437, 0.14755116, 0.70378096E-2
0.16563036E-2, 0.51477757E-4, 0.69325976E-2, 0.66940387E-3, 0.87347549, 0.61961246, 0.38384369, 0.13759556, 0.65629333E-2
0.16547091E-2, 0.51477484E-4, 0.68980358E-2, 0.66894537E-3, 0.94769537, 0.67233688, 0.41682655, 0.14938949, 0.71254489E-2
0.16530568E-2, 0.51477087E-4, 0.68628062E-2, 0.66848740E-3, 1.0208104, 0.72429705, 0.44941542, 0.16103503, 0.76808818E-2
0.16513471E-2, 0.51476563E-4, 0.68269093E-2, 0.66802982E-3, 1.0438404, 0.74073339, 0.46001834, 0.16479753, 0.78603122E-2
0.16495922E-2, 0.51475945E-4, 0.67905434E-2, 0.66757225E-3, 1.0880430, 0.77220345, 0.47999734, 0.17191540, 0.81997849E-2
0.16477747E-2, 0.51475214E-4, 0.67534391E-2, 0.66711509E-3, 0.77705568, 0.55155647, 0.34312311, 0.12286749, 0.58603459E-2
0.16460842E-2, 0.51474719E-4, 0.67185019E-2, 0.66665851E-3, 0.60987914, 0.43293196, 0.26948801, 0.96485324E-1, 0.46019978E-2
0.16465206E-2, 0.51478521E-4, 0.67126481E-2, 0.66620193E-3, 1.2242846, 0.86917543, 0.54145277, 0.19382007, 0.92444867E-2
0.16478293E-2, 0.51484109E-4, 0.67102630E-2, 0.66574570E-3, 1.8437914, 1.3092421, 0.81664401, 0.29223445, 0.13938418E-1
0.16488392E-2, 0.51489074E-4, 0.67063970E-2, 0.66528999E-3, 1.3563417, 0.96331018, 0.60169542, 0.21524219, 0.10266139E-1
0.16497815E-2, 0.51493906E-4, 0.67050243E-2, 0.66483446E-3, 1.2735838, 0.90468347, 0.56570798, 0.20231271, 0.96494202E-2
0.16510182E-2, 0.51499352E-4, 0.67101824E-2, 0.66437904E-3, 1.3936969, 0.99017096, 0.61986166, 0.22161831, 0.10570173E-1
0.16525161E-2, 0.51505329E-4, 0.67207320E-2, 0.66392438E-3, 1.3765020, 0.97812617, 0.61304116, 0.21911687, 0.10450823E-1
0.16541464E-2, 0.51511579E-4, 0.67345141E-2, 0.66346972E-3, 1.1606624, 0.82488710, 0.51756126, 0.18494095, 0.88207601E-2
0.33353441E-2, 0.51513642E-4, 0.67179804E-2, 0.66301529E-3, 1.1147285, 0.79235613, 0.49763057, 0.17777747, 0.84790718E-2
0.68383198E-2, 0.51511059E-4, 0.66674161E-2, 0.66256151E-3, 1.0383849, 0.73819125, 0.46403420, 0.16573890, 0.79048667E-2
0.10335488E-1, 0.51508574E-4, 0.66172844E-2, 0.66210784E-3, 0.93486363, 0.66468108, 0.41817474, 0.14932923, 0.71221897E-2
0.13826861E-1, 0.51506122E-4, 0.65676272E-2, 0.66165434E-3, 1.0386897, 0.73859268, 0.46505958, 0.16603871, 0.79191132E-2
0.17312441E-1, 0.51503710E-4, 0.65184068E-2, 0.66120143E-3, 1.0905137, 0.77554804, 0.48876536, 0.17446497, 0.83209705E-2
0.20792238E-1, 0.51501313E-4, 0.64695519E-2, 0.66074874E-3, 1.1412630, 0.81175488, 0.51206201, 0.18273990, 0.87156063E-2
0.24266263E-1, 0.51498992E-4, 0.64211222E-2, 0.66029606E-3, 1.0768100, 0.76601934, 0.48366374, 0.17256695, 0.82303882E-2
0.27734537E-1, 0.51496703E-4, 0.63731321E-2, 0.65984402E-3, 0.88882613, 0.63237143, 0.39961058, 0.14254932, 0.67987097E-2
0.31197147E-1, 0.51495263E-4, 0.63268468E-2, 0.65939239E-3, 0.81915408, 0.58286566, 0.36859086, 0.13146141, 0.62698703E-2
0.34654174E-1, 0.51495357E-4, 0.62833698E-2, 0.65894081E-3, 0.77409834, 0.55086207, 0.34858280, 0.12430577, 0.59285797E-2
0.38105447E-1, 0.51495404E-4, 0.62398678E-2, 0.65848941E-3, 0.62351489, 0.44374338, 0.28096101, 0.10017775, 0.47778212E-2
0.41550878E-1, 0.51494553E-4, 0.61951731E-2, 0.65803877E-3, 0.58259928, 0.41465589, 0.26267308, 0.93646049E-1, 0.44662920E-2
0.44990566E-1, 0.51493436E-4, 0.61503071E-2, 0.65758801E-3, 0.69160110, 0.49227536, 0.31200433, 0.11121939, 0.53044134E-2
0.48424516E-1, 0.51492105E-4, 0.61053876E-2, 0.65713772E-3, 0.64384007, 0.45831794, 0.29064026, 0.10359032, 0.49405461E-2
0.51852953E-1, 0.51492971E-4, 0.60633784E-2, 0.65668789E-3, 0.63729244, 0.45369351, 0.28785792, 0.10258581, 0.48926282E-2
0.55275850E-1, 0.51495899E-4, 0.60238112E-2, 0.65623812E-3, 0.70982313, 0.50537139, 0.32082060, 0.11431800, 0.54521617E-2
0.58693577E-1, 0.51506009E-4, 0.59918491E-2, 0.65578870E-3, 0.92672843, 0.65986884, 0.41917709, 0.14934182, 0.71225343E-2
0.62106229E-1, 0.51525167E-4, 0.59674717E-2, 0.65533991E-3, 1.5826402, 1.1270827, 0.71670026, 0.25528082, 0.12175014E-1
0.65514892E-1, 0.51569605E-4, 0.59620165E-2, 0.65489113E-3, 1.5868138, 1.1302854, 0.71968335, 0.25626537, 0.12221912E-1
0.68917200E-1, 0.51604620E-4, 0.59495484E-2, 0.65444253E-3, 1.3146986, 0.93663323, 0.59709597, 0.21255541, 0.10137237E-1
0.72313391E-1, 0.51634055E-4, 0.59323912E-2, 0.65399462E-3, 1.3664948, 0.97370118, 0.62140793, 0.22115411, 0.10547286E-1
0.75703539E-1, 0.51657873E-4, 0.59105884E-2, 0.65354683E-3, 1.1367403, 0.81011915, 0.51754308, 0.18414585, 0.87822573E-2
0.79087943E-1, 0.51680388E-4, 0.58875517E-2, 0.65309909E-3, 1.1390164, 0.81185937, 0.51913542, 0.18467307, 0.88073714E-2
0.82466610E-1, 0.51701740E-4, 0.58633657E-2, 0.65265212E-3, 1.2662929, 0.90271682, 0.57779485, 0.20549431, 0.98003410E-2
0.85840829E-1, 0.51743980E-4, 0.58498280E-2, 0.65220520E-3, 2.2556472, 1.6083676, 1.0309173, 0.36653104, 0.17480349E-1
0.89213103E-1, 0.51853251E-4, 0.58738659E-2, 0.65175851E-3, 2.4261889, 1.7304980, 1.1113529, 0.39495930, 0.18835997E-1
0.92578165E-1, 0.51935374E-4, 0.58838218E-2, 0.65131241E-3, 2.3943765, 1.7083411, 1.0993000, 0.39050573, 0.18623469E-1
0.95935896E-1, 0.51986452E-4, 0.58765337E-2, 0.65086660E-3, 1.8528237, 1.3223215, 0.85239428, 0.30268106, 0.14434966E-1
0.99287145E-1, 0.52021289E-4, 0.58591394E-2, 0.65042073E-3, 1.5608994, 1.1142285, 0.71925658, 0.25532675, 0.12176559E-1
0.10263249, 0.52050065E-4, 0.58376533E-2, 0.64997538E-3, 1.6088663, 1.1487048, 0.74246383, 0.26349163, 0.12565881E-1
0.10414414, 0.52073210E-4, 0.58122906E-2, 0.64953056E-3, 1.3598185, 0.97107685, 0.62841249, 0.22295798, 0.10632787E-1
0.10397242, 0.52091513E-4, 0.57837591E-2, 0.64908579E-3, 1.4638031, 1.0455246, 0.67735410, 0.24026367, 0.11458048E-1
0.10380065, 0.52104355E-4, 0.57515395E-2, 0.64864120E-3, 0.68624300, 0.49022022, 0.31787282, 0.11273098, 0.53760633E-2
0.10362905, 0.52113406E-4, 0.57167658E-2, 0.64819725E-3, 0.59806895, 0.42726764, 0.27718931, 0.98292030E-1, 0.46874704E-2
0.10345760, 0.52121293E-4, 0.56814328E-2, 0.64775342E-3, 0.56002867, 0.40012053, 0.25969219, 0.92078343E-1, 0.43911352E-2
0.10328647, 0.52129042E-4, 0.56463019E-2, 0.64730970E-3, 0.68996286, 0.49299273, 0.32012090, 0.11349236, 0.54123406E-2
0.10311566, 0.52137453E-4, 0.56119752E-2, 0.64686668E-3, 0.88592768, 0.63307714, 0.41133428, 0.14581080, 0.69535589E-2
0.10294512, 0.52145067E-4, 0.55773351E-2, 0.64642372E-3, 1.0863909, 0.77642423, 0.50486124, 0.17893490, 0.85331863E-2
0.10277474, 0.52151019E-4, 0.55417069E-2, 0.64598094E-3, 0.90450215, 0.64651549, 0.42072469, 0.14908950, 0.71098753E-2
0.10260463, 0.52156433E-4, 0.55059651E-2, 0.64553873E-3, 1.1391912, 0.81437129, 0.53038186, 0.18791613, 0.89614391E-2
0.10243480, 0.52161817E-4, 0.54704705E-2, 0.64509688E-3, 1.0321642, 0.73796576, 0.48103827, 0.17040229, 0.81262086E-2
0.10226525, 0.52167125E-4, 0.54351878E-2, 0.64465497E-3, 1.3928132, 0.99597341, 0.64983779, 0.23015183, 0.10975529E-1
0.10209595, 0.52172116E-4, 0.53999424E-2, 0.64421358E-3, 0.92555064, 0.66194475, 0.43230236, 0.15307778, 0.72999834E-2
0.10192693, 0.52176729E-4, 0.53646821E-2, 0.64377271E-3, 1.1717747, 0.83815420, 0.54782927, 0.19395265, 0.92492020E-2
0.10175817, 0.52181033E-4, 0.53294571E-2, 0.64333179E-3, 1.1501042, 0.82277817, 0.53827667, 0.19053446, 0.90861637E-2
0.10158966, 0.52185009E-4, 0.52942578E-2, 0.64289116E-3, 1.1494150, 0.82240880, 0.53852743, 0.19058755, 0.90886680E-2
0.10142143, 0.52188621E-4, 0.52590328E-2, 0.64245128E-3, 0.91761494, 0.65664428, 0.43033648, 0.15227252, 0.72614951E-2
0.10125344, 0.52191612E-4, 0.52236025E-2, 0.64201135E-3, 0.78092682, 0.55889213, 0.36651751, 0.12967271, 0.61837523E-2
0.10108570, 0.52194402E-4, 0.51882793E-2, 0.64157136E-3, 0.97716498, 0.69941467, 0.45898372, 0.16236430, 0.77427076E-2
0.10091824, 0.52197018E-4, 0.51531168E-2, 0.64113236E-3, 0.85890037, 0.61483943, 0.40377441, 0.14281309, 0.68103485E-2
0.10075118, 0.52201271E-4, 0.51194737E-2, 0.64069347E-3, 0.73599207, 0.52691084, 0.34624586, 0.12244992, 0.58392724E-2
0.10058542, 0.52226729E-4, 0.51021213E-2, 0.64025458E-3, 0.82001060, 0.58712029, 0.38604349, 0.13650756, 0.65096281E-2
0.10042027, 0.52258220E-4, 0.50894548E-2, 0.63981622E-3, 0.85846579, 0.61472094, 0.40445507, 0.14299914, 0.68191779E-2
0.10025436, 0.52268944E-4, 0.50612935E-2, 0.63937844E-3, 1.0286841, 0.73669851, 0.48506483, 0.17147443, 0.81770523E-2
0.10008825, 0.52271065E-4, 0.50267037E-2, 0.63894031E-3, 1.0486248, 0.75108135, 0.49493909, 0.17493676, 0.83421348E-2
0.99922419E-1, 0.52272531E-4, 0.49918625E-2, 0.63850271E-3, 1.4306303, 1.0248587, 0.67600465, 0.23888944, 0.11391778E-1
0.99756837E-1, 0.52273725E-4, 0.49570878E-2, 0.63806592E-3, 1.2418653, 0.88979101, 0.58754325, 0.20758553, 0.98989718E-2
0.99591494E-1, 0.52274678E-4, 0.49223779E-2, 0.63762901E-3, 0.81526726, 0.58421606, 0.38608712, 0.13638686, 0.65037580E-2
0.99426925E-1, 0.52285097E-4, 0.48952033E-2, 0.63719210E-3, 0.96059239, 0.68843484, 0.45527431, 0.16080585, 0.76681864E-2
0.99265523E-1, 0.52351541E-4, 0.49089682E-2, 0.63675601E-3, 1.2616966, 0.90436131, 0.59859383, 0.21139191, 0.10080399E-1
0.99104695E-1, 0.52424406E-4, 0.49273060E-2, 0.63631998E-3, 1.2595774, 0.90299231, 0.59828597, 0.21124329, 0.10073272E-1
0.98942429E-1, 0.52463383E-4, 0.49216715E-2, 0.63588406E-3, 0.87680805, 0.62867355, 0.41688707, 0.14717107, 0.70179296E-2
0.98779596E-1, 0.52486415E-4, 0.49044066E-2, 0.63544902E-3, 0.90225023, 0.64699107, 0.42933056, 0.15154386, 0.72264331E-2
0.98616526E-1, 0.52500203E-4, 0.48802388E-2, 0.63501380E-3, 1.0040165, 0.72005635, 0.47816965, 0.16875923, 0.80473358E-2
0.98453484E-1, 0.52509189E-4, 0.48525291E-2, 0.63457899E-3, 1.0198139, 0.73148304, 0.48614255, 0.17154759, 0.81802793E-2
0.98290615E-1, 0.52515887E-4, 0.48232232E-2, 0.63414441E-3, 1.1225700, 0.80530053, 0.53565067, 0.18898834, 0.90119150E-2
0.98127976E-1, 0.52521937E-4, 0.47936542E-2, 0.63371059E-3, 1.1515384, 0.82620621, 0.55004889, 0.19403633, 0.92526004E-2
0.97965591E-1, 0.52527408E-4, 0.47638370E-2, 0.63327642E-3, 0.93346131, 0.66983348, 0.44631195, 0.15741792, 0.75064357E-2
0.97803928E-1, 0.52541815E-4, 0.47411760E-2, 0.63284277E-3, 0.95032990, 0.68202299, 0.45476741, 0.16037852, 0.76475940E-2
0.97644292E-1, 0.52589567E-4, 0.47436687E-2, 0.63240970E-3, 1.1474383, 0.82359582, 0.54961777, 0.19379956, 0.92412401E-2
0.97485654E-1, 0.52652354E-4, 0.47564534E-2, 0.63197664E-3, 1.2805719, 0.91930318, 0.61407435, 0.21649036, 0.10323203E-1
0.97327188E-1, 0.52713127E-4, 0.47672163E-2, 0.63154363E-3, 1.2197491, 0.87578529, 0.58558345, 0.20640972, 0.98424805E-2
0.97167134E-1, 0.52737731E-4, 0.47522141E-2, 0.63111156E-3, 1.1119568, 0.79851389, 0.53440601, 0.18833970, 0.89807976E-2
0.97006708E-1, 0.52750293E-4, 0.47283377E-2, 0.63067937E-3, 1.0766066, 0.77324158, 0.51793891, 0.18250842, 0.87027140E-2
0.96846446E-1, 0.52760781E-4, 0.47030207E-2, 0.63024729E-3, 1.0922164, 0.78456634, 0.52597159, 0.18531114, 0.88363318E-2
0.96688531E-1, 0.52811349E-4, 0.47065439E-2, 0.62981591E-3, 1.7582318, 1.2632203, 0.84780532, 0.29864258, 0.14240346E-1
0.96538037E-1, 0.52999363E-4, 0.47801808E-2, 0.62938483E-3, 4.0696683, 2.9250329, 1.9676710, 0.69285160, 0.33037398E-1
0.96387014E-1, 0.53172276E-4, 0.48414343E-2, 0.62895368E-3, 3.7239735, 2.6779974, 1.8072088, 0.63602096, 0.30327229E-1
0.96232697E-1, 0.53277141E-4, 0.48700110E-2, 0.62852295E-3, 3.1230397, 2.2469068, 1.5205094, 0.53488386, 0.25504498E-1
0.96076325E-1, 0.53337651E-4, 0.48757307E-2, 0.62809279E-3, 2.5794919, 1.8565705, 1.2592572, 0.44282049, 0.21114551E-1
0.95918961E-1, 0.53373456E-4, 0.48669232E-2, 0.62766270E-3, 1.6265113, 1.1710114, 0.79561764, 0.27970633, 0.13336879E-1
0.95761314E-1, 0.53399657E-4, 0.48519853E-2, 0.62723272E-3, 2.0227549, 1.4566472, 0.99110633, 0.34835482, 0.16610080E-1
0.95603548E-1, 0.53418447E-4, 0.48319339E-2, 0.62680349E-3, 1.7309567, 1.2468358, 0.84962344, 0.29855803, 0.14235630E-1
0.95445797E-1, 0.53432817E-4, 0.48088045E-2, 0.62637433E-3, 1.8298746, 1.3184075, 0.89965647, 0.31607273, 0.15070686E-1
0.95288187E-1, 0.53443953E-4, 0.47834013E-2, 0.62594522E-3, 1.5908225, 1.1464431, 0.78338003, 0.27516568, 0.13120141E-1
0.95130727E-1, 0.53452943E-4, 0.47565443E-2, 0.62551675E-3, 1.5278566, 1.1013016, 0.75346100, 0.26460826, 0.12616706E-1
0.94973609E-1, 0.53463769E-4, 0.47313082E-2, 0.62508864E-3, 1.5443641, 1.1134348, 0.76268649, 0.26780054, 0.12768869E-1
0.94817229E-1, 0.53483411E-4, 0.47130552E-2, 0.62466040E-3, 1.4990829, 1.0810149, 0.74136811, 0.26026991, 0.12409754E-1
0.94660379E-1, 0.53489304E-4, 0.46842927E-2, 0.62423275E-3, 1.3584633, 0.97980416, 0.67271262, 0.23612896, 0.11258669E-1
0.94503663E-1, 0.53493099E-4, 0.46541062E-2, 0.62380551E-3, 1.5353758, 1.1076226, 0.76132780, 0.26719093, 0.12739664E-1
0.94347410E-1, 0.53501040E-4, 0.46273912E-2, 0.62337826E-3, 1.6747229, 1.2084155, 0.83165824, 0.29182184, 0.13914016E-1
0.94192237E-1, 0.53523592E-4, 0.46123066E-2, 0.62295119E-3, 1.5304903, 1.1045880, 0.76116711, 0.26704028, 0.12732387E-1
0.94036415E-1, 0.53529526E-4, 0.45843553E-2, 0.62252488E-3, 1.2990675, 0.93774861, 0.64691734, 0.22692320, 0.10819582E-1
0.93880676E-1, 0.53532232E-4, 0.45540761E-2, 0.62209863E-3, 1.5584564, 1.1252120, 0.77710235, 0.27254784, 0.12994900E-1
0.93725182E-1, 0.53534546E-4, 0.45237122E-2, 0.62167243E-3, 1.7545456, 1.2670785, 0.87621343, 0.30725503, 0.14649660E-1
0.93569927E-1, 0.53536394E-4, 0.44931951E-2, 0.62124693E-3, 1.4276797, 1.0312558, 0.71403706, 0.25034401, 0.11936147E-1
0.93414918E-1, 0.53538326E-4, 0.44629914E-2, 0.62082178E-3, 1.1507349, 0.83136028, 0.57621443, 0.20199579, 0.96309287E-2
0.93260132E-1, 0.53539577E-4, 0.44324440E-2, 0.62039652E-3, 1.2218393, 0.88287467, 0.61248004, 0.21468309, 0.10235818E-1
0.93106575E-1, 0.53558844E-4, 0.44159368E-2, 0.61997160E-3, 1.7718229, 1.2805457, 0.88939035, 0.31169754, 0.14861293E-1
0.92955172E-1, 0.53614014E-4, 0.44270139E-2, 0.61954738E-3, 1.9663671, 1.4215183, 0.98875368, 0.34645665, 0.16518481E-1
0.92802964E-1, 0.53649055E-4, 0.44231368E-2, 0.61912317E-3, 1.6449306, 1.1894491, 0.82851613, 0.29025865, 0.13838988E-1
0.92649445E-1, 0.53654730E-4, 0.43964386E-2, 0.61869901E-3, 1.2522727, 0.90570229, 0.63158965, 0.22123721, 0.10548141E-1
0.92496164E-1, 0.53660333E-4, 0.43699984E-2, 0.61827555E-3, 1.3130409, 0.94982243, 0.66301566, 0.23221692, 0.11071604E-1
0.92342861E-1, 0.53660726E-4, 0.43394668E-2, 0.61785226E-3, 1.2547318, 0.90780592, 0.63432002, 0.22213957, 0.10591106E-1
0.92190482E-1, 0.53673135E-4, 0.43187062E-2, 0.61742897E-3, 1.3734142, 0.99385512, 0.69515353, 0.24341385, 0.11605381E-1
0.92038572E-1, 0.53689495E-4, 0.43015117E-2, 0.61700633E-3, 0.95255107, 0.68941563, 0.48265028, 0.16898583, 0.80568129E-2
0.91886088E-1, 0.53690601E-4, 0.42720791E-2, 0.61658409E-3, 0.85527807, 0.61909127, 0.43371594, 0.15184033, 0.72393455E-2
0.91733731E-1, 0.53689502E-4, 0.42410502E-2, 0.61616179E-3, 0.84965861, 0.61509645, 0.43119586, 0.15094645, 0.71967146E-2
0.91581598E-1, 0.53687978E-4, 0.42099138E-2, 0.61573967E-3, 0.84446400, 0.61140758, 0.42888519, 0.15012619, 0.71575916E-2
0.91429695E-1, 0.53686137E-4, 0.41787405E-2, 0.61531831E-3, 0.84152114, 0.60934818, 0.42771351, 0.14970483, 0.71374890E-2
0.91278054E-1, 0.53684245E-4, 0.41477247E-2, 0.61489700E-3, 1.6224804, 1.1750433, 0.82556194, 0.28892577, 0.13775098E-1
0.91126658E-1, 0.53682208E-4, 0.41168737E-2, 0.61447581E-3, 1.2363989, 0.89561403, 0.62993985, 0.22043552, 0.10509661E-1
0.90975940E-1, 0.53688331E-4, 0.40928177E-2, 0.61405520E-3, 1.2974669, 0.94001740, 0.66181946, 0.23156601, 0.11040296E-1
0.90826862E-1, 0.53720290E-4, 0.40899497E-2, 0.61363482E-3, 1.2655135, 0.91703290, 0.64628035, 0.22610444, 0.10779875E-1
0.90676531E-1, 0.53724038E-4, 0.40642978E-2, 0.61321451E-3, 1.3742044, 0.99597836, 0.70262855, 0.24579123, 0.11718440E-1
0.90527765E-1, 0.53752559E-4, 0.40588016E-2, 0.61279454E-3, 1.5741216, 1.1411101, 0.80593765, 0.28189620, 0.13439751E-1
0.90381235E-1, 0.53817159E-4, 0.40814709E-2, 0.61237515E-3, 1.6044971, 1.1633923, 0.82269323, 0.28771994, 0.13717351E-1
0.90235740E-1, 0.53896500E-4, 0.41133710E-2, 0.61195594E-3, 1.7484707, 1.2680870, 0.89789897, 0.31397995, 0.14969264E-1
0.90088964E-1, 0.53947660E-4, 0.41248351E-2, 0.61153650E-3, 1.5821543, 1.1477374, 0.81373823, 0.28451329, 0.13564363E-1
0.89940622E-1, 0.53965359E-4, 0.41104988E-2, 0.61111804E-3, 1.5384860, 1.1163070, 0.79241222, 0.27702379, 0.13207250E-1
0.89792304E-1, 0.53979478E-4, 0.40933355E-2, 0.61069964E-3, 1.5655358, 1.1361855, 0.80749518, 0.28226364, 0.13457019E-1
0.89645304E-1, 0.54012900E-4, 0.40916628E-2, 0.61028125E-3, 1.8373880, 1.3338047, 0.94919360, 0.33175346, 0.15816404E-1
0.89497156E-1, 0.54021049E-4, 0.40697418E-2, 0.60986355E-3, 1.7034559, 1.2368935, 0.88144040, 0.30803335, 0.14685488E-1
0.89349031E-1, 0.54024727E-4, 0.40443498E-2, 0.60944608E-3, 1.5287807, 1.1103189, 0.79223889, 0.27682841, 0.13197749E-1
0.89201570E-1, 0.54035954E-4, 0.40254439E-2, 0.60902874E-3, 1.6570109, 1.2037241, 0.85994560, 0.30045342, 0.14324022E-1
0.89053921E-1, 0.54039589E-4, 0.40003643E-2, 0.60861150E-3, 1.0100445, 0.73388261, 0.52483791, 0.18335423, 0.87413304E-2
0.88909797E-1, 0.54102587E-4, 0.40145847E-2, 0.60819509E-3, 2.3011124, 1.6723423, 1.1974834, 0.41830012, 0.19942198E-1
0.88771194E-1, 0.54262116E-4, 0.40945210E-2, 0.60777867E-3, 2.4996235, 1.8172445, 1.3036927, 0.45532909, 0.21707416E-1
0.88629909E-1, 0.54368724E-4, 0.41419086E-2, 0.60736225E-3, 2.6194737, 1.9050825, 1.3694421, 0.47821549, 0.22798380E-1
0.88487297E-1, 0.54446740E-4, 0.41701673E-2, 0.60694659E-3, 2.5214934, 1.8345091, 1.3213642, 0.46135414, 0.21994419E-1
0.88343389E-1, 0.54496548E-4, 0.41793524E-2, 0.60653110E-3, 2.3952231, 1.7432686, 1.2580670, 0.43919018, 0.20937670E-1
0.88199839E-1, 0.54548676E-4, 0.41900566E-2, 0.60611567E-3, 2.0230455, 1.4728723, 1.0647756, 0.37166533, 0.17718449E-1
0.88055581E-1, 0.54583168E-4, 0.41881194E-2, 0.60570048E-3, 1.8357284, 1.3368735, 0.96790683, 0.33781701, 0.16104726E-1
0.87910794E-1, 0.54604971E-4, 0.41766576E-2, 0.60528604E-3, 1.5637976, 1.1391230, 0.82582211, 0.28820056, 0.13739318E-1
0.87765947E-1, 0.54620567E-4, 0.41604154E-2, 0.60487154E-3, 1.8175150, 1.3242638, 0.96128613, 0.33544630, 0.15991600E-1
0.87622218E-1, 0.54651988E-4, 0.41552652E-2, 0.60445716E-3, 2.5483944, 1.8573821, 1.3505466, 0.47122970, 0.22464652E-1
0.87481067E-1, 0.54725479E-4, 0.41775070E-2, 0.60404348E-3, 3.5187654, 2.5657701, 1.8700180, 0.65238851, 0.31100733E-1
0.87344564E-1, 0.54878252E-4, 0.42391564E-2, 0.60362997E-3, 5.5096064, 4.0200858, 2.9402332, 1.0255481, 0.48889603E-1
0.87204739E-1, 0.54967295E-4, 0.42683440E-2, 0.60321647E-3, 3.8754313, 2.8297133, 2.0773313, 0.72442919, 0.34534462E-1
0.87062828E-1, 0.55014327E-4, 0.42733029E-2, 0.60280343E-3, 3.2230682, 2.3546317, 1.7333785, 0.60440260, 0.28812448E-1
0.86920388E-1, 0.55047894E-4, 0.42694355E-2, 0.60239091E-3, 2.5154312, 1.8384651, 1.3564664, 0.47293198, 0.22544993E-1
0.86778976E-1, 0.55094839E-4, 0.42747348E-2, 0.60197839E-3, 3.6517246, 2.6701686, 1.9747667, 0.68843699, 0.32818079E-1
0.86637497E-1, 0.55136778E-4, 0.42765704E-2, 0.60156599E-3, 2.6841803, 1.9636415, 1.4558711, 0.50749463, 0.24192333E-1
0.86495273E-1, 0.55161407E-4, 0.42663384E-2, 0.60115423E-3, 2.4316578, 1.7795926, 1.3220307, 0.46080884, 0.21966724E-1
0.86352728E-1, 0.55175238E-4, 0.42479527E-2, 0.60074276E-3, 2.0600338, 1.5081369, 1.1223247, 0.39117777, 0.18647339E-1
0.86210191E-1, 0.55185083E-4, 0.42265183E-2, 0.60033129E-3, 1.9516969, 1.4292569, 1.0652658, 0.37127373, 0.17698454E-1
0.86067744E-1, 0.55192428E-4, 0.42031938E-2, 0.59992011E-3, 1.8603234, 1.3627349, 1.0171711, 0.35449773, 0.16898688E-1
0.85925333E-1, 0.55196862E-4, 0.41776081E-2, 0.59950963E-3, 1.9680064, 1.4420307, 1.0779295, 0.37565958, 0.17907400E-1
0.85783094E-1, 0.55199700E-4, 0.41508595E-2, 0.59909897E-3, 1.5639474, 1.1462721, 0.85802221, 0.29901257, 0.14253650E-1
0.85641086E-1, 0.55202334E-4, 0.41241553E-2, 0.59868861E-3, 1.6343170, 1.1981380, 0.89793628, 0.31291455, 0.14916299E-1
0.85499778E-1, 0.55213590E-4, 0.41048136E-2, 0.59827889E-3, 1.6103597, 1.1808668, 0.88609397, 0.30878067, 0.14719202E-1
0.85360013E-1, 0.55248020E-4, 0.41033332E-2, 0.59786928E-3, 1.8557242, 1.3611482, 1.0227206, 0.35638371, 0.16988331E-1
0.85220009E-1, 0.55274097E-4, 0.40963483E-2, 0.59745979E-3, 1.3522644, 0.99211162, 0.74635744, 0.26007578, 0.12397430E-1
0.85081883E-1, 0.55329008E-4, 0.41097361E-2, 0.59705070E-3, 2.0918155, 1.5350939, 1.1563381, 0.40293097, 0.19207073E-1
0.84947370E-1, 0.55443717E-4, 0.41581658E-2, 0.59664203E-3, 3.1882169, 2.3406374, 1.7666881, 0.61559778, 0.29344428E-1
0.84815137E-1, 0.55594719E-4, 0.42183162E-2, 0.59623347E-3, 3.9857254, 2.9277480, 2.2159555, 0.77213067, 0.36805846E-1
0.84680848E-1, 0.55705408E-4, 0.42565013E-2, 0.59582503E-3, 4.6026950, 3.3831732, 2.5690839, 0.89517021, 0.42670608E-1
0.84543660E-1, 0.55760716E-4, 0.42657177E-2, 0.59541722E-3, 3.1672194, 2.3294661, 1.7743168, 0.61824775, 0.29470198E-1
0.84405035E-1, 0.55787274E-4, 0.42568683E-2, 0.59500965E-3, 2.5553298, 1.8802681, 1.4353412, 0.50014198, 0.23840312E-1
0.84265999E-1, 0.55802389E-4, 0.42396667E-2, 0.59460202E-3, 2.1063519, 1.5504662, 1.1857022, 0.41316327, 0.19694226E-1
0.84126905E-1, 0.55811764E-4, 0.42180219E-2, 0.59419486E-3, 2.1407242, 1.5762866, 1.2073914, 0.42072982, 0.20054834E-1
0.83987899E-1, 0.55818986E-4, 0.41947616E-2, 0.59378834E-3, 1.6219177, 1.1946268, 0.91637677, 0.31932947, 0.15221362E-1
0.83849631E-1, 0.55834826E-4, 0.41786921E-2, 0.59338170E-3, 1.4455487, 1.0649779, 0.81787729, 0.28501126, 0.13585499E-1
0.83711274E-1, 0.55845030E-4, 0.41581993E-2, 0.59297512E-3, 1.4578562, 1.0742874, 0.82592672, 0.28782254, 0.13719470E-1
0.83573431E-1, 0.55860386E-4, 0.41421968E-2, 0.59256930E-3, 1.6196048, 1.1937650, 0.91884518, 0.32021111, 0.15263280E-1
0.83436035E-1, 0.55879482E-4, 0.41294829E-2, 0.59216359E-3, 1.5754057, 1.1614774, 0.89507270, 0.31193534, 0.14868769E-1
0.83298475E-1, 0.55891771E-4, 0.41112732E-2, 0.59175800E-3, 1.7487493, 1.2896100, 0.99505502, 0.34679031, 0.16530128E-1
0.83162084E-1, 0.55920402E-4, 0.41062417E-2, 0.59135276E-3, 1.6460896, 1.2142297, 0.93810374, 0.32695353, 0.15584551E-1
0.83025485E-1, 0.55941451E-4, 0.40954826E-2, 0.59094804E-3, 1.3631809, 1.0057814, 0.77794033, 0.27114147, 0.12924184E-1
0.82889542E-1, 0.55970519E-4, 0.40904139E-2, 0.59054350E-3, 1.8529971, 1.3675212, 1.0590059, 0.36911729, 0.17594241E-1
0.82755722E-1, 0.56031935E-4, 0.41105337E-2, 0.59013872E-3, 1.9694808, 1.4539253, 1.1275487, 0.39302662, 0.18733852E-1
0.82620747E-1, 0.56069242E-4, 0.41128355E-2, 0.58973487E-3, 2.2465792, 1.6590374, 1.2886630, 0.44921097, 0.21411855E-1
0.82484938E-1, 0.56088407E-4, 0.41007297E-2, 0.58933115E-3, 1.6386535, 1.2104766, 0.94163346, 0.32825956, 0.15646599E-1
0.82349315E-1, 0.56106215E-4, 0.40874039E-2, 0.58892753E-3, 1.4261330, 1.0537453, 0.82066464, 0.28610262, 0.13637142E-1
0.82216859E-1, 0.56175879E-4, 0.41113324E-2, 0.58852421E-3, 2.4117594, 1.7825453, 1.3902493, 0.48470223, 0.23103386E-1
0.82088590E-1, 0.56313693E-4, 0.41717775E-2, 0.58812165E-3, 3.8969383, 2.8816876, 2.2528458, 0.78552550, 0.37442021E-1
0.81958070E-1, 0.56408680E-4, 0.42077848E-2, 0.58771874E-3, 2.7683778, 2.0482564, 1.6054139, 0.55984831, 0.26685011E-1
0.81825577E-1, 0.56466029E-4, 0.42214375E-2, 0.58731600E-3, 2.2644093, 1.6760647, 1.3162169, 0.45904434, 0.21880154E-1
0.81692442E-1, 0.56507895E-4, 0.42249970E-2, 0.58691419E-3, 2.0486131, 1.5168660, 1.1931493, 0.41616130, 0.19836102E-1
0.81559420E-1, 0.56548408E-4, 0.42276001E-2, 0.58651244E-3, 1.8349805, 1.3591111, 1.0706338, 0.37346098, 0.17800773E-1
0.81426196E-1, 0.56581881E-4, 0.42253160E-2, 0.58611087E-3, 2.1520054, 1.5944288, 1.2578722, 0.43881381, 0.20915717E-1
0.81292607E-1, 0.56604993E-4, 0.42153238E-2, 0.58570923E-3, 2.0041270, 1.4853654, 1.1736727, 0.40948126, 0.19517558E-1
0.81158727E-1, 0.56619112E-4, 0.41982168E-2, 0.58530853E-3, 1.6767584, 1.2431073, 0.98361892, 0.34320536, 0.16358530E-1
0.81024803E-1, 0.56629124E-4, 0.41778279E-2, 0.58490783E-3, 1.6870239, 1.2510577, 0.99115533, 0.34586507, 0.16485266E-1
0.80890968E-1, 0.56636625E-4, 0.41554528E-2, 0.58450701E-3, 1.4606473, 1.0834601, 0.85939318, 0.29991168, 0.14294920E-1
0.80757245E-1, 0.56642119E-4, 0.41315053E-2, 0.58410689E-3, 1.2749717, 0.94594294, 0.75108379, 0.26213336, 0.12494243E-1
0.80623657E-1, 0.56645840E-4, 0.41061733E-2, 0.58370712E-3, 1.5275619, 1.1336024, 0.90101326, 0.31448409, 0.14989451E-1
0.80490232E-1, 0.56648892E-4, 0.40804488E-2, 0.58330729E-3, 1.6585528, 1.2311277, 0.97968674, 0.34197462, 0.16299721E-1
0.80357045E-1, 0.56651941E-4, 0.40549273E-2, 0.58290776E-3, 1.3677844, 1.0155466, 0.80905950, 0.28243983, 0.13462065E-1
0.80224097E-1, 0.56655143E-4, 0.40297429E-2, 0.58250886E-3, 1.2890804, 0.95731819, 0.76342595, 0.26653045, 0.12703753E-1
0.80091521E-1, 0.56661655E-4, 0.40077120E-2, 0.58211014E-3, 1.6394511, 1.2178035, 0.97219968, 0.33944854, 0.16179254E-1
0.79959020E-1, 0.56665656E-4, 0.39836052E-2, 0.58171124E-3, 1.1766608, 0.87424153, 0.69866812, 0.24396534, 0.11628194E-1
0.79827018E-1, 0.56674005E-4, 0.39635813E-2, 0.58131292E-3, 1.2102109, 0.89934283, 0.71935856, 0.25120905, 0.11973444E-1
0.79694860E-1, 0.56675861E-4, 0.39378931E-2, 0.58091519E-3, 0.92668200, 0.68876559, 0.55136204, 0.19255599, 0.91778403E-2
0.79562873E-1, 0.56676850E-4, 0.39116158E-2, 0.58051740E-3, 1.3064657, 0.97121686, 0.77809095, 0.27175772, 0.12952838E-1
0.79431079E-1, 0.56677527E-4, 0.38852496E-2, 0.58011961E-3, 0.93306631, 0.69376367, 0.55627596, 0.19430090, 0.92609925E-2
0.79300374E-1, 0.56692905E-4, 0.38719133E-2, 0.57972252E-3, 1.2477003, 0.92786729, 0.74457777, 0.26009178, 0.12396783E-1
0.79170413E-1, 0.56717436E-4, 0.38670232E-2, 0.57932577E-3, 1.3284643, 0.98813641, 0.79369265, 0.27727291, 0.13215667E-1
0.79039678E-1, 0.56725188E-4, 0.38474379E-2, 0.57892886E-3, 1.4746212, 1.0971010, 0.88212240, 0.30819541, 0.14689515E-1
0.78908876E-1, 0.56727877E-4, 0.38234377E-2, 0.57853240E-3, 1.5016387, 1.1174748, 0.89949393, 0.31429794, 0.14980367E-1
0.78778207E-1, 0.56729266E-4, 0.37984224E-2, 0.57813653E-3, 1.0114641, 0.75286114, 0.60658008, 0.21196888, 0.10103052E-1
0.78647733E-1, 0.56730307E-4, 0.37732639E-2, 0.57774072E-3, 1.3164414, 0.98004961, 0.79029185, 0.27619028, 0.13164021E-1
0.78517519E-1, 0.56731791E-4, 0.37487163E-2, 0.57734485E-3, 1.2577500, 0.93655473, 0.75593841, 0.26420999, 0.12593000E-1
0.78387447E-1, 0.56731958E-4, 0.37231396E-2, 0.57694968E-3, 1.1791624, 0.87821335, 0.70948672, 0.24799763, 0.11820264E-1
0.78257546E-1, 0.56731878E-4, 0.36975176E-2, 0.57655480E-3, 1.4155602, 1.0545012, 0.85271353, 0.29809159, 0.14207872E-1
0.78128174E-1, 0.56736651E-4, 0.36765819E-2, 0.57615992E-3, 1.3924119, 1.0375009, 0.83984494, 0.29362565, 0.13994998E-1
0.77999622E-1, 0.56751644E-4, 0.36649245E-2, 0.57576521E-3, 1.4058105, 1.0477282, 0.84900415, 0.29686135, 0.14149203E-1
0.77870525E-1, 0.56753899E-4, 0.36418436E-2, 0.57537120E-3, 1.4787562, 1.1023560, 0.89421743, 0.31270704, 0.14904439E-1
0.77741437E-1, 0.56752822E-4, 0.36159379E-2, 0.57497725E-3, 1.2200880, 0.90973532, 0.73871100, 0.25835574, 0.12313903E-1
0.77612579E-1, 0.56751938E-4, 0.35904145E-2, 0.57458342E-3, 0.96605736, 0.72045332, 0.58548361, 0.20478506, 0.97605819E-2
0.77484109E-1, 0.56754066E-4, 0.35678886E-2, 0.57418999E-3, 1.0788780, 0.80472738, 0.65445662, 0.22892970, 0.10911373E-1
0.77355653E-1, 0.56752982E-4, 0.35425220E-2, 0.57379709E-3, 1.0421790, 0.77749127, 0.63279825, 0.22137387, 0.10551237E-1
0.77227458E-1, 0.56752295E-4, 0.35177420E-2, 0.57340425E-3, 0.96750265, 0.72190166, 0.58798474, 0.20571461, 0.98048728E-2
0.77099472E-1, 0.56751724E-4, 0.34932606E-2, 0.57301129E-3, 0.99412125, 0.74188370, 0.60469043, 0.21157755, 0.10084308E-1
0.76971613E-1, 0.56749872E-4, 0.34677470E-2, 0.57261903E-3, 1.0834130, 0.80865884, 0.65961492, 0.23081650, 0.11001283E-1
0.76843962E-1, 0.56747911E-4, 0.34423317E-2, 0.57222712E-3, 0.84621018, 0.63171351, 0.51564771, 0.18045434, 0.86008953E-2
0.76716565E-1, 0.56746441E-4, 0.34175778E-2, 0.57183526E-3, 0.91554886, 0.68357551, 0.55833441, 0.19540831, 0.93136365E-2
0.76589331E-1, 0.56744306E-4, 0.33923748E-2, 0.57144352E-3, 1.1307735, 0.84441119, 0.69020998, 0.24158509, 0.11514529E-1
0.76462291E-1, 0.56742123E-4, 0.33673234E-2, 0.57105254E-3, 0.80409992, 0.60056454, 0.49124527, 0.17195974, 0.81960149E-2
0.76336451E-1, 0.56755693E-4, 0.33567026E-2, 0.57066156E-3, 1.1555384, 0.86318588, 0.70655894, 0.24735241, 0.11789409E-1
0.76211184E-1, 0.56775476E-4, 0.33522276E-2, 0.57027058E-3, 1.2069123, 0.90174043, 0.73875487, 0.25865227, 0.12327984E-1
0.76085098E-1, 0.56778470E-4, 0.33323788E-2, 0.56988007E-3, 0.91723084, 0.68542945, 0.56198138, 0.19678071, 0.93790311E-2
0.75958975E-1, 0.56777357E-4, 0.33088101E-2, 0.56949013E-3, 1.0855123, 0.81131750, 0.66567433, 0.23311158, 0.11110642E-1
0.75833000E-1, 0.56775432E-4, 0.32846462E-2, 0.56910014E-3, 1.1021723, 0.82392120, 0.67655796, 0.23694831, 0.11293506E-1
0.75707212E-1, 0.56773053E-4, 0.32602553E-2, 0.56871027E-3, 1.1067739, 0.82751524, 0.68005800, 0.23820020, 0.11353168E-1
0.75581633E-1, 0.56770590E-4, 0.32359217E-2, 0.56832097E-3, 1.1359277, 0.84947377, 0.69867575, 0.24474868, 0.11665281E-1
0.75456351E-1, 0.56769597E-4, 0.32131891E-2, 0.56793197E-3, 1.0754713, 0.80441374, 0.66215056, 0.23197974, 0.11056679E-1
0.75332075E-1, 0.56781973E-4, 0.32031655E-2, 0.56754303E-3, 1.0755951, 0.80465269, 0.66286826, 0.23225668, 0.11069874E-1
0.75207241E-1, 0.56781460E-4, 0.31810799E-2, 0.56715420E-3, 0.99507439, 0.74454528, 0.61381394, 0.21509184, 0.10251757E-1
0.75082481E-1, 0.56778801E-4, 0.31571782E-2, 0.56676613E-3, 0.97293383, 0.72810018, 0.60068583, 0.21051310, 0.10033521E-1
0.74957915E-1, 0.56776051E-4, 0.31333745E-2, 0.56637812E-3, 1.0046593, 0.75196761, 0.62082160, 0.21759230, 0.10370928E-1
0.74833557E-1, 0.56773275E-4, 0.31096903E-2, 0.56599011E-3, 1.0537769, 0.78886843, 0.65177256, 0.22846517, 0.10889150E-1
0.74709393E-1, 0.56770386E-4, 0.30861287E-2, 0.56560244E-3, 1.0349295, 0.77489692, 0.64071763, 0.22461523, 0.10705649E-1
0.74587159E-1, 0.56795107E-4, 0.30873264E-2, 0.56521548E-3, 1.1504606, 0.86156100, 0.71294510, 0.24996546, 0.11913892E-1
0.74472286E-1, 0.56935896E-4, 0.31722409E-2, 0.56482846E-3, 2.3316581, 1.7466557, 1.4472065, 0.50749981, 0.24188526E-1
0.74362338E-1, 0.57152774E-4, 0.32897675E-2, 0.56444143E-3, 2.5107372, 1.8815941, 1.5618452, 0.54784936, 0.26111623E-1
0.74247956E-1, 0.57294943E-4, 0.33577920E-2, 0.56405505E-3, 3.0382378, 2.2780051, 1.8948072, 0.66485244, 0.31688161E-1
0.74130803E-1, 0.57389851E-4, 0.33974599E-2, 0.56366919E-3, 2.0867898, 1.5653353, 1.3045459, 0.45787889, 0.21823378E-1
0.74011743E-1, 0.57450525E-4, 0.34176703E-2, 0.56328304E-3, 1.6898630, 1.2680138, 1.0582564, 0.37151858, 0.17707277E-1
0.73893584E-1, 0.57522087E-4, 0.34408041E-2, 0.56289707E-3, 2.7005637, 2.0271776, 1.6945843, 0.59506857, 0.28362080E-1
0.73775560E-1, 0.57592391E-4, 0.34620566E-2, 0.56251202E-3, 2.3591604, 1.7716930, 1.4838388, 0.52122724, 0.24842642E-1
0.73657222E-1, 0.57654826E-4, 0.34782104E-2, 0.56212698E-3, 2.3341098, 1.7536031, 1.4712632, 0.51696283, 0.24639381E-1
0.73538855E-1, 0.57713391E-4, 0.34920096E-2, 0.56174182E-3, 2.0724525, 1.5576272, 1.3089973, 0.46007743, 0.21928115E-1
0.73420309E-1, 0.57765985E-4, 0.35029962E-2, 0.56135713E-3, 2.0124841, 1.5131000, 1.2735097, 0.44772393, 0.21339316E-1
0.73301002E-1, 0.57802838E-4, 0.35064397E-2, 0.56097296E-3, 1.8232594, 1.3712943, 1.1558034, 0.40644571, 0.19371916E-1
0.73180959E-1, 0.57825113E-4, 0.35011650E-2, 0.56058884E-3, 1.5690097, 1.1804250, 0.99618328, 0.35039464, 0.16700422E-1
0.73060729E-1, 0.57841677E-4, 0.34918918E-2, 0.56020479E-3, 0.92863220, 0.69880068, 0.59027970, 0.20765914, 0.98973978E-2
0.72940633E-1, 0.57856454E-4, 0.34812277E-2, 0.55982132E-3, 0.74367940, 0.55970430, 0.47306818, 0.16644353, 0.79329908E-2
0.72820589E-1, 0.57869172E-4, 0.34690748E-2, 0.55943808E-3, 0.66274786, 0.49885470, 0.42184725, 0.14843646, 0.70747416E-2
0.72700635E-1, 0.57880126E-4, 0.34556766E-2, 0.55905513E-3, 0.79606664, 0.59927940, 0.50702828, 0.17842722, 0.85041551E-2
0.72580740E-1, 0.57888676E-4, 0.34403305E-2, 0.55867207E-3, 0.77607208, 0.58430701, 0.49463671, 0.17408554, 0.82972217E-2
0.72460935E-1, 0.57895832E-4, 0.34238987E-2, 0.55828964E-3, 0.80437016, 0.60569578, 0.51303178, 0.18057957, 0.86067365E-2
0.72341323E-1, 0.57902111E-4, 0.34068353E-2, 0.55790757E-3, 0.75734496, 0.57036340, 0.48337466, 0.17015950, 0.81101004E-2
0.72222091E-1, 0.57911668E-4, 0.33928682E-2, 0.55752543E-3, 0.81072044, 0.61064434, 0.51780111, 0.18229866, 0.86886762E-2
0.72103322E-1, 0.57925779E-4, 0.33832500E-2, 0.55714342E-3, 0.77598143, 0.58455944, 0.49596280, 0.17462999, 0.83231712E-2
0.71984217E-1, 0.57931338E-4, 0.33658494E-2, 0.55676227E-3, 0.54851913, 0.41325617, 0.35078707, 0.12352503, 0.58874190E-2
0.71865290E-1, 0.57936526E-4, 0.33482644E-2, 0.55638113E-3, 0.58749443, 0.44266331, 0.37589633, 0.13237773, 0.63093547E-2
0.71746551E-1, 0.57941430E-4, 0.33305541E-2, 0.55599998E-3, 0.62601358, 0.47173592, 0.40075278, 0.14114366, 0.67271544E-2
0.71627900E-1, 0.57944846E-4, 0.33115558E-2, 0.55561919E-3, 0.60483807, 0.45582727, 0.38740432, 0.13645460, 0.65036654E-2
0.71509436E-1, 0.57947611E-4, 0.32920886E-2, 0.55523892E-3, 0.65036523, 0.49019143, 0.41679239, 0.14681926, 0.69976635E-2
0.71391173E-1, 0.57950398E-4, 0.32727867E-2, 0.55485877E-3, 0.77140701, 0.58149409, 0.49467033, 0.17427060, 0.83060432E-2
0.71273066E-1, 0.57953079E-4, 0.32535580E-2, 0.55447873E-3, 0.76611036, 0.57757896, 0.49160838, 0.17321147, 0.82555637E-2
0.71155153E-1, 0.57955534E-4, 0.32342540E-2, 0.55409904E-3, 0.82990873, 0.62576473, 0.53292376, 0.18779048, 0.89504244E-2
0.71037412E-1, 0.57957710E-4, 0.32148324E-2, 0.55371987E-3, 0.75339234, 0.56814927, 0.48413017, 0.17061685, 0.81318971E-2
0.70920177E-1, 0.57964327E-4, 0.31997501E-2, 0.55334071E-3, 0.55996180, 0.42232797, 0.36004078, 0.12689792, 0.60481764E-2
0.70802964E-1, 0.57968286E-4, 0.31822566E-2, 0.55296154E-3, 0.46058679, 0.34740889, 0.29627451, 0.10443122, 0.49773743E-2
0.70685752E-1, 0.57968951E-4, 0.31617493E-2, 0.55258314E-3, 0.51185930, 0.38611448, 0.32939181, 0.11611293, 0.55341464E-2
0.70568711E-1, 0.57969366E-4, 0.31411459E-2, 0.55220490E-3, 0.50712562, 0.38257712, 0.32648799, 0.11509818, 0.54857805E-2
0.70451826E-1, 0.57969657E-4, 0.31205777E-2, 0.55182673E-3, 0.53329486, 0.40235540, 0.34348914, 0.12110121, 0.57718959E-2
0.70335113E-1, 0.57969672E-4, 0.30999035E-2, 0.55144867E-3, 0.54707599, 0.41279131, 0.35252893, 0.12429849, 0.59242845E-2
0.70218585E-1, 0.57969384E-4, 0.30790907E-2, 0.55107131E-3, 0.55415201, 0.41817021, 0.35725799, 0.12597649, 0.60042595E-2
0.70102252E-1, 0.57968962E-4, 0.30582994E-2, 0.55069412E-3, 0.49204078, 0.37133414, 0.31735930, 0.11191642, 0.53341319E-2
0.69986112E-1, 0.57968478E-4, 0.30375768E-2, 0.55031694E-3, 0.46956384, 0.35440060, 0.30298644, 0.10685577, 0.50929328E-2
0.69870166E-1, 0.57968002E-4, 0.30170332E-2, 0.54993987E-3, 0.48150143, 0.36344013, 0.31081519, 0.10962483, 0.52249115E-2
0.69754384E-1, 0.57967442E-4, 0.29965693E-2, 0.54956361E-3, 0.50446618, 0.38080639, 0.32577589, 0.11491019, 0.54768207E-2
0.69638804E-1, 0.57966779E-4, 0.29761763E-2, 0.54918736E-3, 0.50093955, 0.37817726, 0.32363811, 0.11416505, 0.54413062E-2
0.69523416E-1, 0.57966121E-4, 0.29559184E-2, 0.54881111E-3, 0.56194055, 0.42426819, 0.36321431, 0.12813635, 0.61072032E-2
0.69408208E-1, 0.57965452E-4, 0.29358142E-2, 0.54843532E-3, 0.52919531, 0.39958343, 0.34221095, 0.12073700, 0.57545356E-2
0.69293588E-1, 0.57970949E-4, 0.29219799E-2, 0.54806005E-3, 0.43289638, 0.32689744, 0.28005365, 0.98814510E-1, 0.47096717E-2
0.69179267E-1, 0.57977817E-4, 0.29096396E-2, 0.54768479E-3, 0.32949993, 0.24883480, 0.21323121, 0.75241312E-1, 0.35861325E-2
0.69064617E-1, 0.57976777E-4, 0.28895107E-2, 0.54730952E-3, 0.41961628, 0.31690958, 0.27163139, 0.95854148E-1, 0.45685763E-2
0.68950154E-1, 0.57975536E-4, 0.28693394E-2, 0.54693484E-3, 0.46550667, 0.35159424, 0.30145001, 0.10638405, 0.50704503E-2
0.68835869E-1, 0.57974281E-4, 0.28493123E-2, 0.54656056E-3, 0.45892519, 0.34665102, 0.29730487, 0.10492884, 0.50010928E-2
0.68721749E-1, 0.57972986E-4, 0.28294104E-2, 0.54618629E-3, 0.44487187, 0.33606204, 0.28831139, 0.10176207, 0.48501585E-2
0.68607837E-1, 0.57971589E-4, 0.28095508E-2, 0.54581196E-3, 0.47177669, 0.35641444, 0.30586660, 0.10796617, 0.51458576E-2
0.68494126E-1, 0.57970108E-4, 0.27897586E-2, 0.54543844E-3, 0.50442028, 0.38110784, 0.32716662, 0.11549372, 0.55046333E-2
0.68380564E-1, 0.57968533E-4, 0.27700153E-2, 0.54506515E-3, 0.43770704, 0.33073086, 0.28401181, 0.10026713, 0.47789081E-2
0.68267189E-1, 0.57966710E-4, 0.27501741E-2, 0.54469181E-3, 0.39421171, 0.29788715, 0.25587848, 0.90341024E-1, 0.43058116E-2
0.68153962E-1, 0.57964662E-4, 0.27302343E-2, 0.54431864E-3, 0.37520179, 0.28354084, 0.24361734, 0.86017385E-1, 0.40997392E-2
0.68040937E-1, 0.57962479E-4, 0.27103075E-2, 0.54394617E-3, 0.37794170, 0.28562981, 0.24547304, 0.86677864E-1, 0.41312193E-2
0.67928083E-1, 0.57960227E-4, 0.26904868E-2, 0.54357387E-3, 0.38500771, 0.29098883, 0.25014162, 0.88331819E-1, 0.42100488E-2
0.67815453E-1, 0.57957968E-4, 0.26708087E-2, 0.54320146E-3, 0.39231172, 0.29652888, 0.25496975, 0.90042420E-1, 0.42915801E-2
0.67702979E-1, 0.57955709E-4, 0.26512579E-2, 0.54282934E-3, 0.39456251, 0.29825020, 0.25651681, 0.90594538E-1, 0.43178946E-2
0.67590684E-1, 0.57953435E-4, 0.26318317E-2, 0.54245791E-3, 0.36041722, 0.27245748, 0.23439200, 0.82785793E-1, 0.39457162E-2
0.67478590E-1, 0.57951165E-4, 0.26125961E-2, 0.54208649E-3, 0.47990724, 0.36281204, 0.31221014, 0.11027819, 0.52560507E-2
0.67366675E-1, 0.57948902E-4, 0.25935038E-2, 0.54171530E-3, 0.40313944, 0.30479878, 0.26236704, 0.92679456E-1, 0.44172644E-2
0.67254961E-1, 0.57946618E-4, 0.25745137E-2, 0.54134417E-3, 0.44033730, 0.33294678, 0.28667706, 0.10127376, 0.48268843E-2
0.67143410E-1, 0.57944333E-4, 0.25556446E-2, 0.54097379E-3, 0.46591777, 0.35231647, 0.30344808, 0.10720643, 0.51096464E-2
0.67032039E-1, 0.57941990E-4, 0.25368929E-2, 0.54060342E-3, 0.45193392, 0.34176937, 0.29445565, 0.10403735, 0.49586026E-2
0.66920862E-1, 0.57939571E-4, 0.25182164E-2, 0.54023304E-3, 0.40377650, 0.30537376, 0.26317444, 0.92991643E-1, 0.44321450E-2
0.66809878E-1, 0.57937094E-4, 0.24996151E-2, 0.53986307E-3, 0.42272967, 0.31973079, 0.27562341, 0.97397082E-1, 0.46421154E-2
0.66699125E-1, 0.57935533E-4, 0.24821176E-2, 0.53949363E-3, 0.41416913, 0.31327891, 0.27013835, 0.95465511E-1, 0.45500542E-2
0.66588640E-1, 0.57935220E-4, 0.24660847E-2, 0.53912424E-3, 0.45160148, 0.34161860, 0.29466131, 0.10413931, 0.49634618E-2
0.66478223E-1, 0.57933117E-4, 0.24482755E-2, 0.53875492E-3, 0.43263811, 0.32729879, 0.28239402, 0.99811189E-1, 0.47571762E-2
0.66367954E-1, 0.57930589E-4, 0.24301303E-2, 0.53838606E-3, 0.36475518, 0.27596316, 0.23816469, 0.84184110E-1, 0.40123621E-2
0.66257872E-1, 0.57927999E-4, 0.24120596E-2, 0.53801766E-3, 0.30305949, 0.22929916, 0.19793560, 0.69968276E-1, 0.33348105E-2
0.66148072E-1, 0.57927038E-4, 0.23957950E-2, 0.53764932E-3, 0.31652457, 0.23949966, 0.20678160, 0.73099069E-1, 0.34840296E-2
0.66042520E-1, 0.57986214E-4, 0.24338407E-2, 0.53728069E-3, 0.62065136, 0.46965674, 0.40562502, 0.14340311, 0.68348432E-2
0.65938503E-1, 0.58065660E-4, 0.24924753E-2, 0.53691305E-3, 0.63477725, 0.48039943, 0.41508558, 0.14676332, 0.69949981E-2
0.65832943E-1, 0.58119993E-4, 0.25297119E-2, 0.53654559E-3, 0.50235116, 0.38021788, 0.32865530, 0.11621514, 0.55390168E-2
0.65726288E-1, 0.58155034E-4, 0.25486813E-2, 0.53617818E-3, 0.53308511, 0.40351626, 0.34891757, 0.12339086, 0.58810250E-2
0.65618873E-1, 0.58176574E-4, 0.25544651E-2, 0.53581077E-3, 0.44639996, 0.33792961, 0.29230389, 0.10337875, 0.49272128E-2
0.65511189E-1, 0.58190974E-4, 0.25530665E-2, 0.53544412E-3, 0.32550150, 0.24642481, 0.21320884, 0.75410344E-1, 0.35941890E-2
0.65403424E-1, 0.58201702E-4, 0.25477291E-2, 0.53507765E-3, 0.31581658, 0.23910582, 0.20691927, 0.73189765E-1, 0.34883530E-2
0.65296128E-1, 0.58216840E-4, 0.25466420E-2, 0.53471117E-3, 0.37127843, 0.28111267, 0.24332583, 0.86072281E-1, 0.41023553E-2
0.65189131E-1, 0.58233869E-4, 0.25477237E-2, 0.53434481E-3, 0.37601125, 0.28471452, 0.24650428, 0.87202221E-1, 0.41562105E-2
0.65081768E-1, 0.58242997E-4, 0.25410107E-2, 0.53397921E-3, 0.41063875, 0.31095552, 0.26929343, 0.95270447E-1, 0.45407563E-2
0.64974464E-1, 0.58250051E-4, 0.25322931E-2, 0.53361367E-3, 0.40561539, 0.30717352, 0.26609096, 0.94144151E-1, 0.44870749E-2
0.64867258E-1, 0.58255497E-4, 0.25219773E-2, 0.53324824E-3, 0.36535767, 0.27670482, 0.23975877, 0.84833391E-1, 0.40433081E-2
0.64760208E-1, 0.58260957E-4, 0.25117777E-2, 0.53288281E-3, 0.42016321, 0.31823364, 0.27581441, 0.97597510E-1, 0.46516676E-2
0.64653330E-1, 0.58266232E-4, 0.25014828E-2, 0.53251820E-3, 0.40494177, 0.30672696, 0.26591524, 0.94101451E-1, 0.44850400E-2
0.64546630E-1, 0.58271358E-4, 0.24911126E-2, 0.53215370E-3, 0.41079718, 0.31118456, 0.26985338, 0.95501900E-1, 0.45517879E-2
0.64440109E-1, 0.58276913E-4, 0.24812885E-2, 0.53178926E-3, 0.49116430, 0.37209308, 0.32277048, 0.11423834, 0.54447991E-2
0.64333744E-1, 0.58282152E-4, 0.24712288E-2, 0.53142488E-3, 0.46271297, 0.35056877, 0.30419886, 0.10767429, 0.51319455E-2
0.64227521E-1, 0.58286802E-4, 0.24606294E-2, 0.53106126E-3, 0.42767096, 0.32404509, 0.28126860, 0.99565715E-1, 0.47454764E-2
0.64121418E-1, 0.58290527E-4, 0.24491351E-2, 0.53069775E-3, 0.39622569, 0.30024081, 0.26067877, 0.92283860E-1, 0.43984107E-2
0.64015463E-1, 0.58293859E-4, 0.24373094E-2, 0.53033425E-3, 0.35585099, 0.26966462, 0.23419045, 0.82912184E-1, 0.39517400E-2
0.63909680E-1, 0.58296901E-4, 0.24252879E-2, 0.52997092E-3, 0.33953813, 0.25731805, 0.22351915, 0.79139024E-1, 0.37719046E-2
0.63804127E-1, 0.58300971E-4, 0.24144354E-2, 0.52960828E-3, 0.36083731, 0.27347615, 0.23760930, 0.84132954E-1, 0.40099244E-2
0.63698664E-1, 0.58303503E-4, 0.24020129E-2, 0.52924576E-3, 0.26791665, 0.20306328, 0.17646731, 0.62487271E-1, 0.29782529E-2
0.63593291E-1, 0.58305326E-4, 0.23889535E-2, 0.52888325E-3, 0.30046430, 0.22774324, 0.19795035, 0.70097975E-1, 0.33409924E-2
0.63488118E-1, 0.58307447E-4, 0.23763403E-2, 0.52852090E-3, 0.28900015, 0.21906479, 0.19044298, 0.67443036E-1, 0.32144531E-2
0.63383132E-1, 0.58309623E-4, 0.23638899E-2, 0.52815926E-3, 0.32047749, 0.24293755, 0.21123767, 0.74811287E-1, 0.35656369E-2
0.63278362E-1, 0.58312165E-4, 0.23519346E-2, 0.52779773E-3, 0.36163640, 0.27415413, 0.23843400, 0.84448181E-1, 0.40249489E-2
0.63173778E-1, 0.58314763E-4, 0.23401335E-2, 0.52743620E-3, 0.33052680, 0.25058526, 0.21798560, 0.77210605E-1, 0.36799931E-2
0.63069329E-1, 0.58316658E-4, 0.23276727E-2, 0.52707485E-3, 0.29641634, 0.22473694, 0.19553965, 0.69264136E-1, 0.33012505E-2
0.62965013E-1, 0.58318139E-4, 0.23148512E-2, 0.52671431E-3, 0.33721289, 0.25568187, 0.22250926, 0.78821801E-1, 0.37567851E-2
0.62860839E-1, 0.58319427E-4, 0.23019393E-2, 0.52635372E-3, 0.37238657, 0.28236863, 0.24579068, 0.87074548E-1, 0.41501257E-2
0.62756844E-1, 0.58320835E-4, 0.22892444E-2, 0.52599312E-3, 0.36898607, 0.27980834, 0.24362232, 0.86312175E-1, 0.41137906E-2
0.62653042E-1, 0.58322672E-4, 0.22771221E-2, 0.52563276E-3, 0.38789889, 0.29416990, 0.25619140, 0.90771474E-1, 0.43263272E-2
0.62549591E-1, 0.58327121E-4, 0.22679295E-2, 0.52527321E-3, 0.41728699, 0.31647927, 0.27569482, 0.97688891E-1, 0.46560238E-2
0.62447704E-1, 0.58350808E-4, 0.22789312E-2, 0.52491354E-3, 0.54601097, 0.41414165, 0.36089030, 0.12788795, 0.60953624E-2
0.62346365E-1, 0.58380439E-4, 0.22959579E-2, 0.52455399E-3, 0.44436780, 0.33707660, 0.29383495, 0.10413513, 0.49632629E-2
0.62244602E-1, 0.58401623E-4, 0.23042653E-2, 0.52419462E-3, 0.42689741, 0.32384953, 0.28238824, 0.10008640, 0.47702924E-2
0.62142439E-1, 0.58414618E-4, 0.23040378E-2, 0.52383600E-3, 0.48993391, 0.37169990, 0.32421321, 0.11491995, 0.54772869E-2
0.62039781E-1, 0.58418031E-4, 0.22935516E-2, 0.52347744E-3, 0.36999047, 0.28072354, 0.24493170, 0.86824909E-1, 0.41382280E-2
0.61937120E-1, 0.58418711E-4, 0.22801913E-2, 0.52311883E-3, 0.32340208, 0.24539037, 0.21415249, 0.75918958E-1, 0.36184306E-2
0.61834551E-1, 0.58418209E-4, 0.22656221E-2, 0.52276044E-3, 0.27120823, 0.20579743, 0.17963386, 0.63685291E-1, 0.30353528E-2
0.61732095E-1, 0.58417030E-4, 0.22504076E-2, 0.52240281E-3, 0.21771012, 0.16520905, 0.14422749, 0.51135052E-1, 0.24371864E-2
0.61630309E-1, 0.58422869E-4, 0.22424951E-2, 0.52204519E-3, 0.34072754, 0.25857291, 0.22577316, 0.80050722E-1, 0.38153566E-2
0.61530400E-1, 0.58453192E-4, 0.22588873E-2, 0.52168756E-3, 0.43077826, 0.32693332, 0.28553578, 0.10124753, 0.48256340E-2
0.61431013E-1, 0.58488535E-4, 0.22795387E-2, 0.52133010E-3, 0.46288189, 0.35132587, 0.30693263, 0.10884363, 0.51876772E-2
0.61332844E-1, 0.58538510E-4, 0.23129210E-2, 0.52097347E-3, 0.56871027, 0.43168914, 0.37727538, 0.13380116, 0.63771978E-2
0.61234642E-1, 0.58585669E-4, 0.23441575E-2, 0.52061683E-3, 0.47696987, 0.36208618, 0.31656072, 0.11227963, 0.53514433E-2
0.61135869E-1, 0.58622223E-4, 0.23663803E-2, 0.52026019E-3, 0.47618634, 0.36152238, 0.31617117, 0.11215147, 0.53453352E-2
0.61037403E-1, 0.58661022E-4, 0.23909933E-2, 0.51990384E-3, 0.51214343, 0.38885546, 0.34019098, 0.12068292, 0.57519581E-2
0.60939796E-1, 0.58709502E-4, 0.24238566E-2, 0.51954814E-3, 0.51884103, 0.39397752, 0.34479538, 0.12232819, 0.58303759E-2
0.60841218E-1, 0.58742098E-4, 0.24410109E-2, 0.51919243E-3, 0.42985958, 0.32643804, 0.28578052, 0.10139974, 0.48328904E-2
0.60742225E-1, 0.58766585E-4, 0.24502536E-2, 0.51883678E-3, 0.45226520, 0.34348002, 0.30079001, 0.10673428, 0.50871437E-2
0.60643751E-1, 0.58795817E-4, 0.24646497E-2, 0.51848131E-3, 0.56522828, 0.42931071, 0.37608427, 0.13346498, 0.63611744E-2
0.60545422E-1, 0.58824819E-4, 0.24794175E-2, 0.51812659E-3, 0.56562370, 0.42965522, 0.37653482, 0.13363928, 0.63694813E-2
0.60446624E-1, 0.58845162E-4, 0.24854639E-2, 0.51777193E-3, 0.39957577, 0.30354947, 0.26610929, 0.94455950E-1, 0.45019370E-2
0.60347855E-1, 0.58863352E-4, 0.24890630E-2, 0.51741721E-3, 0.54518276, 0.41419876, 0.36322683, 0.12893945, 0.61454806E-2
0.60249053E-1, 0.58878850E-4, 0.24901114E-2, 0.51706278E-3, 0.55078590, 0.41849726, 0.36713645, 0.13034101, 0.62122811E-2
0.60150363E-1, 0.58893438E-4, 0.24903449E-2, 0.51670894E-3, 0.45485184, 0.34563658, 0.30332410, 0.10769686, 0.51330207E-2
0.60052194E-1, 0.58913141E-4, 0.24957987E-2, 0.51635527E-3, 0.51244360, 0.38943380, 0.34187311, 0.12139520, 0.57859081E-2
0.59955131E-1, 0.58946069E-4, 0.25144389E-2, 0.51600160E-3, 0.54205519, 0.41197675, 0.36179551, 0.12848252, 0.61237020E-2
0.59857722E-1, 0.58971909E-4, 0.25248274E-2, 0.51564811E-3, 0.56714052, 0.43108538, 0.37872127, 0.13450767, 0.64108712E-2
0.59760939E-1, 0.59003763E-4, 0.25339900E-2, 0.51529531E-3, 0.73780584, 0.56087589, 0.49297413, 0.17510825, 0.83459644E-2
0.59663016E-1, 0.59017839E-4, 0.25274968E-2, 0.51494257E-3, 0.72657824, 0.55241537, 0.48579121, 0.17258155, 0.82255388E-2
0.59566326E-1, 0.59046473E-4, 0.25319364E-2, 0.51458983E-3, 0.79296416, 0.60297263, 0.53053838, 0.18850642, 0.89845452E-2
0.59471529E-1, 0.59099249E-4, 0.25544937E-2, 0.51423721E-3, 1.1167191, 0.84930581, 0.74778897, 0.26574752, 0.12665994E-1
0.59378088E-1, 0.59168178E-4, 0.25893406E-2, 0.51388546E-3, 1.1349003, 0.86331552, 0.76074934, 0.27041376, 0.12888398E-1
0.59284821E-1, 0.59237507E-4, 0.26251238E-2, 0.51353365E-3, 1.2755877, 0.97055399, 0.85599625, 0.30434263, 0.14505510E-1
0.59191316E-1, 0.59301168E-4, 0.26588424E-2, 0.51318173E-3, 1.2595119, 0.95855123, 0.84619623, 0.30093491, 0.14343100E-1
0.59096981E-1, 0.59351121E-4, 0.26853834E-2, 0.51283021E-3, 1.1611539, 0.88389784, 0.78098577, 0.27781200, 0.13241025E-1
0.59001703E-1, 0.59385908E-4, 0.27014259E-2, 0.51247946E-3, 1.0248125, 0.78027314, 0.68997920, 0.24549407, 0.11700696E-1
0.58913670E-1, 0.59411672E-4, 0.27101191E-2, 0.51212864E-3, 0.87497330, 0.66630793, 0.58960944, 0.20982367, 0.10000581E-1
0.58833893E-1, 0.59433060E-4, 0.27149243E-2, 0.51177788E-3, 0.92864269, 0.70729709, 0.62628537, 0.22291662, 0.10624617E-1
0.58753934E-1, 0.59450260E-4, 0.27158058E-2, 0.51142718E-3, 0.82175577, 0.62599051, 0.55464333, 0.19745268, 0.94109587E-2
0.58673803E-1, 0.59463036E-4, 0.27123047E-2, 0.51107717E-3, 0.81488425, 0.62085068, 0.55041116, 0.19597918, 0.93407333E-2
0.58593597E-1, 0.59472972E-4, 0.27059731E-2, 0.51072740E-3, 0.77493131, 0.59049946, 0.52380240, 0.18653595, 0.88906521E-2
0.58513414E-1, 0.59481736E-4, 0.26985295E-2, 0.51037763E-3, 0.67095363, 0.51133764, 0.45381692, 0.16163743, 0.77039404E-2
0.58433570E-1, 0.59492937E-4, 0.26936054E-2, 0.51002786E-3, 0.70651907, 0.53851151, 0.47816786, 0.17033525, 0.81184953E-2
0.58353543E-1, 0.59500006E-4, 0.26843376E-2, 0.50967891E-3, 0.51177758, 0.39012292, 0.34655580, 0.12346771, 0.58847014E-2
0.58273423E-1, 0.59503498E-4, 0.26713519E-2, 0.50933013E-3, 0.51119894, 0.38971847, 0.34631878, 0.12339664, 0.58813132E-2
0.58193374E-1, 0.59506558E-4, 0.26580158E-2, 0.50898129E-3, 0.52113920, 0.39733449, 0.35321337, 0.12586705, 0.59990580E-2
0.58113437E-1, 0.59509301E-4, 0.26444385E-2, 0.50863251E-3, 0.54903626, 0.41864562, 0.37229666, 0.13268249, 0.63238950E-2
0.58033627E-1, 0.59511429E-4, 0.26302906E-2, 0.50828437E-3, 0.58461094, 0.44581825, 0.39661726, 0.14136715, 0.67378231E-2
0.57953876E-1, 0.59513412E-4, 0.26160879E-2, 0.50793652E-3, 0.63256472, 0.48244202, 0.42938244, 0.15306567, 0.72953952E-2
0.57874251E-1, 0.59515332E-4, 0.26019441E-2, 0.50758867E-3, 0.68024337, 0.51886904, 0.46201718, 0.16472241, 0.78509785E-2
0.57794765E-1, 0.59517126E-4, 0.25877582E-2, 0.50724088E-3, 0.63275683, 0.48270726, 0.43001783, 0.15333553, 0.73082587E-2
0.57715409E-1, 0.59518708E-4, 0.25734454E-2, 0.50689362E-3, 0.53806043, 0.41051200, 0.36585423, 0.13047275, 0.62185754E-2
0.57636198E-1, 0.59520193E-4, 0.25591471E-2, 0.50654676E-3, 0.58633751, 0.44739154, 0.39887792, 0.14226708, 0.67807157E-2
0.57557099E-1, 0.59521641E-4, 0.25449262E-2, 0.50620001E-3, 0.61101741, 0.46627507, 0.41588825, 0.14835343, 0.70708012E-2
0.57478104E-1, 0.59523005E-4, 0.25307264E-2, 0.50585304E-3, 0.68393618, 0.52198344, 0.46578878, 0.16617703, 0.79203080E-2
0.57399414E-1, 0.59526694E-4, 0.25191917E-2, 0.50550670E-3, 0.62578499, 0.47766122, 0.42643607, 0.15215933, 0.72521986E-2
0.57322294E-1, 0.59549449E-4, 0.25285233E-2, 0.50516083E-3, 0.75603658, 0.57715714, 0.51551467, 0.18397187, 0.87684430E-2
0.57245299E-1, 0.59572136E-4, 0.25378915E-2, 0.50481502E-3, 0.85619551, 0.65371794, 0.58423454, 0.20853290, 0.99390699E-2
0.57168812E-1, 0.59599988E-4, 0.25520301E-2, 0.50446909E-3, 0.62799513, 0.47955123, 0.42880839, 0.15308146, 0.72961487E-2
0.57092972E-1, 0.59634811E-4, 0.25720976E-2, 0.50412357E-3, 0.68603253, 0.52393484, 0.46871313, 0.16735154, 0.79762889E-2
0.57020221E-1, 0.59709480E-4, 0.26217590E-2, 0.50377869E-3, 1.4910520, 1.1389755, 1.0197217, 0.36417308, 0.17357182E-1
0.56950718E-1, 0.59825605E-4, 0.26945798E-2, 0.50343381E-3, 2.5051553, 1.9143569, 1.7164348, 0.61326134, 0.29229257E-1
0.56878280E-1, 0.59900995E-4, 0.27360786E-2, 0.50308893E-3, 1.7353940, 1.3266844, 1.1914160, 0.42588478, 0.20298557E-1
0.56804061E-1, 0.59950922E-4, 0.27576655E-2, 0.50274422E-3, 1.3064557, 0.99906421, 0.89821297, 0.32118827, 0.15308537E-1
0.56729656E-1, 0.59996786E-4, 0.27746819E-2, 0.50240033E-3, 1.4500960, 1.1092037, 0.99824232, 0.35707018, 0.17018780E-1
0.56655563E-1, 0.60044982E-4, 0.27935498E-2, 0.50205650E-3, 1.8627340, 1.4252955, 1.2842723, 0.45955816, 0.21903634E-1
0.56573868E-1, 0.60093516E-4, 0.28131835E-2, 0.50171249E-3, 2.2970076, 1.7582994, 1.5867616, 0.56807458, 0.27075842E-1
0.56483302E-1, 0.60134240E-4, 0.28275282E-2, 0.50136878E-3, 1.5321535, 1.1732702, 1.0603296, 0.37978128, 0.18101355E-1
0.56391973E-1, 0.60162787E-4, 0.28326612E-2, 0.50102576E-3, 1.0949054, 0.83865803, 0.75866282, 0.27181804, 0.12955572E-1
0.56300506E-1, 0.60187522E-4, 0.28354775E-2, 0.50068280E-3, 1.3055916, 1.0002683, 0.90564352, 0.32457173, 0.15469971E-1
0.56208584E-1, 0.60204082E-4, 0.28331664E-2, 0.50033990E-3, 1.0557580, 0.80904812, 0.73314732, 0.26282650, 0.12527039E-1
0.56116391E-1, 0.60215141E-4, 0.28266218E-2, 0.49999700E-3, 0.96736729, 0.74145937, 0.67239296, 0.24110602, 0.11491789E-1
0.56024209E-1, 0.60223992E-4, 0.28182757E-2, 0.49965491E-3, 0.92449403, 0.70872921, 0.64315248, 0.23067445, 0.10994597E-1
0.55932000E-1, 0.60230675E-4, 0.28078659E-2, 0.49931288E-3, 0.89674437, 0.68757844, 0.62436974, 0.22398795, 0.10675905E-1
0.55839818E-1, 0.60235816E-4, 0.27959319E-2, 0.49897097E-3, 0.83334810, 0.63907701, 0.58068782, 0.20836180, 0.99311238E-2
0.55747710E-1, 0.60239898E-4, 0.27829644E-2, 0.49862906E-3, 0.82545924, 0.63312966, 0.57562619, 0.20658788, 0.98465802E-2
0.55655692E-1, 0.60243099E-4, 0.27691461E-2, 0.49828773E-3, 0.82791167, 0.63511306, 0.57777184, 0.20740052, 0.98853176E-2
0.55563744E-1, 0.60245529E-4, 0.27545809E-2, 0.49794681E-3, 0.68595368, 0.52629179, 0.47903728, 0.17199095, 0.81975972E-2
0.55471919E-1, 0.60247188E-4, 0.27392576E-2, 0.49760577E-3, 0.68239260, 0.52362901, 0.47684494, 0.17123307, 0.81614815E-2
0.55380184E-1, 0.60248247E-4, 0.27233737E-2, 0.49726490E-3, 0.67752874, 0.51996547, 0.47373790, 0.17014647, 0.81096916E-2
0.55288613E-1, 0.60249207E-4, 0.27074921E-2, 0.49692439E-3, 0.83294082, 0.63932806, 0.58279830, 0.20935556, 0.99785225E-2
0.55197183E-1, 0.60250066E-4, 0.26916165E-2, 0.49658434E-3, 0.71260047, 0.54704386, 0.49895272, 0.17927153, 0.85446276E-2
0.55105887E-1, 0.60250761E-4, 0.26756800E-2, 0.49624441E-3, 0.51557863, 0.39584330, 0.36120263, 0.12979896, 0.61866180E-2
0.55014841E-1, 0.60252627E-4, 0.26612522E-2, 0.49590442E-3, 0.42275962, 0.32460949, 0.29629835, 0.10648826, 0.50755581E-2
0.54924004E-1, 0.60255454E-4, 0.26480062E-2, 0.49556477E-3, 0.40493488, 0.31094745, 0.28390723, 0.10204574, 0.48638135E-2
0.54834001E-1, 0.60266761E-4, 0.26444618E-2, 0.49522571E-3, 0.48950166, 0.37591779, 0.34333229, 0.12341912, 0.58825361E-2
0.54744836E-1, 0.60287119E-4, 0.26508963E-2, 0.49488666E-3, 0.60507172, 0.46471992, 0.42459810, 0.15265346, 0.72759339E-2
0.54655526E-1, 0.60303795E-4, 0.26534162E-2, 0.49454771E-3, 0.74655986, 0.57346356, 0.52420235, 0.18849598, 0.89843012E-2
0.54565299E-1, 0.60306753E-4, 0.26404029E-2, 0.49420883E-3, 0.62509370, 0.48022509, 0.43918797, 0.15795402, 0.75285812E-2
0.54475091E-1, 0.60307921E-4, 0.26254540E-2, 0.49387070E-3, 0.70302534, 0.54016560, 0.49423760, 0.17778298, 0.84736971E-2
0.54385219E-1, 0.60311522E-4, 0.26135403E-2, 0.49353275E-3, 0.69708300, 0.53567338, 0.49037224, 0.17642465, 0.84089562E-2
0.54295309E-1, 0.60312745E-4, 0.25988813E-2, 0.49319468E-3, 0.89248890, 0.68593889, 0.62828261, 0.22608770, 0.10776063E-1
0.54205500E-1, 0.60313338E-4, 0.25836087E-2, 0.49285666E-3, 0.69964212, 0.53780830, 0.49288765, 0.17740299, 0.84555969E-2
0.54115832E-1, 0.60313738E-4, 0.25682189E-2, 0.49251941E-3, 0.87790936, 0.67494500, 0.61891538, 0.22280920, 0.10619809E-1
0.54026313E-1, 0.60313971E-4, 0.25527505E-2, 0.49218239E-3, 0.81342876, 0.62547714, 0.57390529, 0.20665170, 0.98496992E-2
0.53937055E-1, 0.60315702E-4, 0.25388314E-2, 0.49184531E-3, 0.87174690, 0.67043185, 0.61552507, 0.22168729, 0.10566352E-1
0.53850777E-1, 0.60353952E-4, 0.25637180E-2, 0.49150834E-3, 1.2701160, 0.97701246, 0.89769292, 0.32340360, 0.15414517E-1
0.53768881E-1, 0.60446655E-4, 0.26328356E-2, 0.49117184E-3, 1.5826968, 1.2178074, 1.1201086, 0.40368354, 0.19240968E-1
0.53688571E-1, 0.60557555E-4, 0.27053119E-2, 0.49083575E-3, 1.6444480, 1.2657342, 1.1655773, 0.42025131, 0.20030694E-1
0.53606164E-1, 0.60639974E-4, 0.27540394E-2, 0.49049966E-3, 2.1338751, 1.6430712, 1.5151556, 0.54656816, 0.26051482E-1
0.53522401E-1, 0.60703020E-4, 0.27886019E-2, 0.49016357E-3, 2.2287462, 1.7168823, 1.5857843, 0.57238507, 0.27282096E-1
0.53436860E-1, 0.60741673E-4, 0.28065590E-2, 0.48982794E-3, 1.6962183, 1.3071861, 1.2091489, 0.43667677, 0.20813767E-1
0.53350169E-1, 0.60763650E-4, 0.28114803E-2, 0.48949267E-3, 1.4768808, 1.1385239, 1.0543728, 0.38094798, 0.18157562E-1
0.53263158E-1, 0.60779825E-4, 0.28112370E-2, 0.48915768E-3, 1.1398106, 0.87891400, 0.81474078, 0.29447669, 0.14036017E-1
0.53177174E-1, 0.60806989E-4, 0.28210343E-2, 0.48882264E-3, 1.3153913, 1.0145581, 0.94132525, 0.34034577, 0.16222358E-1
0.53091772E-1, 0.60839979E-4, 0.28356311E-2, 0.48848765E-3, 1.5051174, 1.1612272, 1.0785210, 0.39010471, 0.18594123E-1
0.53006530E-1, 0.60872881E-4, 0.28497523E-2, 0.48815343E-3, 1.8123001, 1.3986984, 1.3006614, 0.47067410, 0.22434482E-1
0.52923221E-1, 0.60928574E-4, 0.28785751E-2, 0.48781937E-3, 2.6133990, 2.0178883, 1.8795214, 0.68057543, 0.32439463E-1
0.52840043E-1, 0.60984104E-4, 0.29045644E-2, 0.48748520E-3, 2.2589226, 1.7450738, 1.6283839, 0.59005600, 0.28124994E-1
0.52756108E-1, 0.61028368E-4, 0.29212376E-2, 0.48715115E-3, 2.1244123, 1.6419117, 1.5346247, 0.55643833, 0.26522718E-1
0.52671805E-1, 0.61065970E-4, 0.29323746E-2, 0.48681782E-3, 2.0710008, 1.6013310, 1.4990313, 0.54386878, 0.25923688E-1
0.52587539E-1, 0.61102321E-4, 0.29424843E-2, 0.48648467E-3, 1.9443187, 1.5040097, 1.4100326, 0.51188487, 0.24399268E-1
0.52503191E-1, 0.61135848E-4, 0.29503708E-2, 0.48615152E-3, 1.7309868, 1.3395044, 1.2575198, 0.45677039, 0.21772271E-1
0.52418917E-1, 0.61168546E-4, 0.29581399E-2, 0.48581837E-3, 2.5232403, 1.9534364, 1.8367205, 0.66757536, 0.31820558E-1
0.52334283E-1, 0.61194827E-4, 0.29629527E-2, 0.48548571E-3, 1.9157798, 1.4838557, 1.3975300, 0.50829494, 0.24228420E-1
0.52248977E-1, 0.61210842E-4, 0.29605792E-2, 0.48515361E-3, 1.5865384, 1.2292999, 1.1592965, 0.42187616, 0.20109242E-1
0.52163363E-1, 0.61221173E-4, 0.29532725E-2, 0.48482144E-3, 1.4132059, 1.0953428, 1.0341116, 0.37649566, 0.17946180E-1
0.52077658E-1, 0.61228675E-4, 0.29432361E-2, 0.48448928E-3, 0.95880121, 0.74333233, 0.70239854, 0.25582293, 0.12194180E-1
0.51992014E-1, 0.61234947E-4, 0.29320202E-2, 0.48415732E-3, 0.82972807, 0.64338589, 0.60835069, 0.22163175, 0.10564426E-1
0.51906489E-1, 0.61240935E-4, 0.29206758E-2, 0.48382615E-3, 0.71989548, 0.55830985, 0.52820158, 0.19247910, 0.91748387E-2
0.51821124E-1, 0.61247265E-4, 0.29098950E-2, 0.48349492E-3, 0.82922006, 0.64319867, 0.60884833, 0.22192100, 0.10578257E-1
0.51735934E-1, 0.61254024E-4, 0.28997683E-2, 0.48316381E-3, 0.82260412, 0.63817692, 0.60445392, 0.22037680, 0.10504673E-1
0.51650882E-1, 0.61260776E-4, 0.28897694E-2, 0.48283263E-3, 0.94651282, 0.73444027, 0.69607145, 0.25385025, 0.12100271E-1
0.51566016E-1, 0.61268125E-4, 0.28805693E-2, 0.48250228E-3, 0.80332679, 0.62345105, 0.59125632, 0.21568573, 0.10281107E-1
0.51481936E-1, 0.61283376E-4, 0.28805083E-2, 0.48217209E-3, 1.0482688, 0.81370407, 0.77219832, 0.28177464, 0.13431398E-1
0.51397398E-1, 0.61291204E-4, 0.28719788E-2, 0.48184185E-3, 1.0670712, 0.82848358, 0.78682709, 0.28720978, 0.13690513E-1
0.51312961E-1, 0.61298422E-4, 0.28628248E-2, 0.48151170E-3, 1.0176768, 0.79030776, 0.75114107, 0.27427587, 0.13074020E-1
0.51229268E-1, 0.61313229E-4, 0.28626730E-2, 0.48118204E-3, 0.92547756, 0.71885598, 0.68371594, 0.24973480, 0.11904238E-1
0.51145155E-1, 0.61321152E-4, 0.28545556E-2, 0.48085276E-3, 1.0127692, 0.78681839, 0.74887693, 0.27362096, 0.13042860E-1
0.51061459E-1, 0.61332270E-4, 0.28501316E-2, 0.48052357E-3, 1.0965043, 0.85206294, 0.81159914, 0.29664034, 0.14140174E-1
0.50979983E-1, 0.61369283E-4, 0.28732179E-2, 0.48019437E-3, 1.4956021, 1.1625104, 1.1083516, 0.40527502, 0.19318590E-1
0.50901372E-1, 0.61439641E-4, 0.29265766E-2, 0.47986538E-3, 1.9310961, 1.5015628, 1.4334168, 0.52443111, 0.24998600E-1
0.50820306E-1, 0.61478226E-4, 0.29505375E-2, 0.47953709E-3, 1.3980777, 1.0874968, 1.0394348, 0.38050082, 0.18137790E-1
0.50738581E-1, 0.61507031E-4, 0.29642954E-2, 0.47920886E-3, 1.5828902, 1.2316464, 1.1785014, 0.43162248, 0.20574735E-1
0.50659329E-1, 0.61564453E-4, 0.30012876E-2, 0.47888065E-3, 2.1979034, 1.7108852, 1.6393498, 0.60078698, 0.28638648E-1
0.50581206E-1, 0.61634157E-4, 0.30413270E-2, 0.47855248E-3, 2.4669383, 1.9212807, 1.8441501, 0.67637551, 0.32242030E-1
0.50502457E-1, 0.61694453E-4, 0.30716432E-2, 0.47822503E-3, 2.4139442, 1.8810129, 1.8087951, 0.66396379, 0.31650573E-1
0.50423093E-1, 0.61745632E-4, 0.30942364E-2, 0.47789779E-3, 2.6065216, 2.0321910, 1.9578309, 0.71929377, 0.34288324E-1
0.50343122E-1, 0.61787578E-4, 0.31088381E-2, 0.47757055E-3, 2.2868471, 1.7839189, 1.7218020, 0.63312131, 0.30180726E-1
0.50262861E-1, 0.61824299E-4, 0.31189066E-2, 0.47724330E-3, 2.5525329, 1.9922346, 1.9263333, 0.70893222, 0.33794828E-1
0.50182473E-1, 0.61857929E-4, 0.31263896E-2, 0.47691647E-3, 2.9549603, 2.3077290, 2.2359784, 0.82369292, 0.39265748E-1
0.50102051E-1, 0.61889332E-4, 0.31319642E-2, 0.47659018E-3, 2.4709361, 1.9308949, 1.8746914, 0.69128072, 0.32953843E-1
0.50021626E-1, 0.61919054E-4, 0.31360844E-2, 0.47626390E-3, 2.5337539, 1.9810861, 1.9270166, 0.71122098, 0.33904653E-1
0.49941234E-1, 0.61947496E-4, 0.31391387E-2, 0.47593765E-3, 2.5094445, 1.9631891, 1.9132212, 0.70678508, 0.33693414E-1
0.49861155E-1, 0.61978157E-4, 0.31441115E-2, 0.47561157E-3, 2.6100645, 2.0430813, 1.9948994, 0.73765910, 0.35165474E-1
0.49781211E-1, 0.62008752E-4, 0.31492100E-2, 0.47528610E-3, 2.6918354, 2.1083481, 2.0627179, 0.76349437, 0.36397360E-1
0.49701326E-1, 0.62038460E-4, 0.31534487E-2, 0.47496083E-3, 2.7104106, 2.1241953, 2.0824368, 0.77158207, 0.36783196E-1
0.49621545E-1, 0.62067775E-4, 0.31573735E-2, 0.47463554E-3, 2.7054918, 2.1216464, 2.0841696, 0.77302456, 0.36852274E-1
0.49541853E-1, 0.62096522E-4, 0.31610024E-2, 0.47431022E-3, 2.5542502, 2.0042465, 1.9727384, 0.73243952, 0.34917761E-1
0.49462143E-1, 0.62123509E-4, 0.31640271E-2, 0.47398562E-3, 2.8125079, 2.2082443, 2.1778920, 0.80945289, 0.38589574E-1
0.49381945E-1, 0.62142892E-4, 0.31624630E-2, 0.47366129E-3, 2.3123844, 1.8166429, 1.7951305, 0.66786873, 0.31840008E-1
0.49301315E-1, 0.62155341E-4, 0.31556122E-2, 0.47333699E-3, 1.8612072, 1.4628965, 1.4478409, 0.53911120, 0.25701780E-1
0.49220458E-1, 0.62163468E-4, 0.31448894E-2, 0.47301268E-3, 1.5456423, 1.2153406, 1.2043622, 0.44875732, 0.21394344E-1
0.49139693E-1, 0.62171166E-4, 0.31339969E-2, 0.47268864E-3, 1.3169360, 1.0358509, 1.0275903, 0.38311276, 0.18264854E-1
0.49058951E-1, 0.62177365E-4, 0.31216182E-2, 0.47236530E-3, 1.2577426, 0.98958397, 0.98262566, 0.36653998, 0.17474817E-1
0.48978083E-1, 0.62180407E-4, 0.31057405E-2, 0.47204195E-3, 1.1190598, 0.88070965, 0.87528318, 0.32665727, 0.15573463E-1
0.48897251E-1, 0.62182487E-4, 0.30888421E-2, 0.47171861E-3, 1.1616981, 0.91450518, 0.90963012, 0.33963358, 0.16192175E-1
0.48816737E-1, 0.62186606E-4, 0.30744271E-2, 0.47139535E-3, 0.97348744, 0.76653254, 0.76304835, 0.28502962, 0.13588956E-1
0.48737325E-1, 0.62202380E-4, 0.30736786E-2, 0.47107277E-3, 1.0407867, 0.81971425, 0.81659025, 0.30515599, 0.14548546E-1
0.48658948E-1, 0.62228995E-4, 0.30810386E-2, 0.47075041E-3, 1.6894500, 1.3310099, 1.3272554, 0.49626589, 0.23659963E-1
0.48583925E-1, 0.62293904E-4, 0.31171539E-2, 0.47042806E-3, 2.1076899, 1.6612493, 1.6589142, 0.62076288, 0.29595690E-1
0.48507784E-1, 0.62344130E-4, 0.31397974E-2, 0.47010573E-3, 2.3628488, 1.8633357, 1.8638306, 0.69809431, 0.33282835E-1
0.48431151E-1, 0.62386760E-4, 0.31557465E-2, 0.46978376E-3, 2.6951706, 2.1266663, 2.1312654, 0.79911184, 0.38099363E-1
0.48354123E-1, 0.62423089E-4, 0.31664348E-2, 0.46946239E-3, 2.4743736, 1.9536412, 1.9616911, 0.73634464, 0.35107128E-1
0.48276991E-1, 0.62456660E-4, 0.31744274E-2, 0.46914097E-3, 2.3319600, 1.8422501, 1.8531920, 0.69633907, 0.33200059E-1
0.48199661E-1, 0.62486273E-4, 0.31790149E-2, 0.46881963E-3, 2.8516579, 2.2541940, 2.2719824, 0.85465556, 0.40748663E-1
0.48122156E-1, 0.62512285E-4, 0.31815930E-2, 0.46849839E-3, 2.4463680, 1.9350492, 1.9542367, 0.73598647, 0.35091057E-1
0.48044082E-1, 0.62530118E-4, 0.31787991E-2, 0.46817787E-3, 1.9757173, 1.5636016, 1.5817457, 0.59628808, 0.28430635E-1
0.47965549E-1, 0.62540865E-4, 0.31703562E-2, 0.46785743E-3, 1.6591822, 1.3136662, 1.3307226, 0.50206435, 0.23938285E-1
0.47886789E-1, 0.62547457E-4, 0.31580296E-2, 0.46753703E-3, 1.4105206, 1.1171983, 1.1330042, 0.42776284, 0.20395739E-1
0.47808006E-1, 0.62552106E-4, 0.31437646E-2, 0.46721665E-3, 1.3032554, 1.0325750, 1.0482395, 0.39600235, 0.18881500E-1
0.47729187E-1, 0.62554784E-4, 0.31273402E-2, 0.46689674E-3, 1.1954082, 0.94741088, 0.96267539, 0.36388415, 0.17350189E-1
0.47650415E-1, 0.62556646E-4, 0.31101010E-2, 0.46657727E-3, 1.0721140, 0.84992605, 0.86434478, 0.32688487, 0.15586114E-1
0.47571864E-1, 0.62559426E-4, 0.30941591E-2, 0.46625792E-3, 1.0339555, 0.81988239, 0.83444017, 0.31572738, 0.15054188E-1
0.47493301E-1, 0.62560452E-4, 0.30761834E-2, 0.46593850E-3, 1.0338151, 0.81997323, 0.83516556, 0.31615123, 0.15074460E-1
0.47414798E-1, 0.62560764E-4, 0.30574563E-2, 0.46561929E-3, 1.0073922, 0.79921108, 0.81463063, 0.30852258, 0.14710778E-1
0.47336385E-1, 0.62560517E-4, 0.30381414E-2, 0.46530069E-3, 0.99328017, 0.78820473, 0.80400252, 0.30463818, 0.14525618E-1
0.47258183E-1, 0.62561296E-4, 0.30202284E-2, 0.46498221E-3, 1.1310517, 0.89775985, 0.91646653, 0.34742126, 0.16565654E-1
0.47180973E-1, 0.62572042E-4, 0.30145927E-2, 0.46466372E-3, 1.3130178, 1.0425001, 1.0651841, 0.40402648, 0.19264786E-1
0.47103211E-1, 0.62574974E-4, 0.29996494E-2, 0.46434524E-3, 1.1631281, 0.92376846, 0.94473493, 0.35854709, 0.17096322E-1
0.47025323E-1, 0.62574945E-4, 0.29810930E-2, 0.46402740E-3, 1.0770496, 0.85563672, 0.87578398, 0.33255383, 0.15856979E-1
0.46947524E-1, 0.62574290E-4, 0.29618773E-2, 0.46370999E-3, 1.0116636, 0.80389613, 0.82346088, 0.31283978, 0.14917027E-1
0.46869837E-1, 0.62573497E-4, 0.29426245E-2, 0.46339247E-3, 1.1484708, 0.91284519, 0.93580240, 0.35569969, 0.16960779E-1
0.46792276E-1, 0.62572617E-4, 0.29233908E-2, 0.46307506E-3, 1.2150463, 0.96603894, 0.99119890, 0.37696636, 0.17974921E-1
0.46714824E-1, 0.62571613E-4, 0.29041350E-2, 0.46275771E-3, 1.2918264, 1.0273975, 1.0551332, 0.40152001, 0.19145815E-1
0.46637479E-1, 0.62570471E-4, 0.28848350E-2, 0.46244112E-3, 1.1841652, 0.94206131, 0.96838975, 0.36873010, 0.17582379E-1
0.46560265E-1, 0.62569132E-4, 0.28654467E-2, 0.46212462E-3, 1.1639805, 0.92626911, 0.95298541, 0.36306900, 0.17312530E-1
0.46483159E-1, 0.62567597E-4, 0.28459618E-2, 0.46180814E-3, 0.87819064, 0.69902045, 0.71973020, 0.27433950, 0.13081624E-1
0.46406165E-1, 0.62565945E-4, 0.28264346E-2, 0.46149170E-3, 1.0376569, 0.82614362, 0.85121328, 0.32460609, 0.15478601E-1
0.46329297E-1, 0.62564228E-4, 0.28069708E-2, 0.46117569E-3, 1.0476115, 0.83428240, 0.86026078, 0.32822219, 0.15651105E-1
0.46252552E-1, 0.62562460E-4, 0.27876024E-2, 0.46086023E-3, 1.2386919, 0.98672837, 1.0183103, 0.38873869, 0.18536896E-1
0.46177007E-1, 0.62572872E-4, 0.27830461E-2, 0.46054472E-3, 1.1513716, 0.91744447, 0.94766206, 0.36198312, 0.17261162E-1
0.46103850E-1, 0.62609339E-4, 0.28084803E-2, 0.46022920E-3, 1.4814606, 1.1808510, 1.2209326, 0.46666494, 0.22253057E-1
0.46035312E-1, 0.62697341E-4, 0.28728028E-2, 0.45991383E-3, 2.4601240, 1.9618876, 2.0314727, 0.77721709, 0.37062179E-1
0.45965582E-1, 0.62770203E-4, 0.29195687E-2, 0.45959916E-3, 2.7108059, 2.1631999, 2.2442946, 0.85973632, 0.40997691E-1
0.45894235E-1, 0.62823245E-4, 0.29483554E-2, 0.45928467E-3, 3.6165810, 2.8882973, 3.0037415, 1.1524748, 0.54958180E-1
0.45821935E-1, 0.62863881E-4, 0.29666743E-2, 0.45897014E-3, 2.6974173, 2.1559839, 2.2476323, 0.86376941, 0.41191332E-1
0.45748990E-1, 0.62895946E-4, 0.29777971E-2, 0.45865565E-3, 2.2117605, 1.7689273, 1.8475975, 0.71093649, 0.33903483E-1
0.45676198E-1, 0.62928229E-4, 0.29880023E-2, 0.45834153E-3, 2.0286796, 1.6233858, 1.6983244, 0.65421677, 0.31198954E-1
0.45603558E-1, 0.62960840E-4, 0.29977786E-2, 0.45802799E-3, 2.3641326, 1.8928835, 1.9835566, 0.76496226, 0.36480710E-1
0.45530882E-1, 0.62991727E-4, 0.30059817E-2, 0.45771443E-3, 2.1839819, 1.7496699, 1.8366646, 0.70916003, 0.33819932E-1
0.45458201E-1, 0.63021034E-4, 0.30130409E-2, 0.45740092E-3, 2.3542438, 1.8871776, 1.9844249, 0.76712912, 0.36584921E-1
0.45385510E-1, 0.63048668E-4, 0.30186102E-2, 0.45708744E-3, 3.1267788, 2.5082076, 2.6428974, 1.0231479, 0.48795369E-1
0.45312401E-1, 0.63070423E-4, 0.30203236E-2, 0.45677469E-3, 3.0192809, 2.4239261, 2.5601151, 0.99274093, 0.47346044E-1
0.45238640E-1, 0.63083375E-4, 0.30154164E-2, 0.45646212E-3, 1.6562036, 1.3304602, 1.4077821, 0.54660761, 0.26069304E-1
0.45165282E-1, 0.63099353E-4, 0.30127054E-2, 0.45614960E-3, 2.4375150, 1.9591438, 2.0761993, 0.80703247, 0.38490165E-1
0.45093257E-1, 0.63128929E-4, 0.30207329E-2, 0.45583703E-3, 2.6953332, 2.1678340, 2.3018801, 0.89602345, 0.42735077E-1
0.45021247E-1, 0.63157422E-4, 0.30275777E-2, 0.45552474E-3, 2.8234823, 2.2725601, 2.4181733, 0.94273096, 0.44963486E-1
0.44949122E-1, 0.63183223E-4, 0.30325258E-2, 0.45521316E-3, 2.3655322, 1.9052953, 2.0314536, 0.79313254, 0.37828989E-1
0.44877417E-1, 0.63212290E-4, 0.30392988E-2, 0.45490160E-3, 2.3748102, 1.9139774, 2.0444136, 0.79926276, 0.38121909E-1
0.44805788E-1, 0.63240936E-4, 0.30456844E-2, 0.45458999E-3, 3.0564644, 2.4651370, 2.6385822, 1.0331374, 0.49277697E-1
0.44733904E-1, 0.63265383E-4, 0.30491541E-2, 0.45427840E-3, 3.0192699, 2.4371350, 2.6147144, 1.0255815, 0.48918247E-1
0.44661492E-1, 0.63282467E-4, 0.30473929E-2, 0.45396748E-3, 2.5344372, 2.0473390, 2.2012646, 0.86482179, 0.41251078E-1
0.44589788E-1, 0.63306070E-4, 0.30502130E-2, 0.45365695E-3, 2.1763976, 1.7592473, 1.8949705, 0.74552447, 0.35561267E-1
0.44518542E-1, 0.63333340E-4, 0.30552836E-2, 0.45334629E-3, 2.6862886, 2.1728337, 2.3447983, 0.92380935, 0.44066064E-1
0.44447269E-1, 0.63359126E-4, 0.30590813E-2, 0.45303570E-3, 2.9731874, 2.4067614, 2.6029112, 1.0272309, 0.49000222E-1
0.44375654E-1, 0.63379535E-4, 0.30593718E-2, 0.45272527E-3, 2.6483374, 2.1454651, 2.3253779, 0.91925973, 0.43850698E-1
0.44303451E-1, 0.63392203E-4, 0.30539534E-2, 0.45241555E-3, 1.6141005, 1.3083981, 1.4204957, 0.56228751, 0.26822740E-1
0.44231087E-1, 0.63401691E-4, 0.30460453E-2, 0.45210595E-3, 1.3975842, 1.1333593, 1.2318776, 0.48807433, 0.23282796E-1
0.44158675E-1, 0.63409221E-4, 0.30363880E-2, 0.45179634E-3, 1.3574795, 1.1012534, 1.1982336, 0.47514510, 0.22666242E-1
0.44086229E-1, 0.63415180E-4, 0.30251690E-2, 0.45148670E-3, 1.2287700, 0.99719512, 1.0860840, 0.43101877, 0.20561427E-1
0.44013709E-1, 0.63418796E-4, 0.30113212E-2, 0.45117756E-3, 1.0295376, 0.83577031, 0.91105014, 0.36180931, 0.17259978E-1
0.43941155E-1, 0.63420921E-4, 0.29957378E-2, 0.45086892E-3, 1.0098908, 0.82005048, 0.89459825, 0.35550004, 0.16959121E-1
0.43868653E-1, 0.63422143E-4, 0.29791528E-2, 0.45056030E-3, 0.98352462, 0.79885954, 0.87213504, 0.34678867, 0.16543662E-1
0.43796223E-1, 0.63422667E-4, 0.29617918E-2, 0.45025168E-3, 1.0097845, 0.82041347, 0.89633662, 0.35663334, 0.17013429E-1
0.43723833E-1, 0.63422536E-4, 0.29436350E-2, 0.44994309E-3, 1.0391488, 0.84450877, 0.92337185, 0.36762515, 0.17537927E-1
0.43651611E-1, 0.63422893E-4, 0.29262635E-2, 0.44963520E-3, 0.69346064, 0.56370908, 0.61676270, 0.24569178, 0.11721049E-1
0.43580208E-1, 0.63431005E-4, 0.29192930E-2, 0.44932749E-3, 0.94571090, 0.76893312, 0.84181100, 0.33551276, 0.16006172E-1
0.43508664E-1, 0.63436142E-4, 0.29085965E-2, 0.44901986E-3, 0.87901652, 0.71488708, 0.78318191, 0.31232667, 0.14900139E-1
0.43437701E-1, 0.63446416E-4, 0.29044065E-2, 0.44871224E-3, 1.0601804, 0.86245382, 0.94552964, 0.37729913, 0.17999904E-1
0.43366425E-1, 0.63451917E-4, 0.28943385E-2, 0.44840475E-3, 0.85231084, 0.69353795, 0.76089388, 0.30380896, 0.14493993E-1
0.43294929E-1, 0.63453605E-4, 0.28792825E-2, 0.44809806E-3, 0.92381048, 0.75190228, 0.82547337, 0.32977998, 0.15733112E-1
0.43223411E-1, 0.63453765E-4, 0.28622353E-2, 0.44779139E-3, 0.88623416, 0.72150064, 0.79263651, 0.31684509, 0.15116112E-1
0.43151952E-1, 0.63453306E-4, 0.28444577E-2, 0.44748472E-3, 0.89098763, 0.72554994, 0.79761875, 0.31901863, 0.15219911E-1
0.43080594E-1, 0.63452695E-4, 0.28265959E-2, 0.44717806E-3, 0.88694578, 0.72243780, 0.79472846, 0.31804457, 0.15173534E-1
0.43009341E-1, 0.63451946E-4, 0.28086901E-2, 0.44687185E-3, 0.88021040, 0.71712893, 0.78941321, 0.31609771, 0.15080755E-1
0.42938199E-1, 0.63451051E-4, 0.27907540E-2, 0.44656618E-3, 0.86750460, 0.70695055, 0.77872205, 0.31199348, 0.14885047E-1
0.42867161E-1, 0.63450039E-4, 0.27727610E-2, 0.44626047E-3, 0.97679400, 0.79621780, 0.87765807, 0.35184130, 0.16786283E-1
0.42796731E-1, 0.63454361E-4, 0.27621698E-2, 0.44595476E-3, 0.90003282, 0.73384267, 0.80948353, 0.32471126, 0.15492028E-1
0.42726438E-1, 0.63458698E-4, 0.27517490E-2, 0.44564909E-3, 0.76262170, 0.62195015, 0.68648750, 0.27552381, 0.13145370E-1
0.42656966E-1, 0.63470849E-4, 0.27519669E-2, 0.44534419E-3, 0.76698279, 0.62564111, 0.69095790, 0.27745700, 0.13237680E-1
0.42586576E-1, 0.63471736E-4, 0.27368725E-2, 0.44503945E-3, 0.57276112, 0.46729913, 0.51634294, 0.20743158, 0.98967664E-2
0.42516071E-1, 0.63470194E-4, 0.27185606E-2, 0.44473470E-3, 0.60364014, 0.49257240, 0.54450256, 0.21882850, 0.10440573E-1
0.42445861E-1, 0.63470448E-4, 0.27029489E-2, 0.44442998E-3, 0.66524333, 0.54293644, 0.60045731, 0.24141650, 0.11518335E-1
0.42375606E-1, 0.63469044E-4, 0.26850859E-2, 0.44412550E-3, 0.65723580, 0.53650016, 0.59362954, 0.23877546, 0.11392385E-1
0.42305443E-1, 0.63467334E-4, 0.26668985E-2, 0.44382171E-3, 0.73587489, 0.60080951, 0.66512930, 0.26765731, 0.12770453E-1
0.42235382E-1, 0.63465530E-4, 0.26487620E-2, 0.44351796E-3, 0.65009844, 0.53088099, 0.58802003, 0.23673697, 0.11295245E-1
0.42165443E-1, 0.63463682E-4, 0.26306980E-2, 0.44321420E-3, 0.72732216, 0.59405768, 0.65833229, 0.26516554, 0.12651705E-1
0.42096082E-1, 0.63466941E-4, 0.26197594E-2, 0.44291047E-3, 0.66795272, 0.54567403, 0.60503036, 0.24381042, 0.11632866E-1
0.42029545E-1, 0.63499174E-4, 0.26464069E-2, 0.44260721E-3, 0.84527677, 0.69068414, 0.76624894, 0.30893263, 0.14740114E-1
0.41964244E-1, 0.63543514E-4, 0.26872915E-2, 0.44230436E-3, 1.1020151, 0.90071595, 0.99999225, 0.40343291, 0.19249151E-1
0.41900340E-1, 0.63601532E-4, 0.27401869E-2, 0.44200168E-3, 1.5179690, 1.2411565, 1.3793377, 0.55696064, 0.26574751E-1
0.41835845E-1, 0.63651954E-4, 0.27822678E-2, 0.44169885E-3, 1.6007602, 1.3094412, 1.4569808, 0.58892995, 0.28100481E-1
0.41769832E-1, 0.63685133E-4, 0.28051224E-2, 0.44139617E-3, 1.3994036, 1.1452293, 1.2757481, 0.51619816, 0.24630420E-1
0.41702442E-1, 0.63702253E-4, 0.28103043E-2, 0.44109413E-3, 1.1014110, 0.90169203, 1.0054322, 0.40717158, 0.19428408E-1
0.41634630E-1, 0.63713727E-4, 0.28087879E-2, 0.44079236E-3, 1.0710108, 0.87708020, 0.97880101, 0.39668047, 0.18927984E-1
0.41566707E-1, 0.63722779E-4, 0.28042670E-2, 0.44049061E-3, 0.91296470, 0.74786872, 0.83524102, 0.33873186, 0.16163036E-1
0.41498855E-1, 0.63731335E-4, 0.27991654E-2, 0.44018877E-3, 0.81695610, 0.66938913, 0.74808419, 0.30356604, 0.14485162E-1
0.41430734E-1, 0.63735810E-4, 0.27889048E-2, 0.43988702E-3, 0.74095815, 0.60725516, 0.67904514, 0.27569878, 0.13155513E-1
0.41362546E-1, 0.63738487E-4, 0.27762488E-2, 0.43958606E-3, 0.60145432, 0.49301952, 0.55158246, 0.22405227, 0.10691153E-1
0.41294336E-1, 0.63739652E-4, 0.27615582E-2, 0.43928533E-3, 0.55808991, 0.45754856, 0.51211709, 0.20810497, 0.99302400E-2
0.41226115E-1, 0.63739535E-4, 0.27451711E-2, 0.43898448E-3, 0.54884595, 0.45004088, 0.50391918, 0.20485236, 0.97750751E-2
0.41157950E-1, 0.63738829E-4, 0.27280883E-2, 0.43868372E-3, 0.57639605, 0.47270706, 0.52951807, 0.21534279, 0.10275702E-1
0.41089889E-1, 0.63738065E-4, 0.27110267E-2, 0.43838314E-3, 0.61171848, 0.50176030, 0.56231081, 0.22877334, 0.10916631E-1
0.41021947E-1, 0.63737149E-4, 0.26939267E-2, 0.43808331E-3, 0.58926821, 0.48342898, 0.54200947, 0.22060640, 0.10526975E-1
0.40954091E-1, 0.63736086E-4, 0.26767473E-2, 0.43778343E-3, 0.55794042, 0.45780361, 0.51349801, 0.20908606, 0.99772867E-2
0.40886335E-1, 0.63734886E-4, 0.26594803E-2, 0.43748366E-3, 0.49565405, 0.40675801, 0.45642126, 0.18591489, 0.88716298E-2
0.40818684E-1, 0.63733547E-4, 0.26421342E-2, 0.43718380E-3, 0.31470954, 0.25829604, 0.28991848, 0.11812719, 0.56369044E-2
0.40751159E-1, 0.63732426E-4, 0.26252449E-2, 0.43688444E-3, 0.31659529, 0.25986621, 0.29174435, 0.11889739, 0.56736730E-2
0.40683679E-1, 0.63730498E-4, 0.26072967E-2, 0.43658560E-3, 0.50428003, 0.41396704, 0.46488175, 0.18951115, 0.90433257E-2
0.40616300E-1, 0.63728570E-4, 0.25894991E-2, 0.43628673E-3, 0.56805742, 0.46639380, 0.52396226, 0.21367572, 0.10196483E-1
0.40549044E-1, 0.63726642E-4, 0.25718098E-2, 0.43598789E-3, 0.59224850, 0.48633650, 0.54660094, 0.22299875, 0.10641424E-1
0.40481888E-1, 0.63724692E-4, 0.25542369E-2, 0.43568909E-3, 0.64219481, 0.52744496, 0.59307647, 0.24206491, 0.11551310E-1
0.40414840E-1, 0.63722706E-4, 0.25367362E-2, 0.43539086E-3, 0.55899626, 0.45919332, 0.51656586, 0.21092755, 0.10065490E-1
0.40347897E-1, 0.63720654E-4, 0.25192727E-2, 0.43509301E-3, 0.52679855, 0.43281177, 0.48708373, 0.19896589, 0.94947200E-2
0.40281069E-1, 0.63718500E-4, 0.25018298E-2, 0.43479513E-3, 0.53583169, 0.44030035, 0.49570447, 0.20256338, 0.96664354E-2
0.40214345E-1, 0.63716332E-4, 0.24844506E-2, 0.43449725E-3, 0.52827877, 0.43416074, 0.48898497, 0.19989328, 0.95390594E-2
0.40147718E-1, 0.63714149E-4, 0.24671899E-2, 0.43419949E-3, 0.53359348, 0.43859601, 0.49417442, 0.20209143, 0.96439961E-2
0.40081210E-1, 0.63711923E-4, 0.24500187E-2, 0.43390240E-3, 0.50271177, 0.41327411, 0.46582207, 0.19056736, 0.90940967E-2
0.40014796E-1, 0.63709653E-4, 0.24329112E-2, 0.43360551E-3, 0.45742187, 0.37609386, 0.42406425, 0.17354420, 0.82817674E-2
0.39948501E-1, 0.63707354E-4, 0.24158538E-2, 0.43330865E-3, 0.37891808, 0.31158546, 0.35143510, 0.14386494, 0.68654558E-2
0.39882306E-1, 0.63704952E-4, 0.23988239E-2, 0.43301177E-3, 0.39051244, 0.32115448, 0.36232728, 0.14836459, 0.70802080E-2
0.39816689E-1, 0.63707441E-4, 0.23888412E-2, 0.43271499E-3, 0.37970987, 0.31230476, 0.35244054, 0.14435644, 0.68889544E-2
0.39752889E-1, 0.63727428E-4, 0.24036155E-2, 0.43241898E-3, 0.42788756, 0.35197067, 0.39731976, 0.16278565, 0.77684578E-2
0.39689787E-1, 0.63753600E-4, 0.24261835E-2, 0.43212308E-3, 0.47409770, 0.39003247, 0.44043028, 0.18050689, 0.86141843E-2
0.39626759E-1, 0.63779284E-4, 0.24475739E-2, 0.43182721E-3, 0.47503257, 0.39085504, 0.44151261, 0.18101233, 0.86383391E-2
0.39564520E-1, 0.63812149E-4, 0.24757253E-2, 0.43153131E-3, 0.69375390, 0.57091475, 0.64518756, 0.26462603, 0.12628650E-1
0.39505091E-1, 0.63872554E-4, 0.25278309E-2, 0.43123565E-3, 1.0789237, 0.88811713, 1.0043333, 0.41219264, 0.19671069E-1
0.39445810E-1, 0.63933454E-4, 0.25735754E-2, 0.43094065E-3, 1.1109483, 0.91477907, 1.0353636, 0.42526567, 0.20295147E-1
0.39384916E-1, 0.63976709E-4, 0.26009961E-2, 0.43064571E-3, 1.4463662, 1.1914251, 1.3498105, 0.55493343, 0.26483642E-1
0.39323185E-1, 0.64010397E-4, 0.26191114E-2, 0.43035077E-3, 1.3575323, 1.1187267, 1.2688451, 0.52218330, 0.24920991E-1
0.39260883E-1, 0.64037158E-4, 0.26308279E-2, 0.43005589E-3, 1.3795432, 1.1373373, 1.2913336, 0.53197128, 0.25388423E-1
0.39197989E-1, 0.64056760E-4, 0.26366040E-2, 0.42976130E-3, 1.2312772, 1.0155060, 1.1541879, 0.47593188, 0.22714207E-1
0.39134614E-1, 0.64070366E-4, 0.26371921E-2, 0.42946741E-3, 1.0341816, 0.85324478, 0.97062808, 0.40057802, 0.19118082E-1
0.39070971E-1, 0.64080261E-4, 0.26342419E-2, 0.42917344E-3, 0.80502909, 0.66437101, 0.75631356, 0.31234595, 0.14907228E-1
0.39007228E-1, 0.64088017E-4, 0.26291450E-2, 0.42887946E-3, 0.79860067, 0.65922534, 0.75091672, 0.31030220, 0.14809796E-1
0.38943473E-1, 0.64094544E-4, 0.26227280E-2, 0.42858557E-3, 0.66406298, 0.54828900, 0.62490153, 0.25837079, 0.12331347E-1
0.38879775E-1, 0.64100561E-4, 0.26158514E-2, 0.42829209E-3, 0.61879671, 0.51101309, 0.58270043, 0.24103825, 0.11504183E-1
0.38816176E-1, 0.64106411E-4, 0.26089163E-2, 0.42799910E-3, 0.68718553, 0.56760019, 0.64754421, 0.26799169, 0.12790683E-1
0.38752623E-1, 0.64111722E-4, 0.26014177E-2, 0.42770608E-3, 0.60942298, 0.50346905, 0.57466424, 0.23794621, 0.11356742E-1
0.38689096E-1, 0.64116233E-4, 0.25929813E-2, 0.42741321E-3, 0.58717388, 0.48517489, 0.55403256, 0.22950661, 0.10953995E-1
0.38625561E-1, 0.64119580E-4, 0.25830707E-2, 0.42712028E-3, 0.47425309, 0.39193228, 0.44773626, 0.18554859, 0.88559939E-2
0.38562849E-1, 0.64130181E-4, 0.25810269E-2, 0.42682787E-3, 0.87834787, 0.72602981, 0.82982177, 0.34406370, 0.16421819E-1
0.38502779E-1, 0.64166241E-4, 0.26040610E-2, 0.42653587E-3, 1.2234430, 1.0116069, 1.1571726, 0.48017162, 0.22918344E-1
0.38442437E-1, 0.64198532E-4, 0.26207878E-2, 0.42624390E-3, 1.1061922, 0.91498792, 1.0476094, 0.43509421, 0.20767044E-1
0.38381532E-1, 0.64224230E-4, 0.26306454E-2, 0.42595193E-3, 1.1286275, 0.93386781, 1.0701617, 0.44483989, 0.21232430E-1
0.38320404E-1, 0.64246509E-4, 0.26369593E-2, 0.42565996E-3, 1.1181059, 0.92548376, 1.0614896, 0.44161493, 0.21078724E-1
0.38259219E-1, 0.64267304E-4, 0.26417475E-2, 0.42536866E-3, 1.2668707, 1.0490080, 1.2042921, 0.50148374, 0.23936598E-1
0.38198113E-1, 0.64287684E-4, 0.26462513E-2, 0.42507763E-3, 1.5454504, 1.2802398, 1.4713793, 0.61336350, 0.29277183E-1
0.38136944E-1, 0.64306572E-4, 0.26495855E-2, 0.42478667E-3, 1.4715086, 1.2195673, 1.4033337, 0.58568442, 0.27956415E-1
0.38075510E-1, 0.64321648E-4, 0.26494679E-2, 0.42449561E-3, 0.94089901, 0.78010315, 0.89851499, 0.37535328, 0.17916916E-1
0.38013630E-1, 0.64331274E-4, 0.26439074E-2, 0.42420471E-3, 0.61397171, 0.50916994, 0.58681285, 0.24529047, 0.11708658E-1
0.37951410E-1, 0.64336491E-4, 0.26338599E-2, 0.42391440E-3, 0.51753175, 0.42926636, 0.49493703, 0.20697793, 0.98799085E-2
0.37889369E-1, 0.64342406E-4, 0.26252868E-2, 0.42362438E-3, 0.56970817, 0.47262251, 0.54514897, 0.22807305, 0.10886923E-1
0.37827604E-1, 0.64350046E-4, 0.26195322E-2, 0.42333434E-3, 0.53948659, 0.44762737, 0.51653522, 0.21619640, 0.10320058E-1
0.37765760E-1, 0.64355831E-4, 0.26119128E-2, 0.42304429E-3, 0.39062595, 0.32415956, 0.37419128, 0.15667590, 0.74789026E-2
0.37703790E-1, 0.64359367E-4, 0.26016105E-2, 0.42275435E-3, 0.32602805, 0.27058214, 0.31242555, 0.13085136, 0.62461933E-2
0.37641931E-1, 0.64363012E-4, 0.25917445E-2, 0.42246515E-3, 0.35415173, 0.29395244, 0.33949196, 0.14222546, 0.67891572E-2
0.37580285E-1, 0.64367719E-4, 0.25836322E-2, 0.42217609E-3, 0.36358446, 0.30181408, 0.34866214, 0.14610858, 0.69745425E-2
0.37518755E-1, 0.64372449E-4, 0.25758296E-2, 0.42188703E-3, 0.33456731, 0.27775577, 0.32095042, 0.13453311, 0.64220051E-2
0.37457224E-1, 0.64376269E-4, 0.25669483E-2, 0.42159800E-3, 0.28851923, 0.23954909, 0.27686346, 0.11608189, 0.55412441E-2
0.37395678E-1, 0.64378990E-4, 0.25566148E-2, 0.42130909E-3, 0.22274312, 0.18495081, 0.21379830, 0.89658558E-1, 0.42799190E-2
0.37334189E-1, 0.64381195E-4, 0.25456131E-2, 0.42102076E-3, 0.22792982, 0.18926956, 0.21882343, 0.91782242E-1, 0.43813055E-2
0.37272718E-1, 0.64382606E-4, 0.25335466E-2, 0.42073271E-3, 0.19076012, 0.15841378, 0.18317501, 0.76842867E-1, 0.36681695E-2
0.37211318E-1, 0.64383676E-4, 0.25210828E-2, 0.42044464E-3, 0.21582107, 0.17923535, 0.20727834, 0.86968325E-1, 0.41515264E-2
0.37150025E-1, 0.64384723E-4, 0.25087106E-2, 0.42015660E-3, 0.20387609, 0.16932525, 0.19584468, 0.82184806E-1, 0.39231880E-2
0.37089568E-1, 0.64393011E-4, 0.25067534E-2, 0.41986862E-3, 0.32227105, 0.26767600, 0.30965462, 0.12997127, 0.62043471E-2
0.37029896E-1, 0.64407883E-4, 0.25138455E-2, 0.41958137E-3, 0.28845301, 0.23960866, 0.27724603, 0.11639673, 0.55563664E-2
0.36969554E-1, 0.64415362E-4, 0.25107947E-2, 0.41929429E-3, 0.20143452, 0.16733700, 0.19365448, 0.81318252E-1, 0.38818540E-2
0.36908783E-1, 0.64417611E-4, 0.25003075E-2, 0.41900721E-3, 0.18767837, 0.15591782, 0.18046190, 0.75790212E-1, 0.36179731E-2
0.36848083E-1, 0.64419510E-4, 0.24894536E-2, 0.41872013E-3, 0.19773185, 0.16427876, 0.19016257, 0.79876535E-1, 0.38130500E-2
0.36787584E-1, 0.64422406E-4, 0.24802773E-2, 0.41843316E-3, 0.21529426, 0.17888032, 0.20709276, 0.87002210E-1, 0.41532163E-2
0.36727104E-1, 0.64424574E-4, 0.24700533E-2, 0.41814690E-3, 0.18908830, 0.15711558, 0.18191928, 0.76438844E-1, 0.36489621E-2
0.36666647E-1, 0.64425934E-4, 0.24586862E-2, 0.41786087E-3, 0.18710467, 0.15547551, 0.18004201, 0.75661398E-1, 0.36118573E-2
0.36606196E-1, 0.64426305E-4, 0.24458782E-2, 0.41757466E-3, 0.17819354, 0.14807829, 0.17149584, 0.72080404E-1, 0.34409196E-2
0.36545768E-1, 0.64426058E-4, 0.24321619E-2, 0.41728865E-3, 0.17250280, 0.14335623, 0.16604528, 0.69799237E-1, 0.33320305E-2
0.36485441E-1, 0.64425622E-4, 0.24182794E-2, 0.41700251E-3, 0.17914778, 0.14888561, 0.17246886, 0.72509609E-1, 0.34614243E-2
0.36425218E-1, 0.64425294E-4, 0.24046835E-2, 0.41671723E-3, 0.18040742, 0.14993992, 0.17370999, 0.73041879E-1, 0.34868421E-2
0.36365110E-1, 0.64425119E-4, 0.23914655E-2, 0.41643216E-3, 0.18571112, 0.15435579, 0.17884688, 0.75212836E-1, 0.35904862E-2
0.36305085E-1, 0.64424778E-4, 0.23780409E-2, 0.41614714E-3, 0.17967533, 0.14934660, 0.17306307, 0.72791129E-1, 0.34748875E-2
0.36245123E-1, 0.64424035E-4, 0.23641251E-2, 0.41586204E-3, 0.16018364, 0.13315126, 0.15431227, 0.64913280E-1, 0.30988234E-2
0.36185209E-1, 0.64422988E-4, 0.23497804E-2, 0.41557697E-3, 0.16014335, 0.13312353, 0.15429518, 0.64914376E-1, 0.30988825E-2
0.36125403E-1, 0.64421940E-4, 0.23355854E-2, 0.41529263E-3, 0.16018111, 0.13316071, 0.15435348, 0.64947195E-1, 0.31004567E-2
0.36065731E-1, 0.64421263E-4, 0.23220959E-2, 0.41500843E-3, 0.19378011, 0.16109994, 0.18676020, 0.78594051E-1, 0.37519392E-2
0.36006171E-1, 0.64420667E-4, 0.23088511E-2, 0.41472429E-3, 0.19529007, 0.16236417, 0.18824953, 0.79233147E-1, 0.37824574E-2
0.35946693E-1, 0.64419903E-4, 0.22954454E-2, 0.41444020E-3, 0.19697757, 0.16377620, 0.18991107, 0.79945020E-1, 0.38164498E-2
0.35887327E-1, 0.64419139E-4, 0.22821336E-2, 0.41415612E-3, 0.24749681, 0.20579320, 0.23866823, 0.10048758, 0.47971308E-2
0.35828047E-1, 0.64418411E-4, 0.22689844E-2, 0.41387277E-3, 0.26014689, 0.21632773, 0.25092942, 0.10567139, 0.50446121E-2
0.35768840E-1, 0.64417502E-4, 0.22556377E-2, 0.41358962E-3, 0.24147189, 0.20081311, 0.23297377, 0.98129764E-1, 0.46845991E-2
0.35709716E-1, 0.64416388E-4, 0.22420848E-2, 0.41330644E-3, 0.19885512, 0.16538273, 0.19189814, 0.80842972E-1, 0.38593567E-2
0.35650771E-1, 0.64415974E-4, 0.22297218E-2, 0.41302328E-3, 0.20306441, 0.16889311, 0.19599693, 0.82583070E-1, 0.39424351E-2
0.35593703E-1, 0.64432483E-4, 0.22433654E-2, 0.41274025E-3, 0.32328558, 0.26890433, 0.31211475, 0.13153687, 0.62794569E-2
0.35538774E-1, 0.64468346E-4, 0.22840060E-2, 0.41245783E-3, 0.43162233, 0.35905829, 0.41687039, 0.17573795, 0.83896127E-2
0.35486434E-1, 0.64527856E-4, 0.23513467E-2, 0.41217564E-3, 0.58527106, 0.48695228, 0.56557417, 0.23852365, 0.11387019E-1
0.35434708E-1, 0.64592241E-4, 0.24206284E-2, 0.41189344E-3, 0.83478826, 0.69470817, 0.80731499, 0.34066877, 0.16263507E-1
0.35382014E-1, 0.64646694E-4, 0.24753551E-2, 0.41161125E-3, 0.87404186, 0.72757280, 0.84607428, 0.35727119, 0.17056262E-1
0.35326801E-1, 0.64676387E-4, 0.25004405E-2, 0.41132909E-3, 0.49033412, 0.40825513, 0.47500435, 0.20069264, 0.95812120E-2
0.35269633E-1, 0.64686748E-4, 0.25002686E-2, 0.41104763E-3, 0.29427189, 0.24504240, 0.28519043, 0.12053388, 0.57543986E-2
0.35211816E-1, 0.64690073E-4, 0.24908248E-2, 0.41076646E-3, 0.25922289, 0.21587475, 0.25129303, 0.10623144, 0.50716009E-2
0.35154130E-1, 0.64693733E-4, 0.24822461E-2, 0.41048523E-3, 0.34222201, 0.28501970, 0.33185267, 0.14032118, 0.66990978E-2
0.35096597E-1, 0.64697924E-4, 0.24747795E-2, 0.41020403E-3, 0.32298717, 0.26902708, 0.31330764, 0.13251558, 0.63264705E-2
0.35039198E-1, 0.64702392E-4, 0.24681017E-2, 0.40992285E-3, 0.31488919, 0.26230741, 0.30555245, 0.12926920, 0.61715059E-2
0.34981798E-1, 0.64705950E-4, 0.24603065E-2, 0.40964232E-3, 0.31521946, 0.26260769, 0.30597225, 0.12948035, 0.61816070E-2
0.34924462E-1, 0.64709282E-4, 0.24523286E-2, 0.40936208E-3, 0.38605615, 0.32165551, 0.37486589, 0.15867971, 0.75756600E-2
0.34867167E-1, 0.64712061E-4, 0.24436030E-2, 0.40908184E-3, 0.31953710, 0.26626197, 0.31039008, 0.13142569, 0.62745246E-2
0.34809839E-1, 0.64713568E-4, 0.24328923E-2, 0.40880163E-3, 0.25103065, 0.20919535, 0.24391551, 0.10330327, 0.49319188E-2
0.34752391E-1, 0.64713167E-4, 0.24191639E-2, 0.40852142E-3, 0.16169232, 0.13475378, 0.15714096, 0.66563882E-1, 0.31779099E-2
0.34694970E-1, 0.64712134E-4, 0.24045336E-2, 0.40824176E-3, 0.20671110, 0.17228121, 0.20092669, 0.85123986E-1, 0.40640198E-2
0.34637664E-1, 0.64711152E-4, 0.23901083E-2, 0.40796254E-3, 0.18931808, 0.15779422, 0.18405527, 0.77989034E-1, 0.37233897E-2
0.34580383E-1, 0.64709668E-4, 0.23749752E-2, 0.40768331E-3, 0.20132203, 0.16780861, 0.19576095, 0.82962178E-1, 0.39608288E-2
0.34523156E-1, 0.64707776E-4, 0.23593158E-2, 0.40740403E-3, 0.20040856, 0.16705689, 0.19490990, 0.82615115E-1, 0.39442694E-2
0.34466017E-1, 0.64705826E-4, 0.23436840E-2, 0.40712481E-3, 0.22424416, 0.18693721, 0.21813573, 0.92475697E-1, 0.44150515E-2
0.34409020E-1, 0.64704363E-4, 0.23289782E-2, 0.40684603E-3, 0.26505315, 0.22097296, 0.25789580, 0.10935344, 0.52208574E-2
0.34352168E-1, 0.64703294E-4, 0.23150474E-2, 0.40656776E-3, 0.30355251, 0.25309131, 0.29544079, 0.12530266, 0.59823394E-2
0.34295425E-1, 0.64702363E-4, 0.23014427E-2, 0.40628950E-3, 0.32588032, 0.27173343, 0.31727424, 0.13459748, 0.64261244E-2
0.34238771E-1, 0.64701344E-4, 0.22878326E-2, 0.40601124E-3, 0.25534648, 0.21293834, 0.24867848, 0.10552283, 0.50380207E-2
0.34182474E-1, 0.64702574E-4, 0.22779750E-2, 0.40573298E-3, 0.26057610, 0.21731617, 0.25383717, 0.10773484, 0.51436452E-2
0.34127098E-1, 0.64711625E-4, 0.22806555E-2, 0.40545507E-3, 0.30185470, 0.25176311, 0.29413185, 0.12486594, 0.59615602E-2
0.34072664E-1, 0.64728483E-4, 0.22949823E-2, 0.40517774E-3, 0.34279633, 0.28593895, 0.33413783, 0.14188717, 0.67742425E-2
0.34018110E-1, 0.64743333E-4, 0.23063384E-2, 0.40490046E-3, 0.36776671, 0.30680129, 0.35861075, 0.15232401, 0.72725667E-2
0.33963054E-1, 0.64752829E-4, 0.23096304E-2, 0.40462316E-3, 0.31830883, 0.26557043, 0.31049582, 0.13192430, 0.62986282E-2
0.33907615E-1, 0.64758002E-4, 0.23061626E-2, 0.40434589E-3, 0.35269979, 0.29429358, 0.34416187, 0.14626898, 0.69835288E-2
0.33851992E-1, 0.64760461E-4, 0.22983141E-2, 0.40406879E-3, 0.28636166, 0.23896457, 0.27952325, 0.11882938, 0.56734597E-2
0.33796251E-1, 0.64761065E-4, 0.22874847E-2, 0.40379248E-3, 0.30409154, 0.25378257, 0.29691920, 0.12625562, 0.60280398E-2
0.33740479E-1, 0.64760476E-4, 0.22747752E-2, 0.40351617E-3, 0.29834497, 0.24900964, 0.29139864, 0.12393938, 0.59174681E-2
0.33684723E-1, 0.64759319E-4, 0.22611683E-2, 0.40323989E-3, 0.29465234, 0.24595003, 0.28787985, 0.12247311, 0.58474797E-2
0.33629030E-1, 0.64757871E-4, 0.22471661E-2, 0.40296355E-3, 0.20518385, 0.17128253, 0.20051837, 0.85324734E-1, 0.40738410E-2
0.33573393E-1, 0.64755957E-4, 0.22324626E-2, 0.40268729E-3, 0.22722739, 0.18969584, 0.22210687, 0.94527960E-1, 0.45132614E-2
0.33517819E-1, 0.64753774E-4, 0.22174199E-2, 0.40241185E-3, 0.23802078, 0.19872016, 0.23271038, 0.99059895E-1, 0.47296546E-2
0.33468161E-1, 0.64751650E-4, 0.22026142E-2, 0.40213653E-3, 0.26745582, 0.22331214, 0.26155540, 0.11136212, 0.53170440E-2
0.33424903E-1, 0.64749540E-4, 0.21879405E-2, 0.40186121E-3, 0.33088869, 0.27630043, 0.32368720, 0.13784999, 0.65817442E-2
0.33381719E-1, 0.64747452E-4, 0.21734559E-2, 0.40158589E-3, 0.34812826, 0.29072663, 0.34067327, 0.14512527, 0.69291340E-2
0.33338610E-1, 0.64745320E-4, 0.21589808E-2, 0.40131062E-3, 0.33139214, 0.27677926, 0.32441115, 0.13823704, 0.66002742E-2
0.33295531E-1, 0.64743093E-4, 0.21444040E-2, 0.40103597E-3, 0.30705884, 0.25648150, 0.30069086, 0.12816390, 0.61193439E-2
0.33252519E-1, 0.64740707E-4, 0.21297289E-2, 0.40076164E-3, 0.29659975, 0.24776816, 0.29053926, 0.12386837, 0.59142681E-2
0.33209581E-1, 0.64738291E-4, 0.21150517E-2, 0.40048733E-3, 0.30285347, 0.25301567, 0.29675722, 0.12655126, 0.60423878E-2
0.33166714E-1, 0.64735868E-4, 0.21005007E-2, 0.40021294E-3, 0.31249875, 0.26109844, 0.30630615, 0.13065718, 0.62384526E-2
0.33123910E-1, 0.64733351E-4, 0.20859351E-2, 0.39993864E-3, 0.26172307, 0.21869391, 0.25661305, 0.10948686, 0.52276566E-2
0.33081159E-1, 0.64730732E-4, 0.20712996E-2, 0.39966486E-3, 0.24465072, 0.20444423, 0.23993585, 0.10239326, 0.48889751E-2
0.33038460E-1, 0.64728061E-4, 0.20566690E-2, 0.39939146E-3, 0.25786221, 0.21550079, 0.25295666, 0.10797268, 0.51553901E-2
0.32995827E-1, 0.64725391E-4, 0.20421641E-2, 0.39911811E-3, 0.31423426, 0.26263487, 0.30834585, 0.13164648, 0.62857694E-2
0.32953270E-1, 0.64722750E-4, 0.20277842E-2, 0.39884474E-3, 0.34049800, 0.28461492, 0.33423179, 0.14273772, 0.68153720E-2
0.32910794E-1, 0.64720080E-4, 0.20135299E-2, 0.39857137E-3, 0.34195194, 0.28586093, 0.33578029, 0.14344053, 0.68489574E-2
0.32868389E-1, 0.64717380E-4, 0.19992755E-2, 0.39829841E-3, 0.31679285, 0.26485616, 0.31118351, 0.13297041, 0.63490565E-2
0.32826055E-1, 0.64714637E-4, 0.19850673E-2, 0.39802599E-3, 0.34842101, 0.29132938, 0.34237164, 0.14633852, 0.69873813E-2
0.32783780E-1, 0.64711843E-4, 0.19708581E-2, 0.39775358E-3, 0.35518241, 0.29701558, 0.34914470, 0.14927775, 0.71277521E-2
0.32741562E-1, 0.64708976E-4, 0.19566484E-2, 0.39748120E-3, 0.35582846, 0.29758906, 0.34991169, 0.14965081, 0.71455943E-2
0.32699402E-1, 0.64706088E-4, 0.19424957E-2, 0.39720879E-3, 0.32972172, 0.27578536, 0.32435769, 0.13876256, 0.66257240E-2
0.32657322E-1, 0.64703199E-4, 0.19284419E-2, 0.39693661E-3, 0.29847944, 0.24967837, 0.29372117, 0.12568986, 0.60015414E-2
0.32615304E-1, 0.64700296E-4, 0.19145150E-2, 0.39666513E-3, 0.42544305, 0.35592371, 0.41881952, 0.17927670, 0.85602812E-2
0.32573361E-1, 0.64697386E-4, 0.19006853E-2, 0.39639371E-3, 0.37696758, 0.31541011, 0.37126046, 0.15897383, 0.75908746E-2
0.32531496E-1, 0.64694475E-4, 0.18869118E-2, 0.39612231E-3, 0.24705622, 0.20673345, 0.24339737, 0.10425115, 0.49779271E-2
0.32489687E-1, 0.64691565E-4, 0.18732199E-2, 0.39585089E-3, 0.26203641, 0.21928576, 0.25822267, 0.11062513, 0.52822940E-2
0.32447957E-1, 0.64688626E-4, 0.18596041E-2, 0.39557955E-3, 0.22666362, 0.18969819, 0.22342043, 0.95735595E-1, 0.45713391E-2
0.32406285E-1, 0.64685650E-4, 0.18460497E-2, 0.39530889E-3, 0.27942231, 0.23387080, 0.27549458, 0.11807475, 0.56380401E-2
0.32364685E-1, 0.64682674E-4, 0.18325971E-2, 0.39503846E-3, 0.28398192, 0.23770802, 0.28007212, 0.12006571, 0.57331254E-2
0.32323144E-1, 0.64679698E-4, 0.18192424E-2, 0.39476805E-3, 0.34559441, 0.28930920, 0.34094763, 0.14620174, 0.69811428E-2
0.32281682E-1, 0.64676708E-4, 0.18059836E-2, 0.39449762E-3, 0.36957723, 0.30942112, 0.36474675, 0.15645489, 0.74707605E-2
0.32240283E-1, 0.64673710E-4, 0.17928137E-2, 0.39422722E-3, 0.36538148, 0.30594435, 0.36074850, 0.15478900, 0.73912446E-2
0.32192640E-1, 0.64670676E-4, 0.17797280E-2, 0.39395731E-3, 0.26490784, 0.22183734, 0.26163736, 0.11229363, 0.53620897E-2
0.32139260E-1, 0.64667642E-4, 0.17667298E-2, 0.39368786E-3, 0.28337482, 0.23732209, 0.27995592, 0.12018421, 0.57388865E-2
0.32085970E-1, 0.64664586E-4, 0.17538269E-2, 0.39341833E-3, 0.28312045, 0.23713005, 0.27978703, 0.12014107, 0.57368451E-2
0.32032765E-1, 0.64661537E-4, 0.17410256E-2, 0.39314895E-3, 0.38193035, 0.31992263, 0.37756521, 0.16217321, 0.77439491E-2
0.31979650E-1, 0.64658489E-4, 0.17283127E-2, 0.39287953E-3, 0.45793796, 0.38364169, 0.45290893, 0.19460501, 0.92926472E-2
0.31926621E-1, 0.64655447E-4, 0.17156692E-2, 0.39261044E-3, 0.29461154, 0.24684398, 0.29149708, 0.12529145, 0.59828609E-2
0.31874709E-1, 0.64661392E-4, 0.17156653E-2, 0.39234172E-3, 0.53656024, 0.44962242, 0.53112030, 0.22836702, 0.10904931E-1
0.31832092E-1, 0.64747903E-4, 0.18168968E-2, 0.39207336E-3, 0.78446257, 0.65750170, 0.77708745, 0.33431694, 0.15964352E-1
0.31788975E-1, 0.64829415E-4, 0.19032923E-2, 0.39180499E-3, 0.72349560, 0.60655451, 0.71730727, 0.30880108, 0.14746048E-1
0.31742387E-1, 0.64879787E-4, 0.19521902E-2, 0.39153636E-3, 0.73696822, 0.61799967, 0.73126775, 0.31501147, 0.15042734E-1
0.31694204E-1, 0.64915570E-4, 0.19835578E-2, 0.39126797E-3, 0.78276098, 0.65656644, 0.77737486, 0.33509535, 0.16001940E-1
0.31644985E-1, 0.64941640E-4, 0.20032204E-2, 0.39100030E-3, 0.81872511, 0.68691671, 0.81383193, 0.35105640, 0.16764294E-1
0.31595200E-1, 0.64962049E-4, 0.20160973E-2, 0.39073284E-3, 0.82999384, 0.69656408, 0.82580864, 0.35648051, 0.17023489E-1
0.31545188E-1, 0.64979686E-4, 0.20256357E-2, 0.39046531E-3, 0.90549898, 0.76015282, 0.90182525, 0.38959187, 0.18604893E-1
0.31495120E-1, 0.64996129E-4, 0.20337249E-2, 0.39019785E-3, 1.0078050, 0.84631062, 1.0048172, 0.43445081, 0.20747365E-1
0.31444933E-1, 0.65010798E-4, 0.20396973E-2, 0.38993036E-3, 1.0853728, 0.91177261, 1.0834600, 0.46888706, 0.22392165E-1
0.31394675E-1, 0.65024054E-4, 0.20439515E-2, 0.38966350E-3, 1.3627110, 1.1452278, 1.3622293, 0.59016716, 0.28184427E-1
0.31344533E-1, 0.65037610E-4, 0.20486566E-2, 0.38939697E-3, 1.3883497, 1.1673268, 1.3900893, 0.60297799, 0.28796706E-1
0.31294517E-1, 0.65051521E-4, 0.20537421E-2, 0.38913047E-3, 1.3568779, 1.1414055, 1.3607593, 0.59098285, 0.28224317E-1
0.31244338E-1, 0.65063272E-4, 0.20561921E-2, 0.38886396E-3, 1.3313868, 1.1204796, 1.3372835, 0.58148795, 0.27771318E-1
0.31194231E-1, 0.65074884E-4, 0.20586459E-2, 0.38859746E-3, 0.94381154, 0.79461718, 0.94926769, 0.41319895, 0.19734267E-1
0.31144135E-1, 0.65085886E-4, 0.20605223E-2, 0.38833119E-3, 0.93003029, 0.78326678, 0.93642229, 0.40795407, 0.19484002E-1
0.31094190E-1, 0.65097440E-4, 0.20629407E-2, 0.38806561E-3, 0.97647023, 0.82264894, 0.98427016, 0.42917144, 0.20497598E-1
0.31044496E-1, 0.65110398E-4, 0.20671077E-2, 0.38780007E-3, 1.1561927, 0.97441900, 1.1668732, 0.50928569, 0.24324244E-1
0.30994855E-1, 0.65123124E-4, 0.20714090E-2, 0.38753456E-3, 1.3098044, 1.1043521, 1.3238066, 0.57842982, 0.27627099E-1
0.30945057E-1, 0.65133812E-4, 0.20742319E-2, 0.38726901E-3, 0.98790240, 0.83328038, 0.99982393, 0.43733412, 0.20888368E-1
0.30895187E-1, 0.65143155E-4, 0.20759644E-2, 0.38700353E-3, 0.96415699, 0.81352818, 0.97690505, 0.42769447, 0.20428197E-1
0.30845268E-1, 0.65151340E-4, 0.20767322E-2, 0.38673874E-3, 1.0289448, 0.86849487, 1.0437593, 0.45738333, 0.21846520E-1
0.30795105E-1, 0.65156695E-4, 0.20743601E-2, 0.38647419E-3, 1.0942538, 0.92396033, 1.1113789, 0.48749146, 0.23284921E-1
0.30744800E-1, 0.65160071E-4, 0.20695662E-2, 0.38620963E-3, 0.91759485, 0.77506983, 0.93306553, 0.40966412, 0.19567775E-1
0.30694451E-1, 0.65162421E-4, 0.20634052E-2, 0.38594511E-3, 0.55112499, 0.46564370, 0.56090689, 0.24644043, 0.11771440E-1
0.30644597E-1, 0.65168220E-4, 0.20613065E-2, 0.38568056E-3, 0.95081455, 0.80354685, 0.96851897, 0.42582443, 0.20340063E-1
0.30596370E-1, 0.65187138E-4, 0.20740505E-2, 0.38541641E-3, 1.3389130, 1.1319913, 1.3656843, 0.60108757, 0.28712161E-1
0.30548079E-1, 0.65204833E-4, 0.20850399E-2, 0.38515282E-3, 1.2277838, 1.0385122, 1.2542512, 0.55271387, 0.26401937E-1
0.30499756E-1, 0.65221502E-4, 0.20935351E-2, 0.38488925E-3, 1.2383416, 1.0479031, 1.2668915, 0.55893707, 0.26699645E-1
0.30451322E-1, 0.65236709E-4, 0.21003010E-2, 0.38462572E-3, 1.4056811, 1.1900692, 1.4403495, 0.63626236, 0.30393904E-1
0.30402888E-1, 0.65251013E-4, 0.21061278E-2, 0.38436212E-3, 1.2170961, 1.0308977, 1.2490771, 0.55246484, 0.26391419E-1
0.30354366E-1, 0.65263957E-4, 0.21100545E-2, 0.38409865E-3, 1.0487319, 0.88865310, 1.0777457, 0.47720551, 0.22796603E-1
0.30305848E-1, 0.65276166E-4, 0.21131968E-2, 0.38383587E-3, 1.3493080, 1.1438357, 1.3885949, 0.61554474, 0.29405685E-1
0.30257501E-1, 0.65289096E-4, 0.21176892E-2, 0.38357332E-3, 0.99104524, 0.84048998, 1.0213534, 0.45327309, 0.21654021E-1
0.30209191E-1, 0.65301690E-4, 0.21224904E-2, 0.38331078E-3, 1.2940872, 1.0979439, 1.3354688, 0.59332812, 0.28345242E-1
0.30160774E-1, 0.65312706E-4, 0.21262038E-2, 0.38304820E-3, 1.1111953, 0.94318706, 1.1483958, 0.51081705, 0.24403833E-1
0.30112496E-1, 0.65324239E-4, 0.21303301E-2, 0.38278557E-3, 1.2196887, 1.0357116, 1.2622732, 0.56210691, 0.26854588E-1
0.30063864E-1, 0.65332082E-4, 0.21309005E-2, 0.38252346E-3, 0.76244831, 0.64767873, 0.79002362, 0.35215715, 0.16824506E-1
0.30015133E-1, 0.65338427E-4, 0.21300442E-2, 0.38226187E-3, 0.73248398, 0.62239265, 0.75964773, 0.33886644, 0.16189704E-1
0.29966371E-1, 0.65343767E-4, 0.21280427E-2, 0.38200026E-3, 0.71945339, 0.61148047, 0.74677438, 0.33336246, 0.15926909E-1
0.29917603E-1, 0.65348300E-4, 0.21251249E-2, 0.38173868E-3, 0.81471807, 0.69263965, 0.84642363, 0.37813181, 0.18066030E-1
0.29868813E-1, 0.65352055E-4, 0.21212094E-2, 0.38147706E-3, 0.75907773, 0.64552140, 0.78935957, 0.35291538, 0.16861452E-1
0.29819958E-1, 0.65354572E-4, 0.21154592E-2, 0.38121559E-3, 0.64061993, 0.54492342, 0.66673219, 0.29829872, 0.14252139E-1
0.29771687E-1, 0.65361281E-4, 0.21142790E-2, 0.38095482E-3, 0.84347939, 0.71767086, 0.87862676, 0.39339030, 0.18795632E-1
0.29726012E-1, 0.65388987E-4, 0.21369692E-2, 0.38069423E-3, 1.0517037, 0.89514953, 1.0967817, 0.49153090, 0.23484970E-1
0.29679885E-1, 0.65412220E-4, 0.21538038E-2, 0.38043357E-3, 1.0631778, 0.90526867, 1.1101661, 0.49805751, 0.23797173E-1
0.29633468E-1, 0.65432396E-4, 0.21668519E-2, 0.38017295E-3, 1.1355345, 0.96727103, 1.1873000, 0.53325182, 0.25479151E-1
0.29586872E-1, 0.65450469E-4, 0.21773917E-2, 0.37991235E-3, 1.0483918, 0.89340359, 1.0976425, 0.49352971, 0.23581574E-1
0.29540125E-1, 0.65466542E-4, 0.21852623E-2, 0.37965225E-3, 0.96132821, 0.81951708, 1.0077192, 0.45356083, 0.21672115E-1
0.29493332E-1, 0.65481538E-4, 0.21914954E-2, 0.37939259E-3, 1.0255799, 0.87461299, 1.0763665, 0.48494747, 0.23172179E-1
0.29446578E-1, 0.65496191E-4, 0.21972999E-2, 0.37913292E-3, 1.0486914, 0.89466834, 1.1020122, 0.49702790, 0.23749778E-1
0.29399939E-1, 0.65511202E-4, 0.22036708E-2, 0.37887326E-3, 1.4972271, 1.2779289, 1.5757767, 0.71162027, 0.34004409E-1
0.29353244E-1, 0.65525099E-4, 0.22095656E-2, 0.37861362E-3, 1.1957780, 1.0211564, 1.2606194, 0.57009232, 0.27242122E-1
0.29306229E-1, 0.65535605E-4, 0.22125565E-2, 0.37835419E-3, 1.3143035, 1.1229024, 1.3877000, 0.62837297, 0.30027654E-1
0.29258791E-1, 0.65542008E-4, 0.22110653E-2, 0.37809540E-3, 1.1329960, 0.96844876, 1.1980793, 0.54320228, 0.25958134E-1
0.29211069E-1, 0.65545435E-4, 0.22057318E-2, 0.37783675E-3, 0.88840479, 0.75967216, 0.94061154, 0.42692083, 0.20401686E-1
0.29163307E-1, 0.65547829E-4, 0.21989851E-2, 0.37757808E-3, 0.88476795, 0.75681531, 0.93777567, 0.42602828, 0.20359308E-1
0.29115494E-1, 0.65549189E-4, 0.21906919E-2, 0.37731940E-3, 0.86143517, 0.73709941, 0.91401911, 0.41561556, 0.19861965E-1
0.29067639E-1, 0.65549626E-4, 0.21809656E-2, 0.37706073E-3, 0.69899690, 0.59828454, 0.74237734, 0.33784750, 0.16145676E-1
0.29020123E-1, 0.65552129E-4, 0.21747788E-2, 0.37680255E-3, 0.65431333, 0.56018227, 0.69549346, 0.31673825, 0.15137029E-1
0.28973119E-1, 0.65558248E-4, 0.21746620E-2, 0.37654489E-3, 0.61382210, 0.52564198, 0.65295666, 0.29756644, 0.14220942E-1
0.28926548E-1, 0.65567197E-4, 0.21791072E-2, 0.37628718E-3, 0.60921365, 0.52181566, 0.64853436, 0.29574263, 0.14133914E-1
0.28879877E-1, 0.65574699E-4, 0.21813766E-2, 0.37602946E-3, 0.66984922, 0.57389051, 0.71363586, 0.32565045, 0.15563409E-1
0.28832842E-1, 0.65578657E-4, 0.21779586E-2, 0.37577181E-3, 0.59762889, 0.51213849, 0.63718367, 0.29095948, 0.13905605E-1
0.28785672E-1, 0.65580607E-4, 0.21712196E-2, 0.37551424E-3, 0.55228359, 0.47338244, 0.58924621, 0.26923481, 0.12867452E-1
0.28738426E-1, 0.65581487E-4, 0.21626567E-2, 0.37525737E-3, 0.52030152, 0.44605932, 0.55548233, 0.25395316, 0.12137203E-1
0.28691147E-1, 0.65581371E-4, 0.21523284E-2, 0.37500070E-3, 0.53759724, 0.46097848, 0.57431197, 0.26270989, 0.12555819E-1
0.28643820E-1, 0.65580280E-4, 0.21402866E-2, 0.37474401E-3, 0.54117095, 0.46413705, 0.57850587, 0.26478127, 0.12654929E-1
0.28597414E-1, 0.65585991E-4, 0.21389571E-2, 0.37448731E-3, 0.77486229, 0.66472799, 0.82897788, 0.37968785, 0.18146951E-1
0.28552292E-1, 0.65601438E-4, 0.21547128E-2, 0.37423059E-3, 0.75006419, 0.64364326, 0.80320400, 0.36818522, 0.17597402E-1
0.28505933E-1, 0.65606357E-4, 0.21535631E-2, 0.37397430E-3, 0.61691022, 0.52952033, 0.66117185, 0.30330271, 0.14496504E-1
0.28459419E-1, 0.65609376E-4, 0.21491379E-2, 0.37371850E-3, 0.59231919, 0.50853008, 0.63528502, 0.29161832, 0.13938184E-1
0.28413534E-1, 0.65616761E-4, 0.21524699E-2, 0.37346280E-3, 0.63721538, 0.54720354, 0.68395013, 0.31416604, 0.15016018E-1
0.28368387E-1, 0.65629494E-4, 0.21633948E-2, 0.37320706E-3, 0.81074339, 0.69641143, 0.87097347, 0.40038604, 0.19137252E-1
0.28326994E-1, 0.65671818E-4, 0.22124648E-2, 0.37295138E-3, 1.3409023, 1.1522864, 1.4424461, 0.66386169, 0.31731151E-1
0.28285498E-1, 0.65712658E-4, 0.22556202E-2, 0.37269565E-3, 1.3698533, 1.1777924, 1.4761147, 0.68036449, 0.32520674E-1
0.28243076E-1, 0.65745466E-4, 0.22855971E-2, 0.37244064E-3, 1.5284336, 1.3148890, 1.6500162, 0.76172614, 0.36410522E-1
0.28199382E-1, 0.65767526E-4, 0.23026289E-2, 0.37218595E-3, 1.4390178, 1.2386947, 1.5564210, 0.71969640, 0.34402341E-1
0.28154302E-1, 0.65777880E-4, 0.23063004E-2, 0.37193118E-3, 0.97332454, 0.83823377, 1.0543592, 0.48819917, 0.23336973E-1
0.28108424E-1, 0.65781249E-4, 0.23005689E-2, 0.37167643E-3, 0.73266494, 0.63118899, 0.79451758, 0.36823633, 0.17602747E-1
0.28062340E-1, 0.65782348E-4, 0.22913129E-2, 0.37142166E-3, 0.59758657, 0.51495385, 0.64857405, 0.30082014, 0.14380222E-1
0.28016515E-1, 0.65784901E-4, 0.22844730E-2, 0.37116715E-3, 0.76785070, 0.66184992, 0.83406711, 0.38714880, 0.18507227E-1
0.27973095E-1, 0.65805987E-4, 0.23005221E-2, 0.37091336E-3, 1.5402724, 1.3282435, 1.6755275, 0.77872384, 0.37226766E-1
0.27930243E-1, 0.65831016E-4, 0.23204086E-2, 0.37065960E-3, 1.4227229, 1.2276082, 1.5506054, 0.72187120, 0.34509812E-1
0.27886976E-1, 0.65852080E-4, 0.23346634E-2, 0.37040582E-3, 1.3325704, 1.1504589, 1.4549228, 0.67838615, 0.32431725E-1
0.27843514E-1, 0.65871049E-4, 0.23460437E-2, 0.37015203E-3, 1.3214464, 1.1414671, 1.4452397, 0.67488950, 0.32265291E-1
0.27799994E-1, 0.65888940E-4, 0.23559092E-2, 0.36989828E-3, 1.4353571, 1.2405553, 1.5726060, 0.73552150, 0.35164848E-1
0.27756374E-1, 0.65905449E-4, 0.23640352E-2, 0.36964504E-3, 1.6895353, 1.4611629, 1.8548155, 0.86906338, 0.41550532E-1
0.27712522E-1, 0.65919558E-4, 0.23696490E-2, 0.36939225E-3, 1.3914049, 1.2040944, 1.5305972, 0.71843708, 0.34349922E-1
0.27667951E-1, 0.65927350E-4, 0.23687249E-2, 0.36913942E-3, 1.0250409, 0.88749152, 1.1293575, 0.53084999, 0.25381554E-1
0.27623178E-1, 0.65932909E-4, 0.23649575E-2, 0.36888663E-3, 1.0793643, 0.93492621, 1.1908187, 0.56042558, 0.26796145E-1
0.27579760E-1, 0.65948509E-4, 0.23728011E-2, 0.36863386E-3, 1.4471195, 1.2541187, 1.5991603, 0.75370747, 0.36038525E-1
0.27536552E-1, 0.65965301E-4, 0.23813157E-2, 0.36838112E-3, 1.6066077, 1.3932142, 1.7789423, 0.83994234, 0.40162947E-1
0.27493231E-1, 0.65980508E-4, 0.23878685E-2, 0.36812929E-3, 1.4844394, 1.2881030, 1.6470129, 0.77907574, 0.37253570E-1
0.27449753E-1, 0.65993983E-4, 0.23926985E-2, 0.36787734E-3, 1.3880305, 1.2051690, 1.5429568, 0.73110312, 0.34960557E-1
0.27406473E-1, 0.66008375E-4, 0.23982397E-2, 0.36762562E-3, 1.4811093, 1.2867564, 1.6495287, 0.78293753, 0.37440211E-1
0.27363196E-1, 0.66022250E-4, 0.24032982E-2, 0.36737369E-3, 1.4722049, 1.2798147, 1.6428100, 0.78113061, 0.37354812E-1
0.27319232E-1, 0.66030138E-4, 0.24022670E-2, 0.36712200E-3, 1.0612830, 0.92308843, 1.1862632, 0.56491822, 0.27015865E-1
0.27274696E-1, 0.66033004E-4, 0.23949158E-2, 0.36687040E-3, 0.77720541, 0.67626387, 0.86978310, 0.41466972, 0.19830935E-1
0.27230449E-1, 0.66037523E-4, 0.23901039E-2, 0.36661956E-3, 0.93428284, 0.81323010, 1.0467322, 0.49954671, 0.23890434E-1
0.27187141E-1, 0.66048771E-4, 0.23944352E-2, 0.36636868E-3, 1.1954577, 1.0410311, 1.3412132, 0.64091349, 0.30651806E-1
0.27144862E-1, 0.66067470E-4, 0.24060260E-2, 0.36611781E-3, 1.3764211, 1.1992723, 1.5468740, 0.74035150, 0.35408307E-1
0.27102593E-1, 0.66085660E-4, 0.24165362E-2, 0.36586693E-3, 1.6172446, 1.4099993, 1.8211350, 0.87321186, 0.41763723E-1
0.27059743E-1, 0.66098764E-4, 0.24217071E-2, 0.36561608E-3, 1.2004732, 1.0472745, 1.3543912, 0.65055382, 0.31115362E-1
0.27015913E-1, 0.66103690E-4, 0.24172324E-2, 0.36536579E-3, 0.80957347, 0.70656556, 0.91460180, 0.43986306, 0.21038642E-1
0.26971707E-1, 0.66105167E-4, 0.24078395E-2, 0.36511593E-3, 0.64047939, 0.55915934, 0.72426277, 0.34863850, 0.16675612E-1
0.26927356E-1, 0.66104971E-4, 0.23956615E-2, 0.36486611E-3, 0.57095337, 0.49858817, 0.64615148, 0.31127366, 0.14888600E-1
0.26882999E-1, 0.66104141E-4, 0.23824589E-2, 0.36461622E-3, 0.52576232, 0.45923078, 0.59543204, 0.28703734, 0.13729495E-1
0.26838684E-1, 0.66102919E-4, 0.23686404E-2, 0.36436639E-3, 0.52913398, 0.46227816, 0.59965903, 0.28926578, 0.13836231E-1
0.26794370E-1, 0.66101158E-4, 0.23539113E-2, 0.36411657E-3, 0.50179487, 0.43848830, 0.56905562, 0.27468109, 0.13138744E-1
0.26750097E-1, 0.66099223E-4, 0.23389568E-2, 0.36386744E-3, 0.48927191, 0.42763424, 0.55520940, 0.26816466, 0.12827169E-1
0.26705895E-1, 0.66097280E-4, 0.23240705E-2, 0.36361857E-3, 0.52530408, 0.45922485, 0.59648710, 0.28828520, 0.13789735E-1
0.26661759E-1, 0.66095316E-4, 0.23092560E-2, 0.36336971E-3, 0.53090215, 0.46422240, 0.60325789, 0.29175204, 0.13955712E-1
0.26618177E-1, 0.66097018E-4, 0.23014150E-2, 0.36312084E-3, 0.59265184, 0.51834017, 0.67391741, 0.32615653, 0.15601595E-1
0.26576208E-1, 0.66110486E-4, 0.23139697E-2, 0.36287197E-3, 0.77934170, 0.68181974, 0.88700110, 0.42965299, 0.20552600E-1
0.26538502E-1, 0.66156084E-4, 0.23651754E-2, 0.36262319E-3, 1.2834823, 1.1233767, 1.4628009, 0.70948505, 0.33939157E-1
0.26499979E-1, 0.66194931E-4, 0.24042784E-2, 0.36237523E-3, 1.5590906, 1.3654529, 1.7803305, 0.86505020, 0.41382004E-1
0.26459713E-1, 0.66219924E-4, 0.24252366E-2, 0.36212735E-3, 1.5962147, 1.3989408, 1.8266509, 0.88935333, 0.42545967E-1
0.26418308E-1, 0.66235603E-4, 0.24347347E-2, 0.36187947E-3, 1.2072139, 1.0586779, 1.3841592, 0.67514110, 0.32299154E-1
0.26375689E-1, 0.66241490E-4, 0.24320746E-2, 0.36163157E-3, 0.77006119, 0.67561030, 0.88412917, 0.43180355, 0.20658167E-1
0.26332676E-1, 0.66243811E-4, 0.24242420E-2, 0.36138366E-3, 0.64094365, 0.56250334, 0.73658329, 0.36007386, 0.17226746E-1
0.26289549E-1, 0.66244713E-4, 0.24141020E-2, 0.36113610E-3, 0.59502524, 0.52234536, 0.68437660, 0.33482233, 0.16018869E-1
0.26246337E-1, 0.66244451E-4, 0.24019822E-2, 0.36088916E-3, 0.55728960, 0.48934159, 0.64146531, 0.31406471, 0.15025944E-1
0.26203126E-1, 0.66243607E-4, 0.23888482E-2, 0.36064221E-3, 0.53504235, 0.46991858, 0.61630428, 0.30196142, 0.14447046E-1
0.26159920E-1, 0.66242239E-4, 0.23747818E-2, 0.36039532E-3, 0.49059850, 0.43098053, 0.56549495, 0.27725378, 0.13265082E-1
0.26116712E-1, 0.66240347E-4, 0.23597917E-2, 0.36014841E-3, 0.53050971, 0.46614459, 0.61191034, 0.30021080, 0.14363606E-1
0.26073558E-1, 0.66238361E-4, 0.23447098E-2, 0.35990149E-3, 0.49828464, 0.43792742, 0.57513368, 0.28235897, 0.13509630E-1
0.26031658E-1, 0.66245258E-4, 0.23432109E-2, 0.35965510E-3, 1.0093855, 0.88740867, 1.1662241, 0.57311100, 0.27421262E-1
0.25993995E-1, 0.66283639E-4, 0.23833476E-2, 0.35940911E-3, 1.5265139, 1.3428087, 1.7667803, 0.86968547, 0.41612387E-1
0.25955262E-1, 0.66313441E-4, 0.24113180E-2, 0.35916315E-3, 1.5020490, 1.3221959, 1.7421286, 0.85927767, 0.41115731E-1
0.25915086E-1, 0.66331893E-4, 0.24256681E-2, 0.35891726E-3, 1.1807384, 1.0399963, 1.3720317, 0.67795247, 0.32440413E-1
0.25881920E-1, 0.66402543E-4, 0.25463703E-2, 0.35867133E-3, 0.83960104, 0.73986268, 0.97699797, 0.48341623, 0.23132248E-1
0.25904350E-1, 0.66891407E-4, 0.34740469E-2, 0.35842540E-3, 0.65770650, 0.57977211, 0.76612639, 0.37946194, 0.18158169E-1
0.25960632E-1, 0.67636320E-4, 0.49254424E-2, 0.35818011E-3, 0.55609775, 0.49033615, 0.64830124, 0.32136720, 0.15378403E-1
0.26038837E-1, 0.68548878E-4, 0.67255544E-2, 0.35793515E-3, 0.52771068, 0.46541652, 0.61565286, 0.30540681, 0.14614823E-1
0.26120393E-1, 0.69489797E-4, 0.85815601E-2, 0.35769018E-3, 0.48181242, 0.42502940, 0.56248248, 0.27922186, 0.13361925E-1
0.26188567E-1, 0.70332128E-4, 0.10231100E-1, 0.35744527E-3, 0.38720152, 0.34163180, 0.45228752, 0.22465330, 0.10750696E-1
0.26243879E-1, 0.71078961E-4, 0.11678654E-1, 0.35720028E-3, 0.43340921, 0.38246617, 0.50652760, 0.25173423, 0.12046751E-1
0.26279138E-1, 0.71674927E-4, 0.12813417E-1, 0.35695540E-3, 0.35951173, 0.31730661, 0.42037705, 0.20903252, 0.10003348E-1
0.26311489E-1, 0.72249655E-4, 0.13897203E-1, 0.35671121E-3, 0.36984688, 0.32647610, 0.43265900, 0.21524644, 0.10300798E-1
0.26350260E-1, 0.72874245E-4, 0.15072751E-1, 0.35646721E-3, 0.39496723, 0.34870404, 0.46226680, 0.23009588, 0.11011524E-1
0.26462860E-1, 0.74064468E-4, 0.17341714E-1, 0.35622323E-3, 0.42383373, 0.37425104, 0.49630842, 0.24717826, 0.11829132E-1
0.26567155E-1, 0.75195872E-4, 0.19479044E-1, 0.35597928E-3, 0.37550384, 0.33162728, 0.43993369, 0.21922185, 0.10491326E-1
0.26706239E-1, 0.76600132E-4, 0.22094090E-1, 0.35573530E-3, 0.45026237, 0.39771411, 0.52778816, 0.26314846, 0.12593637E-1
0.26983229E-1, 0.79078804E-4, 0.26757095E-1, 0.35549147E-3, 0.41978523, 0.37085637, 0.49232975, 0.24561605, 0.11754694E-1
0.27042644E-1, 0.79883655E-4, 0.28164113E-1, 0.35524834E-3, 0.33554778, 0.29647782, 0.39371184, 0.19651951, 0.94051100E-2
0.27073864E-1, 0.80471065E-4, 0.29138220E-1, 0.35500532E-3, 0.33683476, 0.29764935, 0.39537445, 0.19744056, 0.94492612E-2
0.27104622E-1, 0.81055703E-4, 0.30098822E-1, 0.35476236E-3, 0.37526426, 0.33164895, 0.44066370, 0.22016448, 0.10536879E-1
0.27187377E-1, 0.82046863E-4, 0.31816632E-1, 0.35451938E-3, 0.42283306, 0.37374187, 0.49675551, 0.24832514, 0.11884731E-1
0.27539371E-1, 0.85154497E-4, 0.37533082E-1, 0.35427639E-3, 0.49522170, 0.43779936, 0.58212125, 0.29118273, 0.13936020E-1
0.27975602E-1, 0.88964371E-4, 0.44407636E-1, 0.35403363E-3, 0.46833998, 0.41410628, 0.55084121, 0.27571985, 0.13196108E-1
0.28114736E-1, 0.90439520E-4, 0.46855714E-1, 0.35379152E-3, 0.48357439, 0.42764342, 0.56906796, 0.28503048, 0.13641873E-1
0.28506026E-1, 0.93951850E-4, 0.52712016E-1, 0.35354949E-3, 0.54350227, 0.48072684, 0.63998276, 0.32077757, 0.15352953E-1
0.28908411E-1, 0.97593853E-4, 0.58885626E-1, 0.35330749E-3, 0.55605584, 0.49191970, 0.65518016, 0.32864550, 0.15729720E-1
0.29237118E-1, 0.10067191E-3, 0.63769951E-1, 0.35306549E-3, 0.60760355, 0.53762853, 0.71640795, 0.35964805, 0.17213799E-1
0.29515883E-1, 0.10336599E-3, 0.68127014E-1, 0.35282347E-3, 0.53221637, 0.47100863, 0.62792796, 0.31548089, 0.15100033E-1
0.29758168E-1, 0.10577852E-3, 0.71971536E-1, 0.35258167E-3, 0.49919656, 0.44185308, 0.58930165, 0.29628801, 0.14181561E-1
0.30087244E-1, 0.10893693E-3, 0.76131001E-1, 0.35234060E-3, 1.2703172, 1.1247517, 1.5012205, 0.75569856, 0.36171559E-1
0.30509742E-1, 0.11291517E-3, 0.80458492E-1, 0.35209957E-3, 1.2473651, 1.1049843, 1.4765149, 0.74457616, 0.35640232E-1
0.30943390E-1, 0.11703533E-3, 0.84979512E-1, 0.35185850E-3, 1.1875436, 1.0524943, 1.4079167, 0.71120375, 0.34043781E-1
0.31353518E-1, 0.12100032E-3, 0.89676954E-1, 0.35161752E-3, 0.83538610, 0.74066603, 0.99167621, 0.50166494, 0.24014179E-1
0.31747434E-1, 0.12486837E-3, 0.94258532E-1, 0.35137648E-3, 0.94822836, 0.84096825, 1.1268251, 0.57075387, 0.27321970E-1
0.32235928E-1, 0.12961162E-3, 0.99147454E-1, 0.35113568E-3, 1.1867117, 1.0528854, 1.4120936, 0.71632946, 0.34291524E-1
0.32788463E-1, 0.13498611E-3, 0.10469806, 0.35089557E-3, 1.4011245, 1.2437307, 1.6699712, 0.84870690, 0.40629834E-1
0.33259608E-1, 0.13969817E-3, 0.10942662, 0.35065552E-3, 1.3370454, 1.1874778, 1.5964075, 0.81291974, 0.38917892E-1
0.33597283E-1, 0.14325029E-3, 0.11293614, 0.35041547E-3, 1.1095891, 0.98592001, 1.3268914, 0.67687649, 0.32405883E-1
0.33983909E-1, 0.14728354E-3, 0.11746970, 0.35017543E-3, 0.94641387, 0.84122032, 1.1331480, 0.57890809, 0.27716277E-1
0.34409855E-1, 0.15172000E-3, 0.12183464, 0.34993535E-3, 1.0140914, 0.90167361, 1.2156037, 0.62191778, 0.29776152E-1
0.34738120E-1, 0.15529152E-3, 0.12488512, 0.34969553E-3, 1.0362301, 0.92167211, 1.2436576, 0.63722140, 0.30509630E-1
0.35148997E-1, 0.15966887E-3, 0.12877131, 0.34945644E-3, 1.0417840, 0.92693198, 1.2518705, 0.64240503, 0.30758599E-1
0.35551373E-1, 0.16400972E-3, 0.13255292, 0.34921736E-3, 1.0771691, 0.95875245, 1.2960242, 0.66609669, 0.31893801E-1
0.36009006E-1, 0.16892125E-3, 0.13691863, 0.34897830E-3, 1.1283801, 1.0047036, 1.3594315, 0.69981945, 0.33509418E-1
0.36404777E-1, 0.17328834E-3, 0.14068098, 0.34873921E-3, 1.1242497, 1.0014011, 1.3562808, 0.69936138, 0.33488419E-1
0.36821675E-1, 0.17790213E-3, 0.14455676, 0.34850018E-3, 1.1094090, 0.98854703, 1.3401628, 0.69219613, 0.33146247E-1
0.37187338E-1, 0.18205836E-3, 0.14786889, 0.34826138E-3, 1.0443110, 0.93086290, 1.2631255, 0.65345448, 0.31291924E-1
0.37564117E-1, 0.18636107E-3, 0.15128677, 0.34802328E-3, 1.1036148, 0.98405570, 1.3365226, 0.69253391, 0.33164222E-1
0.37983477E-1, 0.19112472E-3, 0.15522598, 0.34778519E-3, 1.1388317, 1.0158211, 1.3809905, 0.71677816, 0.34326218E-1
0.38409665E-1, 0.19600242E-3, 0.15919107, 0.34754712E-3, 1.2040104, 1.0743655, 1.4620535, 0.76018900, 0.36406223E-1
0.38813461E-1, 0.20070017E-3, 0.16297466, 0.34730902E-3, 1.1416012, 1.0190656, 1.3882070, 0.72307366, 0.34629777E-1
0.39176349E-1, 0.20502356E-3, 0.16682878, 0.34707095E-3, 0.83162379, 0.74257171, 1.0123957, 0.52811980, 0.25293613E-1
0.39526716E-1, 0.20925504E-3, 0.17123803, 0.34683314E-3, 0.62435275, 0.55757165, 0.76059085, 0.39720660, 0.19024059E-1
0.39792117E-1, 0.21264436E-3, 0.17462610, 0.34659603E-3, 0.61214733, 0.54670769, 0.74608707, 0.38999933, 0.18679172E-1
0.40302128E-1, 0.21859337E-3, 0.18080316, 0.34635892E-3, 0.72863418, 0.65081710, 0.88860458, 0.46497044, 0.22270327E-1
0.40678270E-1, 0.22320154E-3, 0.18552954, 0.34612181E-3, 0.57347345, 0.51226759, 0.69975394, 0.36651880, 0.17555175E-1
0.40929932E-1, 0.22653770E-3, 0.18871035, 0.34588468E-3, 0.52134323, 0.46571115, 0.63638008, 0.33360437, 0.15978899E-1
0.41114710E-1, 0.22918696E-3, 0.19098450, 0.34564760E-3, 0.44336802, 0.39605182, 0.54134548, 0.28399569, 0.13602925E-1
0.41216064E-1, 0.23096557E-3, 0.19208340, 0.34541072E-3, 0.40594426, 0.36260402, 0.49573433, 0.26023722, 0.12465074E-1
0.41277424E-1, 0.23232569E-3, 0.19260168, 0.34517457E-3, 0.36700645, 0.32780129, 0.44823369, 0.23544163, 0.11277501E-1
0.41319430E-1, 0.23348328E-3, 0.19283323, 0.34493842E-3, 0.36447674, 0.32551596, 0.44517797, 0.23396786, 0.11207020E-1
0.41344516E-1, 0.23446315E-3, 0.19281234, 0.34470225E-3, 0.35423046, 0.31633878, 0.43269178, 0.22753116, 0.10898808E-1
0.41349452E-1, 0.23523020E-3, 0.19248800, 0.34446613E-3, 0.33655006, 0.30052277, 0.41111425, 0.21629956, 0.10360907E-1
0.41339368E-1, 0.23583810E-3, 0.19193737, 0.34423001E-3, 0.31503001, 0.28127828, 0.38483214, 0.20257330, 0.97034937E-2
0.41326404E-1, 0.23641516E-3, 0.19134712, 0.34399412E-3, 0.31769729, 0.28363034, 0.38809133, 0.20438820, 0.97905127E-2
0.41314509E-1, 0.23700316E-3, 0.19077833, 0.34375887E-3, 0.32267922, 0.28804874, 0.39418054, 0.20769727, 0.99491077E-2
0.41308045E-1, 0.23764838E-3, 0.19029771, 0.34352369E-3, 0.31884080, 0.28459436, 0.38949782, 0.20533110, 0.98358514E-2
0.41296415E-1, 0.23823863E-3, 0.18974164, 0.34328859E-3, 0.29142341, 0.26009342, 0.35599917, 0.18775997, 0.89942263E-2
0.41280508E-1, 0.23878319E-3, 0.18912381, 0.34305340E-3, 0.24318050, 0.21701030, 0.29704794, 0.15673286, 0.75079957E-2
0.41263681E-1, 0.23931768E-3, 0.18849631, 0.34281833E-3, 0.21594182, 0.19267499, 0.26374233, 0.13920896, 0.66685867E-2
0.41361086E-1, 0.24106135E-3, 0.18952116, 0.34258331E-3, 0.28421101, 0.25355116, 0.34708241, 0.18326771, 0.87792110E-2
0.41812100E-1, 0.24657574E-3, 0.19562410, 0.34234882E-3, 0.32046223, 0.28586403, 0.39135575, 0.20674106, 0.99037522E-2
0.42161085E-1, 0.25104350E-3, 0.20030650, 0.34211433E-3, 0.28630969, 0.25536954, 0.34963986, 0.18479036, 0.88522946E-2
0.42255666E-1, 0.25280006E-3, 0.20129874, 0.34188025E-3, 0.25511947, 0.22751614, 0.31151783, 0.16471097, 0.78904610E-2
0.42260386E-1, 0.25359268E-3, 0.20093812, 0.34164608E-3, 0.24711961, 0.22034851, 0.30171251, 0.15958834, 0.76451129E-2
0.42244807E-1, 0.25416672E-3, 0.20026736, 0.34141215E-3, 0.24012953, 0.21408258, 0.29313916, 0.15511170, 0.74307080E-2
0.42223822E-1, 0.25468224E-3, 0.19951761, 0.34117853E-3, 0.22958399, 0.20464872, 0.28022543, 0.14833219, 0.71059796E-2
0.42198487E-1, 0.25515031E-3, 0.19870536, 0.34094477E-3, 0.22525103, 0.20075390, 0.27489388, 0.14556099, 0.69732661E-2
0.42168763E-1, 0.25557031E-3, 0.19783001, 0.34071130E-3, 0.21828915, 0.19451800, 0.26635587, 0.14108816, 0.67590326E-2
0.42179421E-1, 0.25642355E-3, 0.19755554, 0.34047812E-3, 0.25456935, 0.22680931, 0.31057417, 0.16457017, 0.78840228E-2
0.42808492E-1, 0.26396714E-3, 0.20605998, 0.34024497E-3, 0.39517683, 0.35204968, 0.48212487, 0.25559989, 0.12245072E-1
0.44005092E-1, 0.27788401E-3, 0.22083028, 0.34001196E-3, 0.62929553, 0.56058675, 0.76791686, 0.40743107, 0.19519145E-1
0.46210229E-1, 0.30355991E-3, 0.24315614, 0.33977925E-3, 0.66250402, 0.59019256, 0.80882382, 0.42956343, 0.20579815E-1
0.47983363E-1, 0.32508155E-3, 0.26042610, 0.33954656E-3, 0.71554804, 0.63745075, 0.87396908, 0.46465528, 0.22261430E-1
0.49684510E-1, 0.34635395E-3, 0.27718371, 0.33931405E-3, 0.78001928, 0.69489908, 0.95319569, 0.50736278, 0.24308020E-1
0.51006161E-1, 0.36349095E-3, 0.29078528, 0.33908186E-3, 0.75378287, 0.67153531, 0.92160547, 0.49113205, 0.23530884E-1
0.51648632E-1, 0.37248404E-3, 0.29765058, 0.33884964E-3, 0.58039850, 0.51703930, 0.70984608, 0.37867802, 0.18143369E-1
0.52167762E-1, 0.38002725E-3, 0.30369619, 0.33861757E-3, 0.46850193, 0.41729605, 0.57303178, 0.30594298, 0.14658671E-1
0.52561395E-1, 0.38605003E-3, 0.30822510, 0.33838581E-3, 0.41403028, 0.36870581, 0.50637096, 0.27053866, 0.12962497E-1
0.52862652E-1, 0.39094198E-3, 0.31153274, 0.33815409E-3, 0.36169270, 0.32202443, 0.44228962, 0.23644497, 0.11329071E-1
0.53148720E-1, 0.39566733E-3, 0.31461975, 0.33792248E-3, 0.36508814, 0.32496569, 0.44634309, 0.23874675, 0.11439473E-1
0.53536233E-1, 0.40171383E-3, 0.31903505, 0.33769125E-3, 0.35659352, 0.31732866, 0.43587071, 0.23327607, 0.11177456E-1
0.53783473E-1, 0.40599762E-3, 0.32155335, 0.33745996E-3, 0.28830767, 0.25648907, 0.35229701, 0.18864277, 0.90389252E-2
0.53911116E-1, 0.40876193E-3, 0.32238922, 0.33722882E-3, 0.26588443, 0.23646744, 0.32477415, 0.17398024, 0.83364267E-2
0.54001711E-1, 0.41105645E-3, 0.32268721, 0.33699803E-3, 0.25812823, 0.22949754, 0.31517541, 0.16890711, 0.80934009E-2
0.54075092E-1, 0.41313373E-3, 0.32273433, 0.33676729E-3, 0.25100988, 0.22309881, 0.30636105, 0.16424835, 0.78702243E-2
0.54138571E-1, 0.41508704E-3, 0.32263798, 0.33653656E-3, 0.25810146, 0.22932877, 0.31488687, 0.16888590, 0.80924975E-2
0.54186344E-1, 0.41684057E-3, 0.32231018, 0.33630626E-3, 0.25614509, 0.22751869, 0.31237409, 0.16760507, 0.80311811E-2
0.54215886E-1, 0.41836093E-3, 0.32171273, 0.33607602E-3, 0.24115115, 0.21413264, 0.29396805, 0.15779015, 0.75609297E-2
0.54223370E-1, 0.41959732E-3, 0.32078496, 0.33584581E-3, 0.21745172, 0.19302453, 0.26495880, 0.14226985, 0.68172771E-2
0.54221325E-1, 0.42071089E-3, 0.31971970, 0.33561594E-3, 0.21850534, 0.19389674, 0.26612380, 0.14294371, 0.68496079E-2
0.54220956E-1, 0.42184599E-3, 0.31868902, 0.33538617E-3, 0.23656508, 0.20985377, 0.28799102, 0.15474369, 0.74150879E-2
0.54241762E-1, 0.42325430E-3, 0.31796938, 0.33515645E-3, 0.28111765, 0.24929313, 0.34208053, 0.18388046, 0.88113435E-2
0.54696076E-1, 0.43028066E-3, 0.32338554, 0.33492703E-3, 0.38512909, 0.34144592, 0.46854016, 0.25198612, 0.12075000E-1
0.55244580E-1, 0.43858914E-3, 0.33013162, 0.33469772E-3, 0.33167863, 0.29398367, 0.40342298, 0.21708597, 0.10402712E-1
0.55491082E-1, 0.44299715E-3, 0.33265820, 0.33446844E-3, 0.19852585, 0.17590675, 0.24136928, 0.12993711, 0.62266043E-2
0.55516195E-1, 0.44451311E-3, 0.33193898, 0.33423948E-3, 0.16368124, 0.14497659, 0.19889067, 0.10709953, 0.51322500E-2
0.55500150E-1, 0.44548867E-3, 0.33060658, 0.33401069E-3, 0.17159832, 0.15193170, 0.20839146, 0.11224456, 0.53788270E-2
0.55483602E-1, 0.44645753E-3, 0.32927787, 0.33378194E-3, 0.15255572, 0.13502267, 0.18516417, 0.99758849E-1, 0.47805249E-2
0.55460189E-1, 0.44733554E-3, 0.32785225, 0.33355338E-3, 0.13589504, 0.12022936, 0.16484006, 0.88828839E-1, 0.42567668E-2
0.55433583E-1, 0.44817055E-3, 0.32638770, 0.33332506E-3, 0.13759841, 0.12168968, 0.16680512, 0.89906678E-1, 0.43084342E-2
0.55406131E-1, 0.44899387E-3, 0.32492113, 0.33309677E-3, 0.14881581, 0.13156106, 0.18029837, 0.97200766E-1, 0.46579940E-2
0.55374034E-1, 0.44975535E-3, 0.32339317, 0.33286866E-3, 0.14981517, 0.13239478, 0.18140303, 0.97818702E-1, 0.46876268E-2
0.55340171E-1, 0.45049260E-3, 0.32184884, 0.33264086E-3, 0.15425017, 0.13626380, 0.18666661, 0.10068042, 0.48247860E-2
0.55306800E-1, 0.45123530E-3, 0.32032347, 0.33241304E-3, 0.16242294, 0.14343160, 0.19644773, 0.10598165, 0.50788540E-2
0.55272587E-1, 0.45196555E-3, 0.31879580, 0.33218536E-3, 0.16876858, 0.14898227, 0.20401268, 0.11009076, 0.52757966E-2
0.55236645E-1, 0.45267204E-3, 0.31725204, 0.33195803E-3, 0.17179596, 0.15160158, 0.20756297, 0.11203576, 0.53690304E-2
0.55199046E-1, 0.45335581E-3, 0.31569356, 0.33173070E-3, 0.16643709, 0.14682123, 0.20098260, 0.10851198, 0.52001872E-2
0.55159543E-1, 0.45401324E-3, 0.31411585, 0.33150346E-3, 0.16473052, 0.14526489, 0.19881657, 0.10736964, 0.51454683E-2
0.55119522E-1, 0.45466304E-3, 0.31254146, 0.33127662E-3, 0.16730364, 0.14748274, 0.20181625, 0.10901719, 0.52244486E-2
0.55078659E-1, 0.45530044E-3, 0.31096485, 0.33104976E-3, 0.16152360, 0.14233813, 0.19474165, 0.10522202, 0.50425963E-2
0.55035844E-1, 0.45591115E-3, 0.30936876, 0.33082304E-3, 0.15442932, 0.13604015, 0.18609221, 0.10057285, 0.48198141E-2
0.54993011E-1, 0.45652021E-3, 0.30778337, 0.33059664E-3, 0.17604882, 0.15503219, 0.21203479, 0.11462218, 0.54931333E-2
0.54947447E-1, 0.45709260E-3, 0.30616638, 0.33037027E-3, 0.14882755, 0.13101633, 0.17915781, 0.96873529E-1, 0.46425709E-2
0.54896638E-1, 0.45759475E-3, 0.30447769, 0.33014390E-3, 0.13486008, 0.11867867, 0.16225465, 0.87752633E-1, 0.42054788E-2
0.54846119E-1, 0.45809965E-3, 0.30280575, 0.32991794E-3, 0.14677997, 0.12912387, 0.17650084, 0.95477767E-1, 0.45757191E-2
0.54796856E-1, 0.45861950E-3, 0.30116484, 0.32969218E-3, 0.15382507, 0.13527580, 0.18487629, 0.10003119, 0.47939611E-2
0.54746658E-1, 0.45912588E-3, 0.29952082, 0.32946625E-3, 0.16009226, 0.14073984, 0.19230969, 0.10407794, 0.49879216E-2
0.54809574E-1, 0.46110107E-3, 0.29960313, 0.32924072E-3, 0.17858985, 0.15694991, 0.21442464, 0.11607626, 0.55629658E-2
0.55070583E-1, 0.46566280E-3, 0.30270034, 0.32901534E-3, 0.14902562, 0.13092640, 0.17884341, 0.96838869E-1, 0.46410328E-2
0.55050701E-1, 0.46657259E-3, 0.30151239, 0.32878999E-3, 0.13726605, 0.12055214, 0.16463910, 0.89166924E-1, 0.42733699E-2
0.54997496E-1, 0.46704605E-3, 0.29982474, 0.32856484E-3, 0.15690842, 0.13775721, 0.18810247, 0.10189708, 0.48834886E-2
0.54947570E-1, 0.46756113E-3, 0.29820025, 0.32834001E-3, 0.18671070, 0.16386917, 0.22372222, 0.12122399, 0.58097718E-2
0.54897066E-1, 0.46806736E-3, 0.29657808, 0.32811513E-3, 0.18539496, 0.16266318, 0.22204439, 0.12034865, 0.57678479E-2
0.54844506E-1, 0.46854504E-3, 0.29493430, 0.32789039E-3, 0.17741112, 0.15560973, 0.21238585, 0.11514522, 0.55184960E-2
0.54788776E-1, 0.46898017E-3, 0.29325187, 0.32766600E-3, 0.15283817, 0.13401395, 0.18288194, 0.99174477E-1, 0.47530942E-2
0.54734092E-1, 0.46942747E-3, 0.29159755, 0.32744167E-3, 0.16332401, 0.14316222, 0.19533361, 0.10595205, 0.50779423E-2
0.54679967E-1, 0.46988029E-3, 0.28996283, 0.32721733E-3, 0.19913447, 0.17449805, 0.23805508, 0.12915988, 0.61902483E-2
0.54619033E-1, 0.47024305E-3, 0.28823209, 0.32699335E-3, 0.13518667, 0.11842550, 0.16153565, 0.87665521E-1, 0.42015673E-2
0.54545540E-1, 0.47044133E-3, 0.28631565, 0.32676948E-3, 0.93945816E-1, 0.82270272E-1, 0.11219574, 0.60899302E-1, 0.29187449E-2
0.54467972E-1, 0.47058449E-3, 0.28434753, 0.32654568E-3, 0.96487671E-1, 0.84467284E-1, 0.11516579, 0.62520377E-1, 0.29964454E-2
0.54394569E-1, 0.47078024E-3, 0.28245801, 0.32632216E-3, 0.94257295E-1, 0.82486711E-1, 0.11244018, 0.61049473E-1, 0.29259550E-2
0.54318920E-1, 0.47094497E-3, 0.28054535, 0.32609876E-3, 0.98573647E-1, 0.86234815E-1, 0.11752301, 0.63818410E-1, 0.30586703E-2
0.54239586E-1, 0.47106040E-3, 0.27858752, 0.32587533E-3, 0.78787230E-1, 0.68901800E-1, 0.93879685E-1, 0.50986215E-1, 0.24436587E-2
0.54157086E-1, 0.47113336E-3, 0.27659309, 0.32565228E-3, 0.81745237E-1, 0.71464203E-1, 0.97347893E-1, 0.52876130E-1, 0.25342428E-2
0.54076962E-1, 0.47123499E-3, 0.27464890, 0.32542934E-3, 0.88306107E-1, 0.77174194E-1, 0.10510204, 0.57095174E-1, 0.27364590E-2
0.53998299E-1, 0.47135347E-3, 0.27274033, 0.32520646E-3, 0.87131537E-1, 0.76122291E-1, 0.10364597, 0.56311533E-1, 0.26989076E-2
0.53920761E-1, 0.47148467E-3, 0.27086192, 0.32498376E-3, 0.91291383E-1, 0.79730466E-1, 0.10853480, 0.58975507E-1, 0.28265940E-2
0.53844482E-1, 0.47163019E-3, 0.26901561, 0.32476138E-3, 0.99796608E-1, 0.87130614E-1, 0.11858325, 0.64444780E-1, 0.30887343E-2
0.53769734E-1, 0.47179346E-3, 0.26720527, 0.32453894E-3, 0.11223479, 0.97959518E-1, 0.13329478, 0.72451226E-1, 0.34724800E-2
0.53697884E-1, 0.47199189E-3, 0.26545203, 0.32431667E-3, 0.13371854, 0.11667592, 0.15873459, 0.86294554E-1, 0.41359826E-2
0.53626888E-1, 0.47219993E-3, 0.26372403, 0.32409470E-3, 0.13445528, 0.11728405, 0.15953542, 0.86747184E-1, 0.41576917E-2
0.53556066E-1, 0.47240822E-3, 0.26200989, 0.32387281E-3, 0.14280178, 0.12452913, 0.16936424, 0.92110515E-1, 0.44147684E-2
0.53490989E-1, 0.47268826E-3, 0.26039696, 0.32365095E-3, 0.15933879, 0.13891084, 0.18889648, 0.10275623, 0.49250303E-2
0.53433847E-1, 0.47306804E-3, 0.25891930, 0.32342941E-3, 0.16195367, 0.14115243, 0.19192021, 0.10442590, 0.50050793E-2
0.53364173E-1, 0.47328637E-3, 0.25725442, 0.32320799E-3, 0.14185859, 0.12360491, 0.16803886, 0.91452479E-1, 0.43832893E-2
0.53291216E-1, 0.47346085E-3, 0.25554875, 0.32298657E-3, 0.13652954, 0.11892836, 0.16165683, 0.87997288E-1, 0.42176996E-2
0.53215485E-1, 0.47359825E-3, 0.25381032, 0.32276550E-3, 0.11085483, 0.96535765E-1, 0.13119689, 0.71429640E-1, 0.34236258E-2
0.53139724E-1, 0.47373370E-3, 0.25208294, 0.32254454E-3, 0.13344747, 0.11617707, 0.15786408, 0.85963935E-1, 0.41202670E-2
0.53065073E-1, 0.47388158E-3, 0.25038412, 0.32232358E-3, 0.14048219, 0.12226797, 0.16611591, 0.90475745E-1, 0.43365331E-2
0.52991070E-1, 0.47403577E-3, 0.24870637, 0.32210292E-3, 0.14322017, 0.12461792, 0.16928531, 0.92221260E-1, 0.44202153E-2
0.52916512E-1, 0.47418117E-3, 0.24703068, 0.32188246E-3, 0.13205805, 0.11487482, 0.15602750, 0.85016116E-1, 0.40748846E-2
0.52922804E-1, 0.47534989E-3, 0.24656367, 0.32166197E-3, 0.17793866, 0.15474299, 0.21014865, 0.11453151, 0.54896036E-2
0.53748809E-1, 0.48697813E-3, 0.25821972, 0.32144168E-3, 0.20110346, 0.17485029, 0.23744012, 0.12944141, 0.62042838E-2
0.54041419E-1, 0.49185666E-3, 0.26205838, 0.32122174E-3, 0.13686275, 0.11896322, 0.16152720, 0.88079259E-1, 0.42217663E-2
0.53979285E-1, 0.49218599E-3, 0.26050082, 0.32100175E-3, 0.12712446, 0.11046631, 0.14996529, 0.81790574E-1, 0.39203539E-2
0.53899575E-1, 0.49228757E-3, 0.25868040, 0.32078190E-3, 0.14158405, 0.12299611, 0.16694857, 0.91071099E-1, 0.43652034E-2
0.53819671E-1, 0.49238512E-3, 0.25686902, 0.32056234E-3, 0.14265142, 0.12388843, 0.16813417, 0.91737002E-1, 0.43971380E-2
0.53739626E-1, 0.49247872E-3, 0.25506666, 0.32034284E-3, 0.14719966, 0.12780339, 0.17342238, 0.94642431E-1, 0.45364187E-2
0.53659212E-1, 0.49256557E-3, 0.25327009, 0.32012336E-3, 0.14106749, 0.12244607, 0.16612934, 0.90681568E-1, 0.43465826E-2
0.53578306E-1, 0.49264444E-3, 0.25147742, 0.31990433E-3, 0.13891050, 0.12054117, 0.16352119, 0.89276224E-1, 0.42792382E-2
0.53615455E-1, 0.49423170E-3, 0.25152484, 0.31968526E-3, 0.17008437, 0.14755458, 0.20014141, 0.10929410, 0.52387696E-2
0.53783990E-1, 0.49750647E-3, 0.25359067, 0.31946634E-3, 0.17604892, 0.15269038, 0.20708515, 0.11311456, 0.54219202E-2
0.53750150E-1, 0.49819238E-3, 0.25252426, 0.31924757E-3, 0.13965517, 0.12109341, 0.16421120, 0.89716658E-1, 0.43004090E-2
0.53667106E-1, 0.49824576E-3, 0.25070614, 0.31902909E-3, 0.12729995, 0.11034961, 0.14961842, 0.81759855E-1, 0.39190282E-2
0.53582843E-1, 0.49828173E-3, 0.24888039, 0.31881058E-3, 0.94789825E-1, 0.82146056E-1, 0.11136008, 0.60863372E-1, 0.29173961E-2
0.53513706E-1, 0.49850909E-3, 0.24729002, 0.31859230E-3, 0.11107991, 0.96234612E-1, 0.13043365, 0.71298651E-1, 0.34176048E-2
0.53491056E-1, 0.49932866E-3, 0.24640365, 0.31837425E-3, 0.10701503, 0.92688479E-1, 0.12560710, 0.68671256E-1, 0.32916747E-2
0.53479623E-1, 0.50029129E-3, 0.24571456, 0.31815624E-3, 0.95899157E-1, 0.83036736E-1, 0.11250641, 0.61518043E-1, 0.29488017E-2
0.53450514E-1, 0.50102809E-3, 0.24478194, 0.31793825E-3, 0.84938012E-1, 0.73524699E-1, 0.99599332E-1, 0.54467719E-1, 0.26108578E-2
0.53393316E-1, 0.50140475E-3, 0.24341927, 0.31772058E-3, 0.82319036E-1, 0.71236923E-1, 0.96480720E-1, 0.52768685E-1, 0.25294214E-2
0.53487733E-1, 0.50371600E-3, 0.24435228, 0.31750312E-3, 0.11109541, 0.96112177E-1, 0.13014658, 0.71191683E-1, 0.34125193E-2
0.53996071E-1, 0.51134831E-3, 0.25135580, 0.31728565E-3, 0.14113693, 0.12206982, 0.16527122, 0.90421699E-1, 0.43343119E-2
0.54688595E-1, 0.52143005E-3, 0.26114044, 0.31706845E-3, 0.14822948, 0.12816921, 0.17350407, 0.94945893E-1, 0.45511946E-2
0.55229843E-1, 0.52963791E-3, 0.26875702, 0.31685136E-3, 0.16382253, 0.14161263, 0.19167580, 0.10491359, 0.50290138E-2
0.55442881E-1, 0.53360069E-3, 0.27142987, 0.31663431E-3, 0.17093447, 0.14771894, 0.19991384, 0.10944919, 0.52464502E-2
0.55461362E-1, 0.53502311E-3, 0.27109766, 0.31641749E-3, 0.17911164, 0.15474238, 0.20939204, 0.11466734, 0.54966100E-2
0.55383839E-1, 0.53518621E-3, 0.26926926, 0.31620092E-3, 0.16378830, 0.14146520, 0.19140184, 0.10484162, 0.50256355E-2
0.55297077E-1, 0.53522625E-3, 0.26730829, 0.31598439E-3, 0.15234831, 0.13154735, 0.17795776, 0.97499877E-1, 0.46737250E-2
0.55224899E-1, 0.53545501E-3, 0.26558876, 0.31576797E-3, 0.12165651, 0.10501604, 0.14204341, 0.77838510E-1, 0.37312594E-2
0.55142641E-1, 0.53555041E-3, 0.26372191, 0.31555185E-3, 0.11729027, 0.10121681, 0.13687956, 0.75021729E-1, 0.35962458E-2
0.55085197E-1, 0.53596729E-3, 0.26225373, 0.31533587E-3, 0.10441536, 0.90079442E-1, 0.12179510, 0.66764884E-1, 0.32004542E-2
0.55222232E-1, 0.53892424E-3, 0.26366392, 0.31511983E-3, 0.13368540, 0.11529675, 0.15586273, 0.85454464E-1, 0.40963739E-2
0.55603281E-1, 0.54509338E-3, 0.26851195, 0.31490411E-3, 0.13971107, 0.12045997, 0.16281736, 0.89285016E-1, 0.42800135E-2
0.56116857E-1, 0.55305299E-3, 0.27540696, 0.31468851E-3, 0.14572884, 0.12561199, 0.16975367, 0.93107775E-1, 0.44632801E-2
0.56336254E-1, 0.55716437E-3, 0.27809289, 0.31447300E-3, 0.12670407, 0.10917932, 0.14751926, 0.80928363E-1, 0.38794533E-2
0.56332219E-1, 0.55832305E-3, 0.27737880, 0.31425766E-3, 0.12481201, 0.10751536, 0.14524329, 0.79694189E-1, 0.38203036E-2
0.56269176E-1, 0.55869820E-3, 0.27575344, 0.31404258E-3, 0.14368942, 0.12373947, 0.16713139, 0.91721706E-1, 0.43968819E-2
0.56197144E-1, 0.55895268E-3, 0.27399811, 0.31382748E-3, 0.15825216, 0.13624048, 0.18398739, 0.10099409, 0.48413933E-2
0.56117799E-1, 0.55910816E-3, 0.27213898, 0.31361255E-3, 0.16324425, 0.14049849, 0.18971074, 0.10415975, 0.49931691E-2
0.56030612E-1, 0.55915810E-3, 0.27016863, 0.31339793E-3, 0.16782503, 0.14440057, 0.19495298, 0.10706332, 0.51323832E-2
0.55939384E-1, 0.55915286E-3, 0.26814738, 0.31318335E-3, 0.14537734, 0.12505227, 0.16880856, 0.92726402E-1, 0.44451207E-2
0.55861846E-1, 0.55914110E-3, 0.26613417, 0.31296880E-3, 0.17707902, 0.15227908, 0.20553300, 0.11292502, 0.54134275E-2
0.55799145E-1, 0.55912283E-3, 0.26412818, 0.31275456E-3, 0.17102709, 0.14703584, 0.19843262, 0.10905110, 0.52277427E-2
0.55736091E-1, 0.55909873E-3, 0.26213053, 0.31254045E-3, 0.20436691, 0.17565325, 0.23702824, 0.13029650, 0.62462483E-2
0.55672869E-1, 0.55907114E-3, 0.26014334, 0.31232639E-3, 0.22356729, 0.19211009, 0.25921696, 0.14253737, 0.68330965E-2
0.55609737E-1, 0.55904326E-3, 0.25817075, 0.31211250E-3, 0.18690085, 0.16056485, 0.21663664, 0.11915859, 0.57123723E-2
0.55546701E-1, 0.55901543E-3, 0.25621310, 0.31189894E-3, 0.12081939, 0.10376718, 0.13998543, 0.77014498E-1, 0.36920335E-2
0.55483766E-1, 0.55898755E-3, 0.25427034, 0.31168532E-3, 0.11183802, 0.96026205E-1, 0.12951976, 0.71268529E-1, 0.34165853E-2
0.55421218E-1, 0.55896322E-3, 0.25234658, 0.31147181E-3, 0.98252386E-1, 0.84336996E-1, 0.11373191, 0.62590674E-1, 0.30005800E-2
0.55375736E-1, 0.55916101E-3, 0.25070372, 0.31125866E-3, 0.99821173E-1, 0.85659400E-1, 0.11549355, 0.63569143E-1, 0.30474954E-2
0.55318445E-1, 0.55920304E-3, 0.24888632, 0.31104553E-3, 0.96562028E-1, 0.82838885E-1, 0.11166916, 0.61472725E-1, 0.29470010E-2
0.55256594E-1, 0.55918423E-3, 0.24701008, 0.31083246E-3, 0.92820406E-1, 0.79606600E-1, 0.10729150, 0.59070855E-1, 0.28318609E-2
0.55217415E-1, 0.55946031E-3, 0.24550267, 0.31061968E-3, 0.97067855E-1, 0.83226345E-1, 0.11214908, 0.61753616E-1, 0.29604787E-2
0.55192549E-1, 0.55992219E-3, 0.24422853, 0.31040708E-3, 0.81506342E-1, 0.69864094E-1, 0.94124734E-1, 0.51835310E-1, 0.24849989E-2
0.55156447E-1, 0.56023692E-3, 0.24278608, 0.31019445E-3, 0.87474756E-1, 0.74958332E-1, 0.10096720, 0.55610169E-1, 0.26659721E-2
0.55146679E-1, 0.56089496E-3, 0.24176586, 0.30998202E-3, 0.92963465E-1, 0.79639859E-1, 0.10725286, 0.59079695E-1, 0.28323086E-2
0.55442587E-1, 0.56555844E-3, 0.24529333, 0.30976988E-3, 0.15299509, 0.13103156, 0.17643324, 0.97204097E-1, 0.46600262E-2
0.56712404E-1, 0.58314484E-3, 0.26312956, 0.30955777E-3, 0.26451153, 0.22649108, 0.30495238, 0.16805936, 0.80569182E-2
0.57272326E-1, 0.59146568E-3, 0.27061009, 0.30934572E-3, 0.17065200, 0.14608793, 0.19668290, 0.10842577, 0.51980605E-2
0.57365552E-1, 0.59357181E-3, 0.27102759, 0.30913402E-3, 0.11288577, 0.96607774E-1, 0.13004376, 0.71704000E-1, 0.34375880E-2
0.57351653E-1, 0.59424131E-3, 0.26978701, 0.30892238E-3, 0.13749401, 0.11763199, 0.15831469, 0.87307461E-1, 0.41856547E-2
0.57675160E-1, 0.59945730E-3, 0.27359718, 0.30871079E-3, 0.16850030, 0.14411812, 0.19393109, 0.10697228, 0.51284367E-2
0.58796059E-1, 0.61555917E-3, 0.28885415, 0.30849944E-3, 0.18654244, 0.15950568, 0.21461017, 0.11840840, 0.56767296E-2
0.60116410E-1, 0.63467381E-3, 0.30654976, 0.30828829E-3, 0.21783766, 0.18621159, 0.25051236, 0.13825610, 0.66283070E-2
0.61197795E-1, 0.65074238E-3, 0.32088986, 0.30807711E-3, 0.21095556, 0.18027422, 0.24249531, 0.13387185, 0.64181536E-2
0.61495412E-1, 0.65592385E-3, 0.32404983, 0.30786611E-3, 0.14034007, 0.11988812, 0.16123813, 0.89035280E-1, 0.42685983E-2
0.61590739E-1, 0.65826671E-3, 0.32421026, 0.30765546E-3, 0.15149556, 0.12937202, 0.17395584, 0.96077628E-1, 0.46062474E-2
0.61771240E-1, 0.66182122E-3, 0.32567632, 0.30744480E-3, 0.15573333, 0.13294558, 0.17872585, 0.98733447E-1, 0.47335937E-2
0.61897703E-1, 0.66461996E-3, 0.32631114, 0.30723418E-3, 0.16126969, 0.13762355, 0.18497750, 0.10220975, 0.49002785E-2
0.61957080E-1, 0.66647242E-3, 0.32591125, 0.30702387E-3, 0.18095817, 0.15437184, 0.20744941, 0.11465407, 0.54969275E-2
0.61980754E-1, 0.66781940E-3, 0.32496253, 0.30681372E-3, 0.18393528, 0.15685867, 0.21075481, 0.11651065, 0.55859648E-2
0.62057111E-1, 0.67013275E-3, 0.32505205, 0.30660359E-3, 0.17800096, 0.15174815, 0.20385443, 0.11272453, 0.54044691E-2
0.62064145E-1, 0.67166332E-3, 0.32429251, 0.30639363E-3, 0.16937970, 0.14434756, 0.19387509, 0.10723224, 0.51411693E-2
0.62010009E-1, 0.67232334E-3, 0.32260028, 0.30618388E-3, 0.19908400, 0.16960625, 0.22776258, 0.12600762, 0.60413736E-2
0.61950359E-1, 0.67290338E-3, 0.32083336, 0.30597419E-3, 0.16381697, 0.13951641, 0.18732531, 0.10366254, 0.49700751E-2
0.61890461E-1, 0.67347806E-3, 0.31907442, 0.30576467E-3, 0.18556127, 0.15798199, 0.21208033, 0.11739001, 0.56282603E-2
0.61831117E-1, 0.67405892E-3, 0.31733617, 0.30555541E-3, 0.25266230, 0.21504314, 0.28864393, 0.15981749, 0.76624881E-2
0.61770067E-1, 0.67461346E-3, 0.31558251, 0.30534624E-3, 0.21956016, 0.18681538, 0.25073069, 0.13887152, 0.66582710E-2
0.61706845E-1, 0.67513541E-3, 0.31380665, 0.30513704E-3, 0.24029583, 0.20439780, 0.27429876, 0.15197349, 0.72864974E-2
0.61641105E-1, 0.67561964E-3, 0.31200302, 0.30492811E-3, 0.19680600, 0.16735595, 0.22456431, 0.12445652, 0.59672073E-2
0.61573625E-1, 0.67607744E-3, 0.31018409, 0.30471943E-3, 0.21828258, 0.18556184, 0.24896027, 0.13801676, 0.66174031E-2
0.61518464E-1, 0.67670742E-3, 0.30856767, 0.30451070E-3, 0.25050175, 0.21288922, 0.28559524, 0.15837753, 0.75936769E-2
0.61684117E-1, 0.68045879E-3, 0.31035119, 0.30430211E-3, 0.24678962, 0.20967631, 0.28126290, 0.15602894, 0.74811205E-2
0.62651850E-1, 0.69566106E-3, 0.32358488, 0.30409390E-3, 0.39159140, 0.33262345, 0.44618830, 0.24762873, 0.11873160E-1
0.63704841E-1, 0.71227428E-3, 0.33818531, 0.30388570E-3, 0.31629023, 0.26859531, 0.36030874, 0.20006545, 0.95927147E-2
0.64185664E-1, 0.72075386E-3, 0.34450671, 0.30367752E-3, 0.27249479, 0.23133402, 0.31030411, 0.17237027, 0.82648573E-2
0.64256079E-1, 0.72329468E-3, 0.34463891, 0.30346966E-3, 0.23778303, 0.20180011, 0.27065831, 0.15040080, 0.72115106E-2
0.64255290E-1, 0.72480005E-3, 0.34368104, 0.30326191E-3, 0.25684586, 0.21790762, 0.29222777, 0.16244207, 0.77889273E-2
0.64351700E-1, 0.72772347E-3, 0.34410006, 0.30305420E-3, 0.28238484, 0.23949437, 0.32114062, 0.17858042, 0.85628079E-2
0.65436661E-1, 0.74517739E-3, 0.35862681, 0.30284666E-3, 0.34607109, 0.29342836, 0.39345247, 0.21888649, 0.10495546E-1
0.66616222E-1, 0.76426734E-3, 0.37426293, 0.30263941E-3, 0.33690450, 0.28556922, 0.38290238, 0.21311790, 0.10219041E-1
0.67680568E-1, 0.78188651E-3, 0.38808504, 0.30243219E-3, 0.33026421, 0.27985120, 0.37521726, 0.20893672, 0.10018645E-1
0.68582222E-1, 0.79724094E-3, 0.39958358, 0.30222500E-3, 0.31211978, 0.26438573, 0.35445419, 0.19746254, 0.94685387E-2
0.69125377E-1, 0.80724969E-3, 0.40621686, 0.30201816E-3, 0.29148769, 0.24681649, 0.33086061, 0.18439572, 0.88420417E-2
0.69397584E-1, 0.81315252E-3, 0.40898636, 0.30181141E-3, 0.30058634, 0.25442258, 0.34101170, 0.19013058, 0.91171088E-2
0.69530554E-1, 0.81693084E-3, 0.40970358, 0.30160471E-3, 0.28288749, 0.23934908, 0.32076490, 0.17891401, 0.85793259E-2
0.69624111E-1, 0.82010939E-3, 0.40982693, 0.30139816E-3, 0.30268890, 0.25600535, 0.34304237, 0.19141667, 0.91789309E-2
0.69678865E-1, 0.82269410E-3, 0.40936181, 0.30119190E-3, 0.31486928, 0.26620829, 0.35667497, 0.19910806, 0.95478315E-2
0.69714494E-1, 0.82498585E-3, 0.40860945, 0.30098564E-3, 0.32036579, 0.27075568, 0.36273104, 0.20257720, 0.97142700E-2
0.69741525E-1, 0.82714664E-3, 0.40773204, 0.30077944E-3, 0.36677182, 0.30986366, 0.41509169, 0.23192801, 0.11121846E-1
0.69759414E-1, 0.82916755E-3, 0.40672198, 0.30057359E-3, 0.33667323, 0.28433779, 0.38087747, 0.21291453, 0.10210176E-1
0.69946513E-1, 0.83380606E-3, 0.40809658, 0.30036780E-3, 0.35750574, 0.30181876, 0.40425882, 0.22609267, 0.10842227E-1
0.70875235E-1, 0.84999920E-3, 0.41997787, 0.30016212E-3, 0.39467305, 0.33309275, 0.44614321, 0.24964629, 0.11971860E-1
0.71899012E-1, 0.86786546E-3, 0.43267334, 0.29995656E-3, 0.51240718, 0.43229955, 0.57901943, 0.32419893, 0.15547248E-1
0.74731201E-1, 0.91501296E-3, 0.46100739, 0.29975132E-3, 0.77643555, 0.65491933, 0.87744105, 0.49171990, 0.23581281E-1
0.77873580E-1, 0.96858974E-3, 0.49120876, 0.29954617E-3, 0.83910143, 0.70763093, 0.94843787, 0.53209502, 0.25518103E-1
0.79658911E-1, 0.10006300E-2, 0.50729841, 0.29934102E-3, 0.92586887, 0.78064817, 1.0467821, 0.58797926, 0.28198864E-1
0.80670714E-1, 0.10200122E-2, 0.51546818, 0.29913618E-3, 0.98150265, 0.82742190, 1.1101055, 0.62436581, 0.29944723E-1
0.81770517E-1, 0.10411028E-2, 0.52488106, 0.29893138E-3, 0.96009821, 0.80923730, 1.0863055, 0.61179811, 0.29342765E-1
0.82900368E-1, 0.10629336E-2, 0.53514653, 0.29872663E-3, 0.89589000, 0.75495577, 1.0139300, 0.57176995, 0.27423663E-1
0.83916046E-1, 0.10830002E-2, 0.54444164, 0.29852206E-3, 0.98954445, 0.83369881, 1.1202378, 0.63253939, 0.30339137E-1
0.84947757E-1, 0.11035475E-2, 0.55315530, 0.29831775E-3, 1.1204510, 0.94383013, 1.2690049, 0.71758586, 0.34419317E-1
0.86122975E-1, 0.11268423E-2, 0.56263608, 0.29811353E-3, 1.1693422, 0.98487741, 1.3251367, 0.75051546, 0.35999961E-1
0.87276429E-1, 0.11499950E-2, 0.57208228, 0.29790934E-3, 1.0456077, 0.88052821, 1.1855395, 0.67248982, 0.32258313E-1
0.88332310E-1, 0.11716154E-2, 0.58047831, 0.29770544E-3, 0.80375433, 0.67667103, 0.91146672, 0.51769352, 0.24833627E-1
0.89505412E-1, 0.11955872E-2, 0.58975428, 0.29750168E-3, 0.72298622, 0.60845035, 0.81977129, 0.46610868, 0.22359613E-1
0.90660892E-1, 0.12194741E-2, 0.59880096, 0.29729790E-3, 0.76025683, 0.63956183, 0.86185676, 0.49054378, 0.23532284E-1
0.91780685E-1, 0.12429290E-2, 0.60736561, 0.29709432E-3, 0.80998349, 0.68114245, 0.91812241, 0.52313995, 0.25096551E-1
0.92837244E-1, 0.12654345E-2, 0.61530203, 0.29689103E-3, 0.92317188, 0.77604324, 1.0463710, 0.59693336, 0.28637351E-1
0.94136350E-1, 0.12927098E-2, 0.62614095, 0.29668768E-3, 1.0446043, 0.87786192, 1.1842067, 0.67649138, 0.32455001E-1
0.95299862E-1, 0.13176954E-2, 0.63563603, 0.29648448E-3, 1.1509672, 0.96699518, 1.3052037, 0.74675322, 0.35826985E-1
0.96584037E-1, 0.13452333E-2, 0.64593351, 0.29628153E-3, 1.0623537, 0.89231110, 1.2051141, 0.69056129, 0.33132128E-1
0.97936340E-1, 0.13743675E-2, 0.65675628, 0.29607877E-3, 1.0098031, 0.84791422, 1.1457322, 0.65748942, 0.31546343E-1
0.99271461E-1, 0.14034708E-2, 0.66774189, 0.29587600E-3, 0.89674723, 0.75270545, 1.0174785, 0.58467412, 0.28053442E-1
0.10056624, 0.14320693E-2, 0.67908216, 0.29567338E-3, 0.88283271, 0.74071741, 1.0015728, 0.57625341, 0.27650129E-1
0.10169844, 0.14577135E-2, 0.68964356, 0.29547102E-3, 0.70433265, 0.59067255, 0.79883331, 0.46012306, 0.22078415E-1
0.10276633, 0.14822910E-2, 0.70028824, 0.29526878E-3, 0.61955833, 0.51928312, 0.70228368, 0.40488830, 0.19428425E-1
0.10369410, 0.15042473E-2, 0.71000338, 0.29506654E-3, 0.56213164, 0.47085160, 0.63671178, 0.36738867, 0.17629327E-1
0.10444067, 0.15226955E-2, 0.71771049, 0.29486459E-3, 0.48372325, 0.40490347, 0.54742664, 0.31610277, 0.15168583E-1
0.10498943, 0.15372367E-2, 0.72283155, 0.29466272E-3, 0.42762232, 0.35769343, 0.48346788, 0.27934957, 0.13405110E-1
0.10530203, 0.15470400E-2, 0.72464544, 0.29446086E-3, 0.31909069, 0.26670638, 0.36034754, 0.20831963, 0.99967187E-2
0.10551784, 0.15549012E-2, 0.72506773, 0.29425931E-3, 0.29979056, 0.25037897, 0.33813354, 0.19556203, 0.93846014E-2
0.10574263, 0.15629627E-2, 0.72556305, 0.29405791E-3, 0.31560218, 0.26336151, 0.35548317, 0.20568419, 0.98704305E-2
0.10668543, 0.15857272E-2, 0.73559552, 0.29385654E-3, 0.41719022, 0.34788263, 0.46939877, 0.27173358, 0.13040170E-1
0.10810771, 0.16185429E-2, 0.75151145, 0.29365535E-3, 0.49260476, 0.41046724, 0.55367500, 0.32072222, 0.15391279E-1
0.10970554, 0.16553283E-2, 0.76938039, 0.29345436E-3, 0.59329140, 0.49402100, 0.66624248, 0.38621637, 0.18534601E-1
0.11093620, 0.16847881E-2, 0.78213304, 0.29325346E-3, 0.68914163, 0.57339203, 0.77313268, 0.44857532, 0.21527622E-1
0.11214093, 0.17139378E-2, 0.79126656, 0.29305267E-3, 0.91898334, 0.76423317, 1.0306107, 0.59862626, 0.28729403E-1
0.11343331, 0.17451900E-2, 0.80056393, 0.29285194E-3, 1.0735325, 0.89228404, 1.2036409, 0.70008737, 0.33599723E-1
0.11475634, 0.17773620E-2, 0.81019253, 0.29265159E-3, 1.0943065, 0.90911347, 1.2268385, 0.71464878, 0.34299679E-1
0.11612254, 0.18107328E-2, 0.82025099, 0.29245121E-3, 1.1840116, 0.98318136, 1.3274032, 0.77444321, 0.37170783E-1
0.11742541, 0.18430150E-2, 0.82962936, 0.29225086E-3, 1.1950611, 0.99190682, 1.3398706, 0.78300464, 0.37583031E-1
0.11879890, 0.18771136E-2, 0.83975875, 0.29205083E-3, 1.0556319, 0.87574822, 1.1834750, 0.69269097, 0.33249222E-1
0.12025364, 0.19132788E-2, 0.85109991, 0.29185094E-3, 0.97223520, 0.80610758, 1.0896711, 0.63868499, 0.30657869E-1
0.12161522, 0.19476977E-2, 0.86145532, 0.29165109E-3, 1.0921205, 0.90496206, 1.2236164, 0.71821660, 0.34476567E-1
0.12311038, 0.19853786E-2, 0.87252486, 0.29145129E-3, 0.99058521, 0.82036817, 1.1095818, 0.65222633, 0.31309821E-1
0.12450540, 0.20211237E-2, 0.88260084, 0.29125175E-3, 1.2938730, 1.0709351, 1.4490294, 0.85309470, 0.40953811E-1
0.12574422, 0.20536315E-2, 0.89123857, 0.29105239E-3, 1.0667170, 0.88243783, 1.1945093, 0.70441031, 0.33817254E-1
0.12706330, 0.20881940E-2, 0.90028983, 0.29085300E-3, 0.93214923, 0.77063537, 1.0434022, 0.61615789, 0.29581351E-1
0.12845139, 0.21246034E-2, 0.90996796, 0.29065390E-3, 0.89326262, 0.73796421, 0.99924743, 0.59083152, 0.28366229E-1
0.13003707, 0.21658461E-2, 0.92166579, 0.29045501E-3, 0.92757785, 0.76575726, 1.0369447, 0.61389470, 0.29474318E-1
0.13159056, 0.22066885E-2, 0.93300629, 0.29025620E-3, 0.91005909, 0.75074893, 1.0166918, 0.60267162, 0.28936289E-1
0.13295132, 0.22433593E-2, 0.94224542, 0.29005742E-3, 1.0008408, 0.82503408, 1.1173930, 0.66323960, 0.31845279E-1
0.13416962, 0.22769540E-2, 0.95001543, 0.28985896E-3, 1.0380290, 0.85508776, 1.1582935, 0.68848646, 0.33058535E-1
0.13552564, 0.23140239E-2, 0.95924324, 0.28966053E-3, 1.2899270, 1.0619112, 1.4389392, 0.85667014, 0.41135550E-1
0.13690266, 0.23518531E-2, 0.96865374, 0.28946213E-3, 1.3139395, 1.0810535, 1.4656242, 0.87413126, 0.41975670E-1
0.13829641, 0.23903504E-2, 0.97840238, 0.28926390E-3, 1.2907265, 1.0613471, 1.4396528, 0.86019355, 0.41308030E-1
0.13954784, 0.24256981E-2, 0.98744261, 0.28906597E-3, 1.1674483, 0.95937389, 1.3018695, 0.77919859, 0.37419930E-1
0.14074901, 0.24600660E-2, 0.99678797, 0.28886809E-3, 0.95410943, 0.78345430, 1.0633097, 0.63735783, 0.30609243E-1
0.14199494, 0.24957221E-2, 1.0056422, 0.28867018E-3, 1.0137106, 0.83174169, 1.1289289, 0.67761302, 0.32543495E-1
0.14303359, 0.25265531E-2, 1.0112056, 0.28847260E-3, 1.0825473, 0.88756394, 1.2048962, 0.72425866, 0.34784868E-1
0.14411879, 0.25586912E-2, 1.0173200, 0.28827516E-3, 1.3963073, 1.1440059, 1.5535651, 0.93543464, 0.44928998E-1
0.14545844, 0.25972538E-2, 1.0263556, 0.28807786E-3, 1.3002002, 1.0646023, 1.4464911, 0.87259817, 0.41912731E-1
0.14681205, 0.26364059E-2, 1.0358897, 0.28788054E-3, 1.2147253, 0.99395144, 1.3510473, 0.81644535, 0.39217141E-1
0.14797495, 0.26710760E-2, 1.0447595, 0.28768354E-3, 1.0489802, 0.85767448, 1.1660655, 0.70576918, 0.33902138E-1
0.14888792, 0.26997186E-2, 1.0521191, 0.28748668E-3, 0.90006167, 0.73527402, 0.99964923, 0.60586441, 0.29104045E-1
0.14961094, 0.27237525E-2, 1.0578197, 0.28728970E-3, 0.65942156, 0.53815639, 0.73145717, 0.44380319, 0.21319604E-1
0.15048993, 0.27517818E-2, 1.0657250, 0.28709308E-3, 0.70540082, 0.57509017, 0.78135395, 0.47452354, 0.22795850E-1
0.15145122, 0.27820019E-2, 1.0746719, 0.28689660E-3, 0.70002830, 0.57010734, 0.77427429, 0.47067964, 0.22611691E-1
0.15261358, 0.28174350E-2, 1.0856377, 0.28670017E-3, 0.69481850, 0.56527525, 0.76741278, 0.46695656, 0.22433331E-1
0.15384035, 0.28546858E-2, 1.0970002, 0.28650381E-3, 0.72933078, 0.59274429, 0.80440974, 0.48994544, 0.23538278E-1
0.15489450, 0.28877559E-2, 1.1064498, 0.28630771E-3, 0.71541899, 0.58082050, 0.78791887, 0.48037416, 0.23078974E-1
0.15556693, 0.29112573E-2, 1.1114049, 0.28611178E-3, 0.61113268, 0.49559644, 0.67197317, 0.41005737, 0.19701110E-1
0.15607457, 0.29306312E-2, 1.1143134, 0.28591583E-3, 0.47451654, 0.38436514, 0.52083266, 0.31806341, 0.15281548E-1
0.15677582, 0.29550120E-2, 1.1198779, 0.28571993E-3, 0.55607653, 0.44989407, 0.60920942, 0.37229222, 0.17887292E-1
0.15757701, 0.29820427E-2, 1.1268895, 0.28552447E-3, 0.51695567, 0.41775429, 0.56532115, 0.34572241, 0.16610989E-1
0.15797783, 0.29988864E-2, 1.1283263, 0.28532895E-3, 0.42327717, 0.34163326, 0.46196163, 0.28269240, 0.13582783E-1
0.15819560, 0.30110604E-2, 1.1270992, 0.28513352E-3, 0.41802827, 0.33697078, 0.45527515, 0.27875763, 0.13393901E-1
0.15869285, 0.30304447E-2, 1.1296462, 0.28493826E-3, 0.55375814, 0.44581231, 0.60184556, 0.36873692, 0.17717544E-1
0.16019131, 0.30757426E-2, 1.1456848, 0.28474329E-3, 0.62301409, 0.50103670, 0.67605209, 0.41452456, 0.19917972E-1
0.16094537, 0.31019945E-2, 1.1519138, 0.28454830E-3, 0.48248014, 0.38755020, 0.52257103, 0.32065311, 0.15407703E-1
0.16123632, 0.31163110E-2, 1.1516500, 0.28435339E-3, 0.50365847, 0.40406144, 0.54441941, 0.33427578, 0.16062532E-1
0.16139996, 0.31273451E-2, 1.1495275, 0.28415877E-3, 0.44456834, 0.35621449, 0.47957754, 0.29464686, 0.14158505E-1
0.16147909, 0.31361955E-2, 1.1461571, 0.28396430E-3, 0.45271930, 0.36230007, 0.48738205, 0.29961711, 0.14397538E-1
0.16148230, 0.31430775E-2, 1.1416634, 0.28376980E-3, 0.48655117, 0.38889894, 0.52275723, 0.32155967, 0.15452175E-1
0.16150104, 0.31503616E-2, 1.1374124, 0.28357538E-3, 0.42786157, 0.34157377, 0.45878589, 0.28237820, 0.13569551E-1
0.16186111, 0.31665210E-2, 1.1382167, 0.28338138E-3, 0.54222077, 0.43235093, 0.58027822, 0.35737765, 0.17173877E-1
0.16265500, 0.31940197E-2, 1.1452016, 0.28318737E-3, 0.61068726, 0.48640066, 0.65243411, 0.40211403, 0.19324042E-1
0.16324376, 0.32162610E-2, 1.1492788, 0.28299339E-3, 0.46290872, 0.36827409, 0.49366117, 0.30446887, 0.14631840E-1
0.16331570, 0.32250520E-2, 1.1458259, 0.28279956E-3, 0.41650629, 0.33094016, 0.44323891, 0.27352452, 0.13144933E-1
0.16342442, 0.32348076E-2, 1.1429644, 0.28260605E-3, 0.44093966, 0.34993115, 0.46829343, 0.28914315, 0.13895711E-1
0.16370316, 0.32490182E-2, 1.1425974, 0.28241254E-3, 0.45878923, 0.36366963, 0.48630702, 0.30043626, 0.14438640E-1
0.16387621, 0.32604847E-2, 1.1406498, 0.28221906E-3, 0.40445063, 0.32019174, 0.42779553, 0.26443285, 0.12708528E-1
0.16451216, 0.32840974E-2, 1.1454436, 0.28202590E-3, 0.45862392, 0.36266616, 0.48418012, 0.29944706, 0.14391489E-1
0.16458537, 0.32930102E-2, 1.1420356, 0.28183291E-3, 0.37426600, 0.29559356, 0.39429653, 0.24398525, 0.11726134E-1
0.16575137, 0.33306722E-2, 1.1502347, 0.28163989E-3, 0.90609181, 0.71477115, 0.95282501, 0.59005290, 0.28358975E-1
0.16925688, 0.34304764E-2, 1.1866430, 0.28144708E-3, 0.93073970, 0.73356766, 0.97779894, 0.60621238, 0.29136460E-1
0.17077316, 0.34781909E-2, 1.1995217, 0.28125447E-3, 1.0518457, 0.82822931, 1.1038671, 0.68520796, 0.32934237E-1
0.17177606, 0.35124193E-2, 1.2071697, 0.28106186E-3, 0.77793425, 0.61194050, 0.81543720, 0.50674838, 0.24357345E-1
0.17254448, 0.35404949E-2, 1.2126828, 0.28086937E-3, 0.78481054, 0.61666185, 0.82136929, 0.51092547, 0.24558712E-1
0.17307463, 0.35622544E-2, 1.2152963, 0.28067705E-3, 0.66854709, 0.52472156, 0.69857007, 0.43492961, 0.20906284E-1
0.17361382, 0.35843106E-2, 1.2178903, 0.28048499E-3, 0.57640159, 0.45181960, 0.60106939, 0.37451288, 0.18002506E-1
0.17499854, 0.36292668E-2, 1.2276675, 0.28029297E-3, 1.1336203, 0.88776666, 1.1807723, 0.73647189, 0.35402477E-1
0.17655015, 0.36789838E-2, 1.2373887, 0.28010106E-3, 1.1163657, 0.87344307, 1.1617689, 0.72561365, 0.34881737E-1
0.17817543, 0.37309858E-2, 1.2478634, 0.27990929E-3, 1.2343373, 0.96485555, 1.2834712, 0.80277067, 0.38592234E-1
0.17962471, 0.37784718E-2, 1.2565581, 0.27971779E-3, 1.2137359, 0.94789332, 1.2610964, 0.78995180, 0.37977431E-1
0.18120249, 0.38297363E-2, 1.2666173, 0.27952623E-3, 1.3239655, 1.0330635, 1.3746895, 0.86243099, 0.41463550E-1
0.18254927, 0.38749068E-2, 1.2748154, 0.27933475E-3, 1.3235825, 1.0318900, 1.3735310, 0.86308885, 0.41496895E-1
0.18359677, 0.39120140E-2, 1.2811470, 0.27914357E-3, 1.2059748, 0.93933642, 1.2505481, 0.78701645, 0.37840862E-1
0.18442190, 0.39431001E-2, 1.2861454, 0.27895253E-3, 0.91271454, 0.71019965, 0.94541216, 0.59575349, 0.28645623E-1
0.18506293, 0.39691748E-2, 1.2896661, 0.27876146E-3, 0.80330819, 0.62434441, 0.83076924, 0.52405602, 0.25198869E-1
0.18553762, 0.39906930E-2, 1.2912056, 0.27857057E-3, 0.66241455, 0.51423734, 0.68388462, 0.43178326, 0.20762481E-1
0.18642081, 0.40236395E-2, 1.2966454, 0.27838000E-3, 0.87317419, 0.67693263, 0.89960843, 0.56850421, 0.27337410E-1
0.18790781, 0.40735663E-2, 1.3061582, 0.27818946E-3, 1.4709184, 1.1394014, 1.5144719, 0.95839012, 0.46087366E-1
0.18890776, 0.41100839E-2, 1.3114601, 0.27799889E-3, 1.2048798, 0.93250710, 1.2398267, 0.78585243, 0.37791908E-1
0.18980303, 0.41437969E-2, 1.3171169, 0.27780852E-3, 0.85401112, 0.66026646, 0.87773001, 0.55703205, 0.26788738E-1
0.19070958, 0.41779382E-2, 1.3237245, 0.27761844E-3, 0.68667382, 0.53025204, 0.70450139, 0.44750908, 0.21522092E-1
0.19141129, 0.42064167E-2, 1.3276982, 0.27742836E-3, 0.65480375, 0.50498366, 0.67042649, 0.42620367, 0.20497877E-1
0.19257593, 0.42480640E-2, 1.3374835, 0.27723832E-3, 0.76825529, 0.59172118, 0.78503597, 0.49948090, 0.24022620E-1
0.19388005, 0.42938376E-2, 1.3479089, 0.27704850E-3, 0.90547395, 0.69660056, 0.92375183, 0.58831614, 0.28295903E-1
0.19533624, 0.43441397E-2, 1.3582735, 0.27685898E-3, 0.96346068, 0.74034649, 0.98138553, 0.62570614, 0.30095113E-1
0.19692144, 0.43983581E-2, 1.3678986, 0.27666937E-3, 1.1506745, 0.88327485, 1.1706581, 0.74729943, 0.35944678E-1
0.19845116, 0.44512535E-2, 1.3767669, 0.27647981E-3, 1.1271371, 0.86429262, 1.1453985, 0.73214740, 0.35217147E-1
0.19967741, 0.44956733E-2, 1.3825089, 0.27629058E-3, 1.1985809, 0.91811311, 1.2166495, 0.77874219, 0.37459768E-1
0.20093226, 0.45410986E-2, 1.3884978, 0.27610152E-3, 1.1715256, 0.89645159, 1.1879023, 0.76139033, 0.36626473E-1
0.20239526, 0.45927223E-2, 1.3965924, 0.27591235E-3, 1.1758796, 0.89882088, 1.1909527, 0.76438498, 0.36771890E-1
0.20379987, 0.46428852E-2, 1.4040246, 0.28504126E-3, 1.0385060, 0.79294682, 1.0505033, 0.67510772, 0.32478221E-1
0.20521837, 0.46936655E-2, 1.4116410, 0.47786481E-3, 1.2153739, 0.92696911, 1.2278589, 0.79010612, 0.38011927E-1
0.20615622, 0.47306479E-2, 1.4148177, 0.78890001E-3, 1.2070870, 0.91967243, 1.2181513, 0.78495324, 0.37765481E-1
0.20702828, 0.47658258E-2, 1.4182948, 0.10967874E-2, 1.1480619, 0.87375343, 1.1572224, 0.74670064, 0.35926420E-1
0.20784780, 0.47960416E-2, 1.4209369, 0.13757221E-2, 0.86237764, 0.65556550, 0.86796671, 0.56070852, 0.26978541E-1
0.20865566, 0.48264097E-2, 1.4241792, 0.16625584E-2, 0.74938422, 0.56892574, 0.75275457, 0.48673075, 0.23419689E-1
0.20922792, 0.48593543E-2, 1.4287013, 0.19749193E-2, 0.73966014, 0.56082010, 0.74150449, 0.47986180, 0.23089726E-1
0.21241210, 0.48831194E-2, 1.4294914, 0.22069493E-2, 0.69934541, 0.52954692, 0.69960880, 0.45311767, 0.21803364E-1
0.21702291, 0.49057207E-2, 1.4294057, 0.24236632E-2, 0.77898824, 0.58898592, 0.77741563, 0.50392985, 0.24248945E-1
0.21092999, 0.49393387E-2, 1.4313499, 0.27065254E-2, 1.4203720, 1.0728744, 1.4159933, 0.91897804, 0.44222448E-1
0.21174310, 0.49741403E-2, 1.4329704, 0.29897643E-2, 1.0972717, 0.82798922, 1.0928631, 0.71027619, 0.34180816E-1
0.21268964, 0.50121830E-2, 1.4356503, 0.32980000E-2, 1.3519343, 1.0190500, 1.3449471, 0.87529683, 0.42123772E-1
0.21364047, 0.50499737E-2, 1.4389343, 0.36126827E-2, 1.4247600, 1.0728779, 1.4162443, 0.92312187, 0.44427305E-1
0.21507746, 0.50888006E-2, 1.4426299, 0.39362437E-2, 1.4491189, 1.0901965, 1.4395163, 0.93979234, 0.45231678E-1
0.21549691, 0.51260730E-2, 1.4457120, 0.42464510E-2, 1.2395550, 0.93166488, 1.2304490, 0.80451244, 0.38722411E-1
0.21632743, 0.51611234E-2, 1.4491645, 0.45528924E-2, 0.88219374, 0.66228878, 0.87441051, 0.57240027, 0.27551433E-1
0.21735062, 0.52019898E-2, 1.4542855, 0.49015228E-2, 0.96861601, 0.72623324, 0.95828831, 0.62794912, 0.30226067E-1
0.21861649, 0.52502723E-2, 1.4601054, 0.52865385E-2, 1.2207836, 0.91428363, 1.2061524, 0.79131812, 0.38091093E-1
0.21983507, 0.52972939E-2, 1.4654610, 0.56612096E-2, 1.1842128, 0.88594466, 1.1686741, 0.76774514, 0.36957789E-1
0.22107859, 0.53450223E-2, 1.4709083, 0.60396823E-2, 1.1023817, 0.82380015, 1.0864902, 0.71465260, 0.34403272E-1
0.22297820, 0.53929514E-2, 1.4765078, 0.64208503E-2, 1.2715784, 0.94915652, 1.2515895, 0.82431012, 0.39683666E-1
0.22328761, 0.54328600E-2, 1.4800631, 0.67471750E-2, 1.1706814, 0.87291062, 1.1509769, 0.75905806, 0.36543760E-1
0.22408813, 0.54681818E-2, 1.4831074, 0.70502013E-2, 0.98250490, 0.73172992, 0.96450603, 0.63683075, 0.30660369E-1
0.22490327, 0.55038487E-2, 1.4868882, 0.73635285E-2, 0.93725479, 0.69717145, 0.91850179, 0.60708803, 0.29229295E-1
0.22575182, 0.55405102E-2, 1.4912724, 0.76880376E-2, 0.75148195, 0.55827498, 0.73503441, 0.48626965, 0.23412934E-1
0.22659042, 0.55769705E-2, 1.4960437, 0.80166766E-2, 0.76193804, 0.56528246, 0.74365056, 0.49236834, 0.23707146E-1
0.22732225, 0.56102811E-2, 1.4998751, 0.83221802E-2, 0.63791162, 0.47259095, 0.62110949, 0.41154367, 0.19815955E-1
0.22823842, 0.56489240E-2, 1.5057656, 0.86728623E-2, 0.73902422, 0.54676026, 0.71794122, 0.47605011, 0.22922458E-1
0.22946061, 0.56929747E-2, 1.5119269, 0.90469532E-2, 1.3245262, 0.97873652, 1.2845769, 0.85268724, 0.41059386E-1
0.23035920, 0.57363934E-2, 1.5158764, 0.93917400E-2, 1.3968253, 1.0311060, 1.3534440, 0.89968783, 0.43324489E-1
0.23129071, 0.57762014E-2, 1.5186976, 0.97093005E-2, 1.3375796, 0.98635066, 1.2948161, 0.86195558, 0.41509304E-1
0.23196703, 0.58083106E-2, 1.5187279, 0.99641941E-2, 1.0985974, 0.80923533, 1.0621899, 0.70800686, 0.34096923E-1
0.23252136, 0.58367532E-2, 1.5169474, 0.10182899E-1, 1.0766267, 0.79213071, 1.0394024, 0.69360620, 0.33404570E-1
0.24860375, 0.58845030E-2, 1.5216763, 0.10552445E-1, 0.82992506, 0.60985291, 0.79977196, 0.53423148, 0.25729764E-1
0.25466794, 0.59366943E-2, 1.5278211, 0.10955752E-1, 0.87772053, 0.64412481, 0.84407282, 0.56432194, 0.27179725E-1
0.23898165, 0.59909783E-2, 1.5347621, 0.11376685E-1, 1.1228888, 0.82301897, 1.0779253, 0.72140712, 0.34746610E-1
0.23790918, 0.60390015E-2, 1.5396693, 0.11749759E-1, 1.1981821, 0.87719917, 1.1485964, 0.76962018, 0.37070163E-1
0.23861697, 0.60836412E-2, 1.5437698, 0.12100580E-1, 1.1083704, 0.81052446, 1.0610317, 0.71178961, 0.34285914E-1
0.23950441, 0.61239540E-2, 1.5473385, 0.12429044E-1, 1.0081534, 0.73635274, 0.96353543, 0.64708430, 0.31170223E-1
0.24029934, 0.61606960E-2, 1.5506384, 0.12741145E-1, 0.82791525, 0.60393620, 0.78976375, 0.53088200, 0.25573475E-1
0.24100639, 0.61939042E-2, 1.5532809, 0.13032275E-1, 0.72634238, 0.52912962, 0.69134539, 0.46509042, 0.22404749E-1
0.24228041, 0.62205228E-2, 1.5537264, 0.13272271E-1, 0.56920052, 0.41406372, 0.54042065, 0.36379680, 0.17525509E-1
0.26294157, 0.62451521E-2, 1.5535969, 0.13497752E-1, 0.40975204, 0.29762161, 0.38791728, 0.26126412, 0.12586310E-1
0.31229389, 0.62692212E-2, 1.5534501, 0.13720801E-1, 0.34712404, 0.25174043, 0.32760426, 0.22072603, 0.10633526E-1
0.38493741, 0.62898695E-2, 1.5518435, 0.13913213E-1, 0.34299606, 0.24835829, 0.32265180, 0.21746281, 0.10476435E-1
0.44263104, 0.63077705E-2, 1.5490025, 0.14080118E-1, 0.35232255, 0.25471178, 0.33030313, 0.22269495, 0.10728615E-1
0.48639515, 0.63236663E-2, 1.5452470, 0.14228065E-1, 0.38062981, 0.27475405, 0.35563791, 0.23986040, 0.11555717E-1
0.54444551, 0.63372552E-2, 1.5404177, 0.14353945E-1, 0.37368971, 0.26933265, 0.34795779, 0.23476495, 0.11310373E-1
0.60684282, 0.63480944E-2, 1.5342921, 0.14453298E-1, 0.27897143, 0.20075338, 0.25881785, 0.17467725, 0.84155872E-2
0.66638941, 0.63565671E-2, 1.5270563, 0.14529717E-1, 0.27818954, 0.19987951, 0.25711629, 0.17357403, 0.83625093E-2
0.69562364, 0.63634696E-2, 1.5191052, 0.14590870E-1, 0.28216383, 0.20242219, 0.25979033, 0.17542465, 0.84517393E-2
0.71254581, 0.63697128E-2, 1.5108917, 0.14645610E-1, 0.28319398, 0.20285146, 0.25974146, 0.17543688, 0.84524043E-2
0.72369385, 0.63754134E-2, 1.5024754, 0.14695086E-1, 0.27775085, 0.19865325, 0.25377837, 0.17145279, 0.82605248E-2
0.73441023, 0.63807508E-2, 1.4939466, 0.14741044E-1, 0.29610455, 0.21146381, 0.26951766, 0.18213283, 0.87751606E-2
0.73862863, 0.63857920E-2, 1.4853387, 0.14784128E-1, 0.30740216, 0.21921429, 0.27876684, 0.18843336, 0.90788025E-2
0.75076318, 0.63904403E-2, 1.4766034, 0.14823387E-1, 0.29927817, 0.21311076, 0.27038419, 0.18281552, 0.88082161E-2
0.75770330, 0.63947360E-2, 1.4677607, 0.14859198E-1, 0.29669246, 0.21096811, 0.26705599, 0.18061166, 0.87021124E-2
0.76450831, 0.63987072E-2, 1.4588248, 0.14891836E-1, 0.29042318, 0.20621802, 0.26044583, 0.17618531, 0.84889196E-2
0.76740050, 0.64024078E-2, 1.4498234, 0.14921832E-1, 0.27478540, 0.19484428, 0.24552420, 0.16613083, 0.80045480E-2
0.77203280, 0.64059240E-2, 1.4408000, 0.14950030E-1, 0.30849618, 0.21844213, 0.27462617, 0.18586725, 0.89555718E-2
0.77546895, 0.64091780E-2, 1.4317153, 0.14975663E-1, 0.27109972, 0.19170301, 0.24046931, 0.16278891, 0.78436676E-2
0.78303933, 0.64121936E-2, 1.4225816, 0.14998959E-1, 0.29585332, 0.20892145, 0.26146570, 0.17704341, 0.85305627E-2
0.79207259, 0.64148898E-2, 1.4133559, 0.15019086E-1, 0.29513621, 0.20813784, 0.25989777, 0.17602363, 0.84814997E-2
0.80508000, 0.64172009E-2, 1.4040047, 0.15035377E-1, 0.25000158, 0.17607562, 0.21936160, 0.14860167, 0.71602603E-2
0.82843828, 0.64190915E-2, 1.3945099, 0.15047468E-1, 0.21463087, 0.15096337, 0.18762957, 0.12712882, 0.61256476E-2
0.82432073, 0.64206743E-2, 1.3849304, 0.15056489E-1, 0.22422193, 0.15750161, 0.19528802, 0.13234033, 0.63768020E-2
0.81578302, 0.64221136E-2, 1.3753513, 0.15064102E-1, 0.22178105, 0.15558736, 0.19246577, 0.13045011, 0.62857643E-2
0.82048160, 0.64234422E-2, 1.3657895, 0.15070615E-1, 0.23484516, 0.16454299, 0.20307219, 0.13766274, 0.66333492E-2
0.81938756, 0.64246757E-2, 1.3562523, 0.15076181E-1, 0.23325577, 0.16322424, 0.20098013, 0.13626836, 0.65662060E-2
0.81890756, 0.64258222E-2, 1.3467437, 0.15080893E-1, 0.22779676, 0.15920648, 0.19558334, 0.13263185, 0.63910214E-2
0.81926447, 0.64268885E-2, 1.3372675, 0.15084829E-1, 0.24055722, 0.16791940, 0.20581856, 0.13959652, 0.67266668E-2
0.81956685, 0.64278753E-2, 1.3278230, 0.15087975E-1, 0.23984860, 0.16722205, 0.20450005, 0.13872623, 0.66847759E-2
0.81356633, 0.64287595E-2, 1.3183979, 0.15090093E-1, 0.24409083, 0.16997874, 0.20741084, 0.14072506, 0.67811417E-2
0.81857151, 0.64295251E-2, 1.3089811, 0.15090990E-1, 0.21957137, 0.15272689, 0.18595129, 0.12618575, 0.60805753E-2
0.81749767, 0.64302031E-2, 1.2995911, 0.15091014E-1, 0.22408877, 0.15568689, 0.18913077, 0.12836307, 0.61855353E-2
0.80870056, 0.64308234E-2, 1.2902434, 0.15090479E-1, 0.23382969, 0.16226992, 0.19669844, 0.13352026, 0.64340914E-2
0.80767256, 0.64313831E-2, 1.2809356, 0.15089338E-1, 0.22904082, 0.15876676, 0.19203307, 0.13037385, 0.62825121E-2
0.81437922, 0.64318501E-2, 1.2716498, 0.15087257E-1, 0.23480226, 0.16257907, 0.19621892, 0.13323635, 0.64204955E-2
0.77442127, 0.64322026E-2, 1.2623739, 0.15083988E-1, 0.22223713, 0.15370966, 0.18511224, 0.12571375, 0.60580284E-2
0.20435241, 0.64324811E-2, 1.2531289, 0.15076497E-1, 0.21412344, 0.14793645, 0.17786740, 0.12081087, 0.58217989E-2
0.20403348, 0.64327382E-2, 1.2439430, 0.15066182E-1, 0.24881451, 0.17172390, 0.20621979, 0.14008927, 0.67508542E-2
0.20371424, 0.64329696E-2, 1.2348136, 0.15055867E-1, 0.23113336, 0.15935694, 0.19114530, 0.12986904, 0.62583867E-2
0.20339411, 0.64331610E-2, 1.2257316, 0.15045551E-1, 0.29270801, 0.20160334, 0.24154134, 0.16413647, 0.79097897E-2
0.20307270, 0.64333007E-2, 1.2166895, 0.15035244E-1, 0.30300862, 0.20848903, 0.24952047, 0.16959050, 0.81726899E-2
0.20274989, 0.64333808E-2, 1.2076855, 0.15024958E-1, 0.27401891, 0.18835831, 0.22518876, 0.15308100, 0.73771439E-2
0.20244788, 0.64340490E-2, 1.1990637, 0.15014675E-1, 0.25882667, 0.17774060, 0.21226180, 0.14431743, 0.69548697E-2
0.20256166, 0.64467252E-2, 1.1969126, 0.15004390E-1, 0.28239155, 0.19373865, 0.23112282, 0.15716738, 0.75741834E-2
0.20274128, 0.64613204E-2, 1.1958055, 0.14994106E-1, 0.30041277, 0.20590560, 0.24538103, 0.16689289, 0.80429390E-2
0.20259720, 0.64665563E-2, 1.1897312, 0.14983847E-1, 0.26364282, 0.18052918, 0.21490979, 0.14619349, 0.70454418E-2
0.20228210, 0.64668367E-2, 1.1810396, 0.14973594E-1, 0.25373778, 0.17357977, 0.20641086, 0.14043398, 0.67679239E-2
0.20195518, 0.64667612E-2, 1.1722214, 0.14963342E-1, 0.17975438, 0.12285142, 0.14592348, 0.99293746E-1, 0.47852839E-2
0.20162752, 0.64666476E-2, 1.1634492, 0.14953088E-1, 0.15543433, 0.10612600, 0.12590306, 0.85679397E-1, 0.41291830E-2
0.20130011, 0.64665233E-2, 1.1547393, 0.14942847E-1, 0.18589149, 0.12679885, 0.15024760, 0.10225656, 0.49281153E-2
0.20097558, 0.64664683E-2, 1.1461323, 0.14932623E-1, 0.17271109, 0.11769762, 0.13930126, 0.94816595E-1, 0.45695780E-2
0.20064861, 0.64663268E-2, 1.1375431, 0.14922400E-1, 0.18252042, 0.12426576, 0.14690338, 0.10000128, 0.48194719E-2
0.20032075, 0.64661438E-2, 1.1289970, 0.14912182E-1, 0.18308626, 0.12453592, 0.14705412, 0.10011445, 0.48249480E-2
0.19999263, 0.64659370E-2, 1.1205027, 0.14901964E-1, 0.17523687, 0.11908835, 0.14046210, 0.95636375E-1, 0.46091527E-2
0.19966458, 0.64657177E-2, 1.1120651, 0.14891765E-1, 0.18350673, 0.12459451, 0.14678822, 0.99953741E-1, 0.48172488E-2
0.19933581, 0.64654620E-2, 1.1036725, 0.14881575E-1, 0.16044419, 0.10883818, 0.12808019, 0.87223127E-1, 0.42037186E-2
0.19900618, 0.64651645E-2, 1.0953201, 0.14871384E-1, 0.16085836, 0.10902194, 0.12815025, 0.87278627E-1, 0.42064115E-2
0.19867608, 0.64648413E-2, 1.0870161, 0.14861193E-1, 0.15607046, 0.10568348, 0.12408496, 0.84517293E-1, 0.40733437E-2
0.19834645, 0.64645163E-2, 1.0787735, 0.14851014E-1, 0.15999849, 0.10824936, 0.12695549, 0.86479969E-1, 0.41679526E-2
0.19801736, 0.64641912E-2, 1.0705935, 0.14840855E-1, 0.16452228, 0.11121348, 0.13028608, 0.88756509E-1, 0.42776880E-2
0.19768883, 0.64638657E-2, 1.0624756, 0.14830696E-1, 0.17268929, 0.11663568, 0.13649035, 0.92991561E-1, 0.44818185E-2
0.19736084, 0.64635403E-2, 1.0544193, 0.14820538E-1, 0.18222339, 0.12297264, 0.14375338, 0.97949103E-1, 0.47207749E-2
0.19703339, 0.64632157E-2, 1.0464239, 0.14810381E-1, 0.18398774, 0.12406224, 0.14487743, 0.98724566E-1, 0.47581731E-2
0.19670650, 0.64628907E-2, 1.0384891, 0.14800246E-1, 0.17787723, 0.11984417, 0.13980603, 0.95277734E-1, 0.45920708E-2
0.19638015, 0.64625652E-2, 1.0306147, 0.14790118E-1, 0.17025623, 0.11461677, 0.13356863, 0.91035157E-1, 0.43876125E-2
0.19605431, 0.64622397E-2, 1.0228000, 0.14779991E-1, 0.17299783, 0.11636958, 0.13547137, 0.92340127E-1, 0.44505293E-2
0.19572905, 0.64619146E-2, 1.0150442, 0.14769863E-1, 0.16296400, 0.10953346, 0.12738180, 0.86833559E-1, 0.41851467E-2
0.19540432, 0.64615901E-2, 1.0073475, 0.14759746E-1, 0.14591736, 0.97999744E-1, 0.11385193, 0.77616617E-1, 0.37409300E-2
0.19508012, 0.64612641E-2, 0.99970907, 0.14749650E-1, 0.17184518, 0.11532182, 0.13383546, 0.91247246E-1, 0.43979120E-2
0.19475643, 0.64609395E-2, 0.99212867, 0.14739553E-1, 0.19445427, 0.13039716, 0.15118605, 0.10308608, 0.49685379E-2
0.19443333, 0.64606140E-2, 0.98460579, 0.14729458E-1, 0.15643848, 0.10482499, 0.12141686, 0.82795210E-1, 0.39905775E-2
0.19411072, 0.64602890E-2, 0.97713995, 0.14719363E-1, 0.16354312, 0.10950351, 0.12670961, 0.86411126E-1, 0.41648755E-2
0.19378866, 0.64599640E-2, 0.96973056, 0.14709291E-1, 0.13575725, 0.90831041E-1, 0.10499756, 0.71609579E-1, 0.34514787E-2
0.19346716, 0.64596389E-2, 0.96237755, 0.14699224E-1, 0.12655132, 0.84608585E-1, 0.97704425E-1, 0.66639826E-1, 0.32119537E-2
0.19314617, 0.64593134E-2, 0.95508009, 0.14689161E-1, 0.13884537, 0.92759609E-1, 0.10700827, 0.72990179E-1, 0.35180436E-2
0.19282572, 0.64589884E-2, 0.94783813, 0.14679096E-1, 0.14539164, 0.97061194E-1, 0.11185696, 0.76302625E-1, 0.36777116E-2
0.19250579, 0.64586634E-2, 0.94065094, 0.14669039E-1, 0.16098313, 0.10739485, 0.12364924, 0.84352762E-1, 0.40657348E-2
0.19218640, 0.64583379E-2, 0.93351835, 0.14659005E-1, 0.13384570, 0.89227028E-1, 0.10263097, 0.70019089E-1, 0.33748758E-2
0.19186753, 0.64580129E-2, 0.92643964, 0.14648971E-1, 0.12919377, 0.86064994E-1, 0.98896503E-1, 0.67475401E-1, 0.32522818E-2
0.19154918, 0.64576878E-2, 0.91941494, 0.14638938E-1, 0.13494118, 0.89830965E-1, 0.10312320, 0.70363484E-1, 0.33914966E-2
0.19123134, 0.64573628E-2, 0.91244322, 0.14628905E-1, 0.12315749, 0.81930205E-1, 0.93962759E-1, 0.64116903E-1, 0.30904226E-2
0.19091414, 0.64570378E-2, 0.90552449, 0.14618892E-1, 0.12497388, 0.83081782E-1, 0.95191352E-1, 0.64958908E-1, 0.31310171E-2
0.19059739, 0.64567127E-2, 0.89865822, 0.14608890E-1, 0.14393447, 0.95622048E-1, 0.10945552, 0.74697331E-1, 0.36004204E-2
0.19028115, 0.64563872E-2, 0.89184391, 0.14598888E-1, 0.14379072, 0.95464036E-1, 0.10917527, 0.74510865E-1, 0.35914450E-2
0.18996544, 0.64560622E-2, 0.88508147, 0.14588888E-1, 0.16750795, 0.11113746, 0.12698527, 0.86671911E-1, 0.41776267E-2
0.18965027, 0.64557372E-2, 0.87837017, 0.14578891E-1, 0.18167849, 0.12046260, 0.13752197, 0.93870707E-1, 0.45246333E-2
0.18933563, 0.64554121E-2, 0.87170970, 0.14568917E-1, 0.16468649, 0.10912760, 0.12447625, 0.84972255E-1, 0.40957411E-2
0.18902150, 0.64550866E-2, 0.86510003, 0.14558947E-1, 0.13697532, 0.90707034E-1, 0.10337244, 0.70570566E-1, 0.34015789E-2
0.18870789, 0.64547616E-2, 0.85854048, 0.14548975E-1, 0.15273181, 0.10107774, 0.11508924, 0.78574300E-1, 0.37873804E-2
0.18839483, 0.64544366E-2, 0.85203034, 0.14539004E-1, 0.16642126, 0.11007011, 0.12522212, 0.85498065E-1, 0.41211303E-2
