0.60100658E-4, 0.19771116E-6, 0.19567432E-3, 0.10374342E-4, 0.59047420E-1, 0.41722741E-1, 0.15950976, 0.30352594E-1, 0.14478922E-2
0.60096543E-4, 0.19782608E-6, 0.19488206E-3, 0.10367239E-4, 0.62999375E-1, 0.44526093E-1, 0.17052077, 0.32432061E-1, 0.15470781E-2
0.60045306E-4, 0.19782668E-6, 0.19375815E-3, 0.10360143E-4, 0.62424250E-1, 0.44130843E-1, 0.16930881, 0.32185428E-1, 0.15353040E-2
0.59990896E-4, 0.19782658E-6, 0.19262105E-3, 0.10353047E-4, 0.70404075E-1, 0.49785644E-1, 0.19136460, 0.36359064E-1, 0.17343821E-2
0.59920447E-4, 0.19782289E-6, 0.19137880E-3, 0.10345958E-4, 0.71754731E-1, 0.50755385E-1, 0.19548397, 0.37121110E-1, 0.17707198E-2
0.59835314E-4, 0.19781594E-6, 0.19004126E-3, 0.10338876E-4, 0.57060733E-1, 0.40372245E-1, 0.15577760, 0.29566290E-1, 0.14103366E-2
0.59767855E-4, 0.19781282E-6, 0.18888664E-3, 0.10331794E-4, 0.34338322E-1, 0.24300024E-1, 0.93885489E-1, 0.17812895E-1, 0.84968592E-3
0.59741018E-4, 0.19781862E-6, 0.18812265E-3, 0.10324721E-4, 0.20370360E-1, 0.14417005E-1, 0.55744886E-1, 0.10574233E-1, 0.50439598E-3
0.59728874E-4, 0.19782763E-6, 0.18753434E-3, 0.10317654E-4, 0.20192435E-1, 0.14292247E-1, 0.55293988E-1, 0.10487079E-1, 0.50023745E-3
0.59725990E-4, 0.19783866E-6, 0.18706394E-3, 0.10310589E-4, 0.20139899E-1, 0.14256220E-1, 0.55185903E-1, 0.10464971E-1, 0.49918168E-3
0.59712849E-4, 0.19784738E-6, 0.18651434E-3, 0.10303525E-4, 0.14723241E-1, 0.10422727E-1, 0.40366363E-1, 0.76537030E-2, 0.36508264E-3
0.59693408E-4, 0.19785482E-6, 0.18592190E-3, 0.10296474E-4, 0.19431202E-1, 0.13756467E-1, 0.53302646E-1, 0.10105219E-1, 0.48201933E-3
0.59674006E-4, 0.19786222E-6, 0.18534761E-3, 0.10289424E-4, 0.20813718E-1, 0.14736422E-1, 0.57131786E-1, 0.10829506E-1, 0.51656715E-3
0.59670390E-4, 0.19787306E-6, 0.18494895E-3, 0.10282376E-4, 0.12419514E-1, 0.87938160E-2, 0.34109280E-1, 0.64646811E-2, 0.30836437E-3
0.59677037E-4, 0.19788615E-6, 0.18466711E-3, 0.10275338E-4, 0.25516506E-1, 0.18068669E-1, 0.70120499E-1, 0.13287992E-1, 0.63383410E-3
0.59705832E-4, 0.19790404E-6, 0.18462712E-3, 0.10268302E-4, 0.22244962E-1, 0.15753575E-1, 0.61177634E-1, 0.11591196E-1, 0.55289565E-3
0.59730803E-4, 0.19792115E-6, 0.18455143E-3, 0.10261268E-4, 0.19746391E-1, 0.13985316E-1, 0.54342967E-1, 0.10294619E-1, 0.49104809E-3
0.59730712E-4, 0.19793281E-6, 0.18421360E-3, 0.10254247E-4, 0.18824585E-1, 0.13333488E-1, 0.51838033E-1, 0.98186759E-2, 0.46834495E-3
0.59705530E-4, 0.19793889E-6, 0.18361335E-3, 0.10247224E-4, 0.19202147E-1, 0.13601959E-1, 0.52909911E-1, 0.10020277E-1, 0.47796054E-3
0.59683691E-4, 0.19794579E-6, 0.18305656E-3, 0.10240205E-4, 0.17363239E-1, 0.12300280E-1, 0.47871452E-1, 0.90648234E-2, 0.43238513E-3
0.59672482E-4, 0.19795493E-6, 0.18261925E-3, 0.10233196E-4, 0.21023164E-1, 0.14894155E-1, 0.57997603E-1, 0.10980732E-1, 0.52377116E-3
0.59663216E-4, 0.19796460E-6, 0.18220668E-3, 0.10226189E-4, 0.20308854E-1, 0.14389300E-1, 0.56064270E-1, 0.10613064E-1, 0.50623243E-3
0.59643291E-4, 0.19797183E-6, 0.18168332E-3, 0.10219185E-4, 0.23922449E-1, 0.16951127E-1, 0.66086151E-1, 0.12508213E-1, 0.59662742E-3
0.59611237E-4, 0.19797645E-6, 0.18103345E-3, 0.10212190E-4, 0.18063098E-1, 0.12800379E-1, 0.49933728E-1, 0.94495378E-2, 0.45073093E-3
0.59579721E-4, 0.19798117E-6, 0.18039398E-3, 0.10205198E-4, 0.26669191E-1, 0.18900763E-1, 0.73776521E-1, 0.13959331E-1, 0.66584046E-3
0.59548027E-4, 0.19798577E-6, 0.17975707E-3, 0.10198208E-4, 0.26124017E-1, 0.18516390E-1, 0.72329640E-1, 0.13682917E-1, 0.65265381E-3
0.59511895E-4, 0.19798939E-6, 0.17907670E-3, 0.10191228E-4, 0.26081411E-1, 0.18488165E-1, 0.72272144E-1, 0.13669435E-1, 0.65200875E-3
0.59471291E-4, 0.19799208E-6, 0.17835241E-3, 0.10184251E-4, 0.19921975E-1, 0.14123315E-1, 0.55245563E-1, 0.10447280E-1, 0.49831619E-3
0.59420905E-4, 0.19799258E-6, 0.17752653E-3, 0.10177274E-4, 0.22957964E-1, 0.16277023E-1, 0.63707680E-1, 0.12045670E-1, 0.57455525E-3
0.59364840E-4, 0.19799180E-6, 0.17664404E-3, 0.10170309E-4, 0.22365114E-1, 0.15858170E-1, 0.62107768E-1, 0.11741226E-1, 0.56003255E-3
0.59311795E-4, 0.19799164E-6, 0.17580058E-3, 0.10163346E-4, 0.29436875E-1, 0.20874649E-1, 0.81813119E-1, 0.15463585E-1, 0.73757925E-3
0.59259615E-4, 0.19799158E-6, 0.17497223E-3, 0.10156384E-4, 0.30698573E-1, 0.21772038E-1, 0.85401766E-1, 0.16138401E-1, 0.76976366E-3
0.59207239E-4, 0.19799161E-6, 0.17414708E-3, 0.10149430E-4, 0.28688645E-1, 0.20349052E-1, 0.79886779E-1, 0.15093000E-1, 0.71989786E-3
0.59153703E-4, 0.19799141E-6, 0.17331498E-3, 0.10142483E-4, 0.26734399E-1, 0.18965065E-1, 0.74511506E-1, 0.14074647E-1, 0.67132275E-3
0.59096747E-4, 0.19799030E-6, 0.17245088E-3, 0.10135535E-4, 0.29005984E-1, 0.20578831E-1, 0.80914110E-1, 0.15281044E-1, 0.72886265E-3
0.59037749E-4, 0.19798884E-6, 0.17157015E-3, 0.10128596E-4, 0.31243745E-1, 0.22169193E-1, 0.87240249E-1, 0.16472271E-1, 0.78567764E-3
0.58976682E-4, 0.19798678E-6, 0.17067275E-3, 0.10121664E-4, 0.31948552E-1, 0.22672242E-1, 0.89298457E-1, 0.16857134E-1, 0.80403168E-3
0.58914000E-4, 0.19798442E-6, 0.16976359E-3, 0.10114732E-4, 0.33301387E-1, 0.23635453E-1, 0.93176775E-1, 0.17585227E-1, 0.83875639E-3
0.58849098E-4, 0.19798159E-6, 0.16883598E-3, 0.10107804E-4, 0.23783052E-1, 0.16881907E-1, 0.66606835E-1, 0.12568119E-1, 0.59945509E-3
0.58788730E-4, 0.19797970E-6, 0.16796257E-3, 0.10100885E-4, 0.18666301E-1, 0.13251068E-1, 0.52312829E-1, 0.98694898E-2, 0.47073857E-3
0.58804304E-4, 0.19799431E-6, 0.16781619E-3, 0.10093968E-4, 0.37471060E-1, 0.26603458E-1, 0.10510643, 0.19825876E-1, 0.94561890E-3
0.58851048E-4, 0.19801578E-6, 0.16775655E-3, 0.10087056E-4, 0.56431878E-1, 0.40072829E-1, 0.15852638, 0.29892698E-1, 0.14257613E-2
0.58887115E-4, 0.19803494E-6, 0.16765992E-3, 0.10080152E-4, 0.41512709E-1, 0.29484633E-1, 0.11680075, 0.22017142E-1, 0.10501239E-2
0.58920767E-4, 0.19805353E-6, 0.16762564E-3, 0.10073249E-4, 0.38979705E-1, 0.27690176E-1, 0.10981486, 0.20694580E-1, 0.98703988E-3
0.58964935E-4, 0.19807443E-6, 0.16775457E-3, 0.10066349E-4, 0.42655826E-1, 0.30306704E-1, 0.12032714, 0.22669353E-1, 0.10812233E-2
0.59018417E-4, 0.19809741E-6, 0.16801832E-3, 0.10059460E-4, 0.42129464E-1, 0.29938005E-1, 0.11900314, 0.22413487E-1, 0.10690152E-2
0.59076654E-4, 0.19812144E-6, 0.16836284E-3, 0.10052571E-4, 0.35523366E-1, 0.25247710E-1, 0.10046865, 0.18917629E-1, 0.90227596E-3
0.11911944E-3, 0.19812940E-6, 0.16794950E-3, 0.10045685E-4, 0.34117449E-1, 0.24251994E-1, 0.96599735E-1, 0.18184887E-1, 0.86732465E-3
0.24422572E-3, 0.19811944E-6, 0.16668541E-3, 0.10038810E-4, 0.31780794E-1, 0.22594104E-1, 0.90078026E-1, 0.16953465E-1, 0.80858928E-3
0.36912461E-3, 0.19810992E-6, 0.16543211E-3, 0.10031937E-4, 0.28612353E-1, 0.20344120E-1, 0.81175819E-1, 0.15274922E-1, 0.72852918E-3
0.49381645E-3, 0.19810048E-6, 0.16419066E-3, 0.10025067E-4, 0.31789947E-1, 0.22606300E-1, 0.90277076E-1, 0.16984142E-1, 0.81004645E-3
0.61830151E-3, 0.19809119E-6, 0.16296016E-3, 0.10018204E-4, 0.33375930E-1, 0.23737349E-1, 0.94878860E-1, 0.17846072E-1, 0.85115246E-3
0.74257993E-3, 0.19808199E-6, 0.16173879E-3, 0.10011344E-4, 0.34929026E-1, 0.24845464E-1, 0.99401198E-1, 0.18692525E-1, 0.89151965E-3
0.86665235E-3, 0.19807301E-6, 0.16052806E-3, 0.10004486E-4, 0.32956261E-1, 0.23445558E-1, 0.93888529E-1, 0.17651938E-1, 0.84188674E-3
0.99051907E-3, 0.19806430E-6, 0.15932835E-3, 0.99976378E-5, 0.27202813E-1, 0.19354926E-1, 0.77572167E-1, 0.14581426E-1, 0.69544022E-3
0.11141838E-2, 0.19805873E-6, 0.15817120E-3, 0.99907938E-5, 0.25070362E-1, 0.17839640E-1, 0.71550652E-1, 0.13447248E-1, 0.64134528E-3
0.12376492E-2, 0.19805908E-6, 0.15708429E-3, 0.99839499E-5, 0.23691297E-1, 0.16860038E-1, 0.67666724E-1, 0.12715296E-1, 0.60643471E-3
0.13609087E-2, 0.19805924E-6, 0.15599673E-3, 0.99771141E-5, 0.19082582E-1, 0.13581434E-1, 0.54540001E-1, 0.10247233E-1, 0.48872357E-3
0.14839598E-2, 0.19805599E-6, 0.15487932E-3, 0.99702866E-5, 0.17830253E-1, 0.12691099E-1, 0.50989956E-1, 0.95791072E-2, 0.45685732E-3
0.16068058E-2, 0.19805167E-6, 0.15375766E-3, 0.99634553E-5, 0.21166084E-1, 0.15066672E-1, 0.60566094E-1, 0.11376699E-1, 0.54258865E-3
0.17294468E-2, 0.19804655E-6, 0.15263469E-3, 0.99566296E-5, 0.19704251E-1, 0.14027288E-1, 0.56418907E-1, 0.10596315E-1, 0.50536875E-3
0.18518911E-2, 0.19804988E-6, 0.15158445E-3, 0.99498166E-5, 0.19503731E-1, 0.13885677E-1, 0.55878807E-1, 0.10493569E-1, 0.50046714E-3
0.19741373E-2, 0.19806114E-6, 0.15059528E-3, 0.99430017E-5, 0.21723300E-1, 0.15467221E-1, 0.62277481E-1, 0.11693669E-1, 0.55770180E-3
0.20961990E-2, 0.19810005E-6, 0.14979624E-3, 0.99361896E-5, 0.28361218E-1, 0.20195594E-1, 0.81370376E-1, 0.15276279E-1, 0.72856440E-3
0.22180798E-2, 0.19817372E-6, 0.14918679E-3, 0.99293929E-5, 0.48434053E-1, 0.34494635E-1, 0.13912542, 0.26112830E-1, 0.12453827E-2
0.23398178E-2, 0.19834462E-6, 0.14905044E-3, 0.99225908E-5, 0.48561402E-1, 0.34592427E-1, 0.13970450, 0.26213538E-1, 0.12501801E-2
0.24613286E-2, 0.19847928E-6, 0.14873872E-3, 0.99157960E-5, 0.40233500E-1, 0.28665479E-1, 0.11590793, 0.21742433E-1, 0.10369385E-2
0.25826213E-2, 0.19859252E-6, 0.14830979E-3, 0.99090084E-5, 0.41818220E-1, 0.29799696E-1, 0.12062731, 0.22621999E-1, 0.10788823E-2
0.27036979E-2, 0.19868412E-6, 0.14776470E-3, 0.99022236E-5, 0.34786813E-1, 0.24793137E-1, 0.10046515, 0.18836400E-1, 0.89833746E-3
0.28245694E-2, 0.19877072E-6, 0.14718881E-3, 0.98954433E-5, 0.34856122E-1, 0.24846181E-1, 0.10077424, 0.18890325E-1, 0.90090639E-3
0.29452366E-2, 0.19885285E-6, 0.14658416E-3, 0.98886685E-5, 0.38750634E-1, 0.27626535E-1, 0.11216119, 0.21020144E-1, 0.10024774E-2
0.30657437E-2, 0.19901535E-6, 0.14624570E-3, 0.98818973E-5, 0.69025673E-1, 0.49221613E-1, 0.20012105, 0.37492700E-1, 0.17880657E-2
0.31861824E-2, 0.19943559E-6, 0.14684668E-3, 0.98751289E-5, 0.74243732E-1, 0.52958760E-1, 0.21573515, 0.40400643E-1, 0.19267353E-2
0.33063630E-2, 0.19975147E-6, 0.14709556E-3, 0.98683695E-5, 0.73269419E-1, 0.52280150E-1, 0.21339536, 0.39945073E-1, 0.19049958E-2
0.34262817E-2, 0.19994788E-6, 0.14691333E-3, 0.98616156E-5, 0.56696907E-1, 0.40466405E-1, 0.16546622, 0.30961441E-1, 0.14765533E-2
0.35459690E-2, 0.20008187E-6, 0.14647846E-3, 0.98548599E-5, 0.47763381E-1, 0.34097873E-1, 0.13962157, 0.26117530E-1, 0.12455410E-2
0.36654458E-2, 0.20019259E-6, 0.14594135E-3, 0.98481105E-5, 0.49230561E-1, 0.35152528E-1, 0.14412655, 0.26952701E-1, 0.12853646E-2
0.37194339E-2, 0.20028158E-6, 0.14530728E-3, 0.98413730E-5, 0.41609302E-1, 0.29716441E-1, 0.12198701, 0.22806477E-1, 0.10876283E-2
0.37132998E-2, 0.20035198E-6, 0.14459400E-3, 0.98346327E-5, 0.44790573E-1, 0.31994298E-1, 0.13148753, 0.24576683E-1, 0.11720440E-2
0.37071663E-2, 0.20040142E-6, 0.14378851E-3, 0.98278961E-5, 0.20997932E-1, 0.15001149E-1, 0.61705284E-1, 0.11531306E-1, 0.54991781E-3
0.37010366E-2, 0.20043618E-6, 0.14291913E-3, 0.98211713E-5, 0.18299716E-1, 0.13074601E-1, 0.53807829E-1, 0.10054343E-1, 0.47948156E-3
0.36949147E-2, 0.20046646E-6, 0.14203582E-3, 0.98144455E-5, 0.17135551E-1, 0.12243748E-1, 0.50411269E-1, 0.94187455E-2, 0.44916949E-3
0.36888020E-2, 0.20049632E-6, 0.14115754E-3, 0.98077217E-5, 0.21110963E-1, 0.15085474E-1, 0.62141657E-1, 0.11609204E-1, 0.55362872E-3
0.36827023E-2, 0.20052865E-6, 0.14029938E-3, 0.98010096E-5, 0.27106613E-1, 0.19371804E-1, 0.79847917E-1, 0.14915079E-1, 0.71127986E-3
0.36766115E-2, 0.20055798E-6, 0.13943340E-3, 0.97943002E-5, 0.33239745E-1, 0.23757879E-1, 0.98003328E-1, 0.18303368E-1, 0.87286002E-3
0.36705267E-2, 0.20058081E-6, 0.13854267E-3, 0.97875900E-5, 0.27674250E-1, 0.19782569E-1, 0.81670783E-1, 0.15250468E-1, 0.72726957E-3
0.36644512E-2, 0.20060168E-6, 0.13764911E-3, 0.97808907E-5, 0.34854379E-1, 0.24918484E-1, 0.10295739, 0.19222070E-1, 0.91666600E-3
0.36583857E-2, 0.20062237E-6, 0.13676175E-3, 0.97741950E-5, 0.31579416E-1, 0.22580348E-1, 0.93378827E-1, 0.17430577E-1, 0.83123008E-3
0.36523296E-2, 0.20064277E-6, 0.13587972E-3, 0.97674993E-5, 0.42613056E-1, 0.30474551E-1, 0.12614609, 0.23542404E-1, 0.11226872E-2
0.36462836E-2, 0.20066200E-6, 0.13499855E-3, 0.97608117E-5, 0.28316831E-1, 0.20253794E-1, 0.83918251E-1, 0.15658444E-1, 0.74671564E-3
0.36402466E-2, 0.20067975E-6, 0.13411703E-3, 0.97541306E-5, 0.35849504E-1, 0.25645062E-1, 0.10634428, 0.19839572E-1, 0.94610121E-3
0.36342202E-2, 0.20069626E-6, 0.13323643E-3, 0.97474503E-5, 0.35186067E-1, 0.25174318E-1, 0.10448994, 0.19489923E-1, 0.92942425E-3
0.36282020E-2, 0.20071164E-6, 0.13235646E-3, 0.97407756E-5, 0.35164569E-1, 0.25162736E-1, 0.10453863, 0.19495361E-1, 0.92968042E-3
0.36221941E-2, 0.20072547E-6, 0.13147583E-3, 0.97341081E-5, 0.28072650E-1, 0.20090716E-1, 0.83536625E-1, 0.15576086E-1, 0.74277871E-3
0.36161942E-2, 0.20073698E-6, 0.13059002E-3, 0.97274442E-5, 0.23890635E-1, 0.17099693E-1, 0.71148127E-1, 0.13264334E-1, 0.63253636E-3
0.36102040E-2, 0.20074769E-6, 0.12970698E-3, 0.97207803E-5, 0.29893713E-1, 0.21398840E-1, 0.89097604E-1, 0.16608385E-1, 0.79200207E-3
0.36042237E-2, 0.20075778E-6, 0.12882793E-3, 0.97141274E-5, 0.26275400E-1, 0.18811027E-1, 0.78380406E-1, 0.14608483E-1, 0.69663086E-3
0.35982565E-2, 0.20077411E-6, 0.12798683E-3, 0.97074771E-5, 0.22515124E-1, 0.16120669E-1, 0.67212991E-1, 0.12525516E-1, 0.59729954E-3
0.35923372E-2, 0.20087205E-6, 0.12755304E-3, 0.97008269E-5, 0.25085077E-1, 0.17962569E-1, 0.74938498E-1, 0.13963495E-1, 0.66587015E-3
0.35864385E-2, 0.20099314E-6, 0.12723637E-3, 0.96941867E-5, 0.26261145E-1, 0.18806785E-1, 0.78512549E-1, 0.14627527E-1, 0.69753395E-3
0.35805127E-2, 0.20103441E-6, 0.12653235E-3, 0.96875519E-5, 0.31467859E-1, 0.22538321E-1, 0.94160460E-1, 0.17540298E-1, 0.83643093E-3
0.35745809E-2, 0.20104257E-6, 0.12566759E-3, 0.96809154E-5, 0.32077465E-1, 0.22978090E-1, 0.96077248E-1, 0.17894471E-1, 0.85331750E-3
0.35686577E-2, 0.20104817E-6, 0.12479657E-3, 0.96742860E-5, 0.43762479E-1, 0.31353507E-1, 0.13122562, 0.24436267E-1, 0.11652656E-2
0.35627442E-2, 0.20105277E-6, 0.12392720E-3, 0.96676640E-5, 0.37987761E-1, 0.27221084E-1, 0.11405351, 0.21234164E-1, 0.10125663E-2
0.35568385E-2, 0.20105645E-6, 0.12305946E-3, 0.96610438E-5, 0.24938136E-1, 0.17872540E-1, 0.74946970E-1, 0.13951174E-1, 0.66526973E-3
0.35509625E-2, 0.20109653E-6, 0.12238008E-3, 0.96544263E-5, 0.29383089E-1, 0.21060592E-1, 0.88377513E-1, 0.16449025E-1, 0.78437914E-3
0.35451970E-2, 0.20135207E-6, 0.12272420E-3, 0.96478198E-5, 0.38592976E-1, 0.27665934E-1, 0.11619858, 0.21623516E-1, 0.10311247E-2
0.35394530E-2, 0.20163230E-6, 0.12318263E-3, 0.96412141E-5, 0.38527682E-1, 0.27623767E-1, 0.11613882, 0.21608297E-1, 0.10303955E-2
0.35336576E-2, 0.20178223E-6, 0.12304180E-3, 0.96346084E-5, 0.26819268E-1, 0.19231770E-1, 0.80925792E-1, 0.15054285E-1, 0.71786437E-3
0.35278420E-2, 0.20187083E-6, 0.12261019E-3, 0.96280146E-5, 0.27597142E-1, 0.19791907E-1, 0.83341315E-1, 0.15501587E-1, 0.73919224E-3
0.35220187E-2, 0.20192385E-6, 0.12200595E-3, 0.96214235E-5, 0.30709503E-1, 0.22026779E-1, 0.92821904E-1, 0.17262569E-1, 0.82316226E-3
0.35161956E-2, 0.20195841E-6, 0.12131323E-3, 0.96148324E-5, 0.31192293E-1, 0.22376081E-1, 0.94369620E-1, 0.17547797E-1, 0.83676120E-3
0.35103790E-2, 0.20198419E-6, 0.12058059E-3, 0.96082495E-5, 0.34334790E-1, 0.24633888E-1, 0.10398009, 0.19331830E-1, 0.92182931E-3
0.35045708E-2, 0.20200746E-6, 0.11984134E-3, 0.96016738E-5, 0.35220388E-1, 0.25273114E-1, 0.10677507, 0.19848198E-1, 0.94644877E-3
0.34987712E-2, 0.20202847E-6, 0.11909593E-3, 0.95950963E-5, 0.28550049E-1, 0.20489553E-1, 0.86637728E-1, 0.16102467E-1, 0.76783379E-3
0.34929977E-2, 0.20208388E-6, 0.11852939E-3, 0.95885252E-5, 0.29065622E-1, 0.20862190E-1, 0.88279098E-1, 0.16405314E-1, 0.78227266E-3
0.34872955E-2, 0.20226754E-6, 0.11859171E-3, 0.95819632E-5, 0.35093728E-1, 0.25192449E-1, 0.10669138, 0.19823987E-1, 0.94528700E-3
0.34816302E-2, 0.20250910E-6, 0.11891135E-3, 0.95754031E-5, 0.39165080E-1, 0.28119687E-1, 0.11920366, 0.22145033E-1, 0.10559611E-2
0.34759711E-2, 0.20274280E-6, 0.11918039E-3, 0.95688438E-5, 0.37304446E-1, 0.26788285E-1, 0.11367302, 0.21113858E-1, 0.10067878E-2
0.34702548E-2, 0.20283747E-6, 0.11880536E-3, 0.95622945E-5, 0.34007344E-1, 0.24424450E-1, 0.10373849, 0.19265462E-1, 0.91864634E-3
0.34645256E-2, 0.20288573E-6, 0.11820845E-3, 0.95557480E-5, 0.32925822E-1, 0.23651177E-1, 0.10054194, 0.18668978E-1, 0.89020096E-3
0.34588017E-2, 0.20292612E-6, 0.11757552E-3, 0.95492005E-5, 0.33402797E-1, 0.23997294E-1, 0.10210123, 0.18955670E-1, 0.90386893E-3
0.34531618E-2, 0.20312056E-6, 0.11766359E-3, 0.95426658E-5, 0.53770594E-1, 0.38637314E-1, 0.16457534, 0.30548444E-1, 0.14566456E-2
0.34477864E-2, 0.20384373E-6, 0.11950452E-3, 0.95361329E-5, 0.12445799, 0.89465223E-1, 0.38196105, 0.70872478E-1, 0.33793978E-2
0.34423936E-2, 0.20450878E-6, 0.12103588E-3, 0.95296018E-5, 0.11388467, 0.81908494E-1, 0.35081244, 0.65059200E-1, 0.31021752E-2
0.34368823E-2, 0.20491207E-6, 0.12175025E-3, 0.95230753E-5, 0.95506094E-1, 0.68722546E-1, 0.29515889, 0.54713778E-1, 0.26088578E-2
0.34312976E-2, 0.20514481E-6, 0.12189327E-3, 0.95165578E-5, 0.78882813E-1, 0.56783330E-1, 0.24444495, 0.45296531E-1, 0.21598099E-2
0.34256768E-2, 0.20528249E-6, 0.12167307E-3, 0.95100404E-5, 0.49739361E-1, 0.35815071E-1, 0.15444398, 0.28611442E-1, 0.13642308E-2
0.34200468E-2, 0.20538332E-6, 0.12129964E-3, 0.95035248E-5, 0.61855860E-1, 0.44550657E-1, 0.19239193, 0.35633583E-1, 0.16990470E-2
0.34144130E-2, 0.20545561E-6, 0.12079834E-3, 0.94970228E-5, 0.52932020E-1, 0.38133297E-1, 0.16492748, 0.30539813E-1, 0.14561639E-2
0.34087789E-2, 0.20551084E-6, 0.12022012E-3, 0.94905208E-5, 0.55956211E-1, 0.40321816E-1, 0.17463982, 0.32331400E-1, 0.15415819E-2
0.34031495E-2, 0.20555369E-6, 0.11958502E-3, 0.94840198E-5, 0.48645593E-1, 0.35062134E-1, 0.15206841, 0.28146980E-1, 0.13420604E-2
0.33975255E-2, 0.20558824E-6, 0.11891361E-3, 0.94775269E-5, 0.46719596E-1, 0.33681188E-1, 0.14626059, 0.27067047E-1, 0.12905641E-2
0.33919145E-2, 0.20562986E-6, 0.11828271E-3, 0.94710394E-5, 0.47223788E-1, 0.34051899E-1, 0.14805140, 0.27393589E-1, 0.13061289E-2
0.33863296E-2, 0.20570539E-6, 0.11782638E-3, 0.94645520E-5, 0.45838643E-1, 0.33060063E-1, 0.14391316, 0.26623262E-1, 0.12693952E-2
0.33807273E-2, 0.20572810E-6, 0.11710732E-3, 0.94580701E-5, 0.41538298E-1, 0.29964469E-1, 0.13058585, 0.24153864E-1, 0.11516506E-2
0.33751302E-2, 0.20574271E-6, 0.11635265E-3, 0.94515981E-5, 0.46947267E-1, 0.33873063E-1, 0.14778771, 0.27331224E-1, 0.13031416E-2
0.33695507E-2, 0.20577323E-6, 0.11568480E-3, 0.94451252E-5, 0.51207460E-1, 0.36955081E-1, 0.16144016, 0.29850755E-1, 0.14232664E-2
0.33640079E-2, 0.20585998E-6, 0.11530767E-3, 0.94386533E-5, 0.46796754E-1, 0.33779547E-1, 0.14775655, 0.27315818E-1, 0.13023971E-2
0.33584437E-2, 0.20588280E-6, 0.11460887E-3, 0.94321958E-5, 0.39720219E-1, 0.28677091E-1, 0.12557854, 0.23212206E-1, 0.11067361E-2
0.33528816E-2, 0.20589322E-6, 0.11385189E-3, 0.94257375E-5, 0.47650695E-1, 0.34409504E-1, 0.15084982, 0.27879201E-1, 0.13292497E-2
0.33473284E-2, 0.20590211E-6, 0.11309282E-3, 0.94192810E-5, 0.53645607E-1, 0.38747430E-1, 0.17008910, 0.31429440E-1, 0.14985150E-2
0.33417831E-2, 0.20590922E-6, 0.11232989E-3, 0.94128336E-5, 0.43651078E-1, 0.31535603E-1, 0.13860768, 0.25607970E-1, 0.12209498E-2
0.33362473E-2, 0.20591665E-6, 0.11157478E-3, 0.94063898E-5, 0.35183135E-1, 0.25422568E-1, 0.11185379, 0.20662384E-1, 0.98514871E-3
0.33307194E-2, 0.20592144E-6, 0.11081111E-3, 0.93999461E-5, 0.37356675E-1, 0.26997561E-1, 0.11889361, 0.21960186E-1, 0.10470228E-2
0.33252346E-2, 0.20599558E-6, 0.11039841E-3, 0.93935096E-5, 0.54171309E-1, 0.39157569E-1, 0.17264698, 0.31883918E-1, 0.15201631E-2
0.33198278E-2, 0.20620777E-6, 0.11067534E-3, 0.93870822E-5, 0.60118575E-1, 0.43467920E-1, 0.19193523, 0.35439476E-1, 0.16896770E-2
0.33143912E-2, 0.20634255E-6, 0.11057842E-3, 0.93806539E-5, 0.50290581E-1, 0.36371190E-1, 0.16083021, 0.29690895E-1, 0.14155917E-2
0.33089085E-2, 0.20636436E-6, 0.10991098E-3, 0.93742265E-5, 0.38285341E-1, 0.27694436E-1, 0.12260314, 0.22630611E-1, 0.10789705E-2
0.33034342E-2, 0.20638592E-6, 0.10924997E-3, 0.93678127E-5, 0.40142730E-1, 0.29043235E-1, 0.12870346, 0.23753747E-1, 0.11325154E-2
0.32979595E-2, 0.20638744E-6, 0.10848667E-3, 0.93613980E-5, 0.38359627E-1, 0.27758176E-1, 0.12313306, 0.22722926E-1, 0.10833653E-2
0.32925170E-2, 0.20643515E-6, 0.10796765E-3, 0.93549843E-5, 0.41987460E-1, 0.30389002E-1, 0.13494194, 0.24899093E-1, 0.11871158E-2
0.32870919E-2, 0.20649807E-6, 0.10753778E-3, 0.93485805E-5, 0.29120665E-1, 0.21079963E-1, 0.93691200E-1, 0.17285764E-1, 0.82413224E-3
0.32816459E-2, 0.20650231E-6, 0.10680196E-3, 0.93421831E-5, 0.26146593E-1, 0.18929480E-1, 0.84192120E-1, 0.15531939E-1, 0.74051350E-3
0.32762047E-2, 0.20649806E-6, 0.10602625E-3, 0.93357849E-5, 0.25974495E-1, 0.18807130E-1, 0.83702937E-1, 0.15440511E-1, 0.73615270E-3
0.32707714E-2, 0.20649225E-6, 0.10524785E-3, 0.93293893E-5, 0.25815388E-1, 0.18694146E-1, 0.83254397E-1, 0.15356611E-1, 0.73215080E-3
0.32653464E-2, 0.20648515E-6, 0.10446850E-3, 0.93230055E-5, 0.25725119E-1, 0.18630980E-1, 0.83026946E-1, 0.15313516E-1, 0.73009450E-3
0.32599303E-2, 0.20647785E-6, 0.10369312E-3, 0.93166218E-5, 0.49598336E-1, 0.35926912E-1, 0.16025653, 0.29554632E-1, 0.14090562E-2
0.32545230E-2, 0.20647011E-6, 0.10292185E-3, 0.93102381E-5, 0.37795570E-1, 0.27383048E-1, 0.12228277, 0.22548681E-1, 0.10750345E-2
0.32491407E-2, 0.20649360E-6, 0.10232045E-3, 0.93038661E-5, 0.39661881E-1, 0.28740358E-1, 0.12847115, 0.23687243E-1, 0.11293130E-2
0.32438166E-2, 0.20661652E-6, 0.10224876E-3, 0.92974979E-5, 0.38684696E-1, 0.28037352E-1, 0.12545474, 0.23128564E-1, 0.11026748E-2
0.32384475E-2, 0.20663096E-6, 0.10160744E-3, 0.92911305E-5, 0.42006686E-1, 0.30450683E-1, 0.13639295, 0.25142366E-1, 0.11986806E-2
0.32331347E-2, 0.20674058E-6, 0.10147004E-3, 0.92847667E-5, 0.48117198E-1, 0.34887534E-1, 0.15644714, 0.28835598E-1, 0.13747535E-2
0.32279009E-2, 0.20698907E-6, 0.10203678E-3, 0.92784121E-5, 0.49045123E-1, 0.35568401E-1, 0.15969971, 0.29431302E-1, 0.14031492E-2
0.32227051E-2, 0.20729421E-6, 0.10283428E-3, 0.92720584E-5, 0.53445406E-1, 0.38768832E-1, 0.17429851, 0.32117467E-1, 0.15312076E-2
0.32174631E-2, 0.20749094E-6, 0.10312089E-3, 0.92657065E-5, 0.48361056E-1, 0.35089046E-1, 0.15796135, 0.29103262E-1, 0.13875000E-2
0.32121646E-2, 0.20755907E-6, 0.10276246E-3, 0.92593646E-5, 0.47025703E-1, 0.34127794E-1, 0.15382163, 0.28337155E-1, 0.13509712E-2
0.32068673E-2, 0.20761338E-6, 0.10233337E-3, 0.92530272E-5, 0.47851931E-1, 0.34735136E-1, 0.15674956, 0.28873155E-1, 0.13765198E-2
0.32016181E-2, 0.20774195E-6, 0.10229157E-3, 0.92466862E-5, 0.56160700E-1, 0.40776286E-1, 0.18425578, 0.33935536E-1, 0.16178619E-2
0.31963272E-2, 0.20777325E-6, 0.10174354E-3, 0.92403570E-5, 0.52066371E-1, 0.37813168E-1, 0.17110366, 0.31509172E-1, 0.15021802E-2
0.31910366E-2, 0.20778738E-6, 0.10110875E-3, 0.92340324E-5, 0.46726849E-1, 0.33943295E-1, 0.15378800, 0.28317185E-1, 0.13499992E-2
0.31857705E-2, 0.20783055E-6, 0.10063608E-3, 0.92277078E-5, 0.50645601E-1, 0.36798380E-1, 0.16693112, 0.30733828E-1, 0.14652057E-2
0.31804969E-2, 0.20784455E-6, 0.10000911E-3, 0.92213877E-5, 0.30871075E-1, 0.22434879E-1, 0.10188060, 0.18755581E-1, 0.89415145E-3
0.31753494E-2, 0.20808687E-6, 0.10036462E-3, 0.92150776E-5, 0.70330516E-1, 0.51123165E-1, 0.23245342, 0.42788550E-1, 0.20398893E-2
0.31703997E-2, 0.20870043E-6, 0.10236302E-3, 0.92087685E-5, 0.76396957E-1, 0.55552229E-1, 0.25307053, 0.46576299E-1, 0.22204542E-2
0.31653536E-2, 0.20911045E-6, 0.10354772E-3, 0.92024602E-5, 0.80059014E-1, 0.58236778E-1, 0.26583365, 0.48917390E-1, 0.23320492E-2
0.31602609E-2, 0.20941050E-6, 0.10425419E-3, 0.91961574E-5, 0.77063568E-1, 0.56078847E-1, 0.25650084, 0.47192633E-1, 0.22498120E-2
0.31551209E-2, 0.20960211E-6, 0.10448381E-3, 0.91898646E-5, 0.73203534E-1, 0.53289149E-1, 0.24421377, 0.44925433E-1, 0.21417176E-2
0.31499942E-2, 0.20980266E-6, 0.10475142E-3, 0.91835718E-5, 0.61828230E-1, 0.45023076E-1, 0.20669235, 0.38018230E-1, 0.18124229E-2
0.31448414E-2, 0.20993522E-6, 0.10470298E-3, 0.91772808E-5, 0.56102797E-1, 0.40865388E-1, 0.18788832, 0.34555808E-1, 0.16473547E-2
0.31396714E-2, 0.21001910E-6, 0.10441645E-3, 0.91710008E-5, 0.47791585E-1, 0.34820206E-1, 0.16030711, 0.29480467E-1, 0.14053970E-2
0.31344979E-2, 0.21007909E-6, 0.10401039E-3, 0.91647198E-5, 0.55544838E-1, 0.40479086E-1, 0.18660316, 0.34313299E-1, 0.16357834E-2
0.31293652E-2, 0.21019994E-6, 0.10388163E-3, 0.91584425E-5, 0.77880234E-1, 0.56774434E-1, 0.26216570, 0.48202783E-1, 0.22979127E-2
0.31243241E-2, 0.21048261E-6, 0.10443768E-3, 0.91521733E-5, 0.10753393, 0.78426793E-1, 0.36300460, 0.66733748E-1, 0.31812994E-2
0.31194489E-2, 0.21107019E-6, 0.10597891E-3, 0.91459096E-5, 0.16837250, 0.12287908, 0.57075286, 0.10490476, 0.50009270E-2
0.31144554E-2, 0.21141267E-6, 0.10670861E-3, 0.91396450E-5, 0.11843099, 0.86492881E-1, 0.40324801, 0.74102879E-1, 0.35325354E-2
0.31093867E-2, 0.21159356E-6, 0.10683258E-3, 0.91333832E-5, 0.98493956E-1, 0.71970798E-1, 0.33648044, 0.61825186E-1, 0.29472301E-2
0.31043000E-2, 0.21172268E-6, 0.10673590E-3, 0.91271349E-5, 0.76868281E-1, 0.56193229E-1, 0.26331499, 0.48376866E-1, 0.23061323E-2
0.30992487E-2, 0.21190321E-6, 0.10686837E-3, 0.91208858E-5, 0.11159063, 0.81613638E-1, 0.38333836, 0.70421129E-1, 0.33569681E-2
0.30941963E-2, 0.21206453E-6, 0.10691426E-3, 0.91146376E-5, 0.82023121E-1, 0.60018059E-1, 0.28261128, 0.51912274E-1, 0.24746391E-2
0.30891174E-2, 0.21215926E-6, 0.10665846E-3, 0.91083984E-5, 0.74305698E-1, 0.54392081E-1, 0.25663039, 0.47136735E-1, 0.22469815E-2
0.30840258E-2, 0.21221247E-6, 0.10619883E-3, 0.91021629E-5, 0.62949002E-1, 0.46094727E-1, 0.21786377, 0.40014092E-1, 0.19074412E-2
0.30789350E-2, 0.21225033E-6, 0.10566296E-3, 0.90959293E-5, 0.59637778E-1, 0.43683369E-1, 0.20678756, 0.37978098E-1, 0.18103799E-2
0.30738479E-2, 0.21227859E-6, 0.10507986E-3, 0.90896992E-5, 0.56845006E-1, 0.41649781E-1, 0.19745144, 0.36262058E-1, 0.17285721E-2
0.30687621E-2, 0.21229565E-6, 0.10444022E-3, 0.90834783E-5, 0.60134716E-1, 0.44072866E-1, 0.20924583, 0.38426753E-1, 0.18317536E-2
0.30636820E-2, 0.21230655E-6, 0.10377146E-3, 0.90772573E-5, 0.47787666E-1, 0.35033222E-1, 0.16655782, 0.30586425E-1, 0.14580108E-2
0.30586105E-2, 0.21231671E-6, 0.10310388E-3, 0.90710400E-5, 0.49937263E-1, 0.36617991E-1, 0.17430584, 0.32008495E-1, 0.15257936E-2
0.30535639E-2, 0.21235996E-6, 0.10262034E-3, 0.90648318E-5, 0.49204621E-1, 0.36089756E-1, 0.17200707, 0.31585645E-1, 0.15056323E-2
0.30485722E-2, 0.21249235E-6, 0.10258331E-3, 0.90586254E-5, 0.56701113E-1, 0.41599128E-1, 0.19852881, 0.36455035E-1, 0.17377426E-2
0.30435722E-2, 0.21259270E-6, 0.10240873E-3, 0.90524209E-5, 0.41317537E-1, 0.30320376E-1, 0.14488170, 0.26603557E-1, 0.12681374E-2
0.30386383E-2, 0.21280387E-6, 0.10274340E-3, 0.90462217E-5, 0.63913241E-1, 0.46914220E-1, 0.22446641, 0.41216444E-1, 0.19646985E-2
0.30338345E-2, 0.21324506E-6, 0.10395414E-3, 0.90400317E-5, 0.97411528E-1, 0.71531810E-1, 0.34294635, 0.62970474E-1, 0.30016515E-2
0.30291118E-2, 0.21382587E-6, 0.10545789E-3, 0.90338399E-5, 0.12177693, 0.89473493E-1, 0.43015724, 0.78982472E-1, 0.37648822E-2
0.30243159E-2, 0.21425160E-6, 0.10641253E-3, 0.90276517E-5, 0.14062560, 0.10339044, 0.49870586, 0.91568418E-1, 0.43647909E-2
0.30194167E-2, 0.21446429E-6, 0.10664294E-3, 0.90214735E-5, 0.96766554E-1, 0.71188182E-1, 0.34442723, 0.63241526E-1, 0.30145170E-2
0.30144656E-2, 0.21456641E-6, 0.10642171E-3, 0.90152980E-5, 0.78070812E-1, 0.57460144E-1, 0.27862582, 0.51160321E-1, 0.24386353E-2
0.30094997E-2, 0.21462459E-6, 0.10599168E-3, 0.90091226E-5, 0.64352781E-1, 0.47381036E-1, 0.23016633, 0.42263139E-1, 0.20145306E-2
0.30045318E-2, 0.21466063E-6, 0.10545053E-3, 0.90029516E-5, 0.65402105E-1, 0.48169572E-1, 0.23437653, 0.43037135E-1, 0.20514175E-2
0.29995677E-2, 0.21468841E-6, 0.10486906E-3, 0.89967907E-5, 0.49551256E-1, 0.36506094E-1, 0.17788532, 0.32664753E-1, 0.15569997E-2
0.29946296E-2, 0.21474935E-6, 0.10446730E-3, 0.89906307E-5, 0.44162501E-1, 0.32543868E-1, 0.15876478, 0.29154295E-1, 0.13896666E-2
0.29896880E-2, 0.21478856E-6, 0.10395498E-3, 0.89844716E-5, 0.44537939E-1, 0.32827992E-1, 0.16032730, 0.29441880E-1, 0.14033706E-2
0.29847650E-2, 0.21484769E-6, 0.10355490E-3, 0.89783225E-5, 0.49478810E-1, 0.36478598E-1, 0.17836443, 0.32754973E-1, 0.15612879E-2
0.29798581E-2, 0.21492112E-6, 0.10323708E-3, 0.89721761E-5, 0.48127960E-1, 0.35491597E-1, 0.17374977, 0.31908441E-1, 0.15209329E-2
0.29749456E-2, 0.21496834E-6, 0.10278183E-3, 0.89660307E-5, 0.53422876E-1, 0.39406549E-1, 0.19315808, 0.35473835E-1, 0.16908743E-2
0.29700743E-2, 0.21507847E-6, 0.10265606E-3, 0.89598898E-5, 0.50286114E-1, 0.37102785E-1, 0.18210287, 0.33444699E-1, 0.15941507E-2
0.29651956E-2, 0.21515945E-6, 0.10238707E-3, 0.89537589E-5, 0.41643087E-1, 0.30732989E-1, 0.15101224, 0.27735580E-1, 0.13220205E-2
0.29603406E-2, 0.21527120E-6, 0.10226035E-3, 0.89476280E-5, 0.56605510E-1, 0.41785955E-1, 0.20557214, 0.37757728E-1, 0.17997229E-2
0.29555620E-2, 0.21550746E-6, 0.10276335E-3, 0.89414980E-5, 0.60163166E-1, 0.44425689E-1, 0.21887749, 0.40203471E-1, 0.19162942E-2
0.29507410E-2, 0.21565093E-6, 0.10282088E-3, 0.89353780E-5, 0.68627067E-1, 0.50692499E-1, 0.25015265, 0.45950685E-1, 0.21902281E-2
0.29458911E-2, 0.21572464E-6, 0.10251826E-3, 0.89292616E-5, 0.50055940E-1, 0.36986154E-1, 0.18278801, 0.33578333E-1, 0.16004980E-2
0.29410466E-2, 0.21579315E-6, 0.10218508E-3, 0.89231453E-5, 0.43563511E-1, 0.32196868E-1, 0.15930580, 0.29266018E-1, 0.13949497E-2
0.29363167E-2, 0.21606108E-6, 0.10278329E-3, 0.89170335E-5, 0.73670149E-1, 0.54464541E-1, 0.26987243, 0.49581215E-1, 0.23632562E-2
0.29317355E-2, 0.21659112E-6, 0.10429445E-3, 0.89109317E-5, 0.11903538, 0.88047288E-1, 0.43731809, 0.80353111E-1, 0.38299626E-2
0.29270740E-2, 0.21695648E-6, 0.10519462E-3, 0.89048308E-5, 0.84561497E-1, 0.62581919E-1, 0.31163982, 0.57268064E-1, 0.27296231E-2
0.29223424E-2, 0.21717703E-6, 0.10553595E-3, 0.88987308E-5, 0.69166690E-1, 0.51209517E-1, 0.25550145, 0.46956617E-1, 0.22381325E-2
0.29175866E-2, 0.21733810E-6, 0.10562492E-3, 0.88926399E-5, 0.62574372E-1, 0.46344936E-1, 0.23161183, 0.42570025E-1, 0.20290448E-2
0.29128359E-2, 0.21749391E-6, 0.10568999E-3, 0.88865527E-5, 0.56048349E-1, 0.41524619E-1, 0.20782936, 0.38202126E-1, 0.18208501E-2
0.29080783E-2, 0.21762264E-6, 0.10563290E-3, 0.88804654E-5, 0.65730892E-1, 0.48713721E-1, 0.24417564, 0.44887215E-1, 0.21394801E-2
0.29033073E-2, 0.21771150E-6, 0.10538309E-3, 0.88743827E-5, 0.61213337E-1, 0.45381073E-1, 0.22783092, 0.41886747E-1, 0.19964615E-2
0.28985259E-2, 0.21776583E-6, 0.10495541E-3, 0.88683100E-5, 0.51213708E-1, 0.37979189E-1, 0.19093806, 0.35107233E-1, 0.16733231E-2
0.28937429E-2, 0.21780436E-6, 0.10444571E-3, 0.88622382E-5, 0.51526621E-1, 0.38221680E-1, 0.19240110, 0.35379283E-1, 0.16862869E-2
0.28889631E-2, 0.21783319E-6, 0.10388633E-3, 0.88561665E-5, 0.44611882E-1, 0.33100978E-1, 0.16682364, 0.30678593E-1, 0.14622352E-2
0.28841873E-2, 0.21785431E-6, 0.10328762E-3, 0.88501038E-5, 0.38940411E-1, 0.28899362E-1, 0.14579883, 0.26814157E-1, 0.12780433E-2
0.28794163E-2, 0.21786862E-6, 0.10265434E-3, 0.88440465E-5, 0.46654489E-1, 0.34632143E-1, 0.17490287, 0.32169204E-1, 0.15332793E-2
0.28746512E-2, 0.21788037E-6, 0.10201122E-3, 0.88379902E-5, 0.50654564E-1, 0.37611194E-1, 0.19017483, 0.34981258E-1, 0.16673079E-2
0.28698945E-2, 0.21789209E-6, 0.10137319E-3, 0.88319366E-5, 0.41773584E-1, 0.31024823E-1, 0.15705302, 0.28891323E-1, 0.13770425E-2
0.28651457E-2, 0.21790440E-6, 0.10074359E-3, 0.88258912E-5, 0.39369404E-1, 0.29245650E-1, 0.14819472, 0.27263923E-1, 0.12994743E-2
0.28604108E-2, 0.21792944E-6, 0.10019280E-3, 0.88198494E-5, 0.50069373E-1, 0.37202984E-1, 0.18872155, 0.34722835E-1, 0.16549857E-2
0.28556793E-2, 0.21794480E-6, 0.99590136E-4, 0.88138077E-5, 0.35935167E-1, 0.26707131E-1, 0.13562413, 0.24955669E-1, 0.11894545E-2
0.28509654E-2, 0.21797693E-6, 0.99089535E-4, 0.88077704E-5, 0.36959361E-1, 0.27473669E-1, 0.13964050, 0.25696646E-1, 0.12247704E-2
0.28462452E-2, 0.21798404E-6, 0.98447337E-4, 0.88017450E-5, 0.28300161E-1, 0.21040607E-1, 0.10702932, 0.19696917E-1, 0.93880680E-3
0.28415311E-2, 0.21798785E-6, 0.97790384E-4, 0.87957187E-5, 0.39897978E-1, 0.29668692E-1, 0.15104151, 0.27798600E-1, 0.13249534E-2
0.28368244E-2, 0.21799049E-6, 0.97131233E-4, 0.87896897E-5, 0.28494447E-1, 0.21192839E-1, 0.10798321, 0.19875403E-1, 0.94731251E-3
0.28321561E-2, 0.21804962E-6, 0.96797805E-4, 0.87836743E-5, 0.38102437E-1, 0.28343869E-1, 0.14453600, 0.26605269E-1, 0.12680739E-2
0.28275144E-2, 0.21814392E-6, 0.96675591E-4, 0.87776625E-5, 0.40568344E-1, 0.30184615E-1, 0.15407011, 0.28362742E-1, 0.13518387E-2
0.28228455E-2, 0.21817378E-6, 0.96185955E-4, 0.87716508E-5, 0.45031097E-1, 0.33512793E-1, 0.17123590, 0.31525869E-1, 0.15025995E-2
0.28181742E-2, 0.21818411E-6, 0.95585943E-4, 0.87656435E-5, 0.45855597E-1, 0.34134805E-1, 0.17460807, 0.32150105E-1, 0.15323511E-2
0.28135073E-2, 0.21818946E-6, 0.94960567E-4, 0.87596445E-5, 0.30886756E-1, 0.22996938E-1, 0.11774817, 0.21682676E-1, 0.10334477E-2
0.28088479E-2, 0.21819345E-6, 0.94331590E-4, 0.87536455E-5, 0.40199272E-1, 0.29936330E-1, 0.15341005, 0.28251993E-1, 0.13465564E-2
0.28041971E-2, 0.21819918E-6, 0.93717892E-4, 0.87476492E-5, 0.38406603E-1, 0.28607462E-1, 0.14674141, 0.27026512E-1, 0.12881458E-2
0.27995512E-2, 0.21819986E-6, 0.93078488E-4, 0.87416620E-5, 0.36006406E-1, 0.26825119E-1, 0.13772428, 0.25368121E-1, 0.12091021E-2
0.27949123E-2, 0.21819952E-6, 0.92437949E-4, 0.87356784E-5, 0.43224432E-1, 0.32209516E-1, 0.16552714, 0.30492309E-1, 0.14533319E-2
0.27902920E-2, 0.21821789E-6, 0.91914546E-4, 0.87296967E-5, 0.42517088E-1, 0.31689912E-1, 0.16302912, 0.30035475E-1, 0.14315572E-2
0.27857011E-2, 0.21827553E-6, 0.91623100E-4, 0.87237158E-5, 0.42925712E-1, 0.32001983E-1, 0.16480711, 0.30366449E-1, 0.14473307E-2
0.27810901E-2, 0.21828421E-6, 0.91046088E-4, 0.87177450E-5, 0.45152515E-1, 0.33670187E-1, 0.17358384, 0.31987328E-1, 0.15245845E-2
0.27764800E-2, 0.21828006E-6, 0.90398455E-4, 0.87117778E-5, 0.37253864E-1, 0.27786538E-1, 0.14339724, 0.26427642E-1, 0.12595973E-2
0.27718777E-2, 0.21827670E-6, 0.89760346E-4, 0.87058106E-5, 0.29497005E-1, 0.22004977E-1, 0.11365299, 0.20947805E-1, 0.99841610E-3
0.27672900E-2, 0.21828485E-6, 0.89197209E-4, 0.86998489E-5, 0.32941405E-1, 0.24578724E-1, 0.12704191, 0.23417599E-1, 0.11161312E-2
0.27627025E-2, 0.21828070E-6, 0.88563036E-4, 0.86938953E-5, 0.31820491E-1, 0.23746615E-1, 0.12283764, 0.22644702E-1, 0.10792924E-2
0.27581234E-2, 0.21827805E-6, 0.87943554E-4, 0.86879418E-5, 0.29540095E-1, 0.22048546E-1, 0.11413854, 0.21042887E-1, 0.10029465E-2
0.27535530E-2, 0.21827586E-6, 0.87331515E-4, 0.86819891E-5, 0.30352449E-1, 0.22658607E-1, 0.11738143, 0.21642609E-1, 0.10315304E-2
0.27489858E-2, 0.21826870E-6, 0.86693661E-4, 0.86760465E-5, 0.33078317E-1, 0.24697810E-1, 0.12804331, 0.23610596E-1, 0.11253280E-2
0.27444276E-2, 0.21826119E-6, 0.86058295E-4, 0.86701084E-5, 0.25835840E-1, 0.19293400E-1, 0.10009662, 0.18458970E-1, 0.87979110E-3
0.27398774E-2, 0.21825555E-6, 0.85439438E-4, 0.86641694E-5, 0.27952500E-1, 0.20877134E-1, 0.10838287, 0.19988636E-1, 0.95269765E-3
0.27353331E-2, 0.21824728E-6, 0.84809377E-4, 0.86582349E-5, 0.34523092E-1, 0.25788955E-1, 0.13398230, 0.24712136E-1, 0.11778286E-2
0.27307961E-2, 0.21823890E-6, 0.84183092E-4, 0.86523096E-5, 0.24549283E-1, 0.18341511E-1, 0.95359623E-1, 0.17590042E-1, 0.83837553E-3
0.27263018E-2, 0.21829113E-6, 0.83917555E-4, 0.86463870E-5, 0.35278339E-1, 0.26361819E-1, 0.13715598, 0.25302082E-1, 0.12059462E-2
0.27218279E-2, 0.21836718E-6, 0.83805688E-4, 0.86404634E-5, 0.36846329E-1, 0.27538992E-1, 0.14340575, 0.26457962E-1, 0.12610372E-2
0.27173250E-2, 0.21837872E-6, 0.83309475E-4, 0.86345472E-5, 0.28002199E-1, 0.20932684E-1, 0.10909081, 0.20129010E-1, 0.95938693E-3
0.27128202E-2, 0.21837445E-6, 0.82720260E-4, 0.86286382E-5, 0.33139277E-1, 0.24776990E-1, 0.12921946, 0.23845354E-1, 0.11365147E-2
0.27083217E-2, 0.21836703E-6, 0.82116167E-4, 0.86227301E-5, 0.33647500E-1, 0.25161650E-1, 0.13133214, 0.24237823E-1, 0.11552202E-2
0.27038290E-2, 0.21835788E-6, 0.81506369E-4, 0.86168220E-5, 0.33787578E-1, 0.25271144E-1, 0.13201159, 0.24365872E-1, 0.11613227E-2
0.26993440E-2, 0.21834839E-6, 0.80898033E-4, 0.86109258E-5, 0.34677178E-1, 0.25941465E-1, 0.13562565, 0.25035730E-1, 0.11932489E-2
0.26948699E-2, 0.21834458E-6, 0.80329730E-4, 0.86050322E-5, 0.32831199E-1, 0.24565149E-1, 0.12853545, 0.23729568E-1, 0.11309945E-2
0.26904312E-2, 0.21839222E-6, 0.80079139E-4, 0.85991378E-5, 0.32834604E-1, 0.24572207E-1, 0.12867476, 0.23757895E-1, 0.11323444E-2
0.26859727E-2, 0.21839021E-6, 0.79527010E-4, 0.85932461E-5, 0.30376205E-1, 0.22736434E-1, 0.11915239, 0.22002084E-1, 0.10486586E-2
0.26815170E-2, 0.21838001E-6, 0.78929450E-4, 0.85873653E-5, 0.29699974E-1, 0.22234017E-1, 0.11660400, 0.21533713E-1, 0.10263352E-2
0.26770681E-2, 0.21836939E-6, 0.78334364E-4, 0.85814863E-5, 0.30668076E-1, 0.22962626E-1, 0.12051272, 0.22257853E-1, 0.10608488E-2
0.26726269E-2, 0.21835872E-6, 0.77742247E-4, 0.85756083E-5, 0.32167058E-1, 0.24089213E-1, 0.12652086, 0.23370061E-1, 0.11138582E-2
0.26681924E-2, 0.21834765E-6, 0.77153229E-4, 0.85697357E-5, 0.31591371E-1, 0.23662336E-1, 0.12437490, 0.22976242E-1, 0.10950878E-2
0.26638268E-2, 0.21844272E-6, 0.77183162E-4, 0.85638712E-5, 0.35117559E-1, 0.26308443E-1, 0.13839553, 0.25569357E-1, 0.12186797E-2
0.26597246E-2, 0.21898418E-6, 0.79306017E-4, 0.85580068E-5, 0.71172535E-1, 0.53334970E-1, 0.28092861, 0.51912956E-1, 0.24742596E-2
0.26557976E-2, 0.21981839E-6, 0.82244180E-4, 0.85521442E-5, 0.76637961E-1, 0.57454851E-1, 0.30317983, 0.56040399E-1, 0.26709747E-2
0.26517124E-2, 0.22036515E-6, 0.83944797E-4, 0.85462907E-5, 0.92738383E-1, 0.69558628E-1, 0.36781147, 0.68008818E-1, 0.32414026E-2
0.26475289E-2, 0.22073019E-6, 0.84936502E-4, 0.85404417E-5, 0.63695893E-1, 0.47796842E-1, 0.25323260, 0.46837151E-1, 0.22323276E-2
0.26432772E-2, 0.22096354E-6, 0.85441767E-4, 0.85345919E-5, 0.51579688E-1, 0.38717851E-1, 0.20542386, 0.38003217E-1, 0.18112891E-2
0.26390566E-2, 0.22123878E-6, 0.86020096E-4, 0.85287438E-5, 0.82428381E-1, 0.61897762E-1, 0.32894450, 0.60870491E-1, 0.29011769E-2
0.26348408E-2, 0.22150923E-6, 0.86551423E-4, 0.85229094E-5, 0.72006993E-1, 0.54096267E-1, 0.28803563, 0.53317126E-1, 0.25411714E-2
0.26306147E-2, 0.22174936E-6, 0.86955260E-4, 0.85170750E-5, 0.71241535E-1, 0.53543366E-1, 0.28559452, 0.52880898E-1, 0.25203794E-2
0.26263874E-2, 0.22197460E-6, 0.87300250E-4, 0.85112397E-5, 0.63254498E-1, 0.47559097E-1, 0.25409621, 0.47061995E-1, 0.22430418E-2
0.26221536E-2, 0.22217687E-6, 0.87574903E-4, 0.85054107E-5, 0.61423458E-1, 0.46199072E-1, 0.24720760, 0.45798324E-1, 0.21828131E-2
0.26178926E-2, 0.22231859E-6, 0.87660992E-4, 0.84995909E-5, 0.55647414E-1, 0.41868910E-1, 0.22435899, 0.41575909E-1, 0.19815667E-2
0.26136055E-2, 0.22240427E-6, 0.87529123E-4, 0.84937701E-5, 0.47886938E-1, 0.36040835E-1, 0.19337437, 0.35842355E-1, 0.17082978E-2
0.26093118E-2, 0.22246802E-6, 0.87297289E-4, 0.84879521E-5, 0.28341973E-1, 0.21335628E-1, 0.11458226, 0.21241741E-1, 0.10124116E-2
0.26050224E-2, 0.22252480E-6, 0.87030690E-4, 0.84821404E-5, 0.22696912E-1, 0.17088590E-1, 0.91829732E-1, 0.17025743E-1, 0.81147102E-3
0.26007348E-2, 0.22257372E-6, 0.86726883E-4, 0.84763369E-5, 0.20226663E-1, 0.15230604E-1, 0.81886970E-1, 0.15183774E-1, 0.72368002E-3
0.25964514E-2, 0.22261588E-6, 0.86391919E-4, 0.84705316E-5, 0.24295174E-1, 0.18296495E-1, 0.98421894E-1, 0.18251574E-1, 0.86989586E-3
0.25921687E-2, 0.22264874E-6, 0.86008265E-4, 0.84647272E-5, 0.23684669E-1, 0.17839193E-1, 0.96016489E-1, 0.17807456E-1, 0.84872846E-3
0.25878907E-2, 0.22267629E-6, 0.85597465E-4, 0.84589346E-5, 0.24547998E-1, 0.18492013E-1, 0.99587247E-1, 0.18471738E-1, 0.88038924E-3
0.25836187E-2, 0.22270044E-6, 0.85170890E-4, 0.84531448E-5, 0.23112606E-1, 0.17413136E-1, 0.93830355E-1, 0.17405856E-1, 0.82958763E-3
0.25793605E-2, 0.22273719E-6, 0.84821695E-4, 0.84473550E-5, 0.24741227E-1, 0.18642718E-1, 0.10051304, 0.18647589E-1, 0.88877062E-3
0.25751186E-2, 0.22279146E-6, 0.84581246E-4, 0.84415678E-5, 0.23680804E-1, 0.17846182E-1, 0.96273892E-1, 0.17863147E-1, 0.85138297E-3
0.25708647E-2, 0.22281283E-6, 0.84146224E-4, 0.84357916E-5, 0.16739089E-1, 0.12616286E-1, 0.68093099E-1, 0.12635549E-1, 0.60222828E-3
0.25666177E-2, 0.22283280E-6, 0.83706611E-4, 0.84300164E-5, 0.17928276E-1, 0.13513921E-1, 0.72967216E-1, 0.13541104E-1, 0.64538827E-3
0.25623767E-2, 0.22285167E-6, 0.83263862E-4, 0.84242420E-5, 0.19103531E-1, 0.14401324E-1, 0.77792242E-1, 0.14437784E-1, 0.68812526E-3
0.25581396E-2, 0.22286480E-6, 0.82788880E-4, 0.84184740E-5, 0.18457113E-1, 0.13915521E-1, 0.75201109E-1, 0.13958133E-1, 0.66526438E-3
0.25539084E-2, 0.22287543E-6, 0.82302213E-4, 0.84127123E-5, 0.19846180E-1, 0.14964438E-1, 0.80905773E-1, 0.15018351E-1, 0.71579590E-3
0.25496844E-2, 0.22288610E-6, 0.81819664E-4, 0.84069507E-5, 0.23539549E-1, 0.17751526E-1, 0.96023098E-1, 0.17826386E-1, 0.84963086E-3
0.25454671E-2, 0.22289642E-6, 0.81338956E-4, 0.84011899E-5, 0.23377644E-1, 0.17631833E-1, 0.95428720E-1, 0.17718045E-1, 0.84446720E-3
0.25412557E-2, 0.22290591E-6, 0.80856335E-4, 0.83954392E-5, 0.25324155E-1, 0.19102613E-1, 0.10344866, 0.19209350E-1, 0.91554492E-3
0.25370505E-2, 0.22291427E-6, 0.80370803E-4, 0.83896948E-5, 0.22989038E-1, 0.17343629E-1, 0.93977086E-1, 0.17452639E-1, 0.83181745E-3
0.25328635E-2, 0.22293972E-6, 0.79993762E-4, 0.83839514E-5, 0.17086502E-1, 0.12892080E-1, 0.69889449E-1, 0.12980567E-1, 0.61867217E-3
0.25286772E-2, 0.22295495E-6, 0.79556419E-4, 0.83782052E-5, 0.14054035E-1, 0.10604978E-1, 0.57511427E-1, 0.10682417E-1, 0.50913909E-3
0.25244912E-2, 0.22295751E-6, 0.79043733E-4, 0.83724708E-5, 0.15618350E-1, 0.11786385E-1, 0.63939996E-1, 0.11877357E-1, 0.56609168E-3
0.25203109E-2, 0.22295909E-6, 0.78528625E-4, 0.83667419E-5, 0.15473732E-1, 0.11678291E-1, 0.63376307E-1, 0.11773553E-1, 0.56114438E-3
0.25161370E-2, 0.22296015E-6, 0.78014447E-4, 0.83610112E-5, 0.16272040E-1, 0.12281904E-1, 0.66676483E-1, 0.12387613E-1, 0.59041125E-3
0.25119681E-2, 0.22296024E-6, 0.77497585E-4, 0.83552832E-5, 0.16692340E-1, 0.12600335E-1, 0.68431273E-1, 0.12714667E-1, 0.60599914E-3
0.25078068E-2, 0.22295920E-6, 0.76977267E-4, 0.83495643E-5, 0.16908053E-1, 0.12764400E-1, 0.69349229E-1, 0.12886310E-1, 0.61417988E-3
0.25036519E-2, 0.22295757E-6, 0.76457480E-4, 0.83438499E-5, 0.15012766E-1, 0.11334646E-1, 0.61604295E-1, 0.11448089E-1, 0.54563215E-3
0.24995040E-2, 0.22295568E-6, 0.75939424E-4, 0.83381337E-5, 0.14326803E-1, 0.10817659E-1, 0.58814302E-1, 0.10930427E-1, 0.52095961E-3
0.24953629E-2, 0.22295386E-6, 0.75425829E-4, 0.83324221E-5, 0.14690861E-1, 0.11093470E-1, 0.60333982E-1, 0.11213677E-1, 0.53445977E-3
0.24912278E-2, 0.22295170E-6, 0.74914220E-4, 0.83267223E-5, 0.15391351E-1, 0.11623431E-1, 0.63238069E-1, 0.11754325E-1, 0.56022778E-3
0.24870995E-2, 0.22294915E-6, 0.74404408E-4, 0.83210207E-5, 0.15283579E-1, 0.11543071E-1, 0.62823087E-1, 0.11678102E-1, 0.55659493E-3
0.24829791E-2, 0.22294664E-6, 0.73897951E-4, 0.83153191E-5, 0.17144516E-1, 0.12949770E-1, 0.70505440E-1, 0.13107248E-1, 0.62470994E-3
0.24788647E-2, 0.22294402E-6, 0.73395357E-4, 0.83096256E-5, 0.16145289E-1, 0.12196204E-1, 0.66428341E-1, 0.12350356E-1, 0.58863551E-3
0.24747711E-2, 0.22296517E-6, 0.73049487E-4, 0.83039395E-5, 0.13207143E-1, 0.99775651E-2, 0.54362677E-1, 0.10107874E-1, 0.48175568E-3
0.24706884E-2, 0.22299162E-6, 0.72740993E-4, 0.82982542E-5, 0.10052528E-1, 0.75948657E-2, 0.41391425E-1, 0.76965387E-2, 0.36682797E-3
0.24665939E-2, 0.22298762E-6, 0.72237774E-4, 0.82925671E-5, 0.12801690E-1, 0.96725281E-2, 0.52727789E-1, 0.98050563E-2, 0.46732282E-3
0.24625056E-2, 0.22298282E-6, 0.71733477E-4, 0.82868910E-5, 0.14201559E-1, 0.10731053E-1, 0.58516037E-1, 0.10882173E-1, 0.51865989E-3
0.24584238E-2, 0.22297797E-6, 0.71232804E-4, 0.82812203E-5, 0.14000613E-1, 0.10580077E-1, 0.57711385E-1, 0.10733319E-1, 0.51156519E-3
0.24543486E-2, 0.22297303E-6, 0.70735259E-4, 0.82755496E-5, 0.13571733E-1, 0.10256793E-1, 0.55965614E-1, 0.10409384E-1, 0.49612601E-3
0.24502801E-2, 0.22296763E-6, 0.70238770E-4, 0.82698789E-5, 0.14392355E-1, 0.10877852E-1, 0.59373334E-1, 0.11044013E-1, 0.52637327E-3
0.24462184E-2, 0.22296194E-6, 0.69743968E-4, 0.82642182E-5, 0.15388033E-1, 0.11631391E-1, 0.63507982E-1, 0.11814014E-1, 0.56307256E-3
0.24421634E-2, 0.22295589E-6, 0.69250389E-4, 0.82585620E-5, 0.13352707E-1, 0.10093790E-1, 0.55130973E-1, 0.10256468E-1, 0.48883772E-3
0.24381140E-2, 0.22294890E-6, 0.68754358E-4, 0.82529068E-5, 0.12025701E-1, 0.90913232E-2, 0.49669877E-1, 0.92411097E-2, 0.44044442E-3
0.24340702E-2, 0.22294105E-6, 0.68255853E-4, 0.82472525E-5, 0.11445661E-1, 0.86533967E-2, 0.47289804E-1, 0.87988395E-2, 0.41936515E-3
0.24300336E-2, 0.22293263E-6, 0.67757690E-4, 0.82416082E-5, 0.11529117E-1, 0.87170675E-2, 0.47650021E-1, 0.88664014E-2, 0.42258523E-3
0.24260031E-2, 0.22292390E-6, 0.67262175E-4, 0.82359666E-5, 0.11744536E-1, 0.88805351E-2, 0.48556261E-1, 0.90355845E-2, 0.43064883E-3
0.24219807E-2, 0.22291533E-6, 0.66770212E-4, 0.82303259E-5, 0.11967206E-1, 0.90495246E-2, 0.49493477E-1, 0.92105661E-2, 0.43898867E-3
0.24179632E-2, 0.22290659E-6, 0.66281442E-4, 0.82246879E-5, 0.12035730E-1, 0.91019692E-2, 0.49793776E-1, 0.92670415E-2, 0.44168034E-3
0.24139530E-2, 0.22289782E-6, 0.65795786E-4, 0.82190600E-5, 0.10994040E-1, 0.83147474E-2, 0.45499008E-1, 0.84682759E-2, 0.40361000E-3
0.24099492E-2, 0.22288910E-6, 0.65314911E-4, 0.82134329E-5, 0.14638764E-1, 0.11072048E-1, 0.60604688E-1, 0.11280510E-1, 0.53764513E-3
0.24059524E-2, 0.22288044E-6, 0.64837601E-4, 0.82078077E-5, 0.12296955E-1, 0.93015507E-2, 0.50929375E-1, 0.94803115E-2, 0.45184503E-3
0.24019624E-2, 0.22287162E-6, 0.64362837E-4, 0.82021843E-5, 0.13431453E-1, 0.10160448E-1, 0.55648312E-1, 0.10359433E-1, 0.49374538E-3
0.23979787E-2, 0.22286279E-6, 0.63891115E-4, 0.81965718E-5, 0.14211573E-1, 0.10751445E-1, 0.58903836E-1, 0.10966295E-1, 0.52266917E-3
0.23940012E-2, 0.22285380E-6, 0.63422332E-4, 0.81909602E-5, 0.13784883E-1, 0.10429488E-1, 0.57158269E-1, 0.10642126E-1, 0.50721882E-3
0.23900310E-2, 0.22284451E-6, 0.62955412E-4, 0.81853495E-5, 0.12315850E-1, 0.93187438E-2, 0.51086135E-1, 0.95122457E-2, 0.45336716E-3
0.23860671E-2, 0.22283498E-6, 0.62490377E-4, 0.81797434E-5, 0.12893816E-1, 0.97567681E-2, 0.53502660E-1, 0.99628828E-2, 0.47484520E-3
0.23821117E-2, 0.22282896E-6, 0.62052946E-4, 0.81741464E-5, 0.12632573E-1, 0.95597971E-2, 0.52437931E-1, 0.97653028E-2, 0.46542817E-3
0.23781655E-2, 0.22282778E-6, 0.61652114E-4, 0.81685503E-5, 0.13774150E-1, 0.10424494E-1, 0.57198197E-1, 0.10652556E-1, 0.50771591E-3
0.23742220E-2, 0.22281971E-6, 0.61206891E-4, 0.81629541E-5, 0.13195612E-1, 0.99874279E-2, 0.54816950E-1, 0.10209827E-1, 0.48661479E-3
0.23702839E-2, 0.22280996E-6, 0.60753257E-4, 0.81573644E-5, 0.11125036E-1, 0.84208548E-2, 0.46231359E-1, 0.86113103E-2, 0.41042728E-3
0.23663526E-2, 0.22280000E-6, 0.60301496E-4, 0.81517828E-5, 0.92432145E-2, 0.69968649E-2, 0.38422290E-1, 0.71571530E-2, 0.34112006E-3
0.23624313E-2, 0.22279630E-6, 0.59894875E-4, 0.81462003E-5, 0.96537927E-2, 0.73080552E-2, 0.40139437E-1, 0.74774064E-2, 0.35638383E-3
0.23586615E-2, 0.22302387E-6, 0.60846003E-4, 0.81406188E-5, 0.18929275E-1, 0.14330905E-1, 0.78737952E-1, 0.14668905E-1, 0.69914089E-3
0.23549462E-2, 0.22332949E-6, 0.62311890E-4, 0.81350472E-5, 0.19359890E-1, 0.14658567E-1, 0.80574393E-1, 0.15012627E-1, 0.71552297E-3
0.23511769E-2, 0.22353844E-6, 0.63242798E-4, 0.81294793E-5, 0.15320898E-1, 0.11601590E-1, 0.63796960E-1, 0.11887808E-1, 0.56658976E-3
0.23473669E-2, 0.22367320E-6, 0.63717023E-4, 0.81239114E-5, 0.16258050E-1, 0.12312377E-1, 0.67730181E-1, 0.12621825E-1, 0.60157420E-3
0.23435315E-2, 0.22375606E-6, 0.63861618E-4, 0.81183462E-5, 0.13614176E-1, 0.10311056E-1, 0.56740604E-1, 0.10574758E-1, 0.50400797E-3
0.23396851E-2, 0.22381144E-6, 0.63826665E-4, 0.81127891E-5, 0.99269422E-2, 0.75189499E-2, 0.41387063E-1, 0.77138287E-2, 0.36765207E-3
0.23358366E-2, 0.22385265E-6, 0.63693224E-4, 0.81072367E-5, 0.96314754E-2, 0.72955652E-2, 0.40166155E-1, 0.74866852E-2, 0.35682597E-3
0.23320045E-2, 0.22391092E-6, 0.63666048E-4, 0.81016860E-5, 0.11322776E-1, 0.85771931E-2, 0.47233224E-1, 0.88044554E-2, 0.41963285E-3
0.23281830E-2, 0.22397644E-6, 0.63693085E-4, 0.80961336E-5, 0.11466988E-1, 0.86870110E-2, 0.47850214E-1, 0.89200391E-2, 0.42514168E-3
0.23243492E-2, 0.22401150E-6, 0.63525273E-4, 0.80905938E-5, 0.12522865E-1, 0.94875665E-2, 0.52273929E-1, 0.97453473E-2, 0.46447705E-3
0.23205171E-2, 0.22403867E-6, 0.63307343E-4, 0.80850559E-5, 0.12369538E-1, 0.93720863E-2, 0.51652286E-1, 0.96301362E-2, 0.45898592E-3
0.23166875E-2, 0.22405962E-6, 0.63049432E-4, 0.80795180E-5, 0.11141730E-1, 0.84423842E-2, 0.46540808E-1, 0.86777266E-2, 0.41359279E-3
0.23128644E-2, 0.22408061E-6, 0.62794439E-4, 0.80739828E-5, 0.12812914E-1, 0.97093601E-2, 0.53539768E-1, 0.99833878E-2, 0.47582234E-3
0.23090476E-2, 0.22410089E-6, 0.62537074E-4, 0.80684576E-5, 0.12348602E-1, 0.93582021E-2, 0.51618189E-1, 0.96257692E-2, 0.45877785E-3
0.23052369E-2, 0.22412060E-6, 0.62277810E-4, 0.80629352E-5, 0.12527032E-1, 0.94941128E-2, 0.52382663E-1, 0.97690243E-2, 0.46560541E-3
0.23014327E-2, 0.22414197E-6, 0.62032210E-4, 0.80574127E-5, 0.14977627E-1, 0.11352302E-1, 0.62654667E-1, 0.11685600E-1, 0.55695220E-3
0.22976338E-2, 0.22416209E-6, 0.61780724E-4, 0.80518930E-5, 0.14109875E-1, 0.10695512E-1, 0.59049625E-1, 0.11014154E-1, 0.52495027E-3
0.22938401E-2, 0.22418003E-6, 0.61515726E-4, 0.80463824E-5, 0.13041171E-1, 0.98862089E-2, 0.54598521E-1, 0.10184717E-1, 0.48541807E-3
0.22900507E-2, 0.22419434E-6, 0.61228377E-4, 0.80408745E-5, 0.12082170E-1, 0.91598872E-2, 0.50601725E-1, 0.94398456E-2, 0.44991644E-3
0.22862668E-2, 0.22420714E-6, 0.60932736E-4, 0.80353684E-5, 0.10850902E-1, 0.82269777E-2, 0.45459926E-1, 0.84812036E-2, 0.40422619E-3
0.22824886E-2, 0.22421888E-6, 0.60632192E-4, 0.80298614E-5, 0.10353361E-1, 0.78502391E-2, 0.43388464E-1, 0.80952412E-2, 0.38583067E-3
0.22787191E-2, 0.22423453E-6, 0.60360882E-4, 0.80243681E-5, 0.11002714E-1, 0.83431154E-2, 0.46123564E-1, 0.86060781E-2, 0.41017789E-3
0.22749524E-2, 0.22424427E-6, 0.60050326E-4, 0.80188756E-5, 0.81692738E-2, 0.61949282E-2, 0.34254983E-1, 0.63919108E-2, 0.30464752E-3
0.22711891E-2, 0.22425122E-6, 0.59723832E-4, 0.80133841E-5, 0.91616167E-2, 0.69477861E-2, 0.38425170E-1, 0.71704206E-2, 0.34175243E-3
0.22674329E-2, 0.22425940E-6, 0.59408521E-4, 0.80078926E-5, 0.88119637E-2, 0.66829710E-2, 0.36967881E-1, 0.68988418E-2, 0.32880862E-3
0.22636834E-2, 0.22426779E-6, 0.59097230E-4, 0.80024138E-5, 0.97716385E-2, 0.74111866E-2, 0.41004442E-1, 0.76525505E-2, 0.36473144E-3
0.22599418E-2, 0.22427753E-6, 0.58798356E-4, 0.79969359E-5, 0.11026497E-1, 0.83634201E-2, 0.46283666E-1, 0.86383233E-2, 0.41171475E-3
0.22562067E-2, 0.22428755E-6, 0.58503345E-4, 0.79914571E-5, 0.10077843E-1, 0.76443544E-2, 0.42314321E-1, 0.78979833E-2, 0.37642903E-3
0.22524758E-2, 0.22429489E-6, 0.58191814E-4, 0.79859838E-5, 0.90377126E-2, 0.68557644E-2, 0.37957218E-1, 0.70851264E-2, 0.33768718E-3
0.22487505E-2, 0.22430054E-6, 0.57871286E-4, 0.79805186E-5, 0.10281485E-1, 0.77996911E-2, 0.43192431E-1, 0.80627920E-2, 0.38428415E-3
0.22450301E-2, 0.22430548E-6, 0.57548477E-4, 0.79750562E-5, 0.11353800E-1, 0.86137066E-2, 0.47711704E-1, 0.89069782E-2, 0.42451921E-3
0.22413158E-2, 0.22431088E-6, 0.57231107E-4, 0.79695928E-5, 0.11250001E-1, 0.85355267E-2, 0.47290802E-1, 0.88289948E-2, 0.42080245E-3
0.22376089E-2, 0.22431797E-6, 0.56928042E-4, 0.79641331E-5, 0.11826515E-1, 0.89735473E-2, 0.49730644E-1, 0.92851417E-2, 0.44254304E-3
0.22339143E-2, 0.22433508E-6, 0.56698227E-4, 0.79586844E-5, 0.12722384E-1, 0.96540004E-2, 0.53516563E-1, 0.99927336E-2, 0.47626786E-3
0.22302750E-2, 0.22442620E-6, 0.56973280E-4, 0.79532356E-5, 0.16646793E-1, 0.12633017E-1, 0.70054278E-1, 0.13081836E-1, 0.62349887E-3
0.22266558E-2, 0.22454014E-6, 0.57398956E-4, 0.79477877E-5, 0.13547749E-1, 0.10282125E-1, 0.57037815E-1, 0.10652128E-1, 0.50769554E-3
0.22230216E-2, 0.22462162E-6, 0.57606634E-4, 0.79423435E-5, 0.13014984E-1, 0.98785600E-2, 0.54815847E-1, 0.10237979E-1, 0.48795657E-3
0.22193727E-2, 0.22467161E-6, 0.57600933E-4, 0.79369092E-5, 0.14936648E-1, 0.11338068E-1, 0.62934712E-1, 0.11755326E-1, 0.56027540E-3
0.22157067E-2, 0.22468473E-6, 0.57338781E-4, 0.79314759E-5, 0.11279807E-1, 0.85629160E-2, 0.47544956E-1, 0.88814432E-2, 0.42330218E-3
0.22120399E-2, 0.22468735E-6, 0.57004781E-4, 0.79260426E-5, 0.98593757E-2, 0.74850791E-2, 0.41570235E-1, 0.77658575E-2, 0.37013181E-3
0.22083770E-2, 0.22468539E-6, 0.56640543E-4, 0.79206129E-5, 0.82680844E-2, 0.62773298E-2, 0.34869637E-1, 0.65144580E-2, 0.31048834E-3
0.22047176E-2, 0.22468092E-6, 0.56260182E-4, 0.79151932E-5, 0.66370685E-2, 0.50392393E-2, 0.27996728E-1, 0.52306773E-2, 0.24930146E-3
0.22010827E-2, 0.22470336E-6, 0.56062367E-4, 0.79097754E-5, 0.10387245E-1, 0.78869686E-2, 0.43825973E-1, 0.81885001E-2, 0.39027547E-3
0.21975143E-2, 0.22481994E-6, 0.56472178E-4, 0.79043566E-5, 0.13132355E-1, 0.99720070E-2, 0.55426806E-1, 0.10356752E-1, 0.49361744E-3
0.21939648E-2, 0.22495590E-6, 0.56988454E-4, 0.78989415E-5, 0.14110891E-1, 0.10715918E-1, 0.59580266E-1, 0.11133765E-1, 0.53065107E-3
0.21904588E-2, 0.22514814E-6, 0.57823017E-4, 0.78935373E-5, 0.17336879E-1, 0.13166996E-1, 0.73234849E-1, 0.13686708E-1, 0.65232784E-3
0.21869517E-2, 0.22532953E-6, 0.58603931E-4, 0.78881340E-5, 0.14540063E-1, 0.11043929E-1, 0.61449204E-1, 0.11485240E-1, 0.54740283E-3
0.21834241E-2, 0.22547007E-6, 0.59159509E-4, 0.78827297E-5, 0.14516029E-1, 0.11026634E-1, 0.61373580E-1, 0.11472131E-1, 0.54677809E-3
0.21799072E-2, 0.22561933E-6, 0.59774837E-4, 0.78773310E-5, 0.15611977E-1, 0.11860202E-1, 0.66036180E-1, 0.12344822E-1, 0.58837183E-3
0.21764212E-2, 0.22580575E-6, 0.60596420E-4, 0.78719413E-5, 0.15815990E-1, 0.12016325E-1, 0.66929966E-1, 0.12513124E-1, 0.59639325E-3
0.21729006E-2, 0.22593110E-6, 0.61025268E-4, 0.78665516E-5, 0.13103406E-1, 0.99562835E-2, 0.55474296E-1, 0.10372323E-1, 0.49435970E-3
0.21693653E-2, 0.22602535E-6, 0.61256338E-4, 0.78611629E-5, 0.13786254E-1, 0.10475966E-1, 0.58387868E-1, 0.10917999E-1, 0.52036735E-3
0.21658482E-2, 0.22613776E-6, 0.61616251E-4, 0.78557778E-5, 0.17229494E-1, 0.13093641E-1, 0.73003612E-1, 0.13652321E-1, 0.65068895E-3
0.21623364E-2, 0.22624930E-6, 0.61985433E-4, 0.78504027E-5, 0.17241374E-1, 0.13104033E-1, 0.73091060E-1, 0.13670148E-1, 0.65153866E-3
0.21588081E-2, 0.22632754E-6, 0.62136605E-4, 0.78450284E-5, 0.12179761E-1, 0.92578596E-2, 0.51655810E-1, 0.96620321E-2, 0.46050618E-3
0.21552804E-2, 0.22639753E-6, 0.62226558E-4, 0.78396552E-5, 0.16617944E-1, 0.12632407E-1, 0.70507772E-1, 0.13189400E-1, 0.62862557E-3
0.21517519E-2, 0.22645713E-6, 0.62252788E-4, 0.78342837E-5, 0.16788561E-1, 0.12763393E-1, 0.71266666E-1, 0.13332766E-1, 0.63545851E-3
0.21482271E-2, 0.22651324E-6, 0.62258623E-4, 0.78289249E-5, 0.13864246E-1, 0.10541184E-1, 0.58879744E-1, 0.11016461E-1, 0.52506017E-3
0.21447209E-2, 0.22658901E-6, 0.62394967E-4, 0.78235653E-5, 0.15619532E-1, 0.11876803E-1, 0.66362694E-1, 0.12417685E-1, 0.59184449E-3
0.21412547E-2, 0.22671563E-6, 0.62860963E-4, 0.78182065E-5, 0.16521946E-1, 0.12564204E-1, 0.70229933E-1, 0.13142655E-1, 0.62639755E-3
0.21377760E-2, 0.22681508E-6, 0.63120679E-4, 0.78128496E-5, 0.17286362E-1, 0.13146842E-1, 0.73515482E-1, 0.13758982E-1, 0.65577251E-3
0.21343192E-2, 0.22693759E-6, 0.63349762E-4, 0.78075036E-5, 0.22488015E-1, 0.17104935E-1, 0.95693611E-1, 0.17912067E-1, 0.85371459E-3
0.21308220E-2, 0.22699167E-6, 0.63187414E-4, 0.78021594E-5, 0.22145579E-1, 0.16846767E-1, 0.94299130E-1, 0.17653609E-1, 0.84139605E-3
0.21273687E-2, 0.22710181E-6, 0.63298408E-4, 0.77968152E-5, 0.24168726E-1, 0.18388432E-1, 0.10298516, 0.19282585E-1, 0.91903546E-3
0.21239831E-2, 0.22730482E-6, 0.63862346E-4, 0.77914729E-5, 0.34036085E-1, 0.25900457E-1, 0.14515662, 0.27183685E-1, 0.12956132E-2
0.21206459E-2, 0.22756990E-6, 0.64733511E-4, 0.77861423E-5, 0.34589879E-1, 0.26327478E-1, 0.14767247, 0.27661012E-1, 0.13183629E-2
0.21173153E-2, 0.22783659E-6, 0.65628104E-4, 0.77808127E-5, 0.38877394E-1, 0.29597539E-1, 0.16616122, 0.31131646E-1, 0.14837786E-2
0.21139756E-2, 0.22808142E-6, 0.66471061E-4, 0.77754830E-5, 0.38387056E-1, 0.29231260E-1, 0.16425888, 0.30783068E-1, 0.14671654E-2
0.21106065E-2, 0.22827356E-6, 0.67134570E-4, 0.77701552E-5, 0.35388976E-1, 0.26954453E-1, 0.15160060, 0.28417785E-1, 0.13544334E-2
0.21072032E-2, 0.22840734E-6, 0.67535642E-4, 0.77648392E-5, 0.31233322E-1, 0.23794213E-1, 0.13393489, 0.25111942E-1, 0.11968723E-2
0.21040598E-2, 0.22850645E-6, 0.67752975E-4, 0.77595250E-5, 0.26666390E-1, 0.20318698E-1, 0.11445171, 0.21463169E-1, 0.10229663E-2
0.21012104E-2, 0.22858873E-6, 0.67873101E-4, 0.77542099E-5, 0.28301768E-1, 0.21568453E-1, 0.12157101, 0.22802468E-1, 0.10867994E-2
0.20983545E-2, 0.22865487E-6, 0.67895147E-4, 0.77488967E-5, 0.25043979E-1, 0.19088907E-1, 0.10766428, 0.20197725E-1, 0.96265355E-3
0.20954928E-2, 0.22870401E-6, 0.67807603E-4, 0.77435943E-5, 0.24834307E-1, 0.18932011E-1, 0.10684275, 0.20047007E-1, 0.95546996E-3
0.20926283E-2, 0.22874221E-6, 0.67649322E-4, 0.77382947E-5, 0.23616472E-1, 0.18006330E-1, 0.10167760, 0.19081045E-1, 0.90943079E-3
0.20897654E-2, 0.22877593E-6, 0.67463239E-4, 0.77329942E-5, 0.20447485E-1, 0.15592283E-1, 0.88092409E-1, 0.16534135E-1, 0.78804145E-3
0.20869130E-2, 0.22881899E-6, 0.67340123E-4, 0.77276954E-5, 0.21531137E-1, 0.16420761E-1, 0.92819288E-1, 0.17423853E-1, 0.83044666E-3
0.20840552E-2, 0.22884616E-6, 0.67108434E-4, 0.77224067E-5, 0.15596231E-1, 0.11895862E-1, 0.67271471E-1, 0.12629700E-1, 0.60195022E-3
0.20811937E-2, 0.22885962E-6, 0.66783788E-4, 0.77171226E-5, 0.15578439E-1, 0.11883423E-1, 0.67225479E-1, 0.12622429E-1, 0.60160365E-3
0.20783350E-2, 0.22887140E-6, 0.66450390E-4, 0.77118375E-5, 0.15881205E-1, 0.12115552E-1, 0.68563804E-1, 0.12875130E-1, 0.61364780E-3
0.20754798E-2, 0.22888193E-6, 0.66110966E-4, 0.77065533E-5, 0.16731173E-1, 0.12765261E-1, 0.72268151E-1, 0.13572293E-1, 0.64687553E-3
0.20726293E-2, 0.22889014E-6, 0.65757267E-4, 0.77012783E-5, 0.17815085E-1, 0.13593686E-1, 0.76989144E-1, 0.14460660E-1, 0.68921642E-3
0.20697813E-2, 0.22889776E-6, 0.65402201E-4, 0.76960077E-5, 0.19276205E-1, 0.14710275E-1, 0.83349355E-1, 0.15657321E-1, 0.74625091E-3
0.20669373E-2, 0.22890514E-6, 0.65048611E-4, 0.76907381E-5, 0.20728918E-1, 0.15820840E-1, 0.89684226E-1, 0.16849708E-1, 0.80308208E-3
0.20640986E-2, 0.22891204E-6, 0.64693959E-4, 0.76854676E-5, 0.19281669E-1, 0.14718103E-1, 0.83472691E-1, 0.15684927E-1, 0.74756681E-3
0.20612646E-2, 0.22891813E-6, 0.64336127E-4, 0.76802062E-5, 0.16395871E-1, 0.12516707E-1, 0.71017615E-1, 0.13346258E-1, 0.63610240E-3
0.20584355E-2, 0.22892382E-6, 0.63978681E-4, 0.76749511E-5, 0.17866800E-1, 0.13641067E-1, 0.77427976E-1, 0.14552717E-1, 0.69360400E-3
0.20556110E-2, 0.22892941E-6, 0.63623142E-4, 0.76696961E-5, 0.18618651E-1, 0.14216705E-1, 0.80729909E-1, 0.15175297E-1, 0.72327704E-3
0.20527896E-2, 0.22893465E-6, 0.63268155E-4, 0.76644410E-5, 0.20840390E-1, 0.15915114E-1, 0.90416349E-1, 0.16998503E-1, 0.81017381E-3
0.20499793E-2, 0.22894889E-6, 0.62979787E-4, 0.76591932E-5, 0.19068252E-1, 0.14563615E-1, 0.82777403E-1, 0.15564611E-1, 0.74183242E-3
0.20472247E-2, 0.22903636E-6, 0.63213083E-4, 0.76539536E-5, 0.23036920E-1, 0.17597044E-1, 0.10006884, 0.18818762E-1, 0.89693000E-3
0.20444747E-2, 0.22912363E-6, 0.63447282E-4, 0.76487131E-5, 0.26088558E-1, 0.19931149E-1, 0.11340837, 0.21331150E-1, 0.10166742E-2
0.20417434E-2, 0.22923068E-6, 0.63800748E-4, 0.76434699E-5, 0.19135023E-1, 0.14620873E-1, 0.83237901E-1, 0.15658939E-1, 0.74632809E-3
0.20390349E-2, 0.22936464E-6, 0.64302425E-4, 0.76382357E-5, 0.20903215E-1, 0.15973933E-1, 0.90983979E-1, 0.17118650E-1, 0.81590010E-3
0.20364367E-2, 0.22965183E-6, 0.65543980E-4, 0.76330098E-5, 0.45431472E-1, 0.34725234E-1, 0.19794250, 0.37251823E-1, 0.17754780E-2
0.20339540E-2, 0.23009846E-6, 0.67364490E-4, 0.76277856E-5, 0.76329865E-1, 0.58364693E-1, 0.33318424, 0.62731460E-1, 0.29898812E-2
0.20313670E-2, 0.23038842E-6, 0.68401976E-4, 0.76225601E-5, 0.52875392E-1, 0.40447466E-1, 0.23127072, 0.43564413E-1, 0.20763543E-2
0.20287163E-2, 0.23058047E-6, 0.68941641E-4, 0.76173369E-5, 0.39805755E-1, 0.30458853E-1, 0.17435580, 0.32854866E-1, 0.15659211E-2
0.20260592E-2, 0.23075683E-6, 0.69367044E-4, 0.76121264E-5, 0.44181809E-1, 0.33816431E-1, 0.19377282, 0.36525328E-1, 0.17408633E-2
0.20234131E-2, 0.23094222E-6, 0.69838730E-4, 0.76069155E-5, 0.56753557E-1, 0.43452773E-1, 0.24929528, 0.47008991E-1, 0.22405386E-2
0.20204957E-2, 0.23112888E-6, 0.70329588E-4, 0.76017050E-5, 0.69984257E-1, 0.53604543E-1, 0.30801278, 0.58109306E-1, 0.27696076E-2
0.20172605E-2, 0.23128553E-6, 0.70688213E-4, 0.75964954E-5, 0.46680536E-1, 0.35768691E-1, 0.20582494, 0.38848452E-1, 0.18516012E-2
0.20139988E-2, 0.23139533E-6, 0.70816524E-4, 0.75912985E-5, 0.33358436E-1, 0.25567368E-1, 0.14726715, 0.27804732E-1, 0.13252349E-2
0.20107324E-2, 0.23149049E-6, 0.70886927E-4, 0.75861035E-5, 0.39777000E-1, 0.30493967E-1, 0.17579815, 0.33201020E-1, 0.15824349E-2
0.20074490E-2, 0.23155414E-6, 0.70829163E-4, 0.75809075E-5, 0.32165080E-1, 0.24664264E-1, 0.14231420, 0.26884997E-1, 0.12814002E-2
0.20041573E-2, 0.23159666E-6, 0.70665541E-4, 0.75757125E-5, 0.29471850E-1, 0.22603588E-1, 0.13052092, 0.24663167E-1, 0.11755034E-2
0.20008644E-2, 0.23163075E-6, 0.70456896E-4, 0.75705284E-5, 0.28165385E-1, 0.21605616E-1, 0.12484495, 0.23596101E-1, 0.11246454E-2
0.19975714E-2, 0.23165644E-6, 0.70196627E-4, 0.75653475E-5, 0.27319700E-1, 0.20960657E-1, 0.12119896, 0.22912120E-1, 0.10920464E-2
0.19942792E-2, 0.23167618E-6, 0.69898299E-4, 0.75601670E-5, 0.25388042E-1, 0.19481935E-1, 0.11271970, 0.21313692E-1, 0.10158619E-2
0.19909895E-2, 0.23169189E-6, 0.69574104E-4, 0.75549856E-5, 0.25147457E-1, 0.19300466E-1, 0.11173714, 0.21132234E-1, 0.10072140E-2
0.19877029E-2, 0.23170422E-6, 0.69228648E-4, 0.75498147E-5, 0.25221910E-1, 0.19360758E-1, 0.11215366, 0.21215359E-1, 0.10111765E-2
0.19844195E-2, 0.23171353E-6, 0.68864523E-4, 0.75446478E-5, 0.20897025E-1, 0.16043320E-1, 0.92987873E-1, 0.17593252E-1, 0.83853817E-3
0.19811401E-2, 0.23171994E-6, 0.68481444E-4, 0.75394823E-5, 0.20788327E-1, 0.15962018E-1, 0.92562333E-1, 0.17515732E-1, 0.83484390E-3
0.19778637E-2, 0.23172402E-6, 0.68084351E-4, 0.75343155E-5, 0.20639945E-1, 0.15850207E-1, 0.91959156E-1, 0.17404579E-1, 0.82954636E-3
0.19745934E-2, 0.23172770E-6, 0.67687288E-4, 0.75291564E-5, 0.25374087E-1, 0.19488601E-1, 0.11312930, 0.21415351E-1, 0.10207101E-2
0.19713277E-2, 0.23173099E-6, 0.67290406E-4, 0.75240050E-5, 0.21707918E-1, 0.16675366E-1, 0.96853696E-1, 0.18338000E-1, 0.87403634E-3
0.19680671E-2, 0.23173369E-6, 0.66891989E-4, 0.75188545E-5, 0.15705898E-1, 0.12066270E-1, 0.70114478E-1, 0.13277369E-1, 0.63283375E-3
0.19648157E-2, 0.23174088E-6, 0.66531305E-4, 0.75137032E-5, 0.12878260E-1, 0.98948041E-2, 0.57515658E-1, 0.10892875E-1, 0.51918265E-3
0.19615716E-2, 0.23175170E-6, 0.66200148E-4, 0.75085563E-5, 0.12335148E-1, 0.94782729E-2, 0.55110358E-1, 0.10438440E-1, 0.49752311E-3
0.19583567E-2, 0.23179521E-6, 0.66111548E-4, 0.75034195E-5, 0.14911076E-1, 0.11458598E-1, 0.66645578E-1, 0.12624765E-1, 0.60172897E-3
0.19551725E-2, 0.23187351E-6, 0.66272420E-4, 0.74982836E-5, 0.18431360E-1, 0.14165318E-1, 0.82420424E-1, 0.15615195E-1, 0.74426044E-3
0.19519831E-2, 0.23193768E-6, 0.66335400E-4, 0.74931472E-5, 0.22741066E-1, 0.17479829E-1, 0.10175498, 0.19281596E-1, 0.91901084E-3
0.19487606E-2, 0.23194903E-6, 0.66010070E-4, 0.74880131E-5, 0.19040871E-1, 0.14637691E-1, 0.85252494E-1, 0.16157407E-1, 0.77010412E-3
0.19455387E-2, 0.23195352E-6, 0.65636348E-4, 0.74828890E-5, 0.21414515E-1, 0.16464591E-1, 0.95938399E-1, 0.18185752E-1, 0.86678058E-3
0.19423296E-2, 0.23196738E-6, 0.65338500E-4, 0.74777677E-5, 0.21233307E-1, 0.16327539E-1, 0.95188089E-1, 0.18046802E-1, 0.86015830E-3
0.19391183E-2, 0.23197209E-6, 0.64972024E-4, 0.74726468E-5, 0.27185129E-1, 0.20907512E-1, 0.12195840, 0.23126936E-1, 0.11022914E-2
0.19359108E-2, 0.23197437E-6, 0.64590226E-4, 0.74675258E-5, 0.21310827E-1, 0.16392341E-1, 0.95676333E-1, 0.18146884E-1, 0.86492923E-3
0.19327085E-2, 0.23197592E-6, 0.64205466E-4, 0.74624149E-5, 0.26740519E-1, 0.20572079E-1, 0.12014011, 0.22791574E-1, 0.10863079E-2
0.19295112E-2, 0.23197674E-6, 0.63818756E-4, 0.74573086E-5, 0.24776243E-1, 0.19064160E-1, 0.11140305, 0.21138798E-1, 0.10075331E-2
0.19263237E-2, 0.23198345E-6, 0.63470783E-4, 0.74522027E-5, 0.26552277E-1, 0.20434178E-1, 0.11948203, 0.22676816E-1, 0.10808400E-2
0.19232422E-2, 0.23213056E-6, 0.64092950E-4, 0.74470959E-5, 0.38685713E-1, 0.29778251E-1, 0.17425473, 0.33081565E-1, 0.15767622E-2
0.19203174E-2, 0.23248711E-6, 0.65820903E-4, 0.74419968E-5, 0.48205942E-1, 0.37117112E-1, 0.21742864, 0.41293543E-1, 0.19681728E-2
0.19174488E-2, 0.23291369E-6, 0.67632784E-4, 0.74369054E-5, 0.50086260E-1, 0.38577534E-1, 0.22625451, 0.42988289E-1, 0.20489544E-2
0.19145058E-2, 0.23323068E-6, 0.68850983E-4, 0.74318132E-5, 0.64992480E-1, 0.50077740E-1, 0.29411232, 0.55909462E-1, 0.26648249E-2
0.19115140E-2, 0.23347312E-6, 0.69715054E-4, 0.74267214E-5, 0.67881338E-1, 0.52326959E-1, 0.30782232, 0.58550306E-1, 0.27907060E-2
0.19084592E-2, 0.23362185E-6, 0.70163966E-4, 0.74216341E-5, 0.51661517E-1, 0.39839946E-1, 0.23471221, 0.44668447E-1, 0.21290570E-2
0.19053631E-2, 0.23370633E-6, 0.70287002E-4, 0.74165564E-5, 0.44980731E-1, 0.34699216E-1, 0.20466806, 0.38967837E-1, 0.18573513E-2
0.19022555E-2, 0.23376855E-6, 0.70280927E-4, 0.74114801E-5, 0.34714364E-1, 0.26786756E-1, 0.15815227, 0.30122532E-1, 0.14357551E-2
0.18991845E-2, 0.23387301E-6, 0.70525857E-4, 0.74064033E-5, 0.40061507E-1, 0.30920548E-1, 0.18272403, 0.34814537E-1, 0.16593979E-2
0.18961348E-2, 0.23399991E-6, 0.70890783E-4, 0.74013278E-5, 0.45839347E-1, 0.35390269E-1, 0.20935553, 0.39904457E-1, 0.19020077E-2
0.18930903E-2, 0.23412647E-6, 0.71243812E-4, 0.73962642E-5, 0.55194214E-1, 0.42627208E-1, 0.25247592, 0.48146021E-1, 0.22948410E-2
0.18901147E-2, 0.23434065E-6, 0.71964372E-4, 0.73912029E-5, 0.79591185E-1, 0.61497346E-1, 0.36484024, 0.69617212E-1, 0.33182588E-2
0.18871444E-2, 0.23455425E-6, 0.72614108E-4, 0.73861402E-5, 0.68794928E-1, 0.53182587E-1, 0.31609079, 0.60357839E-1, 0.28769290E-2
0.18841468E-2, 0.23472448E-6, 0.73030940E-4, 0.73810779E-5, 0.64697817E-1, 0.50038211E-1, 0.29789090, 0.56919053E-1, 0.27130304E-2
0.18811359E-2, 0.23486913E-6, 0.73309362E-4, 0.73760275E-5, 0.63070551E-1, 0.48801076E-1, 0.29098180, 0.55633321E-1, 0.26517555E-2
0.18781264E-2, 0.23500893E-6, 0.73562114E-4, 0.73709798E-5, 0.59211947E-1, 0.45834813E-1, 0.27370599, 0.52361678E-1, 0.24958211E-2
0.18751139E-2, 0.23513788E-6, 0.73759264E-4, 0.73659317E-5, 0.52714620E-1, 0.40821124E-1, 0.24410124, 0.46723921E-1, 0.22271036E-2
0.18721042E-2, 0.23526364E-6, 0.73953503E-4, 0.73608849E-5, 0.76840743E-1, 0.59530057E-1, 0.35653174, 0.68287566E-1, 0.32549521E-2
0.18690815E-2, 0.23536469E-6, 0.74073803E-4, 0.73558440E-5, 0.58341037E-1, 0.45219433E-1, 0.27127901, 0.51994447E-1, 0.24783458E-2
0.18660348E-2, 0.23542633E-6, 0.74014490E-4, 0.73508118E-5, 0.48314206E-1, 0.37461732E-1, 0.22503477, 0.43154500E-1, 0.20569921E-2
0.18629773E-2, 0.23546606E-6, 0.73831805E-4, 0.73457791E-5, 0.43035321E-1, 0.33379223E-1, 0.20073472, 0.38512446E-1, 0.18357310E-2
0.18599167E-2, 0.23549491E-6, 0.73580915E-4, 0.73407468E-5, 0.29197376E-1, 0.22651948E-1, 0.13634484, 0.26168589E-1, 0.12473536E-2
0.18568577E-2, 0.23551904E-6, 0.73300507E-4, 0.73357178E-5, 0.25266595E-1, 0.19606067E-1, 0.11808888, 0.22671103E-1, 0.10806447E-2
0.18538032E-2, 0.23554206E-6, 0.73016905E-4, 0.73306992E-5, 0.21921786E-1, 0.17013380E-1, 0.10253089, 0.19689018E-1, 0.93850249E-3
0.18507546E-2, 0.23556643E-6, 0.72747382E-4, 0.73256811E-5, 0.25250604E-1, 0.19600034E-1, 0.11818547, 0.22700671E-1, 0.10820595E-2
0.18477119E-2, 0.23559241E-6, 0.72494200E-4, 0.73206638E-5, 0.25048885E-1, 0.19446837E-1, 0.11733244, 0.22542704E-1, 0.10745323E-2
0.18446743E-2, 0.23561837E-6, 0.72244235E-4, 0.73156461E-5, 0.28821705E-1, 0.22380037E-1, 0.13511665, 0.25966750E-1, 0.12377475E-2
0.18416435E-2, 0.23564661E-6, 0.72014220E-4, 0.73106403E-5, 0.24461379E-1, 0.18997783E-1, 0.11477063, 0.22062831E-1, 0.10516637E-2
0.18386408E-2, 0.23570533E-6, 0.72012699E-4, 0.73056381E-5, 0.31919580E-1, 0.24794972E-1, 0.14989389, 0.28823160E-1, 0.13739098E-2
0.18356215E-2, 0.23573541E-6, 0.71799470E-4, 0.73006349E-5, 0.32491766E-1, 0.25245100E-1, 0.15273349, 0.29379128E-1, 0.14004146E-2
0.18326057E-2, 0.23576315E-6, 0.71570619E-4, 0.72956332E-5, 0.30987414E-1, 0.24081621E-1, 0.14580634, 0.28056083E-1, 0.13373531E-2
0.18296168E-2, 0.23582010E-6, 0.71566828E-4, 0.72906369E-5, 0.28179739E-1, 0.21904221E-1, 0.13271824, 0.25545733E-1, 0.12176953E-2
0.18266129E-2, 0.23585059E-6, 0.71363895E-4, 0.72856492E-5, 0.30837348E-1, 0.23974894E-1, 0.14536689, 0.27989078E-1, 0.13341660E-2
0.18236232E-2, 0.23589337E-6, 0.71253300E-4, 0.72806611E-5, 0.33386614E-1, 0.25962699E-1, 0.15754205, 0.30343749E-1, 0.14464110E-2
0.18207136E-2, 0.23603570E-6, 0.71830451E-4, 0.72756734E-5, 0.45537964E-1, 0.35421859E-1, 0.21514557, 0.41456111E-1, 0.19761159E-2
0.18179062E-2, 0.23630633E-6, 0.73164418E-4, 0.72706862E-5, 0.58797289E-1, 0.45752499E-1, 0.27824506, 0.53644750E-1, 0.25571294E-2
0.18150110E-2, 0.23645472E-6, 0.73763440E-4, 0.72657153E-5, 0.42567711E-1, 0.33135667E-1, 0.20176797, 0.38921919E-1, 0.18553312E-2
0.18120920E-2, 0.23656548E-6, 0.74107375E-4, 0.72607409E-5, 0.48194204E-1, 0.37527513E-1, 0.22876266, 0.44151217E-1, 0.21046086E-2
0.18092619E-2, 0.23678638E-6, 0.75032178E-4, 0.72557655E-5, 0.66918842E-1, 0.52129190E-1, 0.31821936, 0.61455224E-1, 0.29294733E-2
0.18064716E-2, 0.23705449E-6, 0.76033175E-4, 0.72507960E-5, 0.75109310E-1, 0.58539283E-1, 0.35797352, 0.69187306E-1, 0.32980673E-2
0.18036588E-2, 0.23728639E-6, 0.76791097E-4, 0.72458333E-5, 0.73495060E-1, 0.57311866E-1, 0.35111031, 0.67917719E-1, 0.32375662E-2
0.18008248E-2, 0.23748321E-6, 0.77355915E-4, 0.72408743E-5, 0.79357460E-1, 0.61917529E-1, 0.38003907, 0.73577553E-1, 0.35073846E-2
0.17979689E-2, 0.23764454E-6, 0.77720950E-4, 0.72359171E-5, 0.69624014E-1, 0.54352622E-1, 0.33422071, 0.64762890E-1, 0.30872156E-2
0.17951023E-2, 0.23778578E-6, 0.77972676E-4, 0.72309590E-5, 0.77712089E-1, 0.60699075E-1, 0.37392193, 0.72517738E-1, 0.34569057E-2
0.17922313E-2, 0.23791516E-6, 0.78159748E-4, 0.72260073E-5, 0.89963078E-1, 0.70310935E-1, 0.43402693, 0.84256768E-1, 0.40165326E-2
0.17893589E-2, 0.23803591E-6, 0.78299105E-4, 0.72210637E-5, 0.75226299E-1, 0.58829192E-1, 0.36389714, 0.70712082E-1, 0.33708818E-2
0.17864866E-2, 0.23815019E-6, 0.78402110E-4, 0.72161210E-5, 0.77137940E-1, 0.60357872E-1, 0.37405369, 0.72751813E-1, 0.34681417E-2
0.17836156E-2, 0.23825962E-6, 0.78478472E-4, 0.72111766E-5, 0.76397054E-1, 0.59812076E-1, 0.37137541, 0.72298080E-1, 0.34465347E-2
0.17807555E-2, 0.23837750E-6, 0.78602803E-4, 0.72062348E-5, 0.79459496E-1, 0.62245604E-1, 0.38722968, 0.75456180E-1, 0.35971138E-2
0.17779004E-2, 0.23849523E-6, 0.78730242E-4, 0.72013049E-5, 0.81948020E-1, 0.64233497E-1, 0.40039355, 0.78098886E-1, 0.37231254E-2
0.17750475E-2, 0.23860946E-6, 0.78836216E-4, 0.71963764E-5, 0.82512632E-1, 0.64715758E-1, 0.40422103, 0.78926153E-1, 0.37625949E-2
0.17721980E-2, 0.23872221E-6, 0.78934325E-4, 0.71914478E-5, 0.82361989E-1, 0.64637527E-1, 0.40455690, 0.79073742E-1, 0.37696613E-2
0.17693519E-2, 0.23883280E-6, 0.79025056E-4, 0.71865197E-5, 0.77756993E-1, 0.61060332E-1, 0.38292700, 0.74922249E-1, 0.35717785E-2
0.17665054E-2, 0.23893654E-6, 0.79100697E-4, 0.71815998E-5, 0.85617997E-1, 0.67274630E-1, 0.42274928, 0.82800083E-1, 0.39473735E-2
0.17636410E-2, 0.23901109E-6, 0.79061574E-4, 0.71766858E-5, 0.70392542E-1, 0.55343937E-1, 0.34845161, 0.68317272E-1, 0.32569536E-2
0.17607611E-2, 0.23905903E-6, 0.78890305E-4, 0.71717727E-5, 0.56657389E-1, 0.44566683E-1, 0.28103945, 0.55146437E-1, 0.26290675E-2
0.17578737E-2, 0.23909035E-6, 0.78622237E-4, 0.71668587E-5, 0.47050714E-1, 0.37024662E-1, 0.23377796, 0.45904037E-1, 0.21884555E-2
0.17549895E-2, 0.23911988E-6, 0.78349891E-4, 0.71619488E-5, 0.40088259E-1, 0.31556338E-1, 0.19946484, 0.39189175E-1, 0.18683358E-2
0.17521054E-2, 0.23914370E-6, 0.78040452E-4, 0.71570498E-5, 0.38285986E-1, 0.30146595E-1, 0.19073679, 0.37493918E-1, 0.17875219E-2
0.17492173E-2, 0.23915547E-6, 0.77643504E-4, 0.71521513E-5, 0.34064084E-1, 0.26829623E-1, 0.16990055, 0.33414241E-1, 0.15930301E-2
0.17463301E-2, 0.23916343E-6, 0.77221048E-4, 0.71472518E-5, 0.35361603E-1, 0.27858920E-1, 0.17656766, 0.34741603E-1, 0.16563187E-2
0.17434547E-2, 0.23917929E-6, 0.76860677E-4, 0.71423533E-5, 0.29632229E-1, 0.23350965E-1, 0.14811479, 0.29156085E-1, 0.13900320E-2
0.17406186E-2, 0.23923997E-6, 0.76841956E-4, 0.71374666E-5, 0.31680457E-1, 0.24970839E-1, 0.15850776, 0.31214843E-1, 0.14881894E-2
0.17378196E-2, 0.23934231E-6, 0.77025965E-4, 0.71325826E-5, 0.51424492E-1, 0.40545974E-1, 0.25763208, 0.50763767E-1, 0.24202089E-2
0.17351401E-2, 0.23959194E-6, 0.77928846E-4, 0.71276982E-5, 0.64154498E-1, 0.50605498E-1, 0.32200766, 0.63498788E-1, 0.30273821E-2
0.17324209E-2, 0.23978512E-6, 0.78494944E-4, 0.71228142E-5, 0.71920320E-1, 0.56761030E-1, 0.36178145, 0.71409166E-1, 0.34045444E-2
0.17296840E-2, 0.23994906E-6, 0.78893660E-4, 0.71179361E-5, 0.82034647E-1, 0.64782038E-1, 0.41369167, 0.81742421E-1, 0.38972350E-2
0.17269332E-2, 0.24008878E-6, 0.79160876E-4, 0.71130667E-5, 0.75313300E-1, 0.59510875E-1, 0.38077617, 0.75321876E-1, 0.35911561E-2
0.17241781E-2, 0.24021787E-6, 0.79360681E-4, 0.71081972E-5, 0.70977852E-1, 0.56117255E-1, 0.35971561, 0.71229629E-1, 0.33960792E-2
0.17214164E-2, 0.24033179E-6, 0.79475387E-4, 0.71033282E-5, 0.86794943E-1, 0.68664975E-1, 0.44100496, 0.87424055E-1, 0.41682371E-2
0.17186480E-2, 0.24043186E-6, 0.79539808E-4, 0.70984606E-5, 0.74458472E-1, 0.58943011E-1, 0.37932867, 0.75285226E-1, 0.35895146E-2
0.17158599E-2, 0.24050047E-6, 0.79469974E-4, 0.70936026E-5, 0.60132954E-1, 0.47628038E-1, 0.30702612, 0.60995232E-1, 0.29082103E-2
0.17130552E-2, 0.24054179E-6, 0.79258905E-4, 0.70887490E-5, 0.50498348E-1, 0.40014513E-1, 0.25830099, 0.51356960E-1, 0.24486824E-2
0.17102426E-2, 0.24056715E-6, 0.78950732E-4, 0.70838946E-5, 0.42929675E-1, 0.34029774E-1, 0.21992272, 0.43756530E-1, 0.20863104E-2
0.17074291E-2, 0.24058502E-6, 0.78594108E-4, 0.70790402E-5, 0.39664581E-1, 0.31451870E-1, 0.20346935, 0.40507697E-1, 0.19314166E-2
0.17046136E-2, 0.24059534E-6, 0.78183504E-4, 0.70741930E-5, 0.36381852E-1, 0.28857552E-1, 0.18686084, 0.37222292E-1, 0.17747765E-2
0.17018003E-2, 0.24060247E-6, 0.77752527E-4, 0.70693536E-5, 0.32629088E-1, 0.25887990E-1, 0.16777432, 0.33437587E-1, 0.15943267E-2
0.16989951E-2, 0.24061313E-6, 0.77353980E-4, 0.70645128E-5, 0.31467408E-1, 0.24972681E-1, 0.16196968, 0.32296289E-1, 0.15399151E-2
0.16961892E-2, 0.24061711E-6, 0.76904580E-4, 0.70596734E-5, 0.31462781E-1, 0.24975231E-1, 0.16211054, 0.32339640E-1, 0.15419886E-2
0.16933857E-2, 0.24061833E-6, 0.76436416E-4, 0.70548354E-5, 0.30658294E-1, 0.24342636E-1, 0.15812451, 0.31559300E-1, 0.15047871E-2
0.16905852E-2, 0.24061734E-6, 0.75953547E-4, 0.70500096E-5, 0.30228486E-1, 0.24007186E-1, 0.15606155, 0.31161943E-1, 0.14858469E-2
0.16877925E-2, 0.24062035E-6, 0.75505704E-4, 0.70451852E-5, 0.34420896E-1, 0.27343776E-1, 0.17789148, 0.35538293E-1, 0.16945256E-2
0.16850346E-2, 0.24066165E-6, 0.75364820E-4, 0.70403603E-5, 0.39958198E-1, 0.31751979E-1, 0.20675845, 0.41328512E-1, 0.19706234E-2
0.16822575E-2, 0.24067299E-6, 0.74991251E-4, 0.70355354E-5, 0.35396311E-1, 0.28135451E-1, 0.18337858, 0.36676336E-1, 0.17488084E-2
0.16794759E-2, 0.24067285E-6, 0.74527314E-4, 0.70307178E-5, 0.32776404E-1, 0.26060117E-1, 0.16999480, 0.34017447E-1, 0.16220341E-2
0.16766973E-2, 0.24067035E-6, 0.74046933E-4, 0.70259084E-5, 0.30786270E-1, 0.24484048E-1, 0.15983854, 0.32000858E-1, 0.15258850E-2
0.16739228E-2, 0.24066728E-6, 0.73565614E-4, 0.70210986E-5, 0.34949124E-1, 0.27802030E-1, 0.18164471, 0.36385052E-1, 0.17349429E-2
0.16711523E-2, 0.24066389E-6, 0.73084768E-4, 0.70162887E-5, 0.36974691E-1, 0.29421870E-1, 0.19239752, 0.38560450E-1, 0.18386815E-2
0.16683864E-2, 0.24066003E-6, 0.72603376E-4, 0.70114811E-5, 0.39310746E-1, 0.31290341E-1, 0.20480759, 0.41072089E-1, 0.19584545E-2
0.16656244E-2, 0.24065565E-6, 0.72120856E-4, 0.70066835E-5, 0.36034189E-1, 0.28691100E-1, 0.18797010, 0.37717965E-1, 0.17985282E-2
0.16628668E-2, 0.24065048E-6, 0.71636161E-4, 0.70018891E-5, 0.35419591E-1, 0.28209908E-1, 0.18497998, 0.37138879E-1, 0.17709248E-2
0.16601130E-2, 0.24064457E-6, 0.71149043E-4, 0.69970938E-5, 0.26722802E-1, 0.21288775E-1, 0.13970383, 0.28062603E-1, 0.13381392E-2
0.16573631E-2, 0.24063826E-6, 0.70660870E-4, 0.69922985E-5, 0.31574912E-1, 0.25160113E-1, 0.16522549, 0.33204436E-1, 0.15833295E-2
0.16546180E-2, 0.24063164E-6, 0.70174268E-4, 0.69875105E-5, 0.31877469E-1, 0.25407754E-1, 0.16698162, 0.33574335E-1, 0.16009751E-2
0.16518771E-2, 0.24062481E-6, 0.69690053E-4, 0.69827311E-5, 0.37691392E-1, 0.30050170E-1, 0.19765989, 0.39764646E-1, 0.18961675E-2
0.16491788E-2, 0.24066492E-6, 0.69576163E-4, 0.69779508E-5, 0.35033990E-1, 0.27939927E-1, 0.18394671, 0.37027791E-1, 0.17656711E-2
0.16465660E-2, 0.24080515E-6, 0.70212016E-4, 0.69731705E-5, 0.45077432E-1, 0.35961404E-1, 0.23698997, 0.47735859E-1, 0.22762993E-2
0.16441186E-2, 0.24114365E-6, 0.71820054E-4, 0.69683915E-5, 0.74855156E-1, 0.59746463E-1, 0.39432004, 0.79502717E-1, 0.37911474E-2
0.16416276E-2, 0.24142386E-6, 0.72989205E-4, 0.69636235E-5, 0.82481883E-1, 0.65876558E-1, 0.43562987, 0.87943755E-1, 0.41937176E-2
0.16390799E-2, 0.24162787E-6, 0.73708863E-4, 0.69588591E-5, 0.11004074, 0.87957345E-1, 0.58304250, 0.11788843, 0.56217597E-2
0.16364976E-2, 0.24178419E-6, 0.74166870E-4, 0.69540929E-5, 0.82072720E-1, 0.65655649E-1, 0.43627754, 0.88356331E-1, 0.42135278E-2
0.16338925E-2, 0.24190749E-6, 0.74444921E-4, 0.69493281E-5, 0.67295194E-1, 0.53868230E-1, 0.35862866, 0.72722793E-1, 0.34680422E-2
0.16312929E-2, 0.24203166E-6, 0.74700059E-4, 0.69445682E-5, 0.61724052E-1, 0.49435679E-1, 0.32965231, 0.66920847E-1, 0.31913915E-2
0.16286984E-2, 0.24215711E-6, 0.74944466E-4, 0.69398184E-5, 0.71929641E-1, 0.57641972E-1, 0.38501590, 0.78249194E-1, 0.37316715E-2
0.16261030E-2, 0.24227589E-6, 0.75149532E-4, 0.69350681E-5, 0.66447720E-1, 0.53280380E-1, 0.35650334, 0.72541095E-1, 0.34594969E-2
0.16235072E-2, 0.24238858E-6, 0.75326025E-4, 0.69303178E-5, 0.71627147E-1, 0.57467211E-1, 0.38518405, 0.78470863E-1, 0.37423330E-2
0.16209108E-2, 0.24249488E-6, 0.75465250E-4, 0.69255680E-5, 0.95130250E-1, 0.76377772E-1, 0.51299566, 0.10465945, 0.49913614E-2
0.16183002E-2, 0.24257858E-6, 0.75508091E-4, 0.69208277E-5, 0.91858685E-1, 0.73810659E-1, 0.49692723, 0.10154910, 0.48431074E-2
0.16156659E-2, 0.24262832E-6, 0.75385404E-4, 0.69160933E-5, 0.50387818E-1, 0.40513311E-1, 0.27325535, 0.55913381E-1, 0.26666739E-2
0.16130460E-2, 0.24268982E-6, 0.75317621E-4, 0.69113571E-5, 0.74157320E-1, 0.59656549E-1, 0.40299726, 0.82552679E-1, 0.39372249E-2
0.16104733E-2, 0.24280354E-6, 0.75518336E-4, 0.69066218E-5, 0.82000099E-1, 0.66010684E-1, 0.44680241, 0.91655709E-1, 0.43714456E-2
0.16079016E-2, 0.24291319E-6, 0.75689459E-4, 0.69018893E-5, 0.85897788E-1, 0.69198973E-1, 0.46937516, 0.96433528E-1, 0.45993947E-2
0.16053258E-2, 0.24301244E-6, 0.75813165E-4, 0.68971708E-5, 0.71964890E-1, 0.58015328E-1, 0.39431167, 0.81130847E-1, 0.38695950E-2
0.16027651E-2, 0.24312422E-6, 0.75982469E-4, 0.68924478E-5, 0.72246306E-1, 0.58279183E-1, 0.39682686, 0.81757911E-1, 0.38995584E-2
0.16002066E-2, 0.24323438E-6, 0.76142125E-4, 0.68877275E-5, 0.92982464E-1, 0.75060889E-1, 0.51215559, 0.10568134, 0.50407033E-2
0.15976395E-2, 0.24332840E-6, 0.76228847E-4, 0.68830063E-5, 0.91849908E-1, 0.74207589E-1, 0.50752270, 0.10490843, 0.50039347E-2
0.15950535E-2, 0.24339414E-6, 0.76184821E-4, 0.68782965E-5, 0.77099808E-1, 0.62338207E-1, 0.42727116, 0.88464059E-1, 0.42196456E-2
0.15924925E-2, 0.24348492E-6, 0.76255317E-4, 0.68735903E-5, 0.66207170E-1, 0.53565804E-1, 0.36781859, 0.76260932E-1, 0.36376256E-2
0.15899478E-2, 0.24358980E-6, 0.76382086E-4, 0.68688823E-5, 0.81717424E-1, 0.66158138E-1, 0.45513105, 0.94497964E-1, 0.45075985E-2
0.15874028E-2, 0.24368890E-6, 0.76477038E-4, 0.68641775E-5, 0.90443872E-1, 0.73280074E-1, 0.50523126, 0.10507711, 0.50123227E-2
0.15848448E-2, 0.24376746E-6, 0.76484299E-4, 0.68594736E-5, 0.80561087E-1, 0.65323658E-1, 0.45136139, 0.94032563E-1, 0.44855690E-2
0.15822662E-2, 0.24381620E-6, 0.76348828E-4, 0.68547815E-5, 0.49099535E-1, 0.39836831E-1, 0.27572161, 0.57517283E-1, 0.27437478E-2
0.15796816E-2, 0.24385264E-6, 0.76151133E-4, 0.68500904E-5, 0.42512815E-1, 0.34507107E-1, 0.23911035, 0.49925879E-1, 0.23816410E-2
0.15770955E-2, 0.24388163E-6, 0.75909702E-4, 0.68453996E-5, 0.41292369E-1, 0.33529267E-1, 0.23257993, 0.48603345E-1, 0.23185725E-2
0.15745081E-2, 0.24390451E-6, 0.75629221E-4, 0.68407076E-5, 0.37376788E-1, 0.30360784E-1, 0.21081150, 0.44089608E-1, 0.21032675E-2
0.15719183E-2, 0.24391846E-6, 0.75283053E-4, 0.68360241E-5, 0.31316131E-1, 0.25445774E-1, 0.17683701, 0.37010051E-1, 0.17655559E-2
0.15693272E-2, 0.24392659E-6, 0.74893447E-4, 0.68313466E-5, 0.30718161E-1, 0.24966927E-1, 0.17364377, 0.36364682E-1, 0.17347808E-2
0.15667377E-2, 0.24393134E-6, 0.74478812E-4, 0.68266718E-5, 0.29915825E-1, 0.24321536E-1, 0.16928355, 0.35473589E-1, 0.16922830E-2
0.15641507E-2, 0.24393339E-6, 0.74044787E-4, 0.68219956E-5, 0.30714214E-1, 0.24977524E-1, 0.17398110, 0.36480632E-1, 0.17403363E-2
0.15615654E-2, 0.24393285E-6, 0.73590876E-4, 0.68173194E-5, 0.31607002E-1, 0.25710873E-1, 0.17922874, 0.37605017E-1, 0.17939887E-2
0.15589860E-2, 0.24393421E-6, 0.73156596E-4, 0.68126542E-5, 0.21092219E-1, 0.17161835E-1, 0.11971512, 0.25132254E-1, 0.11989692E-2
0.15564359E-2, 0.24396542E-6, 0.72982337E-4, 0.68079926E-5, 0.28764317E-1, 0.23409570E-1, 0.16339755, 0.34320213E-1, 0.16373027E-2
0.15538809E-2, 0.24398517E-6, 0.72714909E-4, 0.68033314E-5, 0.26735449E-1, 0.21763965E-1, 0.15201747, 0.31948481E-1, 0.15241646E-2
0.15513465E-2, 0.24402470E-6, 0.72610164E-4, 0.67986707E-5, 0.32245211E-1, 0.26256233E-1, 0.18352954, 0.38594652E-1, 0.18412456E-2
0.15488012E-2, 0.24404582E-6, 0.72358467E-4, 0.67940114E-5, 0.25922596E-1, 0.21113630E-1, 0.14769131, 0.31077202E-1, 0.14826189E-2
0.15462474E-2, 0.24405230E-6, 0.71982067E-4, 0.67893634E-5, 0.28096890E-1, 0.22890221E-1, 0.16022637, 0.33733848E-1, 0.16093708E-2
0.15436934E-2, 0.24405293E-6, 0.71555885E-4, 0.67847172E-5, 0.26953733E-1, 0.21964494E-1, 0.15385264, 0.32410726E-1, 0.15462571E-2
0.15411415E-2, 0.24405117E-6, 0.71111448E-4, 0.67800715E-5, 0.27097981E-1, 0.22087570E-1, 0.15481961, 0.32633074E-1, 0.15568746E-2
0.15385926E-2, 0.24404881E-6, 0.70664893E-4, 0.67754254E-5, 0.26974745E-1, 0.21992628E-1, 0.15425859, 0.32533441E-1, 0.15521310E-2
0.15360479E-2, 0.24404591E-6, 0.70217255E-4, 0.67707861E-5, 0.26769593E-1, 0.21830814E-1, 0.15322687, 0.32334302E-1, 0.15426403E-2
0.15335071E-2, 0.24404252E-6, 0.69768852E-4, 0.67661535E-5, 0.26382878E-1, 0.21520773E-1, 0.15115172, 0.31914487E-1, 0.15226208E-2
0.15309700E-2, 0.24403860E-6, 0.69319038E-4, 0.67615215E-5, 0.29706273E-1, 0.24237994E-1, 0.17035541, 0.35990629E-1, 0.17171020E-2
0.15284549E-2, 0.24405523E-6, 0.69054229E-4, 0.67568908E-5, 0.27371505E-1, 0.22339014E-1, 0.15712254, 0.33215456E-1, 0.15847099E-2
0.15259441E-2, 0.24407188E-6, 0.68793728E-4, 0.67522597E-5, 0.23192314E-1, 0.18932696E-1, 0.13324875, 0.28183963E-1, 0.13446658E-2
0.15234628E-2, 0.24411861E-6, 0.68799178E-4, 0.67476385E-5, 0.23324683E-1, 0.19044898E-1, 0.13411650, 0.28381716E-1, 0.13541086E-2
0.15209491E-2, 0.24412208E-6, 0.68421810E-4, 0.67430219E-5, 0.17418016E-1, 0.14224743E-1, 0.10022333, 0.21218663E-1, 0.10123599E-2
0.15184314E-2, 0.24411617E-6, 0.67964007E-4, 0.67384049E-5, 0.18356849E-1, 0.14993932E-1, 0.10568920, 0.22384487E-1, 0.10679867E-2
0.15159237E-2, 0.24411710E-6, 0.67573725E-4, 0.67337887E-5, 0.20229992E-1, 0.16526878E-1, 0.11655013, 0.24695093E-1, 0.11782331E-2
0.15134146E-2, 0.24411173E-6, 0.67127141E-4, 0.67291744E-5, 0.19986248E-1, 0.16330805E-1, 0.11522482, 0.24424944E-1, 0.11653494E-2
0.15109087E-2, 0.24410511E-6, 0.66672459E-4, 0.67245710E-5, 0.22377370E-1, 0.18288186E-1, 0.12910308, 0.27379345E-1, 0.13063150E-2
0.15084066E-2, 0.24409817E-6, 0.66219043E-4, 0.67199690E-5, 0.19768748E-1, 0.16159469E-1, 0.11413600, 0.24216428E-1, 0.11554128E-2
0.15059087E-2, 0.24409107E-6, 0.65767446E-4, 0.67153669E-5, 0.22116778E-1, 0.18082341E-1, 0.12778378, 0.27124479E-1, 0.12941676E-2
0.15034317E-2, 0.24410366E-6, 0.65493987E-4, 0.67107649E-5, 0.20311201E-1, 0.16609453E-1, 0.11743774, 0.24940023E-1, 0.11899485E-2
0.15010552E-2, 0.24422761E-6, 0.66160181E-4, 0.67061687E-5, 0.25703015E-1, 0.21023154E-1, 0.14873065, 0.31601548E-1, 0.15077952E-2
0.14987232E-2, 0.24439811E-6, 0.67182293E-4, 0.67015817E-5, 0.33509467E-1, 0.27415879E-1, 0.19410069, 0.41268229E-1, 0.19690334E-2
0.14964405E-2, 0.24462128E-6, 0.68504669E-4, 0.66969947E-5, 0.46157077E-1, 0.37777845E-1, 0.26773244, 0.56972992E-1, 0.27183837E-2
0.14941371E-2, 0.24481523E-6, 0.69556692E-4, 0.66924081E-5, 0.48673939E-1, 0.39855927E-1, 0.28280312, 0.60243219E-1, 0.28744540E-2
0.14917797E-2, 0.24494281E-6, 0.70128066E-4, 0.66878206E-5, 0.42550847E-1, 0.34857433E-1, 0.24762544, 0.52803308E-1, 0.25194953E-2
0.14893729E-2, 0.24500864E-6, 0.70257607E-4, 0.66832426E-5, 0.33489563E-1, 0.27444601E-1, 0.19515653, 0.41650672E-1, 0.19873711E-2
0.14869510E-2, 0.24505277E-6, 0.70219707E-4, 0.66786706E-5, 0.32564841E-1, 0.26695251E-1, 0.18998738, 0.40577527E-1, 0.19361819E-2
0.14845252E-2, 0.24508765E-6, 0.70106660E-4, 0.66740981E-5, 0.27759010E-1, 0.22762291E-1, 0.16212207, 0.34649789E-1, 0.16533498E-2
0.14821020E-2, 0.24512048E-6, 0.69979134E-4, 0.66695261E-5, 0.24839539E-1, 0.20373492E-1, 0.14520475, 0.31052597E-1, 0.14817166E-2
0.14796690E-2, 0.24513776E-6, 0.69722613E-4, 0.66649554E-5, 0.22528563E-1, 0.18482221E-1, 0.13180409, 0.28201979E-1, 0.13457042E-2
0.14772336E-2, 0.24514802E-6, 0.69406218E-4, 0.66603957E-5, 0.18286785E-1, 0.15005249E-1, 0.10706334, 0.22918914E-1, 0.10936199E-2
0.14747978E-2, 0.24515242E-6, 0.69038964E-4, 0.66558387E-5, 0.16968120E-1, 0.13925550E-1, 0.99403024E-1, 0.21287620E-1, 0.10157843E-2
0.14723612E-2, 0.24515205E-6, 0.68629277E-4, 0.66512803E-5, 0.16686874E-1, 0.13696927E-1, 0.97811788E-1, 0.20954894E-1, 0.99991239E-3
0.14699268E-2, 0.24514935E-6, 0.68202207E-4, 0.66467233E-5, 0.17524298E-1, 0.14386643E-1, 0.10278057, 0.22027982E-1, 0.10511224E-2
0.14674962E-2, 0.24514637E-6, 0.67775669E-4, 0.66421694E-5, 0.18597998E-1, 0.15270738E-1, 0.10914569, 0.23401825E-1, 0.11166844E-2
0.14650695E-2, 0.24514290E-6, 0.67348170E-4, 0.66376251E-5, 0.17915241E-1, 0.14712702E-1, 0.10520513, 0.22566406E-1, 0.10768255E-2
0.14626461E-2, 0.24513881E-6, 0.66918685E-4, 0.66330831E-5, 0.16962599E-1, 0.13932697E-1, 0.99671006E-1, 0.21387953E-1, 0.10205969E-2
0.14602263E-2, 0.24513420E-6, 0.66487017E-4, 0.66285397E-5, 0.15068789E-1, 0.12379079E-1, 0.88592291E-1, 0.19017715E-1, 0.90749701E-3
0.14578101E-2, 0.24512903E-6, 0.66053348E-4, 0.66239977E-5, 0.95676342E-2, 0.78607881E-2, 0.56273762E-1, 0.12083538E-1, 0.57661044E-3
0.14553989E-2, 0.24512471E-6, 0.65631117E-4, 0.66194611E-5, 0.96248537E-2, 0.79085017E-2, 0.56628164E-1, 0.12162327E-1, 0.58037153E-3
0.14529885E-2, 0.24511729E-6, 0.65182423E-4, 0.66149328E-5, 0.15330502E-1, 0.12598136E-1, 0.90234481E-1, 0.19385587E-1, 0.92505995E-3
0.14505823E-2, 0.24510987E-6, 0.64737476E-4, 0.66104053E-5, 0.17269187E-1, 0.14193499E-1, 0.10170213, 0.21857433E-1, 0.10430190E-2
0.14481801E-2, 0.24510248E-6, 0.64295244E-4, 0.66058769E-5, 0.18004401E-1, 0.14800266E-1, 0.10609630, 0.22811107E-1, 0.10885327E-2
0.14457817E-2, 0.24509495E-6, 0.63855921E-4, 0.66013504E-5, 0.19522555E-1, 0.16051147E-1, 0.11511727, 0.24761427E-1, 0.11816070E-2
0.14433874E-2, 0.24508736E-6, 0.63418411E-4, 0.65968316E-5, 0.16993152E-1, 0.13974000E-1, 0.10026640, 0.21576306E-1, 0.10296195E-2
0.14409964E-2, 0.24507943E-6, 0.62981824E-4, 0.65923182E-5, 0.16014170E-1, 0.13171052E-1, 0.94543882E-1, 0.20352719E-1, 0.97123429E-3
0.14386097E-2, 0.24507122E-6, 0.62545747E-4, 0.65878053E-5, 0.16288588E-1, 0.13398822E-1, 0.96217170E-1, 0.20720711E-1, 0.98879938E-3
0.14362264E-2, 0.24506281E-6, 0.62111270E-4, 0.65832919E-5, 0.16058808E-1, 0.13211872E-1, 0.94912894E-1, 0.20447584E-1, 0.97577000E-3
0.14338470E-2, 0.24505442E-6, 0.61679741E-4, 0.65787799E-5, 0.16220180E-1, 0.13346721E-1, 0.95920190E-1, 0.20672429E-1, 0.98650425E-3
0.14314718E-2, 0.24504581E-6, 0.61250459E-4, 0.65742788E-5, 0.15281265E-1, 0.12576050E-1, 0.90416908E-1, 0.19493600E-1, 0.93025365E-3
0.14290998E-2, 0.24503714E-6, 0.60822778E-4, 0.65697805E-5, 0.13904405E-1, 0.11444549E-1, 0.82311668E-1, 0.17752258E-1, 0.84715872E-3
0.14267322E-2, 0.24502825E-6, 0.60396345E-4, 0.65652825E-5, 0.11517970E-1, 0.94814720E-2, 0.68214215E-1, 0.14716292E-1, 0.70228142E-3
0.14243680E-2, 0.24501907E-6, 0.59970607E-4, 0.65607842E-5, 0.11870274E-1, 0.97725652E-2, 0.70328385E-1, 0.15176564E-1, 0.72424882E-3
0.14220246E-2, 0.24502859E-6, 0.59721031E-4, 0.65562876E-5, 0.11541776E-1, 0.95031932E-2, 0.68409368E-1, 0.14766558E-1, 0.70468511E-3
0.14197459E-2, 0.24510550E-6, 0.60090377E-4, 0.65518034E-5, 0.13006056E-1, 0.10710105E-1, 0.77120498E-1, 0.16651724E-1, 0.79465134E-3
0.14174926E-2, 0.24520619E-6, 0.60654598E-4, 0.65473196E-5, 0.14410498E-1, 0.11868188E-1, 0.85488349E-1, 0.18464454E-1, 0.88116241E-3
0.14152412E-2, 0.24530496E-6, 0.61189348E-4, 0.65428362E-5, 0.14438747E-1, 0.11893113E-1, 0.85698441E-1, 0.18516146E-1, 0.88363327E-3
0.14130188E-2, 0.24543135E-6, 0.61893130E-4, 0.65383533E-5, 0.21086603E-1, 0.17371895E-1, 0.12523215, 0.27069166E-1, 0.12918103E-2
0.14108960E-2, 0.24566364E-6, 0.63195788E-4, 0.65338736E-5, 0.32793447E-1, 0.27023548E-1, 0.19494304, 0.42164061E-1, 0.20121930E-2
0.14087788E-2, 0.24589792E-6, 0.64339380E-4, 0.65294039E-5, 0.33766452E-1, 0.27834577E-1, 0.20096610, 0.43501318E-1, 0.20760319E-2
0.14066042E-2, 0.24606425E-6, 0.65024913E-4, 0.65249355E-5, 0.43960728E-1, 0.36251940E-1, 0.26200077, 0.56765318E-1, 0.27090656E-2
0.14043994E-2, 0.24619385E-6, 0.65477783E-4, 0.65204658E-5, 0.41260261E-1, 0.34039609E-1, 0.24628517, 0.53415239E-1, 0.25492189E-2
0.14021745E-2, 0.24629676E-6, 0.65770706E-4, 0.65159993E-5, 0.41928772E-1, 0.34605566E-1, 0.25065023, 0.54416459E-1, 0.25970340E-2
0.13999282E-2, 0.24637214E-6, 0.65915105E-4, 0.65115341E-5, 0.37422072E-1, 0.30898349E-1, 0.22402993, 0.48684087E-1, 0.23234833E-2
0.13976647E-2, 0.24642452E-6, 0.65929817E-4, 0.65070808E-5, 0.31431392E-1, 0.25961075E-1, 0.18840064, 0.40975962E-1, 0.19556286E-2
0.13953920E-2, 0.24646255E-6, 0.65856046E-4, 0.65026275E-5, 0.24466589E-1, 0.20214172E-1, 0.14680181, 0.31950530E-1, 0.15248912E-2
0.13931155E-2, 0.24649239E-6, 0.65728622E-4, 0.64981741E-5, 0.24270941E-1, 0.20057427E-1, 0.14575423, 0.31741481E-1, 0.15149246E-2
0.13908383E-2, 0.24651746E-6, 0.65568194E-4, 0.64937212E-5, 0.20181857E-1, 0.16681965E-1, 0.12129448, 0.26429307E-1, 0.12613991E-2
0.13885633E-2, 0.24654059E-6, 0.65396285E-4, 0.64892747E-5, 0.18805943E-1, 0.15547685E-1, 0.11310317, 0.24656329E-1, 0.11767867E-2
0.13862919E-2, 0.24656313E-6, 0.65222892E-4, 0.64848346E-5, 0.20884125E-1, 0.17269211E-1, 0.12568946, 0.27413456E-1, 0.13083852E-2
0.13840222E-2, 0.24658357E-6, 0.65035441E-4, 0.64803971E-5, 0.18520650E-1, 0.15317881E-1, 0.11154332, 0.24340026E-1, 0.11617048E-2
0.13817534E-2, 0.24660091E-6, 0.64824533E-4, 0.64759583E-5, 0.17844278E-1, 0.14761160E-1, 0.10753867, 0.23476709E-1, 0.11205068E-2
0.13794844E-2, 0.24661378E-6, 0.64576772E-4, 0.64715186E-5, 0.14412437E-1, 0.11924208E-1, 0.86906396E-1, 0.18980155E-1, 0.90589782E-3
0.13772448E-2, 0.24665451E-6, 0.64525659E-4, 0.64670890E-5, 0.26692457E-1, 0.22088636E-1, 0.16106988, 0.35194993E-1, 0.16798219E-2
0.13750992E-2, 0.24679323E-6, 0.65101522E-4, 0.64626652E-5, 0.37179306E-1, 0.30776750E-1, 0.22460917, 0.49117759E-1, 0.23443648E-2
0.13729441E-2, 0.24691747E-6, 0.65519693E-4, 0.64582409E-5, 0.33615783E-1, 0.27837003E-1, 0.20334259, 0.44506691E-1, 0.21243042E-2
0.13707691E-2, 0.24701632E-6, 0.65766137E-4, 0.64538172E-5, 0.34297176E-1, 0.28411146E-1, 0.20771989, 0.45503601E-1, 0.21719090E-2
0.13685856E-2, 0.24710201E-6, 0.65923974E-4, 0.64493934E-5, 0.33977039E-1, 0.28155833E-1, 0.20603648, 0.45173712E-1, 0.21561864E-2
0.13664007E-2, 0.24718190E-6, 0.66043693E-4, 0.64449796E-5, 0.38497269E-1, 0.31913508E-1, 0.23375461, 0.51297825E-1, 0.24485241E-2
0.13642184E-2, 0.24726029E-6, 0.66156266E-4, 0.64405704E-5, 0.46962112E-1, 0.38947836E-1, 0.28559646, 0.62742241E-1, 0.29948240E-2
0.13620339E-2, 0.24733302E-6, 0.66239641E-4, 0.64361611E-5, 0.44714719E-1, 0.37101708E-1, 0.27238873, 0.59910897E-1, 0.28597203E-2
0.13598396E-2, 0.24739094E-6, 0.66236687E-4, 0.64317524E-5, 0.28590765E-1, 0.23732120E-1, 0.17440283, 0.38395684E-1, 0.18327588E-2
0.13576295E-2, 0.24742801E-6, 0.66097695E-4, 0.64273440E-5, 0.18656317E-1, 0.15489720E-1, 0.11390106, 0.25091290E-1, 0.11977029E-2
0.13554076E-2, 0.24744807E-6, 0.65846492E-4, 0.64229453E-5, 0.15725685E-1, 0.13058814E-1, 0.96067853E-1, 0.21172218E-1, 0.10106364E-2
0.13531918E-2, 0.24747081E-6, 0.65632164E-4, 0.64185515E-5, 0.17310917E-1, 0.14377632E-1, 0.10581402, 0.23330070E-1, 0.11136460E-2
0.13509858E-2, 0.24750017E-6, 0.65488304E-4, 0.64141568E-5, 0.16392430E-1, 0.13617136E-1, 0.10026007, 0.22115184E-1, 0.10556603E-2
0.13487773E-2, 0.24752242E-6, 0.65297820E-4, 0.64097626E-5, 0.11869126E-1, 0.98610697E-2, 0.72630920E-1, 0.16026709E-1, 0.76503248E-3
0.13465640E-2, 0.24753598E-6, 0.65040265E-4, 0.64053697E-5, 0.99062119E-2, 0.82311500E-2, 0.60642134E-1, 0.13385063E-1, 0.63893618E-3
0.13443547E-2, 0.24755005E-6, 0.64793618E-4, 0.64009860E-5, 0.10760614E-1, 0.89419996E-2, 0.65895773E-1, 0.14548544E-1, 0.69447706E-3
0.13421529E-2, 0.24756815E-6, 0.64590808E-4, 0.63966068E-5, 0.11047097E-1, 0.91810701E-2, 0.67675710E-1, 0.14945759E-1, 0.71344053E-3
0.13399554E-2, 0.24758631E-6, 0.64395739E-4, 0.63922280E-5, 0.10165329E-1, 0.84491512E-2, 0.62296834E-1, 0.13761681E-1, 0.65692031E-3
0.13377580E-2, 0.24760106E-6, 0.64173713E-4, 0.63878483E-5, 0.87661305E-2, 0.72868643E-2, 0.53739514E-1, 0.11874262E-1, 0.56682527E-3
0.13355601E-2, 0.24761155E-6, 0.63915373E-4, 0.63834700E-5, 0.67675640E-2, 0.56259856E-2, 0.41498490E-1, 0.91713611E-2, 0.43780182E-3
0.13333637E-2, 0.24761997E-6, 0.63640327E-4, 0.63791031E-5, 0.69250725E-2, 0.57573062E-2, 0.42473882E-1, 0.93885958E-2, 0.44817285E-3
0.13311685E-2, 0.24762539E-6, 0.63338673E-4, 0.63747384E-5, 0.57957009E-2, 0.48186770E-2, 0.35554487E-1, 0.78604138E-2, 0.37522466E-3
0.13289757E-2, 0.24762952E-6, 0.63027073E-4, 0.63703737E-5, 0.65570297E-2, 0.54519861E-2, 0.40232971E-1, 0.88961637E-2, 0.42466828E-3
0.13267867E-2, 0.24763358E-6, 0.62717780E-4, 0.63660086E-5, 0.61940481E-2, 0.51504960E-2, 0.38013708E-1, 0.84068449E-2, 0.40131120E-3
0.13246275E-2, 0.24766541E-6, 0.62668834E-4, 0.63616458E-5, 0.97909439E-2, 0.81420364E-2, 0.60104370E-1, 0.13295013E-1, 0.63465553E-3
0.13224960E-2, 0.24772262E-6, 0.62846135E-4, 0.63572943E-5, 0.87634176E-2, 0.72882366E-2, 0.53813804E-1, 0.11906453E-1, 0.56837237E-3
0.13203413E-2, 0.24775139E-6, 0.62769868E-4, 0.63529446E-5, 0.61196610E-2, 0.50898874E-2, 0.37588563E-1, 0.83182035E-2, 0.39708297E-3
0.13181709E-2, 0.24776000E-6, 0.62507679E-4, 0.63485941E-5, 0.57016783E-2, 0.47425088E-2, 0.35027873E-1, 0.77527277E-2, 0.37008995E-3
0.13160029E-2, 0.24776736E-6, 0.62236337E-4, 0.63442444E-5, 0.60070339E-2, 0.49967784E-2, 0.36910772E-1, 0.81707258E-2, 0.39004482E-3
0.13138423E-2, 0.24777847E-6, 0.62006940E-4, 0.63398961E-5, 0.65405029E-2, 0.54408601E-2, 0.40196944E-1, 0.88996235E-2, 0.42484116E-3
0.13116823E-2, 0.24778680E-6, 0.61751336E-4, 0.63355592E-5, 0.57443171E-2, 0.47788187E-2, 0.35310742E-1, 0.78190723E-2, 0.37325991E-3
0.13095231E-2, 0.24779203E-6, 0.61467166E-4, 0.63312245E-5, 0.56839921E-2, 0.47288924E-2, 0.34946363E-1, 0.77395434E-2, 0.36946440E-3
0.13073641E-2, 0.24779351E-6, 0.61146959E-4, 0.63268890E-5, 0.54132240E-2, 0.45038611E-2, 0.33287540E-1, 0.73732366E-2, 0.35197884E-3
0.13052060E-2, 0.24779254E-6, 0.60804046E-4, 0.63225552E-5, 0.52402895E-2, 0.43601994E-2, 0.32229565E-1, 0.71398942E-2, 0.34084034E-3
0.13030515E-2, 0.24779084E-6, 0.60456998E-4, 0.63182215E-5, 0.54420899E-2, 0.45283390E-2, 0.33476390E-1, 0.74171480E-2, 0.35407624E-3
0.13009005E-2, 0.24778959E-6, 0.60117098E-4, 0.63138982E-5, 0.54802946E-2, 0.45603667E-2, 0.33717293E-1, 0.74715950E-2, 0.35667641E-3
0.12987537E-2, 0.24778896E-6, 0.59786624E-4, 0.63095795E-5, 0.56413449E-2, 0.46946337E-2, 0.34714364E-1, 0.76936646E-2, 0.36727835E-3
0.12966101E-2, 0.24778760E-6, 0.59451017E-4, 0.63052585E-5, 0.54579331E-2, 0.45422446E-2, 0.33591725E-1, 0.74459417E-2, 0.35545352E-3
0.12944683E-2, 0.24778478E-6, 0.59103128E-4, 0.63009384E-5, 0.48657875E-2, 0.40496429E-2, 0.29952167E-1, 0.66401018E-2, 0.31698510E-3
0.12923289E-2, 0.24778072E-6, 0.58744510E-4, 0.62966201E-5, 0.48645088E-2, 0.40487642E-2, 0.29948855E-1, 0.66402177E-2, 0.31699112E-3
0.12901931E-2, 0.24777668E-6, 0.58389640E-4, 0.62923118E-5, 0.48656021E-2, 0.40498609E-2, 0.29960169E-1, 0.66435793E-2, 0.31715209E-3
0.12880617E-2, 0.24777407E-6, 0.58052399E-4, 0.62880072E-5, 0.58861291E-2, 0.48995432E-2, 0.36250338E-1, 0.80395425E-2, 0.38379367E-3
0.12859346E-2, 0.24777179E-6, 0.57721278E-4, 0.62837021E-5, 0.59319302E-2, 0.49379515E-2, 0.36539424E-1, 0.81049157E-2, 0.38691543E-3
0.12838102E-2, 0.24776887E-6, 0.57386143E-4, 0.62793970E-5, 0.59831231E-2, 0.49808524E-2, 0.36861919E-1, 0.81777340E-2, 0.39039255E-3
0.12816902E-2, 0.24776591E-6, 0.57053330E-4, 0.62750928E-5, 0.75175441E-2, 0.62586432E-2, 0.46325732E-1, 0.10279069E-1, 0.49070851E-3
0.12795728E-2, 0.24776315E-6, 0.56724613E-4, 0.62707995E-5, 0.79016946E-2, 0.65789660E-2, 0.48705630E-1, 0.10809327E-1, 0.51602384E-3
0.12774586E-2, 0.24775963E-6, 0.56390938E-4, 0.62665099E-5, 0.73343813E-2, 0.61070835E-2, 0.45220423E-1, 0.10037878E-1, 0.47919733E-3
0.12753472E-2, 0.24775534E-6, 0.56052118E-4, 0.62622194E-5, 0.60398900E-2, 0.50295410E-2, 0.37247602E-1, 0.82695801E-2, 0.39478164E-3
0.12732416E-2, 0.24775380E-6, 0.55743047E-4, 0.62579288E-5, 0.61676726E-2, 0.51362524E-2, 0.38043175E-1, 0.84475735E-2, 0.40327990E-3
0.12712036E-2, 0.24781727E-6, 0.56084129E-4, 0.62536392E-5, 0.98190419E-2, 0.81776567E-2, 0.60581785E-1, 0.13455144E-1, 0.64233871E-3
0.12692419E-2, 0.24795523E-6, 0.57100151E-4, 0.62493605E-5, 0.13109375E-1, 0.10919237E-1, 0.80914967E-1, 0.17976556E-1, 0.85819094E-3
0.12673725E-2, 0.24818402E-6, 0.58783669E-4, 0.62450854E-5, 0.17775854E-1, 0.14808472E-1, 0.10977852, 0.24399025E-1, 0.11648019E-2
0.12655252E-2, 0.24843172E-6, 0.60515707E-4, 0.62408103E-5, 0.25353914E-1, 0.21126263E-1, 0.15670070, 0.34847636E-1, 0.16636279E-2
0.12636434E-2, 0.24864116E-6, 0.61883875E-4, 0.62365343E-5, 0.26545819E-1, 0.22125501E-1, 0.16422391, 0.36545936E-1, 0.17447209E-2
0.12616713E-2, 0.24875536E-6, 0.62510997E-4, 0.62322592E-5, 0.14891945E-1, 0.12414941E-1, 0.92198826E-1, 0.20529218E-1, 0.98008208E-3
0.12596297E-2, 0.24879523E-6, 0.62506719E-4, 0.62279942E-5, 0.89372369E-2, 0.74516181E-2, 0.55355743E-1, 0.12329631E-1, 0.58862939E-3
0.12575649E-2, 0.24880799E-6, 0.62270614E-4, 0.62237341E-5, 0.78726914E-2, 0.65645878E-2, 0.48776232E-1, 0.10866610E-1, 0.51878451E-3
0.12555046E-2, 0.24882200E-6, 0.62056162E-4, 0.62194731E-5, 0.10393285E-1, 0.86671617E-2, 0.64412922E-1, 0.14353706E-1, 0.68526465E-3
0.12534499E-2, 0.24883815E-6, 0.61869498E-4, 0.62152130E-5, 0.98090181E-2, 0.81807738E-2, 0.60813330E-1, 0.13555252E-1, 0.64714783E-3
0.12513999E-2, 0.24885534E-6, 0.61702543E-4, 0.62109521E-5, 0.95629804E-2, 0.79763699E-2, 0.59308045E-1, 0.13223171E-1, 0.63129608E-3
0.12493499E-2, 0.24886904E-6, 0.61507671E-4, 0.62067011E-5, 0.95729074E-2, 0.79854373E-2, 0.59389535E-1, 0.13244767E-1, 0.63232949E-3
0.12473023E-2, 0.24888183E-6, 0.61308223E-4, 0.62024556E-5, 0.11724019E-1, 0.97808931E-2, 0.72761871E-1, 0.16231617E-1, 0.77492994E-3
0.12452559E-2, 0.24889258E-6, 0.61090082E-4, 0.61982100E-5, 0.97038168E-2, 0.80964221E-2, 0.60247049E-1, 0.13443757E-1, 0.64183434E-3
0.12432083E-2, 0.24889832E-6, 0.60822305E-4, 0.61939645E-5, 0.76233065E-2, 0.63611022E-2, 0.47344245E-1, 0.10567062E-1, 0.50449639E-3
0.12411567E-2, 0.24889678E-6, 0.60479098E-4, 0.61897185E-5, 0.49102227E-2, 0.40974882E-2, 0.30501204E-1, 0.68089277E-2, 0.32507500E-3
0.12391061E-2, 0.24889283E-6, 0.60113340E-4, 0.61854812E-5, 0.62772734E-2, 0.52385507E-2, 0.39000060E-1, 0.87074684E-2, 0.41571708E-3
0.12370592E-2, 0.24888905E-6, 0.59752703E-4, 0.61812498E-5, 0.57490305E-2, 0.47980058E-2, 0.35725307E-1, 0.79776216E-2, 0.38087333E-3
0.12350138E-2, 0.24888337E-6, 0.59374393E-4, 0.61770206E-5, 0.61134882E-2, 0.51024659E-2, 0.37997365E-1, 0.84863333E-2, 0.40516141E-3
0.12329699E-2, 0.24887606E-6, 0.58982889E-4, 0.61727883E-5, 0.60856841E-2, 0.50795660E-2, 0.37832193E-1, 0.84508359E-2, 0.40346751E-3
0.12309293E-2, 0.24886859E-6, 0.58592104E-4, 0.61685582E-5, 0.68094134E-2, 0.56840042E-2, 0.42340338E-1, 0.94594974E-2, 0.45162483E-3
0.12288936E-2, 0.24886290E-6, 0.58224465E-4, 0.61643332E-5, 0.80485372E-2, 0.67188395E-2, 0.50057806E-1, 0.11185952E-1, 0.53405232E-3
0.12268630E-2, 0.24885884E-6, 0.57876190E-4, 0.61601177E-5, 0.92174998E-2, 0.76953587E-2, 0.57345323E-1, 0.12817421E-1, 0.61194599E-3
0.12248366E-2, 0.24885523E-6, 0.57536061E-4, 0.61559017E-5, 0.98953880E-2, 0.82621109E-2, 0.61583228E-1, 0.13768197E-1, 0.65734162E-3
0.12228134E-2, 0.24885131E-6, 0.57195815E-4, 0.61516857E-5, 0.77535384E-2, 0.64743832E-2, 0.48268739E-1, 0.10794101E-1, 0.51534967E-3
0.12208025E-2, 0.24885603E-6, 0.56949360E-4, 0.61474693E-5, 0.79122474E-2, 0.66074356E-2, 0.49270045E-1, 0.11020374E-1, 0.52615418E-3
0.12188249E-2, 0.24889093E-6, 0.57016387E-4, 0.61432588E-5, 0.91655506E-2, 0.76547214E-2, 0.57091281E-1, 0.12772742E-1, 0.60982042E-3
0.12168807E-2, 0.24895579E-6, 0.57374556E-4, 0.61390574E-5, 0.10408601E-1, 0.86937519E-2, 0.64856470E-1, 0.14513873E-1, 0.69295132E-3
0.12149323E-2, 0.24901283E-6, 0.57658450E-4, 0.61348560E-5, 0.11166680E-1, 0.93279798E-2, 0.69606677E-1, 0.15581483E-1, 0.74392598E-3
0.12129662E-2, 0.24904935E-6, 0.57740766E-4, 0.61306546E-5, 0.96648671E-2, 0.80743320E-2, 0.60267545E-1, 0.13494772E-1, 0.64429984E-3
0.12109865E-2, 0.24906927E-6, 0.57654077E-4, 0.61264532E-5, 0.10708968E-1, 0.89475475E-2, 0.66802159E-1, 0.14962118E-1, 0.71435975E-3
0.12089995E-2, 0.24907868E-6, 0.57457852E-4, 0.61222554E-5, 0.86946655E-2, 0.72652958E-2, 0.54255731E-1, 0.12155274E-1, 0.58035000E-3
0.12070090E-2, 0.24908101E-6, 0.57187124E-4, 0.61180676E-5, 0.92328899E-2, 0.77157496E-2, 0.57632301E-1, 0.12914913E-1, 0.61662070E-3
0.12050169E-2, 0.24907879E-6, 0.56869383E-4, 0.61138790E-5, 0.90583144E-2, 0.75705778E-2, 0.56560762E-1, 0.12677979E-1, 0.60531008E-3
0.12030255E-2, 0.24907428E-6, 0.56529210E-4, 0.61096948E-5, 0.89461077E-2, 0.74774949E-2, 0.55877786E-1, 0.12527992E-1, 0.59815089E-3
0.12010369E-2, 0.24906873E-6, 0.56179157E-4, 0.61055071E-5, 0.62296367E-2, 0.52073738E-2, 0.38920827E-1, 0.87280143E-2, 0.41672168E-3
0.11990498E-2, 0.24906140E-6, 0.55811564E-4, 0.61013229E-5, 0.68988316E-2, 0.57671331E-2, 0.43111172E-1, 0.96694250E-2, 0.46167089E-3
0.11970649E-2, 0.24905299E-6, 0.55435503E-4, 0.60971497E-5, 0.72264527E-2, 0.60414425E-2, 0.45169324E-1, 0.10133006E-1, 0.48380613E-3
0.11952914E-2, 0.24904480E-6, 0.55065357E-4, 0.60929779E-5, 0.81200358E-2, 0.67890268E-2, 0.50768163E-1, 0.11391418E-1, 0.54389151E-3
0.11937466E-2, 0.24903667E-6, 0.54698514E-4, 0.60888069E-5, 0.10045770E-1, 0.83998805E-2, 0.62827989E-1, 0.14100901E-1, 0.67326031E-3
0.11922040E-2, 0.24902869E-6, 0.54336400E-4, 0.60846346E-5, 0.10569052E-1, 0.88383872E-2, 0.66124983E-1, 0.14845102E-1, 0.70879550E-3
0.11906646E-2, 0.24902047E-6, 0.53974523E-4, 0.60804646E-5, 0.10060846E-1, 0.84143057E-2, 0.62968478E-1, 0.14140493E-1, 0.67515584E-3
0.11891259E-2, 0.24901189E-6, 0.53610096E-4, 0.60763032E-5, 0.93220053E-2, 0.77971769E-2, 0.58364354E-1, 0.13110095E-1, 0.62596041E-3
0.11875898E-2, 0.24900277E-6, 0.53243228E-4, 0.60721459E-5, 0.90043796E-2, 0.75322269E-2, 0.56393921E-1, 0.12670693E-1, 0.60498272E-3
0.11860562E-2, 0.24899344E-6, 0.52876290E-4, 0.60679895E-5, 0.91941403E-2, 0.76916921E-2, 0.57600841E-1, 0.12945127E-1, 0.61808841E-3
0.11845256E-2, 0.24898412E-6, 0.52512525E-4, 0.60638326E-5, 0.94868569E-2, 0.79373475E-2, 0.59454311E-1, 0.13365123E-1, 0.63814438E-3
0.11829970E-2, 0.24897446E-6, 0.52148374E-4, 0.60596767E-5, 0.79453224E-2, 0.66482029E-2, 0.49808841E-1, 0.11199578E-1, 0.53474790E-3
0.11814699E-2, 0.24896440E-6, 0.51782492E-4, 0.60555276E-5, 0.74269692E-2, 0.62149684E-2, 0.46571776E-1, 0.10473958E-1, 0.50010340E-3
0.11799450E-2, 0.24895405E-6, 0.51416722E-4, 0.60513858E-5, 0.78279534E-2, 0.65510282E-2, 0.49099118E-1, 0.11044682E-1, 0.52735570E-3
0.11784222E-2, 0.24894382E-6, 0.51054114E-4, 0.60472439E-5, 0.95391469E-2, 0.79838000E-2, 0.59850201E-1, 0.13466307E-1, 0.64298452E-3
0.11769026E-2, 0.24893365E-6, 0.50694602E-4, 0.60431025E-5, 0.10336324E-1, 0.86518992E-2, 0.64874701E-1, 0.14600840E-1, 0.69715857E-3
0.11753856E-2, 0.24892341E-6, 0.50338251E-4, 0.60389602E-5, 0.10380352E-1, 0.86897071E-2, 0.65175280E-1, 0.14672729E-1, 0.70059410E-3
0.11738710E-2, 0.24891301E-6, 0.49981882E-4, 0.60348234E-5, 0.96165193E-2, 0.80511319E-2, 0.60401022E-1, 0.13601724E-1, 0.64945820E-3
0.11723590E-2, 0.24890247E-6, 0.49626688E-4, 0.60306961E-5, 0.10576511E-1, 0.88557974E-2, 0.66454649E-1, 0.14969164E-1, 0.71475381E-3
0.11708493E-2, 0.24889169E-6, 0.49271450E-4, 0.60265693E-5, 0.10781650E-1, 0.90285763E-2, 0.67769319E-1, 0.15269819E-1, 0.72911265E-3
0.11693415E-2, 0.24888067E-6, 0.48916205E-4, 0.60224429E-5, 0.10801148E-1, 0.90459371E-2, 0.67918174E-1, 0.15307978E-1, 0.73093781E-3
0.11678359E-2, 0.24886961E-6, 0.48562390E-4, 0.60183161E-5, 0.10008577E-1, 0.83830953E-2, 0.62958129E-1, 0.14194204E-1, 0.67775918E-3
0.11663327E-2, 0.24885844E-6, 0.48211044E-4, 0.60141911E-5, 0.90601388E-2, 0.75894580E-2, 0.57011541E-1, 0.12856975E-1, 0.61391009E-3
0.11648323E-2, 0.24884724E-6, 0.47862879E-4, 0.60100774E-5, 0.12913899E-1, 0.10818903E-1, 0.81293240E-1, 0.18338438E-1, 0.87564910E-3
0.11633344E-2, 0.24883613E-6, 0.47517133E-4, 0.60059651E-5, 0.11442361E-1, 0.95873484E-2, 0.72062001E-1, 0.16261630E-1, 0.77648635E-3
0.11618389E-2, 0.24882490E-6, 0.47172802E-4, 0.60018533E-5, 0.74989949E-2, 0.62839147E-2, 0.47243647E-1, 0.10663977E-1, 0.50920248E-3
0.11603460E-2, 0.24881371E-6, 0.46830497E-4, 0.59977415E-5, 0.79536140E-2, 0.66654067E-2, 0.50121248E-1, 0.11315976E-1, 0.54033694E-3
0.11588555E-2, 0.24880239E-6, 0.46490099E-4, 0.59936301E-5, 0.68798722E-2, 0.57660188E-2, 0.43366086E-1, 0.97929034E-2, 0.46761174E-3
0.11573674E-2, 0.24879100E-6, 0.46151243E-4, 0.59895283E-5, 0.84811570E-2, 0.71086208E-2, 0.53473726E-1, 0.12078000E-1, 0.57672698E-3
0.11558816E-2, 0.24877951E-6, 0.45814919E-4, 0.59854315E-5, 0.86194677E-2, 0.72251982E-2, 0.54362237E-1, 0.12281652E-1, 0.58645336E-3
0.11543981E-2, 0.24876806E-6, 0.45481058E-4, 0.59813337E-5, 0.10489434E-1, 0.87935617E-2, 0.66178210E-1, 0.14955135E-1, 0.71411580E-3
0.11529170E-2, 0.24875658E-6, 0.45149587E-4, 0.59772365E-5, 0.11217248E-1, 0.94047915E-2, 0.70797622E-1, 0.16003935E-1, 0.76419959E-3
0.11514389E-2, 0.24874504E-6, 0.44820343E-4, 0.59731397E-5, 0.11089792E-1, 0.92990445E-2, 0.70021577E-1, 0.15833534E-1, 0.75606577E-3
0.11497372E-2, 0.24873339E-6, 0.44493205E-4, 0.59690497E-5, 0.80402065E-2, 0.67425952E-2, 0.50784033E-1, 0.11486635E-1, 0.54849935E-3
0.11478307E-2, 0.24872170E-6, 0.44168242E-4, 0.59649674E-5, 0.86006131E-2, 0.72131893E-2, 0.54339681E-1, 0.12293771E-1, 0.58704265E-3
0.11459275E-2, 0.24870994E-6, 0.43845663E-4, 0.59608842E-5, 0.85928040E-2, 0.72072963E-2, 0.54306895E-1, 0.12289361E-1, 0.58683380E-3
0.11440275E-2, 0.24869826E-6, 0.43525637E-4, 0.59568024E-5, 0.11591603E-1, 0.97236075E-2, 0.73285744E-1, 0.16588882E-1, 0.79214462E-3
0.11421303E-2, 0.24868652E-6, 0.43207816E-4, 0.59527206E-5, 0.13898300E-1, 0.11660168E-1, 0.87910034E-1, 0.19906372E-1, 0.95056428E-3
0.11402364E-2, 0.24867481E-6, 0.42891737E-4, 0.59486410E-5, 0.89412993E-2, 0.75023668E-2, 0.56579866E-1, 0.12816211E-1, 0.61199925E-3
0.11383825E-2, 0.24869769E-6, 0.42891636E-4, 0.59445729E-5, 0.16284127E-1, 0.13665326E-1, 0.10309094, 0.23359941E-1, 0.11154881E-2
0.11368606E-2, 0.24903039E-6, 0.45422421E-4, 0.59405056E-5, 0.23807539E-1, 0.19983238E-1, 0.15083322, 0.34197684E-1, 0.16330269E-2
0.11353208E-2, 0.24934388E-6, 0.47582304E-4, 0.59364365E-5, 0.21957042E-1, 0.18434679E-1, 0.13922964, 0.31587642E-1, 0.15084042E-2
0.11336566E-2, 0.24953761E-6, 0.48804755E-4, 0.59323706E-5, 0.22365689E-1, 0.18782379E-1, 0.14193928, 0.32222901E-1, 0.15387527E-2
0.11319357E-2, 0.24967525E-6, 0.49588947E-4, 0.59283038E-5, 0.23755176E-1, 0.19954357E-1, 0.15088870, 0.34277312E-1, 0.16368716E-2
0.11301781E-2, 0.24977558E-6, 0.50080507E-4, 0.59242470E-5, 0.24846371E-1, 0.20876596E-1, 0.15796502, 0.35909977E-1, 0.17148546E-2
0.11284002E-2, 0.24985403E-6, 0.50402436E-4, 0.59201961E-5, 0.25188092E-1, 0.21169629E-1, 0.16028960, 0.36464829E-1, 0.17413682E-2
0.11266137E-2, 0.24992190E-6, 0.50640891E-4, 0.59161425E-5, 0.27479187E-1, 0.23102004E-1, 0.17504443, 0.39851833E-1, 0.19031334E-2
0.11248258E-2, 0.24998513E-6, 0.50843129E-4, 0.59120885E-5, 0.30583560E-1, 0.25720246E-1, 0.19503523, 0.44440508E-1, 0.21222914E-2
0.11230333E-2, 0.25004155E-6, 0.50992432E-4, 0.59080380E-5, 0.32937154E-1, 0.27709484E-1, 0.21029975, 0.47963016E-1, 0.22905411E-2
0.11212385E-2, 0.25009260E-6, 0.51098788E-4, 0.59039921E-5, 0.41352950E-1, 0.34804098E-1, 0.26440886, 0.60368899E-1, 0.28830438E-2
0.11194478E-2, 0.25014467E-6, 0.51216412E-4, 0.58999544E-5, 0.42130552E-1, 0.35475422E-1, 0.26981646, 0.61679345E-1, 0.29456753E-2
0.11176614E-2, 0.25019818E-6, 0.51343552E-4, 0.58959163E-5, 0.41175108E-1, 0.34687396E-1, 0.26412332, 0.60452338E-1, 0.28871242E-2
0.11158690E-2, 0.25024343E-6, 0.51404801E-4, 0.58918786E-5, 0.40401127E-1, 0.34051184E-1, 0.25956592, 0.59481084E-1, 0.28407865E-2
0.11140796E-2, 0.25028800E-6, 0.51466141E-4, 0.58878404E-5, 0.28639808E-1, 0.24148101E-1, 0.18425232, 0.42266600E-1, 0.20186601E-2
0.11122903E-2, 0.25033037E-6, 0.51513052E-4, 0.58838054E-5, 0.28221322E-1, 0.23802979E-1, 0.18175900, 0.41730102E-1, 0.19930599E-2
0.11105067E-2, 0.25037474E-6, 0.51573519E-4, 0.58797814E-5, 0.29630214E-1, 0.24999574E-1, 0.19104630, 0.43900464E-1, 0.20967424E-2
0.11087320E-2, 0.25042465E-6, 0.51677689E-4, 0.58757587E-5, 0.35083387E-1, 0.29611498E-1, 0.22648948, 0.52095450E-1, 0.24881787E-2
0.11069590E-2, 0.25047353E-6, 0.51785220E-4, 0.58717355E-5, 0.39744150E-1, 0.33559758E-1, 0.25695026, 0.59168283E-1, 0.28260346E-2
0.11051806E-2, 0.25051466E-6, 0.51855797E-4, 0.58677124E-5, 0.29976182E-1, 0.25322061E-1, 0.19406533, 0.44735435E-1, 0.21367152E-2
0.11033994E-2, 0.25055064E-6, 0.51899107E-4, 0.58636906E-5, 0.29255370E-1, 0.24721634E-1, 0.18961680, 0.43749388E-1, 0.20896441E-2
0.11016167E-2, 0.25058210E-6, 0.51918312E-4, 0.58596779E-5, 0.31220900E-1, 0.26391769E-1, 0.20259316, 0.46786301E-1, 0.22347274E-2
0.10998251E-2, 0.25060265E-6, 0.51859010E-4, 0.58556693E-5, 0.33202186E-1, 0.28077018E-1, 0.21571815, 0.49866088E-1, 0.23818652E-2
0.10980285E-2, 0.25061570E-6, 0.51739149E-4, 0.58516607E-5, 0.27841659E-1, 0.23552403E-1, 0.18110764, 0.41905019E-1, 0.20016301E-2
0.10962305E-2, 0.25062468E-6, 0.51585132E-4, 0.58476530E-5, 0.16722066E-1, 0.14149622E-1, 0.10887179, 0.25208665E-1, 0.12041262E-2
0.10944499E-2, 0.25064702E-6, 0.51532661E-4, 0.58436449E-5, 0.28848996E-1, 0.24417350E-1, 0.18798912, 0.43558024E-1, 0.20806296E-2
0.10927274E-2, 0.25071978E-6, 0.51851261E-4, 0.58396427E-5, 0.40624049E-1, 0.34397531E-1, 0.26507878, 0.61485853E-1, 0.29370296E-2
0.10910030E-2, 0.25078782E-6, 0.52126001E-4, 0.58356486E-5, 0.37251879E-1, 0.31556755E-1, 0.24344943, 0.56537651E-1, 0.27007116E-2
0.10892769E-2, 0.25085197E-6, 0.52338379E-4, 0.58316555E-5, 0.37571836E-1, 0.31841859E-1, 0.24590272, 0.57174250E-1, 0.27311654E-2
0.10875474E-2, 0.25091040E-6, 0.52507516E-4, 0.58276614E-5, 0.42648539E-1, 0.36161467E-1, 0.27957073, 0.65083951E-1, 0.31090588E-2
0.10858175E-2, 0.25096548E-6, 0.52653199E-4, 0.58236678E-5, 0.36926463E-1, 0.31324632E-1, 0.24244483, 0.56512233E-1, 0.26996355E-2
0.10840844E-2, 0.25101517E-6, 0.52751362E-4, 0.58196774E-5, 0.31818006E-1, 0.27002206E-1, 0.20918949, 0.48813865E-1, 0.23319139E-2
0.10823515E-2, 0.25106220E-6, 0.52829917E-4, 0.58156952E-5, 0.40936895E-1, 0.34755774E-1, 0.26952508, 0.62964745E-1, 0.30079724E-2
0.10806249E-2, 0.25111191E-6, 0.52942232E-4, 0.58117166E-5, 0.30067194E-1, 0.25538329E-1, 0.19824389, 0.46365809E-1, 0.22150383E-2
0.10788996E-2, 0.25116040E-6, 0.53062249E-4, 0.58077380E-5, 0.39260738E-1, 0.33360813E-1, 0.25921342, 0.60692184E-1, 0.28994984E-2
0.10771705E-2, 0.25120272E-6, 0.53155090E-4, 0.58037594E-5, 0.33711702E-1, 0.28658323E-1, 0.22290270, 0.52252028E-1, 0.24963228E-2
0.10754463E-2, 0.25124709E-6, 0.53258253E-4, 0.57997809E-5, 0.37002802E-1, 0.31469401E-1, 0.24500620, 0.57498522E-1, 0.27470165E-2
0.10737093E-2, 0.25127724E-6, 0.53272503E-4, 0.57958100E-5, 0.23130845E-1, 0.19679125E-1, 0.15334295, 0.36022544E-1, 0.17210168E-2
0.10719692E-2, 0.25130171E-6, 0.53251100E-4, 0.57918460E-5, 0.22221571E-1, 0.18910680E-1, 0.14744705, 0.34663022E-1, 0.16560814E-2
0.10702276E-2, 0.25132221E-6, 0.53201074E-4, 0.57878833E-5, 0.21826021E-1, 0.18578973E-1, 0.14494832, 0.34100026E-1, 0.16291997E-2
0.10684856E-2, 0.25133963E-6, 0.53128129E-4, 0.57839193E-5, 0.24715798E-1, 0.21044711E-1, 0.16429015, 0.38679544E-1, 0.18480155E-2
0.10667434E-2, 0.25135401E-6, 0.53030228E-4, 0.57799552E-5, 0.23027627E-1, 0.19612951E-1, 0.15321407, 0.36100119E-1, 0.17247960E-2
0.10649984E-2, 0.25136373E-6, 0.52886480E-4, 0.57759944E-5, 0.19433847E-1, 0.16556345E-1, 0.12941220, 0.30513307E-1, 0.14578837E-2
0.10632746E-2, 0.25138959E-6, 0.52856973E-4, 0.57720436E-5, 0.25587492E-1, 0.21804724E-1, 0.17054063, 0.40240332E-1, 0.19226481E-2
0.10616432E-2, 0.25149603E-6, 0.53424232E-4, 0.57680936E-5, 0.31903807E-1, 0.27196793E-1, 0.21288419, 0.50279245E-1, 0.24023307E-2
0.10599958E-2, 0.25158545E-6, 0.53845110E-4, 0.57641441E-5, 0.32251537E-1, 0.27504023E-1, 0.21548206, 0.50946854E-1, 0.24342665E-2
0.10583381E-2, 0.25166304E-6, 0.54171298E-4, 0.57601965E-5, 0.34446102E-1, 0.29387550E-1, 0.23045358, 0.54546893E-1, 0.26063202E-2
0.10566741E-2, 0.25173256E-6, 0.54434786E-4, 0.57562484E-5, 0.31802312E-1, 0.27143097E-1, 0.21305111, 0.50483663E-1, 0.24122125E-2
0.10550045E-2, 0.25179438E-6, 0.54631564E-4, 0.57523062E-5, 0.29160982E-1, 0.24898099E-1, 0.19559693, 0.46395179E-1, 0.22168900E-2
0.10533332E-2, 0.25185204E-6, 0.54787386E-4, 0.57483740E-5, 0.31109666E-1, 0.26571782E-1, 0.20892122, 0.49605746E-1, 0.23703347E-2
0.10516637E-2, 0.25190843E-6, 0.54932494E-4, 0.57444386E-5, 0.31810392E-1, 0.27180869E-1, 0.21389876, 0.50841443E-1, 0.24294190E-2
0.10499979E-2, 0.25196618E-6, 0.55091776E-4, 0.57405064E-5, 0.45415521E-1, 0.38824372E-1, 0.30585563, 0.72792284E-1, 0.34783888E-2
0.10483303E-2, 0.25201956E-6, 0.55239147E-4, 0.57365701E-5, 0.36271252E-1, 0.31023195E-1, 0.24468416, 0.58315266E-1, 0.27866594E-2
0.10466510E-2, 0.25206000E-6, 0.55313918E-4, 0.57326379E-5, 0.39866026E-1, 0.34114011E-1, 0.26935029, 0.64276829E-1, 0.30715980E-2
0.10449569E-2, 0.25208459E-6, 0.55276636E-4, 0.57287180E-5, 0.34366157E-1, 0.29421449E-1, 0.23254520, 0.55564646E-1, 0.26553189E-2
0.10432525E-2, 0.25209786E-6, 0.55143300E-4, 0.57247994E-5, 0.26946895E-1, 0.23078637E-1, 0.18257119, 0.43670110E-1, 0.20869360E-2
0.10415466E-2, 0.25210701E-6, 0.54974626E-4, 0.57208799E-5, 0.26836293E-1, 0.22991654E-1, 0.18202074, 0.43578815E-1, 0.20826010E-2
0.10398390E-2, 0.25211222E-6, 0.54767297E-4, 0.57169609E-5, 0.26128288E-1, 0.22392523E-1, 0.17740959, 0.42513698E-1, 0.20317270E-2
0.10381298E-2, 0.25211395E-6, 0.54524146E-4, 0.57130424E-5, 0.21201128E-1, 0.18175282E-1, 0.14409417, 0.34558725E-1, 0.16515794E-2
0.10364328E-2, 0.25212353E-6, 0.54369473E-4, 0.57091302E-5, 0.19845631E-1, 0.17017638E-1, 0.13499415, 0.32399442E-1, 0.15484021E-2
0.10347544E-2, 0.25214709E-6, 0.54366541E-4, 0.57052252E-5, 0.18617313E-1, 0.15968222E-1, 0.12673782, 0.30438341E-1, 0.14546935E-2
0.10330911E-2, 0.25218145E-6, 0.54477685E-4, 0.57013212E-5, 0.18477343E-1, 0.15851855E-1, 0.12587944, 0.30251786E-1, 0.14457916E-2
0.10314243E-2, 0.25221036E-6, 0.54534408E-4, 0.56974168E-5, 0.20316198E-1, 0.17433668E-1, 0.13851555, 0.33311091E-1, 0.15920179E-2
0.10297446E-2, 0.25222562E-6, 0.54448967E-4, 0.56935132E-5, 0.18125588E-1, 0.15557628E-1, 0.12367631, 0.29762529E-1, 0.14224373E-2
0.10280597E-2, 0.25223309E-6, 0.54280492E-4, 0.56896097E-5, 0.16750123E-1, 0.14380186E-1, 0.11437176, 0.27540283E-1, 0.13162420E-2
0.10263723E-2, 0.25223650E-6, 0.54066415E-4, 0.56857184E-5, 0.15779970E-1, 0.13550069E-1, 0.10781824, 0.25977110E-1, 0.12415431E-2
0.10246838E-2, 0.25223605E-6, 0.53808217E-4, 0.56818285E-5, 0.16304348E-1, 0.14003160E-1, 0.11147307, 0.26872853E-1, 0.12843644E-2
0.10229936E-2, 0.25223184E-6, 0.53507163E-4, 0.56779395E-5, 0.16412556E-1, 0.14099000E-1, 0.11228713, 0.27084751E-1, 0.12945024E-2
0.10213363E-2, 0.25225381E-6, 0.53473930E-4, 0.56740500E-5, 0.23499656E-1, 0.20192152E-1, 0.16090339, 0.38838662E-1, 0.18562941E-2
0.10197248E-2, 0.25231321E-6, 0.53867810E-4, 0.56701601E-5, 0.22747362E-1, 0.19551519E-1, 0.15590073, 0.37662059E-1, 0.18000798E-2
0.10180692E-2, 0.25233217E-6, 0.53839081E-4, 0.56662766E-5, 0.18708959E-1, 0.16084749E-1, 0.12833248, 0.31025155E-1, 0.14828814E-2
0.10164079E-2, 0.25234374E-6, 0.53728447E-4, 0.56624021E-5, 0.17962992E-1, 0.15447021E-1, 0.12330784, 0.29829949E-1, 0.14257695E-2
0.10147691E-2, 0.25237219E-6, 0.53811746E-4, 0.56585272E-5, 0.19324336E-1, 0.16621623E-1, 0.13275363, 0.32136373E-1, 0.15360237E-2
0.10131567E-2, 0.25242113E-6, 0.54084870E-4, 0.56546528E-5, 0.24586502E-1, 0.21153724E-1, 0.16905461, 0.40955923E-1, 0.19575946E-2
0.10116784E-2, 0.25258387E-6, 0.55311619E-4, 0.56507779E-5, 0.40663630E-1, 0.35000812E-1, 0.27997661, 0.67907147E-1, 0.32458541E-2
0.10101964E-2, 0.25274099E-6, 0.56390509E-4, 0.56469034E-5, 0.41541141E-1, 0.35775285E-1, 0.28651142, 0.69595262E-1, 0.33266165E-2
0.10086813E-2, 0.25286718E-6, 0.57139929E-4, 0.56430404E-5, 0.46349633E-1, 0.39939251E-1, 0.32026508, 0.77917829E-1, 0.37245178E-2
0.10071211E-2, 0.25295202E-6, 0.57565721E-4, 0.56391814E-5, 0.43637641E-1, 0.37624571E-1, 0.30209854, 0.73618568E-1, 0.35190973E-2
0.10055109E-2, 0.25299181E-6, 0.57657508E-4, 0.56353206E-5, 0.29515356E-1, 0.25460627E-1, 0.20464927, 0.49938455E-1, 0.23871947E-2
0.10038724E-2, 0.25300480E-6, 0.57514229E-4, 0.56314611E-5, 0.22217287E-1, 0.19171668E-1, 0.15421447, 0.37667319E-1, 0.18006266E-2
0.10022264E-2, 0.25300895E-6, 0.57282818E-4, 0.56276017E-5, 0.18120978E-1, 0.15641032E-1, 0.12588708, 0.30771242E-1, 0.14709869E-2
0.10005898E-2, 0.25301887E-6, 0.57111825E-4, 0.56237450E-5, 0.23283739E-1, 0.20102635E-1, 0.16189097, 0.39601907E-1, 0.18931484E-2
0.99903916E-3, 0.25309996E-6, 0.57513051E-4, 0.56198996E-5, 0.46705600E-1, 0.40342968E-1, 0.32521692, 0.79656579E-1, 0.38080141E-2
0.99750876E-3, 0.25319622E-6, 0.58010210E-4, 0.56160543E-5, 0.43140683E-1, 0.37286058E-1, 0.30096954, 0.73841073E-1, 0.35300902E-2
0.99596346E-3, 0.25327722E-6, 0.58366579E-4, 0.56122094E-5, 0.40406581E-1, 0.34942530E-1, 0.28239739, 0.69392897E-1, 0.33175179E-2
0.99441130E-3, 0.25335018E-6, 0.58651091E-4, 0.56083641E-5, 0.40068820E-1, 0.34669142E-1, 0.28051767, 0.69035202E-1, 0.33004929E-2
0.99285692E-3, 0.25341896E-6, 0.58897735E-4, 0.56045192E-5, 0.43522328E-1, 0.37678387E-1, 0.30523866, 0.75237326E-1, 0.35970954E-2
0.99129893E-3, 0.25348251E-6, 0.59100876E-4, 0.56006816E-5, 0.51228847E-1, 0.44378370E-1, 0.36001477, 0.88897474E-1, 0.42503034E-2
0.98973303E-3, 0.25353674E-6, 0.59241236E-4, 0.55968521E-5, 0.42188697E-1, 0.36570411E-1, 0.29708484, 0.73489726E-1, 0.35137357E-2
0.98814117E-3, 0.25356672E-6, 0.59218139E-4, 0.55930223E-5, 0.31079855E-1, 0.26954418E-1, 0.21920525, 0.54301228E-1, 0.25963399E-2
0.98654209E-3, 0.25358807E-6, 0.59123948E-4, 0.55891919E-5, 0.32726578E-1, 0.28394824E-1, 0.23113471, 0.57326544E-1, 0.27410428E-2
0.98499143E-3, 0.25364812E-6, 0.59320024E-4, 0.55853616E-5, 0.43876525E-1, 0.38088795E-1, 0.31039199, 0.77097572E-1, 0.36864679E-2
0.98344823E-3, 0.25371264E-6, 0.59532900E-4, 0.55815326E-5, 0.48711639E-1, 0.42312924E-1, 0.34528691, 0.85918628E-1, 0.41083656E-2
0.98190096E-3, 0.25377119E-6, 0.59696704E-4, 0.55777141E-5, 0.45007046E-1, 0.39120294E-1, 0.31967995, 0.79692490E-1, 0.38107594E-2
0.98034833E-3, 0.25382298E-6, 0.59817463E-4, 0.55738988E-5, 0.42083535E-1, 0.36601242E-1, 0.29948297, 0.74785344E-1, 0.35762019E-2
0.97880280E-3, 0.25387834E-6, 0.59955993E-4, 0.55700839E-5, 0.44905055E-1, 0.39078746E-1, 0.32016820, 0.80087543E-1, 0.38298515E-2
0.97725703E-3, 0.25393177E-6, 0.60082442E-4, 0.55662686E-5, 0.44634592E-1, 0.38867615E-1, 0.31886393, 0.79902694E-1, 0.38211178E-2
0.97568688E-3, 0.25396204E-6, 0.60056653E-4, 0.55624532E-5, 0.32175809E-1, 0.28033709E-1, 0.23024975, 0.57786115E-1, 0.27635216E-2
0.97409636E-3, 0.25397307E-6, 0.59872884E-4, 0.55586415E-5, 0.23562906E-1, 0.20537602E-1, 0.16882204, 0.42417027E-1, 0.20285568E-2
0.97251602E-3, 0.25399046E-6, 0.59752590E-4, 0.55548408E-5, 0.28324768E-1, 0.24696950E-1, 0.20316730, 0.51099174E-1, 0.24438128E-2
0.97096921E-3, 0.25403375E-6, 0.59860889E-4, 0.55510404E-5, 0.36242425E-1, 0.31614762E-1, 0.26032519, 0.65559730E-1, 0.31354507E-2
0.96945948E-3, 0.25410563E-6, 0.60150651E-4, 0.55472392E-5, 0.41728184E-1, 0.36420055E-1, 0.30024314, 0.75731330E-1, 0.36220055E-2
0.96794975E-3, 0.25417563E-6, 0.60413404E-4, 0.55434389E-5, 0.49028531E-1, 0.42819135E-1, 0.35347643, 0.89321785E-1, 0.42721173E-2
0.96641935E-3, 0.25422605E-6, 0.60542676E-4, 0.55396386E-5, 0.36393248E-1, 0.31803582E-1, 0.26288295, 0.66545866E-1, 0.31828703E-2
0.96485397E-3, 0.25424495E-6, 0.60430808E-4, 0.55358450E-5, 0.24542537E-1, 0.21456759E-1, 0.17752132, 0.44994082E-1, 0.21520969E-2
0.96327526E-3, 0.25425064E-6, 0.60195987E-4, 0.55320597E-5, 0.19416159E-1, 0.16980233E-1, 0.14057708, 0.35662625E-1, 0.17057911E-2
0.96169137E-3, 0.25424990E-6, 0.59891532E-4, 0.55282744E-5, 0.17308269E-1, 0.15140716E-1, 0.12541594, 0.31840533E-1, 0.15229931E-2
0.96010719E-3, 0.25424671E-6, 0.59561473E-4, 0.55244886E-5, 0.15938131E-1, 0.13945430E-1, 0.11557141, 0.29361367E-1, 0.14044255E-2
0.95852447E-3, 0.25424200E-6, 0.59216007E-4, 0.55207029E-5, 0.16040158E-1, 0.14037850E-1, 0.11639191, 0.29589310E-1, 0.14153436E-2
0.95694186E-3, 0.25423523E-6, 0.58847792E-4, 0.55169176E-5, 0.15211224E-1, 0.13315323E-1, 0.11045191, 0.28097412E-1, 0.13439957E-2
0.95536065E-3, 0.25422781E-6, 0.58473928E-4, 0.55131422E-5, 0.14831438E-1, 0.12985620E-1, 0.10776437, 0.27430834E-1, 0.13121243E-2
0.95378194E-3, 0.25422031E-6, 0.58101759E-4, 0.55093719E-5, 0.15923504E-1, 0.13944787E-1, 0.11577623, 0.29488984E-1, 0.14105875E-2
0.95220568E-3, 0.25421275E-6, 0.57731399E-4, 0.55056021E-5, 0.16093010E-1, 0.14096424E-1, 0.11709042, 0.29843604E-1, 0.14275657E-2
0.95064938E-3, 0.25421926E-6, 0.57535370E-4, 0.55018304E-5, 0.17964598E-1, 0.15739614E-1, 0.13080518, 0.33362854E-1, 0.15959274E-2
0.94915024E-3, 0.25427110E-6, 0.57849240E-4, 0.54980601E-5, 0.23623299E-1, 0.20703554E-1, 0.17216404, 0.43949615E-1, 0.21023783E-2
0.94780349E-3, 0.25444649E-6, 0.59129394E-4, 0.54942911E-5, 0.38904328E-1, 0.34111228E-1, 0.28392398, 0.72573900E-1, 0.34717235E-2
0.94642775E-3, 0.25459588E-6, 0.60106962E-4, 0.54905340E-5, 0.47257900E-1, 0.41461490E-1, 0.34555450, 0.88486776E-1, 0.42330725E-2
0.94498956E-3, 0.25469197E-6, 0.60630908E-4, 0.54867774E-5, 0.48382606E-1, 0.42477980E-1, 0.35454491, 0.90972729E-1, 0.43521379E-2
0.94351103E-3, 0.25475236E-6, 0.60868380E-4, 0.54830216E-5, 0.36591254E-1, 0.32145847E-1, 0.26865926, 0.69060795E-1, 0.33039663E-2
0.94198895E-3, 0.25477499E-6, 0.60801871E-4, 0.54792654E-5, 0.23340657E-1, 0.20514153E-1, 0.17160557, 0.44169568E-1, 0.21131784E-2
0.94045274E-3, 0.25478388E-6, 0.60606035E-4, 0.54755105E-5, 0.19426854E-1, 0.17079648E-1, 0.14296754, 0.36832262E-1, 0.17621699E-2
0.93891256E-3, 0.25478730E-6, 0.60352559E-4, 0.54717584E-5, 0.18034870E-1, 0.15860170E-1, 0.13283445, 0.34249276E-1, 0.16386126E-2
0.93736930E-3, 0.25478636E-6, 0.60049555E-4, 0.54680172E-5, 0.16890917E-1, 0.14857936E-1, 0.12450553, 0.32125957E-1, 0.15370437E-2
0.93582593E-3, 0.25478312E-6, 0.59721217E-4, 0.54642765E-5, 0.16216431E-1, 0.14268070E-1, 0.11962186, 0.30887900E-1, 0.14778266E-2
0.93428284E-3, 0.25477780E-6, 0.59369544E-4, 0.54605352E-5, 0.14869222E-1, 0.13085690E-1, 0.10975999, 0.28360549E-1, 0.13569203E-2
0.93273964E-3, 0.25477053E-6, 0.58994796E-4, 0.54567940E-5, 0.16078677E-1, 0.14153245E-1, 0.11876902, 0.30708849E-1, 0.14692910E-2
0.93119848E-3, 0.25476288E-6, 0.58617745E-4, 0.54530533E-5, 0.15101827E-1, 0.13296396E-1, 0.11163083, 0.28882761E-1, 0.13819359E-2
0.92970207E-3, 0.25478946E-6, 0.58580266E-4, 0.54493189E-5, 0.30591683E-1, 0.26943348E-1, 0.22635880, 0.58624066E-1, 0.28049939E-2
0.92835695E-3, 0.25493702E-6, 0.59583690E-4, 0.54455932E-5, 0.46263937E-1, 0.40769823E-1, 0.34292400, 0.88960938E-1, 0.42566415E-2
0.92697353E-3, 0.25505167E-6, 0.60282946E-4, 0.54418665E-5, 0.45521941E-1, 0.40143680E-1, 0.33813909, 0.87896332E-1, 0.42058392E-2
0.92553883E-3, 0.25512259E-6, 0.60641702E-4, 0.54381403E-5, 0.35783708E-1, 0.31575449E-1, 0.26630503, 0.69348417E-1, 0.33184181E-2
0.92435430E-3, 0.25539438E-6, 0.63659259E-4, 0.54344146E-5, 0.25444811E-1, 0.22462865E-1, 0.18963078, 0.49449097E-1, 0.23662613E-2
0.92515541E-3, 0.25727459E-6, 0.86851171E-4, 0.54306884E-5, 0.19932102E-1, 0.17602228E-1, 0.14870162, 0.38815517E-1, 0.18574486E-2
0.92716544E-3, 0.26013973E-6, 0.12313605E-3, 0.54269713E-5, 0.16852584E-1, 0.14886758E-1, 0.12583236, 0.32872949E-1, 0.15730987E-2
0.92995836E-3, 0.26364955E-6, 0.16813887E-3, 0.54232596E-5, 0.15992075E-1, 0.14130053E-1, 0.11949547, 0.31240353E-1, 0.14949900E-2
0.93287101E-3, 0.26726843E-6, 0.21453897E-3, 0.54195489E-5, 0.14600901E-1, 0.12903765E-1, 0.10917537, 0.28561868E-1, 0.13668278E-2
0.93530619E-3, 0.27050817E-6, 0.25577750E-3, 0.54158368E-5, 0.11733584E-1, 0.10371723E-1, 0.87787062E-1, 0.22979995E-1, 0.10997182E-2
0.93728141E-3, 0.27338064E-6, 0.29196640E-3, 0.54121256E-5, 0.13133582E-1, 0.11611290E-1, 0.98314859E-1, 0.25750123E-1, 0.12322949E-2
0.93854073E-3, 0.27567279E-6, 0.32033538E-3, 0.54084153E-5, 0.10894040E-1, 0.96329972E-2, 0.81593409E-1, 0.21382125E-1, 0.10232697E-2
0.93969610E-3, 0.27788326E-6, 0.34743009E-3, 0.54047146E-5, 0.11206973E-1, 0.99112466E-2, 0.83977289E-1, 0.22017747E-1, 0.10536970E-2
0.94108091E-3, 0.28028555E-6, 0.37681876E-3, 0.54010184E-5, 0.11967882E-1, 0.10585903E-1, 0.89724027E-1, 0.23536706E-1, 0.11263988E-2
0.94510237E-3, 0.28486329E-6, 0.43354288E-3, 0.53973222E-5, 0.12842251E-1, 0.11361301E-1, 0.96331358E-1, 0.25284074E-1, 0.12100341E-2
0.94882690E-3, 0.28921488E-6, 0.48697615E-3, 0.53936260E-5, 0.11377530E-1, 0.10067204E-1, 0.85389227E-1, 0.22424392E-1, 0.10731862E-2
0.95379422E-3, 0.29461586E-6, 0.55235205E-3, 0.53899294E-5, 0.13642265E-1, 0.12073211E-1, 0.10244139, 0.26917676E-1, 0.12882377E-2
0.96368667E-3, 0.30414921E-6, 0.66892739E-3, 0.53862336E-5, 0.12718452E-1, 0.11257718E-1, 0.95559075E-1, 0.25124265E-1, 0.12024196E-2
0.96580869E-3, 0.30724485E-6, 0.70410292E-3, 0.53825506E-5, 0.10165894E-1, 0.89997165E-2, 0.76417744E-1, 0.20102138E-1, 0.96207426E-3
0.96692372E-3, 0.30950406E-6, 0.72845566E-3, 0.53788690E-5, 0.10204513E-1, 0.90351067E-2, 0.76740436E-1, 0.20196347E-1, 0.96659048E-3
0.96802204E-3, 0.31175264E-6, 0.75247057E-3, 0.53751864E-5, 0.11368315E-1, 0.10066967E-1, 0.85530899E-1, 0.22520790E-1, 0.10778463E-2
0.97097771E-3, 0.31556482E-6, 0.79541584E-3, 0.53715057E-5, 0.12808859E-1, 0.11344438E-1, 0.96418083E-1, 0.25401354E-1, 0.12157215E-2
0.98354882E-3, 0.32751726E-6, 0.93832711E-3, 0.53678250E-5, 0.15001104E-1, 0.13288549E-1, 0.11298722, 0.29785290E-1, 0.14255531E-2
0.99912868E-3, 0.34217072E-6, 0.11101910E-2, 0.53641461E-5, 0.14186150E-1, 0.12569110E-1, 0.10691591, 0.28203588E-1, 0.13498658E-2
0.10040976E-2, 0.34784426E-6, 0.11713927E-2, 0.53604776E-5, 0.14646766E-1, 0.12979633E-1, 0.11045362, 0.29155983E-1, 0.13954642E-2
0.10180725E-2, 0.36135330E-6, 0.13178005E-2, 0.53568106E-5, 0.16461033E-1, 0.14590437E-1, 0.12421792, 0.32812592E-1, 0.15704954E-2
0.10324433E-2, 0.37536105E-6, 0.14721404E-2, 0.53531439E-5, 0.16840138E-1, 0.14929686E-1, 0.12716763, 0.33617411E-1, 0.16090358E-2
0.10441829E-2, 0.38719966E-6, 0.15942487E-2, 0.53494769E-5, 0.18400079E-1, 0.16316455E-1, 0.13905165, 0.36788683E-1, 0.17608467E-2
0.10541389E-2, 0.39756154E-6, 0.17031757E-2, 0.53458102E-5, 0.16115919E-1, 0.14294118E-1, 0.12187810, 0.32270789E-1, 0.15446234E-2
0.10627918E-2, 0.40684051E-6, 0.17992888E-2, 0.53421477E-5, 0.15114874E-1, 0.13408830E-1, 0.11438089, 0.30307537E-1, 0.14506705E-2
0.10745443E-2, 0.41898824E-6, 0.19032749E-2, 0.53384929E-5, 0.38460080E-1, 0.34131363E-1, 0.29138035, 0.77300996E-1, 0.37000873E-2
0.10896337E-2, 0.43428906E-6, 0.20114626E-2, 0.53348422E-5, 0.37761994E-1, 0.33530220E-1, 0.28658497, 0.76163322E-1, 0.36457363E-2
0.11051211E-2, 0.45013587E-6, 0.21244879E-2, 0.53311901E-5, 0.35947785E-1, 0.31936146E-1, 0.27327037, 0.72749637E-1, 0.34824309E-2
0.11197682E-2, 0.46538582E-6, 0.22419237E-2, 0.53275371E-5, 0.25285408E-1, 0.22473315E-1, 0.19247992, 0.51315717E-1, 0.24564757E-2
0.11338370E-2, 0.48026294E-6, 0.23564633E-2, 0.53238869E-5, 0.28697927E-1, 0.25515486E-1, 0.21871078, 0.58382887E-1, 0.27948390E-2
0.11512833E-2, 0.49850621E-6, 0.24786866E-2, 0.53202380E-5, 0.35911892E-1, 0.31943709E-1, 0.27407914, 0.73273927E-1, 0.35077741E-2
0.11710166E-2, 0.51917743E-6, 0.26174514E-2, 0.53165986E-5, 0.42395730E-1, 0.37731953E-1, 0.32413149, 0.86814910E-1, 0.41561369E-2
0.11878432E-2, 0.53730065E-6, 0.27356658E-2, 0.53129615E-5, 0.40452152E-1, 0.36023498E-1, 0.30985320, 0.83154254E-1, 0.39810189E-2
0.11999029E-2, 0.55096268E-6, 0.28234033E-2, 0.53093245E-5, 0.33566624E-1, 0.29907482E-1, 0.25754181, 0.69238268E-1, 0.33148881E-2
0.12137110E-2, 0.56647519E-6, 0.29367423E-2, 0.53056879E-5, 0.28626561E-1, 0.25516586E-1, 0.21993734, 0.59216987E-1, 0.28351750E-2
0.12289233E-2, 0.58353839E-6, 0.30458658E-2, 0.53020512E-5, 0.30669859E-1, 0.27348809E-1, 0.23594049, 0.63616499E-1, 0.30458851E-2
0.12406472E-2, 0.59727500E-6, 0.31221281E-2, 0.52984174E-5, 0.31335238E-1, 0.27953748E-1, 0.24138442, 0.65181911E-1, 0.31209148E-2
0.12553211E-2, 0.61411106E-6, 0.32192827E-2, 0.52947948E-5, 0.31498879E-1, 0.28111579E-1, 0.24297823, 0.65712132E-1, 0.31463827E-2
0.12696920E-2, 0.63080665E-6, 0.33138229E-2, 0.52911719E-5, 0.32564171E-1, 0.29074816E-1, 0.25154769, 0.68135567E-1, 0.32625052E-2
0.12860360E-2, 0.64969709E-6, 0.34229658E-2, 0.52875503E-5, 0.34107372E-1, 0.30466361E-1, 0.26385421, 0.71585119E-1, 0.34277709E-2
0.13001708E-2, 0.66649363E-6, 0.35170247E-2, 0.52839273E-5, 0.33977389E-1, 0.30364210E-1, 0.26324257, 0.71538270E-1, 0.34256233E-2
0.13150598E-2, 0.68423878E-6, 0.36139190E-2, 0.52803057E-5, 0.33523742E-1, 0.29972447E-1, 0.26011312, 0.70805319E-1, 0.33906214E-2
0.13281191E-2, 0.70022458E-6, 0.36967227E-2, 0.52766877E-5, 0.31551667E-1, 0.28221535E-1, 0.24516019, 0.66842385E-1, 0.32009378E-2
0.13415760E-2, 0.71677346E-6, 0.37821697E-2, 0.52730798E-5, 0.33337966E-1, 0.29832073E-1, 0.25940561, 0.70839852E-1, 0.33924601E-2
0.13565529E-2, 0.73509500E-6, 0.38806491E-2, 0.52694727E-5, 0.34396060E-1, 0.30792808E-1, 0.26803634, 0.73319815E-1, 0.35113236E-2
0.13717738E-2, 0.75385549E-6, 0.39797770E-2, 0.52658656E-5, 0.36358397E-1, 0.32565050E-1, 0.28376973, 0.77760346E-1, 0.37240935E-2
0.13861950E-2, 0.77192379E-6, 0.40743663E-2, 0.52622581E-5, 0.34467857E-1, 0.30886536E-1, 0.26943681, 0.73963784E-1, 0.35423760E-2
0.13991552E-2, 0.78855203E-6, 0.41707191E-2, 0.52586506E-5, 0.25104409E-1, 0.22504635E-1, 0.19649561, 0.54021806E-1, 0.25873538E-2
0.14116683E-2, 0.80482715E-6, 0.42809513E-2, 0.52550477E-5, 0.18843912E-1, 0.16896568E-1, 0.14762285, 0.40630598E-1, 0.19460237E-2
0.14211470E-2, 0.81786305E-6, 0.43656523E-2, 0.52514547E-5, 0.18471865E-1, 0.16565915E-1, 0.14480779, 0.39893363E-1, 0.19107442E-2
0.14393617E-2, 0.84074361E-6, 0.45200782E-2, 0.52478622E-5, 0.21982960E-1, 0.19719021E-1, 0.17246900, 0.47562223E-1, 0.22780932E-2
0.14527952E-2, 0.85846750E-6, 0.46382388E-2, 0.52442697E-5, 0.17298223E-1, 0.15519759E-1, 0.13581505, 0.37491530E-1, 0.17957672E-2
0.14617834E-2, 0.87129888E-6, 0.47177589E-2, 0.52406772E-5, 0.15722541E-1, 0.14108024E-1, 0.12351480, 0.34124684E-1, 0.16345258E-2
0.14683823E-2, 0.88148823E-6, 0.47746128E-2, 0.52370842E-5, 0.13368228E-1, 0.11996733E-1, 0.10506958, 0.29050168E-1, 0.13914810E-2
0.14720022E-2, 0.88832923E-6, 0.48020850E-2, 0.52334958E-5, 0.12237259E-1, 0.10982569E-1, 0.96216924E-1, 0.26619891E-1, 0.12750868E-2
0.14741936E-2, 0.89356058E-6, 0.48150411E-2, 0.52299170E-5, 0.11061146E-1, 0.99275606E-2, 0.86997539E-1, 0.24083514E-1, 0.11536070E-2
0.14756938E-2, 0.89801256E-6, 0.48208311E-2, 0.52263395E-5, 0.10982590E-1, 0.98574506E-2, 0.86404473E-1, 0.23932761E-1, 0.11463971E-2
0.14765901E-2, 0.90178133E-6, 0.48203086E-2, 0.52227624E-5, 0.10671593E-1, 0.95786666E-2, 0.83981030E-1, 0.23274353E-1, 0.11148693E-2
0.14767663E-2, 0.90473139E-6, 0.48121992E-2, 0.52191845E-5, 0.10136819E-1, 0.90989349E-2, 0.79793081E-1, 0.22125468E-1, 0.10598458E-2
0.14764060E-2, 0.90706959E-6, 0.47984337E-2, 0.52156065E-5, 0.94866408E-2, 0.85154921E-2, 0.74691989E-1, 0.20721402E-1, 0.99259720E-3
0.14759430E-2, 0.90928916E-6, 0.47836774E-2, 0.52120322E-5, 0.95649520E-2, 0.85859187E-2, 0.75324535E-1, 0.20907054E-1, 0.10014987E-2
0.14755180E-2, 0.91155061E-6, 0.47694584E-2, 0.52084679E-5, 0.97129075E-2, 0.87188799E-2, 0.76506406E-1, 0.21245547E-1, 0.10177218E-2
0.14752874E-2, 0.91403217E-6, 0.47574416E-2, 0.52049049E-5, 0.95953746E-2, 0.86135473E-2, 0.75597502E-1, 0.21003513E-1, 0.10061365E-2
0.14748720E-2, 0.91630261E-6, 0.47435411E-2, 0.52013424E-5, 0.87684169E-2, 0.78712786E-2, 0.69095753E-1, 0.19206146E-1, 0.92004426E-3
0.14743034E-2, 0.91839678E-6, 0.47280951E-2, 0.51977795E-5, 0.73153693E-2, 0.65668579E-2, 0.57653930E-1, 0.16032351E-1, 0.76801371E-3
0.14737027E-2, 0.92045258E-6, 0.47124070E-2, 0.51942166E-5, 0.64946297E-2, 0.58299322E-2, 0.51189654E-1, 0.14239815E-1, 0.68214833E-3
0.14771816E-2, 0.92715914E-6, 0.47380296E-2, 0.51906568E-5, 0.85460357E-2, 0.76711960E-2, 0.67365088E-1, 0.18746629E-1, 0.89804980E-3
0.14932891E-2, 0.94836821E-6, 0.48906021E-2, 0.51871029E-5, 0.96341688E-2, 0.86480789E-2, 0.75958043E-1, 0.21147747E-1, 0.10130822E-2
0.15057530E-2, 0.96555198E-6, 0.50076633E-2, 0.51835514E-5, 0.86055929E-2, 0.77248327E-2, 0.67861430E-1, 0.18902387E-1, 0.90552581E-3
0.15091310E-2, 0.97230793E-6, 0.50324691E-2, 0.51800034E-5, 0.76663736E-2, 0.68816016E-2, 0.60462330E-1, 0.16848460E-1, 0.80713717E-3
0.15092994E-2, 0.97535644E-6, 0.50234539E-2, 0.51764564E-5, 0.74243383E-2, 0.66641672E-2, 0.58559217E-1, 0.16324468E-1, 0.78203977E-3
0.15087428E-2, 0.97756435E-6, 0.50066840E-2, 0.51729116E-5, 0.72127446E-2, 0.64740437E-2, 0.56895200E-1, 0.15866552E-1, 0.76010777E-3
0.15079937E-2, 0.97954705E-6, 0.49879397E-2, 0.51693714E-5, 0.68944818E-2, 0.61881668E-2, 0.54388784E-1, 0.15173077E-1, 0.72689046E-3
0.15070894E-2, 0.98134740E-6, 0.49676350E-2, 0.51658303E-5, 0.67628818E-2, 0.60698194E-2, 0.53353984E-1, 0.14889609E-1, 0.71331463E-3
0.15060272E-2, 0.98296289E-6, 0.49457503E-2, 0.51622928E-5, 0.65524462E-2, 0.58807232E-2, 0.51696837E-1, 0.14432086E-1, 0.69140014E-3
0.15064077E-2, 0.98624446E-6, 0.49388879E-2, 0.51587594E-5, 0.76397453E-2, 0.68562822E-2, 0.60279153E-1, 0.16834095E-1, 0.80647861E-3
0.15288750E-2, 0.10152581E-5, 0.51514995E-2, 0.51552261E-5, 0.11856981E-1, 0.10641251E-1, 0.93575314E-1, 0.26145659E-1, 0.12525824E-2
0.15716103E-2, 0.10687847E-5, 0.55207568E-2, 0.51516963E-5, 0.18876808E-1, 0.16942767E-1, 0.14904454, 0.41676685E-1, 0.19966676E-2
0.16503654E-2, 0.11675382E-5, 0.60789036E-2, 0.51481702E-5, 0.19868318E-1, 0.17835746E-1, 0.15698414, 0.43940622E-1, 0.21051662E-2
0.17136916E-2, 0.12503136E-5, 0.65106531E-2, 0.51446445E-5, 0.21453179E-1, 0.19261600E-1, 0.16962817, 0.47530193E-1, 0.22771833E-2
0.17744466E-2, 0.13321304E-5, 0.69295922E-2, 0.51411230E-5, 0.23379339E-1, 0.20994872E-1, 0.18500516, 0.51898792E-1, 0.24865344E-2
0.18216484E-2, 0.13980422E-5, 0.72696316E-2, 0.51376037E-5, 0.22586118E-1, 0.20286337E-1, 0.17887379, 0.50238516E-1, 0.24070388E-2
0.18445937E-2, 0.14326311E-5, 0.74412641E-2, 0.51340858E-5, 0.17385317E-1, 0.15617031E-1, 0.13777357, 0.38735438E-1, 0.18559356E-2
0.18631343E-2, 0.14616430E-5, 0.75924047E-2, 0.51305692E-5, 0.14028913E-1, 0.12602518E-1, 0.11121937, 0.31295285E-1, 0.14994759E-2
0.18771929E-2, 0.14848077E-5, 0.77056275E-2, 0.51270581E-5, 0.12393677E-1, 0.11133476E-1, 0.98281220E-1, 0.27673731E-1, 0.13259698E-2
0.18879517E-2, 0.15036230E-5, 0.77883187E-2, 0.51235470E-5, 0.10823362E-1, 0.97224806E-2, 0.85843705E-1, 0.24186248E-1, 0.11588822E-2
0.18981686E-2, 0.15217975E-5, 0.78654932E-2, 0.51200377E-5, 0.10921212E-1, 0.98098284E-2, 0.86630389E-1, 0.24421694E-1, 0.11701754E-2
0.19120084E-2, 0.15450531E-5, 0.79758763E-2, 0.51165334E-5, 0.10663550E-1, 0.95779132E-2, 0.84597804E-1, 0.23862097E-1, 0.11433730E-2
0.19208384E-2, 0.15615293E-5, 0.80388347E-2, 0.51130301E-5, 0.86185010E-2, 0.77404226E-2, 0.68377055E-1, 0.19296497E-1, 0.92461682E-3
0.19253974E-2, 0.15721614E-5, 0.80597298E-2, 0.51095276E-5, 0.79453886E-2, 0.71351179E-2, 0.63035138E-1, 0.17796649E-1, 0.85275614E-3
0.19286326E-2, 0.15809863E-5, 0.80671795E-2, 0.51060306E-5, 0.77109146E-2, 0.69237654E-2, 0.61172150E-1, 0.17277714E-1, 0.82789629E-3
0.19312536E-2, 0.15889759E-5, 0.80683585E-2, 0.51025349E-5, 0.74956696E-2, 0.67297104E-2, 0.59461370E-1, 0.16801165E-1, 0.80506713E-3
0.19335205E-2, 0.15964886E-5, 0.80659501E-2, 0.50990393E-5, 0.77047385E-2, 0.69165854E-2, 0.61116137E-1, 0.17275549E-1, 0.82780397E-3
0.19352265E-2, 0.16032329E-5, 0.80577545E-2, 0.50955496E-5, 0.76436689E-2, 0.68609584E-2, 0.60628433E-1, 0.17144533E-1, 0.82153181E-3
0.19362818E-2, 0.16090806E-5, 0.80428189E-2, 0.50920603E-5, 0.71937377E-2, 0.64563272E-2, 0.57056017E-1, 0.16140560E-1, 0.77342865E-3
0.19365491E-2, 0.16138356E-5, 0.80196233E-2, 0.50885728E-5, 0.64844941E-2, 0.58190143E-2, 0.51425628E-1, 0.14552968E-1, 0.69735816E-3
0.19364756E-2, 0.16181186E-5, 0.79929912E-2, 0.50850895E-5, 0.65136943E-2, 0.58444464E-2, 0.51651753E-1, 0.14621899E-1, 0.70066535E-3
0.19364626E-2, 0.16224844E-5, 0.79672243E-2, 0.50816079E-5, 0.70496197E-2, 0.63244756E-2, 0.55895943E-1, 0.15828937E-1, 0.75850991E-3
0.19372056E-2, 0.16279009E-5, 0.79492349E-2, 0.50781277E-5, 0.83742542E-2, 0.75119031E-2, 0.66394165E-1, 0.18809389E-1, 0.90133678E-3
0.19534314E-2, 0.16549258E-5, 0.80846380E-2, 0.50746512E-5, 0.11468937E-1, 0.10287272E-1, 0.90938628E-1, 0.25776016E-1, 0.12351854E-2
0.19730206E-2, 0.16868817E-5, 0.82532903E-2, 0.50711774E-5, 0.98738307E-2, 0.88559892E-2, 0.78300059E-1, 0.22206031E-1, 0.10641221E-2
0.19818246E-2, 0.17038352E-5, 0.83164573E-2, 0.50677040E-5, 0.59078485E-2, 0.52982029E-2, 0.46847194E-1, 0.13291454E-1, 0.63693657E-3
0.19827213E-2, 0.17096656E-5, 0.82984734E-2, 0.50642348E-5, 0.48691193E-2, 0.43659038E-2, 0.38602546E-1, 0.10955364E-1, 0.52499212E-3
0.19821478E-2, 0.17134181E-5, 0.82651637E-2, 0.50607678E-5, 0.51028007E-2, 0.45746402E-2, 0.40446550E-1, 0.11481653E-1, 0.55021519E-3
0.19815573E-2, 0.17171446E-5, 0.82319481E-2, 0.50573017E-5, 0.45349649E-2, 0.40649008E-2, 0.35938393E-1, 0.10204468E-1, 0.48901315E-3
0.19807213E-2, 0.17205215E-5, 0.81963055E-2, 0.50538388E-5, 0.40382328E-2, 0.36189712E-2, 0.31993710E-1, 0.90864180E-2, 0.43543641E-3
0.19797706E-2, 0.17237330E-5, 0.81596905E-2, 0.50503800E-5, 0.40874118E-2, 0.36623657E-2, 0.32375105E-1, 0.91966745E-2, 0.44072166E-3
0.19787902E-2, 0.17268995E-5, 0.81230290E-2, 0.50469212E-5, 0.44191000E-2, 0.39588567E-2, 0.34993991E-1, 0.99428007E-2, 0.47647918E-3
0.19776439E-2, 0.17298281E-5, 0.80848299E-2, 0.50434646E-5, 0.44472166E-2, 0.39833332E-2, 0.35208389E-1, 0.10006013E-1, 0.47951023E-3
0.19764346E-2, 0.17326638E-5, 0.80462210E-2, 0.50400131E-5, 0.45772837E-2, 0.40991185E-2, 0.36229983E-1, 0.10298747E-1, 0.49354072E-3
0.19752430E-2, 0.17355200E-5, 0.80080852E-2, 0.50365616E-5, 0.48181475E-2, 0.43140925E-2, 0.38128402E-1, 0.10841025E-1, 0.51953009E-3
0.19740211E-2, 0.17383289E-5, 0.79698954E-2, 0.50331118E-5, 0.50046765E-2, 0.44803713E-2, 0.39596688E-1, 0.11261355E-1, 0.53967588E-3
0.19727370E-2, 0.17410463E-5, 0.79313004E-2, 0.50296667E-5, 0.50927205E-2, 0.45584631E-2, 0.40285762E-1, 0.11460311E-1, 0.54921297E-3
0.19713943E-2, 0.17436760E-5, 0.78923376E-2, 0.50262229E-5, 0.49321940E-2, 0.44140713E-2, 0.39008588E-1, 0.11099860E-1, 0.53194165E-3
0.19699836E-2, 0.17462049E-5, 0.78528961E-2, 0.50227804E-5, 0.48799757E-2, 0.43666353E-2, 0.38588174E-1, 0.10983012E-1, 0.52634417E-3
0.19685542E-2, 0.17487041E-5, 0.78135366E-2, 0.50193426E-5, 0.49545402E-2, 0.44326503E-2, 0.39170373E-1, 0.11151545E-1, 0.53442334E-3
0.19670948E-2, 0.17511555E-5, 0.77741211E-2, 0.50159060E-5, 0.47817724E-2, 0.42773974E-2, 0.37797276E-1, 0.10763334E-1, 0.51582122E-3
0.19655663E-2, 0.17535045E-5, 0.77342195E-2, 0.50124704E-5, 0.45702611E-2, 0.40875515E-2, 0.36118511E-1, 0.10287758E-1, 0.49303210E-3
0.19640359E-2, 0.17558467E-5, 0.76945843E-2, 0.50090403E-5, 0.52083591E-2, 0.46575228E-2, 0.41153707E-1, 0.11724880E-1, 0.56190789E-3
0.19624091E-2, 0.17580484E-5, 0.76541603E-2, 0.50056101E-5, 0.44015869E-2, 0.39354647E-2, 0.34772623E-1, 0.99093402E-2, 0.47490138E-3
0.19605937E-2, 0.17599796E-5, 0.76119425E-2, 0.50021799E-5, 0.39871871E-2, 0.35643505E-2, 0.31491894E-1, 0.89763524E-2, 0.43019006E-3
0.19587902E-2, 0.17619217E-5, 0.75701447E-2, 0.49987575E-5, 0.43382035E-2, 0.38775052E-2, 0.34256924E-1, 0.97665740E-2, 0.46806302E-3
0.19570305E-2, 0.17639209E-5, 0.75291209E-2, 0.49953346E-5, 0.45449692E-2, 0.40616691E-2, 0.35882503E-1, 0.10232357E-1, 0.49038761E-3
0.19552377E-2, 0.17658685E-5, 0.74880207E-2, 0.49919136E-5, 0.47286148E-2, 0.42251246E-2, 0.37325248E-1, 0.10646306E-1, 0.51022839E-3
0.19574848E-2, 0.17734656E-5, 0.74900785E-2, 0.49884957E-5, 0.52732811E-2, 0.47110938E-2, 0.41617528E-1, 0.11873626E-1, 0.56905107E-3
0.19668061E-2, 0.17910108E-5, 0.75675077E-2, 0.49850810E-5, 0.43989592E-2, 0.39294180E-2, 0.34711588E-1, 0.99058030E-2, 0.47474404E-3
0.19660967E-2, 0.17945097E-5, 0.75378097E-2, 0.49816663E-5, 0.40504951E-2, 0.36175305E-2, 0.31954687E-1, 0.91210315E-2, 0.43713491E-3
0.19641961E-2, 0.17963313E-5, 0.74956198E-2, 0.49782557E-5, 0.46286555E-2, 0.41332459E-2, 0.36508679E-1, 0.10423217E-1, 0.49954554E-3
0.19624133E-2, 0.17983119E-5, 0.74550067E-2, 0.49748496E-5, 0.55060475E-2, 0.49160114E-2, 0.43422092E-1, 0.12400194E-1, 0.59429760E-3
0.19606096E-2, 0.18002589E-5, 0.74144523E-2, 0.49714422E-5, 0.54655126E-2, 0.48791431E-2, 0.43096438E-1, 0.12310646E-1, 0.59000909E-3
0.19587323E-2, 0.18020964E-5, 0.73733577E-2, 0.49680361E-5, 0.52285083E-2, 0.46669217E-2, 0.41221809E-1, 0.11778377E-1, 0.56450214E-3
0.19567418E-2, 0.18037700E-5, 0.73312973E-2, 0.49646351E-5, 0.45029144E-2, 0.40186835E-2, 0.35495419E-1, 0.10144695E-1, 0.48620728E-3
0.19547893E-2, 0.18054905E-5, 0.72899386E-2, 0.49612368E-5, 0.48103486E-2, 0.42924187E-2, 0.37912168E-1, 0.10837974E-1, 0.51943673E-3
0.19528561E-2, 0.18072319E-5, 0.72490713E-2, 0.49578384E-5, 0.58632479E-2, 0.52312315E-2, 0.46203941E-1, 0.13211931E-1, 0.63321769E-3
0.19506799E-2, 0.18086273E-5, 0.72058025E-2, 0.49544456E-5, 0.39791847E-2, 0.35497677E-2, 0.31352349E-1, 0.89674201E-2, 0.42978991E-3
0.19480551E-2, 0.18093897E-5, 0.71578915E-2, 0.49510527E-5, 0.27644285E-2, 0.24656914E-2, 0.21775996E-1, 0.62294686E-2, 0.29856651E-3
0.19452843E-2, 0.18099405E-5, 0.71086888E-2, 0.49476612E-5, 0.28383676E-2, 0.25311958E-2, 0.22352446E-1, 0.63952897E-2, 0.30651470E-3
0.19426636E-2, 0.18106934E-5, 0.70614493E-2, 0.49442742E-5, 0.27719249E-2, 0.24715133E-2, 0.21823436E-1, 0.62448275E-2, 0.29930403E-3
0.19399617E-2, 0.18113268E-5, 0.70136343E-2, 0.49408895E-5, 0.28979941E-2, 0.25834704E-2, 0.22809960E-1, 0.65280637E-2, 0.31287989E-3
0.19371284E-2, 0.18117705E-5, 0.69646887E-2, 0.49375053E-5, 0.23156020E-2, 0.20639244E-2, 0.18221047E-1, 0.52154409E-2, 0.24996861E-3
0.19341819E-2, 0.18120514E-5, 0.69148275E-2, 0.49341256E-5, 0.24018302E-2, 0.21403972E-2, 0.18894181E-1, 0.54087611E-2, 0.25923474E-3
0.19313203E-2, 0.18124422E-5, 0.68662227E-2, 0.49307478E-5, 0.25938472E-2, 0.23111126E-2, 0.20399174E-1, 0.58403290E-2, 0.27991997E-3
0.19285107E-2, 0.18128981E-5, 0.68185087E-2, 0.49273704E-5, 0.25585992E-2, 0.22793126E-2, 0.20116569E-1, 0.57601691E-2, 0.27607873E-3
0.19257416E-2, 0.18134027E-5, 0.67715477E-2, 0.49239961E-5, 0.26799829E-2, 0.23870433E-2, 0.21065444E-1, 0.60326685E-2, 0.28914012E-3
0.19230172E-2, 0.18139624E-5, 0.67253895E-2, 0.49206269E-5, 0.29288302E-2, 0.26082611E-2, 0.23015734E-1, 0.65921238E-2, 0.31595520E-3
0.19203480E-2, 0.18145904E-5, 0.66801305E-2, 0.49172563E-5, 0.32929343E-2, 0.29320524E-2, 0.25871078E-1, 0.74111097E-2, 0.35520963E-3
0.19177813E-2, 0.18153537E-5, 0.66363011E-2, 0.49138885E-5, 0.39221691E-2, 0.34918201E-2, 0.30808669E-1, 0.88271582E-2, 0.42308110E-3
0.19152459E-2, 0.18161536E-5, 0.65931003E-2, 0.49105261E-5, 0.39426694E-2, 0.35095746E-2, 0.30964103E-1, 0.88734599E-2, 0.42530184E-3
0.19127167E-2, 0.18169551E-5, 0.65502464E-2, 0.49071637E-5, 0.41862661E-2, 0.37259108E-2, 0.32871775E-1, 0.94220880E-2, 0.45159896E-3
0.19103923E-2, 0.18180317E-5, 0.65099248E-2, 0.49038022E-5, 0.46697562E-2, 0.41556894E-2, 0.36662769E-1, 0.10511057E-1, 0.50379493E-3
0.19083518E-2, 0.18194926E-5, 0.64729820E-2, 0.49004457E-5, 0.47451016E-2, 0.42222296E-2, 0.37249640E-1, 0.10681855E-1, 0.51198347E-3
0.19058635E-2, 0.18203323E-5, 0.64313607E-2, 0.48970905E-5, 0.41552139E-2, 0.36968878E-2, 0.32614544E-1, 0.93547897E-2, 0.44837879E-3
0.19032578E-2, 0.18210033E-5, 0.63887173E-2, 0.48937359E-5, 0.39980374E-2, 0.35565803E-2, 0.31375870E-1, 0.90013575E-2, 0.43144013E-3
0.19005531E-2, 0.18215316E-5, 0.63452586E-2, 0.48903858E-5, 0.32453157E-2, 0.28865677E-2, 0.25463913E-1, 0.73066331E-2, 0.35021213E-3
0.18978473E-2, 0.18220528E-5, 0.63020727E-2, 0.48870384E-5, 0.39056803E-2, 0.34734530E-2, 0.30639725E-1, 0.87933615E-2, 0.42147349E-3
0.18951813E-2, 0.18226212E-5, 0.62596030E-2, 0.48836910E-5, 0.41104821E-2, 0.36551172E-2, 0.32241318E-1, 0.92548784E-2, 0.44359599E-3
0.18925383E-2, 0.18232146E-5, 0.62176599E-2, 0.48803468E-5, 0.41895034E-2, 0.37249278E-2, 0.32856468E-1, 0.94334371E-2, 0.45215606E-3
0.18898753E-2, 0.18237737E-5, 0.61757662E-2, 0.48770071E-5, 0.38619763E-2, 0.34332899E-2, 0.30283274E-1, 0.86964173E-2, 0.41683123E-3
0.18901003E-2, 0.18282692E-5, 0.61640916E-2, 0.48736674E-5, 0.52023157E-2, 0.46242629E-2, 0.40787611E-1, 0.11715595E-1, 0.56154677E-3
0.19196005E-2, 0.18729928E-5, 0.64554922E-2, 0.48703287E-5, 0.58781547E-2, 0.52245650E-2, 0.46084590E-1, 0.13240757E-1, 0.63465332E-3
0.19300507E-2, 0.18917564E-5, 0.65514599E-2, 0.48669958E-5, 0.39993138E-2, 0.35541961E-2, 0.31350702E-1, 0.90097617E-2, 0.43185614E-3
0.19278314E-2, 0.18930233E-5, 0.65125204E-2, 0.48636630E-5, 0.37137198E-2, 0.32999238E-2, 0.29106660E-1, 0.83664851E-2, 0.40102389E-3
0.19249849E-2, 0.18934138E-5, 0.64670113E-2, 0.48603315E-5, 0.41350056E-2, 0.36737658E-2, 0.32402948E-1, 0.93158102E-2, 0.44652875E-3
0.19221314E-2, 0.18937889E-5, 0.64217253E-2, 0.48570055E-5, 0.41650408E-2, 0.36999576E-2, 0.32633066E-1, 0.93839271E-2, 0.44979542E-3
0.19192726E-2, 0.18941488E-5, 0.63766660E-2, 0.48536799E-5, 0.42966842E-2, 0.38164109E-2, 0.33659440E-1, 0.96811298E-2, 0.46404282E-3
0.19164003E-2, 0.18944829E-5, 0.63317535E-2, 0.48503548E-5, 0.41165967E-2, 0.36559913E-2, 0.32243945E-1, 0.92759691E-2, 0.44462402E-3
0.19135110E-2, 0.18947862E-5, 0.62869349E-2, 0.48470347E-5, 0.40525841E-2, 0.35986819E-2, 0.31737730E-1, 0.91322176E-2, 0.43773520E-3
0.19148375E-2, 0.19008916E-5, 0.62881219E-2, 0.48437164E-5, 0.49607656E-2, 0.44046277E-2, 0.38845334E-1, 0.11179881E-1, 0.53588825E-3
0.19208567E-2, 0.19134868E-5, 0.63397675E-2, 0.48403986E-5, 0.51333820E-2, 0.45573870E-2, 0.40193047E-1, 0.11570678E-1, 0.55462320E-3
0.19196481E-2, 0.19161248E-5, 0.63131060E-2, 0.48370844E-5, 0.40710997E-2, 0.36138657E-2, 0.31871662E-1, 0.91772731E-2, 0.43990073E-3
0.19166823E-2, 0.19163299E-5, 0.62676533E-2, 0.48337743E-5, 0.37099414E-2, 0.32928297E-2, 0.29039353E-1, 0.83633596E-2, 0.40088824E-3
0.19136729E-2, 0.19164681E-5, 0.62220111E-2, 0.48304637E-5, 0.27617924E-2, 0.24509532E-2, 0.21613818E-1, 0.62258197E-2, 0.29842855E-3
0.19112038E-2, 0.19173426E-5, 0.61822515E-2, 0.48271545E-5, 0.32355487E-2, 0.28709525E-2, 0.25315803E-1, 0.72932635E-2, 0.34959629E-3
0.19103945E-2, 0.19204952E-5, 0.61600907E-2, 0.48238512E-5, 0.31163786E-2, 0.27648490E-2, 0.24379022E-1, 0.70245056E-2, 0.33671450E-3
0.19099863E-2, 0.19241972E-5, 0.61428645E-2, 0.48205484E-5, 0.27919430E-2, 0.24766449E-2, 0.21836318E-1, 0.62927902E-2, 0.30164103E-3
0.19089472E-2, 0.19270310E-5, 0.61195488E-2, 0.48172460E-5, 0.24721953E-2, 0.21926821E-2, 0.19331193E-1, 0.55715991E-2, 0.26707185E-3
0.19069044E-2, 0.19284798E-5, 0.60854820E-2, 0.48139486E-5, 0.23953542E-2, 0.21242048E-2, 0.18725898E-1, 0.53977990E-2, 0.25874149E-3
0.19102759E-2, 0.19373692E-5, 0.61088074E-2, 0.48106531E-5, 0.32318779E-2, 0.28656209E-2, 0.25260087E-1, 0.72823181E-2, 0.34907606E-3
0.19284310E-2, 0.19667241E-5, 0.62838960E-2, 0.48073580E-5, 0.41047805E-2, 0.36391357E-2, 0.32077406E-1, 0.92493976E-2, 0.44336880E-3
0.19531641E-2, 0.20054999E-5, 0.65285121E-2, 0.48040670E-5, 0.43099094E-2, 0.38205015E-2, 0.33675317E-1, 0.97121848E-2, 0.46555436E-3
0.19724946E-2, 0.20370685E-5, 0.67189257E-2, 0.48007782E-5, 0.47619846E-2, 0.42206962E-2, 0.37202254E-1, 0.10731795E-1, 0.51443180E-3
0.19801029E-2, 0.20523107E-5, 0.67857467E-2, 0.47974900E-5, 0.49673161E-2, 0.44021229E-2, 0.38801156E-1, 0.11195746E-1, 0.53667394E-3
0.19807632E-2, 0.20577813E-5, 0.67774425E-2, 0.47942053E-5, 0.52034706E-2, 0.46108267E-2, 0.40640775E-1, 0.11729517E-1, 0.56226348E-3
0.19779943E-2, 0.20584084E-5, 0.67317304E-2, 0.47909234E-5, 0.47569848E-2, 0.42146705E-2, 0.37149061E-1, 0.10724420E-1, 0.51408610E-3
0.19748956E-2, 0.20585626E-5, 0.66827065E-2, 0.47876420E-5, 0.44234982E-2, 0.39186864E-2, 0.34539711E-1, 0.99734198E-2, 0.47808824E-3
0.19723175E-2, 0.20594423E-5, 0.66397181E-2, 0.47843632E-5, 0.35313836E-2, 0.31279477E-2, 0.27569123E-1, 0.79622325E-2, 0.38168082E-3
0.19693803E-2, 0.20598090E-5, 0.65930472E-2, 0.47810886E-5, 0.34037046E-2, 0.30144041E-2, 0.26566872E-1, 0.76741008E-2, 0.36786991E-3
0.19673281E-2, 0.20614125E-5, 0.65563424E-2, 0.47778162E-5, 0.30292582E-2, 0.26823797E-2, 0.23639141E-1, 0.68294937E-2, 0.32738331E-3
0.19722227E-2, 0.20727853E-5, 0.65915976E-2, 0.47745430E-5, 0.38773715E-2, 0.34328662E-2, 0.30251300E-1, 0.87412847E-2, 0.41902947E-3
0.19858312E-2, 0.20965133E-5, 0.67127994E-2, 0.47712747E-5, 0.40510562E-2, 0.35861547E-2, 0.31601124E-1, 0.91331173E-2, 0.43781442E-3
0.20041736E-2, 0.21271267E-5, 0.68851737E-2, 0.47680073E-5, 0.42243693E-2, 0.37390522E-2, 0.32947388E-1, 0.95241563E-2, 0.45656131E-3
0.20120090E-2, 0.21429403E-5, 0.69523212E-2, 0.47647427E-5, 0.36718063E-2, 0.32494669E-2, 0.28631922E-1, 0.82783028E-2, 0.39684004E-3
0.20118654E-2, 0.21473961E-5, 0.69344705E-2, 0.47614794E-5, 0.36159325E-2, 0.31995173E-2, 0.28190181E-1, 0.81520537E-2, 0.39078944E-3
0.20096139E-2, 0.21488390E-5, 0.68938369E-2, 0.47582207E-5, 0.41616554E-2, 0.36818478E-2, 0.32438423E-1, 0.93823643E-2, 0.44976929E-3
0.20070409E-2, 0.21498179E-5, 0.68499530E-2, 0.47549620E-5, 0.45821406E-2, 0.40532849E-2, 0.35709981E-1, 0.10330852E-1, 0.49523957E-3
0.20042071E-2, 0.21504161E-5, 0.68034758E-2, 0.47517051E-5, 0.47253645E-2, 0.41794251E-2, 0.36820829E-1, 0.10654677E-1, 0.51076518E-3
0.20010932E-2, 0.21506085E-5, 0.67542149E-2, 0.47484532E-5, 0.48566093E-2, 0.42949468E-2, 0.37838284E-1, 0.10951692E-1, 0.52500569E-3
0.19978350E-2, 0.21505878E-5, 0.67036841E-2, 0.47452017E-5, 0.42058765E-2, 0.37190015E-2, 0.32763924E-1, 0.94851432E-2, 0.45470370E-3
0.19950659E-2, 0.21505430E-5, 0.66533531E-2, 0.47419508E-5, 0.51216106E-2, 0.45281341E-2, 0.39891761E-1, 0.11551296E-1, 0.55375445E-3
0.19928266E-2, 0.21504723E-5, 0.66032037E-2, 0.47387052E-5, 0.49452335E-2, 0.43716724E-2, 0.38513657E-1, 0.11155021E-1, 0.53476030E-3
0.19905746E-2, 0.21503797E-5, 0.65532629E-2, 0.47354615E-5, 0.59076459E-2, 0.52218670E-2, 0.46004649E-1, 0.13328244E-1, 0.63894596E-3
0.19883167E-2, 0.21502735E-5, 0.65035848E-2, 0.47322183E-5, 0.64609502E-2, 0.57103937E-2, 0.50311267E-1, 0.14580373E-1, 0.69897645E-3
0.19860622E-2, 0.21501667E-5, 0.64542680E-2, 0.47289773E-5, 0.53998991E-2, 0.47721416E-2, 0.42046878E-1, 0.12188915E-1, 0.58433454E-3
0.19838107E-2, 0.21500591E-5, 0.64053275E-2, 0.47257408E-5, 0.34897630E-2, 0.30836794E-2, 0.27169686E-1, 0.78779338E-2, 0.37766833E-3
0.19815632E-2, 0.21499518E-5, 0.63567576E-2, 0.47225044E-5, 0.32294958E-2, 0.28532904E-2, 0.25138408E-1, 0.72901715E-2, 0.34949204E-3
0.19793289E-2, 0.21498583E-5, 0.63086641E-2, 0.47192698E-5, 0.28364474E-2, 0.25056556E-2, 0.22074163E-1, 0.64024976E-2, 0.30693767E-3
0.19777049E-2, 0.21506194E-5, 0.62675942E-2, 0.47160402E-5, 0.28810038E-2, 0.25446434E-2, 0.22416079E-1, 0.65025869E-2, 0.31173672E-3
0.19756588E-2, 0.21507806E-5, 0.62221577E-2, 0.47128106E-5, 0.27862217E-2, 0.24605591E-2, 0.21673802E-1, 0.62881415E-2, 0.30145692E-3
0.19734497E-2, 0.21507087E-5, 0.61752512E-2, 0.47095823E-5, 0.26775850E-2, 0.23642718E-2, 0.20824142E-1, 0.60424479E-2, 0.28967889E-3
0.19720506E-2, 0.21517703E-5, 0.61375676E-2, 0.47063586E-5, 0.27994141E-2, 0.24714877E-2, 0.21766942E-1, 0.63168691E-2, 0.30283560E-3
0.19711622E-2, 0.21535470E-5, 0.61057126E-2, 0.47031372E-5, 0.23500335E-2, 0.20744381E-2, 0.18268600E-1, 0.53023095E-2, 0.25419742E-3
0.19698732E-2, 0.21547571E-5, 0.60696523E-2, 0.46999157E-5, 0.25214774E-2, 0.22254335E-2, 0.19596646E-1, 0.56884428E-2, 0.27270967E-3
0.19695247E-2, 0.21572880E-5, 0.60441466E-2, 0.46966970E-5, 0.26790346E-2, 0.23641512E-2, 0.20816628E-1, 0.60433447E-2, 0.28972473E-3
0.19800924E-2, 0.21752251E-5, 0.61323331E-2, 0.46934833E-5, 0.44078962E-2, 0.38892685E-2, 0.34243803E-1, 0.99431453E-2, 0.47668698E-3
0.20254434E-2, 0.22428649E-5, 0.65782401E-2, 0.46902692E-5, 0.76189176E-2, 0.67219259E-2, 0.59188019E-1, 0.17191032E-1, 0.82416437E-3
0.20454403E-2, 0.22748679E-5, 0.67652538E-2, 0.46870568E-5, 0.49140961E-2, 0.43351338E-2, 0.38174052E-1, 0.11091026E-1, 0.53172396E-3
0.20487697E-2, 0.22829688E-5, 0.67756879E-2, 0.46838491E-5, 0.32497365E-2, 0.28664374E-2, 0.25240110E-1, 0.73347059E-2, 0.35164045E-3
0.20482733E-2, 0.22855434E-5, 0.67446763E-2, 0.46806431E-5, 0.39570495E-2, 0.34897879E-2, 0.30727200E-1, 0.89308117E-2, 0.42816220E-3
0.20598276E-2, 0.23056045E-5, 0.68399291E-2, 0.46774358E-5, 0.48480616E-2, 0.42749955E-2, 0.37639987E-1, 0.10942355E-1, 0.52460196E-3
0.20998593E-2, 0.23675352E-5, 0.72213551E-2, 0.46742339E-5, 0.53656725E-2, 0.47308221E-2, 0.41653566E-1, 0.12112169E-1, 0.58068841E-3
0.21470147E-2, 0.24410531E-5, 0.76637436E-2, 0.46710347E-5, 0.62639797E-2, 0.55221305E-2, 0.48621792E-1, 0.14142430E-1, 0.67802786E-3
0.21856357E-2, 0.25028558E-5, 0.80222460E-2, 0.46678351E-5, 0.60641840E-2, 0.53452761E-2, 0.47065806E-1, 0.13693958E-1, 0.65653078E-3
0.21962649E-2, 0.25227839E-5, 0.81012463E-2, 0.46646383E-5, 0.40329248E-2, 0.35542336E-2, 0.31294625E-1, 0.91075636E-2, 0.43664675E-3
0.21996691E-2, 0.25317947E-5, 0.81052557E-2, 0.46614464E-5, 0.43520778E-2, 0.38348120E-2, 0.33762991E-1, 0.98279351E-2, 0.47118575E-3
0.22061160E-2, 0.25454667E-5, 0.81419079E-2, 0.46582550E-5, 0.44723917E-2, 0.39401515E-2, 0.34688804E-1, 0.10099597E-1, 0.48421242E-3
0.22106322E-2, 0.25562304E-5, 0.81577785E-2, 0.46550631E-5, 0.46298667E-2, 0.40781703E-2, 0.35902184E-1, 0.10455186E-1, 0.50126313E-3
0.22127531E-2, 0.25633547E-5, 0.81477808E-2, 0.46518767E-5, 0.51933918E-2, 0.45737647E-2, 0.40263750E-1, 0.11728127E-1, 0.56229596E-3
0.22135980E-2, 0.25685365E-5, 0.81240637E-2, 0.46486925E-5, 0.52771079E-2, 0.46467353E-2, 0.40905282E-1, 0.11918034E-1, 0.57140389E-3
0.22163254E-2, 0.25774336E-5, 0.81263017E-2, 0.46455084E-5, 0.51052212E-2, 0.44946694E-2, 0.39565995E-1, 0.11530739E-1, 0.55283797E-3
0.22165764E-2, 0.25833201E-5, 0.81073139E-2, 0.46423274E-5, 0.48563299E-2, 0.42747981E-2, 0.37629105E-1, 0.10968925E-1, 0.52590447E-3
0.22146432E-2, 0.25858581E-5, 0.80650067E-2, 0.46391501E-5, 0.57061599E-2, 0.50220704E-2, 0.44206314E-1, 0.12889491E-1, 0.61798882E-3
0.22125130E-2, 0.25880897E-5, 0.80208331E-2, 0.46359728E-5, 0.46938588E-2, 0.41304952E-2, 0.36357876E-1, 0.10603780E-1, 0.50840271E-3
0.22103738E-2, 0.25903000E-5, 0.79768589E-2, 0.46327968E-5, 0.53151837E-2, 0.46764743E-2, 0.41162565E-1, 0.12007977E-1, 0.57573029E-3
0.22082541E-2, 0.25925340E-5, 0.79334043E-2, 0.46296268E-5, 0.72348956E-2, 0.63645984E-2, 0.56022741E-1, 0.16347928E-1, 0.78381726E-3
0.22060738E-2, 0.25946674E-5, 0.78895623E-2, 0.46264577E-5, 0.62850653E-2, 0.55283327E-2, 0.48664197E-1, 0.14205337E-1, 0.68109302E-3
0.22038156E-2, 0.25966747E-5, 0.78451652E-2, 0.46232876E-5, 0.68764756E-2, 0.60477438E-2, 0.53238496E-1, 0.15545553E-1, 0.74535602E-3
0.22014678E-2, 0.25985371E-5, 0.78000748E-2, 0.46201235E-5, 0.56302091E-2, 0.49510296E-2, 0.43585554E-1, 0.12730805E-1, 0.61040220E-3
0.21990582E-2, 0.26002976E-5, 0.77546015E-2, 0.46169612E-5, 0.62426529E-2, 0.54888185E-2, 0.48320565E-1, 0.14117889E-1, 0.67691255E-3
0.21970882E-2, 0.26027208E-5, 0.77141924E-2, 0.46137984E-5, 0.71618543E-2, 0.62962207E-2, 0.55431016E-1, 0.16200613E-1, 0.77677821E-3
0.22030042E-2, 0.26171492E-5, 0.77587790E-2, 0.46106388E-5, 0.70535601E-2, 0.62002996E-2, 0.54590158E-1, 0.15960379E-1, 0.76526467E-3
0.22375663E-2, 0.26756197E-5, 0.80896216E-2, 0.46074838E-5, 0.11188803E-1, 0.98345485E-2, 0.86600445E-1, 0.25330216E-1, 0.12145384E-2
0.22751726E-2, 0.27395165E-5, 0.84546311E-2, 0.46043297E-5, 0.90343179E-2, 0.79402365E-2, 0.69932155E-1, 0.20464912E-1, 0.98126545E-3
0.22923453E-2, 0.27721303E-5, 0.86126691E-2, 0.46011751E-5, 0.77807000E-2, 0.68376064E-2, 0.60226768E-1, 0.17631942E-1, 0.84543525E-3
0.22948601E-2, 0.27819026E-5, 0.86159715E-2, 0.45980241E-5, 0.67872172E-2, 0.59636962E-2, 0.52531928E-1, 0.15384664E-1, 0.73768530E-3
0.22948319E-2, 0.27876922E-5, 0.85920272E-2, 0.45948777E-5, 0.73288451E-2, 0.64386786E-2, 0.56718320E-1, 0.16616387E-1, 0.79675089E-3
0.22982750E-2, 0.27989363E-5, 0.86025009E-2, 0.45917304E-5, 0.80546858E-2, 0.70753205E-2, 0.62330015E-1, 0.18267203E-1, 0.87591336E-3
0.23370236E-2, 0.28660668E-5, 0.89656701E-2, 0.45885854E-5, 0.98680481E-2, 0.86673480E-2, 0.76364987E-1, 0.22390159E-1, 0.10736187E-2
0.23791506E-2, 0.29394896E-5, 0.93565742E-2, 0.45854458E-5, 0.96031865E-2, 0.84337620E-2, 0.74317344E-1, 0.21800082E-1, 0.10453339E-2
0.24171630E-2, 0.30072558E-5, 0.97021265E-2, 0.45823044E-5, 0.94104232E-2, 0.82634510E-2, 0.72825722E-1, 0.21372382E-1, 0.10248350E-2
0.24493649E-2, 0.30663114E-5, 0.99895885E-2, 0.45791662E-5, 0.88900197E-2, 0.78053758E-2, 0.68795837E-1, 0.20198675E-1, 0.96856273E-3
0.24687634E-2, 0.31048062E-5, 0.10155424E-1, 0.45760326E-5, 0.82990406E-2, 0.72853123E-2, 0.64216577E-1, 0.18862056E-1, 0.90447691E-3
0.24784852E-2, 0.31275094E-5, 0.10224658E-1, 0.45729003E-5, 0.85546281E-2, 0.75083883E-2, 0.66186808E-1, 0.19448683E-1, 0.93261432E-3
0.24832343E-2, 0.31420420E-5, 0.10242589E-1, 0.45697680E-5, 0.80476608E-2, 0.70621991E-2, 0.62257122E-1, 0.18301331E-1, 0.87760290E-3
0.24865752E-2, 0.31542668E-5, 0.10245671E-1, 0.45666375E-5, 0.86075347E-2, 0.75522312E-2, 0.66580936E-1, 0.19580245E-1, 0.93893812E-3
0.24885309E-2, 0.31642085E-5, 0.10234045E-1, 0.45635138E-5, 0.89503368E-2, 0.78517403E-2, 0.69226876E-1, 0.20367004E-1, 0.97667414E-3
0.24898036E-2, 0.31730226E-5, 0.10215238E-1, 0.45603892E-5, 0.91029406E-2, 0.79843542E-2, 0.70402317E-1, 0.20721868E-1, 0.99369953E-3
0.24907687E-2, 0.31813329E-5, 0.10193301E-1, 0.45572642E-5, 0.10417328E-1, 0.91358740E-2, 0.80564946E-1, 0.23724208E-1, 0.11376844E-2
0.24914078E-2, 0.31891054E-5, 0.10168049E-1, 0.45541451E-5, 0.95586777E-2, 0.83817178E-2, 0.73924311E-1, 0.21779301E-1, 0.10444273E-2
0.24980900E-2, 0.32069461E-5, 0.10202413E-1, 0.45510278E-5, 0.10145923E-1, 0.88952696E-2, 0.78462385E-1, 0.23127304E-1, 0.11090816E-2
0.25312582E-2, 0.32692278E-5, 0.10499446E-1, 0.45479114E-5, 0.11196473E-1, 0.98152161E-2, 0.86591706E-1, 0.25536634E-1, 0.12246351E-2
0.25678212E-2, 0.33379436E-5, 0.10816833E-1, 0.45447969E-5, 0.14529970E-1, 0.12735841E-1, 0.11238147, 0.33162721E-1, 0.15903711E-2
0.26689717E-2, 0.35192807E-5, 0.11525185E-1, 0.45416873E-5, 0.22008087E-1, 0.19290743E-1, 0.17030126, 0.50298672E-1, 0.24121942E-2
0.27811993E-2, 0.37253451E-5, 0.12280220E-1, 0.45385782E-5, 0.23773260E-1, 0.20838775E-1, 0.18408027, 0.54428708E-1, 0.26103174E-2
0.28449609E-2, 0.38485769E-5, 0.12682457E-1, 0.45354700E-5, 0.26218705E-1, 0.22983719E-1, 0.20316751, 0.60145166E-1, 0.28845400E-2
0.28810967E-2, 0.39231240E-5, 0.12886706E-1, 0.45323659E-5, 0.27780540E-1, 0.24355168E-1, 0.21545780, 0.63867211E-1, 0.30631288E-2
0.29203759E-2, 0.40042423E-5, 0.13122026E-1, 0.45292641E-5, 0.27160978E-1, 0.23814218E-1, 0.21083854, 0.62581629E-1, 0.30015528E-2
0.29607278E-2, 0.40882060E-5, 0.13378663E-1, 0.45261613E-5, 0.25331346E-1, 0.22211352E-1, 0.19679129, 0.58487099E-1, 0.28052423E-2
0.29970019E-2, 0.41653852E-5, 0.13611041E-1, 0.45230618E-5, 0.27964769E-1, 0.24521939E-1, 0.21742439, 0.64703301E-1, 0.31034746E-2
0.30338489E-2, 0.42444130E-5, 0.13828885E-1, 0.45199663E-5, 0.31647317E-1, 0.27754253E-1, 0.24629830, 0.73402800E-1, 0.35208475E-2
0.30758206E-2, 0.43340096E-5, 0.14065902E-1, 0.45168717E-5, 0.33010162E-1, 0.28953772E-1, 0.25719270, 0.76771200E-1, 0.36825351E-2
0.31170147E-2, 0.44230574E-5, 0.14302054E-1, 0.45137772E-5, 0.29501073E-1, 0.25879376E-1, 0.23009861, 0.68789832E-1, 0.32997923E-2
0.31547251E-2, 0.45062120E-5, 0.14511959E-1, 0.45106885E-5, 0.22664465E-1, 0.19882498E-1, 0.17690420, 0.52955527E-1, 0.25403008E-2
0.31966220E-2, 0.45984116E-5, 0.14743857E-1, 0.45076013E-5, 0.20375296E-1, 0.17873129E-1, 0.15910719, 0.47678869E-1, 0.22872265E-2
0.32378887E-2, 0.46902851E-5, 0.14970025E-1, 0.45045140E-5, 0.21413133E-1, 0.18781804E-1, 0.16727541, 0.50178386E-1, 0.24071827E-2
0.32778815E-2, 0.47804970E-5, 0.15184139E-1, 0.45014285E-5, 0.22800470E-1, 0.19997358E-1, 0.17819539, 0.53512733E-1, 0.25671965E-2
0.33156157E-2, 0.48670545E-5, 0.15382548E-1, 0.44983485E-5, 0.25970835E-1, 0.22776904E-1, 0.20308614, 0.61061163E-1, 0.29293946E-2
0.33620123E-2, 0.49719615E-5, 0.15653525E-1, 0.44952681E-5, 0.29369256E-1, 0.25757875E-1, 0.22983815, 0.69199301E-1, 0.33199119E-2
0.34035661E-2, 0.50680596E-5, 0.15890902E-1, 0.44921890E-5, 0.32339592E-1, 0.28364794E-1, 0.25332186, 0.76386496E-1, 0.36648416E-2
0.34494291E-2, 0.51739748E-5, 0.16148336E-1, 0.44891144E-5, 0.29830951E-1, 0.26166230E-1, 0.23389567, 0.70638537E-1, 0.33891771E-2
0.34977270E-2, 0.52860300E-5, 0.16418904E-1, 0.44860417E-5, 0.28337421E-1, 0.24856841E-1, 0.22237040, 0.67255571E-1, 0.32269633E-2
0.35454093E-2, 0.53979634E-5, 0.16693547E-1, 0.44829694E-5, 0.25148503E-1, 0.22058936E-1, 0.19747818, 0.59807166E-1, 0.28696647E-2
0.35916509E-2, 0.55079590E-5, 0.16977057E-1, 0.44798994E-5, 0.24742011E-1, 0.21700786E-1, 0.19439112, 0.58945827E-1, 0.28284087E-2
0.36320880E-2, 0.56065905E-5, 0.17241091E-1, 0.44768335E-5, 0.19726332E-1, 0.17299434E-1, 0.15504226, 0.47066685E-1, 0.22584628E-2
0.36702261E-2, 0.57011189E-5, 0.17507207E-1, 0.44737685E-5, 0.17340230E-1, 0.15203631E-1, 0.13630332, 0.41416630E-1, 0.19873872E-2
0.37033600E-2, 0.57855659E-5, 0.17750083E-1, 0.44707053E-5, 0.15721930E-1, 0.13781009E-1, 0.12357675, 0.37580740E-1, 0.18033525E-2
0.37300240E-2, 0.58565215E-5, 0.17942764E-1, 0.44676453E-5, 0.13519478E-1, 0.11846834E-1, 0.10624779, 0.32334626E-1, 0.15516364E-2
0.37496230E-2, 0.59124491E-5, 0.18070789E-1, 0.44645872E-5, 0.11943202E-1, 0.10462040E-1, 0.93834288E-1, 0.28575072E-1, 0.13712459E-2
0.37607867E-2, 0.59501544E-5, 0.18116135E-1, 0.44615294E-5, 0.89056538E-2, 0.77981236E-2, 0.69938377E-1, 0.21309318E-1, 0.10225921E-2
0.37684944E-2, 0.59803897E-5, 0.18126691E-1, 0.44584735E-5, 0.83611552E-2, 0.73182676E-2, 0.65626957E-1, 0.20004330E-1, 0.95997704E-3
0.37765221E-2, 0.60113944E-5, 0.18139077E-1, 0.44554226E-5, 0.87955883E-2, 0.76949685E-2, 0.68994269E-1, 0.21039739E-1, 0.10096737E-2
0.38101939E-2, 0.60989514E-5, 0.18389886E-1, 0.44523722E-5, 0.11618918E-1, 0.10161215E-1, 0.91103688E-1, 0.27796034E-1, 0.13339153E-2
0.38609896E-2, 0.62251647E-5, 0.18787785E-1, 0.44493236E-5, 0.13709391E-1, 0.11985075E-1, 0.10746054, 0.32807153E-1, 0.15744168E-2
0.39180554E-2, 0.63666475E-5, 0.19234506E-1, 0.44462781E-5, 0.16499586E-1, 0.14419671E-1, 0.12930830, 0.39506640E-1, 0.18959561E-2
0.39620074E-2, 0.64799547E-5, 0.19553324E-1, 0.44432345E-5, 0.19149590E-1, 0.16729772E-1, 0.15005407, 0.45885436E-1, 0.22021204E-2
0.40050331E-2, 0.65920694E-5, 0.19781660E-1, 0.44401918E-5, 0.25518652E-1, 0.22290427E-1, 0.20002645, 0.61234362E-1, 0.29388107E-2
0.40511899E-2, 0.67122687E-5, 0.20014102E-1, 0.44371504E-5, 0.29787090E-1, 0.26015485E-1, 0.23360848, 0.71612969E-1, 0.34370096E-2
0.40984405E-2, 0.68360073E-5, 0.20254811E-1, 0.44341145E-5, 0.30339956E-1, 0.26496168E-1, 0.23811074, 0.73102474E-1, 0.35086100E-2
0.41472344E-2, 0.69643570E-5, 0.20506272E-1, 0.44310791E-5, 0.32801349E-1, 0.28643955E-1, 0.25762883, 0.79218924E-1, 0.38023032E-2
0.41937642E-2, 0.70885199E-5, 0.20740736E-1, 0.44280441E-5, 0.33081081E-1, 0.28886952E-1, 0.26004857, 0.80094673E-1, 0.38444726E-2
0.42428183E-2, 0.72196676E-5, 0.20993972E-1, 0.44250128E-5, 0.29198045E-1, 0.25494121E-1, 0.22969437, 0.70856348E-1, 0.34011558E-2
0.42947731E-2, 0.73587657E-5, 0.21277498E-1, 0.44219842E-5, 0.26869569E-1, 0.23457507E-1, 0.21148857, 0.65332040E-1, 0.31360791E-2
0.43434012E-2, 0.74911441E-5, 0.21536384E-1, 0.44189555E-5, 0.30157374E-1, 0.26323272E-1, 0.23748519, 0.73467456E-1, 0.35267049E-2
0.43967995E-2, 0.76360711E-5, 0.21813113E-1, 0.44159274E-5, 0.27331263E-1, 0.23853067E-1, 0.21535228, 0.66717207E-1, 0.32027690E-2
0.44466211E-2, 0.77735522E-5, 0.22065019E-1, 0.44129060E-5, 0.35668757E-1, 0.31125516E-1, 0.28123331, 0.87264322E-1, 0.41892803E-2
0.44908654E-2, 0.78985831E-5, 0.22280967E-1, 0.44098838E-5, 0.29381273E-1, 0.25636181E-1, 0.23183350, 0.72055161E-1, 0.34592631E-2
0.45379754E-2, 0.80315158E-5, 0.22507248E-1, 0.44068647E-5, 0.25653007E-1, 0.22378810E-1, 0.20250587, 0.63027710E-1, 0.30259597E-2
0.45875502E-2, 0.81715516E-5, 0.22749200E-1, 0.44038466E-5, 0.24561362E-1, 0.21420831E-1, 0.19393599, 0.60437046E-1, 0.29016619E-2
0.46441802E-2, 0.83301775E-5, 0.23041643E-1, 0.44008339E-5, 0.25482327E-1, 0.22217873E-1, 0.20125216, 0.62796205E-1, 0.30150115E-2
0.46996633E-2, 0.84872627E-5, 0.23325156E-1, 0.43978212E-5, 0.24978841E-1, 0.21772850E-1, 0.19732149, 0.61648160E-1, 0.29599746E-2
0.47482615E-2, 0.86283062E-5, 0.23556137E-1, 0.43948094E-5, 0.27445683E-1, 0.23916502E-1, 0.21686564, 0.67843728E-1, 0.32575438E-2
0.47917715E-2, 0.87575145E-5, 0.23750385E-1, 0.43918021E-5, 0.28439574E-1, 0.24776535E-1, 0.22480318, 0.70426278E-1, 0.33816516E-2
0.48402017E-2, 0.89000932E-5, 0.23981079E-1, 0.43887962E-5, 0.35308573E-1, 0.30755330E-1, 0.27927095, 0.87630063E-1, 0.42078719E-2
0.48893811E-2, 0.90455896E-5, 0.24216341E-1, 0.43857899E-5, 0.35932440E-1, 0.31295262E-1, 0.28444988, 0.89416191E-1, 0.42938110E-2
0.49391575E-2, 0.91936545E-5, 0.24460062E-1, 0.43827858E-5, 0.35264950E-1, 0.30710613E-1, 0.27940935, 0.87990463E-1, 0.42255172E-2
0.49838512E-2, 0.93296085E-5, 0.24686065E-1, 0.43797872E-5, 0.31866834E-1, 0.27746992E-1, 0.25266826, 0.79705372E-1, 0.38277931E-2
0.50267512E-2, 0.94617917E-5, 0.24919698E-1, 0.43767886E-5, 0.26018078E-1, 0.22647996E-1, 0.20636827, 0.65196276E-1, 0.31311077E-2
0.50712475E-2, 0.95989299E-5, 0.25141057E-1, 0.43737909E-5, 0.27617026E-1, 0.24032412E-1, 0.21910334, 0.69314025E-1, 0.33289678E-2
0.51083425E-2, 0.97175116E-5, 0.25280138E-1, 0.43707969E-5, 0.29464511E-1, 0.25633208E-1, 0.23384649, 0.74085481E-1, 0.35582443E-2
0.51470995E-2, 0.98411219E-5, 0.25433004E-1, 0.43678056E-5, 0.37966728E-1, 0.33022940E-1, 0.30151564, 0.95686957E-1, 0.45959176E-2
0.51949453E-2, 0.99894360E-5, 0.25658896E-1, 0.43648156E-5, 0.35318881E-1, 0.30715736E-1, 0.28073475, 0.89259312E-1, 0.42873761E-2
0.52432874E-2, 0.10140024E-4, 0.25897242E-1, 0.43618270E-5, 0.32964837E-1, 0.28663244E-1, 0.26221088, 0.83515354E-1, 0.40116375E-2
0.52848202E-2, 0.10273367E-4, 0.26118990E-1, 0.43588416E-5, 0.28438551E-1, 0.24720907E-1, 0.22630970, 0.72194137E-1, 0.34679496E-2
0.53174268E-2, 0.10383535E-4, 0.26302977E-1, 0.43558580E-5, 0.24376635E-1, 0.21182135E-1, 0.19401172, 0.61974742E-1, 0.29771391E-2
0.53432477E-2, 0.10475972E-4, 0.26445493E-1, 0.43528744E-5, 0.17841032E-1, 0.15495438E-1, 0.14196108, 0.45397259E-1, 0.21808450E-2
0.53746407E-2, 0.10583777E-4, 0.26643123E-1, 0.43498949E-5, 0.19065883E-1, 0.16550474E-1, 0.15164502, 0.48539694E-1, 0.23318552E-2
0.54089720E-2, 0.10700007E-4, 0.26866795E-1, 0.43469186E-5, 0.18901117E-1, 0.16398452E-1, 0.15027092, 0.48146479E-1, 0.23130169E-2
0.54504848E-2, 0.10836287E-4, 0.27140943E-1, 0.43439413E-5, 0.18741317E-1, 0.16251020E-1, 0.14893924, 0.47765650E-1, 0.22947714E-2
0.54942975E-2, 0.10979559E-4, 0.27425008E-1, 0.43409664E-5, 0.19652294E-1, 0.17031917E-1, 0.15611956, 0.50117202E-1, 0.24078004E-2
0.55319467E-2, 0.11106754E-4, 0.27661247E-1, 0.43379955E-5, 0.19257352E-1, 0.16680412E-1, 0.15291901, 0.49138140E-1, 0.23608166E-2
0.55559617E-2, 0.11197144E-4, 0.27785122E-1, 0.43350265E-5, 0.16432701E-1, 0.14225131E-1, 0.13041639, 0.41945342E-1, 0.20152847E-2
0.55740923E-2, 0.11271659E-4, 0.27857831E-1, 0.43320579E-5, 0.12746023E-1, 0.11026588E-1, 0.10108307, 0.32535154E-1, 0.15631948E-2
0.55991365E-2, 0.11365431E-4, 0.27996948E-1, 0.43290902E-5, 0.14921141E-1, 0.12899504E-1, 0.11823519, 0.38082290E-1, 0.18297441E-2
0.56277518E-2, 0.11469394E-4, 0.28172236E-1, 0.43261284E-5, 0.13856942E-1, 0.11971540E-1, 0.10971739, 0.35364438E-1, 0.16991873E-2
0.56420662E-2, 0.11534179E-4, 0.28208155E-1, 0.43231662E-5, 0.11333903E-1, 0.97848028E-2, 0.89657389E-1, 0.28917016E-1, 0.13894233E-2
0.56498423E-2, 0.11581003E-4, 0.28177479E-1, 0.43202049E-5, 0.11181458E-1, 0.96459547E-2, 0.88359699E-1, 0.28514523E-1, 0.13701018E-2
0.56676017E-2, 0.11655558E-4, 0.28241152E-1, 0.43172463E-5, 0.14795750E-1, 0.12754344E-1, 0.11680605, 0.37718635E-1, 0.18123802E-2
0.57211188E-2, 0.11829778E-4, 0.28642120E-1, 0.43142927E-5, 0.16629865E-1, 0.14326962E-1, 0.13120799, 0.42402323E-1, 0.20374684E-2
0.57480489E-2, 0.11930751E-4, 0.28797844E-1, 0.43113378E-5, 0.12864858E-1, 0.11075671E-1, 0.10142042, 0.32800067E-1, 0.15760994E-2
0.57584406E-2, 0.11985812E-4, 0.28791251E-1, 0.43083846E-5, 0.13415222E-1, 0.11541105E-1, 0.10566077, 0.34193557E-1, 0.16430839E-2
0.57642842E-2, 0.12028252E-4, 0.28738184E-1, 0.43054361E-5, 0.11828740E-1, 0.10168804E-1, 0.93076274E-1, 0.30139858E-1, 0.14483155E-2
0.57671098E-2, 0.12062290E-4, 0.28653925E-1, 0.43024893E-5, 0.12033048E-1, 0.10336864E-1, 0.94590954E-1, 0.30648280E-1, 0.14727669E-2
0.57672244E-2, 0.12088760E-4, 0.28541587E-1, 0.42995425E-5, 0.12918757E-1, 0.11089658E-1, 0.10145658, 0.32892819E-1, 0.15806486E-2
0.57678940E-2, 0.12116776E-4, 0.28435314E-1, 0.42965967E-5, 0.11348686E-1, 0.97348401E-2, 0.89041062E-1, 0.28884877E-1, 0.13880694E-2
0.57807537E-2, 0.12178929E-4, 0.28455421E-1, 0.42936572E-5, 0.14367122E-1, 0.12315263E-1, 0.11262030, 0.36556702E-1, 0.17567665E-2
0.58091069E-2, 0.12284692E-4, 0.28630037E-1, 0.42907172E-5, 0.16164945E-1, 0.13847447E-1, 0.12662436, 0.41132852E-1, 0.19767133E-2
0.58301343E-2, 0.12370235E-4, 0.28731970E-1, 0.42877782E-5, 0.12240751E-1, 0.10478805E-1, 0.95809720E-1, 0.31144578E-1, 0.14967344E-2
0.58327024E-2, 0.12404047E-4, 0.28645642E-1, 0.42848419E-5, 0.11002067E-1, 0.94112102E-2, 0.86023740E-1, 0.27979240E-1, 0.13446341E-2
0.58365869E-2, 0.12441566E-4, 0.28574111E-1, 0.42819102E-5, 0.11635657E-1, 0.99458881E-2, 0.90886347E-1, 0.29576896E-1, 0.14214334E-2
0.58465418E-2, 0.12496222E-4, 0.28564939E-1, 0.42789784E-5, 0.12094599E-1, 0.10330857E-1, 0.94382435E-1, 0.30732084E-1, 0.14769711E-2
0.58527212E-2, 0.12540328E-4, 0.28516246E-1, 0.42760462E-5, 0.10650868E-1, 0.90906266E-2, 0.83026513E-1, 0.27049247E-1, 0.12999929E-2
0.58754338E-2, 0.12631142E-4, 0.28636096E-1, 0.42731199E-5, 0.12065837E-1, 0.10291199E-1, 0.93969613E-1, 0.30630905E-1, 0.14721481E-2
0.58780499E-2, 0.12665425E-4, 0.28550886E-1, 0.42701949E-5, 0.98363794E-2, 0.83832853E-2, 0.76525025E-1, 0.24957621E-1, 0.11995011E-2
0.59196912E-2, 0.12810278E-4, 0.28755868E-1, 0.42672718E-5, 0.23788085E-1, 0.20259751E-1, 0.18492413, 0.60357384E-1, 0.29009236E-2
0.60448889E-2, 0.13194141E-4, 0.29666075E-1, 0.42643492E-5, 0.24411608E-1, 0.20781694E-1, 0.18977110, 0.62010363E-1, 0.29804546E-2
0.60990416E-2, 0.13377653E-4, 0.29988045E-1, 0.42614311E-5, 0.27559420E-1, 0.23450259E-1, 0.21423851, 0.70090942E-1, 0.33689407E-2
0.61348584E-2, 0.13509308E-4, 0.30179245E-1, 0.42585134E-5, 0.20361409E-1, 0.17316516E-1, 0.15826003, 0.51836036E-1, 0.24915852E-2
0.61623030E-2, 0.13617289E-4, 0.30317072E-1, 0.42555967E-5, 0.20519366E-1, 0.17439958E-1, 0.15941133, 0.52263316E-1, 0.25121833E-2
0.61812373E-2, 0.13700978E-4, 0.30382404E-1, 0.42526817E-5, 0.17461156E-1, 0.14831257E-1, 0.13557851, 0.44489596E-1, 0.21385660E-2
0.62004928E-2, 0.13785811E-4, 0.30447254E-1, 0.42497727E-5, 0.15037476E-1, 0.12762806E-1, 0.11665558, 0.38309481E-1, 0.18415297E-2
0.62499470E-2, 0.13958715E-4, 0.30691691E-1, 0.42468632E-5, 0.29545771E-1, 0.25063926E-1, 0.22916389, 0.75334817E-1, 0.36214243E-2
0.63053616E-2, 0.14149937E-4, 0.30934721E-1, 0.42439551E-5, 0.29065071E-1, 0.24645137E-1, 0.22547548, 0.74224107E-1, 0.35681564E-2
0.63634086E-2, 0.14349946E-4, 0.31196585E-1, 0.42410502E-5, 0.32101937E-1, 0.27208356E-1, 0.24909526, 0.82116619E-1, 0.39477139E-2
0.64151678E-2, 0.14532583E-4, 0.31413950E-1, 0.42381480E-5, 0.31531919E-1, 0.26714075E-1, 0.24475279, 0.80805354E-1, 0.38848238E-2
0.64715184E-2, 0.14729754E-4, 0.31665433E-1, 0.42352458E-5, 0.34358297E-1, 0.29096967E-1, 0.26679879, 0.88219367E-1, 0.42414297E-2
0.65196170E-2, 0.14903489E-4, 0.31870384E-1, 0.42323450E-5, 0.34311309E-1, 0.29046586E-1, 0.26657397, 0.88286676E-1, 0.42448412E-2
0.65570278E-2, 0.15046209E-4, 0.32028668E-1, 0.42294482E-5, 0.31227972E-1, 0.26425097E-1, 0.24270552, 0.80505103E-1, 0.38708553E-2
0.65864958E-2, 0.15165769E-4, 0.32153636E-1, 0.42265538E-5, 0.23608318E-1, 0.19966962E-1, 0.18348491, 0.60940526E-1, 0.29302475E-2
0.66093905E-2, 0.15266060E-4, 0.32241650E-1, 0.42236588E-5, 0.20755097E-1, 0.17542221E-1, 0.16123512, 0.53606480E-1, 0.25776688E-2
0.66263448E-2, 0.15348820E-4, 0.32280136E-1, 0.42207662E-5, 0.17096287E-1, 0.14439818E-1, 0.13272785, 0.44167772E-1, 0.21238569E-2
0.66578863E-2, 0.15475536E-4, 0.32416135E-1, 0.42178781E-5, 0.22508297E-1, 0.18995341E-1, 0.17459531, 0.58153156E-1, 0.27964264E-2
0.67109931E-2, 0.15667560E-4, 0.32653950E-1, 0.42149909E-5, 0.37879054E-1, 0.31954855E-1, 0.29392749, 0.98035201E-1, 0.47144168E-2
0.67467056E-2, 0.15808017E-4, 0.32786496E-1, 0.42121037E-5, 0.30993966E-1, 0.26136320E-1, 0.24062468, 0.80386035E-1, 0.38658504E-2
0.67786789E-2, 0.15937678E-4, 0.32927915E-1, 0.42092197E-5, 0.21944134E-1, 0.18494487E-1, 0.17034920, 0.56979664E-1, 0.27403019E-2
0.68110558E-2, 0.16068994E-4, 0.33093117E-1, 0.42063402E-5, 0.17624648E-1, 0.14843351E-1, 0.13672911, 0.45776390E-1, 0.22015609E-2
0.68361168E-2, 0.16178526E-4, 0.33192448E-1, 0.42034594E-5, 0.16787427E-1, 0.14126875E-1, 0.13011585, 0.43597013E-1, 0.20967908E-2
0.68777110E-2, 0.16338710E-4, 0.33437088E-1, 0.42005813E-5, 0.19673599E-1, 0.16542671E-1, 0.15235920, 0.51092658E-1, 0.24573475E-2
0.69242865E-2, 0.16514759E-4, 0.33697721E-1, 0.41977046E-5, 0.23161968E-1, 0.19462576E-1, 0.17928103, 0.60179766E-1, 0.28944747E-2
0.69762939E-2, 0.16708231E-4, 0.33956837E-1, 0.41948324E-5, 0.24617124E-1, 0.20671358E-1, 0.19046649, 0.64004473E-1, 0.30785215E-2
0.70329085E-2, 0.16916760E-4, 0.34197465E-1, 0.41919598E-5, 0.29368062E-1, 0.24646515E-1, 0.22720014, 0.76442458E-1, 0.36768913E-2
0.70875408E-2, 0.17120205E-4, 0.34419179E-1, 0.41890876E-5, 0.28734554E-1, 0.24101123E-1, 0.22229719, 0.74892543E-1, 0.36024700E-2
0.71313363E-2, 0.17291051E-4, 0.34562718E-1, 0.41862213E-5, 0.30521102E-1, 0.25585219E-1, 0.23612459, 0.79658777E-1, 0.38318750E-2
0.71761524E-2, 0.17465763E-4, 0.34712449E-1, 0.41833559E-5, 0.29797992E-1, 0.24965132E-1, 0.23054482, 0.77883817E-1, 0.37466341E-2
0.72284029E-2, 0.17664315E-4, 0.34914810E-1, 0.41804906E-5, 0.29874152E-1, 0.25014436E-1, 0.23113658, 0.78190133E-1, 0.37615094E-2
0.72785667E-2, 0.17857250E-4, 0.35100609E-1, 0.43188074E-5, 0.26353756E-1, 0.22053292E-1, 0.20387819, 0.69057815E-1, 0.33222963E-2
0.73292279E-2, 0.18052557E-4, 0.35291024E-1, 0.72403750E-5, 0.30806337E-1, 0.25763407E-1, 0.23829873, 0.80821194E-1, 0.38883577E-2
0.73627229E-2, 0.18194800E-4, 0.35370443E-1, 0.11953031E-4, 0.30560791E-1, 0.25543394E-1, 0.23641464, 0.80294117E-1, 0.38631470E-2
0.73938668E-2, 0.18330098E-4, 0.35457369E-1, 0.16617989E-4, 0.29032614E-1, 0.24251601E-1, 0.22458978, 0.76381177E-1, 0.36750245E-2
0.74231355E-2, 0.18446312E-4, 0.35523422E-1, 0.20844273E-4, 0.21782916E-1, 0.18183384E-1, 0.16845199, 0.57355773E-1, 0.27597190E-2
0.74519883E-2, 0.18563114E-4, 0.35604477E-1, 0.25190277E-4, 0.18906478E-1, 0.15769379E-1, 0.14609203, 0.49788460E-1, 0.23956730E-2
0.74724280E-2, 0.18689827E-4, 0.35717532E-1, 0.29923023E-4, 0.18639840E-1, 0.15534297E-1, 0.14390858, 0.49085826E-1, 0.23619197E-2
0.75861458E-2, 0.18781226E-4, 0.35737287E-1, 0.33438628E-4, 0.17603416E-1, 0.14658035E-1, 0.13577758, 0.46350133E-1, 0.22303341E-2
0.77508176E-2, 0.18868157E-4, 0.35735145E-1, 0.36722169E-4, 0.19583397E-1, 0.16291179E-1, 0.15087810, 0.51547796E-1, 0.24804999E-2
0.75332136E-2, 0.18997456E-4, 0.35783738E-1, 0.41007956E-4, 0.35669900E-1, 0.29656919E-1, 0.27481103, 0.94003722E-1, 0.45236521E-2
0.75622527E-2, 0.19131308E-4, 0.35824265E-1, 0.45299450E-4, 0.27524646E-1, 0.22872314E-1, 0.21209890, 0.72655283E-1, 0.34964629E-2
0.75960588E-2, 0.19277630E-4, 0.35891261E-1, 0.49969698E-4, 0.33873264E-1, 0.28130675E-1, 0.26102227, 0.89535490E-1, 0.43089739E-2
0.76300171E-2, 0.19422978E-4, 0.35973363E-1, 0.54737604E-4, 0.35656393E-1, 0.29596042E-1, 0.27485943, 0.94427556E-1, 0.45446106E-2
0.76813372E-2, 0.19572311E-4, 0.36065750E-1, 0.59640060E-4, 0.36224518E-1, 0.30053236E-1, 0.27937588, 0.96132793E-1, 0.46268925E-2
0.76963189E-2, 0.19715662E-4, 0.36142800E-1, 0.64340158E-4, 0.30951455E-1, 0.25665928E-1, 0.23880087, 0.82294837E-1, 0.39610402E-2
0.77259801E-2, 0.19850473E-4, 0.36229108E-1, 0.68983230E-4, 0.22002425E-1, 0.18232213E-1, 0.16970226, 0.58551710E-1, 0.28183246E-2
0.77625224E-2, 0.20007650E-4, 0.36357142E-1, 0.74265488E-4, 0.24129026E-1, 0.19978194E-1, 0.18598086, 0.64233892E-1, 0.30919216E-2
0.78077312E-2, 0.20193358E-4, 0.36502633E-1, 0.80099060E-4, 0.30376337E-1, 0.25134174E-1, 0.23408467, 0.80945157E-1, 0.38964602E-2
0.78512533E-2, 0.20374209E-4, 0.36636531E-1, 0.85775901E-4, 0.29432626E-1, 0.24338264E-1, 0.22681054, 0.78533806E-1, 0.37805315E-2
0.78956634E-2, 0.20557776E-4, 0.36772713E-1, 0.91510345E-4, 0.27367108E-1, 0.22615192E-1, 0.21086034, 0.73102891E-1, 0.35192214E-2
0.79635074E-2, 0.20742122E-4, 0.36912698E-1, 0.97285614E-4, 0.31530254E-1, 0.26037812E-1, 0.24290183, 0.84319897E-1, 0.40593706E-2
0.79745576E-2, 0.20895613E-4, 0.37001576E-1, 0.10222993E-3, 0.28995136E-1, 0.23929458E-1, 0.22337537, 0.77645160E-1, 0.37381786E-2
0.80031473E-2, 0.21031472E-4, 0.37077688E-1, 0.10682122E-3, 0.24305889E-1, 0.20044830E-1, 0.18718614, 0.65142371E-1, 0.31363489E-2
0.80322595E-2, 0.21168646E-4, 0.37172206E-1, 0.11156862E-3, 0.23159586E-1, 0.19084577E-1, 0.17825788, 0.62099922E-1, 0.29899597E-2
0.80625648E-2, 0.21309657E-4, 0.37281808E-1, 0.11648541E-3, 0.18547859E-1, 0.15271620E-1, 0.14265151, 0.49741235E-1, 0.23949849E-2
0.80925152E-2, 0.21449881E-4, 0.37401091E-1, 0.12146478E-3, 0.18784134E-1, 0.15452265E-1, 0.14432371, 0.50365075E-1, 0.24250811E-2
0.81186509E-2, 0.21578004E-4, 0.37496883E-1, 0.12609363E-3, 0.15707664E-1, 0.12908937E-1, 0.12054162, 0.42097420E-1, 0.20270385E-2
0.81513720E-2, 0.21726633E-4, 0.37644137E-1, 0.13140698E-3, 0.18176731E-1, 0.14924365E-1, 0.13933420, 0.48695885E-1, 0.23448132E-2
0.81950231E-2, 0.21896054E-4, 0.37798170E-1, 0.13707504E-3, 0.32539409E-1, 0.26696173E-1, 0.24930368, 0.87222651E-1, 0.42000976E-2
0.82271146E-2, 0.22063050E-4, 0.37896916E-1, 0.14229908E-3, 0.34276068E-1, 0.28104417E-1, 0.26266906, 0.92030413E-1, 0.44318032E-2
0.82603814E-2, 0.22216158E-4, 0.37967451E-1, 0.14711062E-3, 0.32784130E-1, 0.26865030E-1, 0.25129086, 0.88170730E-1, 0.42461241E-2
0.82845381E-2, 0.22339658E-4, 0.37968200E-1, 0.15097261E-3, 0.26895700E-1, 0.22025093E-1, 0.20614356, 0.72423100E-1, 0.34878866E-2
0.83043342E-2, 0.22449050E-4, 0.37923686E-1, 0.15428633E-3, 0.26327644E-1, 0.21544043E-1, 0.20172070, 0.70950031E-1, 0.34170635E-2
0.88787042E-2, 0.22632701E-4, 0.38041908E-1, 0.15988556E-3, 0.20271279E-1, 0.16574377E-1, 0.15521477, 0.54647356E-1, 0.26319819E-2
0.90952851E-2, 0.22833439E-4, 0.38195524E-1, 0.16599626E-3, 0.21413751E-1, 0.17492866E-1, 0.16381218, 0.57725351E-1, 0.27803038E-2
0.85350601E-2, 0.23042227E-4, 0.38369060E-1, 0.17237401E-3, 0.27363280E-1, 0.22334708E-1, 0.20919664, 0.73793858E-1, 0.35543451E-2
0.84967557E-2, 0.23226930E-4, 0.38491737E-1, 0.17802668E-3, 0.29164407E-1, 0.23787582E-1, 0.22291197, 0.78725621E-1, 0.37920298E-2
0.85220346E-2, 0.23398623E-4, 0.38594246E-1, 0.18334214E-3, 0.26947437E-1, 0.21963477E-1, 0.20591794, 0.72810031E-1, 0.35072195E-2
0.85537285E-2, 0.23553674E-4, 0.38683459E-1, 0.18831885E-3, 0.24482617E-1, 0.19938873E-1, 0.18699655, 0.66191271E-1, 0.31885053E-2
0.85821198E-2, 0.23694984E-4, 0.38765959E-1, 0.19304764E-3, 0.20082420E-1, 0.16341239E-1, 0.15327211, 0.54304734E-1, 0.26159950E-2
0.86073708E-2, 0.23822709E-4, 0.38832020E-1, 0.19745871E-3, 0.17598378E-1, 0.14306571E-1, 0.13417169, 0.47574826E-1, 0.22918559E-2
0.86528724E-2, 0.23925088E-4, 0.38843162E-1, 0.20109500E-3, 0.13775091E-1, 0.11187090E-1, 0.10488123, 0.37213329E-1, 0.17927419E-2
0.93907705E-2, 0.24019813E-4, 0.38839925E-1, 0.20451138E-3, 0.99048167E-2, 0.80350414E-2, 0.75284421E-1, 0.26725110E-1, 0.12874949E-2
0.11153352E-1, 0.24112391E-4, 0.38836252E-1, 0.20789096E-3, 0.83813202E-2, 0.67912727E-2, 0.63579261E-1, 0.22578405E-1, 0.10877387E-2
0.13747764E-1, 0.24191804E-4, 0.38796090E-1, 0.21080626E-3, 0.82722306E-2, 0.66949516E-2, 0.62618122E-1, 0.22244599E-1, 0.10716690E-2
0.15808254E-1, 0.24260655E-4, 0.38725059E-1, 0.21333511E-3, 0.84874742E-2, 0.68608955E-2, 0.64103052E-1, 0.22779807E-1, 0.10974654E-2
0.17371254E-1, 0.24321791E-4, 0.38631171E-1, 0.21557676E-3, 0.91590853E-2, 0.73950137E-2, 0.69019854E-1, 0.24535695E-1, 0.11820726E-2
0.19444481E-1, 0.24374054E-4, 0.38510442E-1, 0.21748400E-3, 0.89820027E-2, 0.72434088E-2, 0.67529328E-1, 0.24014479E-1, 0.11569754E-2
0.21672955E-1, 0.24415744E-4, 0.38357303E-1, 0.21898937E-3, 0.66978363E-2, 0.53947293E-2, 0.50229639E-1, 0.17868008E-1, 0.86085813E-3
0.23799630E-1, 0.24448333E-4, 0.38176414E-1, 0.22014722E-3, 0.66716890E-2, 0.53669466E-2, 0.49899407E-1, 0.17755158E-1, 0.85542852E-3
0.24843700E-1, 0.24474883E-4, 0.37977628E-1, 0.22107377E-3, 0.67595849E-2, 0.54308409E-2, 0.50418377E-1, 0.17944444E-1, 0.86455647E-3
0.25448071E-1, 0.24498895E-4, 0.37772290E-1, 0.22190316E-3, 0.67769098E-2, 0.54379855E-2, 0.50408889E-1, 0.17945696E-1, 0.86462434E-3
0.25846209E-1, 0.24520821E-4, 0.37561886E-1, 0.22265282E-3, 0.66395476E-2, 0.53211926E-2, 0.49251623E-1, 0.17538153E-1, 0.84499625E-3
0.26228938E-1, 0.24541350E-4, 0.37348665E-1, 0.22334914E-3, 0.70707640E-2, 0.56598186E-2, 0.52306183E-1, 0.18630626E-1, 0.89764007E-3
0.26379595E-1, 0.24560737E-4, 0.37133470E-1, 0.22400197E-3, 0.73329317E-2, 0.58626710E-2, 0.54101210E-1, 0.19275118E-1, 0.92870067E-3
0.26812971E-1, 0.24578618E-4, 0.36915086E-1, 0.22459678E-3, 0.71317148E-2, 0.56949393E-2, 0.52474376E-1, 0.18700464E-1, 0.90102147E-3
0.27060831E-1, 0.24595136E-4, 0.36694013E-1, 0.22513935E-3, 0.70628873E-2, 0.56332927E-2, 0.51828466E-1, 0.18475033E-1, 0.89016784E-3
0.27303873E-1, 0.24610414E-4, 0.36470622E-1, 0.22563383E-3, 0.69066617E-2, 0.55021839E-2, 0.50545614E-1, 0.18022256E-1, 0.86835952E-3
0.27407164E-1, 0.24624647E-4, 0.36245584E-1, 0.22608836E-3, 0.65283338E-2, 0.51947641E-2, 0.47649715E-1, 0.16993774E-1, 0.81881159E-3
0.27572596E-1, 0.24638170E-4, 0.36019996E-1, 0.22651562E-3, 0.73219338E-2, 0.58194143E-2, 0.53297654E-1, 0.19012652E-1, 0.91609510E-3
0.27695311E-1, 0.24650682E-4, 0.35792883E-1, 0.22690398E-3, 0.64281551E-2, 0.51032351E-2, 0.46668723E-1, 0.16651934E-1, 0.80235471E-3
0.27965691E-1, 0.24662284E-4, 0.35564538E-1, 0.22725695E-3, 0.70082946E-2, 0.55573755E-2, 0.50743569E-1, 0.18110044E-1, 0.87261951E-3
0.28288301E-1, 0.24672658E-4, 0.35333902E-1, 0.22756190E-3, 0.69846618E-2, 0.55323858E-2, 0.50439272E-1, 0.18005723E-1, 0.86760061E-3
0.28752856E-1, 0.24681542E-4, 0.35100121E-1, 0.22780875E-3, 0.59109852E-2, 0.46766964E-2, 0.42572286E-1, 0.15200686E-1, 0.73244667E-3
0.29587081E-1, 0.24688812E-4, 0.34862757E-1, 0.22799196E-3, 0.50699795E-2, 0.40067234E-2, 0.36413930E-1, 0.13004193E-1, 0.62661275E-3
0.29440023E-1, 0.24694897E-4, 0.34623258E-1, 0.22812861E-3, 0.52916901E-2, 0.41771759E-2, 0.37900228E-1, 0.13537284E-1, 0.65230415E-3
0.29135102E-1, 0.24700443E-4, 0.34383781E-1, 0.22824397E-3, 0.52294089E-2, 0.41234368E-2, 0.37352502E-1, 0.13343937E-1, 0.64299151E-3
0.29302912E-1, 0.24705545E-4, 0.34144744E-1, 0.22834264E-3, 0.55325385E-2, 0.43576555E-2, 0.39410912E-1, 0.14081731E-1, 0.67854713E-3
0.29263841E-1, 0.24710291E-4, 0.33906303E-1, 0.22842700E-3, 0.54902695E-2, 0.43196436E-2, 0.39004903E-1, 0.13939103E-1, 0.67167886E-3
0.29246697E-1, 0.24714702E-4, 0.33668589E-1, 0.22849838E-3, 0.53571300E-2, 0.42103375E-2, 0.37957538E-1, 0.13567124E-1, 0.65375853E-3
0.29259443E-1, 0.24718802E-4, 0.33431686E-1, 0.22855800E-3, 0.56523853E-2, 0.44376506E-2, 0.39943922E-1, 0.14279556E-1, 0.68809296E-3
0.29270245E-1, 0.24722598E-4, 0.33195578E-1, 0.22860568E-3, 0.56309490E-2, 0.44161384E-2, 0.39688013E-1, 0.14190532E-1, 0.68380771E-3
0.29055944E-1, 0.24726001E-4, 0.32959945E-1, 0.22863777E-3, 0.57257898E-2, 0.44858688E-2, 0.40252935E-1, 0.14395003E-1, 0.69366541E-3
0.29234698E-1, 0.24728943E-4, 0.32724533E-1, 0.22865133E-3, 0.51464420E-2, 0.40278723E-2, 0.36088206E-1, 0.12907759E-1, 0.62200218E-3
0.29196352E-1, 0.24731547E-4, 0.32489773E-1, 0.22865171E-3, 0.52480460E-2, 0.41031577E-2, 0.36705256E-1, 0.13130489E-1, 0.63273887E-3
0.28882166E-1, 0.24733932E-4, 0.32256085E-1, 0.22864359E-3, 0.54718228E-2, 0.42738216E-2, 0.38173944E-1, 0.13658032E-1, 0.65816444E-3
0.28845450E-1, 0.24736084E-4, 0.32023389E-1, 0.22862633E-3, 0.53555137E-2, 0.41787890E-2, 0.37268523E-1, 0.13336183E-1, 0.64265897E-3
0.29084975E-1, 0.24737887E-4, 0.31791247E-1, 0.22859478E-3, 0.54859426E-2, 0.42763259E-2, 0.38080886E-1, 0.13629001E-1, 0.65677363E-3
0.27657902E-1, 0.24739242E-4, 0.31559344E-1, 0.22854525E-3, 0.51883706E-2, 0.40404019E-2, 0.35925377E-1, 0.12859499E-1, 0.61969575E-3
0.72983014E-2, 0.24740313E-4, 0.31328224E-1, 0.22843177E-3, 0.49951407E-2, 0.38863739E-2, 0.34519348E-1, 0.12357973E-1, 0.59553096E-3
0.72869104E-2, 0.24741303E-4, 0.31098580E-1, 0.22827549E-3, 0.58001294E-2, 0.45089033E-2, 0.40021792E-1, 0.14329995E-1, 0.69056719E-3
0.72755087E-2, 0.24742190E-4, 0.30870339E-1, 0.22811920E-3, 0.53840312E-2, 0.41820067E-2, 0.37096225E-1, 0.13284551E-1, 0.64019090E-3
0.72640758E-2, 0.24742927E-4, 0.30643292E-1, 0.22796291E-3, 0.68133650E-2, 0.52879080E-2, 0.46876758E-1, 0.16789844E-1, 0.80911844E-3
0.72525973E-2, 0.24743460E-4, 0.30417234E-1, 0.22780673E-3, 0.70480010E-2, 0.54656602E-2, 0.48425306E-1, 0.17347751E-1, 0.83601137E-3
0.72410665E-2, 0.24743775E-4, 0.30192140E-1, 0.22765090E-3, 0.63691814E-2, 0.49354020E-2, 0.43703176E-1, 0.15658962E-1, 0.75463246E-3
0.72302818E-2, 0.24746341E-4, 0.29976590E-1, 0.22749507E-3, 0.60118134E-2, 0.46548224E-2, 0.41194383E-1, 0.14762524E-1, 0.71143662E-3
0.72343452E-2, 0.24795099E-4, 0.29922815E-1, 0.22733923E-3, 0.65546576E-2, 0.50712773E-2, 0.44854809E-1, 0.16076975E-1, 0.77478820E-3
0.72407587E-2, 0.24851230E-4, 0.29895142E-1, 0.22718347E-3, 0.69681131E-2, 0.53870454E-2, 0.47621936E-1, 0.17071821E-1, 0.82273880E-3
0.72356127E-2, 0.24871370E-4, 0.29743275E-1, 0.22702797E-3, 0.61109709E-2, 0.47207405E-2, 0.41708287E-1, 0.14954438E-1, 0.72070147E-3
0.72243605E-2, 0.24872448E-4, 0.29525990E-1, 0.22687264E-3, 0.58773383E-2, 0.45367442E-2, 0.40058866E-1, 0.14365290E-1, 0.69231342E-3
0.72126854E-2, 0.24872159E-4, 0.29305536E-1, 0.22671728E-3, 0.41608675E-2, 0.32093199E-2, 0.28319865E-1, 0.10156972E-1, 0.48950245E-3
0.72009834E-2, 0.24871719E-4, 0.29086232E-1, 0.22656196E-3, 0.35954954E-2, 0.27710255E-2, 0.24434432E-1, 0.87643256E-2, 0.42238782E-3
0.71892897E-2, 0.24871244E-4, 0.28868480E-1, 0.22640672E-3, 0.42971768E-2, 0.33091989E-2, 0.29159069E-1, 0.10460032E-1, 0.50411315E-3
0.71776989E-2, 0.24871037E-4, 0.28653309E-1, 0.22625185E-3, 0.39898935E-2, 0.30702064E-2, 0.27034679E-1, 0.96989758E-2, 0.46743723E-3
0.71660224E-2, 0.24870489E-4, 0.28438577E-1, 0.22609701E-3, 0.42137718E-2, 0.32399918E-2, 0.28510051E-1, 0.10229324E-1, 0.49299962E-3
0.71543120E-2, 0.24869782E-4, 0.28224919E-1, 0.22594213E-3, 0.42241286E-2, 0.32455004E-2, 0.28539313E-1, 0.10240897E-1, 0.49355987E-3
0.71425936E-2, 0.24868988E-4, 0.28012566E-1, 0.22578730E-3, 0.40404806E-2, 0.31020844E-2, 0.27259974E-1, 0.97828237E-2, 0.47148540E-3
0.71308771E-2, 0.24868146E-4, 0.27801629E-1, 0.22563279E-3, 0.42284853E-2, 0.32439900E-2, 0.28487705E-1, 0.10224454E-1, 0.49277220E-3
0.71191369E-2, 0.24867162E-4, 0.27591810E-1, 0.22547838E-3, 0.36947730E-2, 0.28324479E-2, 0.24856970E-1, 0.89222174E-2, 0.43001230E-3
0.71073612E-2, 0.24866016E-4, 0.27383002E-1, 0.22532398E-3, 0.37020452E-2, 0.28359371E-2, 0.24870567E-1, 0.89278976E-2, 0.43028771E-3
0.70955744E-2, 0.24864772E-4, 0.27175399E-1, 0.22516961E-3, 0.35896769E-2, 0.27478500E-2, 0.24081599E-1, 0.86454349E-2, 0.41667587E-3
0.70838016E-2, 0.24863524E-4, 0.26969334E-1, 0.22501535E-3, 0.36778310E-2, 0.28133092E-2, 0.24638694E-1, 0.88462010E-2, 0.42635362E-3
0.70720487E-2, 0.24862271E-4, 0.26764838E-1, 0.22486142E-3, 0.37795622E-2, 0.28890502E-2, 0.25285067E-1, 0.90790726E-2, 0.43757888E-3
0.70603150E-2, 0.24861019E-4, 0.26561895E-1, 0.22470753E-3, 0.39648679E-2, 0.30285756E-2, 0.26489154E-1, 0.95122838E-2, 0.45846007E-3
0.70486013E-2, 0.24859772E-4, 0.26360482E-1, 0.22455360E-3, 0.41813483E-2, 0.31917298E-2, 0.27898705E-1, 0.10019403E-1, 0.48290371E-3
0.70369067E-2, 0.24858517E-4, 0.26160600E-1, 0.22439970E-3, 0.42194347E-2, 0.32186271E-2, 0.28116871E-1, 0.10098733E-1, 0.48672920E-3
0.70252316E-2, 0.24857267E-4, 0.25962230E-1, 0.22424613E-3, 0.40769842E-2, 0.31078570E-2, 0.27132638E-1, 0.97461538E-2, 0.46973812E-3
0.70135761E-2, 0.24856019E-4, 0.25765367E-1, 0.22409271E-3, 0.39001168E-2, 0.29710312E-2, 0.25922123E-1, 0.93121734E-2, 0.44882344E-3
0.70019402E-2, 0.24854768E-4, 0.25569996E-1, 0.22393928E-3, 0.39607272E-2, 0.30151978E-2, 0.26291396E-1, 0.94456635E-2, 0.45525935E-3
0.69903233E-2, 0.24853518E-4, 0.25376108E-1, 0.22378583E-3, 0.37289592E-2, 0.28368838E-2, 0.24721421E-1, 0.88823894E-2, 0.42811246E-3
0.69787251E-2, 0.24852268E-4, 0.25183687E-1, 0.22363252E-3, 0.33371092E-2, 0.25371264E-2, 0.22095636E-1, 0.79395762E-2, 0.38267215E-3
0.69671464E-2, 0.24851017E-4, 0.24992729E-1, 0.22347954E-3, 0.39279317E-2, 0.29843347E-2, 0.25973909E-1, 0.93338890E-2, 0.44987691E-3
0.69555859E-2, 0.24849765E-4, 0.24803219E-1, 0.22332657E-3, 0.44423942E-2, 0.33731069E-2, 0.29341185E-1, 0.10544902E-1, 0.50824828E-3
0.69440459E-2, 0.24848518E-4, 0.24615148E-1, 0.22317360E-3, 0.35720158E-2, 0.27105059E-2, 0.23563771E-1, 0.84693041E-2, 0.40820939E-3
0.69325264E-2, 0.24847262E-4, 0.24428502E-1, 0.22302066E-3, 0.37323018E-2, 0.28303496E-2, 0.24590956E-1, 0.88391881E-2, 0.42603893E-3
0.69210236E-2, 0.24846013E-4, 0.24243265E-1, 0.22286804E-3, 0.30965931E-2, 0.23467878E-2, 0.20377226E-1, 0.73251091E-2, 0.35306319E-3
0.69095413E-2, 0.24844763E-4, 0.24059437E-1, 0.22271553E-3, 0.28851423E-2, 0.21851598E-2, 0.18961821E-1, 0.68167397E-2, 0.32856135E-3
0.68980777E-2, 0.24843514E-4, 0.23877002E-1, 0.22256305E-3, 0.31638334E-2, 0.23947409E-2, 0.20767445E-1, 0.74663321E-2, 0.35987227E-3
0.68866326E-2, 0.24842262E-4, 0.23695951E-1, 0.22241056E-3, 0.33113228E-2, 0.25048058E-2, 0.21708446E-1, 0.78051677E-2, 0.37620525E-3
0.68752067E-2, 0.24841011E-4, 0.23516275E-1, 0.22225818E-3, 0.36646500E-2, 0.27704393E-2, 0.23997011E-1, 0.86286329E-2, 0.41589746E-3
0.68637994E-2, 0.24839761E-4, 0.23337958E-1, 0.22210614E-3, 0.30453859E-2, 0.23008815E-2, 0.19917930E-1, 0.71624103E-2, 0.34522713E-3
0.68524117E-2, 0.24838511E-4, 0.23160996E-1, 0.22195411E-3, 0.29381211E-2, 0.22185063E-2, 0.19193172E-1, 0.69022090E-2, 0.33268661E-3
0.68410425E-2, 0.24837260E-4, 0.22985373E-1, 0.22180211E-3, 0.30673628E-2, 0.23147156E-2, 0.20013463E-1, 0.71976352E-2, 0.34692738E-3
0.68296930E-2, 0.24836010E-4, 0.22811081E-1, 0.22165010E-3, 0.27981922E-2, 0.21103551E-2, 0.18235669E-1, 0.65586572E-2, 0.31612950E-3
0.68183616E-2, 0.24834761E-4, 0.22638114E-1, 0.22149835E-3, 0.28381397E-2, 0.21392342E-2, 0.18474102E-1, 0.66447873E-2, 0.32028204E-3
0.68070497E-2, 0.24833509E-4, 0.22466457E-1, 0.22134681E-3, 0.32672193E-2, 0.24612301E-2, 0.21242402E-1, 0.76409527E-2, 0.36829885E-3
0.67957551E-2, 0.24832259E-4, 0.22296101E-1, 0.22119530E-3, 0.32624798E-2, 0.24562853E-2, 0.21188010E-1, 0.76218802E-2, 0.36738077E-3
0.67844801E-2, 0.24831006E-4, 0.22127036E-1, 0.22104374E-3, 0.37988741E-2, 0.28585321E-2, 0.24644453E-1, 0.88658622E-2, 0.42734324E-3
0.67732241E-2, 0.24829755E-4, 0.21959255E-1, 0.22089227E-3, 0.41183950E-2, 0.30972792E-2, 0.26689352E-1, 0.96022515E-2, 0.46283973E-3
0.67619868E-2, 0.24828507E-4, 0.21792745E-1, 0.22074115E-3, 0.37315602E-2, 0.28048530E-2, 0.24157522E-1, 0.86920140E-2, 0.41896684E-3
0.67507681E-2, 0.24827255E-4, 0.21627503E-1, 0.22059008E-3, 0.31022839E-2, 0.23305730E-2, 0.20061832E-1, 0.72188335E-2, 0.34795879E-3
0.67395680E-2, 0.24826006E-4, 0.21463510E-1, 0.22043902E-3, 0.34576412E-2, 0.25961292E-2, 0.22335749E-1, 0.80375522E-2, 0.38742364E-3
0.67283865E-2, 0.24824752E-4, 0.21300757E-1, 0.22028796E-3, 0.37659379E-2, 0.28261256E-2, 0.24302263E-1, 0.87458007E-2, 0.42156401E-3
