25.000000, 276.00000, 53.000000, 66.000000, 69.868660, 77.176750, 11.576365, 15.843323, 16.810776
25.000002, 276.00000, 53.000000, 66.000008, 69.878822, 77.193199, 11.576365, 15.843323, 16.810776
25.000002, 276.00003, 52.999996, 66.000008, 69.889038, 77.209625, 11.576365, 15.843323, 16.810776
25.000002, 276.00000, 53.000000, 66.000000, 69.899269, 77.226021, 11.576365, 15.843323, 16.810776
25.000000, 275.99997, 53.000000, 65.999992, 69.909485, 77.242393, 11.576365, 15.843323, 16.810776
25.000000, 276.00000, 53.000000, 66.000000, 69.919693, 77.258736, 11.576364, 15.843323, 16.810776
24.999998, 276.00000, 53.000000, 66.000000, 69.929878, 77.275063, 11.576362, 15.843323, 16.810776
25.000000, 276.00000, 53.000000, 66.000000, 69.934303, 77.283661, 11.576360, 15.843323, 16.810776
25.000000, 275.99997, 52.999996, 66.000000, 69.944397, 77.299957, 11.576358, 15.843323, 16.810776
25.000002, 276.00000, 52.999996, 66.000000, 69.954407, 77.316223, 11.576360, 15.843323, 16.810776
25.000000, 276.00000, 52.999996, 66.000000, 69.964264, 77.332321, 11.576360, 15.843323, 16.810776
25.000000, 276.00003, 53.000000, 65.999992, 69.970802, 77.343971, 11.576360, 15.843323, 16.810776
25.000000, 276.00000, 53.000004, 66.000000, 69.972534, 77.349182, 11.576360, 15.843323, 16.810776
25.000000, 276.00006, 52.999996, 65.999992, 69.980003, 77.362144, 11.576347, 15.843323, 16.810776
25.000000, 276.00000, 53.000000, 66.000000, 69.986839, 77.374329, 11.576351, 15.843323, 16.810776
25.000000, 276.00003, 53.000000, 66.000008, 69.992920, 77.385490, 11.576347, 15.843323, 16.810776
25.000000, 276.00000, 53.000000, 65.999992, 69.998032, 77.395363, 11.576346, 15.843323, 16.810776
25.000002, 276.00000, 52.999996, 66.000000, 70.002075, 77.403824, 11.576346, 15.843323, 16.810776
25.000000, 276.00000, 53.000004, 65.999992, 70.005142, 77.410965, 11.576347, 15.843323, 16.810776
24.999998, 275.99997, 53.000000, 66.000000, 70.007523, 77.417229, 11.576348, 15.843323, 16.810776
25.000000, 276.00003, 53.000000, 66.000000, 70.009857, 77.423454, 11.576347, 15.843323, 16.810776
25.000000, 276.00000, 53.000000, 66.000000, 70.013374, 77.431259, 11.576346, 15.843323, 16.810776
25.000000, 276.00000, 53.000000, 66.000008, 70.015190, 77.436829, 11.576349, 15.843323, 16.810776
24.999998, 276.00000, 53.000000, 66.000000, 70.015259, 77.440025, 11.576349, 15.843323, 16.810776
25.000000, 276.00003, 53.000000, 66.000000, 70.014648, 77.442345, 11.576346, 15.843323, 16.810776
25.000000, 276.00003, 52.999996, 66.000000, 70.013214, 77.443542, 11.576347, 15.843323, 16.810776
24.999998, 276.00000, 53.000004, 66.000000, 70.010857, 77.443512, 11.576345, 15.843323, 16.810776
25.000002, 276.00003, 53.000000, 65.999992, 70.007698, 77.442482, 11.576346, 15.843323, 16.810776
24.999998, 276.00003, 53.000000, 66.000000, 70.004059, 77.440826, 11.576346, 15.843323, 16.810776
24.999998, 276.00000, 53.000004, 65.999992, 70.000244, 77.438980, 11.576349, 15.843323, 16.810776
25.000002, 275.99997, 53.000000, 65.999992, 69.996223, 77.436897, 11.576350, 15.843323, 16.810776
25.000002, 276.00000, 53.000000, 66.000000, 69.991898, 77.434464, 11.576347, 15.843323, 16.810776
25.000000, 276.00003, 53.000004, 66.000000, 69.987312, 77.431648, 11.576347, 15.843323, 16.810776
24.999998, 276.00000, 53.000000, 66.000008, 69.982582, 77.428673, 11.576347, 15.843323, 16.810776
25.000002, 275.99997, 53.000000, 66.000000, 69.977692, 77.425552, 11.576348, 15.843323, 16.810776
25.000000, 276.00003, 53.000000, 66.000000, 69.972588, 77.422165, 11.576344, 15.843323, 16.810776
24.999998, 276.00003, 52.999992, 66.000000, 69.967239, 77.418510, 11.576342, 15.843323, 16.810776
25.000000, 276.00003, 52.999996, 66.000008, 69.961609, 77.414528, 11.576341, 15.843323, 16.810776
25.000002, 276.00000, 53.000000, 66.000000, 69.955765, 77.410248, 11.576341, 15.843323, 16.810776
25.000002, 276.00000, 53.000000, 66.000000, 69.953529, 77.410912, 11.576341, 15.843323, 16.810776
24.999998, 276.00000, 52.999996, 66.000008, 69.962685, 77.427010, 11.576344, 15.843323, 16.810776
25.000002, 275.99997, 53.000004, 66.000000, 69.972252, 77.443581, 11.576344, 15.843323, 16.810776
24.999998, 276.00000, 52.999996, 65.999992, 69.981850, 77.460136, 11.576346, 15.843323, 16.810776
25.000000, 276.00000, 53.000004, 66.000000, 69.991470, 77.476662, 11.576347, 15.843323, 16.810776
24.999998, 276.00000, 53.000004, 66.000000, 70.001060, 77.493164, 11.576344, 15.843323, 16.810776
25.000002, 275.99997, 52.999996, 65.999992, 70.010666, 77.509636, 11.576343, 15.843323, 16.810776
25.000002, 276.00000, 53.000000, 66.000000, 70.020203, 77.525970, 11.576344, 15.843323, 16.810776
24.999998, 276.00000, 53.000004, 66.000000, 70.029221, 77.541626, 11.576344, 15.843323, 16.810776
25.000002, 276.00000, 53.000004, 65.999992, 70.036652, 77.555130, 11.576344, 15.843323, 16.810776
25.000002, 276.00000, 52.999996, 65.999992, 70.042168, 77.565979, 11.576340, 15.843323, 16.810776
25.000000, 276.00003, 52.999996, 66.000000, 70.045876, 77.574394, 11.576337, 15.843323, 16.810776
25.000000, 276.00000, 53.000004, 65.999992, 70.048180, 77.580925, 11.576337, 15.843323, 16.810776
25.000002, 276.00000, 52.999996, 66.000000, 70.048920, 77.585320, 11.576337, 15.843323, 16.810776
25.000000, 276.00000, 53.000004, 65.999992, 70.048058, 77.587540, 11.576336, 15.843323, 16.810776
25.000000, 276.00000, 53.000008, 66.000000, 70.045883, 77.587967, 11.576335, 15.843323, 16.810776
25.000000, 276.00000, 53.000004, 66.000000, 70.052559, 77.600410, 11.576337, 15.843323, 16.810776
25.000002, 275.99997, 52.999996, 65.999992, 70.061150, 77.615364, 11.576334, 15.843323, 16.810776
24.999998, 275.99997, 53.000004, 65.999992, 70.069458, 77.629875, 11.576328, 15.843323, 16.810776
25.000000, 275.99994, 53.000004, 66.000000, 70.076843, 77.643036, 11.576330, 15.843323, 16.810776
25.000002, 276.00000, 53.000000, 66.000000, 70.081818, 77.652946, 11.576332, 15.843323, 16.810776
25.000000, 276.00003, 53.000004, 66.000000, 70.083969, 77.659012, 11.576333, 15.843323, 16.810776
25.000000, 276.00000, 52.999996, 65.999992, 70.090851, 77.671463, 11.576334, 15.843323, 16.810776
24.999998, 276.00000, 52.999996, 66.000008, 70.098442, 77.684868, 11.576341, 15.843323, 16.810776
25.000002, 276.00000, 53.000004, 66.000000, 70.106583, 77.698860, 11.576341, 15.843323, 16.810776
24.999998, 276.00000, 53.000004, 66.000000, 70.114708, 77.712730, 11.576340, 15.843323, 16.810776
24.999998, 276.00000, 52.999996, 66.000000, 70.122810, 77.726448, 11.576339, 15.843323, 16.810776
25.000002, 276.00000, 53.000004, 66.000000, 70.130844, 77.739967, 11.576336, 15.843323, 16.810776
25.000000, 276.00003, 53.000000, 66.000000, 70.138824, 77.753304, 11.576335, 15.843323, 16.810776
25.000002, 276.00000, 53.000004, 66.000000, 70.146736, 77.766502, 11.576337, 15.843323, 16.810776
25.000000, 276.00000, 52.999996, 66.000008, 70.154572, 77.779556, 11.576334, 15.843323, 16.810776
25.000000, 276.00000, 53.000000, 66.000000, 70.162346, 77.792442, 11.576334, 15.843323, 16.810776
25.000000, 276.00003, 53.000000, 66.000000, 70.170059, 77.805161, 11.576336, 15.843323, 16.810776
25.000002, 276.00000, 53.000000, 65.999992, 70.177742, 77.817734, 11.576335, 15.843323, 16.810776
25.000002, 276.00003, 53.000000, 66.000000, 70.185326, 77.830116, 11.576338, 15.843323, 16.810776
25.000000, 276.00000, 52.999996, 66.000000, 70.192863, 77.842354, 11.576337, 15.843323, 16.810776
25.000000, 276.00003, 53.000000, 66.000000, 70.200302, 77.854424, 11.576335, 15.843323, 16.810776
25.000002, 276.00000, 53.000000, 66.000008, 70.207649, 77.866341, 11.576337, 15.843323, 16.810776
25.000000, 276.00000, 53.000004, 66.000000, 70.214973, 77.878174, 11.576339, 15.843323, 16.810776
25.000000, 276.00003, 53.000004, 66.000000, 70.222290, 77.889961, 11.576342, 15.843323, 16.810776
25.000000, 276.00000, 53.000004, 66.000000, 70.229546, 77.901688, 11.576345, 15.843323, 16.810776
24.999998, 276.00003, 53.000004, 66.000000, 70.236649, 77.913223, 11.576346, 15.843323, 16.810776
25.000000, 276.00000, 52.999996, 66.000000, 70.243477, 77.924362, 11.576346, 15.843323, 16.810776
25.000002, 276.00000, 53.000000, 66.000000, 70.249969, 77.934982, 11.576345, 15.843323, 16.810776
25.000000, 276.00000, 53.000008, 66.000000, 70.255661, 77.944504, 11.576345, 15.843323, 16.810776
24.999996, 276.00000, 52.999996, 66.000000, 70.259544, 77.951553, 11.576344, 15.843323, 16.810776
25.000002, 276.00003, 52.999996, 66.000000, 70.261452, 77.955872, 11.576346, 15.843323, 16.810776
25.000000, 276.00000, 53.000000, 66.000008, 70.261795, 77.958031, 11.576345, 15.843323, 16.810776
25.000002, 276.00000, 53.000000, 66.000008, 70.261070, 77.958725, 11.576344, 15.843323, 16.810776
25.000000, 276.00000, 53.000000, 66.000000, 70.259392, 77.958145, 11.576345, 15.843323, 16.810776
24.999998, 275.99997, 53.000000, 66.000008, 70.256721, 77.956230, 11.576344, 15.843323, 16.810776
25.000000, 276.00000, 52.999992, 66.000000, 70.252937, 77.952827, 11.576344, 15.843323, 16.810776
25.000000, 276.00000, 53.000000, 66.000000, 70.247673, 77.947342, 11.576344, 15.843323, 16.810776
25.000000, 276.00000, 53.000004, 66.000000, 70.240829, 77.939743, 11.576343, 15.843323, 16.810776
25.000004, 276.00000, 53.000000, 66.000000, 70.232758, 77.930519, 11.576341, 15.843323, 16.810776
25.000000, 276.00000, 52.999996, 66.000008, 70.223740, 77.919991, 11.576340, 15.843323, 16.810776
25.000002, 276.00000, 53.000000, 66.000000, 70.213509, 77.907867, 11.576337, 15.843323, 16.810776
24.999998, 276.00003, 53.000000, 66.000000, 70.202278, 77.894341, 11.576336, 15.843323, 16.810776
25.000002, 276.00003, 53.000000, 66.000000, 70.197334, 77.889458, 11.576337, 15.843323, 16.810776
25.000004, 275.99997, 53.000004, 66.000000, 70.203667, 77.899902, 11.576337, 15.843323, 16.810776
25.000002, 276.00000, 53.000004, 66.000000, 70.208389, 77.908051, 11.576340, 15.843323, 16.810776
25.000002, 276.00000, 53.000000, 66.000000, 70.205086, 77.905167, 11.576333, 15.843323, 16.810776
25.000002, 275.99997, 53.000000, 66.000000, 70.193779, 77.891434, 11.576333, 15.843323, 16.810776
24.999998, 276.00003, 53.000000, 65.999992, 70.180634, 77.875198, 11.576335, 15.843323, 16.810776
24.999998, 275.99997, 53.000004, 66.000000, 70.166969, 77.858269, 11.576333, 15.843323, 16.810776
25.000000, 276.00000, 53.000004, 66.000000, 70.153084, 77.841057, 11.576336, 15.843323, 16.810776
25.000002, 276.00000, 53.000000, 66.000008, 70.153824, 77.843849, 11.576339, 15.843323, 16.810776
25.000002, 276.00003, 53.000000, 65.999992, 70.161644, 77.856163, 11.576340, 15.843323, 16.810776
25.000002, 276.00000, 52.999996, 65.999992, 70.169464, 77.868324, 11.576334, 15.843323, 16.810776
25.000002, 276.00000, 53.000000, 66.000000, 70.176872, 77.879852, 11.576337, 15.843323, 16.810776
25.000000, 276.00000, 52.999996, 66.000000, 70.183441, 77.890205, 11.576337, 15.843323, 16.810776
24.999998, 276.00000, 52.999996, 65.999992, 70.186996, 77.896423, 11.576340, 15.843323, 16.810776
25.000000, 276.00003, 53.000004, 66.000000, 70.187279, 77.898170, 11.576344, 15.843323, 16.810776
24.999998, 276.00000, 53.000004, 66.000000, 70.184906, 77.896263, 11.576344, 15.843323, 16.810776
24.999998, 276.00000, 53.000004, 66.000000, 70.180588, 77.891747, 11.576346, 15.843323, 16.810776
25.000000, 276.00000, 53.000000, 66.000000, 70.174927, 77.885353, 11.576348, 15.843323, 16.810776
25.000000, 276.00000, 53.000000, 66.000008, 70.179176, 77.892578, 11.576345, 15.843323, 16.810776
24.999998, 276.00000, 53.000000, 66.000000, 70.187103, 77.904739, 11.576343, 15.843323, 16.810776
25.000000, 276.00000, 53.000004, 66.000000, 70.195137, 77.917053, 11.576344, 15.843323, 16.810776
25.000000, 276.00000, 53.000000, 65.999992, 70.203194, 77.929337, 11.576344, 15.843323, 16.810776
25.000002, 276.00000, 52.999996, 66.000000, 70.210739, 77.940804, 11.576344, 15.843323, 16.810776
24.999998, 276.00000, 52.999996, 66.000000, 70.216263, 77.949570, 11.576344, 15.843323, 16.810776
25.000000, 276.00003, 53.000000, 66.000000, 70.220985, 77.957230, 11.576342, 15.843323, 16.810776
25.000002, 276.00003, 53.000000, 66.000000, 70.229088, 77.969452, 11.576340, 15.843323, 16.810776
25.000002, 276.00003, 53.000000, 66.000000, 70.237282, 77.981659, 11.576339, 15.843323, 16.810776
25.000002, 276.00000, 52.999996, 66.000000, 70.245491, 77.993835, 11.576341, 15.843321, 16.810776
25.000000, 275.99997, 52.999996, 66.000000, 70.253761, 78.005966, 11.576340, 15.843321, 16.810776
24.999998, 276.00003, 53.000000, 66.000000, 70.262024, 78.018097, 11.576337, 15.843321, 16.810776
25.000002, 276.00003, 53.000000, 66.000000, 70.270309, 78.030220, 11.576340, 15.843321, 16.810776
25.000000, 276.00000, 52.999996, 66.000000, 70.278595, 78.042305, 11.576336, 15.843321, 16.810776
25.000002, 276.00003, 53.000000, 65.999992, 70.286705, 78.054184, 11.576333, 15.843321, 16.810776
24.999998, 276.00003, 53.000000, 65.999992, 70.294090, 78.065048, 11.576331, 15.843321, 16.810776
25.000000, 276.00000, 53.000004, 66.000000, 70.299644, 78.073433, 11.576333, 15.843321, 16.810776
25.000002, 276.00000, 53.000000, 66.000000, 70.302460, 78.078064, 11.576332, 15.843321, 16.810776
24.999998, 276.00003, 53.000000, 66.000000, 70.308342, 78.086906, 11.576332, 15.843320, 16.810776
25.000000, 276.00000, 53.000000, 66.000000, 70.315605, 78.097572, 11.576332, 15.843320, 16.810776
25.000000, 276.00003, 53.000000, 66.000000, 70.318352, 78.102104, 11.576332, 15.843320, 16.810776
24.999998, 276.00000, 53.000000, 66.000000, 70.316238, 78.099960, 11.576333, 15.843320, 16.810776
25.000002, 276.00000, 53.000000, 66.000000, 70.319412, 78.105103, 11.576332, 15.843320, 16.810776
24.999998, 276.00000, 53.000000, 66.000000, 70.326988, 78.116203, 11.576331, 15.843320, 16.810776
25.000000, 276.00003, 52.999996, 66.000000, 70.329651, 78.120598, 11.576332, 15.843320, 16.810776
25.000002, 276.00000, 53.000004, 66.000000, 70.324226, 78.113914, 11.576333, 15.843320, 16.810776
24.999998, 276.00003, 52.999996, 66.000000, 70.314476, 78.101372, 11.576333, 15.843320, 16.810776
25.000000, 276.00003, 53.000004, 66.000000, 70.303558, 78.087265, 11.576333, 15.843320, 16.810776
25.000000, 275.99997, 53.000000, 66.000000, 70.293350, 78.074203, 11.576332, 15.843320, 16.810776
25.000002, 276.00000, 53.000000, 66.000000, 70.281487, 78.058922, 11.576334, 15.843320, 16.810776
25.000000, 276.00000, 53.000000, 65.999992, 70.286453, 78.066597, 11.576332, 15.843320, 16.810776
25.000002, 276.00000, 53.000000, 66.000008, 70.294792, 78.078835, 11.576332, 15.843320, 16.810776
25.000000, 276.00000, 53.000000, 66.000000, 70.300270, 78.087090, 11.576332, 15.843319, 16.810776
25.000000, 275.99997, 53.000000, 66.000000, 70.301918, 78.090096, 11.576333, 15.843319, 16.810776
24.999996, 276.00003, 53.000008, 66.000008, 70.299416, 78.087433, 11.576331, 15.843319, 16.810776
25.000000, 276.00003, 53.000000, 66.000000, 70.290848, 78.076523, 11.576329, 15.843319, 16.810776
25.000000, 276.00003, 53.000000, 66.000000, 70.296173, 78.084610, 11.576332, 15.843319, 16.810776
25.000000, 276.00003, 53.000004, 66.000000, 70.295258, 78.084129, 11.576333, 15.843319, 16.810776
24.999998, 275.99997, 52.999996, 66.000000, 70.281601, 78.066254, 11.576334, 15.843319, 16.810776
25.000000, 275.99997, 53.000000, 66.000000, 70.266304, 78.046204, 11.576335, 15.843319, 16.810776
25.000002, 276.00003, 53.000000, 66.000000, 70.249702, 78.024414, 11.576337, 15.843319, 16.810776
25.000000, 276.00000, 53.000000, 66.000000, 70.232422, 78.001793, 11.576338, 15.843319, 16.810776
25.000002, 276.00000, 53.000004, 66.000000, 70.214836, 77.978783, 11.576344, 15.843319, 16.810776
25.000000, 276.00000, 53.000000, 66.000000, 70.197083, 77.955620, 11.576345, 15.843319, 16.810776
25.000000, 276.00000, 53.000004, 66.000000, 70.193947, 77.952423, 11.576344, 15.843319, 16.810776
25.000002, 276.00000, 53.000004, 66.000000, 70.191093, 77.949539, 11.576344, 15.843319, 16.810776
25.000000, 276.00000, 52.999996, 66.000000, 70.181862, 77.938019, 11.576345, 15.843319, 16.810776
24.999998, 276.00003, 53.000000, 65.999992, 70.189117, 77.948929, 11.576345, 15.843319, 16.810776
25.000002, 276.00000, 53.000004, 66.000000, 70.197899, 77.961777, 11.576345, 15.843319, 16.810776
25.000000, 276.00003, 53.000004, 66.000000, 70.206787, 77.974648, 11.576346, 15.843319, 16.810776
25.000000, 276.00003, 52.999996, 66.000000, 70.215012, 77.986526, 11.576345, 15.843319, 16.810776
25.000000, 276.00000, 53.000004, 66.000000, 70.219406, 77.993179, 11.576348, 15.843319, 16.810776
25.000000, 276.00000, 53.000000, 66.000000, 70.224342, 78.000580, 11.576350, 15.843319, 16.810776
25.000000, 276.00000, 53.000000, 66.000000, 70.230377, 78.009422, 11.576349, 15.843320, 16.810776
25.000000, 276.00000, 53.000000, 66.000008, 70.229431, 78.008713, 11.576349, 15.843318, 16.810776
25.000000, 276.00000, 53.000000, 66.000000, 70.226250, 78.004997, 11.576348, 15.843318, 16.810776
25.000002, 276.00000, 53.000000, 66.000000, 70.222176, 78.000092, 11.576351, 15.843318, 16.810776
25.000000, 276.00000, 53.000000, 66.000000, 70.215424, 77.991539, 11.576348, 15.843318, 16.810776
25.000000, 276.00003, 53.000000, 66.000000, 70.222488, 78.001770, 11.576346, 15.843319, 16.810776
25.000000, 276.00003, 53.000000, 66.000000, 70.231651, 78.014656, 11.576345, 15.843319, 16.810776
25.000002, 276.00003, 53.000000, 66.000000, 70.240860, 78.027519, 11.576344, 15.843319, 16.810776
25.000000, 276.00000, 53.000000, 66.000000, 70.250114, 78.040390, 11.576344, 15.843320, 16.810776
25.000002, 276.00000, 53.000000, 66.000000, 70.259384, 78.053238, 11.576342, 15.843319, 16.810776
24.999998, 276.00003, 53.000000, 66.000000, 70.268669, 78.066086, 11.576344, 15.843317, 16.810776
24.999998, 276.00000, 53.000000, 66.000008, 70.277969, 78.078903, 11.576343, 15.843316, 16.810776
25.000000, 276.00003, 53.000000, 66.000000, 70.287315, 78.091713, 11.576343, 15.843316, 16.810776
25.000002, 275.99997, 53.000000, 66.000008, 70.296600, 78.104462, 11.576343, 15.843316, 16.810776
25.000000, 276.00003, 53.000000, 65.999992, 70.305916, 78.117241, 11.576342, 15.843317, 16.810776
24.999998, 276.00003, 52.999996, 65.999992, 70.315323, 78.130020, 11.576344, 15.843317, 16.810776
25.000000, 276.00000, 52.999996, 66.000000, 70.324768, 78.142815, 11.576344, 15.843317, 16.810776
25.000000, 276.00003, 53.000000, 66.000000, 70.334236, 78.155594, 11.576344, 15.843316, 16.810776
25.000002, 275.99997, 52.999996, 66.000000, 70.343727, 78.168358, 11.576349, 15.843316, 16.810776
25.000000, 276.00000, 53.000000, 66.000000, 70.353226, 78.181137, 11.576352, 15.843316, 16.810776
25.000002, 276.00000, 53.000000, 65.999992, 70.362755, 78.193893, 11.576354, 15.843316, 16.810776
24.999998, 276.00000, 53.000000, 66.000000, 70.372292, 78.206673, 11.576353, 15.843316, 16.810776
25.000000, 276.00000, 53.000000, 66.000000, 70.381851, 78.219421, 11.576352, 15.843316, 16.810776
25.000000, 276.00000, 53.000000, 66.000000, 70.391060, 78.231712, 11.576351, 15.843316, 16.810776
25.000000, 276.00003, 53.000000, 65.999992, 70.398895, 78.242157, 11.576350, 15.843316, 16.810776
25.000000, 276.00000, 53.000000, 65.999992, 70.402748, 78.247208, 11.576350, 15.843316, 16.810776
25.000000, 276.00003, 53.000000, 66.000000, 70.402695, 78.246979, 11.576353, 15.843316, 16.810776
25.000000, 276.00000, 53.000000, 66.000000, 70.399490, 78.242508, 11.576350, 15.843316, 16.810776
25.000002, 276.00003, 53.000004, 66.000000, 70.396202, 78.237923, 11.576352, 15.843316, 16.810776
25.000000, 276.00000, 53.000000, 66.000008, 70.397484, 78.239586, 11.576350, 15.843316, 16.810776
25.000000, 276.00003, 53.000000, 66.000008, 70.406960, 78.252380, 11.576352, 15.843316, 16.810776
25.000002, 276.00000, 53.000000, 66.000000, 70.416458, 78.265182, 11.576355, 15.843316, 16.810776
25.000002, 276.00000, 53.000000, 66.000000, 70.426048, 78.277985, 11.576354, 15.843316, 16.810776
24.999998, 276.00000, 53.000000, 66.000000, 70.435730, 78.290779, 11.576355, 15.843316, 16.810776
24.999998, 275.99997, 53.000000, 66.000000, 70.445419, 78.303528, 11.576356, 15.843316, 16.810776
25.000000, 276.00003, 52.999996, 66.000000, 70.455147, 78.316223, 11.576356, 15.843316, 16.810776
25.000002, 276.00000, 53.000000, 66.000000, 70.464905, 78.328934, 11.576358, 15.843316, 16.810776
25.000002, 276.00000, 52.999996, 65.999992, 70.474678, 78.341675, 11.576353, 15.843316, 16.810776
25.000000, 276.00000, 52.999996, 65.999992, 70.484406, 78.354378, 11.576351, 15.843316, 16.810776
25.000002, 276.00003, 52.999996, 66.000000, 70.493622, 78.366402, 11.576352, 15.843316, 16.810776
25.000000, 276.00000, 53.000004, 65.999992, 70.502220, 78.377625, 11.576349, 15.843316, 16.810776
24.999998, 276.00000, 53.000004, 65.999992, 70.511528, 78.389847, 11.576350, 15.843316, 16.810776
24.999998, 276.00000, 52.999996, 66.000000, 70.520538, 78.401627, 11.576354, 15.843316, 16.810776
25.000002, 276.00003, 53.000000, 65.999992, 70.530190, 78.414314, 11.576358, 15.843316, 16.810776
25.000000, 276.00003, 52.999996, 66.000000, 70.539825, 78.426857, 11.576359, 15.843316, 16.810776
25.000002, 276.00000, 53.000000, 66.000000, 70.548592, 78.438301, 11.576362, 15.843316, 16.810776
25.000000, 276.00003, 53.000000, 66.000008, 70.558212, 78.450844, 11.576364, 15.843316, 16.810776
25.000002, 276.00000, 53.000000, 66.000000, 70.567825, 78.463333, 11.576361, 15.843316, 16.810776
24.999998, 276.00003, 52.999996, 65.999992, 70.577576, 78.475914, 11.576359, 15.843316, 16.810776
25.000004, 276.00003, 53.000000, 66.000000, 70.587364, 78.488434, 11.576361, 15.843316, 16.810776
25.000000, 276.00000, 53.000004, 66.000000, 70.597198, 78.500977, 11.576359, 15.843316, 16.810776
25.000000, 276.00003, 53.000004, 66.000008, 70.607056, 78.513519, 11.576358, 15.843316, 16.810776
25.000002, 276.00003, 52.999996, 66.000000, 70.616882, 78.526009, 11.576360, 15.843316, 16.810776
25.000002, 276.00003, 52.999996, 65.999992, 70.626747, 78.538475, 11.576363, 15.843316, 16.810776
25.000000, 276.00000, 53.000000, 66.000000, 70.636673, 78.550926, 11.576361, 15.843316, 16.810776
25.000000, 276.00000, 53.000004, 66.000000, 70.646599, 78.563347, 11.576362, 15.843316, 16.810776
25.000002, 276.00000, 53.000000, 66.000008, 70.656532, 78.575775, 11.576361, 15.843316, 16.810776
25.000002, 276.00000, 52.999996, 66.000000, 70.666473, 78.588181, 11.576360, 15.843316, 16.810776
24.999996, 276.00000, 53.000004, 66.000000, 70.676422, 78.600525, 11.576358, 15.843316, 16.810776
25.000000, 276.00000, 53.000000, 66.000008, 70.686409, 78.612877, 11.576363, 15.843316, 16.810776
25.000000, 276.00000, 53.000000, 66.000000, 70.696388, 78.625206, 11.576361, 15.843316, 16.810776
25.000002, 276.00003, 52.999996, 66.000000, 70.706360, 78.637550, 11.576361, 15.843316, 16.810776
25.000002, 276.00000, 52.999996, 66.000000, 70.716194, 78.649742, 11.576364, 15.843316, 16.810776
25.000000, 276.00000, 53.000004, 66.000000, 70.725212, 78.660820, 11.576365, 15.843316, 16.810776
25.000000, 276.00000, 53.000000, 66.000000, 70.732002, 78.668900, 11.576363, 15.843316, 16.810776
25.000002, 276.00000, 53.000000, 66.000000, 70.735306, 78.672279, 11.576363, 15.843316, 16.810776
24.999996, 276.00000, 53.000000, 66.000000, 70.735664, 78.671722, 11.576362, 15.843316, 16.810776
25.000002, 276.00000, 53.000000, 66.000000, 70.735619, 78.670639, 11.576360, 15.843316, 16.810776
25.000000, 276.00003, 53.000000, 66.000000, 70.736481, 78.670853, 11.576357, 15.843316, 16.810776
25.000002, 276.00000, 53.000000, 66.000000, 70.737167, 78.670853, 11.576355, 15.843315, 16.810776
25.000002, 276.00000, 53.000000, 66.000000, 70.738365, 78.671577, 11.576354, 15.843315, 16.810776
25.000004, 276.00003, 53.000000, 66.000008, 70.736916, 78.668755, 11.576355, 15.843315, 16.810776
25.000002, 275.99997, 52.999996, 66.000000, 70.726707, 78.654091, 11.576360, 15.843315, 16.810776
25.000002, 276.00000, 53.000000, 66.000000, 70.715126, 78.637642, 11.576356, 15.843315, 16.810776
25.000000, 276.00000, 53.000000, 66.000000, 70.703003, 78.620514, 11.576359, 15.843315, 16.810776
25.000000, 276.00000, 53.000000, 65.999992, 70.710999, 78.630669, 11.576358, 15.843315, 16.810776
25.000000, 276.00000, 53.000000, 66.000000, 70.717644, 78.638931, 11.576359, 15.843315, 16.810776
25.000000, 276.00003, 53.000000, 66.000000, 70.716011, 78.635956, 11.576360, 15.843315, 16.810776
25.000000, 276.00000, 52.999996, 66.000000, 70.708359, 78.624878, 11.576361, 15.843315, 16.810776
24.999998, 276.00000, 53.000000, 66.000000, 70.698570, 78.610954, 11.576363, 15.843315, 16.810776
25.000002, 276.00000, 53.000000, 66.000000, 70.687729, 78.595619, 11.576359, 15.843315, 16.810776
25.000002, 276.00003, 53.000000, 66.000000, 70.676216, 78.579468, 11.576359, 15.843315, 16.810776
25.000000, 276.00000, 53.000000, 66.000000, 70.662987, 78.561035, 11.576363, 15.843315, 16.810776
24.999998, 276.00003, 52.999996, 66.000000, 70.651276, 78.544746, 11.576361, 15.843315, 16.810776
25.000000, 276.00000, 53.000000, 66.000000, 70.644653, 78.535385, 11.576359, 15.843315, 16.810776
25.000000, 276.00003, 53.000004, 66.000000, 70.641197, 78.530319, 11.576360, 15.843315, 16.810776
25.000000, 275.99997, 53.000000, 66.000000, 70.626091, 78.509476, 11.576354, 15.843315, 16.810776
25.000000, 276.00000, 53.000000, 66.000000, 70.609581, 78.486816, 11.576357, 15.843315, 16.810776
25.000000, 276.00000, 52.999996, 66.000000, 70.596268, 78.468597, 11.576362, 15.843315, 16.810776
25.000000, 276.00000, 53.000000, 66.000008, 70.582802, 78.450195, 11.576361, 15.843315, 16.810776
25.000000, 276.00003, 52.999996, 66.000000, 70.566299, 78.427727, 11.576360, 15.843315, 16.810776
25.000000, 276.00000, 53.000000, 66.000000, 70.553017, 78.409721, 11.576361, 15.843315, 16.810776
25.000000, 275.99997, 53.000000, 66.000000, 70.538536, 78.390129, 11.576358, 15.843315, 16.810776
24.999998, 275.99997, 53.000004, 66.000008, 70.521111, 78.366547, 11.576354, 15.843315, 16.810776
24.999998, 275.99997, 53.000000, 65.999992, 70.504967, 78.344826, 11.576360, 15.843315, 16.810776
24.999998, 276.00000, 53.000000, 65.999992, 70.488701, 78.322968, 11.576353, 15.843315, 16.810776
25.000000, 276.00000, 53.000000, 66.000000, 70.471306, 78.299706, 11.576353, 15.843315, 16.810776
24.999998, 276.00000, 53.000000, 66.000000, 70.454796, 78.277626, 11.576357, 15.843315, 16.810776
25.000000, 276.00000, 52.999996, 66.000000, 70.460114, 78.285179, 11.576354, 15.843315, 16.810776
25.000000, 276.00000, 53.000000, 66.000000, 70.459679, 78.284851, 11.576350, 15.843315, 16.810776
25.000002, 276.00000, 53.000000, 66.000000, 70.449081, 78.270775, 11.576345, 15.843315, 16.810776
24.999998, 275.99997, 53.000004, 66.000008, 70.434593, 78.251450, 11.576344, 15.843315, 16.810776
25.000000, 276.00003, 52.999996, 66.000000, 70.418503, 78.229988, 11.576347, 15.843315, 16.810776
24.999998, 276.00003, 53.000000, 66.000000, 70.402046, 78.208130, 11.576347, 15.843315, 16.810776
25.000002, 276.00000, 53.000000, 66.000000, 70.385513, 78.186241, 11.576345, 15.843315, 16.810776
25.000000, 276.00000, 53.000000, 66.000000, 70.376381, 78.174492, 11.576343, 15.843315, 16.810776
25.000000, 276.00003, 53.000000, 66.000000, 70.368652, 78.164642, 11.576348, 15.843315, 16.810776
25.000000, 276.00003, 53.000004, 65.999992, 70.352539, 78.143463, 11.576350, 15.843315, 16.810776
25.000000, 276.00003, 52.999996, 66.000000, 70.336441, 78.122368, 11.576350, 15.843315, 16.810776
25.000000, 276.00003, 53.000000, 66.000000, 70.320572, 78.101639, 11.576349, 15.843315, 16.810776
25.000000, 276.00000, 53.000000, 66.000008, 70.304909, 78.081291, 11.576346, 15.843315, 16.810776
24.999998, 276.00003, 53.000000, 66.000000, 70.289482, 78.061264, 11.576348, 15.843315, 16.810776
25.000000, 276.00000, 53.000000, 66.000000, 70.297173, 78.072578, 11.576347, 15.843315, 16.810776
25.000000, 276.00003, 53.000000, 65.999992, 70.307564, 78.087234, 11.576346, 15.843315, 16.810776
25.000002, 276.00003, 53.000000, 66.000000, 70.318062, 78.101799, 11.576346, 15.843315, 16.810776
25.000000, 276.00000, 53.000004, 66.000000, 70.328583, 78.116348, 11.576346, 15.843315, 16.810776
25.000000, 276.00000, 53.000004, 65.999992, 70.339127, 78.130875, 11.576346, 15.843315, 16.810776
24.999998, 276.00003, 52.999992, 66.000000, 70.349663, 78.145370, 11.576346, 15.843315, 16.810776
25.000000, 276.00000, 52.999996, 66.000000, 70.360176, 78.159821, 11.576345, 15.843315, 16.810776
25.000000, 276.00000, 53.000004, 66.000008, 70.370735, 78.174286, 11.576347, 15.843315, 16.810776
25.000000, 276.00000, 53.000000, 66.000008, 70.381279, 78.188705, 11.576352, 15.843315, 16.810776
25.000000, 276.00000, 53.000004, 66.000000, 70.391823, 78.203110, 11.576350, 15.843315, 16.810776
25.000000, 276.00000, 53.000004, 66.000008, 70.402382, 78.217491, 11.576351, 15.843315, 16.810776
25.000000, 275.99997, 53.000000, 66.000000, 70.412941, 78.231827, 11.576347, 15.843315, 16.810776
25.000002, 276.00003, 52.999996, 66.000000, 70.423477, 78.246147, 11.576349, 15.843315, 16.810776
25.000000, 276.00000, 53.000000, 66.000008, 70.434021, 78.260452, 11.576349, 15.843315, 16.810776
25.000000, 276.00003, 53.000000, 66.000000, 70.444534, 78.274734, 11.576349, 15.843315, 16.810776
25.000000, 276.00003, 53.000000, 66.000000, 70.455048, 78.288986, 11.576358, 15.843315, 16.810776
25.000000, 276.00003, 53.000000, 66.000000, 70.465485, 78.303146, 11.576355, 15.843315, 16.810776
24.999998, 276.00000, 53.000000, 66.000008, 70.475647, 78.316895, 11.576349, 15.843315, 16.810776
25.000000, 275.99997, 53.000000, 66.000000, 70.484940, 78.329491, 11.576344, 15.843315, 16.810776
25.000000, 276.00000, 53.000004, 66.000000, 70.492905, 78.340309, 11.576344, 15.843315, 16.810776
25.000000, 275.99997, 53.000004, 66.000000, 70.502594, 78.353447, 11.576344, 15.843315, 16.810776
25.000002, 276.00000, 53.000004, 66.000000, 70.512222, 78.366447, 11.576345, 15.843315, 16.810776
25.000000, 276.00000, 53.000004, 66.000000, 70.520782, 78.378090, 11.576343, 15.843315, 16.810776
25.000000, 276.00000, 53.000000, 66.000000, 70.528603, 78.388680, 11.576334, 15.843315, 16.810776
24.999998, 276.00000, 53.000004, 66.000000, 70.534813, 78.397110, 11.576335, 15.843315, 16.810776
25.000002, 276.00000, 53.000000, 66.000008, 70.537979, 78.401466, 11.576336, 15.843315, 16.810776
25.000002, 276.00000, 52.999996, 65.999992, 70.539696, 78.403824, 11.576336, 15.843315, 16.810776
25.000000, 276.00003, 53.000000, 65.999992, 70.540375, 78.404816, 11.576331, 15.843315, 16.810776
24.999998, 276.00000, 53.000000, 65.999992, 70.539673, 78.403946, 11.576332, 15.843315, 16.810776
25.000002, 276.00003, 53.000000, 66.000008, 70.537483, 78.401077, 11.576329, 15.843315, 16.810776
25.000000, 276.00000, 53.000000, 66.000000, 70.533752, 78.396179, 11.576330, 15.843315, 16.810776
25.000000, 276.00000, 53.000004, 66.000000, 70.541100, 78.406342, 11.576329, 15.843315, 16.810776
25.000000, 276.00003, 53.000000, 66.000000, 70.540230, 78.405365, 11.576330, 15.843315, 16.810776
24.999998, 276.00000, 53.000000, 65.999992, 70.533501, 78.396454, 11.576331, 15.843315, 16.810776
24.999998, 275.99997, 53.000000, 66.000000, 70.526291, 78.386909, 11.576332, 15.843315, 16.810776
24.999998, 276.00003, 52.999996, 66.000008, 70.518593, 78.376778, 11.576330, 15.843315, 16.810776
25.000002, 276.00000, 53.000000, 66.000000, 70.510567, 78.366234, 11.576329, 15.843315, 16.810776
24.999998, 276.00003, 53.000000, 66.000000, 70.502174, 78.355263, 11.576327, 15.843315, 16.810776
25.000000, 276.00000, 53.000008, 65.999992, 70.493515, 78.343956, 11.576330, 15.843315, 16.810776
24.999998, 276.00000, 52.999996, 65.999992, 70.484604, 78.332390, 11.576331, 15.843315, 16.810776
25.000000, 276.00000, 53.000000, 66.000008, 70.475502, 78.320602, 11.576333, 15.843315, 16.810776
25.000000, 275.99997, 53.000004, 66.000000, 70.466209, 78.308601, 11.576334, 15.843315, 16.810776
25.000002, 276.00000, 53.000000, 66.000000, 70.456703, 78.296402, 11.576333, 15.843315, 16.810776
25.000000, 276.00000, 52.999996, 66.000000, 70.447044, 78.284004, 11.576332, 15.843315, 16.810776
24.999998, 276.00003, 53.000004, 65.999992, 70.437263, 78.271484, 11.576334, 15.843315, 16.810776
25.000002, 276.00000, 53.000000, 66.000008, 70.441132, 78.277580, 11.576336, 15.843315, 16.810776
25.000000, 276.00003, 53.000000, 66.000000, 70.440338, 78.277336, 11.576336, 15.843315, 16.810776
25.000000, 276.00000, 53.000000, 66.000000, 70.431961, 78.266792, 11.576338, 15.843315, 16.810776
25.000000, 276.00003, 53.000000, 66.000000, 70.421631, 78.253609, 11.576340, 15.843315, 16.810776
25.000000, 276.00003, 53.000000, 66.000000, 70.411011, 78.240097, 11.576340, 15.843315, 16.810776
25.000000, 276.00003, 53.000000, 66.000008, 70.400139, 78.226295, 11.576337, 15.843315, 16.810776
24.999998, 276.00003, 53.000004, 66.000000, 70.389175, 78.212402, 11.576338, 15.843315, 16.810776
25.000000, 276.00003, 53.000004, 66.000000, 70.378174, 78.198547, 11.576341, 15.843315, 16.810776
25.000000, 276.00000, 53.000004, 66.000000, 70.367157, 78.184753, 11.576339, 15.843315, 16.810776
25.000000, 276.00000, 53.000004, 66.000000, 70.356194, 78.171043, 11.576337, 15.843315, 16.810776
25.000000, 276.00000, 53.000004, 66.000000, 70.345200, 78.157372, 11.576338, 15.843315, 16.810776
25.000002, 276.00003, 53.000004, 66.000000, 70.334244, 78.143768, 11.576337, 15.843315, 16.810776
24.999998, 276.00000, 53.000000, 66.000008, 70.323265, 78.130219, 11.576339, 15.843315, 16.810776
25.000000, 276.00000, 53.000000, 66.000000, 70.312279, 78.116714, 11.576339, 15.843315, 16.810776
25.000000, 276.00000, 53.000000, 66.000000, 70.301300, 78.103264, 11.576338, 15.843315, 16.810776
25.000000, 276.00003, 53.000000, 66.000000, 70.290337, 78.089920, 11.576337, 15.843315, 16.810776
25.000000, 276.00003, 52.999996, 66.000008, 70.279419, 78.076675, 11.576337, 15.843315, 16.810776
25.000000, 276.00003, 52.999996, 66.000000, 70.268562, 78.063560, 11.576331, 15.843315, 16.810776
25.000002, 276.00003, 53.000000, 65.999992, 70.257767, 78.050568, 11.576332, 15.843315, 16.810776
25.000000, 276.00000, 52.999996, 66.000008, 70.247063, 78.037712, 11.576332, 15.843315, 16.810776
25.000002, 276.00000, 53.000004, 66.000000, 70.236412, 78.025024, 11.576334, 15.843315, 16.810776
25.000000, 275.99997, 53.000000, 66.000000, 70.225815, 78.012474, 11.576334, 15.843315, 16.810776
24.999998, 276.00003, 52.999996, 66.000000, 70.215317, 78.000099, 11.576331, 15.843315, 16.810776
25.000000, 276.00003, 52.999996, 66.000000, 70.206741, 77.990387, 11.576331, 15.843315, 16.810776
25.000000, 276.00000, 53.000004, 65.999992, 70.197899, 77.980354, 11.576331, 15.843315, 16.810776
25.000002, 275.99997, 53.000000, 66.000000, 70.187759, 77.968605, 11.576334, 15.843315, 16.810776
25.000000, 276.00003, 52.999996, 66.000000, 70.177719, 77.957054, 11.576338, 15.843315, 16.810776
24.999998, 276.00003, 52.999996, 66.000008, 70.167793, 77.945694, 11.576342, 15.843315, 16.810776
25.000000, 276.00000, 53.000000, 66.000000, 70.164474, 77.943443, 11.576338, 15.843315, 16.810776
24.999998, 276.00003, 52.999996, 66.000008, 70.174492, 77.959236, 11.576334, 15.843315, 16.810776
25.000000, 276.00003, 53.000004, 65.999992, 70.184669, 77.974968, 11.576334, 15.843315, 16.810776
24.999998, 276.00000, 53.000000, 66.000000, 70.194855, 77.990570, 11.576335, 15.843315, 16.810776
24.999998, 276.00003, 53.000000, 66.000008, 70.204475, 78.005325, 11.576334, 15.843315, 16.810776
25.000002, 276.00000, 53.000000, 66.000000, 70.212334, 78.017647, 11.576333, 15.843315, 16.810776
25.000000, 276.00003, 52.999996, 66.000000, 70.219360, 78.028786, 11.576330, 15.843315, 16.810776
25.000000, 276.00000, 53.000000, 66.000000, 70.229027, 78.043594, 11.576331, 15.843315, 16.810776
25.000000, 276.00000, 53.000000, 66.000000, 70.239052, 78.058868, 11.576331, 15.843315, 16.810776
24.999998, 276.00000, 53.000004, 66.000000, 70.248245, 78.072968, 11.576332, 15.843315, 16.810776
24.999998, 276.00000, 53.000000, 66.000000, 70.254128, 78.082558, 11.576332, 15.843315, 16.810776
25.000002, 276.00000, 53.000000, 66.000000, 70.256760, 78.087700, 11.576333, 15.843315, 16.810776
25.000002, 276.00000, 53.000000, 66.000008, 70.258583, 78.091766, 11.576329, 15.843315, 16.810776
25.000000, 276.00000, 53.000004, 66.000000, 70.259697, 78.094894, 11.576329, 15.843315, 16.810776
25.000000, 276.00003, 53.000004, 66.000000, 70.260071, 78.097038, 11.576331, 15.843315, 16.810776
25.000000, 276.00000, 53.000000, 66.000000, 70.259842, 78.098351, 11.576325, 15.843315, 16.810776
24.999998, 275.99997, 53.000000, 66.000000, 70.258911, 78.098755, 11.576324, 15.843315, 16.810776
25.000000, 276.00000, 52.999996, 66.000000, 70.257141, 78.098129, 11.576326, 15.843315, 16.810776
24.999998, 276.00000, 53.000004, 66.000008, 70.254875, 78.096748, 11.576327, 15.843315, 16.810776
24.999998, 276.00003, 52.999996, 66.000000, 70.252296, 78.095032, 11.576324, 15.843315, 16.810776
25.000002, 276.00000, 53.000000, 66.000000, 70.249565, 78.093086, 11.576322, 15.843315, 16.810776
25.000000, 276.00000, 52.999996, 65.999992, 70.246681, 78.091034, 11.576324, 15.843315, 16.810776
25.000002, 275.99997, 53.000000, 66.000000, 70.245903, 78.091919, 11.576326, 15.843315, 16.810776
25.000002, 276.00003, 53.000004, 66.000000, 70.243240, 78.090279, 11.576324, 15.843315, 16.810776
24.999998, 276.00003, 53.000000, 66.000000, 70.240067, 78.087898, 11.576324, 15.843315, 16.810776
24.999998, 276.00003, 53.000000, 66.000000, 70.236824, 78.085533, 11.576326, 15.843315, 16.810776
25.000002, 276.00000, 53.000004, 66.000000, 70.233536, 78.083176, 11.576328, 15.843315, 16.810776
25.000000, 276.00003, 53.000000, 66.000000, 70.230232, 78.080788, 11.576327, 15.843315, 16.810776
25.000002, 276.00003, 53.000000, 65.999992, 70.226883, 78.078377, 11.576327, 15.843315, 16.810776
25.000002, 275.99997, 52.999996, 66.000000, 70.223488, 78.075989, 11.576324, 15.843315, 16.810776
25.000000, 276.00003, 52.999996, 66.000000, 70.220047, 78.073555, 11.576324, 15.843315, 16.810776
24.999998, 275.99997, 53.000000, 66.000000, 70.216476, 78.071022, 11.576324, 15.843314, 16.810776
25.000002, 276.00000, 53.000000, 66.000000, 70.212807, 78.068329, 11.576324, 15.843314, 16.810776
24.999998, 276.00003, 53.000004, 65.999992, 70.209023, 78.065559, 11.576325, 15.843314, 16.810776
25.000000, 276.00000, 53.000000, 66.000000, 70.209900, 78.069183, 11.576324, 15.843314, 16.810776
25.000002, 276.00000, 53.000000, 66.000000, 70.218605, 78.083618, 11.576323, 15.843314, 16.810776
25.000000, 275.99997, 53.000000, 66.000000, 70.227318, 78.097992, 11.576324, 15.843314, 16.810776
25.000002, 276.00000, 52.999996, 66.000000, 70.234848, 78.110809, 11.576324, 15.843314, 16.810776
24.999998, 276.00003, 53.000000, 66.000000, 70.240524, 78.121078, 11.576325, 15.843314, 16.810776
25.000002, 276.00000, 53.000004, 66.000000, 70.242973, 78.126846, 11.576327, 15.843314, 16.810776
24.999998, 276.00000, 53.000000, 66.000000, 70.241112, 78.126770, 11.576327, 15.843314, 16.810776
25.000000, 276.00003, 53.000004, 66.000008, 70.236916, 78.123543, 11.576324, 15.843314, 16.810776
24.999998, 276.00003, 53.000000, 66.000000, 70.232666, 78.120293, 11.576326, 15.843314, 16.810776
25.000000, 276.00003, 53.000004, 66.000000, 70.240341, 78.133385, 11.576330, 15.843314, 16.810776
25.000000, 276.00000, 53.000000, 66.000000, 70.250015, 78.149277, 11.576331, 15.843314, 16.810776
24.999998, 276.00003, 53.000000, 66.000000, 70.259674, 78.165131, 11.576333, 15.843314, 16.810776
25.000002, 276.00000, 53.000004, 66.000000, 70.269386, 78.180931, 11.576332, 15.843312, 16.810776
25.000000, 276.00000, 52.999996, 66.000008, 70.279114, 78.196732, 11.576332, 15.843312, 16.810776
25.000000, 276.00003, 53.000000, 66.000000, 70.288849, 78.212502, 11.576333, 15.843312, 16.810776
24.999998, 276.00000, 53.000004, 66.000000, 70.298592, 78.228241, 11.576335, 15.843312, 16.810776
25.000002, 276.00000, 52.999996, 66.000000, 70.308311, 78.243942, 11.576335, 15.843312, 16.810776
25.000002, 276.00000, 53.000004, 66.000000, 70.318069, 78.259598, 11.576336, 15.843312, 16.810776
25.000000, 276.00000, 53.000004, 66.000008, 70.327789, 78.275238, 11.576337, 15.843312, 16.810776
25.000000, 276.00000, 53.000000, 66.000000, 70.337540, 78.290840, 11.576339, 15.843312, 16.810776
25.000000, 276.00003, 53.000000, 66.000000, 70.347282, 78.306412, 11.576338, 15.843312, 16.810776
25.000002, 276.00003, 53.000000, 65.999992, 70.356979, 78.321945, 11.576334, 15.843312, 16.810776
25.000002, 276.00000, 53.000000, 66.000000, 70.366653, 78.337395, 11.576337, 15.843312, 16.810776
25.000002, 276.00000, 52.999996, 66.000000, 70.375900, 78.352234, 11.576338, 15.843312, 16.810776
25.000002, 276.00003, 53.000004, 66.000000, 70.384460, 78.366142, 11.576339, 15.843312, 16.810776
24.999998, 275.99997, 53.000000, 66.000000, 70.393974, 78.381294, 11.576342, 15.843312, 16.810776
25.000004, 276.00003, 53.000000, 66.000000, 70.403702, 78.396729, 11.576342, 15.843312, 16.810776
25.000000, 276.00000, 52.999996, 66.000000, 70.413429, 78.412163, 11.576343, 15.843312, 16.810776
25.000000, 276.00000, 53.000000, 66.000000, 70.423157, 78.427567, 11.576343, 15.843311, 16.810776
25.000000, 276.00000, 53.000004, 65.999992, 70.427444, 78.435524, 11.576343, 15.843310, 16.810776
25.000000, 276.00000, 53.000000, 66.000000, 70.437096, 78.450874, 11.576344, 15.843309, 16.810776
24.999998, 276.00003, 52.999996, 66.000000, 70.446800, 78.466171, 11.576344, 15.843308, 16.810776
24.999998, 275.99997, 53.000000, 65.999992, 70.456505, 78.481453, 11.576341, 15.843307, 16.810776
25.000002, 276.00000, 53.000000, 66.000000, 70.466225, 78.496704, 11.576344, 15.843306, 16.810776
25.000000, 275.99997, 53.000004, 66.000008, 70.475937, 78.511917, 11.576342, 15.843307, 16.810776
24.999998, 276.00003, 53.000000, 66.000000, 70.485672, 78.527115, 11.576340, 15.843307, 16.810776
24.999998, 276.00003, 53.000000, 66.000000, 70.495392, 78.542290, 11.576337, 15.843307, 16.810776
24.999998, 276.00000, 53.000000, 66.000008, 70.505112, 78.557365, 11.576337, 15.843307, 16.810776
25.000000, 276.00000, 52.999996, 66.000008, 70.514717, 78.572266, 11.576337, 15.843307, 16.810776
25.000000, 276.00003, 53.000000, 66.000000, 70.524063, 78.586815, 11.576335, 15.843307, 16.810776
25.000000, 276.00003, 53.000000, 66.000000, 70.532791, 78.600471, 11.576335, 15.843307, 16.810776
25.000000, 276.00003, 53.000000, 66.000000, 70.540352, 78.612503, 11.576340, 15.843306, 16.810776
24.999998, 276.00003, 53.000000, 66.000008, 70.546448, 78.622498, 11.576341, 15.843306, 16.810776
25.000000, 276.00000, 53.000000, 65.999992, 70.554184, 78.634750, 11.576339, 15.843306, 16.810776
25.000002, 276.00000, 53.000004, 66.000008, 70.558495, 78.642303, 11.576341, 15.843307, 16.810776
24.999998, 276.00000, 53.000000, 66.000000, 70.560448, 78.646576, 11.576342, 15.843307, 16.810776
25.000002, 276.00000, 52.999996, 66.000000, 70.560944, 78.648865, 11.576344, 15.843307, 16.810776
25.000000, 276.00000, 53.000000, 66.000000, 70.559990, 78.649117, 11.576344, 15.843307, 16.810776
25.000000, 276.00000, 53.000000, 65.999992, 70.557434, 78.647194, 11.576341, 15.843307, 16.810776
25.000002, 276.00003, 53.000000, 66.000000, 70.553307, 78.643127, 11.576339, 15.843307, 16.810776
25.000000, 276.00000, 52.999996, 66.000000, 70.547806, 78.637215, 11.576338, 15.843307, 16.810776
25.000002, 276.00003, 53.000000, 66.000000, 70.541367, 78.629959, 11.576337, 15.843306, 16.810776
25.000000, 275.99997, 53.000004, 66.000000, 70.534225, 78.621819, 11.576337, 15.843306, 16.810776
25.000000, 276.00000, 52.999996, 66.000000, 70.526665, 78.613091, 11.576338, 15.843306, 16.810776
25.000000, 276.00003, 53.000000, 66.000000, 70.518600, 78.603683, 11.576338, 15.843306, 16.810776
25.000000, 276.00003, 53.000000, 66.000000, 70.510017, 78.593544, 11.576340, 15.843306, 16.810776
25.000000, 276.00000, 53.000000, 66.000000, 70.509186, 78.594208, 11.576339, 15.843306, 16.810776
24.999998, 276.00000, 53.000000, 66.000000, 70.516266, 78.605743, 11.576338, 15.843307, 16.810776
25.000000, 276.00003, 52.999996, 66.000000, 70.523567, 78.617378, 11.576338, 15.843307, 16.810776
24.999998, 276.00000, 53.000000, 66.000000, 70.531387, 78.629677, 11.576336, 15.843306, 16.810776
25.000000, 276.00000, 53.000000, 66.000000, 70.539116, 78.641792, 11.576333, 15.843306, 16.810776
24.999998, 275.99997, 53.000004, 66.000000, 70.546814, 78.653717, 11.576330, 15.843305, 16.810776
24.999998, 276.00003, 53.000000, 66.000000, 70.554466, 78.665489, 11.576328, 15.843305, 16.810776
25.000000, 276.00000, 52.999996, 66.000000, 70.562050, 78.677132, 11.576327, 15.843305, 16.810776
25.000000, 276.00003, 53.000000, 65.999992, 70.569550, 78.688591, 11.576329, 15.843305, 16.810776
25.000000, 276.00000, 53.000000, 66.000000, 70.576981, 78.699905, 11.576332, 15.843305, 16.810776
25.000002, 275.99997, 52.999996, 66.000000, 70.584328, 78.711044, 11.576333, 15.843306, 16.810776
25.000000, 276.00000, 53.000004, 66.000000, 70.591599, 78.722099, 11.576331, 15.843305, 16.810776
25.000000, 276.00000, 53.000000, 66.000000, 70.598946, 78.733139, 11.576331, 15.843305, 16.810776
25.000002, 276.00000, 53.000004, 66.000000, 70.606262, 78.744148, 11.576334, 15.843305, 16.810776
25.000000, 276.00003, 53.000000, 66.000000, 70.613571, 78.755150, 11.576331, 15.843304, 16.810776
25.000002, 276.00000, 53.000000, 65.999992, 70.620903, 78.766113, 11.576330, 15.843305, 16.810776
25.000000, 276.00000, 53.000004, 66.000000, 70.628250, 78.777084, 11.576331, 15.843305, 16.810776
25.000000, 276.00000, 53.000000, 66.000000, 70.635620, 78.788040, 11.576330, 15.843306, 16.810776
25.000002, 276.00000, 53.000000, 66.000000, 70.642937, 78.798912, 11.576331, 15.843306, 16.810776
24.999998, 276.00000, 53.000004, 65.999992, 70.649979, 78.809410, 11.576327, 15.843306, 16.810776
25.000000, 276.00003, 53.000000, 66.000000, 70.655998, 78.818481, 11.576329, 15.843306, 16.810776
25.000000, 276.00003, 53.000004, 66.000000, 70.659500, 78.824043, 11.576324, 15.843305, 16.810776
24.999996, 276.00000, 52.999996, 66.000000, 70.659828, 78.825233, 11.576324, 15.843305, 16.810776
25.000000, 276.00000, 53.000000, 66.000000, 70.658234, 78.823753, 11.576323, 15.843305, 16.810776
25.000000, 276.00000, 53.000000, 66.000000, 70.655159, 78.820251, 11.576326, 15.843306, 16.810776
25.000000, 276.00000, 53.000000, 65.999992, 70.650406, 78.814476, 11.576326, 15.843306, 16.810776
25.000000, 276.00000, 53.000000, 66.000000, 70.643852, 78.806183, 11.576325, 15.843306, 16.810776
25.000002, 276.00000, 53.000000, 66.000000, 70.636848, 78.797310, 11.576324, 15.843306, 16.810776
25.000000, 276.00000, 52.999996, 66.000000, 70.634682, 78.795120, 11.576322, 15.843306, 16.810776
25.000000, 276.00000, 53.000004, 66.000000, 70.635925, 78.797714, 11.576324, 15.843306, 16.810776
24.999998, 276.00003, 53.000000, 65.999992, 70.642860, 78.808121, 11.576324, 15.843306, 16.810776
25.000000, 275.99997, 53.000004, 66.000000, 70.650009, 78.818810, 11.576324, 15.843306, 16.810776
25.000000, 275.99997, 53.000004, 65.999992, 70.654778, 78.826118, 11.576325, 15.843306, 16.810776
25.000000, 276.00003, 53.000000, 66.000000, 70.654518, 78.826363, 11.576324, 15.843306, 16.810776
24.999998, 276.00003, 53.000000, 66.000000, 70.651581, 78.822914, 11.576324, 15.843306, 16.810776
24.999998, 276.00000, 53.000000, 66.000000, 70.647598, 78.818039, 11.576324, 15.843305, 16.810776
24.999998, 276.00003, 53.000004, 66.000000, 70.638275, 78.805794, 11.576325, 15.843305, 16.810776
25.000000, 276.00003, 53.000000, 66.000008, 70.627380, 78.791435, 11.576326, 15.843306, 16.810776
25.000002, 276.00000, 53.000000, 66.000000, 70.616180, 78.776649, 11.576325, 15.843306, 16.810776
25.000000, 276.00003, 52.999996, 66.000000, 70.605469, 78.762634, 11.576324, 15.843306, 16.810776
25.000000, 276.00000, 53.000000, 66.000000, 70.598022, 78.753174, 11.576325, 15.843306, 16.810776
24.999998, 276.00003, 53.000000, 66.000000, 70.605682, 78.764450, 11.576324, 15.843305, 16.810776
25.000000, 276.00003, 53.000004, 66.000000, 70.613449, 78.775673, 11.576328, 15.843306, 16.810776
24.999998, 276.00003, 53.000004, 66.000000, 70.621262, 78.786850, 11.576329, 15.843306, 16.810776
25.000002, 276.00000, 53.000000, 66.000000, 70.629120, 78.797989, 11.576331, 15.843307, 16.810776
25.000000, 275.99997, 53.000004, 66.000000, 70.636986, 78.809097, 11.576331, 15.843307, 16.810776
25.000000, 276.00003, 52.999996, 66.000000, 70.644882, 78.820213, 11.576330, 15.843307, 16.810776
25.000000, 276.00003, 53.000000, 66.000000, 70.652786, 78.831306, 11.576330, 15.843307, 16.810776
25.000000, 275.99997, 53.000004, 65.999992, 70.660683, 78.842361, 11.576328, 15.843307, 16.810776
25.000002, 276.00000, 53.000004, 66.000000, 70.668617, 78.853409, 11.576330, 15.843308, 16.810776
25.000000, 276.00000, 53.000000, 66.000000, 70.676605, 78.864433, 11.576330, 15.843308, 16.810776
25.000000, 276.00000, 53.000000, 66.000000, 70.684616, 78.875420, 11.576332, 15.843309, 16.810776
25.000002, 276.00000, 53.000000, 65.999992, 70.692642, 78.886383, 11.576333, 15.843309, 16.810776
25.000000, 275.99997, 52.999996, 66.000000, 70.700706, 78.897331, 11.576330, 15.843310, 16.810776
25.000002, 276.00000, 53.000000, 66.000000, 70.708763, 78.908241, 11.576333, 15.843309, 16.810776
25.000000, 276.00003, 52.999996, 66.000008, 70.716797, 78.919174, 11.576332, 15.843310, 16.810776
25.000000, 276.00006, 53.000000, 65.999992, 70.724854, 78.930046, 11.576331, 15.843310, 16.810776
25.000002, 276.00000, 52.999996, 65.999992, 70.732956, 78.940910, 11.576333, 15.843310, 16.810776
24.999998, 276.00000, 53.000000, 65.999992, 70.741051, 78.951736, 11.576333, 15.843311, 16.810776
25.000000, 275.99994, 53.000000, 66.000000, 70.749153, 78.962540, 11.576332, 15.843312, 16.810776
24.999998, 276.00000, 53.000000, 66.000008, 70.757278, 78.973343, 11.576333, 15.843312, 16.810776
25.000000, 276.00000, 53.000000, 66.000000, 70.765373, 78.984131, 11.576331, 15.843312, 16.810776
24.999998, 276.00000, 53.000004, 66.000000, 70.773468, 78.994858, 11.576328, 15.843313, 16.810776
25.000002, 276.00000, 53.000000, 65.999992, 70.781448, 79.005463, 11.576327, 15.843313, 16.810776
25.000000, 276.00000, 52.999996, 66.000000, 70.789368, 79.015953, 11.576329, 15.843313, 16.810776
25.000002, 276.00000, 53.000004, 65.999992, 70.797119, 79.026199, 11.576332, 15.843314, 16.810776
25.000000, 276.00000, 53.000000, 66.000000, 70.804459, 79.035889, 11.576329, 15.843314, 16.810776
25.000000, 276.00000, 53.000000, 66.000000, 70.811081, 79.044556, 11.576330, 15.843314, 16.810776
25.000002, 276.00003, 53.000000, 66.000000, 70.817986, 79.053574, 11.576331, 15.843315, 16.810776
25.000000, 276.00000, 53.000004, 66.000000, 70.825928, 79.063980, 11.576334, 15.843315, 16.810776
24.999998, 276.00000, 53.000004, 66.000000, 70.833214, 79.073494, 11.576336, 15.843315, 16.810776
25.000004, 276.00000, 53.000004, 66.000000, 70.840599, 79.083084, 11.576337, 15.843314, 16.810776
25.000002, 276.00000, 53.000000, 66.000000, 70.848557, 79.093407, 11.576339, 15.843315, 16.810776
24.999998, 276.00000, 53.000004, 66.000008, 70.856514, 79.103722, 11.576338, 15.843315, 16.810776
25.000000, 276.00000, 53.000004, 66.000000, 70.864647, 79.114243, 11.576337, 15.843315, 16.810776
25.000002, 276.00000, 53.000000, 66.000000, 70.872879, 79.124771, 11.576341, 15.843316, 16.810776
25.000000, 275.99997, 52.999996, 66.000000, 70.881149, 79.135277, 11.576338, 15.843317, 16.810776
25.000000, 276.00003, 53.000000, 66.000008, 70.889442, 79.145760, 11.576341, 15.843316, 16.810776
24.999998, 276.00000, 52.999996, 66.000000, 70.897797, 79.156197, 11.576339, 15.843317, 16.810776
24.999998, 276.00000, 53.000000, 66.000000, 70.906136, 79.166641, 11.576339, 15.843317, 16.810776
24.999998, 276.00000, 53.000000, 66.000000, 70.914474, 79.177086, 11.576339, 15.843311, 16.810776
25.000000, 276.00000, 53.000000, 66.000000, 70.922821, 79.187500, 11.576337, 15.843309, 16.810776
24.999998, 276.00003, 53.000000, 66.000000, 70.931206, 79.197891, 11.576338, 15.843306, 16.810776
24.999998, 276.00003, 53.000000, 66.000000, 70.939552, 79.208267, 11.576338, 15.843301, 16.810776
25.000000, 276.00000, 53.000000, 66.000000, 70.947914, 79.218628, 11.576337, 15.843302, 16.810776
25.000000, 276.00000, 53.000004, 66.000000, 70.956284, 79.228973, 11.576335, 15.843298, 16.810776
25.000002, 276.00003, 53.000000, 66.000000, 70.964668, 79.239288, 11.576334, 15.843294, 16.810776
25.000000, 276.00000, 53.000000, 66.000000, 70.973038, 79.249611, 11.576336, 15.843294, 16.810776
25.000000, 276.00003, 53.000000, 66.000000, 70.981400, 79.259888, 11.576336, 15.843295, 16.810776
25.000002, 276.00000, 53.000000, 66.000000, 70.989807, 79.270157, 11.576335, 15.843295, 16.810776
24.999998, 276.00000, 53.000000, 66.000008, 70.998199, 79.280403, 11.576337, 15.843295, 16.810776
25.000000, 276.00000, 53.000000, 66.000000, 71.006607, 79.290619, 11.576339, 15.843294, 16.810776
24.999998, 276.00000, 52.999996, 66.000000, 71.015045, 79.300835, 11.576341, 15.843295, 16.810776
25.000002, 276.00000, 53.000000, 66.000000, 71.023491, 79.311012, 11.576339, 15.843294, 16.810776
25.000000, 276.00003, 53.000000, 66.000000, 71.031937, 79.321190, 11.576340, 15.843294, 16.810776
24.999998, 276.00003, 53.000000, 66.000000, 71.040375, 79.331329, 11.576340, 15.843295, 16.810776
25.000002, 276.00000, 53.000004, 65.999992, 71.048820, 79.341499, 11.576342, 15.843295, 16.810776
24.999998, 276.00003, 52.999996, 66.000000, 71.057274, 79.351669, 11.576340, 15.843296, 16.810776
25.000000, 276.00003, 53.000004, 66.000008, 71.065727, 79.361801, 11.576345, 15.843296, 16.810776
25.000002, 276.00003, 53.000000, 66.000000, 71.074196, 79.371941, 11.576347, 15.843296, 16.810776
25.000002, 276.00000, 53.000000, 66.000000, 71.082642, 79.382019, 11.576347, 15.843295, 16.810776
24.999998, 275.99997, 53.000000, 66.000000, 71.090660, 79.391533, 11.576348, 15.843295, 16.810776
24.999998, 276.00000, 53.000000, 66.000000, 71.098709, 79.401115, 11.576348, 15.843294, 16.810776
25.000004, 275.99997, 53.000000, 66.000000, 71.107155, 79.411179, 11.576348, 15.843295, 16.810776
25.000000, 276.00003, 53.000000, 66.000000, 71.115593, 79.421204, 11.576345, 15.843295, 16.810776
24.999998, 276.00003, 53.000004, 65.999992, 71.124046, 79.431206, 11.576347, 15.843295, 16.810776
24.999996, 276.00000, 53.000004, 66.000008, 71.132477, 79.441216, 11.576344, 15.843296, 16.810776
25.000002, 276.00000, 53.000004, 66.000000, 71.140953, 79.451187, 11.576344, 15.843296, 16.810776
24.999998, 276.00000, 53.000000, 66.000000, 71.149399, 79.461136, 11.576343, 15.843296, 16.810776
24.999998, 276.00000, 53.000000, 66.000000, 71.157875, 79.471069, 11.576343, 15.843296, 16.810776
24.999998, 276.00000, 53.000008, 66.000000, 71.166351, 79.480980, 11.576342, 15.843297, 16.810776
24.999998, 276.00000, 53.000004, 66.000000, 71.174835, 79.490883, 11.576343, 15.843297, 16.810776
25.000004, 276.00000, 52.999996, 66.000000, 71.183334, 79.500778, 11.576342, 15.843297, 16.810776
25.000000, 276.00000, 53.000004, 66.000000, 71.191803, 79.510651, 11.576341, 15.843296, 16.810776
25.000000, 276.00000, 52.999992, 66.000000, 71.200264, 79.520508, 11.576345, 15.843296, 16.810776
25.000000, 276.00000, 53.000000, 66.000000, 71.208717, 79.530373, 11.576350, 15.843297, 16.810776
25.000002, 275.99997, 52.999992, 66.000008, 71.217056, 79.540085, 11.576358, 15.843297, 16.810776
25.000000, 276.00000, 53.000004, 66.000000, 71.225288, 79.549675, 11.576357, 15.843297, 16.810776
25.000000, 276.00000, 52.999996, 66.000000, 71.233162, 79.558792, 11.576355, 15.843297, 16.810776
25.000000, 276.00000, 53.000004, 66.000000, 71.238998, 79.565109, 11.576352, 15.843297, 16.810776
24.999998, 275.99997, 52.999996, 66.000000, 71.241829, 79.567421, 11.576343, 15.843297, 16.810776
25.000002, 276.00000, 53.000000, 66.000000, 71.241776, 79.565773, 11.576339, 15.843297, 16.810776
25.000002, 276.00000, 53.000000, 66.000000, 71.245514, 79.569359, 11.576341, 15.843297, 16.810776
25.000000, 276.00000, 53.000000, 65.999992, 71.253731, 79.579025, 11.576341, 15.843297, 16.810776
25.000000, 276.00000, 53.000004, 66.000000, 71.259621, 79.585571, 11.576337, 15.843297, 16.810776
25.000002, 276.00003, 53.000004, 66.000000, 71.260963, 79.585838, 11.576332, 15.843297, 16.810776
24.999998, 276.00000, 53.000000, 66.000000, 71.258018, 79.580292, 11.576327, 15.843296, 16.810776
25.000004, 276.00000, 53.000008, 66.000008, 71.251831, 79.570381, 11.576326, 15.843296, 16.810776
25.000000, 276.00000, 53.000000, 66.000000, 71.243027, 79.556946, 11.576324, 15.843296, 16.810776
25.000000, 276.00003, 53.000000, 65.999992, 71.231842, 79.540329, 11.576322, 15.843296, 16.810776
25.000000, 276.00000, 53.000000, 66.000000, 71.218445, 79.520744, 11.576317, 15.843296, 16.810776
25.000000, 276.00000, 53.000000, 66.000000, 71.203651, 79.499329, 11.576318, 15.843295, 16.810776
25.000000, 276.00000, 53.000000, 66.000008, 71.188255, 79.477119, 11.576320, 15.843295, 16.810776
25.000000, 275.99997, 52.999996, 66.000000, 71.172356, 79.454262, 11.576325, 15.843295, 16.810776
24.999998, 276.00003, 53.000004, 65.999992, 71.155800, 79.430580, 11.576318, 15.843295, 16.810776
24.999998, 276.00003, 53.000000, 65.999992, 71.138588, 79.406044, 11.576315, 15.843295, 16.810776
24.999998, 276.00003, 53.000000, 65.999992, 71.142708, 79.410698, 11.576316, 15.843296, 16.810776
25.000000, 276.00003, 53.000000, 66.000000, 71.151260, 79.421242, 11.576319, 15.843296, 16.810776
24.999998, 276.00000, 53.000000, 65.999992, 71.159897, 79.431725, 11.576321, 15.843296, 16.810776
25.000002, 276.00003, 52.999996, 66.000000, 71.168564, 79.442184, 11.576320, 15.843296, 16.810776
25.000002, 276.00000, 53.000004, 66.000000, 71.177254, 79.452629, 11.576319, 15.843295, 16.810776
25.000002, 276.00003, 53.000004, 66.000000, 71.185959, 79.463074, 11.576317, 15.843295, 16.810776
25.000000, 276.00003, 53.000004, 66.000000, 71.194687, 79.473503, 11.576317, 15.843295, 16.810776
25.000002, 276.00000, 53.000004, 65.999992, 71.203384, 79.483879, 11.576320, 15.843295, 16.810776
24.999998, 276.00003, 53.000000, 66.000000, 71.212082, 79.494247, 11.576320, 15.843295, 16.810776
25.000000, 276.00003, 53.000000, 66.000000, 71.220818, 79.504601, 11.576315, 15.843296, 16.810776
25.000002, 276.00000, 52.999996, 66.000000, 71.229546, 79.514915, 11.576318, 15.843296, 16.810776
25.000000, 276.00000, 53.000004, 66.000000, 71.238289, 79.525185, 11.576320, 15.843296, 16.810776
25.000000, 276.00003, 53.000000, 66.000000, 71.247055, 79.535500, 11.576320, 15.843296, 16.810776
25.000002, 276.00003, 53.000000, 66.000000, 71.255814, 79.545807, 11.576321, 15.843296, 16.810776
25.000000, 276.00000, 52.999992, 66.000000, 71.264595, 79.556107, 11.576320, 15.843296, 16.810776
24.999998, 276.00000, 53.000000, 66.000000, 71.273407, 79.566360, 11.576317, 15.843296, 16.810776
24.999998, 276.00000, 53.000000, 66.000008, 71.282227, 79.576591, 11.576315, 15.843296, 16.810776
24.999998, 276.00003, 52.999996, 66.000000, 71.291046, 79.586807, 11.576316, 15.843296, 16.810776
25.000002, 276.00000, 52.999996, 66.000000, 71.299789, 79.596916, 11.576314, 15.843296, 16.810776
24.999998, 276.00000, 53.000004, 66.000008, 71.308624, 79.607079, 11.576314, 15.843296, 16.810776
25.000000, 276.00003, 52.999996, 66.000000, 71.317467, 79.617249, 11.576315, 15.843296, 16.810776
25.000004, 276.00003, 53.000000, 66.000008, 71.326332, 79.627434, 11.576314, 15.843295, 16.810776
25.000002, 276.00000, 52.999996, 66.000000, 71.335175, 79.637596, 11.576313, 15.843295, 16.810776
25.000002, 276.00003, 53.000008, 66.000000, 71.344048, 79.647751, 11.576311, 15.843297, 16.810776
24.999998, 276.00003, 53.000000, 65.999992, 71.352921, 79.657890, 11.576311, 15.843297, 16.810776
25.000002, 276.00003, 53.000000, 66.000000, 71.361801, 79.668022, 11.576310, 15.843296, 16.810776
25.000000, 276.00003, 53.000004, 66.000000, 71.370674, 79.678154, 11.576312, 15.843296, 16.810776
25.000000, 276.00000, 53.000000, 66.000000, 71.379547, 79.688271, 11.576311, 15.843296, 16.810776
24.999998, 276.00003, 53.000004, 66.000000, 71.388412, 79.698364, 11.576311, 15.843296, 16.810776
25.000000, 276.00003, 53.000004, 66.000000, 71.397263, 79.708458, 11.576309, 15.843296, 16.810776
25.000002, 276.00003, 53.000000, 66.000000, 71.406105, 79.718529, 11.576309, 15.843296, 16.810776
25.000004, 276.00000, 52.999996, 65.999992, 71.414917, 79.728539, 11.576307, 15.843296, 16.810776
25.000000, 276.00006, 52.999996, 66.000000, 71.423561, 79.738388, 11.576305, 15.843296, 16.810776
25.000000, 276.00000, 53.000004, 66.000000, 71.431564, 79.747406, 11.576307, 15.843296, 16.810776
25.000000, 276.00000, 53.000000, 66.000000, 71.438141, 79.754494, 11.576306, 15.843296, 16.810776
24.999996, 276.00003, 53.000000, 66.000000, 71.444962, 79.761963, 11.576308, 15.843296, 16.810776
25.000002, 276.00000, 52.999996, 65.999992, 71.453659, 79.771996, 11.576309, 15.843295, 16.810776
25.000000, 276.00000, 52.999996, 65.999992, 71.462097, 79.781654, 11.576312, 15.843295, 16.810776
25.000002, 276.00003, 52.999996, 66.000000, 71.470795, 79.791626, 11.576310, 15.843295, 16.810776
25.000000, 276.00000, 53.000000, 66.000000, 71.479424, 79.801537, 11.576308, 15.843295, 16.810776
25.000000, 276.00000, 53.000004, 66.000000, 71.487137, 79.810196, 11.576311, 15.843295, 16.810776
24.999998, 276.00003, 52.999992, 66.000000, 71.492661, 79.815948, 11.576309, 15.843295, 16.810776
24.999998, 276.00003, 52.999996, 66.000000, 71.494881, 79.817261, 11.576310, 15.843295, 16.810776
25.000000, 276.00000, 53.000008, 66.000008, 71.493843, 79.814171, 11.576312, 15.843295, 16.810776
25.000000, 276.00000, 52.999996, 66.000000, 71.490105, 79.807533, 11.576314, 15.843295, 16.810776
25.000000, 276.00000, 53.000004, 66.000008, 71.483826, 79.797516, 11.576314, 15.843295, 16.810776
25.000000, 276.00000, 52.999996, 66.000000, 71.475052, 79.784119, 11.576314, 15.843295, 16.810776
25.000000, 276.00000, 53.000000, 66.000000, 71.480148, 79.789574, 11.576312, 15.843295, 16.810776
25.000002, 276.00003, 53.000000, 66.000000, 71.486588, 79.796875, 11.576314, 15.843294, 16.810776
24.999998, 276.00000, 53.000000, 66.000000, 71.494492, 79.806160, 11.576314, 15.843294, 16.810776
24.999998, 276.00000, 53.000000, 66.000008, 71.499481, 79.811493, 11.576313, 15.843294, 16.810776
25.000002, 276.00003, 53.000000, 66.000000, 71.499786, 79.810547, 11.576312, 15.843294, 16.810776
25.000000, 276.00000, 52.999996, 66.000000, 71.496101, 79.804222, 11.576314, 15.843294, 16.810776
24.999996, 276.00003, 52.999996, 66.000000, 71.483727, 79.786163, 11.576314, 15.843294, 16.810776
25.000002, 276.00003, 53.000000, 66.000000, 71.467583, 79.763054, 11.576316, 15.843294, 16.810776
25.000000, 276.00006, 53.000000, 66.000000, 71.450630, 79.738907, 11.576315, 15.843294, 16.810776
25.000000, 275.99997, 53.000000, 66.000000, 71.433319, 79.714363, 11.576312, 15.843294, 16.810776
25.000002, 276.00000, 53.000000, 66.000000, 71.432442, 79.712128, 11.576313, 15.843294, 16.810776
25.000000, 276.00003, 52.999996, 66.000000, 71.441040, 79.722633, 11.576312, 15.843294, 16.810776
24.999998, 276.00003, 53.000000, 66.000000, 71.449623, 79.732994, 11.576311, 15.843294, 16.810776
25.000000, 275.99997, 52.999996, 66.000008, 71.458321, 79.743454, 11.576311, 15.843294, 16.810776
25.000002, 276.00000, 53.000000, 66.000000, 71.467026, 79.753891, 11.576313, 15.843293, 16.810776
25.000000, 276.00003, 53.000000, 66.000000, 71.475624, 79.764214, 11.576315, 15.843293, 16.810776
25.000000, 276.00000, 53.000000, 66.000000, 71.484322, 79.774643, 11.576313, 15.843293, 16.810776
25.000000, 276.00000, 53.000004, 66.000000, 71.492966, 79.785019, 11.576314, 15.843295, 16.810776
24.999998, 276.00000, 53.000000, 66.000000, 71.501610, 79.795380, 11.576311, 15.843296, 16.810776
25.000002, 276.00000, 53.000004, 66.000000, 71.509972, 79.805328, 11.576311, 15.843296, 16.810776
25.000000, 276.00000, 53.000000, 66.000000, 71.518471, 79.815453, 11.576307, 15.843296, 16.810776
25.000004, 276.00003, 53.000000, 65.999992, 71.525993, 79.824234, 11.576303, 15.843295, 16.810776
25.000000, 276.00003, 53.000004, 66.000000, 71.532776, 79.832016, 11.576305, 15.843295, 16.810776
25.000002, 275.99997, 53.000000, 66.000000, 71.538757, 79.838730, 11.576303, 15.843295, 16.810776
25.000000, 276.00003, 53.000004, 65.999992, 71.545074, 79.845932, 11.576305, 15.843295, 16.810776
25.000002, 276.00000, 53.000004, 66.000000, 71.551865, 79.853775, 11.576303, 15.843295, 16.810776
25.000000, 276.00000, 52.999996, 66.000000, 71.557526, 79.860161, 11.576301, 15.843295, 16.810776
24.999998, 275.99997, 52.999996, 66.000000, 71.561539, 79.864342, 11.576300, 15.843295, 16.810776
24.999998, 276.00000, 52.999996, 65.999992, 71.563148, 79.865326, 11.576299, 15.843295, 16.810776
25.000002, 276.00003, 52.999996, 66.000008, 71.563919, 79.865173, 11.576301, 15.843295, 16.810776
25.000000, 276.00003, 52.999996, 66.000000, 71.565826, 79.866623, 11.576299, 15.843295, 16.810776
25.000000, 276.00003, 53.000000, 66.000000, 71.564240, 79.863373, 11.576298, 15.843295, 16.810776
25.000002, 276.00000, 53.000000, 66.000000, 71.558968, 79.855156, 11.576297, 15.843295, 16.810776
24.999998, 276.00000, 52.999996, 66.000000, 71.551979, 79.844627, 11.576297, 15.843295, 16.810776
24.999998, 276.00000, 53.000000, 66.000000, 71.543991, 79.832787, 11.576296, 15.843295, 16.810776
25.000002, 276.00000, 53.000000, 66.000000, 71.534439, 79.818878, 11.576294, 15.843295, 16.810776
25.000000, 276.00003, 53.000000, 66.000000, 71.522926, 79.802383, 11.576292, 15.843295, 16.810776
25.000000, 276.00000, 53.000000, 66.000000, 71.509140, 79.782860, 11.576288, 15.843295, 16.810776
24.999998, 276.00000, 53.000000, 65.999992, 71.494125, 79.761696, 11.576289, 15.843294, 16.810776
25.000000, 276.00003, 53.000004, 66.000000, 71.478798, 79.740189, 11.576285, 15.843294, 16.810776
25.000000, 276.00003, 53.000000, 66.000000, 71.462914, 79.717987, 11.576288, 15.843294, 16.810776
24.999998, 275.99997, 53.000000, 66.000008, 71.446663, 79.695358, 11.576288, 15.843294, 16.810776
24.999998, 276.00000, 52.999996, 66.000008, 71.430260, 79.672554, 11.576286, 15.843294, 16.810776
25.000000, 275.99997, 52.999996, 66.000008, 71.413666, 79.649529, 11.576289, 15.843294, 16.810776
25.000000, 276.00000, 53.000000, 66.000000, 71.411362, 79.645935, 11.576290, 15.843294, 16.810776
25.000002, 276.00000, 53.000000, 66.000000, 71.416458, 79.652328, 11.576288, 15.843294, 16.810776
25.000002, 276.00000, 53.000000, 66.000000, 71.421562, 79.658585, 11.576288, 15.843294, 16.810776
25.000000, 276.00000, 53.000000, 66.000000, 71.425255, 79.662834, 11.576287, 15.843294, 16.810776
25.000002, 276.00000, 53.000000, 66.000000, 71.428375, 79.666229, 11.576289, 15.843294, 16.810776
25.000000, 276.00000, 53.000000, 66.000000, 71.433510, 79.672325, 11.576290, 15.843294, 16.810776
24.999998, 275.99997, 53.000004, 66.000000, 71.439468, 79.679550, 11.576289, 15.843294, 16.810776
25.000000, 276.00003, 52.999996, 66.000000, 71.446930, 79.688728, 11.576284, 15.843295, 16.810776
25.000000, 276.00000, 53.000004, 66.000000, 71.454437, 79.698021, 11.576283, 15.843295, 16.810776
25.000000, 275.99997, 53.000000, 66.000000, 71.461945, 79.707268, 11.576282, 15.843295, 16.810776
25.000002, 276.00000, 53.000000, 66.000000, 71.469521, 79.716614, 11.576282, 15.843295, 16.810776
25.000000, 276.00000, 53.000004, 66.000000, 71.476997, 79.725800, 11.576283, 15.843295, 16.810776
25.000000, 276.00003, 53.000004, 66.000000, 71.485191, 79.735985, 11.576284, 15.843295, 16.810776
25.000000, 276.00000, 53.000004, 66.000000, 71.493340, 79.746040, 11.576284, 15.843295, 16.810776
24.999998, 276.00000, 52.999996, 66.000000, 71.501389, 79.756004, 11.576283, 15.843295, 16.810776
25.000000, 276.00003, 52.999996, 66.000000, 71.509422, 79.765930, 11.576285, 15.843295, 16.810776
25.000000, 276.00003, 53.000000, 66.000000, 71.517288, 79.775612, 11.576285, 15.843295, 16.810776
24.999998, 276.00000, 53.000004, 66.000000, 71.525276, 79.785484, 11.576283, 15.843296, 16.810776
25.000002, 276.00003, 53.000000, 66.000000, 71.533180, 79.795258, 11.576283, 15.843296, 16.810776
25.000000, 276.00003, 53.000000, 66.000000, 71.540962, 79.804825, 11.576283, 15.843296, 16.810776
25.000000, 276.00000, 53.000004, 66.000000, 71.548981, 79.814728, 11.576283, 15.843296, 16.810776
25.000000, 276.00000, 53.000004, 66.000000, 71.556473, 79.823891, 11.576285, 15.843295, 16.810776
25.000000, 276.00003, 53.000000, 65.999992, 71.562386, 79.830917, 11.576286, 15.843300, 16.810776
24.999998, 276.00000, 52.999996, 66.000000, 71.568329, 79.838020, 11.576289, 15.843300, 16.810776
25.000000, 276.00003, 52.999996, 66.000000, 71.574318, 79.845177, 11.576287, 15.843300, 16.810776
24.999998, 276.00003, 53.000000, 66.000000, 71.581863, 79.854439, 11.576286, 15.843300, 16.810776
25.000000, 276.00003, 52.999996, 66.000000, 71.590179, 79.864769, 11.576290, 15.843299, 16.810776
24.999998, 276.00003, 53.000000, 66.000008, 71.598587, 79.875198, 11.576291, 15.843299, 16.810776
25.000000, 276.00000, 53.000000, 66.000000, 71.602242, 79.879189, 11.576290, 15.843299, 16.810776
25.000002, 276.00000, 53.000000, 66.000000, 71.594025, 79.866982, 11.576292, 15.843299, 16.810776
25.000000, 276.00003, 53.000000, 66.000000, 71.581352, 79.848778, 11.576291, 15.843299, 16.810776
25.000000, 276.00000, 52.999996, 66.000000, 71.577782, 79.842941, 11.576288, 15.843299, 16.810776
24.999996, 276.00003, 52.999996, 66.000000, 71.578911, 79.843513, 11.576291, 15.843299, 16.810776
25.000002, 275.99997, 52.999996, 65.999992, 71.573730, 79.835487, 11.576292, 15.843299, 16.810776
24.999998, 276.00003, 52.999992, 66.000000, 71.565475, 79.823288, 11.576291, 15.843299, 16.810776
25.000002, 276.00000, 53.000000, 66.000000, 71.561920, 79.817497, 11.576289, 15.843299, 16.810776
25.000000, 276.00000, 53.000004, 66.000000, 71.561722, 79.816269, 11.576287, 15.843299, 16.810776
25.000000, 276.00000, 52.999996, 65.999992, 71.562553, 79.816444, 11.576283, 15.843299, 16.810776
25.000002, 276.00000, 52.999996, 66.000000, 71.562897, 79.815933, 11.576283, 15.843299, 16.810776
25.000002, 276.00000, 53.000000, 66.000000, 71.560921, 79.812279, 11.576285, 15.843299, 16.810776
25.000000, 276.00003, 52.999996, 66.000000, 71.558228, 79.807663, 11.576284, 15.843299, 16.810776
25.000002, 275.99994, 53.000004, 66.000000, 71.552071, 79.798325, 11.576283, 15.843299, 16.810776
25.000000, 276.00000, 53.000000, 65.999992, 71.548042, 79.791893, 11.576280, 15.843299, 16.810776
24.999998, 276.00000, 53.000000, 66.000000, 71.541084, 79.781517, 11.576282, 15.843299, 16.810776
25.000002, 276.00000, 53.000000, 66.000000, 71.536842, 79.774811, 11.576282, 15.843299, 16.810776
25.000002, 276.00003, 53.000004, 66.000008, 71.530861, 79.765694, 11.576281, 15.843299, 16.810776
25.000000, 275.99997, 53.000004, 66.000000, 71.521324, 79.751732, 11.576281, 15.843299, 16.810776
25.000000, 276.00003, 52.999996, 66.000000, 71.511314, 79.737129, 11.576278, 15.843299, 16.810776
25.000000, 275.99997, 53.000008, 65.999992, 71.505775, 79.728607, 11.576277, 15.843299, 16.810776
25.000000, 275.99997, 52.999996, 66.000000, 71.506104, 79.728134, 11.576277, 15.843299, 16.810776
25.000000, 276.00000, 53.000000, 66.000000, 71.502861, 79.722771, 11.576278, 15.843299, 16.810776
25.000000, 276.00003, 53.000000, 66.000000, 71.500397, 79.718452, 11.576275, 15.843299, 16.810776
25.000000, 276.00003, 53.000004, 66.000000, 71.496887, 79.712746, 11.576274, 15.843299, 16.810776
24.999998, 276.00003, 53.000004, 66.000000, 71.491776, 79.704880, 11.576275, 15.843299, 16.810776
24.999998, 276.00000, 53.000000, 66.000008, 71.486282, 79.696510, 11.576274, 15.843299, 16.810776
25.000000, 276.00000, 53.000000, 66.000000, 71.482124, 79.689987, 11.576273, 15.843299, 16.810776
25.000002, 276.00000, 53.000000, 66.000000, 71.478500, 79.684196, 11.576276, 15.843299, 16.810776
25.000000, 276.00000, 53.000004, 66.000000, 71.472908, 79.675819, 11.576273, 15.843299, 16.810776
24.999998, 276.00003, 53.000004, 66.000000, 71.462646, 79.661018, 11.576268, 15.843299, 16.810776
25.000000, 276.00003, 52.999996, 66.000000, 71.450310, 79.643417, 11.576272, 15.843299, 16.810776
25.000000, 275.99997, 53.000000, 66.000000, 71.438339, 79.626366, 11.576273, 15.843299, 16.810776
25.000000, 276.00000, 52.999996, 66.000008, 71.431267, 79.616058, 11.576270, 15.843299, 16.810776
24.999998, 276.00000, 53.000000, 65.999992, 71.422333, 79.603233, 11.576272, 15.843299, 16.810776
25.000000, 276.00000, 53.000004, 66.000000, 71.412933, 79.589783, 11.576276, 15.843299, 16.810776
25.000000, 276.00003, 53.000000, 65.999992, 71.405350, 79.578873, 11.576273, 15.843299, 16.810776
25.000000, 275.99997, 53.000004, 66.000000, 71.398376, 79.568832, 11.576271, 15.843299, 16.810776
25.000000, 276.00000, 53.000000, 65.999992, 71.390366, 79.557457, 11.576270, 15.843299, 16.810776
25.000000, 276.00000, 53.000004, 66.000000, 71.380928, 79.544174, 11.576268, 15.843299, 16.810776
25.000000, 276.00003, 52.999996, 66.000000, 71.373421, 79.533554, 11.576273, 15.843299, 16.810776
24.999998, 276.00000, 53.000004, 66.000000, 71.375008, 79.535393, 11.576271, 15.843299, 16.810776
25.000000, 276.00000, 53.000000, 66.000000, 71.376823, 79.537460, 11.576273, 15.843299, 16.810776
25.000000, 276.00000, 53.000008, 66.000008, 71.380585, 79.542145, 11.576275, 15.843299, 16.810776
25.000000, 276.00003, 53.000004, 66.000000, 71.387779, 79.551537, 11.576276, 15.843299, 16.810776
25.000000, 276.00000, 53.000000, 66.000000, 71.395416, 79.561554, 11.576274, 15.843299, 16.810776
25.000002, 276.00000, 53.000004, 66.000000, 71.393562, 79.558556, 11.576275, 15.843299, 16.810776
25.000000, 276.00000, 53.000000, 66.000008, 71.378181, 79.537033, 11.576280, 15.843299, 16.810776
24.999998, 276.00000, 52.999996, 66.000000, 71.363686, 79.516792, 11.576278, 15.843299, 16.810776
25.000000, 276.00003, 53.000000, 66.000000, 71.354080, 79.503296, 11.576282, 15.843299, 16.810776
25.000002, 276.00003, 53.000004, 66.000000, 71.347244, 79.493568, 11.576278, 15.843299, 16.810776
25.000002, 276.00000, 53.000000, 66.000000, 71.344933, 79.490082, 11.576274, 15.843299, 16.810776
25.000000, 276.00000, 52.999996, 66.000000, 71.346863, 79.492393, 11.576272, 15.843299, 16.810776
24.999998, 276.00003, 53.000000, 66.000000, 71.351288, 79.498108, 11.576276, 15.843299, 16.810776
25.000000, 276.00003, 53.000000, 66.000000, 71.355934, 79.504128, 11.576283, 15.843299, 16.810776
25.000002, 276.00000, 53.000000, 66.000008, 71.353378, 79.500305, 11.576281, 15.843299, 16.810776
24.999998, 276.00003, 53.000000, 65.999992, 71.342590, 79.485199, 11.576281, 15.843299, 16.810776
25.000000, 276.00000, 53.000000, 65.999992, 71.336456, 79.476601, 11.576283, 15.843299, 16.810776
25.000002, 276.00000, 53.000004, 65.999992, 71.331551, 79.469673, 11.576287, 15.843299, 16.810776
25.000000, 276.00000, 53.000000, 66.000000, 71.321770, 79.456100, 11.576291, 15.843299, 16.810776
25.000000, 276.00000, 53.000000, 66.000008, 71.308372, 79.437637, 11.576283, 15.843299, 16.810776
25.000000, 276.00003, 53.000000, 66.000008, 71.295563, 79.420036, 11.576278, 15.843299, 16.810776
25.000000, 276.00000, 52.999996, 65.999992, 71.288681, 79.410553, 11.576282, 15.843299, 16.810776
25.000000, 276.00000, 53.000000, 66.000000, 71.284660, 79.405045, 11.576275, 15.843299, 16.810776
25.000000, 276.00000, 53.000000, 66.000000, 71.280472, 79.399353, 11.576273, 15.843299, 16.810776
25.000000, 276.00000, 53.000000, 66.000000, 71.274651, 79.391479, 11.576274, 15.843299, 16.810776
24.999998, 276.00000, 53.000000, 66.000008, 71.275047, 79.392159, 11.576274, 15.843299, 16.810776
25.000000, 276.00000, 53.000004, 66.000000, 71.277122, 79.395164, 11.576277, 15.843299, 16.810776
25.000000, 276.00000, 52.999996, 66.000000, 71.279907, 79.399094, 11.576278, 15.843299, 16.810776
25.000002, 276.00000, 53.000004, 66.000008, 71.285851, 79.407318, 11.576278, 15.843299, 16.810776
25.000000, 276.00000, 53.000000, 65.999992, 71.291962, 79.415825, 11.576280, 15.843299, 16.810776
25.000000, 276.00000, 53.000000, 66.000000, 71.298019, 79.424248, 11.576276, 15.843299, 16.810776
25.000000, 276.00003, 53.000004, 65.999992, 71.303062, 79.431305, 11.576271, 15.843299, 16.810776
25.000000, 276.00003, 53.000000, 65.999992, 71.306770, 79.436546, 11.576268, 15.843299, 16.810776
25.000000, 276.00006, 53.000004, 66.000000, 71.309135, 79.439941, 11.576265, 15.843299, 16.810776
24.999998, 276.00003, 53.000000, 66.000008, 71.309715, 79.440918, 11.576265, 15.843299, 16.810776
25.000000, 276.00000, 53.000000, 66.000000, 71.300926, 79.428993, 11.576261, 15.843299, 16.810776
25.000000, 275.99997, 53.000000, 66.000008, 71.287064, 79.410179, 11.576261, 15.843299, 16.810776
25.000000, 276.00003, 53.000004, 66.000000, 71.271423, 79.389015, 11.576259, 15.843299, 16.810776
25.000000, 276.00000, 53.000000, 66.000000, 71.258553, 79.371635, 11.576254, 15.843299, 16.810776
25.000000, 276.00000, 53.000000, 66.000000, 71.245857, 79.354584, 11.576252, 15.843299, 16.810776
25.000000, 276.00003, 53.000004, 66.000000, 71.234360, 79.339195, 11.576249, 15.843299, 16.810776
24.999998, 276.00003, 53.000000, 66.000000, 71.220535, 79.320625, 11.576253, 15.843299, 16.810776
25.000000, 275.99997, 53.000000, 66.000000, 71.204964, 79.299744, 11.576257, 15.843299, 16.810776
25.000000, 276.00000, 53.000000, 66.000000, 71.186546, 79.275002, 11.576257, 15.843299, 16.810776
25.000000, 275.99997, 53.000004, 66.000000, 71.167641, 79.249641, 11.576255, 15.843299, 16.810776
25.000002, 276.00003, 53.000000, 66.000000, 71.149643, 79.225525, 11.576255, 15.843299, 16.810776
24.999998, 276.00000, 52.999996, 66.000000, 71.128029, 79.196510, 11.576256, 15.843299, 16.810776
25.000000, 276.00000, 52.999992, 66.000000, 71.104706, 79.165230, 11.576256, 15.843299, 16.810776
24.999998, 276.00000, 53.000000, 66.000000, 71.080879, 79.133240, 11.576257, 15.843299, 16.810776
25.000000, 276.00003, 52.999996, 65.999992, 71.058517, 79.103333, 11.576256, 15.843299, 16.810776
25.000000, 276.00000, 53.000000, 66.000000, 71.037003, 79.074623, 11.576259, 15.843299, 16.810776
25.000000, 276.00000, 53.000000, 66.000000, 71.017380, 79.048576, 11.576256, 15.843299, 16.810776
25.000000, 276.00003, 52.999996, 66.000000, 70.995720, 79.019768, 11.576257, 15.843299, 16.810776
25.000002, 276.00003, 53.000000, 66.000000, 70.974907, 78.992157, 11.576253, 15.843299, 16.810776
25.000004, 276.00000, 53.000000, 65.999992, 70.951736, 78.961380, 11.576253, 15.843299, 16.810776
25.000000, 276.00000, 53.000004, 66.000008, 70.927757, 78.929512, 11.576256, 15.843299, 16.810776
24.999998, 276.00000, 53.000000, 66.000000, 70.903206, 78.896912, 11.576259, 15.843299, 16.810776
25.000000, 276.00000, 53.000000, 66.000000, 70.879547, 78.865585, 11.576258, 15.843299, 16.810776
24.999996, 276.00003, 52.999996, 66.000000, 70.857338, 78.836357, 11.576258, 15.843299, 16.810776
25.000002, 276.00000, 52.999996, 66.000000, 70.834793, 78.806679, 11.576260, 15.843298, 16.810776
25.000004, 276.00000, 53.000000, 66.000000, 70.810768, 78.775017, 11.576261, 15.843298, 16.810776
25.000002, 275.99997, 53.000000, 65.999992, 70.787262, 78.744110, 11.576264, 15.843298, 16.810776
25.000000, 276.00003, 53.000004, 66.000000, 70.762283, 78.711205, 11.576267, 15.843298, 16.810776
25.000000, 276.00003, 53.000004, 66.000000, 70.736549, 78.677338, 11.576268, 15.843298, 16.810776
24.999998, 276.00003, 53.000000, 66.000000, 70.711960, 78.645088, 11.576270, 15.843298, 16.810776
25.000000, 276.00003, 53.000000, 66.000000, 70.687042, 78.612427, 11.576270, 15.843298, 16.810776
25.000002, 276.00003, 53.000004, 66.000000, 70.662476, 78.580330, 11.576267, 15.843298, 16.810776
25.000000, 276.00003, 52.999996, 66.000000, 70.638313, 78.548836, 11.576267, 15.843298, 16.810776
25.000000, 276.00003, 53.000000, 66.000000, 70.614204, 78.517441, 11.576264, 15.843298, 16.810776
24.999998, 276.00003, 53.000000, 65.999992, 70.590660, 78.486900, 11.576264, 15.843298, 16.810776
25.000000, 276.00003, 53.000004, 66.000000, 70.567657, 78.457146, 11.576265, 15.843298, 16.810776
25.000000, 276.00003, 52.999996, 66.000000, 70.545395, 78.428452, 11.576263, 15.843298, 16.810776
25.000002, 276.00003, 53.000004, 66.000000, 70.523277, 78.399994, 11.576262, 15.843298, 16.810776
25.000002, 276.00000, 52.999996, 66.000000, 70.501228, 78.371735, 11.576261, 15.843298, 16.810776
24.999998, 276.00003, 53.000000, 66.000008, 70.494789, 78.364868, 11.576260, 15.843298, 16.810776
25.000000, 276.00000, 53.000000, 66.000008, 70.495049, 78.366714, 11.576266, 15.843298, 16.810776
24.999998, 276.00003, 52.999996, 66.000000, 70.492844, 78.364967, 11.576270, 15.843299, 16.810776
25.000004, 275.99997, 53.000004, 66.000000, 70.491669, 78.364578, 11.576272, 15.843299, 16.810776
25.000000, 275.99997, 52.999996, 65.999992, 70.492142, 78.366463, 11.576269, 15.843299, 16.810776
24.999996, 276.00003, 52.999996, 66.000008, 70.494110, 78.370407, 11.576267, 15.843300, 16.810776
25.000002, 276.00000, 53.000000, 66.000000, 70.496437, 78.374809, 11.576264, 15.843300, 16.810776
25.000000, 276.00003, 52.999996, 66.000000, 70.500076, 78.381012, 11.576263, 15.843300, 16.810776
25.000000, 276.00003, 52.999996, 66.000000, 70.505806, 78.390015, 11.576262, 15.843301, 16.810776
25.000000, 276.00000, 53.000000, 66.000000, 70.511894, 78.399521, 11.576264, 15.843301, 16.810776
25.000002, 276.00000, 53.000000, 66.000000, 70.518723, 78.410027, 11.576262, 15.843301, 16.810776
24.999998, 276.00003, 52.999996, 66.000008, 70.525902, 78.420944, 11.576263, 15.843300, 16.810776
25.000000, 276.00003, 53.000000, 66.000000, 70.532639, 78.431175, 11.576263, 15.843299, 16.810776
25.000002, 276.00003, 52.999996, 66.000000, 70.536789, 78.437851, 11.576264, 15.843298, 16.810776
25.000002, 276.00000, 53.000000, 66.000000, 70.541664, 78.445511, 11.576263, 15.843299, 16.810776
24.999996, 276.00003, 52.999996, 66.000000, 70.544884, 78.450859, 11.576262, 15.843299, 16.810776
25.000004, 276.00003, 53.000004, 66.000008, 70.549431, 78.457954, 11.576260, 15.843299, 16.810776
25.000000, 276.00000, 52.999996, 66.000000, 70.556091, 78.467903, 11.576262, 15.843300, 16.810776
25.000000, 276.00000, 53.000000, 66.000000, 70.563026, 78.478203, 11.576263, 15.843300, 16.810776
25.000000, 276.00000, 53.000004, 65.999992, 70.570213, 78.488792, 11.576261, 15.843300, 16.810776
25.000000, 276.00000, 53.000000, 66.000000, 70.577278, 78.499229, 11.576262, 15.843301, 16.810776
25.000002, 275.99997, 53.000004, 66.000000, 70.584526, 78.509804, 11.576260, 15.843300, 16.810776
25.000000, 276.00000, 52.999996, 65.999992, 70.591347, 78.519775, 11.576262, 15.843298, 16.810776
25.000000, 276.00000, 53.000000, 65.999992, 70.598503, 78.530205, 11.576263, 15.843299, 16.810776
24.999998, 276.00003, 53.000004, 66.000000, 70.605980, 78.541000, 11.576262, 15.843297, 16.810776
25.000000, 276.00003, 52.999996, 65.999992, 70.613335, 78.551620, 11.576263, 15.843298, 16.810776
24.999998, 276.00000, 52.999996, 65.999992, 70.620705, 78.562187, 11.576261, 15.843297, 16.810776
25.000000, 276.00003, 53.000000, 66.000000, 70.628075, 78.572739, 11.576269, 15.843297, 16.810776
25.000004, 276.00000, 53.000000, 66.000000, 70.635384, 78.583176, 11.576269, 15.843297, 16.810776
25.000002, 276.00003, 53.000000, 65.999992, 70.642860, 78.593834, 11.576269, 15.843298, 16.810776
25.000000, 276.00003, 53.000000, 66.000008, 70.650215, 78.604256, 11.576268, 15.843298, 16.810776
25.000000, 276.00003, 53.000000, 66.000008, 70.654594, 78.610573, 11.576267, 15.843298, 16.810776
25.000000, 275.99997, 53.000000, 66.000000, 70.658707, 78.616478, 11.576266, 15.843297, 16.810776
25.000002, 276.00000, 53.000000, 66.000000, 70.664368, 78.624481, 11.576266, 15.843296, 16.810776
25.000000, 276.00000, 53.000004, 66.000000, 70.671669, 78.634613, 11.576265, 15.843296, 16.810776
25.000000, 276.00000, 53.000000, 66.000000, 70.679062, 78.644867, 11.576267, 15.843296, 16.810776
24.999998, 276.00000, 53.000000, 66.000000, 70.685394, 78.653633, 11.576267, 15.843296, 16.810776
24.999998, 276.00000, 53.000000, 66.000000, 70.692787, 78.663788, 11.576269, 15.843297, 16.810776
24.999998, 276.00000, 52.999996, 65.999992, 70.700195, 78.673859, 11.576271, 15.843297, 16.810776
24.999998, 276.00000, 53.000000, 66.000000, 70.707664, 78.684021, 11.576272, 15.843297, 16.810776
25.000000, 276.00003, 53.000004, 66.000000, 70.715477, 78.694611, 11.576276, 15.843297, 16.810776
25.000000, 275.99997, 53.000000, 66.000000, 70.723366, 78.705231, 11.576276, 15.843297, 16.810776
25.000002, 276.00000, 53.000000, 66.000000, 70.731239, 78.715836, 11.576272, 15.843296, 16.810776
24.999998, 276.00003, 53.000000, 65.999992, 70.738876, 78.726082, 11.576269, 15.843296, 16.810776
25.000002, 276.00000, 53.000004, 66.000000, 70.745399, 78.734810, 11.576270, 15.843292, 16.810776
25.000002, 276.00000, 53.000004, 66.000000, 70.752037, 78.743622, 11.576269, 15.843292, 16.810776
25.000000, 276.00003, 52.999996, 66.000000, 70.759254, 78.753197, 11.576266, 15.843292, 16.810776
24.999998, 276.00000, 52.999996, 66.000000, 70.766235, 78.762367, 11.576265, 15.843291, 16.810776
25.000002, 276.00000, 53.000000, 65.999992, 70.772049, 78.769890, 11.576264, 15.843291, 16.810776
25.000000, 276.00000, 53.000000, 65.999992, 70.778160, 78.777817, 11.576262, 15.843291, 16.810776
25.000000, 276.00000, 53.000000, 65.999992, 70.784485, 78.785965, 11.576262, 15.843291, 16.810776
25.000002, 276.00000, 53.000004, 66.000000, 70.791245, 78.794693, 11.576262, 15.843290, 16.810776
25.000000, 275.99997, 53.000000, 66.000000, 70.798988, 78.804695, 11.576262, 15.843289, 16.810776
25.000000, 276.00000, 53.000000, 65.999992, 70.807022, 78.815033, 11.576267, 15.843289, 16.810776
25.000000, 276.00000, 53.000000, 66.000000, 70.815079, 78.825363, 11.576268, 15.843289, 16.810776
25.000000, 276.00000, 52.999996, 66.000000, 70.823112, 78.835693, 11.576266, 15.843289, 16.810776
25.000000, 276.00000, 53.000000, 66.000000, 70.831192, 78.846031, 11.576267, 15.843289, 16.810776
25.000002, 276.00000, 53.000000, 66.000000, 70.839256, 78.856354, 11.576264, 15.843290, 16.810776
25.000000, 276.00000, 52.999996, 66.000000, 70.847275, 78.866600, 11.576262, 15.843290, 16.810776
25.000002, 276.00000, 53.000000, 66.000000, 70.854874, 78.876282, 11.576265, 15.843290, 16.810776
25.000000, 276.00003, 53.000000, 66.000000, 70.862938, 78.886520, 11.576267, 15.843290, 16.810776
24.999998, 276.00000, 53.000000, 66.000000, 70.871017, 78.896790, 11.576267, 15.843290, 16.810776
25.000000, 275.99997, 53.000000, 66.000008, 70.879120, 78.907013, 11.576268, 15.843290, 16.810776
24.999998, 276.00003, 53.000000, 66.000000, 70.887238, 78.917221, 11.576271, 15.843290, 16.810776
25.000000, 276.00000, 53.000008, 66.000000, 70.895302, 78.927376, 11.576270, 15.843290, 16.810776
25.000000, 275.99997, 53.000000, 66.000000, 70.902847, 78.936913, 11.576263, 15.843290, 16.810776
25.000000, 276.00000, 53.000000, 66.000000, 70.907928, 78.943054, 11.576262, 15.843290, 16.810776
24.999998, 276.00000, 53.000000, 66.000000, 70.908226, 78.942696, 11.576262, 15.843290, 16.810776
25.000002, 276.00000, 53.000004, 66.000008, 70.913383, 78.948997, 11.576261, 15.843290, 16.810776
25.000000, 276.00000, 53.000000, 66.000000, 70.921478, 78.959183, 11.576262, 15.843290, 16.810776
24.999998, 275.99997, 53.000000, 65.999992, 70.929535, 78.969322, 11.576262, 15.843290, 16.810776
24.999998, 276.00000, 53.000000, 66.000000, 70.937546, 78.979401, 11.576267, 15.843290, 16.810776
25.000002, 276.00003, 53.000000, 66.000000, 70.945641, 78.989540, 11.576270, 15.843290, 16.810776
25.000000, 276.00003, 52.999992, 66.000000, 70.953773, 78.999634, 11.576272, 15.843290, 16.810776
25.000002, 276.00003, 53.000000, 66.000000, 70.961945, 79.009705, 11.576275, 15.843290, 16.810776
25.000000, 276.00000, 52.999996, 66.000000, 70.970123, 79.019737, 11.576274, 15.843290, 16.810776
24.999998, 276.00000, 52.999996, 66.000000, 70.978302, 79.029762, 11.576279, 15.843290, 16.810776
25.000000, 276.00003, 53.000000, 66.000000, 70.986526, 79.039757, 11.576281, 15.843290, 16.810776
24.999998, 276.00000, 53.000000, 66.000000, 70.994774, 79.049736, 11.576282, 15.843290, 16.810776
25.000002, 276.00003, 52.999996, 66.000000, 71.002991, 79.059700, 11.576282, 15.843290, 16.810776
24.999998, 276.00000, 53.000000, 66.000000, 71.011200, 79.069633, 11.576283, 15.843290, 16.810776
25.000000, 276.00000, 53.000008, 66.000000, 71.019394, 79.079559, 11.576283, 15.843290, 16.810776
25.000000, 276.00003, 52.999996, 66.000000, 71.027649, 79.089455, 11.576281, 15.843290, 16.810776
25.000000, 276.00000, 53.000000, 65.999992, 71.035904, 79.099319, 11.576280, 15.843290, 16.810776
25.000000, 276.00000, 53.000000, 66.000008, 71.044167, 79.109154, 11.576283, 15.843290, 16.810776
25.000000, 276.00000, 52.999996, 66.000000, 71.052460, 79.118958, 11.576283, 15.843290, 16.810776
25.000000, 275.99997, 52.999996, 66.000000, 71.060768, 79.128731, 11.576284, 15.843290, 16.810776
24.999998, 276.00000, 53.000004, 66.000000, 71.069077, 79.138481, 11.576281, 15.843290, 16.810776
25.000000, 276.00000, 52.999996, 65.999992, 71.077415, 79.148201, 11.576280, 15.843290, 16.810776
24.999998, 276.00000, 52.999996, 66.000000, 71.085739, 79.157906, 11.576282, 15.843290, 16.810776
25.000000, 276.00000, 52.999996, 66.000000, 71.094048, 79.167595, 11.576283, 15.843290, 16.810776
25.000002, 276.00000, 52.999996, 66.000000, 71.102386, 79.177246, 11.576282, 15.843290, 16.810776
25.000000, 276.00000, 53.000000, 66.000000, 71.110764, 79.186890, 11.576283, 15.843290, 16.810776
25.000000, 276.00000, 53.000004, 66.000000, 71.119133, 79.196518, 11.576282, 15.843290, 16.810776
25.000002, 275.99997, 52.999992, 66.000000, 71.127502, 79.206108, 11.576282, 15.843290, 16.810776
24.999998, 276.00000, 53.000000, 66.000008, 71.135887, 79.215652, 11.576279, 15.843289, 16.810776
24.999998, 276.00000, 52.999996, 65.999992, 71.144302, 79.225174, 11.576279, 15.843289, 16.810776
24.999998, 276.00003, 53.000000, 66.000000, 71.152733, 79.234688, 11.576281, 15.843289, 16.810776
25.000000, 276.00003, 53.000000, 65.999992, 71.161140, 79.244202, 11.576283, 15.843289, 16.810776
25.000002, 276.00000, 53.000008, 66.000000, 71.169556, 79.253708, 11.576284, 15.843290, 16.810776
25.000000, 276.00000, 53.000000, 66.000008, 71.177971, 79.263168, 11.576285, 15.843290, 16.810776
25.000000, 276.00003, 52.999996, 66.000000, 71.186409, 79.272591, 11.576285, 15.843290, 16.810776
25.000000, 275.99997, 53.000000, 65.999992, 71.194847, 79.281982, 11.576285, 15.843291, 16.810776
25.000000, 276.00000, 52.999996, 66.000000, 71.203278, 79.291405, 11.576283, 15.843291, 16.810776
24.999998, 276.00000, 53.000004, 66.000000, 71.211708, 79.300774, 11.576283, 15.843291, 16.810776
25.000002, 276.00000, 53.000000, 66.000000, 71.220131, 79.310127, 11.576283, 15.843290, 16.810776
24.999998, 276.00003, 53.000000, 66.000008, 71.228508, 79.319458, 11.576283, 15.843290, 16.810776
25.000000, 276.00000, 53.000000, 66.000000, 71.236687, 79.328514, 11.576283, 15.843290, 16.810776
25.000002, 276.00000, 53.000004, 66.000000, 71.243744, 79.336128, 11.576283, 15.843290, 16.810776
25.000000, 276.00000, 53.000000, 65.999992, 71.247704, 79.339561, 11.576283, 15.843290, 16.810776
25.000000, 276.00000, 52.999996, 66.000000, 71.246559, 79.336151, 11.576283, 15.843290, 16.810776
25.000002, 276.00000, 52.999996, 66.000000, 71.241219, 79.327042, 11.576283, 15.843290, 16.810776
24.999998, 276.00000, 53.000004, 66.000000, 71.232025, 79.312798, 11.576282, 15.843290, 16.810776
24.999998, 276.00000, 53.000000, 66.000000, 71.237556, 79.318520, 11.576281, 15.843290, 16.810776
24.999996, 276.00000, 53.000000, 65.999992, 71.245880, 79.327972, 11.576281, 15.843290, 16.810776
24.999998, 276.00000, 52.999996, 66.000000, 71.254250, 79.337387, 11.576281, 15.843289, 16.810776
24.999998, 275.99997, 53.000000, 66.000000, 71.262642, 79.346733, 11.576279, 15.843289, 16.810776
25.000000, 276.00000, 52.999992, 65.999992, 71.271027, 79.356056, 11.576279, 15.843289, 16.810776
25.000002, 276.00006, 53.000000, 65.999992, 71.279427, 79.365395, 11.576283, 15.843288, 16.810776
25.000000, 275.99997, 53.000004, 66.000008, 71.287827, 79.374710, 11.576287, 15.843288, 16.810776
25.000000, 276.00000, 53.000000, 66.000000, 71.296196, 79.384010, 11.576284, 15.843289, 16.810776
24.999998, 276.00000, 53.000004, 66.000000, 71.304543, 79.393288, 11.576285, 15.843289, 16.810776
25.000002, 276.00003, 52.999996, 66.000000, 71.312630, 79.402260, 11.576285, 15.843289, 16.810776
24.999998, 276.00000, 52.999996, 66.000000, 71.319664, 79.409790, 11.576285, 15.843289, 16.810776
25.000000, 276.00000, 52.999996, 65.999992, 71.324089, 79.413879, 11.576286, 15.843289, 16.810776
25.000000, 276.00000, 52.999996, 66.000000, 71.324158, 79.412071, 11.576287, 15.843289, 16.810776
25.000002, 276.00000, 53.000000, 66.000000, 71.320450, 79.405235, 11.576291, 15.843289, 16.810776
25.000000, 276.00000, 52.999996, 66.000000, 71.327583, 79.413071, 11.576292, 15.843288, 16.810776
25.000002, 276.00003, 53.000008, 66.000000, 71.335869, 79.422340, 11.576292, 15.843288, 16.810776
25.000000, 276.00000, 52.999996, 66.000000, 71.344185, 79.431587, 11.576295, 15.843288, 16.810776
25.000002, 276.00003, 53.000000, 66.000000, 71.352501, 79.440811, 11.576296, 15.843287, 16.810776
25.000002, 276.00000, 52.999996, 66.000000, 71.360809, 79.450035, 11.576297, 15.843287, 16.810776
25.000000, 276.00000, 53.000004, 66.000000, 71.369102, 79.459244, 11.576299, 15.843287, 16.810776
25.000000, 276.00000, 53.000000, 65.999992, 71.377350, 79.468391, 11.576299, 15.843287, 16.810776
25.000000, 275.99997, 53.000004, 65.999992, 71.385376, 79.477280, 11.576296, 15.843287, 16.810776
25.000000, 276.00003, 53.000004, 65.999992, 71.392761, 79.485321, 11.576297, 15.843287, 16.810776
25.000002, 276.00003, 53.000000, 66.000000, 71.399284, 79.492256, 11.576298, 15.843289, 16.810776
25.000000, 276.00000, 53.000000, 66.000000, 71.403038, 79.495483, 11.576297, 15.843290, 16.810776
25.000004, 276.00000, 53.000004, 65.999992, 71.403458, 79.494225, 11.576298, 15.843290, 16.810776
25.000000, 276.00000, 53.000004, 66.000000, 71.401558, 79.489845, 11.576302, 15.843291, 16.810776
24.999998, 276.00000, 53.000000, 66.000000, 71.400864, 79.487167, 11.576302, 15.843292, 16.810776
25.000000, 276.00000, 53.000000, 66.000000, 71.407501, 79.494431, 11.576304, 15.843292, 16.810776
24.999998, 276.00003, 53.000000, 66.000000, 71.413963, 79.501389, 11.576306, 15.843292, 16.810776
25.000002, 276.00003, 53.000000, 66.000000, 71.421425, 79.509743, 11.576307, 15.843292, 16.810776
24.999998, 276.00000, 52.999996, 66.000000, 71.428848, 79.518013, 11.576305, 15.843292, 16.810776
25.000002, 276.00000, 52.999996, 66.000000, 71.435173, 79.524780, 11.576304, 15.843292, 16.810776
24.999998, 276.00000, 53.000000, 65.999992, 71.441208, 79.531212, 11.576302, 15.843292, 16.810776
25.000000, 276.00000, 53.000000, 66.000008, 71.444084, 79.533394, 11.576302, 15.843292, 16.810776
24.999998, 276.00000, 53.000000, 66.000000, 71.448036, 79.536964, 11.576300, 15.843293, 16.810776
25.000002, 276.00000, 52.999996, 66.000000, 71.455978, 79.545944, 11.576298, 15.843293, 16.810776
25.000000, 276.00003, 53.000004, 66.000000, 71.463287, 79.554047, 11.576299, 15.843293, 16.810776
25.000000, 276.00003, 53.000000, 66.000008, 71.468758, 79.559685, 11.576298, 15.843294, 16.810776
25.000000, 276.00000, 53.000004, 66.000008, 71.476822, 79.568764, 11.576300, 15.843293, 16.810776
25.000000, 276.00000, 53.000004, 66.000000, 71.484901, 79.577820, 11.576300, 15.843293, 16.810776
24.999998, 276.00000, 52.999996, 66.000000, 71.492989, 79.586823, 11.576300, 15.843294, 16.810776
24.999998, 276.00000, 53.000004, 66.000008, 71.501083, 79.595818, 11.576301, 15.843294, 16.810776
25.000000, 276.00000, 53.000004, 66.000000, 71.509186, 79.604774, 11.576299, 15.843293, 16.810776
24.999998, 276.00000, 53.000000, 66.000000, 71.517250, 79.613647, 11.576303, 15.843293, 16.810776
25.000002, 276.00003, 52.999996, 66.000000, 71.525330, 79.622551, 11.576303, 15.843292, 16.810776
24.999998, 276.00000, 52.999996, 66.000000, 71.533401, 79.631432, 11.576303, 15.843293, 16.810776
25.000002, 276.00000, 53.000004, 66.000008, 71.541489, 79.640297, 11.576303, 15.843293, 16.810776
25.000000, 276.00003, 53.000000, 66.000000, 71.549507, 79.649025, 11.576303, 15.843293, 16.810776
25.000002, 276.00003, 53.000000, 66.000000, 71.557594, 79.657829, 11.576300, 15.843294, 16.810776
25.000002, 276.00000, 52.999992, 65.999992, 71.565666, 79.666603, 11.576301, 15.843293, 16.810776
24.999998, 276.00000, 53.000004, 66.000000, 71.573738, 79.675354, 11.576302, 15.843293, 16.810776
25.000000, 276.00000, 52.999996, 66.000000, 71.581795, 79.684105, 11.576304, 15.843294, 16.810776
25.000000, 276.00000, 52.999996, 66.000008, 71.589851, 79.692841, 11.576303, 15.843295, 16.810776
25.000002, 276.00003, 52.999996, 66.000008, 71.597801, 79.701416, 11.576302, 15.843294, 16.810776
25.000000, 276.00000, 53.000000, 66.000000, 71.605812, 79.710037, 11.576298, 15.843294, 16.810776
25.000002, 276.00000, 53.000004, 65.999992, 71.613777, 79.718575, 11.576298, 15.843295, 16.810776
25.000000, 276.00000, 53.000000, 66.000000, 71.621758, 79.727150, 11.576300, 15.843294, 16.810776
24.999998, 276.00000, 53.000004, 66.000000, 71.629753, 79.735710, 11.576301, 15.843295, 16.810776
25.000000, 276.00000, 53.000000, 66.000000, 71.637741, 79.744278, 11.576301, 15.843295, 16.810776
25.000000, 276.00000, 53.000000, 65.999992, 71.645729, 79.752800, 11.576301, 15.843296, 16.810776
25.000000, 276.00000, 52.999996, 66.000000, 71.653679, 79.761261, 11.576300, 15.843295, 16.810776
25.000000, 276.00000, 53.000004, 66.000000, 71.661606, 79.769707, 11.576293, 15.843295, 16.810776
25.000002, 276.00000, 52.999996, 66.000008, 71.669548, 79.778152, 11.576295, 15.843294, 16.810776
25.000000, 276.00000, 53.000000, 66.000000, 71.677467, 79.786560, 11.576293, 15.843295, 16.810776
25.000000, 275.99997, 53.000000, 66.000008, 71.685364, 79.794968, 11.576293, 15.843294, 16.810776
24.999998, 276.00000, 53.000000, 66.000000, 71.693260, 79.803352, 11.576291, 15.843295, 16.810776
25.000000, 276.00000, 53.000000, 66.000000, 71.701149, 79.811745, 11.576293, 15.843295, 16.810776
25.000000, 276.00000, 52.999996, 66.000000, 71.709000, 79.820114, 11.576291, 15.843294, 16.810776
25.000002, 276.00000, 53.000000, 66.000008, 71.716858, 79.828445, 11.576294, 15.843298, 16.810776
25.000000, 276.00000, 53.000000, 65.999992, 71.724709, 79.836777, 11.576295, 15.843299, 16.810776
25.000000, 276.00000, 53.000004, 66.000008, 71.732506, 79.845093, 11.576297, 15.843298, 16.810776
24.999998, 276.00000, 53.000000, 65.999992, 71.740288, 79.853394, 11.576297, 15.843298, 16.810776
24.999998, 276.00000, 53.000000, 66.000000, 71.748062, 79.861687, 11.576299, 15.843297, 16.810776
24.999998, 276.00000, 53.000000, 66.000000, 71.755791, 79.869957, 11.576298, 15.843297, 16.810776
25.000000, 276.00000, 53.000000, 66.000000, 71.763481, 79.878166, 11.576300, 15.843297, 16.810776
24.999998, 276.00003, 52.999996, 66.000000, 71.770691, 79.885818, 11.576303, 15.843296, 16.810776
25.000000, 276.00003, 53.000004, 66.000008, 71.776711, 79.891876, 11.576300, 15.843296, 16.810776
24.999998, 276.00000, 53.000000, 66.000008, 71.781044, 79.895737, 11.576299, 15.843296, 16.810776
25.000002, 276.00000, 53.000000, 66.000000, 71.783089, 79.896538, 11.576301, 15.843296, 16.810776
25.000000, 275.99997, 53.000000, 65.999992, 71.782707, 79.894157, 11.576303, 15.843295, 16.810776
25.000002, 276.00000, 52.999992, 65.999992, 71.781563, 79.890724, 11.576302, 15.843295, 16.810776
24.999998, 276.00000, 52.999996, 65.999992, 71.776604, 79.882240, 11.576300, 15.843296, 16.810776
25.000000, 276.00003, 53.000004, 66.000000, 71.770813, 79.872658, 11.576302, 15.843296, 16.810776
24.999998, 276.00000, 52.999996, 66.000000, 71.765656, 79.863968, 11.576295, 15.843297, 16.810776
25.000000, 276.00000, 53.000000, 66.000000, 71.768250, 79.865791, 11.576295, 15.843297, 16.810776
25.000000, 276.00006, 52.999996, 65.999992, 71.774246, 79.872147, 11.576295, 15.843297, 16.810776
25.000002, 276.00000, 53.000000, 65.999992, 71.780724, 79.879120, 11.576294, 15.843296, 16.810776
25.000000, 276.00000, 53.000000, 66.000000, 71.787247, 79.886154, 11.576291, 15.843296, 16.810776
25.000002, 276.00003, 53.000000, 66.000000, 71.792557, 79.891563, 11.576295, 15.843297, 16.810776
25.000000, 276.00000, 53.000000, 65.999992, 71.793922, 79.891670, 11.576298, 15.843298, 16.810776
25.000002, 276.00000, 53.000000, 66.000000, 71.791321, 79.886459, 11.576300, 15.843299, 16.810776
25.000000, 276.00000, 52.999996, 66.000000, 71.785263, 79.876587, 11.576298, 15.843299, 16.810776
25.000000, 276.00000, 53.000000, 66.000000, 71.776764, 79.863480, 11.576295, 15.843299, 16.810776
24.999998, 276.00000, 53.000000, 66.000000, 71.774132, 79.858368, 11.576296, 15.843299, 16.810776
25.000000, 276.00000, 53.000000, 66.000000, 71.781235, 79.866348, 11.576294, 15.843299, 16.810776
24.999998, 276.00000, 53.000000, 66.000000, 71.787834, 79.873512, 11.576295, 15.843299, 16.810776
24.999998, 276.00000, 53.000008, 66.000000, 71.789459, 79.873932, 11.576294, 15.843298, 16.810776
24.999998, 276.00003, 53.000004, 66.000000, 71.791641, 79.875107, 11.576293, 15.843298, 16.810776
25.000000, 276.00000, 52.999996, 66.000000, 71.797165, 79.880760, 11.576294, 15.843299, 16.810776
25.000000, 276.00003, 53.000000, 65.999992, 71.804115, 79.888390, 11.576295, 15.843298, 16.810776
25.000000, 275.99997, 53.000000, 66.000008, 71.811188, 79.896179, 11.576297, 15.843298, 16.810776
24.999998, 276.00003, 53.000004, 66.000008, 71.818344, 79.904083, 11.576296, 15.843298, 16.810776
24.999998, 276.00003, 53.000000, 66.000000, 71.825417, 79.911850, 11.576291, 15.843297, 16.810776
25.000000, 276.00000, 53.000008, 66.000008, 71.832680, 79.919930, 11.576291, 15.843297, 16.810776
25.000002, 276.00000, 53.000004, 66.000000, 71.839729, 79.927704, 11.576292, 15.843297, 16.810776
25.000002, 276.00003, 52.999996, 66.000000, 71.846375, 79.934906, 11.576294, 15.843297, 16.810776
24.999998, 276.00003, 53.000000, 65.999992, 71.852547, 79.941444, 11.576297, 15.843296, 16.810776
25.000000, 276.00000, 53.000000, 65.999992, 71.858452, 79.947670, 11.576300, 15.843296, 16.810776
25.000000, 276.00003, 53.000004, 66.000000, 71.864578, 79.954224, 11.576301, 15.843298, 16.810776
25.000000, 276.00000, 52.999996, 66.000000, 71.871239, 79.961510, 11.576298, 15.843298, 16.810776
25.000000, 276.00000, 53.000004, 66.000000, 71.877846, 79.968704, 11.576299, 15.843298, 16.810776
25.000000, 276.00003, 52.999996, 66.000000, 71.883728, 79.974937, 11.576299, 15.843299, 16.810776
25.000000, 276.00003, 53.000004, 66.000008, 71.888695, 79.979988, 11.576295, 15.843299, 16.810776
25.000000, 276.00003, 53.000004, 66.000008, 71.891945, 79.982750, 11.576294, 15.843300, 16.810776
25.000002, 276.00003, 52.999996, 66.000000, 71.894562, 79.984680, 11.576294, 15.843300, 16.810776
25.000002, 276.00000, 53.000000, 66.000000, 71.896301, 79.985451, 11.576299, 15.843300, 16.810776
25.000000, 276.00000, 53.000004, 66.000000, 71.898453, 79.986816, 11.576299, 15.843300, 16.810776
24.999998, 276.00003, 53.000000, 65.999992, 71.905266, 79.994499, 11.576301, 15.843300, 16.810776
25.000002, 276.00000, 53.000000, 66.000000, 71.911224, 80.001007, 11.576301, 15.843299, 16.810776
25.000002, 276.00000, 53.000004, 66.000000, 71.912560, 80.001167, 11.576301, 15.843299, 16.810776
25.000000, 276.00003, 53.000000, 66.000000, 71.911575, 79.998192, 11.576300, 15.843299, 16.810776
25.000002, 276.00003, 53.000000, 65.999992, 71.912308, 79.997536, 11.576296, 15.843300, 16.810776
25.000000, 276.00000, 53.000004, 66.000000, 71.913033, 79.996887, 11.576299, 15.843300, 16.810776
25.000000, 276.00000, 53.000000, 66.000000, 71.909058, 79.989891, 11.576301, 15.843300, 16.810776
24.999998, 276.00003, 52.999992, 66.000000, 71.904190, 79.981705, 11.576300, 15.843300, 16.810776
25.000000, 276.00003, 53.000000, 66.000000, 71.898315, 79.972130, 11.576300, 15.843300, 16.810776
25.000000, 276.00000, 53.000000, 65.999992, 71.888908, 79.957802, 11.576297, 15.843300, 16.810776
25.000000, 276.00000, 53.000008, 66.000000, 71.878960, 79.942795, 11.576296, 15.843300, 16.810776
25.000000, 276.00003, 53.000000, 66.000000, 71.869377, 79.928307, 11.576296, 15.843300, 16.810776
25.000000, 276.00003, 52.999996, 66.000000, 71.858345, 79.911888, 11.576301, 15.843300, 16.810776
25.000000, 276.00000, 52.999996, 66.000000, 71.846840, 79.894890, 11.576300, 15.843300, 16.810776
24.999998, 276.00000, 53.000000, 65.999992, 71.833107, 79.874886, 11.576300, 15.843300, 16.810776
25.000002, 276.00000, 53.000004, 66.000000, 71.818169, 79.853271, 11.576300, 15.843300, 16.810776
25.000000, 276.00000, 53.000000, 66.000000, 71.802757, 79.831078, 11.576300, 15.843300, 16.810776
24.999996, 276.00000, 53.000000, 66.000000, 71.786301, 79.807518, 11.576301, 15.843300, 16.810776
25.000000, 276.00003, 53.000000, 66.000000, 71.768761, 79.782516, 11.576303, 15.843300, 16.810776
24.999998, 276.00000, 53.000000, 66.000008, 71.752563, 79.759407, 11.576306, 15.843300, 16.810776
25.000000, 276.00000, 53.000004, 66.000000, 71.731117, 79.729187, 11.576306, 15.843300, 16.810776
25.000000, 276.00000, 53.000004, 66.000000, 71.707260, 79.695724, 11.576301, 15.843300, 16.810776
25.000000, 276.00000, 53.000000, 66.000000, 71.686104, 79.665985, 11.576300, 15.843300, 16.810776
25.000002, 276.00000, 52.999996, 66.000000, 71.664543, 79.635742, 11.576303, 15.843300, 16.810776
24.999998, 276.00000, 52.999996, 66.000000, 71.642456, 79.604843, 11.576303, 15.843300, 16.810776
25.000002, 276.00000, 53.000004, 65.999992, 71.635544, 79.594658, 11.576305, 15.843300, 16.810776
25.000000, 276.00000, 52.999996, 66.000008, 71.630989, 79.587685, 11.576304, 15.843300, 16.810776
24.999998, 276.00000, 53.000004, 66.000000, 71.618607, 79.570023, 11.576305, 15.843300, 16.810776
25.000002, 276.00000, 52.999996, 66.000008, 71.608032, 79.554916, 11.576303, 15.843300, 16.810776
25.000002, 276.00000, 53.000000, 66.000000, 71.594658, 79.535995, 11.576303, 15.843300, 16.810776
25.000000, 276.00000, 53.000000, 66.000000, 71.576256, 79.510223, 11.576303, 15.843300, 16.810776
25.000002, 276.00000, 53.000000, 66.000000, 71.556129, 79.482132, 11.576298, 15.843300, 16.810776
25.000000, 276.00000, 53.000000, 66.000000, 71.533958, 79.451332, 11.576302, 15.843300, 16.810776
25.000002, 276.00000, 52.999996, 66.000000, 71.514511, 79.424362, 11.576302, 15.843300, 16.810776
25.000000, 276.00000, 53.000004, 66.000008, 71.495575, 79.398048, 11.576300, 15.843300, 16.810776
25.000000, 275.99997, 53.000000, 66.000000, 71.464333, 79.355026, 11.576298, 15.843300, 16.810776
25.000002, 276.00000, 53.000004, 66.000000, 71.419868, 79.294037, 11.576305, 15.843300, 16.810776
25.000000, 276.00000, 53.000000, 66.000000, 71.380417, 79.239868, 11.576293, 15.843300, 16.810776
25.000000, 276.00000, 53.000000, 66.000000, 71.341263, 79.186234, 11.576293, 15.843300, 16.810776
25.000002, 275.99997, 52.999996, 66.000000, 71.301956, 79.132439, 11.576297, 15.843300, 16.810776
25.000000, 276.00003, 53.000000, 66.000008, 71.257690, 79.071907, 11.576297, 15.843300, 16.810776
25.000002, 276.00000, 53.000000, 66.000008, 71.214241, 79.012520, 11.576291, 15.843300, 16.810776
25.000002, 276.00000, 53.000000, 65.999992, 71.175735, 78.959984, 11.576291, 15.843300, 16.810776
25.000000, 276.00000, 52.999996, 66.000000, 71.139053, 78.910027, 11.576291, 15.843300, 16.810776
24.999998, 276.00000, 52.999996, 66.000000, 71.106804, 78.866173, 11.576292, 15.843300, 16.810776
25.000002, 275.99997, 53.000000, 66.000000, 71.075714, 78.823959, 11.576291, 15.843300, 16.810776
24.999998, 276.00003, 53.000000, 66.000000, 71.048981, 78.787720, 11.576291, 15.843300, 16.810776
24.999998, 276.00000, 52.999996, 66.000000, 71.027023, 78.758049, 11.576288, 15.843300, 16.810776
24.999998, 276.00000, 53.000004, 66.000008, 71.005241, 78.728668, 11.576288, 15.843300, 16.810776
24.999998, 276.00000, 53.000000, 66.000000, 70.984726, 78.701073, 11.576285, 15.843300, 16.810776
25.000000, 276.00000, 53.000000, 65.999992, 70.964920, 78.674522, 11.576283, 15.843300, 16.810776
25.000000, 276.00000, 53.000000, 66.000008, 70.946220, 78.649483, 11.576283, 15.843300, 16.810776
25.000002, 276.00003, 53.000000, 66.000000, 70.926025, 78.622482, 11.576281, 15.843300, 16.810776
24.999998, 276.00000, 52.999996, 66.000000, 70.903023, 78.591705, 11.576279, 15.843300, 16.810776
25.000000, 276.00000, 53.000004, 66.000000, 70.875252, 78.554482, 11.576276, 15.843300, 16.810776
25.000000, 276.00000, 53.000000, 66.000000, 70.851395, 78.522659, 11.576275, 15.843300, 16.810776
25.000000, 276.00000, 53.000000, 65.999992, 70.829834, 78.494011, 11.576275, 15.843300, 16.810776
25.000000, 275.99997, 53.000004, 66.000000, 70.809860, 78.467567, 11.576273, 15.843300, 16.810776
25.000002, 276.00000, 52.999996, 66.000000, 70.788818, 78.439781, 11.576274, 15.843300, 16.810776
25.000000, 276.00003, 52.999996, 66.000000, 70.778503, 78.426666, 11.576279, 15.843300, 16.810776
24.999998, 276.00000, 53.000000, 66.000000, 70.782333, 78.432907, 11.576282, 15.843300, 16.810776
25.000000, 276.00000, 53.000000, 66.000000, 70.781578, 78.432861, 11.576283, 15.843300, 16.810776
25.000002, 276.00003, 53.000000, 66.000008, 70.775162, 78.425102, 11.576281, 15.843300, 16.810776
25.000000, 276.00003, 53.000004, 66.000000, 70.762772, 78.409157, 11.576277, 15.843300, 16.810776
25.000002, 276.00000, 52.999996, 65.999992, 70.743752, 78.384239, 11.576275, 15.843300, 16.810776
24.999998, 276.00000, 52.999996, 66.000000, 70.723396, 78.357544, 11.576274, 15.843300, 16.810776
25.000002, 276.00000, 53.000000, 66.000000, 70.702995, 78.330833, 11.576272, 15.843300, 16.810776
25.000000, 276.00000, 53.000000, 65.999992, 70.682343, 78.303856, 11.576273, 15.843300, 16.810776
25.000000, 276.00000, 53.000000, 66.000000, 70.675217, 78.295410, 11.576276, 15.843300, 16.810776
25.000000, 276.00000, 53.000000, 66.000008, 70.671196, 78.291237, 11.576273, 15.843300, 16.810776
25.000000, 276.00000, 52.999996, 66.000008, 70.658829, 78.275696, 11.576274, 15.843300, 16.810776
24.999996, 276.00000, 53.000004, 66.000000, 70.635422, 78.245163, 11.576273, 15.843300, 16.810776
24.999998, 275.99997, 53.000000, 66.000000, 70.605186, 78.205299, 11.576274, 15.843300, 16.810776
25.000000, 276.00000, 53.000004, 66.000000, 70.587044, 78.182030, 11.576275, 15.843300, 16.810776
25.000000, 276.00000, 53.000004, 66.000000, 70.571228, 78.162033, 11.576272, 15.843300, 16.810776
25.000002, 276.00000, 53.000000, 65.999992, 70.557892, 78.145439, 11.576270, 15.843300, 16.810776
25.000002, 276.00000, 52.999996, 66.000000, 70.544128, 78.128296, 11.576270, 15.843300, 16.810776
25.000000, 276.00000, 52.999996, 66.000000, 70.527672, 78.107445, 11.576272, 15.843300, 16.810776
25.000000, 276.00000, 53.000000, 66.000000, 70.517899, 78.095795, 11.576272, 15.843300, 16.810776
25.000000, 276.00000, 53.000004, 66.000000, 70.514572, 78.093002, 11.576274, 15.843300, 16.810776
25.000002, 276.00000, 53.000000, 66.000000, 70.515968, 78.096573, 11.576272, 15.843300, 16.810776
25.000000, 276.00000, 52.999996, 66.000000, 70.520180, 78.103951, 11.576271, 15.843300, 16.810776
24.999998, 276.00000, 53.000000, 66.000000, 70.523727, 78.110413, 11.576267, 15.843300, 16.810776
24.999998, 276.00003, 53.000004, 66.000000, 70.522430, 78.110199, 11.576265, 15.843300, 16.810776
25.000000, 276.00000, 53.000004, 66.000000, 70.516685, 78.103920, 11.576264, 15.843300, 16.810776
25.000000, 276.00000, 53.000000, 66.000000, 70.508453, 78.094292, 11.576264, 15.843300, 16.810776
25.000002, 275.99997, 53.000000, 66.000000, 70.493629, 78.075638, 11.576264, 15.843300, 16.810776
25.000002, 276.00000, 53.000004, 65.999992, 70.476814, 78.054314, 11.576268, 15.843300, 16.810776
24.999998, 276.00003, 53.000000, 66.000000, 70.459160, 78.031876, 11.576266, 15.843300, 16.810776
25.000000, 276.00000, 52.999996, 66.000000, 70.448235, 78.018661, 11.576266, 15.843300, 16.810776
25.000000, 276.00000, 53.000000, 66.000000, 70.439857, 78.008949, 11.576265, 15.843300, 16.810776
25.000002, 276.00000, 53.000000, 66.000008, 70.437782, 78.007843, 11.576263, 15.843300, 16.810776
25.000002, 276.00000, 53.000000, 66.000000, 70.432732, 78.002632, 11.576262, 15.843300, 16.810776
25.000000, 276.00000, 53.000000, 65.999992, 70.421555, 77.989014, 11.576263, 15.843300, 16.810776
24.999998, 276.00000, 53.000000, 66.000000, 70.409241, 77.973885, 11.576262, 15.843300, 16.810776
24.999998, 276.00000, 53.000000, 66.000000, 70.396141, 77.957703, 11.576262, 15.843300, 16.810776
24.999998, 276.00000, 53.000004, 66.000008, 70.382782, 77.941216, 11.576262, 15.843300, 16.810776
25.000002, 276.00000, 53.000000, 66.000000, 70.369209, 77.924484, 11.576263, 15.843300, 16.810776
25.000002, 275.99997, 53.000000, 66.000000, 70.355980, 77.908234, 11.576263, 15.843300, 16.810776
25.000000, 276.00000, 53.000000, 66.000000, 70.343536, 77.893150, 11.576262, 15.843300, 16.810776
25.000000, 275.99997, 52.999996, 65.999992, 70.330887, 77.877777, 11.576259, 15.843300, 16.810776
25.000000, 275.99997, 53.000000, 65.999992, 70.318199, 77.862427, 11.576257, 15.843300, 16.810776
25.000000, 275.99997, 52.999996, 66.000000, 70.305275, 77.846809, 11.576256, 15.843300, 16.810776
25.000002, 275.99997, 53.000000, 66.000000, 70.290855, 77.829193, 11.576255, 15.843300, 16.810776
24.999998, 276.00003, 53.000000, 66.000000, 70.267403, 77.799240, 11.576254, 15.843300, 16.810776
24.999998, 276.00000, 53.000004, 66.000000, 70.241104, 77.765434, 11.576254, 15.843300, 16.810776
25.000002, 275.99997, 53.000000, 66.000000, 70.212128, 77.727966, 11.576256, 15.843300, 16.810776
25.000000, 275.99997, 53.000004, 66.000000, 70.187592, 77.696640, 11.576257, 15.843300, 16.810776
25.000000, 276.00006, 53.000004, 66.000000, 70.159721, 77.660812, 11.576260, 15.843300, 16.810776
24.999998, 276.00003, 53.000000, 66.000008, 70.133469, 77.627235, 11.576262, 15.843300, 16.810776
25.000000, 276.00003, 53.000004, 66.000000, 70.111717, 77.599869, 11.576261, 15.843300, 16.810776
24.999998, 276.00006, 53.000000, 66.000000, 70.085609, 77.566582, 11.576260, 15.843300, 16.810776
25.000000, 276.00000, 53.000000, 66.000000, 70.062340, 77.537201, 11.576260, 15.843300, 16.810776
25.000000, 276.00003, 53.000000, 66.000000, 70.042580, 77.512650, 11.576262, 15.843300, 16.810776
25.000000, 276.00000, 53.000000, 66.000000, 70.039963, 77.511566, 11.576262, 15.843300, 16.810776
25.000000, 276.00003, 53.000004, 66.000000, 70.046379, 77.522682, 11.576265, 15.843300, 16.810776
25.000000, 276.00000, 53.000000, 66.000000, 70.050072, 77.529968, 11.576267, 15.843300, 16.810776
24.999996, 276.00000, 53.000004, 65.999992, 70.047623, 77.528664, 11.576266, 15.843300, 16.810776
25.000000, 276.00006, 52.999996, 66.000000, 70.042694, 77.523979, 11.576265, 15.843300, 16.810776
25.000002, 276.00003, 52.999996, 66.000000, 70.042519, 77.525764, 11.576267, 15.843300, 16.810776
25.000000, 276.00000, 53.000000, 66.000000, 70.041153, 77.525864, 11.576265, 15.843300, 16.810776
24.999998, 276.00000, 53.000000, 66.000000, 70.042526, 77.529655, 11.576264, 15.843300, 16.810776
25.000000, 276.00000, 53.000000, 66.000000, 70.044769, 77.534546, 11.576263, 15.843300, 16.810776
25.000000, 276.00000, 53.000000, 66.000000, 70.045563, 77.537376, 11.576264, 15.843300, 16.810776
25.000000, 276.00000, 53.000000, 65.999992, 70.046234, 77.540039, 11.576263, 15.843300, 16.810776
25.000000, 276.00000, 53.000000, 66.000000, 70.047493, 77.543503, 11.576263, 15.843300, 16.810776
24.999998, 276.00000, 53.000000, 65.999992, 70.049599, 77.548134, 11.576262, 15.843300, 16.810776
25.000000, 276.00003, 53.000000, 66.000000, 70.050865, 77.551567, 11.576267, 15.843300, 16.810776
25.000000, 276.00000, 53.000000, 66.000000, 70.048531, 77.550034, 11.576267, 15.843300, 16.810776
25.000000, 276.00000, 52.999996, 66.000000, 70.047348, 77.550110, 11.576269, 15.843300, 16.810776
25.000002, 276.00003, 52.999996, 66.000000, 70.039246, 77.540619, 11.576270, 15.843299, 16.810776
25.000000, 276.00003, 53.000000, 66.000008, 70.025803, 77.523842, 11.576273, 15.843298, 16.810776
25.000000, 276.00003, 53.000004, 66.000000, 70.012749, 77.507629, 11.576277, 15.843298, 16.810776
25.000002, 276.00000, 53.000000, 66.000000, 69.999779, 77.491524, 11.576280, 15.843298, 16.810776
25.000000, 276.00000, 53.000000, 66.000000, 69.987083, 77.475876, 11.576283, 15.843298, 16.810776
24.999998, 275.99997, 53.000004, 66.000008, 69.974274, 77.460052, 11.576286, 15.843298, 16.810776
25.000002, 276.00000, 53.000000, 66.000000, 69.961243, 77.443932, 11.576287, 15.843298, 16.810776
24.999998, 276.00000, 53.000004, 66.000000, 69.948067, 77.427704, 11.576287, 15.843298, 16.810776
24.999998, 276.00003, 52.999996, 66.000000, 69.934586, 77.411049, 11.576288, 15.843298, 16.810776
25.000002, 276.00000, 53.000000, 66.000000, 69.924507, 77.399101, 11.576288, 15.843298, 16.810776
25.000000, 276.00003, 53.000000, 66.000000, 69.921951, 77.397530, 11.576290, 15.843298, 16.810776
24.999998, 276.00000, 52.999996, 66.000000, 69.929588, 77.409813, 11.576287, 15.843299, 16.810776
24.999998, 276.00000, 53.000004, 66.000000, 69.937218, 77.421898, 11.576289, 15.843299, 16.810776
25.000000, 276.00000, 52.999992, 66.000000, 69.943298, 77.431839, 11.576286, 15.843297, 16.810776
25.000000, 275.99997, 53.000000, 66.000000, 69.946365, 77.437561, 11.576286, 15.843297, 16.810776
25.000000, 276.00003, 53.000000, 65.999992, 69.945129, 77.437378, 11.576290, 15.843296, 16.810776
25.000002, 276.00000, 53.000004, 66.000000, 69.946510, 77.440834, 11.576288, 15.843296, 16.810776
25.000002, 276.00000, 53.000000, 65.999992, 69.953728, 77.452217, 11.576286, 15.843296, 16.810776
25.000002, 276.00000, 52.999996, 65.999992, 69.960533, 77.462921, 11.576288, 15.843296, 16.810776
25.000000, 276.00003, 52.999996, 66.000000, 69.966873, 77.472908, 11.576287, 15.843297, 16.810776
24.999998, 276.00000, 53.000000, 66.000000, 69.973404, 77.483093, 11.576287, 15.843297, 16.810776
25.000000, 276.00000, 53.000000, 66.000000, 69.980385, 77.493874, 11.576291, 15.843297, 16.810776
25.000000, 276.00003, 53.000000, 66.000000, 69.988083, 77.505569, 11.576291, 15.843298, 16.810776
24.999998, 276.00000, 52.999996, 66.000008, 69.995926, 77.517433, 11.576291, 15.843298, 16.810776
25.000002, 276.00000, 53.000000, 66.000008, 70.003754, 77.529274, 11.576290, 15.843298, 16.810776
25.000000, 276.00000, 53.000004, 66.000000, 70.011353, 77.540756, 11.576291, 15.843299, 16.810776
25.000002, 276.00003, 53.000000, 65.999992, 70.018112, 77.551094, 11.576289, 15.843299, 16.810776
25.000002, 276.00000, 52.999996, 66.000000, 70.022865, 77.558716, 11.576287, 15.843298, 16.810776
25.000000, 276.00000, 53.000000, 66.000000, 70.025314, 77.563118, 11.576290, 15.843297, 16.810776
25.000000, 276.00000, 52.999996, 66.000000, 70.030655, 77.571487, 11.576289, 15.843297, 16.810776
25.000000, 276.00000, 52.999996, 66.000008, 70.038803, 77.583603, 11.576289, 15.843297, 16.810776
25.000002, 276.00003, 53.000000, 66.000000, 70.046844, 77.595535, 11.576287, 15.843298, 16.810776
24.999998, 276.00000, 53.000000, 66.000000, 70.054398, 77.606705, 11.576288, 15.843297, 16.810776
24.999998, 276.00000, 52.999996, 66.000000, 70.062225, 77.618195, 11.576288, 15.843296, 16.810776
24.999998, 276.00003, 53.000000, 66.000008, 70.070396, 77.630112, 11.576284, 15.843296, 16.810776
25.000000, 276.00000, 53.000008, 66.000000, 70.078690, 77.642212, 11.576284, 15.843295, 16.810776
25.000002, 275.99997, 53.000000, 66.000000, 70.087059, 77.654343, 11.576284, 15.843296, 16.810776
24.999998, 276.00003, 53.000000, 66.000000, 70.095451, 77.666458, 11.576285, 15.843296, 16.810776
25.000000, 276.00000, 53.000000, 66.000000, 70.103813, 77.678513, 11.576286, 15.843297, 16.810776
24.999998, 276.00000, 53.000004, 66.000000, 70.112236, 77.690605, 11.576287, 15.843297, 16.810776
25.000000, 276.00000, 53.000000, 66.000000, 70.120705, 77.702690, 11.576291, 15.843298, 16.810776
24.999996, 276.00003, 53.000000, 66.000000, 70.129158, 77.714745, 11.576292, 15.843297, 16.810776
25.000000, 276.00000, 53.000000, 66.000000, 70.136543, 77.725273, 11.576292, 15.843297, 16.810776
25.000000, 276.00000, 53.000000, 65.999992, 70.143341, 77.734993, 11.576294, 15.843297, 16.810776
24.999998, 276.00000, 53.000000, 66.000000, 70.150757, 77.745506, 11.576291, 15.843298, 16.810776
24.999998, 276.00003, 53.000000, 66.000000, 70.158958, 77.757027, 11.576288, 15.843298, 16.810776
25.000002, 276.00000, 53.000000, 66.000008, 70.167084, 77.768410, 11.576289, 15.843299, 16.810776
25.000000, 276.00003, 53.000000, 66.000000, 70.175575, 77.780251, 11.576289, 15.843298, 16.810776
25.000000, 276.00000, 52.999996, 66.000000, 70.183907, 77.791847, 11.576285, 15.843297, 16.810776
25.000000, 275.99997, 52.999996, 66.000000, 70.192497, 77.803726, 11.576287, 15.843296, 16.810776
25.000000, 276.00000, 53.000000, 66.000008, 70.200882, 77.815277, 11.576288, 15.843296, 16.810776
24.999998, 276.00000, 53.000000, 66.000000, 70.209419, 77.827042, 11.576292, 15.843297, 16.810776
25.000000, 276.00006, 53.000000, 66.000000, 70.218079, 77.838890, 11.576294, 15.843297, 16.810776
25.000000, 276.00003, 53.000000, 66.000000, 70.226761, 77.850716, 11.576294, 15.843297, 16.810776
24.999998, 276.00000, 53.000000, 66.000000, 70.235428, 77.862450, 11.576294, 15.843298, 16.810776
24.999998, 276.00000, 53.000004, 66.000000, 70.244011, 77.874023, 11.576295, 15.843298, 16.810776
24.999998, 276.00003, 53.000000, 66.000000, 70.252342, 77.885254, 11.576295, 15.843296, 16.810776
25.000002, 276.00000, 53.000000, 66.000000, 70.260933, 77.896843, 11.576296, 15.843294, 16.810776
25.000004, 276.00000, 52.999996, 66.000008, 70.269051, 77.907745, 11.576299, 15.843295, 16.810776
25.000004, 276.00000, 53.000000, 65.999992, 70.277199, 77.918724, 11.576299, 15.843295, 16.810776
25.000000, 276.00000, 53.000000, 66.000000, 70.285110, 77.929398, 11.576299, 15.843295, 16.810776
25.000000, 276.00003, 53.000004, 66.000000, 70.293030, 77.939987, 11.576301, 15.843295, 16.810776
25.000000, 276.00000, 52.999996, 65.999992, 70.301376, 77.951103, 11.576302, 15.843295, 16.810776
25.000002, 276.00000, 52.999996, 66.000000, 70.310120, 77.962662, 11.576303, 15.843296, 16.810776
25.000000, 276.00003, 53.000000, 66.000000, 70.318977, 77.974304, 11.576301, 15.843296, 16.810776
25.000000, 276.00000, 53.000004, 66.000000, 70.327805, 77.985878, 11.576302, 15.843296, 16.810776
25.000000, 276.00000, 52.999996, 66.000000, 70.336662, 77.997452, 11.576303, 15.843297, 16.810776
25.000002, 276.00000, 53.000000, 66.000008, 70.345573, 78.009064, 11.576306, 15.843296, 16.810776
25.000000, 276.00003, 53.000000, 65.999992, 70.354515, 78.020660, 11.576307, 15.843295, 16.810776
25.000000, 276.00000, 53.000004, 66.000000, 70.363487, 78.032272, 11.576306, 15.843295, 16.810776
24.999998, 276.00003, 53.000004, 66.000000, 70.372452, 78.043823, 11.576308, 15.843295, 16.810776
25.000000, 276.00003, 53.000004, 65.999992, 70.381393, 78.055359, 11.576312, 15.843296, 16.810776
24.999998, 276.00000, 53.000004, 66.000008, 70.390396, 78.066902, 11.576310, 15.843296, 16.810776
25.000000, 276.00003, 53.000000, 65.999992, 70.399422, 78.078415, 11.576311, 15.843296, 16.810776
25.000000, 276.00000, 53.000000, 66.000000, 70.408455, 78.089920, 11.576309, 15.843297, 16.810776
25.000002, 276.00000, 53.000000, 66.000000, 70.417511, 78.101418, 11.576308, 15.843297, 16.810776
24.999998, 276.00000, 53.000004, 65.999992, 70.426506, 78.112770, 11.576308, 15.843297, 16.810776
24.999998, 276.00000, 52.999996, 66.000008, 70.435356, 78.123909, 11.576306, 15.843298, 16.810776
25.000002, 276.00000, 53.000000, 66.000000, 70.444283, 78.135063, 11.576305, 15.843298, 16.810776
25.000002, 276.00000, 52.999996, 66.000000, 70.453270, 78.146317, 11.576303, 15.843298, 16.810776
25.000002, 276.00000, 53.000000, 66.000000, 70.462395, 78.157669, 11.576301, 15.843299, 16.810776
25.000000, 276.00000, 53.000004, 66.000000, 70.471527, 78.169022, 11.576300, 15.843299, 16.810776
24.999998, 276.00000, 52.999996, 66.000000, 70.480667, 78.180359, 11.576298, 15.843299, 16.810776
25.000002, 276.00000, 53.000004, 66.000000, 70.489830, 78.191696, 11.576294, 15.843300, 16.810776
25.000002, 276.00000, 53.000008, 66.000000, 70.499008, 78.203033, 11.576294, 15.843300, 16.810776
24.999998, 275.99997, 52.999996, 66.000000, 70.508194, 78.214378, 11.576295, 15.843300, 16.810776
25.000002, 276.00000, 53.000004, 66.000008, 70.517387, 78.225655, 11.576291, 15.843300, 16.810776
25.000000, 276.00003, 52.999992, 66.000008, 70.526566, 78.236931, 11.576292, 15.843299, 16.810776
25.000000, 276.00000, 52.999996, 66.000000, 70.535744, 78.248177, 11.576292, 15.843299, 16.810776
25.000000, 276.00000, 52.999996, 66.000000, 70.544968, 78.259445, 11.576294, 15.843299, 16.810776
25.000000, 276.00000, 53.000004, 66.000000, 70.554207, 78.270691, 11.576295, 15.843298, 16.810776
25.000000, 276.00000, 52.999996, 66.000000, 70.563461, 78.281944, 11.576295, 15.843298, 16.810776
25.000002, 276.00000, 53.000000, 66.000000, 70.572708, 78.293175, 11.576297, 15.843298, 16.810776
25.000000, 276.00000, 52.999996, 66.000000, 70.581978, 78.304428, 11.576298, 15.843297, 16.810776
25.000000, 275.99997, 53.000000, 66.000000, 70.591217, 78.315651, 11.576297, 15.843297, 16.810776
25.000002, 276.00003, 53.000000, 66.000008, 70.600494, 78.326881, 11.576298, 15.843297, 16.810776
25.000000, 276.00000, 53.000000, 66.000000, 70.609779, 78.338074, 11.576294, 15.843297, 16.810776
25.000002, 276.00000, 53.000000, 66.000000, 70.619087, 78.349266, 11.576293, 15.843297, 16.810776
25.000000, 276.00000, 52.999996, 66.000000, 70.628418, 78.360413, 11.576296, 15.843297, 16.810776
25.000000, 276.00000, 52.999996, 66.000000, 70.637772, 78.371567, 11.576292, 15.843297, 16.810776
24.999998, 276.00000, 52.999996, 66.000000, 70.647110, 78.382706, 11.576293, 15.843297, 16.810776
24.999998, 276.00000, 53.000000, 66.000008, 70.656464, 78.393860, 11.576293, 15.843297, 16.810776
25.000000, 276.00000, 52.999992, 66.000000, 70.665840, 78.404991, 11.576292, 15.843297, 16.810776
24.999998, 276.00000, 52.999996, 66.000000, 70.675194, 78.416084, 11.576290, 15.843297, 16.810776
24.999998, 275.99997, 53.000004, 65.999992, 70.684563, 78.427147, 11.576289, 15.843297, 16.810776
25.000000, 276.00000, 53.000004, 66.000000, 70.693924, 78.438225, 11.576290, 15.843297, 16.810776
25.000000, 276.00000, 53.000000, 65.999992, 70.703262, 78.449257, 11.576291, 15.843297, 16.810776
24.999998, 276.00000, 52.999996, 66.000008, 70.712677, 78.460258, 11.576289, 15.843297, 16.810776
25.000000, 276.00000, 53.000000, 66.000008, 70.722099, 78.471260, 11.576291, 15.843297, 16.810776
25.000000, 276.00000, 53.000004, 66.000000, 70.731491, 78.482254, 11.576291, 15.843297, 16.810776
25.000000, 275.99997, 53.000000, 66.000000, 70.740799, 78.493179, 11.576291, 15.843297, 16.810776
25.000002, 276.00003, 52.999992, 66.000008, 70.749763, 78.503609, 11.576289, 15.843297, 16.810776
25.000000, 276.00000, 53.000004, 66.000000, 70.757233, 78.512108, 11.576289, 15.843297, 16.810776
25.000002, 276.00003, 53.000000, 66.000000, 70.765030, 78.521072, 11.576288, 15.843297, 16.810776
25.000000, 276.00000, 53.000000, 66.000000, 70.774178, 78.531822, 11.576290, 15.843297, 16.810776
25.000000, 276.00000, 52.999996, 66.000000, 70.783478, 78.542740, 11.576290, 15.843297, 16.810776
25.000002, 276.00000, 53.000000, 66.000008, 70.792747, 78.553612, 11.576289, 15.843297, 16.810776
25.000000, 276.00000, 53.000000, 66.000000, 70.801811, 78.564217, 11.576291, 15.843297, 16.810776
25.000002, 276.00000, 52.999996, 66.000000, 70.810822, 78.574768, 11.576289, 15.843297, 16.810776
25.000000, 276.00000, 53.000004, 66.000000, 70.819855, 78.585381, 11.576289, 15.843297, 16.810776
24.999998, 276.00000, 53.000000, 66.000000, 70.829018, 78.596123, 11.576289, 15.843297, 16.810776
24.999998, 276.00000, 53.000000, 65.999992, 70.838181, 78.606850, 11.576288, 15.843297, 16.810776
24.999996, 276.00003, 52.999996, 65.999992, 70.845970, 78.615746, 11.576290, 15.843297, 16.810776
24.999998, 276.00000, 53.000000, 66.000000, 70.854462, 78.625488, 11.576290, 15.843297, 16.810776
25.000002, 275.99997, 53.000004, 66.000000, 70.863731, 78.636253, 11.576288, 15.843297, 16.810776
24.999998, 276.00000, 53.000000, 66.000000, 70.873032, 78.647003, 11.576290, 15.843297, 16.810776
24.999998, 275.99997, 52.999996, 66.000000, 70.882362, 78.657707, 11.576292, 15.843297, 16.810776
24.999998, 275.99997, 53.000000, 65.999992, 70.891663, 78.668427, 11.576295, 15.843297, 16.810776
25.000000, 276.00000, 52.999996, 65.999992, 70.900948, 78.679131, 11.576297, 15.843298, 16.810776
24.999998, 276.00000, 52.999992, 66.000000, 70.910240, 78.689842, 11.576296, 15.843298, 16.810776
25.000002, 276.00000, 52.999996, 66.000000, 70.919525, 78.700516, 11.576295, 15.843297, 16.810776
25.000000, 276.00000, 52.999996, 66.000008, 70.928802, 78.711166, 11.576295, 15.843297, 16.810776
25.000000, 276.00000, 52.999996, 66.000000, 70.938103, 78.721794, 11.576295, 15.843297, 16.810776
25.000000, 276.00003, 53.000000, 66.000008, 70.947395, 78.732407, 11.576295, 15.843297, 16.810776
25.000000, 276.00000, 53.000000, 66.000008, 70.956703, 78.742981, 11.576297, 15.843297, 16.810776
25.000000, 276.00003, 52.999996, 66.000008, 70.966011, 78.753532, 11.576296, 15.843297, 16.810776
24.999998, 275.99997, 52.999992, 66.000000, 70.975334, 78.764107, 11.576299, 15.843297, 16.810776
25.000000, 276.00003, 53.000000, 66.000000, 70.984634, 78.774681, 11.576297, 15.843298, 16.810776
25.000002, 276.00000, 52.999996, 66.000000, 70.993935, 78.785240, 11.576298, 15.843297, 16.810776
25.000000, 276.00000, 53.000000, 66.000000, 71.003204, 78.795815, 11.576295, 15.843300, 16.810776
25.000000, 276.00000, 53.000000, 66.000000, 71.012436, 78.806335, 11.576296, 15.843299, 16.810776
25.000000, 275.99997, 53.000004, 66.000000, 71.021721, 78.816849, 11.576295, 15.843299, 16.810776
24.999998, 276.00000, 53.000000, 66.000000, 71.030991, 78.827347, 11.576294, 15.843299, 16.810776
25.000004, 276.00003, 53.000004, 66.000000, 71.040260, 78.837837, 11.576293, 15.843298, 16.810776
25.000000, 276.00000, 53.000004, 66.000000, 71.049507, 78.848328, 11.576292, 15.843298, 16.810776
25.000000, 276.00000, 53.000000, 66.000000, 71.058746, 78.858795, 11.576293, 15.843298, 16.810776
24.999998, 276.00000, 53.000004, 66.000000, 71.067978, 78.869247, 11.576295, 15.843297, 16.810776
24.999998, 276.00000, 53.000000, 66.000000, 71.077232, 78.879669, 11.576293, 15.843297, 16.810776
25.000002, 276.00000, 53.000004, 65.999992, 71.086494, 78.890053, 11.576292, 15.843297, 16.810776
25.000002, 276.00003, 53.000004, 66.000000, 71.095718, 78.900391, 11.576291, 15.843298, 16.810776
25.000000, 276.00000, 52.999996, 66.000000, 71.104980, 78.910736, 11.576293, 15.843297, 16.810776
25.000000, 276.00000, 53.000004, 66.000008, 71.114227, 78.921051, 11.576295, 15.843297, 16.810776
25.000000, 276.00000, 53.000000, 66.000000, 71.123466, 78.931343, 11.576296, 15.843296, 16.810776
25.000000, 276.00000, 53.000004, 66.000000, 71.132683, 78.941612, 11.576296, 15.843297, 16.810776
24.999998, 276.00003, 53.000000, 66.000000, 71.141899, 78.951866, 11.576299, 15.843297, 16.810776
24.999998, 276.00000, 52.999992, 66.000008, 71.151115, 78.962074, 11.576300, 15.843298, 16.810776
25.000000, 276.00003, 52.999996, 66.000000, 71.160324, 78.972290, 11.576299, 15.843299, 16.810776
24.999998, 276.00000, 53.000000, 65.999992, 71.169525, 78.982483, 11.576300, 15.843299, 16.810776
24.999998, 276.00000, 52.999996, 66.000008, 71.178688, 78.992653, 11.576301, 15.843299, 16.810776
25.000000, 276.00000, 53.000004, 66.000008, 71.187866, 79.002815, 11.576301, 15.843299, 16.810776
25.000000, 276.00000, 52.999996, 66.000008, 71.197029, 79.012962, 11.576302, 15.843298, 16.810776
24.999998, 276.00000, 52.999996, 66.000000, 71.206192, 79.023087, 11.576303, 15.843298, 16.810776
25.000000, 276.00000, 53.000000, 66.000000, 71.215324, 79.033203, 11.576300, 15.843297, 16.810776
25.000000, 276.00000, 53.000004, 66.000000, 71.224457, 79.043320, 11.576299, 15.843297, 16.810776
25.000002, 276.00003, 53.000004, 66.000008, 71.233597, 79.053421, 11.576298, 15.843296, 16.810776
24.999998, 276.00003, 53.000000, 66.000000, 71.242706, 79.063507, 11.576299, 15.843297, 16.810776
24.999998, 276.00000, 53.000000, 66.000008, 71.251808, 79.073586, 11.576299, 15.843297, 16.810776
24.999998, 276.00003, 53.000000, 66.000000, 71.260880, 79.083603, 11.576301, 15.843296, 16.810776
25.000004, 276.00003, 53.000000, 66.000000, 71.269989, 79.093651, 11.576302, 15.843297, 16.810776
25.000000, 276.00003, 53.000000, 66.000000, 71.279060, 79.103699, 11.576303, 15.843299, 16.810776
25.000000, 276.00000, 53.000004, 66.000000, 71.288139, 79.113724, 11.576305, 15.843299, 16.810776
25.000002, 276.00000, 52.999996, 66.000008, 71.297203, 79.123695, 11.576306, 15.843298, 16.810776
25.000000, 276.00003, 53.000004, 66.000000, 71.306267, 79.133667, 11.576304, 15.843297, 16.810776
25.000002, 276.00003, 53.000000, 66.000008, 71.315315, 79.143631, 11.576308, 15.843297, 16.810776
25.000002, 276.00000, 53.000000, 66.000008, 71.324310, 79.153488, 11.576310, 15.843296, 16.810776
25.000000, 276.00003, 52.999996, 65.999992, 71.333328, 79.163391, 11.576312, 15.843296, 16.810776
25.000002, 276.00003, 52.999996, 66.000000, 71.342339, 79.173279, 11.576310, 15.843297, 16.810776
24.999998, 276.00000, 52.999996, 66.000000, 71.351318, 79.183167, 11.576309, 15.843296, 16.810776
25.000002, 276.00003, 53.000000, 66.000008, 71.360306, 79.193031, 11.576307, 15.843296, 16.810776
24.999998, 276.00000, 53.000000, 66.000000, 71.369301, 79.202866, 11.576308, 15.843296, 16.810776
24.999998, 276.00000, 53.000004, 66.000000, 71.378273, 79.212669, 11.576305, 15.843296, 16.810776
25.000000, 276.00003, 52.999996, 65.999992, 71.387238, 79.222435, 11.576304, 15.843295, 16.810776
25.000000, 276.00000, 53.000004, 66.000000, 71.396194, 79.232201, 11.576303, 15.843294, 16.810776
25.000000, 275.99997, 52.999996, 65.999992, 71.405136, 79.241928, 11.576300, 15.843293, 16.810776
25.000002, 276.00003, 52.999996, 66.000008, 71.414062, 79.251648, 11.576300, 15.843294, 16.810776
25.000000, 276.00000, 52.999996, 66.000000, 71.422997, 79.261360, 11.576301, 15.843294, 16.810776
24.999998, 276.00000, 53.000000, 66.000000, 71.431877, 79.271095, 11.576300, 15.843294, 16.810776
24.999998, 276.00003, 53.000000, 66.000000, 71.439796, 79.279526, 11.576304, 15.843293, 16.810776
25.000000, 276.00000, 52.999996, 66.000008, 71.447395, 79.287537, 11.576304, 15.843292, 16.810776
25.000002, 276.00000, 53.000000, 66.000000, 71.456070, 79.296928, 11.576305, 15.843292, 16.810776
25.000000, 275.99997, 53.000000, 66.000000, 71.464874, 79.306473, 11.576306, 15.843291, 16.810776
25.000000, 276.00003, 53.000004, 65.999992, 71.473701, 79.316032, 11.576306, 15.843291, 16.810776
25.000000, 276.00003, 52.999996, 65.999992, 71.482506, 79.325592, 11.576303, 15.843290, 16.810776
25.000002, 276.00003, 52.999996, 66.000000, 71.491302, 79.335152, 11.576305, 15.843291, 16.810776
24.999998, 276.00000, 53.000004, 66.000000, 71.500069, 79.344711, 11.576308, 15.843290, 16.810776
24.999998, 276.00000, 53.000000, 66.000000, 71.508812, 79.354225, 11.576307, 15.843290, 16.810776
25.000000, 276.00000, 53.000000, 66.000000, 71.516998, 79.363037, 11.576307, 15.843289, 16.810776
25.000002, 276.00000, 53.000000, 66.000000, 71.525215, 79.371925, 11.576308, 15.843290, 16.810776
25.000000, 276.00000, 52.999996, 65.999992, 71.533119, 79.380417, 11.576307, 15.843290, 16.810776
24.999998, 276.00000, 53.000008, 66.000000, 71.541000, 79.388924, 11.576307, 15.843291, 16.810776
25.000000, 276.00000, 52.999996, 66.000000, 71.548767, 79.397263, 11.576303, 15.843290, 16.810776
25.000002, 276.00000, 53.000000, 66.000000, 71.555458, 79.404266, 11.576303, 15.843291, 16.810776
24.999998, 276.00003, 53.000000, 66.000000, 71.560425, 79.408981, 11.576303, 15.843291, 16.810776
25.000000, 276.00000, 53.000000, 66.000008, 71.562782, 79.410225, 11.576300, 15.843291, 16.810776
25.000000, 276.00000, 52.999996, 66.000000, 71.562317, 79.407745, 11.576299, 15.843290, 16.810776
25.000002, 276.00003, 53.000004, 66.000000, 71.559105, 79.401642, 11.576298, 15.843290, 16.810776
24.999998, 276.00003, 53.000000, 66.000008, 71.554024, 79.393112, 11.576300, 15.843290, 16.810776
25.000002, 276.00000, 53.000000, 66.000000, 71.547157, 79.382256, 11.576303, 15.843289, 16.810776
25.000000, 276.00000, 53.000008, 66.000000, 71.538742, 79.369339, 11.576302, 15.843289, 16.810776
25.000000, 276.00000, 53.000000, 66.000000, 71.528282, 79.353775, 11.576300, 15.843289, 16.810776
25.000002, 276.00000, 52.999996, 66.000000, 71.516426, 79.336349, 11.576297, 15.843288, 16.810776
24.999998, 276.00000, 53.000000, 66.000000, 71.503296, 79.317314, 11.576298, 15.843288, 16.810776
25.000000, 276.00000, 53.000000, 66.000000, 71.489380, 79.297279, 11.576295, 15.843288, 16.810776
25.000000, 276.00000, 53.000004, 66.000000, 71.474571, 79.276138, 11.576290, 15.843288, 16.810776
25.000002, 276.00000, 52.999996, 65.999992, 71.460320, 79.255775, 11.576291, 15.843287, 16.810776
25.000000, 276.00000, 53.000000, 66.000000, 71.444870, 79.233818, 11.576289, 15.843292, 16.810776
25.000002, 276.00000, 52.999996, 66.000000, 71.427002, 79.208755, 11.576291, 15.843293, 16.810776
25.000000, 276.00003, 53.000004, 66.000000, 71.407784, 79.181870, 11.576287, 15.843294, 16.810776
25.000000, 276.00000, 53.000004, 66.000000, 71.386787, 79.152748, 11.576285, 15.843294, 16.810776
25.000000, 276.00000, 52.999996, 65.999992, 71.365913, 79.123795, 11.576283, 15.843294, 16.810776
25.000000, 275.99994, 53.000004, 66.000000, 71.345413, 79.095413, 11.576283, 15.843294, 16.810776
25.000000, 276.00003, 53.000000, 66.000000, 71.324440, 79.066460, 11.576282, 15.843294, 16.810776
24.999998, 276.00000, 52.999996, 66.000008, 71.303352, 79.037437, 11.576283, 15.843294, 16.810776
25.000000, 276.00003, 53.000000, 66.000000, 71.282127, 79.008232, 11.576281, 15.843294, 16.810776
25.000000, 276.00000, 53.000000, 66.000008, 71.260666, 78.978821, 11.576282, 15.843294, 16.810776
24.999998, 276.00000, 53.000000, 66.000000, 71.238945, 78.949127, 11.576282, 15.843294, 16.810776
25.000000, 276.00000, 52.999996, 66.000000, 71.217346, 78.919640, 11.576284, 15.843294, 16.810776
25.000002, 276.00000, 53.000000, 66.000000, 71.195244, 78.889496, 11.576285, 15.843294, 16.810776
25.000000, 276.00000, 53.000000, 66.000000, 71.173019, 78.859238, 11.576283, 15.843294, 16.810776
24.999998, 276.00000, 53.000000, 66.000000, 71.151131, 78.829514, 11.576283, 15.843294, 16.810776
25.000000, 276.00000, 53.000000, 66.000000, 71.129135, 78.799675, 11.576282, 15.843294, 16.810776
25.000000, 276.00000, 53.000000, 66.000000, 71.106468, 78.769058, 11.576280, 15.843293, 16.810776
25.000000, 276.00003, 53.000000, 66.000000, 71.082817, 78.737129, 11.576281, 15.843295, 16.810776
25.000002, 275.99997, 53.000000, 66.000000, 71.057510, 78.703056, 11.576279, 15.843295, 16.810776
25.000000, 276.00000, 52.999996, 66.000000, 71.034340, 78.671906, 11.576279, 15.843295, 16.810776
24.999998, 275.99997, 53.000000, 66.000000, 71.011688, 78.641518, 11.576280, 15.843295, 16.810776
25.000000, 276.00000, 53.000000, 66.000000, 70.988762, 78.610786, 11.576280, 15.843294, 16.810776
25.000000, 276.00003, 53.000000, 66.000000, 70.965569, 78.579796, 11.576283, 15.843294, 16.810776
25.000000, 276.00000, 53.000000, 65.999992, 70.942574, 78.549118, 11.576282, 15.843294, 16.810776
24.999998, 275.99997, 53.000000, 66.000000, 70.925774, 78.526817, 11.576283, 15.843294, 16.810776
25.000000, 276.00000, 53.000000, 66.000000, 70.923080, 78.523514, 11.576284, 15.843294, 16.810776
24.999998, 275.99997, 53.000000, 66.000000, 70.920265, 78.520050, 11.576284, 15.843294, 16.810776
25.000000, 276.00000, 53.000000, 66.000000, 70.912216, 78.509521, 11.576288, 15.843294, 16.810776
25.000004, 276.00003, 53.000000, 65.999992, 70.896027, 78.488083, 11.576285, 15.843295, 16.810776
25.000002, 276.00000, 53.000000, 66.000000, 70.871498, 78.455444, 11.576286, 15.843295, 16.810776
25.000002, 276.00000, 53.000000, 65.999992, 70.842697, 78.417130, 11.576284, 15.843295, 16.810776
25.000000, 276.00000, 53.000000, 66.000000, 70.816177, 78.381966, 11.576286, 15.843295, 16.810776
24.999998, 276.00003, 53.000000, 66.000000, 70.791100, 78.348778, 11.576288, 15.843295, 16.810776
24.999998, 276.00000, 53.000008, 66.000008, 70.765480, 78.314926, 11.576289, 15.843295, 16.810776
25.000002, 276.00003, 53.000000, 66.000000, 70.740913, 78.282578, 11.576290, 15.843295, 16.810776
25.000000, 276.00003, 53.000000, 66.000000, 70.716667, 78.250717, 11.576297, 15.843295, 16.810776
24.999998, 276.00003, 52.999996, 66.000000, 70.691597, 78.217796, 11.576298, 15.843295, 16.810776
24.999998, 275.99997, 53.000000, 65.999992, 70.665276, 78.183220, 11.576298, 15.843295, 16.810776
25.000000, 276.00000, 53.000000, 66.000000, 70.638985, 78.148773, 11.576298, 15.843295, 16.810776
25.000000, 275.99997, 53.000000, 66.000000, 70.612061, 78.113510, 11.576297, 15.843295, 16.810776
25.000002, 275.99997, 53.000004, 66.000000, 70.584106, 78.076958, 11.576299, 15.843295, 16.810776
24.999998, 275.99997, 53.000004, 66.000000, 70.556610, 78.041077, 11.576303, 15.843295, 16.810776
25.000000, 275.99997, 53.000004, 65.999992, 70.531410, 78.008293, 11.576305, 15.843295, 16.810776
25.000002, 275.99997, 53.000000, 66.000008, 70.507591, 77.977501, 11.576310, 15.843295, 16.810776
25.000000, 275.99997, 53.000004, 65.999992, 70.485298, 77.948776, 11.576315, 15.843295, 16.810776
25.000002, 275.99997, 53.000000, 66.000000, 70.463425, 77.920677, 11.576318, 15.843295, 16.810776
24.999998, 275.99997, 52.999996, 65.999992, 70.440666, 77.891472, 11.576316, 15.843295, 16.810776
25.000000, 276.00000, 53.000000, 66.000000, 70.417381, 77.861580, 11.576319, 15.843295, 16.810776
25.000002, 276.00000, 53.000000, 65.999992, 70.392250, 77.829239, 11.576319, 15.843295, 16.810776
25.000002, 276.00000, 53.000000, 66.000008, 70.367775, 77.797874, 11.576315, 15.843295, 16.810776
25.000002, 276.00000, 53.000000, 66.000008, 70.343132, 77.766327, 11.576318, 15.843295, 16.810776
25.000000, 276.00000, 53.000004, 66.000000, 70.322685, 77.740463, 11.576319, 15.843295, 16.810776
25.000002, 276.00000, 53.000004, 66.000008, 70.297134, 77.707794, 11.576323, 15.843295, 16.810776
25.000000, 275.99997, 52.999996, 66.000000, 70.272400, 77.676247, 11.576318, 15.843295, 16.810776
25.000000, 276.00003, 53.000000, 65.999992, 70.244972, 77.641174, 11.576323, 15.843295, 16.810776
25.000000, 276.00003, 53.000000, 66.000000, 70.217110, 77.605530, 11.576326, 15.843295, 16.810776
25.000002, 276.00000, 53.000004, 66.000008, 70.192001, 77.573685, 11.576323, 15.843295, 16.810776
24.999998, 276.00003, 52.999996, 66.000008, 70.165688, 77.540245, 11.576324, 15.843295, 16.810776
25.000000, 276.00003, 52.999996, 66.000000, 70.144791, 77.514183, 11.576324, 15.843295, 16.810776
25.000000, 276.00003, 52.999996, 66.000000, 70.119942, 77.482841, 11.576326, 15.843295, 16.810776
25.000002, 276.00000, 52.999996, 66.000000, 70.092384, 77.447891, 11.576329, 15.843295, 16.810776
25.000000, 276.00003, 52.999996, 66.000000, 70.066719, 77.415535, 11.576330, 15.843295, 16.810776
25.000002, 276.00003, 53.000000, 66.000000, 70.043068, 77.385971, 11.576324, 15.843295, 16.810776
25.000000, 276.00003, 53.000000, 66.000000, 70.019165, 77.356094, 11.576322, 15.843295, 16.810776
24.999998, 275.99997, 53.000000, 66.000000, 69.997673, 77.329529, 11.576324, 15.843295, 16.810776
25.000002, 276.00006, 53.000004, 65.999992, 69.977592, 77.304909, 11.576329, 15.843295, 16.810776
25.000002, 276.00003, 53.000000, 66.000000, 69.959846, 77.283531, 11.576326, 15.843295, 16.810776
25.000002, 276.00000, 53.000000, 65.999992, 69.942535, 77.262756, 11.576327, 15.843295, 16.810776
25.000000, 275.99997, 53.000000, 66.000000, 69.923157, 77.239220, 11.576328, 15.843295, 16.810776
25.000000, 276.00000, 53.000000, 66.000000, 69.900635, 77.211525, 11.576324, 15.843295, 16.810776
25.000002, 276.00003, 53.000000, 66.000000, 69.878792, 77.184776, 11.576324, 15.843295, 16.810776
25.000000, 276.00000, 53.000000, 66.000000, 69.861435, 77.164139, 11.576322, 15.843295, 16.810776
