3.3033235, 4826.1558, -1.6128833, -2356.4226, 122.85525, 8461.8496, 125.73003, 384.94308, 796.65802, 772.90515, 372.95380, 16378.409, 9587.8379, 5441.9033
3.6407371, 5319.1167, -1.4059143, -2054.0408, 135.84019, 8560.7227, 134.92461, 416.89505, 951.61975, 769.09137, 417.60712, 16157.668, 9591.9434, 5940.1084
3.8161590, 5575.4082, -1.2758391, -1864.0009, 140.11900, 8676.1748, 137.69456, 438.96463, 982.74774, 780.45715, 434.40854, 15959.436, 9595.6611, 6094.7334
3.8855236, 5676.7500, -1.2343098, -1803.3267, 142.77530, 8799.0381, 138.81087, 452.71362, 994.55060, 789.41125, 440.63873, 15777.018, 9598.9473, 6206.6147
3.9243896, 5733.5332, -1.2139066, -1773.5176, 143.92796, 8922.6924, 139.23535, 460.82971, 1001.8027, 796.58716, 444.01422, 15606.962, 9601.8203, 6282.7358
3.9528396, 5775.0986, -1.2017123, -1755.7015, 145.58247, 9045.8398, 139.72530, 466.52036, 1005.8599, 801.35730, 445.82678, 15446.766, 9604.3633, 6355.1133
3.9742103, 5806.3213, -1.1974975, -1749.5438, 147.10173, 9167.9375, 140.26044, 471.13651, 1010.1404, 806.14099, 447.24866, 15295.235, 9606.6172, 6430.0688
3.9908705, 5830.6616, -1.1927603, -1742.6228, 147.93874, 9287.3711, 140.74777, 474.73364, 1014.1991, 810.74127, 448.59842, 15152.194, 9608.5693, 6481.8735
4.0014997, 5846.1909, -1.1880158, -1735.6910, 148.23073, 9402.3838, 141.00844, 477.44653, 1017.7078, 814.94238, 449.83035, 15017.230, 9610.2949, 6505.8667
4.0088067, 5856.8667, -1.1822838, -1727.3167, 148.56462, 9511.5986, 141.21814, 479.49594, 1020.4791, 818.57227, 450.76733, 14889.508, 9611.7979, 6521.0259
4.0136523, 5863.9458, -1.1783098, -1721.5106, 148.64507, 9614.7266, 141.37914, 481.09338, 1022.9270, 821.90558, 451.56329, 14768.950, 9613.1133, 6529.6196
4.0173674, 5869.3740, -1.1753652, -1717.2086, 148.82423, 9712.3984, 141.57748, 482.31757, 1025.1952, 824.99292, 452.22977, 14654.896, 9614.2832, 6536.8271
4.0220833, 5876.2637, -1.1742730, -1715.6129, 149.05066, 9805.1289, 141.76144, 483.46951, 1027.2811, 827.87988, 452.87097, 14547.040, 9615.2959, 6549.1753
4.0251198, 5880.6997, -1.1725847, -1713.1462, 149.10994, 9892.5068, 141.87932, 484.34937, 1029.0656, 830.48944, 453.39661, 14445.112, 9616.1885, 6554.7144
4.0279846, 5884.8857, -1.1720157, -1712.3148, 149.23927, 9974.7715, 142.02634, 485.13937, 1030.7698, 832.95428, 453.86655, 14348.733, 9616.9814, 6561.7061
4.0304632, 5888.5068, -1.1712441, -1711.1877, 149.43303, 10052.262, 142.20795, 485.87946, 1032.3059, 835.23193, 454.31195, 14257.633, 9617.6611, 6569.0005
4.0324950, 5891.4751, -1.1704024, -1709.9579, 149.54170, 10125.332, 142.32767, 486.50150, 1033.7345, 837.38019, 454.70239, 14171.587, 9618.2578, 6574.3545
4.0342240, 5894.0015, -1.1694945, -1708.6315, 149.62239, 10193.977, 142.42065, 487.00211, 1034.9303, 839.28900, 455.02313, 14090.398, 9618.7852, 6578.5903
4.0357928, 5896.2935, -1.1690838, -1708.0315, 149.69124, 10258.734, 142.51733, 487.47324, 1036.0383, 841.05499, 455.30356, 14013.696, 9619.2441, 6584.6636
4.0373445, 5898.5601, -1.1690546, -1707.9889, 149.86411, 10320.164, 142.65257, 488.01852, 1037.2278, 842.77087, 455.55505, 13941.244, 9619.6484, 6595.4131
4.0388966, 5900.8276, -1.1687526, -1707.5475, 149.99353, 10378.250, 142.74652, 488.50305, 1038.3334, 844.42004, 455.82388, 13872.720, 9620.0000, 6602.8447
4.0408006, 5903.6099, -1.1686455, -1707.3911, 150.16377, 10433.154, 142.87468, 489.01096, 1039.4330, 846.00427, 456.08667, 13807.978, 9620.2998, 6612.2212
4.0423837, 5905.9224, -1.1682717, -1706.8450, 150.20859, 10484.738, 142.93423, 489.40836, 1040.3920, 847.48523, 456.34256, 13746.776, 9620.5439, 6618.2437
4.0434217, 5907.4395, -1.1680157, -1706.4709, 150.35130, 10533.262, 143.04202, 489.75735, 1041.2063, 848.79639, 456.55487, 13688.765, 9620.7539, 6621.7764
4.0448999, 5909.5986, -1.1684376, -1707.0874, 150.56326, 10579.232, 143.17155, 490.18411, 1042.0574, 850.03687, 456.73239, 13633.781, 9620.9355, 6629.7422
4.0463524, 5911.7207, -1.1686331, -1707.3729, 150.65437, 10622.779, 143.24864, 490.57275, 1042.8976, 851.27344, 456.95020, 13581.667, 9621.0938, 6635.7222
4.0472689, 5913.0596, -1.1685865, -1707.3048, 150.64813, 10663.793, 143.28850, 490.88239, 1043.6837, 852.44385, 457.14511, 13532.358, 9621.2314, 6639.3179
4.0481944, 5914.4121, -1.1684619, -1707.1228, 150.72809, 10702.421, 143.35616, 491.15433, 1044.3339, 853.47675, 457.27954, 13485.666, 9621.3486, 6643.0522
4.0490952, 5915.7280, -1.1685283, -1707.2198, 150.79611, 10738.846, 143.41881, 491.41443, 1044.9879, 854.48773, 457.42676, 13441.550, 9621.4531, 6647.5298
4.0499258, 5916.9419, -1.1687919, -1707.6050, 150.88141, 10773.300, 143.49071, 491.68744, 1045.6227, 855.43195, 457.55539, 13399.776, 9621.5449, 6652.0913
4.0511837, 5918.7793, -1.1686846, -1707.4481, 151.03069, 10805.942, 143.56383, 491.96619, 1046.0422, 856.20386, 457.63025, 13360.104, 9621.6260, 6658.8408
4.0517488, 5919.6050, -1.1688733, -1707.7239, 151.04286, 10836.683, 143.59738, 492.17963, 1046.5696, 857.04095, 457.74612, 13322.516, 9621.6953, 6661.3862
4.0520701, 5920.0742, -1.1692328, -1708.2493, 151.02248, 10865.482, 143.60953, 492.35330, 1047.3018, 858.02032, 457.92010, 13286.944, 9621.7520, 6664.1997
4.0526495, 5920.9209, -1.1689250, -1707.7994, 150.99590, 10892.424, 143.63417, 492.50140, 1047.7448, 858.75238, 458.03235, 13253.322, 9621.8037, 6665.2646
4.0529766, 5921.3989, -1.1689092, -1707.7764, 151.03239, 10917.542, 143.66653, 492.63654, 1048.1644, 859.43713, 458.11633, 13221.449, 9621.8516, 6666.5762
4.0537295, 5922.4990, -1.1692315, -1708.2472, 151.25832, 10941.216, 143.79431, 492.83765, 1048.4885, 859.98822, 458.17511, 13191.121, 9621.8945, 6670.3369
4.0548997, 5924.2085, -1.1698700, -1709.1802, 151.33746, 10963.911, 143.84998, 493.09634, 1048.9421, 860.61279, 458.24966, 13162.212, 9621.9346, 6677.5142
4.0557966, 5925.5190, -1.1704322, -1710.0015, 151.37178, 10985.562, 143.88704, 493.34549, 1049.4354, 861.27075, 458.37311, 13134.671, 9621.9746, 6682.6997
4.0564666, 5926.4976, -1.1705821, -1710.2203, 151.44797, 11006.104, 143.92844, 493.53836, 1049.8385, 861.86188, 458.46313, 13108.413, 9622.0107, 6685.9082
4.0567975, 5926.9810, -1.1705282, -1710.1417, 151.44533, 11025.397, 143.94481, 493.66830, 1050.1893, 862.41150, 458.54803, 13083.432, 9622.0449, 6686.8491
4.0571661, 5927.5200, -1.1704820, -1710.0742, 151.41960, 11043.521, 143.95216, 493.76971, 1050.4681, 862.89282, 458.61743, 13059.690, 9622.0771, 6688.2568
4.0576391, 5928.2104, -1.1708146, -1710.5602, 151.51799, 11060.669, 144.00703, 493.90863, 1050.7915, 863.36951, 458.66620, 13037.215, 9622.1064, 6691.0796
4.0581784, 5928.9990, -1.1708399, -1710.5970, 151.50891, 11076.908, 144.01895, 494.04080, 1051.0183, 863.76233, 458.69635, 13015.910, 9622.1318, 6694.9282
4.0578623, 5928.5371, -1.1707435, -1710.4562, 151.47554, 11091.917, 144.02173, 494.08179, 1051.2722, 864.18134, 458.76334, 12995.732, 9622.1553, 6691.2744
4.0579429, 5928.6548, -1.1707829, -1710.5139, 151.53419, 11105.966, 144.05658, 494.13385, 1051.5155, 864.57690, 458.80121, 12976.529, 9622.1758, 6691.9619
4.0584741, 5929.4307, -1.1708081, -1710.5505, 151.55484, 11119.408, 144.07471, 494.23196, 1051.7251, 864.91095, 458.80515, 12958.141, 9622.1963, 6697.2280
4.0583653, 5929.2715, -1.1708238, -1710.5736, 151.55501, 11131.909, 144.08369, 494.28513, 1051.9060, 865.22821, 458.83148, 12940.743, 9622.2158, 6696.2407
4.0584469, 5929.3906, -1.1709551, -1710.7653, 151.59526, 11143.654, 144.10988, 494.34430, 1052.1006, 865.54657, 458.85376, 12924.162, 9622.2324, 6697.1816
4.0589962, 5930.1934, -1.1714884, -1711.5446, 151.61127, 11154.853, 144.13458, 494.45901, 1052.4099, 865.92505, 458.92630, 12908.396, 9622.2480, 6700.7275
4.0590510, 5930.2734, -1.1711878, -1711.1053, 151.61819, 11165.289, 144.14009, 494.50034, 1052.5402, 866.18616, 458.95258, 12893.330, 9622.2627, 6699.6382
4.0592742, 5930.5996, -1.1715449, -1711.6271, 151.62756, 11175.211, 144.16086, 494.58246, 1052.7743, 866.49506, 458.99377, 12878.947, 9622.2764, 6702.1001
4.0592804, 5930.6089, -1.1713835, -1711.3914, 151.63324, 11184.388, 144.16785, 494.61719, 1052.9015, 866.73901, 459.01434, 12865.205, 9622.2900, 6701.3232
4.0592046, 5930.4976, -1.1713592, -1711.3558, 151.62703, 11192.911, 144.17525, 494.63925, 1053.0118, 866.95251, 459.02502, 12852.104, 9622.3027, 6700.9902
4.0593967, 5930.7783, -1.1715698, -1711.6635, 151.68401, 11200.974, 144.18639, 494.68958, 1053.1366, 867.16119, 459.03998, 12839.574, 9622.3135, 6702.5796
4.0593185, 5930.6641, -1.1715422, -1711.6230, 151.62990, 11208.534, 144.19168, 494.72379, 1053.2676, 867.36536, 459.05191, 12827.544, 9622.3213, 6703.5674
4.0590572, 5930.2827, -1.1714708, -1711.5188, 151.61723, 11215.438, 144.18787, 494.71762, 1053.3254, 867.51843, 459.05402, 12815.979, 9622.3281, 6701.0825
4.0591769, 5930.4575, -1.1717052, -1711.8613, 151.67125, 11221.951, 144.20097, 494.74927, 1053.4359, 867.69312, 459.06012, 12804.882, 9622.3350, 6702.9385
4.0593467, 5930.7056, -1.1719034, -1712.1508, 151.71458, 11228.184, 144.22055, 494.80893, 1053.5546, 867.86334, 459.06473, 12794.295, 9622.3408, 6704.6616
4.0593987, 5930.7817, -1.1719791, -1712.2614, 151.67853, 11234.092, 144.22197, 494.84940, 1053.6770, 868.04633, 459.08679, 12784.140, 9622.3457, 6705.3247
4.0592227, 5930.5244, -1.1720486, -1712.3629, 151.67047, 11239.562, 144.23404, 494.86591, 1053.7883, 868.20990, 459.09995, 12774.420, 9622.3506, 6704.1919
4.0592217, 5930.5229, -1.1719778, -1712.2595, 151.67883, 11244.640, 144.22964, 494.87466, 1053.8245, 868.31641, 459.09491, 12765.114, 9622.3545, 6703.9438
4.0591865, 5930.4712, -1.1720476, -1712.3616, 151.70023, 11249.442, 144.23987, 494.89688, 1053.8788, 868.42432, 459.08319, 12756.170, 9622.3564, 6705.3433
4.0592427, 5930.5537, -1.1722445, -1712.6493, 151.74107, 11253.982, 144.25221, 494.93155, 1053.9696, 868.55548, 459.08685, 12747.611, 9622.3584, 6706.1919
4.0594225, 5930.8164, -1.1724089, -1712.8895, 151.75821, 11258.362, 144.26456, 494.98602, 1054.0750, 868.69550, 459.09836, 12739.396, 9622.3594, 6708.4839
4.0593553, 5930.7183, -1.1723937, -1712.8672, 151.74767, 11262.451, 144.26385, 495.00537, 1054.1251, 868.79651, 459.10165, 12731.544, 9622.3604, 6707.8120
4.0593042, 5930.6436, -1.1724559, -1712.9580, 151.71837, 11266.238, 144.25833, 495.01349, 1054.1658, 868.88477, 459.10013, 12723.999, 9622.3613, 6707.9648
4.0590134, 5930.2183, -1.1724104, -1712.8915, 151.69713, 11269.646, 144.25473, 494.99597, 1054.1934, 868.96301, 459.09552, 12716.776, 9622.3623, 6705.9292
4.0591283, 5930.3867, -1.1726488, -1713.2399, 151.76602, 11272.922, 144.27641, 495.02188, 1054.2792, 869.06915, 459.09122, 12709.869, 9622.3633, 6707.9160
4.0591588, 5930.4307, -1.1727556, -1713.3960, 151.70848, 11276.059, 144.26701, 495.04361, 1054.3186, 869.14392, 459.09961, 12703.286, 9622.3633, 6708.3945
4.0589318, 5930.0996, -1.1726865, -1713.2949, 151.70207, 11278.924, 144.26311, 495.03571, 1054.3422, 869.20898, 459.09015, 12696.955, 9622.3633, 6707.0210
4.0588098, 5929.9214, -1.1728367, -1713.5144, 151.75650, 11281.565, 144.27884, 495.04578, 1054.3983, 869.28815, 459.08188, 12690.891, 9622.3633, 6707.1104
4.0588064, 5929.9160, -1.1728814, -1713.5797, 151.75998, 11284.030, 144.28189, 495.05630, 1054.4344, 869.35431, 459.07812, 12685.064, 9622.3633, 6707.2012
4.0588236, 5929.9414, -1.1730570, -1713.8363, 151.70502, 11286.442, 144.27213, 495.06866, 1054.4622, 869.40985, 459.08350, 12679.509, 9622.3633, 6707.6953
4.0587006, 5929.7612, -1.1730939, -1713.8903, 151.74100, 11288.607, 144.27657, 495.07336, 1054.4894, 869.46234, 459.07144, 12674.213, 9622.3633, 6707.4575
4.0585709, 5929.5718, -1.1730704, -1713.8558, 151.71173, 11290.606, 144.27539, 495.06497, 1054.5101, 869.51202, 459.06616, 12669.186, 9622.3633, 6707.0029
4.0585985, 5929.6123, -1.1732478, -1714.1151, 151.76956, 11292.573, 144.29185, 495.08704, 1054.5603, 869.57288, 459.05725, 12664.416, 9622.3633, 6708.5137
4.0587130, 5929.7793, -1.1734407, -1714.3969, 151.76115, 11294.477, 144.29030, 495.11725, 1054.6184, 869.63995, 459.07187, 12659.893, 9622.3633, 6708.9268
4.0586524, 5929.6914, -1.1734202, -1714.3669, 151.75717, 11296.229, 144.29108, 495.12604, 1054.6439, 869.68427, 459.06998, 12655.605, 9622.3633, 6708.5928
4.0586281, 5929.6558, -1.1734599, -1714.4249, 151.75826, 11297.920, 144.29346, 495.13489, 1054.6687, 869.72894, 459.06772, 12651.497, 9622.3633, 6708.7109
4.0584359, 5929.3750, -1.1733640, -1714.2849, 151.72244, 11299.409, 144.28853, 495.12054, 1054.6566, 869.74664, 459.05231, 12647.564, 9622.3633, 6707.9673
4.0583487, 5929.2471, -1.1733851, -1714.3157, 151.73523, 11300.772, 144.28665, 495.11072, 1054.6676, 869.77887, 459.04282, 12643.807, 9622.3633, 6707.7666
4.0584607, 5929.4111, -1.1736995, -1714.7749, 151.72449, 11302.120, 144.28563, 495.13300, 1054.7031, 869.81909, 459.04984, 12640.214, 9622.3633, 6708.5752
4.0584235, 5929.3569, -1.1736685, -1714.7296, 151.73552, 11303.390, 144.29074, 495.14337, 1054.7264, 869.85730, 459.04495, 12636.747, 9622.3633, 6708.8584
4.0582118, 5929.0474, -1.1736461, -1714.6970, 151.72449, 11304.486, 144.29199, 495.13828, 1054.7388, 869.88202, 459.03503, 12633.432, 9622.3633, 6707.9614
4.0581393, 5928.9414, -1.1736456, -1714.6963, 151.76660, 11305.547, 144.29767, 495.13733, 1054.7501, 869.90839, 459.02353, 12630.242, 9622.3633, 6707.9653
4.0585642, 5929.5620, -1.1741519, -1715.4359, 151.82968, 11306.814, 144.32132, 495.20969, 1054.8698, 869.99866, 459.04141, 12627.227, 9622.3633, 6711.9707
4.0585899, 5929.6001, -1.1739031, -1715.0724, 151.76863, 11307.913, 144.30292, 495.21310, 1054.8497, 870.01239, 459.05170, 12624.386, 9622.3633, 6710.7817
4.0584502, 5929.3960, -1.1739913, -1715.2013, 151.79819, 11308.945, 144.31883, 495.21735, 1054.8905, 870.05286, 459.04556, 12621.666, 9622.3633, 6710.5298
4.0586462, 5929.6821, -1.1742158, -1715.5293, 151.82416, 11310.060, 144.32292, 495.25790, 1054.9510, 870.10364, 459.05231, 12619.093, 9622.3633, 6712.4937
4.0588417, 5929.9678, -1.1743028, -1715.6565, 151.84396, 11311.168, 144.33357, 495.29428, 1054.9877, 870.13947, 459.05127, 12616.637, 9622.3633, 6713.3232
4.0589457, 5930.1196, -1.1742190, -1715.5341, 151.84436, 11312.277, 144.32861, 495.31958, 1054.9603, 870.12866, 459.03067, 12614.276, 9622.3633, 6714.7881
4.0588760, 5930.0176, -1.1743981, -1715.7955, 151.80316, 11313.334, 144.32869, 495.33621, 1054.9744, 870.14771, 459.02844, 12612.016, 9622.3633, 6714.2207
4.0586414, 5929.6753, -1.1742470, -1715.5750, 151.80528, 11314.206, 144.33009, 495.31406, 1054.9860, 870.18280, 459.03394, 12609.866, 9622.3633, 6712.9087
4.0582142, 5929.0513, -1.1739690, -1715.1688, 151.76332, 11314.683, 144.30405, 495.24060, 1054.9443, 870.18665, 459.03754, 12607.812, 9622.3633, 6709.0186
4.0581627, 5928.9756, -1.1740665, -1715.3113, 151.73192, 11315.132, 144.29553, 495.21082, 1054.9036, 870.16852, 459.02133, 12605.830, 9622.3633, 6709.4287
4.0579405, 5928.6514, -1.1740400, -1715.2725, 151.73831, 11315.492, 144.29657, 495.18808, 1054.8909, 870.16498, 459.00256, 12603.903, 9622.3633, 6708.9414
4.0581775, 5928.9976, -1.1744312, -1715.8440, 151.78667, 11316.013, 144.31999, 495.23462, 1054.9795, 870.22253, 459.01163, 12602.044, 9622.3633, 6711.3237
4.0580339, 5928.7876, -1.1741890, -1715.4901, 151.72507, 11316.316, 144.29903, 495.21283, 1054.9541, 870.22003, 459.01828, 12600.277, 9622.3633, 6708.7451
4.0579934, 5928.7280, -1.1742245, -1715.5420, 151.78203, 11316.609, 144.31209, 495.20776, 1054.9487, 870.22583, 459.00009, 12598.579, 9622.3633, 6709.7671
4.0582318, 5929.0767, -1.1744868, -1715.9252, 151.76064, 11317.075, 144.30858, 495.24835, 1054.9868, 870.24121, 459.00067, 12596.937, 9622.3633, 6711.6724
4.0579505, 5928.6655, -1.1742402, -1715.5649, 151.77750, 11317.320, 144.31322, 495.22845, 1054.9702, 870.24878, 458.99484, 12595.368, 9622.3633, 6709.8901
4.0578375, 5928.5005, -1.1742513, -1715.5812, 151.72571, 11317.470, 144.29300, 495.20578, 1054.9408, 870.23291, 458.99280, 12593.856, 9622.3633, 6708.4844
4.0578480, 5928.5161, -1.1744268, -1715.8375, 151.77031, 11317.682, 144.30554, 495.21268, 1054.9617, 870.24994, 458.98441, 12592.390, 9622.3633, 6709.7461
4.0581870, 5929.0112, -1.1747133, -1716.2560, 151.82031, 11318.091, 144.32562, 495.27579, 1055.0282, 870.27863, 458.98041, 12590.974, 9622.3633, 6712.8003
4.0579486, 5928.6626, -1.1743956, -1715.7920, 151.72449, 11318.271, 144.29797, 495.24207, 1054.9812, 870.26935, 458.99344, 12589.647, 9622.3633, 6709.5972
4.0576873, 5928.2812, -1.1743389, -1715.7092, 151.76733, 11318.366, 144.30598, 495.21649, 1054.9650, 870.26648, 458.97064, 12588.348, 9622.3633, 6709.2964
4.0580368, 5928.7920, -1.1747869, -1716.3638, 151.78600, 11318.694, 144.32202, 495.27032, 1055.0216, 870.28473, 458.96933, 12587.092, 9622.3633, 6712.2090
4.0578580, 5928.5308, -1.1745447, -1716.0098, 151.78609, 11318.868, 144.31508, 495.25092, 1055.0177, 870.30341, 458.97617, 12585.896, 9622.3633, 6710.5962
4.0579119, 5928.6094, -1.1746064, -1716.1000, 151.77924, 11319.050, 144.31151, 495.25189, 1055.0142, 870.30627, 458.97598, 12584.749, 9622.3633, 6710.9282
4.0578823, 5928.5659, -1.1746525, -1716.1672, 151.75934, 11319.222, 144.30682, 495.25250, 1055.0205, 870.31207, 458.97617, 12583.640, 9622.3633, 6711.0083
4.0579262, 5928.6299, -1.1747746, -1716.3458, 151.80490, 11319.431, 144.32480, 495.27368, 1055.0715, 870.34576, 458.97977, 12582.555, 9622.3633, 6711.4512
4.0582342, 5929.0801, -1.1748984, -1716.5266, 151.79317, 11319.861, 144.32686, 495.32431, 1055.0498, 870.31360, 458.95526, 12581.488, 9622.3633, 6713.8442
4.0578618, 5928.5361, -1.1747434, -1716.3002, 151.76389, 11320.015, 144.31165, 495.28949, 1055.0554, 870.34290, 458.97549, 12580.470, 9622.3633, 6711.3965
4.0577502, 5928.3730, -1.1746050, -1716.0979, 151.76740, 11320.075, 144.30540, 495.25940, 1055.0250, 870.33411, 458.96872, 12579.506, 9622.3633, 6710.2671
4.0579119, 5928.6094, -1.1748395, -1716.4404, 151.76558, 11320.303, 144.31209, 495.28198, 1055.0474, 870.33655, 458.95956, 12578.570, 9622.3633, 6711.9170
4.0575414, 5928.0679, -1.1746266, -1716.1295, 151.76541, 11320.273, 144.30630, 495.24347, 1055.0221, 870.33441, 458.95844, 12577.671, 9622.3633, 6709.0449
4.0578198, 5928.4751, -1.1748630, -1716.4747, 151.75943, 11320.482, 144.30824, 495.27203, 1055.0382, 870.33386, 458.94952, 12576.788, 9622.3633, 6711.7383
4.0575399, 5928.0659, -1.1747411, -1716.2968, 151.79031, 11320.468, 144.31480, 495.24594, 1055.0347, 870.34454, 458.94711, 12575.948, 9622.3633, 6709.7993
4.0577307, 5928.3447, -1.1748846, -1716.5063, 151.77649, 11320.591, 144.30804, 495.25916, 1055.0420, 870.34979, 458.95340, 12575.148, 9622.3633, 6711.2363
4.0575228, 5928.0405, -1.1747055, -1716.2448, 151.72258, 11320.565, 144.29904, 495.23520, 1055.0084, 870.33185, 458.94815, 12574.381, 9622.3633, 6709.1279
4.0574436, 5927.9253, -1.1748587, -1716.4686, 151.80505, 11320.588, 144.32402, 495.24722, 1055.0515, 870.35242, 458.93246, 12573.621, 9622.3633, 6710.4585
4.0576587, 5928.2393, -1.1748853, -1716.5073, 151.73564, 11320.653, 144.29938, 495.25021, 1055.0168, 870.33459, 458.94360, 12572.917, 9622.3633, 6710.8477
4.0574846, 5927.9854, -1.1748549, -1716.4630, 151.78386, 11320.671, 144.31238, 495.24683, 1055.0217, 870.33820, 458.92938, 12572.225, 9622.3633, 6710.5117
4.0575891, 5928.1377, -1.1749074, -1716.5398, 151.73642, 11320.697, 144.29579, 495.24539, 1055.0076, 870.33032, 458.93423, 12571.562, 9622.3633, 6710.6001
4.0574775, 5927.9746, -1.1750050, -1716.6823, 151.79881, 11320.735, 144.31938, 495.25589, 1055.0579, 870.36060, 458.93069, 12570.918, 9622.3633, 6710.7817
4.0575619, 5928.0981, -1.1750036, -1716.6803, 151.79248, 11320.811, 144.31732, 495.26569, 1055.0720, 870.37048, 458.93866, 12570.303, 9622.3633, 6710.8354
4.0576191, 5928.1812, -1.1749818, -1716.6484, 151.78519, 11320.894, 144.31102, 495.26773, 1055.0504, 870.36230, 458.93613, 12569.726, 9622.3633, 6711.2471
4.0575809, 5928.1260, -1.1750146, -1716.6964, 151.78419, 11320.979, 144.31104, 495.26852, 1055.0491, 870.36273, 458.93295, 12569.174, 9622.3633, 6711.2134
4.0576324, 5928.2012, -1.1751590, -1716.9073, 151.82062, 11321.110, 144.32222, 495.28998, 1055.0929, 870.38812, 458.93527, 12568.643, 9622.3633, 6712.0381
4.0580001, 5928.7378, -1.1752216, -1716.9987, 151.85016, 11321.459, 144.33127, 495.34042, 1055.0830, 870.37122, 458.91260, 12568.109, 9622.3633, 6715.1226
4.0576000, 5928.1533, -1.1750294, -1716.7179, 151.77794, 11321.508, 144.30943, 495.29608, 1055.0647, 870.37939, 458.93488, 12567.627, 9622.3633, 6711.1826
4.0573297, 5927.7583, -1.1748104, -1716.3979, 151.77138, 11321.362, 144.30489, 495.24518, 1055.0162, 870.35284, 458.91788, 12567.163, 9622.3633, 6709.5273
4.0576410, 5928.2134, -1.1752342, -1717.0172, 151.80252, 11321.527, 144.32713, 495.29620, 1055.0668, 870.36511, 458.90771, 12566.691, 9622.3633, 6713.0181
4.0578470, 5928.5146, -1.1753401, -1717.1719, 151.83330, 11321.781, 144.32898, 495.33685, 1055.0817, 870.36987, 458.90222, 12566.223, 9622.3633, 6714.2822
4.0577803, 5928.4170, -1.1753675, -1717.2119, 151.78996, 11321.916, 144.32089, 495.33490, 1055.1212, 870.41266, 458.94016, 12565.825, 9622.3633, 6712.9751
4.0574908, 5927.9941, -1.1748496, -1716.4553, 151.73749, 11321.813, 144.29520, 495.26434, 1055.0256, 870.36554, 458.92365, 12565.439, 9622.3633, 6710.1313
4.0572667, 5927.6670, -1.1749485, -1716.5997, 151.77411, 11321.720, 144.30827, 495.24783, 1055.0354, 870.36810, 458.90881, 12565.048, 9622.3633, 6710.1787
4.0572906, 5927.7017, -1.1749957, -1716.6687, 151.72769, 11321.647, 144.29370, 495.23322, 1055.0063, 870.34875, 458.90735, 12564.666, 9622.3633, 6709.9648
4.0575027, 5928.0117, -1.1753135, -1717.1331, 151.80426, 11321.786, 144.32574, 495.28891, 1055.0750, 870.37396, 458.89999, 12564.286, 9622.3633, 6712.6733
4.0578346, 5928.4961, -1.1754162, -1717.2831, 151.84238, 11322.039, 144.33119, 495.33627, 1055.0991, 870.38696, 458.89905, 12563.918, 9622.3633, 6714.3286
4.0576115, 5928.1704, -1.1752176, -1716.9930, 151.80304, 11322.086, 144.31218, 495.30875, 1055.0995, 870.41077, 458.92673, 12563.600, 9622.3633, 6712.1641
4.0573678, 5927.8145, -1.1749771, -1716.6415, 151.76781, 11321.955, 144.30186, 495.26126, 1055.0465, 870.38147, 458.91748, 12563.294, 9622.3633, 6709.7495
4.0574150, 5927.8833, -1.1752138, -1716.9873, 151.76476, 11321.920, 144.30638, 495.26669, 1055.0590, 870.38208, 458.91159, 12562.989, 9622.3633, 6711.4238
4.0573754, 5927.8257, -1.1751958, -1716.9611, 151.77846, 11321.923, 144.31618, 495.27298, 1055.0662, 870.38434, 458.90732, 12562.688, 9622.3633, 6711.2290
4.0576458, 5928.2207, -1.1752559, -1717.0488, 151.83308, 11322.079, 144.32784, 495.30481, 1055.0758, 870.38397, 458.89362, 12562.388, 9622.3633, 6713.5234
4.0576525, 5928.2300, -1.1753899, -1717.2446, 151.79372, 11322.167, 144.31482, 495.30795, 1055.1069, 870.41498, 458.92447, 12562.125, 9622.3633, 6712.4688
4.0574913, 5927.9951, -1.1751314, -1716.8671, 151.73918, 11322.146, 144.29730, 495.28107, 1055.0581, 870.38489, 458.91779, 12561.872, 9622.3633, 6710.9111
4.0571985, 5927.5674, -1.1751237, -1716.8557, 151.80362, 11322.030, 144.31886, 495.25943, 1055.0677, 870.39276, 458.90167, 12561.616, 9622.3633, 6710.0234
4.0577240, 5928.3350, -1.1754445, -1717.3245, 151.78897, 11322.231, 144.31940, 495.31952, 1055.0770, 870.37671, 458.89337, 12561.354, 9622.3633, 6713.3564
4.0574794, 5927.9775, -1.1752841, -1717.0901, 151.76334, 11322.241, 144.30850, 495.29834, 1055.0916, 870.40582, 458.91724, 12561.118, 9622.3633, 6711.5371
4.0574384, 5927.9175, -1.1752481, -1717.0376, 151.79855, 11322.205, 144.32002, 495.29306, 1055.1019, 870.41510, 458.91220, 12560.892, 9622.3633, 6711.4805
4.0574279, 5927.9023, -1.1751635, -1716.9139, 151.73235, 11322.166, 144.29416, 495.26852, 1055.0392, 870.37732, 458.90961, 12560.673, 9622.3633, 6710.9341
4.0572729, 5927.6758, -1.1752123, -1716.9851, 151.74356, 11322.064, 144.29886, 495.25577, 1055.0444, 870.37604, 458.90207, 12560.451, 9622.3633, 6710.3779
4.0570855, 5927.4019, -1.1750381, -1716.7306, 151.72475, 11321.883, 144.29567, 495.22760, 1055.0052, 870.35425, 458.88809, 12560.229, 9622.3633, 6709.3784
4.0569887, 5927.2603, -1.1750745, -1716.7838, 151.75493, 11321.722, 144.29448, 495.21512, 1055.0026, 870.34875, 458.88354, 12560.009, 9622.3633, 6708.7378
4.0569901, 5927.2627, -1.1751744, -1716.9298, 151.72011, 11321.581, 144.29085, 495.20938, 1054.9973, 870.34332, 458.88507, 12559.795, 9622.3633, 6708.7964
4.0571156, 5927.4458, -1.1751765, -1716.9329, 151.72377, 11321.483, 144.29288, 495.21555, 1054.9968, 870.34070, 458.88455, 12559.588, 9622.3633, 6709.5283
4.0569892, 5927.2612, -1.1751263, -1716.8595, 151.74181, 11321.336, 144.29300, 495.20551, 1054.9835, 870.32935, 458.87354, 12559.379, 9622.3633, 6709.0332
4.0570397, 5927.3350, -1.1751896, -1716.9520, 151.77682, 11321.234, 144.30496, 495.21790, 1055.0033, 870.33997, 458.87064, 12559.173, 9622.3633, 6709.9751
4.0571465, 5927.4912, -1.1753191, -1717.1411, 151.79170, 11321.225, 144.31247, 495.24207, 1055.0524, 870.36804, 458.88538, 12558.987, 9622.3633, 6710.5566
4.0575752, 5928.1177, -1.1754434, -1717.3228, 151.83067, 11321.479, 144.32266, 495.30182, 1055.0724, 870.37140, 458.87918, 12558.809, 9622.3633, 6713.8877
4.0575056, 5928.0156, -1.1754529, -1717.3367, 151.78175, 11321.596, 144.31494, 495.31128, 1055.0964, 870.39447, 458.90598, 12558.666, 9622.3633, 6712.1284
4.0575786, 5928.1226, -1.1754110, -1717.2754, 151.82304, 11321.806, 144.31976, 495.32690, 1055.0958, 870.39374, 458.89291, 12558.519, 9622.3633, 6713.0903
4.0577955, 5928.4390, -1.1755686, -1717.5056, 151.80431, 11322.124, 144.32649, 495.36331, 1055.1101, 870.39191, 458.88947, 12558.368, 9622.3633, 6714.6108
4.0573997, 5927.8608, -1.1753101, -1717.1282, 151.79184, 11322.146, 144.31293, 495.31744, 1055.1040, 870.41138, 458.90631, 12558.247, 9622.3633, 6711.5933
4.0574203, 5927.8911, -1.1751972, -1716.9631, 151.73276, 11322.139, 144.29520, 495.28485, 1055.0485, 870.38312, 458.90488, 12558.139, 9622.3633, 6711.0747
4.0571465, 5927.4912, -1.1751158, -1716.8442, 151.76410, 11322.005, 144.29846, 495.25000, 1055.0214, 870.36572, 458.88651, 12558.016, 9622.3633, 6709.8804
4.0574245, 5927.8970, -1.1754534, -1717.3374, 151.80009, 11322.101, 144.31718, 495.29391, 1055.0811, 870.39062, 458.88504, 12557.885, 9622.3633, 6712.6011
4.0571876, 5927.5508, -1.1751109, -1716.8372, 151.72643, 11321.956, 144.28889, 495.25089, 1055.0090, 870.35785, 458.89044, 12557.778, 9622.3633, 6709.7891
4.0569630, 5927.2227, -1.1751152, -1716.8433, 151.73524, 11321.763, 144.29385, 495.22095, 1054.9963, 870.34564, 458.87418, 12557.657, 9622.3633, 6708.9170
4.0574107, 5927.8770, -1.1755761, -1717.5166, 151.83224, 11321.915, 144.32286, 495.29361, 1055.0939, 870.39178, 458.87936, 12557.528, 9622.3633, 6712.9868
4.0576930, 5928.2896, -1.1755738, -1717.5134, 151.79317, 11322.176, 144.31873, 495.34232, 1055.0962, 870.38660, 458.88586, 12557.415, 9622.3633, 6713.4985
4.0576601, 5928.2417, -1.1755431, -1717.4685, 151.80399, 11322.390, 144.32373, 495.36050, 1055.1028, 870.39154, 458.88211, 12557.303, 9622.3633, 6714.0132
4.0578880, 5928.5742, -1.1755409, -1717.4653, 151.85780, 11322.735, 144.33163, 495.38544, 1055.1273, 870.41742, 458.88721, 12557.202, 9622.3633, 6715.7061
4.0577464, 5928.3672, -1.1752522, -1717.0435, 151.80154, 11322.930, 144.31067, 495.36447, 1055.0690, 870.38403, 458.87909, 12557.103, 9622.3633, 6714.7847
4.0578346, 5928.4966, -1.1755257, -1717.4430, 151.84731, 11323.200, 144.32764, 495.38477, 1055.1218, 870.42157, 458.88599, 12557.010, 9622.3633, 6715.5762
4.0578141, 5928.4663, -1.1754959, -1717.3994, 151.82976, 11323.429, 144.32477, 495.38690, 1055.1406, 870.43726, 458.89774, 12556.937, 9622.3633, 6714.5435
4.0578856, 5928.5708, -1.1754503, -1717.3330, 151.84433, 11323.649, 144.33234, 495.39548, 1055.1544, 870.44922, 458.89792, 12556.872, 9622.3633, 6714.8716
4.0578570, 5928.5288, -1.1754128, -1717.2781, 151.80025, 11323.832, 144.32478, 495.38998, 1055.1318, 870.43378, 458.89886, 12556.817, 9622.3633, 6714.3379
4.0578742, 5928.5542, -1.1753515, -1717.1885, 151.80643, 11324.002, 144.31157, 495.38217, 1055.1165, 870.43152, 458.90042, 12556.764, 9622.3633, 6715.0957
4.0578547, 5928.5254, -1.1753014, -1717.1155, 151.80725, 11324.148, 144.31310, 495.37637, 1055.1021, 870.42383, 458.89243, 12556.710, 9622.3633, 6715.2300
4.0578828, 5928.5664, -1.1755198, -1717.4344, 151.84297, 11324.313, 144.33267, 495.39288, 1055.1523, 870.45819, 458.89758, 12556.657, 9622.3633, 6715.1919
4.0579329, 5928.6396, -1.1753052, -1717.1210, 151.80910, 11324.470, 144.31383, 495.38666, 1055.1240, 870.44617, 458.90381, 12556.614, 9622.3633, 6715.4429
4.0579071, 5928.6021, -1.1754116, -1717.2764, 151.80431, 11324.632, 144.32172, 495.39359, 1055.1409, 870.45520, 458.90524, 12556.570, 9622.3633, 6715.1260
4.0574865, 5927.9878, -1.1751398, -1716.8792, 151.76912, 11324.474, 144.30568, 495.33017, 1055.1188, 870.46533, 458.92316, 12556.554, 9622.3633, 6711.1602
4.0578060, 5928.4546, -1.1753918, -1717.2474, 151.84468, 11324.560, 144.33307, 495.36664, 1055.1438, 870.46118, 458.89496, 12556.509, 9622.3633, 6714.5796
4.0579629, 5928.6836, -1.1753498, -1717.1860, 151.80959, 11324.733, 144.31419, 495.38242, 1055.1317, 870.45490, 458.90607, 12556.471, 9622.3633, 6715.6606
4.0578647, 5928.5400, -1.1753757, -1717.2239, 151.80035, 11324.848, 144.32600, 495.38663, 1055.1383, 870.45551, 458.90042, 12556.429, 9622.3633, 6714.5693
4.0579515, 5928.6670, -1.1754111, -1717.2756, 151.85812, 11324.999, 144.33475, 495.39841, 1055.1625, 870.47748, 458.90176, 12556.390, 9622.3633, 6715.7915
4.0576534, 5928.2314, -1.1752495, -1717.0394, 151.78519, 11324.896, 144.31129, 495.34973, 1055.1537, 870.49542, 458.93448, 12556.396, 9622.3633, 6712.1128
4.0578680, 5928.5454, -1.1752849, -1717.0912, 151.85429, 11324.992, 144.33119, 495.37198, 1055.1388, 870.46753, 458.89636, 12556.363, 9622.3633, 6715.3120
4.0579014, 5928.5942, -1.1754313, -1717.3051, 151.83025, 11325.111, 144.32315, 495.38834, 1055.1608, 870.47949, 458.90918, 12556.338, 9622.3633, 6714.7061
4.0575948, 5928.1460, -1.1751729, -1716.9276, 151.75070, 11324.974, 144.30110, 495.33755, 1055.1320, 870.48041, 458.93341, 12556.348, 9622.3633, 6711.7983
4.0575666, 5928.1050, -1.1751757, -1716.9316, 151.80031, 11324.862, 144.30974, 495.32312, 1055.1399, 870.48865, 458.92642, 12556.350, 9622.3633, 6712.2393
4.0577583, 5928.3853, -1.1753626, -1717.2047, 151.84029, 11324.870, 144.33011, 495.35416, 1055.1626, 870.48993, 458.91321, 12556.333, 9622.3633, 6713.8115
4.0575976, 5928.1499, -1.1751449, -1716.8867, 151.73537, 11324.725, 144.29295, 495.31750, 1055.1049, 870.46063, 458.92914, 12556.341, 9622.3633, 6711.4238
4.0575113, 5928.0239, -1.1752248, -1717.0034, 151.79942, 11324.627, 144.30945, 495.31549, 1055.1079, 870.45538, 458.90417, 12556.314, 9622.3633, 6712.4478
4.0576258, 5928.1909, -1.1753594, -1717.2001, 151.79881, 11324.631, 144.32495, 495.34088, 1055.1306, 870.45825, 458.90356, 12556.286, 9622.3633, 6713.1396
4.0577083, 5928.3115, -1.1753216, -1717.1448, 151.79858, 11324.657, 144.30707, 495.34427, 1055.1245, 870.46124, 458.91028, 12556.263, 9622.3633, 6713.4800
4.0577660, 5928.3960, -1.1754131, -1717.2786, 151.80170, 11324.727, 144.32506, 495.36255, 1055.1534, 870.47394, 458.91364, 12556.242, 9622.3633, 6713.8887
4.0579767, 5928.7041, -1.1754199, -1717.2885, 151.84570, 11324.898, 144.32697, 495.38766, 1055.1580, 870.47705, 458.90689, 12556.221, 9622.3633, 6715.4946
4.0579252, 5928.6289, -1.1754023, -1717.2627, 151.82747, 11325.025, 144.32509, 495.39410, 1055.1669, 870.47986, 458.91077, 12556.200, 9622.3633, 6714.5742
4.0576310, 5928.1987, -1.1752770, -1717.0797, 151.80069, 11324.929, 144.31837, 495.35068, 1055.1627, 870.49902, 458.93124, 12556.213, 9622.3633, 6712.0615
4.0578723, 5928.5518, -1.1752950, -1717.1060, 151.84325, 11324.997, 144.32574, 495.37161, 1055.1395, 870.47003, 458.90100, 12556.189, 9622.3633, 6714.7632
4.0579944, 5928.7300, -1.1754653, -1717.3549, 151.80576, 11325.125, 144.32922, 495.39517, 1055.1617, 870.47388, 458.90811, 12556.169, 9622.3633, 6715.0591
4.0575619, 5928.0981, -1.1752049, -1716.9742, 151.79903, 11324.970, 144.31920, 495.34564, 1055.1599, 870.49786, 458.92786, 12556.178, 9622.3633, 6711.8442
4.0578890, 5928.5757, -1.1752305, -1717.0118, 151.80119, 11325.056, 144.31178, 495.36267, 1055.1110, 870.44727, 458.89932, 12556.155, 9622.3633, 6715.0742
4.0579038, 5928.5977, -1.1754963, -1717.4001, 151.85162, 11325.185, 144.33046, 495.39026, 1055.1630, 870.48260, 458.90378, 12556.130, 9622.3633, 6715.5825
4.0579691, 5928.6929, -1.1753600, -1717.2009, 151.85365, 11325.299, 144.32909, 495.39740, 1055.1656, 870.48877, 458.90805, 12556.116, 9622.3633, 6715.3740
4.0581079, 5928.8955, -1.1754781, -1717.3735, 151.79321, 11325.440, 144.32320, 495.41135, 1055.1752, 870.48853, 458.92029, 12556.110, 9622.3633, 6715.3228
4.0577674, 5928.3979, -1.1752490, -1717.0388, 151.80779, 11325.398, 144.32327, 495.37537, 1055.1709, 870.50098, 458.92392, 12556.114, 9622.3633, 6712.8350
4.0575581, 5928.0923, -1.1751201, -1716.8505, 151.77673, 11325.188, 144.30859, 495.32697, 1055.1321, 870.48895, 458.92862, 12556.133, 9622.3633, 6711.2012
4.0577922, 5928.4341, -1.1752214, -1716.9985, 151.80316, 11325.212, 144.31062, 495.34787, 1055.1024, 870.44727, 458.89658, 12556.110, 9622.3633, 6714.4844
4.0575533, 5928.0854, -1.1753833, -1717.2350, 151.79959, 11325.108, 144.31870, 495.34030, 1055.1724, 870.50604, 458.92981, 12556.116, 9622.3633, 6712.1353
4.0579090, 5928.6050, -1.1752230, -1717.0009, 151.80673, 11325.195, 144.31313, 495.36407, 1055.1210, 870.45862, 458.90463, 12556.103, 9622.3633, 6715.1104
4.0578752, 5928.5557, -1.1752901, -1717.0989, 151.80923, 11325.282, 144.31418, 495.37363, 1055.1183, 870.45374, 458.89862, 12556.078, 9622.3633, 6715.2573
4.0579004, 5928.5923, -1.1754786, -1717.3741, 151.83170, 11325.394, 144.32739, 495.39435, 1055.1755, 870.49042, 458.91080, 12556.060, 9622.3633, 6715.0591
4.0575714, 5928.1118, -1.1751068, -1716.8311, 151.73431, 11325.201, 144.29671, 495.33264, 1055.1179, 870.47510, 458.93198, 12556.082, 9622.3633, 6711.1348
4.0577641, 5928.3931, -1.1752198, -1716.9961, 151.81418, 11325.222, 144.31668, 495.35458, 1055.1084, 870.44989, 458.89407, 12556.059, 9622.3633, 6714.4883
4.0578198, 5928.4751, -1.1754400, -1717.3177, 151.84148, 11325.307, 144.33058, 495.38187, 1055.1631, 870.48126, 458.90033, 12556.033, 9622.3633, 6714.6714
4.0576653, 5928.2490, -1.1752819, -1717.0868, 151.78606, 11325.234, 144.31276, 495.35294, 1055.1688, 870.50732, 458.93814, 12556.057, 9622.3633, 6712.3726
4.0576134, 5928.1729, -1.1751668, -1716.9187, 151.79973, 11325.140, 144.31920, 495.33905, 1055.1434, 870.48401, 458.91620, 12556.060, 9622.3633, 6712.3262
4.0578046, 5928.4526, -1.1753818, -1717.2328, 151.79836, 11325.187, 144.32204, 495.36099, 1055.1613, 870.48627, 458.91888, 12556.059, 9622.3633, 6713.8325
4.0579586, 5928.6777, -1.1752417, -1717.0281, 151.80724, 11325.304, 144.31427, 495.37643, 1055.1312, 870.46466, 458.90784, 12556.047, 9622.3633, 6715.2759
4.0575047, 5928.0142, -1.1751288, -1716.8633, 151.76768, 11325.114, 144.30489, 495.32343, 1055.1191, 870.47711, 458.92352, 12556.062, 9622.3633, 6711.0845
4.0577674, 5928.3984, -1.1753083, -1717.1255, 151.85265, 11325.206, 144.33031, 495.36148, 1055.1382, 870.47046, 458.89398, 12556.037, 9622.3633, 6715.1108
4.0579348, 5928.6426, -1.1754768, -1717.3716, 151.79611, 11325.323, 144.32367, 495.38864, 1055.1635, 870.47742, 458.91223, 12556.025, 9622.3633, 6714.3887
4.0579538, 5928.6704, -1.1752598, -1717.0546, 151.81328, 11325.396, 144.31625, 495.38461, 1055.1299, 870.46326, 458.90326, 12556.011, 9622.3633, 6715.3052
4.0577769, 5928.4121, -1.1752721, -1717.0725, 151.80829, 11325.437, 144.32372, 495.37860, 1055.1237, 870.45996, 458.89709, 12555.993, 9622.3633, 6714.2095
4.0577998, 5928.4453, -1.1754518, -1717.3351, 151.84116, 11325.484, 144.32941, 495.38663, 1055.1661, 870.48859, 458.90466, 12555.975, 9622.3633, 6714.2285
4.0579767, 5928.7041, -1.1754080, -1717.2711, 151.84502, 11325.587, 144.33403, 495.40225, 1055.1886, 870.50238, 458.91168, 12555.964, 9622.3633, 6715.0498
4.0581450, 5928.9502, -1.1754410, -1717.3193, 151.86470, 11325.735, 144.33604, 495.41882, 1055.2007, 870.51666, 458.91809, 12555.964, 9622.3633, 6716.4854
4.0580621, 5928.8286, -1.1753995, -1717.2587, 151.84196, 11325.856, 144.33089, 495.41617, 1055.1927, 870.51196, 458.92078, 12555.969, 9622.3633, 6715.0859
4.0580492, 5928.8096, -1.1753303, -1717.1575, 151.86447, 11325.956, 144.33670, 495.41489, 1055.1897, 870.51312, 458.91495, 12555.967, 9622.3633, 6715.4766
4.0579610, 5928.6807, -1.1751655, -1716.9169, 151.80345, 11326.008, 144.31392, 495.39490, 1055.1454, 870.48639, 458.91440, 12555.966, 9622.3633, 6715.0059
4.0579896, 5928.7231, -1.1753267, -1717.1523, 151.84894, 11326.090, 144.33215, 495.40176, 1055.1703, 870.50189, 458.90820, 12555.960, 9622.3633, 6715.6030
4.0579176, 5928.6177, -1.1752642, -1717.0610, 151.80579, 11326.166, 144.32349, 495.40009, 1055.1627, 870.49542, 458.91489, 12555.959, 9622.3633, 6714.7798
4.0577979, 5928.4429, -1.1753001, -1717.1134, 151.81871, 11326.137, 144.32104, 495.37952, 1055.1752, 870.51489, 458.92734, 12555.977, 9622.3633, 6713.6187
4.0576410, 5928.2139, -1.1751348, -1716.8719, 151.78625, 11325.964, 144.31203, 495.34030, 1055.1547, 870.51465, 458.93784, 12556.012, 9622.3633, 6711.7676
4.0579395, 5928.6494, -1.1752448, -1717.0327, 151.84186, 11326.037, 144.32457, 495.37051, 1055.1372, 870.48804, 458.90613, 12556.007, 9622.3633, 6715.2061
4.0579710, 5928.6953, -1.1753863, -1717.2394, 151.86295, 11326.142, 144.33415, 495.39716, 1055.1798, 870.50928, 458.90942, 12556.000, 9622.3633, 6715.6040
4.0581875, 5929.0117, -1.1754082, -1717.2714, 151.80647, 11326.275, 144.33052, 495.41537, 1055.1892, 870.51282, 458.92346, 12556.006, 9622.3633, 6715.7612
4.0580111, 5928.7539, -1.1753858, -1717.2386, 151.84100, 11326.334, 144.33142, 495.41037, 1055.1938, 870.51825, 458.91925, 12556.009, 9622.3633, 6715.0928
4.0579743, 5928.7007, -1.1751531, -1716.8987, 151.80231, 11326.350, 144.30992, 495.39102, 1055.1356, 870.48669, 458.91605, 12556.015, 9622.3633, 6714.9038
4.0578408, 5928.5054, -1.1754458, -1717.3263, 151.80223, 11326.342, 144.32912, 495.39929, 1055.1858, 870.50812, 458.91769, 12556.009, 9622.3633, 6713.8403
4.0575438, 5928.0713, -1.1750716, -1716.7795, 151.73665, 11326.049, 144.29900, 495.32907, 1055.1248, 870.49323, 458.93353, 12556.035, 9622.3633, 6710.8765
4.0574398, 5927.9194, -1.1750386, -1716.7314, 151.72635, 11325.757, 144.29277, 495.29538, 1055.0952, 870.47205, 458.92401, 12556.057, 9622.3633, 6710.6479
4.0572662, 5927.6660, -1.1749163, -1716.5526, 151.72421, 11325.395, 144.28961, 495.25708, 1055.0587, 870.44806, 458.91269, 12556.067, 9622.3633, 6709.3706
4.0574389, 5927.9185, -1.1752131, -1716.9863, 151.74071, 11325.198, 144.29633, 495.27713, 1055.0908, 870.45862, 458.91696, 12556.074, 9622.3633, 6711.1436
4.0577374, 5928.3540, -1.1752496, -1717.0396, 151.84476, 11325.218, 144.32518, 495.33527, 1055.1108, 870.45752, 458.89056, 12556.052, 9622.3633, 6714.2622
4.0578427, 5928.5083, -1.1753664, -1717.2103, 151.84903, 11325.312, 144.32753, 495.37094, 1055.1387, 870.47119, 458.89703, 12556.028, 9622.3633, 6715.0010
4.0580335, 5928.7866, -1.1755062, -1717.4147, 151.84627, 11325.474, 144.33278, 495.40152, 1055.1821, 870.49799, 458.91162, 12556.016, 9622.3633, 6715.6099
4.0580072, 5928.7485, -1.1753836, -1717.2354, 151.84769, 11325.588, 144.33696, 495.40948, 1055.1936, 870.50592, 458.91418, 12556.008, 9622.3633, 6715.0562
4.0576344, 5928.2036, -1.1750889, -1716.8049, 151.73605, 11325.409, 144.29898, 495.33987, 1055.1279, 870.48511, 458.93616, 12556.033, 9622.3633, 6711.2539
4.0573711, 5927.8193, -1.1750510, -1716.7495, 151.80252, 11325.164, 144.31920, 495.30750, 1055.1444, 870.49469, 458.92325, 12556.048, 9622.3633, 6710.6089
4.0579228, 5928.6255, -1.1752378, -1717.0223, 151.80522, 11325.262, 144.31355, 495.35352, 1055.1130, 870.45142, 458.89972, 12556.032, 9622.3633, 6715.2104
4.0575504, 5928.0811, -1.1752741, -1717.0754, 151.77855, 11325.136, 144.31027, 495.33432, 1055.1479, 870.49127, 458.92859, 12556.046, 9622.3633, 6711.7295
4.0575624, 5928.0986, -1.1751864, -1716.9474, 151.80542, 11325.043, 144.32106, 495.32812, 1055.1366, 870.47797, 458.91034, 12556.038, 9622.3633, 6712.2031
4.0579238, 5928.6270, -1.1753932, -1717.2495, 151.82578, 11325.157, 144.32263, 495.37494, 1055.1587, 870.47943, 458.90979, 12556.024, 9622.3633, 6714.9380
4.0580645, 5928.8320, -1.1753831, -1717.2347, 151.81499, 11325.330, 144.31697, 495.39557, 1055.1523, 870.47662, 458.91220, 12556.017, 9622.3633, 6716.0547
4.0579166, 5928.6162, -1.1754456, -1717.3259, 151.82848, 11325.429, 144.32486, 495.40396, 1055.1886, 870.49780, 458.91760, 12556.006, 9622.3633, 6714.3872
4.0576973, 5928.2954, -1.1751646, -1716.9155, 151.75778, 11325.336, 144.30663, 495.35477, 1055.1576, 870.50159, 458.94089, 12556.033, 9622.3633, 6712.2095
4.0578485, 5928.5166, -1.1753721, -1717.2188, 151.84630, 11325.395, 144.33247, 495.37677, 1055.1609, 870.48663, 458.90417, 12556.021, 9622.3633, 6714.3735
4.0578146, 5928.4668, -1.1754409, -1717.3191, 151.83244, 11325.411, 144.32571, 495.38034, 1055.2189, 870.53760, 458.94482, 12556.047, 9622.3633, 6713.7524
4.0580845, 5928.8613, -1.1752415, -1717.0277, 151.84961, 11325.544, 144.32753, 495.39645, 1055.1686, 870.49927, 458.91681, 12556.051, 9622.3633, 6715.7476
4.0581517, 5928.9595, -1.1754271, -1717.2990, 151.85867, 11325.738, 144.33453, 495.41824, 1055.1953, 870.51422, 458.91934, 12556.049, 9622.3633, 6716.4990
4.0581408, 5928.9434, -1.1752350, -1717.0184, 151.80075, 11325.865, 144.31224, 495.41336, 1055.1586, 870.49268, 458.92383, 12556.058, 9622.3633, 6715.8960
4.0578837, 5928.5679, -1.1753049, -1717.1205, 151.84419, 11325.885, 144.33327, 495.39951, 1055.1757, 870.50378, 458.91150, 12556.050, 9622.3633, 6714.2827
4.0579519, 5928.6675, -1.1753223, -1717.1459, 151.83510, 11325.940, 144.32950, 495.40140, 1055.1807, 870.50354, 458.91412, 12556.042, 9622.3633, 6714.8247
4.0577283, 5928.3413, -1.1751846, -1716.9447, 151.79825, 11325.840, 144.30997, 495.36163, 1055.1809, 870.52667, 458.94415, 12556.070, 9622.3633, 6712.7979
4.0575662, 5928.1040, -1.1750487, -1716.7461, 151.72862, 11325.588, 144.29445, 495.31610, 1055.1125, 870.48132, 458.93362, 12556.098, 9622.3633, 6710.9150
4.0573745, 5927.8242, -1.1749830, -1716.6503, 151.74512, 11325.317, 144.29745, 495.28369, 1055.0996, 870.46832, 458.92151, 12556.109, 9622.3633, 6709.9438
4.0575442, 5928.0718, -1.1752864, -1717.0935, 151.78279, 11325.235, 144.31703, 495.32095, 1055.1550, 870.49261, 458.92435, 12556.115, 9622.3633, 6712.0859
4.0574031, 5927.8662, -1.1750255, -1716.7123, 151.77606, 11325.004, 144.30704, 495.29364, 1055.1086, 870.47052, 458.91858, 12556.123, 9622.3633, 6710.7285
4.0576353, 5928.2051, -1.1753546, -1717.1931, 151.82794, 11324.959, 144.32257, 495.32840, 1055.1667, 870.50128, 458.92734, 12556.134, 9622.3633, 6713.0977
4.0580010, 5928.7393, -1.1752733, -1717.0743, 151.81506, 11325.083, 144.31668, 495.36902, 1055.1295, 870.46069, 458.90628, 12556.122, 9622.3633, 6715.5933
4.0579681, 5928.6914, -1.1753001, -1717.1134, 151.81490, 11325.206, 144.31592, 495.38370, 1055.1318, 870.46167, 458.90451, 12556.106, 9622.3633, 6715.5142
4.0579214, 5928.6230, -1.1753263, -1717.1517, 151.85057, 11325.335, 144.33023, 495.39499, 1055.1569, 870.48181, 458.90463, 12556.089, 9622.3633, 6715.0449
4.0581446, 5928.9492, -1.1754609, -1717.3484, 151.85757, 11325.560, 144.33495, 495.42084, 1055.1993, 870.51202, 458.91797, 12556.084, 9622.3633, 6716.5498
4.0577726, 5928.4058, -1.1752400, -1717.0256, 151.78737, 11325.522, 144.31479, 495.37491, 1055.1873, 870.52240, 458.94724, 12556.119, 9622.3633, 6712.4854
4.0577073, 5928.3105, -1.1751490, -1716.8927, 151.76100, 11325.411, 144.30667, 495.34366, 1055.1610, 870.50879, 458.94366, 12556.150, 9622.3633, 6712.3062
4.0577087, 5928.3125, -1.1753155, -1717.1359, 151.82240, 11325.391, 144.32439, 495.35718, 1055.1952, 870.52448, 458.93875, 12556.172, 9622.3633, 6713.2114
4.0581665, 5928.9814, -1.1753380, -1717.1688, 151.85497, 11325.574, 144.33319, 495.39978, 1055.1864, 870.50726, 458.91925, 12556.169, 9622.3633, 6716.1514
4.0577650, 5928.3945, -1.1751739, -1716.9291, 151.74043, 11325.471, 144.29791, 495.35440, 1055.1512, 870.49707, 458.94516, 12556.194, 9622.3633, 6711.9844
4.0573997, 5927.8608, -1.1749635, -1716.6216, 151.77376, 11325.194, 144.30440, 495.30188, 1055.1116, 870.47772, 458.92349, 12556.208, 9622.3633, 6710.2266
4.0575871, 5928.1348, -1.1752199, -1716.9963, 151.75954, 11325.141, 144.30560, 495.31647, 1055.1068, 870.45850, 458.91074, 12556.191, 9622.3633, 6712.5889
4.0574031, 5927.8657, -1.1752192, -1716.9952, 151.79327, 11324.968, 144.31512, 495.30713, 1055.1440, 870.48950, 458.92288, 12556.193, 9622.3633, 6710.9868
4.0578375, 5928.5005, -1.1751806, -1716.9388, 151.80663, 11325.051, 144.31393, 495.34625, 1055.1046, 870.44318, 458.89581, 12556.168, 9622.3633, 6714.9087
4.0575695, 5928.1094, -1.1753222, -1717.1458, 151.78423, 11324.954, 144.31197, 495.33435, 1055.1512, 870.48938, 458.92755, 12556.172, 9622.3633, 6711.8833
4.0576906, 5928.2861, -1.1752673, -1717.0656, 151.84059, 11324.910, 144.32658, 495.34872, 1055.1621, 870.49170, 458.91455, 12556.163, 9622.3633, 6713.2466
4.0579295, 5928.6348, -1.1751723, -1716.9268, 151.80330, 11325.022, 144.31114, 495.36505, 1055.1149, 870.45044, 458.90256, 12556.146, 9622.3633, 6714.8711
4.0578456, 5928.5127, -1.1754543, -1717.3386, 151.82658, 11325.083, 144.32205, 495.38269, 1055.1624, 870.47827, 458.90872, 12556.126, 9622.3633, 6713.8882
4.0579376, 5928.6470, -1.1751919, -1716.9553, 151.80171, 11325.188, 144.31255, 495.37973, 1055.1210, 870.45374, 458.90247, 12556.107, 9622.3633, 6715.0239
4.0576239, 5928.1885, -1.1752669, -1717.0649, 151.80331, 11325.075, 144.32097, 495.34955, 1055.1678, 870.50330, 458.92825, 12556.116, 9622.3633, 6712.1758
4.0580134, 5928.7578, -1.1753598, -1717.2007, 151.79272, 11325.219, 144.32315, 495.38245, 1055.1544, 870.47156, 458.91153, 12556.104, 9622.3633, 6714.6641
4.0578337, 5928.4951, -1.1752799, -1717.0839, 151.83791, 11325.257, 144.32851, 495.38034, 1055.1710, 870.49689, 458.91772, 12556.102, 9622.3633, 6713.7222
4.0577860, 5928.4253, -1.1752381, -1717.0228, 151.81975, 11325.264, 144.31969, 495.36566, 1055.1569, 870.49054, 458.91968, 12556.103, 9622.3633, 6713.3057
4.0580287, 5928.7798, -1.1754814, -1717.3784, 151.83818, 11325.383, 144.32787, 495.39716, 1055.1869, 870.50092, 458.91763, 12556.093, 9622.3633, 6714.8623
4.0581775, 5928.9976, -1.1754141, -1717.2800, 151.83604, 11325.543, 144.32938, 495.41388, 1055.1930, 870.50812, 458.92276, 12556.091, 9622.3633, 6715.9048
4.0578747, 5928.5547, -1.1752501, -1717.0404, 151.83302, 11325.564, 144.32515, 495.39041, 1055.1884, 870.51538, 458.92770, 12556.100, 9622.3633, 6713.9165
4.0580544, 5928.8174, -1.1752784, -1717.0818, 151.84671, 11325.676, 144.33017, 495.40176, 1055.1772, 870.50409, 458.91718, 12556.098, 9622.3633, 6715.3428
4.0580101, 5928.7524, -1.1753249, -1717.1497, 151.84671, 11325.750, 144.33301, 495.40311, 1055.1805, 870.50208, 458.91266, 12556.088, 9622.3633, 6714.8940
4.0578218, 5928.4775, -1.1751847, -1716.9449, 151.80013, 11325.678, 144.31163, 495.36627, 1055.1854, 870.52704, 458.94666, 12556.119, 9622.3633, 6712.9150
4.0576110, 5928.1694, -1.1749846, -1716.6525, 151.72675, 11325.447, 144.29323, 495.31693, 1055.1077, 870.47693, 458.93384, 12556.147, 9622.3633, 6710.7612
4.0574112, 5927.8774, -1.1750877, -1716.8031, 151.74867, 11325.242, 144.30110, 495.30191, 1055.1215, 870.47607, 458.92551, 12556.158, 9622.3633, 6710.8560
4.0577931, 5928.4360, -1.1751758, -1716.9318, 151.80060, 11325.273, 144.31004, 495.34018, 1055.1011, 870.44611, 458.89697, 12556.135, 9622.3633, 6714.3164
4.0577102, 5928.3145, -1.1754739, -1717.3674, 151.83272, 11325.262, 144.32480, 495.36215, 1055.1967, 870.51917, 458.93344, 12556.143, 9622.3633, 6713.3965
4.0581503, 5928.9575, -1.1753420, -1717.1746, 151.83250, 11325.417, 144.32704, 495.39661, 1055.1747, 870.49573, 458.91879, 12556.139, 9622.3633, 6715.6602
4.0581551, 5928.9648, -1.1754012, -1717.2611, 151.83200, 11325.588, 144.32745, 495.41772, 1055.1947, 870.50854, 458.92450, 12556.137, 9622.3633, 6715.6104
4.0581522, 5928.9604, -1.1753182, -1717.1400, 151.84023, 11325.743, 144.32909, 495.41760, 1055.1860, 870.50800, 458.92166, 12556.136, 9622.3633, 6715.6074
4.0578771, 5928.5586, -1.1752756, -1717.0775, 151.82263, 11325.707, 144.32031, 495.38644, 1055.2085, 870.53888, 458.94965, 12556.170, 9622.3633, 6713.3101
4.0577607, 5928.3882, -1.1750832, -1716.7965, 151.74866, 11325.601, 144.30156, 495.35284, 1055.1586, 870.50562, 458.94846, 12556.206, 9622.3633, 6711.9634
4.0575547, 5928.0874, -1.1750551, -1716.7555, 151.80099, 11325.395, 144.30893, 495.31897, 1055.1493, 870.50586, 458.93353, 12556.227, 9622.3633, 6711.1792
4.0574589, 5927.9473, -1.1750251, -1716.7117, 151.76692, 11325.162, 144.30316, 495.29523, 1055.1083, 870.47559, 458.92221, 12556.238, 9622.3633, 6710.9458
4.0573797, 5927.8315, -1.1749878, -1716.6572, 151.73518, 11324.878, 144.29242, 495.27203, 1055.0637, 870.44055, 458.91150, 12556.234, 9622.3633, 6710.2422
4.0576310, 5928.1992, -1.1753092, -1717.1267, 151.79930, 11324.902, 144.32561, 495.33231, 1055.1310, 870.46155, 458.90356, 12556.212, 9622.3633, 6713.2363
4.0578742, 5928.5542, -1.1752392, -1717.0244, 151.80347, 11325.012, 144.31155, 495.36313, 1055.1150, 870.44812, 458.90146, 12556.187, 9622.3633, 6715.0000
4.0578108, 5928.4614, -1.1754482, -1717.3297, 151.82692, 11325.080, 144.32291, 495.38281, 1055.1632, 870.47833, 458.90903, 12556.164, 9622.3633, 6713.8774
4.0579953, 5928.7310, -1.1754638, -1717.3525, 151.84183, 11325.205, 144.32864, 495.39993, 1055.1779, 870.49371, 458.91443, 12556.151, 9622.3633, 6715.0645
4.0580802, 5928.8550, -1.1752473, -1717.0363, 151.80226, 11325.364, 144.31329, 495.40170, 1055.1460, 870.47516, 458.91608, 12556.145, 9622.3633, 6715.7798
4.0577531, 5928.3770, -1.1752286, -1717.0089, 151.76035, 11325.350, 144.30565, 495.36743, 1055.1371, 870.47736, 458.92273, 12556.145, 9622.3633, 6713.0405
4.0578799, 5928.5625, -1.1752446, -1717.0323, 151.84013, 11325.392, 144.32306, 495.37885, 1055.1421, 870.47577, 458.90329, 12556.128, 9622.3633, 6714.8042
4.0580344, 5928.7881, -1.1753894, -1717.2439, 151.84094, 11325.550, 144.32195, 495.39706, 1055.1575, 870.49005, 458.91241, 12556.117, 9622.3633, 6715.9707
4.0580297, 5928.7812, -1.1754422, -1717.3212, 151.82886, 11325.683, 144.32599, 495.40973, 1055.1887, 870.50684, 458.92218, 12556.113, 9622.3633, 6715.1265
4.0579529, 5928.6689, -1.1753548, -1717.1935, 151.80519, 11325.770, 144.32719, 495.40707, 1055.1855, 870.50189, 458.92194, 12556.112, 9622.3633, 6714.3325
4.0577707, 5928.4028, -1.1752305, -1717.0118, 151.80582, 11325.688, 144.32315, 495.37402, 1055.2043, 870.53821, 458.94727, 12556.141, 9622.3633, 6712.6724
4.0577006, 5928.3003, -1.1751349, -1716.8721, 151.79012, 11325.547, 144.31361, 495.34436, 1055.1655, 870.51697, 458.94281, 12556.173, 9622.3633, 6711.8652
4.0579987, 5928.7363, -1.1753268, -1717.1525, 151.83786, 11325.645, 144.32794, 495.38174, 1055.1710, 870.49750, 458.91388, 12556.164, 9622.3633, 6714.9883
4.0580091, 5928.7515, -1.1753228, -1717.1465, 151.84821, 11325.752, 144.32936, 495.40054, 1055.1805, 870.50555, 458.91699, 12556.158, 9622.3633, 6715.4390
4.0578098, 5928.4600, -1.1752609, -1717.0562, 151.81885, 11325.725, 144.32056, 495.37662, 1055.2008, 870.53461, 458.94672, 12556.187, 9622.3633, 6713.1284
4.0581698, 5928.9858, -1.1753361, -1717.1661, 151.86368, 11325.829, 144.33490, 495.41000, 1055.1958, 870.51801, 458.92197, 12556.186, 9622.3633, 6716.2881
4.0582075, 5929.0415, -1.1752765, -1717.0790, 151.81372, 11325.979, 144.31714, 495.41638, 1055.1686, 870.50146, 458.92447, 12556.185, 9622.3633, 6716.2939
4.0580473, 5928.8071, -1.1753185, -1717.1403, 151.80801, 11326.073, 144.33026, 495.41443, 1055.1774, 870.50201, 458.91977, 12556.179, 9622.3633, 6715.1274
4.0580821, 5928.8579, -1.1753575, -1717.1973, 151.86760, 11326.200, 144.33978, 495.41904, 1055.2010, 870.52240, 458.91772, 12556.174, 9622.3633, 6716.0146
4.0580897, 5928.8691, -1.1753062, -1717.1223, 151.85847, 11326.290, 144.33388, 495.42200, 1055.2050, 870.52979, 458.92621, 12556.178, 9622.3633, 6715.6235
4.0581584, 5928.9692, -1.1753736, -1717.2208, 151.82849, 11326.409, 144.32681, 495.42630, 1055.2089, 870.53326, 458.93393, 12556.189, 9622.3633, 6715.2642
4.0581317, 5928.9302, -1.1752831, -1717.0886, 151.79947, 11326.480, 144.31659, 495.42010, 1055.1852, 870.51678, 458.93265, 12556.200, 9622.3633, 6715.2671
4.0580144, 5928.7593, -1.1751668, -1716.9187, 151.79918, 11326.478, 144.31378, 495.39783, 1055.1504, 870.49408, 458.91864, 12556.195, 9622.3633, 6714.7769
4.0577316, 5928.3462, -1.1752330, -1717.0154, 151.80124, 11326.350, 144.32068, 495.36868, 1055.2006, 870.54425, 458.94638, 12556.221, 9622.3633, 6712.4888
4.0577836, 5928.4219, -1.1751772, -1716.9338, 151.82219, 11326.255, 144.32414, 495.36472, 1055.1816, 870.52612, 458.93311, 12556.240, 9622.3633, 6712.9775
4.0576835, 5928.2759, -1.1750922, -1716.8098, 151.75462, 11326.058, 144.30547, 495.33640, 1055.1514, 870.51013, 458.94373, 12556.271, 9622.3633, 6711.5776
4.0574851, 5927.9858, -1.1750634, -1716.7676, 151.76266, 11325.774, 144.30710, 495.31354, 1055.1471, 870.50555, 458.93628, 12556.291, 9622.3633, 6710.7329
4.0578756, 5928.5562, -1.1752666, -1717.0646, 151.85838, 11325.846, 144.33327, 495.36481, 1055.1605, 870.49469, 458.90518, 12556.272, 9622.3633, 6715.2368
4.0579319, 5928.6382, -1.1753879, -1717.2416, 151.79378, 11325.893, 144.32123, 495.38779, 1055.1715, 870.49225, 458.91812, 12556.261, 9622.3633, 6713.9478
4.0579696, 5928.6934, -1.1752181, -1716.9937, 151.80936, 11325.940, 144.31479, 495.38992, 1055.1489, 870.48553, 458.91422, 12556.248, 9622.3633, 6715.4316
4.0578237, 5928.4805, -1.1753833, -1717.2351, 151.83160, 11325.930, 144.32755, 495.38605, 1055.2216, 870.54749, 458.94766, 12556.270, 9622.3633, 6713.5347
4.0581198, 5928.9131, -1.1754009, -1717.2606, 151.84354, 11326.025, 144.33475, 495.41202, 1055.2185, 870.53333, 458.93329, 12556.277, 9622.3633, 6714.9648
4.0580101, 5928.7524, -1.1750751, -1716.7847, 151.81136, 11326.054, 144.31749, 495.39468, 1055.1461, 870.48688, 458.91544, 12556.271, 9622.3633, 6715.0195
4.0579658, 5928.6880, -1.1753125, -1717.1316, 151.86014, 11326.111, 144.33473, 495.40359, 1055.1781, 870.50702, 458.91104, 12556.256, 9622.3633, 6715.2358
4.0578642, 5928.5396, -1.1752720, -1717.0724, 151.81731, 11326.096, 144.31929, 495.38559, 1055.1808, 870.51691, 458.93036, 12556.263, 9622.3633, 6713.6782
4.0581732, 5928.9912, -1.1753722, -1717.2189, 151.85834, 11326.218, 144.33397, 495.41800, 1055.2058, 870.52692, 458.92484, 12556.260, 9622.3633, 6716.3594
4.0582809, 5929.1484, -1.1753782, -1717.2275, 151.85281, 11326.395, 144.33154, 495.43399, 1055.2146, 870.53534, 458.93134, 12556.264, 9622.3633, 6716.6392
4.0581565, 5928.9663, -1.1752515, -1717.0424, 151.84662, 11326.479, 144.32790, 495.42178, 1055.1902, 870.52612, 458.92816, 12556.272, 9622.3633, 6715.6934
4.0578880, 5928.5742, -1.1751808, -1716.9392, 151.80240, 11326.419, 144.32162, 495.38782, 1055.1890, 870.53107, 458.93805, 12556.292, 9622.3633, 6713.2383
4.0580816, 5928.8574, -1.1752893, -1717.0977, 151.83075, 11326.470, 144.32759, 495.40491, 1055.1907, 870.52130, 458.92560, 12556.291, 9622.3633, 6715.1050
4.0582490, 5929.1021, -1.1754764, -1717.3711, 151.87633, 11326.656, 144.34344, 495.43710, 1055.2445, 870.55603, 458.93372, 12556.295, 9622.3633, 6716.8779
4.0582104, 5929.0454, -1.1750798, -1716.7916, 151.81630, 11326.695, 144.31895, 495.41687, 1055.1747, 870.52026, 458.93085, 12556.309, 9622.3633, 6715.8511
4.0580101, 5928.7529, -1.1753372, -1717.1676, 151.83252, 11326.733, 144.32799, 495.41519, 1055.2079, 870.53632, 458.92999, 12556.311, 9622.3633, 6714.6294
4.0578589, 5928.5322, -1.1752269, -1717.0065, 151.78551, 11326.616, 144.31929, 495.38580, 1055.2087, 870.54901, 458.95551, 12556.347, 9622.3633, 6712.8867
4.0580034, 5928.7427, -1.1751031, -1716.8256, 151.80780, 11326.588, 144.31378, 495.38681, 1055.1567, 870.50726, 458.92542, 12556.349, 9622.3633, 6714.8672
4.0576649, 5928.2485, -1.1751012, -1716.8228, 151.73936, 11326.366, 144.29707, 495.34012, 1055.1437, 870.51086, 458.94437, 12556.373, 9622.3633, 6711.5322
4.0579686, 5928.6924, -1.1752685, -1717.0674, 151.85207, 11326.427, 144.33138, 495.38235, 1055.1757, 870.51263, 458.91324, 12556.358, 9622.3633, 6715.2656
4.0582848, 5929.1538, -1.1754981, -1717.4028, 151.86403, 11326.635, 144.34109, 495.43234, 1055.2358, 870.54980, 458.93204, 12556.357, 9622.3633, 6717.0054
4.0581574, 5928.9683, -1.1752956, -1717.1068, 151.84558, 11326.695, 144.33284, 495.42694, 1055.2136, 870.54083, 458.93414, 12556.368, 9622.3633, 6715.0337
4.0582113, 5929.0469, -1.1752934, -1717.1036, 151.83569, 11326.754, 144.33118, 495.42731, 1055.2129, 870.54095, 458.93542, 12556.378, 9622.3633, 6715.7539
4.0578599, 5928.5332, -1.1751770, -1716.9336, 151.78485, 11326.638, 144.31961, 495.38684, 1055.2096, 870.55231, 458.95779, 12556.417, 9622.3633, 6712.6753
4.0577879, 5928.4282, -1.1750709, -1716.7786, 151.80052, 11326.491, 144.32805, 495.36639, 1055.1791, 870.52545, 458.93311, 12556.432, 9622.3633, 6712.6445
4.0577908, 5928.4326, -1.1751823, -1716.9414, 151.82625, 11326.366, 144.32365, 495.35931, 1055.2010, 870.54755, 458.94724, 12556.457, 9622.3633, 6712.5791
4.0581260, 5928.9219, -1.1753579, -1717.1979, 151.83279, 11326.448, 144.32799, 495.40207, 1055.2106, 870.53613, 458.93500, 12556.462, 9622.3633, 6714.9033
4.0579262, 5928.6304, -1.1751281, -1716.8622, 151.84377, 11326.419, 144.32645, 495.38876, 1055.1808, 870.52887, 458.93262, 12556.473, 9622.3633, 6714.3447
4.0579319, 5928.6387, -1.1752654, -1717.0627, 151.84641, 11326.410, 144.33354, 495.39319, 1055.2134, 870.54517, 458.93756, 12556.482, 9622.3633, 6714.1895
4.0581708, 5928.9873, -1.1752157, -1716.9902, 151.80415, 11326.517, 144.32124, 495.40604, 1055.1696, 870.51031, 458.93112, 12556.488, 9622.3633, 6715.5830
4.0578284, 5928.4873, -1.1751953, -1716.9604, 151.81596, 11326.424, 144.32231, 495.37848, 1055.2075, 870.54919, 458.95117, 12556.512, 9622.3633, 6712.8203
4.0581408, 5928.9438, -1.1752756, -1717.0776, 151.83427, 11326.490, 144.33112, 495.40515, 1055.2007, 870.52905, 458.93030, 12556.508, 9622.3633, 6715.2114
4.0578947, 5928.5840, -1.1751302, -1716.8652, 151.79941, 11326.439, 144.32523, 495.38669, 1055.1799, 870.51794, 458.93268, 12556.512, 9622.3633, 6713.5747
4.0579853, 5928.7163, -1.1751593, -1716.9077, 151.80432, 11326.469, 144.32549, 495.39468, 1055.1655, 870.50159, 458.92023, 12556.499, 9622.3633, 6714.5264
4.0580645, 5928.8325, -1.1753041, -1717.1191, 151.84389, 11326.523, 144.33575, 495.40744, 1055.1964, 870.52179, 458.92123, 12556.487, 9622.3633, 6715.0532
4.0580263, 5928.7764, -1.1752679, -1717.0664, 151.80023, 11326.526, 144.32700, 495.40829, 1055.1830, 870.51135, 458.92529, 12556.479, 9622.3633, 6714.3423
4.0581040, 5928.8901, -1.1751891, -1716.9514, 151.81128, 11326.580, 144.31866, 495.40588, 1055.1666, 870.50775, 458.92377, 12556.471, 9622.3633, 6715.5679
4.0580392, 5928.7954, -1.1753221, -1717.1455, 151.83754, 11326.614, 144.32863, 495.41141, 1055.1980, 870.52460, 458.92398, 12556.459, 9622.3633, 6714.7280
4.0579424, 5928.6538, -1.1752185, -1716.9941, 151.79475, 11326.577, 144.32423, 495.39667, 1055.1995, 870.53326, 458.94098, 12556.472, 9622.3633, 6713.6899
4.0576525, 5928.2300, -1.1750174, -1716.7003, 151.75877, 11326.354, 144.30635, 495.34677, 1055.1715, 870.52930, 458.95032, 12556.498, 9622.3633, 6711.3579
4.0579195, 5928.6201, -1.1752366, -1717.0206, 151.79022, 11326.354, 144.32011, 495.37686, 1055.1664, 870.49988, 458.92203, 12556.486, 9622.3633, 6713.8799
4.0579610, 5928.6807, -1.1752750, -1717.0768, 151.79121, 11326.378, 144.32147, 495.39142, 1055.1654, 870.49530, 458.91898, 12556.473, 9622.3633, 6714.4263
4.0579443, 5928.6567, -1.1751111, -1716.8373, 151.80046, 11326.365, 144.31134, 495.38452, 1055.1372, 870.48450, 458.91360, 12556.457, 9622.3633, 6715.0151
4.0580716, 5928.8428, -1.1753420, -1717.1747, 151.80055, 11326.438, 144.31483, 495.40094, 1055.1677, 870.50128, 458.92264, 12556.443, 9622.3633, 6715.1182
4.0580335, 5928.7866, -1.1752735, -1717.0747, 151.85684, 11326.490, 144.33556, 495.40973, 1055.1879, 870.51910, 458.91718, 12556.429, 9622.3633, 6715.3564
4.0580969, 5928.8794, -1.1752378, -1717.0225, 151.83435, 11326.556, 144.32973, 495.40936, 1055.1903, 870.52203, 458.92429, 12556.423, 9622.3633, 6715.1299
4.0578156, 5928.4688, -1.1751708, -1716.9244, 151.79681, 11326.428, 144.31897, 495.37485, 1055.2062, 870.54889, 458.95477, 12556.454, 9622.3633, 6712.4126
4.0577292, 5928.3423, -1.1750454, -1716.7413, 151.79924, 11326.233, 144.32050, 495.34866, 1055.1886, 870.53979, 458.94797, 12556.481, 9622.3633, 6711.9053
4.0578623, 5928.5366, -1.1751548, -1716.9012, 151.83607, 11326.164, 144.32841, 495.36395, 1055.1864, 870.52716, 458.93088, 12556.489, 9622.3633, 6713.5464
4.0578938, 5928.5830, -1.1752115, -1716.9840, 151.78381, 11326.129, 144.31870, 495.37112, 1055.1682, 870.50604, 458.93192, 12556.491, 9622.3633, 6713.2974
4.0577111, 5928.3159, -1.1751013, -1716.8230, 151.74117, 11325.977, 144.29886, 495.34012, 1055.1511, 870.50897, 458.94797, 12556.515, 9622.3633, 6711.7163
4.0576572, 5928.2373, -1.1751910, -1716.9541, 151.78040, 11325.828, 144.31651, 495.33673, 1055.1681, 870.51471, 458.93948, 12556.528, 9622.3633, 6712.0459
4.0575261, 5928.0459, -1.1749178, -1716.5549, 151.73691, 11325.551, 144.29408, 495.29922, 1055.1038, 870.47565, 458.93127, 12556.538, 9622.3633, 6710.5391
4.0574880, 5927.9902, -1.1750845, -1716.7985, 151.72849, 11325.357, 144.29434, 495.29276, 1055.0989, 870.46619, 458.92657, 12556.534, 9622.3633, 6710.8853
4.0578098, 5928.4604, -1.1754291, -1717.3019, 151.84361, 11325.432, 144.33046, 495.36035, 1055.1666, 870.48987, 458.90732, 12556.496, 9622.3633, 6714.3101
4.0581069, 5928.8940, -1.1753258, -1717.1509, 151.84494, 11325.594, 144.32935, 495.39853, 1055.1755, 870.49915, 458.91837, 12556.481, 9622.3633, 6715.7324
4.0581098, 5928.8984, -1.1753145, -1717.1345, 151.85864, 11325.734, 144.33482, 495.41498, 1055.1919, 870.51062, 458.91895, 12556.466, 9622.3633, 6715.7046
4.0581522, 5928.9604, -1.1752821, -1717.0872, 151.84596, 11325.872, 144.32671, 495.41888, 1055.1927, 870.51703, 458.92706, 12556.458, 9622.3633, 6715.6196
4.0581298, 5928.9277, -1.1752293, -1717.0100, 151.84355, 11326.000, 144.32635, 495.41534, 1055.1890, 870.51672, 458.92511, 12556.449, 9622.3633, 6715.6641
4.0582795, 5929.1465, -1.1753469, -1717.1818, 151.85541, 11326.149, 144.33287, 495.43262, 1055.2100, 870.53149, 458.93130, 12556.446, 9622.3633, 6716.5239
4.0582981, 5929.1738, -1.1752121, -1716.9849, 151.80455, 11326.298, 144.31592, 495.42819, 1055.1805, 870.51270, 458.93390, 12556.446, 9622.3633, 6716.1729
4.0580335, 5928.7871, -1.1752282, -1717.0084, 151.80055, 11326.322, 144.31757, 495.40878, 1055.1660, 870.50055, 458.92285, 12556.436, 9622.3633, 6714.7681
4.0578036, 5928.4512, -1.1751665, -1716.9182, 151.80154, 11326.265, 144.32594, 495.38498, 1055.1758, 870.51282, 458.92731, 12556.434, 9622.3633, 6713.2305
4.0581088, 5928.8970, -1.1753182, -1717.1399, 151.84662, 11326.361, 144.33095, 495.40466, 1055.1910, 870.52051, 458.92334, 12556.426, 9622.3633, 6715.4819
4.0581594, 5928.9707, -1.1753069, -1717.1234, 151.85007, 11326.500, 144.33038, 495.41690, 1055.1948, 870.52802, 458.92783, 12556.423, 9622.3633, 6715.8247
4.0581450, 5928.9497, -1.1753687, -1717.2136, 151.83556, 11326.576, 144.32808, 495.42169, 1055.2092, 870.53766, 458.93436, 12556.428, 9622.3633, 6715.1538
4.0581112, 5928.9004, -1.1752232, -1717.0011, 151.85402, 11326.642, 144.33345, 495.41812, 1055.1979, 870.52985, 458.92572, 12556.424, 9622.3633, 6715.4395
4.0579085, 5928.6045, -1.1752896, -1717.0981, 151.79034, 11326.540, 144.32118, 495.39325, 1055.2220, 870.55524, 458.95837, 12556.456, 9622.3633, 6713.1387
4.0581713, 5928.9883, -1.1750773, -1716.7880, 151.80363, 11326.592, 144.31613, 495.39999, 1055.1652, 870.50934, 458.93015, 12556.458, 9622.3633, 6715.4609
4.0579605, 5928.6802, -1.1752949, -1717.1058, 151.83406, 11326.577, 144.32962, 495.40469, 1055.1962, 870.52618, 458.92505, 12556.447, 9622.3633, 6714.2080
4.0580254, 5928.7754, -1.1751359, -1716.8735, 151.81335, 11326.601, 144.31853, 495.39865, 1055.1587, 870.50397, 458.92142, 12556.439, 9622.3633, 6714.9727
4.0579348, 5928.6426, -1.1752387, -1717.0238, 151.80644, 11326.596, 144.32916, 495.39624, 1055.1663, 870.50256, 458.91589, 12556.427, 9622.3633, 6714.2788
4.0576887, 5928.2832, -1.1751068, -1716.8311, 151.75047, 11326.391, 144.30330, 495.35266, 1055.1647, 870.52069, 458.94946, 12556.451, 9622.3633, 6711.6987
4.0578074, 5928.4565, -1.1751940, -1716.9585, 151.82275, 11326.305, 144.32253, 495.35828, 1055.2015, 870.54535, 458.94824, 12556.477, 9622.3633, 6712.8823
4.0580688, 5928.8384, -1.1751670, -1716.9189, 151.84647, 11326.362, 144.32983, 495.39096, 1055.1765, 870.51312, 458.91949, 12556.468, 9622.3633, 6715.3833
4.0577517, 5928.3750, -1.1751471, -1716.8898, 151.75197, 11326.220, 144.30449, 495.35580, 1055.1726, 870.52277, 458.95184, 12556.492, 9622.3633, 6712.0571
4.0575576, 5928.0918, -1.1749251, -1716.5656, 151.75945, 11325.963, 144.30701, 495.31815, 1055.1390, 870.50201, 458.93515, 12556.505, 9622.3633, 6710.9541
4.0579066, 5928.6016, -1.1752892, -1717.0975, 151.78877, 11325.979, 144.32047, 495.36639, 1055.1604, 870.48749, 458.91733, 12556.488, 9622.3633, 6713.8457
4.0576377, 5928.2085, -1.1750840, -1716.7977, 151.76233, 11325.801, 144.30826, 495.33673, 1055.1571, 870.50879, 458.93988, 12556.499, 9622.3633, 6711.6274
4.0574613, 5927.9507, -1.1748592, -1716.4692, 151.75925, 11325.499, 144.30046, 495.29593, 1055.1072, 870.47998, 458.92972, 12556.509, 9622.3633, 6710.1382
4.0577602, 5928.3877, -1.1753712, -1717.2173, 151.83562, 11325.479, 144.32648, 495.34537, 1055.1984, 870.52881, 458.93896, 12556.517, 9622.3633, 6713.3735
4.0579171, 5928.6172, -1.1752677, -1717.0660, 151.81935, 11325.483, 144.32036, 495.36957, 1055.2100, 870.53516, 458.95236, 12556.541, 9622.3633, 6713.4751
4.0583234, 5929.2104, -1.1754557, -1717.3408, 151.87689, 11325.758, 144.34314, 495.42657, 1055.2347, 870.53857, 458.93420, 12556.536, 9622.3633, 6716.9834
4.0580645, 5928.8325, -1.1751604, -1716.9093, 151.81868, 11325.805, 144.32101, 495.40112, 1055.1984, 870.52850, 458.94504, 12556.554, 9622.3633, 6714.2017
4.0580716, 5928.8428, -1.1752501, -1717.0404, 151.83669, 11325.886, 144.33081, 495.40918, 1055.1868, 870.50922, 458.92358, 12556.544, 9622.3633, 6714.6548
4.0578647, 5928.5405, -1.1752084, -1716.9795, 151.83005, 11325.830, 144.32541, 495.38266, 1055.2081, 870.54260, 458.95004, 12556.565, 9622.3633, 6713.1899
4.0581999, 5929.0298, -1.1751720, -1716.9263, 151.81233, 11325.970, 144.31949, 495.40515, 1055.1688, 870.50348, 458.92850, 12556.561, 9622.3633, 6715.8813
4.0578151, 5928.4678, -1.1752379, -1717.0226, 151.78728, 11325.904, 144.31966, 495.37955, 1055.1971, 870.53143, 458.94965, 12556.580, 9622.3633, 6712.7046
4.0578756, 5928.5566, -1.1750933, -1716.8113, 151.80174, 11325.866, 144.32611, 495.37027, 1055.1570, 870.49634, 458.92288, 12556.572, 9622.3633, 6713.7622
4.0581131, 5928.9033, -1.1753159, -1717.1365, 151.85504, 11325.997, 144.33340, 495.40442, 1055.1874, 870.51306, 458.91937, 12556.557, 9622.3633, 6715.9849
4.0581484, 5928.9551, -1.1752008, -1716.9684, 151.80327, 11326.115, 144.31413, 495.40811, 1055.1602, 870.49719, 458.92618, 12556.548, 9622.3633, 6715.4946
4.0580769, 5928.8506, -1.1752880, -1717.0957, 151.83405, 11326.191, 144.32846, 495.41107, 1055.1848, 870.51221, 458.92224, 12556.534, 9622.3633, 6715.3203
4.0581217, 5928.9160, -1.1753303, -1717.1575, 151.83688, 11326.273, 144.32811, 495.41855, 1055.2021, 870.52789, 458.93036, 12556.525, 9622.3633, 6715.2139
4.0582924, 5929.1655, -1.1753589, -1717.1993, 151.84158, 11326.423, 144.33365, 495.43710, 1055.2236, 870.54114, 458.93723, 12556.524, 9622.3633, 6716.1069
4.0581770, 5928.9966, -1.1752717, -1717.0720, 151.84145, 11326.536, 144.33324, 495.43155, 1055.2164, 870.53925, 458.93567, 12556.524, 9622.3633, 6715.0112
4.0581279, 5928.9248, -1.1751018, -1716.8236, 151.81198, 11326.600, 144.31619, 495.41388, 1055.1688, 870.51221, 458.92932, 12556.521, 9622.3633, 6715.1646
4.0580950, 5928.8765, -1.1752650, -1717.0621, 151.85120, 11326.666, 144.33446, 495.42136, 1055.2003, 870.53082, 458.92554, 12556.513, 9622.3633, 6715.5444
4.0580959, 5928.8784, -1.1752799, -1717.0839, 151.79790, 11326.732, 144.32451, 495.42181, 1055.2051, 870.53101, 458.93826, 12556.517, 9622.3633, 6714.4326
4.0582066, 5929.0396, -1.1752554, -1717.0482, 151.85414, 11326.836, 144.33542, 495.42975, 1055.2136, 870.54047, 458.93188, 12556.514, 9622.3633, 6716.1221
4.0581231, 5928.9180, -1.1750923, -1716.8099, 151.79852, 11326.871, 144.31178, 495.41437, 1055.1758, 870.51965, 458.93573, 12556.518, 9622.3633, 6715.0527
4.0579863, 5928.7183, -1.1752729, -1717.0737, 151.80341, 11326.863, 144.32806, 495.41205, 1055.1919, 870.52386, 458.92917, 12556.509, 9622.3633, 6714.1270
4.0580926, 5928.8730, -1.1752176, -1716.9930, 151.85187, 11326.881, 144.33330, 495.41391, 1055.1956, 870.53412, 458.92761, 12556.505, 9622.3633, 6715.4199
4.0581875, 5929.0117, -1.1752393, -1717.0247, 151.85158, 11326.944, 144.33167, 495.42148, 1055.2047, 870.54218, 458.93329, 12556.509, 9622.3633, 6715.7593
4.0581861, 5929.0098, -1.1752838, -1717.0896, 151.83757, 11326.992, 144.32982, 495.42691, 1055.2157, 870.54639, 458.93796, 12556.518, 9622.3633, 6715.0718
4.0579491, 5928.6636, -1.1750808, -1716.7931, 151.80159, 11326.927, 144.31168, 495.38922, 1055.1895, 870.53998, 458.94534, 12556.539, 9622.3633, 6713.4854
4.0580711, 5928.8418, -1.1751710, -1716.9249, 151.80373, 11326.932, 144.32310, 495.39999, 1055.1699, 870.51514, 458.92722, 12556.535, 9622.3633, 6714.9727
4.0580373, 5928.7925, -1.1752121, -1716.9850, 151.85838, 11326.951, 144.33604, 495.41003, 1055.1934, 870.53040, 458.91983, 12556.521, 9622.3633, 6715.4766
4.0580726, 5928.8438, -1.1750646, -1716.7694, 151.79964, 11326.948, 144.31342, 495.40167, 1055.1639, 870.51276, 458.92911, 12556.519, 9622.3633, 6715.0469
4.0580106, 5928.7534, -1.1752981, -1717.1105, 151.83907, 11326.948, 144.33220, 495.41153, 1055.1993, 870.53168, 458.92505, 12556.509, 9622.3633, 6714.5698
4.0581131, 5928.9033, -1.1751503, -1716.8945, 151.84639, 11326.982, 144.32933, 495.41003, 1055.1818, 870.52844, 458.92719, 12556.507, 9622.3633, 6715.3052
4.0580931, 5928.8740, -1.1753032, -1717.1179, 151.83597, 11327.004, 144.33064, 495.41962, 1055.2148, 870.54633, 458.93530, 12556.511, 9622.3633, 6714.8262
4.0581336, 5928.9331, -1.1752959, -1717.1073, 151.79839, 11327.011, 144.32651, 495.42352, 1055.2131, 870.54041, 458.94180, 12556.520, 9622.3633, 6714.4546
4.0580311, 5928.7837, -1.1751870, -1716.9481, 151.81876, 11326.985, 144.32184, 495.40518, 1055.2106, 870.55090, 458.94873, 12556.543, 9622.3633, 6713.9497
4.0581417, 5928.9453, -1.1751361, -1716.8738, 151.80690, 11327.016, 144.31525, 495.40463, 1055.1713, 870.52197, 458.93378, 12556.547, 9622.3633, 6715.3145
4.0577459, 5928.3667, -1.1750888, -1716.8047, 151.78426, 11326.813, 144.31349, 495.36145, 1055.1853, 870.54602, 458.95261, 12556.572, 9622.3633, 6711.9712
4.0578918, 5928.5801, -1.1752148, -1716.9888, 151.82056, 11326.717, 144.32285, 495.37277, 1055.2200, 870.56317, 458.95789, 12556.602, 9622.3633, 6713.3735
4.0582671, 5929.1284, -1.1752316, -1717.0133, 151.84885, 11326.826, 144.33238, 495.41400, 1055.2104, 870.54315, 458.93649, 12556.604, 9622.3633, 6716.2275
4.0581741, 5928.9922, -1.1752143, -1716.9880, 151.85071, 11326.889, 144.33212, 495.42383, 1055.2068, 870.53992, 458.93277, 12556.601, 9622.3633, 6715.6182
4.0581760, 5928.9951, -1.1751004, -1716.8218, 151.80026, 11326.917, 144.31215, 495.41125, 1055.1578, 870.50848, 458.92691, 12556.595, 9622.3633, 6715.5698
4.0582275, 5929.0703, -1.1754110, -1717.2754, 151.87006, 11327.037, 144.34003, 495.43823, 1055.2358, 870.55682, 458.93372, 12556.591, 9622.3633, 6716.6074
4.0582113, 5929.0469, -1.1751071, -1716.8315, 151.84985, 11327.069, 144.33104, 495.42276, 1055.1996, 870.54578, 458.93530, 12556.602, 9622.3633, 6715.6313
4.0578947, 5928.5840, -1.1751789, -1716.9363, 151.78976, 11326.944, 144.31764, 495.38760, 1055.2195, 870.56567, 458.96463, 12556.640, 9622.3633, 6712.6665
4.0577688, 5928.3999, -1.1750194, -1716.7034, 151.80666, 11326.745, 144.32443, 495.35840, 1055.2070, 870.56110, 458.95496, 12556.668, 9622.3633, 6711.9863
4.0582199, 5929.0596, -1.1752841, -1717.0901, 151.80492, 11326.842, 144.32944, 495.40613, 1055.2035, 870.53339, 458.93771, 12556.668, 9622.3633, 6715.4453
4.0578856, 5928.5708, -1.1751616, -1716.9111, 151.82603, 11326.725, 144.32643, 495.38507, 1055.2246, 870.56622, 458.95883, 12556.694, 9622.3633, 6713.0283
4.0581064, 5928.8936, -1.1749783, -1716.6432, 151.79996, 11326.726, 144.31190, 495.38730, 1055.1437, 870.50073, 458.92795, 12556.691, 9622.3633, 6714.8125
4.0580044, 5928.7441, -1.1752777, -1717.0808, 151.83015, 11326.716, 144.32620, 495.40491, 1055.1868, 870.52112, 458.92413, 12556.677, 9622.3633, 6714.4678
4.0581651, 5928.9795, -1.1751612, -1716.9106, 151.80247, 11326.800, 144.31334, 495.40967, 1055.1677, 870.51373, 458.93146, 12556.670, 9622.3633, 6715.4370
4.0582232, 5929.0640, -1.1753535, -1717.1915, 151.87029, 11326.924, 144.34293, 495.43494, 1055.2306, 870.55157, 458.93234, 12556.664, 9622.3633, 6716.4463
4.0581822, 5929.0039, -1.1750302, -1716.7192, 151.80457, 11326.950, 144.31418, 495.41364, 1055.1614, 870.51447, 458.93173, 12556.660, 9622.3633, 6715.4165
4.0580602, 5928.8262, -1.1752840, -1717.0900, 151.83752, 11326.958, 144.32828, 495.41721, 1055.2010, 870.53528, 458.92917, 12556.648, 9622.3633, 6714.7246
4.0581574, 5928.9683, -1.1752292, -1717.0098, 151.84181, 11326.988, 144.33253, 495.42194, 1055.2100, 870.54230, 458.93365, 12556.644, 9622.3633, 6715.3496
4.0582466, 5929.0981, -1.1752092, -1716.9806, 151.84702, 11327.073, 144.33025, 495.42877, 1055.2079, 870.54547, 458.93643, 12556.644, 9622.3633, 6715.8286
4.0581841, 5929.0068, -1.1752995, -1717.1125, 151.84387, 11327.123, 144.33421, 495.43280, 1055.2333, 870.55908, 458.94339, 12556.648, 9622.3633, 6715.0889
4.0581865, 5929.0103, -1.1751596, -1716.9082, 151.84346, 11327.156, 144.32614, 495.42542, 1055.2015, 870.54431, 458.93912, 12556.657, 9622.3633, 6715.1763
4.0581656, 5928.9800, -1.1752311, -1717.0127, 151.83394, 11327.193, 144.33032, 495.42664, 1055.2151, 870.54871, 458.93735, 12556.654, 9622.3633, 6715.1313
4.0582218, 5929.0620, -1.1753433, -1717.1765, 151.84554, 11327.248, 144.33469, 495.43787, 1055.2451, 870.56824, 458.94778, 12556.664, 9622.3633, 6715.1270
4.0582614, 5929.1201, -1.1750553, -1716.7557, 151.80440, 11327.284, 144.31541, 495.42352, 1055.1837, 870.53241, 458.94092, 12556.674, 9622.3633, 6715.6128
4.0581150, 5928.9058, -1.1752620, -1717.0577, 151.82603, 11327.294, 144.32523, 495.41934, 1055.2092, 870.54706, 458.93909, 12556.675, 9622.3633, 6714.7739
4.0581498, 5928.9565, -1.1750546, -1716.7546, 151.79976, 11327.262, 144.31093, 495.40759, 1055.1637, 870.52209, 458.93546, 12556.680, 9622.3633, 6715.1211
4.0581384, 5928.9404, -1.1752719, -1717.0721, 151.80617, 11327.307, 144.33063, 495.41864, 1055.1995, 870.53558, 458.93344, 12556.674, 9622.3633, 6715.2231
4.0581079, 5928.8955, -1.1752012, -1716.9689, 151.85625, 11327.310, 144.33522, 495.42316, 1055.2172, 870.55243, 458.93433, 12556.670, 9622.3633, 6715.3242
4.0582156, 5929.0532, -1.1751171, -1716.8461, 151.80611, 11327.359, 144.32343, 495.42114, 1055.1871, 870.53430, 458.93692, 12556.674, 9622.3633, 6715.3281
4.0582056, 5929.0386, -1.1751505, -1716.8949, 151.80716, 11327.386, 144.31915, 495.42300, 1055.1877, 870.53528, 458.93732, 12556.671, 9622.3633, 6715.8198
4.0577574, 5928.3833, -1.1750103, -1716.6901, 151.75029, 11327.123, 144.30191, 495.36060, 1055.1743, 870.54346, 458.95880, 12556.702, 9622.3633, 6711.5586
4.0575337, 5928.0566, -1.1748459, -1716.4498, 151.77753, 11326.784, 144.30998, 495.31805, 1055.1409, 870.52124, 458.93869, 12556.720, 9622.3633, 6710.5527
4.0576701, 5928.2559, -1.1751126, -1716.8395, 151.82021, 11326.625, 144.32155, 495.33386, 1055.1857, 870.54224, 458.94223, 12556.730, 9622.3633, 6712.2266
4.0581832, 5929.0054, -1.1752861, -1717.0929, 151.79968, 11326.709, 144.32729, 495.39590, 1055.1924, 870.52277, 458.93344, 12556.724, 9622.3633, 6715.4067
4.0578384, 5928.5020, -1.1750638, -1716.7683, 151.79713, 11326.563, 144.30965, 495.36600, 1055.1959, 870.54858, 458.95737, 12556.745, 9622.3633, 6712.6655
4.0580468, 5928.8062, -1.1752032, -1716.9719, 151.80399, 11326.588, 144.32855, 495.39450, 1055.1827, 870.51379, 458.92651, 12556.733, 9622.3633, 6714.4458
4.0578523, 5928.5220, -1.1751655, -1716.9169, 151.82095, 11326.516, 144.32228, 495.37753, 1055.2114, 870.55304, 458.95425, 12556.755, 9622.3633, 6713.0059
4.0581536, 5928.9624, -1.1751708, -1716.9246, 151.85313, 11326.583, 144.33311, 495.40744, 1055.1976, 870.53058, 458.92950, 12556.747, 9622.3633, 6715.4478
4.0579491, 5928.6636, -1.1751325, -1716.8685, 151.80099, 11326.531, 144.32146, 495.38998, 1055.1982, 870.53912, 458.94537, 12556.754, 9622.3633, 6713.3423
4.0578771, 5928.5581, -1.1751395, -1716.8789, 151.81531, 11326.435, 144.32074, 495.37747, 1055.2144, 870.55444, 458.95792, 12556.777, 9622.3633, 6712.9370
4.0582848, 5929.1538, -1.1752701, -1717.0696, 151.86134, 11326.579, 144.33739, 495.42075, 1055.2213, 870.54486, 458.93616, 12556.773, 9622.3633, 6716.4121
4.0582867, 5929.1567, -1.1753392, -1717.1705, 151.83650, 11326.674, 144.33153, 495.43881, 1055.2379, 870.55499, 458.94699, 12556.775, 9622.3633, 6715.3618
4.0582480, 5929.1001, -1.1751777, -1716.9346, 151.84190, 11326.740, 144.33401, 495.43210, 1055.2163, 870.54419, 458.93866, 12556.773, 9622.3633, 6715.3398
4.0580306, 5928.7827, -1.1750758, -1716.7858, 151.83444, 11326.707, 144.32864, 495.40485, 1055.1974, 870.53857, 458.93829, 12556.775, 9622.3633, 6714.3579
4.0582547, 5929.1099, -1.1752688, -1717.0677, 151.83450, 11326.800, 144.32909, 495.42310, 1055.2141, 870.54309, 458.93900, 12556.771, 9622.3633, 6715.7866
4.0582051, 5929.0376, -1.1751492, -1716.8929, 151.80438, 11326.868, 144.32306, 495.42203, 1055.1826, 870.52289, 458.93533, 12556.765, 9622.3633, 6715.2812
4.0581346, 5928.9346, -1.1753037, -1717.1187, 151.82930, 11326.919, 144.32797, 495.42615, 1055.2168, 870.54456, 458.93909, 12556.758, 9622.3633, 6714.7222
4.0581870, 5929.0112, -1.1752037, -1716.9725, 151.85904, 11326.943, 144.33777, 495.43027, 1055.2191, 870.54761, 458.93457, 12556.752, 9622.3633, 6715.6650
4.0579681, 5928.6914, -1.1751951, -1716.9601, 151.79411, 11326.846, 144.31944, 495.39630, 1055.2351, 870.57416, 458.96991, 12556.787, 9622.3633, 6712.8799
4.0578279, 5928.4868, -1.1749822, -1716.6490, 151.78082, 11326.638, 144.31213, 495.35794, 1055.1844, 870.54584, 458.95978, 12556.818, 9622.3633, 6711.7373
4.0578890, 5928.5757, -1.1751497, -1716.8937, 151.82079, 11326.562, 144.32300, 495.37061, 1055.1848, 870.53235, 458.93875, 12556.819, 9622.3633, 6713.5776
4.0581317, 5928.9307, -1.1751789, -1716.9363, 151.84337, 11326.633, 144.32780, 495.39984, 1055.1813, 870.52283, 458.92776, 12556.810, 9622.3633, 6715.4478
4.0581460, 5928.9512, -1.1752987, -1717.1115, 151.83391, 11326.745, 144.32851, 495.41840, 1055.2092, 870.53717, 458.93488, 12556.798, 9622.3633, 6715.0259
4.0581927, 5929.0195, -1.1751039, -1716.8268, 151.79889, 11326.816, 144.31065, 495.41196, 1055.1655, 870.51373, 458.93457, 12556.792, 9622.3633, 6715.3647
4.0582514, 5929.1050, -1.1753727, -1717.2196, 151.86334, 11326.970, 144.33821, 495.43808, 1055.2333, 870.55499, 458.93600, 12556.785, 9622.3633, 6716.5742
4.0582619, 5929.1206, -1.1751698, -1716.9231, 151.85652, 11327.054, 144.33522, 495.43600, 1055.2212, 870.55164, 458.93863, 12556.781, 9622.3633, 6716.0107
4.0581861, 5929.0098, -1.1751918, -1716.9552, 151.83101, 11327.069, 144.32930, 495.43036, 1055.2198, 870.55231, 458.94260, 12556.780, 9622.3633, 6714.9927
4.0581517, 5928.9595, -1.1752162, -1716.9908, 151.80295, 11327.079, 144.32973, 495.42734, 1055.2092, 870.53845, 458.93979, 12556.776, 9622.3633, 6714.5493
4.0581903, 5929.0161, -1.1752142, -1716.9879, 151.85971, 11327.127, 144.33414, 495.42795, 1055.2123, 870.54639, 458.93292, 12556.770, 9622.3633, 6715.9561
4.0581622, 5928.9751, -1.1749970, -1716.6707, 151.80612, 11327.119, 144.31500, 495.40469, 1055.1615, 870.51947, 458.93350, 12556.768, 9622.3633, 6715.2046
4.0580835, 5928.8604, -1.1752559, -1717.0488, 151.86272, 11327.149, 144.33696, 495.41995, 1055.2141, 870.54755, 458.93018, 12556.755, 9622.3633, 6715.4067
4.0581651, 5928.9795, -1.1751845, -1716.9445, 151.79828, 11327.160, 144.32590, 495.41681, 1055.2031, 870.53967, 458.94101, 12556.759, 9622.3633, 6714.7046
4.0580783, 5928.8525, -1.1752398, -1717.0254, 151.78909, 11327.127, 144.32271, 495.41135, 1055.1931, 870.52979, 458.93698, 12556.752, 9622.3633, 6714.2671
4.0581074, 5928.8950, -1.1752777, -1717.0807, 151.83505, 11327.133, 144.32870, 495.41928, 1055.2189, 870.55035, 458.93924, 12556.746, 9622.3633, 6714.6357
4.0582533, 5929.1084, -1.1752727, -1717.0734, 151.80127, 11327.194, 144.32883, 495.43011, 1055.2080, 870.53955, 458.94110, 12556.747, 9622.3633, 6715.0771
4.0581498, 5928.9565, -1.1752335, -1717.0161, 151.84630, 11327.200, 144.33609, 495.42590, 1055.2194, 870.55011, 458.93512, 12556.741, 9622.3633, 6715.1807
4.0581717, 5928.9893, -1.1751179, -1716.8472, 151.81348, 11327.220, 144.31680, 495.41806, 1055.1898, 870.53613, 458.94028, 12556.740, 9622.3633, 6715.2515
4.0581656, 5928.9800, -1.1751764, -1716.9327, 151.84988, 11327.228, 144.33147, 495.42126, 1055.2018, 870.54523, 458.93283, 12556.735, 9622.3633, 6715.7354
4.0581665, 5928.9810, -1.1751577, -1716.9053, 151.84865, 11327.269, 144.33211, 495.42386, 1055.2126, 870.55096, 458.93607, 12556.732, 9622.3633, 6715.5835
4.0581717, 5928.9893, -1.1751845, -1716.9446, 151.79982, 11327.266, 144.31688, 495.41992, 1055.1932, 870.53485, 458.94101, 12556.732, 9622.3633, 6714.7515
4.0578566, 5928.5283, -1.1751593, -1716.9078, 151.82306, 11327.097, 144.32321, 495.38690, 1055.2278, 870.57330, 458.96030, 12556.758, 9622.3633, 6712.8975
4.0580420, 5928.7993, -1.1752465, -1717.0350, 151.83908, 11327.029, 144.32962, 495.39432, 1055.2550, 870.59088, 458.96957, 12556.794, 9622.3633, 6713.7549
4.0583429, 5929.2388, -1.1752928, -1717.1028, 151.83598, 11327.135, 144.33015, 495.42889, 1055.2413, 870.56738, 458.95331, 12556.808, 9622.3633, 6715.2632
4.0584474, 5929.3916, -1.1753329, -1717.1614, 151.87332, 11327.263, 144.34253, 495.45462, 1055.2625, 870.57788, 458.95013, 12556.814, 9622.3633, 6716.9907
4.0581226, 5928.9170, -1.1751215, -1716.8527, 151.82674, 11327.229, 144.32516, 495.41934, 1055.2338, 870.57336, 458.96085, 12556.842, 9622.3633, 6714.0093
4.0581956, 5929.0234, -1.1750600, -1716.7627, 151.80670, 11327.232, 144.32500, 495.41556, 1055.1832, 870.53156, 458.93875, 12556.843, 9622.3633, 6715.0337
4.0580444, 5928.8027, -1.1750828, -1716.7960, 151.80576, 11327.187, 144.31500, 495.40292, 1055.1626, 870.51532, 458.92792, 12556.831, 9622.3633, 6714.7715
4.0577497, 5928.3721, -1.1750845, -1716.7983, 151.77943, 11326.977, 144.31364, 495.36337, 1055.1877, 870.54773, 458.95453, 12556.852, 9622.3633, 6711.9526
4.0578184, 5928.4727, -1.1749029, -1716.5332, 151.80373, 11326.857, 144.32164, 495.35736, 1055.1471, 870.51239, 458.92911, 12556.849, 9622.3633, 6713.2373
4.0580139, 5928.7583, -1.1751735, -1716.9285, 151.81136, 11326.861, 144.31741, 495.38098, 1055.1521, 870.50604, 458.92194, 12556.832, 9622.3633, 6715.0366
4.0580263, 5928.7764, -1.1753013, -1717.1152, 151.83572, 11326.874, 144.33234, 495.40509, 1055.1987, 870.52905, 458.92593, 12556.811, 9622.3633, 6714.6831
4.0577707, 5928.4028, -1.1750418, -1716.7361, 151.75435, 11326.684, 144.30510, 495.36096, 1055.1749, 870.53296, 458.95691, 12556.833, 9622.3633, 6711.8408
4.0580297, 5928.7812, -1.1750654, -1716.7706, 151.80978, 11326.690, 144.31590, 495.38281, 1055.1547, 870.50427, 458.92361, 12556.818, 9622.3633, 6714.9165
4.0581956, 5929.0239, -1.1753564, -1717.1957, 151.86537, 11326.804, 144.33853, 495.42105, 1055.2147, 870.54077, 458.92892, 12556.803, 9622.3633, 6716.3408
4.0581889, 5929.0142, -1.1751842, -1716.9442, 151.84058, 11326.863, 144.33360, 495.42258, 1055.2056, 870.53815, 458.93402, 12556.795, 9622.3633, 6715.3257
4.0583396, 5929.2339, -1.1753892, -1717.2437, 151.86366, 11327.052, 144.33830, 495.44870, 1055.2537, 870.56946, 458.94553, 12556.792, 9622.3633, 6716.8779
4.0582976, 5929.1729, -1.1752249, -1717.0037, 151.83931, 11327.128, 144.33150, 495.44016, 1055.2450, 870.56897, 458.95248, 12556.805, 9622.3633, 6715.1855
4.0584211, 5929.3535, -1.1753328, -1717.1613, 151.87091, 11327.225, 144.34048, 495.45547, 1055.2610, 870.57819, 458.95151, 12556.816, 9622.3633, 6716.9160
4.0582972, 5929.1719, -1.1750234, -1716.7092, 151.84221, 11327.258, 144.32811, 495.43045, 1055.2063, 870.55231, 458.94373, 12556.830, 9622.3633, 6715.6230
4.0581822, 5929.0039, -1.1752148, -1716.9888, 151.83232, 11327.274, 144.33009, 495.42902, 1055.2178, 870.55243, 458.94141, 12556.827, 9622.3633, 6714.8618
4.0582228, 5929.0635, -1.1750841, -1716.7979, 151.80406, 11327.303, 144.31575, 495.42065, 1055.1831, 870.53052, 458.93896, 12556.823, 9622.3633, 6715.6680
4.0578704, 5928.5488, -1.1751678, -1716.9202, 151.81931, 11327.157, 144.32417, 495.38702, 1055.2268, 870.57373, 458.96140, 12556.848, 9622.3633, 6712.7974
4.0581393, 5928.9419, -1.1750867, -1716.8016, 151.84532, 11327.168, 144.32739, 495.39932, 1055.1820, 870.53467, 458.93182, 12556.845, 9622.3633, 6715.1606
4.0580916, 5928.8716, -1.1753236, -1717.1477, 151.84503, 11327.185, 144.33501, 495.41693, 1055.2253, 870.55328, 458.93683, 12556.836, 9622.3633, 6714.6396
4.0582414, 5929.0903, -1.1751987, -1716.9652, 151.80437, 11327.271, 144.32297, 495.42142, 1055.1964, 870.53864, 458.94324, 12556.838, 9622.3633, 6715.7075
4.0581331, 5928.9326, -1.1751789, -1716.9363, 151.84604, 11327.272, 144.32864, 495.41699, 1055.1954, 870.54199, 458.93326, 12556.830, 9622.3633, 6715.3726
4.0579886, 5928.7212, -1.1751993, -1716.9661, 151.82967, 11327.225, 144.32556, 495.40295, 1055.2168, 870.56042, 458.94958, 12556.840, 9622.3633, 6713.8540
4.0578442, 5928.5103, -1.1750442, -1716.7396, 151.75224, 11327.001, 144.30534, 495.36502, 1055.1891, 870.54968, 458.96500, 12556.869, 9622.3633, 6712.0415
4.0580726, 5928.8438, -1.1751310, -1716.8663, 151.85823, 11327.029, 144.33473, 495.39694, 1055.1982, 870.54004, 458.92981, 12556.860, 9622.3633, 6715.1567
4.0579824, 5928.7124, -1.1751702, -1716.9237, 151.81975, 11326.958, 144.32208, 495.38980, 1055.2047, 870.54779, 458.94711, 12556.867, 9622.3633, 6713.6870
4.0582395, 5929.0879, -1.1752818, -1717.0867, 151.84018, 11327.028, 144.33203, 495.41736, 1055.2129, 870.54523, 458.93777, 12556.860, 9622.3633, 6715.7412
4.0583243, 5929.2119, -1.1752864, -1717.0935, 151.82263, 11327.142, 144.32442, 495.43430, 1055.2174, 870.55212, 458.94644, 12556.860, 9622.3633, 6716.5015
4.0581622, 5928.9751, -1.1751542, -1716.9003, 151.84915, 11327.161, 144.33353, 495.42633, 1055.2075, 870.54449, 458.93417, 12556.853, 9622.3633, 6715.3667
4.0582881, 5929.1592, -1.1753154, -1717.1357, 151.84439, 11327.246, 144.33476, 495.43683, 1055.2316, 870.55896, 458.94327, 12556.851, 9622.3633, 6715.9976
4.0581856, 5929.0093, -1.1751090, -1716.8342, 151.84869, 11327.253, 144.33014, 495.42535, 1055.2058, 870.54639, 458.93506, 12556.845, 9622.3633, 6715.5615
4.0582380, 5929.0859, -1.1751171, -1716.8462, 151.80046, 11327.307, 144.31252, 495.41666, 1055.1710, 870.52466, 458.93781, 12556.840, 9622.3633, 6715.8032
4.0581002, 5928.8848, -1.1751105, -1716.8364, 151.80905, 11327.274, 144.31773, 495.40945, 1055.1685, 870.52136, 458.92865, 12556.829, 9622.3633, 6715.3853
4.0578499, 5928.5186, -1.1752002, -1716.9675, 151.82085, 11327.135, 144.32172, 495.38306, 1055.2229, 870.56940, 458.95853, 12556.851, 9622.3633, 6712.9326
4.0582848, 5929.1543, -1.1752608, -1717.0560, 151.83707, 11327.168, 144.33116, 495.41632, 1055.2181, 870.55200, 458.94211, 12556.851, 9622.3633, 6715.7954
4.0579796, 5928.7080, -1.1751715, -1716.9255, 151.81732, 11327.071, 144.32216, 495.39713, 1055.2360, 870.57697, 458.96753, 12556.879, 9622.3633, 6713.3633
4.0581183, 5928.9111, -1.1749701, -1716.6315, 151.80138, 11327.047, 144.31114, 495.38937, 1055.1458, 870.50763, 458.93063, 12556.876, 9622.3633, 6714.7437
4.0579834, 5928.7139, -1.1752559, -1717.0488, 151.79239, 11327.001, 144.32497, 495.39993, 1055.1759, 870.51312, 458.92484, 12556.854, 9622.3633, 6714.0913
4.0580454, 5928.8042, -1.1752613, -1717.0566, 151.79755, 11327.009, 144.32448, 495.40692, 1055.1923, 870.52563, 458.93332, 12556.841, 9622.3633, 6714.3037
4.0581260, 5928.9224, -1.1751643, -1716.9152, 151.84726, 11327.037, 144.32715, 495.40988, 1055.1849, 870.53040, 458.92871, 12556.831, 9622.3633, 6715.2979
4.0582051, 5929.0376, -1.1752905, -1717.0994, 151.86327, 11327.093, 144.33885, 495.42795, 1055.2253, 870.55341, 458.93359, 12556.820, 9622.3633, 6716.1567
4.0581241, 5928.9189, -1.1751429, -1716.8837, 151.80356, 11327.096, 144.32930, 495.41690, 1055.1965, 870.53088, 458.93402, 12556.812, 9622.3633, 6714.5654
4.0579410, 5928.6519, -1.1751310, -1716.8663, 151.80409, 11327.026, 144.32912, 495.39771, 1055.1985, 870.53833, 458.93924, 12556.810, 9622.3633, 6713.6377
4.0577922, 5928.4346, -1.1749973, -1716.6711, 151.74147, 11326.769, 144.29884, 495.34866, 1055.1617, 870.52838, 458.95703, 12556.834, 9622.3633, 6711.4585
4.0574880, 5927.9897, -1.1748512, -1716.4576, 151.73676, 11326.379, 144.29514, 495.29709, 1055.1042, 870.49237, 458.93668, 12556.839, 9622.3633, 6709.8447
4.0578451, 5928.5117, -1.1751604, -1716.9093, 151.81569, 11326.343, 144.31816, 495.34790, 1055.1255, 870.47870, 458.90536, 12556.802, 9622.3633, 6714.5674
4.0580473, 5928.8071, -1.1753242, -1717.1487, 151.80222, 11326.417, 144.32719, 495.39243, 1055.1691, 870.49951, 458.91934, 12556.775, 9622.3633, 6715.0605
4.0581074, 5928.8945, -1.1752585, -1717.0526, 151.79918, 11326.492, 144.32675, 495.40787, 1055.1820, 870.51044, 458.92746, 12556.760, 9622.3633, 6715.0186
4.0580997, 5928.8838, -1.1753023, -1717.1167, 151.83067, 11326.541, 144.32727, 495.41678, 1055.2054, 870.53174, 458.93463, 12556.748, 9622.3633, 6714.5449
4.0582747, 5929.1396, -1.1753625, -1717.2046, 151.84349, 11326.693, 144.33386, 495.43356, 1055.2292, 870.54926, 458.94080, 12556.744, 9622.3633, 6716.0771
4.0580134, 5928.7578, -1.1752182, -1716.9939, 151.82597, 11326.665, 144.32390, 495.40457, 1055.2426, 870.57495, 458.96722, 12556.772, 9622.3633, 6713.5718
4.0582786, 5929.1450, -1.1751020, -1716.8240, 151.80432, 11326.749, 144.31558, 495.41537, 1055.1819, 870.52319, 458.94009, 12556.773, 9622.3633, 6715.8667
4.0581117, 5928.9009, -1.1753250, -1717.1499, 151.83473, 11326.802, 144.32893, 495.42093, 1055.2157, 870.54291, 458.93689, 12556.765, 9622.3633, 6714.6851
4.0582628, 5929.1221, -1.1752740, -1717.0753, 151.84128, 11326.880, 144.33047, 495.42844, 1055.2161, 870.54596, 458.93936, 12556.762, 9622.3633, 6715.7944
4.0581303, 5928.9282, -1.1751984, -1716.9648, 151.79710, 11326.909, 144.32703, 495.42169, 1055.1985, 870.52850, 458.93573, 12556.754, 9622.3633, 6714.6719
4.0582280, 5929.0708, -1.1752273, -1717.0071, 151.86028, 11326.995, 144.33806, 495.43167, 1055.2188, 870.54712, 458.93411, 12556.747, 9622.3633, 6716.0488
4.0583248, 5929.2129, -1.1753211, -1717.1442, 151.83789, 11327.083, 144.33250, 495.44058, 1055.2358, 870.56018, 458.94638, 12556.751, 9622.3633, 6716.0884
4.0583978, 5929.3193, -1.1753612, -1717.2026, 151.86880, 11327.250, 144.34138, 495.45596, 1055.2638, 870.57983, 458.95084, 12556.762, 9622.3633, 6716.9238
4.0582690, 5929.1313, -1.1750964, -1716.8158, 151.85013, 11327.307, 144.33063, 495.43668, 1055.2155, 870.55511, 458.94113, 12556.769, 9622.3633, 6715.7876
4.0581884, 5929.0132, -1.1751438, -1716.8851, 151.84686, 11327.340, 144.33080, 495.42935, 1055.2136, 870.55450, 458.93866, 12556.766, 9622.3633, 6715.5767
4.0583234, 5929.2104, -1.1753397, -1717.1714, 151.84627, 11327.418, 144.33340, 495.44107, 1055.2415, 870.57013, 458.94766, 12556.773, 9622.3633, 6716.1426
4.0582781, 5929.1440, -1.1751333, -1716.8698, 151.80714, 11327.485, 144.32483, 495.42953, 1055.1954, 870.54211, 458.94266, 12556.781, 9622.3633, 6715.6943
4.0579305, 5928.6362, -1.1751255, -1716.8584, 151.82542, 11327.371, 144.32625, 495.40137, 1055.2140, 870.56024, 458.94711, 12556.791, 9622.3633, 6713.3862
4.0581093, 5928.8979, -1.1751934, -1716.9575, 151.80498, 11327.348, 144.32744, 495.41028, 1055.1996, 870.53772, 458.93539, 12556.784, 9622.3633, 6714.5659
4.0578675, 5928.5444, -1.1751397, -1716.8790, 151.78935, 11327.143, 144.31705, 495.37762, 1055.2159, 870.56641, 458.96402, 12556.810, 9622.3633, 6712.3594
4.0581236, 5928.9185, -1.1751845, -1716.9446, 151.79561, 11327.134, 144.32571, 495.40176, 1055.1958, 870.53485, 458.93991, 12556.810, 9622.3633, 6714.3384
4.0582123, 5929.0479, -1.1751801, -1716.9381, 151.84706, 11327.183, 144.33057, 495.41910, 1055.2045, 870.54266, 458.93381, 12556.802, 9622.3633, 6715.8389
4.0582747, 5929.1396, -1.1752537, -1717.0457, 151.83032, 11327.244, 144.32742, 495.42770, 1055.2163, 870.55078, 458.94266, 12556.801, 9622.3633, 6715.7671
4.0581203, 5928.9136, -1.1751838, -1716.9435, 151.80626, 11327.190, 144.33119, 495.41968, 1055.2019, 870.53625, 458.93475, 12556.792, 9622.3633, 6714.5586
4.0581975, 5929.0264, -1.1750921, -1716.8096, 151.80966, 11327.189, 144.31610, 495.41302, 1055.1772, 870.52570, 458.93521, 12556.786, 9622.3633, 6715.5210
4.0582175, 5929.0557, -1.1752824, -1717.0875, 151.84099, 11327.252, 144.33267, 495.42548, 1055.2151, 870.54858, 458.93658, 12556.780, 9622.3633, 6715.6685
4.0582924, 5929.1650, -1.1752630, -1717.0593, 151.84163, 11327.368, 144.32600, 495.43094, 1055.2180, 870.55725, 458.94528, 12556.784, 9622.3633, 6716.2515
4.0584049, 5929.3296, -1.1753554, -1717.1942, 151.86345, 11327.508, 144.33981, 495.45389, 1055.2583, 870.58038, 458.94876, 12556.789, 9622.3633, 6716.9150
4.0582356, 5929.0820, -1.1750367, -1716.7286, 151.81493, 11327.513, 144.32170, 495.42847, 1055.1915, 870.54248, 458.94138, 12556.795, 9622.3633, 6715.4722
4.0579190, 5928.6196, -1.1751180, -1716.8473, 151.81721, 11327.354, 144.32220, 495.39325, 1055.2297, 870.58014, 458.96448, 12556.822, 9622.3633, 6712.9424
4.0582075, 5929.0415, -1.1750849, -1716.7992, 151.84227, 11327.355, 144.32869, 495.40771, 1055.1951, 870.54675, 458.93613, 12556.820, 9622.3633, 6715.5347
4.0582986, 5929.1743, -1.1752409, -1717.0269, 151.81131, 11327.429, 144.32040, 495.42740, 1055.2067, 870.54974, 458.94482, 12556.821, 9622.3633, 6716.2832
4.0578141, 5928.4663, -1.1749668, -1716.6265, 151.74991, 11327.189, 144.30321, 495.36539, 1055.1799, 870.54846, 458.96277, 12556.851, 9622.3633, 6711.7119
4.0575252, 5928.0439, -1.1747596, -1716.3239, 151.73337, 11326.769, 144.29155, 495.30222, 1055.1069, 870.50165, 458.94156, 12556.868, 9622.3633, 6709.9126
4.0574546, 5927.9409, -1.1749437, -1716.5927, 151.77686, 11326.427, 144.31032, 495.29440, 1055.1309, 870.50897, 458.93268, 12556.866, 9622.3633, 6710.4487
4.0579863, 5928.7183, -1.1752323, -1717.0144, 151.85611, 11326.502, 144.33391, 495.36725, 1055.1713, 870.50995, 458.91281, 12556.837, 9622.3633, 6715.4712
4.0581770, 5928.9966, -1.1753347, -1717.1641, 151.83307, 11326.591, 144.32916, 495.40698, 1055.2013, 870.52960, 458.93152, 12556.822, 9622.3633, 6715.2402
4.0578351, 5928.4971, -1.1750412, -1716.7351, 151.74922, 11326.439, 144.30302, 495.36789, 1055.1783, 870.53040, 458.95953, 12556.847, 9622.3633, 6712.0210
4.0579586, 5928.6772, -1.1749952, -1716.6680, 151.80293, 11326.434, 144.31450, 495.37650, 1055.1383, 870.48853, 458.91660, 12556.822, 9622.3633, 6714.7607
4.0577765, 5928.4111, -1.1752394, -1717.0249, 151.79951, 11326.372, 144.32191, 495.36984, 1055.2076, 870.54535, 458.95166, 12556.830, 9622.3633, 6712.5312
4.0581932, 5929.0200, -1.1751244, -1716.8567, 151.80884, 11326.470, 144.31764, 495.39816, 1055.1689, 870.51007, 458.93057, 12556.820, 9622.3633, 6715.6284
4.0581899, 5929.0151, -1.1752741, -1717.0756, 151.83359, 11326.565, 144.33052, 495.41772, 1055.2010, 870.52875, 458.93155, 12556.807, 9622.3633, 6715.5532
4.0579300, 5928.6357, -1.1751671, -1716.9191, 151.82448, 11326.495, 144.32509, 495.39197, 1055.2251, 870.56311, 458.96008, 12556.830, 9622.3633, 6713.1265
4.0580187, 5928.7651, -1.1751339, -1716.8707, 151.84123, 11326.490, 144.32996, 495.39334, 1055.2155, 870.54950, 458.94473, 12556.837, 9622.3633, 6714.0181
4.0581665, 5928.9810, -1.1750263, -1716.7135, 151.80063, 11326.559, 144.31523, 495.40213, 1055.1625, 870.50653, 458.93146, 12556.828, 9622.3633, 6715.2305
4.0581059, 5928.8931, -1.1752428, -1717.0298, 151.79996, 11326.625, 144.32733, 495.41293, 1055.1865, 870.51495, 458.92896, 12556.813, 9622.3633, 6714.7251
4.0577970, 5928.4414, -1.1750760, -1716.7860, 151.78592, 11326.453, 144.31496, 495.36606, 1055.1875, 870.54041, 458.95462, 12556.833, 9622.3633, 6711.8999
4.0576253, 5928.1904, -1.1749018, -1716.5316, 151.74316, 11326.159, 144.29860, 495.32083, 1055.1282, 870.50238, 458.94293, 12556.846, 9622.3633, 6710.8242
4.0574408, 5927.9209, -1.1748439, -1716.4470, 151.72516, 11325.825, 144.29343, 495.28833, 1055.0925, 870.47418, 458.93112, 12556.844, 9622.3633, 6709.7339
4.0573907, 5927.8481, -1.1749154, -1716.5514, 151.72478, 11325.522, 144.29207, 495.27451, 1055.0797, 870.46094, 458.92435, 12556.830, 9622.3633, 6709.7041
4.0577116, 5928.3164, -1.1753339, -1717.1628, 151.82275, 11325.523, 144.32339, 495.33966, 1055.1902, 870.52026, 458.93814, 12556.812, 9622.3633, 6713.1724
4.0580845, 5928.8613, -1.1751537, -1716.8995, 151.84200, 11325.637, 144.32558, 495.38464, 1055.1692, 870.49835, 458.92010, 12556.788, 9622.3633, 6715.3091
4.0582347, 5929.0806, -1.1754609, -1717.3484, 151.83580, 11325.816, 144.32922, 495.42642, 1055.2201, 870.52765, 458.93604, 12556.773, 9622.3633, 6715.3916
4.0582156, 5929.0532, -1.1752411, -1717.0272, 151.79149, 11325.936, 144.32399, 495.42239, 1055.1846, 870.50409, 458.93381, 12556.765, 9622.3633, 6714.7427
4.0581021, 5928.8872, -1.1752586, -1717.0529, 151.86229, 11326.061, 144.33382, 495.42184, 1055.1991, 870.52087, 458.92487, 12556.748, 9622.3633, 6715.6167
4.0582485, 5929.1011, -1.1752352, -1717.0186, 151.79573, 11326.205, 144.32477, 495.42545, 1055.1971, 870.51892, 458.93701, 12556.741, 9622.3633, 6715.3164
4.0581059, 5928.8931, -1.1751806, -1716.9387, 151.85208, 11326.277, 144.33205, 495.42145, 1055.1936, 870.52081, 458.92432, 12556.725, 9622.3633, 6715.3174
4.0581207, 5928.9141, -1.1751606, -1716.9098, 151.80673, 11326.345, 144.32851, 495.41235, 1055.2014, 870.53204, 458.94208, 12556.733, 9622.3633, 6714.5396
4.0579290, 5928.6343, -1.1751621, -1716.9117, 151.82332, 11326.273, 144.32274, 495.38721, 1055.2180, 870.55609, 458.95779, 12556.759, 9622.3633, 6713.0762
4.0581970, 5929.0259, -1.1751754, -1716.9313, 151.86656, 11326.358, 144.33891, 495.41190, 1055.2064, 870.53259, 458.92816, 12556.749, 9622.3633, 6715.7671
4.0582709, 5929.1338, -1.1752241, -1717.0024, 151.83362, 11326.490, 144.32761, 495.42325, 1055.2124, 870.53754, 458.93771, 12556.744, 9622.3633, 6715.6216
4.0579810, 5928.7100, -1.1751236, -1716.8555, 151.80312, 11326.453, 144.32175, 495.39734, 1055.2025, 870.54163, 458.94763, 12556.754, 9622.3633, 6713.3574
4.0581870, 5929.0112, -1.1752890, -1717.0973, 151.83344, 11326.532, 144.32924, 495.41663, 1055.2096, 870.53619, 458.93759, 12556.747, 9622.3633, 6715.0000
4.0579796, 5928.7085, -1.1752210, -1716.9978, 151.79843, 11326.470, 144.32614, 495.39954, 1055.2334, 870.56281, 458.96408, 12556.775, 9622.3633, 6713.2329
4.0581517, 5928.9595, -1.1752391, -1717.0243, 151.84488, 11326.518, 144.33325, 495.41525, 1055.2184, 870.54144, 458.93814, 12556.768, 9622.3633, 6714.5229
4.0580292, 5928.7808, -1.1752169, -1716.9919, 151.82390, 11326.497, 144.32274, 495.40005, 1055.2374, 870.56927, 458.96619, 12556.796, 9622.3633, 6713.6035
4.0583539, 5929.2554, -1.1752192, -1716.9952, 151.82460, 11326.655, 144.32263, 495.42444, 1055.2058, 870.53894, 458.94385, 12556.798, 9622.3633, 6716.3877
4.0583749, 5929.2856, -1.1753737, -1717.2209, 151.87006, 11326.801, 144.34219, 495.45090, 1055.2537, 870.56580, 458.94461, 12556.795, 9622.3633, 6716.8921
4.0581665, 5928.9810, -1.1751015, -1716.8232, 151.78734, 11326.793, 144.32097, 495.41531, 1055.2131, 870.54944, 458.95636, 12556.817, 9622.3633, 6713.9263
4.0577607, 5928.3882, -1.1749959, -1716.6691, 151.80515, 11326.604, 144.32198, 495.36710, 1055.2019, 870.55499, 458.95392, 12556.842, 9622.3633, 6711.9873
4.0581646, 5928.9785, -1.1751760, -1716.9321, 151.80579, 11326.667, 144.32983, 495.40109, 1055.1865, 870.51959, 458.93130, 12556.833, 9622.3633, 6714.7529
4.0579252, 5928.6289, -1.1751212, -1716.8521, 151.79216, 11326.596, 144.32370, 495.38635, 1055.1810, 870.51990, 458.93503, 12556.824, 9622.3633, 6713.4316
4.0576200, 5928.1826, -1.1749460, -1716.5961, 151.74461, 11326.315, 144.29945, 495.32913, 1055.1356, 870.50635, 458.94360, 12556.836, 9622.3633, 6710.8345
4.0574622, 5927.9526, -1.1748518, -1716.4584, 151.72807, 11325.985, 144.29503, 495.29431, 1055.1022, 870.48126, 458.93433, 12556.836, 9622.3633, 6709.8398
4.0574160, 5927.8848, -1.1749327, -1716.5768, 151.77271, 11325.707, 144.30850, 495.28860, 1055.1155, 870.48663, 458.92651, 12556.827, 9622.3633, 6710.2339
4.0577416, 5928.3608, -1.1752656, -1717.0630, 151.83586, 11325.654, 144.33080, 495.34387, 1055.1869, 870.51605, 458.92599, 12556.804, 9622.3633, 6712.9834
4.0579119, 5928.6094, -1.1751931, -1716.9572, 151.81551, 11325.634, 144.32066, 495.36523, 1055.2040, 870.53369, 458.95251, 12556.817, 9622.3633, 6713.1709
4.0582194, 5929.0586, -1.1751204, -1716.8508, 151.80453, 11325.789, 144.31485, 495.39612, 1055.1573, 870.49146, 458.92746, 12556.803, 9622.3633, 6715.7012
4.0579877, 5928.7202, -1.1750987, -1716.8192, 151.79974, 11325.849, 144.31216, 495.39258, 1055.1396, 870.47961, 458.91824, 12556.775, 9622.3633, 6714.5469
4.0580087, 5928.7510, -1.1752683, -1717.0670, 151.85454, 11325.930, 144.32959, 495.40448, 1055.1782, 870.50623, 458.91690, 12556.746, 9622.3633, 6715.1006
4.0582623, 5929.1211, -1.1752317, -1717.0134, 151.85596, 11326.089, 144.33290, 495.42169, 1055.2008, 870.52539, 458.92810, 12556.735, 9622.3633, 6716.3599
4.0582671, 5929.1284, -1.1752498, -1717.0400, 151.85455, 11326.229, 144.33452, 495.43057, 1055.2054, 870.53040, 458.93106, 12556.726, 9622.3633, 6716.0542
4.0580788, 5928.8530, -1.1752268, -1717.0063, 151.80016, 11326.272, 144.32668, 495.42056, 1055.1952, 870.51678, 458.93353, 12556.716, 9622.3633, 6714.0088
4.0580816, 5928.8569, -1.1752468, -1717.0356, 151.82698, 11326.313, 144.32483, 495.41885, 1055.2020, 870.52570, 458.93307, 12556.703, 9622.3633, 6714.3735
4.0582800, 5929.1470, -1.1752075, -1716.9781, 151.81503, 11326.469, 144.31828, 495.42651, 1055.1880, 870.52173, 458.93713, 12556.699, 9622.3633, 6716.1221
4.0579352, 5928.6436, -1.1752231, -1717.0010, 151.78651, 11326.423, 144.32034, 495.39871, 1055.2179, 870.55042, 458.96036, 12556.725, 9622.3633, 6712.9814
4.0579653, 5928.6870, -1.1752274, -1717.0072, 151.82811, 11326.384, 144.32632, 495.39151, 1055.2383, 870.56940, 458.96368, 12556.753, 9622.3633, 6713.5742
4.0583830, 5929.2979, -1.1752565, -1717.0497, 151.85686, 11326.513, 144.33614, 495.43149, 1055.2338, 870.55267, 458.94351, 12556.755, 9622.3633, 6716.5737
4.0583858, 5929.3018, -1.1752093, -1716.9808, 151.81819, 11326.682, 144.32385, 495.44043, 1055.2091, 870.53876, 458.94327, 12556.752, 9622.3633, 6716.5210
4.0581570, 5928.9673, -1.1751031, -1716.8256, 151.84399, 11326.726, 144.32831, 495.42203, 1055.1876, 870.52936, 458.93054, 12556.745, 9622.3633, 6715.2329
4.0581264, 5928.9229, -1.1752421, -1717.0287, 151.79466, 11326.782, 144.32510, 495.42200, 1055.2029, 870.53052, 458.93704, 12556.736, 9622.3633, 6714.4980
4.0580654, 5928.8335, -1.1750367, -1716.7285, 151.80721, 11326.764, 144.31537, 495.40286, 1055.1575, 870.50616, 458.92526, 12556.727, 9622.3633, 6715.1094
4.0581479, 5928.9541, -1.1753758, -1717.2240, 151.84012, 11326.826, 144.32991, 495.42053, 1055.2150, 870.54224, 458.93491, 12556.716, 9622.3633, 6715.1260
4.0580378, 5928.7935, -1.1751343, -1716.8712, 151.80193, 11326.806, 144.32907, 495.40607, 1055.2113, 870.54669, 458.94870, 12556.730, 9622.3633, 6713.8452
4.0581427, 5928.9463, -1.1752756, -1717.0775, 151.80402, 11326.834, 144.32941, 495.41739, 1055.2130, 870.53766, 458.94107, 12556.727, 9622.3633, 6714.3408
4.0578508, 5928.5200, -1.1750791, -1716.7905, 151.79327, 11326.668, 144.31804, 495.37317, 1055.2036, 870.55225, 458.95929, 12556.752, 9622.3633, 6712.0903
4.0580678, 5928.8369, -1.1751735, -1716.9286, 151.80179, 11326.692, 144.32912, 495.39636, 1055.1836, 870.51666, 458.92905, 12556.743, 9622.3633, 6714.4932
4.0581689, 5928.9849, -1.1752392, -1717.0244, 151.83002, 11326.751, 144.32814, 495.41437, 1055.2012, 870.53088, 458.93283, 12556.732, 9622.3633, 6715.1113
4.0579820, 5928.7119, -1.1751909, -1716.9539, 151.82890, 11326.690, 144.32414, 495.39880, 1055.2083, 870.54645, 458.94504, 12556.739, 9622.3633, 6713.7446
4.0581932, 5929.0205, -1.1750929, -1716.8108, 151.80754, 11326.703, 144.31403, 495.40234, 1055.1650, 870.51410, 458.93347, 12556.735, 9622.3633, 6715.2900
4.0581765, 5928.9961, -1.1753895, -1717.2441, 151.83644, 11326.767, 144.32999, 495.42706, 1055.2261, 870.54822, 458.94019, 12556.729, 9622.3633, 6715.0303
4.0582113, 5929.0469, -1.1751324, -1716.8684, 151.85283, 11326.840, 144.33096, 495.42474, 1055.2046, 870.53845, 458.93320, 12556.723, 9622.3633, 6715.6406
4.0583134, 5929.1958, -1.1751864, -1716.9474, 151.85820, 11326.962, 144.33426, 495.43228, 1055.2203, 870.55139, 458.93716, 12556.721, 9622.3633, 6716.4106
4.0582905, 5929.1621, -1.1751604, -1716.9093, 151.83733, 11327.043, 144.33099, 495.42688, 1055.2139, 870.54895, 458.93942, 12556.725, 9622.3633, 6715.7417
4.0582685, 5929.1304, -1.1752130, -1716.9862, 151.85864, 11327.109, 144.33527, 495.43109, 1055.2188, 870.55499, 458.93976, 12556.729, 9622.3633, 6715.8403
4.0582356, 5929.0825, -1.1751624, -1716.9122, 151.85646, 11327.143, 144.33517, 495.43121, 1055.2220, 870.55548, 458.93875, 12556.729, 9622.3633, 6715.7554
4.0581784, 5928.9990, -1.1752398, -1717.0253, 151.83334, 11327.167, 144.32913, 495.42914, 1055.2261, 870.55695, 458.94449, 12556.734, 9622.3633, 6714.5840
4.0582881, 5929.1587, -1.1751696, -1716.9227, 151.84546, 11327.226, 144.32756, 495.42932, 1055.2059, 870.54840, 458.94141, 12556.743, 9622.3633, 6715.9697
4.0581923, 5929.0190, -1.1752143, -1716.9880, 151.83011, 11327.267, 144.32948, 495.43011, 1055.2262, 870.55792, 458.94400, 12556.746, 9622.3633, 6714.9468
4.0580144, 5928.7588, -1.1751336, -1716.8701, 151.82349, 11327.163, 144.32506, 495.39923, 1055.2405, 870.58496, 458.96884, 12556.782, 9622.3633, 6713.2856
4.0579987, 5928.7358, -1.1749799, -1716.6456, 151.79948, 11327.065, 144.31285, 495.37866, 1055.1915, 870.54718, 458.95114, 12556.803, 9622.3633, 6713.2852
4.0578203, 5928.4756, -1.1750708, -1716.7784, 151.79095, 11326.868, 144.31737, 495.35822, 1055.1952, 870.55164, 458.95667, 12556.828, 9622.3633, 6712.0762
4.0581408, 5928.9434, -1.1751953, -1716.9604, 151.85104, 11326.918, 144.33272, 495.40024, 1055.1993, 870.53748, 458.93094, 12556.819, 9622.3633, 6715.5298
4.0581970, 5929.0259, -1.1751741, -1716.9293, 151.85265, 11326.968, 144.33333, 495.41772, 1055.2100, 870.54443, 458.93439, 12556.811, 9622.3633, 6715.6499
4.0582080, 5929.0420, -1.1752194, -1716.9956, 151.83795, 11327.000, 144.32971, 495.42505, 1055.2119, 870.54510, 458.93726, 12556.804, 9622.3633, 6715.1196
4.0584211, 5929.3535, -1.1753265, -1717.1520, 151.86159, 11327.188, 144.33824, 495.45041, 1055.2480, 870.56860, 458.94656, 12556.805, 9622.3633, 6716.8320
4.0582318, 5929.0767, -1.1752368, -1717.0210, 151.84016, 11327.205, 144.33084, 495.43753, 1055.2394, 870.56567, 458.94894, 12556.813, 9622.3633, 6714.7251
4.0582962, 5929.1704, -1.1750509, -1716.7493, 151.81009, 11327.232, 144.31694, 495.42282, 1055.1774, 870.52930, 458.93823, 12556.812, 9622.3633, 6715.6074
4.0581026, 5928.8882, -1.1751429, -1716.8837, 151.84727, 11327.245, 144.33125, 495.42041, 1055.2019, 870.54413, 458.93063, 12556.801, 9622.3633, 6715.2910
4.0582061, 5929.0391, -1.1752503, -1717.0406, 151.82933, 11327.302, 144.32849, 495.42856, 1055.2266, 870.55859, 458.94611, 12556.804, 9622.3633, 6714.9453
4.0580559, 5928.8198, -1.1751010, -1716.8226, 151.83037, 11327.237, 144.32776, 495.40720, 1055.2251, 870.56598, 458.95181, 12556.818, 9622.3633, 6713.9902
4.0584221, 5929.3545, -1.1753393, -1717.1708, 151.86742, 11327.367, 144.34091, 495.44656, 1055.2599, 870.58038, 458.95053, 12556.827, 9622.3633, 6716.9014
4.0582790, 5929.1460, -1.1751213, -1716.8523, 151.80362, 11327.380, 144.33049, 495.43326, 1055.2142, 870.54865, 458.94604, 12556.837, 9622.3633, 6715.0903
4.0582657, 5929.1260, -1.1751602, -1716.9089, 151.85008, 11327.433, 144.33002, 495.43149, 1055.2158, 870.55505, 458.93985, 12556.834, 9622.3633, 6715.8984
4.0581589, 5928.9702, -1.1751399, -1716.8794, 151.82539, 11327.398, 144.32617, 495.41455, 1055.2253, 870.57043, 458.95575, 12556.855, 9622.3633, 6714.4707
4.0581837, 5929.0063, -1.1751666, -1716.9185, 151.79669, 11327.389, 144.32764, 495.42023, 1055.2084, 870.54449, 458.94281, 12556.854, 9622.3633, 6714.4380
4.0582480, 5929.1006, -1.1751628, -1716.9128, 151.84981, 11327.429, 144.33084, 495.42673, 1055.2133, 870.55225, 458.93774, 12556.850, 9622.3633, 6715.8652
4.0582042, 5929.0361, -1.1751837, -1716.9434, 151.80360, 11327.440, 144.33159, 495.42743, 1055.2114, 870.54553, 458.94049, 12556.845, 9622.3633, 6714.8228
4.0581717, 5928.9888, -1.1752421, -1717.0287, 151.84331, 11327.443, 144.33263, 495.42657, 1055.2244, 870.55804, 458.94031, 12556.841, 9622.3633, 6714.7847
4.0581636, 5928.9771, -1.1751088, -1716.8339, 151.80119, 11327.417, 144.32805, 495.41898, 1055.2009, 870.53955, 458.93808, 12556.837, 9622.3633, 6714.5288
4.0582166, 5929.0547, -1.1752561, -1717.0492, 151.83513, 11327.408, 144.33095, 495.42502, 1055.2142, 870.55115, 458.93924, 12556.832, 9622.3633, 6715.1050
4.0583296, 5929.2192, -1.1752646, -1717.0616, 151.83940, 11327.462, 144.33116, 495.43564, 1055.2329, 870.56403, 458.94662, 12556.837, 9622.3633, 6715.9058
4.0583367, 5929.2300, -1.1753256, -1717.1508, 151.84573, 11327.513, 144.33350, 495.44519, 1055.2556, 870.57928, 458.95331, 12556.846, 9622.3633, 6715.4141
4.0582924, 5929.1655, -1.1751595, -1716.9080, 151.82957, 11327.531, 144.32971, 495.43732, 1055.2408, 870.57306, 458.95374, 12556.858, 9622.3633, 6714.9697
4.0580206, 5928.7681, -1.1749727, -1716.6351, 151.80478, 11327.425, 144.32339, 495.40112, 1055.1885, 870.54633, 458.94696, 12556.873, 9622.3633, 6713.8486
4.0582008, 5929.0317, -1.1750813, -1716.7937, 151.80634, 11327.423, 144.31575, 495.40778, 1055.1752, 870.52881, 458.93582, 12556.867, 9622.3633, 6715.4829
4.0582275, 5929.0703, -1.1751925, -1716.9562, 151.81752, 11327.438, 144.31993, 495.41986, 1055.1936, 870.54016, 458.93710, 12556.861, 9622.3633, 6715.9448
4.0581193, 5928.9121, -1.1751442, -1716.8857, 151.84222, 11327.397, 144.33559, 495.41656, 1055.2051, 870.54523, 458.93140, 12556.852, 9622.3633, 6714.7065
4.0581942, 5929.0220, -1.1751740, -1716.9292, 151.84964, 11327.428, 144.33199, 495.42401, 1055.2181, 870.55768, 458.93994, 12556.849, 9622.3633, 6715.4092
4.0583239, 5929.2114, -1.1753175, -1717.1389, 151.83749, 11327.493, 144.33266, 495.43997, 1055.2449, 870.57184, 458.95132, 12556.854, 9622.3633, 6715.3052
4.0584302, 5929.3667, -1.1752797, -1717.0836, 151.86256, 11327.610, 144.34036, 495.45660, 1055.2627, 870.58600, 458.95374, 12556.866, 9622.3633, 6716.7759
4.0583205, 5929.2061, -1.1750917, -1716.8090, 151.86322, 11327.650, 144.33763, 495.44385, 1055.2318, 870.56934, 458.94470, 12556.874, 9622.3633, 6715.8955
4.0581942, 5929.0220, -1.1750593, -1716.7616, 151.80453, 11327.632, 144.32329, 495.42447, 1055.1897, 870.54102, 458.94141, 12556.877, 9622.3633, 6714.9058
4.0581875, 5929.0117, -1.1752629, -1717.0591, 151.82718, 11327.609, 144.32639, 495.42438, 1055.2222, 870.55933, 458.94418, 12556.876, 9622.3633, 6714.9272
4.0583405, 5929.2354, -1.1752294, -1717.0103, 151.80002, 11327.646, 144.31989, 495.43121, 1055.2175, 870.55627, 458.95206, 12556.886, 9622.3633, 6715.8081
4.0579295, 5928.6348, -1.1751055, -1716.8291, 151.77715, 11327.448, 144.31615, 495.39011, 1055.2240, 870.57422, 458.96902, 12556.916, 9622.3633, 6712.4692
4.0581541, 5928.9629, -1.1750319, -1716.7216, 151.81558, 11327.424, 144.32057, 495.40021, 1055.1787, 870.53394, 458.93549, 12556.911, 9622.3633, 6715.3711
4.0581274, 5928.9238, -1.1750575, -1716.7590, 151.80621, 11327.396, 144.31587, 495.40036, 1055.1576, 870.51685, 458.92725, 12556.900, 9622.3633, 6715.2588
4.0580807, 5928.8560, -1.1750894, -1716.8055, 151.80031, 11327.339, 144.31258, 495.39706, 1055.1555, 870.51550, 458.92944, 12556.890, 9622.3633, 6714.9146
4.0582032, 5929.0347, -1.1752549, -1717.0475, 151.85704, 11327.375, 144.33548, 495.42209, 1055.2128, 870.54938, 458.93243, 12556.877, 9622.3633, 6715.9863
4.0581856, 5929.0088, -1.1751755, -1716.9315, 151.79738, 11327.370, 144.32713, 495.42456, 1055.2072, 870.54041, 458.94073, 12556.872, 9622.3633, 6714.6162
4.0582695, 5929.1318, -1.1751666, -1716.9185, 151.85077, 11327.433, 144.33298, 495.43188, 1055.2191, 870.55481, 458.93979, 12556.868, 9622.3633, 6715.9229
4.0582924, 5929.1650, -1.1751536, -1716.8994, 151.84526, 11327.462, 144.32834, 495.43124, 1055.2108, 870.55548, 458.94055, 12556.865, 9622.3633, 6715.8604
4.0584636, 5929.4155, -1.1753700, -1717.2155, 151.87135, 11327.618, 144.34406, 495.46143, 1055.2700, 870.58826, 458.95050, 12556.867, 9622.3633, 6717.1914
4.0584507, 5929.3965, -1.1751238, -1716.8558, 151.85513, 11327.700, 144.33531, 495.45230, 1055.2513, 870.58484, 458.95462, 12556.887, 9622.3633, 6716.5903
4.0582252, 5929.0669, -1.1749957, -1716.6686, 151.84177, 11327.680, 144.32472, 495.41824, 1055.2136, 870.57220, 458.95547, 12556.912, 9622.3633, 6715.0527
4.0582271, 5929.0698, -1.1751593, -1716.9078, 151.84332, 11327.677, 144.33467, 495.42435, 1055.2241, 870.56500, 458.94189, 12556.912, 9622.3633, 6715.1045
4.0582442, 5929.0947, -1.1750990, -1716.8197, 151.84912, 11327.696, 144.33322, 495.42627, 1055.2162, 870.55933, 458.93942, 12556.908, 9622.3633, 6715.6299
4.0581841, 5929.0068, -1.1750044, -1716.6814, 151.80589, 11327.680, 144.31467, 495.41281, 1055.1757, 870.53381, 458.93640, 12556.902, 9622.3633, 6715.1919
4.0582070, 5929.0405, -1.1752502, -1717.0405, 151.80695, 11327.662, 144.33307, 495.42642, 1055.2175, 870.55267, 458.94055, 12556.897, 9622.3633, 6715.0684
4.0579462, 5928.6597, -1.1750942, -1716.8127, 151.78989, 11327.466, 144.32204, 495.39038, 1055.2217, 870.57361, 458.96628, 12556.927, 9622.3633, 6712.6499
4.0581017, 5928.8862, -1.1750864, -1716.8011, 151.79491, 11327.432, 144.32713, 495.39731, 1055.1849, 870.52979, 458.93454, 12556.920, 9622.3633, 6714.5225
4.0581441, 5928.9487, -1.1752049, -1716.9742, 151.85477, 11327.435, 144.33250, 495.41446, 1055.2087, 870.54852, 458.93369, 12556.909, 9622.3633, 6715.5420
4.0582967, 5929.1714, -1.1750841, -1716.7980, 151.81421, 11327.475, 144.31889, 495.41724, 1055.1931, 870.54291, 458.94125, 12556.905, 9622.3633, 6716.0518
4.0582528, 5929.1074, -1.1752361, -1717.0199, 151.84373, 11327.509, 144.33255, 495.42828, 1055.2219, 870.55896, 458.94077, 12556.900, 9622.3633, 6715.4092
4.0583205, 5929.2065, -1.1753166, -1717.1376, 151.84590, 11327.577, 144.33714, 495.44336, 1055.2534, 870.57721, 458.95013, 12556.902, 9622.3633, 6715.5366
4.0582948, 5929.1689, -1.1752529, -1717.0444, 151.80524, 11327.580, 144.33038, 495.44223, 1055.2413, 870.56842, 458.95633, 12556.916, 9622.3633, 6714.7349
4.0582352, 5929.0815, -1.1752139, -1716.9875, 151.79414, 11327.559, 144.32637, 495.43353, 1055.2257, 870.55743, 458.95178, 12556.923, 9622.3633, 6714.3115
4.0579715, 5928.6963, -1.1751261, -1716.8591, 151.82776, 11327.439, 144.32538, 495.40341, 1055.2219, 870.56860, 458.95288, 12556.935, 9622.3633, 6713.6006
4.0581312, 5928.9297, -1.1750472, -1716.7439, 151.84630, 11327.410, 144.32941, 495.40405, 1055.1865, 870.54108, 458.93173, 12556.928, 9622.3633, 6714.9053
4.0582638, 5929.1235, -1.1752163, -1716.9911, 151.84500, 11327.445, 144.32794, 495.42215, 1055.2063, 870.55206, 458.93799, 12556.923, 9622.3633, 6715.8359
4.0582714, 5929.1343, -1.1752554, -1717.0482, 151.79111, 11327.476, 144.32579, 495.42960, 1055.2137, 870.54932, 458.94641, 12556.922, 9622.3633, 6714.8979
4.0581055, 5928.8921, -1.1751573, -1716.9049, 151.80383, 11327.439, 144.33076, 495.41943, 1055.2061, 870.54193, 458.93759, 12556.912, 9622.3633, 6714.5474
4.0582480, 5929.1006, -1.1753398, -1717.1715, 151.84102, 11327.466, 144.33316, 495.43436, 1055.2487, 870.57190, 458.95007, 12556.914, 9622.3633, 6715.0713
4.0583019, 5929.1792, -1.1751550, -1716.9015, 151.85400, 11327.509, 144.33363, 495.43588, 1055.2303, 870.56488, 458.94550, 12556.915, 9622.3633, 6715.7720
4.0581384, 5928.9399, -1.1749945, -1716.6670, 151.80571, 11327.448, 144.32388, 495.41287, 1055.1746, 870.52844, 458.93488, 12556.911, 9622.3633, 6714.5679
4.0581045, 5928.8906, -1.1752155, -1716.9897, 151.79591, 11327.431, 144.32703, 495.41721, 1055.2020, 870.53662, 458.93665, 12556.899, 9622.3633, 6714.3359
4.0582142, 5929.0508, -1.1751709, -1716.9247, 151.84224, 11327.431, 144.33495, 495.42264, 1055.2173, 870.55322, 458.93808, 12556.893, 9622.3633, 6715.0952
4.0582075, 5929.0410, -1.1750911, -1716.8081, 151.81259, 11327.454, 144.31975, 495.41910, 1055.1886, 870.53857, 458.93939, 12556.888, 9622.3633, 6715.3091
4.0579395, 5928.6499, -1.1750531, -1716.7526, 151.80003, 11327.350, 144.31528, 495.38852, 1055.1952, 870.55017, 458.94849, 12556.894, 9622.3633, 6713.2798
4.0582032, 5929.0352, -1.1752056, -1716.9753, 151.83652, 11327.357, 144.32996, 495.41016, 1055.2061, 870.54675, 458.93634, 12556.886, 9622.3633, 6715.3701
4.0582294, 5929.0732, -1.1752539, -1717.0459, 151.83481, 11327.390, 144.33121, 495.42545, 1055.2249, 870.55737, 458.94342, 12556.883, 9622.3633, 6715.0552
4.0583954, 5929.3154, -1.1752683, -1717.0670, 151.85696, 11327.502, 144.33807, 495.44678, 1055.2488, 870.57507, 458.94946, 12556.886, 9622.3633, 6716.6216
4.0582223, 5929.0625, -1.1751171, -1716.8462, 151.80029, 11327.493, 144.32625, 495.43109, 1055.2094, 870.54767, 458.94446, 12556.889, 9622.3633, 6714.6235
4.0582919, 5929.1646, -1.1751956, -1716.9608, 151.83592, 11327.525, 144.33324, 495.43405, 1055.2251, 870.55933, 458.94376, 12556.887, 9622.3633, 6715.5952
4.0583262, 5929.2144, -1.1752335, -1717.0161, 151.84091, 11327.571, 144.33189, 495.43713, 1055.2335, 870.56683, 458.94708, 12556.889, 9622.3633, 6715.8267
4.0583563, 5929.2588, -1.1751970, -1716.9629, 151.80313, 11327.634, 144.33022, 495.43954, 1055.2224, 870.55634, 458.94809, 12556.895, 9622.3633, 6715.6299
4.0580678, 5928.8369, -1.1750983, -1716.8186, 151.84703, 11327.532, 144.33472, 495.41409, 1055.2289, 870.57098, 458.94876, 12556.905, 9622.3633, 6714.1167
4.0582495, 5929.1025, -1.1751865, -1716.9475, 151.79147, 11327.527, 144.32460, 495.42203, 1055.2086, 870.54718, 458.94666, 12556.909, 9622.3633, 6714.5601
4.0576925, 5928.2886, -1.1748847, -1716.5065, 151.74767, 11327.209, 144.30219, 495.35010, 1055.1644, 870.53961, 458.95700, 12556.934, 9622.3633, 6711.1392
4.0576205, 5928.1836, -1.1748906, -1716.5151, 151.76582, 11326.909, 144.31027, 495.32922, 1055.1641, 870.53363, 458.94702, 12556.944, 9622.3633, 6711.0571
4.0579104, 5928.6074, -1.1752446, -1717.0323, 151.79419, 11326.825, 144.32454, 495.36462, 1055.2198, 870.55927, 458.95953, 12556.964, 9622.3633, 6713.0933
4.0580559, 5928.8193, -1.1751981, -1716.9644, 151.83676, 11326.784, 144.32977, 495.38654, 1055.2300, 870.56195, 458.95200, 12556.971, 9622.3633, 6714.0537
4.0582275, 5929.0703, -1.1751394, -1716.8787, 151.85330, 11326.860, 144.33311, 495.41339, 1055.2119, 870.54626, 458.93777, 12556.961, 9622.3633, 6715.6392
4.0581937, 5929.0210, -1.1751847, -1716.9449, 151.82861, 11326.904, 144.32710, 495.42026, 1055.2112, 870.54370, 458.94031, 12556.951, 9622.3633, 6714.9302
4.0583401, 5929.2349, -1.1752440, -1717.0315, 151.85437, 11327.037, 144.33470, 495.43845, 1055.2305, 870.55682, 458.94287, 12556.945, 9622.3633, 6716.4214
4.0582433, 5929.0933, -1.1750656, -1716.7709, 151.81303, 11327.062, 144.31737, 495.42261, 1055.1849, 870.53015, 458.93835, 12556.939, 9622.3633, 6715.5625
4.0582848, 5929.1543, -1.1752062, -1716.9763, 151.81689, 11327.143, 144.32068, 495.42938, 1055.1964, 870.53680, 458.94043, 12556.934, 9622.3633, 6716.0991
4.0582142, 5929.0513, -1.1751722, -1716.9265, 151.84477, 11327.171, 144.32999, 495.42566, 1055.2034, 870.54565, 458.93677, 12556.925, 9622.3633, 6715.5605
4.0580211, 5928.7686, -1.1751291, -1716.8635, 151.79849, 11327.116, 144.32622, 495.40546, 1055.2130, 870.55090, 458.94998, 12556.932, 9622.3633, 6713.7266
4.0581880, 5929.0127, -1.1751820, -1716.9409, 151.83557, 11327.157, 144.33052, 495.41910, 1055.2131, 870.54742, 458.93915, 12556.923, 9622.3633, 6714.7192
4.0582471, 5929.0991, -1.1750998, -1716.8208, 151.79996, 11327.171, 144.31119, 495.41241, 1055.1716, 870.52393, 458.94012, 12556.919, 9622.3633, 6715.6279
4.0578098, 5928.4600, -1.1750648, -1716.7697, 151.78275, 11326.965, 144.31351, 495.36914, 1055.1929, 870.55109, 458.95740, 12556.940, 9622.3633, 6712.0210
4.0577264, 5928.3384, -1.1750238, -1716.7097, 151.79439, 11326.754, 144.31720, 495.34512, 1055.1855, 870.54657, 458.95251, 12556.958, 9622.3633, 6711.6665
4.0579572, 5928.6753, -1.1751300, -1716.8649, 151.80034, 11326.690, 144.32733, 495.37106, 1055.1838, 870.52765, 458.93811, 12556.951, 9622.3633, 6713.7754
4.0578928, 5928.5811, -1.1751233, -1716.8552, 151.80653, 11326.596, 144.32362, 495.36719, 1055.2167, 870.56165, 458.95883, 12556.971, 9622.3633, 6712.6650
4.0580492, 5928.8096, -1.1751486, -1716.8921, 151.84390, 11326.565, 144.33099, 495.38678, 1055.2145, 870.55023, 458.94473, 12556.970, 9622.3633, 6714.1567
4.0584188, 5929.3496, -1.1753315, -1717.1593, 151.87059, 11326.759, 144.34021, 495.43518, 1055.2438, 870.55847, 458.94263, 12556.963, 9622.3633, 6716.9521
4.0582638, 5929.1230, -1.1751084, -1716.8334, 151.84334, 11326.845, 144.32719, 495.42508, 1055.1975, 870.53784, 458.93900, 12556.957, 9622.3633, 6715.7065
4.0582571, 5929.1138, -1.1752394, -1717.0248, 151.83029, 11326.907, 144.32854, 495.42889, 1055.2080, 870.54095, 458.93860, 12556.947, 9622.3633, 6715.3813
4.0581841, 5929.0068, -1.1752442, -1717.0319, 151.83585, 11326.956, 144.33098, 495.43033, 1055.2256, 870.55243, 458.94333, 12556.938, 9622.3633, 6714.7656
4.0582199, 5929.0596, -1.1751391, -1716.8782, 151.85008, 11327.000, 144.33144, 495.42911, 1055.2148, 870.55042, 458.94025, 12556.933, 9622.3633, 6715.3901
4.0581541, 5928.9629, -1.1751072, -1716.8317, 151.85030, 11327.008, 144.33307, 495.41980, 1055.1959, 870.53925, 458.93158, 12556.923, 9622.3633, 6715.1812
4.0582609, 5929.1191, -1.1752024, -1716.9706, 151.84955, 11327.050, 144.33263, 495.42783, 1055.2067, 870.54327, 458.93423, 12556.914, 9622.3633, 6716.0527
4.0580277, 5928.7783, -1.1751118, -1716.8383, 151.79642, 11327.002, 144.32603, 495.40552, 1055.2103, 870.54736, 458.94965, 12556.922, 9622.3633, 6713.6768
4.0579453, 5928.6577, -1.1751066, -1716.8308, 151.80748, 11326.883, 144.32545, 495.38394, 1055.2311, 870.57483, 458.96579, 12556.947, 9622.3633, 6712.6812
4.0579915, 5928.7256, -1.1750772, -1716.7878, 151.82442, 11326.789, 144.32562, 495.37930, 1055.2250, 870.57172, 458.96497, 12556.977, 9622.3633, 6713.0786
4.0581164, 5928.9082, -1.1749731, -1716.6357, 151.79938, 11326.794, 144.31180, 495.39014, 1055.1597, 870.51141, 458.93304, 12556.968, 9622.3633, 6714.6509
4.0580950, 5928.8770, -1.1751132, -1716.8405, 151.80875, 11326.805, 144.31677, 495.39661, 1055.1537, 870.50562, 458.92557, 12556.949, 9622.3633, 6715.0542
4.0577960, 5928.4399, -1.1750996, -1716.8206, 151.78571, 11326.641, 144.31444, 495.36435, 1055.1886, 870.54340, 458.95404, 12556.961, 9622.3633, 6711.9668
4.0577593, 5928.3862, -1.1750176, -1716.7007, 151.80267, 11326.473, 144.32240, 495.35007, 1055.1948, 870.54785, 458.95117, 12556.972, 9622.3633, 6712.0142
4.0582175, 5929.0557, -1.1751969, -1716.9626, 151.80264, 11326.562, 144.32802, 495.39807, 1055.1858, 870.51642, 458.93304, 12556.961, 9622.3633, 6715.1245
4.0582790, 5929.1455, -1.1752957, -1717.1071, 151.86880, 11326.672, 144.34042, 495.42966, 1055.2255, 870.54492, 458.93414, 12556.945, 9622.3633, 6716.3550
4.0582314, 5929.0762, -1.1752114, -1716.9839, 151.80257, 11326.755, 144.32928, 495.42807, 1055.2163, 870.54083, 458.94504, 12556.938, 9622.3633, 6714.6533
4.0579376, 5928.6470, -1.1751244, -1716.8568, 151.78729, 11326.639, 144.31789, 495.38907, 1055.2117, 870.55450, 458.96286, 12556.962, 9622.3633, 6712.5918
4.0581965, 5929.0254, -1.1751572, -1716.9047, 151.86337, 11326.706, 144.33690, 495.41171, 1055.2057, 870.53925, 458.93112, 12556.950, 9622.3633, 6715.8613
4.0581880, 5929.0127, -1.1750951, -1716.8140, 151.81303, 11326.745, 144.31656, 495.41074, 1055.1779, 870.52161, 458.93469, 12556.939, 9622.3633, 6715.4243
4.0582490, 5929.1016, -1.1752940, -1717.1046, 151.84517, 11326.809, 144.33586, 495.42926, 1055.2219, 870.54529, 458.93698, 12556.930, 9622.3633, 6715.5464
4.0583177, 5929.2021, -1.1752381, -1717.0229, 151.79942, 11326.932, 144.32901, 495.43643, 1055.2144, 870.54095, 458.94565, 12556.926, 9622.3633, 6715.5303
4.0581965, 5929.0254, -1.1752623, -1717.0583, 151.83661, 11326.946, 144.33153, 495.43143, 1055.2286, 870.55389, 458.94440, 12556.918, 9622.3633, 6714.7871
4.0582123, 5929.0483, -1.1751261, -1716.8591, 151.85229, 11327.011, 144.33173, 495.42715, 1055.2146, 870.54974, 458.93851, 12556.909, 9622.3633, 6715.5332
4.0581026, 5928.8877, -1.1751238, -1716.8558, 151.79994, 11326.973, 144.32671, 495.41083, 1055.2045, 870.54285, 458.94656, 12556.916, 9622.3633, 6714.1104
4.0582433, 5929.0938, -1.1752151, -1716.9893, 151.84584, 11327.025, 144.33455, 495.42453, 1055.2203, 870.54944, 458.93799, 12556.908, 9622.3633, 6715.2900
4.0582318, 5929.0767, -1.1751344, -1716.8715, 151.84685, 11327.076, 144.33119, 495.42651, 1055.2135, 870.54926, 458.93927, 12556.901, 9622.3633, 6715.6250
4.0582309, 5929.0752, -1.1752592, -1717.0537, 151.83679, 11327.126, 144.33182, 495.43256, 1055.2319, 870.55908, 458.94647, 12556.899, 9622.3633, 6715.0322
4.0584269, 5929.3618, -1.1753238, -1717.1482, 151.86006, 11327.283, 144.33775, 495.45398, 1055.2609, 870.57953, 458.95267, 12556.903, 9622.3633, 6716.8745
4.0582976, 5929.1729, -1.1751742, -1716.9296, 151.79683, 11327.308, 144.32771, 495.43930, 1055.2340, 870.56073, 458.95538, 12556.916, 9622.3633, 6714.7358
4.0583262, 5929.2148, -1.1751685, -1716.9211, 151.86443, 11327.379, 144.33995, 495.44128, 1055.2333, 870.56427, 458.94299, 12556.914, 9622.3633, 6716.0811
4.0584803, 5929.4399, -1.1753191, -1717.1411, 151.86960, 11327.539, 144.34364, 495.46207, 1055.2705, 870.58759, 458.95233, 12556.916, 9622.3633, 6717.0942
4.0582399, 5929.0884, -1.1751738, -1716.9288, 151.80385, 11327.524, 144.32828, 495.44016, 1055.2319, 870.56262, 458.95328, 12556.927, 9622.3633, 6714.3003
4.0584087, 5929.3350, -1.1752175, -1716.9928, 151.85347, 11327.619, 144.33568, 495.45123, 1055.2479, 870.57690, 458.95212, 12556.934, 9622.3633, 6716.4946
4.0580826, 5928.8584, -1.1751221, -1716.8534, 151.79205, 11327.530, 144.32603, 495.41846, 1055.2288, 870.56970, 458.96078, 12556.957, 9622.3633, 6713.4482
4.0581765, 5928.9961, -1.1752018, -1716.9698, 151.79353, 11327.489, 144.32527, 495.41980, 1055.2150, 870.55072, 458.94785, 12556.959, 9622.3633, 6714.1357
4.0581317, 5928.9307, -1.1751916, -1716.9550, 151.80388, 11327.468, 144.32977, 495.42108, 1055.2096, 870.54462, 458.94061, 12556.950, 9622.3633, 6714.3174
4.0582247, 5929.0659, -1.1752412, -1717.0275, 151.82765, 11327.479, 144.32860, 495.42993, 1055.2307, 870.56226, 458.94833, 12556.946, 9622.3633, 6714.7251
4.0582480, 5929.1006, -1.1752356, -1717.0193, 151.84390, 11327.470, 144.33344, 495.43240, 1055.2350, 870.56543, 458.94568, 12556.943, 9622.3633, 6715.0571
4.0583363, 5929.2295, -1.1750939, -1716.8123, 151.85674, 11327.525, 144.33556, 495.43372, 1055.2255, 870.56519, 458.94324, 12556.943, 9622.3633, 6716.1743
4.0580468, 5928.8062, -1.1751374, -1716.8757, 151.79103, 11327.425, 144.32507, 495.41019, 1055.2186, 870.56152, 458.95648, 12556.960, 9622.3633, 6713.3848
4.0582194, 5929.0586, -1.1751740, -1716.9292, 151.83342, 11327.437, 144.32794, 495.42117, 1055.2155, 870.55469, 458.94226, 12556.954, 9622.3633, 6715.1313
4.0582633, 5929.1226, -1.1751772, -1716.9338, 151.85524, 11327.492, 144.33508, 495.43069, 1055.2219, 870.55914, 458.94116, 12556.949, 9622.3633, 6715.6821
4.0582175, 5929.0557, -1.1751757, -1716.9316, 151.80348, 11327.497, 144.32970, 495.42871, 1055.2120, 870.54736, 458.94257, 12556.944, 9622.3633, 6714.7783
4.0582223, 5929.0625, -1.1751009, -1716.8225, 151.84279, 11327.504, 144.32806, 495.42422, 1055.2036, 870.55048, 458.93893, 12556.939, 9622.3633, 6715.3301
4.0582142, 5929.0513, -1.1751667, -1716.9186, 151.86041, 11327.516, 144.33627, 495.42856, 1055.2236, 870.56183, 458.93921, 12556.933, 9622.3633, 6715.6699
4.0584383, 5929.3784, -1.1752267, -1717.0062, 151.81293, 11327.612, 144.32095, 495.44458, 1055.2231, 870.56177, 458.95248, 12556.935, 9622.3633, 6716.6860
4.0581827, 5929.0049, -1.1750264, -1716.7136, 151.81458, 11327.594, 144.32127, 495.42191, 1055.1885, 870.54065, 458.93726, 12556.928, 9622.3633, 6715.2456
4.0582156, 5929.0532, -1.1751390, -1716.8781, 151.84398, 11327.600, 144.32907, 495.42169, 1055.1948, 870.54730, 458.93616, 12556.921, 9622.3633, 6715.6636
4.0584035, 5929.3276, -1.1753649, -1717.2081, 151.86201, 11327.721, 144.33984, 495.45306, 1055.2639, 870.58661, 458.95163, 12556.923, 9622.3633, 6716.9165
4.0581737, 5928.9917, -1.1750029, -1716.6793, 151.84193, 11327.668, 144.32729, 495.41888, 1055.2134, 870.56836, 458.95361, 12556.943, 9622.3633, 6714.6841
4.0582166, 5929.0547, -1.1751413, -1716.8815, 151.79991, 11327.663, 144.32086, 495.41995, 1055.2028, 870.54846, 458.94614, 12556.944, 9622.3633, 6714.7041
4.0581899, 5929.0151, -1.1752546, -1717.0470, 151.82875, 11327.645, 144.32690, 495.42596, 1055.2306, 870.56561, 458.94803, 12556.943, 9622.3633, 6714.6675
4.0584054, 5929.3301, -1.1753025, -1717.1169, 151.84636, 11327.704, 144.33582, 495.44458, 1055.2540, 870.58167, 458.95416, 12556.953, 9622.3633, 6716.2158
4.0583520, 5929.2520, -1.1751984, -1716.9650, 151.84441, 11327.724, 144.33432, 495.44211, 1055.2419, 870.57593, 458.95081, 12556.959, 9622.3633, 6715.5151
4.0584354, 5929.3740, -1.1751457, -1716.8879, 151.82077, 11327.803, 144.32486, 495.44458, 1055.2211, 870.56531, 458.95245, 12556.968, 9622.3633, 6716.3662
4.0579963, 5928.7324, -1.1751033, -1716.8259, 151.78587, 11327.645, 144.31935, 495.40427, 1055.2352, 870.58209, 458.97205, 12556.997, 9622.3633, 6712.8638
4.0580983, 5928.8818, -1.1750554, -1716.7559, 151.83226, 11327.556, 144.32898, 495.40054, 1055.2157, 870.56561, 458.95032, 12557.011, 9622.3633, 6714.2607
4.0582266, 5929.0693, -1.1751976, -1716.9636, 151.80402, 11327.557, 144.33205, 495.42059, 1055.2170, 870.55231, 458.94516, 12557.006, 9622.3633, 6714.6162
4.0579038, 5928.5972, -1.1750010, -1716.6765, 151.78816, 11327.315, 144.31474, 495.37372, 1055.2085, 870.56866, 458.96732, 12557.031, 9622.3633, 6711.9917
4.0580244, 5928.7734, -1.1750863, -1716.8010, 151.80179, 11327.254, 144.33012, 495.38654, 1055.1985, 870.54510, 458.94418, 12557.031, 9622.3633, 6713.8994
4.0578771, 5928.5586, -1.1750578, -1716.7594, 151.80286, 11327.080, 144.32275, 495.36981, 1055.2153, 870.56732, 458.96341, 12557.055, 9622.3633, 6712.1929
4.0581918, 5929.0181, -1.1751696, -1716.9227, 151.83424, 11327.077, 144.33234, 495.40762, 1055.2122, 870.54596, 458.93927, 12557.045, 9622.3633, 6714.7134
4.0582213, 5929.0615, -1.1751812, -1716.9397, 151.86288, 11327.140, 144.33864, 495.42584, 1055.2269, 870.55725, 458.93994, 12557.035, 9622.3633, 6715.5239
4.0582356, 5929.0825, -1.1751413, -1716.8815, 151.79581, 11327.134, 144.32687, 495.42676, 1055.2081, 870.53949, 458.94333, 12557.026, 9622.3633, 6714.7031
4.0580249, 5928.7744, -1.1751131, -1716.8402, 151.78906, 11327.035, 144.32184, 495.40271, 1055.2124, 870.55090, 458.95465, 12557.033, 9622.3633, 6712.9956
4.0580325, 5928.7856, -1.1750612, -1716.7645, 151.84094, 11326.974, 144.33171, 495.39328, 1055.2006, 870.54535, 458.93921, 12557.027, 9622.3633, 6714.3843
4.0582438, 5929.0942, -1.1752055, -1716.9752, 151.85376, 11327.055, 144.33266, 495.42181, 1055.2216, 870.55402, 458.94119, 12557.019, 9622.3633, 6715.6562
4.0582604, 5929.1182, -1.1751823, -1716.9414, 151.83850, 11327.102, 144.33098, 495.42819, 1055.2202, 870.55017, 458.94147, 12557.009, 9622.3633, 6715.2139
4.0584569, 5929.4053, -1.1753104, -1717.1285, 151.86604, 11327.264, 144.34021, 495.45441, 1055.2567, 870.57489, 458.94940, 12557.005, 9622.3633, 6716.8887
4.0583348, 5929.2271, -1.1751705, -1716.9242, 151.83597, 11327.322, 144.32980, 495.44095, 1055.2426, 870.57263, 458.95505, 12557.015, 9622.3633, 6715.0542
4.0582724, 5929.1357, -1.1751322, -1716.8682, 151.83347, 11327.336, 144.32892, 495.43445, 1055.2244, 870.55896, 458.94641, 12557.012, 9622.3633, 6715.0537
4.0583553, 5929.2568, -1.1751995, -1716.9666, 151.84541, 11327.433, 144.33693, 495.44189, 1055.2386, 870.56702, 458.94550, 12557.008, 9622.3633, 6715.7861
4.0582514, 5929.1055, -1.1750649, -1716.7699, 151.84654, 11327.448, 144.33173, 495.43246, 1055.2200, 870.56006, 458.94363, 12557.003, 9622.3633, 6715.5112
4.0581980, 5929.0273, -1.1751319, -1716.8677, 151.80069, 11327.450, 144.32664, 495.42596, 1055.2064, 870.54340, 458.94144, 12556.994, 9622.3633, 6714.6055
4.0583634, 5929.2690, -1.1752481, -1717.0375, 151.86700, 11327.544, 144.34180, 495.44528, 1055.2450, 870.57080, 458.94531, 12556.990, 9622.3633, 6716.4590
4.0583916, 5929.3101, -1.1751751, -1716.9308, 151.83992, 11327.604, 144.33148, 495.44290, 1055.2461, 870.57672, 458.95377, 12556.999, 9622.3633, 6715.7988
4.0583363, 5929.2295, -1.1751300, -1716.8649, 151.85907, 11327.646, 144.33533, 495.44141, 1055.2377, 870.57172, 458.94763, 12557.000, 9622.3633, 6716.0249
4.0584183, 5929.3491, -1.1750942, -1716.8126, 151.85037, 11327.737, 144.33537, 495.44348, 1055.2373, 870.57538, 458.95059, 12557.009, 9622.3633, 6716.4199
4.0583601, 5929.2642, -1.1751068, -1716.8311, 151.84326, 11327.761, 144.32835, 495.43597, 1055.2172, 870.56311, 458.94946, 12557.019, 9622.3633, 6715.9849
4.0583105, 5929.1914, -1.1753116, -1717.1302, 151.80713, 11327.755, 144.33260, 495.44608, 1055.2498, 870.57751, 458.95847, 12557.026, 9622.3633, 6714.9404
4.0579395, 5928.6499, -1.1749026, -1716.5326, 151.73691, 11327.481, 144.30241, 495.37537, 1055.1927, 870.56177, 458.97339, 12557.062, 9622.3633, 6711.5537
4.0577474, 5928.3687, -1.1748780, -1716.4968, 151.76352, 11327.192, 144.30966, 495.35040, 1055.1661, 870.53168, 458.94525, 12557.064, 9622.3633, 6711.3774
4.0580516, 5928.8135, -1.1750090, -1716.6881, 151.80072, 11327.161, 144.31471, 495.37994, 1055.1613, 870.51581, 458.92935, 12557.046, 9622.3633, 6714.8813
4.0580778, 5928.8516, -1.1752213, -1716.9983, 151.79590, 11327.160, 144.32889, 495.40616, 1055.1964, 870.52686, 458.93277, 12557.024, 9622.3633, 6714.2876
4.0579371, 5928.6460, -1.1750300, -1716.7188, 151.80211, 11327.001, 144.31331, 495.37714, 1055.2147, 870.56683, 458.96573, 12557.046, 9622.3633, 6712.5952
4.0582595, 5929.1172, -1.1750704, -1716.7778, 151.81154, 11327.045, 144.31789, 495.40387, 1055.1793, 870.52734, 458.93848, 12557.040, 9622.3633, 6715.6460
4.0580568, 5928.8208, -1.1751766, -1716.9330, 151.84625, 11327.018, 144.33470, 495.40558, 1055.2170, 870.55322, 458.94089, 12557.031, 9622.3633, 6714.3418
4.0582433, 5929.0938, -1.1751839, -1716.9436, 151.84010, 11327.070, 144.33507, 495.42273, 1055.2203, 870.54962, 458.93994, 12557.021, 9622.3633, 6715.1191
4.0583363, 5929.2295, -1.1751149, -1716.8428, 151.81342, 11327.148, 144.31937, 495.42944, 1055.1990, 870.53961, 458.94522, 12557.017, 9622.3633, 6716.0225
4.0580201, 5928.7671, -1.1751288, -1716.8633, 151.80276, 11327.099, 144.32698, 495.40891, 1055.2173, 870.55383, 458.95041, 12557.019, 9622.3633, 6713.6753
4.0581994, 5929.0293, -1.1750013, -1716.6769, 151.80692, 11327.108, 144.31503, 495.40527, 1055.1666, 870.52063, 458.93561, 12557.010, 9622.3633, 6715.2178
4.0582371, 5929.0845, -1.1752565, -1717.0498, 151.84869, 11327.179, 144.32918, 495.42230, 1055.2054, 870.54596, 458.93732, 12556.997, 9622.3633, 6716.0317
4.0582938, 5929.1670, -1.1750937, -1716.8118, 151.80858, 11327.237, 144.31618, 495.42288, 1055.1808, 870.52936, 458.93649, 12556.988, 9622.3633, 6715.9482
4.0584002, 5929.3228, -1.1754079, -1717.2710, 151.87485, 11327.373, 144.34448, 495.45602, 1055.2654, 870.58038, 458.94803, 12556.984, 9622.3633, 6716.9761
4.0583014, 5929.1782, -1.1752040, -1716.9730, 151.84467, 11327.392, 144.33583, 495.44678, 1055.2537, 870.57690, 458.95496, 12556.992, 9622.3633, 6714.8682
4.0584221, 5929.3550, -1.1752176, -1716.9930, 151.80815, 11327.503, 144.33208, 495.45001, 1055.2374, 870.56494, 458.95395, 12557.000, 9622.3633, 6715.7627
4.0579395, 5928.6499, -1.1749551, -1716.6095, 151.75209, 11327.288, 144.30495, 495.38550, 1055.2023, 870.55969, 458.97198, 12557.030, 9622.3633, 6712.0068
4.0577841, 5928.4229, -1.1749556, -1716.6101, 151.78506, 11327.059, 144.31903, 495.36072, 1055.1948, 870.55347, 458.95660, 12557.050, 9622.3633, 6711.7314
4.0577888, 5928.4297, -1.1750258, -1716.7128, 151.78256, 11326.853, 144.31857, 495.35205, 1055.1930, 870.54828, 458.95493, 12557.064, 9622.3633, 6711.9307
4.0577731, 5928.4067, -1.1749920, -1716.6632, 151.80333, 11326.662, 144.32390, 495.34662, 1055.1990, 870.55341, 458.95309, 12557.074, 9622.3633, 6711.9893
4.0581884, 5929.0132, -1.1751021, -1716.8242, 151.84401, 11326.704, 144.32666, 495.39133, 1055.1803, 870.52423, 458.93018, 12557.062, 9622.3633, 6715.2603
4.0580935, 5928.8745, -1.1752059, -1716.9758, 151.83801, 11326.737, 144.33203, 495.40482, 1055.2220, 870.55310, 458.94592, 12557.054, 9622.3633, 6714.5698
4.0583482, 5929.2466, -1.1751176, -1716.8468, 151.80678, 11326.855, 144.31673, 495.42401, 1055.1963, 870.53217, 458.94528, 12557.048, 9622.3633, 6716.0537
4.0580244, 5928.7739, -1.1752293, -1717.0100, 151.82555, 11326.791, 144.32442, 495.40805, 1055.2518, 870.58020, 458.96912, 12557.069, 9622.3633, 6713.5845
4.0582743, 5929.1387, -1.1750889, -1716.8049, 151.85553, 11326.876, 144.33658, 495.42456, 1055.2228, 870.55304, 458.94214, 12557.062, 9622.3633, 6715.6348
4.0584908, 5929.4551, -1.1753761, -1717.2245, 151.87880, 11327.099, 144.34714, 495.45993, 1055.2711, 870.58057, 458.95044, 12557.059, 9622.3633, 6717.1641
4.0583887, 5929.3057, -1.1750556, -1716.7562, 151.80276, 11327.151, 144.32954, 495.44104, 1055.2173, 870.55054, 458.95093, 12557.065, 9622.3633, 6715.4468
4.0581965, 5929.0249, -1.1751189, -1716.8488, 151.83873, 11327.159, 144.33427, 495.43073, 1055.2173, 870.54889, 458.93866, 12557.054, 9622.3633, 6714.7837
4.0582414, 5929.0908, -1.1751180, -1716.8474, 151.85185, 11327.186, 144.33411, 495.43158, 1055.2174, 870.55115, 458.93887, 12557.045, 9622.3633, 6715.4917
4.0584002, 5929.3228, -1.1751785, -1716.9358, 151.81372, 11327.269, 144.32053, 495.44125, 1055.2141, 870.55139, 458.94769, 12557.041, 9622.3633, 6716.4629
4.0583014, 5929.1787, -1.1751672, -1716.9193, 151.86346, 11327.330, 144.33990, 495.43933, 1055.2218, 870.55615, 458.93768, 12557.032, 9622.3633, 6716.0400
4.0582685, 5929.1304, -1.1751699, -1716.9233, 151.83630, 11327.374, 144.33253, 495.43777, 1055.2302, 870.56042, 458.94528, 12557.025, 9622.3633, 6715.1685
4.0582585, 5929.1157, -1.1751088, -1716.8339, 151.85396, 11327.428, 144.33403, 495.43445, 1055.2246, 870.55957, 458.94116, 12557.019, 9622.3633, 6715.7212
4.0583358, 5929.2285, -1.1751058, -1716.8296, 151.80061, 11327.473, 144.31839, 495.42816, 1055.2095, 870.54987, 458.94962, 12557.020, 9622.3633, 6715.4297
4.0579777, 5928.7056, -1.1751063, -1716.8303, 151.78065, 11327.294, 144.31926, 495.39505, 1055.2253, 870.57190, 458.96939, 12557.045, 9622.3633, 6712.6655
4.0578198, 5928.4746, -1.1749768, -1716.6411, 151.78499, 11327.047, 144.32054, 495.36563, 1055.2034, 870.55829, 458.96069, 12557.067, 9622.3633, 6711.7935
4.0581956, 5929.0234, -1.1751558, -1716.9026, 151.85495, 11327.067, 144.33456, 495.40619, 1055.2089, 870.54559, 458.93558, 12557.056, 9622.3633, 6715.5566
4.0581975, 5929.0269, -1.1751431, -1716.8842, 151.85736, 11327.090, 144.33665, 495.41766, 1055.2097, 870.54730, 458.93509, 12557.045, 9622.3633, 6715.3994
4.0581713, 5928.9883, -1.1751113, -1716.8375, 151.80467, 11327.097, 144.32803, 495.41568, 1055.1910, 870.52930, 458.93497, 12557.034, 9622.3633, 6714.7202
4.0580130, 5928.7568, -1.1751648, -1716.9158, 151.82349, 11327.016, 144.32668, 495.40195, 1055.2424, 870.57861, 458.96719, 12557.056, 9622.3633, 6713.3696
4.0582457, 5929.0972, -1.1751831, -1716.9425, 151.79211, 11327.054, 144.32623, 495.41965, 1055.2169, 870.54559, 458.94910, 12557.052, 9622.3633, 6714.3237
4.0582628, 5929.1221, -1.1751543, -1716.9004, 151.85649, 11327.133, 144.33723, 495.43250, 1055.2242, 870.55273, 458.93933, 12557.042, 9622.3633, 6715.9478
4.0584464, 5929.3901, -1.1752454, -1717.0336, 151.82304, 11327.277, 144.32431, 495.44806, 1055.2280, 870.55957, 458.95123, 12557.038, 9622.3633, 6716.6602
4.0580816, 5928.8574, -1.1751579, -1716.9058, 151.82678, 11327.192, 144.32762, 495.41748, 1055.2604, 870.59558, 458.97482, 12557.066, 9622.3633, 6713.5669
4.0582995, 5929.1753, -1.1751403, -1716.8800, 151.84064, 11327.224, 144.33549, 495.42966, 1055.2329, 870.56232, 458.94867, 12557.064, 9622.3633, 6714.9224
4.0580802, 5928.8550, -1.1751146, -1716.8425, 151.82109, 11327.128, 144.32541, 495.40710, 1055.2521, 870.58868, 458.97458, 12557.093, 9622.3633, 6713.4375
4.0582733, 5929.1372, -1.1750287, -1716.7169, 151.84862, 11327.164, 144.33081, 495.41589, 1055.2003, 870.54669, 458.94019, 12557.090, 9622.3633, 6715.3628
4.0584850, 5929.4468, -1.1753919, -1717.2476, 151.87286, 11327.354, 144.34494, 495.45840, 1055.2738, 870.58459, 458.95114, 12557.085, 9622.3633, 6717.2954
4.0583920, 5929.3105, -1.1751943, -1716.9589, 151.84575, 11327.412, 144.33640, 495.44974, 1055.2626, 870.58459, 458.95969, 12557.095, 9622.3633, 6715.3057
4.0580459, 5928.8047, -1.1750160, -1716.6985, 151.76270, 11327.211, 144.31119, 495.39774, 1055.2268, 870.57605, 458.97983, 12557.131, 9622.3633, 6712.5068
4.0578346, 5928.4966, -1.1749042, -1716.5352, 151.82008, 11327.005, 144.32219, 495.36612, 1055.2081, 870.56610, 458.96002, 12557.150, 9622.3633, 6711.9819
4.0582528, 5929.1074, -1.1752554, -1717.0481, 151.83591, 11327.049, 144.33188, 495.41180, 1055.2288, 870.55725, 458.94687, 12557.141, 9622.3633, 6714.9058
4.0580134, 5928.7578, -1.1751519, -1716.8970, 151.80672, 11326.952, 144.32542, 495.39465, 1055.2465, 870.58325, 458.97327, 12557.166, 9622.3633, 6712.9082
4.0583949, 5929.3149, -1.1751381, -1716.8767, 151.82446, 11327.064, 144.32661, 495.42566, 1055.2151, 870.55145, 458.94919, 12557.162, 9622.3633, 6716.2334
4.0580602, 5928.8262, -1.1751260, -1716.8590, 151.84340, 11327.033, 144.33217, 495.41077, 1055.2356, 870.56812, 458.95172, 12557.158, 9622.3633, 6714.0962
4.0582976, 5929.1729, -1.1751015, -1716.8234, 151.85297, 11327.079, 144.33536, 495.42664, 1055.2206, 870.55304, 458.94083, 12557.147, 9622.3633, 6715.8433
4.0584097, 5929.3364, -1.1751658, -1716.9172, 151.82043, 11327.175, 144.32410, 495.43918, 1055.2139, 870.55035, 458.94666, 12557.140, 9622.3633, 6716.4565
4.0579886, 5928.7212, -1.1750610, -1716.7640, 151.80418, 11327.028, 144.32542, 495.39761, 1055.2386, 870.58203, 458.96994, 12557.162, 9622.3633, 6712.7759
4.0582614, 5929.1196, -1.1750580, -1716.7598, 151.85507, 11327.061, 144.33511, 495.41400, 1055.2028, 870.54486, 458.93805, 12557.154, 9622.3633, 6715.3359
4.0583181, 5929.2031, -1.1751628, -1716.9128, 151.85506, 11327.125, 144.33543, 495.42972, 1055.2100, 870.54608, 458.93515, 12557.138, 9622.3633, 6716.0718
4.0581574, 5928.9678, -1.1750319, -1716.7217, 151.80177, 11327.125, 144.32005, 495.41391, 1055.1825, 870.52606, 458.93613, 12557.126, 9622.3633, 6714.5142
4.0581341, 5928.9336, -1.1751666, -1716.9185, 151.84186, 11327.114, 144.33347, 495.41675, 1055.2028, 870.53857, 458.93195, 12557.106, 9622.3633, 6714.7881
4.0581713, 5928.9883, -1.1749901, -1716.6604, 151.80327, 11327.120, 144.31697, 495.41031, 1055.1704, 870.51898, 458.93347, 12557.091, 9622.3633, 6715.0884
4.0578980, 5928.5894, -1.1750560, -1716.7567, 151.80133, 11326.954, 144.31308, 495.37677, 1055.2094, 870.56268, 458.96265, 12557.108, 9622.3633, 6712.5674
4.0581298, 5928.9277, -1.1750107, -1716.6907, 151.79947, 11326.945, 144.31367, 495.39542, 1055.1686, 870.51788, 458.93582, 12557.095, 9622.3633, 6714.7622
4.0582123, 5929.0479, -1.1752194, -1716.9955, 151.84497, 11327.036, 144.32944, 495.41730, 1055.1989, 870.53748, 458.93500, 12557.078, 9622.3633, 6715.6147
4.0579777, 5928.7051, -1.1751722, -1716.9265, 151.79927, 11326.946, 144.32320, 495.39621, 1055.2407, 870.57806, 458.97052, 12557.100, 9622.3633, 6712.8936
4.0582108, 5929.0464, -1.1749730, -1716.6356, 151.80484, 11326.968, 144.32317, 495.40396, 1055.1720, 870.51929, 458.93661, 12557.093, 9622.3633, 6714.7139
4.0581512, 5928.9590, -1.1751013, -1716.8230, 151.80508, 11327.005, 144.32387, 495.41080, 1055.1742, 870.51849, 458.93204, 12557.077, 9622.3633, 6714.9180
4.0579262, 5928.6304, -1.1750529, -1716.7522, 151.76424, 11326.906, 144.30934, 495.38129, 1055.1787, 870.52985, 458.94666, 12557.068, 9622.3633, 6712.8091
4.0581408, 5928.9438, -1.1752478, -1717.0370, 151.83612, 11326.921, 144.32974, 495.41135, 1055.2223, 870.54938, 458.94098, 12557.055, 9622.3633, 6714.7969
4.0583696, 5929.2778, -1.1752392, -1717.0244, 151.84729, 11327.016, 144.33907, 495.43784, 1055.2377, 870.55939, 458.94467, 12557.046, 9622.3633, 6715.7422
4.0583487, 5929.2476, -1.1751926, -1716.9563, 151.80518, 11327.089, 144.33041, 495.43964, 1055.2202, 870.54669, 458.94867, 12557.041, 9622.3633, 6715.5034
4.0579438, 5928.6558, -1.1750132, -1716.6942, 151.78664, 11326.917, 144.31721, 495.38956, 1055.2152, 870.56439, 458.96826, 12557.066, 9622.3633, 6712.1943
4.0581732, 5928.9907, -1.1751856, -1716.9462, 151.80688, 11326.923, 144.33144, 495.41092, 1055.2062, 870.53583, 458.94016, 12557.057, 9622.3633, 6714.5752
4.0581622, 5928.9751, -1.1751250, -1716.8575, 151.79379, 11326.910, 144.32593, 495.41571, 1055.1942, 870.52448, 458.93555, 12557.041, 9622.3633, 6714.3530
4.0579805, 5928.7095, -1.1750873, -1716.8026, 151.83276, 11326.860, 144.32726, 495.39893, 1055.2047, 870.54401, 458.94083, 12557.031, 9622.3633, 6713.8228
4.0582180, 5929.0566, -1.1751306, -1716.8658, 151.84818, 11326.928, 144.33202, 495.41968, 1055.2124, 870.54547, 458.93735, 12557.020, 9622.3633, 6715.6245
4.0581965, 5929.0249, -1.1751584, -1716.9064, 151.80038, 11326.973, 144.32858, 495.42294, 1055.2026, 870.53204, 458.93872, 12557.009, 9622.3633, 6714.6963
4.0581603, 5928.9722, -1.1751392, -1716.8783, 151.83923, 11326.988, 144.33403, 495.42319, 1055.2098, 870.54071, 458.93408, 12556.993, 9622.3633, 6714.7368
4.0583210, 5929.2070, -1.1751266, -1716.8599, 151.81435, 11327.044, 144.31981, 495.42896, 1055.1980, 870.53662, 458.94312, 12556.986, 9622.3633, 6716.0088
4.0582938, 5929.1670, -1.1752508, -1717.0414, 151.80576, 11327.129, 144.33220, 495.43759, 1055.2195, 870.54626, 458.94449, 12556.979, 9622.3633, 6715.4805
4.0583744, 5929.2852, -1.1751935, -1716.9578, 151.85713, 11327.204, 144.33656, 495.44855, 1055.2421, 870.56555, 458.94662, 12556.977, 9622.3633, 6716.3301
4.0583382, 5929.2319, -1.1751709, -1716.9247, 151.79431, 11327.250, 144.32539, 495.43857, 1055.2096, 870.54236, 458.94446, 12556.972, 9622.3633, 6715.1655
4.0578523, 5928.5220, -1.1750091, -1716.6884, 151.79366, 11327.037, 144.31821, 495.37909, 1055.2084, 870.56226, 458.96265, 12556.996, 9622.3633, 6712.0166
4.0577354, 5928.3516, -1.1749120, -1716.5464, 151.78923, 11326.760, 144.31534, 495.34375, 1055.1757, 870.54211, 458.95306, 12557.015, 9622.3633, 6711.3892
4.0581121, 5928.9019, -1.1750722, -1716.7805, 151.80713, 11326.805, 144.31680, 495.38193, 1055.1604, 870.51038, 458.92929, 12556.999, 9622.3633, 6715.0718
4.0580578, 5928.8228, -1.1752322, -1717.0143, 151.79848, 11326.813, 144.32722, 495.40665, 1055.1962, 870.52380, 458.93314, 12556.978, 9622.3633, 6714.1338
4.0581532, 5928.9614, -1.1750470, -1716.7437, 151.79820, 11326.817, 144.31209, 495.40256, 1055.1611, 870.50958, 458.93268, 12556.966, 9622.3633, 6715.0107
4.0582376, 5929.0850, -1.1752741, -1717.0756, 151.84441, 11326.904, 144.33568, 495.42401, 1055.2141, 870.54114, 458.93420, 12556.950, 9622.3633, 6715.6450
4.0582466, 5929.0986, -1.1751903, -1716.9531, 151.85402, 11326.993, 144.33215, 495.43143, 1055.2256, 870.55414, 458.94156, 12556.943, 9622.3633, 6715.5986
4.0582652, 5929.1255, -1.1750319, -1716.7217, 151.84369, 11327.024, 144.32735, 495.41934, 1055.1958, 870.54126, 458.93762, 12556.939, 9622.3633, 6715.5483
4.0582290, 5929.0723, -1.1751896, -1716.9520, 151.83858, 11327.073, 144.33403, 495.42783, 1055.2181, 870.54797, 458.93860, 12556.930, 9622.3633, 6715.0645
4.0582690, 5929.1313, -1.1751859, -1716.9467, 151.83421, 11327.103, 144.33131, 495.42975, 1055.2173, 870.54889, 458.94064, 12556.922, 9622.3633, 6715.2959
4.0583506, 5929.2505, -1.1752279, -1717.0079, 151.84105, 11327.185, 144.33377, 495.44000, 1055.2322, 870.55963, 458.94678, 12556.920, 9622.3633, 6715.8555
4.0581489, 5928.9556, -1.1751053, -1716.8289, 151.84688, 11327.176, 144.33705, 495.42273, 1055.2346, 870.56726, 458.94983, 12556.930, 9622.3633, 6714.4458
4.0584350, 5929.3735, -1.1752340, -1717.0168, 151.85939, 11327.325, 144.33658, 495.44601, 1055.2473, 870.57220, 458.95038, 12556.936, 9622.3633, 6716.6387
4.0583205, 5929.2061, -1.1751560, -1716.9028, 151.83740, 11327.369, 144.33253, 495.44147, 1055.2369, 870.56567, 458.94901, 12556.938, 9622.3633, 6715.3379
4.0582232, 5929.0640, -1.1749808, -1716.6469, 151.81210, 11327.371, 144.31732, 495.42160, 1055.1838, 870.53412, 458.93921, 12556.933, 9622.3633, 6715.2603
4.0582108, 5929.0459, -1.1752154, -1716.9896, 151.79346, 11327.381, 144.32709, 495.42447, 1055.1984, 870.53564, 458.93796, 12556.924, 9622.3633, 6714.8208
4.0582361, 5929.0830, -1.1752214, -1716.9985, 151.83223, 11327.413, 144.32883, 495.43256, 1055.2267, 870.55835, 458.94455, 12556.920, 9622.3633, 6715.2998
4.0583897, 5929.3076, -1.1752232, -1717.0012, 151.84595, 11327.506, 144.33080, 495.44360, 1055.2318, 870.56775, 458.94943, 12556.924, 9622.3633, 6716.3677
4.0582247, 5929.0659, -1.1751032, -1716.8258, 151.80177, 11327.514, 144.33084, 495.43213, 1055.2113, 870.54773, 458.94339, 12556.920, 9622.3633, 6714.5894
4.0582581, 5929.1152, -1.1751367, -1716.8746, 151.84245, 11327.521, 144.33383, 495.43036, 1055.2258, 870.56073, 458.94266, 12556.918, 9622.3633, 6715.0923
4.0582247, 5929.0664, -1.1750797, -1716.7914, 151.79320, 11327.495, 144.32622, 495.42151, 1055.1978, 870.53894, 458.94052, 12556.912, 9622.3633, 6714.6953
4.0582371, 5929.0845, -1.1751438, -1716.8851, 151.84932, 11327.553, 144.33484, 495.43076, 1055.2198, 870.55615, 458.93912, 12556.906, 9622.3633, 6715.8354
4.0581927, 5929.0195, -1.1749680, -1716.6283, 151.80525, 11327.508, 144.31578, 495.41409, 1055.1755, 870.53003, 458.93628, 12556.900, 9622.3633, 6715.1191
4.0581594, 5928.9707, -1.1752334, -1717.0160, 151.80011, 11327.504, 144.32925, 495.42242, 1055.2112, 870.54663, 458.94006, 12556.892, 9622.3633, 6714.7129
4.0578532, 5928.5234, -1.1748964, -1716.5236, 151.74765, 11327.249, 144.30251, 495.36368, 1055.1803, 870.54871, 458.96466, 12556.921, 9622.3633, 6711.5923
4.0577679, 5928.3989, -1.1749471, -1716.5978, 151.75648, 11327.007, 144.30710, 495.34451, 1055.1729, 870.54065, 458.95813, 12556.946, 9622.3633, 6711.6904
4.0576673, 5928.2520, -1.1748698, -1716.4847, 151.75694, 11326.723, 144.30659, 495.32574, 1055.1581, 870.52710, 458.94836, 12556.957, 9622.3633, 6711.1104
4.0577178, 5928.3257, -1.1750113, -1716.6915, 151.81775, 11326.525, 144.31987, 495.33530, 1055.1838, 870.54028, 458.94516, 12556.965, 9622.3633, 6711.9546
4.0583205, 5929.2061, -1.1753374, -1717.1680, 151.84467, 11326.694, 144.33510, 495.40860, 1055.2229, 870.54572, 458.94006, 12556.956, 9622.3633, 6716.0767
4.0581818, 5929.0034, -1.1751628, -1716.9128, 151.79649, 11326.764, 144.32889, 495.41928, 1055.2108, 870.53424, 458.94196, 12556.946, 9622.3633, 6714.5054
4.0582037, 5929.0356, -1.1751527, -1716.8979, 151.80414, 11326.822, 144.32927, 495.42050, 1055.1974, 870.52661, 458.93625, 12556.937, 9622.3633, 6714.9575
4.0581727, 5928.9902, -1.1751956, -1716.9608, 151.79791, 11326.856, 144.32687, 495.42191, 1055.2017, 870.52985, 458.93948, 12556.927, 9622.3633, 6714.4116
4.0582838, 5929.1528, -1.1752640, -1717.0607, 151.84035, 11326.967, 144.33360, 495.43552, 1055.2316, 870.55334, 458.94302, 12556.919, 9622.3633, 6715.4692
4.0582910, 5929.1631, -1.1752297, -1717.0106, 151.84331, 11327.034, 144.33600, 495.43982, 1055.2374, 870.55933, 458.94620, 12556.916, 9622.3633, 6715.1558
4.0582490, 5929.1021, -1.1751506, -1716.8951, 151.84021, 11327.075, 144.33209, 495.43335, 1055.2251, 870.55304, 458.94223, 12556.911, 9622.3633, 6715.0269
4.0581174, 5928.9097, -1.1749746, -1716.6378, 151.80554, 11327.057, 144.32375, 495.41083, 1055.1689, 870.51770, 458.93152, 12556.903, 9622.3633, 6714.4336
4.0581522, 5928.9604, -1.1751579, -1716.9056, 151.85374, 11327.095, 144.33464, 495.42218, 1055.2137, 870.54559, 458.93210, 12556.890, 9622.3633, 6715.4468
4.0580583, 5928.8232, -1.1751192, -1716.8491, 151.81984, 11327.036, 144.32394, 495.40454, 1055.2167, 870.55615, 458.95236, 12556.899, 9622.3633, 6713.7153
4.0578890, 5928.5757, -1.1749519, -1716.6047, 151.74471, 11326.820, 144.29930, 495.35538, 1055.1718, 870.53741, 458.96280, 12556.927, 9622.3633, 6711.6665
4.0580740, 5928.8462, -1.1751889, -1716.9510, 151.84070, 11326.870, 144.33067, 495.39542, 1055.1992, 870.53363, 458.92920, 12556.911, 9622.3633, 6714.8345
4.0583544, 5929.2559, -1.1752692, -1717.0684, 151.84361, 11327.005, 144.33231, 495.42596, 1055.2222, 870.54901, 458.94064, 12556.904, 9622.3633, 6716.0649
4.0582700, 5929.1323, -1.1752157, -1716.9901, 151.84338, 11327.056, 144.33554, 495.43466, 1055.2314, 870.55585, 458.94287, 12556.899, 9622.3633, 6715.2593
4.0582128, 5929.0488, -1.1751279, -1716.8618, 151.80293, 11327.088, 144.33113, 495.42908, 1055.2096, 870.53894, 458.94104, 12556.894, 9622.3633, 6714.6250
4.0582685, 5929.1304, -1.1750900, -1716.8064, 151.81577, 11327.116, 144.32088, 495.42538, 1055.1940, 870.53552, 458.93985, 12556.889, 9622.3633, 6715.7163
4.0583353, 5929.2275, -1.1752497, -1717.0398, 151.86023, 11327.252, 144.33806, 495.44348, 1055.2393, 870.56342, 458.94287, 12556.885, 9622.3633, 6716.4365
4.0582490, 5929.1021, -1.1750067, -1716.6849, 151.81332, 11327.280, 144.31837, 495.42474, 1055.1864, 870.53467, 458.93979, 12556.881, 9622.3633, 6715.4204
4.0584011, 5929.3242, -1.1753597, -1717.2006, 151.85904, 11327.404, 144.33899, 495.45453, 1055.2583, 870.57837, 458.94971, 12556.881, 9622.3633, 6716.8428
4.0582805, 5929.1475, -1.1750867, -1716.8018, 151.83945, 11327.415, 144.33257, 495.43643, 1055.2279, 870.56219, 458.94568, 12556.885, 9622.3633, 6715.0063
4.0583835, 5929.2983, -1.1751696, -1716.9227, 151.84404, 11327.509, 144.32980, 495.44138, 1055.2256, 870.56415, 458.94797, 12556.892, 9622.3633, 6716.3066
4.0581651, 5928.9795, -1.1750079, -1716.6866, 151.84470, 11327.463, 144.32878, 495.42032, 1055.1946, 870.54639, 458.93509, 12556.887, 9622.3633, 6714.9507
4.0583744, 5929.2847, -1.1752121, -1716.9850, 151.82423, 11327.573, 144.32693, 495.43915, 1055.2195, 870.55975, 458.94519, 12556.884, 9622.3633, 6716.5000
4.0579758, 5928.7026, -1.1750503, -1716.7484, 151.77890, 11327.412, 144.31943, 495.39639, 1055.2234, 870.57495, 458.97009, 12556.917, 9622.3633, 6712.6304
4.0580854, 5928.8628, -1.1750064, -1716.6843, 151.84515, 11327.342, 144.33577, 495.40146, 1055.2094, 870.55243, 458.93604, 12556.914, 9622.3633, 6714.0786
4.0583916, 5929.3101, -1.1752837, -1717.0894, 151.84277, 11327.463, 144.33447, 495.43591, 1055.2383, 870.56622, 458.94736, 12556.913, 9622.3633, 6716.1089
4.0583138, 5929.1963, -1.1751285, -1716.8627, 151.85469, 11327.513, 144.33408, 495.43713, 1055.2303, 870.56464, 458.94601, 12556.916, 9622.3633, 6715.6870
4.0582528, 5929.1074, -1.1749851, -1716.6531, 151.80829, 11327.507, 144.31868, 495.42294, 1055.1869, 870.53723, 458.94101, 12556.912, 9622.3633, 6715.3740
4.0581350, 5928.9355, -1.1749854, -1716.6537, 151.80223, 11327.464, 144.31386, 495.40555, 1055.1583, 870.51978, 458.93304, 12556.905, 9622.3633, 6714.7744
4.0581474, 5928.9536, -1.1752031, -1716.9717, 151.85916, 11327.486, 144.33760, 495.42303, 1055.2144, 870.55115, 458.93097, 12556.891, 9622.3633, 6715.4526
4.0584483, 5929.3931, -1.1752841, -1717.0901, 151.86220, 11327.644, 144.33977, 495.45230, 1055.2576, 870.57959, 458.94965, 12556.892, 9622.3633, 6716.9072
4.0582013, 5929.0322, -1.1751250, -1716.8575, 151.84668, 11327.585, 144.33650, 495.43042, 1055.2606, 870.59338, 458.96356, 12556.919, 9622.3633, 6714.5010
4.0582633, 5929.1226, -1.1750672, -1716.7732, 151.80040, 11327.575, 144.32932, 495.42737, 1055.2131, 870.55237, 458.94736, 12556.926, 9622.3633, 6714.5874
4.0582647, 5929.1245, -1.1752179, -1716.9933, 151.82982, 11327.605, 144.32942, 495.43622, 1055.2393, 870.56982, 458.95221, 12556.931, 9622.3633, 6714.7773
4.0583544, 5929.2559, -1.1751554, -1716.9020, 151.83298, 11327.630, 144.32880, 495.43701, 1055.2294, 870.56604, 458.94992, 12556.939, 9622.3633, 6715.6792
4.0585022, 5929.4717, -1.1753078, -1717.1246, 151.86142, 11327.759, 144.33949, 495.46161, 1055.2699, 870.59198, 458.95599, 12556.948, 9622.3633, 6717.0054
4.0583987, 5929.3208, -1.1751239, -1716.8561, 151.86729, 11327.792, 144.34131, 495.45349, 1055.2532, 870.58307, 458.95169, 12556.958, 9622.3633, 6716.2065
4.0583553, 5929.2573, -1.1751832, -1716.9426, 151.84032, 11327.786, 144.33493, 495.44687, 1055.2604, 870.58868, 458.95889, 12556.973, 9622.3633, 6715.1826
4.0584302, 5929.3662, -1.1752043, -1716.9734, 151.79965, 11327.822, 144.33234, 495.45374, 1055.2507, 870.57684, 458.96252, 12556.990, 9622.3633, 6715.4932
4.0582438, 5929.0942, -1.1750716, -1716.7797, 151.83485, 11327.787, 144.33070, 495.43497, 1055.2312, 870.56854, 458.94769, 12556.988, 9622.3633, 6714.7603
4.0585003, 5929.4688, -1.1753125, -1717.1316, 151.87169, 11327.907, 144.34529, 495.46298, 1055.2777, 870.59753, 458.95578, 12556.994, 9622.3633, 6717.0044
4.0583673, 5929.2749, -1.1751032, -1716.8258, 151.83752, 11327.904, 144.33305, 495.44855, 1055.2465, 870.58032, 458.95621, 12557.008, 9622.3633, 6715.3115
4.0584121, 5929.3403, -1.1751021, -1716.8242, 151.81480, 11327.936, 144.32201, 495.44513, 1055.2238, 870.56885, 458.95599, 12557.020, 9622.3633, 6716.1909
4.0582547, 5929.1099, -1.1750339, -1716.7245, 151.84360, 11327.911, 144.32954, 495.42868, 1055.2070, 870.56036, 458.94308, 12557.018, 9622.3633, 6715.3076
4.0582132, 5929.0493, -1.1750040, -1716.6809, 151.80865, 11327.892, 144.31792, 495.41965, 1055.1888, 870.54449, 458.94125, 12557.013, 9622.3633, 6715.2920
4.0579829, 5928.7129, -1.1751608, -1716.9099, 151.79019, 11327.707, 144.32446, 495.39914, 1055.2385, 870.58331, 458.96936, 12557.038, 9622.3633, 6712.9370
4.0578527, 5928.5229, -1.1749707, -1716.6322, 151.82576, 11327.455, 144.32507, 495.37195, 1055.2227, 870.58118, 458.96332, 12557.066, 9622.3633, 6712.3057
4.0582099, 5929.0444, -1.1751144, -1716.8422, 151.79642, 11327.440, 144.32831, 495.40555, 1055.2048, 870.54291, 458.94220, 12557.060, 9622.3633, 6714.5615
4.0582099, 5929.0449, -1.1750717, -1716.7798, 151.84290, 11327.454, 144.32936, 495.41339, 1055.1998, 870.54755, 458.93787, 12557.052, 9622.3633, 6715.2363
4.0580120, 5928.7554, -1.1750968, -1716.8164, 151.78584, 11327.361, 144.31961, 495.39554, 1055.2031, 870.54999, 458.95215, 12557.059, 9622.3633, 6713.1704
4.0581470, 5928.9526, -1.1751465, -1716.8889, 151.79573, 11327.321, 144.32651, 495.41043, 1055.2023, 870.53839, 458.93979, 12557.049, 9622.3633, 6714.6338
4.0578837, 5928.5679, -1.1750284, -1716.7166, 151.76158, 11327.097, 144.31015, 495.37222, 1055.2021, 870.55743, 458.96658, 12557.071, 9622.3633, 6712.0386
4.0578022, 5928.4487, -1.1749327, -1716.5767, 151.80708, 11326.899, 144.32497, 495.35623, 1055.2079, 870.56427, 458.95761, 12557.088, 9622.3633, 6711.8169
4.0582881, 5929.1592, -1.1751766, -1716.9330, 151.84380, 11326.972, 144.32808, 495.40665, 1055.2007, 870.54108, 458.94040, 12557.079, 9622.3633, 6715.6763
4.0582156, 5929.0527, -1.1751487, -1716.8923, 151.85213, 11327.012, 144.33174, 495.42197, 1055.2158, 870.54871, 458.93793, 12557.065, 9622.3633, 6715.6436
4.0583038, 5929.1816, -1.1750129, -1716.6940, 151.81129, 11327.060, 144.31705, 495.41660, 1055.1824, 870.53003, 458.93970, 12557.060, 9622.3633, 6715.8315
4.0583262, 5929.2144, -1.1752276, -1717.0076, 151.82353, 11327.140, 144.32521, 495.43304, 1055.2102, 870.54749, 458.94302, 12557.051, 9622.3633, 6716.2681
4.0582623, 5929.1211, -1.1751394, -1716.8787, 151.83992, 11327.178, 144.33377, 495.43109, 1055.2194, 870.55139, 458.94037, 12557.042, 9622.3633, 6715.2085
4.0580077, 5928.7495, -1.1751348, -1716.8718, 151.79915, 11327.071, 144.32173, 495.39914, 1055.2449, 870.58337, 458.97397, 12557.068, 9622.3633, 6712.8613
4.0582743, 5929.1387, -1.1751410, -1716.8810, 151.83574, 11327.090, 144.33354, 495.42191, 1055.2246, 870.55377, 458.94559, 12557.063, 9622.3633, 6714.8276
4.0581822, 5929.0039, -1.1749823, -1716.6492, 151.81358, 11327.081, 144.31889, 495.41190, 1055.1753, 870.52386, 458.93381, 12557.052, 9622.3633, 6715.1436
4.0579677, 5928.6904, -1.1751940, -1716.9585, 151.79114, 11326.970, 144.32071, 495.39450, 1055.2244, 870.56287, 458.96368, 12557.070, 9622.3633, 6712.9673
4.0580416, 5928.7988, -1.1750717, -1716.7798, 151.80460, 11326.933, 144.32849, 495.39285, 1055.2015, 870.54376, 458.94678, 12557.069, 9622.3633, 6713.8965
4.0582142, 5929.0513, -1.1750560, -1716.7568, 151.81395, 11326.947, 144.31956, 495.40594, 1055.1774, 870.52460, 458.93567, 12557.060, 9622.3633, 6715.4258
4.0579443, 5928.6567, -1.1751627, -1716.9126, 151.78484, 11326.856, 144.32094, 495.38931, 1055.2185, 870.55878, 458.96332, 12557.077, 9622.3633, 6712.7847
4.0580378, 5928.7935, -1.1750722, -1716.7804, 151.80577, 11326.806, 144.32921, 495.39221, 1055.2035, 870.54211, 458.94638, 12557.075, 9622.3633, 6713.8369
4.0580277, 5928.7788, -1.1751205, -1716.8511, 151.81645, 11326.736, 144.32178, 495.38919, 1055.2323, 870.57056, 458.96796, 12557.099, 9622.3633, 6713.2363
4.0582380, 5929.0854, -1.1751678, -1716.9202, 151.83878, 11326.809, 144.33080, 495.41418, 1055.2134, 870.54388, 458.94046, 12557.089, 9622.3633, 6714.8379
4.0580621, 5928.8286, -1.1751018, -1716.8237, 151.79706, 11326.787, 144.32571, 495.40512, 1055.2120, 870.54572, 458.95169, 12557.091, 9622.3633, 6713.7427
4.0582852, 5929.1548, -1.1751555, -1716.9022, 151.84811, 11326.854, 144.33011, 495.41986, 1055.2015, 870.53937, 458.93863, 12557.082, 9622.3633, 6715.8789
4.0579920, 5928.7266, -1.1750339, -1716.7246, 151.76544, 11326.772, 144.31239, 495.38846, 1055.1852, 870.53278, 458.95047, 12557.083, 9622.3633, 6712.9780
4.0578690, 5928.5464, -1.1749320, -1716.5757, 151.80049, 11326.648, 144.32712, 495.37378, 1055.1760, 870.52356, 458.93588, 12557.075, 9622.3633, 6712.9434
4.0577960, 5928.4399, -1.1749722, -1716.6344, 151.74838, 11326.434, 144.30319, 495.34830, 1055.1653, 870.52368, 458.95535, 12557.087, 9622.3633, 6711.6709
4.0580616, 5928.8281, -1.1751906, -1716.9535, 151.82925, 11326.493, 144.32780, 495.39301, 1055.1991, 870.52759, 458.93265, 12557.065, 9622.3633, 6714.4292
4.0583081, 5929.1880, -1.1752620, -1717.0577, 151.84233, 11326.636, 144.33081, 495.42282, 1055.2162, 870.54083, 458.93927, 12557.053, 9622.3633, 6715.8345
4.0582657, 5929.1265, -1.1751448, -1716.8866, 151.86108, 11326.727, 144.33701, 495.43146, 1055.2159, 870.54236, 458.93524, 12557.039, 9622.3633, 6715.8345
4.0581923, 5929.0190, -1.1752211, -1716.9979, 151.83434, 11326.804, 144.33066, 495.43008, 1055.2239, 870.54773, 458.94354, 12557.029, 9622.3633, 6714.5298
4.0580544, 5928.8179, -1.1750799, -1716.7919, 151.81940, 11326.775, 144.32346, 495.40640, 1055.2085, 870.54553, 458.94907, 12557.030, 9622.3633, 6713.6592
4.0581808, 5929.0024, -1.1751695, -1716.9226, 151.83876, 11326.829, 144.33125, 495.41876, 1055.2090, 870.53925, 458.93610, 12557.018, 9622.3633, 6714.6934
4.0582070, 5929.0405, -1.1750405, -1716.7341, 151.80035, 11326.863, 144.31393, 495.41443, 1055.1760, 870.51807, 458.93732, 12557.009, 9622.3633, 6715.1230
4.0581865, 5929.0107, -1.1752890, -1717.0973, 151.83122, 11326.899, 144.33002, 495.42767, 1055.2245, 870.54840, 458.94199, 12556.996, 9622.3633, 6714.7593
4.0581651, 5928.9795, -1.1750989, -1716.8195, 151.80069, 11326.912, 144.32840, 495.42120, 1055.1957, 870.52734, 458.93622, 12556.986, 9622.3633, 6714.4023
4.0579491, 5928.6636, -1.1751015, -1716.8234, 151.82088, 11326.782, 144.32355, 495.39145, 1055.2281, 870.56915, 458.96320, 12557.008, 9622.3633, 6712.9111
4.0581999, 5929.0303, -1.1751610, -1716.9102, 151.82964, 11326.842, 144.32843, 495.41498, 1055.2195, 870.54816, 458.94464, 12556.998, 9622.3633, 6714.6104
4.0582137, 5929.0503, -1.1751020, -1716.8241, 151.84665, 11326.907, 144.32896, 495.42166, 1055.2106, 870.54443, 458.93802, 12556.988, 9622.3633, 6715.4834
4.0583448, 5929.2417, -1.1751425, -1716.8832, 151.84897, 11327.030, 144.33246, 495.43283, 1055.2224, 870.55414, 458.94186, 12556.982, 9622.3633, 6716.3687
4.0582871, 5929.1577, -1.1750429, -1716.7377, 151.80103, 11327.078, 144.31255, 495.42239, 1055.1802, 870.52692, 458.94104, 12556.977, 9622.3633, 6715.4946
4.0582352, 5929.0815, -1.1752203, -1716.9968, 151.84322, 11327.095, 144.33357, 495.42877, 1055.2179, 870.54858, 458.93732, 12556.967, 9622.3633, 6715.3257
4.0583034, 5929.1812, -1.1750495, -1716.7474, 151.79933, 11327.139, 144.31180, 495.42120, 1055.1744, 870.52405, 458.94128, 12556.960, 9622.3633, 6715.7319
4.0579243, 5928.6274, -1.1751188, -1716.8486, 151.81668, 11327.004, 144.32234, 495.39285, 1055.2264, 870.57129, 458.96262, 12556.981, 9622.3633, 6712.9409
4.0583944, 5929.3140, -1.1752329, -1717.0153, 151.85857, 11327.147, 144.33757, 495.43451, 1055.2416, 870.56598, 458.94705, 12556.979, 9622.3633, 6716.5078
4.0582552, 5929.1108, -1.1749984, -1716.6727, 151.81544, 11327.150, 144.32045, 495.42270, 1055.1860, 870.53278, 458.93918, 12556.974, 9622.3633, 6715.4473
4.0582309, 5929.0752, -1.1751969, -1716.9626, 151.85475, 11327.190, 144.33397, 495.42816, 1055.2119, 870.55048, 458.93768, 12556.965, 9622.3633, 6715.6689
4.0584388, 5929.3789, -1.1752735, -1717.0746, 151.86235, 11327.327, 144.33754, 495.45197, 1055.2493, 870.57123, 458.94714, 12556.961, 9622.3633, 6716.8550
4.0582848, 5929.1538, -1.1749874, -1716.6566, 151.80563, 11327.336, 144.32347, 495.42599, 1055.1942, 870.54114, 458.94431, 12556.964, 9622.3633, 6715.1973
4.0580039, 5928.7437, -1.1750910, -1716.8080, 151.78326, 11327.236, 144.31927, 495.40024, 1055.1927, 870.53979, 458.94739, 12556.967, 9622.3633, 6713.2378
4.0581093, 5928.8979, -1.1750021, -1716.6781, 151.80299, 11327.206, 144.31415, 495.40057, 1055.1716, 870.52417, 458.93454, 12556.957, 9622.3633, 6715.0122
4.0578794, 5928.5620, -1.1751341, -1716.8708, 151.79156, 11327.011, 144.31903, 495.37738, 1055.2163, 870.56549, 458.96252, 12556.979, 9622.3633, 6712.3760
4.0580459, 5928.8047, -1.1750683, -1716.7748, 151.83249, 11326.976, 144.32976, 495.38812, 1055.2081, 870.55194, 458.94604, 12556.984, 9622.3633, 6714.1094
4.0580282, 5928.7793, -1.1749629, -1716.6207, 151.80075, 11326.913, 144.31952, 495.38095, 1055.1700, 870.52350, 458.93823, 12556.979, 9622.3633, 6713.9478
4.0581465, 5928.9521, -1.1751881, -1716.9497, 151.86389, 11326.963, 144.33824, 495.41135, 1055.2042, 870.53772, 458.92792, 12556.961, 9622.3633, 6715.2227
4.0582600, 5929.1177, -1.1751813, -1716.9398, 151.85831, 11327.024, 144.33521, 495.42792, 1055.2191, 870.54871, 458.93582, 12556.951, 9622.3633, 6715.9858
4.0582709, 5929.1338, -1.1750757, -1716.7855, 151.85085, 11327.080, 144.32947, 495.42105, 1055.2006, 870.54535, 458.93787, 12556.947, 9622.3633, 6715.6792
4.0582905, 5929.1626, -1.1750301, -1716.7190, 151.81187, 11327.144, 144.31880, 495.41763, 1055.1849, 870.53253, 458.93890, 12556.941, 9622.3633, 6715.8862
4.0581751, 5928.9937, -1.1752459, -1717.0343, 151.84381, 11327.173, 144.33247, 495.42673, 1055.2214, 870.55127, 458.93652, 12556.929, 9622.3633, 6715.0698
4.0582685, 5929.1304, -1.1751577, -1716.9053, 151.85883, 11327.232, 144.33569, 495.43356, 1055.2308, 870.56183, 458.94244, 12556.925, 9622.3633, 6715.8145
4.0582643, 5929.1240, -1.1751852, -1716.9456, 151.80789, 11327.257, 144.33128, 495.43442, 1055.2219, 870.55029, 458.94537, 12556.922, 9622.3633, 6715.0039
4.0582724, 5929.1357, -1.1751295, -1716.8643, 151.85370, 11327.296, 144.33678, 495.43762, 1055.2273, 870.55823, 458.94165, 12556.917, 9622.3633, 6715.5669
4.0581107, 5928.8994, -1.1751003, -1716.8215, 151.80518, 11327.236, 144.33055, 495.41766, 1055.2214, 870.55914, 458.95251, 12556.929, 9622.3633, 6714.0293
4.0584106, 5929.3379, -1.1752493, -1717.0393, 151.86320, 11327.381, 144.34065, 495.44641, 1055.2554, 870.57629, 458.94943, 12556.927, 9622.3633, 6716.5918
4.0583525, 5929.2529, -1.1750824, -1716.7955, 151.80089, 11327.431, 144.33087, 495.43695, 1055.2212, 870.55688, 458.95020, 12556.938, 9622.3633, 6715.4365
4.0583267, 5929.2153, -1.1751537, -1716.8997, 151.84081, 11327.447, 144.33466, 495.43695, 1055.2316, 870.56342, 458.94693, 12556.938, 9622.3633, 6715.5356
4.0582581, 5929.1147, -1.1750656, -1716.7709, 151.84729, 11327.463, 144.33064, 495.43173, 1055.2157, 870.55585, 458.94089, 12556.934, 9622.3633, 6715.6006
4.0581760, 5928.9951, -1.1750218, -1716.7068, 151.80238, 11327.422, 144.32970, 495.41058, 1055.2083, 870.55542, 458.94946, 12556.947, 9622.3633, 6714.5391
4.0580025, 5928.7417, -1.1750753, -1716.7850, 151.82286, 11327.299, 144.32358, 495.39081, 1055.2347, 870.58447, 458.96854, 12556.977, 9622.3633, 6713.0898
4.0580969, 5928.8794, -1.1751548, -1716.9012, 151.82822, 11327.222, 144.32837, 495.39716, 1055.2581, 870.59576, 458.97479, 12557.010, 9622.3633, 6713.6016
4.0582500, 5929.1035, -1.1749514, -1716.6040, 151.81062, 11327.222, 144.32030, 495.40729, 1055.1829, 870.53284, 458.94162, 12557.008, 9622.3633, 6715.0044
4.0579243, 5928.6274, -1.1750339, -1716.7246, 151.80373, 11327.062, 144.31630, 495.37769, 1055.2168, 870.56958, 458.96432, 12557.029, 9622.3633, 6712.7427
4.0579748, 5928.7012, -1.1750789, -1716.7903, 151.81374, 11326.924, 144.32056, 495.37595, 1055.2251, 870.57098, 458.96677, 12557.055, 9622.3633, 6712.8066
4.0584097, 5929.3364, -1.1752448, -1717.0326, 151.85466, 11327.055, 144.33490, 495.42804, 1055.2369, 870.56274, 458.94781, 12557.051, 9622.3633, 6716.5635
4.0582104, 5929.0454, -1.1750308, -1716.7200, 151.80508, 11327.057, 144.33028, 495.41254, 1055.2117, 870.55249, 458.95120, 12557.063, 9622.3633, 6714.6816
4.0582190, 5929.0581, -1.1749833, -1716.6505, 151.80719, 11327.081, 144.31654, 495.41006, 1055.1663, 870.51880, 458.93372, 12557.052, 9622.3633, 6715.2920
4.0580168, 5928.7622, -1.1751467, -1716.8893, 151.83517, 11327.018, 144.33163, 495.40292, 1055.2142, 870.55225, 458.94180, 12557.040, 9622.3633, 6714.1060
4.0582376, 5929.0850, -1.1752481, -1717.0376, 151.83691, 11327.077, 144.33029, 495.42636, 1055.2356, 870.56073, 458.94836, 12557.033, 9622.3633, 6714.9180
4.0584188, 5929.3496, -1.1752167, -1716.9916, 151.83913, 11327.188, 144.33459, 495.44141, 1055.2352, 870.56000, 458.94879, 12557.030, 9622.3633, 6715.9849
4.0582757, 5929.1406, -1.1751565, -1716.9037, 151.80130, 11327.218, 144.32918, 495.43506, 1055.2137, 870.54388, 458.94516, 12557.024, 9622.3633, 6714.8896
4.0579362, 5928.6445, -1.1750281, -1716.7161, 151.79445, 11327.030, 144.31676, 495.38541, 1055.2168, 870.56805, 458.96738, 12557.050, 9622.3633, 6712.1958
4.0581665, 5928.9814, -1.1749889, -1716.6588, 151.80956, 11327.045, 144.31821, 495.39612, 1055.1683, 870.52136, 458.93365, 12557.039, 9622.3633, 6715.2578
4.0579567, 5928.6748, -1.1751354, -1716.8728, 151.80177, 11326.990, 144.32751, 495.39301, 1055.2029, 870.54187, 458.94278, 12557.030, 9622.3633, 6713.6089
4.0580173, 5928.7632, -1.1751812, -1716.9397, 151.79448, 11326.888, 144.32590, 495.39105, 1055.2366, 870.57202, 458.96817, 12557.055, 9622.3633, 6713.0234
4.0581508, 5928.9585, -1.1750172, -1716.7002, 151.84337, 11326.898, 144.32968, 495.40482, 1055.1953, 870.53674, 458.93585, 12557.046, 9622.3633, 6714.7490
4.0579219, 5928.6235, -1.1750594, -1716.7618, 151.75366, 11326.761, 144.30574, 495.37494, 1055.1960, 870.54602, 458.96667, 12557.069, 9622.3633, 6712.2769
4.0581226, 5928.9170, -1.1751430, -1716.8839, 151.83429, 11326.795, 144.33055, 495.40298, 1055.1997, 870.53406, 458.93393, 12557.055, 9622.3633, 6714.5889
4.0580068, 5928.7476, -1.1751177, -1716.8470, 151.78659, 11326.749, 144.32115, 495.39297, 1055.1909, 870.52936, 458.94443, 12557.048, 9622.3633, 6713.3594
4.0581641, 5928.9780, -1.1751456, -1716.8877, 151.85986, 11326.801, 144.33667, 495.41397, 1055.2051, 870.53766, 458.92978, 12557.028, 9622.3633, 6715.6738
4.0581636, 5928.9771, -1.1751173, -1716.8463, 151.80519, 11326.833, 144.33102, 495.41049, 1055.2155, 870.55151, 458.95078, 12557.034, 9622.3633, 6714.4922
4.0582776, 5929.1436, -1.1751417, -1716.8820, 151.79665, 11326.906, 144.32693, 495.42188, 1055.2045, 870.53387, 458.94284, 12557.027, 9622.3633, 6715.1011
4.0582581, 5929.1152, -1.1752086, -1716.9797, 151.79846, 11326.972, 144.32864, 495.43225, 1055.2153, 870.54016, 458.94434, 12557.018, 9622.3633, 6714.9990
4.0582919, 5929.1646, -1.1751875, -1716.9489, 151.84059, 11327.043, 144.33051, 495.43417, 1055.2188, 870.54858, 458.94138, 12557.009, 9622.3633, 6715.5659
4.0580201, 5928.7671, -1.1750108, -1716.6908, 151.75906, 11326.948, 144.30867, 495.39423, 1055.1895, 870.53918, 458.95523, 12557.019, 9622.3633, 6713.0112
4.0581856, 5929.0088, -1.1752311, -1717.0127, 151.84358, 11326.994, 144.33545, 495.41995, 1055.2238, 870.55115, 458.93961, 12557.009, 9622.3633, 6714.9766
4.0582676, 5929.1289, -1.1751708, -1716.9246, 151.85428, 11327.070, 144.33453, 495.43298, 1055.2301, 870.55786, 458.94406, 12557.003, 9622.3633, 6715.6172
4.0583172, 5929.2012, -1.1751968, -1716.9625, 151.82994, 11327.130, 144.32784, 495.43625, 1055.2266, 870.55609, 458.94662, 12556.996, 9622.3633, 6715.4336
4.0582571, 5929.1133, -1.1751962, -1716.9617, 151.84326, 11327.183, 144.33237, 495.43655, 1055.2285, 870.55786, 458.94308, 12556.987, 9622.3633, 6715.2183
4.0583110, 5929.1924, -1.1752100, -1716.9818, 151.79111, 11327.204, 144.32434, 495.43640, 1055.2174, 870.54773, 458.94943, 12556.986, 9622.3633, 6714.8691
4.0578370, 5928.5000, -1.1749188, -1716.5564, 151.80177, 11326.989, 144.31343, 495.37494, 1055.2029, 870.56226, 458.96176, 12557.010, 9622.3633, 6712.1753
4.0579972, 5928.7339, -1.1750751, -1716.7847, 151.80475, 11326.923, 144.32919, 495.38474, 1055.1948, 870.53748, 458.94107, 12557.003, 9622.3633, 6713.6069
4.0582137, 5929.0503, -1.1751336, -1716.8701, 151.85086, 11326.957, 144.33365, 495.41400, 1055.2068, 870.54083, 458.93417, 12556.990, 9622.3633, 6715.4199
4.0579844, 5928.7148, -1.1750134, -1716.6946, 151.76265, 11326.856, 144.30887, 495.38217, 1055.1790, 870.53003, 458.94992, 12556.997, 9622.3633, 6712.8945
4.0577488, 5928.3711, -1.1749105, -1716.5443, 151.80080, 11326.648, 144.31291, 495.34955, 1055.1843, 870.54474, 458.95264, 12557.008, 9622.3633, 6711.8413
4.0582485, 5929.1011, -1.1752808, -1717.0852, 151.84273, 11326.754, 144.33467, 495.40808, 1055.2172, 870.54315, 458.93716, 12556.996, 9622.3633, 6715.4385
4.0583696, 5929.2778, -1.1751840, -1716.9438, 151.81915, 11326.888, 144.32297, 495.42911, 1055.2068, 870.54102, 458.94534, 12556.990, 9622.3633, 6716.2778
4.0582328, 5929.0781, -1.1752431, -1717.0303, 151.83069, 11326.936, 144.32877, 495.43323, 1055.2290, 870.55377, 458.94653, 12556.981, 9622.3633, 6714.7871
4.0581803, 5929.0015, -1.1749855, -1716.6539, 151.80676, 11326.942, 144.31494, 495.41556, 1055.1794, 870.52454, 458.93811, 12556.973, 9622.3633, 6715.0537
4.0581856, 5929.0093, -1.1752734, -1717.0745, 151.79723, 11326.960, 144.32639, 495.42453, 1055.2096, 870.53735, 458.94199, 12556.963, 9622.3633, 6714.6909
4.0579028, 5928.5957, -1.1750529, -1716.7522, 151.80429, 11326.810, 144.32475, 495.38455, 1055.2203, 870.56506, 458.96381, 12556.988, 9622.3633, 6712.3125
4.0581775, 5928.9976, -1.1751422, -1716.8827, 151.80125, 11326.835, 144.32620, 495.40839, 1055.1995, 870.52911, 458.93866, 12556.979, 9622.3633, 6714.3325
4.0581889, 5929.0142, -1.1752070, -1716.9775, 151.83716, 11326.913, 144.33371, 495.42374, 1055.2278, 870.54987, 458.94092, 12556.966, 9622.3633, 6714.8638
4.0583949, 5929.3149, -1.1752205, -1716.9972, 151.81815, 11327.054, 144.32385, 495.44040, 1055.2241, 870.55286, 458.95041, 12556.963, 9622.3633, 6716.4731
4.0582247, 5929.0659, -1.1751394, -1716.8787, 151.86165, 11327.094, 144.33528, 495.43427, 1055.2249, 870.55634, 458.93985, 12556.954, 9622.3633, 6715.4326
4.0581961, 5929.0244, -1.1751668, -1716.9187, 151.79771, 11327.106, 144.32735, 495.42691, 1055.2085, 870.54181, 458.94406, 12556.949, 9622.3633, 6714.4370
4.0583501, 5929.2495, -1.1752387, -1717.0238, 151.85555, 11327.212, 144.33662, 495.44382, 1055.2429, 870.56573, 458.94608, 12556.945, 9622.3633, 6716.3633
4.0582824, 5929.1504, -1.1751131, -1716.8402, 151.83485, 11327.252, 144.33144, 495.43329, 1055.2211, 870.55371, 458.94382, 12556.940, 9622.3633, 6715.3091
4.0581908, 5929.0171, -1.1751165, -1716.8452, 151.79958, 11327.270, 144.32622, 495.42545, 1055.2030, 870.53784, 458.94003, 12556.933, 9622.3633, 6714.5093
4.0583529, 5929.2534, -1.1752598, -1717.0546, 151.84032, 11327.345, 144.33253, 495.43970, 1055.2380, 870.56476, 458.94760, 12556.931, 9622.3633, 6715.9204
4.0584311, 5929.3677, -1.1751601, -1716.9088, 151.82278, 11327.434, 144.32542, 495.44641, 1055.2229, 870.56128, 458.95004, 12556.934, 9622.3633, 6716.4995
4.0582986, 5929.1743, -1.1752887, -1717.0968, 151.83786, 11327.500, 144.33302, 495.44873, 1055.2545, 870.57880, 458.95505, 12556.939, 9622.3633, 6715.0879
4.0582905, 5929.1621, -1.1751297, -1716.8644, 151.83713, 11327.522, 144.33377, 495.44055, 1055.2385, 870.56824, 458.94907, 12556.942, 9622.3633, 6715.1279
4.0582104, 5929.0454, -1.1749429, -1716.5914, 151.80690, 11327.505, 144.31705, 495.41873, 1055.1812, 870.53394, 458.93939, 12556.938, 9622.3633, 6715.0742
4.0581856, 5929.0093, -1.1751537, -1716.8995, 151.85155, 11327.530, 144.33559, 495.42740, 1055.2158, 870.55243, 458.93549, 12556.928, 9622.3633, 6715.3750
4.0583239, 5929.2109, -1.1751612, -1716.9106, 151.84802, 11327.568, 144.33226, 495.43570, 1055.2207, 870.56079, 458.94254, 12556.925, 9622.3633, 6716.1196
4.0582228, 5929.0635, -1.1749846, -1716.6525, 151.80524, 11327.547, 144.31725, 495.42096, 1055.1825, 870.53595, 458.93906, 12556.920, 9622.3633, 6715.2842
4.0578647, 5928.5400, -1.1750225, -1716.7079, 151.78494, 11327.343, 144.31662, 495.37485, 1055.2064, 870.56641, 458.96329, 12556.945, 9622.3633, 6712.0264
4.0579228, 5928.6250, -1.1749814, -1716.6478, 151.80737, 11327.206, 144.33212, 495.37646, 1055.1899, 870.54156, 458.93912, 12556.946, 9622.3633, 6713.2778
4.0582056, 5929.0381, -1.1751047, -1716.8280, 151.80667, 11327.221, 144.32416, 495.40427, 1055.1808, 870.52722, 458.93613, 12556.939, 9622.3633, 6715.2729
4.0582213, 5929.0615, -1.1751939, -1716.9583, 151.86191, 11327.276, 144.33682, 495.42181, 1055.2146, 870.55164, 458.93433, 12556.930, 9622.3633, 6715.8374
4.0582709, 5929.1338, -1.1752245, -1717.0031, 151.83823, 11327.346, 144.33321, 495.43192, 1055.2413, 870.56921, 458.94952, 12556.933, 9622.3633, 6715.0679
4.0582089, 5929.0435, -1.1750758, -1716.7856, 151.80254, 11327.366, 144.32916, 495.42368, 1055.2047, 870.54138, 458.94138, 12556.928, 9622.3633, 6714.7622
4.0580063, 5928.7471, -1.1751387, -1716.8777, 151.79082, 11327.221, 144.32361, 495.39725, 1055.2352, 870.57581, 458.96921, 12556.955, 9622.3633, 6712.8877
4.0580611, 5928.8276, -1.1751733, -1716.9282, 151.82993, 11327.143, 144.32732, 495.39554, 1055.2574, 870.59338, 458.97397, 12556.986, 9622.3633, 6713.6797
4.0584927, 5929.4580, -1.1752120, -1716.9847, 151.82828, 11327.293, 144.32735, 495.43515, 1055.2333, 870.56598, 458.95508, 12556.994, 9622.3633, 6716.6938
4.0582423, 5929.0923, -1.1750968, -1716.8163, 151.84770, 11327.343, 144.32919, 495.43222, 1055.2231, 870.56000, 458.94537, 12556.990, 9622.3633, 6715.3545
4.0582790, 5929.1460, -1.1750535, -1716.7531, 151.84543, 11327.385, 144.33092, 495.42493, 1055.2102, 870.55646, 458.94177, 12556.987, 9622.3633, 6715.6616
4.0582261, 5929.0684, -1.1751051, -1716.8286, 151.84822, 11327.410, 144.33202, 495.42877, 1055.2191, 870.55792, 458.94083, 12556.980, 9622.3633, 6715.5542
4.0583110, 5929.1924, -1.1751273, -1716.8610, 151.85005, 11327.473, 144.33289, 495.43365, 1055.2173, 870.55780, 458.94058, 12556.975, 9622.3633, 6716.0171
4.0582795, 5929.1465, -1.1751393, -1716.8785, 151.85603, 11327.515, 144.33803, 495.43787, 1055.2303, 870.56421, 458.94131, 12556.970, 9622.3633, 6715.9087
4.0582814, 5929.1489, -1.1751951, -1716.9600, 151.79793, 11327.530, 144.32732, 495.43738, 1055.2256, 870.55920, 458.95221, 12556.976, 9622.3633, 6714.8604
4.0582891, 5929.1602, -1.1752362, -1717.0201, 151.83827, 11327.568, 144.33522, 495.44272, 1055.2517, 870.57678, 458.95404, 12556.980, 9622.3633, 6714.8818
4.0583267, 5929.2153, -1.1750795, -1716.7911, 151.80487, 11327.610, 144.32248, 495.43198, 1055.2034, 870.54907, 458.94971, 12556.990, 9622.3633, 6715.5488
4.0582294, 5929.0732, -1.1751148, -1716.8427, 151.80890, 11327.610, 144.32637, 495.42789, 1055.2012, 870.54694, 458.94257, 12556.985, 9622.3633, 6715.1772
4.0580554, 5928.8188, -1.1751947, -1716.9596, 151.83263, 11327.481, 144.33168, 495.41132, 1055.2629, 870.59949, 458.97241, 12557.013, 9622.3633, 6713.5537
4.0582838, 5929.1523, -1.1750641, -1716.7686, 151.84937, 11327.506, 144.33102, 495.42358, 1055.2269, 870.56714, 458.94836, 12557.016, 9622.3633, 6715.3794
4.0582533, 5929.1079, -1.1750865, -1716.8014, 151.83530, 11327.497, 144.33168, 495.42456, 1055.2128, 870.55396, 458.94110, 12557.010, 9622.3633, 6715.2163
4.0583429, 5929.2393, -1.1751966, -1716.9623, 151.84167, 11327.592, 144.32597, 495.43423, 1055.2227, 870.56354, 458.94919, 12557.010, 9622.3633, 6716.1748
4.0582323, 5929.0776, -1.1750959, -1716.8151, 151.80144, 11327.577, 144.32935, 495.42722, 1055.2073, 870.54633, 458.94324, 12557.004, 9622.3633, 6714.8608
4.0578837, 5928.5679, -1.1749338, -1716.5782, 151.74026, 11327.312, 144.30127, 495.36664, 1055.1807, 870.54852, 458.96622, 12557.029, 9622.3633, 6711.5903
4.0578423, 5928.5073, -1.1750096, -1716.6891, 151.80571, 11327.136, 144.33104, 495.37192, 1055.1949, 870.54254, 458.93912, 12557.021, 9622.3633, 6712.8701
4.0579052, 5928.5996, -1.1750629, -1716.7668, 151.79227, 11326.960, 144.31836, 495.36536, 1055.2102, 870.56116, 458.96320, 12557.044, 9622.3633, 6712.2476
4.0579891, 5928.7222, -1.1750976, -1716.8175, 151.81845, 11326.899, 144.32230, 495.37582, 1055.2014, 870.54779, 458.94861, 12557.047, 9622.3633, 6713.5576
4.0580163, 5928.7617, -1.1751165, -1716.8453, 151.82036, 11326.876, 144.32300, 495.38501, 1055.2019, 870.54376, 458.94571, 12557.042, 9622.3633, 6713.5962
4.0581956, 5929.0234, -1.1751528, -1716.8982, 151.85207, 11326.930, 144.33270, 495.41312, 1055.2103, 870.54443, 458.93634, 12557.030, 9622.3633, 6715.3740
4.0582500, 5929.1035, -1.1750183, -1716.7018, 151.80566, 11326.956, 144.31639, 495.41190, 1055.1654, 870.51434, 458.93140, 12557.018, 9622.3633, 6715.5908
4.0578928, 5928.5815, -1.1750307, -1716.7198, 151.79918, 11326.856, 144.31148, 495.37958, 1055.1779, 870.53125, 458.94196, 12557.007, 9622.3633, 6713.0635
4.0578070, 5928.4561, -1.1749970, -1716.6705, 151.74706, 11326.659, 144.30319, 495.35287, 1055.1704, 870.52966, 458.95737, 12557.023, 9622.3633, 6711.7319
4.0578504, 5928.5195, -1.1750920, -1716.8093, 151.78961, 11326.536, 144.32156, 495.35941, 1055.1976, 870.54382, 458.95435, 12557.037, 9622.3633, 6712.5264
4.0579596, 5928.6792, -1.1750954, -1716.8145, 151.81793, 11326.518, 144.32074, 495.37302, 1055.1915, 870.53455, 458.94400, 12557.032, 9622.3633, 6713.4702
4.0581965, 5929.0249, -1.1752045, -1716.9739, 151.85464, 11326.623, 144.33458, 495.41293, 1055.2130, 870.53992, 458.93524, 12557.017, 9622.3633, 6715.5010
4.0583892, 5929.3066, -1.1752701, -1717.0696, 151.84688, 11326.769, 144.33011, 495.43655, 1055.2216, 870.54980, 458.94391, 12557.009, 9622.3633, 6716.6123
4.0580845, 5928.8613, -1.1751149, -1716.8428, 151.79968, 11326.765, 144.32726, 495.41504, 1055.2201, 870.55029, 458.95367, 12557.016, 9622.3633, 6713.8496
4.0582657, 5929.1260, -1.1751575, -1716.9052, 151.86075, 11326.847, 144.33821, 495.43225, 1055.2241, 870.54980, 458.93814, 12557.006, 9622.3633, 6715.6479
4.0582657, 5929.1260, -1.1751283, -1716.8625, 151.84781, 11326.934, 144.33131, 495.43436, 1055.2208, 870.55139, 458.94223, 12556.997, 9622.3633, 6715.7314
4.0580802, 5928.8550, -1.1751258, -1716.8588, 151.82378, 11326.910, 144.32469, 495.41293, 1055.2203, 870.55768, 458.95425, 12557.006, 9622.3633, 6713.8369
4.0583730, 5929.2832, -1.1752338, -1717.0166, 151.86639, 11327.036, 144.33878, 495.43918, 1055.2382, 870.56152, 458.94400, 12557.001, 9622.3633, 6716.4814
4.0582714, 5929.1343, -1.1749979, -1716.6720, 151.80824, 11327.089, 144.32597, 495.42242, 1055.1887, 870.53265, 458.94113, 12556.997, 9622.3633, 6715.1992
4.0581813, 5929.0029, -1.1750277, -1716.7155, 151.80670, 11327.083, 144.31683, 495.41223, 1055.1653, 870.51678, 458.93045, 12556.985, 9622.3633, 6715.2900
4.0580010, 5928.7397, -1.1751637, -1716.9142, 151.84378, 11327.021, 144.33336, 495.40292, 1055.2144, 870.55249, 458.93948, 12556.976, 9622.3633, 6714.1167
4.0584378, 5929.3779, -1.1752850, -1717.0913, 151.86148, 11327.185, 144.33788, 495.44348, 1055.2498, 870.56995, 458.94690, 12556.972, 9622.3633, 6716.8784
4.0583630, 5929.2681, -1.1751193, -1716.8492, 151.84740, 11327.247, 144.33784, 495.43890, 1055.2394, 870.56750, 458.94760, 12556.975, 9622.3633, 6715.6392
4.0582623, 5929.1216, -1.1750760, -1716.7860, 151.84941, 11327.279, 144.33208, 495.43195, 1055.2216, 870.55890, 458.94327, 12556.970, 9622.3633, 6715.5767
4.0582809, 5929.1484, -1.1751189, -1716.8488, 151.85027, 11327.336, 144.33331, 495.43469, 1055.2209, 870.55634, 458.94107, 12556.965, 9622.3633, 6715.8223
4.0582762, 5929.1416, -1.1750227, -1716.7081, 151.80453, 11327.379, 144.31581, 495.42291, 1055.1816, 870.53210, 458.93982, 12556.958, 9622.3633, 6715.6084
4.0581193, 5928.9126, -1.1751871, -1716.9484, 151.83229, 11327.370, 144.32800, 495.42166, 1055.2189, 870.55273, 458.93857, 12556.944, 9622.3633, 6714.6479
4.0582304, 5929.0747, -1.1751174, -1716.8466, 151.85492, 11327.394, 144.33531, 495.42731, 1055.2225, 870.55908, 458.94031, 12556.938, 9622.3633, 6715.5889
4.0582442, 5929.0947, -1.1751872, -1716.9486, 151.80275, 11327.424, 144.32994, 495.43201, 1055.2195, 870.55090, 458.94504, 12556.935, 9622.3633, 6714.8877
4.0582047, 5929.0371, -1.1751174, -1716.8466, 151.83301, 11327.428, 144.32797, 495.42593, 1055.2153, 870.55225, 458.94092, 12556.926, 9622.3633, 6714.8008
4.0581923, 5929.0190, -1.1749990, -1716.6735, 151.80951, 11327.406, 144.31778, 495.41541, 1055.1776, 870.53040, 458.93576, 12556.920, 9622.3633, 6715.2217
4.0578833, 5928.5674, -1.1750983, -1716.8186, 151.79424, 11327.188, 144.31879, 495.37854, 1055.2147, 870.56757, 458.96292, 12556.944, 9622.3633, 6712.2544
4.0580411, 5928.7983, -1.1750716, -1716.7797, 151.83273, 11327.114, 144.33015, 495.38821, 1055.2096, 870.55597, 458.94617, 12556.952, 9622.3633, 6714.1138
4.0581908, 5929.0166, -1.1751246, -1716.8572, 151.83023, 11327.145, 144.33089, 495.41086, 1055.2070, 870.54340, 458.93738, 12556.942, 9622.3633, 6714.7979
4.0582547, 5929.1099, -1.1751623, -1716.9121, 151.80161, 11327.191, 144.32800, 495.42154, 1055.2036, 870.53687, 458.94037, 12556.936, 9622.3633, 6715.1782
4.0578904, 5928.5776, -1.1749926, -1716.6641, 151.75108, 11327.007, 144.30690, 495.37634, 1055.1940, 870.54785, 458.96545, 12556.961, 9622.3633, 6711.9756
4.0576067, 5928.1631, -1.1747960, -1716.3770, 151.77606, 11326.665, 144.30989, 495.32642, 1055.1558, 870.52911, 458.94833, 12556.976, 9622.3633, 6710.4624
4.0581479, 5928.9541, -1.1752577, -1717.0515, 151.87050, 11326.744, 144.34175, 495.39377, 1055.2118, 870.53943, 458.92691, 12556.955, 9622.3633, 6715.9907
4.0583529, 5929.2539, -1.1751741, -1716.9293, 151.86401, 11326.888, 144.33768, 495.42395, 1055.2239, 870.55206, 458.93863, 12556.949, 9622.3633, 6716.4258
4.0582399, 5929.0889, -1.1751250, -1716.8577, 151.78885, 11326.931, 144.32339, 495.41803, 1055.2000, 870.53412, 458.94348, 12556.945, 9622.3633, 6714.5757
4.0580902, 5928.8696, -1.1750851, -1716.7993, 151.80688, 11326.896, 144.33018, 495.40970, 1055.1847, 870.52087, 458.92960, 12556.932, 9622.3633, 6714.5425
4.0582209, 5929.0605, -1.1751479, -1716.8911, 151.84296, 11326.943, 144.32935, 495.42117, 1055.2007, 870.53833, 458.93549, 12556.922, 9622.3633, 6715.4995
4.0581899, 5929.0151, -1.1750637, -1716.7681, 151.80086, 11326.968, 144.31462, 495.41666, 1055.1841, 870.52588, 458.94006, 12556.914, 9622.3633, 6715.0884
4.0581775, 5928.9976, -1.1752516, -1717.0426, 151.82918, 11326.995, 144.32729, 495.42303, 1055.2147, 870.54559, 458.94083, 12556.904, 9622.3633, 6714.8462
4.0580873, 5928.8657, -1.1751060, -1716.8300, 151.84212, 11326.969, 144.33340, 495.41013, 1055.2213, 870.55688, 458.94656, 12556.910, 9622.3633, 6714.2183
4.0582581, 5929.1147, -1.1751509, -1716.8954, 151.85252, 11327.051, 144.33414, 495.42664, 1055.2253, 870.55591, 458.94305, 12556.906, 9622.3633, 6715.5449
4.0582490, 5929.1016, -1.1751349, -1716.8721, 151.83720, 11327.098, 144.33231, 495.42581, 1055.2148, 870.54736, 458.93948, 12556.900, 9622.3633, 6715.2764
4.0582118, 5929.0474, -1.1751927, -1716.9565, 151.80603, 11327.102, 144.32970, 495.42688, 1055.2122, 870.54034, 458.94165, 12556.896, 9622.3633, 6714.5605
4.0580359, 5928.7905, -1.1751300, -1716.8650, 151.82159, 11327.010, 144.32411, 495.40424, 1055.2428, 870.57941, 458.96930, 12556.924, 9622.3633, 6713.3281
4.0582438, 5929.0942, -1.1750935, -1716.8116, 151.85002, 11327.051, 144.33276, 495.42105, 1055.2188, 870.55383, 458.94223, 12556.921, 9622.3633, 6715.3501
4.0580440, 5928.8022, -1.1751059, -1716.8297, 151.78181, 11326.977, 144.31891, 495.40088, 1055.2028, 870.54474, 458.95312, 12556.932, 9622.3633, 6713.2983
4.0580478, 5928.8081, -1.1751174, -1716.8466, 151.83682, 11326.945, 144.33238, 495.40115, 1055.2206, 870.55743, 458.94678, 12556.934, 9622.3633, 6714.2539
4.0582213, 5929.0610, -1.1751529, -1716.8984, 151.83800, 11326.990, 144.33162, 495.41675, 1055.2131, 870.54462, 458.93829, 12556.924, 9622.3633, 6714.9463
4.0583963, 5929.3174, -1.1752471, -1717.0360, 151.81561, 11327.126, 144.31993, 495.43817, 1055.2217, 870.55304, 458.95090, 12556.924, 9622.3633, 6716.5288
4.0582547, 5929.1104, -1.1751369, -1716.8751, 151.84979, 11327.190, 144.33273, 495.43668, 1055.2190, 870.55231, 458.94073, 12556.919, 9622.3633, 6715.5332
4.0582805, 5929.1479, -1.1752096, -1716.9813, 151.80054, 11327.235, 144.32951, 495.43716, 1055.2190, 870.54834, 458.94656, 12556.918, 9622.3633, 6714.8955
4.0582662, 5929.1270, -1.1751475, -1716.8905, 151.85278, 11327.300, 144.33148, 495.43448, 1055.2219, 870.55835, 458.94318, 12556.916, 9622.3633, 6715.6113
4.0582566, 5929.1128, -1.1751307, -1716.8660, 151.83870, 11327.318, 144.33081, 495.42383, 1055.2391, 870.57562, 458.95602, 12556.933, 9622.3633, 6715.0552
4.0580626, 5928.8296, -1.1749959, -1716.6691, 151.76384, 11327.200, 144.31099, 495.39252, 1055.1979, 870.55035, 458.95911, 12556.954, 9622.3633, 6713.0586
4.0579710, 5928.6958, -1.1751517, -1716.8966, 151.79610, 11327.123, 144.32567, 495.38977, 1055.2373, 870.57629, 458.96805, 12556.981, 9622.3633, 6713.1094
4.0582280, 5929.0708, -1.1751219, -1716.8530, 151.84248, 11327.151, 144.33603, 495.41504, 1055.2206, 870.55164, 458.93997, 12556.973, 9622.3633, 6714.8882
4.0582590, 5929.1162, -1.1751450, -1716.8870, 151.85315, 11327.225, 144.33307, 495.42780, 1055.2201, 870.55243, 458.93988, 12556.966, 9622.3633, 6715.6011
4.0581708, 5928.9873, -1.1750848, -1716.7990, 151.80508, 11327.203, 144.32588, 495.41068, 1055.2295, 870.56982, 458.95956, 12556.984, 9622.3633, 6714.0791
4.0581932, 5929.0200, -1.1751313, -1716.8669, 151.82870, 11327.220, 144.32794, 495.42053, 1055.2205, 870.55432, 458.94540, 12556.979, 9622.3633, 6714.4751
4.0582414, 5929.0908, -1.1751938, -1716.9581, 151.83281, 11327.252, 144.32840, 495.42813, 1055.2240, 870.55463, 458.94482, 12556.975, 9622.3633, 6714.9165
4.0580168, 5928.7622, -1.1750031, -1716.6794, 151.76318, 11327.147, 144.31035, 495.39062, 1055.1918, 870.54352, 458.95535, 12556.984, 9622.3633, 6712.9868
4.0581760, 5928.9951, -1.1751597, -1716.9083, 151.86197, 11327.168, 144.33685, 495.41602, 1055.2198, 870.55518, 458.93747, 12556.975, 9622.3633, 6715.4487
4.0581303, 5928.9282, -1.1751194, -1716.8494, 151.80368, 11327.144, 144.32857, 495.41037, 1055.2174, 870.55603, 458.95239, 12556.986, 9622.3633, 6714.1533
4.0580273, 5928.7778, -1.1750796, -1716.7913, 151.81422, 11327.014, 144.32024, 495.39200, 1055.2333, 870.57617, 458.96964, 12557.015, 9622.3633, 6713.1260
4.0579906, 5928.7241, -1.1750398, -1716.7330, 151.80029, 11326.880, 144.31345, 495.37576, 1055.2172, 870.56683, 458.97037, 12557.043, 9622.3633, 6712.7534
4.0582991, 5929.1748, -1.1751368, -1716.8749, 151.84891, 11326.979, 144.33112, 495.41415, 1055.2098, 870.54572, 458.93918, 12557.036, 9622.3633, 6715.9414
4.0583425, 5929.2383, -1.1751329, -1716.8691, 151.85786, 11327.102, 144.33672, 495.42984, 1055.2236, 870.55518, 458.94043, 12557.029, 9622.3633, 6716.3037
4.0582390, 5929.0874, -1.1751146, -1716.8424, 151.83810, 11327.122, 144.33153, 495.42603, 1055.2102, 870.54590, 458.93866, 12557.021, 9622.3633, 6715.1738
4.0581231, 5928.9180, -1.1750065, -1716.6846, 151.84383, 11327.122, 144.32764, 495.41092, 1055.1823, 870.53040, 458.93018, 12557.008, 9622.3633, 6714.8364
4.0583782, 5929.2905, -1.1753049, -1717.1205, 151.86110, 11327.254, 144.33856, 495.44461, 1055.2438, 870.56738, 458.94516, 12557.003, 9622.3633, 6716.6748
4.0583038, 5929.1821, -1.1751735, -1716.9285, 151.83801, 11327.293, 144.33011, 495.43668, 1055.2386, 870.56879, 458.95221, 12557.009, 9622.3633, 6715.0181
4.0584121, 5929.3403, -1.1750956, -1716.8147, 151.80791, 11327.398, 144.31813, 495.43979, 1055.2080, 870.54932, 458.95023, 12557.008, 9622.3633, 6716.2544
4.0581846, 5929.0078, -1.1750308, -1716.7201, 151.80719, 11327.356, 144.31606, 495.42099, 1055.1816, 870.53198, 458.93814, 12557.000, 9622.3633, 6715.0537
4.0581656, 5928.9800, -1.1751026, -1716.8250, 151.80652, 11327.354, 144.32555, 495.41843, 1055.1827, 870.53040, 458.93536, 12556.991, 9622.3633, 6714.9829
4.0582666, 5929.1274, -1.1751126, -1716.8396, 151.81369, 11327.396, 144.32016, 495.42426, 1055.1908, 870.53644, 458.93921, 12556.984, 9622.3633, 6715.7729
4.0579643, 5928.6855, -1.1750970, -1716.8168, 151.78151, 11327.297, 144.31790, 495.39581, 1055.1932, 870.54169, 458.94797, 12556.987, 9622.3633, 6713.1226
4.0579286, 5928.6333, -1.1750367, -1716.7286, 151.76443, 11327.172, 144.31177, 495.37595, 1055.1852, 870.53931, 458.95047, 12556.994, 9622.3633, 6712.9214
4.0577259, 5928.3374, -1.1749389, -1716.5858, 151.78271, 11326.921, 144.31921, 495.35071, 1055.1826, 870.54309, 458.95084, 12557.008, 9622.3633, 6711.4292
4.0580940, 5928.8755, -1.1751777, -1716.9346, 151.80698, 11326.928, 144.33139, 495.39325, 1055.1935, 870.52594, 458.93155, 12556.993, 9622.3633, 6714.5562
4.0583062, 5929.1851, -1.1751889, -1716.9510, 151.82239, 11327.021, 144.32257, 495.42117, 1055.2021, 870.53925, 458.94040, 12556.984, 9622.3633, 6716.0962
4.0583448, 5929.2417, -1.1752640, -1717.0608, 151.83755, 11327.127, 144.33331, 495.43692, 1055.2336, 870.55768, 458.94626, 12556.979, 9622.3633, 6715.9370
4.0582104, 5929.0454, -1.1749828, -1716.6498, 151.80980, 11327.134, 144.31697, 495.41742, 1055.1808, 870.52777, 458.93753, 12556.972, 9622.3633, 6715.2593
4.0582118, 5929.0474, -1.1751592, -1716.9076, 151.80632, 11327.170, 144.32251, 495.41937, 1055.1833, 870.52728, 458.93680, 12556.965, 9622.3633, 6715.4385
4.0581546, 5928.9639, -1.1750704, -1716.7778, 151.80775, 11327.175, 144.31583, 495.41367, 1055.1740, 870.52325, 458.93335, 12556.953, 9622.3633, 6715.0542
4.0583239, 5929.2109, -1.1752744, -1717.0758, 151.81837, 11327.262, 144.32333, 495.43674, 1055.2134, 870.55005, 458.94461, 12556.949, 9622.3633, 6716.3740
4.0580001, 5928.7378, -1.1750952, -1716.8141, 151.82790, 11327.123, 144.32611, 495.39996, 1055.2367, 870.58258, 458.96667, 12556.976, 9622.3633, 6713.1753
4.0582442, 5929.0947, -1.1750942, -1716.8126, 151.85852, 11327.157, 144.33693, 495.42120, 1055.2239, 870.55890, 458.94128, 12556.972, 9622.3633, 6715.5703
4.0582714, 5929.1348, -1.1751056, -1716.8292, 151.84988, 11327.219, 144.33284, 495.42975, 1055.2152, 870.55182, 458.93967, 12556.966, 9622.3633, 6715.7441
4.0584030, 5929.3271, -1.1752793, -1717.0830, 151.84653, 11327.317, 144.33414, 495.44684, 1055.2424, 870.56757, 458.94775, 12556.962, 9622.3633, 6716.2622
4.0583296, 5929.2197, -1.1752328, -1717.0150, 151.84729, 11327.371, 144.33702, 495.44394, 1055.2576, 870.58051, 458.95459, 12556.970, 9622.3633, 6715.2529
4.0583248, 5929.2124, -1.1751099, -1716.8356, 151.85751, 11327.400, 144.33783, 495.44263, 1055.2372, 870.56799, 458.94528, 12556.970, 9622.3633, 6715.9590
4.0580912, 5928.8711, -1.1750716, -1716.7797, 151.78188, 11327.323, 144.31908, 495.41010, 1055.2109, 870.55597, 458.95859, 12556.987, 9622.3633, 6713.3574
4.0580511, 5928.8125, -1.1751540, -1716.9000, 151.83913, 11327.259, 144.33029, 495.41019, 1055.2159, 870.55267, 458.93832, 12556.977, 9622.3633, 6714.1646
4.0582833, 5929.1519, -1.1751914, -1716.9546, 151.86903, 11327.330, 144.34160, 495.43167, 1055.2339, 870.56201, 458.93948, 12556.970, 9622.3633, 6716.0503
4.0583091, 5929.1895, -1.1751841, -1716.9441, 151.83824, 11327.396, 144.33368, 495.43710, 1055.2369, 870.56451, 458.94760, 12556.967, 9622.3633, 6715.3726
4.0582175, 5929.0562, -1.1750953, -1716.8143, 151.79094, 11327.396, 144.32262, 495.42465, 1055.2018, 870.54028, 458.94302, 12556.961, 9622.3633, 6714.4429
4.0578113, 5928.4624, -1.1750096, -1716.6891, 151.78091, 11327.158, 144.31769, 495.37485, 1055.1989, 870.55554, 458.95898, 12556.982, 9622.3633, 6711.9146
4.0577860, 5928.4253, -1.1749285, -1716.5707, 151.80258, 11326.926, 144.31384, 495.34933, 1055.1940, 870.55652, 458.95703, 12557.004, 9622.3633, 6712.0083
4.0581484, 5928.9551, -1.1751475, -1716.8906, 151.85095, 11326.959, 144.33138, 495.39703, 1055.2014, 870.53998, 458.93289, 12556.991, 9622.3633, 6715.2339
4.0583324, 5929.2236, -1.1751416, -1716.8818, 151.82077, 11327.052, 144.32178, 495.41843, 1055.1997, 870.54077, 458.94162, 12556.984, 9622.3633, 6716.2949
4.0580168, 5928.7627, -1.1751508, -1716.8953, 151.82013, 11326.974, 144.32419, 495.40091, 1055.2390, 870.57715, 458.96750, 12557.010, 9622.3633, 6713.3701
4.0581002, 5928.8848, -1.1750494, -1716.7472, 151.83859, 11326.929, 144.33131, 495.39883, 1055.2144, 870.55524, 458.94724, 12557.014, 9622.3633, 6714.0933
4.0582771, 5929.1431, -1.1752043, -1716.9735, 151.79170, 11326.966, 144.32523, 495.41757, 1055.1978, 870.53223, 458.94229, 12557.008, 9622.3633, 6714.7842
4.0579863, 5928.7183, -1.1750696, -1716.7766, 151.79921, 11326.912, 144.32880, 495.39920, 1055.1982, 870.53766, 458.94324, 12557.001, 9622.3633, 6713.6875
4.0582457, 5929.0972, -1.1752237, -1717.0018, 151.80600, 11326.981, 144.33099, 495.42392, 1055.2131, 870.53882, 458.94135, 12556.991, 9622.3633, 6714.9971
4.0581937, 5929.0210, -1.1751635, -1716.9138, 151.79984, 11327.000, 144.32790, 495.42429, 1055.2048, 870.53491, 458.94171, 12556.982, 9622.3633, 6714.4253
4.0583372, 5929.2310, -1.1752576, -1717.0513, 151.84044, 11327.117, 144.33559, 495.43994, 1055.2377, 870.55981, 458.94614, 12556.977, 9622.3633, 6715.8667
4.0582566, 5929.1128, -1.1751515, -1716.8962, 151.84067, 11327.146, 144.33324, 495.43390, 1055.2275, 870.55530, 458.94327, 12556.968, 9622.3633, 6715.0522
4.0582829, 5929.1514, -1.1751434, -1716.8845, 151.86067, 11327.188, 144.33745, 495.43597, 1055.2286, 870.55780, 458.93967, 12556.960, 9622.3633, 6715.9292
4.0583038, 5929.1816, -1.1751369, -1716.8751, 151.86340, 11327.241, 144.34021, 495.43909, 1055.2288, 870.55963, 458.94006, 12556.954, 9622.3633, 6715.9619
4.0583243, 5929.2119, -1.1751971, -1716.9630, 151.82875, 11327.284, 144.32907, 495.43976, 1055.2297, 870.56091, 458.94916, 12556.953, 9622.3633, 6715.2437
4.0583344, 5929.2266, -1.1751764, -1716.9326, 151.84996, 11327.360, 144.33093, 495.43863, 1055.2235, 870.56097, 458.94690, 12556.954, 9622.3633, 6716.1274
4.0583549, 5929.2563, -1.1750984, -1716.8188, 151.80444, 11327.428, 144.31520, 495.43106, 1055.1935, 870.54077, 458.94714, 12556.955, 9622.3633, 6716.0161
4.0582032, 5929.0347, -1.1751689, -1716.9218, 151.86008, 11327.435, 144.33704, 495.43286, 1055.2223, 870.55652, 458.93658, 12556.946, 9622.3633, 6715.5239
4.0582662, 5929.1270, -1.1750511, -1716.7496, 151.81587, 11327.448, 144.32130, 495.42508, 1055.1953, 870.54175, 458.94156, 12556.941, 9622.3633, 6715.6221
4.0582032, 5929.0347, -1.1751519, -1716.8970, 151.85657, 11327.454, 144.33540, 495.42825, 1055.2158, 870.55359, 458.93600, 12556.933, 9622.3633, 6715.4155
4.0582738, 5929.1382, -1.1751992, -1716.9659, 151.83517, 11327.479, 144.33022, 495.43326, 1055.2305, 870.56244, 458.94608, 12556.930, 9622.3633, 6715.3071
4.0583801, 5929.2935, -1.1751401, -1716.8798, 151.80690, 11327.561, 144.31789, 495.43433, 1055.2031, 870.54962, 458.95044, 12556.938, 9622.3633, 6716.0669
4.0582910, 5929.1631, -1.1751472, -1716.8900, 151.82248, 11327.589, 144.32414, 495.43277, 1055.2089, 870.55469, 458.94409, 12556.936, 9622.3633, 6715.9409
4.0583177, 5929.2021, -1.1751812, -1716.9397, 151.83301, 11327.630, 144.33102, 495.43732, 1055.2277, 870.56403, 458.94681, 12556.935, 9622.3633, 6715.6675
4.0582228, 5929.0635, -1.1751500, -1716.8943, 151.80525, 11327.613, 144.33180, 495.43192, 1055.2180, 870.55334, 458.94583, 12556.935, 9622.3633, 6714.4829
4.0582905, 5929.1626, -1.1751856, -1716.9460, 151.80084, 11327.626, 144.33131, 495.43777, 1055.2283, 870.55945, 458.94983, 12556.936, 9622.3633, 6715.0186
4.0583491, 5929.2480, -1.1752088, -1716.9800, 151.83595, 11327.674, 144.33270, 495.44495, 1055.2477, 870.57507, 458.95355, 12556.941, 9622.3633, 6715.5034
4.0583653, 5929.2715, -1.1751271, -1716.8608, 151.84804, 11327.731, 144.33168, 495.44019, 1055.2268, 870.56885, 458.95093, 12556.955, 9622.3633, 6716.0522
4.0582476, 5929.0996, -1.1750984, -1716.8187, 151.79997, 11327.698, 144.31917, 495.42859, 1055.2047, 870.54852, 458.94824, 12556.958, 9622.3633, 6714.6660
4.0582032, 5929.0347, -1.1750602, -1716.7629, 151.81155, 11327.664, 144.31747, 495.41473, 1055.1794, 870.53577, 458.93765, 12556.952, 9622.3633, 6715.2310
4.0581183, 5928.9106, -1.1750333, -1716.7236, 151.80690, 11327.619, 144.31702, 495.41031, 1055.1779, 870.53375, 458.93500, 12556.941, 9622.3633, 6714.9878
4.0579548, 5928.6719, -1.1751419, -1716.8823, 151.82523, 11327.448, 144.32559, 495.39221, 1055.2357, 870.58490, 458.96515, 12556.966, 9622.3633, 6713.1509
4.0583744, 5929.2852, -1.1751202, -1716.8506, 151.81743, 11327.509, 144.32230, 495.42157, 1055.2090, 870.55438, 458.94916, 12556.972, 9622.3633, 6716.1489
4.0581641, 5928.9780, -1.1750227, -1716.7081, 151.81454, 11327.468, 144.31941, 495.41263, 1055.1849, 870.53729, 458.93738, 12556.963, 9622.3633, 6715.0854
4.0580959, 5928.8779, -1.1750443, -1716.7397, 151.84230, 11327.413, 144.32729, 495.40479, 1055.1757, 870.53162, 458.92725, 12556.950, 9622.3633, 6714.9849
4.0579271, 5928.6313, -1.1750332, -1716.7235, 151.76036, 11327.301, 144.30885, 495.38055, 1055.1846, 870.53821, 458.94962, 12556.956, 9622.3633, 6712.8164
4.0580993, 5928.8833, -1.1751274, -1716.8611, 151.84796, 11327.303, 144.33690, 495.40338, 1055.2065, 870.54468, 458.93051, 12556.944, 9622.3633, 6714.7910
4.0582700, 5929.1323, -1.1752001, -1716.9674, 151.86981, 11327.343, 144.34160, 495.42764, 1055.2310, 870.55927, 458.93695, 12556.936, 9622.3633, 6716.0479
4.0582967, 5929.1714, -1.1750920, -1716.8094, 151.84985, 11327.361, 144.33356, 495.43268, 1055.2191, 870.55591, 458.94113, 12556.931, 9622.3633, 6715.8384
4.0582757, 5929.1411, -1.1750442, -1716.7396, 151.81023, 11327.375, 144.31514, 495.42102, 1055.1788, 870.53308, 458.93896, 12556.926, 9622.3633, 6715.5366
4.0582900, 5929.1616, -1.1752492, -1717.0391, 151.84778, 11327.438, 144.32986, 495.43298, 1055.2159, 870.55640, 458.94284, 12556.924, 9622.3633, 6716.1489
4.0582085, 5929.0425, -1.1751297, -1716.8645, 151.79625, 11327.419, 144.32771, 495.42831, 1055.2098, 870.54395, 458.94238, 12556.919, 9622.3633, 6714.6318
4.0579143, 5928.6128, -1.1750556, -1716.7562, 151.80478, 11327.239, 144.32364, 495.38708, 1055.2296, 870.57788, 458.96701, 12556.946, 9622.3633, 6712.3618
4.0581613, 5928.9736, -1.1749333, -1716.5776, 151.80034, 11327.182, 144.31502, 495.39575, 1055.1711, 870.52338, 458.93646, 12556.939, 9622.3633, 6714.8345
4.0581126, 5928.9028, -1.1751598, -1716.9084, 151.85233, 11327.200, 144.33354, 495.41418, 1055.2054, 870.54315, 458.93170, 12556.926, 9622.3633, 6715.0928
4.0584607, 5929.4111, -1.1753644, -1717.2073, 151.86768, 11327.358, 144.34138, 495.45358, 1055.2635, 870.57922, 458.94919, 12556.923, 9622.3633, 6717.0347
4.0583696, 5929.2783, -1.1750903, -1716.8069, 151.85651, 11327.423, 144.33498, 495.44553, 1055.2344, 870.56622, 458.94760, 12556.930, 9622.3633, 6716.0229
4.0582948, 5929.1685, -1.1751350, -1716.8722, 151.83942, 11327.451, 144.33081, 495.43518, 1055.2250, 870.56055, 458.94495, 12556.930, 9622.3633, 6715.4287
4.0582023, 5929.0337, -1.1750983, -1716.8186, 151.80508, 11327.441, 144.33174, 495.42786, 1055.2126, 870.54785, 458.94196, 12556.927, 9622.3633, 6714.5947
4.0579028, 5928.5962, -1.1749845, -1716.6523, 151.75842, 11327.206, 144.30966, 495.37717, 1055.1997, 870.55853, 458.96786, 12556.956, 9622.3633, 6711.9517
4.0581198, 5928.9131, -1.1751552, -1716.9016, 151.80824, 11327.197, 144.33356, 495.40579, 1055.2058, 870.53894, 458.93741, 12556.947, 9622.3633, 6714.3652
4.0583310, 5929.2217, -1.1751893, -1716.9515, 151.85805, 11327.286, 144.33714, 495.43408, 1055.2322, 870.55865, 458.94211, 12556.941, 9622.3633, 6716.2002
4.0582948, 5929.1689, -1.1751431, -1716.8840, 151.79893, 11327.322, 144.32770, 495.43207, 1055.2023, 870.53857, 458.94067, 12556.936, 9622.3633, 6715.0752
4.0583339, 5929.2261, -1.1751783, -1716.9355, 151.85222, 11327.401, 144.33621, 495.44275, 1055.2328, 870.56213, 458.94370, 12556.932, 9622.3633, 6716.1777
4.0580812, 5928.8564, -1.1750766, -1716.7870, 151.82584, 11327.345, 144.32767, 495.41171, 1055.2262, 870.56891, 458.95612, 12556.947, 9622.3633, 6713.6602
4.0582342, 5929.0801, -1.1751512, -1716.8959, 151.82892, 11327.357, 144.32773, 495.42142, 1055.2164, 870.55481, 458.94531, 12556.948, 9622.3633, 6714.7793
4.0579753, 5928.7017, -1.1750731, -1716.7819, 151.80296, 11327.227, 144.31502, 495.38846, 1055.2263, 870.57764, 458.97116, 12556.977, 9622.3633, 6712.8223
4.0582571, 5929.1133, -1.1751342, -1716.8711, 151.84758, 11327.254, 144.33038, 495.41348, 1055.2115, 870.55444, 458.94165, 12556.975, 9622.3633, 6715.5649
4.0583138, 5929.1963, -1.1751449, -1716.8867, 151.80312, 11327.303, 144.33025, 495.42334, 1055.2148, 870.54816, 458.94476, 12556.970, 9622.3633, 6715.4868
4.0583439, 5929.2402, -1.1752549, -1717.0475, 151.84225, 11327.358, 144.33496, 495.44128, 1055.2429, 870.56683, 458.94888, 12556.967, 9622.3633, 6715.6353
4.0583544, 5929.2559, -1.1751341, -1716.8708, 151.85442, 11327.411, 144.33301, 495.43848, 1055.2229, 870.56067, 458.94391, 12556.966, 9622.3633, 6716.1147
4.0584178, 5929.3481, -1.1751935, -1716.9578, 151.87007, 11327.494, 144.34041, 495.44736, 1055.2512, 870.57794, 458.94800, 12556.968, 9622.3633, 6716.6953
4.0583372, 5929.2310, -1.1751589, -1716.9071, 151.80037, 11327.507, 144.33003, 495.44009, 1055.2391, 870.56720, 458.95776, 12556.983, 9622.3633, 6714.7905
4.0581722, 5928.9897, -1.1750225, -1716.7078, 151.80386, 11327.444, 144.33023, 495.41656, 1055.2139, 870.55786, 458.95279, 12556.999, 9622.3633, 6714.2690
4.0583458, 5929.2432, -1.1751666, -1716.9185, 151.85870, 11327.514, 144.33765, 495.43637, 1055.2344, 870.56604, 458.94449, 12556.994, 9622.3633, 6716.1538
4.0581856, 5929.0088, -1.1750838, -1716.7974, 151.83575, 11327.490, 144.33203, 495.42322, 1055.2316, 870.57202, 458.95438, 12557.008, 9622.3633, 6714.4585
4.0582952, 5929.1694, -1.1752005, -1716.9679, 151.82504, 11327.514, 144.32683, 495.43536, 1055.2369, 870.56946, 458.95538, 12557.016, 9622.3633, 6714.8604
4.0582242, 5929.0654, -1.1751364, -1716.8744, 151.80330, 11327.505, 144.33047, 495.43085, 1055.2159, 870.55023, 458.94553, 12557.011, 9622.3633, 6714.4600
4.0578828, 5928.5669, -1.1749026, -1716.5326, 151.73749, 11327.241, 144.29747, 495.36371, 1055.1753, 870.54535, 458.96609, 12557.036, 9622.3633, 6711.4897
4.0580487, 5928.8091, -1.1751142, -1716.8418, 151.83037, 11327.222, 144.32751, 495.39282, 1055.1925, 870.53522, 458.92996, 12557.020, 9622.3633, 6714.5820
4.0584030, 5929.3271, -1.1753205, -1717.1433, 151.86342, 11327.366, 144.34023, 495.44150, 1055.2471, 870.56921, 458.94470, 12557.013, 9622.3633, 6716.7783
4.0582356, 5929.0825, -1.1750078, -1716.6864, 151.84418, 11327.361, 144.32814, 495.42209, 1055.1947, 870.54449, 458.93854, 12557.007, 9622.3633, 6715.3486
4.0583115, 5929.1929, -1.1751359, -1716.8734, 151.80365, 11327.405, 144.31445, 495.42453, 1055.1860, 870.53564, 458.94354, 12557.001, 9622.3633, 6715.8936
4.0581393, 5928.9419, -1.1752018, -1716.9698, 151.80379, 11327.369, 144.33083, 495.42490, 1055.2095, 870.54156, 458.93860, 12556.988, 9622.3633, 6714.3984
4.0579863, 5928.7183, -1.1750827, -1716.7958, 151.82191, 11327.245, 144.32368, 495.39432, 1055.2350, 870.58142, 458.96747, 12557.014, 9622.3633, 6713.0698
4.0583925, 5929.3115, -1.1751777, -1716.9347, 151.82576, 11327.329, 144.32506, 495.42700, 1055.2189, 870.55859, 458.95004, 12557.015, 9622.3633, 6716.3745
4.0580626, 5928.8296, -1.1750942, -1716.8127, 151.82686, 11327.249, 144.32632, 495.40591, 1055.2156, 870.55981, 458.95059, 12557.022, 9622.3633, 6713.8071
4.0582204, 5929.0601, -1.1750317, -1716.7212, 151.80533, 11327.250, 144.31529, 495.40735, 1055.1758, 870.52869, 458.93967, 12557.017, 9622.3633, 6715.2100
4.0582414, 5929.0908, -1.1752591, -1717.0536, 151.84676, 11327.292, 144.33728, 495.42862, 1055.2301, 870.55786, 458.93909, 12557.006, 9622.3633, 6715.4692
4.0582561, 5929.1123, -1.1751112, -1716.8374, 151.85425, 11327.307, 144.33437, 495.43076, 1055.2251, 870.55890, 458.94193, 12556.999, 9622.3633, 6715.6450
4.0582514, 5929.1050, -1.1750348, -1716.7257, 151.81480, 11327.330, 144.32074, 495.42285, 1055.1912, 870.53729, 458.94049, 12556.993, 9622.3633, 6715.5122
4.0580459, 5928.8047, -1.1751267, -1716.8600, 151.83890, 11327.273, 144.33272, 495.40906, 1055.2231, 870.56146, 458.94540, 12556.990, 9622.3633, 6714.1309
4.0583806, 5929.2939, -1.1751522, -1716.8973, 151.81781, 11327.375, 144.32278, 495.42981, 1055.2113, 870.55267, 458.94870, 12556.989, 9622.3633, 6716.2266
4.0579205, 5928.6221, -1.1750537, -1716.7535, 151.76031, 11327.182, 144.30919, 495.38147, 1055.2101, 870.56482, 458.97058, 12557.018, 9622.3633, 6712.1943
4.0577316, 5928.3462, -1.1748559, -1716.4645, 151.79018, 11326.931, 144.31702, 495.34387, 1055.1777, 870.54578, 458.95331, 12557.038, 9622.3633, 6711.2295
4.0580397, 5928.7959, -1.1752203, -1716.9967, 151.83125, 11326.934, 144.33002, 495.38724, 1055.2036, 870.53882, 458.93365, 12557.023, 9622.3633, 6714.2275
4.0579295, 5928.6353, -1.1749991, -1716.6737, 151.76065, 11326.827, 144.30695, 495.36853, 1055.1691, 870.52325, 458.94614, 12557.022, 9622.3633, 6712.7080
4.0581226, 5928.9170, -1.1751474, -1716.8904, 151.85748, 11326.892, 144.33572, 495.40402, 1055.1992, 870.53381, 458.92627, 12557.000, 9622.3633, 6715.6240
4.0581813, 5929.0029, -1.1750448, -1716.7404, 151.80579, 11326.933, 144.31799, 495.40985, 1055.1792, 870.52240, 458.93588, 12556.988, 9622.3633, 6715.2876
4.0578246, 5928.4819, -1.1750075, -1716.6859, 151.74522, 11326.712, 144.30075, 495.35721, 1055.1674, 870.53094, 458.95837, 12557.007, 9622.3633, 6711.4653
4.0577383, 5928.3560, -1.1749378, -1716.5842, 151.73943, 11326.500, 144.29994, 495.33426, 1055.1501, 870.51929, 458.95291, 12557.021, 9622.3633, 6711.3999
4.0575223, 5928.0400, -1.1748546, -1716.4626, 151.78024, 11326.204, 144.31003, 495.30939, 1055.1359, 870.50958, 458.93854, 12557.020, 9622.3633, 6710.2661
4.0580630, 5928.8301, -1.1752224, -1716.9999, 151.86348, 11326.263, 144.33684, 495.37851, 1055.1824, 870.51434, 458.91684, 12556.984, 9622.3633, 6715.5781
4.0582805, 5929.1479, -1.1752517, -1717.0428, 151.83566, 11326.403, 144.33195, 495.41525, 1055.2144, 870.53595, 458.93643, 12556.971, 9622.3633, 6715.6934
4.0580549, 5928.8184, -1.1752188, -1716.9946, 151.82983, 11326.377, 144.32552, 495.40341, 1055.2463, 870.57239, 458.96716, 12556.994, 9622.3633, 6713.6494
4.0581326, 5928.9321, -1.1751295, -1716.8643, 151.84544, 11326.403, 144.33211, 495.40500, 1055.2325, 870.55890, 458.95261, 12557.004, 9622.3633, 6714.2944
4.0580850, 5928.8618, -1.1750993, -1716.8199, 151.78226, 11326.409, 144.31804, 495.39639, 1055.1904, 870.52722, 458.94861, 12557.005, 9622.3633, 6713.5508
4.0578618, 5928.5361, -1.1750456, -1716.7416, 151.74696, 11326.313, 144.30186, 495.36453, 1055.1804, 870.53094, 458.96201, 12557.023, 9622.3633, 6712.1880
4.0579081, 5928.6040, -1.1750612, -1716.7645, 151.78107, 11326.290, 144.31793, 495.37125, 1055.1682, 870.51013, 458.93716, 12557.011, 9622.3633, 6713.0474
4.0579352, 5928.6436, -1.1751856, -1716.9462, 151.79218, 11326.268, 144.32294, 495.38812, 1055.1815, 870.50769, 458.92883, 12556.989, 9622.3633, 6713.1792
4.0582256, 5929.0674, -1.1752230, -1717.0007, 151.84895, 11326.408, 144.33133, 495.41949, 1055.2051, 870.52942, 458.93231, 12556.970, 9622.3633, 6715.9927
4.0582914, 5929.1641, -1.1752720, -1717.0724, 151.83542, 11326.525, 144.33009, 495.43228, 1055.2191, 870.54089, 458.94092, 12556.958, 9622.3633, 6715.3501
4.0583916, 5929.3101, -1.1752710, -1717.0710, 151.86792, 11326.714, 144.34050, 495.44852, 1055.2430, 870.55768, 458.94373, 12556.952, 9622.3633, 6716.6226
4.0583158, 5929.1992, -1.1750998, -1716.8209, 151.80792, 11326.797, 144.33415, 495.43600, 1055.2188, 870.54327, 458.94421, 12556.948, 9622.3633, 6715.1885
4.0579014, 5928.5938, -1.1749883, -1716.6578, 151.75912, 11326.608, 144.30843, 495.38141, 1055.1946, 870.54370, 458.96487, 12556.974, 9622.3633, 6712.0073
4.0576477, 5928.2231, -1.1747956, -1716.3765, 151.74222, 11326.320, 144.29921, 495.32532, 1055.1295, 870.50610, 458.94577, 12556.983, 9622.3633, 6710.4619
4.0577364, 5928.3530, -1.1751674, -1716.9196, 151.83786, 11326.192, 144.32878, 495.35291, 1055.2120, 870.54840, 458.94507, 12556.980, 9622.3633, 6712.6641
4.0582848, 5929.1538, -1.1753008, -1717.1145, 151.80191, 11326.331, 144.32892, 495.40903, 1055.2069, 870.52625, 458.94073, 12556.971, 9622.3633, 6715.0449
4.0582099, 5929.0449, -1.1752440, -1717.0315, 151.79008, 11326.397, 144.32378, 495.42212, 1055.2085, 870.52576, 458.94318, 12556.961, 9622.3633, 6714.3047
4.0577312, 5928.3452, -1.1749283, -1716.5703, 151.78918, 11326.179, 144.31584, 495.35831, 1055.1758, 870.53076, 458.95032, 12556.974, 9622.3633, 6711.3955
4.0579262, 5928.6304, -1.1751417, -1716.8820, 151.79904, 11326.169, 144.32779, 495.37860, 1055.1926, 870.52460, 458.93976, 12556.964, 9622.3633, 6713.6172
4.0579262, 5928.6304, -1.1751069, -1716.8312, 151.80328, 11326.096, 144.32259, 495.37088, 1055.2139, 870.55170, 458.95901, 12556.979, 9622.3633, 6712.5410
4.0583282, 5929.2178, -1.1751757, -1716.9316, 151.84866, 11326.223, 144.33194, 495.41605, 1055.2041, 870.53027, 458.93536, 12556.968, 9622.3633, 6716.1489
4.0582175, 5929.0562, -1.1751401, -1716.8798, 151.85089, 11326.360, 144.33382, 495.42462, 1055.2018, 870.52850, 458.92999, 12556.949, 9622.3633, 6715.6768
4.0581737, 5928.9917, -1.1751485, -1716.8920, 151.83949, 11326.435, 144.32904, 495.41846, 1055.1929, 870.52350, 458.92911, 12556.934, 9622.3633, 6715.0806
4.0581470, 5928.9526, -1.1750319, -1716.7216, 151.80327, 11326.504, 144.31642, 495.41077, 1055.1677, 870.50970, 458.93152, 12556.920, 9622.3633, 6715.0786
4.0581775, 5928.9976, -1.1752725, -1717.0731, 151.80339, 11326.608, 144.32668, 495.42346, 1055.2003, 870.52368, 458.93488, 12556.906, 9622.3633, 6714.9565
4.0579438, 5928.6558, -1.1751080, -1716.8328, 151.80237, 11326.502, 144.31384, 495.38815, 1055.2162, 870.55707, 458.96457, 12556.930, 9622.3633, 6712.8037
4.0581102, 5928.8989, -1.1750615, -1716.7648, 151.84277, 11326.530, 144.32538, 495.39661, 1055.1727, 870.51733, 458.92642, 12556.915, 9622.3633, 6714.8335
4.0583878, 5929.3047, -1.1753762, -1717.2246, 151.86824, 11326.715, 144.33980, 495.44214, 1055.2401, 870.55475, 458.93973, 12556.904, 9622.3633, 6716.8779
4.0582385, 5929.0864, -1.1749034, -1716.5338, 151.80135, 11326.729, 144.31404, 495.41135, 1055.1583, 870.51105, 458.93591, 12556.902, 9622.3633, 6715.0566
4.0578895, 5928.5767, -1.1751555, -1716.9022, 151.80695, 11326.615, 144.32733, 495.38727, 1055.2269, 870.56555, 458.95990, 12556.923, 9622.3633, 6712.6123
4.0578780, 5928.5596, -1.1749400, -1716.5873, 151.78175, 11326.437, 144.31268, 495.35770, 1055.1860, 870.54230, 458.95975, 12556.947, 9622.3633, 6711.8540
4.0579391, 5928.6489, -1.1750450, -1716.7408, 151.84204, 11326.409, 144.32451, 495.36966, 1055.1699, 870.52307, 458.93265, 12556.939, 9622.3633, 6714.1855
4.0582204, 5929.0601, -1.1751735, -1716.9285, 151.84328, 11326.520, 144.32588, 495.40540, 1055.1814, 870.52081, 458.92725, 12556.924, 9622.3633, 6715.7773
4.0581594, 5928.9707, -1.1751034, -1716.8260, 151.81348, 11326.585, 144.31833, 495.41086, 1055.1759, 870.51752, 458.93204, 12556.911, 9622.3633, 6715.3477
4.0579743, 5928.7002, -1.1752303, -1717.0114, 151.83188, 11326.521, 144.32645, 495.39890, 1055.2375, 870.56787, 458.96106, 12556.933, 9622.3633, 6713.4512
4.0583453, 5929.2422, -1.1751549, -1716.9014, 151.84584, 11326.648, 144.32710, 495.42023, 1055.2032, 870.53973, 458.94257, 12556.932, 9622.3633, 6716.0703
4.0580335, 5928.7871, -1.1751391, -1716.8782, 151.78685, 11326.607, 144.32068, 495.40152, 1055.1998, 870.53644, 458.94962, 12556.938, 9622.3633, 6713.3555
4.0580463, 5928.8057, -1.1750994, -1716.8202, 151.85765, 11326.633, 144.33594, 495.40573, 1055.1918, 870.52747, 458.92365, 12556.917, 9622.3633, 6714.9038
4.0583577, 5929.2607, -1.1752192, -1716.9952, 151.81018, 11326.799, 144.31804, 495.43188, 1055.2006, 870.53296, 458.94144, 12556.910, 9622.3633, 6716.4355
4.0580578, 5928.8223, -1.1751381, -1716.8768, 151.83702, 11326.796, 144.33032, 495.41211, 1055.2184, 870.55188, 458.94467, 12556.910, 9622.3633, 6714.1938
4.0582700, 5929.1323, -1.1752498, -1717.0400, 151.83847, 11326.881, 144.33151, 495.43152, 1055.2290, 870.55200, 458.94403, 12556.905, 9622.3633, 6715.1509
4.0580916, 5928.8721, -1.1750931, -1716.8110, 151.80370, 11326.854, 144.32820, 495.41071, 1055.2114, 870.54700, 458.94891, 12556.915, 9622.3633, 6713.9673
4.0578842, 5928.5688, -1.1749710, -1716.6327, 151.74727, 11326.673, 144.30176, 495.36569, 1055.1826, 870.53882, 458.96451, 12556.940, 9622.3633, 6711.8486
4.0581241, 5928.9194, -1.1751484, -1716.8917, 151.85309, 11326.763, 144.33281, 495.40240, 1055.2025, 870.53766, 458.93231, 12556.929, 9622.3633, 6715.2905
4.0581670, 5928.9819, -1.1749901, -1716.6605, 151.80786, 11326.797, 144.31686, 495.39890, 1055.1606, 870.51331, 458.93076, 12556.920, 9622.3633, 6715.1641
4.0582366, 5929.0835, -1.1752093, -1716.9808, 151.82022, 11326.899, 144.32242, 495.41891, 1055.1898, 870.52850, 458.93399, 12556.906, 9622.3633, 6715.9780
4.0579538, 5928.6709, -1.1751596, -1716.9082, 151.78885, 11326.800, 144.32143, 495.39307, 1055.2225, 870.56036, 458.96320, 12556.928, 9622.3633, 6712.8506
4.0581675, 5928.9829, -1.1751556, -1716.9025, 151.84067, 11326.838, 144.33159, 495.41116, 1055.2078, 870.54010, 458.93564, 12556.919, 9622.3633, 6714.9458
4.0582266, 5929.0693, -1.1752425, -1717.0294, 151.80760, 11326.889, 144.33125, 495.42569, 1055.2147, 870.53839, 458.94168, 12556.912, 9622.3633, 6714.7559
4.0583935, 5929.3130, -1.1752934, -1717.1038, 151.87189, 11327.022, 144.34308, 495.45038, 1055.2543, 870.56738, 458.94583, 12556.908, 9622.3633, 6716.6597
4.0582561, 5929.1123, -1.1750536, -1716.7533, 151.80173, 11327.045, 144.32878, 495.42685, 1055.2231, 870.55841, 458.95697, 12556.928, 9622.3633, 6714.5889
4.0582681, 5929.1294, -1.1751194, -1716.8495, 151.80130, 11327.073, 144.32753, 495.42590, 1055.2029, 870.53619, 458.94153, 12556.922, 9622.3633, 6715.0615
4.0583453, 5929.2427, -1.1752294, -1717.0103, 151.85907, 11327.162, 144.33679, 495.44318, 1055.2360, 870.56024, 458.94290, 12556.917, 9622.3633, 6716.3618
4.0583901, 5929.3081, -1.1751240, -1716.8562, 151.85316, 11327.283, 144.33423, 495.44250, 1055.2347, 870.56561, 458.94702, 12556.920, 9622.3633, 6716.4419
4.0583248, 5929.2124, -1.1751341, -1716.8708, 151.82445, 11327.350, 144.32527, 495.43890, 1055.2167, 870.55573, 458.94684, 12556.918, 9622.3633, 6716.0020
4.0583405, 5929.2354, -1.1751525, -1716.8978, 151.82060, 11327.440, 144.32275, 495.43854, 1055.2114, 870.55371, 458.94644, 12556.915, 9622.3633, 6716.1548
4.0578904, 5928.5776, -1.1749605, -1716.6173, 151.75023, 11327.230, 144.30405, 495.37695, 1055.1918, 870.55481, 458.96802, 12556.946, 9622.3633, 6711.8936
4.0581570, 5928.9673, -1.1751786, -1716.9360, 151.83531, 11327.247, 144.33385, 495.41031, 1055.2183, 870.55182, 458.93930, 12556.938, 9622.3633, 6714.7808
4.0583301, 5929.2202, -1.1752127, -1716.9858, 151.84787, 11327.344, 144.33066, 495.42920, 1055.2223, 870.55920, 458.94611, 12556.938, 9622.3633, 6716.2075
4.0583405, 5929.2354, -1.1750996, -1716.8206, 151.80124, 11327.414, 144.31326, 495.42697, 1055.1897, 870.53735, 458.94644, 12556.940, 9622.3633, 6715.9893
4.0581398, 5928.9424, -1.1750011, -1716.6766, 151.80199, 11327.385, 144.31294, 495.40854, 1055.1609, 870.52057, 458.93365, 12556.933, 9622.3633, 6714.8281
4.0578327, 5928.4937, -1.1750598, -1716.7623, 151.78517, 11327.159, 144.31503, 495.36990, 1055.1992, 870.55902, 458.95966, 12556.954, 9622.3633, 6712.0488
4.0581784, 5928.9990, -1.1751475, -1716.8906, 151.84923, 11327.178, 144.33333, 495.40564, 1055.2061, 870.54596, 458.93481, 12556.945, 9622.3633, 6715.5278
4.0580683, 5928.8379, -1.1750911, -1716.8082, 151.79947, 11327.112, 144.32896, 495.40161, 1055.2067, 870.54694, 458.94717, 12556.950, 9622.3633, 6713.8901
4.0583062, 5929.1851, -1.1752530, -1717.0447, 151.84286, 11327.176, 144.33318, 495.42834, 1055.2334, 870.55939, 458.94504, 12556.946, 9622.3633, 6715.5020
4.0582881, 5929.1587, -1.1749916, -1716.6627, 151.80455, 11327.202, 144.31404, 495.41779, 1055.1699, 870.52203, 458.93555, 12556.940, 9622.3633, 6715.6108
4.0581355, 5928.9360, -1.1752112, -1716.9835, 151.84167, 11327.196, 144.33211, 495.42072, 1055.2085, 870.54315, 458.93213, 12556.927, 9622.3633, 6714.8755
4.0580459, 5928.8052, -1.1751003, -1716.8217, 151.81686, 11327.111, 144.32048, 495.40082, 1055.2111, 870.55450, 458.95206, 12556.937, 9622.3633, 6713.6006
4.0581417, 5928.9448, -1.1750906, -1716.8073, 151.80339, 11327.110, 144.33022, 495.40872, 1055.1902, 870.52771, 458.93338, 12556.927, 9622.3633, 6714.6182
4.0582623, 5929.1216, -1.1752133, -1716.9867, 151.83617, 11327.168, 144.33029, 495.42358, 1055.2179, 870.54877, 458.94040, 12556.919, 9622.3633, 6715.5264
4.0581813, 5929.0029, -1.1751122, -1716.8390, 151.80489, 11327.175, 144.32903, 495.41812, 1055.1973, 870.53326, 458.93686, 12556.911, 9622.3633, 6714.7725
4.0579982, 5928.7354, -1.1751380, -1716.8766, 151.81995, 11327.065, 144.32579, 495.40030, 1055.2391, 870.57764, 458.96634, 12556.937, 9622.3633, 6713.2734
4.0583315, 5929.2222, -1.1752050, -1716.9745, 151.84386, 11327.141, 144.33531, 495.42764, 1055.2354, 870.56207, 458.94745, 12556.938, 9622.3633, 6715.4961
4.0584497, 5929.3950, -1.1752557, -1717.0486, 151.82758, 11327.282, 144.32394, 495.44568, 1055.2350, 870.56610, 458.95547, 12556.946, 9622.3633, 6716.6978
4.0583739, 5929.2842, -1.1753231, -1717.1471, 151.84344, 11327.374, 144.33492, 495.45450, 1055.2620, 870.58112, 458.95691, 12556.953, 9622.3633, 6715.3867
4.0580597, 5928.8252, -1.1749228, -1716.5623, 151.76118, 11327.264, 144.30983, 495.39883, 1055.1942, 870.54767, 458.95959, 12556.975, 9622.3633, 6712.8579
4.0576301, 5928.1978, -1.1747844, -1716.3600, 151.73573, 11326.913, 144.29947, 495.32996, 1055.1395, 870.52039, 458.94894, 12556.991, 9622.3633, 6710.3149
4.0578346, 5928.4961, -1.1751277, -1716.8616, 151.79976, 11326.857, 144.32800, 495.36487, 1055.1901, 870.53137, 458.93610, 12556.977, 9622.3633, 6713.3848
4.0582581, 5929.1147, -1.1752076, -1716.9784, 151.83173, 11326.943, 144.32692, 495.40784, 1055.2056, 870.53772, 458.93759, 12556.966, 9622.3633, 6715.5317
4.0582352, 5929.0815, -1.1751590, -1716.9072, 151.85411, 11327.015, 144.33363, 495.42471, 1055.2150, 870.54620, 458.93570, 12556.954, 9622.3633, 6715.8354
4.0581584, 5928.9692, -1.1750275, -1716.7151, 151.80052, 11327.003, 144.32697, 495.40576, 1055.2001, 870.54266, 458.94650, 12556.963, 9622.3633, 6714.5181
4.0584035, 5929.3276, -1.1753595, -1717.2002, 151.87297, 11327.183, 144.34465, 495.44736, 1055.2627, 870.57507, 458.94705, 12556.959, 9622.3633, 6716.8750
4.0583563, 5929.2588, -1.1750412, -1716.7351, 151.79828, 11327.235, 144.32776, 495.43213, 1055.2104, 870.54639, 458.94836, 12556.967, 9622.3633, 6715.3208
4.0578995, 5928.5908, -1.1750119, -1716.6924, 151.78656, 11327.050, 144.31638, 495.38278, 1055.2108, 870.56451, 458.96570, 12556.992, 9622.3633, 6712.1143
4.0582056, 5929.0386, -1.1752409, -1717.0270, 151.84120, 11327.097, 144.33176, 495.41211, 1055.2213, 870.55261, 458.94165, 12556.984, 9622.3633, 6715.0742
4.0581245, 5928.9199, -1.1751378, -1716.8763, 151.83954, 11327.089, 144.33037, 495.40945, 1055.2333, 870.56891, 458.95425, 12556.995, 9622.3633, 6714.3672
4.0580816, 5928.8574, -1.1750685, -1716.7750, 151.81844, 11327.045, 144.32114, 495.39728, 1055.2122, 870.55609, 458.95468, 12557.008, 9622.3633, 6713.6177
4.0584030, 5929.3267, -1.1753032, -1717.1180, 151.87018, 11327.171, 144.34174, 495.43936, 1055.2517, 870.56964, 458.94702, 12557.004, 9622.3633, 6716.7520
4.0581994, 5929.0293, -1.1749674, -1716.6274, 151.80420, 11327.188, 144.32324, 495.41864, 1055.1815, 870.52850, 458.93909, 12557.000, 9622.3633, 6714.7148
4.0581441, 5928.9482, -1.1750675, -1716.7737, 151.81079, 11327.152, 144.31776, 495.41284, 1055.1733, 870.52173, 458.93219, 12556.985, 9622.3633, 6715.0015
4.0582085, 5929.0425, -1.1753380, -1717.1689, 151.83911, 11327.197, 144.33313, 495.43036, 1055.2366, 870.55963, 458.94452, 12556.975, 9622.3633, 6714.9741
4.0584331, 5929.3706, -1.1752303, -1717.0114, 151.85860, 11327.318, 144.33908, 495.45010, 1055.2537, 870.57452, 458.95132, 12556.976, 9622.3633, 6716.6182
4.0582714, 5929.1348, -1.1750842, -1716.7981, 151.84142, 11327.336, 144.33195, 495.43423, 1055.2239, 870.55872, 458.94421, 12556.974, 9622.3633, 6715.0122
4.0582333, 5929.0786, -1.1749941, -1716.6664, 151.80803, 11327.338, 144.31747, 495.42053, 1055.1841, 870.53351, 458.93921, 12556.968, 9622.3633, 6715.3438
4.0582891, 5929.1606, -1.1752468, -1717.0356, 151.84067, 11327.407, 144.33549, 495.43469, 1055.2275, 870.55829, 458.94232, 12556.961, 9622.3633, 6715.7354
4.0583763, 5929.2881, -1.1752474, -1717.0365, 151.84497, 11327.494, 144.33662, 495.44562, 1055.2490, 870.57397, 458.95178, 12556.964, 9622.3633, 6716.0112
4.0582361, 5929.0830, -1.1750947, -1716.8135, 151.80122, 11327.511, 144.33127, 495.43387, 1055.2179, 870.55060, 458.94601, 12556.962, 9622.3633, 6714.5308
4.0580001, 5928.7383, -1.1750740, -1716.7831, 151.81700, 11327.363, 144.32443, 495.39954, 1055.2435, 870.58826, 458.97202, 12556.991, 9622.3633, 6712.8647
4.0582747, 5929.1396, -1.1751593, -1716.9077, 151.82742, 11327.374, 144.32857, 495.41962, 1055.2238, 870.56042, 458.95029, 12556.997, 9622.3633, 6714.8726
4.0581970, 5929.0259, -1.1750177, -1716.7008, 151.81509, 11327.348, 144.32042, 495.41577, 1055.1824, 870.53302, 458.93741, 12556.991, 9622.3633, 6715.0444
4.0578818, 5928.5654, -1.1750515, -1716.7501, 151.78296, 11327.140, 144.31500, 495.37546, 1055.2048, 870.56256, 458.96344, 12557.014, 9622.3633, 6712.1147
4.0579963, 5928.7324, -1.1752082, -1716.9791, 151.83652, 11327.055, 144.33064, 495.38702, 1055.2505, 870.58716, 458.96805, 12557.039, 9622.3633, 6713.6099
4.0583234, 5929.2104, -1.1750940, -1716.8124, 151.84503, 11327.103, 144.32895, 495.41434, 1055.2108, 870.55328, 458.94467, 12557.039, 9622.3633, 6715.6914
4.0583162, 5929.1997, -1.1751763, -1716.9325, 151.83742, 11327.186, 144.33028, 495.42755, 1055.2324, 870.56226, 458.94830, 12557.037, 9622.3633, 6715.5610
4.0584064, 5929.3315, -1.1752105, -1716.9825, 151.83783, 11327.283, 144.33408, 495.44162, 1055.2391, 870.56488, 458.94907, 12557.034, 9622.3633, 6716.0781
4.0582271, 5929.0698, -1.1751204, -1716.8508, 151.80508, 11327.307, 144.33199, 495.43323, 1055.2164, 870.54749, 458.94431, 12557.028, 9622.3633, 6714.6304
4.0581574, 5928.9678, -1.1751059, -1716.8298, 151.80151, 11327.278, 144.32896, 495.41928, 1055.2180, 870.55548, 458.95291, 12557.037, 9622.3633, 6714.1973
4.0579953, 5928.7310, -1.1750864, -1716.8011, 151.82547, 11327.156, 144.32510, 495.39407, 1055.2386, 870.58350, 458.96854, 12557.062, 9622.3633, 6713.0386
4.0582690, 5929.1313, -1.1752157, -1716.9902, 151.84612, 11327.201, 144.33450, 495.42169, 1055.2410, 870.56732, 458.95007, 12557.062, 9622.3633, 6714.9375
4.0583057, 5929.1846, -1.1751140, -1716.8417, 151.86388, 11327.253, 144.33823, 495.43250, 1055.2249, 870.55829, 458.94083, 12557.056, 9622.3633, 6715.8735
4.0583105, 5929.1919, -1.1752256, -1717.0046, 151.84103, 11327.317, 144.33464, 495.43750, 1055.2484, 870.57373, 458.95300, 12557.058, 9622.3633, 6715.1733
4.0582638, 5929.1235, -1.1751319, -1716.8677, 151.79666, 11327.330, 144.32741, 495.43442, 1055.2197, 870.55078, 458.94949, 12557.053, 9622.3633, 6714.5718
4.0579724, 5928.6978, -1.1750779, -1716.7888, 151.79147, 11327.166, 144.32306, 495.39584, 1055.2251, 870.57129, 458.96744, 12557.078, 9622.3633, 6712.6816
4.0578365, 5928.4995, -1.1750085, -1716.6875, 151.82086, 11326.955, 144.32184, 495.36801, 1055.2195, 870.57123, 458.96225, 12557.101, 9622.3633, 6712.1191
4.0582376, 5929.0850, -1.1751448, -1716.8865, 151.85197, 11327.033, 144.33136, 495.40878, 1055.2135, 870.55139, 458.94070, 12557.091, 9622.3633, 6715.4722
4.0582042, 5929.0361, -1.1752244, -1717.0029, 151.83485, 11327.080, 144.33138, 495.42383, 1055.2288, 870.55627, 458.94559, 12557.081, 9622.3633, 6714.6421
4.0582175, 5929.0557, -1.1751708, -1716.9246, 151.83759, 11327.133, 144.33022, 495.42685, 1055.2275, 870.55670, 458.94528, 12557.071, 9622.3633, 6714.9453
4.0582833, 5929.1519, -1.1751920, -1716.9556, 151.79930, 11327.173, 144.32961, 495.43277, 1055.2173, 870.54700, 458.94714, 12557.063, 9622.3633, 6714.8623
4.0582085, 5929.0425, -1.1750808, -1716.7930, 151.80591, 11327.171, 144.32431, 495.42380, 1055.1891, 870.53137, 458.93994, 12557.055, 9622.3633, 6714.9448
4.0581427, 5928.9463, -1.1750085, -1716.6875, 151.80220, 11327.143, 144.31422, 495.40784, 1055.1615, 870.51666, 458.93195, 12557.040, 9622.3633, 6715.0752
4.0581784, 5928.9985, -1.1752245, -1717.0031, 151.85318, 11327.196, 144.33557, 495.42160, 1055.2111, 870.54675, 458.93420, 12557.025, 9622.3633, 6715.5869
4.0584569, 5929.4058, -1.1753361, -1717.1660, 151.86646, 11327.319, 144.34007, 495.45422, 1055.2593, 870.57721, 458.94931, 12557.021, 9622.3633, 6716.9531
4.0583148, 5929.1982, -1.1749334, -1716.5778, 151.80338, 11327.369, 144.31506, 495.42471, 1055.1858, 870.53876, 458.94696, 12557.027, 9622.3633, 6715.3804
4.0582271, 5929.0698, -1.1751865, -1716.9475, 151.84419, 11327.393, 144.33319, 495.42831, 1055.2190, 870.55432, 458.93854, 12557.018, 9622.3633, 6715.1836
4.0582056, 5929.0386, -1.1751481, -1716.8914, 151.80037, 11327.386, 144.32841, 495.42679, 1055.2150, 870.54999, 458.94562, 12557.010, 9622.3633, 6714.6748
4.0579877, 5928.7197, -1.1750746, -1716.7839, 151.81918, 11327.242, 144.32224, 495.39352, 1055.2372, 870.58362, 458.96896, 12557.035, 9622.3633, 6712.9429
4.0582299, 5929.0737, -1.1751815, -1716.9402, 151.80421, 11327.257, 144.32971, 495.41827, 1055.2234, 870.55402, 458.94952, 12557.035, 9622.3633, 6714.4731
4.0582552, 5929.1108, -1.1751188, -1716.8486, 151.85854, 11327.287, 144.33603, 495.42487, 1055.2146, 870.55328, 458.93820, 12557.026, 9622.3633, 6715.7261
4.0583930, 5929.3125, -1.1751242, -1716.8564, 151.80766, 11327.354, 144.31821, 495.43619, 1055.2051, 870.54565, 458.94724, 12557.021, 9622.3633, 6716.2925
4.0581274, 5928.9238, -1.1750977, -1716.8177, 151.80298, 11327.334, 144.32294, 495.42026, 1055.1873, 870.53156, 458.93793, 12557.012, 9622.3633, 6714.4956
4.0581617, 5928.9746, -1.1751080, -1716.8326, 151.85062, 11327.349, 144.33264, 495.42078, 1055.2035, 870.54388, 458.93143, 12556.996, 9622.3633, 6715.4072
4.0583453, 5929.2427, -1.1752084, -1716.9795, 151.86069, 11327.424, 144.33942, 495.43851, 1055.2263, 870.55969, 458.93814, 12556.987, 9622.3633, 6716.4297
4.0581951, 5929.0229, -1.1750480, -1716.7451, 151.84691, 11327.418, 144.33160, 495.42499, 1055.2051, 870.55096, 458.93759, 12556.979, 9622.3633, 6715.1450
4.0583687, 5929.2769, -1.1752743, -1717.0757, 151.80922, 11327.513, 144.33513, 495.44373, 1055.2335, 870.56140, 458.94882, 12556.978, 9622.3633, 6715.7749
4.0581899, 5929.0151, -1.1750946, -1716.8132, 151.80376, 11327.481, 144.32977, 495.42429, 1055.2253, 870.56427, 458.95667, 12556.991, 9622.3633, 6714.2476
4.0581994, 5929.0293, -1.1749587, -1716.6146, 151.79895, 11327.460, 144.31212, 495.40875, 1055.1669, 870.52649, 458.93909, 12556.987, 9622.3633, 6714.9019
4.0579262, 5928.6304, -1.1751355, -1716.8729, 151.82205, 11327.312, 144.32596, 495.38873, 1055.2294, 870.57758, 458.96237, 12557.009, 9622.3633, 6713.0571
4.0579171, 5928.6167, -1.1749800, -1716.6459, 151.79216, 11327.125, 144.31952, 495.36609, 1055.2112, 870.56812, 458.96613, 12557.037, 9622.3633, 6712.1099
4.0577507, 5928.3735, -1.1748884, -1716.5118, 151.75673, 11326.858, 144.30760, 495.33856, 1055.1746, 870.54169, 458.95724, 12557.056, 9622.3633, 6711.4067
4.0575933, 5928.1440, -1.1747749, -1716.3461, 151.73805, 11326.521, 144.29660, 495.30423, 1055.1151, 870.50043, 458.94162, 12557.060, 9622.3633, 6710.2769
4.0576892, 5928.2842, -1.1750735, -1716.7823, 151.80147, 11326.381, 144.32187, 495.33337, 1055.1714, 870.52106, 458.93130, 12557.039, 9622.3633, 6711.9966
4.0581598, 5928.9712, -1.1752036, -1716.9724, 151.85281, 11326.464, 144.33270, 495.39246, 1055.1893, 870.52325, 458.92535, 12557.016, 9622.3633, 6715.6885
4.0583606, 5929.2646, -1.1753522, -1717.1896, 151.80382, 11326.605, 144.32927, 495.43100, 1055.2222, 870.53802, 458.94284, 12557.002, 9622.3633, 6716.0562
4.0582013, 5929.0322, -1.1751040, -1716.8270, 151.84769, 11326.676, 144.33156, 495.42816, 1055.2113, 870.54004, 458.93652, 12556.989, 9622.3633, 6715.4297
4.0583744, 5929.2847, -1.1752847, -1717.0911, 151.80499, 11326.825, 144.33263, 495.44388, 1055.2257, 870.54401, 458.94659, 12556.982, 9622.3633, 6715.8096
4.0582108, 5929.0459, -1.1751789, -1716.9364, 151.79892, 11326.874, 144.32693, 495.43146, 1055.2115, 870.53827, 458.94516, 12556.975, 9622.3633, 6714.4771
4.0581698, 5928.9863, -1.1751256, -1716.8585, 151.83345, 11326.879, 144.33090, 495.42404, 1055.2078, 870.53851, 458.93515, 12556.962, 9622.3633, 6714.7334
4.0581541, 5928.9629, -1.1750078, -1716.6864, 151.81299, 11326.896, 144.31863, 495.41187, 1055.1697, 870.51672, 458.92987, 12556.948, 9622.3633, 6715.1074
4.0582218, 5929.0620, -1.1751999, -1716.9670, 151.80092, 11326.959, 144.32053, 495.41965, 1055.1904, 870.52667, 458.93744, 12556.936, 9622.3633, 6715.3989
4.0582480, 5929.1006, -1.1751887, -1716.9506, 151.85237, 11327.046, 144.33243, 495.42981, 1055.2156, 870.54578, 458.93585, 12556.925, 9622.3633, 6715.9697
4.0583029, 5929.1807, -1.1751720, -1716.9263, 151.85594, 11327.148, 144.33606, 495.43726, 1055.2280, 870.55524, 458.94077, 12556.919, 9622.3633, 6716.0503
4.0584278, 5929.3633, -1.1752744, -1717.0759, 151.84818, 11327.279, 144.33748, 495.45145, 1055.2509, 870.57068, 458.95013, 12556.920, 9622.3633, 6716.3110
4.0581574, 5928.9678, -1.1750692, -1716.7761, 151.80298, 11327.246, 144.32803, 495.42288, 1055.2207, 870.55768, 458.95337, 12556.935, 9622.3633, 6714.0991
4.0582156, 5929.0532, -1.1750166, -1716.6993, 151.80745, 11327.236, 144.31572, 495.41107, 1055.1763, 870.52856, 458.93784, 12556.929, 9622.3633, 6715.3047
4.0582180, 5929.0566, -1.1753271, -1717.1528, 151.83910, 11327.254, 144.33324, 495.43179, 1055.2366, 870.56165, 458.94516, 12556.922, 9622.3633, 6714.9604
4.0584831, 5929.4438, -1.1753269, -1717.1527, 151.86349, 11327.388, 144.34132, 495.46072, 1055.2739, 870.58844, 458.95706, 12556.931, 9622.3633, 6717.0166
4.0583782, 5929.2905, -1.1750535, -1716.7532, 151.80536, 11327.442, 144.33221, 495.44272, 1055.2249, 870.55920, 458.95227, 12556.945, 9622.3633, 6715.4307
4.0582795, 5929.1465, -1.1750147, -1716.6965, 151.80812, 11327.443, 144.31798, 495.42776, 1055.1920, 870.53943, 458.94370, 12556.942, 9622.3633, 6715.5127
4.0582261, 5929.0684, -1.1752559, -1717.0488, 151.83282, 11327.469, 144.33058, 495.43289, 1055.2285, 870.56274, 458.94638, 12556.941, 9622.3633, 6715.0171
4.0582180, 5929.0566, -1.1751549, -1716.9014, 151.80304, 11327.472, 144.32999, 495.43036, 1055.2159, 870.54944, 458.94485, 12556.938, 9622.3633, 6714.4893
4.0583491, 5929.2480, -1.1752764, -1717.0789, 151.84810, 11327.542, 144.33786, 495.44391, 1055.2499, 870.57379, 458.94925, 12556.938, 9622.3633, 6715.9771
4.0582857, 5929.1558, -1.1750808, -1716.7931, 151.84990, 11327.584, 144.33165, 495.43610, 1055.2289, 870.56818, 458.94696, 12556.940, 9622.3633, 6715.6450
4.0582967, 5929.1714, -1.1751407, -1716.8806, 151.86227, 11327.618, 144.33722, 495.43799, 1055.2386, 870.57239, 458.94574, 12556.940, 9622.3633, 6715.9028
4.0582690, 5929.1309, -1.1749314, -1716.5748, 151.80801, 11327.592, 144.31853, 495.41644, 1055.1824, 870.54181, 458.94327, 12556.947, 9622.3633, 6715.2314
4.0580659, 5928.8340, -1.1751817, -1716.9406, 151.78777, 11327.496, 144.32278, 495.40622, 1055.2161, 870.55981, 458.95621, 12556.962, 9622.3633, 6713.6201
4.0580292, 5928.7808, -1.1750127, -1716.6936, 151.83344, 11327.397, 144.33044, 495.39374, 1055.2035, 870.55444, 458.94241, 12556.963, 9622.3633, 6714.2310
4.0581932, 5929.0200, -1.1751710, -1716.9249, 151.79590, 11327.391, 144.32822, 495.41589, 1055.2080, 870.54309, 458.94244, 12556.957, 9622.3633, 6714.4609
4.0583420, 5929.2373, -1.1752272, -1717.0070, 151.85677, 11327.476, 144.33762, 495.43954, 1055.2438, 870.56970, 458.94623, 12556.953, 9622.3633, 6716.3125
4.0584402, 5929.3809, -1.1752174, -1716.9926, 151.84210, 11327.587, 144.33675, 495.44928, 1055.2488, 870.57446, 458.95258, 12556.960, 9622.3633, 6716.1763
4.0583487, 5929.2471, -1.1751726, -1716.9271, 151.83072, 11327.606, 144.32802, 495.44177, 1055.2321, 870.56793, 458.95242, 12556.970, 9622.3633, 6715.2637
4.0581441, 5928.9487, -1.1749790, -1716.6443, 151.80490, 11327.549, 144.32512, 495.41733, 1055.1851, 870.53693, 458.93765, 12556.966, 9622.3633, 6714.5532
4.0581951, 5929.0229, -1.1752511, -1717.0419, 151.83704, 11327.534, 144.33109, 495.42703, 1055.2278, 870.56000, 458.94168, 12556.956, 9622.3633, 6714.9214
4.0582757, 5929.1406, -1.1751020, -1716.8240, 151.84929, 11327.558, 144.33302, 495.43246, 1055.2225, 870.56030, 458.94238, 12556.951, 9622.3633, 6715.7676
4.0582123, 5929.0479, -1.1750029, -1716.6792, 151.80608, 11327.539, 144.31548, 495.41748, 1055.1891, 870.53949, 458.94223, 12556.946, 9622.3633, 6715.2036
4.0582948, 5929.1685, -1.1752943, -1717.1050, 151.80777, 11327.600, 144.33409, 495.43896, 1055.2332, 870.56055, 458.94794, 12556.943, 9622.3633, 6715.3647
4.0583711, 5929.2803, -1.1751974, -1716.9634, 151.86423, 11327.622, 144.33856, 495.44626, 1055.2495, 870.57709, 458.94867, 12556.944, 9622.3633, 6716.3179
4.0583944, 5929.3145, -1.1752213, -1716.9983, 151.83781, 11327.679, 144.33357, 495.44675, 1055.2600, 870.58740, 458.96103, 12556.962, 9622.3633, 6715.4385
4.0583234, 5929.2104, -1.1750805, -1716.7927, 151.85487, 11327.715, 144.33337, 495.44080, 1055.2323, 870.57037, 458.94843, 12556.970, 9622.3633, 6715.5991
4.0583653, 5929.2715, -1.1750096, -1716.6890, 151.81381, 11327.754, 144.32085, 495.43185, 1055.2037, 870.55487, 458.94873, 12556.979, 9622.3633, 6716.0244
4.0581751, 5928.9941, -1.1751258, -1716.8589, 151.83533, 11327.721, 144.32986, 495.42441, 1055.2144, 870.55688, 458.93927, 12556.970, 9622.3633, 6714.7437
4.0581889, 5929.0137, -1.1750036, -1716.6803, 151.80876, 11327.710, 144.31844, 495.41495, 1055.1896, 870.54248, 458.94107, 12556.965, 9622.3633, 6715.1333
4.0581369, 5928.9380, -1.1751513, -1716.8961, 151.83443, 11327.693, 144.32988, 495.41791, 1055.2114, 870.55280, 458.93594, 12556.953, 9622.3633, 6714.7324
4.0582032, 5929.0352, -1.1751523, -1716.8975, 151.80933, 11327.685, 144.33345, 495.42163, 1055.2140, 870.55103, 458.94095, 12556.947, 9622.3633, 6714.9463
4.0579271, 5928.6318, -1.1750565, -1716.7576, 151.79187, 11327.487, 144.32024, 495.38367, 1055.2279, 870.58075, 458.96930, 12556.977, 9622.3633, 6712.2949
4.0581689, 5928.9849, -1.1750498, -1716.7477, 151.81502, 11327.468, 144.32022, 495.39963, 1055.1906, 870.54242, 458.94275, 12556.973, 9622.3633, 6715.1294
4.0579944, 5928.7300, -1.1751395, -1716.8789, 151.82785, 11327.385, 144.32576, 495.39340, 1055.2155, 870.56256, 458.94919, 12556.979, 9622.3633, 6713.5713
4.0582509, 5929.1045, -1.1751412, -1716.8813, 151.85513, 11327.415, 144.33484, 495.41986, 1055.2169, 870.55566, 458.93924, 12556.973, 9622.3633, 6715.5449
4.0582557, 5929.1113, -1.1751386, -1716.8776, 151.83221, 11327.436, 144.33192, 495.42755, 1055.2206, 870.55591, 458.94299, 12556.967, 9622.3633, 6715.0898
4.0583282, 5929.2173, -1.1751968, -1716.9625, 151.84441, 11327.499, 144.32808, 495.43417, 1055.2240, 870.56433, 458.94763, 12556.968, 9622.3633, 6716.1445
4.0582213, 5929.0615, -1.1749305, -1716.5734, 151.80675, 11327.492, 144.31760, 495.41122, 1055.1749, 870.53479, 458.93927, 12556.965, 9622.3633, 6715.1538
4.0579910, 5928.7246, -1.1751028, -1716.8252, 151.83476, 11327.400, 144.33104, 495.40082, 1055.2130, 870.55829, 458.94238, 12556.960, 9622.3633, 6713.9077
4.0584121, 5929.3398, -1.1752815, -1717.0863, 151.82794, 11327.514, 144.32771, 495.43863, 1055.2390, 870.57031, 458.95386, 12556.962, 9622.3633, 6716.6846
4.0579405, 5928.6514, -1.1749611, -1716.6182, 151.75380, 11327.291, 144.30583, 495.38354, 1055.2026, 870.56104, 458.97186, 12556.996, 9622.3633, 6712.0698
4.0578704, 5928.5488, -1.1750485, -1716.7458, 151.80495, 11327.133, 144.32452, 495.37125, 1055.2197, 870.57001, 458.96423, 12557.023, 9622.3633, 6712.3936
4.0581970, 5929.0259, -1.1751976, -1716.9637, 151.80026, 11327.148, 144.32729, 495.40704, 1055.2095, 870.54120, 458.94434, 12557.015, 9622.3633, 6714.2529
4.0582542, 5929.1094, -1.1752985, -1717.1110, 151.84401, 11327.194, 144.33536, 495.42932, 1055.2396, 870.56299, 458.94708, 12557.007, 9622.3633, 6715.0474
4.0583181, 5929.2031, -1.1751884, -1716.9503, 151.86809, 11327.272, 144.34116, 495.43875, 1055.2389, 870.56476, 458.94360, 12557.002, 9622.3633, 6715.9121
4.0582876, 5929.1582, -1.1751565, -1716.9036, 151.80418, 11327.311, 144.32965, 495.43652, 1055.2229, 870.55164, 458.94763, 12556.998, 9622.3633, 6714.9497
4.0582690, 5929.1313, -1.1751252, -1716.8580, 151.85536, 11327.314, 144.33392, 495.43179, 1055.2140, 870.55157, 458.93704, 12556.990, 9622.3633, 6715.8589
4.0583653, 5929.2720, -1.1750976, -1716.8176, 151.81593, 11327.397, 144.32146, 495.43311, 1055.2075, 870.55145, 458.94748, 12556.989, 9622.3633, 6716.2588
4.0580416, 5928.7988, -1.1750724, -1716.7809, 151.80125, 11327.313, 144.32805, 495.40799, 1055.2086, 870.55176, 458.94769, 12556.993, 9622.3633, 6713.7085
4.0578685, 5928.5459, -1.1749547, -1716.6088, 151.74986, 11327.079, 144.30223, 495.36169, 1055.1827, 870.54773, 458.96487, 12557.019, 9622.3633, 6711.7710
4.0576205, 5928.1836, -1.1748167, -1716.4072, 151.78166, 11326.768, 144.31114, 495.32431, 1055.1497, 870.52679, 458.94479, 12557.027, 9622.3633, 6710.7500
4.0576034, 5928.1582, -1.1749439, -1716.5930, 151.78316, 11326.507, 144.31015, 495.31412, 1055.1460, 870.51996, 458.93991, 12557.028, 9622.3633, 6711.1206
4.0580287, 5928.7803, -1.1752365, -1717.0205, 151.80095, 11326.568, 144.32953, 495.37787, 1055.1759, 870.50818, 458.92374, 12557.002, 9622.3633, 6714.5415
4.0581717, 5928.9888, -1.1753091, -1717.1265, 151.83720, 11326.651, 144.33118, 495.41553, 1055.2213, 870.54169, 458.93887, 12556.986, 9622.3633, 6714.7393
4.0584402, 5929.3813, -1.1753448, -1717.1787, 151.86179, 11326.859, 144.33958, 495.45026, 1055.2592, 870.56921, 458.95032, 12556.982, 9622.3633, 6716.9595
4.0583425, 5929.2383, -1.1750133, -1716.6945, 151.80630, 11326.908, 144.31644, 495.43063, 1055.1865, 870.52972, 458.94424, 12556.980, 9622.3633, 6715.5596
4.0581264, 5928.9229, -1.1752046, -1716.9740, 151.80403, 11326.928, 144.32959, 495.42651, 1055.2023, 870.53082, 458.93576, 12556.967, 9622.3633, 6714.3682
4.0581551, 5928.9648, -1.1749998, -1716.6748, 151.80272, 11326.926, 144.31384, 495.40839, 1055.1598, 870.51257, 458.93277, 12556.957, 9622.3633, 6714.8623
4.0580516, 5928.8135, -1.1751508, -1716.8953, 151.84473, 11326.931, 144.32892, 495.40280, 1055.2000, 870.54541, 458.94101, 12556.955, 9622.3633, 6714.7114
4.0581965, 5929.0254, -1.1750742, -1716.7834, 151.80951, 11326.966, 144.31609, 495.41046, 1055.1764, 870.52283, 458.93546, 12556.946, 9622.3633, 6715.2241
4.0582457, 5929.0967, -1.1752104, -1716.9823, 151.84587, 11327.019, 144.32765, 495.42126, 1055.1979, 870.53894, 458.93582, 12556.938, 9622.3633, 6715.9331
4.0583239, 5929.2109, -1.1752298, -1717.0107, 151.84677, 11327.110, 144.33804, 495.43762, 1055.2341, 870.55750, 458.93961, 12556.928, 9622.3633, 6715.9141
4.0582638, 5929.1230, -1.1750968, -1716.8164, 151.85487, 11327.170, 144.33485, 495.43451, 1055.2183, 870.55078, 458.93829, 12556.922, 9622.3633, 6715.7251
4.0583668, 5929.2739, -1.1751741, -1716.9293, 151.84253, 11327.273, 144.32841, 495.43933, 1055.2184, 870.55432, 458.94525, 12556.921, 9622.3633, 6716.2900
4.0582905, 5929.1621, -1.1751063, -1716.8302, 151.84734, 11327.305, 144.33070, 495.43161, 1055.2095, 870.55328, 458.94247, 12556.920, 9622.3633, 6715.6108
4.0582314, 5929.0757, -1.1751058, -1716.8296, 151.84866, 11327.320, 144.33199, 495.43005, 1055.2183, 870.55627, 458.94016, 12556.915, 9622.3633, 6715.5747
4.0582657, 5929.1260, -1.1751019, -1716.8239, 151.81685, 11327.366, 144.32269, 495.42828, 1055.2013, 870.54541, 458.94229, 12556.911, 9622.3633, 6715.7393
4.0582280, 5929.0708, -1.1751249, -1716.8574, 151.84430, 11327.386, 144.33034, 495.42563, 1055.2068, 870.55121, 458.93881, 12556.906, 9622.3633, 6715.4810
4.0582228, 5929.0635, -1.1751215, -1716.8525, 151.85480, 11327.412, 144.33560, 495.42865, 1055.2222, 870.55902, 458.93924, 12556.900, 9622.3633, 6715.5869
4.0580645, 5928.8320, -1.1750971, -1716.8169, 151.78313, 11327.320, 144.31973, 495.40570, 1055.2096, 870.55334, 458.95584, 12556.918, 9622.3633, 6713.3628
4.0581899, 5929.0156, -1.1751375, -1716.8760, 151.85027, 11327.347, 144.33232, 495.41946, 1055.2115, 870.55139, 458.93777, 12556.912, 9622.3633, 6715.4966
4.0580835, 5928.8599, -1.1751438, -1716.8851, 151.82408, 11327.298, 144.32596, 495.40988, 1055.2267, 870.56744, 458.95599, 12556.927, 9622.3633, 6713.9463
4.0582347, 5929.0806, -1.1750489, -1716.7465, 151.80469, 11327.332, 144.32399, 495.41342, 1055.1816, 870.53119, 458.93933, 12556.924, 9622.3633, 6715.2534
4.0578485, 5928.5166, -1.1750407, -1716.7345, 151.79108, 11327.118, 144.31531, 495.36938, 1055.2017, 870.55951, 458.95999, 12556.946, 9622.3633, 6712.0342
4.0577517, 5928.3755, -1.1750046, -1716.6818, 151.80286, 11326.894, 144.32242, 495.35010, 1055.1963, 870.55627, 458.95499, 12556.967, 9622.3633, 6711.7817
4.0581484, 5928.9551, -1.1750040, -1716.6809, 151.80367, 11326.909, 144.31520, 495.38156, 1055.1497, 870.50677, 458.92981, 12556.956, 9622.3633, 6714.8877
4.0581117, 5928.9009, -1.1752791, -1717.0828, 151.82872, 11326.930, 144.32681, 495.40628, 1055.2026, 870.53668, 458.93375, 12556.940, 9622.3633, 6714.7427
4.0581918, 5929.0181, -1.1752082, -1716.9791, 151.83647, 11326.999, 144.33047, 495.42130, 1055.2164, 870.54541, 458.93726, 12556.929, 9622.3633, 6715.0571
4.0582399, 5929.0889, -1.1752317, -1717.0134, 151.80563, 11327.036, 144.33060, 495.43100, 1055.2184, 870.54272, 458.94406, 12556.924, 9622.3633, 6714.7617
4.0582833, 5929.1519, -1.1752037, -1716.9727, 151.84775, 11327.083, 144.33829, 495.43689, 1055.2347, 870.55835, 458.94214, 12556.918, 9622.3633, 6715.3818
4.0584927, 5929.4580, -1.1753267, -1717.1523, 151.87506, 11327.233, 144.34511, 495.46280, 1055.2684, 870.58099, 458.95126, 12556.918, 9622.3633, 6717.0459
4.0583639, 5929.2700, -1.1750288, -1716.7170, 151.80235, 11327.295, 144.32939, 495.43939, 1055.2134, 870.54980, 458.94913, 12556.929, 9622.3633, 6715.3203
4.0582709, 5929.1338, -1.1751300, -1716.8649, 151.83194, 11327.335, 144.32832, 495.43054, 1055.2134, 870.55151, 458.94226, 12556.924, 9622.3633, 6715.3271
4.0581813, 5929.0029, -1.1750085, -1716.6875, 151.81308, 11327.345, 144.32098, 495.41782, 1055.1859, 870.53552, 458.93820, 12556.918, 9622.3633, 6715.1323
4.0580950, 5928.8770, -1.1751311, -1716.8666, 151.80341, 11327.304, 144.33000, 495.41379, 1055.1920, 870.53015, 458.93228, 12556.907, 9622.3633, 6714.3486
4.0583220, 5929.2085, -1.1752545, -1717.0468, 151.86005, 11327.394, 144.33859, 495.43863, 1055.2379, 870.56396, 458.94186, 12556.902, 9622.3633, 6716.3608
4.0581598, 5928.9717, -1.1751066, -1716.8308, 151.83278, 11327.361, 144.33105, 495.42239, 1055.2451, 870.58014, 458.96054, 12556.924, 9622.3633, 6714.3081
4.0582924, 5929.1650, -1.1750510, -1716.7494, 151.80606, 11327.373, 144.32376, 495.42212, 1055.1927, 870.54022, 458.94510, 12556.933, 9622.3633, 6715.4053
4.0580263, 5928.7764, -1.1751231, -1716.8549, 151.83005, 11327.307, 144.32675, 495.40662, 1055.2255, 870.56622, 458.95087, 12556.938, 9622.3633, 6713.9604
4.0582266, 5929.0688, -1.1750833, -1716.7968, 151.84763, 11327.350, 144.32906, 495.41879, 1055.2124, 870.55365, 458.94040, 12556.934, 9622.3633, 6715.4937
4.0582724, 5929.1362, -1.1752207, -1716.9974, 151.83675, 11327.395, 144.33223, 495.43033, 1055.2395, 870.56903, 458.94989, 12556.938, 9622.3633, 6715.0625
4.0582452, 5929.0962, -1.1751161, -1716.8445, 151.83028, 11327.409, 144.32806, 495.42792, 1055.2205, 870.55603, 458.94473, 12556.937, 9622.3633, 6714.9478
4.0584674, 5929.4209, -1.1753107, -1717.1290, 151.86172, 11327.553, 144.33968, 495.45682, 1055.2632, 870.58386, 458.95218, 12556.938, 9622.3633, 6716.9292
4.0582070, 5929.0405, -1.1750487, -1716.7461, 151.79985, 11327.541, 144.32953, 495.42911, 1055.2296, 870.56750, 458.95923, 12556.958, 9622.3633, 6714.2134
4.0579753, 5928.7017, -1.1750386, -1716.7313, 151.78416, 11327.357, 144.32040, 495.39105, 1055.2240, 870.57404, 458.96979, 12556.988, 9622.3633, 6712.4604
4.0579901, 5928.7236, -1.1750621, -1716.7656, 151.82237, 11327.265, 144.32329, 495.38376, 1055.2073, 870.55701, 458.95111, 12556.999, 9622.3633, 6713.4873
4.0582075, 5929.0410, -1.1751018, -1716.8237, 151.85426, 11327.256, 144.33559, 495.41119, 1055.2084, 870.54700, 458.93307, 12556.988, 9622.3633, 6715.5781
4.0582409, 5929.0898, -1.1751846, -1716.9447, 151.83369, 11327.287, 144.33191, 495.42529, 1055.2235, 870.55469, 458.94247, 12556.979, 9622.3633, 6715.1177
4.0580788, 5928.8530, -1.1751961, -1716.9614, 151.83621, 11327.213, 144.33110, 495.41116, 1055.2648, 870.59717, 458.97375, 12557.008, 9622.3633, 6713.6553
4.0581450, 5928.9497, -1.1750392, -1716.7322, 151.80522, 11327.154, 144.33102, 495.40674, 1055.2207, 870.55994, 458.95584, 12557.023, 9622.3633, 6713.9380
4.0578671, 5928.5435, -1.1749384, -1716.5851, 151.75745, 11326.920, 144.30890, 495.36362, 1055.1858, 870.54681, 458.96423, 12557.049, 9622.3633, 6711.7700
4.0576043, 5928.1597, -1.1748015, -1716.3849, 151.77069, 11326.583, 144.30698, 495.32089, 1055.1515, 870.52448, 458.94919, 12557.060, 9622.3633, 6710.3740
4.0580177, 5928.7642, -1.1752129, -1716.9860, 151.80681, 11326.602, 144.33002, 495.37775, 1055.1742, 870.50909, 458.92297, 12557.031, 9622.3633, 6714.4390
4.0579233, 5928.6260, -1.1751755, -1716.9314, 151.82610, 11326.498, 144.32327, 495.37686, 1055.2214, 870.55945, 458.95789, 12557.039, 9622.3633, 6713.0410
4.0584040, 5929.3281, -1.1752717, -1717.0720, 151.86630, 11326.640, 144.33990, 495.43033, 1055.2366, 870.55536, 458.94354, 12557.033, 9622.3633, 6716.6606
4.0582027, 5929.0342, -1.1750927, -1716.8104, 151.82118, 11326.679, 144.32375, 495.41422, 1055.2214, 870.55591, 458.95642, 12557.045, 9622.3633, 6714.3340
4.0581832, 5929.0059, -1.1751606, -1716.9098, 151.83359, 11326.768, 144.33025, 495.42209, 1055.2207, 870.54657, 458.94220, 12557.033, 9622.3633, 6714.7739
4.0582414, 5929.0908, -1.1751759, -1716.9320, 151.80142, 11326.838, 144.32927, 495.42465, 1055.1992, 870.52930, 458.93869, 12557.023, 9622.3633, 6714.9321
4.0582337, 5929.0796, -1.1751660, -1716.9175, 151.83598, 11326.896, 144.32875, 495.42447, 1055.2050, 870.53906, 458.93668, 12557.013, 9622.3633, 6715.3262
4.0581388, 5928.9409, -1.1750375, -1716.7299, 151.80016, 11326.889, 144.31810, 495.40909, 1055.1743, 870.51849, 458.93298, 12557.001, 9622.3633, 6714.5103
4.0582366, 5929.0835, -1.1752440, -1717.0315, 151.83141, 11326.961, 144.32680, 495.42334, 1055.2079, 870.53918, 458.93732, 12556.987, 9622.3633, 6715.5688
4.0581956, 5929.0234, -1.1751851, -1716.9454, 151.80389, 11327.015, 144.33131, 495.42706, 1055.2102, 870.53711, 458.93933, 12556.977, 9622.3633, 6714.7583
4.0582795, 5929.1465, -1.1752000, -1716.9672, 151.84045, 11327.078, 144.33388, 495.43253, 1055.2219, 870.55048, 458.94128, 12556.969, 9622.3633, 6715.5366
4.0582471, 5929.0991, -1.1750998, -1716.8209, 151.84996, 11327.148, 144.33148, 495.42981, 1055.2139, 870.54742, 458.93759, 12556.960, 9622.3633, 6715.6992
4.0583100, 5929.1909, -1.1751628, -1716.9128, 151.80292, 11327.230, 144.32961, 495.43301, 1055.2172, 870.54852, 458.94583, 12556.956, 9622.3633, 6715.2837
4.0582590, 5929.1162, -1.1752797, -1717.0836, 151.84692, 11327.289, 144.33421, 495.43655, 1055.2393, 870.56531, 458.94690, 12556.953, 9622.3633, 6715.1802
4.0582271, 5929.0698, -1.1749870, -1716.6560, 151.80461, 11327.296, 144.31467, 495.42053, 1055.1886, 870.53583, 458.94305, 12556.948, 9622.3633, 6715.2627
4.0581546, 5928.9639, -1.1750708, -1716.7783, 151.80525, 11327.286, 144.32510, 495.41519, 1055.1777, 870.52643, 458.93390, 12556.940, 9622.3633, 6714.8740
4.0582047, 5929.0371, -1.1752026, -1716.9711, 151.84225, 11327.322, 144.33575, 495.42438, 1055.2189, 870.55157, 458.93692, 12556.931, 9622.3633, 6715.1641
4.0581522, 5928.9604, -1.1751413, -1716.8815, 151.82327, 11327.313, 144.32680, 495.42123, 1055.2172, 870.55243, 458.94409, 12556.925, 9622.3633, 6714.1841
4.0582824, 5929.1509, -1.1751842, -1716.9442, 151.80496, 11327.369, 144.33163, 495.43002, 1055.2142, 870.54718, 458.94370, 12556.921, 9622.3633, 6715.3184
4.0582175, 5929.0562, -1.1751961, -1716.9614, 151.82811, 11327.355, 144.32654, 495.42633, 1055.2225, 870.55707, 458.94629, 12556.920, 9622.3633, 6714.7993
4.0582523, 5929.1069, -1.1751412, -1716.8813, 151.84921, 11327.414, 144.33461, 495.43317, 1055.2303, 870.56390, 458.94528, 12556.917, 9622.3633, 6715.5210
4.0584321, 5929.3696, -1.1752263, -1717.0056, 151.85532, 11327.538, 144.33702, 495.45065, 1055.2500, 870.57690, 458.95236, 12556.924, 9622.3633, 6716.6074
4.0581841, 5929.0068, -1.1750627, -1716.7666, 151.80354, 11327.492, 144.32921, 495.42590, 1055.2255, 870.56549, 458.95697, 12556.941, 9622.3633, 6714.1484
4.0583730, 5929.2832, -1.1752040, -1716.9731, 151.86729, 11327.566, 144.34102, 495.44376, 1055.2446, 870.57214, 458.94626, 12556.940, 9622.3633, 6716.3623
4.0584130, 5929.3413, -1.1750789, -1716.7902, 151.85228, 11327.636, 144.33662, 495.44504, 1055.2399, 870.57428, 458.95001, 12556.949, 9622.3633, 6716.3779
4.0584569, 5929.4058, -1.1752390, -1717.0242, 151.83992, 11327.736, 144.33549, 495.45483, 1055.2544, 870.58185, 458.95581, 12556.961, 9622.3633, 6716.1709
4.0582514, 5929.1055, -1.1749613, -1716.6185, 151.81569, 11327.731, 144.32161, 495.43063, 1055.1971, 870.54999, 458.94424, 12556.962, 9622.3633, 6715.3403
4.0580139, 5928.7583, -1.1751113, -1716.8375, 151.82518, 11327.621, 144.32774, 495.40704, 1055.2213, 870.56879, 458.95239, 12556.970, 9622.3633, 6713.6519
4.0580220, 5928.7705, -1.1751125, -1716.8394, 151.82677, 11327.488, 144.32495, 495.39294, 1055.2465, 870.59387, 458.97162, 12556.999, 9622.3633, 6713.2666
4.0583382, 5929.2319, -1.1751584, -1716.9064, 151.80040, 11327.517, 144.32845, 495.41995, 1055.2095, 870.54980, 458.94724, 12557.002, 9622.3633, 6714.9302
4.0582514, 5929.1050, -1.1752534, -1717.0452, 151.84152, 11327.521, 144.33430, 495.43039, 1055.2356, 870.56604, 458.94739, 12556.999, 9622.3633, 6715.0688
4.0582600, 5929.1177, -1.1751674, -1716.9197, 151.79808, 11327.521, 144.32939, 495.43500, 1055.2245, 870.55652, 458.95029, 12556.999, 9622.3633, 6714.6489
4.0578876, 5928.5737, -1.1749460, -1716.5959, 151.78648, 11327.280, 144.31537, 495.37659, 1055.2043, 870.56567, 458.96567, 12557.024, 9622.3633, 6711.8955
4.0581546, 5928.9639, -1.1751878, -1716.9493, 151.79356, 11327.267, 144.32474, 495.40445, 1055.1989, 870.53656, 458.94055, 12557.017, 9622.3633, 6714.4429
4.0580206, 5928.7681, -1.1751287, -1716.8630, 151.83917, 11327.212, 144.33231, 495.39999, 1055.2168, 870.55762, 458.94485, 12557.014, 9622.3633, 6714.2310
4.0584793, 5929.4385, -1.1753738, -1717.2212, 151.86909, 11327.390, 144.34370, 495.45010, 1055.2749, 870.58777, 458.95541, 12557.015, 9622.3633, 6717.1284
4.0582967, 5929.1714, -1.1749668, -1716.6266, 151.83650, 11327.380, 144.33131, 495.42236, 1055.2303, 870.57404, 458.95828, 12557.035, 9622.3633, 6714.9717
4.0584536, 5929.4009, -1.1752329, -1717.0153, 151.82701, 11327.502, 144.32758, 495.44580, 1055.2415, 870.57324, 458.95746, 12557.044, 9622.3633, 6716.6699
4.0582590, 5929.1162, -1.1749810, -1716.6472, 151.80301, 11327.486, 144.31419, 495.42154, 1055.1840, 870.53741, 458.94510, 12557.043, 9622.3633, 6715.1694
4.0578375, 5928.5005, -1.1749966, -1716.6700, 151.75433, 11327.279, 144.30591, 495.37027, 1055.1865, 870.55133, 458.96356, 12557.065, 9622.3633, 6711.8208
4.0581398, 5928.9424, -1.1751552, -1716.9017, 151.86253, 11327.270, 144.33588, 495.40402, 1055.2063, 870.54694, 458.93164, 12557.052, 9622.3633, 6715.4277
4.0583940, 5929.3135, -1.1751820, -1716.9408, 151.85629, 11327.387, 144.33472, 495.43256, 1055.2338, 870.56573, 458.94586, 12557.047, 9622.3633, 6716.5845
4.0583229, 5929.2095, -1.1752020, -1716.9701, 151.83800, 11327.448, 144.33334, 495.43674, 1055.2474, 870.57538, 458.95428, 12557.054, 9622.3633, 6715.1045
4.0582366, 5929.0840, -1.1750978, -1716.8179, 151.79799, 11327.461, 144.32811, 495.43158, 1055.2153, 870.55103, 458.94687, 12557.050, 9622.3633, 6714.6504
4.0583181, 5929.2031, -1.1751515, -1716.8964, 151.85175, 11327.521, 144.33437, 495.43948, 1055.2290, 870.56244, 458.94412, 12557.044, 9622.3633, 6716.0601
4.0584741, 5929.4307, -1.1752619, -1717.0576, 151.86139, 11327.655, 144.33820, 495.45856, 1055.2600, 870.58398, 458.95306, 12557.043, 9622.3633, 6716.9336
4.0583096, 5929.1904, -1.1749632, -1716.6212, 151.80481, 11327.661, 144.32542, 495.43130, 1055.2017, 870.55194, 458.94888, 12557.051, 9622.3633, 6715.2173
4.0579581, 5928.6768, -1.1750942, -1716.8127, 151.78281, 11327.469, 144.32004, 495.39563, 1055.2255, 870.57465, 458.96902, 12557.076, 9622.3633, 6712.5854
4.0577192, 5928.3281, -1.1748122, -1716.4006, 151.73570, 11327.128, 144.30005, 495.33511, 1055.1525, 870.53192, 458.95660, 12557.097, 9622.3633, 6710.7363
4.0577431, 5928.3623, -1.1750270, -1716.7145, 151.79266, 11326.917, 144.31725, 495.33893, 1055.1848, 870.54749, 458.95297, 12557.108, 9622.3633, 6711.9204
4.0580664, 5928.8350, -1.1751719, -1716.9260, 151.79851, 11326.907, 144.32632, 495.38400, 1055.1885, 870.52472, 458.93381, 12557.092, 9622.3633, 6714.4199
4.0578480, 5928.5156, -1.1750202, -1716.7046, 151.78299, 11326.708, 144.31454, 495.35944, 1055.1907, 870.54596, 458.95813, 12557.105, 9622.3633, 6711.9697
4.0577188, 5928.3271, -1.1749096, -1716.5430, 151.80078, 11326.489, 144.31367, 495.33630, 1055.1744, 870.53790, 458.94943, 12557.111, 9622.3633, 6711.7666
4.0581107, 5928.8999, -1.1751643, -1716.9152, 151.85574, 11326.538, 144.33514, 495.39001, 1055.1868, 870.52185, 458.92340, 12557.084, 9622.3633, 6715.0850
4.0582657, 5929.1260, -1.1751937, -1716.9580, 151.84497, 11326.644, 144.33006, 495.41949, 1055.2010, 870.53333, 458.93381, 12557.066, 9622.3633, 6715.8896
4.0582414, 5929.0903, -1.1751778, -1716.9348, 151.86131, 11326.740, 144.33723, 495.43039, 1055.2168, 870.54248, 458.93341, 12557.049, 9622.3633, 6715.9243
4.0582724, 5929.1362, -1.1752131, -1716.9863, 151.84784, 11326.842, 144.33745, 495.43597, 1055.2267, 870.54987, 458.94061, 12557.039, 9622.3633, 6715.3408
4.0582938, 5929.1670, -1.1751425, -1716.8833, 151.84468, 11326.938, 144.32893, 495.43344, 1055.2153, 870.54846, 458.94202, 12557.030, 9622.3633, 6715.9351
4.0581384, 5928.9404, -1.1751448, -1716.8866, 151.80548, 11326.953, 144.33075, 495.42047, 1055.2201, 870.55188, 458.95068, 12557.033, 9622.3633, 6714.2515
4.0582366, 5929.0840, -1.1751142, -1716.8418, 151.85466, 11327.004, 144.33434, 495.42334, 1055.2058, 870.54376, 458.93643, 12557.024, 9622.3633, 6715.4258
4.0584292, 5929.3652, -1.1752802, -1717.0844, 151.86684, 11327.130, 144.34093, 495.45148, 1055.2484, 870.56677, 458.94540, 12557.019, 9622.3633, 6716.8555
4.0581427, 5928.9463, -1.1750853, -1716.7996, 151.82179, 11327.101, 144.32323, 495.41849, 1055.2302, 870.56714, 458.96045, 12557.034, 9622.3633, 6713.9141
4.0579438, 5928.6562, -1.1749934, -1716.6654, 151.75581, 11326.950, 144.30646, 495.37622, 1055.1975, 870.55310, 458.96964, 12557.062, 9622.3633, 6712.1587
4.0576124, 5928.1719, -1.1747628, -1716.3285, 151.73218, 11326.604, 144.29643, 495.31915, 1055.1257, 870.50836, 458.94617, 12557.071, 9622.3633, 6710.2471
4.0576744, 5928.2622, -1.1749892, -1716.6593, 151.73703, 11326.380, 144.29646, 495.31769, 1055.1370, 870.50781, 458.94653, 12557.071, 9622.3633, 6711.3687
4.0579300, 5928.6357, -1.1751838, -1716.9435, 151.79819, 11326.418, 144.32614, 495.37384, 1055.1743, 870.50372, 458.92261, 12557.034, 9622.3633, 6714.0762
4.0577974, 5928.4424, -1.1749790, -1716.6443, 151.73541, 11326.223, 144.29422, 495.33972, 1055.1461, 870.50879, 458.95227, 12557.040, 9622.3633, 6711.4644
4.0578365, 5928.4990, -1.1751249, -1716.8574, 151.81938, 11326.230, 144.32378, 495.36392, 1055.1802, 870.51971, 458.93384, 12557.022, 9622.3633, 6713.2744
4.0582790, 5929.1460, -1.1752768, -1717.0793, 151.85529, 11326.410, 144.33586, 495.41757, 1055.2177, 870.53662, 458.93408, 12557.004, 9622.3633, 6716.3389
4.0581875, 5929.0122, -1.1750441, -1716.7394, 151.80681, 11326.504, 144.31647, 495.41394, 1055.1786, 870.51575, 458.93579, 12556.992, 9622.3633, 6715.2690
4.0582314, 5929.0757, -1.1751610, -1716.9102, 151.81024, 11326.613, 144.32124, 495.42340, 1055.1864, 870.52045, 458.93448, 12556.978, 9622.3633, 6715.8369
4.0581546, 5928.9639, -1.1751195, -1716.8496, 151.80054, 11326.642, 144.31982, 495.41504, 1055.1829, 870.51733, 458.93320, 12556.963, 9622.3633, 6714.7871
4.0582423, 5929.0923, -1.1752001, -1716.9673, 151.85088, 11326.751, 144.33279, 495.42804, 1055.2094, 870.53748, 458.93365, 12556.947, 9622.3633, 6715.9365
4.0583696, 5929.2783, -1.1751535, -1716.8993, 151.80904, 11326.882, 144.31982, 495.43591, 1055.2012, 870.53448, 458.94281, 12556.941, 9622.3633, 6716.3149
4.0581665, 5928.9810, -1.1752113, -1716.9838, 151.79800, 11326.914, 144.32652, 495.42758, 1055.2036, 870.53290, 458.94009, 12556.932, 9622.3633, 6714.4746
4.0582595, 5929.1172, -1.1750838, -1716.7974, 151.81139, 11326.977, 144.32036, 495.42340, 1055.1866, 870.52649, 458.93768, 12556.924, 9622.3633, 6715.6699
4.0579305, 5928.6367, -1.1751412, -1716.8813, 151.82472, 11326.878, 144.32339, 495.39270, 1055.2301, 870.57166, 458.96222, 12556.945, 9622.3633, 6712.9805
4.0580516, 5928.8135, -1.1750813, -1716.7937, 151.82349, 11326.825, 144.32437, 495.39343, 1055.2094, 870.55157, 458.95108, 12556.956, 9622.3633, 6713.6577
4.0582104, 5929.0454, -1.1750369, -1716.7289, 151.79933, 11326.854, 144.31239, 495.40100, 1055.1600, 870.51227, 458.93561, 12556.949, 9622.3633, 6715.3652
4.0582151, 5929.0522, -1.1752466, -1717.0353, 151.85960, 11326.958, 144.33571, 495.42441, 1055.2133, 870.54346, 458.93149, 12556.934, 9622.3633, 6716.0479
4.0582533, 5929.1079, -1.1751717, -1716.9259, 151.82936, 11327.011, 144.32573, 495.42398, 1055.2153, 870.54962, 458.94400, 12556.931, 9622.3633, 6715.0957
4.0580158, 5928.7612, -1.1750096, -1716.6891, 151.79817, 11326.923, 144.31111, 495.39111, 1055.1952, 870.54498, 458.95245, 12556.940, 9622.3633, 6713.3726
4.0581355, 5928.9360, -1.1751920, -1716.9556, 151.79968, 11326.938, 144.32855, 495.41110, 1055.1956, 870.52673, 458.93527, 12556.930, 9622.3633, 6714.3550
4.0582080, 5929.0420, -1.1751864, -1716.9474, 151.80734, 11326.994, 144.33232, 495.42010, 1055.2034, 870.53247, 458.93628, 12556.920, 9622.3633, 6715.0605
4.0582476, 5929.0996, -1.1751679, -1716.9203, 151.83678, 11327.065, 144.33333, 495.42496, 1055.2131, 870.54462, 458.93817, 12556.911, 9622.3633, 6715.3657
4.0582500, 5929.1030, -1.1751124, -1716.8392, 151.84734, 11327.103, 144.33208, 495.42648, 1055.2062, 870.54663, 458.93863, 12556.905, 9622.3633, 6715.5337
4.0582952, 5929.1694, -1.1753020, -1717.1162, 151.84421, 11327.167, 144.33513, 495.43845, 1055.2411, 870.56519, 458.94849, 12556.907, 9622.3633, 6715.3618
4.0580316, 5928.7842, -1.1750959, -1716.8151, 151.79109, 11327.042, 144.31837, 495.40009, 1055.2355, 870.57819, 458.97470, 12556.944, 9622.3633, 6712.7275
4.0581975, 5929.0264, -1.1750951, -1716.8140, 151.85245, 11327.062, 144.33226, 495.41382, 1055.2133, 870.55212, 458.93936, 12556.940, 9622.3633, 6715.5557
4.0582280, 5929.0708, -1.1751554, -1716.9020, 151.79578, 11327.117, 144.32492, 495.41788, 1055.2065, 870.54163, 458.94446, 12556.939, 9622.3633, 6714.7246
4.0582895, 5929.1611, -1.1751328, -1716.8690, 151.81471, 11327.178, 144.32138, 495.42575, 1055.1968, 870.53778, 458.94098, 12556.934, 9622.3633, 6715.9287
4.0582104, 5929.0454, -1.1752286, -1717.0090, 151.82825, 11327.220, 144.32838, 495.42905, 1055.2190, 870.55231, 458.94382, 12556.928, 9622.3633, 6714.8926
4.0582075, 5929.0415, -1.1750571, -1716.7583, 151.80852, 11327.241, 144.32637, 495.42108, 1055.1888, 870.53363, 458.93860, 12556.923, 9622.3633, 6715.0068
4.0582509, 5929.1045, -1.1752049, -1716.9742, 151.84340, 11327.291, 144.32889, 495.42755, 1055.2104, 870.54974, 458.94022, 12556.917, 9622.3633, 6715.9458
4.0583119, 5929.1938, -1.1751654, -1716.9167, 151.84850, 11327.370, 144.33217, 495.43448, 1055.2183, 870.55762, 458.94199, 12556.913, 9622.3633, 6715.8418
4.0582404, 5929.0894, -1.1751394, -1716.8787, 151.83232, 11327.397, 144.33025, 495.43246, 1055.2201, 870.55548, 458.94281, 12556.909, 9622.3633, 6714.9951
4.0583224, 5929.2090, -1.1751742, -1716.9296, 151.84187, 11327.466, 144.32800, 495.43533, 1055.2195, 870.55981, 458.94672, 12556.914, 9622.3633, 6716.0791
4.0581994, 5929.0293, -1.1749867, -1716.6556, 151.80426, 11327.448, 144.31549, 495.41867, 1055.1843, 870.53534, 458.94073, 12556.909, 9622.3633, 6715.1226
4.0582685, 5929.1304, -1.1752490, -1717.0388, 151.84166, 11327.475, 144.33524, 495.43286, 1055.2277, 870.55963, 458.94171, 12556.903, 9622.3633, 6715.6982
4.0582824, 5929.1504, -1.1751415, -1716.8816, 151.85728, 11327.543, 144.33792, 495.43878, 1055.2372, 870.56818, 458.94348, 12556.900, 9622.3633, 6715.9346
4.0584817, 5929.4414, -1.1752238, -1717.0020, 151.85490, 11327.693, 144.33894, 495.45758, 1055.2594, 870.58423, 458.95389, 12556.910, 9622.3633, 6716.8364
4.0584831, 5929.4438, -1.1751428, -1716.8835, 151.82179, 11327.779, 144.32442, 495.45551, 1055.2317, 870.57178, 458.95706, 12556.926, 9622.3633, 6716.4819
4.0579767, 5928.7041, -1.1750377, -1716.7301, 151.80048, 11327.613, 144.32442, 495.40424, 1055.2423, 870.59149, 458.97409, 12556.964, 9622.3633, 6712.5293
4.0582900, 5929.1616, -1.1750624, -1716.7661, 151.80092, 11327.592, 144.32001, 495.41153, 1055.1964, 870.54449, 458.94724, 12556.971, 9622.3633, 6715.1826
4.0582924, 5929.1650, -1.1752019, -1716.9700, 151.85361, 11327.632, 144.33531, 495.43289, 1055.2308, 870.56531, 458.94302, 12556.966, 9622.3633, 6716.1240
4.0582938, 5929.1675, -1.1751392, -1716.8783, 151.86392, 11327.677, 144.33928, 495.43832, 1055.2413, 870.57397, 458.94617, 12556.964, 9622.3633, 6715.8921
4.0583572, 5929.2598, -1.1751169, -1716.8457, 151.79486, 11327.713, 144.32782, 495.43503, 1055.2263, 870.56158, 458.95236, 12556.975, 9622.3633, 6715.2017
4.0577941, 5928.4370, -1.1749594, -1716.6157, 151.78549, 11327.434, 144.32188, 495.37762, 1055.2089, 870.56573, 458.96057, 12557.001, 9622.3633, 6711.7783
4.0577574, 5928.3833, -1.1749115, -1716.5458, 151.76515, 11327.119, 144.30984, 495.34573, 1055.1833, 870.55103, 458.95840, 12557.025, 9622.3633, 6711.5103
4.0579243, 5928.6274, -1.1749628, -1716.6206, 151.84766, 11327.038, 144.32750, 495.36533, 1055.1567, 870.51843, 458.91989, 12557.006, 9622.3633, 6713.9346
4.0581551, 5928.9644, -1.1750968, -1716.8163, 151.80904, 11327.043, 144.31612, 495.39505, 1055.1653, 870.51562, 458.92841, 12556.986, 9622.3633, 6715.4155
4.0582018, 5929.0327, -1.1751786, -1716.9360, 151.80054, 11327.104, 144.31310, 495.41016, 1055.1744, 870.52246, 458.93765, 12556.975, 9622.3633, 6715.7012
4.0581889, 5929.0142, -1.1753496, -1717.1857, 151.83824, 11327.160, 144.33322, 495.42896, 1055.2378, 870.56049, 458.94476, 12556.965, 9622.3633, 6714.9219
4.0582500, 5929.1035, -1.1751529, -1716.8983, 151.83397, 11327.196, 144.32947, 495.42932, 1055.2234, 870.55487, 458.94366, 12556.959, 9622.3633, 6715.0308
4.0580668, 5928.8359, -1.1751020, -1716.8241, 151.78145, 11327.135, 144.31868, 495.40692, 1055.2053, 870.54736, 458.95404, 12556.969, 9622.3633, 6713.3643
4.0579143, 5928.6128, -1.1749984, -1716.6727, 151.80391, 11327.002, 144.31503, 495.37939, 1055.1903, 870.54242, 458.94748, 12556.975, 9622.3633, 6713.1772
4.0581570, 5928.9673, -1.1750972, -1716.8170, 151.84625, 11327.047, 144.32838, 495.40131, 1055.1814, 870.52887, 458.92941, 12556.963, 9622.3633, 6715.1831
4.0580072, 5928.7485, -1.1751674, -1716.9196, 151.78551, 11327.004, 144.32185, 495.39706, 1055.2018, 870.54218, 458.94965, 12556.968, 9622.3633, 6713.4214
4.0579567, 5928.6748, -1.1751848, -1716.9451, 151.82849, 11326.907, 144.32671, 495.38879, 1055.2410, 870.57928, 458.96570, 12556.992, 9622.3633, 6713.3887
4.0582404, 5929.0894, -1.1750669, -1716.7728, 151.85002, 11326.968, 144.33284, 495.41425, 1055.2128, 870.54956, 458.93997, 12556.986, 9622.3633, 6715.4727
4.0582576, 5929.1143, -1.1751360, -1716.8737, 151.84959, 11327.057, 144.33171, 495.42706, 1055.2140, 870.54663, 458.93790, 12556.978, 9622.3633, 6715.8101
4.0583005, 5929.1772, -1.1750147, -1716.6965, 151.81100, 11327.129, 144.31863, 495.42087, 1055.1876, 870.53302, 458.94073, 12556.972, 9622.3633, 6715.8467
4.0579047, 5928.5986, -1.1751314, -1716.8671, 151.79045, 11326.968, 144.31799, 495.38986, 1055.2212, 870.56573, 458.96506, 12556.993, 9622.3633, 6712.4619
4.0579338, 5928.6416, -1.1749867, -1716.6556, 151.76437, 11326.873, 144.31180, 495.36884, 1055.1757, 870.53021, 458.94897, 12557.003, 9622.3633, 6712.8198
4.0575829, 5928.1284, -1.1748445, -1716.4479, 151.78180, 11326.579, 144.30986, 495.32547, 1055.1484, 870.52173, 458.94144, 12557.006, 9622.3633, 6710.7163
4.0578189, 5928.4736, -1.1750703, -1716.7777, 151.75958, 11326.481, 144.30792, 495.34277, 1055.1499, 870.50708, 458.93649, 12556.994, 9622.3633, 6712.7368
4.0580215, 5928.7695, -1.1752125, -1716.9855, 151.83873, 11326.536, 144.33220, 495.38657, 1055.1882, 870.51788, 458.92215, 12556.963, 9622.3633, 6714.7271
4.0581965, 5929.0249, -1.1752236, -1717.0017, 151.85509, 11326.631, 144.33415, 495.41702, 1055.2144, 870.54022, 458.93494, 12556.949, 9622.3633, 6715.5522
4.0583220, 5929.2085, -1.1752008, -1716.9684, 151.85339, 11326.749, 144.33553, 495.43463, 1055.2195, 870.54633, 458.93896, 12556.940, 9622.3633, 6716.0537
4.0581517, 5928.9600, -1.1750473, -1716.7440, 151.84787, 11326.778, 144.33035, 495.41925, 1055.1895, 870.53003, 458.93057, 12556.929, 9622.3633, 6715.0278
4.0580344, 5928.7886, -1.1751822, -1716.9412, 151.82944, 11326.756, 144.32631, 495.40805, 1055.2162, 870.55225, 458.94891, 12556.935, 9622.3633, 6713.8931
4.0583420, 5929.2378, -1.1751516, -1716.8965, 151.81268, 11326.889, 144.31793, 495.42584, 1055.1980, 870.53564, 458.94400, 12556.930, 9622.3633, 6716.1309
4.0583658, 5929.2725, -1.1752846, -1717.0908, 151.85678, 11327.038, 144.33603, 495.44577, 1055.2385, 870.56104, 458.94437, 12556.925, 9622.3633, 6716.5630
4.0583129, 5929.1953, -1.1751963, -1716.9618, 151.83681, 11327.108, 144.33243, 495.44034, 1055.2423, 870.56781, 458.95184, 12556.932, 9622.3633, 6715.1079
4.0582681, 5929.1299, -1.1750720, -1716.7802, 151.85512, 11327.164, 144.33687, 495.43619, 1055.2213, 870.55334, 458.93970, 12556.927, 9622.3633, 6715.6489
4.0583291, 5929.2188, -1.1751450, -1716.8870, 151.84615, 11327.241, 144.33144, 495.43661, 1055.2175, 870.55566, 458.94290, 12556.924, 9622.3633, 6715.8281
4.0582404, 5929.0894, -1.1751431, -1716.8840, 151.83363, 11327.276, 144.33286, 495.43420, 1055.2231, 870.55463, 458.94229, 12556.919, 9622.3633, 6715.0151
4.0583577, 5929.2607, -1.1752529, -1717.0444, 151.83885, 11327.378, 144.33321, 495.44666, 1055.2461, 870.56989, 458.95132, 12556.921, 9622.3633, 6715.7080
4.0582862, 5929.1562, -1.1751485, -1716.8920, 151.83890, 11327.415, 144.33424, 495.44098, 1055.2371, 870.56592, 458.94772, 12556.922, 9622.3633, 6715.1680
4.0579729, 5928.6987, -1.1750108, -1716.6908, 151.75880, 11327.267, 144.30927, 495.39020, 1055.2144, 870.56799, 458.97467, 12556.961, 9622.3633, 6712.2974
4.0579233, 5928.6260, -1.1750342, -1716.7250, 151.82162, 11327.099, 144.32538, 495.37674, 1055.2227, 870.57465, 458.96381, 12556.989, 9622.3633, 6712.9375
4.0580444, 5928.8032, -1.1750554, -1716.7560, 151.83360, 11327.049, 144.33047, 495.38916, 1055.2172, 870.55969, 458.94861, 12556.996, 9622.3633, 6713.9390
4.0582657, 5929.1260, -1.1751010, -1716.8226, 151.80606, 11327.107, 144.32494, 495.41043, 1055.1862, 870.52942, 458.94067, 12556.990, 9622.3633, 6715.4590
4.0581393, 5928.9419, -1.1752397, -1717.0251, 151.83582, 11327.136, 144.32913, 495.42017, 1055.2212, 870.55103, 458.94052, 12556.977, 9622.3633, 6714.6841
4.0582857, 5929.1558, -1.1751714, -1716.9254, 151.86028, 11327.201, 144.33830, 495.43509, 1055.2307, 870.55878, 458.94040, 12556.969, 9622.3633, 6716.0098
4.0581889, 5929.0137, -1.1751101, -1716.8359, 151.83492, 11327.199, 144.33330, 495.42395, 1055.2350, 870.56824, 458.95367, 12556.979, 9622.3633, 6714.5854
4.0583010, 5929.1777, -1.1751359, -1716.8735, 151.85703, 11327.266, 144.33524, 495.43222, 1055.2229, 870.56012, 458.94470, 12556.979, 9622.3633, 6715.7446
4.0583367, 5929.2300, -1.1752080, -1716.9789, 151.82875, 11327.327, 144.32816, 495.43951, 1055.2308, 870.56171, 458.95016, 12556.979, 9622.3633, 6715.3066
4.0582647, 5929.1250, -1.1751772, -1716.9338, 151.83528, 11327.341, 144.33252, 495.43735, 1055.2329, 870.56177, 458.94720, 12556.976, 9622.3633, 6714.9331
4.0582466, 5929.0981, -1.1751454, -1716.8875, 151.83440, 11327.375, 144.33130, 495.43405, 1055.2280, 870.55969, 458.94534, 12556.972, 9622.3633, 6715.0146
4.0582781, 5929.1440, -1.1752050, -1716.9745, 151.83623, 11327.427, 144.33226, 495.43805, 1055.2363, 870.56512, 458.94852, 12556.970, 9622.3633, 6715.0620
4.0582914, 5929.1641, -1.1750512, -1716.7499, 151.80641, 11327.434, 144.31610, 495.42566, 1055.1938, 870.54321, 458.94766, 12556.974, 9622.3633, 6715.4478
4.0580511, 5928.8130, -1.1751291, -1716.8635, 151.84619, 11327.373, 144.33405, 495.40894, 1055.2224, 870.56458, 458.94559, 12556.975, 9622.3633, 6714.1885
4.0582681, 5929.1294, -1.1751653, -1716.9165, 151.83580, 11327.404, 144.33273, 495.42493, 1055.2267, 870.55902, 458.94424, 12556.971, 9622.3633, 6715.1626
4.0584192, 5929.3506, -1.1752294, -1717.0101, 151.81914, 11327.507, 144.32480, 495.44482, 1055.2346, 870.56787, 458.95520, 12556.975, 9622.3633, 6716.5601
4.0582795, 5929.1465, -1.1751016, -1716.8235, 151.85094, 11327.516, 144.33290, 495.43552, 1055.2205, 870.56293, 458.94406, 12556.975, 9622.3633, 6715.6064
4.0583477, 5929.2461, -1.1752872, -1717.0947, 151.84413, 11327.570, 144.33401, 495.44553, 1055.2540, 870.57874, 458.95227, 12556.977, 9622.3633, 6715.5181
4.0583634, 5929.2690, -1.1751726, -1716.9271, 151.83344, 11327.605, 144.33167, 495.44446, 1055.2408, 870.57214, 458.95258, 12556.982, 9622.3633, 6715.4883
4.0579529, 5928.6689, -1.1749557, -1716.6104, 151.75189, 11327.388, 144.30579, 495.38742, 1055.2065, 870.56537, 458.97412, 12557.018, 9622.3633, 6712.1006
4.0576725, 5928.2593, -1.1747855, -1716.3617, 151.75507, 11327.077, 144.30605, 495.33667, 1055.1611, 870.53632, 458.95209, 12557.033, 9622.3633, 6710.9287
4.0577874, 5928.4277, -1.1750938, -1716.8120, 151.79240, 11326.912, 144.31989, 495.34763, 1055.1993, 870.55292, 458.95615, 12557.050, 9622.3633, 6712.1636
4.0581632, 5928.9761, -1.1751848, -1716.9451, 151.86632, 11326.967, 144.33936, 495.39767, 1055.2083, 870.54303, 458.92996, 12557.031, 9622.3633, 6715.8125
4.0581775, 5928.9976, -1.1750689, -1716.7756, 151.80519, 11326.979, 144.33162, 495.40152, 1055.2059, 870.54596, 458.94693, 12557.034, 9622.3633, 6714.6670
4.0581069, 5928.8940, -1.1751001, -1716.8213, 151.84764, 11326.979, 144.32907, 495.40125, 1055.2079, 870.55298, 458.94705, 12557.037, 9622.3633, 6714.7393
4.0582533, 5929.1079, -1.1751308, -1716.8662, 151.85603, 11327.057, 144.33473, 495.42139, 1055.2133, 870.54626, 458.93573, 12557.026, 9622.3633, 6715.7900
4.0580816, 5928.8569, -1.1750993, -1716.8201, 151.81755, 11327.004, 144.32312, 495.40744, 1055.2145, 870.55444, 458.95370, 12557.035, 9622.3633, 6713.9087
4.0583324, 5929.2236, -1.1752719, -1717.0723, 151.84370, 11327.100, 144.33524, 495.43527, 1055.2390, 870.56110, 458.94681, 12557.027, 9622.3633, 6715.6978
4.0584493, 5929.3940, -1.1752759, -1717.0781, 151.84024, 11327.229, 144.33331, 495.45105, 1055.2482, 870.56946, 458.95325, 12557.026, 9622.3633, 6716.2583
4.0581546, 5928.9639, -1.1750748, -1716.7843, 151.80518, 11327.195, 144.33043, 495.42261, 1055.2262, 870.56244, 458.95667, 12557.040, 9622.3633, 6714.0664
4.0582886, 5929.1597, -1.1751837, -1716.9434, 151.84537, 11327.208, 144.33498, 495.43103, 1055.2292, 870.55975, 458.94366, 12557.033, 9622.3633, 6715.3682
4.0583029, 5929.1802, -1.1750998, -1716.8209, 151.80630, 11327.268, 144.33160, 495.42792, 1055.2129, 870.54767, 458.94406, 12557.027, 9622.3633, 6715.3564
4.0582132, 5929.0493, -1.1750562, -1716.7571, 151.80789, 11327.273, 144.31863, 495.41632, 1055.1827, 870.53204, 458.93994, 12557.021, 9622.3633, 6715.2129
4.0582757, 5929.1406, -1.1752195, -1716.9957, 151.85480, 11327.345, 144.33536, 495.43280, 1055.2267, 870.55798, 458.93976, 12557.012, 9622.3633, 6716.1260
4.0582871, 5929.1577, -1.1751736, -1716.9287, 151.83788, 11327.376, 144.33093, 495.43405, 1055.2299, 870.56085, 458.94586, 12557.007, 9622.3633, 6715.2959
4.0580697, 5928.8398, -1.1750749, -1716.7845, 151.78279, 11327.292, 144.32013, 495.40826, 1055.2108, 870.55414, 458.95752, 12557.021, 9622.3633, 6713.3164
4.0579910, 5928.7251, -1.1751121, -1716.8389, 151.82857, 11327.187, 144.32722, 495.39691, 1055.2113, 870.55634, 458.94739, 12557.023, 9622.3633, 6713.7832
4.0582647, 5929.1250, -1.1751581, -1716.9060, 151.84808, 11327.225, 144.33163, 495.42047, 1055.2131, 870.55353, 458.94110, 12557.018, 9622.3633, 6715.7129
4.0581350, 5928.9351, -1.1751136, -1716.8409, 151.83507, 11327.184, 144.32840, 495.41162, 1055.2241, 870.56464, 458.95187, 12557.028, 9622.3633, 6714.3618
4.0582957, 5929.1699, -1.1751400, -1716.8795, 151.85345, 11327.229, 144.33508, 495.43103, 1055.2266, 870.55908, 458.94229, 12557.022, 9622.3633, 6715.9551
4.0583706, 5929.2793, -1.1751815, -1716.9402, 151.84441, 11327.319, 144.33563, 495.43719, 1055.2396, 870.56830, 458.94867, 12557.021, 9622.3633, 6716.0405
4.0584412, 5929.3828, -1.1752576, -1717.0513, 151.84621, 11327.437, 144.33423, 495.44940, 1055.2490, 870.57446, 458.95279, 12557.021, 9622.3633, 6716.2065
4.0583324, 5929.2236, -1.1750627, -1716.7665, 151.85004, 11327.479, 144.33287, 495.43576, 1055.2262, 870.56732, 458.94739, 12557.025, 9622.3633, 6715.8457
4.0582891, 5929.1606, -1.1751223, -1716.8536, 151.85670, 11327.532, 144.33786, 495.43854, 1055.2369, 870.57025, 458.94614, 12557.022, 9622.3633, 6715.7959
4.0581579, 5928.9688, -1.1750946, -1716.8132, 151.83638, 11327.472, 144.33255, 495.42197, 1055.2460, 870.58313, 458.96045, 12557.039, 9622.3633, 6714.2505
4.0580878, 5928.8662, -1.1751033, -1716.8259, 151.78587, 11327.372, 144.32178, 495.40329, 1055.2444, 870.58508, 458.97784, 12557.074, 9622.3633, 6713.0903
4.0580134, 5928.7573, -1.1750250, -1716.7114, 151.77878, 11327.257, 144.31938, 495.38931, 1055.1942, 870.54327, 458.95175, 12557.083, 9622.3633, 6713.2759
4.0576591, 5928.2397, -1.1748996, -1716.5282, 151.78709, 11326.946, 144.31525, 495.34128, 1055.1743, 870.54327, 458.95068, 12557.094, 9622.3633, 6711.0796
4.0581417, 5928.9448, -1.1752837, -1717.0894, 151.84003, 11326.984, 144.33162, 495.39581, 1055.2095, 870.54272, 458.93506, 12557.078, 9622.3633, 6715.0249
4.0580916, 5928.8716, -1.1751271, -1716.8607, 151.83009, 11326.978, 144.32901, 495.40356, 1055.2268, 870.56152, 458.95319, 12557.081, 9622.3633, 6714.1665
4.0584021, 5929.3257, -1.1752037, -1716.9727, 151.81447, 11327.114, 144.32097, 495.43234, 1055.2192, 870.55243, 458.95212, 12557.078, 9622.3633, 6716.4429
4.0579720, 5928.6973, -1.1751051, -1716.8286, 151.79263, 11326.987, 144.32141, 495.39621, 1055.2323, 870.57330, 458.97058, 12557.104, 9622.3633, 6712.5493
4.0577188, 5928.3271, -1.1748222, -1716.4153, 151.74533, 11326.664, 144.30110, 495.33478, 1055.1479, 870.52441, 458.95398, 12557.123, 9622.3633, 6710.7529
4.0575752, 5928.1177, -1.1748625, -1716.4741, 151.78374, 11326.373, 144.31332, 495.31671, 1055.1488, 870.51904, 458.93973, 12557.120, 9622.3633, 6710.7754
4.0578790, 5928.5610, -1.1751469, -1716.8896, 151.80092, 11326.339, 144.32729, 495.35950, 1055.1708, 870.51172, 458.92969, 12557.099, 9622.3633, 6713.6118
4.0581784, 5928.9990, -1.1752610, -1717.0564, 151.84612, 11326.423, 144.33565, 495.40479, 1055.2068, 870.52936, 458.92938, 12557.073, 9622.3633, 6715.2510
4.0580716, 5928.8423, -1.1751361, -1716.8739, 151.80713, 11326.465, 144.33115, 495.40311, 1055.2037, 870.53400, 458.94394, 12557.065, 9622.3633, 6713.9873
4.0582800, 5929.1470, -1.1751978, -1716.9640, 151.85080, 11326.563, 144.33192, 495.42603, 1055.2139, 870.53918, 458.93704, 12557.052, 9622.3633, 6716.0781
4.0581698, 5928.9863, -1.1751329, -1716.8691, 151.82449, 11326.620, 144.32448, 495.41284, 1055.2170, 870.55225, 458.95276, 12557.060, 9622.3633, 6714.5161
4.0579925, 5928.7271, -1.1751280, -1716.8619, 151.79707, 11326.565, 144.32030, 495.39056, 1055.2294, 870.56738, 458.96957, 12557.084, 9622.3633, 6712.8008
4.0582042, 5929.0361, -1.1750884, -1716.8041, 151.84866, 11326.582, 144.33040, 495.40967, 1055.1965, 870.53101, 458.93286, 12557.068, 9622.3633, 6715.2783
4.0583205, 5929.2061, -1.1751449, -1716.8867, 151.85574, 11326.710, 144.33405, 495.42587, 1055.2131, 870.54272, 458.93649, 12557.057, 9622.3633, 6716.2793
4.0582323, 5929.0776, -1.1750611, -1716.7643, 151.81633, 11326.780, 144.32085, 495.42130, 1055.1837, 870.52484, 458.93570, 12557.045, 9622.3633, 6715.6104
4.0579591, 5928.6782, -1.1751791, -1716.9368, 151.78693, 11326.683, 144.32166, 495.39590, 1055.2244, 870.55939, 458.96420, 12557.063, 9622.3633, 6712.8892
4.0577545, 5928.3794, -1.1749012, -1716.5308, 151.76505, 11326.454, 144.30978, 495.35046, 1055.1747, 870.53424, 458.95523, 12557.079, 9622.3633, 6711.4731
4.0580831, 5928.8594, -1.1751769, -1716.9333, 151.85733, 11326.514, 144.33400, 495.39328, 1055.1890, 870.52411, 458.92404, 12557.052, 9622.3633, 6715.3408
4.0581665, 5928.9810, -1.1752124, -1716.9854, 151.79910, 11326.581, 144.32660, 495.41354, 1055.2008, 870.52570, 458.93805, 12557.038, 9622.3633, 6714.7432
4.0581360, 5928.9365, -1.1752135, -1716.9868, 151.80885, 11326.620, 144.33250, 495.42035, 1055.2023, 870.52423, 458.93423, 12557.021, 9622.3633, 6714.4204
4.0582952, 5929.1694, -1.1752211, -1716.9979, 151.85408, 11326.747, 144.33482, 495.43573, 1055.2235, 870.54559, 458.93884, 12557.008, 9622.3633, 6716.1782
4.0581460, 5928.9512, -1.1751499, -1716.8940, 151.84274, 11326.781, 144.33124, 495.41949, 1055.2310, 870.56042, 458.95102, 12557.014, 9622.3633, 6714.5073
4.0582638, 5929.1230, -1.1751376, -1716.8761, 151.83408, 11326.857, 144.32951, 495.42621, 1055.2142, 870.54443, 458.94141, 12557.004, 9622.3633, 6715.1108
4.0580459, 5928.8052, -1.1751091, -1716.8345, 151.82701, 11326.825, 144.32542, 495.40463, 1055.2134, 870.55243, 458.95035, 12557.010, 9622.3633, 6713.6440
4.0584278, 5929.3628, -1.1753421, -1717.1748, 151.86679, 11327.019, 144.34030, 495.44730, 1055.2583, 870.57269, 458.95007, 12557.006, 9622.3633, 6716.9136
4.0583186, 5929.2036, -1.1751301, -1716.8651, 151.83176, 11327.087, 144.33032, 495.43912, 1055.2281, 870.55621, 458.94839, 12557.004, 9622.3633, 6715.2588
4.0580192, 5928.7661, -1.1751307, -1716.8660, 151.79901, 11327.014, 144.32248, 495.40283, 1055.2458, 870.58392, 458.97476, 12557.032, 9622.3633, 6712.8994
4.0583048, 5929.1836, -1.1751616, -1716.9110, 151.84592, 11327.056, 144.33846, 495.42557, 1055.2321, 870.55933, 458.94501, 12557.029, 9622.3633, 6715.3462
4.0583267, 5929.2153, -1.1751590, -1716.9073, 151.84633, 11327.112, 144.33191, 495.43420, 1055.2235, 870.55725, 458.94617, 12557.026, 9622.3633, 6715.8755
4.0581985, 5929.0278, -1.1752146, -1716.9886, 151.83783, 11327.136, 144.33249, 495.43161, 1055.2347, 870.56012, 458.94598, 12557.019, 9622.3633, 6714.5918
4.0583177, 5929.2021, -1.1752629, -1717.0591, 151.84148, 11327.195, 144.33090, 495.43884, 1055.2401, 870.56641, 458.95203, 12557.021, 9622.3633, 6715.3091
4.0582590, 5929.1162, -1.1751256, -1716.8585, 151.79727, 11327.198, 144.32828, 495.43423, 1055.2152, 870.54553, 458.94626, 12557.015, 9622.3633, 6714.7793
4.0583224, 5929.2090, -1.1752021, -1716.9703, 151.85611, 11327.270, 144.33708, 495.44360, 1055.2365, 870.56354, 458.94427, 12557.009, 9622.3633, 6716.2031
4.0582681, 5929.1294, -1.1750059, -1716.6836, 151.84438, 11327.311, 144.33020, 495.42758, 1055.2063, 870.55286, 458.94122, 12557.006, 9622.3633, 6715.5117
4.0582433, 5929.0933, -1.1750978, -1716.8180, 151.85114, 11327.329, 144.33447, 495.42944, 1055.2147, 870.55145, 458.93701, 12556.997, 9622.3633, 6715.6777
4.0582108, 5929.0459, -1.1751224, -1716.8539, 151.84181, 11327.329, 144.33374, 495.42609, 1055.2174, 870.55273, 458.93872, 12556.989, 9622.3633, 6714.9678
4.0580211, 5928.7690, -1.1750246, -1716.7111, 151.76462, 11327.226, 144.31157, 495.39285, 1055.1956, 870.54663, 458.95554, 12556.999, 9622.3633, 6713.0698
4.0580697, 5928.8398, -1.1749891, -1716.6591, 151.81210, 11327.169, 144.31944, 495.39426, 1055.1648, 870.51837, 458.92780, 12556.983, 9622.3633, 6714.9761
4.0581741, 5928.9922, -1.1752616, -1717.0573, 151.86879, 11327.206, 144.34131, 495.42120, 1055.2211, 870.55011, 458.93121, 12556.966, 9622.3633, 6715.6816
4.0581527, 5928.9609, -1.1750880, -1716.8037, 151.78018, 11327.190, 144.31778, 495.40588, 1055.2069, 870.55096, 458.95657, 12556.981, 9622.3633, 6713.8438
4.0577984, 5928.4434, -1.1749920, -1716.6633, 151.82094, 11326.976, 144.32170, 495.36752, 1055.2040, 870.56055, 458.95511, 12556.998, 9622.3633, 6712.2290
4.0580163, 5928.7617, -1.1749601, -1716.6168, 151.80038, 11326.893, 144.31825, 495.37195, 1055.1647, 870.52087, 458.93665, 12556.993, 9622.3633, 6713.9346
4.0580173, 5928.7632, -1.1751900, -1716.9525, 151.81900, 11326.866, 144.32434, 495.38733, 1055.2053, 870.54590, 458.94745, 12556.993, 9622.3633, 6713.8374
4.0578542, 5928.5249, -1.1749671, -1716.6268, 151.74602, 11326.657, 144.30029, 495.34952, 1055.1650, 870.53107, 458.95947, 12557.012, 9622.3633, 6711.5493
4.0580444, 5928.8027, -1.1750530, -1716.7524, 151.81071, 11326.670, 144.31650, 495.38205, 1055.1619, 870.51038, 458.92776, 12556.993, 9622.3633, 6714.8271
4.0581465, 5928.9517, -1.1752887, -1717.0967, 151.78865, 11326.715, 144.32227, 495.40814, 1055.1912, 870.51953, 458.93607, 12556.978, 9622.3633, 6714.5356
4.0579896, 5928.7227, -1.1751333, -1716.8699, 151.83267, 11326.673, 144.32985, 495.39841, 1055.2069, 870.54266, 458.94107, 12556.969, 9622.3633, 6714.1704
4.0580525, 5928.8145, -1.1751013, -1716.8230, 151.80363, 11326.678, 144.33058, 495.39914, 1055.2004, 870.53369, 458.94177, 12556.962, 9622.3633, 6713.8921
4.0582075, 5929.0410, -1.1751821, -1716.9410, 151.79984, 11326.731, 144.32939, 495.41525, 1055.1973, 870.52533, 458.93622, 12556.951, 9622.3633, 6715.0527
4.0581751, 5928.9937, -1.1751437, -1716.8849, 151.84431, 11326.762, 144.32822, 495.41641, 1055.1969, 870.53308, 458.93298, 12556.940, 9622.3633, 6715.3608
4.0582266, 5929.0693, -1.1752032, -1716.9719, 151.83771, 11326.839, 144.33226, 495.42557, 1055.2147, 870.54187, 458.93744, 12556.930, 9622.3633, 6715.1470
4.0581689, 5928.9849, -1.1749976, -1716.6715, 151.81062, 11326.857, 144.31732, 495.41241, 1055.1692, 870.51672, 458.93170, 12556.920, 9622.3633, 6715.1211
4.0578289, 5928.4878, -1.1750786, -1716.7898, 151.75706, 11326.700, 144.30780, 495.37036, 1055.1886, 870.54022, 458.96014, 12556.941, 9622.3633, 6712.0166
4.0575876, 5928.1357, -1.1748043, -1716.3892, 151.74698, 11326.409, 144.30182, 495.32193, 1055.1340, 870.50806, 458.94348, 12556.949, 9622.3633, 6710.6558
4.0574923, 5927.9961, -1.1748412, -1716.4430, 151.76414, 11326.093, 144.30457, 495.29935, 1055.1244, 870.49933, 458.93518, 12556.946, 9622.3633, 6710.1460
4.0579519, 5928.6675, -1.1751014, -1716.8231, 151.80142, 11326.109, 144.31442, 495.35614, 1055.1315, 870.47760, 458.91284, 12556.910, 9622.3633, 6714.7393
4.0578341, 5928.4956, -1.1752387, -1717.0238, 151.82478, 11326.028, 144.32448, 495.36539, 1055.2046, 870.54071, 458.94760, 12556.910, 9622.3633, 6712.9146
4.0579762, 5928.7036, -1.1751553, -1716.9019, 151.82158, 11326.016, 144.32193, 495.37515, 1055.2188, 870.55151, 458.95969, 12556.928, 9622.3633, 6713.2544
4.0579128, 5928.6104, -1.1750051, -1716.6824, 151.75035, 11325.935, 144.30174, 495.35574, 1055.1720, 870.52185, 458.96069, 12556.949, 9622.3633, 6712.1001
4.0577545, 5928.3794, -1.1750739, -1716.7828, 151.78909, 11325.814, 144.31538, 495.34531, 1055.1750, 870.52454, 458.94809, 12556.957, 9622.3633, 6712.0479
4.0580130, 5928.7568, -1.1751597, -1716.9083, 151.80765, 11325.891, 144.33257, 495.38373, 1055.1689, 870.49524, 458.91910, 12556.932, 9622.3633, 6714.3501
4.0578170, 5928.4707, -1.1750942, -1716.8126, 151.78859, 11325.792, 144.31580, 495.36057, 1055.1837, 870.52692, 458.95065, 12556.938, 9622.3633, 6712.0073
4.0578852, 5928.5703, -1.1751267, -1716.8600, 151.80283, 11325.797, 144.32291, 495.36841, 1055.1854, 870.52008, 458.93854, 12556.926, 9622.3633, 6713.2476
4.0578218, 5928.4775, -1.1750568, -1716.7581, 151.78227, 11325.687, 144.31213, 495.35156, 1055.1755, 870.52118, 458.95114, 12556.937, 9622.3633, 6711.9248
4.0580502, 5928.8115, -1.1750484, -1716.7456, 151.79965, 11325.779, 144.31184, 495.37643, 1055.1377, 870.47845, 458.91864, 12556.909, 9622.3633, 6715.0874
4.0582547, 5929.1099, -1.1754272, -1717.2992, 151.86496, 11325.993, 144.33842, 495.42679, 1055.2206, 870.52960, 458.92859, 12556.881, 9622.3633, 6716.6675
4.0582857, 5929.1558, -1.1751989, -1716.9656, 151.86606, 11326.179, 144.33755, 495.43411, 1055.2175, 870.53455, 458.93280, 12556.868, 9622.3633, 6716.1021
4.0583191, 5929.2041, -1.1750506, -1716.7489, 151.81235, 11326.283, 144.31908, 495.42490, 1055.1810, 870.51807, 458.93738, 12556.862, 9622.3633, 6716.0068
4.0581412, 5928.9443, -1.1752650, -1717.0621, 151.79947, 11326.342, 144.32678, 495.42590, 1055.1992, 870.52039, 458.93671, 12556.852, 9622.3633, 6714.3096
4.0581908, 5929.0171, -1.1751847, -1716.9449, 151.84239, 11326.411, 144.33435, 495.42459, 1055.2067, 870.53015, 458.93149, 12556.840, 9622.3633, 6715.0835
4.0579824, 5928.7124, -1.1751709, -1716.9247, 151.80006, 11326.363, 144.32162, 495.39551, 1055.2300, 870.56335, 458.96655, 12556.865, 9622.3633, 6712.9028
4.0581980, 5929.0273, -1.1750746, -1716.7839, 151.84424, 11326.424, 144.32724, 495.40521, 1055.1838, 870.52356, 458.93179, 12556.859, 9622.3633, 6715.2280
4.0581541, 5928.9629, -1.1750751, -1716.7847, 151.80486, 11326.494, 144.31476, 495.40790, 1055.1709, 870.51172, 458.93195, 12556.848, 9622.3633, 6715.2715
4.0579238, 5928.6265, -1.1751771, -1716.9337, 151.81902, 11326.433, 144.32312, 495.39005, 1055.2209, 870.55688, 458.95822, 12556.868, 9622.3633, 6713.1362
4.0579863, 5928.7178, -1.1750920, -1716.8093, 151.81650, 11326.382, 144.32259, 495.38565, 1055.2244, 870.56146, 458.96454, 12556.895, 9622.3633, 6713.0420
4.0581450, 5928.9502, -1.1749948, -1716.6674, 151.80989, 11326.422, 144.31706, 495.39606, 1055.1648, 870.50830, 458.93219, 12556.886, 9622.3633, 6714.7651
4.0581446, 5928.9492, -1.1751974, -1716.9634, 151.84692, 11326.499, 144.32855, 495.41144, 1055.1877, 870.52240, 458.92712, 12556.871, 9622.3633, 6715.4546
4.0580354, 5928.7896, -1.1751581, -1716.9061, 151.79733, 11326.513, 144.32545, 495.40585, 1055.2097, 870.53888, 458.94745, 12556.875, 9622.3633, 6713.8960
4.0582991, 5929.1748, -1.1752076, -1716.9783, 151.85474, 11326.657, 144.33704, 495.42999, 1055.2216, 870.54340, 458.93701, 12556.866, 9622.3633, 6716.1802
4.0584550, 5929.4028, -1.1753072, -1717.1238, 151.86444, 11326.879, 144.34132, 495.45596, 1055.2521, 870.56519, 458.94693, 12556.863, 9622.3633, 6716.8730
4.0583310, 5929.2217, -1.1750345, -1716.7255, 151.81033, 11326.933, 144.31715, 495.43445, 1055.1892, 870.53302, 458.94366, 12556.866, 9622.3633, 6715.6016
4.0581875, 5929.0117, -1.1750705, -1716.7780, 151.80009, 11326.960, 144.31268, 495.41684, 1055.1656, 870.51660, 458.93542, 12556.859, 9622.3633, 6715.3984
4.0577693, 5928.4009, -1.1750028, -1716.6791, 151.74716, 11326.737, 144.30351, 495.36356, 1055.1726, 870.53241, 458.95663, 12556.881, 9622.3633, 6711.6187
4.0578485, 5928.5166, -1.1751354, -1716.8728, 151.83151, 11326.637, 144.32808, 495.36853, 1055.2194, 870.56311, 458.95477, 12556.898, 9622.3633, 6712.9565
4.0582852, 5929.1548, -1.1751728, -1716.9275, 151.80034, 11326.739, 144.32751, 495.40698, 1055.1978, 870.52850, 458.94003, 12556.894, 9622.3633, 6715.2935
4.0580053, 5928.7461, -1.1751313, -1716.8669, 151.83170, 11326.697, 144.32895, 495.39999, 1055.2168, 870.54987, 458.94510, 12556.892, 9622.3633, 6713.9243
4.0583167, 5929.2007, -1.1751031, -1716.8256, 151.80470, 11326.816, 144.31639, 495.41821, 1055.1888, 870.52679, 458.94153, 12556.887, 9622.3633, 6715.9346
4.0583057, 5929.1846, -1.1752627, -1717.0587, 151.82285, 11326.938, 144.32513, 495.43497, 1055.2124, 870.54468, 458.94211, 12556.882, 9622.3633, 6716.3193
4.0581846, 5929.0078, -1.1752082, -1716.9791, 151.84418, 11326.991, 144.33612, 495.43204, 1055.2297, 870.55499, 458.94189, 12556.874, 9622.3633, 6714.7817
4.0583062, 5929.1855, -1.1752151, -1716.9894, 151.83591, 11327.057, 144.32919, 495.43506, 1055.2224, 870.55212, 458.94348, 12556.871, 9622.3633, 6715.4790
4.0582628, 5929.1221, -1.1751889, -1716.9510, 151.83969, 11327.100, 144.33270, 495.43539, 1055.2280, 870.55450, 458.94333, 12556.868, 9622.3633, 6715.2070
4.0581517, 5928.9600, -1.1751267, -1716.8600, 151.84836, 11327.099, 144.33620, 495.42096, 1055.2329, 870.56482, 458.94901, 12556.879, 9622.3633, 6714.5127
4.0580959, 5928.8784, -1.1750870, -1716.8020, 151.80264, 11327.053, 144.32896, 495.40964, 1055.2227, 870.55731, 458.95505, 12556.896, 9622.3633, 6713.8257
4.0583353, 5929.2280, -1.1752011, -1716.9688, 151.85831, 11327.165, 144.33893, 495.43365, 1055.2333, 870.55994, 458.94302, 12556.892, 9622.3633, 6716.2275
4.0582933, 5929.1665, -1.1751958, -1716.9611, 151.80075, 11327.225, 144.32877, 495.43698, 1055.2203, 870.54974, 458.94794, 12556.896, 9622.3633, 6714.9087
4.0582304, 5929.0747, -1.1751276, -1716.8615, 151.79385, 11327.219, 144.32458, 495.42398, 1055.1970, 870.53381, 458.94019, 12556.890, 9622.3633, 6714.8711
4.0577955, 5928.4395, -1.1750268, -1716.7141, 151.80508, 11327.004, 144.32471, 495.37665, 1055.2174, 870.56812, 458.95825, 12556.911, 9622.3633, 6712.1440
4.0582757, 5929.1411, -1.1750915, -1716.8087, 151.81566, 11327.051, 144.32092, 495.40753, 1055.1847, 870.53107, 458.93799, 12556.906, 9622.3633, 6715.7725
4.0581851, 5929.0083, -1.1751947, -1716.9595, 151.86403, 11327.111, 144.33803, 495.42432, 1055.2130, 870.54639, 458.93201, 12556.895, 9622.3633, 6715.4995
4.0583353, 5929.2280, -1.1751012, -1716.8229, 151.84946, 11327.205, 144.33467, 495.43304, 1055.2217, 870.55585, 458.94159, 12556.891, 9622.3633, 6716.2114
4.0583763, 5929.2876, -1.1751527, -1716.8981, 151.81717, 11327.303, 144.32138, 495.43817, 1055.2100, 870.55078, 458.94867, 12556.896, 9622.3633, 6716.2305
4.0583239, 5929.2114, -1.1752181, -1716.9937, 151.84421, 11327.371, 144.33652, 495.44052, 1055.2341, 870.56396, 458.94501, 12556.894, 9622.3633, 6715.7905
4.0582738, 5929.1377, -1.1751444, -1716.8860, 151.85590, 11327.414, 144.33540, 495.43900, 1055.2357, 870.56750, 458.94647, 12556.895, 9622.3633, 6715.5923
4.0582695, 5929.1318, -1.1750478, -1716.7448, 151.81796, 11327.436, 144.32291, 495.42822, 1055.1987, 870.54608, 458.94235, 12556.895, 9622.3633, 6715.6465
4.0581522, 5928.9604, -1.1750798, -1716.7916, 151.84836, 11327.459, 144.33432, 495.42511, 1055.2141, 870.55408, 458.93558, 12556.885, 9622.3633, 6715.2979
4.0583224, 5929.2090, -1.1751736, -1716.9287, 151.85240, 11327.505, 144.33641, 495.43637, 1055.2253, 870.56177, 458.94165, 12556.883, 9622.3633, 6716.1826
4.0582099, 5929.0444, -1.1749656, -1716.6248, 151.80447, 11327.511, 144.31728, 495.41974, 1055.1813, 870.53381, 458.93875, 12556.878, 9622.3633, 6715.1904
4.0579062, 5928.6011, -1.1751109, -1716.8370, 151.78387, 11327.331, 144.31868, 495.38614, 1055.2161, 870.56567, 458.96271, 12556.903, 9622.3633, 6712.6055
4.0581994, 5929.0293, -1.1751235, -1716.8553, 151.85449, 11327.349, 144.33484, 495.41095, 1055.2134, 870.55255, 458.93579, 12556.898, 9622.3633, 6715.7642
4.0582290, 5929.0728, -1.1750369, -1716.7289, 151.80977, 11327.347, 144.31805, 495.41403, 1055.1833, 870.53339, 458.93738, 12556.893, 9622.3633, 6715.5000
4.0582314, 5929.0757, -1.1753244, -1717.1489, 151.83472, 11327.395, 144.33250, 495.43311, 1055.2410, 870.56720, 458.94754, 12556.890, 9622.3633, 6715.0005
4.0582819, 5929.1499, -1.1751314, -1716.8671, 151.85583, 11327.436, 144.33432, 495.43597, 1055.2291, 870.56305, 458.94403, 12556.890, 9622.3633, 6715.6201
4.0581789, 5928.9995, -1.1750742, -1716.7834, 151.81996, 11327.402, 144.32579, 495.41592, 1055.2245, 870.56934, 458.95758, 12556.911, 9622.3633, 6714.3574
4.0582695, 5929.1318, -1.1751294, -1716.8641, 151.79752, 11327.419, 144.32837, 495.42404, 1055.2112, 870.54718, 458.94547, 12556.913, 9622.3633, 6715.1162
4.0582376, 5929.0850, -1.1751802, -1716.9384, 151.80002, 11327.421, 144.32921, 495.42850, 1055.2140, 870.54651, 458.94406, 12556.908, 9622.3633, 6714.8750
4.0582356, 5929.0820, -1.1751696, -1716.9227, 151.80446, 11327.428, 144.33008, 495.42773, 1055.2108, 870.54443, 458.94193, 12556.903, 9622.3633, 6715.0835
4.0581174, 5928.9097, -1.1749699, -1716.6311, 151.80716, 11327.361, 144.31602, 495.40747, 1055.1681, 870.52289, 458.93048, 12556.894, 9622.3633, 6714.9297
4.0582042, 5929.0366, -1.1751863, -1716.9471, 151.84962, 11327.401, 144.33290, 495.42188, 1055.2019, 870.54395, 458.93082, 12556.883, 9622.3633, 6715.8306
4.0582995, 5929.1758, -1.1751621, -1716.9119, 151.84412, 11327.441, 144.32901, 495.43182, 1055.2153, 870.55615, 458.94098, 12556.880, 9622.3633, 6715.9087
4.0582581, 5929.1147, -1.1751875, -1716.9490, 151.83783, 11327.456, 144.33316, 495.43042, 1055.2373, 870.56927, 458.94794, 12556.885, 9622.3633, 6715.0278
4.0583119, 5929.1938, -1.1752039, -1716.9729, 151.80186, 11327.502, 144.33121, 495.43732, 1055.2247, 870.55682, 458.95081, 12556.895, 9622.3633, 6714.9131
4.0582681, 5929.1294, -1.1750635, -1716.7677, 151.81401, 11327.514, 144.31911, 495.42599, 1055.1959, 870.54272, 458.94266, 12556.892, 9622.3633, 6715.6562
4.0580540, 5928.8169, -1.1752452, -1717.0332, 151.83432, 11327.404, 144.32924, 495.41006, 1055.2650, 870.59875, 458.97223, 12556.922, 9622.3633, 6713.7075
4.0583758, 5929.2871, -1.1751667, -1716.9186, 151.83279, 11327.471, 144.33162, 495.43292, 1055.2367, 870.57080, 458.95325, 12556.934, 9622.3633, 6715.3765
4.0582271, 5929.0698, -1.1749368, -1716.5826, 151.80055, 11327.422, 144.31339, 495.41238, 1055.1692, 870.52838, 458.94073, 12556.935, 9622.3633, 6714.9688
4.0578060, 5928.4546, -1.1749991, -1716.6737, 151.74281, 11327.176, 144.30188, 495.36102, 1055.1726, 870.54041, 458.95920, 12556.956, 9622.3633, 6711.5879
4.0578589, 5928.5322, -1.1749675, -1716.6276, 151.83961, 11327.046, 144.33209, 495.36685, 1055.1853, 870.53845, 458.93149, 12556.948, 9622.3633, 6713.3384
4.0581717, 5928.9888, -1.1752486, -1717.0382, 151.80666, 11327.068, 144.33150, 495.40897, 1055.2126, 870.54071, 458.94141, 12556.938, 9622.3633, 6714.5903
4.0581818, 5929.0034, -1.1752249, -1717.0035, 151.79221, 11327.084, 144.32494, 495.41888, 1055.2097, 870.53796, 458.94370, 12556.930, 9622.3633, 6714.1904
4.0580168, 5928.7627, -1.1751024, -1716.8245, 151.83286, 11327.010, 144.32895, 495.40094, 1055.2123, 870.55249, 458.94461, 12556.931, 9622.3633, 6714.1616
4.0580359, 5928.7905, -1.1750907, -1716.8075, 151.81987, 11326.968, 144.32332, 495.39578, 1055.2084, 870.55127, 458.95090, 12556.940, 9622.3633, 6713.5679
4.0579710, 5928.6953, -1.1751215, -1716.8527, 151.78682, 11326.851, 144.32246, 495.38556, 1055.2223, 870.56262, 458.96545, 12556.966, 9622.3633, 6712.7368
4.0577574, 5928.3838, -1.1748731, -1716.4896, 151.80109, 11326.620, 144.31410, 495.34647, 1055.1846, 870.54559, 458.95395, 12556.982, 9622.3633, 6711.7827
4.0577903, 5928.4316, -1.1749481, -1716.5991, 151.73433, 11326.398, 144.29530, 495.32938, 1055.1445, 870.51306, 458.95370, 12557.000, 9622.3633, 6711.2241
4.0578022, 5928.4487, -1.1750814, -1716.7938, 151.80666, 11326.353, 144.32411, 495.35431, 1055.1780, 870.52240, 458.93405, 12556.984, 9622.3633, 6712.9282
4.0582218, 5929.0620, -1.1751733, -1716.9282, 151.80977, 11326.457, 144.31865, 495.40018, 1055.1732, 870.51068, 458.93106, 12556.968, 9622.3633, 6715.8384
4.0580935, 5928.8745, -1.1752398, -1717.0253, 151.80661, 11326.507, 144.33043, 495.41422, 1055.1930, 870.51697, 458.92984, 12556.946, 9622.3633, 6714.3838
4.0581417, 5928.9453, -1.1751415, -1716.8816, 151.80603, 11326.548, 144.32428, 495.41394, 1055.1803, 870.51392, 458.93082, 12556.932, 9622.3633, 6715.0254
4.0583105, 5929.1919, -1.1753147, -1717.1346, 151.86787, 11326.695, 144.34120, 495.43994, 1055.2336, 870.55048, 458.93698, 12556.919, 9622.3633, 6716.5078
4.0581980, 5929.0273, -1.1750593, -1716.7616, 151.84915, 11326.729, 144.33009, 495.42343, 1055.1931, 870.53241, 458.93369, 12556.911, 9622.3633, 6715.2051
4.0582809, 5929.1484, -1.1752973, -1717.1094, 151.84328, 11326.812, 144.33199, 495.43594, 1055.2275, 870.55048, 458.94186, 12556.901, 9622.3633, 6715.4146
4.0583262, 5929.2148, -1.1751521, -1716.8972, 151.85960, 11326.904, 144.33621, 495.43759, 1055.2195, 870.55078, 458.93835, 12556.895, 9622.3633, 6716.1367
4.0580902, 5928.8701, -1.1751400, -1716.8795, 151.82898, 11326.880, 144.32835, 495.41449, 1055.2278, 870.56274, 458.95441, 12556.908, 9622.3633, 6713.9126
4.0583992, 5929.3213, -1.1752554, -1717.0481, 151.86673, 11327.027, 144.34035, 495.44431, 1055.2479, 870.56665, 458.94724, 12556.907, 9622.3633, 6716.6064
4.0582685, 5929.1304, -1.1751571, -1716.9044, 151.80632, 11327.070, 144.33124, 495.43771, 1055.2192, 870.54547, 458.94519, 12556.905, 9622.3633, 6714.9170
4.0581899, 5929.0156, -1.1752191, -1716.9951, 151.79584, 11327.086, 144.32579, 495.43237, 1055.2185, 870.54517, 458.94681, 12556.901, 9622.3633, 6714.3149
4.0581837, 5929.0063, -1.1750677, -1716.7739, 151.84691, 11327.104, 144.32959, 495.41943, 1055.1918, 870.53711, 458.93423, 12556.895, 9622.3633, 6715.1787
4.0583849, 5929.3003, -1.1752923, -1717.1021, 151.83603, 11327.211, 144.33051, 495.44098, 1055.2357, 870.56067, 458.94662, 12556.892, 9622.3633, 6716.2344
4.0582862, 5929.1562, -1.1751677, -1716.9200, 151.79301, 11327.271, 144.32745, 495.43619, 1055.2175, 870.54828, 458.94693, 12556.893, 9622.3633, 6714.8877
4.0581093, 5928.8975, -1.1749884, -1716.6581, 151.80852, 11327.243, 144.31607, 495.40979, 1055.1709, 870.52393, 458.93176, 12556.884, 9622.3633, 6715.1099
4.0581651, 5928.9790, -1.1752305, -1717.0117, 151.80130, 11327.236, 144.32912, 495.42014, 1055.1951, 870.53168, 458.93375, 12556.874, 9622.3633, 6714.8438
4.0582170, 5929.0552, -1.1750998, -1716.8208, 151.81587, 11327.235, 144.31886, 495.41791, 1055.1843, 870.53046, 458.93579, 12556.867, 9622.3633, 6715.5835
4.0583048, 5929.1836, -1.1753004, -1717.1138, 151.84778, 11327.314, 144.33719, 495.43860, 1055.2377, 870.56335, 458.94318, 12556.863, 9622.3633, 6715.9712
4.0582328, 5929.0781, -1.1751125, -1716.8394, 151.79230, 11327.310, 144.32439, 495.42850, 1055.2048, 870.54010, 458.94299, 12556.861, 9622.3633, 6714.5444
4.0579338, 5928.6411, -1.1750268, -1716.7141, 151.80688, 11327.190, 144.33186, 495.39685, 1055.1975, 870.54364, 458.94073, 12556.865, 9622.3633, 6713.4292
4.0582199, 5929.0596, -1.1750922, -1716.8097, 151.81410, 11327.199, 144.31879, 495.40912, 1055.1816, 870.52942, 458.93533, 12556.858, 9622.3633, 6715.6016
4.0582399, 5929.0889, -1.1752063, -1716.9764, 151.85742, 11327.248, 144.33588, 495.42673, 1055.2095, 870.54730, 458.93259, 12556.850, 9622.3633, 6715.9814
4.0583720, 5929.2817, -1.1752329, -1717.0153, 151.85107, 11327.329, 144.33008, 495.43936, 1055.2246, 870.56104, 458.94470, 12556.852, 9622.3633, 6716.4678
4.0583777, 5929.2896, -1.1751729, -1716.9276, 151.86548, 11327.444, 144.34009, 495.44452, 1055.2448, 870.57422, 458.94559, 12556.856, 9622.3633, 6716.5723
4.0582995, 5929.1758, -1.1751670, -1716.9189, 151.79797, 11327.481, 144.32793, 495.43845, 1055.2355, 870.56415, 458.95547, 12556.871, 9622.3633, 6714.7319
4.0583348, 5929.2271, -1.1751392, -1716.8783, 151.85036, 11327.519, 144.33209, 495.43973, 1055.2297, 870.56415, 458.94547, 12556.872, 9622.3633, 6716.0640
4.0583539, 5929.2554, -1.1751627, -1716.9127, 151.83743, 11327.568, 144.33533, 495.44006, 1055.2422, 870.57263, 458.94980, 12556.883, 9622.3633, 6715.6807
4.0584397, 5929.3804, -1.1752449, -1717.0328, 151.87090, 11327.682, 144.34177, 495.45557, 1055.2642, 870.58704, 458.95352, 12556.896, 9622.3633, 6716.6973
4.0583539, 5929.2549, -1.1751283, -1716.8625, 151.84242, 11327.691, 144.33372, 495.44000, 1055.2432, 870.57812, 458.95465, 12556.913, 9622.3633, 6715.2510
4.0584345, 5929.3730, -1.1751398, -1716.8793, 151.82222, 11327.779, 144.32535, 495.44620, 1055.2262, 870.56842, 458.95239, 12556.923, 9622.3633, 6716.4800
4.0582309, 5929.0752, -1.1750550, -1716.7554, 151.85143, 11327.789, 144.33469, 495.43512, 1055.2214, 870.56415, 458.94009, 12556.920, 9622.3633, 6715.5366
4.0584211, 5929.3530, -1.1752028, -1716.9714, 151.82330, 11327.859, 144.32593, 495.44595, 1055.2300, 870.57068, 458.95212, 12556.924, 9622.3633, 6716.5928
4.0583110, 5929.1924, -1.1751353, -1716.8727, 151.79936, 11327.877, 144.32878, 495.43988, 1055.2216, 870.56097, 458.95035, 12556.933, 9622.3633, 6715.2788
4.0582962, 5929.1709, -1.1750807, -1716.7928, 151.80966, 11327.839, 144.31868, 495.43134, 1055.2043, 870.55475, 458.94662, 12556.931, 9622.3633, 6715.8110
4.0583453, 5929.2422, -1.1751597, -1716.9083, 151.80956, 11327.859, 144.31880, 495.43613, 1055.2131, 870.56006, 458.94998, 12556.934, 9622.3633, 6716.1470
4.0582461, 5929.0977, -1.1752034, -1716.9722, 151.79047, 11327.848, 144.32655, 495.43271, 1055.2214, 870.55951, 458.95117, 12556.939, 9622.3633, 6714.5854
4.0581784, 5928.9990, -1.1750956, -1716.8147, 151.85161, 11327.799, 144.33350, 495.42648, 1055.2200, 870.56366, 458.93930, 12556.936, 9622.3633, 6715.6328
4.0582433, 5929.0933, -1.1751459, -1716.8881, 151.79761, 11327.764, 144.32875, 495.42462, 1055.2209, 870.56134, 458.94937, 12556.942, 9622.3633, 6714.7627
4.0581675, 5928.9824, -1.1750066, -1716.6847, 151.81139, 11327.712, 144.32097, 495.41370, 1055.1844, 870.53802, 458.93829, 12556.937, 9622.3633, 6714.8364
4.0581594, 5928.9707, -1.1751627, -1716.9127, 151.85069, 11327.700, 144.33458, 495.42456, 1055.2236, 870.56201, 458.93915, 12556.929, 9622.3633, 6715.3013
4.0582533, 5929.1079, -1.1751626, -1716.9125, 151.83473, 11327.698, 144.33037, 495.42862, 1055.2275, 870.56433, 458.94525, 12556.926, 9622.3633, 6715.1040
4.0584908, 5929.4551, -1.1752924, -1717.1022, 151.85789, 11327.817, 144.33832, 495.45792, 1055.2654, 870.58997, 458.95554, 12556.936, 9622.3633, 6716.9360
4.0583267, 5929.2153, -1.1750827, -1716.7958, 151.79085, 11327.795, 144.32452, 495.43692, 1055.2262, 870.56494, 458.95663, 12556.953, 9622.3633, 6714.7095
4.0582204, 5929.0601, -1.1751121, -1716.8389, 151.85704, 11327.791, 144.33757, 495.43262, 1055.2286, 870.56946, 458.94098, 12556.950, 9622.3633, 6715.8076
4.0582218, 5929.0620, -1.1749332, -1716.5774, 151.80199, 11327.768, 144.31474, 495.41147, 1055.1791, 870.53967, 458.94211, 12556.952, 9622.3633, 6715.1689
4.0582547, 5929.1104, -1.1752130, -1716.9861, 151.84137, 11327.776, 144.33296, 495.42560, 1055.2205, 870.56146, 458.94083, 12556.946, 9622.3633, 6715.5576
4.0582714, 5929.1348, -1.1751164, -1716.8451, 151.86287, 11327.793, 144.33881, 495.43246, 1055.2281, 870.56714, 458.94083, 12556.942, 9622.3633, 6715.7979
4.0583367, 5929.2300, -1.1752332, -1717.0157, 151.84004, 11327.832, 144.33499, 495.44199, 1055.2598, 870.58801, 458.95758, 12556.953, 9622.3633, 6715.2690
4.0584021, 5929.3257, -1.1751238, -1716.8560, 151.84697, 11327.861, 144.33052, 495.43982, 1055.2314, 870.57489, 458.95438, 12556.970, 9622.3633, 6716.1533
4.0583677, 5929.2754, -1.1752219, -1716.9993, 151.83430, 11327.896, 144.32999, 495.44492, 1055.2441, 870.57990, 458.95578, 12556.981, 9622.3633, 6715.3521
4.0585160, 5929.4922, -1.1752683, -1717.0669, 151.85992, 11328.021, 144.33943, 495.46387, 1055.2720, 870.59772, 458.95911, 12556.992, 9622.3633, 6716.9429
4.0581412, 5928.9443, -1.1749510, -1716.6033, 151.79802, 11327.890, 144.31219, 495.41110, 1055.2235, 870.57916, 458.96805, 12557.021, 9622.3633, 6713.6133
4.0580201, 5928.7671, -1.1751063, -1716.8303, 151.79024, 11327.708, 144.32283, 495.39517, 1055.2367, 870.58533, 458.97278, 12557.052, 9622.3633, 6712.9023
4.0580730, 5928.8447, -1.1748688, -1716.4834, 151.80118, 11327.604, 144.31326, 495.38556, 1055.1514, 870.52112, 458.93362, 12557.048, 9622.3633, 6714.4248
4.0582080, 5929.0420, -1.1752459, -1717.0343, 151.85571, 11327.624, 144.33464, 495.41705, 1055.2106, 870.55139, 458.93335, 12557.033, 9622.3633, 6715.8271
4.0582151, 5929.0522, -1.1751516, -1716.8965, 151.79942, 11327.613, 144.32646, 495.42236, 1055.2079, 870.54675, 458.94272, 12557.024, 9622.3633, 6714.7559
4.0582461, 5929.0977, -1.1751149, -1716.8429, 151.84416, 11327.628, 144.32800, 495.42184, 1055.2003, 870.55005, 458.93939, 12557.018, 9622.3633, 6715.6943
4.0581784, 5928.9990, -1.1751512, -1716.8960, 151.80139, 11327.625, 144.33121, 495.42401, 1055.2095, 870.54718, 458.94119, 12557.009, 9622.3633, 6714.6401
4.0579066, 5928.6016, -1.1749930, -1716.6648, 151.76126, 11327.400, 144.31044, 495.37610, 1055.2073, 870.56689, 458.96869, 12557.034, 9622.3633, 6712.0518
4.0581412, 5928.9443, -1.1750983, -1716.8186, 151.86584, 11327.402, 144.34006, 495.40506, 1055.2101, 870.55066, 458.93130, 12557.021, 9622.3633, 6715.5098
4.0582032, 5929.0352, -1.1750624, -1716.7662, 151.81555, 11327.419, 144.32100, 495.41333, 1055.1915, 870.54022, 458.93997, 12557.013, 9622.3633, 6715.4038
