11.679638, 22.645372, 6.3325291, 9.3333035, 30.852627, 22.136490, 81.001183, 1130.3590, 852.51007
11.669792, 22.645470, 6.3000431, 9.3294220, 30.831135, 22.122053, 81.005577, 1130.3584, 852.51007
11.658944, 22.645435, 6.2665882, 9.3253117, 30.813995, 22.110235, 81.009644, 1130.3578, 852.51007
11.648937, 22.645508, 6.2352443, 9.3214655, 30.798494, 22.099411, 81.013618, 1130.3572, 852.51007
11.638982, 22.645590, 6.2047381, 9.3176756, 30.776669, 22.084831, 81.018127, 1130.3564, 852.51007
11.627549, 22.645477, 6.1722407, 9.3135128, 30.761148, 22.074030, 81.022133, 1130.3558, 852.51007
11.617535, 22.645542, 6.1430230, 9.3097830, 30.751656, 22.066853, 81.025665, 1130.3553, 852.51007
11.605994, 22.645409, 6.1114111, 9.3056431, 30.746893, 22.062521, 81.028862, 1130.3549, 852.51007
11.594488, 22.645277, 6.0802908, 9.3015270, 30.747015, 22.061123, 81.031700, 1130.3549, 852.51007
11.583056, 22.645153, 6.0496650, 9.2974405, 30.749269, 22.061020, 81.034409, 1130.3549, 852.51007
11.571027, 22.644947, 6.0180330, 9.2931757, 30.750269, 22.060190, 81.037315, 1130.3546, 852.51007
11.559382, 22.644791, 5.9874697, 9.2890301, 30.758972, 22.063982, 81.039543, 1130.3546, 852.51007
11.548189, 22.644693, 5.9581475, 9.2850285, 30.765289, 22.066368, 81.042061, 1130.3546, 852.51007
11.536674, 22.644548, 5.9284744, 9.2809372, 30.772947, 22.069572, 81.044502, 1130.3546, 852.51007
11.525084, 22.644394, 5.8989091, 9.2768269, 30.778326, 22.071430, 81.047264, 1130.3546, 852.51007
11.513605, 22.644247, 5.8698897, 9.2727575, 30.781069, 22.071722, 81.050385, 1130.3546, 852.51007
11.502510, 22.644152, 5.8419766, 9.2688093, 30.786806, 22.073824, 81.053215, 1130.3546, 852.51007
11.489525, 22.643799, 5.8103914, 9.2642984, 30.795464, 22.077682, 81.055748, 1130.3546, 852.51007
11.477413, 22.643560, 5.7809277, 9.2600536, 30.801661, 22.080093, 81.058647, 1130.3546, 852.51007
11.465908, 22.643400, 5.7530808, 9.2560005, 30.806185, 22.081520, 81.061836, 1130.3546, 852.51007
11.454428, 22.643238, 5.7256384, 9.2519703, 30.811890, 22.083670, 81.064934, 1130.3546, 852.51007
11.442969, 22.643082, 5.6985312, 9.2479534, 30.816904, 22.085419, 81.068184, 1130.3546, 852.51007
11.431128, 22.642868, 5.6705856, 9.2438021, 30.820532, 22.086359, 81.071640, 1130.3546, 852.51007
11.420228, 22.642784, 5.6443496, 9.2398949, 30.820158, 22.084927, 81.075668, 1130.3546, 852.51007
11.409159, 22.642668, 5.6178646, 9.2359304, 30.824074, 22.086071, 81.079178, 1130.3546, 852.51007
11.397239, 22.642441, 5.5898552, 9.2317133, 30.826633, 22.086418, 81.082954, 1130.3546, 852.51007
11.385887, 22.642282, 5.5632639, 9.2276649, 30.821640, 22.082272, 81.087791, 1130.3546, 852.51007
11.373894, 22.642040, 5.5355740, 9.2234344, 30.823881, 22.082466, 81.091690, 1130.3546, 852.51007
11.362651, 22.641891, 5.5096998, 9.2194300, 30.829884, 22.084913, 81.095093, 1130.3546, 852.51007
11.350257, 22.641588, 5.4816604, 9.2150822, 30.840164, 22.089931, 81.097923, 1130.3546, 852.51007
11.337849, 22.641279, 5.4538269, 9.2107325, 30.854513, 22.097387, 81.100189, 1130.3546, 852.51007
11.326065, 22.641048, 5.4264684, 9.2064877, 30.864466, 22.102243, 81.103180, 1130.3546, 852.51007
11.315644, 22.640997, 5.3990693, 9.2023916, 30.863537, 22.100616, 81.107841, 1130.3546, 852.51007
11.305027, 22.640921, 5.3709788, 9.1982002, 30.861113, 22.098110, 81.112793, 1130.3546, 852.51007
11.294590, 22.640858, 5.3434272, 9.1940584, 30.854288, 22.093002, 81.118500, 1130.3546, 852.51007
11.283433, 22.640701, 5.3150687, 9.1897402, 30.848560, 22.088562, 81.124069, 1130.3546, 852.51007
11.273919, 22.640759, 5.2897778, 9.1858702, 30.839758, 22.082296, 81.130173, 1130.3546, 852.51007
11.263455, 22.640686, 5.2628679, 9.1817284, 30.830502, 22.075775, 81.136368, 1130.3546, 852.51007
11.252509, 22.640551, 5.2351890, 9.1774445, 30.821783, 22.069590, 81.142517, 1130.3546, 852.51007
11.242333, 22.640509, 5.2089729, 9.1733665, 30.818161, 22.066456, 81.147842, 1130.3546, 852.51007
11.231392, 22.640369, 5.1817575, 9.1690922, 30.811625, 22.061600, 81.153709, 1130.3546, 852.51007
11.222133, 22.640442, 5.1575818, 9.1652670, 30.792641, 22.049328, 81.161667, 1130.3546, 852.51007
11.212220, 22.640427, 5.1327991, 9.1612940, 30.769171, 22.034395, 81.170357, 1130.3546, 852.51007
11.201476, 22.640308, 5.1068449, 9.1571026, 30.760717, 22.028429, 81.176514, 1130.3546, 852.51007
11.192307, 22.640388, 5.0836310, 9.1533203, 30.736610, 22.013134, 81.185326, 1130.3545, 852.51007
11.182380, 22.640371, 5.0597882, 9.1493797, 30.711117, 21.997026, 81.194321, 1130.3542, 852.51007
11.172127, 22.640299, 5.0359640, 9.1453829, 30.695854, 21.987032, 81.201584, 1130.3542, 852.51007
11.162897, 22.640366, 5.0134768, 9.1416111, 30.681393, 21.977530, 81.208725, 1130.3542, 852.51007
11.151767, 22.640179, 4.9876585, 9.1373100, 30.664776, 21.966743, 81.216240, 1130.3542, 852.51007
11.141376, 22.640091, 4.9627299, 9.1331606, 30.660248, 21.963196, 81.221611, 1130.3542, 852.51007
11.128654, 22.639694, 4.9341755, 9.1283970, 30.661922, 21.963364, 81.225891, 1130.3542, 852.51007
11.097591, 22.639019, 4.9024267, 9.1230726, 30.669783, 21.968523, 81.230225, 1130.3542, 852.51007
11.087586, 22.638966, 4.8784890, 9.1189995, 30.669394, 21.967484, 81.235123, 1130.3542, 852.51007
11.077914, 22.638952, 4.8553500, 9.1150179, 30.657803, 21.959772, 81.242073, 1130.3542, 852.51007
11.067803, 22.638880, 4.8319511, 9.1109476, 30.646210, 21.952080, 81.249016, 1130.3542, 852.51007
11.058311, 22.638887, 4.8101978, 9.1070766, 30.630232, 21.941776, 81.256752, 1130.3542, 852.51007
11.047829, 22.638767, 4.7875285, 9.1029921, 30.611744, 21.929979, 81.264946, 1130.3542, 852.51007
11.038750, 22.638821, 4.7682505, 9.0993509, 30.590639, 21.916630, 81.273598, 1130.3542, 852.51007
11.029105, 22.638803, 4.7487741, 9.0956116, 30.570450, 21.903841, 81.282074, 1130.3542, 852.51007
11.017859, 22.638573, 4.7267003, 9.0914412, 30.555231, 21.894024, 81.289635, 1130.3542, 852.51007
11.007561, 22.638466, 4.7070332, 9.0875750, 30.536278, 21.881983, 81.297867, 1130.3542, 852.51007
10.996553, 22.638266, 4.6863856, 9.0835266, 30.521866, 21.872671, 81.305267, 1130.3542, 852.51007
10.985706, 22.638081, 4.6665640, 9.0795555, 30.507528, 21.863405, 81.312668, 1130.3542, 852.51007
10.974652, 22.637871, 4.6466918, 9.0755396, 30.495649, 21.855619, 81.319626, 1130.3542, 852.51007
10.963251, 22.637613, 4.6263905, 9.0714378, 30.489241, 21.851109, 81.325623, 1130.3542, 852.51007
10.953020, 22.637505, 4.6081662, 9.0676432, 30.478228, 21.843855, 81.332474, 1130.3542, 852.51007
10.941292, 22.637197, 4.5870647, 9.0634079, 30.475044, 21.841290, 81.337914, 1130.3542, 852.51007
10.929959, 22.636950, 4.5674162, 9.0593376, 30.473562, 21.839760, 81.343079, 1130.3542, 852.51007
10.917693, 22.636650, 4.5473037, 9.0551682, 30.473230, 21.838974, 81.348106, 1130.3542, 852.51007
10.903759, 22.636370, 4.5279384, 9.0510731, 30.473633, 21.838778, 81.353142, 1130.3542, 852.51007
10.885919, 22.636049, 4.5081124, 9.0468836, 30.475439, 21.839716, 81.358192, 1130.3542, 852.51007
10.865371, 22.635872, 4.4913416, 9.0430908, 30.477779, 21.841297, 81.363449, 1130.3542, 852.51007
10.841165, 22.635658, 4.4739647, 9.0391941, 30.480076, 21.843115, 81.369003, 1130.3542, 852.51007
10.813290, 22.635401, 4.4561548, 9.0352173, 30.486160, 21.847475, 81.374107, 1130.3542, 852.51007
10.783525, 22.635174, 4.4389787, 9.0313120, 30.497047, 21.854876, 81.378441, 1130.3542, 852.51007
10.752721, 22.635017, 4.4232888, 9.0275936, 30.506748, 21.861708, 81.383186, 1130.3542, 852.51007
10.722184, 22.635113, 4.4123344, 9.0245066, 30.516241, 21.868557, 81.388168, 1130.3542, 852.51007
10.690624, 22.635317, 4.4034648, 9.0216961, 30.523758, 21.874380, 81.393761, 1130.3542, 852.51007
10.668199, 22.635183, 4.3881941, 9.0180216, 30.529520, 21.878229, 81.398903, 1130.3542, 852.51007
10.657971, 22.635057, 4.3725190, 9.0143156, 30.524920, 21.874939, 81.405357, 1130.3542, 852.51007
10.646781, 22.634785, 4.3541837, 9.0102301, 30.514515, 21.868174, 81.413071, 1130.3542, 852.51007
10.637117, 22.634680, 4.3379059, 9.0064688, 30.513794, 21.867191, 81.418709, 1130.3542, 852.51007
10.626628, 22.634460, 4.3182039, 9.0023117, 30.504824, 21.861286, 81.426147, 1130.3542, 852.51007
10.617242, 22.634380, 4.2986979, 8.9982958, 30.472233, 21.841284, 81.438454, 1130.3542, 852.51007
10.608323, 22.634359, 4.2801037, 8.9944057, 30.408403, 21.802628, 81.457474, 1130.3542, 852.51007
10.599159, 22.634306, 4.2616549, 8.9904833, 30.372150, 21.780439, 81.470367, 1130.3542, 852.51007
10.589497, 22.634192, 4.2420106, 8.9863873, 30.350325, 21.766880, 81.480080, 1130.3542, 852.51007
10.579720, 22.634047, 4.2221560, 8.9822483, 30.322929, 21.749998, 81.490967, 1130.3542, 852.51007
10.569704, 22.633879, 4.2022400, 8.9780617, 30.280939, 21.724400, 81.504753, 1130.3542, 852.51007
10.560928, 22.633863, 4.1846910, 8.9742174, 30.223307, 21.689445, 81.521484, 1130.3542, 852.51007
10.551766, 22.633799, 4.1669884, 8.9703035, 30.191927, 21.670187, 81.532700, 1130.3542, 852.51007
10.541429, 22.633577, 4.1474061, 8.9660692, 30.174915, 21.659523, 81.540985, 1130.3542, 852.51007
10.531759, 22.633448, 4.1294341, 8.9620447, 30.141476, 21.639042, 81.552490, 1130.3542, 852.51007
10.522254, 22.633329, 4.1127205, 8.9581337, 30.109509, 21.619446, 81.563599, 1130.3542, 852.51007
10.512811, 22.633221, 4.0970612, 8.9543104, 30.079264, 21.600887, 81.574280, 1130.3542, 852.51007
10.501874, 22.632917, 4.0790973, 8.9500961, 30.049957, 21.582893, 81.584686, 1130.3542, 852.51007
10.491662, 22.632702, 4.0631323, 8.9461288, 30.022104, 21.565769, 81.594734, 1130.3542, 852.51007
10.480840, 22.632408, 4.0464010, 8.9420109, 30.000233, 21.552235, 81.603600, 1130.3542, 852.51007
10.470492, 22.632181, 4.0312614, 8.9380798, 29.980867, 21.540207, 81.611923, 1130.3542, 852.51007
10.458833, 22.631859, 4.0149350, 8.9339523, 29.963993, 21.529726, 81.619797, 1130.3542, 852.51007
10.444888, 22.631456, 3.9975266, 8.9296494, 29.956059, 21.524736, 81.626076, 1130.3542, 852.51007
10.427699, 22.631014, 3.9797349, 8.9252672, 29.950523, 21.521423, 81.632133, 1130.3542, 852.51007
10.409205, 22.630808, 3.9664345, 8.9214859, 29.947409, 21.519817, 81.637947, 1130.3542, 852.51007
10.387678, 22.630613, 3.9535508, 8.9177418, 29.939720, 21.515718, 81.644920, 1130.3542, 852.51007
10.362839, 22.630442, 3.9413025, 8.9140701, 29.939156, 21.516174, 81.650757, 1130.3542, 852.51007
10.335839, 22.630125, 3.9265976, 8.9100485, 29.947382, 21.521986, 81.654984, 1130.3542, 852.51007
10.315473, 22.629778, 3.9110880, 8.9059143, 29.956516, 21.527807, 81.658585, 1130.3542, 852.51007
10.299716, 22.629469, 3.8961921, 8.9018650, 29.964411, 21.532545, 81.662155, 1130.3542, 852.51007
10.289371, 22.629217, 3.8818974, 8.8979177, 29.967621, 21.534107, 81.666344, 1130.3542, 852.51007
10.278419, 22.628868, 3.8660209, 8.8937340, 29.965727, 21.532604, 81.671623, 1130.3542, 852.51007
10.267845, 22.628653, 3.8527641, 8.8898916, 29.951948, 21.524052, 81.679420, 1130.3542, 852.51007
10.254987, 22.628351, 3.8383799, 8.8858652, 29.943415, 21.518776, 81.686272, 1130.3542, 852.51007
10.240976, 22.628099, 3.8250980, 8.8819723, 29.933659, 21.512886, 81.693481, 1130.3542, 852.51007
10.226007, 22.627724, 3.8097920, 8.8777876, 29.924082, 21.507120, 81.700684, 1130.3542, 852.51007
10.208136, 22.627523, 3.7978818, 8.8740511, 29.908461, 21.498068, 81.709473, 1130.3542, 852.51007
10.185279, 22.627327, 3.7863472, 8.8703489, 29.905319, 21.496889, 81.716026, 1130.3542, 852.51007
10.157187, 22.627239, 3.7769005, 8.8669128, 29.898506, 21.493994, 81.723854, 1130.3542, 852.51007
10.128150, 22.627214, 3.7687445, 8.8636456, 29.894951, 21.493162, 81.731140, 1130.3542, 852.51007
10.106081, 22.627693, 3.7666652, 8.8613768, 29.888441, 21.490318, 81.738861, 1130.3542, 852.51007
10.097064, 22.627541, 3.7518442, 8.8574314, 29.850298, 21.467127, 81.751968, 1130.3542, 852.51007
10.083771, 22.626835, 3.7288449, 8.8522568, 29.810278, 21.442812, 81.765160, 1130.3542, 852.51007
10.075500, 22.626776, 3.7140250, 8.8483868, 29.773039, 21.420170, 81.777718, 1130.3542, 852.51007
10.067509, 22.626749, 3.6999958, 8.8446074, 29.719267, 21.387609, 81.793533, 1130.3542, 852.51007
10.058437, 22.626589, 3.6851897, 8.8406200, 29.658716, 21.350973, 81.810349, 1130.3542, 852.51007
10.049494, 22.626440, 3.6716290, 8.8367434, 29.607599, 21.319990, 81.824936, 1130.3542, 852.51007
10.039779, 22.626190, 3.6574266, 8.8327074, 29.558836, 21.290417, 81.838753, 1130.3542, 852.51007
10.030967, 22.626051, 3.6448107, 8.8289089, 29.525990, 21.270397, 81.849335, 1130.3542, 852.51007
10.022597, 22.625961, 3.6315892, 8.8251095, 29.484489, 21.245178, 81.861397, 1130.3542, 852.51007
10.012477, 22.625650, 3.6149776, 8.8207979, 29.428768, 21.211418, 81.875862, 1130.3542, 852.51007
10.005740, 22.625772, 3.6037502, 8.8173561, 29.368332, 21.174822, 81.890770, 1130.3542, 852.51007
9.9970522, 22.625639, 3.5889804, 8.8133640, 29.293434, 21.129524, 81.907585, 1130.3542, 852.51007
9.9877729, 22.625429, 3.5733140, 8.8092146, 29.231995, 21.092304, 81.921692, 1130.3542, 852.51007
9.9793949, 22.625330, 3.5591524, 8.8052959, 29.175556, 21.058075, 81.934608, 1130.3542, 852.51007
9.9704628, 22.625164, 3.5442190, 8.8012371, 29.121199, 21.025097, 81.946808, 1130.3542, 852.51007
9.9611044, 22.624943, 3.5287824, 8.7970715, 29.071774, 20.995077, 81.957954, 1130.3542, 852.51007
9.9532881, 22.624912, 3.5160797, 8.7933178, 29.030712, 20.970091, 81.967575, 1130.3542, 852.51007
9.9454985, 22.624887, 3.5042486, 8.7896328, 28.959652, 20.927042, 81.981354, 1130.3538, 852.51007
9.9370279, 22.624769, 3.4924123, 8.7858562, 28.899492, 20.890533, 81.993034, 1130.3535, 852.51007
9.9278793, 22.624563, 3.4802814, 8.7819624, 28.843357, 20.856445, 82.003761, 1130.3534, 852.51007
9.9187908, 22.624367, 3.4689665, 8.7781372, 28.792858, 20.825748, 82.013420, 1130.3533, 852.51007
9.9090824, 22.624086, 3.4568896, 8.7741613, 28.765404, 20.808939, 82.019852, 1130.3533, 852.51007
9.8988733, 22.623741, 3.4439940, 8.7700481, 28.744188, 20.795887, 82.025414, 1130.3533, 852.51007
9.8885117, 22.623373, 3.4308932, 8.7658911, 28.727903, 20.785810, 82.030304, 1130.3533, 852.51007
9.8788385, 22.623089, 3.4194045, 8.7619467, 28.705753, 20.772202, 82.035942, 1130.3533, 852.51007
9.8699751, 22.622910, 3.4098966, 8.7582655, 28.684536, 20.759157, 82.041420, 1130.3533, 852.51007
9.8596392, 22.622549, 3.3974795, 8.7541580, 28.657574, 20.742655, 82.047569, 1130.3533, 852.51007
9.8501997, 22.622303, 3.3868680, 8.7503080, 28.639273, 20.731384, 82.052589, 1130.3533, 852.51007
9.8404045, 22.621992, 3.3751972, 8.7463102, 28.603840, 20.709774, 82.059669, 1130.3533, 852.51007
9.8315239, 22.621803, 3.3656921, 8.7426014, 28.560900, 20.683632, 82.067513, 1130.3533, 852.51007
9.8222561, 22.621563, 3.3551970, 8.7387495, 28.527260, 20.663097, 82.074066, 1130.3533, 852.51007
9.8119497, 22.621185, 3.3425300, 8.7345839, 28.494341, 20.642994, 82.080414, 1130.3533, 852.51007
9.8032970, 22.621014, 3.3333774, 8.7309113, 28.451178, 20.616707, 82.087799, 1130.3529, 852.51007
9.7935190, 22.620699, 3.3210752, 8.7268324, 28.405748, 20.589054, 82.095222, 1130.3528, 852.51007
9.7852345, 22.620569, 3.3099141, 8.7230301, 28.344790, 20.552006, 82.103928, 1130.3528, 852.51007
9.7780628, 22.620579, 3.2994530, 8.7194176, 28.246334, 20.492277, 82.115829, 1130.3518, 852.51007
9.7688484, 22.620337, 3.2863550, 8.7153234, 28.166197, 20.443604, 82.125023, 1130.3510, 852.51007
9.7609558, 22.620253, 3.2752669, 8.7115555, 28.089334, 20.396881, 82.133186, 1130.3503, 852.51007
9.7523222, 22.620075, 3.2623827, 8.7075405, 28.012844, 20.350368, 82.140526, 1130.3497, 852.51007
9.7435369, 22.619877, 3.2493062, 8.7034826, 27.942316, 20.307444, 82.146866, 1130.3485, 852.51007
9.7356958, 22.619793, 3.2378039, 8.6996660, 27.873684, 20.265652, 82.152473, 1130.3475, 852.51007
9.7279892, 22.619726, 3.2266586, 8.6958904, 27.798347, 20.219784, 82.157257, 1130.3461, 852.51007
9.7190876, 22.619507, 3.2135882, 8.6918001, 27.734104, 20.180614, 82.161461, 1130.3439, 852.51007
9.7109575, 22.619381, 3.2018349, 8.6879091, 27.659996, 20.135452, 82.165573, 1130.3417, 852.51007
9.7043381, 22.619442, 3.1927152, 8.6844196, 27.571634, 20.081621, 82.169563, 1130.3387, 852.51007
9.6958027, 22.619263, 3.1804285, 8.6804209, 27.500280, 20.038092, 82.172165, 1130.3358, 852.51007
9.6876535, 22.619129, 3.1689105, 8.6765299, 27.426607, 19.993134, 82.174210, 1130.3329, 852.51007
9.6810312, 22.619190, 3.1598203, 8.6730280, 27.353703, 19.948620, 82.175606, 1130.3300, 852.51007
9.6732206, 22.619106, 3.1489694, 8.6692209, 27.276846, 19.901684, 82.176422, 1130.3270, 852.51007
9.6656227, 22.619034, 3.1385684, 8.6654730, 27.197729, 19.853354, 82.176445, 1130.3241, 852.51007
9.6576090, 22.618919, 3.1277132, 8.6616306, 27.119627, 19.805613, 82.175827, 1130.3212, 852.51007
9.6503811, 22.618893, 3.1180193, 8.6579771, 27.039671, 19.756727, 82.174347, 1130.3182, 852.51007
9.6430683, 22.618858, 3.1085610, 8.6543274, 26.965965, 19.711626, 82.172356, 1130.3153, 852.51007
9.6357756, 22.618826, 3.0997899, 8.6507320, 26.875393, 19.656225, 82.169121, 1130.3116, 852.51007
9.6290674, 22.618866, 3.0929301, 8.6473656, 26.788414, 19.602980, 82.165054, 1130.3080, 852.51007
9.6209955, 22.618725, 3.0844915, 8.6436892, 26.710314, 19.555120, 82.160530, 1130.3044, 852.51007
9.6128969, 22.618578, 3.0765135, 8.6400442, 26.643850, 19.514339, 82.155952, 1130.3010, 852.51007
9.6042032, 22.618361, 3.0672712, 8.6362143, 26.584896, 19.478128, 82.151337, 1130.2976, 852.51007
9.5964117, 22.618252, 3.0602179, 8.6326742, 26.518827, 19.437555, 82.145813, 1130.2943, 852.51007
9.5872984, 22.617973, 3.0510955, 8.6287918, 26.464111, 19.403906, 82.140587, 1130.2909, 852.51007
9.5783758, 22.617727, 3.0429192, 8.6250057, 26.413128, 19.372528, 82.135307, 1130.2891, 852.51007
9.5696039, 22.617485, 3.0341923, 8.6211920, 26.379313, 19.351631, 82.131134, 1130.2870, 852.51007
9.5808535, 22.619806, 3.0635974, 8.6230659, 26.334320, 19.323891, 82.125885, 1130.2841, 852.51007
9.5937700, 22.622349, 3.0881031, 8.6247683, 26.281813, 19.291523, 82.119347, 1130.2811, 852.51007
9.6058540, 22.624788, 3.1087837, 8.6260643, 26.222982, 19.255262, 82.111610, 1130.2782, 852.51007
9.6200409, 22.627493, 3.1327012, 8.6279078, 26.154909, 19.213318, 82.102814, 1130.2753, 852.51007
9.6395035, 22.630882, 3.1654701, 8.6311731, 26.075027, 19.164101, 82.092484, 1130.2716, 852.51007
9.6589785, 22.634277, 3.1978405, 8.6344290, 26.003448, 19.119921, 82.082291, 1130.2687, 852.51007
9.6755457, 22.637308, 3.2249577, 8.6369047, 25.936628, 19.078611, 82.071960, 1130.2655, 852.51007
9.6923962, 22.640373, 3.2540293, 8.6395960, 25.851458, 19.026014, 82.058777, 1130.2615, 852.51007
9.7073421, 22.643204, 3.2827497, 8.6420355, 25.776480, 18.979620, 82.046120, 1130.2577, 852.51007
9.7185841, 22.645555, 3.3078101, 8.6437263, 25.707951, 18.937143, 82.033630, 1130.2539, 852.51007
9.7266054, 22.647505, 3.3293934, 8.6447372, 25.643982, 18.897429, 82.021240, 1130.2500, 852.51007
9.7329340, 22.649240, 3.3492558, 8.6454029, 25.588312, 18.862774, 82.009605, 1130.2461, 852.51007
9.7378092, 22.650782, 3.3674493, 8.6457605, 25.536701, 18.830595, 81.998268, 1130.2424, 852.51007
9.7400723, 22.651995, 3.3813651, 8.6454449, 25.492186, 18.802752, 81.987747, 1130.2388, 852.51007
9.7441444, 22.653440, 3.3993282, 8.6457043, 25.455936, 18.779972, 81.978355, 1130.2354, 852.51007
9.7495346, 22.655056, 3.4202149, 8.6463861, 25.419390, 18.756987, 81.968773, 1130.2319, 852.51007
9.7517614, 22.656288, 3.4352543, 8.6462145, 25.384125, 18.734779, 81.959229, 1130.2285, 852.51007
9.7513371, 22.657251, 3.4461601, 8.6454506, 25.352167, 18.714638, 81.950089, 1130.2250, 852.51007
9.7472610, 22.657959, 3.4530141, 8.6441069, 25.323900, 18.696882, 81.941368, 1130.2224, 852.51007
9.7551689, 22.660110, 3.4821627, 8.6460342, 25.290956, 18.676182, 81.931816, 1130.2200, 852.51007
9.7691727, 22.662830, 3.5195565, 8.6492357, 25.239103, 18.643682, 81.918800, 1130.2159, 852.51007
9.7737312, 22.664351, 3.5382807, 8.6497202, 25.189451, 18.612513, 81.905853, 1130.2118, 852.51007
9.7725935, 22.665247, 3.5470798, 8.6487694, 25.150772, 18.588139, 81.894608, 1130.2081, 852.51007
9.7646437, 22.665682, 3.5483844, 8.6467505, 25.122828, 18.570591, 81.885025, 1130.2054, 852.51007
9.7495279, 22.665823, 3.5448222, 8.6440420, 25.094330, 18.553057, 81.874939, 1130.2030, 852.51007
9.7291384, 22.665819, 3.5387802, 8.6409807, 25.066559, 18.536268, 81.864624, 1130.2007, 852.51007
9.7039137, 22.665703, 3.5308623, 8.6376553, 25.038628, 18.519659, 81.853951, 1130.1982, 852.51007
9.6741343, 22.665489, 3.5213168, 8.6340923, 25.017914, 18.507774, 81.844376, 1130.1962, 852.51007
9.6402130, 22.665182, 3.5101538, 8.6303005, 25.000172, 18.497972, 81.835167, 1130.1942, 852.51007
9.6034164, 22.664812, 3.4980271, 8.6263657, 24.995472, 18.496384, 81.828300, 1130.1930, 852.51007
9.5642586, 22.664400, 3.4851673, 8.6223202, 24.985373, 18.491619, 81.820358, 1130.1914, 852.51007
9.5226164, 22.663935, 3.4714928, 8.6181507, 24.976063, 18.487492, 81.812477, 1130.1898, 852.51007
9.4791069, 22.663424, 3.4571238, 8.6138763, 24.959967, 18.479294, 81.803291, 1130.1880, 852.51007
9.5106592, 22.669029, 3.5408921, 8.6237774, 24.932098, 18.461861, 81.793678, 1130.1854, 852.51007
9.5547209, 22.675537, 3.6204917, 8.6342754, 24.886354, 18.432934, 81.780655, 1130.1820, 852.51007
9.5944853, 22.681503, 3.6807818, 8.6426792, 24.815109, 18.388205, 81.762375, 1130.1776, 852.51007
9.6217585, 22.685886, 3.7212272, 8.6478958, 24.734684, 18.337749, 81.741486, 1130.1725, 852.51013
9.6410818, 22.689257, 3.7499509, 8.6511631, 24.621483, 18.266985, 81.712540, 1130.1656, 852.51031
9.6585493, 22.692392, 3.7763393, 8.6540222, 24.540489, 18.216074, 81.689339, 1130.1602, 852.51038
9.6785250, 22.695854, 3.8058791, 8.6574802, 24.474825, 18.174597, 81.668823, 1130.1555, 852.51038
9.7023697, 22.699814, 3.8399303, 8.6618252, 24.420309, 18.139982, 81.649864, 1130.1512, 852.51038
9.7265797, 22.703833, 3.8744004, 8.6662731, 24.353054, 18.097441, 81.627853, 1130.1464, 852.51038
9.7502251, 22.707790, 3.9081035, 8.6706114, 24.292681, 18.059122, 81.606995, 1130.1416, 852.51038
9.7722254, 22.711540, 3.9392364, 8.6745510, 24.225079, 18.016287, 81.583710, 1130.1359, 852.51038
9.7894840, 22.714689, 3.9644444, 8.6774244, 24.128853, 17.955667, 81.552155, 1130.1289, 852.51056
9.8015890, 22.717171, 3.9843404, 8.6792202, 24.021988, 17.888380, 81.516319, 1130.1211, 852.51086
9.8115692, 22.719385, 4.0029802, 8.6806564, 23.964371, 17.851608, 81.493271, 1130.1165, 852.51086
9.8358860, 22.723452, 4.0390162, 8.6853638, 23.890219, 17.804533, 81.464752, 1130.1097, 852.51086
9.8573437, 22.727150, 4.0690103, 8.6892319, 23.810461, 17.753918, 81.433800, 1130.1024, 852.51086
9.8757048, 22.730453, 4.0954890, 8.6924391, 23.723814, 17.698980, 81.399826, 1130.0945, 852.51093
9.8970041, 22.734140, 4.1244740, 8.6962471, 23.656050, 17.655729, 81.370834, 1130.0879, 852.51093
9.9176073, 22.737759, 4.1518874, 8.6998672, 23.588268, 17.612436, 81.340950, 1130.0808, 852.51093
9.9336767, 22.740784, 4.1729584, 8.7023954, 23.495453, 17.553511, 81.302261, 1130.0720, 852.51105
9.9438553, 22.743059, 4.1866727, 8.7035799, 23.393591, 17.488897, 81.259186, 1130.0623, 852.51129
9.9575500, 22.745785, 4.2049346, 8.7055950, 23.309919, 17.435560, 81.221161, 1130.0538, 852.51129
9.9763927, 22.749187, 4.2290344, 8.7087631, 23.249861, 17.396904, 81.190742, 1130.0475, 852.51129
9.9946165, 22.752506, 4.2520843, 8.7117834, 23.171116, 17.346563, 81.152855, 1130.0392, 852.51141
10.008636, 22.755297, 4.2695999, 8.7138300, 23.079588, 17.288191, 81.109261, 1130.0297, 852.51154
10.017476, 22.757418, 4.2813444, 8.7147522, 22.988214, 17.229874, 81.064514, 1130.0197, 852.51172
10.026958, 22.759621, 4.2964425, 8.7160416, 22.933002, 17.194098, 81.033058, 1130.0126, 852.51172
10.036423, 22.761826, 4.3128238, 8.7174482, 22.881374, 17.160536, 81.002617, 1130.0055, 852.51172
10.044413, 22.763844, 4.3274632, 8.7185364, 22.825729, 17.124435, 80.970184, 1129.9989, 852.51172
10.051679, 22.765772, 4.3415756, 8.7194939, 22.772326, 17.089714, 80.938240, 1129.9924, 852.51172
10.058364, 22.767622, 4.3558187, 8.7204046, 22.727772, 17.060509, 80.909592, 1129.9867, 852.51172
10.063150, 22.769236, 4.3674836, 8.7208710, 22.685970, 17.033003, 80.881828, 1129.9811, 852.51172
10.065559, 22.770535, 4.3751392, 8.7207088, 22.647850, 17.007784, 80.855408, 1129.9755, 852.51172
10.065806, 22.771568, 4.3789487, 8.7199631, 22.610046, 16.982758, 80.828934, 1129.9697, 852.51172
10.063962, 22.772356, 4.3791714, 8.7186813, 22.572695, 16.958017, 80.802444, 1129.9640, 852.51172
10.067060, 22.773781, 4.3892570, 8.7188482, 22.559355, 16.948307, 80.786102, 1129.9607, 852.51172
10.074887, 22.775789, 4.4078546, 8.7202978, 22.528809, 16.927788, 80.762459, 1129.9559, 852.51172
10.081680, 22.777666, 4.4240584, 8.7214279, 22.498583, 16.907457, 80.738808, 1129.9514, 852.51172
10.093983, 22.780256, 4.4492006, 8.7240143, 22.452833, 16.877382, 80.708328, 1129.9454, 852.51172
10.099089, 22.781919, 4.4611073, 8.7246017, 22.415798, 16.852747, 80.681343, 1129.9397, 852.51172
10.100925, 22.783165, 4.4670839, 8.7242918, 22.375685, 16.826172, 80.652855, 1129.9337, 852.51172
10.100212, 22.784082, 4.4683414, 8.7232771, 22.341400, 16.803244, 80.626762, 1129.9280, 852.51172
10.097269, 22.784750, 4.4658685, 8.7217054, 22.311365, 16.782993, 80.602371, 1129.9226, 852.51172
10.091524, 22.785206, 4.4601932, 8.7196579, 22.286093, 16.765795, 80.579834, 1129.9175, 852.51172
10.082198, 22.785496, 4.4520407, 8.7172451, 22.265358, 16.751608, 80.558929, 1129.9125, 852.51172
10.068314, 22.785641, 4.4415708, 8.7144899, 22.249165, 16.740503, 80.539497, 1129.9077, 852.51172
10.049993, 22.785669, 4.4292173, 8.7114563, 22.230688, 16.728214, 80.518555, 1129.9026, 852.51172
10.053109, 22.787291, 4.4435067, 8.7122021, 22.208593, 16.713041, 80.497475, 1129.8978, 852.51172
10.057502, 22.788912, 4.4572182, 8.7129021, 22.190813, 16.700464, 80.478432, 1129.8938, 852.51172
10.062099, 22.790504, 4.4701352, 8.7135229, 22.171255, 16.686739, 80.458656, 1129.8894, 852.51172
10.062430, 22.791615, 4.4755526, 8.7130518, 22.160227, 16.678392, 80.442574, 1129.8856, 852.51172
10.060517, 22.792549, 4.4783030, 8.7121964, 22.150433, 16.670876, 80.426941, 1129.8820, 852.51172
10.057965, 22.793470, 4.4809489, 8.7113199, 22.138168, 16.661842, 80.410172, 1129.8781, 852.51172
10.049408, 22.794031, 4.4774828, 8.7095776, 22.129690, 16.655401, 80.394646, 1129.8741, 852.51172
10.034021, 22.794291, 4.4690671, 8.7071304, 22.121305, 16.649336, 80.378517, 1129.8699, 852.51172
10.011667, 22.794315, 4.4565992, 8.7041063, 22.120813, 16.648575, 80.365105, 1129.8662, 852.51172
9.9833364, 22.794172, 4.4413419, 8.7006826, 22.119667, 16.647736, 80.350830, 1129.8624, 852.51172
9.9828892, 22.796097, 4.4608860, 8.7021742, 22.117741, 16.645603, 80.338120, 1129.8591, 852.51172
10.032104, 22.803413, 4.5485911, 8.7146502, 22.093864, 16.629133, 80.317200, 1129.8541, 852.51172
10.064911, 22.808643, 4.5951004, 8.7216988, 22.046583, 16.597939, 80.286018, 1129.8468, 852.51172
10.082552, 22.811913, 4.6155229, 8.7246742, 21.983065, 16.556519, 80.247353, 1129.8383, 852.51172
10.095629, 22.814598, 4.6286035, 8.7264738, 21.919592, 16.515095, 80.208115, 1129.8296, 852.51172
10.104550, 22.816771, 4.6374159, 8.7274160, 21.853502, 16.472006, 80.167099, 1129.8202, 852.51172
10.113295, 22.818897, 4.6481862, 8.7284908, 21.802492, 16.438354, 80.132347, 1129.8121, 852.51172
10.120793, 22.820873, 4.6588593, 8.7294092, 21.753382, 16.405880, 80.098083, 1129.8037, 852.51172
10.136133, 22.823858, 4.6822238, 8.7323866, 21.712858, 16.378784, 80.067451, 1129.7970, 852.51172
10.149090, 22.826597, 4.7032824, 8.7349377, 21.671373, 16.351078, 80.036049, 1129.7900, 852.51172
10.159397, 22.828972, 4.7208462, 8.7368517, 21.636513, 16.327509, 80.007523, 1129.7841, 852.51172
10.166620, 22.831121, 4.7364311, 8.7383862, 21.614464, 16.312075, 79.984673, 1129.7788, 852.51172
10.171598, 22.833113, 4.7508330, 8.7396746, 21.597837, 16.300100, 79.964165, 1129.7737, 852.51172
10.173368, 22.834814, 4.7618566, 8.7404127, 21.584541, 16.290281, 79.945061, 1129.7687, 852.51172
10.174474, 22.836329, 4.7706065, 8.7407856, 21.571884, 16.280798, 79.926414, 1129.7637, 852.51172
10.175662, 22.837664, 4.7769799, 8.7407932, 21.558798, 16.270948, 79.907860, 1129.7587, 852.51172
10.174939, 22.838774, 4.7799015, 8.7402878, 21.549442, 16.263449, 79.891037, 1129.7542, 852.51172
10.173119, 22.839762, 4.7810726, 8.7395220, 21.543612, 16.258171, 79.875885, 1129.7501, 852.51172
10.169833, 22.840639, 4.7805967, 8.7385082, 21.542582, 16.255959, 79.862923, 1129.7466, 852.51172
10.165875, 22.841614, 4.7817974, 8.7377348, 21.552402, 16.260672, 79.854759, 1129.7438, 852.51172
10.163966, 22.842899, 4.7880445, 8.7376862, 21.560738, 16.264475, 79.845963, 1129.7407, 852.51172
10.160600, 22.844002, 4.7915688, 8.7372360, 21.559649, 16.262346, 79.833000, 1129.7368, 852.51172
10.150886, 22.844723, 4.7887139, 8.7358828, 21.558407, 16.260355, 79.819542, 1129.7332, 852.51172
10.134871, 22.845161, 4.7810378, 8.7338438, 21.559126, 16.259878, 79.806389, 1129.7303, 852.51172
10.114504, 22.845396, 4.7701607, 8.7313471, 21.559618, 16.259457, 79.792793, 1129.7273, 852.51172
10.090482, 22.845516, 4.7572608, 8.7285585, 21.565653, 16.262716, 79.781311, 1129.7242, 852.51172
10.062719, 22.845535, 4.7426939, 8.7255287, 21.574640, 16.268045, 79.770798, 1129.7223, 852.51172
10.031114, 22.845486, 4.7269702, 8.7223234, 21.584700, 16.274279, 79.760391, 1129.7203, 852.51172
9.9974718, 22.845394, 4.7106671, 8.7190228, 21.595982, 16.281414, 79.750404, 1129.7185, 852.51172
9.9632559, 22.845276, 4.6940527, 8.7156630, 21.607334, 16.288628, 79.740517, 1129.7167, 852.51172
9.9276562, 22.845121, 4.6769323, 8.7122164, 21.620571, 16.297119, 79.731377, 1129.7152, 852.51172
9.8905516, 22.844934, 4.6593785, 8.7086964, 21.636337, 16.307295, 79.723236, 1129.7139, 852.51172
9.8522654, 22.844723, 4.6414938, 8.7051163, 21.655931, 16.319958, 79.716621, 1129.7130, 852.51172
9.8127031, 22.844463, 4.6230440, 8.7014389, 21.675375, 16.332603, 79.709938, 1129.7119, 852.51172
9.8157129, 22.847557, 4.6612592, 8.7057552, 21.689407, 16.340729, 79.703552, 1129.7100, 852.51172
9.8384876, 22.852062, 4.7207561, 8.7132473, 21.698153, 16.344900, 79.696350, 1129.7070, 852.51172
9.8747110, 22.858303, 4.7963977, 8.7238312, 21.698523, 16.343781, 79.685974, 1129.7041, 852.51172
9.8987360, 22.863255, 4.8437834, 8.7308369, 21.692785, 16.338930, 79.673019, 1129.7010, 852.51172
9.9153681, 22.867378, 4.8718996, 8.7354488, 21.681768, 16.330801, 79.657921, 1129.6974, 852.51172
9.9280453, 22.870625, 4.8890295, 8.7382994, 21.665493, 16.319164, 79.641273, 1129.6935, 852.51172
9.9386892, 22.873457, 4.9008780, 8.7403145, 21.649035, 16.307318, 79.624710, 1129.6895, 852.51172
9.9527779, 22.876467, 4.9154787, 8.7427397, 21.618479, 16.286472, 79.603157, 1129.6843, 852.51172
9.9665613, 22.879433, 4.9302964, 8.7451391, 21.591696, 16.267979, 79.582939, 1129.6793, 852.51172
9.9791632, 22.882250, 4.9448452, 8.7473831, 21.562054, 16.247675, 79.561539, 1129.6741, 852.51172
9.9897118, 22.884790, 4.9574146, 8.7491941, 21.533527, 16.228046, 79.540428, 1129.6688, 852.51172
9.9979019, 22.887053, 4.9677606, 8.7505522, 21.508461, 16.210590, 79.520538, 1129.6638, 852.51172
10.006235, 22.889189, 4.9777465, 8.7517710, 21.491077, 16.197884, 79.503647, 1129.6597, 852.51172
10.013036, 22.891142, 4.9859953, 8.7526684, 21.471874, 16.184032, 79.486031, 1129.6554, 852.51172
10.019645, 22.893080, 4.9947171, 8.7535992, 21.459480, 16.174456, 79.470985, 1129.6516, 852.51172
10.026876, 22.895117, 5.0051322, 8.7547569, 21.449320, 16.166281, 79.456833, 1129.6479, 852.51172
10.033546, 22.897104, 5.0155101, 8.7558756, 21.434639, 16.155277, 79.440971, 1129.6438, 852.51172
10.038905, 22.898899, 5.0235314, 8.7566137, 21.424061, 16.146828, 79.426697, 1129.6398, 852.51172
10.043581, 22.900618, 5.0310922, 8.7572432, 21.413813, 16.138590, 79.412552, 1129.6357, 852.51172
10.047631, 22.902277, 5.0382786, 8.7577925, 21.410416, 16.134661, 79.400993, 1129.6324, 852.51172
10.068002, 22.905996, 5.0632043, 8.7618475, 21.394053, 16.122555, 79.384689, 1129.6277, 852.51172
10.076085, 22.908234, 5.0663280, 8.7626410, 21.371956, 16.106895, 79.366058, 1129.6218, 852.51172
10.077882, 22.909943, 5.0629835, 8.7623796, 21.355690, 16.095039, 79.349251, 1129.6162, 852.51172
10.082391, 22.911993, 5.0638733, 8.7628031, 21.338411, 16.082546, 79.332161, 1129.6121, 852.51172
10.087546, 22.914116, 5.0656419, 8.7633715, 21.321505, 16.070276, 79.315262, 1129.6077, 852.51172
10.096905, 22.916500, 5.0705934, 8.7644596, 21.297483, 16.053389, 79.295990, 1129.6018, 852.51172
10.108022, 22.918974, 5.0771217, 8.7657681, 21.261660, 16.029001, 79.272385, 1129.5948, 852.51172
10.116817, 22.921127, 5.0805745, 8.7665138, 21.228302, 16.006145, 79.249535, 1129.5883, 852.51172
10.115758, 22.922859, 5.0792470, 8.7664480, 21.218073, 15.998266, 79.234467, 1129.5841, 852.51172
10.093285, 22.923962, 5.0701756, 8.7651215, 21.226286, 16.003103, 79.224197, 1129.5812, 852.51172
10.064459, 22.925043, 5.0613241, 8.7637835, 21.239227, 16.011335, 79.215012, 1129.5782, 852.51172
10.057069, 22.927252, 5.0681376, 8.7648563, 21.242411, 16.012583, 79.204048, 1129.5748, 852.51172
10.056979, 22.929552, 5.0769477, 8.7661915, 21.242046, 16.011150, 79.192772, 1129.5717, 852.51172
10.041946, 22.931068, 5.0755939, 8.7659140, 21.251093, 16.016232, 79.183800, 1129.5687, 852.51172
10.021029, 22.932383, 5.0719128, 8.7652416, 21.264801, 16.024529, 79.176056, 1129.5658, 852.51172
10.010650, 22.934212, 5.0763369, 8.7657442, 21.273384, 16.029167, 79.167496, 1129.5625, 852.51172
10.006138, 22.936180, 5.0839262, 8.7666578, 21.279005, 16.031626, 79.158554, 1129.5592, 852.51172
10.002562, 22.938097, 5.0912848, 8.7674980, 21.285198, 16.034338, 79.150085, 1129.5559, 852.51172
9.9972134, 22.939871, 5.0972271, 8.7680845, 21.294064, 16.038776, 79.142509, 1129.5527, 852.51172
9.9863491, 22.941351, 5.0992126, 8.7680569, 21.308960, 16.047218, 79.136635, 1129.5507, 852.51172
9.9739065, 22.942766, 5.1005731, 8.7679119, 21.323668, 16.055613, 79.130669, 1129.5492, 852.51172
9.9541121, 22.943853, 5.0973415, 8.7670717, 21.342958, 16.067221, 79.125732, 1129.5480, 852.51172
9.9382868, 22.945070, 5.0964689, 8.7665510, 21.359169, 16.076691, 79.120277, 1129.5468, 852.51172
9.9175129, 22.946184, 5.0937166, 8.7657700, 21.378538, 16.088430, 79.115440, 1129.5449, 852.51172
9.9136553, 22.948980, 5.1104779, 8.7682676, 21.389315, 16.094524, 79.108521, 1129.5420, 852.51172
9.9042978, 22.951389, 5.1187515, 8.7696915, 21.399265, 16.100262, 79.101212, 1129.5391, 852.51172
9.8827238, 22.952877, 5.1156697, 8.7692709, 21.414101, 16.109402, 79.094894, 1129.5360, 852.51172
9.8591471, 22.954205, 5.1114850, 8.7685947, 21.430008, 16.119276, 79.088921, 1129.5337, 852.51172
9.8454723, 22.955986, 5.1148515, 8.7689962, 21.443111, 16.126965, 79.082924, 1129.5314, 852.51172
9.8422842, 22.958046, 5.1233625, 8.7701015, 21.452065, 16.131474, 79.076698, 1129.5284, 852.51172
9.8305092, 22.959658, 5.1261573, 8.7702913, 21.466074, 16.139500, 79.071457, 1129.5273, 852.51172
9.8197269, 22.961262, 5.1295948, 8.7705269, 21.480278, 16.147579, 79.066452, 1129.5262, 852.51172
9.8065081, 22.962730, 5.1318383, 8.7705345, 21.496387, 16.156940, 79.061920, 1129.5255, 852.51172
9.7896852, 22.964008, 5.1317830, 8.7701635, 21.514614, 16.167774, 79.057808, 1129.5248, 852.51172
9.7723417, 22.965248, 5.1316614, 8.7697411, 21.533148, 16.178814, 79.053879, 1129.5240, 852.51172
9.7583675, 22.966579, 5.1337624, 8.7696047, 21.551434, 16.189529, 79.050224, 1129.5233, 852.51172
9.7459574, 22.967888, 5.1359529, 8.7694550, 21.569338, 16.199883, 79.046677, 1129.5227, 852.51172
9.7308836, 22.969051, 5.1359839, 8.7689743, 21.588707, 16.211250, 79.043434, 1129.5221, 852.51172
9.7077532, 22.969845, 5.1302271, 8.7676601, 21.611816, 16.225328, 79.040703, 1129.5216, 852.51172
9.6828222, 22.970556, 5.1233754, 8.7661715, 21.635693, 16.239969, 79.038139, 1129.5211, 852.51172
9.6604624, 22.971272, 5.1169271, 8.7647152, 21.659088, 16.254147, 79.035736, 1129.5206, 852.51172
9.6482935, 22.972191, 5.1143003, 8.7637739, 21.677488, 16.264605, 79.033035, 1129.5200, 852.51172
9.6319284, 22.972828, 5.1070337, 8.7621717, 21.696833, 16.275797, 79.030457, 1129.5194, 852.51172
9.6145315, 22.973358, 5.0980201, 8.7603073, 21.716366, 16.287119, 79.027977, 1129.5189, 852.51172
9.6006269, 22.973907, 5.0897555, 8.7585306, 21.731842, 16.295692, 79.025040, 1129.5182, 852.51172
9.5874491, 22.974377, 5.0802174, 8.7565613, 21.746477, 16.303654, 79.022118, 1129.5176, 852.51172
9.5716763, 22.974684, 5.0679436, 8.7541933, 21.763161, 16.312994, 79.019592, 1129.5170, 852.51172
9.5524092, 22.974836, 5.0531445, 8.7514591, 21.783436, 16.324745, 79.017616, 1129.5170, 852.51172
9.5334196, 22.975328, 5.0438361, 8.7495070, 21.804688, 16.337284, 79.015717, 1129.5170, 852.51172
9.5331097, 22.977518, 5.0603294, 8.7513742, 21.818172, 16.344597, 79.012970, 1129.5162, 852.51172
9.5513277, 22.982050, 5.0950980, 8.7570868, 21.817644, 16.343132, 79.008064, 1129.5133, 852.51172
9.5580330, 22.984739, 5.1039209, 8.7588396, 21.811293, 16.337816, 79.002510, 1129.5104, 852.51172
9.5686731, 22.987270, 5.1112127, 8.7603130, 21.793730, 16.325146, 78.995522, 1129.5070, 852.51172
9.5795650, 22.989746, 5.1187916, 8.7617588, 21.770451, 16.308849, 78.987686, 1129.5031, 852.51172
9.5660353, 22.990921, 5.1101146, 8.7605762, 21.772404, 16.309294, 78.982933, 1129.5001, 852.51172
9.5233383, 22.990963, 5.0871339, 8.7570772, 21.792061, 16.322206, 78.979881, 1129.4980, 852.51172
9.4842567, 22.991291, 5.0684290, 8.7542124, 21.811676, 16.335020, 78.977043, 1129.4969, 852.51172
9.4588490, 22.992428, 5.0614147, 8.7531042, 21.820799, 16.340790, 78.973206, 1129.4955, 852.51172
9.4396133, 22.993826, 5.0596223, 8.7526836, 21.829344, 16.345909, 78.969604, 1129.4940, 852.51172
9.4286604, 22.995407, 5.0620966, 8.7527981, 21.835255, 16.348911, 78.966103, 1129.4924, 852.51172
9.4253597, 22.997150, 5.0683722, 8.7533875, 21.838835, 16.350012, 78.962654, 1129.4908, 852.51172
9.4256172, 22.998871, 5.0756426, 8.7540426, 21.836603, 16.347223, 78.958748, 1129.4889, 852.51172
9.4246111, 23.000383, 5.0806046, 8.7543020, 21.840641, 16.348320, 78.955681, 1129.4874, 852.51172
9.4069023, 23.001146, 5.0740323, 8.7528658, 21.854771, 16.356461, 78.953438, 1129.4868, 852.51172
9.3710470, 23.001165, 5.0555091, 8.7496977, 21.880367, 16.372625, 78.952103, 1129.4866, 852.51172
9.3459663, 23.001596, 5.0444508, 8.7475500, 21.900257, 16.384716, 78.950508, 1129.4860, 852.51172
9.3238230, 23.002089, 5.0348921, 8.7455864, 21.920774, 16.397045, 78.949181, 1129.4856, 852.51172
9.2926922, 23.002199, 5.0190368, 8.7427158, 21.942987, 16.410856, 78.947899, 1129.4850, 852.51172
9.2570057, 23.002111, 4.9999781, 8.7393732, 21.966722, 16.425835, 78.946747, 1129.4844, 852.51172
9.2250147, 23.002125, 4.9830651, 8.7363033, 21.988384, 16.439333, 78.945580, 1129.4836, 852.51172
9.2064581, 23.002531, 4.9733548, 8.7342033, 22.004465, 16.448645, 78.944389, 1129.4830, 852.51172
9.1924629, 23.002968, 4.9646397, 8.7322168, 22.017479, 16.455751, 78.943146, 1129.4824, 852.51172
9.1770620, 23.003345, 4.9551973, 8.7301121, 22.030340, 16.462835, 78.941933, 1129.4818, 852.51172
9.1577482, 23.003614, 4.9439497, 8.7277431, 22.048521, 16.473457, 78.941071, 1129.4816, 852.51172
9.1539125, 23.005215, 4.9554605, 8.7285786, 22.064949, 16.482643, 78.940323, 1129.4816, 852.51172
9.1600285, 23.008032, 4.9856195, 8.7321720, 22.079432, 16.490580, 78.939491, 1129.4816, 852.51172
9.1676235, 23.010960, 5.0164666, 8.7359457, 22.091496, 16.496943, 78.938660, 1129.4816, 852.51172
9.1786833, 23.013704, 5.0446424, 8.7393332, 22.098961, 16.500084, 78.937737, 1129.4807, 852.51172
9.1868792, 23.016014, 5.0658889, 8.7417336, 22.107273, 16.503700, 78.936935, 1129.4799, 852.51172
9.1934032, 23.018034, 5.0825386, 8.7434731, 22.112297, 16.505215, 78.936096, 1129.4791, 852.51172
9.1975412, 23.019753, 5.0943894, 8.7445259, 22.121315, 16.509209, 78.935455, 1129.4786, 852.51172
9.2006617, 23.021381, 5.1049447, 8.7453928, 22.128939, 16.512352, 78.934822, 1129.4778, 852.51172
9.2032766, 23.022865, 5.1132741, 8.7459383, 22.137138, 16.515808, 78.934319, 1129.4772, 852.51172
9.2031755, 23.024132, 5.1180477, 8.7459784, 22.146605, 16.520117, 78.933868, 1129.4767, 852.51172
9.1840544, 23.024778, 5.1116242, 8.7444715, 22.167034, 16.532232, 78.933647, 1129.4767, 852.51172
9.1577911, 23.025143, 5.1004715, 8.7422924, 22.188400, 16.545286, 78.933449, 1129.4761, 852.51172
9.1264439, 23.025280, 5.0855975, 8.7395716, 22.211290, 16.559526, 78.933403, 1129.4755, 852.51172
9.0989103, 23.025515, 5.0728507, 8.7371206, 22.231888, 16.572144, 78.933403, 1129.4751, 852.51172
9.0709915, 23.025707, 5.0596151, 8.7345867, 22.249542, 16.582943, 78.933449, 1129.4745, 852.51172
9.0882177, 23.025890, 5.0463419, 8.7320299, 22.265835, 16.592773, 78.933624, 1129.4739, 852.51172
9.1064768, 23.025911, 5.0301743, 8.7290630, 22.284534, 16.604383, 78.933914, 1129.4733, 852.51172
9.1203403, 23.025814, 5.0119109, 8.7257929, 22.305859, 16.617876, 78.934235, 1129.4728, 852.51172
9.1276560, 23.025562, 4.9910431, 8.7221498, 22.329750, 16.633356, 78.934624, 1129.4723, 852.51172
9.1328640, 23.025263, 4.9693947, 8.7183800, 22.354034, 16.649214, 78.935097, 1129.4717, 852.51172
9.1384993, 23.024942, 4.9476027, 8.7145720, 22.377708, 16.664665, 78.935677, 1129.4711, 852.51172
9.1367683, 23.024479, 4.9232454, 8.7103958, 22.406113, 16.683510, 78.936256, 1129.4707, 852.51172
9.1317911, 23.023960, 4.8980851, 8.7060843, 22.436312, 16.703686, 78.936874, 1129.4706, 852.51172
9.1260977, 23.023434, 4.8729944, 8.7017593, 22.466028, 16.723623, 78.937622, 1129.4701, 852.51172
9.1233120, 23.022953, 4.8489790, 8.6975584, 22.492023, 16.741096, 78.938629, 1129.4695, 852.51172
9.1223249, 23.022497, 4.8256025, 8.6934223, 22.516111, 16.757286, 78.939819, 1129.4689, 852.51172
9.1248074, 23.022072, 4.8029785, 8.6893663, 22.538914, 16.772467, 78.941116, 1129.4683, 852.51172
9.1238880, 23.021572, 4.7791357, 8.6851234, 22.563896, 16.789211, 78.942390, 1129.4678, 852.51172
9.1244841, 23.021070, 4.7553959, 8.6808701, 22.586735, 16.804541, 78.943878, 1129.4674, 852.51172
9.1211929, 23.020502, 4.7305388, 8.6764450, 22.610384, 16.820627, 78.945526, 1129.4669, 852.51172
9.1163321, 23.019880, 4.7049727, 8.6718998, 22.634384, 16.837027, 78.947281, 1129.4663, 852.51172
9.1101904, 23.019209, 4.6787066, 8.6672354, 22.659931, 16.854469, 78.948990, 1129.4659, 852.51172
9.1050987, 23.018520, 4.6522808, 8.6625271, 22.686487, 16.872471, 78.950600, 1129.4658, 852.51172
9.1020231, 23.017822, 4.6259093, 8.6578035, 22.706182, 16.886087, 78.953003, 1129.4652, 852.51172
9.0978394, 23.017071, 4.5987515, 8.6529465, 22.728395, 16.901335, 78.955246, 1129.4648, 852.51172
9.0910120, 23.016268, 4.5708489, 8.6479673, 22.757504, 16.921036, 78.956787, 1129.4648, 852.51172
9.0850182, 23.015469, 4.5430455, 8.6429758, 22.785486, 16.939989, 78.958488, 1129.4648, 852.51172
9.0766659, 23.014633, 4.5148516, 8.6379080, 22.815804, 16.960566, 78.960037, 1129.4648, 852.51172
9.0671711, 23.013783, 4.4865789, 8.6327991, 22.843874, 16.979837, 78.962029, 1129.4648, 852.51172
9.0595369, 23.012938, 4.4586344, 8.6277113, 22.870966, 16.998394, 78.964149, 1129.4648, 852.51172
9.0514078, 23.012083, 4.4306650, 8.6225948, 22.895168, 17.015211, 78.966820, 1129.4647, 852.51172
9.0437841, 23.011202, 4.4026480, 8.6174459, 22.917906, 17.031097, 78.969765, 1129.4645, 852.51172
9.0367794, 23.010313, 4.3746128, 8.6122684, 22.940479, 17.046846, 78.972786, 1129.4644, 852.51172
9.0295544, 23.009415, 4.3465419, 8.6070642, 22.967772, 17.065544, 78.975029, 1129.4644, 852.51172
9.0227795, 23.008516, 4.3187261, 8.6018677, 22.993912, 17.083517, 78.977531, 1129.4644, 852.51172
8.9732752, 23.007622, 4.2911687, 8.5966797, 23.019764, 17.101295, 78.980133, 1129.4644, 852.51172
8.9186401, 23.006733, 4.2639246, 8.5915070, 23.040411, 17.115801, 78.983704, 1129.4644, 852.51172
8.8640118, 23.005833, 4.2366405, 8.5863066, 23.057264, 17.127970, 78.988083, 1129.4641, 852.51172
8.8093109, 23.004917, 4.2092600, 8.5810680, 23.081812, 17.144915, 78.990982, 1129.4641, 852.51172
8.8465500, 23.012732, 4.3111086, 8.5952139, 23.085785, 17.147497, 78.996590, 1129.4641, 852.51172
8.9429226, 23.026905, 4.4722404, 8.6206665, 23.075472, 17.140491, 79.004471, 1129.4641, 852.51172
8.9617939, 23.031801, 4.5137467, 8.6270494, 23.070755, 17.137180, 79.011642, 1129.4641, 852.51172
8.9647141, 23.034491, 4.5276322, 8.6289701, 23.064960, 17.133078, 79.019043, 1129.4641, 852.51172
8.9667158, 23.036753, 4.5359807, 8.6300135, 23.056030, 17.126854, 79.026917, 1129.4641, 852.51172
8.9702902, 23.038925, 4.5431461, 8.6308708, 23.044542, 17.118872, 79.035118, 1129.4641, 852.51172
8.9757299, 23.041271, 4.5524240, 8.6320810, 23.032326, 17.110397, 79.043465, 1129.4641, 852.51172
8.9860420, 23.043978, 4.5661716, 8.6340275, 23.015720, 17.099060, 79.052551, 1129.4641, 852.51172
8.9989042, 23.046623, 4.5789881, 8.6358376, 22.992996, 17.083706, 79.062607, 1129.4637, 852.51172
9.0087004, 23.048819, 4.5861678, 8.6367426, 22.966551, 17.065998, 79.073280, 1129.4630, 852.51172
9.0260429, 23.051828, 4.6039410, 8.6393347, 22.926819, 17.039970, 79.086342, 1129.4615, 852.51172
9.0472450, 23.055273, 4.6276040, 8.6428566, 22.886574, 17.013569, 79.099144, 1129.4587, 852.51172
9.0637379, 23.058216, 4.6441202, 8.6452999, 22.847651, 16.988014, 79.111153, 1129.4562, 852.51172
9.0762415, 23.061152, 4.6612487, 8.6477938, 22.811808, 16.964640, 79.122833, 1129.4550, 852.51172
9.0887499, 23.063951, 4.6778889, 8.6501245, 22.795317, 16.953161, 79.130722, 1129.4548, 852.51172
9.0980005, 23.066658, 4.6937499, 8.6523066, 22.781204, 16.943327, 79.138290, 1129.4542, 852.51172
9.1135530, 23.069929, 4.7158518, 8.6555691, 22.763588, 16.931170, 79.146347, 1129.4534, 852.51172
9.1326065, 23.073248, 4.7390389, 8.6589842, 22.736408, 16.912849, 79.155830, 1129.4519, 852.51172
9.1504984, 23.076370, 4.7611833, 8.6621313, 22.700132, 16.888842, 79.166702, 1129.4504, 852.51172
9.1654778, 23.079092, 4.7789745, 8.6645288, 22.676882, 16.872869, 79.175102, 1129.4492, 852.51172
9.1819792, 23.082033, 4.8006201, 8.6674757, 22.652996, 16.856504, 79.183495, 1129.4480, 852.51172
9.1976318, 23.084839, 4.8219309, 8.6702728, 22.620165, 16.834562, 79.193214, 1129.4468, 852.51172
9.2096233, 23.087269, 4.8397694, 8.6724167, 22.576265, 16.805777, 79.204498, 1129.4451, 852.51172
9.2195120, 23.089371, 4.8544683, 8.6739883, 22.540956, 16.782272, 79.214027, 1129.4436, 852.51172
9.2304087, 23.091553, 4.8713646, 8.6758242, 22.529657, 16.773619, 79.219742, 1129.4434, 852.51172
9.2526321, 23.095194, 4.8980064, 8.6799307, 22.503567, 16.755791, 79.227623, 1129.4415, 852.51172
9.2725363, 23.098555, 4.9177423, 8.6831989, 22.458120, 16.725937, 79.238136, 1129.4386, 852.51172
9.2842550, 23.100876, 4.9237070, 8.6843052, 22.423967, 16.703072, 79.246521, 1129.4357, 852.51172
9.3011894, 23.103880, 4.9383979, 8.6868095, 22.389996, 16.680323, 79.254791, 1129.4327, 852.51172
9.3211546, 23.107243, 4.9578581, 8.6900749, 22.347929, 16.652514, 79.263802, 1129.4298, 852.51172
9.3391409, 23.110388, 4.9743695, 8.6928949, 22.315319, 16.630571, 79.271240, 1129.4269, 852.51172
9.3532658, 23.113605, 4.9915648, 8.6958466, 22.292582, 16.615055, 79.277542, 1129.4241, 852.51172
9.3700151, 23.117220, 5.0160742, 8.6998062, 22.258114, 16.592272, 79.285141, 1129.4224, 852.51172
9.3886557, 23.120787, 5.0420876, 8.7038593, 22.240406, 16.579721, 79.290504, 1129.4208, 852.51172
9.4076786, 23.124111, 5.0662389, 8.7075214, 22.205256, 16.556149, 79.297653, 1129.4175, 852.51172
9.4301548, 23.127867, 5.0936003, 8.7118893, 22.174747, 16.535433, 79.304016, 1129.4144, 852.51172
9.4484015, 23.131285, 5.1164422, 8.7155685, 22.130951, 16.506552, 79.311592, 1129.4114, 852.51172
9.4677172, 23.134657, 5.1409864, 8.7193499, 22.108160, 16.490604, 79.316696, 1129.4084, 852.51172
9.4861345, 23.137920, 5.1653881, 8.7230301, 22.084358, 16.474007, 79.321762, 1129.4056, 852.51172
9.5040579, 23.141111, 5.1901021, 8.7266760, 22.057810, 16.455677, 79.326981, 1129.4034, 852.51172
9.5196962, 23.143957, 5.2112002, 8.7296925, 22.021645, 16.431322, 79.332878, 1129.4001, 852.51172
9.5322886, 23.146416, 5.2278776, 8.7319670, 21.988043, 16.408539, 79.338272, 1129.3969, 852.51172
9.5426292, 23.148588, 5.2413101, 8.7336979, 21.962446, 16.390718, 79.342781, 1129.3944, 852.51172
9.5612974, 23.151876, 5.2610755, 8.7370634, 21.941675, 16.375916, 79.346672, 1129.3923, 852.51172
9.5763550, 23.154905, 5.2731204, 8.7395458, 21.917988, 16.359402, 79.350838, 1129.3894, 852.51172
9.5943213, 23.158300, 5.2900305, 8.7427969, 21.893959, 16.342651, 79.354919, 1129.3865, 852.51172
9.6168013, 23.162169, 5.3131614, 8.7470427, 21.866188, 16.323503, 79.359100, 1129.3835, 852.51172
9.6353760, 23.165594, 5.3310494, 8.7504244, 21.843199, 16.307348, 79.362801, 1129.3806, 852.51172
9.6513262, 23.168909, 5.3459721, 8.7534590, 21.824524, 16.293982, 79.366127, 1129.3777, 852.51172
9.6693525, 23.172438, 5.3633227, 8.7569141, 21.802389, 16.278425, 79.369507, 1129.3748, 852.51172
9.6922646, 23.176559, 5.3878117, 8.7615576, 21.778936, 16.262012, 79.372925, 1129.3718, 852.51172
9.7147388, 23.180553, 5.4124937, 8.7660999, 21.733635, 16.231941, 79.377510, 1129.3680, 852.51172
9.7353344, 23.184135, 5.4349999, 8.7700682, 21.700552, 16.209362, 79.380981, 1129.3647, 852.51172
9.7527275, 23.187263, 5.4538631, 8.7732983, 21.652046, 16.177134, 79.384903, 1129.3608, 852.51172
9.7649269, 23.189726, 5.4659109, 8.7753172, 21.603046, 16.144571, 79.388321, 1129.3568, 852.51172
9.7745819, 23.191868, 5.4749675, 8.7767706, 21.566580, 16.119804, 79.390778, 1129.3534, 852.51172
9.7830172, 23.193859, 5.4830928, 8.7780008, 21.528772, 16.094193, 79.392982, 1129.3496, 852.51172
9.7895660, 23.195602, 5.4887757, 8.7787971, 21.489977, 16.067947, 79.394882, 1129.3458, 852.51172
9.7946110, 23.197163, 5.4923921, 8.7792358, 21.464607, 16.050066, 79.396194, 1129.3425, 852.51172
9.8093224, 23.200039, 5.5141377, 8.7824850, 21.445705, 16.036253, 79.397240, 1129.3394, 852.51172
9.8346243, 23.204206, 5.5458760, 8.7878437, 21.422649, 16.019785, 79.398262, 1129.3364, 852.51172
9.8466053, 23.206667, 5.5529256, 8.7894907, 21.395853, 16.000977, 79.399193, 1129.3335, 852.51172
9.8562698, 23.208832, 5.5581231, 8.7906904, 21.360018, 15.976527, 79.400063, 1129.3306, 852.51172
9.8667431, 23.211103, 5.5681472, 8.7923985, 21.330912, 15.956262, 79.400620, 1129.3274, 852.51172
9.8742132, 23.212990, 5.5748477, 8.7934580, 21.309866, 15.941014, 79.400970, 1129.3245, 852.51172
9.8773670, 23.214321, 5.5746665, 8.7934103, 21.296852, 15.930770, 79.401207, 1129.3215, 852.51172
9.8765192, 23.215200, 5.5680184, 8.7923756, 21.285845, 15.921816, 79.401443, 1129.3197, 852.51172
9.8708954, 23.215710, 5.5556111, 8.7904959, 21.277885, 15.914901, 79.401680, 1129.3180, 852.51172
9.9053373, 23.221212, 5.6041565, 8.7985849, 21.245979, 15.892968, 79.401962, 1129.3153, 852.51172
9.9228764, 23.224405, 5.6246877, 8.8020992, 21.201916, 15.863341, 79.401863, 1129.3114, 852.51172
9.9297409, 23.226227, 5.6290970, 8.8029356, 21.171593, 15.842269, 79.401497, 1129.3079, 852.51172
9.9407196, 23.228582, 5.6418285, 8.8049860, 21.148685, 15.825814, 79.400993, 1129.3048, 852.51172
9.9644337, 23.232580, 5.6742234, 8.8102922, 21.116257, 15.803409, 79.400261, 1129.3011, 852.51172
9.9946680, 23.237417, 5.7089810, 8.8166466, 21.083273, 15.780634, 79.399155, 1129.2982, 852.51172
10.022572, 23.241961, 5.7368064, 8.8221540, 21.038111, 15.750238, 79.397491, 1129.2943, 852.51172
10.050463, 23.246523, 5.7640357, 8.8276310, 20.996752, 15.722192, 79.395432, 1129.2906, 852.51172
10.073657, 23.250475, 5.7854180, 8.8320465, 20.949932, 15.690712, 79.392815, 1129.2866, 852.51172
10.089957, 23.253553, 5.7985988, 8.8349237, 20.900434, 15.657538, 79.389557, 1129.2822, 852.51172
10.100592, 23.255903, 5.8060389, 8.8366156, 20.862968, 15.631864, 79.386375, 1129.2783, 852.51172
10.107798, 23.257814, 5.8099136, 8.8375816, 20.835257, 15.612269, 79.383415, 1129.2747, 852.51172
10.115432, 23.259781, 5.8162565, 8.8388062, 20.815989, 15.597943, 79.380768, 1129.2716, 852.51172
10.141454, 23.264122, 5.8495884, 8.8446178, 20.787260, 15.577703, 79.377365, 1129.2681, 852.51172
10.171312, 23.268963, 5.8805089, 8.8507414, 20.740314, 15.546054, 79.372650, 1129.2635, 852.51172
10.197411, 23.273325, 5.9049082, 8.8558636, 20.699238, 15.518049, 79.367760, 1129.2590, 852.51172
10.224299, 23.277798, 5.9294972, 8.8611193, 20.661840, 15.492324, 79.362694, 1129.2551, 852.51172
10.253139, 23.282534, 5.9569902, 8.8668842, 20.624968, 15.466905, 79.357376, 1129.2511, 852.51172
10.277966, 23.286757, 5.9782414, 8.8716421, 20.582508, 15.437974, 79.351181, 1129.2468, 852.51172
10.298655, 23.290451, 5.9950938, 8.8755245, 20.530556, 15.403081, 79.343742, 1129.2418, 852.51172
10.313636, 23.293411, 6.0065150, 8.8782406, 20.491617, 15.376310, 79.337006, 1129.2377, 852.51172
10.324583, 23.295862, 6.0143275, 8.8801575, 20.458479, 15.353155, 79.330544, 1129.2338, 852.51172
10.352355, 23.300486, 6.0431452, 8.8859625, 20.425613, 15.330162, 79.323807, 1129.2291, 852.51172
10.378140, 23.304857, 6.0658746, 8.8910303, 20.382601, 15.300794, 79.315353, 1129.2233, 852.51172
10.398978, 23.308592, 6.0822377, 8.8949575, 20.334511, 15.268228, 79.306091, 1129.2179, 852.51172
10.418261, 23.312134, 6.0986519, 8.8987036, 20.295708, 15.241461, 79.297478, 1129.2133, 852.51172
10.443199, 23.316412, 6.1227694, 8.9038210, 20.259100, 15.216048, 79.288757, 1129.2083, 852.51172
10.469398, 23.320864, 6.1462870, 8.9090643, 20.214874, 15.185847, 79.278603, 1129.2026, 852.51172
10.487385, 23.324255, 6.1598725, 8.9124565, 20.167305, 15.153531, 79.267494, 1129.1968, 852.51172
10.498121, 23.326717, 6.1655030, 8.9142780, 20.128391, 15.126624, 79.257156, 1129.1919, 852.51172
10.507912, 23.329058, 6.1719689, 8.9160519, 20.103292, 15.108358, 79.248611, 1129.1882, 852.51172
10.535520, 23.333710, 6.1997933, 8.9218693, 20.069500, 15.084637, 79.238564, 1129.1833, 852.51172
10.560624, 23.338041, 6.2202802, 8.9267826, 20.027842, 15.055967, 79.226791, 1129.1771, 852.51172
10.585364, 23.342337, 6.2400365, 8.9316082, 19.988148, 15.028513, 79.214989, 1129.1710, 852.51172
10.604282, 23.345879, 6.2530246, 8.9351444, 19.937302, 14.994056, 79.200851, 1129.1639, 852.51172
10.616781, 23.348591, 6.2598567, 8.9373598, 19.898136, 14.966895, 79.188225, 1129.1577, 852.51172
10.626917, 23.351007, 6.2656116, 8.9391890, 19.867758, 14.945242, 79.176857, 1129.1530, 852.51172
10.634435, 23.353081, 6.2686000, 8.9404612, 19.844761, 14.928209, 79.166672, 1129.1489, 852.51172
10.638803, 23.354750, 6.2673101, 8.9409800, 19.827763, 14.914938, 79.157532, 1129.1449, 852.51172
10.640359, 23.356062, 6.2615337, 8.9407711, 19.817217, 14.905717, 79.149590, 1129.1412, 852.51172
10.638843, 23.357029, 6.2510352, 8.9398336, 19.808701, 14.897807, 79.142029, 1129.1376, 852.51172
10.633432, 23.357731, 6.2365804, 8.9382973, 19.804829, 14.892938, 79.135254, 1129.1342, 852.51172
10.621422, 23.358141, 6.2175708, 8.9360867, 19.806173, 14.891651, 79.129227, 1129.1309, 852.51172
10.600888, 23.358265, 6.1940122, 8.9332142, 19.809729, 14.892206, 79.123314, 1129.1273, 852.51172
10.572891, 23.358192, 6.1671929, 8.9298630, 19.816343, 14.895104, 79.117706, 1129.1240, 852.51172
10.590379, 23.361942, 6.2013164, 8.9353046, 19.809324, 14.888373, 79.110832, 1129.1206, 852.51172
10.635592, 23.368895, 6.2654872, 8.9464045, 19.791145, 14.874413, 79.102097, 1129.1166, 852.51172
10.666560, 23.374018, 6.2948432, 8.9528522, 19.755270, 14.849339, 79.089714, 1129.1106, 852.51172
10.688324, 23.377954, 6.3115168, 8.9570942, 19.706356, 14.816072, 79.074783, 1129.1034, 852.51172
10.707025, 23.381495, 6.3243403, 8.9606409, 19.654764, 14.781108, 79.058777, 1129.0961, 852.51172
10.720043, 23.384304, 6.3319249, 8.9630337, 19.612659, 14.752072, 79.044060, 1129.0894, 852.51172
10.729434, 23.386644, 6.3365040, 8.9647245, 19.586908, 14.733281, 79.032310, 1129.0851, 852.51172
10.736867, 23.388733, 6.3394532, 8.9660339, 19.568077, 14.718825, 79.021851, 1129.0811, 852.51172
10.741394, 23.390451, 6.3383923, 8.9666405, 19.552185, 14.706214, 79.011948, 1129.0770, 852.51172
10.742552, 23.391731, 6.3317366, 8.9663582, 19.541126, 14.696640, 79.003029, 1129.0732, 852.51172
10.740504, 23.392668, 6.3201604, 8.9653234, 19.533979, 14.689556, 78.994896, 1129.0695, 852.51172
10.735149, 23.393377, 6.3052511, 8.9637823, 19.531166, 14.685308, 78.987617, 1129.0659, 852.51172
10.724731, 23.393835, 6.2864680, 8.9616652, 19.528255, 14.681229, 78.980171, 1129.0621, 852.51172
10.707388, 23.394024, 6.2634215, 8.9589233, 19.531342, 14.681260, 78.973671, 1129.0588, 852.51172
10.755389, 23.401506, 6.3301234, 8.9707727, 19.506317, 14.663052, 78.962196, 1129.0540, 852.51172
10.788551, 23.406944, 6.3638344, 8.9779158, 19.457668, 14.629932, 78.945679, 1129.0468, 852.51172
10.807073, 23.410490, 6.3767405, 8.9814873, 19.410902, 14.597963, 78.928940, 1129.0394, 852.51172
10.818316, 23.413095, 6.3810916, 8.9834299, 19.370602, 14.570039, 78.913109, 1129.0322, 852.51172
10.824091, 23.414993, 6.3787737, 8.9841242, 19.339588, 14.547930, 78.898964, 1129.0267, 852.51172
10.827348, 23.416563, 6.3735852, 8.9842625, 19.318348, 14.531950, 78.886848, 1129.0222, 852.51172
10.829383, 23.417980, 6.3674068, 8.9841595, 19.304117, 14.520365, 78.876259, 1129.0183, 852.51172
10.829766, 23.419178, 6.3588157, 8.9836397, 19.293242, 14.510893, 78.866455, 1129.0143, 852.51172
10.828760, 23.420202, 6.3481941, 8.9827852, 19.287512, 14.504663, 78.857826, 1129.0109, 852.51172
10.828064, 23.421289, 6.3390307, 8.9821024, 19.289356, 14.503201, 78.850975, 1129.0078, 852.51172
10.824760, 23.422174, 6.3267870, 8.9809589, 19.288818, 14.500325, 78.843597, 1129.0045, 852.51172
10.817905, 23.422842, 6.3113561, 8.9793291, 19.295757, 14.502275, 78.837799, 1129.0016, 852.51172
10.808002, 23.423407, 6.2944732, 8.9774723, 19.303831, 14.505103, 78.832222, 1128.9987, 852.51172
10.799664, 23.424187, 6.2814336, 8.9761333, 19.310701, 14.507202, 78.826508, 1128.9956, 852.51172
10.807999, 23.426510, 6.2934527, 8.9783831, 19.310867, 14.504783, 78.819847, 1128.9926, 852.51172
10.812414, 23.428305, 6.2970190, 8.9794245, 19.311974, 14.502937, 78.813461, 1128.9894, 852.51172
10.824971, 23.431107, 6.3159070, 8.9827232, 19.310675, 14.499560, 78.806702, 1128.9865, 852.51172
10.832096, 23.433186, 6.3231010, 8.9843540, 19.307241, 14.494826, 78.799583, 1128.9829, 852.51172
10.834532, 23.434685, 6.3212085, 8.9846649, 19.309856, 14.493898, 78.793701, 1128.9800, 852.51172
10.837486, 23.436266, 6.3207517, 8.9851704, 19.312683, 14.493107, 78.787964, 1128.9771, 852.51172
10.836671, 23.437489, 6.3145652, 8.9848452, 19.314146, 14.491536, 78.781975, 1128.9740, 852.51172
10.841601, 23.439434, 6.3196402, 8.9861574, 19.314545, 14.489296, 78.775887, 1128.9711, 852.51172
10.853290, 23.442106, 6.3353624, 8.9890680, 19.308798, 14.483131, 78.768791, 1128.9677, 852.51172
10.860271, 23.444166, 6.3412127, 8.9905729, 19.301317, 14.475873, 78.761398, 1128.9640, 852.51172
10.871861, 23.446838, 6.3525281, 8.9931364, 19.290089, 14.466286, 78.753319, 1128.9598, 852.51172
10.899064, 23.451530, 6.3827620, 8.9992571, 19.257238, 14.443162, 78.741074, 1128.9535, 852.51172
10.921141, 23.455564, 6.3998837, 9.0036564, 19.224035, 14.419799, 78.728424, 1128.9475, 852.51172
10.936923, 23.458782, 6.4065433, 9.0063944, 19.177046, 14.387806, 78.712654, 1128.9401, 852.51172
10.949548, 23.461594, 6.4095745, 9.0084372, 19.129433, 14.355411, 78.696152, 1128.9325, 852.51172
10.960871, 23.464237, 6.4116774, 9.0102377, 19.088882, 14.327420, 78.680595, 1128.9257, 852.51172
10.979057, 23.467777, 6.4210844, 9.0135269, 19.051226, 14.301241, 78.665054, 1128.9192, 852.51172
10.996665, 23.471254, 6.4303575, 9.0167370, 19.016600, 14.276940, 78.649979, 1128.9125, 852.51172
11.010245, 23.474205, 6.4356775, 9.0191116, 18.984863, 14.254438, 78.635239, 1128.9058, 852.51172
11.021401, 23.476845, 6.4393539, 9.0210457, 18.963568, 14.238469, 78.622711, 1128.8999, 852.51172
11.043161, 23.480877, 6.4540896, 9.0252657, 18.942387, 14.222568, 78.609482, 1128.8940, 852.51172
11.061164, 23.484415, 6.4632173, 9.0285406, 18.910114, 14.199716, 78.594048, 1128.8875, 852.51172
11.074881, 23.487396, 6.4664254, 9.0307846, 18.867224, 14.170212, 78.575668, 1128.8799, 852.51172
11.085621, 23.489998, 6.4667430, 9.0324116, 18.830936, 14.144833, 78.558495, 1128.8727, 852.51172
11.093904, 23.492277, 6.4658623, 9.0336313, 18.801771, 14.123906, 78.542786, 1128.8662, 852.51172
11.114466, 23.496170, 6.4817042, 9.0378046, 18.775650, 14.104884, 78.527626, 1128.8601, 852.51172
11.129841, 23.499395, 6.4859686, 9.0403814, 18.752079, 14.087452, 78.512230, 1128.8542, 852.51172
11.148040, 23.502983, 6.4946465, 9.0436783, 18.727211, 14.069210, 78.496994, 1128.8484, 852.51172
11.166636, 23.506636, 6.5039892, 9.0470943, 18.702009, 14.050754, 78.481468, 1128.8425, 852.51172
11.185116, 23.510275, 6.5131779, 9.0504837, 18.674856, 14.031066, 78.465149, 1128.8362, 852.51172
11.202353, 23.513752, 6.5220361, 9.0536919, 18.645512, 14.009997, 78.448181, 1128.8295, 852.51172
11.221368, 23.517458, 6.5326438, 9.0572805, 18.616106, 13.988884, 78.430817, 1128.8228, 852.51172
11.238057, 23.520874, 6.5389204, 9.0602188, 18.586977, 13.967935, 78.413025, 1128.8163, 852.51172
11.252778, 23.524036, 6.5419354, 9.0626507, 18.561378, 13.949194, 78.396233, 1128.8102, 852.51172
11.268435, 23.527321, 6.5475683, 9.0654163, 18.533022, 13.928728, 78.378616, 1128.8033, 852.51172
11.285894, 23.530838, 6.5561857, 9.0686646, 18.502380, 13.906825, 78.360077, 1128.7964, 852.51172
11.302636, 23.534271, 6.5635457, 9.0717249, 18.468613, 13.882954, 78.340355, 1128.7888, 852.51172
11.313838, 23.536987, 6.5651045, 9.0736036, 18.437243, 13.860578, 78.321030, 1128.7814, 852.51172
11.319970, 23.539042, 6.5616460, 9.0744162, 18.413574, 13.843023, 78.303810, 1128.7748, 852.51172
11.323730, 23.540787, 6.5561404, 9.0747547, 18.397306, 13.830111, 78.288742, 1128.7684, 852.51172
11.333867, 23.543365, 6.5597420, 9.0766592, 18.381388, 13.817423, 78.273758, 1128.7631, 852.51172
11.348913, 23.546595, 6.5676894, 9.0795584, 18.349628, 13.794807, 78.253738, 1128.7557, 852.51172
11.356774, 23.548883, 6.5665121, 9.0807867, 18.325985, 13.777273, 78.236031, 1128.7490, 852.51172
11.362203, 23.550859, 6.5629888, 9.0815125, 18.306952, 13.762630, 78.219627, 1128.7424, 852.51172
11.366651, 23.552708, 6.5588169, 9.0820589, 18.293255, 13.751336, 78.204849, 1128.7361, 852.51172
11.369215, 23.554314, 6.5525432, 9.0821857, 18.283329, 13.742407, 78.191269, 1128.7313, 852.51172
11.371048, 23.555820, 6.5461483, 9.0822048, 18.279459, 13.737282, 78.179634, 1128.7273, 852.51172
11.372158, 23.557234, 6.5391760, 9.0820818, 18.277538, 13.733381, 78.168694, 1128.7234, 852.51172
11.371552, 23.558430, 6.5293374, 9.0814962, 18.277891, 13.730918, 78.158531, 1128.7197, 852.51172
11.369114, 23.559401, 6.5165443, 9.0804491, 18.281063, 13.730240, 78.149345, 1128.7163, 852.51172
11.365450, 23.560280, 6.5027385, 9.0792198, 18.287560, 13.731695, 78.141212, 1128.7133, 852.51172
11.359836, 23.561073, 6.4878154, 9.0777979, 18.295662, 13.734255, 78.133553, 1128.7103, 852.51172
11.351283, 23.561716, 6.4708166, 9.0760574, 18.305151, 13.737823, 78.126251, 1128.7074, 852.51172
11.342279, 23.562384, 6.4543929, 9.0743761, 18.315426, 13.741939, 78.119240, 1128.7045, 852.51172
11.328002, 23.562803, 6.4340601, 9.0721216, 18.329832, 13.748886, 78.113205, 1128.7015, 852.51172
11.311721, 23.563213, 6.4137449, 9.0698462, 18.348654, 13.758742, 78.108345, 1128.6986, 852.51172
11.297503, 23.563841, 6.3974271, 9.0681057, 18.368904, 13.769484, 78.104027, 1128.6957, 852.51172
11.308354, 23.567091, 6.4224315, 9.0723505, 18.383703, 13.776483, 78.098907, 1128.6927, 852.51172
11.323339, 23.570557, 6.4499707, 9.0770302, 18.394672, 13.780898, 78.093079, 1128.6898, 852.51172
11.334870, 23.573484, 6.4690762, 9.0805054, 18.403471, 13.783904, 78.086868, 1128.6869, 852.51172
11.342037, 23.575785, 6.4784169, 9.0825567, 18.411793, 13.786573, 78.080688, 1128.6840, 852.51172
11.344497, 23.577436, 6.4777346, 9.0831480, 18.421766, 13.790256, 78.075035, 1128.6810, 852.51172
11.341804, 23.578623, 6.4697909, 9.0826826, 18.434500, 13.795780, 78.070000, 1128.6781, 852.51172
11.334190, 23.579479, 6.4565792, 9.0814466, 18.450268, 13.803370, 78.065613, 1128.6752, 852.51172
11.320346, 23.580042, 6.4386754, 9.0795269, 18.468830, 13.812996, 78.061691, 1128.6722, 852.51172
11.301679, 23.580418, 6.4177485, 9.0771608, 18.489754, 13.824342, 78.058151, 1128.6693, 852.51172
11.296361, 23.582033, 6.4171085, 9.0776796, 18.507618, 13.833536, 78.054367, 1128.6664, 852.51172
11.344703, 23.589657, 6.4913383, 9.0903006, 18.502653, 13.827951, 78.046471, 1128.6619, 852.51172
11.369603, 23.594320, 6.5146842, 9.0958433, 18.489939, 13.817560, 78.036751, 1128.6560, 852.51172
11.375046, 23.597300, 6.5157886, 9.0978928, 18.487505, 13.814027, 78.028816, 1128.6530, 852.51172
11.384151, 23.600653, 6.5224848, 9.1007805, 18.482155, 13.808623, 78.020401, 1128.6488, 852.51172
11.398284, 23.604105, 6.5327268, 9.1040564, 18.471853, 13.799832, 78.011314, 1128.6444, 852.51172
11.409981, 23.606997, 6.5385313, 9.1064177, 18.458055, 13.788732, 78.001595, 1128.6395, 852.51172
11.417518, 23.609329, 6.5392551, 9.1078072, 18.448294, 13.780131, 77.992729, 1128.6355, 852.51172
11.422279, 23.611279, 6.5362906, 9.1085234, 18.442474, 13.773981, 77.984711, 1128.6316, 852.51172
11.425350, 23.613018, 6.5315027, 9.1088762, 18.439981, 13.769908, 77.977409, 1128.6278, 852.51172
11.428326, 23.614708, 6.5267200, 9.1091814, 18.441074, 13.768056, 77.970917, 1128.6246, 852.51172
11.434002, 23.616783, 6.5270557, 9.1102858, 18.443150, 13.766835, 77.964684, 1128.6217, 852.51172
11.439807, 23.618950, 6.5284801, 9.1115618, 18.444473, 13.765191, 77.958351, 1128.6184, 852.51172
11.444316, 23.621021, 6.5293322, 9.1127052, 18.448038, 13.764985, 77.952515, 1128.6150, 852.51172
11.446400, 23.622824, 6.5270691, 9.1133223, 18.453905, 13.766238, 77.947189, 1128.6118, 852.51172
11.447233, 23.624418, 6.5225530, 9.1135483, 18.461548, 13.768580, 77.942322, 1128.6088, 852.51172
11.448565, 23.625986, 6.5181403, 9.1137466, 18.470352, 13.771598, 77.937836, 1128.6058, 852.51172
11.449169, 23.627428, 6.5123057, 9.1137094, 18.479004, 13.774516, 77.933426, 1128.6029, 852.51172
11.448174, 23.628666, 6.5036983, 9.1132441, 18.488541, 13.777995, 77.929298, 1128.6000, 852.51172
11.446609, 23.629820, 6.4941001, 9.1126051, 18.499748, 13.782514, 77.925575, 1128.5970, 852.51172
11.443207, 23.630836, 6.4825854, 9.1116648, 18.513668, 13.788785, 77.922356, 1128.5941, 852.51172
11.440037, 23.631826, 6.4709325, 9.1106844, 18.527735, 13.795128, 77.919304, 1128.5912, 852.51172
11.436797, 23.632837, 6.4599094, 9.1097708, 18.540649, 13.800781, 77.916168, 1128.5883, 852.51172
11.437866, 23.634443, 6.4576602, 9.1101532, 18.551559, 13.805222, 77.912865, 1128.5853, 852.51172
11.449286, 23.637272, 6.4726238, 9.1131620, 18.556190, 13.805696, 77.908783, 1128.5824, 852.51172
11.454935, 23.639494, 6.4780712, 9.1147938, 18.562181, 13.807086, 77.904907, 1128.5795, 852.51172
11.452152, 23.641411, 6.4785538, 9.1157179, 18.576704, 13.814208, 77.902031, 1128.5765, 852.51172
11.444802, 23.643126, 6.4764028, 9.1162319, 18.594213, 13.823400, 77.899498, 1128.5736, 852.51172
11.440115, 23.644880, 6.4754839, 9.1168833, 18.610533, 13.831687, 77.897041, 1128.5707, 852.51172
11.434817, 23.646515, 6.4729500, 9.1172800, 18.629473, 13.841574, 77.895020, 1128.5681, 852.51172
11.422418, 23.647869, 6.4662032, 9.1170492, 18.652567, 13.854395, 77.893394, 1128.5671, 852.51172
11.411057, 23.649157, 6.4589138, 9.1167049, 18.675560, 13.867051, 77.891937, 1128.5662, 852.51172
11.400548, 23.650352, 6.4504504, 9.1161613, 18.697474, 13.878932, 77.890541, 1128.5652, 852.51172
11.386059, 23.651325, 6.4387116, 9.1151323, 18.720724, 13.891815, 77.889282, 1128.5642, 852.51172
11.372382, 23.652250, 6.4265833, 9.1140165, 18.743637, 13.904419, 77.888130, 1128.5634, 852.51172
11.360541, 23.653147, 6.4142518, 9.1128464, 18.765553, 13.916270, 77.887085, 1128.5624, 852.51172
11.347012, 23.653908, 6.3998938, 9.1113691, 18.787590, 13.928253, 77.886124, 1128.5615, 852.51172
11.332333, 23.654547, 6.3836861, 9.1096115, 18.809835, 13.940393, 77.885262, 1128.5608, 852.51172
11.313041, 23.655003, 6.3645773, 9.1074276, 18.834005, 13.953968, 77.884567, 1128.5601, 852.51172
11.291638, 23.655407, 6.3447342, 9.1051197, 18.859087, 13.968239, 77.883965, 1128.5593, 852.51172
11.269302, 23.655777, 6.3245635, 9.1027431, 18.884354, 13.982693, 77.883492, 1128.5587, 852.51172
11.244641, 23.656057, 6.3029432, 9.1001406, 18.910801, 13.998004, 77.883087, 1128.5582, 852.51172
11.217818, 23.656265, 6.2803168, 9.0973759, 18.938416, 14.014170, 77.882851, 1128.5582, 852.51172
11.193225, 23.656540, 6.2590938, 9.0947819, 18.963802, 14.028856, 77.882652, 1128.5577, 852.51172
11.159677, 23.656624, 6.2346168, 9.0917177, 18.993898, 14.046999, 77.882591, 1128.5577, 852.51172
11.121976, 23.656645, 6.2092748, 9.0885048, 19.026342, 14.066875, 77.882591, 1128.5577, 852.51172
11.088578, 23.656767, 6.1859212, 9.0855427, 19.056625, 14.085182, 77.882713, 1128.5577, 852.51172
11.054115, 23.656845, 6.1621599, 9.0825014, 19.086691, 14.103427, 77.882927, 1128.5577, 852.51172
11.018248, 23.656887, 6.1378374, 9.0793562, 19.116709, 14.121739, 77.883247, 1128.5577, 852.51172
11.006969, 23.658461, 6.1396842, 9.0798712, 19.140675, 14.135413, 77.883728, 1128.5577, 852.51172
10.998555, 23.660057, 6.1419024, 9.0804462, 19.164143, 14.148581, 77.884254, 1128.5576, 852.51172
10.979879, 23.660994, 6.1328187, 9.0794268, 19.190023, 14.163611, 77.884827, 1128.5576, 852.51172
10.968523, 23.661961, 6.1246638, 9.0785151, 19.212101, 14.175802, 77.885551, 1128.5576, 852.51172
10.955103, 23.662706, 6.1128078, 9.0770779, 19.232309, 14.186880, 77.886475, 1128.5574, 852.51172
10.934110, 23.663067, 6.0944667, 9.0747194, 19.254894, 14.199764, 77.887444, 1128.5571, 852.51172
10.907566, 23.663198, 6.0721898, 9.0717964, 19.279783, 14.214353, 77.888435, 1128.5571, 852.51172
10.875033, 23.663187, 6.0475850, 9.0685301, 19.308359, 14.231583, 77.889374, 1128.5571, 852.51172
10.846391, 23.663334, 6.0260072, 9.0656557, 19.335041, 14.247469, 77.890457, 1128.5571, 852.51172
10.817798, 23.663469, 6.0044355, 9.0627604, 19.359131, 14.261767, 77.891876, 1128.5568, 852.51172
10.765362, 23.663086, 5.9737434, 9.0585909, 19.395130, 14.284846, 77.892906, 1128.5568, 852.51172
10.687690, 23.662256, 5.9351845, 9.0533104, 19.441853, 14.316123, 77.893677, 1128.5568, 852.51172
10.616368, 23.661556, 5.8993602, 9.0483694, 19.486425, 14.345720, 77.894524, 1128.5568, 852.51172
10.545005, 23.660868, 5.8640718, 9.0434637, 19.531075, 14.375397, 77.895462, 1128.5568, 852.51172
10.471303, 23.660145, 5.8282623, 9.0384569, 19.576082, 14.405464, 77.896500, 1128.5568, 852.51172
10.386195, 23.659216, 5.7890072, 9.0329437, 19.625914, 14.439237, 77.897392, 1128.5568, 852.51172
10.301369, 23.658291, 5.7501097, 9.0274420, 19.675325, 14.472753, 77.898354, 1128.5568, 852.51172
10.224463, 23.657503, 5.7141290, 9.0223026, 19.721722, 14.503946, 77.899475, 1128.5568, 852.51172
10.149830, 23.656748, 5.6789603, 9.0172377, 19.767347, 14.534547, 77.900635, 1128.5568, 852.51172
10.082141, 23.656101, 5.6460390, 9.0124464, 19.810404, 14.563147, 77.901901, 1128.5568, 852.51172
10.015620, 23.655453, 5.6133842, 9.0076561, 19.852371, 14.591010, 77.903358, 1128.5568, 852.51172
9.9559431, 23.654888, 5.5826187, 9.0030947, 19.891203, 14.616523, 77.905060, 1128.5568, 852.51172
9.9040785, 23.654421, 5.5538092, 8.9987717, 19.925959, 14.639034, 77.907181, 1128.5568, 852.51172
9.8521338, 23.653927, 5.5248795, 8.9944048, 19.960548, 14.661459, 77.909386, 1128.5568, 852.51172
9.8021021, 23.653452, 5.4963093, 8.9900608, 19.993811, 14.682957, 77.911781, 1128.5568, 852.51172
9.7538385, 23.653032, 5.4691858, 8.9858866, 20.025373, 14.703341, 77.914558, 1128.5568, 852.51172
9.7072783, 23.652592, 5.4417348, 8.9816399, 20.055973, 14.723013, 77.917480, 1128.5568, 852.51172
9.6564932, 23.651964, 5.4111519, 8.9769449, 20.088888, 14.744323, 77.920105, 1128.5568, 852.51172
9.6000490, 23.651218, 5.3786783, 8.9719629, 20.123762, 14.767209, 77.922699, 1128.5568, 852.51172
9.5350437, 23.650362, 5.3443451, 8.9666967, 20.162996, 14.793354, 77.924843, 1128.5568, 852.51172
9.4763765, 23.649534, 5.3108549, 8.9615116, 20.198412, 14.816734, 77.927536, 1128.5568, 852.51172
9.4212027, 23.648706, 5.2776070, 8.9563293, 20.231987, 14.838751, 77.930435, 1128.5568, 852.51172
9.3683004, 23.647873, 5.2444043, 8.9511223, 20.264425, 14.859916, 77.933464, 1128.5568, 852.51172
9.3131962, 23.647001, 5.2107325, 8.9458227, 20.298174, 14.882049, 77.936302, 1128.5568, 852.51172
9.2816057, 23.647205, 5.1960726, 8.9431400, 20.323441, 14.897901, 77.940208, 1128.5568, 852.51172
9.2790003, 23.648518, 5.2010202, 8.9431839, 20.338251, 14.905870, 77.945244, 1128.5568, 852.51172
9.2669334, 23.649115, 5.1937642, 8.9415131, 20.356871, 14.916453, 77.949509, 1128.5568, 852.51172
9.2481937, 23.649321, 5.1796837, 8.9388771, 20.377880, 14.928767, 77.953453, 1128.5568, 852.51172
9.2262325, 23.649302, 5.1619811, 8.9357214, 20.398802, 14.941151, 77.957634, 1128.5568, 852.51172
9.1958885, 23.648962, 5.1387258, 8.9317732, 20.422483, 14.955668, 77.961632, 1128.5568, 852.51172
9.1563988, 23.648348, 5.1105285, 8.9271269, 20.448996, 14.972445, 77.965538, 1128.5568, 852.51172
9.1076984, 23.647507, 5.0785608, 8.9219389, 20.479090, 14.991988, 77.969177, 1128.5568, 852.51172
9.0539217, 23.646582, 5.0451880, 8.9165258, 20.511019, 15.012997, 77.972717, 1128.5568, 852.51172
9.0261774, 23.646378, 5.0252910, 8.9129324, 20.532890, 15.026375, 77.977333, 1128.5568, 852.51172
9.0096397, 23.646709, 5.0152192, 8.9106731, 20.550554, 15.036676, 77.982643, 1128.5568, 852.51172
8.9831800, 23.646696, 4.9991384, 8.9075699, 20.573412, 15.050694, 77.987000, 1128.5568, 852.51172
8.9385910, 23.646252, 4.9752498, 8.9033833, 20.603003, 15.069923, 77.990829, 1128.5568, 852.51172
8.8774853, 23.645485, 4.9456491, 8.8983936, 20.640238, 15.094870, 77.993614, 1128.5568, 852.51172
8.8205519, 23.644531, 4.9126863, 8.8929262, 20.674496, 15.117607, 77.996803, 1128.5568, 852.51172
8.7676849, 23.643745, 4.8828592, 8.8878775, 20.707075, 15.139143, 78.000320, 1128.5568, 852.51172
8.7310982, 23.644045, 4.8723879, 8.8854828, 20.735823, 15.157776, 78.004295, 1128.5568, 852.51172
8.7065401, 23.645042, 4.8747082, 8.8848410, 20.762981, 15.174964, 78.008018, 1128.5568, 852.51172
8.6737099, 23.645510, 4.8675656, 8.8828917, 20.792091, 15.193648, 78.011589, 1128.5568, 852.51172
8.6439705, 23.646360, 4.8665504, 8.8818293, 20.820118, 15.211674, 78.015656, 1128.5568, 852.51172
8.6355715, 23.648563, 4.8893466, 8.8840923, 20.843058, 15.225806, 78.020386, 1128.5568, 852.51172
8.6392622, 23.651205, 4.9202142, 8.8874760, 20.861637, 15.236623, 78.025803, 1128.5568, 852.51172
8.6485634, 23.653753, 4.9497437, 8.8906698, 20.875433, 15.244034, 78.032478, 1128.5568, 852.51172
8.6558180, 23.655773, 4.9702559, 8.8926058, 20.887112, 15.249977, 78.039825, 1128.5568, 852.51172
8.6553755, 23.657099, 4.9786367, 8.8928576, 20.899038, 15.256232, 78.047501, 1128.5568, 852.51172
8.6471424, 23.657900, 4.9776244, 8.8918037, 20.914330, 15.264794, 78.054268, 1128.5568, 852.51172
8.6338587, 23.658466, 4.9725456, 8.8901825, 20.932236, 15.275201, 78.060402, 1128.5568, 852.51172
8.6073189, 23.658691, 4.9612479, 8.8877077, 20.956558, 15.290309, 78.065315, 1128.5568, 852.51172
8.5789948, 23.658867, 4.9491835, 8.8851137, 20.981825, 15.306099, 78.070076, 1128.5568, 852.51172
8.5403900, 23.658804, 4.9326196, 8.8819008, 21.011406, 15.325150, 78.074196, 1128.5568, 852.51172
8.5033464, 23.659119, 4.9214540, 8.8795042, 21.040203, 15.343849, 78.078987, 1128.5568, 852.51172
8.4729710, 23.659813, 4.9173326, 8.8780689, 21.067732, 15.361507, 78.083824, 1128.5568, 852.51172
8.4653530, 23.661739, 4.9354825, 8.8797007, 21.088230, 15.373915, 78.089920, 1128.5568, 852.51172
8.4547405, 23.663063, 4.9438753, 8.8799419, 21.108683, 15.386158, 78.095825, 1128.5568, 852.51172
8.4330692, 23.663582, 4.9381256, 8.8782072, 21.131489, 15.400175, 78.101402, 1128.5568, 852.51172
8.4096756, 23.663876, 4.9285984, 8.8759336, 21.153454, 15.413683, 78.107460, 1128.5568, 852.51172
8.3828688, 23.663971, 4.9155364, 8.8731623, 21.175341, 15.427286, 78.113922, 1128.5568, 852.51172
8.3527679, 23.663891, 4.8995066, 8.8699722, 21.197809, 15.441400, 78.120476, 1128.5568, 852.51172
8.3192606, 23.663670, 4.8809447, 8.8664188, 21.220890, 15.456064, 78.127167, 1128.5568, 852.51172
8.2850676, 23.663408, 4.8617859, 8.8627682, 21.245792, 15.471876, 78.132988, 1128.5568, 852.51172
8.3035297, 23.663170, 4.8432884, 8.8591881, 21.268005, 15.486001, 78.140083, 1128.5568, 852.51172
8.3209171, 23.662893, 4.8241515, 8.8555059, 21.290945, 15.500635, 78.146957, 1128.5568, 852.51172
8.3378439, 23.662596, 4.8048010, 8.8517752, 21.311573, 15.513902, 78.155197, 1128.5568, 852.51172
8.3534832, 23.662237, 4.7845054, 8.8478994, 21.331154, 15.526607, 78.164192, 1128.5568, 852.51172
8.3651371, 23.661776, 4.7622590, 8.8437433, 21.354498, 15.541845, 78.171738, 1128.5568, 852.51172
8.3578701, 23.661024, 4.7346420, 8.8388357, 21.388464, 15.564796, 78.176628, 1128.5568, 852.51172
8.3445988, 23.660181, 4.7055945, 8.8337126, 21.424896, 15.589664, 78.181229, 1128.5568, 852.51172
8.3254919, 23.659250, 4.6751790, 8.8283749, 21.464054, 15.616596, 78.185303, 1128.5568, 852.51172
8.3180122, 23.658615, 4.6504421, 8.8237810, 21.499514, 15.640594, 78.189590, 1128.5568, 852.51172
8.3039188, 23.657804, 4.6225529, 8.8187351, 21.537039, 15.666258, 78.193748, 1128.5568, 852.51172
8.2913570, 23.657021, 4.5955133, 8.8137827, 21.574360, 15.691715, 78.197762, 1128.5568, 852.51172
8.2894068, 23.656574, 4.5749722, 8.8096848, 21.608335, 15.714557, 78.202065, 1128.5568, 852.51172
8.2818804, 23.656006, 4.5523152, 8.8052826, 21.644808, 15.739280, 78.205864, 1128.5568, 852.51172
8.2838755, 23.655836, 4.5371909, 8.8018942, 21.678278, 15.761713, 78.210114, 1128.5568, 852.51172
8.2996216, 23.656218, 4.5325174, 8.7999134, 21.707588, 15.780925, 78.214890, 1128.5568, 852.51172
8.3667889, 23.660583, 4.5977550, 8.8077078, 21.726019, 15.792049, 78.222252, 1128.5568, 852.51172
8.4571285, 23.666176, 4.6839008, 8.8185034, 21.729650, 15.793136, 78.236214, 1128.5568, 852.51172
8.5286646, 23.669909, 4.7361321, 8.8246670, 21.739759, 15.798401, 78.247070, 1128.5568, 852.51172
8.5796356, 23.672039, 4.7598476, 8.8268948, 21.757654, 15.808949, 78.254875, 1128.5568, 852.51172
8.6318874, 23.674044, 4.7813234, 8.8288269, 21.772478, 15.817452, 78.264214, 1128.5568, 852.51172
8.6878223, 23.676693, 4.8122840, 8.8321877, 21.788513, 15.826777, 78.273193, 1128.5568, 852.51172
8.7342882, 23.678722, 4.8314772, 8.8339739, 21.806774, 15.837781, 78.281891, 1128.5568, 852.51172
8.7990875, 23.682468, 4.8749714, 8.8394899, 21.817566, 15.843882, 78.294472, 1128.5568, 852.51172
8.8627462, 23.685774, 4.9113131, 8.8440056, 21.822243, 15.846083, 78.310646, 1128.5568, 852.51172
8.9198160, 23.688124, 4.9333625, 8.8463926, 21.832575, 15.851606, 78.322960, 1128.5568, 852.51172
8.9779196, 23.690371, 4.9538527, 8.8485699, 21.841311, 15.856014, 78.335968, 1128.5568, 852.51172
9.0369997, 23.692680, 4.9749575, 8.8508635, 21.849371, 15.859964, 78.349388, 1128.5568, 852.51172
9.0992708, 23.695190, 4.9991250, 8.8536196, 21.855438, 15.862567, 78.363838, 1128.5568, 852.51172
9.1633177, 23.697680, 5.0231643, 8.8563566, 21.858011, 15.862892, 78.380226, 1128.5568, 852.51172
9.2249880, 23.699884, 5.0426846, 8.8584471, 21.860939, 15.863431, 78.396477, 1128.5568, 852.51172
9.2313271, 23.702089, 5.0616055, 8.8604984, 21.867012, 15.866152, 78.411598, 1128.5568, 852.51172
9.2348728, 23.703936, 5.0752711, 8.8617659, 21.874313, 15.869601, 78.425949, 1128.5568, 852.51172
9.2349014, 23.705294, 5.0816298, 8.8619595, 21.880356, 15.872266, 78.441139, 1128.5568, 852.51172
9.2356482, 23.706554, 5.0867605, 8.8619576, 21.890902, 15.877537, 78.453033, 1128.5568, 852.51172
9.2364998, 23.707836, 5.0923915, 8.8620186, 21.899830, 15.881829, 78.466064, 1128.5568, 852.51172
9.2348404, 23.708891, 5.0943017, 8.8615475, 21.903559, 15.883035, 78.482849, 1128.5568, 852.51172
9.2289028, 23.709658, 5.0914435, 8.8604069, 21.912197, 15.887366, 78.496834, 1128.5568, 852.51172
9.2199192, 23.710285, 5.0861788, 8.8589230, 21.920259, 15.891502, 78.511688, 1128.5568, 852.51172
9.2087212, 23.710827, 5.0794506, 8.8572302, 21.933153, 15.898682, 78.523643, 1128.5568, 852.51172
9.1956625, 23.711349, 5.0725617, 8.8555002, 21.945065, 15.905405, 78.536743, 1128.5568, 852.51172
9.1847944, 23.712057, 5.0688930, 8.8542109, 21.954615, 15.910646, 78.551285, 1128.5568, 852.51172
9.1872129, 23.713810, 5.0828862, 8.8554306, 21.962557, 15.914533, 78.565735, 1128.5568, 852.51172
9.2164345, 23.718273, 5.1387148, 8.8628111, 21.956352, 15.909435, 78.588676, 1128.5568, 852.51172
9.2403650, 23.722059, 5.1813173, 8.8684597, 21.949028, 15.903631, 78.612480, 1128.5568, 852.51172
9.2548103, 23.724657, 5.2050710, 8.8713856, 21.941521, 15.897700, 78.636467, 1128.5568, 852.51172
9.2649393, 23.726704, 5.2202873, 8.8730659, 21.937584, 15.893917, 78.657990, 1128.5568, 852.51172
9.2731724, 23.728500, 5.2317457, 8.8742027, 21.931953, 15.889101, 78.680672, 1128.5568, 852.51172
9.2822084, 23.730471, 5.2442374, 8.8755903, 21.929369, 15.886150, 78.701416, 1128.5568, 852.51172
9.2992802, 23.733564, 5.2659516, 8.8788748, 21.918146, 15.878044, 78.728249, 1128.5568, 852.51172
9.3149805, 23.736599, 5.2798414, 8.8814650, 21.896368, 15.863625, 78.762360, 1128.5568, 852.51172
9.3279648, 23.739405, 5.2894554, 8.8834772, 21.875780, 15.849987, 78.795692, 1128.5568, 852.51172
9.3449478, 23.742701, 5.3060703, 8.8865509, 21.852758, 15.834845, 78.830429, 1128.5574, 852.51172
9.3635359, 23.746099, 5.3251143, 8.8899403, 21.825762, 15.817236, 78.867439, 1128.5581, 852.51172
9.3807230, 23.749174, 5.3425732, 8.8928871, 21.792164, 15.795531, 78.908211, 1128.5590, 852.51172
9.3955564, 23.751909, 5.3581934, 8.8953590, 21.765541, 15.778007, 78.944008, 1128.5597, 852.51172
9.4076128, 23.754280, 5.3706093, 8.8971987, 21.739351, 15.760711, 78.979210, 1128.5604, 852.51172
9.4179478, 23.756395, 5.3807640, 8.8986177, 21.713932, 15.743859, 79.013641, 1128.5612, 852.51172
9.4266520, 23.758307, 5.3889446, 8.8996706, 21.691563, 15.728840, 79.045860, 1128.5618, 852.51172
9.4333153, 23.759977, 5.3946748, 8.9002819, 21.667412, 15.712753, 79.079025, 1128.5625, 852.51172
9.4386330, 23.761452, 5.3984451, 8.9005470, 21.651777, 15.701794, 79.106598, 1128.5630, 852.51172
9.4594870, 23.764938, 5.4276695, 8.9049168, 21.637869, 15.691888, 79.133064, 1128.5630, 852.51172
9.4825077, 23.768700, 5.4547591, 8.9093904, 21.616386, 15.677382, 79.164139, 1128.5630, 852.51172
9.5020666, 23.772049, 5.4723458, 8.9126892, 21.588446, 15.658973, 79.198669, 1128.5630, 852.51172
9.5118065, 23.774271, 5.4731355, 8.9134846, 21.565855, 15.643865, 79.229881, 1128.5630, 852.51172
9.5319767, 23.777777, 5.4898939, 8.9168701, 21.539005, 15.626143, 79.263550, 1128.5630, 852.51172
9.5479937, 23.780678, 5.4995308, 8.9190836, 21.506475, 15.604933, 79.300323, 1128.5634, 852.51172
9.5666504, 23.783890, 5.5145383, 8.9220495, 21.470528, 15.581626, 79.338707, 1128.5638, 852.51172
9.5872946, 23.787357, 5.5338030, 8.9256239, 21.434418, 15.558201, 79.376709, 1128.5642, 852.51172
9.6086826, 23.790924, 5.5542898, 8.9294100, 21.399010, 15.535189, 79.413864, 1128.5645, 852.51172
9.6283264, 23.794285, 5.5699015, 8.9326000, 21.352747, 15.505593, 79.456741, 1128.5653, 852.51172
9.6490183, 23.797775, 5.5857224, 8.9359388, 21.307203, 15.476412, 79.498497, 1128.5659, 852.51172
9.6692829, 23.801214, 5.6015444, 8.9392385, 21.259079, 15.445648, 79.540993, 1128.5667, 852.51172
9.6897860, 23.804691, 5.6187840, 8.9427032, 21.219187, 15.419853, 79.578392, 1128.5667, 852.51172
9.7054529, 23.807808, 5.6294889, 8.9452715, 21.195705, 15.404128, 79.606804, 1128.5667, 852.51172
9.7226562, 23.811253, 5.6447496, 8.9485474, 21.178217, 15.392107, 79.632179, 1128.5667, 852.51172
9.7411633, 23.814735, 5.6598310, 8.9518566, 21.157845, 15.378247, 79.658699, 1128.5667, 852.51172
9.7580481, 23.817848, 5.6699224, 8.9543896, 21.133608, 15.361938, 79.686409, 1128.5667, 852.51172
9.7769880, 23.821249, 5.6845608, 8.9575882, 21.102173, 15.341273, 79.717934, 1128.5667, 852.51172
9.7981606, 23.824860, 5.7029996, 8.9613190, 21.061325, 15.314840, 79.753731, 1128.5668, 852.51172
9.8183222, 23.828386, 5.7197051, 8.9648285, 21.014835, 15.284995, 79.791832, 1128.5670, 852.51172
9.8420658, 23.832335, 5.7400260, 8.9690628, 20.973951, 15.258505, 79.826393, 1128.5670, 852.51172
9.8642731, 23.836136, 5.7594023, 8.9730825, 20.937185, 15.234520, 79.858559, 1128.5670, 852.51172
9.8860035, 23.839859, 5.7793818, 8.9770784, 20.907175, 15.214599, 79.887039, 1128.5670, 852.51172
9.9064713, 23.843401, 5.7994699, 8.9809160, 20.874166, 15.192835, 79.916573, 1128.5670, 852.51172
9.9252357, 23.846725, 5.8186417, 8.9844837, 20.849604, 15.176182, 79.941856, 1128.5670, 852.51172
9.9433088, 23.849979, 5.8390322, 8.9880838, 20.826784, 15.160577, 79.966110, 1128.5670, 852.51172
9.9578543, 23.852804, 5.8556132, 8.9909544, 20.804281, 15.145163, 79.990051, 1128.5670, 852.51172
9.9689350, 23.855244, 5.8684354, 8.9931450, 20.788334, 15.133749, 80.010956, 1128.5670, 852.51172
9.9767284, 23.857203, 5.8754292, 8.9943790, 20.776957, 15.125068, 80.029625, 1128.5670, 852.51172
9.9821863, 23.858927, 5.8798890, 8.9951830, 20.776403, 15.122991, 80.043510, 1128.5670, 852.51172
9.9891882, 23.860775, 5.8869452, 8.9963274, 20.777779, 15.122036, 80.056465, 1128.5670, 852.51172
10.004218, 23.863710, 5.9090509, 8.9997911, 20.779634, 15.121399, 80.069313, 1128.5670, 852.51172
10.029910, 23.868137, 5.9460402, 9.0059710, 20.772642, 15.115448, 80.086311, 1128.5670, 852.51172
10.057709, 23.872746, 5.9790297, 9.0120173, 20.755810, 15.103462, 80.107574, 1128.5670, 852.51172
10.082217, 23.876863, 6.0046782, 9.0169878, 20.723112, 15.081791, 80.135567, 1128.5670, 852.51172
10.106120, 23.880892, 6.0266080, 9.0215750, 20.694300, 15.062453, 80.161285, 1128.5670, 852.51172
10.123978, 23.884161, 6.0356436, 9.0243502, 20.664963, 15.042789, 80.186768, 1128.5670, 852.51172
10.144094, 23.887724, 6.0484352, 9.0277281, 20.625624, 15.017042, 80.216362, 1128.5670, 852.51172
10.165736, 23.891470, 6.0636377, 9.0314980, 20.585079, 14.990547, 80.245865, 1128.5670, 852.51172
10.186071, 23.895056, 6.0773225, 9.0349903, 20.539423, 14.960937, 80.276825, 1128.5670, 852.51172
10.206075, 23.898611, 6.0903430, 9.0383959, 20.492977, 14.930827, 80.307304, 1128.5670, 852.51172
10.228527, 23.902479, 6.1077461, 9.0424871, 20.455315, 14.906034, 80.333809, 1128.5670, 852.51172
10.249955, 23.906229, 6.1252604, 9.0464783, 20.422071, 14.883916, 80.358147, 1128.5670, 852.51172
10.273602, 23.910267, 6.1439486, 9.0508547, 20.381342, 14.857231, 80.384720, 1128.5670, 852.51172
10.298575, 23.914482, 6.1635504, 9.0554876, 20.348093, 14.835076, 80.407898, 1128.5670, 852.51172
10.316902, 23.917845, 6.1746688, 9.0585928, 20.294846, 14.800752, 80.437813, 1128.5670, 852.51172
10.337166, 23.921461, 6.1872563, 9.0620728, 20.256720, 14.775602, 80.461098, 1128.5670, 852.51172
10.356172, 23.924938, 6.1974721, 9.0652189, 20.227612, 14.755930, 80.481392, 1128.5670, 852.51172
10.378284, 23.928848, 6.2129779, 9.0692387, 20.201223, 14.737920, 80.500511, 1128.5670, 852.51172
10.403150, 23.933111, 6.2330151, 9.0739899, 20.172773, 14.718640, 80.520088, 1128.5670, 852.51172
10.427064, 23.937244, 6.2509608, 9.0784464, 20.145535, 14.700075, 80.538925, 1128.5670, 852.51172
10.447299, 23.940891, 6.2628140, 9.0819244, 20.112413, 14.677912, 80.559120, 1128.5670, 852.51172
10.465226, 23.944239, 6.2711649, 9.0848255, 20.077021, 14.654358, 80.579529, 1128.5670, 852.51172
10.485394, 23.947882, 6.2831964, 9.0883255, 20.025444, 14.620943, 80.604294, 1128.5670, 852.51172
10.505787, 23.951561, 6.2958040, 9.0919113, 19.972462, 14.586651, 80.628510, 1128.5670, 852.51172
10.524820, 23.955067, 6.3078494, 9.0952883, 19.920591, 14.553015, 80.651505, 1128.5669, 852.51172
10.540061, 23.958086, 6.3161969, 9.0978842, 19.870810, 14.520635, 80.673058, 1128.5669, 852.51172
10.561801, 23.961958, 6.3324013, 9.1019697, 19.830301, 14.493890, 80.691467, 1128.5669, 852.51172
10.577665, 23.965067, 6.3371406, 9.1043711, 19.794981, 14.470288, 80.707756, 1128.5669, 852.51172
10.589256, 23.967630, 6.3351541, 9.1056738, 19.757536, 14.445390, 80.724030, 1128.5667, 852.51172
10.603643, 23.970558, 6.3389201, 9.1078081, 19.700699, 14.408664, 80.744308, 1128.5657, 852.51172
10.622588, 23.974079, 6.3501740, 9.1111479, 19.649279, 14.375219, 80.762344, 1128.5651, 852.51172
10.639717, 23.977367, 6.3601842, 9.1141644, 19.598812, 14.342339, 80.779289, 1128.5641, 852.51172
10.653032, 23.980162, 6.3672533, 9.1164551, 19.549204, 14.309959, 80.795189, 1128.5631, 852.51172
10.662690, 23.982492, 6.3707891, 9.1179962, 19.500505, 14.278119, 80.810066, 1128.5621, 852.51172
10.672508, 23.984846, 6.3760982, 9.1197062, 19.470234, 14.257512, 80.821014, 1128.5614, 852.51172
10.689663, 23.988152, 6.3928885, 9.1233063, 19.431740, 14.231875, 80.832924, 1128.5603, 852.51172
10.712605, 23.992214, 6.4150667, 9.1281033, 19.390850, 14.204764, 80.844620, 1128.5585, 852.51172
10.738777, 23.996702, 6.4363613, 9.1332579, 19.347517, 14.176145, 80.856033, 1128.5563, 852.51172
10.761928, 24.000805, 6.4528570, 9.1376429, 19.300869, 14.145478, 80.867195, 1128.5538, 852.51172
10.778979, 24.004122, 6.4619861, 9.1406527, 19.244707, 14.108979, 80.878723, 1128.5516, 852.51172
10.790609, 24.006739, 6.4655523, 9.1425180, 19.195883, 14.076943, 80.888351, 1128.5496, 852.51172
10.801358, 24.009245, 6.4705110, 9.1443911, 19.165308, 14.056053, 80.895294, 1128.5481, 852.51172
10.823578, 24.013239, 6.4910722, 9.1490231, 19.125040, 14.029225, 80.902771, 1128.5457, 852.51172
10.838274, 24.016266, 6.5012217, 9.1518507, 19.084482, 14.002203, 80.909653, 1128.5426, 852.51172
10.849429, 24.018835, 6.5077305, 9.1539278, 19.057331, 13.983373, 80.914856, 1128.5399, 852.51172
10.859118, 24.021217, 6.5133719, 9.1557512, 19.035007, 13.967485, 80.919350, 1128.5386, 852.51172
10.888345, 24.026134, 6.5444298, 9.1621819, 19.002586, 13.945413, 80.924393, 1128.5367, 852.51172
10.908837, 24.029928, 6.5588098, 9.1661377, 18.950891, 13.911529, 80.930130, 1128.5333, 852.51172
10.920639, 24.032598, 6.5625858, 9.1681166, 18.910179, 13.884352, 80.934364, 1128.5304, 852.51172
10.928113, 24.034710, 6.5617270, 9.1691599, 18.870325, 13.857686, 80.937920, 1128.5271, 852.51172
10.934557, 24.036688, 6.5609703, 9.1700811, 18.844038, 13.839324, 80.940407, 1128.5240, 852.51172
10.938989, 24.038408, 6.5578518, 9.1705551, 18.821491, 13.823249, 80.942474, 1128.5221, 852.51172
10.940626, 24.039757, 6.5502944, 9.1702976, 18.799845, 13.807726, 80.944283, 1128.5205, 852.51172
10.945838, 24.041574, 6.5503802, 9.1711283, 18.789206, 13.798943, 80.945610, 1128.5193, 852.51172
10.961746, 24.044783, 6.5698643, 9.1749315, 18.768135, 13.783772, 80.947136, 1128.5171, 852.51172
10.980326, 24.048346, 6.5911894, 9.1792450, 18.734419, 13.760849, 80.948631, 1128.5138, 852.51172
10.989783, 24.050724, 6.5960317, 9.1810398, 18.708485, 13.742679, 80.949585, 1128.5107, 852.51172
10.996771, 24.052788, 6.5974154, 9.1822367, 18.688314, 13.728035, 80.950211, 1128.5077, 852.51172
11.003633, 24.054834, 6.5988035, 9.1834183, 18.668827, 13.713811, 80.950653, 1128.5051, 852.51172
11.010663, 24.056908, 6.6004057, 9.1846418, 18.647316, 13.698346, 80.950882, 1128.5018, 852.51172
11.024879, 24.059917, 6.6150451, 9.1878653, 18.636219, 13.689252, 80.950951, 1128.4991, 852.51172
11.037209, 24.062683, 6.6262136, 9.1905746, 18.616009, 13.674581, 80.950882, 1128.4961, 852.51172
11.043932, 24.064726, 6.6278749, 9.1917830, 18.601688, 13.663508, 80.950691, 1128.4932, 852.51172
11.073054, 24.069685, 6.6559949, 9.1980495, 18.565521, 13.639055, 80.950005, 1128.4905, 852.51172
11.095965, 24.073845, 6.6713715, 9.2024860, 18.526512, 13.612845, 80.948814, 1128.4874, 852.51172
11.115033, 24.077509, 6.6819277, 9.2060442, 18.472656, 13.577526, 80.946526, 1128.4834, 852.51172
11.126911, 24.080235, 6.6835589, 9.2079525, 18.432659, 13.550676, 80.943832, 1128.4800, 852.51172
11.133030, 24.082220, 6.6779122, 9.2085228, 18.386150, 13.519832, 80.940132, 1128.4760, 852.51172
11.135857, 24.083776, 6.6683478, 9.2083435, 18.351732, 13.496391, 80.936409, 1128.4724, 852.51172
11.142676, 24.085854, 6.6632247, 9.2090387, 18.336357, 13.484627, 80.933250, 1128.4695, 852.51172
11.161670, 24.089516, 6.6717839, 9.2124233, 18.304325, 13.462650, 80.928940, 1128.4666, 852.51172
11.181861, 24.093336, 6.6822367, 9.2161236, 18.273417, 13.441359, 80.924248, 1128.4636, 852.51172
11.201235, 24.097061, 6.6918302, 9.2196598, 18.235832, 13.415959, 80.918678, 1128.4598, 852.51172
11.221004, 24.100842, 6.7019377, 9.2232962, 18.199583, 13.391374, 80.912659, 1128.4563, 852.51172
11.238701, 24.104357, 6.7096028, 9.2264729, 18.157345, 13.363103, 80.905510, 1128.4525, 852.51172
11.250770, 24.107143, 6.7106156, 9.2283850, 18.111656, 13.332705, 80.897263, 1128.4482, 852.51172
11.258359, 24.109346, 6.7067456, 9.2293234, 18.063881, 13.301013, 80.887978, 1128.4437, 852.51172
11.262982, 24.111162, 6.7002268, 9.2296600, 18.028044, 13.276640, 80.879417, 1128.4395, 852.51172
11.265412, 24.112698, 6.6912465, 9.2295094, 17.995142, 13.254067, 80.870758, 1128.4352, 852.51172
11.266055, 24.114002, 6.6800909, 9.2289438, 17.973219, 13.238239, 80.863205, 1128.4315, 852.51172
11.286633, 24.117903, 6.6960297, 9.2331667, 17.950512, 13.221932, 80.855247, 1128.4277, 852.51172
11.301367, 24.121044, 6.7005353, 9.2357092, 17.898369, 13.187542, 80.842598, 1128.4226, 852.51172
11.308402, 24.123186, 6.6956520, 9.2364902, 17.853405, 13.157544, 80.830132, 1128.4180, 852.51172
11.315297, 24.125309, 6.6928902, 9.2374277, 17.825274, 13.137886, 80.819862, 1128.4141, 852.51172
11.321158, 24.127298, 6.6888680, 9.2381287, 17.805700, 13.123478, 80.810745, 1128.4105, 852.51172
11.331382, 24.129862, 6.6910868, 9.2399025, 17.786665, 13.109406, 80.801575, 1128.4072, 852.51172
11.349780, 24.133493, 6.7034121, 9.2435617, 17.757494, 13.089103, 80.790337, 1128.4032, 852.51172
11.368247, 24.137142, 6.7117400, 9.2469091, 17.720209, 13.063803, 80.777130, 1128.3984, 852.51172
11.385431, 24.140623, 6.7176304, 9.2498989, 17.693581, 13.045045, 80.765366, 1128.3947, 852.51172
11.403455, 24.144222, 6.7250032, 9.2531252, 17.663239, 13.024002, 80.752655, 1128.3903, 852.51172
11.419312, 24.147539, 6.7290235, 9.2558012, 17.634361, 13.003851, 80.739471, 1128.3864, 852.51172
11.431846, 24.150421, 6.7278385, 9.2576246, 17.601637, 12.981333, 80.725281, 1128.3822, 852.51172
11.446213, 24.153553, 6.7294765, 9.2599163, 17.570486, 12.959782, 80.711113, 1128.3778, 852.51172
11.461360, 24.156782, 6.7324529, 9.2624254, 17.539173, 12.938125, 80.696449, 1128.3734, 852.51172
11.478499, 24.160282, 6.7383523, 9.2654352, 17.515646, 12.921251, 80.683281, 1128.3690, 852.51172
11.492098, 24.163322, 6.7399359, 9.2676401, 17.482313, 12.898344, 80.667542, 1128.3640, 852.51172
11.502305, 24.165922, 6.7380013, 9.2691212, 17.447157, 12.874314, 80.650909, 1128.3589, 852.51172
11.509640, 24.168156, 6.7341180, 9.2700710, 17.408911, 12.848380, 80.632988, 1128.3535, 852.51172
11.514917, 24.170118, 6.7289062, 9.2706461, 17.384029, 12.830664, 80.617958, 1128.3491, 852.51172
11.525046, 24.172720, 6.7320681, 9.2725391, 17.364086, 12.815987, 80.603989, 1128.3448, 852.51172
11.532724, 24.174999, 6.7317686, 9.2738276, 17.339457, 12.798424, 80.588577, 1128.3402, 852.51172
11.535458, 24.176628, 6.7237291, 9.2738447, 17.313797, 12.780227, 80.572601, 1128.3354, 852.51172
11.544109, 24.179035, 6.7218070, 9.2751226, 17.292559, 12.764755, 80.557503, 1128.3304, 852.51172
11.554892, 24.181726, 6.7187462, 9.2765779, 17.249153, 12.735641, 80.535965, 1128.3232, 852.51172
11.563374, 24.184113, 6.7113485, 9.2773762, 17.223604, 12.717513, 80.518883, 1128.3174, 852.51172
11.573726, 24.186752, 6.7084641, 9.2787857, 17.183916, 12.690689, 80.497383, 1128.3107, 852.51172
11.583065, 24.189259, 6.7054043, 9.2800522, 17.136719, 12.659233, 80.472885, 1128.3029, 852.51172
11.594257, 24.192015, 6.7041178, 9.2817097, 17.091961, 12.629274, 80.448364, 1128.2952, 852.51172
11.602939, 24.194439, 6.7013469, 9.2829161, 17.054918, 12.604052, 80.425560, 1128.2882, 852.51172
11.610190, 24.196678, 6.6984830, 9.2839308, 17.032829, 12.588040, 80.407204, 1128.2832, 852.51172
11.629965, 24.200562, 6.7100663, 9.2877464, 17.013268, 12.573585, 80.389320, 1128.2778, 852.51172
11.647789, 24.204195, 6.7180209, 9.2910233, 16.981882, 12.551836, 80.367157, 1128.2711, 852.51172
11.665254, 24.207785, 6.7251501, 9.2941895, 16.952585, 12.531373, 80.345367, 1128.2649, 852.51172
11.682705, 24.211370, 6.7322435, 9.2973604, 16.927786, 12.513675, 80.324905, 1128.2588, 852.51172
11.697359, 24.214605, 6.7366095, 9.2999573, 16.893820, 12.490330, 80.300919, 1128.2515, 852.51172
11.706849, 24.217163, 6.7353759, 9.3014250, 16.862200, 12.468418, 80.277290, 1128.2441, 852.51172
11.714711, 24.219511, 6.7336068, 9.3026390, 16.836515, 12.450161, 80.255463, 1128.2382, 852.51172
11.726522, 24.222370, 6.7380786, 9.3048801, 16.810530, 12.431720, 80.233208, 1128.2314, 852.51172
11.737595, 24.225136, 6.7425628, 9.3070278, 16.794653, 12.419504, 80.214493, 1128.2257, 852.51172
11.746614, 24.227638, 6.7450333, 9.3087530, 16.774557, 12.404687, 80.194061, 1128.2205, 852.51172
11.760879, 24.230827, 6.7551627, 9.3117867, 16.760777, 12.393764, 80.175888, 1128.2153, 852.51172
11.775365, 24.234049, 6.7637615, 9.3147287, 16.736792, 12.376548, 80.153671, 1128.2086, 852.51172
11.791615, 24.237511, 6.7704353, 9.3177500, 16.699968, 12.351408, 80.126045, 1128.2009, 852.51172
11.803790, 24.240440, 6.7701812, 9.3196735, 16.659481, 12.324005, 80.096466, 1128.1930, 852.51172
11.814987, 24.243246, 6.7684841, 9.3213520, 16.620150, 12.297301, 80.066650, 1128.1852, 852.51172
11.814917, 24.244574, 6.7479239, 9.3200245, 16.597261, 12.280742, 80.042862, 1128.1791, 852.51172
11.823373, 24.247015, 6.7411671, 9.3209238, 16.575533, 12.264906, 80.019638, 1128.1727, 852.51172
11.836924, 24.250298, 6.7443323, 9.3234549, 16.567205, 12.257429, 80.001648, 1128.1669, 852.51172
11.854242, 24.254128, 6.7543039, 9.3270893, 16.556631, 12.248595, 79.982590, 1128.1616, 852.51172
11.872406, 24.257883, 6.7638550, 9.3306198, 16.532814, 12.231488, 79.958160, 1128.1547, 852.51172
11.887336, 24.261198, 6.7683959, 9.3333044, 16.505091, 12.211956, 79.931831, 1128.1473, 852.51172
11.898537, 24.264021, 6.7690735, 9.3351908, 16.480335, 12.194252, 79.906464, 1128.1403, 852.51172
11.906940, 24.266478, 6.7674799, 9.3365316, 16.456949, 12.177392, 79.881439, 1128.1331, 852.51172
11.913478, 24.268694, 6.7650776, 9.3375683, 16.440851, 12.165028, 79.859390, 1128.1265, 852.51172
11.918256, 24.270683, 6.7611761, 9.3382511, 16.426228, 12.153576, 79.837898, 1128.1210, 852.51172
11.921494, 24.272467, 6.7556796, 9.3386040, 16.418484, 12.146370, 79.819366, 1128.1165, 852.51172
11.924292, 24.274282, 6.7520142, 9.3391371, 16.421949, 12.146133, 79.805725, 1128.1125, 852.51172
11.927337, 24.276125, 6.7499037, 9.3398180, 16.429281, 12.148280, 79.793861, 1128.1090, 852.51172
11.928579, 24.277765, 6.7456923, 9.3401279, 16.437363, 12.150912, 79.782387, 1128.1055, 852.51172
11.929322, 24.279305, 6.7405162, 9.3402567, 16.445135, 12.153340, 79.770973, 1128.1018, 852.51172
11.929232, 24.280670, 6.7331820, 9.3400412, 16.451488, 12.154874, 79.759171, 1128.0980, 852.51172
11.926623, 24.281776, 6.7218032, 9.3392162, 16.459316, 12.157358, 79.748032, 1128.0944, 852.51172
11.921243, 24.282660, 6.7073340, 9.3379230, 16.474892, 12.164703, 79.740067, 1128.0914, 852.51172
11.912672, 24.283428, 6.6911449, 9.3363581, 16.491816, 12.173058, 79.732468, 1128.0885, 852.51172
11.900875, 24.284084, 6.6733594, 9.3345413, 16.509951, 12.182343, 79.725182, 1128.0856, 852.51172
11.884875, 24.284580, 6.6531830, 9.3323631, 16.529745, 12.192886, 79.718285, 1128.0826, 852.51172
11.866073, 24.284994, 6.6319551, 9.3300152, 16.551025, 12.204520, 79.711815, 1128.0797, 852.51172
11.843850, 24.285324, 6.6094351, 9.3274584, 16.572548, 12.216520, 79.705254, 1128.0770, 852.51172
11.818307, 24.285543, 6.5852342, 9.3246450, 16.594639, 12.229067, 79.698730, 1128.0741, 852.51172
11.788916, 24.285641, 6.5591092, 9.3215370, 16.618500, 12.242933, 79.692665, 1128.0715, 852.51172
11.756739, 24.285654, 6.5317550, 9.3182306, 16.643435, 12.257637, 79.686882, 1128.0687, 852.51172
11.722277, 24.285606, 6.5035729, 9.3147821, 16.669477, 12.273173, 79.681412, 1128.0665, 852.51172
11.686425, 24.285538, 6.4751587, 9.3112764, 16.696836, 12.289629, 79.676414, 1128.0636, 852.51172
11.648977, 24.285435, 6.4464860, 9.3077049, 16.722879, 12.305398, 79.671028, 1128.0620, 852.51172
11.612626, 24.285383, 6.4188514, 9.3042469, 16.750515, 12.322108, 79.666420, 1128.0598, 852.51172
11.575686, 24.285328, 6.3913932, 9.3007889, 16.776932, 12.338140, 79.661537, 1128.0583, 852.51172
11.534444, 24.285131, 6.3617024, 9.2969933, 16.804750, 12.355286, 79.656906, 1128.0571, 852.51172
11.490017, 24.284838, 6.3304825, 9.2929602, 16.835901, 12.374672, 79.653160, 1128.0564, 852.51172
11.442475, 24.284475, 6.2982554, 9.2887554, 16.869814, 12.395965, 79.650093, 1128.0559, 852.51172
11.394228, 24.284081, 6.2658362, 9.2844934, 16.903364, 12.417095, 79.647034, 1128.0552, 852.51172
11.345568, 24.283669, 6.2332172, 9.2801714, 16.937080, 12.438367, 79.644135, 1128.0551, 852.51172
11.295577, 24.283218, 6.2002506, 9.2757730, 16.970442, 12.459520, 79.641228, 1128.0544, 852.51172
11.244987, 24.282755, 6.1672039, 9.2713308, 17.003977, 12.480844, 79.638481, 1128.0541, 852.51172
11.193739, 24.282263, 6.1339726, 9.2668333, 17.037891, 12.502454, 79.635933, 1128.0537, 852.51172
11.141793, 24.281755, 6.1006613, 9.2622890, 17.071280, 12.523802, 79.633369, 1128.0531, 852.51172
11.089095, 24.281219, 6.0672245, 9.2576971, 17.104841, 12.545324, 79.630974, 1128.0525, 852.51172
11.036195, 24.280668, 6.0336204, 9.2530508, 17.138123, 12.566696, 79.628654, 1128.0519, 852.51172
10.982132, 24.280067, 5.9995284, 9.2483091, 17.172876, 12.589059, 79.626678, 1128.0519, 852.51172
10.927737, 24.279463, 5.9655671, 9.2435503, 17.207415, 12.611329, 79.624802, 1128.0519, 852.51172
10.873700, 24.278851, 5.9317384, 9.2387781, 17.241213, 12.633142, 79.622971, 1128.0519, 852.51172
10.819313, 24.278233, 5.8979011, 9.2339735, 17.275246, 12.655142, 79.621292, 1128.0519, 852.51172
10.763764, 24.277580, 5.8637762, 9.2290974, 17.309235, 12.677201, 79.619720, 1128.0516, 852.51172
10.706536, 24.276888, 5.8292694, 9.2241364, 17.344273, 12.700031, 79.618340, 1128.0515, 852.51172
10.646670, 24.276154, 5.7942753, 9.2190742, 17.380453, 12.723757, 79.617119, 1128.0514, 852.51172
10.589984, 24.275444, 5.7598667, 9.2140617, 17.413704, 12.745489, 79.615837, 1128.0509, 852.51172
10.533944, 24.274719, 5.7255468, 9.2090273, 17.447481, 12.767516, 79.614769, 1128.0509, 852.51172
10.477248, 24.273972, 5.6911554, 9.2039499, 17.478270, 12.787778, 79.613586, 1128.0502, 852.51172
10.419793, 24.273201, 5.6565437, 9.1988096, 17.508657, 12.807859, 79.612465, 1128.0494, 852.51172
10.362209, 24.272408, 5.6218147, 9.1936216, 17.540392, 12.828781, 79.611603, 1128.0488, 852.51172
10.317601, 24.272203, 5.5980215, 9.1899023, 17.569777, 12.847668, 79.610886, 1128.0488, 852.51172
10.303252, 24.273386, 5.5992880, 9.1896133, 17.590693, 12.859940, 79.610214, 1128.0488, 852.51172
10.288784, 24.274488, 5.5990953, 9.1891260, 17.609522, 12.870911, 79.609535, 1128.0485, 852.51172
10.265077, 24.275036, 5.5890884, 9.1872807, 17.631346, 12.884081, 79.609032, 1128.0480, 852.51172
10.230988, 24.275057, 5.5697107, 9.1841326, 17.656410, 12.899704, 79.608597, 1128.0477, 852.51172
10.185925, 24.274733, 5.5442071, 9.1801310, 17.688696, 12.920361, 79.608414, 1128.0477, 852.51172
10.133512, 24.274282, 5.5165191, 9.1758013, 17.724531, 12.943669, 79.608353, 1128.0477, 852.51172
10.079524, 24.273706, 5.4868698, 9.1711788, 17.759132, 12.966295, 79.608353, 1128.0477, 852.51172
10.022670, 24.273006, 5.4551907, 9.1662493, 17.795160, 12.989953, 79.608467, 1128.0477, 852.51172
9.9606133, 24.272135, 5.4205155, 9.1608839, 17.832144, 13.014506, 79.608681, 1128.0477, 852.51172
9.8983507, 24.271206, 5.3852367, 9.1553993, 17.868982, 13.038979, 79.608932, 1128.0477, 852.51172
9.8364506, 24.270285, 5.3502846, 9.1499310, 17.905968, 13.063535, 79.609299, 1128.0477, 852.51172
9.7730675, 24.269361, 5.3154106, 9.1444397, 17.942930, 13.088204, 79.609764, 1128.0477, 852.51172
9.7075338, 24.268425, 5.2805085, 9.1389122, 17.981627, 13.114108, 79.610268, 1128.0477, 852.51172
9.6416483, 24.267462, 5.2455850, 9.1333475, 18.020277, 13.140022, 79.610817, 1128.0477, 852.51172
9.5744429, 24.266487, 5.2105818, 9.1277399, 18.059477, 13.166380, 79.611450, 1128.0477, 852.51172
9.5052996, 24.265491, 5.1754403, 9.1220837, 18.099003, 13.193090, 79.612160, 1128.0477, 852.51172
9.4365540, 24.264482, 5.1404052, 9.1164093, 18.138035, 13.219487, 79.613007, 1128.0477, 852.51172
9.3711386, 24.263479, 5.1057510, 9.1107531, 18.175375, 13.244637, 79.613953, 1128.0477, 852.51172
9.3076992, 24.262484, 5.0713506, 9.1051006, 18.211432, 13.268877, 79.615044, 1128.0477, 852.51172
9.2464266, 24.261469, 5.0371819, 9.0994482, 18.246517, 13.292383, 79.616234, 1128.0477, 852.51172
9.1856461, 24.260460, 5.0031571, 9.0937843, 18.281591, 13.315866, 79.617455, 1128.0477, 852.51172
9.1232891, 24.259434, 4.9691296, 9.0880880, 18.317450, 13.339955, 79.618698, 1128.0477, 852.51172
9.0599098, 24.258402, 4.9351292, 9.0823612, 18.353390, 13.364183, 79.620056, 1128.0477, 852.51172
8.9933233, 24.257339, 4.9009619, 9.0765839, 18.390791, 13.389551, 79.621407, 1128.0477, 852.51172
8.9276257, 24.256271, 4.8670049, 9.0708027, 18.428576, 13.415104, 79.622673, 1128.0477, 852.51172
8.8615093, 24.255203, 4.8331852, 9.0650101, 18.465120, 13.439950, 79.624229, 1128.0477, 852.51172
8.8020439, 24.254164, 4.7999887, 9.0592690, 18.498125, 13.462183, 79.626091, 1128.0477, 852.51172
8.7341919, 24.253075, 4.7662787, 9.0534286, 18.535746, 13.487846, 79.627655, 1128.0477, 852.51172
8.6674709, 24.251989, 4.7328134, 9.0475912, 18.572500, 13.512921, 79.629364, 1128.0477, 852.51172
8.5962667, 24.250877, 4.6991701, 9.0416985, 18.612024, 13.540023, 79.630836, 1128.0477, 852.51172
8.5241308, 24.249754, 4.6656108, 9.0357857, 18.652187, 13.567595, 79.632263, 1128.0477, 852.51172
8.4562998, 24.248640, 4.6324720, 9.0298986, 18.690123, 13.593517, 79.633888, 1128.0477, 852.51172
8.3862658, 24.247511, 4.5992684, 9.0239763, 18.728361, 13.619805, 79.635658, 1128.0477, 852.51172
8.3249302, 24.246399, 4.5667081, 9.0181084, 18.762684, 13.643089, 79.637703, 1128.0477, 852.51172
8.2568846, 24.245260, 4.5338321, 9.0121689, 18.800529, 13.669020, 79.639458, 1128.0477, 852.51172
8.1841621, 24.244106, 4.5008016, 9.0061789, 18.840096, 13.696357, 79.641212, 1128.0477, 852.51172
8.1143160, 24.242954, 4.4680338, 9.0001955, 18.878248, 13.722637, 79.643112, 1128.0477, 852.51172
8.0476227, 24.241793, 4.4355421, 8.9942207, 18.915735, 13.748296, 79.644890, 1128.0477, 852.51172
7.9803452, 24.240620, 4.4031439, 8.9882288, 18.953205, 13.774006, 79.646729, 1128.0477, 852.51172
7.9168963, 24.239449, 4.3710265, 8.9822454, 18.988274, 13.797997, 79.648941, 1128.0477, 852.51172
7.8556671, 24.238276, 4.3391223, 8.9762602, 19.022446, 13.821290, 79.651184, 1128.0477, 852.51172
7.7982407, 24.237103, 4.3075061, 8.9702892, 19.054003, 13.842735, 79.653854, 1128.0477, 852.51172
7.7414265, 24.235935, 4.2760425, 8.9643049, 19.084541, 13.863525, 79.656837, 1128.0477, 852.51172
7.6810122, 24.234760, 4.2445779, 8.9582977, 19.117043, 13.885792, 79.659592, 1128.0477, 852.51172
7.6152196, 24.233562, 4.2130775, 8.9522552, 19.152647, 13.910362, 79.661949, 1128.0477, 852.51172
7.5503745, 24.232365, 4.1817284, 8.9462051, 19.187033, 13.934136, 79.664619, 1128.0477, 852.51172
7.4928441, 24.231161, 4.1506457, 8.9401627, 19.218033, 13.955331, 79.667610, 1128.0477, 852.51172
