0.14938050E-3, 0.83094174E-2, 0.61689522E-1, 0.23869067E-1, 0.81997802E-2, 0.33157054E-1, 179.35954
0.15024976E-3, 0.95114755E-2, 0.64099945E-1, 0.12363280E-1, 0.50125611E-2, 0.29734397E-1, 180.61185
0.15119296E-3, 0.91911685E-2, 0.61844446E-1, 0.10190407E-1, 0.28016134E-2, 0.29634655E-1, 181.94028
0.15219951E-3, 0.10329470E-1, 0.68875276E-1, 0.10497264E-1, 0.12724376E-2, 0.29539704E-1, 183.32146
0.15328704E-3, 0.12233057E-1, 0.73421836E-1, 0.10624818E-1, 0.13456503E-2, 0.29448409E-1, 184.77345
0.15436900E-3, 0.11514367E-1, 0.66524863E-1, 0.88873832E-2, 0.13667480E-2, 0.29356144E-1, 186.19531
0.15530414E-3, 0.66419109E-2, 0.46199061E-1, 0.36783949E-2, 0.11357635E-2, 0.29264774E-1, 187.41980
0.15606647E-3, 0.38940737E-2, 0.31090736E-1, 0.0000000, 0.11669607E-2, 0.39044462E-1, 188.41272
0.15679424E-3, 0.47473642E-2, 0.34142874E-1, 0.69762277E-3, 0.16630312E-2, 0.29015591E-1, 189.34314
0.15755929E-3, 0.55441638E-2, 0.36824476E-1, 0.31166379E-2, 0.20525835E-2, 0.28914405E-1, 190.30547
0.15827951E-3, 0.40006898E-2, 0.28852707E-1, 0.10466459E-3, 0.20652537E-2, 0.28814431E-1, 191.20569
0.15899981E-3, 0.86190067E-2, 0.41598659E-1, 0.68406141E-2, 0.30429377E-2, 0.33617672E-1, 192.09216
0.15975343E-3, 0.10817663E-1, 0.45021042E-1, 0.10172267E-1, 0.48576053E-2, 0.40026974E-1, 193.01556
0.16036630E-3, 0.43019066E-2, 0.26796307E-1, 0.12985017E-1, 0.52679577E-2, 0.28480861E-1, 193.77339
0.16095597E-3, 0.15154353E-1, 0.54583412E-1, 0.18305110E-1, 0.49625365E-2, 0.28397789E-1, 194.48296
0.16163386E-3, 0.12001713E-1, 0.46859249E-1, 0.15562583E-1, 0.44263215E-2, 0.28320083E-1, 195.31087
0.16225567E-3, 0.10246110E-1, 0.40940411E-1, 0.16041780E-1, 0.50645741E-2, 0.28238147E-1, 196.06815
0.16284849E-3, 0.11104373E-1, 0.38814485E-1, 0.11457039E-1, 0.60826484E-2, 0.28158344E-1, 196.78664
0.16346532E-3, 0.12440710E-1, 0.38884033E-1, 0.12063035E-1, 0.74948580E-2, 0.28075213E-1, 197.53279
0.16400471E-3, 0.95327245E-2, 0.34243219E-1, 0.17902618E-1, 0.80101537E-2, 0.27996095E-1, 198.18898
0.16451220E-3, 0.12817384E-1, 0.40953077E-1, 0.17747084E-1, 0.72668414E-2, 0.27916459E-1, 198.79947
0.16501786E-3, 0.11995741E-1, 0.40019527E-1, 0.19766457E-1, 0.76208240E-2, 0.27839284E-1, 199.41136
0.16553118E-3, 0.17886337E-1, 0.47100984E-1, 0.21237385E-1, 0.81789447E-2, 0.27763136E-1, 200.02577
0.16602392E-3, 0.11032957E-1, 0.34226291E-1, 0.17216275E-1, 0.86998753E-2, 0.27687289E-1, 200.62817
0.16651837E-3, 0.20924140E-1, 0.48388287E-1, 0.19960165E-1, 0.88233454E-2, 0.27611682E-1, 201.21582
0.16703857E-3, 0.20699123E-1, 0.45416050E-1, 0.17914629E-1, 0.92778895E-2, 0.27535561E-1, 201.84464
0.16754346E-3, 0.21104105E-1, 0.43419715E-1, 0.16260309E-1, 0.10088717E-1, 0.27465845E-1, 202.45444
0.16803660E-3, 0.13202091E-1, 0.32310415E-1, 0.10346402E-1, 0.71275956E-2, 0.27403314E-1, 203.05829
0.16857579E-3, 0.18884849E-1, 0.36617063E-1, 0.15768502E-2, 0.34859376E-2, 0.27347691E-1, 203.70422
0.16913758E-3, 0.17982725E-1, 0.34960154E-1, 0.76612842E-3, 0.25080931E-2, 0.27305026E-1, 204.38406
0.16969940E-3, 0.27545152E-1, 0.44523470E-1, 0.19021308E-2, 0.26993419E-2, 0.27350493E-1, 205.05344
0.17019888E-3, 0.30075816E-1, 0.44423457E-1, 0.58193440E-2, 0.47763162E-2, 0.27605103E-1, 205.65456
0.17065607E-3, 0.26326507E-1, 0.39835047E-1, 0.63331611E-2, 0.72399401E-2, 0.28105546E-1, 206.21082
0.17112882E-3, 0.22918750E-1, 0.35960380E-1, 0.67657907E-2, 0.86589837E-2, 0.28676808E-1, 206.78552
0.17159941E-3, 0.28235972E-1, 0.37533876E-1, 0.53048483E-2, 0.95525309E-2, 0.29556124E-1, 207.34894
0.17205764E-3, 0.32398675E-1, 0.38773812E-1, 0.39107655E-2, 0.11083229E-1, 0.30992545E-1, 207.89848
0.17251875E-3, 0.33948485E-1, 0.38376894E-1, 0.20839493E-2, 0.12076877E-1, 0.32459497E-1, 208.45421
0.17299053E-3, 0.36772504E-1, 0.38819764E-1, 0.37603849E-3, 0.12673138E-1, 0.34072820E-1, 209.02148
0.17349997E-3, 0.20105734E-1, 0.27087364E-1, 0.0000000, 0.13209902E-1, 0.35572488E-1, 209.65382
0.17408250E-3, 0.11665844E-1, 0.20738203E-1, 0.38463240E-2, 0.13797522E-1, 0.33435855E-1, 210.36632
0.44672016E-1, 0.81705675E-2, 0.43965936E-1, 0.24348145E-1, 0.70746085E-2, 0.26502097E-1, 210.57121
0.15878328E-2, 0.13439861E-1, 0.67700021E-1, 0.22426642E-1, 0.21867766E-2, 0.26283585E-1, 210.77628
0.17622506E-3, 0.11329755E-1, 0.58280468E-1, 0.18092059E-1, 0.18880537E-2, 0.26211893E-1, 211.79604
0.17684246E-3, 0.14673094E-1, 0.62928848E-1, 0.18411480E-1, 0.23087852E-2, 0.26141906E-1, 212.76595
0.17748856E-3, 0.21921199E-1, 0.72241068E-1, 0.21829298E-1, 0.30765056E-2, 0.26072329E-1, 213.74075
0.17812077E-3, 0.26488375E-1, 0.72174810E-1, 0.20721264E-1, 0.34130160E-2, 0.26006050E-1, 214.67039
0.17869713E-3, 0.22818523E-1, 0.62144991E-1, 0.21908648E-1, 0.41757924E-2, 0.25938237E-1, 215.50928
0.17920708E-3, 0.23976382E-1, 0.59101693E-1, 0.19722912E-1, 0.50155632E-2, 0.25870506E-1, 216.23370
0.17964547E-3, 0.25644280E-1, 0.54228488E-1, 0.20931518E-1, 0.64925486E-2, 0.25805205E-1, 216.84561
0.18003646E-3, 0.23339499E-1, 0.46284467E-1, 0.21300217E-1, 0.88989856E-2, 0.25739927E-1, 217.38350
0.18040133E-3, 0.29386254E-1, 0.48545480E-1, 0.19314881E-1, 0.11442184E-1, 0.25674870E-1, 217.86526
0.18074263E-3, 0.33599690E-1, 0.49480759E-1, 0.20543806E-1, 0.12539545E-1, 0.25613870E-1, 218.30795
0.18103301E-3, 0.37764400E-1, 0.49439814E-1, 0.21856973E-1, 0.14812217E-1, 0.25625123E-1, 218.67969
0.18131708E-3, 0.33778090E-1, 0.44091225E-1, 0.20876713E-1, 0.16147589E-1, 0.25838807E-1, 219.04509
0.18162381E-3, 0.24068320E-1, 0.34798630E-1, 0.19621748E-1, 0.17042004E-1, 0.26267752E-1, 219.43828
0.18196092E-3, 0.12249161E-1, 0.29661171E-1, 0.25155464E-1, 0.18797772E-1, 0.25564892E-1, 219.86682
0.18233202E-3, 0.11734853E-1, 0.29795229E-1, 0.27637174E-1, 0.16338266E-1, 0.25311269E-1, 220.32251
0.18270778E-3, 0.99494364E-2, 0.26003268E-1, 0.21544650E-1, 0.17058166E-1, 0.25250092E-1, 220.78329
0.18306605E-3, 0.11019676E-1, 0.26558742E-1, 0.27247924E-1, 0.20139927E-1, 0.25192834E-1, 221.21860
0.18348098E-3, 0.15837720E-1, 0.32295950E-1, 0.25208948E-1, 0.22703968E-1, 0.25138244E-1, 221.71780
0.18394066E-3, 0.14132203E-1, 0.29939556E-1, 0.27734697E-1, 0.24296762E-1, 0.25079260E-1, 222.27666
0.18441053E-3, 0.10196057E-1, 0.25676195E-1, 0.21935381E-1, 0.23072479E-1, 0.25020812E-1, 222.84917
0.18482027E-3, 0.91038588E-2, 0.27304169E-1, 0.28353721E-1, 0.20186784E-1, 0.24964605E-1, 223.34546
0.18518546E-3, 0.11512333E-1, 0.34627721E-1, 0.28808929E-1, 0.15224300E-1, 0.24912603E-1, 223.78433
0.85032858E-1, 0.14972518E-1, 0.55128470E-1, 0.36668319E-1, 0.10127777E-1, 0.24860021E-1, 223.41714
0.18573570E-3, 0.13160119E-1, 0.61719142E-1, 0.24212342E-1, 0.48025497E-2, 0.24803992E-1, 223.05211
0.18618858E-3, 0.12335553E-1, 0.56987237E-1, 0.28938428E-1, 0.37432907E-2, 0.24743663E-1, 223.85410
0.18664919E-3, 0.16632169E-1, 0.64928077E-1, 0.23548830E-1, 0.38110313E-2, 0.24686106E-1, 224.63898
0.18709264E-3, 0.14929640E-1, 0.56531183E-1, 0.28461628E-1, 0.45421850E-2, 0.24629496E-1, 225.37904
0.18750752E-3, 0.16355895E-1, 0.56492448E-1, 0.29801905E-1, 0.50949869E-2, 0.24573265E-1, 226.04771
0.18793801E-3, 0.23128403E-1, 0.63199997E-1, 0.24285361E-1, 0.53607011E-2, 0.24518615E-1, 226.69672
0.99809356E-1, 0.17542077E-1, 0.66410862E-1, 0.33484470E-1, 0.47465619E-2, 0.24465226E-1, 225.76653
0.18796533E-3, 0.17566679E-1, 0.68361096E-1, 0.24679516E-1, 0.34881718E-2, 0.24410727E-1, 225.85744
0.18851996E-3, 0.25724536E-1, 0.78478336E-1, 0.26695253E-1, 0.32925510E-2, 0.24354488E-1, 226.76624
0.18902140E-3, 0.25959829E-1, 0.70577808E-1, 0.26509203E-1, 0.35192966E-2, 0.24300829E-1, 227.59261
0.18943842E-3, 0.25615646E-1, 0.62606819E-1, 0.25991743E-1, 0.41955477E-2, 0.24245480E-1, 228.28479
0.18980187E-3, 0.31999186E-1, 0.66326007E-1, 0.25274904E-1, 0.46288595E-2, 0.24191903E-1, 228.87140
0.19012191E-3, 0.27967405E-1, 0.57399228E-1, 0.24433393E-1, 0.53572985E-2, 0.24138236E-1, 229.38367
0.19039509E-3, 0.37607957E-1, 0.61649915E-1, 0.22946451E-1, 0.59839603E-2, 0.24085030E-1, 229.79756
0.19059227E-3, 0.12636335E-1, 0.28604368E-1, 0.19816460E-1, 0.68883887E-2, 0.24028778E-1, 230.13124
0.19076669E-3, 0.11021926E-1, 0.24871584E-1, 0.21192525E-1, 0.91253379E-2, 0.23974236E-1, 230.39600
0.19095732E-3, 0.10347905E-1, 0.23093902E-1, 0.23346733E-1, 0.12093680E-1, 0.23919785E-1, 230.66553
0.19117988E-3, 0.14889918E-1, 0.28189046E-1, 0.23408057E-1, 0.15023530E-1, 0.23867447E-1, 230.95782
0.19145197E-3, 0.22622569E-1, 0.35863683E-1, 0.24007438E-1, 0.16375266E-1, 0.23816569E-1, 231.29910
0.19169263E-3, 0.33792034E-1, 0.42495992E-1, 0.24849555E-1, 0.16840558E-1, 0.23794884E-1, 231.59312
0.19191745E-3, 0.24866713E-1, 0.34346603E-1, 0.22931788E-1, 0.18064132E-1, 0.23842620E-1, 231.88414
0.19214103E-3, 0.37524484E-1, 0.41312382E-1, 0.24653874E-1, 0.19351609E-1, 0.24079753E-1, 232.14915
0.19234110E-3, 0.31108821E-1, 0.35852414E-1, 0.22136953E-1, 0.20042760E-1, 0.24532184E-1, 232.40283
0.19252428E-3, 0.52159429E-1, 0.46385054E-1, 0.19574430E-1, 0.20521151E-1, 0.25242440E-1, 232.60689
0.19267469E-3, 0.26452551E-1, 0.29766282E-1, 0.20395203E-1, 0.21699347E-1, 0.26198030E-1, 232.81725
0.19289744E-3, 0.40769804E-1, 0.36271475E-1, 0.21301946E-1, 0.23767233E-1, 0.27428873E-1, 233.07390
0.19310077E-3, 0.39705999E-1, 0.34311786E-1, 0.16683029E-1, 0.25841530E-1, 0.29053450E-1, 233.32179
0.19337825E-3, 0.39611299E-1, 0.33201162E-1, 0.15430915E-1, 0.28013924E-1, 0.30810582E-1, 233.65726
0.19377147E-3, 0.27676282E-1, 0.25940398E-1, 0.13263408E-1, 0.30717973E-1, 0.32136165E-1, 234.14436
0.19427379E-3, 0.22102620E-1, 0.21715933E-1, 0.17048649E-1, 0.33950668E-1, 0.33140071E-1, 234.75699
0.19477936E-3, 0.32111637E-1, 0.26555765E-1, 0.16346114E-1, 0.37398353E-1, 0.34671385E-1, 235.35796
0.19537298E-3, 0.26044993E-1, 0.22861185E-1, 0.11162633E-1, 0.39601371E-1, 0.36239870E-1, 236.08145
0.19609813E-3, 0.17717050E-1, 0.19295085E-1, 0.18282652E-1, 0.42924695E-1, 0.31630129E-1, 236.96609
0.19673085E-3, 0.14784015E-1, 0.21545891E-1, 0.27655827E-1, 0.42311799E-1, 0.23491541E-1, 237.73361
0.19733119E-3, 0.20147193E-1, 0.24599241E-1, 0.24172317E-1, 0.39139461E-1, 0.24131693E-1, 238.45383
0.19780229E-3, 0.36493711E-1, 0.32036684E-1, 0.23210734E-1, 0.36912121E-1, 0.26246294E-1, 239.00677
0.19814362E-3, 0.38757399E-1, 0.30101495E-1, 0.18913571E-1, 0.36489431E-1, 0.30338792E-1, 239.41702
0.19845026E-3, 0.65590337E-1, 0.37905376E-1, 0.10769701E-1, 0.37890319E-1, 0.35501674E-1, 239.76077
0.19879318E-3, 0.52412476E-1, 0.31379405E-1, 0.66803675E-3, 0.40126394E-1, 0.39587475E-1, 240.18837
0.19952150E-3, 0.25204819E-1, 0.20181352E-1, 0.0000000, 0.43570165E-1, 0.41289251E-1, 241.09576
0.20031692E-3, 0.20765070E-1, 0.23050169E-1, 0.22274535E-1, 0.39582767E-1, 0.28462969E-1, 242.06143
0.20072321E-3, 0.19893689E-1, 0.34244165E-1, 0.32937959E-1, 0.24996851E-1, 0.22693489E-1, 242.55331
0.20102083E-3, 0.24771111E-1, 0.38515706E-1, 0.25444992E-1, 0.15645023E-1, 0.22650069E-1, 242.90808
0.20119603E-3, 0.19180110E-1, 0.31006422E-1, 0.27281558E-1, 0.12040580E-1, 0.22603560E-1, 243.12546
0.20135021E-3, 0.23100542E-1, 0.34101121E-1, 0.22235181E-1, 0.11513793E-1, 0.22556480E-1, 243.30785
0.20145913E-3, 0.31028943E-1, 0.38214982E-1, 0.24085652E-1, 0.11227700E-1, 0.22511004E-1, 243.43153
0.20150373E-3, 0.33747602E-1, 0.37044160E-1, 0.25322672E-1, 0.11309500E-1, 0.22512816E-1, 243.48276
0.20149697E-3, 0.40162735E-1, 0.37798472E-1, 0.21047169E-1, 0.11697047E-1, 0.22825610E-1, 243.46811
0.20144462E-3, 0.42018645E-1, 0.36124300E-1, 0.17927766E-1, 0.11928584E-1, 0.23667064E-1, 243.40302
0.20140618E-3, 0.29707868E-1, 0.27857337E-1, 0.20446602E-1, 0.13690455E-1, 0.24765441E-1, 243.36885
0.20144496E-3, 0.20938523E-1, 0.26040152E-1, 0.23100125E-1, 0.11480240E-1, 0.22785358E-1, 243.42447
0.20150635E-3, 0.20074300E-1, 0.29352432E-1, 0.19568514E-1, 0.57167588E-2, 0.22228990E-1, 243.49956
0.20162993E-3, 0.19717142E-1, 0.35950709E-1, 0.20990780E-1, 0.39652498E-2, 0.22177860E-1, 243.64925
0.20181559E-3, 0.25672542E-1, 0.46816047E-1, 0.26163545E-1, 0.39784182E-2, 0.22132644E-1, 243.86766
0.20197166E-3, 0.33838648E-1, 0.49320735E-1, 0.21857979E-1, 0.44470425E-2, 0.22089399E-1, 244.04811
0.20204281E-3, 0.33619642E-1, 0.44790868E-1, 0.24763925E-1, 0.48637656E-2, 0.22045063E-1, 244.13428
0.20207296E-3, 0.30281555E-1, 0.40207583E-1, 0.22339225E-1, 0.55175982E-2, 0.21999573E-1, 244.17412
0.62272352, 0.23615832E-1, 0.59131723E-1, 0.29489961E-1, 0.41992087E-2, 0.21957949E-1, 242.98416
0.19176555E-3, 0.32942150E-1, 0.84676042E-1, 0.23645399E-1, 0.19140003E-2, 0.21911068E-1, 230.23997
0.19228087E-3, 0.33807036E-1, 0.80572315E-1, 0.22813717E-1, 0.19638715E-2, 0.21864299E-1, 231.12566
0.19268956E-3, 0.37906632E-1, 0.77800281E-1, 0.24846774E-1, 0.23379629E-2, 0.21819066E-1, 231.85928
0.19298776E-3, 0.45160670E-1, 0.75282127E-1, 0.22979338E-1, 0.27460570E-2, 0.21773305E-1, 232.42638
0.19313928E-3, 0.29023798E-1, 0.51767994E-1, 0.24432916E-1, 0.40547866E-2, 0.21728968E-1, 232.80486
0.19318672E-3, 0.53186361E-1, 0.66792719E-1, 0.21113023E-1, 0.48470520E-2, 0.21686634E-1, 232.98264
0.19314144E-3, 0.49028985E-1, 0.57832342E-1, 0.24397403E-1, 0.54099052E-2, 0.21642599E-1, 233.04494
0.19301630E-3, 0.62011860E-1, 0.59901394E-1, 0.19007521E-1, 0.57792715E-2, 0.21598859E-1, 232.96666
0.19283277E-3, 0.52264363E-1, 0.51004730E-1, 0.19378563E-1, 0.64491844E-2, 0.21554232E-1, 232.81885
0.19267811E-3, 0.52782729E-1, 0.47597706E-1, 0.17982794E-1, 0.74336873E-2, 0.21546809E-1, 232.67889
0.19257354E-3, 0.40947195E-1, 0.46155132E-1, 0.21901229E-1, 0.92141824E-2, 0.21491440E-1, 232.59894
0.19255064E-3, 0.50213642E-1, 0.51844854E-1, 0.25880989E-1, 0.91978395E-2, 0.21421669E-1, 232.58704
0.19243492E-3, 0.49727350E-1, 0.48073776E-1, 0.22238184E-1, 0.84212869E-2, 0.21387478E-1, 232.46564
0.19224241E-3, 0.63235700E-1, 0.50799962E-1, 0.18635543E-1, 0.84913662E-2, 0.21436086E-1, 232.23233
0.19204862E-3, 0.48916098E-1, 0.50071880E-1, 0.23541614E-1, 0.98920707E-2, 0.21381279E-1, 232.02168
0.19201942E-3, 0.50300054E-1, 0.52792814E-1, 0.22550130E-1, 0.92220791E-2, 0.21252196E-1, 231.99171
0.19193960E-3, 0.48816759E-1, 0.47494177E-1, 0.20748505E-1, 0.87522045E-2, 0.21214271E-1, 231.90147
0.19174580E-3, 0.67391492E-1, 0.52319549E-1, 0.19567806E-1, 0.93738791E-2, 0.21284455E-1, 231.65210
0.19133904E-3, 0.83569333E-1, 0.54285485E-1, 0.16983582E-1, 0.10544710E-1, 0.21802459E-1, 231.14673
0.19089691E-3, 0.59750739E-1, 0.40524155E-1, 0.18312503E-1, 0.12080700E-1, 0.23315283E-1, 230.63795
0.19068462E-3, 0.41603226E-1, 0.32013506E-1, 0.15522557E-1, 0.13595968E-1, 0.23742907E-1, 230.39995
0.19061135E-3, 0.47445007E-1, 0.32804828E-1, 0.14193913E-1, 0.14025402E-1, 0.25159838E-1, 230.30556
0.19056820E-3, 0.39160650E-1, 0.42389296E-1, 0.27594447E-1, 0.16084917E-1, 0.21839736E-1, 230.26170
0.19060391E-3, 0.49408369E-1, 0.52119315E-1, 0.22790890E-1, 0.11293442E-1, 0.20922966E-1, 230.29462
0.19052070E-3, 0.59717361E-1, 0.56026839E-1, 0.21936467E-1, 0.90323640E-2, 0.20884572E-1, 230.18378
0.19036228E-3, 0.46123710E-1, 0.44889100E-1, 0.24594117E-1, 0.93628215E-2, 0.20845572E-1, 230.00591
0.19025434E-3, 0.51611833E-1, 0.46853982E-1, 0.20959400E-1, 0.96112629E-2, 0.20815050E-1, 229.87001
0.19008957E-3, 0.49350087E-1, 0.42683657E-1, 0.20348903E-1, 0.10411745E-1, 0.20892164E-1, 229.67313
0.19002003E-3, 0.38791403E-1, 0.41246835E-1, 0.21287564E-1, 0.11303861E-1, 0.20742998E-1, 229.59966
0.19004686E-3, 0.28334061E-1, 0.31906087E-1, 0.24462970E-1, 0.13690719E-1, 0.20732662E-1, 229.64253
0.19016574E-3, 0.28351778E-1, 0.24845900E-1, 0.18467890E-1, 0.22952510E-1, 0.23403790E-1, 229.78613
0.19049182E-3, 0.28400397E-1, 0.20316731E-1, 0.10450247E-1, 0.35058342E-1, 0.31343527E-1, 230.18018
0.19124254E-3, 0.28512323E-1, 0.18254748E-1, 0.93252747E-4, 0.47030207E-1, 0.38867407E-1, 231.08731
0.19226593E-3, 0.28664904E-1, 0.17303986E-1, 0.0000000, 0.58613658E-1, 0.43123428E-1, 232.32394
0.19309534E-3, 0.76000266E-1, 0.32608241E-1, 0.0000000, 0.65101534E-1, 0.44955075E-1, 233.27895
0.19398757E-3, 0.53966358E-1, 0.24354240E-1, 0.0000000, 0.70605084E-1, 0.46076525E-1, 234.37920
0.19504126E-3, 0.37428331E-1, 0.26383840E-1, 0.20638525E-1, 0.72835006E-1, 0.31517342E-1, 235.66916
0.19578407E-3, 0.44496126E-1, 0.30180959E-1, 0.24172146E-1, 0.56187212E-1, 0.23099581E-1, 236.55975
0.19615231E-3, 0.60061134E-1, 0.32725167E-1, 0.20912157E-1, 0.51568769E-1, 0.25214974E-1, 236.98921
0.19642311E-3, 0.37944838E-1, 0.32919269E-1, 0.30877719E-1, 0.43362752E-1, 0.20378359E-1, 237.33858
0.19675876E-3, 0.32211497E-1, 0.31337220E-1, 0.23043487E-1, 0.31446248E-1, 0.20098813E-1, 237.75000
0.19695026E-3, 0.35788570E-1, 0.46037991E-1, 0.31197242E-1, 0.14580227E-1, 0.20014361E-1, 237.97780
0.19698826E-3, 0.49205553E-1, 0.51797293E-1, 0.24888087E-1, 0.84569547E-2, 0.19980283E-1, 238.01031
0.19679274E-3, 0.61433028E-1, 0.53732071E-1, 0.23805056E-1, 0.78503955E-2, 0.19947201E-1, 237.76181
0.19653242E-3, 0.49501237E-1, 0.49806021E-1, 0.22779575E-1, 0.82448488E-2, 0.19913476E-1, 237.45915
0.19633866E-3, 0.76903589E-1, 0.65426320E-1, 0.22635806E-1, 0.71726823E-2, 0.19878753E-1, 237.19759
0.19586411E-3, 0.85053213E-1, 0.60960039E-1, 0.23109566E-1, 0.70917173E-2, 0.19842241E-1, 236.61588
0.19531226E-3, 0.68670556E-1, 0.49152501E-1, 0.19756278E-1, 0.78641055E-2, 0.19811722E-1, 235.96539
0.19482168E-3, 0.78211941E-1, 0.52928787E-1, 0.21105124E-1, 0.88118967E-2, 0.19782269E-1, 235.36302
0.19446222E-3, 0.35924044E-1, 0.32408699E-1, 0.22961933E-1, 0.12640665E-1, 0.19752296E-1, 234.97087
0.98746173E-1, 0.29031390E-1, 0.58049992E-1, 0.34629118E-1, 0.10873315E-1, 0.19703982E-1, 233.68726
0.19428437E-3, 0.32260139E-1, 0.68995476E-1, 0.22986919E-1, 0.43210429E-2, 0.19670727E-1, 233.29984
0.66991936E-3, 0.45173198E-1, 0.82110584E-1, 0.28139221E-1, 0.27544859E-2, 0.19635130E-1, 233.84882
0.19479961E-3, 0.53696238E-1, 0.90468213E-1, 0.22296263E-1, 0.21397418E-2, 0.19600397E-1, 234.41197
0.17999893E-2, 0.55793662E-1, 0.91552280E-1, 0.25382409E-1, 0.21385597E-2, 0.19566307E-1, 234.92558
0.19541958E-3, 0.44011511E-1, 0.81540272E-1, 0.22403648E-1, 0.20574506E-2, 0.19531336E-1, 235.50848
0.19570964E-3, 0.51072720E-1, 0.84472068E-1, 0.26998490E-1, 0.22306626E-2, 0.19498076E-1, 236.00406
0.19591958E-3, 0.49060296E-1, 0.75869195E-1, 0.25197694E-1, 0.24153192E-2, 0.19466009E-1, 236.37914
0.19600891E-3, 0.70778728E-1, 0.84597990E-1, 0.25909636E-1, 0.26996548E-2, 0.19433843E-1, 236.55681
0.63395210E-1, 0.57810266E-1, 0.90352558E-1, 0.26158983E-1, 0.26932186E-2, 0.19402932E-1, 235.61807
0.15061294, 0.44714715E-1, 0.81414029E-1, 0.24899444E-1, 0.25829202E-2, 0.19370766E-1, 233.84178
0.19368602E-3, 0.80669329E-1, 0.11016843, 0.26859324E-1, 0.21924691E-2, 0.19338943E-1, 232.62381
0.19365035E-3, 0.78759693E-1, 0.94814472E-1, 0.26309438E-1, 0.23925158E-2, 0.19307192E-1, 232.84390
0.19336067E-3, 0.89030214E-1, 0.87434329E-1, 0.21326495E-1, 0.30593080E-2, 0.19276191E-1, 232.71898
0.19304009E-3, 0.54341726E-1, 0.69013104E-1, 0.25944890E-1, 0.41143624E-2, 0.19244276E-1, 232.56703
0.19310287E-3, 0.83131075E-1, 0.11045952, 0.23840284E-1, 0.26641239E-2, 0.19213624E-1, 232.77739
0.19324665E-3, 0.76133095E-1, 0.95648900E-1, 0.23135358E-1, 0.22639770E-2, 0.19181091E-1, 233.08742
0.19311617E-3, 0.91303952E-1, 0.88348381E-1, 0.25399355E-1, 0.28825800E-2, 0.19150304E-1, 233.01447
0.19268465E-3, 0.85974872E-1, 0.72953619E-1, 0.21411566E-1, 0.38527704E-2, 0.19119505E-1, 232.57401
0.19215325E-3, 0.86751156E-1, 0.66164009E-1, 0.21030078E-1, 0.48713950E-2, 0.19087505E-1, 231.98715
0.19148132E-3, 0.91214709E-1, 0.60009975E-1, 0.20828279E-1, 0.62555321E-2, 0.19054761E-1, 231.21196
0.19055034E-3, 0.11142243, 0.58551971E-1, 0.20100735E-1, 0.82926983E-2, 0.19110061E-1, 230.09663
0.18965932E-3, 0.75772420E-1, 0.42313963E-1, 0.15467691E-1, 0.10777094E-1, 0.19693553E-1, 229.07707
0.18900927E-3, 0.79271749E-1, 0.39722171E-1, 0.18748082E-1, 0.14063027E-1, 0.20828573E-1, 228.30322
0.18842448E-3, 0.61079349E-1, 0.38965140E-1, 0.25227372E-1, 0.15975563E-1, 0.19804144E-1, 227.62558
0.18818912E-3, 0.54190103E-1, 0.54905228E-1, 0.24656236E-1, 0.12050893E-1, 0.18895064E-1, 227.35585
0.18813915E-3, 0.31760428E-1, 0.41144919E-1, 0.26567178E-1, 0.91126179E-2, 0.18865103E-1, 227.32355
0.56976028E-1, 0.28285006E-1, 0.55940036E-1, 0.26161682E-1, 0.47774422E-2, 0.18838059E-1, 226.70615
0.15359095, 0.30139074E-1, 0.65084025E-1, 0.28754335E-1, 0.35075122E-2, 0.18810328E-1, 224.48643
0.18604525E-3, 0.36631014E-1, 0.74272662E-1, 0.27183022E-1, 0.31161667E-2, 0.18781364E-1, 223.42236
0.18623270E-3, 0.75224943E-1, 0.10207045, 0.24196975E-1, 0.25383846E-2, 0.18752700E-1, 223.86482
0.18620967E-3, 0.76513119E-1, 0.90809062E-1, 0.21459667E-1, 0.24974295E-2, 0.18723559E-1, 224.06830
0.18598167E-3, 0.80941558E-1, 0.81406385E-1, 0.24346774E-1, 0.30736814E-2, 0.18693713E-1, 223.98993
0.18557927E-3, 0.78509480E-1, 0.69869369E-1, 0.19917417E-1, 0.37385309E-2, 0.18663714E-1, 223.67322
0.18498118E-3, 0.97489662E-1, 0.68260714E-1, 0.21089096E-1, 0.47843209E-2, 0.18632714E-1, 223.06506
0.18430789E-3, 0.59390217E-1, 0.46818402E-1, 0.18632211E-1, 0.62294854E-2, 0.18601652E-1, 222.39276
0.18398197E-3, 0.44340272E-1, 0.41226730E-1, 0.21675169E-1, 0.72971983E-2, 0.18571574E-1, 222.09143
0.18376080E-3, 0.48602499E-1, 0.48503451E-1, 0.23574473E-1, 0.86619537E-2, 0.18544059E-1, 221.87749
0.18365204E-3, 0.51034186E-1, 0.57398934E-1, 0.25419964E-1, 0.70371861E-2, 0.18518461E-1, 221.78596
0.18356442E-3, 0.52732732E-1, 0.55831801E-1, 0.27423603E-1, 0.70093912E-2, 0.18490544E-1, 221.70914
0.18334691E-3, 0.68042956E-1, 0.59104919E-1, 0.23420397E-1, 0.81822872E-2, 0.18464061E-1, 221.45345
0.18315135E-3, 0.45671623E-1, 0.52374560E-1, 0.23286013E-1, 0.81911376E-2, 0.18437900E-1, 221.25543
0.18309201E-3, 0.46631794E-1, 0.51632088E-1, 0.26097430E-1, 0.84225200E-2, 0.18413566E-1, 221.19415
0.34789879E-1, 0.34925826E-1, 0.62745742E-1, 0.29567156E-1, 0.71386704E-2, 0.18391801E-1, 220.83496
0.18394378E-3, 0.44159926E-1, 0.78079082E-1, 0.27612336E-1, 0.32665031E-2, 0.18363997E-1, 220.96620
0.18409132E-3, 0.80074310E-1, 0.10140259, 0.22309944E-1, 0.24198585E-2, 0.18338064E-1, 221.35480
0.18394766E-3, 0.62977932E-1, 0.73376358E-1, 0.22734953E-1, 0.29346887E-2, 0.18310526E-1, 221.42029
0.41601942E-2, 0.34472987E-1, 0.55871636E-1, 0.23565654E-1, 0.37701637E-2, 0.18281633E-1, 221.47511
0.12969983, 0.28567038E-1, 0.61440296E-1, 0.24893276E-1, 0.36001871E-2, 0.18256040E-1, 220.10870
0.18925860E-2, 0.49114227E-1, 0.83535507E-1, 0.28162409E-1, 0.33363928E-2, 0.18231221E-1, 219.14645
0.18278320E-3, 0.40752266E-1, 0.70231751E-1, 0.25430048E-1, 0.27344592E-2, 0.18203955E-1, 219.59637
0.18287478E-3, 0.42153727E-1, 0.66239484E-1, 0.24864370E-1, 0.30530775E-2, 0.18177314E-1, 219.94888
0.18296273E-3, 0.37028797E-1, 0.65248311E-1, 0.22703150E-1, 0.24261875E-2, 0.18150367E-1, 220.27728
0.18316107E-3, 0.34302682E-1, 0.63344225E-1, 0.22165515E-1, 0.28745267E-2, 0.18123191E-1, 220.70367
0.18328351E-3, 0.62087104E-1, 0.82190998E-1, 0.29384628E-1, 0.29188001E-2, 0.18098902E-1, 220.97446
0.18323385E-3, 0.71688399E-1, 0.80293603E-1, 0.21397024E-1, 0.28938847E-2, 0.18075716E-1, 221.02406
0.18301621E-3, 0.64762741E-1, 0.65119304E-1, 0.24342377E-1, 0.34144842E-2, 0.18050049E-1, 220.85965
0.18270237E-3, 0.74526295E-1, 0.61556768E-1, 0.19885957E-1, 0.44584991E-2, 0.18022681E-1, 220.53966
0.18224047E-3, 0.63399620E-1, 0.49243286E-1, 0.19731347E-1, 0.58783740E-2, 0.17995875E-1, 220.04387
0.18182259E-3, 0.54218840E-1, 0.40746480E-1, 0.21096453E-1, 0.75424314E-2, 0.17969502E-1, 219.58559
0.18131814E-3, 0.78522429E-1, 0.46133455E-1, 0.20713257E-1, 0.90608355E-2, 0.17972870E-1, 218.97879
0.18052450E-3, 0.93044832E-1, 0.46539322E-1, 0.19413631E-1, 0.10940082E-1, 0.18181907E-1, 218.02484
0.17980511E-3, 0.65333582E-1, 0.38633376E-1, 0.18834120E-1, 0.12030515E-1, 0.18188698E-1, 217.19708
0.17936616E-3, 0.55956025E-1, 0.35150681E-1, 0.18088233E-1, 0.13315603E-1, 0.18129341E-1, 216.68594
0.17884866E-3, 0.87709285E-1, 0.46026848E-1, 0.20865375E-1, 0.13655146E-1, 0.18087812E-1, 216.03593
0.17832380E-3, 0.46253294E-1, 0.32471381E-1, 0.19023014E-1, 0.15317688E-1, 0.18026849E-1, 215.44827
0.17806303E-3, 0.56288213E-1, 0.34416944E-1, 0.20724652E-1, 0.15991313E-1, 0.18031996E-1, 215.12668
0.17784048E-3, 0.36546763E-1, 0.24665566E-1, 0.16793899E-1, 0.18440627E-1, 0.18900536E-1, 214.88023
0.17763644E-3, 0.67845047E-1, 0.31669389E-1, 0.18793007E-1, 0.21219932E-1, 0.20929830E-1, 214.60397
0.17738706E-3, 0.37629355E-1, 0.21362361E-1, 0.14627527E-1, 0.24093123E-1, 0.23151791E-1, 214.33388
0.17741896E-3, 0.35294455E-1, 0.28652444E-1, 0.23750296E-1, 0.24254834E-1, 0.17957594E-1, 214.37476
0.17737107E-3, 0.52958526E-1, 0.35738908E-1, 0.24176516E-1, 0.20250283E-1, 0.17692599E-1, 214.29924
0.17698605E-3, 0.76994106E-1, 0.39742932E-1, 0.21784756E-1, 0.18252414E-1, 0.18111413E-1, 213.80988
0.17633554E-3, 0.85278884E-1, 0.37810516E-1, 0.17074496E-1, 0.18762503E-1, 0.19364502E-1, 213.01546
0.17584302E-3, 0.42717829E-1, 0.24080859E-1, 0.16986120E-1, 0.20887816E-1, 0.20963648E-1, 212.46280
0.17560544E-3, 0.67917056E-1, 0.29585935E-1, 0.15928356E-1, 0.23657296E-1, 0.22881951E-1, 212.15054
0.17524860E-3, 0.63528582E-1, 0.27506374E-1, 0.15164831E-1, 0.25872542E-1, 0.24337584E-1, 211.72368
0.17500539E-3, 0.57807971E-1, 0.24837725E-1, 0.10384430E-1, 0.28227177E-1, 0.26656987E-1, 211.43546
0.17485062E-3, 0.78353539E-1, 0.28526863E-1, 0.74878167E-2, 0.31534784E-1, 0.27872439E-1, 211.22786
0.17448170E-3, 0.67695946E-1, 0.28109420E-1, 0.18877812E-1, 0.33290364E-1, 0.25016561E-1, 210.79271
0.17419943E-3, 0.64812206E-1, 0.30886250E-1, 0.20230854E-1, 0.31364597E-1, 0.20288279E-1, 210.45445
0.17380304E-3, 0.85536264E-1, 0.31645417E-1, 0.12339028E-1, 0.30867934E-1, 0.25381936E-1, 209.95473
0.17355988E-3, 0.61449014E-1, 0.23759231E-1, 0.99505240E-3, 0.33150073E-1, 0.31324241E-1, 209.68494
0.17376625E-3, 0.43410547E-1, 0.18155735E-1, 0.33868966E-2, 0.37984312E-1, 0.31827994E-1, 209.95239
0.17414251E-3, 0.50862566E-1, 0.20242829E-1, 0.25806930E-2, 0.41876059E-1, 0.31993274E-1, 210.39963
0.17459079E-3, 0.47964446E-1, 0.18894492E-1, 0.0000000, 0.46988212E-1, 0.35602149E-1, 210.94426
0.17518576E-3, 0.43105494E-1, 0.18240746E-1, 0.60545644E-2, 0.51374216E-1, 0.31787895E-1, 211.66815
0.17572133E-3, 0.45742072E-1, 0.18502353E-1, 0.55919802E-2, 0.53076498E-1, 0.32228068E-1, 212.31271
0.17636923E-3, 0.53570352E-1, 0.19049820E-1, 0.0000000, 0.57520863E-1, 0.37222221E-1, 213.08788
0.17717507E-3, 0.35413489E-1, 0.14848532E-1, 0.0000000, 0.62649012E-1, 0.36157269E-1, 214.07993
0.17819217E-3, 0.41628178E-1, 0.16101718E-1, 0.0000000, 0.66187084E-1, 0.35573978E-1, 215.30283
0.17908512E-3, 0.61193727E-1, 0.19222390E-1, 0.0000000, 0.70124969E-1, 0.38040027E-1, 216.36244
0.18005636E-3, 0.33552486E-1, 0.13602272E-1, 0.0000000, 0.74568503E-1, 0.37641138E-1, 217.56383
0.18109822E-3, 0.39869081E-1, 0.21810608E-1, 0.24412926E-1, 0.69767490E-1, 0.19385561E-1, 218.81656
0.18154827E-3, 0.57520267E-1, 0.26315631E-1, 0.23256186E-1, 0.52620146E-1, 0.18359067E-1, 219.34282
0.18171505E-3, 0.41033231E-1, 0.19246140E-1, 0.18692536E-1, 0.45666400E-1, 0.21567652E-1, 219.56082
0.18190657E-3, 0.58760080E-1, 0.20742185E-1, 0.12134353E-1, 0.45271132E-1, 0.26381474E-1, 219.77458
0.18212848E-3, 0.58279656E-1, 0.19612283E-1, 0.13178110E-2, 0.47158949E-1, 0.31354237E-1, 220.04326
0.18248100E-3, 0.58595002E-1, 0.18969009E-1, 0.0000000, 0.46244908E-1, 0.34090117E-1, 220.46892
0.18274458E-3, 0.61265510E-1, 0.18918414E-1, 0.0000000, 0.45214169E-1, 0.35802621E-1, 220.78481
0.18304179E-3, 0.50911788E-1, 0.17581547E-1, 0.65699993E-2, 0.46943448E-1, 0.30907795E-1, 221.15433
0.18324408E-3, 0.51462628E-1, 0.18723000E-1, 0.99182446E-2, 0.44119425E-1, 0.26441354E-1, 221.39828
0.18359431E-3, 0.51793262E-1, 0.16641799E-1, 0.93153212E-5, 0.46439502E-1, 0.33580892E-1, 221.82120
0.18406044E-3, 0.49704816E-1, 0.15461870E-1, 0.0000000, 0.51615100E-1, 0.37317913E-1, 222.38657
0.18462485E-3, 0.52648567E-1, 0.15685469E-1, 0.0000000, 0.57391327E-1, 0.38234472E-1, 223.06569
0.18522670E-3, 0.58185652E-1, 0.16260333E-1, 0.0000000, 0.62793553E-1, 0.38465586E-1, 223.78752
0.18589414E-3, 0.55678688E-1, 0.15795147E-1, 0.0000000, 0.67891397E-1, 0.38589258E-1, 224.59659
0.18663036E-3, 0.25032148E-1, 0.18409887E-1, 0.20778459E-1, 0.59670243E-1, 0.18117743E-1, 225.51700
0.43851459, 0.22669349E-1, 0.37156742E-1, 0.27289748E-1, 0.18192671E-1, 0.15894519E-1, 222.39908
0.80022746, 0.19450054E-1, 0.37214447E-1, 0.26264250E-1, 0.50270464E-2, 0.15868191E-1, 205.58250
0.16395120E-3, 0.26853142E-1, 0.44723328E-1, 0.25221571E-1, 0.41807885E-2, 0.15845785E-1, 196.84639
0.16386076E-3, 0.19243892E-1, 0.33001088E-1, 0.24899093E-1, 0.39992416E-2, 0.15824657E-1, 196.97356
0.16077518, 0.13476823E-1, 0.28209377E-1, 0.18101644E-1, 0.29385134E-2, 0.15801435E-1, 195.82344
0.10655327E-1, 0.21488251E-1, 0.39983071E-1, 0.25759565E-1, 0.32878816E-2, 0.15779769E-1, 193.19643
0.16089274E-3, 0.17418848E-1, 0.34868788E-1, 0.20775864E-1, 0.36804075E-2, 0.15760159E-1, 193.34332
0.71497788E-2, 0.17528685E-1, 0.34579124E-1, 0.25310868E-1, 0.38748377E-2, 0.15740801E-1, 193.35852
0.16101309E-3, 0.15134158E-1, 0.30279210E-1, 0.20841561E-1, 0.43946262E-2, 0.15719246E-1, 193.49022
0.16092342E-3, 0.18772010E-1, 0.31608079E-1, 0.24746252E-1, 0.49114595E-2, 0.15699256E-1, 193.59090
0.16076991E-3, 0.27402092E-1, 0.35210963E-1, 0.26907776E-1, 0.51131835E-2, 0.15683396E-1, 193.58530
0.16057800E-3, 0.29919386E-1, 0.33711489E-1, 0.21117968E-1, 0.53488407E-2, 0.15667873E-1, 193.51001
0.16043005E-3, 0.14997881E-1, 0.20846210E-1, 0.21529580E-1, 0.66529200E-2, 0.15648644E-1, 193.47511
0.16038470E-3, 0.11157912E-1, 0.17199703E-1, 0.18812610E-1, 0.80732843E-2, 0.15626503E-1, 193.52528
0.16038900E-3, 0.11248939E-1, 0.16826889E-1, 0.19817110E-1, 0.93307355E-2, 0.15603433E-1, 193.60767
0.16038488E-3, 0.18383695E-1, 0.21184273E-1, 0.26168685E-1, 0.10649182E-1, 0.15583619E-1, 193.65364
0.16032939E-3, 0.20368438E-1, 0.20431420E-1, 0.23221612E-1, 0.12425751E-1, 0.15568051E-1, 193.62767
0.16027759E-3, 0.23283191E-1, 0.20593202E-1, 0.22087066E-1, 0.14030213E-1, 0.15552781E-1, 193.59373
0.16024035E-3, 0.21510579E-1, 0.18704679E-1, 0.19860649E-1, 0.14446743E-1, 0.15537930E-1, 193.57336
0.16023744E-3, 0.17781308E-1, 0.18641513E-1, 0.21889456E-1, 0.14888193E-1, 0.15520887E-1, 193.59013
0.16026535E-3, 0.21601714E-1, 0.20117424E-1, 0.23479160E-1, 0.14531765E-1, 0.15504012E-1, 193.63171
0.16029073E-3, 0.13983118E-1, 0.14791273E-1, 0.18941989E-1, 0.14014516E-1, 0.15485581E-1, 193.67850
0.16035479E-3, 0.15812384E-1, 0.15829196E-1, 0.22948850E-1, 0.15654976E-1, 0.15465506E-1, 193.76015
0.16042407E-3, 0.18103505E-1, 0.16865171E-1, 0.21467125E-1, 0.17238773E-1, 0.15447940E-1, 193.84601
0.16049675E-3, 0.18087817E-1, 0.15989812E-1, 0.23122106E-1, 0.18595990E-1, 0.15431183E-1, 193.93695
0.16057250E-3, 0.20597553E-1, 0.16440000E-1, 0.19658251E-1, 0.20412210E-1, 0.15415817E-1, 194.02831
0.16063200E-3, 0.27326776E-1, 0.18392285E-1, 0.19643473E-1, 0.21110257E-1, 0.15430912E-1, 194.09499
0.16065409E-3, 0.27440207E-1, 0.17010607E-1, 0.21112397E-1, 0.22709485E-1, 0.15632307E-1, 194.12228
0.16068823E-3, 0.31628646E-1, 0.17194211E-1, 0.19684732E-1, 0.25055982E-1, 0.16182691E-1, 194.15936
0.16078273E-3, 0.27490813E-1, 0.14539544E-1, 0.14634911E-1, 0.27985064E-1, 0.17361399E-1, 194.27774
0.16106035E-3, 0.13819194E-1, 0.10889142E-1, 0.19075582E-1, 0.33127245E-1, 0.15483774E-1, 194.62714
0.16151814E-3, 0.14466258E-1, 0.10128805E-1, 0.17165387E-1, 0.37388232E-1, 0.15650107E-1, 195.18019
0.16202546E-3, 0.17054548E-1, 0.10598372E-1, 0.18222086E-1, 0.41591715E-1, 0.16233332E-1, 195.79094
0.16262052E-3, 0.16977299E-1, 0.99170366E-2, 0.15218914E-1, 0.45523316E-1, 0.17193010E-1, 196.51016
0.16328042E-3, 0.18256210E-1, 0.99176988E-2, 0.15757147E-1, 0.48060641E-1, 0.18474530E-1, 197.30632
0.16391109E-3, 0.19687934E-1, 0.97521786E-2, 0.18796144E-1, 0.50710987E-1, 0.19900575E-1, 198.06708
0.16461112E-3, 0.20798739E-1, 0.94806086E-2, 0.14941911E-1, 0.54733727E-1, 0.21428782E-1, 198.91199
0.16540966E-3, 0.16701935E-1, 0.81520816E-2, 0.15704589E-1, 0.58420081E-1, 0.22801386E-1, 199.88110
0.16633797E-3, 0.15373353E-1, 0.75834496E-2, 0.13949731E-1, 0.62074900E-1, 0.23855111E-1, 201.00429
0.16736431E-3, 0.15796293E-1, 0.76088794E-2, 0.12585901E-1, 0.65582670E-1, 0.24778156E-1, 202.24422
0.16849367E-3, 0.17581111E-1, 0.78091677E-2, 0.91181779E-2, 0.68762615E-1, 0.25604295E-1, 203.60728
0.16972671E-3, 0.17372228E-1, 0.76150782E-2, 0.71290410E-2, 0.72393723E-1, 0.26350506E-1, 205.09764
0.17102428E-3, 0.20597529E-1, 0.83956858E-2, 0.65053785E-2, 0.74325144E-1, 0.27000725E-1, 206.66254
0.17236933E-3, 0.18795094E-1, 0.77741770E-2, 0.40994519E-2, 0.76191373E-1, 0.27602641E-1, 208.28981
0.17367287E-3, 0.10637828E-1, 0.65404968E-2, 0.20158865E-1, 0.75738668E-1, 0.18018289E-1, 209.87335
0.17489141E-3, 0.91932854E-2, 0.57971249E-2, 0.16296638E-1, 0.73016286E-1, 0.17798202E-1, 211.34737
0.17608154E-3, 0.14774755E-1, 0.71208323E-2, 0.17885916E-1, 0.73315412E-1, 0.19397043E-1, 212.78003
0.17718357E-3, 0.17552719E-1, 0.73991097E-2, 0.18082717E-1, 0.72606497E-1, 0.21805868E-1, 214.10913
0.17826524E-3, 0.17454466E-1, 0.68800836E-2, 0.13571409E-1, 0.71146838E-1, 0.24447246E-1, 215.41635
0.17947650E-3, 0.16668998E-1, 0.63803699E-2, 0.43226611E-2, 0.70616208E-1, 0.26717898E-1, 216.88095
0.18081817E-3, 0.18486563E-1, 0.65462273E-2, 0.39488077E-6, 0.71257912E-1, 0.28366152E-1, 218.50053
0.18217332E-3, 0.20831469E-1, 0.68378630E-2, 0.0000000, 0.72312422E-1, 0.29433096E-1, 220.13594
0.18355719E-3, 0.16291143E-1, 0.58347574E-2, 0.0000000, 0.73872484E-1, 0.30037420E-1, 221.81284
0.18503430E-3, 0.14929203E-1, 0.51852516E-2, 0.0000000, 0.76382622E-1, 0.30320263E-1, 223.59943
0.18657303E-3, 0.14293894E-1, 0.48734713E-2, 0.0000000, 0.79054974E-1, 0.30508483E-1, 225.45992
0.18816095E-3, 0.14653988E-1, 0.48463098E-2, 0.0000000, 0.81206739E-1, 0.30672384E-1, 227.37869
0.18977551E-3, 0.15289311E-1, 0.48695817E-2, 0.0000000, 0.82669169E-1, 0.30825377E-1, 229.32938
0.19140035E-3, 0.15736805E-1, 0.48966375E-2, 0.0000000, 0.83640732E-1, 0.30951794E-1, 231.29263
0.19303391E-3, 0.16160576E-1, 0.48608212E-2, 0.0000000, 0.84214263E-1, 0.31039072E-1, 233.26646
0.19468613E-3, 0.13649758E-1, 0.43826071E-2, 0.0000000, 0.84422499E-1, 0.31109154E-1, 235.26575
0.19630749E-3, 0.21027500E-1, 0.57602813E-2, 0.0000000, 0.83959371E-1, 0.31184487E-1, 237.21774
0.19788579E-3, 0.15669772E-1, 0.47768983E-2, 0.0000000, 0.83208382E-1, 0.31246476E-1, 239.13051
0.19947554E-3, 0.18895779E-1, 0.51491973E-2, 0.0000000, 0.82523644E-1, 0.31296164E-1, 241.04849
0.20100642E-3, 0.20152608E-1, 0.53778156E-2, 0.0000000, 0.81643768E-1, 0.31354990E-1, 242.89734
0.20251152E-3, 0.19605909E-1, 0.51484131E-2, 0.0000000, 0.80562651E-1, 0.31396370E-1, 244.71680
0.20401874E-3, 0.16818749E-1, 0.45401915E-2, 0.0000000, 0.79849608E-1, 0.31410024E-1, 246.54108
0.20552747E-3, 0.18599318E-1, 0.46901996E-2, 0.0000000, 0.79339743E-1, 0.31421475E-1, 248.36259
0.20699530E-3, 0.16106123E-1, 0.46732789E-2, 0.29650403E-2, 0.77742808E-1, 0.28149344E-1, 250.13902
0.20829240E-3, 0.18439045E-1, 0.52057193E-2, 0.10312850E-1, 0.73674433E-1, 0.26367826E-1, 251.70421
0.20950001E-3, 0.18185839E-1, 0.48753326E-2, 0.23250924E-2, 0.70056073E-1, 0.27888898E-1, 253.16383
0.21080824E-3, 0.14998471E-1, 0.39432151E-2, 0.0000000, 0.68374209E-1, 0.29755179E-1, 254.74811
0.21214999E-3, 0.10928016E-1, 0.31821467E-2, 0.0000000, 0.67708530E-1, 0.30981470E-1, 256.37378
0.21348981E-3, 0.92258025E-2, 0.32613496E-2, 0.97530959E-2, 0.66115476E-1, 0.25319587E-1, 257.99469
0.21433091E-3, 0.99467468E-2, 0.77515724E-2, 0.24456909E-1, 0.43011747E-1, 0.13646859E-1, 259.01038
0.21463343E-3, 0.12999466E-1, 0.10317950E-1, 0.19068187E-1, 0.16854852E-1, 0.13621622E-1, 259.37292
0.21461460E-3, 0.11264636E-1, 0.89940606E-2, 0.18173592E-1, 0.75329104E-2, 0.13597457E-1, 259.35190
0.21447481E-3, 0.15819203E-1, 0.10368273E-1, 0.16897943E-1, 0.50419443E-2, 0.13574802E-1, 259.17841
0.21427900E-3, 0.13548564E-1, 0.88983634E-2, 0.19232230E-1, 0.43971865E-2, 0.13553027E-1, 258.94412
0.21414744E-3, 0.84141418E-2, 0.63574789E-2, 0.14698516E-1, 0.42322190E-2, 0.13528786E-1, 258.79022
0.21413615E-3, 0.64686118E-2, 0.55670943E-2, 0.99274013E-2, 0.49060504E-2, 0.13502241E-1, 258.77853
0.21412167E-3, 0.78260722E-2, 0.66840979E-2, 0.15936160E-1, 0.54441756E-2, 0.13476353E-1, 258.75967
0.21401534E-3, 0.10543553E-1, 0.78168754E-2, 0.20210780E-1, 0.51895911E-2, 0.13454559E-1, 258.62845
0.21385307E-3, 0.14317593E-1, 0.89288726E-2, 0.17875047E-1, 0.49334955E-2, 0.13434927E-1, 258.42871
0.21364121E-3, 0.14440139E-1, 0.85056145E-2, 0.19694490E-1, 0.48070168E-2, 0.13416838E-1, 258.17273
0.21345777E-3, 0.12549880E-1, 0.73225391E-2, 0.16287083E-1, 0.46009836E-2, 0.13398069E-1, 257.95294
0.21324273E-3, 0.15762622E-1, 0.80166999E-2, 0.19142881E-1, 0.41827117E-2, 0.13379494E-1, 257.68991
0.21302421E-3, 0.14917948E-1, 0.73500560E-2, 0.16737504E-1, 0.41655386E-2, 0.13360605E-1, 257.42667
0.21281603E-3, 0.15126513E-1, 0.71744500E-2, 0.15761141E-1, 0.42476519E-2, 0.13341682E-1, 257.17484
0.21255357E-3, 0.20174060E-1, 0.82512572E-2, 0.17631561E-1, 0.41969190E-2, 0.13324053E-1, 256.85257
0.21226973E-3, 0.18290609E-1, 0.74966429E-2, 0.14795285E-1, 0.43786345E-2, 0.13309751E-1, 256.51147
0.21203596E-3, 0.16362095E-1, 0.66958950E-2, 0.14831514E-1, 0.47640735E-2, 0.13304944E-1, 256.23093
0.21185470E-3, 0.14967439E-1, 0.59668263E-2, 0.14720913E-1, 0.54005631E-2, 0.13329376E-1, 256.01324
0.21172308E-3, 0.12238814E-1, 0.51912889E-2, 0.12584234E-1, 0.62283310E-2, 0.13379358E-1, 255.85692
0.21165278E-3, 0.11373491E-1, 0.48388294E-2, 0.12775211E-1, 0.69284416E-2, 0.13426273E-1, 255.77281
0.21158224E-3, 0.12502936E-1, 0.51428908E-2, 0.12422990E-1, 0.74504358E-2, 0.13300687E-1, 255.68655
0.21154892E-3, 0.80955550E-2, 0.38640273E-2, 0.12025453E-1, 0.77861939E-2, 0.13302693E-1, 255.65073
0.21154693E-3, 0.96547185E-2, 0.42395638E-2, 0.12253972E-1, 0.77204728E-2, 0.13357194E-1, 255.64685
0.21153559E-3, 0.90958932E-2, 0.39893761E-2, 0.12159686E-1, 0.76147020E-2, 0.13412767E-1, 255.63367
0.21151660E-3, 0.10687926E-1, 0.43336698E-2, 0.12370272E-1, 0.74865911E-2, 0.13476724E-1, 255.60913
0.21145333E-3, 0.12788175E-1, 0.47575315E-2, 0.13618637E-1, 0.79489350E-2, 0.13620646E-1, 255.53052
0.21137849E-3, 0.11158415E-1, 0.42490866E-2, 0.13161387E-1, 0.82918052E-2, 0.13771277E-1, 255.44176
0.21135718E-3, 0.95579829E-2, 0.37387223E-2, 0.11716212E-1, 0.85534826E-2, 0.13896093E-1, 255.41760
0.21133870E-3, 0.12327035E-1, 0.41245725E-2, 0.13826332E-1, 0.91875279E-2, 0.14182398E-1, 255.39259
0.21125864E-3, 0.14898309E-1, 0.43834513E-2, 0.14138573E-1, 0.99032409E-2, 0.14707771E-1, 255.29330
0.21113365E-3, 0.13990207E-1, 0.41827611E-2, 0.15486890E-1, 0.10310025E-1, 0.15389454E-1, 255.14326
0.21101732E-3, 0.14414968E-1, 0.42928252E-2, 0.15493651E-1, 0.10461471E-1, 0.15863974E-1, 255.00218
0.21090939E-3, 0.14248613E-1, 0.46173711E-2, 0.15609764E-1, 0.10463630E-1, 0.14483294E-1, 254.87195
0.21075363E-3, 0.14794268E-1, 0.59074247E-2, 0.17844718E-1, 0.91688391E-2, 0.13018442E-1, 254.68314
0.21060758E-3, 0.11724540E-1, 0.51073786E-2, 0.18079385E-1, 0.78265145E-2, 0.12990178E-1, 254.50974
0.21046049E-3, 0.12795766E-1, 0.53003654E-2, 0.16731128E-1, 0.71960012E-2, 0.12976358E-1, 254.33089
0.21023417E-3, 0.19056128E-1, 0.66741230E-2, 0.18444613E-1, 0.74799308E-2, 0.12969252E-1, 254.05121
0.20999502E-3, 0.13475419E-1, 0.52380678E-2, 0.18670551E-1, 0.87388065E-2, 0.12974372E-1, 253.76772
0.20987968E-3, 0.11186009E-1, 0.44709905E-2, 0.15750099E-1, 0.10005609E-1, 0.12987744E-1, 253.63058
0.20990203E-3, 0.88643199E-2, 0.36113637E-2, 0.11923774E-1, 0.11974831E-1, 0.13046811E-1, 253.66000
0.21004265E-3, 0.63492274E-2, 0.28098563E-2, 0.93762577E-2, 0.14042540E-1, 0.13121274E-1, 253.83249
0.21024300E-3, 0.62396778E-2, 0.34754018E-2, 0.13409332E-1, 0.15234009E-1, 0.12891079E-1, 254.07477
0.21033535E-3, 0.62592910E-2, 0.61459159E-2, 0.19876080E-1, 0.12643622E-1, 0.12853287E-1, 254.18636
0.40834762E-1, 0.61775525E-2, 0.70344992E-2, 0.16960893E-1, 0.80329515E-2, 0.12831992E-1, 254.02194
0.21086770E-3, 0.75754109E-2, 0.80296034E-2, 0.17742548E-1, 0.53328443E-2, 0.12812157E-1, 253.20320
0.21055108E-3, 0.75054797E-2, 0.77340836E-2, 0.18074455E-1, 0.38555982E-2, 0.12792045E-1, 253.11623
0.21021756E-3, 0.86809369E-2, 0.83658379E-2, 0.19738406E-1, 0.30744965E-2, 0.12773290E-1, 252.98299
0.35187795E-2, 0.83257211E-2, 0.84293354E-2, 0.16700659E-1, 0.22301970E-2, 0.12755629E-1, 252.80064
0.20988562E-3, 0.78709070E-2, 0.82747871E-2, 0.18844653E-1, 0.17819329E-2, 0.12737295E-1, 252.58241
0.20963218E-3, 0.64026187E-2, 0.71102674E-2, 0.12542510E-1, 0.18424104E-2, 0.12715022E-1, 252.51314
0.20941865E-3, 0.73306551E-2, 0.76976325E-2, 0.16022027E-1, 0.21005950E-2, 0.12693263E-1, 252.45038
0.20913595E-3, 0.12013669E-1, 0.10357045E-1, 0.20507008E-1, 0.22268021E-2, 0.12677273E-1, 252.26215
0.20877938E-3, 0.14128980E-1, 0.11278491E-1, 0.22693355E-1, 0.22502430E-2, 0.12666465E-1, 251.95219
0.20849780E-3, 0.84071215E-2, 0.79674991E-2, 0.17746061E-1, 0.20071473E-2, 0.12652703E-1, 251.71091
0.20824815E-3, 0.15507816E-1, 0.11303604E-1, 0.21962803E-1, 0.23303751E-2, 0.12636999E-1, 251.47191
0.20790727E-3, 0.16985511E-1, 0.11585239E-1, 0.22809243E-1, 0.27537514E-2, 0.12627567E-1, 251.10991
0.20759323E-3, 0.12710435E-1, 0.93580624E-2, 0.19181255E-1, 0.29766562E-2, 0.12617927E-1, 250.77217
0.20735155E-3, 0.10837259E-1, 0.91619631E-2, 0.19143850E-1, 0.20945307E-2, 0.12604957E-1, 250.50890
0.20714480E-3, 0.11075104E-1, 0.96022934E-2, 0.21421511E-1, 0.16718729E-2, 0.12590058E-1, 250.27814
0.15621635, 0.63756402E-2, 0.70119314E-2, 0.10943339E-1, 0.19412520E-2, 0.12572191E-1, 248.68576
0.21448332, 0.44727032E-2, 0.56459419E-2, 0.49794698E-2, 0.33017911E-2, 0.12545923E-1, 243.83931
0.11916368, 0.42795152E-2, 0.54944847E-2, 0.49224622E-2, 0.61364765E-2, 0.18077800E-1, 239.98718
0.16899884E-1, 0.48406515E-2, 0.59653288E-2, 0.13946341E-1, 0.81671830E-2, 0.12477607E-1, 238.70312
0.55236078E-3, 0.85942885E-2, 0.83092768E-2, 0.17972333E-1, 0.83320057E-2, 0.12458437E-1, 238.58484
0.19846726E-3, 0.88005010E-2, 0.82766861E-2, 0.19358493E-1, 0.73006768E-2, 0.12442250E-1, 238.53038
0.19814124E-3, 0.11731220E-1, 0.91769714E-2, 0.22795692E-1, 0.64737857E-2, 0.12429452E-1, 238.39494
0.19776706E-3, 0.14507335E-1, 0.96860779E-2, 0.21868633E-1, 0.61109439E-2, 0.12419665E-1, 238.17058
0.19731582E-3, 0.18458843E-1, 0.10225704E-1, 0.23907226E-1, 0.57831369E-2, 0.12413799E-1, 237.81503
0.19682030E-3, 0.19792229E-1, 0.10019517E-1, 0.25532363E-1, 0.58763297E-2, 0.12411051E-1, 237.37158
0.19635860E-3, 0.18118573E-1, 0.89464504E-2, 0.23352981E-1, 0.61882772E-2, 0.12409654E-1, 236.93750
0.19590018E-3, 0.24002137E-1, 0.97141974E-2, 0.24667179E-1, 0.68862126E-2, 0.12408497E-1, 236.47064
0.19541496E-3, 0.22343706E-1, 0.87306481E-2, 0.21180630E-1, 0.77923774E-2, 0.12407942E-1, 235.95578
0.19494121E-3, 0.26735295E-1, 0.86879153E-2, 0.25002740E-1, 0.89349402E-2, 0.12407302E-1, 235.43024
0.19446951E-3, 0.26198123E-1, 0.81138052E-2, 0.21432519E-1, 0.10435065E-1, 0.12407685E-1, 234.89841
0.19408356E-3, 0.21835241E-1, 0.68967026E-2, 0.21106560E-1, 0.12379358E-1, 0.12416241E-1, 234.46368
0.19379180E-3, 0.21024683E-1, 0.77406308E-2, 0.23302399E-1, 0.14022511E-1, 0.12403064E-1, 234.13153
0.19359709E-3, 0.17376103E-1, 0.60713007E-2, 0.20760786E-1, 0.15384903E-1, 0.12394688E-1, 233.91397
0.19348587E-3, 0.18668704E-1, 0.56973314E-2, 0.17632617E-1, 0.18195760E-1, 0.12427810E-1, 233.78844
0.19339571E-3, 0.19522158E-1, 0.54744026E-2, 0.19310096E-1, 0.20805996E-1, 0.12666305E-1, 233.68578
0.19334501E-3, 0.21325476E-1, 0.54294439E-2, 0.19498393E-1, 0.23599984E-1, 0.13375837E-1, 233.62793
0.19332755E-3, 0.24431570E-1, 0.53815460E-2, 0.18562049E-1, 0.26753131E-1, 0.14624263E-1, 233.60730
0.19330811E-3, 0.27543478E-1, 0.55604894E-2, 0.17372521E-1, 0.29673494E-1, 0.15789112E-1, 233.58302
0.19326295E-3, 0.30763393E-1, 0.57697915E-2, 0.20441588E-1, 0.32360744E-1, 0.16868148E-1, 233.52702
0.19324863E-3, 0.27482189E-1, 0.51891236E-2, 0.19982856E-1, 0.35043702E-1, 0.18075399E-1, 233.51373
0.19338461E-3, 0.21090813E-1, 0.43205973E-2, 0.16995592E-1, 0.38718902E-1, 0.18831098E-1, 233.68489
0.19367777E-3, 0.24460493E-1, 0.46099951E-2, 0.18385980E-1, 0.42784858E-1, 0.19428328E-1, 234.03593
0.19395711E-3, 0.26374176E-1, 0.47098035E-2, 0.19643880E-1, 0.45900270E-1, 0.20053942E-1, 234.37201
0.19422109E-3, 0.31834342E-1, 0.51664454E-2, 0.17918088E-1, 0.47733553E-1, 0.20716917E-1, 234.68599
0.19456923E-3, 0.19994838E-1, 0.46407003E-2, 0.20098407E-1, 0.48030004E-1, 0.16692229E-1, 235.11876
0.19490730E-3, 0.21196676E-1, 0.57538012E-2, 0.22154298E-1, 0.38901813E-1, 0.12504808E-1, 235.52611
0.19501853E-3, 0.25272414E-1, 0.68067992E-2, 0.22808436E-1, 0.32605939E-1, 0.12430454E-1, 235.65651
0.19511719E-3, 0.11630161E-1, 0.49148109E-2, 0.19996032E-1, 0.26014956E-1, 0.12339468E-1, 235.78947
0.19521921E-3, 0.10221344E-1, 0.64254533E-2, 0.14907552E-1, 0.17461220E-1, 0.12326475E-1, 235.91417
0.26374045, 0.14043255E-1, 0.10872705E-1, 0.23301085E-1, 0.63943728E-2, 0.12311026E-1, 231.88879
0.19087028E-3, 0.27108410E-1, 0.16887750E-1, 0.21293957E-1, 0.25390037E-2, 0.12295506E-1, 229.18204
0.19031671E-3, 0.16587952E-1, 0.11750991E-1, 0.22215774E-1, 0.28470007E-2, 0.12283567E-1, 228.79218
0.51296469E-1, 0.10294200E-1, 0.89977235E-2, 0.14470531E-1, 0.29914982E-2, 0.12267668E-1, 228.44090
0.18919563E-3, 0.11653122E-1, 0.10069989E-1, 0.20253308E-1, 0.31423003E-2, 0.12248035E-1, 227.17514
0.18876551E-3, 0.17579596E-1, 0.12924705E-1, 0.20126335E-1, 0.32690724E-2, 0.12233085E-1, 226.91557
0.18826562E-3, 0.25397845E-1, 0.16083542E-1, 0.21718299E-1, 0.30057493E-2, 0.12221513E-1, 226.54776
0.18777861E-3, 0.14863395E-1, 0.11032389E-1, 0.18561527E-1, 0.29653418E-2, 0.12210361E-1, 226.18196
0.18748028E-3, 0.96182320E-2, 0.82023367E-2, 0.16675334E-1, 0.34952015E-2, 0.12194074E-1, 226.00253
0.18717599E-3, 0.18584192E-1, 0.11440642E-1, 0.20747539E-1, 0.43219151E-2, 0.12177872E-1, 225.76740
0.18677885E-3, 0.21839697E-1, 0.11175516E-1, 0.21708362E-1, 0.53800899E-2, 0.12166373E-1, 225.39462
0.18635122E-3, 0.25258977E-1, 0.10853620E-1, 0.20275347E-1, 0.63310536E-2, 0.12157181E-1, 224.95813
0.18587173E-3, 0.28397648E-1, 0.10683520E-1, 0.24237042E-1, 0.71347384E-2, 0.12151142E-1, 224.43799
0.18534924E-3, 0.31246705E-1, 0.10409120E-1, 0.19047467E-1, 0.82766162E-2, 0.12146661E-1, 223.84959
0.18484185E-3, 0.31975873E-1, 0.92112785E-2, 0.22411454E-1, 0.98785516E-2, 0.12141176E-1, 223.26921
0.18434874E-3, 0.34731634E-1, 0.87026693E-2, 0.17350692E-1, 0.12127263E-1, 0.12156034E-1, 222.69478
0.18387295E-3, 0.37442293E-1, 0.82425475E-2, 0.19314677E-1, 0.14792817E-1, 0.12353236E-1, 222.13455
0.18350210E-3, 0.28329287E-1, 0.65535931E-2, 0.16760472E-1, 0.18089578E-1, 0.12922269E-1, 221.70782
0.18330671E-3, 0.29679954E-1, 0.62495619E-2, 0.15744152E-1, 0.22247378E-1, 0.13935853E-1, 221.47894
0.18320969E-3, 0.28993871E-1, 0.59518334E-2, 0.14853965E-1, 0.26471125E-1, 0.15017360E-1, 221.36850
0.18306215E-3, 0.43648239E-1, 0.70330380E-2, 0.18758014E-1, 0.30500297E-1, 0.16102117E-1, 221.18011
0.18287660E-3, 0.32992642E-1, 0.58352663E-2, 0.15750220E-1, 0.34217052E-1, 0.17329086E-1, 220.97009
0.18305473E-3, 0.19396579E-1, 0.41406648E-2, 0.13369238E-1, 0.38543019E-1, 0.17718101E-1, 221.20091
0.18355359E-3, 0.13444519E-1, 0.34291684E-2, 0.12422677E-1, 0.45256805E-1, 0.15364667E-1, 221.81029
0.18423828E-3, 0.11382627E-1, 0.33254763E-2, 0.15917528E-1, 0.50887756E-1, 0.13870271E-1, 222.63985
0.18492517E-3, 0.10735272E-1, 0.38589425E-2, 0.17276067E-1, 0.48034150E-1, 0.12089046E-1, 223.47061
0.18546676E-3, 0.14630059E-1, 0.48792856E-2, 0.19844811E-1, 0.42590965E-1, 0.12017569E-1, 224.12146
0.18573499E-3, 0.31290598E-1, 0.71581891E-2, 0.22077613E-1, 0.37914649E-1, 0.12175836E-1, 224.42961
0.18578219E-3, 0.27788898E-1, 0.62233438E-2, 0.20977467E-1, 0.36210727E-1, 0.12651696E-1, 224.49086
0.18581829E-3, 0.32694202E-1, 0.65079895E-2, 0.18670123E-1, 0.36317591E-1, 0.13157335E-1, 224.52997
0.18581490E-3, 0.31490605E-1, 0.64269975E-2, 0.20485885E-1, 0.35986055E-1, 0.13209111E-1, 224.52725
0.18567819E-3, 0.50944835E-1, 0.77936230E-2, 0.19069275E-1, 0.36004599E-1, 0.14682765E-1, 224.34288
0.18551064E-3, 0.34171633E-1, 0.57496428E-2, 0.15244703E-1, 0.37672304E-1, 0.16478283E-1, 224.15762
0.18547366E-3, 0.50531775E-1, 0.67547653E-2, 0.15667262E-1, 0.41594487E-1, 0.18698972E-1, 224.09692
0.18540755E-3, 0.43134782E-1, 0.61819567E-2, 0.16970223E-1, 0.46383075E-1, 0.19379444E-1, 224.02484
0.18550287E-3, 0.35866886E-1, 0.64400723E-2, 0.28696477E-1, 0.50027858E-1, 0.18459730E-1, 224.14764
0.28583218E-3, 0.29255271E-1, 0.10968585E-1, 0.10285240E-1, 0.32582413E-1, 0.11942479E-1, 224.28177
0.16430567, 0.15216718E-1, 0.11491317E-1, 0.19799756E-1, 0.99126287E-2, 0.11927374E-1, 222.19621
0.41911140E-1, 0.14580174E-1, 0.11044495E-1, 0.21939823E-1, 0.56471247E-2, 0.11906176E-1, 219.60745
0.18234827E-3, 0.22946166E-1, 0.14196845E-1, 0.18764865E-1, 0.52916938E-2, 0.11891237E-1, 218.94174
0.18176415E-3, 0.31654269E-1, 0.15634259E-1, 0.22492155E-1, 0.50861100E-2, 0.11879147E-1, 218.48524
0.18107954E-3, 0.31921901E-1, 0.14012373E-1, 0.21984369E-1, 0.55340119E-2, 0.11870148E-1, 217.89403
0.18039152E-3, 0.37659332E-1, 0.13682317E-1, 0.19281307E-1, 0.65962067E-2, 0.11860671E-1, 217.26215
0.17979297E-3, 0.22009358E-1, 0.10691741E-1, 0.18576466E-1, 0.82866317E-2, 0.11851653E-1, 216.72455
0.17942271E-3, 0.19667968E-1, 0.12429313E-1, 0.23160480E-1, 0.66259811E-2, 0.11839353E-1, 216.41454
0.17909614E-3, 0.24363581E-1, 0.15324445E-1, 0.20205431E-1, 0.50670626E-2, 0.11825366E-1, 216.12001
0.37784349E-1, 0.24532543E-1, 0.16442113E-1, 0.22466095E-1, 0.45919931E-2, 0.11813976E-1, 215.28694
0.18140659, 0.28796999E-1, 0.19604078E-1, 0.21788392E-1, 0.37476725E-2, 0.11802645E-1, 212.08533
0.21808319E-1, 0.22330422E-1, 0.17135486E-1, 0.19051235E-1, 0.24335524E-2, 0.11789510E-1, 209.50526
0.17398898E-3, 0.20322112E-1, 0.16297815E-1, 0.18225772E-1, 0.24917240E-2, 0.11775767E-1, 208.90627
0.17358788E-3, 0.19739706E-1, 0.16024504E-1, 0.20305803E-1, 0.33051020E-2, 0.11759753E-1, 208.66692
0.17319634E-3, 0.18126298E-1, 0.15129158E-1, 0.19092999E-1, 0.39684535E-2, 0.11745821E-1, 208.41931
0.17288039E-3, 0.15752750E-1, 0.13449392E-1, 0.16162002E-1, 0.45360341E-2, 0.11729604E-1, 208.23450
0.17246480E-3, 0.36037423E-1, 0.20035148E-1, 0.24055419E-1, 0.54801838E-2, 0.11718612E-1, 207.87466
0.17185709E-3, 0.36888458E-1, 0.17912284E-1, 0.21564463E-1, 0.62951343E-2, 0.11713540E-1, 207.27078
0.17121001E-3, 0.42393167E-1, 0.17204197E-1, 0.24762191E-1, 0.72501674E-2, 0.11708329E-1, 206.58498
0.17048433E-3, 0.46764333E-1, 0.16095918E-1, 0.21696735E-1, 0.83812363E-2, 0.11703978E-1, 205.78065
0.16990963E-3, 0.28557293E-1, 0.11017315E-1, 0.16996346E-1, 0.11110955E-1, 0.11695864E-1, 205.16142
0.16961551E-3, 0.24943603E-1, 0.96250344E-2, 0.20191543E-1, 0.15340623E-1, 0.11684207E-1, 204.85110
0.16945550E-3, 0.21384956E-1, 0.85095968E-2, 0.18970184E-1, 0.17638661E-1, 0.11672216E-1, 204.69139
0.16932569E-3, 0.27840428E-1, 0.98136980E-2, 0.18416157E-1, 0.19787781E-1, 0.11661302E-1, 204.54993
0.16915632E-3, 0.28412260E-1, 0.96030822E-2, 0.18776674E-1, 0.22472389E-1, 0.11654072E-1, 204.36049
0.16895482E-3, 0.38271639E-1, 0.10900684E-1, 0.22132594E-1, 0.24362359E-1, 0.11667059E-1, 204.11867
0.16878817E-3, 0.24838794E-1, 0.89544561E-2, 0.17090771E-1, 0.27083473E-1, 0.11663279E-1, 203.93875
0.16868931E-3, 0.39787859E-1, 0.12827549E-1, 0.23683652E-1, 0.24970705E-1, 0.11626832E-1, 203.81015
0.16830552E-3, 0.51245715E-1, 0.14586080E-1, 0.20399228E-1, 0.22508517E-1, 0.11622300E-1, 203.33925
0.16787960E-3, 0.35843093E-1, 0.12536105E-1, 0.19324591E-1, 0.21104330E-1, 0.11616400E-1, 202.84311
0.16760232E-3, 0.35002053E-1, 0.12413524E-1, 0.22447892E-1, 0.20042570E-1, 0.11607684E-1, 202.51093
0.16726639E-3, 0.45641121E-1, 0.14821365E-1, 0.18644890E-1, 0.19969031E-1, 0.11599101E-1, 202.09526
0.16688558E-3, 0.35221361E-1, 0.15438845E-1, 0.24457848E-1, 0.18301856E-1, 0.11592370E-1, 201.64594
0.62287215E-1, 0.28957393E-1, 0.19231359E-1, 0.23345429E-1, 0.11943964E-1, 0.11583166E-1, 200.65053
0.22754527E-2, 0.40998943E-1, 0.28506845E-1, 0.17753202E-1, 0.50200913E-2, 0.11571629E-1, 199.48212
0.16562724E-3, 0.35366073E-1, 0.24598058E-1, 0.20953005E-1, 0.42391373E-2, 0.11558988E-1, 199.05339
0.50317910E-1, 0.33060834E-1, 0.24164703E-1, 0.19015221E-1, 0.39437455E-2, 0.11548195E-1, 198.23990
0.13486427, 0.28150979E-1, 0.24438987E-1, 0.16758105E-1, 0.28284381E-2, 0.11534550E-1, 195.94382
0.50400905E-1, 0.25010457E-1, 0.23259252E-1, 0.21165965E-1, 0.38949014E-2, 0.11520300E-1, 193.09157
0.95022291E-1, 0.23939269E-1, 0.23062775E-1, 0.15281579E-1, 0.44084983E-2, 0.11506845E-1, 190.75014
0.65078175, 0.26933361E-1, 0.25119422E-1, 0.20111833E-1, 0.36549941E-2, 0.11493382E-1, 184.27409
0.10819269, 0.20117063E-1, 0.22497533E-1, 0.18061500E-1, 0.36466089E-2, 0.11478605E-1, 172.81834
0.97546801E-1, 0.23731928E-1, 0.25410097E-1, 0.21628909E-1, 0.39995578E-2, 0.11464733E-1, 170.48329
0.90603642E-2, 0.30094141E-1, 0.29669395E-1, 0.17124437E-1, 0.39001426E-2, 0.11452547E-1, 168.90466
0.75704791E-1, 0.22235679E-1, 0.25410969E-1, 0.20944331E-1, 0.43444177E-2, 0.11440652E-1, 167.96709
0.67680448E-1, 0.23958998E-1, 0.26377689E-1, 0.20416703E-1, 0.42806049E-2, 0.11428271E-1, 166.32729
0.64197935E-1, 0.22851204E-1, 0.26492499E-1, 0.18540140E-1, 0.50213677E-2, 0.11415931E-1, 164.37378
0.20961642E-1, 0.24324967E-1, 0.27975488E-1, 0.21066023E-1, 0.52385963E-2, 0.11404424E-1, 163.21402
0.78738078E-1, 0.25250744E-1, 0.29011145E-1, 0.19973857E-1, 0.44546225E-2, 0.11392972E-1, 161.63434
0.13403143E-3, 0.25717296E-1, 0.29108716E-1, 0.19782048E-1, 0.45270156E-2, 0.11382794E-1, 161.02992
0.76470278E-1, 0.25394900E-1, 0.30053928E-1, 0.18009711E-1, 0.45461063E-2, 0.11371651E-1, 159.45616
0.13244155E-3, 0.24318732E-1, 0.28548952E-1, 0.20079443E-1, 0.53112842E-2, 0.11361039E-1, 159.12079
0.13222460E-3, 0.35810050E-1, 0.34135222E-1, 0.21820927E-1, 0.55701192E-2, 0.11351584E-1, 159.02513
0.13188891E-3, 0.40586539E-1, 0.33527918E-1, 0.21082906E-1, 0.60321293E-2, 0.11344573E-1, 158.77356
0.13149422E-3, 0.43637361E-1, 0.31162392E-1, 0.20785842E-1, 0.68708817E-2, 0.11339032E-1, 158.42825
0.13105021E-3, 0.42443108E-1, 0.27771873E-1, 0.19784806E-1, 0.93528386E-2, 0.11333793E-1, 158.00269
0.13075778E-3, 0.34612563E-1, 0.25663570E-1, 0.17730096E-1, 0.11133813E-1, 0.11325085E-1, 157.74301
0.13048272E-3, 0.44021014E-1, 0.28293271E-1, 0.23039620E-1, 0.11339139E-1, 0.11317996E-1, 157.46696
0.13012646E-3, 0.42913813E-1, 0.24691219E-1, 0.17447002E-1, 0.12240442E-1, 0.11310912E-1, 157.08691
0.12973553E-3, 0.49638640E-1, 0.23570765E-1, 0.19903619E-1, 0.14021753E-1, 0.11302024E-1, 156.64438
0.12950633E-3, 0.23312556E-1, 0.17905124E-1, 0.19601867E-1, 0.18510669E-1, 0.11291452E-1, 156.42023
0.12923643E-3, 0.24191163E-1, 0.21741046E-1, 0.53242851E-1, 0.14922055E-1, 0.11312848E-1, 156.11218
0.30816755, 0.17206304E-1, 0.24471246E-1, 0.55069569E-1, 0.84275715E-2, 0.11376415E-1, 151.73068
0.46293002, 0.15851060E-1, 0.26893483E-1, 0.54742731E-1, 0.33204374E-2, 0.11431146E-1, 139.13409
0.24472910, 0.17624343E-1, 0.30339390E-1, 0.61739787E-1, 0.43450957E-2, 0.11489285E-1, 130.94995
0.10694141E-3, 0.21691753E-1, 0.34828216E-1, 0.77355444E-1, 0.50241412E-2, 0.11569459E-1, 128.43166
0.23760352E-1, 0.18719820E-1, 0.32364100E-1, 0.74927621E-1, 0.55884235E-2, 0.11659254E-1, 126.94707
0.55198494E-1, 0.16817471E-1, 0.31051939E-1, 0.73061340E-1, 0.42579919E-2, 0.11746676E-1, 124.94261
0.37162981E-2, 0.24073493E-1, 0.38026996E-1, 0.82104087E-1, 0.48970710E-2, 0.11831073E-1, 123.11816
0.10132372E-3, 0.23702957E-1, 0.34833439E-1, 0.82581937E-1, 0.54955683E-2, 0.11934167E-1, 121.72942
0.10011844E-3, 0.25472810E-1, 0.32861657E-1, 0.75425692E-1, 0.60900091E-2, 0.12032106E-1, 120.41302
0.98993449E-4, 0.29878635E-1, 0.31484779E-1, 0.67370415E-1, 0.72717373E-2, 0.12120394E-1, 119.17324
0.97955650E-4, 0.29949225E-1, 0.28648844E-1, 0.63194349E-1, 0.89350278E-2, 0.12197687E-1, 118.02267
0.96973912E-4, 0.33126496E-1, 0.27317934E-1, 0.59454489E-1, 0.11205679E-1, 0.12270554E-1, 116.91638
0.96092524E-4, 0.34257874E-1, 0.24785163E-1, 0.51466495E-1, 0.13759013E-1, 0.12333249E-1, 115.91496
0.95328440E-4, 0.29839544E-1, 0.21763485E-1, 0.57468917E-1, 0.18028477E-1, 0.12388607E-1, 115.04491
0.94486793E-4, 0.29372966E-1, 0.21960251E-1, 0.62069722E-1, 0.21385035E-1, 0.12465065E-1, 114.06481
0.93781164E-4, 0.33389848E-1, 0.21557655E-1, 0.52022748E-1, 0.23771510E-1, 0.12589084E-1, 113.23494
0.93239483E-4, 0.33858508E-1, 0.20432774E-1, 0.44687632E-1, 0.26713504E-1, 0.12859672E-1, 112.59932
0.92892849E-4, 0.34727614E-1, 0.19283339E-1, 0.37099730E-1, 0.31481992E-1, 0.13517694E-1, 112.19353
0.92589806E-4, 0.31938106E-1, 0.21002285E-1, 0.73173881E-1, 0.37104484E-1, 0.13266442E-1, 111.84012
0.91369693E-4, 0.37135057E-1, 0.28167069E-1, 0.89088447E-1, 0.27680138E-1, 0.12781691E-1, 110.36777
0.90381291E-4, 0.44254158E-1, 0.27501566E-1, 0.59017684E-1, 0.23867834E-1, 0.12893246E-1, 109.17135
0.89706620E-4, 0.41311603E-1, 0.23498772E-1, 0.42288929E-1, 0.25298668E-1, 0.13250712E-1, 108.36256
0.89369074E-4, 0.37753288E-1, 0.19844364E-1, 0.28634366E-1, 0.29772123E-1, 0.14461390E-1, 107.96074
0.89319554E-4, 0.47222242E-1, 0.20826112E-1, 0.19169778E-1, 0.35719723E-1, 0.16150268E-1, 107.89321
0.89381429E-4, 0.52847393E-1, 0.21140583E-1, 0.13654940E-1, 0.41911848E-1, 0.17545419E-1, 107.96357
0.89571397E-4, 0.59994254E-1, 0.21779573E-1, 0.91579147E-2, 0.49538985E-1, 0.18875640E-1, 108.18674
0.89968838E-4, 0.51775761E-1, 0.19498333E-1, 0.51665907E-2, 0.57443686E-1, 0.20135708E-1, 108.67572
0.90666006E-4, 0.52216019E-1, 0.18769119E-1, 0.13221798E-2, 0.65309361E-1, 0.21280229E-1, 109.51821
0.91651469E-4, 0.34612399E-1, 0.13969278E-1, 0.0000000, 0.74622817E-1, 0.22087030E-1, 110.72704
0.92940827E-4, 0.47036238E-1, 0.16253516E-1, 0.0000000, 0.85095793E-1, 0.22750998E-1, 112.27308
0.94299518E-4, 0.48470516E-1, 0.16149554E-1, 0.0000000, 0.94329879E-1, 0.23456467E-1, 113.91392
0.95678515E-4, 0.64597450E-1, 0.18889137E-1, 0.0000000, 0.10228480, 0.23951298E-1, 115.56462
0.96240532E-4, 0.22089848E-1, 0.19667165E-1, 0.13038369, 0.92427969E-1, 0.14654530E-1, 116.28652
0.10340214, 0.15957186E-1, 0.25968779E-1, 0.13128033, 0.43471057E-1, 0.12952815E-1, 114.26523
0.16381422E-1, 0.17814271E-1, 0.36190249E-1, 0.13413487, 0.11524790E-1, 0.13112821E-1, 110.19542
0.17550003E-1, 0.21470586E-1, 0.40263347E-1, 0.11506794, 0.72863190E-2, 0.13269754E-1, 107.70303
0.88109286E-4, 0.34019716E-1, 0.53960536E-1, 0.92069149E-1, 0.53375144E-2, 0.13396991E-1, 105.81963
0.86948596E-4, 0.22959739E-1, 0.41829359E-1, 0.86696282E-1, 0.53677503E-2, 0.13494032E-1, 104.55391
0.23073213E-1, 0.16930945E-1, 0.36047764E-1, 0.92596322E-1, 0.60851406E-2, 0.13598300E-1, 103.14894
0.29082590, 0.11816810E-1, 0.31782579E-1, 0.10229938, 0.68144859E-2, 0.13718989E-1, 96.434135
0.28242830E-1, 0.14365706E-1, 0.37344791E-1, 0.10404827, 0.68871360E-2, 0.13828410E-1, 92.151947
0.19080279E-1, 0.12635044E-1, 0.34829199E-1, 0.10258536, 0.70357006E-2, 0.13948034E-1, 90.132736
0.31278905E-1, 0.14537689E-1, 0.38209789E-1, 0.98341107E-1, 0.65558162E-2, 0.14072984E-1, 88.208397
0.72026560E-4, 0.25062019E-1, 0.50856188E-1, 0.86271197E-1, 0.60315090E-2, 0.14181168E-1, 86.468735
0.71097536E-4, 0.35046794E-1, 0.56226186E-1, 0.73953368E-1, 0.61405129E-2, 0.14254251E-1, 85.442108
0.70288530E-4, 0.19019809E-1, 0.35404749E-1, 0.69938451E-1, 0.76349699E-2, 0.14325638E-1, 84.575111
0.45714937E-1, 0.16942386E-1, 0.43013729E-1, 0.10619733, 0.83604418E-2, 0.14417371E-1, 82.581573
0.23217471E-1, 0.16758701E-1, 0.46009287E-1, 0.97221963E-1, 0.67475545E-2, 0.14535412E-1, 80.581528
0.65969667E-4, 0.20554870E-1, 0.49662013E-1, 0.89507036E-1, 0.66028521E-2, 0.14636863E-1, 79.246231
0.19888531E-1, 0.13394124E-1, 0.41629501E-1, 0.10101482, 0.72595719E-2, 0.14738704E-1, 77.862877
0.91843277E-1, 0.13207733E-1, 0.42044975E-1, 0.10183690, 0.73456205E-2, 0.14886311E-1, 75.472382
0.60658738E-4, 0.19828144E-1, 0.54043218E-1, 0.89572169E-1, 0.61979983E-2, 0.14959326E-1, 72.819077
0.59964383E-4, 0.25896858E-1, 0.58915943E-1, 0.69750115E-1, 0.51752767E-2, 0.15039369E-1, 72.062813
0.68311095E-2, 0.18022047E-1, 0.51143620E-1, 0.76156132E-1, 0.54655611E-2, 0.15101084E-1, 71.431168
0.27772162E-1, 0.10675838E-1, 0.40386807E-1, 0.88187516E-1, 0.63180318E-2, 0.15180046E-1, 70.164703
0.20497212E-1, 0.15362949E-1, 0.49764995E-1, 0.87017335E-1, 0.59379777E-2, 0.15272869E-1, 68.709549
0.56331854E-4, 0.19097449E-1, 0.56564469E-1, 0.76413132E-1, 0.52780155E-2, 0.15349790E-1, 67.624115
0.55859437E-4, 0.23059664E-1, 0.57141501E-1, 0.64395547E-1, 0.52223275E-2, 0.15413126E-1, 67.130821
0.55420260E-4, 0.14000064E-1, 0.39684378E-1, 0.67194074E-1, 0.71345279E-2, 0.15465206E-1, 66.682808
0.54818949E-4, 0.15112379E-1, 0.38120251E-1, 0.68365686E-1, 0.85017066E-2, 0.15528191E-1, 66.019226
0.54240827E-4, 0.18558105E-1, 0.40330883E-1, 0.64926602E-1, 0.92219813E-2, 0.15590072E-1, 65.369995
0.53745094E-4, 0.18601025E-1, 0.39409619E-1, 0.63375771E-1, 0.10328786E-1, 0.15643459E-1, 64.812714
0.53247219E-4, 0.18065490E-1, 0.35085082E-1, 0.62332407E-1, 0.12890918E-1, 0.15698159E-1, 64.243767
0.52796237E-4, 0.20606780E-1, 0.33668220E-1, 0.57458699E-1, 0.15737655E-1, 0.15757283E-1, 63.720448
0.52448930E-4, 0.22436943E-1, 0.31672124E-1, 0.50488703E-1, 0.18445810E-1, 0.15791040E-1, 63.316807
0.52231626E-4, 0.25912724E-1, 0.31392384E-1, 0.43368969E-1, 0.21059934E-1, 0.15841614E-1, 63.063747
0.52133164E-4, 0.30021651E-1, 0.31276759E-1, 0.37181962E-1, 0.24146048E-1, 0.15960712E-1, 62.950062
0.52098279E-4, 0.11001807E-1, 0.19372439E-1, 0.54272979E-1, 0.27734635E-1, 0.15979528E-1, 62.933640
0.51690626E-4, 0.16208831E-1, 0.28052084E-1, 0.69618598E-1, 0.25711359E-1, 0.15912851E-1, 62.440639
0.51321000E-4, 0.16548760E-1, 0.27813844E-1, 0.65494582E-1, 0.25836045E-1, 0.15973927E-1, 61.997181
0.50715356E-4, 0.18727886E-1, 0.35266332E-1, 0.80616049E-1, 0.20428360E-1, 0.16057797E-1, 61.265617
0.50230148E-4, 0.17957326E-1, 0.31064373E-1, 0.57806641E-1, 0.17840896E-1, 0.16115787E-1, 60.681770
0.49966064E-4, 0.22919426E-1, 0.32774702E-1, 0.47231767E-1, 0.18299352E-1, 0.16155552E-1, 60.358902
0.49841732E-4, 0.23148412E-1, 0.29941166E-1, 0.38814135E-1, 0.19766821E-1, 0.16198240E-1, 60.209351
0.49852119E-4, 0.23454707E-1, 0.27897656E-1, 0.31949356E-1, 0.22190876E-1, 0.16360134E-1, 60.222195
0.50006664E-4, 0.23849275E-1, 0.25885796E-1, 0.26265787E-1, 0.26104610E-1, 0.16819615E-1, 60.408855
0.50310853E-4, 0.23959780E-1, 0.24152294E-1, 0.21492103E-1, 0.31364352E-1, 0.17629094E-1, 60.776600
0.50795526E-4, 0.23437168E-1, 0.22446370E-1, 0.16160250E-1, 0.37136994E-1, 0.18814201E-1, 61.362999
0.51449999E-4, 0.29353214E-1, 0.24223216E-1, 0.11580932E-1, 0.42451806E-1, 0.20003885E-1, 62.148159
0.51871717E-4, 0.18363005E-1, 0.24426937E-1, 0.56031365E-1, 0.44526525E-1, 0.16755285E-1, 62.668903
0.51891195E-4, 0.16230052E-1, 0.21989945E-1, 0.56330606E-1, 0.38221907E-1, 0.16318154E-1, 62.694664
0.51709514E-4, 0.14920503E-1, 0.22848796E-1, 0.56233395E-1, 0.31767927E-1, 0.16223952E-1, 62.476524
0.51708528E-4, 0.12500221E-1, 0.18556014E-1, 0.43959975E-1, 0.34604143E-1, 0.16449133E-1, 62.477867
0.51932540E-4, 0.13781840E-1, 0.18028710E-1, 0.38971309E-1, 0.39742839E-1, 0.16795043E-1, 62.747398
0.52229851E-4, 0.15896594E-1, 0.19319661E-1, 0.38233381E-1, 0.43256596E-1, 0.17016279E-1, 63.104641
0.52727370E-4, 0.16448459E-1, 0.17899238E-1, 0.27104242E-1, 0.47706611E-1, 0.18166691E-1, 63.705433
0.53476411E-4, 0.20504998E-1, 0.18571824E-1, 0.17285394E-1, 0.53431459E-1, 0.19805271E-1, 64.606667
0.54504460E-4, 0.16901558E-1, 0.15441313E-1, 0.87281289E-2, 0.59964515E-1, 0.21626281E-1, 65.852737
0.55789245E-4, 0.20560898E-1, 0.16520038E-1, 0.27638422E-2, 0.66399507E-1, 0.23181269E-1, 67.401825
0.56921832E-4, 0.10616099E-1, 0.14787392E-1, 0.59950903E-1, 0.73823415E-1, 0.18899340E-1, 68.780548
0.55988119E-4, 0.80778291E-2, 0.24216525E-1, 0.17998329, 0.42705506E-1, 0.16306350E-1, 67.654678
0.10100012E-1, 0.98225009E-2, 0.36080651E-1, 0.12957092, 0.12488931E-1, 0.16543260E-1, 65.135437
0.15163163E-1, 0.12120957E-1, 0.44604678E-1, 0.85822210E-1, 0.61594145E-2, 0.16610123E-1, 63.426601
0.52067451E-4, 0.12233421E-1, 0.44947535E-1, 0.71969710E-1, 0.49237628E-2, 0.16676182E-1, 62.510231
0.51607083E-4, 0.15329963E-1, 0.46658326E-1, 0.61835460E-1, 0.49589369E-2, 0.16763924E-1, 62.026249
0.51183066E-4, 0.13264353E-1, 0.39265919E-1, 0.63470386E-1, 0.65628830E-2, 0.16763205E-1, 61.584068
0.50682862E-4, 0.15664292E-1, 0.38494591E-1, 0.61928820E-1, 0.81170723E-2, 0.16822476E-1, 61.036350
0.50076436E-4, 0.11008432E-1, 0.34242701E-1, 0.84409818E-1, 0.10884095E-1, 0.16878719E-1, 60.357162
0.49217695E-4, 0.12897898E-1, 0.34951527E-1, 0.79611197E-1, 0.11705630E-1, 0.17089672E-1, 59.357037
0.48506121E-4, 0.12781406E-1, 0.31600878E-1, 0.72997876E-1, 0.13028866E-1, 0.17098960E-1, 58.527164
0.47907331E-4, 0.10698342E-1, 0.25245855E-1, 0.67654237E-1, 0.16736422E-1, 0.17603356E-1, 57.827923
0.47390771E-4, 0.10989251E-1, 0.22604920E-1, 0.64010225E-1, 0.21418881E-1, 0.17992180E-1, 57.219776
0.47040547E-4, 0.11568454E-1, 0.21028647E-1, 0.56665402E-1, 0.25676252E-1, 0.18379983E-1, 56.807804
0.46853707E-4, 0.12744858E-1, 0.20497685E-1, 0.52614376E-1, 0.29589005E-1, 0.18145567E-1, 56.589344
0.46782567E-4, 0.13930660E-1, 0.20394057E-1, 0.48826993E-1, 0.32695170E-1, 0.17680233E-1, 56.508324
0.46854017E-4, 0.13407751E-1, 0.18491004E-1, 0.42826418E-1, 0.36556784E-1, 0.17746050E-1, 56.599533
0.47083580E-4, 0.12308589E-1, 0.16719949E-1, 0.39748687E-1, 0.40962245E-1, 0.17803038E-1, 56.881203
0.47446047E-4, 0.97946674E-2, 0.14330160E-1, 0.36536053E-1, 0.43954231E-1, 0.18018048E-1, 57.323906
0.47938513E-4, 0.45895707E-2, 0.90360092E-2, 0.38284607E-1, 0.49841903E-1, 0.18525140E-1, 57.925797
0.48379425E-4, 0.50898683E-2, 0.97751208E-2, 0.45753833E-1, 0.56173537E-1, 0.18647969E-1, 58.459232
0.48960446E-4, 0.11549041E-1, 0.14402305E-1, 0.40890962E-1, 0.61663859E-1, 0.18706057E-1, 59.155781
0.49762315E-4, 0.14309475E-1, 0.14979181E-1, 0.29271051E-1, 0.65923885E-1, 0.19903943E-1, 60.122654
0.50831226E-4, 0.15961157E-1, 0.14621339E-1, 0.19855173E-1, 0.71647987E-1, 0.21345342E-1, 61.413181
0.52115229E-4, 0.18196519E-1, 0.15172701E-1, 0.13896558E-1, 0.75439885E-1, 0.22276448E-1, 62.962856
0.53570973E-4, 0.14516067E-1, 0.12820369E-1, 0.96326917E-2, 0.81032477E-1, 0.23189083E-1, 64.725960
0.55261182E-4, 0.13996436E-1, 0.11795686E-1, 0.60472395E-2, 0.89949317E-1, 0.24173733E-1, 66.769226
0.57189176E-4, 0.15651898E-1, 0.11721824E-1, 0.32354365E-2, 0.99949442E-1, 0.25251340E-1, 69.097687
0.59318267E-4, 0.15777405E-1, 0.11297954E-1, 0.18912419E-2, 0.10888309, 0.25848316E-1, 71.670723
0.61612300E-4, 0.16215265E-1, 0.11193735E-1, 0.70339185E-3, 0.11450448, 0.25983714E-1, 74.442787
0.64022708E-4, 0.15600819E-1, 0.10362286E-1, 0.27952483E-4, 0.12100278, 0.26362067E-1, 77.356560
0.66591136E-4, 0.13867529E-1, 0.92755193E-2, 0.0000000, 0.12864254, 0.26785206E-1, 80.462410
0.69327507E-4, 0.10424287E-1, 0.75658495E-2, 0.0000000, 0.13525325, 0.27107988E-1, 83.772926
0.72174880E-4, 0.11647781E-1, 0.76776003E-2, 0.0000000, 0.13912532, 0.27416896E-1, 87.212959
0.74558659E-4, 0.60080290E-2, 0.73870579E-2, 0.81258103E-1, 0.13863912, 0.21549664E-1, 90.099541
0.74921438E-4, 0.53150249E-2, 0.83542997E-2, 0.11556865, 0.93031980E-1, 0.18533403E-1, 90.538651
0.74030911E-4, 0.54472317E-2, 0.11917942E-1, 0.15145174, 0.51295117E-1, 0.18724401E-1, 89.462296
0.72226954E-4, 0.52890736E-2, 0.14858136E-1, 0.12245278, 0.21043530E-1, 0.19600533E-1, 87.282318
0.34476362E-1, 0.48836786E-2, 0.17631900E-1, 0.10176411, 0.10371936E-1, 0.20017721E-1, 85.043839
0.15738664E-1, 0.55329418E-2, 0.19508714E-1, 0.81604794E-1, 0.68665300E-2, 0.19120222E-1, 83.011368
0.18470116E-1, 0.53449003E-2, 0.19394819E-1, 0.72377540E-1, 0.56578675E-2, 0.18769717E-1, 81.456085
0.12904757E-1, 0.82333637E-2, 0.25228171E-1, 0.77229396E-1, 0.58184718E-2, 0.18110057E-1, 80.024559
0.65649503E-4, 0.75767171E-2, 0.23631908E-1, 0.76815084E-1, 0.60453108E-2, 0.18130358E-1, 78.897087
0.64687352E-4, 0.90658143E-2, 0.24945445E-1, 0.75302213E-1, 0.64785075E-2, 0.18197449E-1, 77.823799
0.63780630E-4, 0.97428700E-2, 0.24491984E-1, 0.72080798E-1, 0.70637981E-2, 0.18205639E-1, 76.805702
0.62907711E-4, 0.98547023E-2, 0.22990454E-1, 0.71156368E-1, 0.81377979E-2, 0.18310787E-1, 75.815376
0.62059720E-4, 0.79486882E-2, 0.19444231E-1, 0.70878156E-1, 0.93884561E-2, 0.18003326E-1, 74.844048
0.61240476E-4, 0.92088170E-2, 0.20233067E-1, 0.67729793E-1, 0.99828597E-2, 0.18081201E-1, 73.892410
0.60497016E-4, 0.74534081E-2, 0.17257975E-1, 0.64885981E-1, 0.10591246E-1, 0.18158212E-1, 73.025452
0.59788461E-4, 0.70689372E-2, 0.16259618E-1, 0.64241067E-1, 0.11327717E-1, 0.18207524E-1, 72.191628
0.59101592E-4, 0.93212305E-2, 0.18214552E-1, 0.62717304E-1, 0.12101532E-1, 0.18324569E-1, 71.375404
0.58487807E-4, 0.82663000E-2, 0.16387049E-1, 0.58315534E-1, 0.12360739E-1, 0.18290890E-1, 70.646248
0.57939531E-4, 0.91591422E-2, 0.16215790E-1, 0.56977890E-1, 0.14306738E-1, 0.18356454E-1, 69.991081
0.57431644E-4, 0.68565030E-2, 0.13267381E-1, 0.55918109E-1, 0.16187942E-1, 0.18444186E-1, 69.385521
0.11513184E-1, 0.57046986E-2, 0.18767355E-1, 0.95746972E-1, 0.11291992E-1, 0.18376295E-1, 68.286911
0.30915629E-1, 0.52447491E-2, 0.21374132E-1, 0.59138101E-1, 0.42279763E-2, 0.18682817E-1, 66.407227
0.37029088E-1, 0.44289557E-2, 0.19194130E-1, 0.47621381E-1, 0.38524328E-2, 0.19431086E-1, 65.324310
0.16423514E-1, 0.45199846E-2, 0.19580778E-1, 0.56449920E-1, 0.45905998E-2, 0.19421585E-1, 64.172737
0.32057869E-2, 0.43859114E-2, 0.19385140E-1, 0.58430649E-1, 0.47702277E-2, 0.19417664E-1, 63.180080
0.13355456E-2, 0.52658846E-2, 0.22061881E-1, 0.65192603E-1, 0.48335483E-2, 0.18692316E-1, 62.343319
0.51185812E-4, 0.73419157E-2, 0.26939329E-1, 0.67736842E-1, 0.48456159E-2, 0.18357486E-1, 61.510292
0.50508013E-4, 0.70422445E-2, 0.25897481E-1, 0.61478443E-1, 0.46127480E-2, 0.18338332E-1, 60.762299
0.49967046E-4, 0.39070630E-2, 0.17018119E-1, 0.49437139E-1, 0.55490476E-2, 0.20599501E-1, 60.172562
0.49666960E-4, 0.23336078E-2, 0.11582403E-1, 0.28538937E-1, 0.73639969E-2, 0.26221262E-1, 59.861374
0.49632541E-4, 0.21237731E-2, 0.10378523E-1, 0.27533788E-1, 0.10326014E-1, 0.28317522E-1, 59.859547
0.49317910E-4, 0.29305827E-2, 0.12395438E-1, 0.58270555E-1, 0.11537939E-1, 0.24015645E-1, 59.510014
0.48654176E-4, 0.31621181E-2, 0.12760180E-1, 0.64191356E-1, 0.10767274E-1, 0.21818969E-1, 58.731979
0.48174777E-4, 0.23828754E-2, 0.10102914E-1, 0.42082399E-1, 0.11137077E-1, 0.24846185E-1, 58.171337
0.47974117E-4, 0.20654984E-2, 0.87218657E-2, 0.35344999E-1, 0.12833917E-1, 0.26307721E-1, 57.942047
0.47698952E-4, 0.27250429E-2, 0.96857753E-2, 0.51205009E-1, 0.14607570E-1, 0.24095224E-1, 57.618259
0.47220430E-4, 0.31233856E-2, 0.10157608E-1, 0.57277389E-1, 0.15094606E-1, 0.22524606E-1, 57.046448
0.46716763E-4, 0.30718597E-2, 0.96666180E-2, 0.55609595E-1, 0.15417697E-1, 0.22061303E-1, 56.442715
0.46277022E-4, 0.27913775E-2, 0.86540505E-2, 0.51920354E-1, 0.16435025E-1, 0.22325302E-1, 55.915062
0.45952813E-4, 0.19939137E-2, 0.67324205E-2, 0.43770228E-1, 0.17737117E-1, 0.23448618E-1, 55.526512
0.45747056E-4, 0.22431784E-2, 0.68567712E-2, 0.41514792E-1, 0.19563509E-1, 0.23808688E-1, 55.279343
0.45709345E-4, 0.17888888E-2, 0.57213558E-2, 0.31672411E-1, 0.21646433E-1, 0.25469329E-1, 55.235420
0.45734596E-4, 0.22753137E-2, 0.63688336E-2, 0.35943400E-1, 0.22810800E-1, 0.24448164E-1, 55.266335
0.45824869E-4, 0.18846036E-2, 0.56889509E-2, 0.31638276E-1, 0.24709594E-1, 0.25851196E-1, 55.376442
0.45578148E-4, 0.20582792E-2, 0.81991814E-2, 0.69692992E-1, 0.21508619E-1, 0.24578936E-1, 55.078514
0.44946592E-4, 0.18639321E-2, 0.87403720E-2, 0.58064613E-1, 0.14319510E-1, 0.25469700E-1, 54.315674
0.44630749E-4, 0.16896586E-2, 0.75499290E-2, 0.36264636E-1, 0.13008514E-1, 0.27212830E-1, 53.934334
0.44490407E-4, 0.17797741E-2, 0.71177720E-2, 0.35386015E-1, 0.14780170E-1, 0.27456351E-1, 53.764778
0.44276920E-4, 0.19359811E-2, 0.71633901E-2, 0.47925849E-1, 0.16727822E-1, 0.25307989E-1, 53.506710
0.43783079E-4, 0.22858542E-2, 0.75092567E-2, 0.60175866E-1, 0.16735271E-1, 0.22506073E-1, 52.909622
0.43401054E-4, 0.20651235E-2, 0.63456758E-2, 0.46927832E-1, 0.18459355E-1, 0.24253698E-1, 52.448246
0.43089552E-4, 0.21013177E-2, 0.60448945E-2, 0.47260329E-1, 0.21209864E-1, 0.23905769E-1, 52.071804
0.42929245E-4, 0.20466920E-2, 0.54859719E-2, 0.43303482E-1, 0.25136100E-1, 0.24404058E-1, 51.878201
0.42923857E-4, 0.20046076E-2, 0.49504996E-2, 0.37935585E-1, 0.29838620E-1, 0.25126444E-1, 51.871796
0.43087690E-4, 0.21390331E-2, 0.47756010E-2, 0.35681758E-1, 0.35653498E-1, 0.25185592E-1, 52.069710
0.43324089E-4, 0.21529461E-2, 0.44969129E-2, 0.39001241E-1, 0.41021958E-1, 0.24311868E-1, 52.355434
0.43591775E-4, 0.22334107E-2, 0.43953899E-2, 0.39874699E-1, 0.44971704E-1, 0.23724366E-1, 52.678913
0.44033743E-4, 0.21548714E-2, 0.40523894E-2, 0.35028134E-1, 0.49401905E-1, 0.24237951E-1, 53.213169
0.44721215E-4, 0.18843926E-2, 0.34410444E-2, 0.23794699E-1, 0.54987669E-1, 0.26028775E-1, 54.044319
0.45662826E-4, 0.19684490E-2, 0.32721590E-2, 0.21464005E-1, 0.62499072E-1, 0.26447875E-1, 55.182255
0.46702618E-4, 0.19773447E-2, 0.31326860E-2, 0.21760104E-1, 0.62760957E-1, 0.25619764E-1, 56.438931
0.47536629E-4, 0.25999022E-2, 0.36485379E-2, 0.30294461E-1, 0.56084573E-1, 0.22727802E-1, 57.446308
0.48296501E-4, 0.27144514E-2, 0.35428882E-2, 0.22305604E-1, 0.52379292E-1, 0.23453090E-1, 58.364540
0.49111495E-4, 0.27932273E-2, 0.34437245E-2, 0.18823998E-1, 0.51286578E-1, 0.23564175E-1, 59.349461
0.49933467E-4, 0.42055817E-2, 0.41350620E-2, 0.20031178E-1, 0.51110629E-1, 0.22544621E-1, 60.341515
0.50741415E-4, 0.48070718E-2, 0.41545448E-2, 0.17690461E-1, 0.50388500E-1, 0.22190141E-1, 61.317390
0.51618510E-4, 0.43105353E-2, 0.36788592E-2, 0.12402784E-1, 0.49659181E-1, 0.22752061E-1, 62.377907
0.52578900E-4, 0.30619840E-2, 0.29181917E-2, 0.74388301E-2, 0.49779307E-1, 0.23615617E-1, 63.539787
0.53606040E-4, 0.26165582E-2, 0.28335382E-2, 0.16308669E-1, 0.49323782E-1, 0.24058880E-1, 64.781555
0.53888107E-4, 0.28252744E-2, 0.42720241E-2, 0.61859630E-1, 0.38649559E-1, 0.21695890E-1, 65.122238
0.13905650E-1, 0.27895877E-2, 0.77238134E-2, 0.10799617, 0.17916491E-1, 0.21695552E-1, 63.915829
0.50209514E-2, 0.29981888E-2, 0.89700157E-2, 0.67483172E-1, 0.65453271E-2, 0.20774435E-1, 62.132282
0.89726523E-2, 0.42304201E-2, 0.11260509E-1, 0.65542713E-1, 0.53295274E-2, 0.19049823E-1, 60.929298
0.49802333E-4, 0.52637183E-2, 0.12632356E-1, 0.65308131E-1, 0.54227770E-2, 0.18837234E-1, 59.841026
0.49173268E-4, 0.25434785E-2, 0.76384312E-2, 0.30745247E-1, 0.53114658E-2, 0.23677891E-1, 59.153221
0.49136972E-4, 0.14323501E-2, 0.49735690E-2, 0.51121567E-2, 0.73119388E-2, 0.30526133E-1, 59.168816
0.49400049E-4, 0.14452410E-2, 0.47546066E-2, 0.83560161E-2, 0.10084768E-1, 0.30032657E-1, 59.535110
0.49495913E-4, 0.27596455E-2, 0.64794039E-2, 0.29464891E-1, 0.12628466E-1, 0.27509589E-1, 59.689819
0.49328693E-4, 0.31090612E-2, 0.61401483E-2, 0.41267663E-1, 0.15320817E-1, 0.26104270E-1, 59.519634
0.48925194E-4, 0.36068060E-2, 0.60705189E-2, 0.49446210E-1, 0.16439868E-1, 0.23797777E-1, 59.056469
0.48416543E-4, 0.38037614E-2, 0.59978855E-2, 0.55386610E-1, 0.17263182E-1, 0.21655202E-1, 58.460262
0.47884398E-4, 0.56601334E-2, 0.69144936E-2, 0.54968707E-1, 0.18493839E-1, 0.20413002E-1, 57.828976
0.47444610E-4, 0.42838571E-2, 0.54645315E-2, 0.49626593E-1, 0.20714374E-1, 0.20312905E-1, 57.308731
0.47340058E-4, 0.32560432E-2, 0.40516346E-2, 0.26266016E-1, 0.24139376E-1, 0.23986081E-1, 57.190414
0.47728783E-4, 0.17578305E-2, 0.24863514E-2, 0.71876361E-2, 0.29536085E-1, 0.28126990E-1, 57.666653
0.48338799E-4, 0.27655333E-2, 0.30220144E-2, 0.17584249E-1, 0.36419451E-1, 0.25548277E-1, 58.406384
0.48925151E-4, 0.24601575E-2, 0.26660608E-2, 0.19399764E-1, 0.42114504E-1, 0.24710638E-1, 59.117889
0.49695784E-4, 0.31834159E-2, 0.26933092E-2, 0.11188172E-1, 0.46473224E-1, 0.26725914E-1, 60.050381
0.50639832E-4, 0.33531457E-2, 0.25190255E-2, 0.99549349E-2, 0.52834533E-1, 0.27738761E-1, 61.192551
0.51688548E-4, 0.42442335E-2, 0.26296517E-2, 0.13339591E-1, 0.58349792E-1, 0.26789553E-1, 62.460133
0.52705360E-4, 0.52540125E-2, 0.28974244E-2, 0.16490832E-1, 0.60177278E-1, 0.23337387E-1, 63.688656
0.53692253E-4, 0.63023781E-2, 0.31080854E-2, 0.17765179E-1, 0.60591094E-1, 0.21974666E-1, 64.880569
0.54704909E-4, 0.73915622E-2, 0.31339196E-2, 0.12410557E-1, 0.59674941E-1, 0.22324050E-1, 66.103531
0.55872595E-4, 0.47565913E-2, 0.23519718E-2, 0.89493413E-2, 0.69650896E-1, 0.23289077E-1, 67.517494
0.57110752E-4, 0.35006057E-2, 0.22960822E-2, 0.43239694E-1, 0.80781616E-1, 0.21314221E-1, 69.015137
0.57698220E-4, 0.31760251E-2, 0.25602451E-2, 0.73138818E-1, 0.75372845E-1, 0.21091590E-1, 69.725433
0.57594661E-4, 0.34675680E-2, 0.28788166E-2, 0.77895686E-1, 0.60352921E-1, 0.20923825E-1, 69.600021
0.57344132E-4, 0.45995074E-2, 0.32884709E-2, 0.78464039E-1, 0.54584935E-1, 0.19333454E-1, 69.296181
0.57105568E-4, 0.45114695E-2, 0.30810845E-2, 0.70163950E-1, 0.53567022E-1, 0.19210136E-1, 69.008026
0.56992751E-4, 0.63187531E-2, 0.34988888E-2, 0.63683510E-1, 0.54785885E-1, 0.19043036E-1, 68.869934
0.57060519E-4, 0.49709394E-2, 0.28491137E-2, 0.56307901E-1, 0.58555610E-1, 0.19101337E-1, 68.953239
0.57322148E-4, 0.60099671E-2, 0.30201101E-2, 0.53974632E-1, 0.63751623E-1, 0.19265113E-1, 69.268440
0.57718495E-4, 0.60914443E-2, 0.28522993E-2, 0.50326597E-1, 0.68646491E-1, 0.19115977E-1, 69.747459
0.58304387E-4, 0.61121527E-2, 0.26809189E-2, 0.44695813E-1, 0.73355615E-1, 0.19491378E-1, 70.455597
0.59330385E-4, 0.36924062E-2, 0.17946626E-2, 0.22827543E-1, 0.82609273E-1, 0.24261599E-1, 71.698067
0.60895876E-4, 0.49712625E-2, 0.18330889E-2, 0.12686542E-1, 0.96526265E-1, 0.26046444E-1, 73.588974
0.62895175E-4, 0.57513397E-2, 0.17262917E-2, 0.74104154E-2, 0.11178038, 0.27201664E-1, 76.004654
0.64611362E-4, 0.67651737E-2, 0.18166638E-2, 0.61659284E-1, 0.12225556, 0.26163565E-1, 78.077866
0.65988694E-4, 0.10019593E-1, 0.21100873E-2, 0.60366895E-1, 0.12950298, 0.26204299E-1, 79.739273
0.67404369E-4, 0.10602282E-1, 0.21181414E-2, 0.60586493E-1, 0.13138999, 0.25489798E-1, 81.449753
0.68907415E-4, 0.10370333E-1, 0.19244045E-2, 0.54871693E-1, 0.13381776, 0.26779931E-1, 83.266487
0.70590235E-4, 0.94586182E-2, 0.16957539E-2, 0.50449248E-1, 0.13836251, 0.27916070E-1, 85.301117
0.72509261E-4, 0.94505167E-2, 0.15496474E-2, 0.44855762E-1, 0.14662303, 0.29701302E-1, 87.620316
0.74670766E-4, 0.10022424E-1, 0.14935852E-2, 0.42872239E-1, 0.15561822, 0.30218553E-1, 90.232018
0.76980577E-4, 0.10776404E-1, 0.14558581E-2, 0.42434365E-1, 0.16096237, 0.29963830E-1, 93.022766
0.79471465E-4, 0.85660722E-2, 0.11488623E-2, 0.37036013E-1, 0.16784275, 0.31977605E-1, 96.035294
0.82212660E-4, 0.79021510E-2, 0.10090224E-2, 0.35028853E-1, 0.17477272, 0.32807961E-1, 99.348816
0.85103769E-4, 0.91319522E-2, 0.99482771E-3, 0.34712829E-1, 0.18107675, 0.32927949E-1, 102.84159
0.88027875E-4, 0.13384927E-1, 0.11316654E-2, 0.36494263E-1, 0.18510886, 0.31999327E-1, 106.37132
0.90914247E-4, 0.15577098E-1, 0.11463270E-2, 0.37420653E-1, 0.18649112, 0.31392969E-1, 109.85740
0.93736933E-4, 0.15699513E-1, 0.10766145E-2, 0.39047722E-1, 0.18557324, 0.30230904E-1, 113.26859
0.96589320E-4, 0.14257899E-1, 0.92523370E-3, 0.36376953E-1, 0.18650006, 0.31139405E-1, 116.71717
0.99474084E-4, 0.16376330E-1, 0.94152265E-3, 0.36754522E-1, 0.18730396, 0.30549850E-1, 120.20139
0.10237431E-3, 0.18647540E-1, 0.88011299E-3, 0.34078415E-1, 0.18903247, 0.31638231E-1, 123.70422
0.10531387E-3, 0.19439550E-1, 0.80208352E-3, 0.32599583E-1, 0.19054030, 0.31986039E-1, 127.25600
0.10830758E-3, 0.17142098E-1, 0.66899712E-3, 0.31242236E-1, 0.19178924, 0.32235611E-1, 130.87631
0.11138584E-3, 0.14696141E-1, 0.53834543E-3, 0.31235613E-1, 0.19364163, 0.31760730E-1, 134.59886
0.11441544E-3, 0.26392387E-1, 0.67655474E-3, 0.31771515E-1, 0.19342428, 0.30981623E-1, 138.24861
0.11735280E-3, 0.21849075E-1, 0.52613881E-3, 0.30577699E-1, 0.19472189, 0.31136982E-1, 141.80302
0.12051821E-3, 0.11156010E-1, 0.29157533E-3, 0.28810076E-1, 0.19850287, 0.31847507E-1, 145.63918
0.12388361E-3, 0.12563393E-1, 0.24844916E-3, 0.29037308E-1, 0.20291542, 0.31485759E-1, 149.70500
0.12735177E-3, 0.10376939E-1, 0.16137504E-3, 0.27682224E-1, 0.20700546, 0.32153379E-1, 153.89859
0.13090132E-3, 0.15044685E-1, 0.13151101E-3, 0.27038515E-1, 0.20993088, 0.32442860E-1, 158.18362
0.13441357E-3, 0.15455740E-1, 0.70199487E-4, 0.27803145E-1, 0.21003456, 0.31753827E-1, 162.42792
0.13785291E-3, 0.22916876E-1, 0.87680528E-5, 0.27428353E-1, 0.20901573, 0.31823490E-1, 166.57703
0.14112856E-3, 0.26319303E-1, -0.64401305E-4, 0.27366888E-1, 0.20607875, 0.31546794E-1, 170.53238
0.14432889E-3, 0.25396900E-1, -0.13563933E-3, 0.26295107E-1, 0.20400138, 0.31233013E-1, 174.40102
0.14788867E-3, 0.14900115E-1, -0.15176344E-3, 0.0000000, 0.20343873, 0.31142732E-1, 178.71362
0.15178950E-3, 0.16906757E-1, -0.22305304E-3, 0.0000000, 0.20301528, 0.30806763E-1, 183.42590
0.15564852E-3, 0.17225308E-1, -0.28374372E-3, 0.0000000, 0.20074347, 0.30485831E-1, 188.08936
0.15934157E-3, 0.28650016E-1, -0.45898196E-3, 0.0000000, 0.19657376, 0.30069174E-1, 192.54112
0.16268699E-3, 0.40141311E-1, -0.62786974E-3, 0.0000000, 0.19090112, 0.29960882E-1, 196.57271
0.16597340E-3, 0.19494254E-1, -0.45484456E-3, 0.0000000, 0.18560030, 0.29871752E-1, 200.56509
0.91407541E-2, 0.18339349E-1, -0.95617096E-3, 0.14582725, 0.15880814, 0.22104070E-1, 203.56912
0.16937506, 0.97738951E-2, -0.13773558E-2, 0.23739831, 0.32331534E-1, 0.19293630E-1, 197.39738
0.86207271E-1, 0.78969738E-2, -0.12474172E-2, 0.95807731E-1, 0.62867776E-2, 0.20820333E-1, 190.81264
0.34714625E-2, 0.80501270E-2, -0.12888885E-2, 0.63842639E-1, 0.34532428E-2, 0.20379106E-1, 188.45326
0.25139641E-1, 0.87209577E-2, -0.13815113E-2, 0.59091553E-1, 0.28256443E-2, 0.19572623E-1, 186.77289
0.55760827E-1, 0.92015164E-2, -0.14423286E-2, 0.58719654E-1, 0.26293448E-2, 0.18828738E-1, 184.68193
0.38775537E-1, 0.92497934E-2, -0.14518071E-2, 0.62960006E-1, 0.28807649E-2, 0.18696701E-1, 181.61063
0.20360611E-1, 0.10441887E-1, -0.15615360E-2, 0.72023176E-1, 0.31832540E-2, 0.18059729E-1, 179.44754
0.20272883E-1, 0.12097224E-1, -0.16821483E-2, 0.71870379E-1, 0.28143856E-2, 0.17063027E-1, 177.16922
0.11006870E-1, 0.13386167E-1, -0.17106547E-2, 0.61793335E-1, 0.23295556E-2, 0.16933646E-1, 175.22725
0.75911661E-2, 0.19068195E-1, -0.19495166E-2, 0.80765963E-1, 0.32538781E-2, 0.16596628E-1, 173.24635
0.14224781E-3, 0.19146044E-1, -0.17156801E-2, 0.91562867E-1, 0.38526801E-2, 0.16510656E-1, 170.91745
0.23793718, 0.18131940E-1, -0.14465130E-2, 0.79508081E-1, 0.32323000E-2, 0.16830051E-1, 166.97252
0.13405233E-3, 0.18393386E-1, -0.12074867E-2, 0.78050055E-1, 0.43215952E-2, 0.18204607E-1, 160.99161
0.13223260E-3, 0.10452853E-1, -0.73146075E-3, 0.78204975E-1, 0.47202501E-2, 0.17903356E-1, 158.99570
0.13062553E-3, 0.10319968E-1, -0.67885173E-3, 0.77275202E-1, 0.53868983E-2, 0.18807545E-1, 157.22649
0.12891360E-3, 0.10651229E-1, -0.69226278E-3, 0.90419479E-1, 0.58225547E-2, 0.18232225E-1, 155.30457
0.12698746E-3, 0.13950000E-1, -0.74071996E-3, 0.94006002E-1, 0.55492101E-2, 0.17259160E-1, 153.09413
0.12506296E-3, 0.19376094E-1, -0.70843752E-3, 0.92076443E-1, 0.59599401E-2, 0.17209891E-1, 150.85760
0.12320385E-3, 0.13877987E-1, -0.43581519E-3, 0.81845112E-1, 0.58425753E-2, 0.17179150E-1, 148.68823
0.12151082E-3, 0.14935296E-1, -0.36252337E-3, 0.85217156E-1, 0.68044113E-2, 0.17312681E-1, 146.69461
0.11977128E-3, 0.21752726E-1, -0.30501746E-3, 0.82927205E-1, 0.75920345E-2, 0.17314196E-1, 144.62511
0.11794575E-3, 0.35835464E-1, -0.14840718E-3, 0.75401708E-1, 0.85016880E-2, 0.17602259E-1, 142.43376
0.11619191E-3, 0.33000838E-1, 0.86929649E-4, 0.67933887E-1, 0.10165154E-1, 0.17494103E-1, 140.33784
0.11471237E-3, 0.15255356E-1, 0.11692103E-3, 0.70748150E-1, 0.13428702E-1, 0.17398737E-1, 138.58205
0.16620368E-1, 0.13723139E-1, 0.19962108E-3, 0.10181652, 0.86855348E-2, 0.17536083E-1, 136.54893
0.11161676E-3, 0.17538767E-1, 0.52219769E-3, 0.89666948E-1, 0.47402722E-2, 0.17634595E-1, 134.05811
0.10547441, 0.12709711E-1, 0.67404099E-3, 0.63516155E-1, 0.29949069E-2, 0.17693644E-1, 130.45041
0.18208200E-2, 0.12653946E-1, 0.85640373E-3, 0.78753337E-1, 0.44098827E-2, 0.17760294E-1, 127.99649
0.80794394E-2, 0.15356292E-1, 0.12091845E-2, 0.87702617E-1, 0.49656006E-2, 0.17745147E-1, 125.81741
0.39335713E-1, 0.12133026E-1, 0.12541101E-2, 0.82722448E-1, 0.47222367E-2, 0.17899968E-1, 123.35912
0.10073404E-3, 0.96259303E-2, 0.11954829E-2, 0.82196146E-1, 0.60973791E-2, 0.19439176E-1, 120.99354
0.98980308E-4, 0.15682420E-1, 0.16018879E-2, 0.93279436E-1, 0.80439821E-2, 0.19660279E-1, 119.01624
0.97090182E-4, 0.95529053E-2, 0.12554172E-2, 0.95603079E-1, 0.89142779E-2, 0.18974196E-1, 116.86945
0.95239724E-4, 0.16820563E-1, 0.18303422E-2, 0.92130490E-1, 0.84024193E-2, 0.18263955E-1, 114.73586
0.93388124E-4, 0.13119229E-1, 0.18541152E-2, 0.99980682E-1, 0.84675439E-2, 0.18302752E-1, 112.59062
0.91517417E-4, 0.18783027E-1, 0.25267093E-2, 0.91472544E-1, 0.80773961E-2, 0.18925805E-1, 110.39354
0.89705041E-4, 0.11198604E-1, 0.19149357E-2, 0.92995524E-1, 0.95590530E-2, 0.18493049E-1, 108.26310
0.88051936E-4, 0.12463133E-1, 0.20264918E-2, 0.91572918E-1, 0.10653867E-1, 0.18593349E-1, 106.30243
0.86370368E-4, 0.14774241E-1, 0.22257455E-2, 0.91265351E-1, 0.11868762E-1, 0.18636758E-1, 104.29604
0.84715582E-4, 0.20963924E-1, 0.27748947E-2, 0.84300712E-1, 0.12058316E-1, 0.18560948E-1, 102.31034
0.83182153E-4, 0.21705672E-1, 0.28340188E-2, 0.75210825E-1, 0.13023989E-1, 0.18609447E-1, 100.47084
0.81839797E-4, 0.19378934E-1, 0.25708363E-2, 0.68526030E-1, 0.14440207E-1, 0.18658146E-1, 98.861168
0.62662736E-1, 0.10047912E-1, 0.24519418E-2, 0.90459503E-1, 0.10275201E-1, 0.18833263E-1, 96.522514
0.78199860E-2, 0.76404940E-2, 0.27530189E-2, 0.78816585E-1, 0.56901481E-2, 0.19437686E-1, 93.929146
0.76676733E-4, 0.77444259E-2, 0.28623408E-2, 0.86282678E-1, 0.65464191E-2, 0.19453023E-1, 92.115242
0.74977135E-4, 0.85013406E-2, 0.31620269E-2, 0.97470514E-1, 0.75539434E-2, 0.19239407E-1, 90.173584
0.73269592E-4, 0.74806451E-2, 0.30032848E-2, 0.87945007E-1, 0.70302640E-2, 0.19445514E-1, 88.209412
0.87479819E-2, 0.62446818E-2, 0.28575584E-2, 0.83394311E-1, 0.66077784E-2, 0.20092905E-1, 86.340637
0.41991420E-1, 0.67403764E-2, 0.31249565E-2, 0.87980114E-1, 0.71423412E-2, 0.20006370E-1, 84.159218
0.13714623E-1, 0.67542801E-2, 0.32835980E-2, 0.10089698, 0.84046293E-2, 0.19977326E-1, 81.398506
0.65876877E-4, 0.12460581E-1, 0.48609837E-2, 0.10015782, 0.83064642E-2, 0.19847345E-1, 79.096230
0.64082262E-4, 0.10118491E-1, 0.42781988E-2, 0.94163656E-1, 0.90284636E-2, 0.19464109E-1, 77.032623
0.62393519E-4, 0.16321845E-1, 0.56383144E-2, 0.86127296E-1, 0.89991726E-2, 0.19416066E-1, 75.075661
0.60872550E-4, 0.19223986E-1, 0.60688658E-2, 0.72361775E-1, 0.91249002E-2, 0.19463802E-1, 73.309891
0.59605511E-4, 0.16455201E-1, 0.53691543E-2, 0.65767571E-1, 0.10435116E-1, 0.19501513E-1, 71.841492
0.58443788E-4, 0.19404896E-1, 0.57067205E-2, 0.63031614E-1, 0.12655631E-1, 0.19535730E-1, 70.481476
0.57360499E-4, 0.23389770E-1, 0.60296594E-2, 0.57851750E-1, 0.15073375E-1, 0.19563742E-1, 69.203880
0.56439534E-4, 0.18390274E-1, 0.49822833E-2, 0.53500488E-1, 0.18270515E-1, 0.19583229E-1, 68.122177
0.55470260E-4, 0.10856945E-1, 0.44851257E-2, 0.85310705E-1, 0.20688908E-1, 0.19836705E-1, 66.977646
0.54006203E-4, 0.75781345E-2, 0.49291332E-2, 0.10972968, 0.14456314E-1, 0.19707453E-1, 65.225861
0.52463038E-4, 0.73635993E-2, 0.54081883E-2, 0.68686850E-1, 0.63113715E-2, 0.19780599E-1, 63.371292
0.51506620E-4, 0.10097200E-1, 0.64643444E-2, 0.62778629E-1, 0.72096623E-2, 0.19800827E-1, 62.219833
0.50432329E-4, 0.11370307E-1, 0.59504504E-2, 0.68058185E-1, 0.11502262E-1, 0.19837167E-1, 60.925430
0.49472175E-4, 0.11552886E-1, 0.52149352E-2, 0.60451299E-1, 0.15564434E-1, 0.19871417E-1, 59.768482
0.48790302E-4, 0.11761166E-1, 0.44035721E-2, 0.47456123E-1, 0.21004822E-1, 0.19894540E-1, 58.946724
0.48453036E-4, 0.13938856E-1, 0.42238701E-2, 0.36197837E-1, 0.26091807E-1, 0.20052444E-1, 58.538715
0.48376256E-4, 0.14772639E-1, 0.39688889E-2, 0.25826398E-1, 0.29818505E-1, 0.20695021E-1, 58.446320
0.62518688E-4, 0.97944895E-2, 0.64868168E-2, 0.13735683, 0.26047725E-1, 0.20297727E-1, 57.558331
0.45554392E-4, 0.12749891E-1, 0.80400929E-2, 0.88977702E-1, 0.12223734E-1, 0.20023197E-1, 55.039421
0.44473214E-4, 0.12591762E-1, 0.67388788E-2, 0.58326475E-1, 0.12722992E-1, 0.20064678E-1, 53.733364
0.43659347E-4, 0.10215643E-1, 0.60447077E-2, 0.72477363E-1, 0.17266847E-1, 0.20086316E-1, 52.752434
0.42326621E-4, 0.91538457E-2, 0.72617219E-2, 0.10822136, 0.17932175E-1, 0.20159347E-1, 51.143055
0.20990344E-1, 0.67469664E-2, 0.75294585E-2, 0.12062227, 0.13427644E-1, 0.20265024E-1, 48.824257
0.70280354E-2, 0.69106231E-2, 0.93432739E-2, 0.11111858, 0.96549625E-2, 0.20371921E-1, 46.132782
0.22041434E-1, 0.60329679E-2, 0.92005124E-2, 0.11016876, 0.95454250E-2, 0.20464521E-1, 43.649208
0.34483666E-4, 0.68690665E-2, 0.10277892E-1, 0.98515101E-1, 0.87533649E-2, 0.20551814E-1, 41.421124
0.33036657E-4, 0.81438180E-2, 0.11054079E-1, 0.81289440E-1, 0.82716215E-2, 0.20618143E-1, 39.726246
0.31928488E-4, 0.80791097E-2, 0.96815135E-2, 0.67380182E-1, 0.98251961E-2, 0.20658933E-1, 38.432499
0.31060972E-4, 0.80806138E-2, 0.84458813E-2, 0.59096705E-1, 0.12738826E-1, 0.20684093E-1, 37.420502
0.30353340E-4, 0.72239833E-2, 0.72891135E-2, 0.61813436E-1, 0.18127244E-1, 0.20702487E-1, 36.594627
0.20619730E-1, 0.56657256E-2, 0.87966062E-2, 0.11364090, 0.19086458E-1, 0.20766824E-1, 35.251709
0.27156846E-4, 0.53380104E-2, 0.11876605E-1, 0.11754705, 0.10879155E-1, 0.20871822E-1, 32.604172
0.11949459E-1, 0.44164578E-2, 0.11320874E-1, 0.10618463, 0.97507145E-2, 0.20958617E-1, 30.492413
0.19590300E-1, 0.36623497E-2, 0.11025104E-1, 0.10727406, 0.99294726E-2, 0.21043021E-1, 28.178101
0.89794556E-2, 0.33557913E-2, 0.11207497E-1, 0.11283016, 0.10526629E-1, 0.21132074E-1, 25.881811
0.13531554E-1, 0.34779718E-2, 0.12444450E-1, 0.10183140, 0.90161450E-2, 0.21219209E-1, 23.595264
0.18181625E-4, 0.43039829E-2, 0.14499183E-1, 0.91853112E-1, 0.86675603E-2, 0.21290230E-1, 21.839575
0.17014743E-4, 0.37666333E-2, 0.12572410E-1, 0.78765012E-1, 0.95600365E-2, 0.21343093E-1, 20.461197
0.16059717E-4, 0.40516346E-2, 0.11748964E-1, 0.69627538E-1, 0.11750786E-1, 0.21382408E-1, 19.331692
0.23529914E-2, 0.26276768E-2, 0.11899999E-1, 0.11273401, 0.13247434E-1, 0.21440508E-1, 18.013205
0.23232596E-1, 0.23857586E-2, 0.14120365E-1, 0.10523550, 0.99148173E-2, 0.21526491E-1, 15.559822
0.11518536E-4, 0.25401441E-2, 0.15497427E-1, 0.92314489E-1, 0.89285811E-2, 0.21597762E-1, 13.837935
0.10322369E-4, 0.20998146E-2, 0.14026559E-1, 0.90142444E-1, 0.10500484E-1, 0.21656107E-1, 12.414825
0.90721651E-5, 0.17562234E-2, 0.13846829E-1, 0.10505465, 0.11988936E-1, 0.21721547E-1, 10.922009
0.18944266E-2, 0.15060032E-2, 0.15745375E-1, 0.10710842, 0.10578984E-1, 0.21806827E-1, 9.1088114
0.62662675E-5, 0.15455154E-2, 0.16855862E-1, 0.86059354E-1, 0.94390931E-2, 0.21878552E-1, 7.5262241
0.53944555E-5, 0.14764228E-2, 0.15351504E-1, 0.68622790E-1, 0.10620683E-1, 0.21917500E-1, 6.4862671
0.47480016E-5, 0.11528932E-2, 0.12515355E-1, 0.67865290E-1, 0.14666907E-1, 0.21940287E-1, 5.7148762
0.17335291E-3, 0.68888266E-3, 0.14591354E-1, 0.11285052, 0.14100422E-1, 0.21992102E-1, 4.5155206
0.15689412E-2, 0.43008092E-3, 0.16679922E-1, 0.10332498, 0.10174109E-1, 0.22079144E-1, 2.7382603
0.11319438E-5, 0.16882863E-3, 0.16558876E-1, 0.10189378, 0.10023514E-1, 0.22151344E-1, 1.1338701
0.57492180E-7, 0.12798419E-4, 0.19570589E-1, 0.44366665E-1, 0.91943676E-2, 0.22193102E-1, 0.68732202E-1
0.49374108E-7, 0.11519506E-4, 0.17173285E-1, 0.37681859E-1, 0.10848090E-1, 0.22163313E-1, 0.59037346E-1
0.51371380E-7, 0.12445412E-4, 0.15243687E-1, 0.38412791E-1, 0.13796996E-1, 0.22135032E-1, 0.61496276E-1
0.50794814E-7, 0.12270437E-4, 0.13539269E-1, 0.39624345E-1, 0.17197881E-1, 0.22110650E-1, 0.60847063E-1
0.50376901E-7, 0.12929525E-4, 0.12099274E-1, 0.43737579E-1, 0.21970879E-1, 0.22092128E-1, 0.60378421E-1
0.78741245E-7, 0.22282444E-4, 0.10490012E-1, 0.44041760E-1, 0.27490193E-1, 0.22086196E-1, 0.94634943E-1
0.27557314E-6, 0.92140996E-4, 0.10033904E-1, 0.35751924E-1, 0.33793356E-1, 0.22236014E-1, 0.33226031
0.77082495E-6, 0.25570201E-3, 0.90211164E-2, 0.28159859E-1, 0.42644013E-1, 0.22832150E-1, 0.93030697
0.16097956E-5, 0.52501966E-3, 0.80479337E-2, 0.18661143E-1, 0.54250058E-1, 0.24298346E-1, 1.9436420
0.28814252E-5, 0.10921883E-2, 0.79661487E-2, 0.86864810E-2, 0.66879764E-1, 0.26430974E-1, 3.4796078
0.45514153E-5, 0.17485840E-2, 0.76465551E-2, 0.16312972E-2, 0.77689305E-1, 0.28323842E-1, 5.4970250
0.56439085E-5, 0.14063888E-2, 0.94572492E-2, 0.10071027, 0.78055143E-1, 0.22849357E-1, 6.8178177
0.17838761E-2, 0.75044559E-3, 0.11914371E-1, 0.16541362, 0.40719710E-1, 0.21952558E-1, 5.5196609
0.62478022E-2, 0.39209807E-3, 0.16383089E-1, 0.11920699, 0.11863135E-1, 0.22112841E-1, 2.8464558
0.62697020E-3, 0.23534791E-3, 0.19944705E-1, 0.95312946E-1, 0.95774783E-2, 0.22189829E-1, 1.1978295
0.55619905E-4, 0.26895506E-4, 0.21119632E-1, 0.55951148E-1, 0.92951590E-2, 0.22234522E-1, 0.16068840
0.49027676E-7, 0.12591127E-4, 0.19142920E-1, 0.39630953E-1, 0.11214503E-1, 0.22215268E-1, 0.58525592E-1
0.51224763E-7, 0.12115227E-4, 0.15128586E-1, 0.39341919E-1, 0.14361905E-1, 0.22189561E-1, 0.61234310E-1
0.52674860E-7, 0.12191060E-4, 0.13398144E-1, 0.40963005E-1, 0.18408285E-1, 0.22166396E-1, 0.63039705E-1
0.51963394E-7, 0.13484441E-4, 0.12650282E-1, 0.45054037E-1, 0.22983339E-1, 0.22150384E-1, 0.62232316E-1
0.94571831E-7, 0.29006733E-4, 0.11368747E-1, 0.43477871E-1, 0.28368013E-1, 0.22154829E-1, 0.11365582
0.34190305E-6, 0.11363249E-3, 0.10398478E-1, 0.34743212E-1, 0.34098424E-1, 0.22320427E-1, 0.41210130
0.83624627E-6, 0.26504009E-3, 0.93751680E-2, 0.28322665E-1, 0.40147368E-1, 0.22818660E-1, 1.0088899
0.15792396E-5, 0.60353184E-3, 0.96240966E-2, 0.20423157E-1, 0.46823975E-1, 0.23858806E-1, 1.9060665
0.26373616E-5, 0.92379254E-3, 0.84357150E-2, 0.11445039E-1, 0.56048863E-1, 0.25482507E-1, 3.1842017
0.18778384E-2, 0.58954227E-3, 0.14860830E-1, 0.17386290, 0.48862226E-1, 0.22359924E-1, 3.2223587
0.45184242E-6, 0.89295980E-4, 0.21292899E-1, 0.10308670, 0.13642990E-1, 0.22190331E-1, 0.54055506
0.55165618E-7, 0.13249860E-4, 0.21179780E-1, 0.40339805E-1, 0.10705529E-1, 0.22202859E-1, 0.65949485E-1
0.52472206E-7, 0.13351586E-4, 0.19658715E-1, 0.41845385E-1, 0.11917078E-1, 0.22178270E-1, 0.62774628E-1
0.49607731E-7, 0.13299778E-4, 0.17281499E-1, 0.41160583E-1, 0.14246715E-1, 0.22156609E-1, 0.59377853E-1
0.48075758E-7, 0.12725776E-4, 0.14592631E-1, 0.42273484E-1, 0.17998049E-1, 0.22136353E-1, 0.57574376E-1
0.52684676E-7, 0.13794909E-4, 0.12640249E-1, 0.45622677E-1, 0.23872040E-1, 0.22121789E-1, 0.63167073E-1
0.91467697E-7, 0.27014648E-4, 0.11766881E-1, 0.46228461E-1, 0.29444063E-1, 0.22119917E-1, 0.10999828
0.28866785E-6, 0.81507547E-4, 0.10300558E-1, 0.40891778E-1, 0.36658298E-1, 0.22198882E-1, 0.34809515
0.66472529E-6, 0.14190159E-3, 0.82067326E-2, 0.42486206E-1, 0.46679419E-1, 0.22306003E-1, 0.80230081
0.12114602E-5, 0.33208675E-3, 0.88077625E-2, 0.35029754E-1, 0.53399619E-1, 0.22893241E-1, 1.4626926
0.21130202E-5, 0.44149207E-3, 0.69371974E-2, 0.27361335E-1, 0.64425319E-1, 0.23797635E-1, 2.5519686
0.33125582E-5, 0.74103905E-3, 0.67974832E-2, 0.23079881E-1, 0.74437261E-1, 0.24633976E-1, 4.0012326
0.47150243E-5, 0.11354547E-2, 0.70847655E-2, 0.29129865E-1, 0.81512898E-1, 0.24408132E-1, 5.6957307
0.56463864E-5, 0.12300289E-2, 0.83484743E-2, 0.72923683E-1, 0.80620646E-1, 0.22325747E-1, 6.8213472
0.60604843E-5, 0.13822332E-2, 0.80653038E-2, 0.58661528E-1, 0.71244188E-1, 0.22308933E-1, 7.3218350
0.64476089E-5, 0.13093526E-2, 0.86436924E-2, 0.85306250E-1, 0.67813724E-1, 0.22130746E-1, 7.7899017
0.64032733E-5, 0.15468767E-2, 0.90009421E-2, 0.63948564E-1, 0.54138158E-1, 0.22131475E-1, 7.7362247
0.67032488E-5, 0.13457322E-2, 0.74444558E-2, 0.48955254E-1, 0.52832823E-1, 0.22278335E-1, 8.0990458
0.71171576E-5, 0.14403369E-2, 0.73607927E-2, 0.51741343E-1, 0.57559974E-1, 0.22304771E-1, 8.5992184
0.76196297E-5, 0.18609622E-2, 0.77081257E-2, 0.41385286E-1, 0.59312671E-1, 0.22794427E-1, 9.2060795
0.82730267E-5, 0.18120124E-2, 0.78801475E-2, 0.59947778E-1, 0.62004212E-1, 0.22666812E-1, 9.9957924
0.82973165E-5, 0.19193746E-2, 0.91744773E-2, 0.77725001E-1, 0.52197233E-1, 0.22102203E-1, 10.025063
0.80803502E-5, 0.20846862E-2, 0.95078368E-2, 0.61971154E-1, 0.41492444E-1, 0.22149274E-1, 9.7627172
0.81088992E-5, 0.21564346E-2, 0.10307254E-1, 0.73048592E-1, 0.37445080E-1, 0.22273136E-1, 9.7971792
0.69453376E-5, 0.14375073E-2, 0.15494489E-1, 0.11840831, 0.18138131E-1, 0.22228627E-1, 8.3917370
0.65198215E-3, 0.10618919E-2, 0.16272450E-1, 0.10205759, 0.11275630E-1, 0.22306932E-1, 6.8301115
0.45149650E-5, 0.10814728E-2, 0.20618252E-1, 0.80170870E-1, 0.73872884E-2, 0.22368381E-1, 5.4221587
0.37707193E-5, 0.99115260E-3, 0.21284442E-1, 0.70394613E-1, 0.69998638E-2, 0.22395357E-1, 4.5333734
0.31202353E-5, 0.76428079E-3, 0.19828225E-1, 0.67729674E-1, 0.74266051E-2, 0.22414919E-1, 3.7551565
0.26600831E-2, 0.43362731E-3, 0.19411597E-1, 0.84029391E-1, 0.79951808E-2, 0.22455631E-1, 2.7781348
0.13401004E-5, 0.24574873E-3, 0.18890191E-1, 0.83318256E-1, 0.80195274E-2, 0.22487637E-1, 1.6084477
0.46922932E-6, 0.91144386E-4, 0.18342864E-1, 0.72379164E-1, 0.80570113E-2, 0.22521183E-1, 0.56353998
0.56287217E-7, 0.96320364E-5, 0.15532552E-1, 0.34414779E-1, 0.94789164E-2, 0.22523113E-1, 0.67347638E-1
0.24666829E-3, 0.89997257E-5, 0.15616921E-1, 0.34924474E-1, 0.10229611E-1, 0.22513602E-1, 0.83245039E-1
0.22587915E-5, 0.10426821E-4, 0.19017190E-1, 0.36891729E-1, 0.86934259E-2, 0.22450082E-1, 0.73976792E-1
0.55585325E-7, 0.12025050E-4, 0.22478841E-1, 0.39442644E-1, 0.72968877E-2, 0.22418046E-1, 0.66351041E-1
0.53879518E-7, 0.11461620E-4, 0.20877905E-1, 0.37813809E-1, 0.72870031E-2, 0.22386990E-1, 0.64378500E-1
0.49613163E-7, 0.10695057E-4, 0.18972572E-1, 0.37341058E-1, 0.87670423E-2, 0.22356264E-1, 0.59314139E-1
0.57835446E-5, 0.10558495E-4, 0.18215366E-1, 0.39574638E-1, 0.11973021E-1, 0.22326397E-1, 0.71459644E-1
0.30231508E-3, 0.91712172E-5, 0.17644942E-1, 0.34531750E-1, 0.78290673E-2, 0.22332324E-1, 0.79818651E-1
0.28868548E-4, 0.91725815E-5, 0.18191557E-1, 0.36265433E-1, 0.89208307E-2, 0.22272196E-1, 0.77490121E-1
0.37322785E-4, 0.98880819E-5, 0.18473655E-1, 0.37109762E-1, 0.91704112E-2, 0.22250473E-1, 0.82366973E-1
0.73218660E-4, 0.10016538E-4, 0.19278273E-1, 0.36669683E-1, 0.89954091E-2, 0.22203671E-1, 0.79463832E-1
0.64340149E-7, 0.10859941E-4, 0.20199869E-1, 0.39927214E-1, 0.91474643E-2, 0.22160461E-1, 0.76891124E-1
0.55297976E-4, 0.10996093E-4, 0.20450432E-1, 0.39256927E-1, 0.93115661E-2, 0.22131113E-1, 0.78213789E-1
0.15379439E-3, 0.10735824E-4, 0.20599663E-1, 0.36922045E-1, 0.80848001E-2, 0.22101454E-1, 0.79590887E-1
0.71207374E-4, 0.96366593E-5, 0.19640062E-1, 0.37756521E-1, 0.74332277E-2, 0.22077398E-1, 0.78350425E-1
0.10866342E-6, 0.10939729E-4, 0.20761739E-1, 0.37743058E-1, 0.82263416E-2, 0.22041716E-1, 0.79778917E-1
0.15181414E-4, 0.11431211E-4, 0.21770567E-1, 0.40388048E-1, 0.89310976E-2, 0.22009529E-1, 0.78078814E-1
0.33841911E-5, 0.12181273E-4, 0.23129400E-1, 0.41150186E-1, 0.84587913E-2, 0.21988349E-1, 0.78539960E-1
0.61185354E-7, 0.12444272E-4, 0.22590913E-1, 0.40214933E-1, 0.82099969E-2, 0.21962654E-1, 0.73121190E-1
0.52934361E-7, 0.11534979E-4, 0.20082610E-1, 0.39358418E-1, 0.93371766E-2, 0.21935696E-1, 0.63279010E-1
0.49893927E-7, 0.10975374E-4, 0.17556848E-1, 0.38526699E-1, 0.11243720E-1, 0.21911679E-1, 0.59681766E-1
0.56392086E-7, 0.11494843E-4, 0.17472539E-1, 0.38884144E-1, 0.13559540E-1, 0.21889720E-1, 0.67565456E-1
0.64443029E-7, 0.13275074E-4, 0.23305919E-1, 0.43173879E-1, 0.96171843E-2, 0.21870183E-1, 0.77317208E-1
0.55931871E-7, 0.11570741E-4, 0.20594271E-1, 0.39911471E-1, 0.92297411E-2, 0.21848256E-1, 0.67091987E-1
0.52125834E-7, 0.11209628E-4, 0.19055136E-1, 0.38862504E-1, 0.10205070E-1, 0.21825342E-1, 0.62525816E-1
0.54069549E-7, 0.11051206E-4, 0.17132265E-1, 0.38365733E-1, 0.11883811E-1, 0.21805564E-1, 0.64892881E-1
0.53001301E-7, 0.11264973E-4, 0.15651472E-1, 0.39657213E-1, 0.14531103E-1, 0.21781476E-1, 0.63617617E-1
0.57405924E-7, 0.11592974E-4, 0.13324713E-1, 0.41957743E-1, 0.19444533E-1, 0.21763928E-1, 0.68949029E-1
0.62977172E-7, 0.13247759E-4, 0.12569576E-1, 0.45507900E-1, 0.23813069E-1, 0.21753335E-1, 0.75686686E-1
0.13284122E-6, 0.29537074E-4, 0.11639364E-1, 0.40600091E-1, 0.27151171E-1, 0.21758707E-1, 0.16009158
0.38476179E-6, 0.83975683E-4, 0.10512667E-1, 0.34115784E-1, 0.31986654E-1, 0.21867193E-1, 0.46445104
0.83347470E-6, 0.16877447E-3, 0.92734182E-2, 0.30581720E-1, 0.39760426E-1, 0.22188911E-1, 1.0066050
0.14962791E-5, 0.30940946E-3, 0.87857340E-2, 0.27473573E-1, 0.48506711E-1, 0.22776995E-1, 1.8074449
0.23795017E-5, 0.50921366E-3, 0.84841428E-2, 0.23410099E-1, 0.55195499E-1, 0.23495555E-1, 2.8746190
0.34084744E-5, 0.71196945E-3, 0.81693241E-2, 0.22980589E-1, 0.60777616E-1, 0.23773018E-1, 4.1179500
0.46228602E-5, 0.87681203E-3, 0.71116351E-2, 0.15232266E-1, 0.67740582E-1, 0.25060838E-1, 5.5854077
0.61284572E-5, 0.88504213E-3, 0.57998342E-2, 0.14589177E-1, 0.81676856E-1, 0.25587730E-1, 7.4049563
0.78335843E-5, 0.96709799E-3, 0.51796683E-2, 0.19631770E-1, 0.98617814E-1, 0.25392525E-1, 9.4655533
0.92821610E-5, 0.96240855E-3, 0.63352194E-2, 0.90629943E-1, 0.10432106, 0.23112265E-1, 11.216181
0.92807632E-5, 0.10322739E-2, 0.72347075E-2, 0.98651432E-1, 0.78627206E-1, 0.22146067E-1, 11.214420
0.92299997E-5, 0.12245306E-2, 0.77424762E-2, 0.85173450E-1, 0.69213107E-1, 0.22009578E-1, 11.152893
0.93280269E-5, 0.13964128E-2, 0.76881405E-2, 0.68447933E-1, 0.63666224E-1, 0.21936564E-1, 11.271210
0.97233551E-5, 0.14823399E-2, 0.70012533E-2, 0.49864739E-1, 0.63233331E-1, 0.22060027E-1, 11.748911
0.10471727E-4, 0.15681877E-2, 0.62393313E-2, 0.35481878E-1, 0.67431919E-1, 0.22957176E-1, 12.653269
0.11543304E-4, 0.16285534E-2, 0.55441228E-2, 0.25640257E-1, 0.73402569E-1, 0.24011295E-1, 13.948247
0.12911040E-4, 0.18056652E-2, 0.51002805E-2, 0.17093029E-1, 0.80285691E-1, 0.25438236E-1, 15.601027
0.14547731E-4, 0.19331768E-2, 0.47105467E-2, 0.11844746E-1, 0.87147221E-1, 0.26442014E-1, 17.578894
0.16215472E-4, 0.19607989E-2, 0.51470362E-2, 0.46390556E-1, 0.92404902E-1, 0.24640152E-1, 19.594378
0.15537196E-4, 0.18331141E-2, 0.10726755E-1, 0.18313344, 0.50874420E-1, 0.21729384E-1, 18.774794
0.10537434E-1, 0.15123399E-2, 0.13328756E-1, 0.11511763, 0.13505402E-1, 0.22126941E-1, 16.194977
0.15773668E-3, 0.98571286E-3, 0.11219103E-1, 0.69648050E-1, 0.83007701E-2, 0.24290949E-1, 14.710636
0.11778048E-3, 0.10578273E-2, 0.11977581E-1, 0.77676885E-1, 0.95388629E-2, 0.24075747E-1, 13.656042
0.10334512E-4, 0.11975393E-2, 0.12994273E-1, 0.83716534E-1, 0.10057404E-1, 0.22701137E-1, 12.420107
0.93386707E-5, 0.13759502E-2, 0.13826650E-1, 0.75393960E-1, 0.99012312E-2, 0.22135835E-1, 11.235147
0.85680449E-5, 0.13110704E-2, 0.12585187E-1, 0.64531974E-1, 0.10680968E-1, 0.22103872E-1, 10.317791
0.79448573E-5, 0.12098172E-2, 0.11383111E-1, 0.60767531E-1, 0.12594480E-1, 0.22083890E-1, 9.5749798
0.74079749E-5, 0.11194542E-2, 0.10332890E-1, 0.58806214E-1, 0.15449154E-1, 0.22122970E-1, 8.9337111
0.69349112E-5, 0.95392420E-3, 0.91771334E-2, 0.57419825E-1, 0.17651618E-1, 0.22043131E-1, 8.3675146
0.64239707E-5, 0.79052360E-3, 0.88861231E-2, 0.67991331E-1, 0.19529441E-1, 0.22142474E-1, 7.7540669
0.57844750E-5, 0.72630920E-3, 0.90913950E-2, 0.70232570E-1, 0.20000992E-1, 0.22339612E-1, 6.9841313
0.51585289E-5, 0.63942274E-3, 0.83934329E-2, 0.67812152E-1, 0.22672081E-1, 0.22572309E-1, 6.2296777
0.46952800E-5, 0.58768701E-3, 0.76336050E-2, 0.60234349E-1, 0.25692938E-1, 0.22697439E-1, 5.6710892
0.44208696E-5, 0.56184217E-3, 0.70022345E-2, 0.55523772E-1, 0.30365523E-1, 0.22603763E-1, 5.3402262
0.42864845E-5, 0.53545355E-3, 0.65240664E-2, 0.53732228E-1, 0.33975471E-1, 0.22367377E-1, 5.1783171
0.42561082E-5, 0.58031239E-3, 0.64469976E-2, 0.48380367E-1, 0.35131514E-1, 0.22315867E-1, 5.1418691
0.43850978E-5, 0.61852304E-3, 0.61085667E-2, 0.41431848E-1, 0.37677594E-1, 0.22376576E-1, 5.2979169
0.46909049E-5, 0.62907609E-3, 0.55615641E-2, 0.37757449E-1, 0.42494394E-1, 0.22443861E-1, 5.6676145
0.51626976E-5, 0.62285678E-3, 0.48388438E-2, 0.32486282E-1, 0.47374830E-1, 0.22891909E-1, 6.2378840
0.57954139E-5, 0.69914496E-3, 0.46705781E-2, 0.31362966E-1, 0.52752025E-1, 0.22915391E-1, 7.0025239
0.65328018E-5, 0.89435675E-3, 0.48915027E-2, 0.31530332E-1, 0.57313565E-1, 0.23093386E-1, 7.8935261
0.73030960E-5, 0.10356772E-2, 0.53631277E-2, 0.48005670E-1, 0.58137301E-1, 0.23055803E-1, 8.8243370
0.71113636E-5, 0.92850713E-3, 0.68987207E-2, 0.85455269E-1, 0.41697197E-1, 0.22136249E-1, 8.5927553
0.66608955E-5, 0.85283449E-3, 0.65827281E-2, 0.67390449E-1, 0.34067914E-1, 0.22549676E-1, 8.0484486
0.64104838E-5, 0.55508572E-3, 0.49970024E-2, 0.55996396E-1, 0.34624957E-1, 0.24556598E-1, 7.7461367
0.63698390E-5, 0.51614246E-3, 0.44631660E-2, 0.49091600E-1, 0.38341034E-1, 0.25558714E-1, 7.6970658
0.64469968E-5, 0.58016286E-3, 0.44340407E-2, 0.49988993E-1, 0.42262726E-1, 0.24790190E-1, 7.7902608
0.65916329E-5, 0.49261458E-3, 0.37423151E-2, 0.46721052E-1, 0.45682766E-1, 0.24682857E-1, 7.9651470
0.69948796E-5, 0.46010644E-3, 0.31264285E-2, 0.37277967E-1, 0.51081438E-1, 0.26298335E-1, 8.4525118
0.75794164E-5, 0.51360310E-3, 0.29345667E-2, 0.35091061E-1, 0.56501728E-1, 0.25853336E-1, 9.1588879
0.83007344E-5, 0.62989740E-3, 0.29452667E-2, 0.32159049E-1, 0.61696868E-1, 0.25478128E-1, 10.030505
0.92791370E-5, 0.72243856E-3, 0.27510379E-2, 0.24759753E-1, 0.68003051E-1, 0.26470786E-1, 11.212830
0.10446221E-4, 0.85326988E-3, 0.26506118E-2, 0.22811694E-1, 0.74126698E-1, 0.26363315E-1, 12.623137
0.11742931E-4, 0.10372454E-2, 0.26248978E-2, 0.21904217E-1, 0.79009973E-1, 0.25937133E-1, 14.190046
0.13163575E-4, 0.12334865E-2, 0.25827182E-2, 0.18379509E-1, 0.81783518E-1, 0.26303392E-1, 15.906715
0.14663194E-4, 0.14137975E-2, 0.25083597E-2, 0.16349971E-1, 0.82821198E-1, 0.26310474E-1, 17.718843
0.16261482E-4, 0.14973222E-2, 0.23150356E-2, 0.11579988E-1, 0.85433520E-1, 0.27268436E-1, 19.650303
0.18002902E-4, 0.16376349E-2, 0.21862215E-2, 0.93055740E-2, 0.90157233E-1, 0.27805237E-1, 21.754698
0.19853253E-4, 0.18546201E-2, 0.21211850E-2, 0.82064532E-2, 0.93526766E-1, 0.27975578E-1, 23.990650
0.21777310E-4, 0.19400625E-2, 0.19518540E-2, 0.57627829E-2, 0.95201872E-1, 0.28379219E-1, 26.315807
0.23781115E-4, 0.19431626E-2, 0.17866777E-2, 0.37811846E-2, 0.97593457E-1, 0.28798992E-1, 28.737429
0.25845060E-4, 0.25807954E-2, 0.19521983E-2, 0.57115182E-2, 0.10165744, 0.28142838E-1, 31.231094
0.28014132E-4, 0.21797158E-2, 0.15787085E-2, 0.76579791E-3, 0.10628013, 0.30448813E-1, 33.852840
0.30359568E-4, 0.20646683E-2, 0.13588560E-2, 0.86101959E-3, 0.11372403, 0.31514205E-1, 36.687443
0.32825308E-4, 0.25207379E-2, 0.14033642E-2, 0.11130959E-2, 0.11877229, 0.30255072E-1, 39.666870
0.35344674E-4, 0.29255855E-2, 0.13928075E-2, 0.96611585E-3, 0.12004021, 0.30430140E-1, 42.711155
0.37885471E-4, 0.33431971E-2, 0.13660485E-2, 0.61259221E-3, 0.12216389, 0.30710101E-1, 45.781345
0.40182360E-4, 0.30505450E-2, 0.14670265E-2, 0.40917262E-1, 0.12331524, 0.25899449E-1, 48.557468
0.41695544E-4, 0.29192106E-2, 0.13580641E-2, 0.42869978E-1, 0.10978481, 0.24875686E-1, 50.386337
0.43295851E-4, 0.31058078E-2, 0.12288468E-2, 0.24982909E-1, 0.10191070, 0.26676845E-1, 52.320194
0.44856137E-4, 0.38033221E-2, 0.12950471E-2, 0.28034955E-1, 0.95412254E-1, 0.24475753E-1, 54.205143
0.46293157E-4, 0.50873198E-2, 0.14221200E-2, 0.22766050E-1, 0.89165263E-1, 0.24639767E-1, 55.940514
0.47807578E-4, 0.52265269E-2, 0.12863267E-2, 0.11734001E-1, 0.86289681E-1, 0.26211275E-1, 57.770576
0.49499991E-4, 0.50642537E-2, 0.11257309E-2, 0.41324934E-2, 0.89388639E-1, 0.27555503E-1, 59.816048
0.51415289E-4, 0.41966350E-2, 0.89265942E-3, 0.18749607E-3, 0.95751315E-1, 0.29221702E-1, 62.131603
0.53473090E-4, 0.48067551E-2, 0.89354196E-3, 0.40332796E-2, 0.10251791, 0.28270496E-1, 64.617874
0.55557353E-4, 0.67978008E-2, 0.99892030E-3, 0.27528321E-2, 0.10512673, 0.28275367E-1, 67.134773
0.57741508E-4, 0.39912406E-2, 0.60822419E-3, 0.0000000, 0.10951921, 0.34783594E-1, 69.777184
0.60152823E-4, 0.24385792E-2, 0.36640035E-3, 0.0000000, 0.11925425, 0.41882478E-1, 72.692863
0.62760366E-4, 0.26497070E-2, 0.31723035E-3, 0.0000000, 0.12814493, 0.40160332E-1, 75.843933
0.65515065E-4, 0.26544116E-2, 0.25792036E-3, 0.0000000, 0.13510208, 0.40095404E-1, 79.173058
0.68408350E-4, 0.30240789E-2, 0.21395215E-3, 0.0000000, 0.14247191, 0.40357858E-1, 82.669342
0.71454859E-4, 0.22569266E-2, 0.12564223E-3, 0.0000000, 0.14970507, 0.42983893E-1, 86.351982
0.74621166E-4, 0.25093213E-2, 0.81832055E-4, 0.0000000, 0.15427539, 0.42775717E-1, 90.178429
0.77850265E-4, 0.29388501E-2, 0.38826722E-4, 0.0000000, 0.15766087, 0.40521488E-1, 94.080650
0.81149592E-4, 0.30554421E-2, -0.94720162E-5, 0.0000000, 0.16120686, 0.39806992E-1, 98.068115
0.84493178E-4, 0.34168714E-2, -0.57497120E-4, 0.0000000, 0.16285527, 0.37706260E-1, 102.10877
0.87843138E-4, 0.40286714E-2, -0.11260493E-3, 0.0000000, 0.16271286, 0.37107501E-1, 106.15673
0.91149734E-4, 0.49742959E-2, -0.17949002E-3, 0.0000000, 0.16048594, 0.34911685E-1, 110.15191
0.94371571E-4, 0.65870499E-2, -0.27038157E-3, 0.0000000, 0.15732755, 0.32478794E-1, 114.04401
0.97516990E-4, 0.68597822E-2, -0.32690831E-3, 0.0000000, 0.15433301, 0.32338127E-1, 117.84505
0.10059039E-3, 0.76009608E-2, -0.40303147E-3, 0.0000000, 0.15245059, 0.31648032E-1, 121.55862
0.10361546E-3, 0.92927665E-2, -0.51132659E-3, 0.0000000, 0.15033501, 0.31252358E-1, 125.21281
0.10644304E-3, 0.97094700E-2, -0.57747215E-3, 0.0000000, 0.13168471, 0.30631760E-1, 128.62964
0.10876964E-3, 0.80825659E-2, -0.55662938E-3, 0.0000000, 0.10614887, 0.31335931E-1, 131.44302
0.11071571E-3, 0.78776414E-2, -0.58862020E-3, 0.0000000, 0.90095781E-1, 0.32708585E-1, 133.79510
0.11243037E-3, 0.59295166E-2, -0.52521878E-3, 0.0000000, 0.79562530E-1, 0.35082459E-1, 135.86926
0.11396357E-3, 0.80129988E-2, -0.68760896E-3, 0.0000000, 0.71536705E-1, 0.33041976E-1, 137.72014
0.11533331E-3, 0.86838631E-2, -0.77773817E-3, 0.0000000, 0.66401675E-1, 0.31835258E-1, 139.37480
0.11660445E-3, 0.89060897E-2, -0.84459549E-3, 0.0000000, 0.62486332E-1, 0.30996040E-1, 140.91078
0.11781890E-3, 0.79434998E-2, -0.82773459E-3, 0.0000000, 0.60222968E-1, 0.31523149E-1, 142.37947
0.11889389E-3, 0.92353635E-2, -0.11709370E-2, 0.23713294E-1, 0.56802616E-1, 0.26486419E-1, 143.67734
0.11900191E-3, 0.93310243E-2, -0.15219531E-2, 0.45580398E-1, 0.44981308E-1, 0.19857047E-1, 143.80780
0.11915991E-3, 0.79890387E-2, -0.12942179E-2, 0.25424477E-1, 0.42640243E-1, 0.21371989E-1, 144.00006
0.11964917E-3, 0.76397564E-2, -0.11986872E-2, 0.12388017E-1, 0.43352965E-1, 0.22951756E-1, 144.59172
0.12035264E-3, 0.90798801E-2, -0.12877703E-2, 0.48881057E-2, 0.44559997E-1, 0.24041558E-1, 145.44044
0.12118580E-3, 0.93439026E-2, -0.12361124E-2, 0.0000000, 0.45330551E-1, 0.26904793E-1, 146.44710
0.12206841E-3, 0.99318624E-2, -0.12384485E-2, 0.0000000, 0.46286426E-1, 0.29590813E-1, 147.51314
0.12296863E-3, 0.93190651E-2, -0.12046350E-2, 0.0000000, 0.47623217E-1, 0.30995585E-1, 148.60172
0.12390921E-3, 0.91074966E-2, -0.12285369E-2, 0.0000000, 0.49147625E-1, 0.31440262E-1, 149.73863
0.12484734E-3, 0.10640816E-1, -0.16342225E-2, 0.33199794E-2, 0.50108712E-1, 0.24282899E-1, 150.87086
0.12553425E-3, 0.11904995E-1, -0.18971595E-2, 0.13181155E-1, 0.47665745E-1, 0.21940993E-1, 151.69977
0.12629677E-3, 0.92288321E-2, -0.15607598E-2, 0.55131200E-3, 0.48226971E-1, 0.24606861E-1, 152.62396
0.12734662E-3, 0.83996970E-2, -0.13722004E-2, 0.0000000, 0.60539100E-1, 0.29887404E-1, 153.89359
0.12871144E-3, 0.53399848E-2, -0.10139234E-2, 0.0000000, 0.73380396E-1, 0.34789141E-1, 155.54604
0.13033564E-3, 0.37063982E-2, -0.12211330E-2, 0.0000000, 0.82138129E-1, 0.30870859E-1, 157.51059
0.13215614E-3, 0.36252916E-2, -0.13552984E-2, 0.17622579E-3, 0.92501365E-1, 0.29705532E-1, 159.71078
0.13403130E-3, 0.48131337E-2, -0.15383732E-2, 0.15834363E-1, 0.10014080, 0.27286526E-1, 161.97588
0.13567624E-3, 0.45749187E-2, -0.14388381E-2, 0.21335877E-1, 0.99961884E-1, 0.25407901E-1, 163.96397
0.13742264E-3, 0.42646774E-2, -0.13854486E-2, 0.89423945E-2, 0.97754404E-1, 0.26736874E-1, 166.07486
0.13911090E-3, 0.42639310E-2, -0.17033032E-2, 0.24308331E-1, 0.94711237E-1, 0.26319709E-1, 168.11519
0.14014241E-3, 0.53639403E-2, -0.19240626E-2, 0.55131722E-1, 0.86840540E-1, 0.23016237E-1, 169.36069
0.14053121E-3, 0.67834896E-2, -0.22145999E-2, 0.69773369E-1, 0.77175438E-1, 0.20383855E-1, 169.82915
0.14053193E-3, 0.98580355E-2, -0.27311933E-2, 0.71308270E-1, 0.69426425E-1, 0.18510805E-1, 169.82697
0.14045378E-3, 0.12313270E-1, -0.30293807E-2, 0.60290221E-1, 0.64302243E-1, 0.18031521E-1, 169.73004
0.14054800E-3, 0.14599747E-1, -0.31629836E-2, 0.42131588E-1, 0.62247574E-1, 0.19023392E-1, 169.84163
0.14097786E-3, 0.12958994E-1, -0.27913351E-2, 0.26816804E-1, 0.64174019E-1, 0.20455515E-1, 170.36278
0.14175349E-3, 0.11677673E-1, -0.25379942E-2, 0.19244226E-1, 0.69689766E-1, 0.21651968E-1, 171.30141
0.14289224E-3, 0.83018411E-2, -0.20522559E-2, 0.81082555E-2, 0.76928094E-1, 0.24953077E-1, 172.68100
0.14434078E-3, 0.81522306E-2, -0.19842656E-2, 0.50778231E-2, 0.85222892E-1, 0.25597127E-1, 174.43181
0.14606748E-3, 0.60297032E-2, -0.17504330E-2, 0.43082731E-2, 0.92549883E-1, 0.27851144E-1, 176.52068
0.14780539E-3, 0.45444262E-2, -0.21135542E-2, 0.12340168E-1, 0.92354730E-1, 0.27329823E-1, 178.62245
0.14929719E-3, 0.47244322E-2, -0.21426305E-2, 0.22719502E-1, 0.87473057E-1, 0.26124390E-1, 180.42520
0.15014397E-3, 0.77163596E-2, -0.26816952E-2, 0.55427220E-1, 0.81790999E-1, 0.22149757E-1, 181.44582
0.15082522E-3, 0.88000568E-2, -0.25320360E-2, 0.36322255E-1, 0.80669448E-1, 0.22166248E-1, 182.26854
0.15193767E-3, 0.96116643E-2, -0.23848899E-2, 0.12802257E-1, 0.83653741E-1, 0.24443770E-1, 183.61250
0.15335785E-3, 0.12007191E-1, -0.26479620E-2, 0.79045035E-2, 0.88522762E-1, 0.24483740E-1, 185.32642
0.15493228E-3, 0.14094951E-1, -0.28638483E-2, 0.30678157E-2, 0.93284830E-1, 0.24990417E-1, 187.22710
0.15662836E-3, 0.14799051E-1, -0.29500760E-2, 0.12124334E-2, 0.97695231E-1, 0.25369041E-1, 189.27608
0.15842331E-3, 0.15721936E-1, -0.30379067E-2, 0.0000000, 0.10186217, 0.25900500E-1, 191.44461
0.16032558E-3, 0.12275157E-1, -0.26480069E-2, 0.0000000, 0.10599749, 0.26012367E-1, 193.74675
0.16182095E-3, 0.16867649E-1, -0.32483623E-2, 0.48421975E-1, 0.11057359, 0.25725357E-1, 195.54953
0.16291480E-3, 0.15892424E-1, -0.31571691E-2, 0.46568822E-1, 0.11470307, 0.25989294E-1, 196.87230
0.16407264E-3, 0.21298565E-1, -0.37954743E-2, 0.45413017E-1, 0.11832085, 0.26084734E-1, 198.26631
0.16521543E-3, 0.24516748E-1, -0.41803932E-2, 0.44208393E-1, 0.12099491, 0.26204502E-1, 199.64420
0.16645670E-3, 0.18580819E-1, -0.35278550E-2, 0.41796092E-1, 0.12428172, 0.26967775E-1, 201.15022
0.16810396E-3, 0.98418910E-2, -0.23144460E-2, 0.31293370E-1, 0.12965785, 0.32026809E-1, 203.14963
0.17010298E-3, 0.90124467E-2, -0.21817372E-2, 0.28226729E-1, 0.13546509, 0.33534069E-1, 205.56635
0.17230576E-3, 0.74704858E-2, -0.19537257E-2, 0.25297634E-1, 0.13983518, 0.34998845E-1, 208.23006
0.17449399E-3, 0.75977026E-2, -0.20576569E-2, 0.34567710E-1, 0.14282896, 0.32097850E-1, 210.87442
0.17672822E-3, 0.75371414E-2, -0.20067343E-2, 0.28146023E-1, 0.14484577, 0.33788156E-1, 213.57468
0.17905375E-3, 0.70851073E-2, -0.19510805E-2, 0.29734904E-1, 0.14572802, 0.33133768E-1, 216.38559
0.18123911E-3, 0.73869922E-2, -0.21058456E-2, 0.40425267E-1, 0.14516529, 0.30552117E-1, 219.02637
0.18333325E-3, 0.59261480E-2, -0.18485984E-2, 0.35682701E-1, 0.14274329, 0.32202985E-1, 221.55869
0.18541301E-3, 0.62634111E-2, -0.20715138E-2, 0.47104262E-1, 0.14033139, 0.30146938E-1, 224.07179
0.18702920E-3, 0.73170941E-2, -0.23225946E-2, 0.60228989E-1, 0.13654812, 0.27410399E-1, 226.02399
0.18754142E-3, 0.89562628E-2, -0.36263275E-2, 0.17027369, 0.12219777, 0.20255350E-1, 226.64136
0.18522538E-3, 0.22081239E-1, -0.68578608E-2, 0.20725428, 0.86253025E-1, 0.15998751E-1, 223.82942
0.18282318E-3, 0.14249989E-1, -0.52769948E-2, 0.15935446, 0.65867655E-1, 0.17411003E-1, 220.93390
0.18126324E-3, 0.90747746E-2, -0.37386511E-2, 0.11650240, 0.58947533E-1, 0.20148708E-1, 219.05386
0.18002435E-3, 0.12606024E-1, -0.44035846E-2, 0.11069223, 0.58109395E-1, 0.19841971E-1, 217.55333
0.17858738E-3, 0.92334347E-2, -0.44685411E-2, 0.14262244, 0.52316520E-1, 0.19687651E-1, 215.81982
0.17668947E-3, 0.79197707E-2, -0.43971464E-2, 0.12677424, 0.38347226E-1, 0.21113159E-1, 213.52744
0.17455127E-3, 0.96619353E-2, -0.57674721E-2, 0.15394086, 0.30363040E-1, 0.19687595E-1, 210.94157
0.17189131E-3, 0.14728977E-1, -0.71161860E-2, 0.14354132, 0.25807312E-1, 0.19055575E-1, 207.72226
0.16960312E-3, 0.10475220E-1, -0.53402614E-2, 0.12119979, 0.26057661E-1, 0.18812161E-1, 204.96094
0.16760542E-3, 0.11417513E-1, -0.55904342E-2, 0.12057858, 0.27440602E-1, 0.18311454E-1, 202.54558
0.16555133E-3, 0.11533072E-1, -0.57480298E-2, 0.12377457, 0.28634999E-1, 0.18184824E-1, 200.06297
0.16346030E-3, 0.12554883E-1, -0.61797416E-2, 0.12974632, 0.30435473E-1, 0.17720997E-1, 197.53485
0.16126187E-3, 0.15605070E-1, -0.69769984E-2, 0.12886542, 0.31255320E-1, 0.17227594E-1, 194.87491
0.15917530E-3, 0.16073059E-1, -0.68653235E-2, 0.11626731, 0.32149635E-1, 0.17471371E-1, 192.35272
0.15782691E-3, 0.13680888E-1, -0.66286623E-2, 0.69603629E-1, 0.34459997E-1, 0.18578405E-1, 190.72559
0.15703928E-3, 0.15024125E-1, -0.61956635E-2, 0.52690860E-1, 0.36558948E-1, 0.19038994E-1, 189.77255
0.15668877E-3, 0.19229839E-1, -0.64426893E-2, 0.31284250E-1, 0.40327959E-1, 0.20407593E-1, 189.34473
0.15676786E-3, 0.13652337E-1, -0.50202971E-2, 0.23294406E-1, 0.46104360E-1, 0.21097746E-1, 189.44568
0.15708772E-3, 0.16811091E-1, -0.55492008E-2, 0.21209694E-1, 0.52234348E-1, 0.21663003E-1, 189.82915
0.15740427E-3, 0.27347893E-1, -0.74282652E-2, 0.19529276E-1, 0.55905249E-1, 0.22008497E-1, 190.20132
0.15773730E-3, 0.21448305E-1, -0.64027370E-2, 0.16847793E-1, 0.59005693E-1, 0.22435393E-1, 190.60954
0.15823041E-3, 0.25138967E-1, -0.69504501E-2, 0.14393155E-1, 0.62611900E-1, 0.22904286E-1, 191.20193
0.15886783E-3, 0.18195627E-1, -0.56691477E-2, 0.12318769E-1, 0.67208715E-1, 0.23262912E-1, 191.97905
0.15970031E-3, 0.21828109E-1, -0.62753260E-2, 0.11427090E-1, 0.72115399E-1, 0.23683032E-1, 192.98155
0.16050381E-3, 0.25429267E-1, -0.71168030E-2, 0.21031251E-1, 0.74542373E-1, 0.22724619E-1, 193.94908
0.16079261E-3, 0.20176249E-1, -0.71789762E-2, 0.59417948E-1, 0.72040364E-1, 0.19889832E-1, 194.30319
0.15938061E-3, 0.24500608E-1, -0.11529300E-1, 0.14901668, 0.51241048E-1, 0.16804663E-1, 192.59256
0.15696266E-3, 0.21298544E-1, -0.11145220E-1, 0.11892814, 0.32485813E-1, 0.16960567E-1, 189.67348
0.15506118E-3, 0.23907578E-1, -0.10951294E-1, 0.84701061E-1, 0.26367418E-1, 0.17114043E-1, 187.37296
0.15363796E-3, 0.21663485E-1, -0.96137784E-2, 0.66283345E-1, 0.26166772E-1, 0.17253658E-1, 185.65506
0.15247977E-3, 0.24811676E-1, -0.99485554E-2, 0.56081206E-1, 0.27064208E-1, 0.17507473E-1, 184.25226
0.15143953E-3, 0.18573135E-1, -0.93568591E-2, 0.70867293E-1, 0.24218556E-1, 0.17631769E-1, 183.00128
0.14967844E-3, 0.15324213E-1, -0.11968747E-1, 0.10420155, 0.14085354E-1, 0.17703015E-1, 180.87619
0.19093265E-2, 0.14608854E-1, -0.15465009E-1, 0.10113949, 0.68434132E-2, 0.18092096E-1, 178.12938
0.12709064E-2, 0.13174588E-1, -0.17898634E-1, 0.93629532E-1, 0.41622589E-2, 0.18456677E-1, 175.35825
0.16794122E-3, 0.14737694E-1, -0.18526703E-1, 0.92624068E-1, 0.44016545E-2, 0.18449727E-1, 172.73944
0.14067927E-3, 0.16907999E-1, -0.19514542E-1, 0.93434177E-1, 0.46148989E-2, 0.18278729E-1, 169.99883
0.13830970E-3, 0.22571154E-1, -0.21120274E-1, 0.90402164E-1, 0.51758871E-2, 0.17986329E-1, 167.12959
0.13604725E-3, 0.21400986E-1, -0.18130934E-1, 0.84381618E-1, 0.61920071E-2, 0.17965622E-1, 164.39645
0.13393062E-3, 0.24700522E-1, -0.17528901E-1, 0.76810688E-1, 0.71259453E-2, 0.17968187E-1, 161.83517
0.13193667E-3, 0.26689658E-1, -0.16800284E-1, 0.71544021E-1, 0.82822116E-2, 0.17953020E-1, 159.42331
0.13006698E-3, 0.27472205E-1, -0.15378081E-1, 0.65776482E-1, 0.98897573E-2, 0.17990317E-1, 157.16304
0.12833535E-3, 0.35174266E-1, -0.15404319E-1, 0.56173809E-1, 0.11999393E-1, 0.18071923E-1, 155.06264
0.12681320E-3, 0.29692784E-1, -0.12661356E-1, 0.48456814E-1, 0.14421065E-1, 0.18045200E-1, 153.22845
0.12533642E-3, 0.17793790E-1, -0.12319581E-1, 0.97568296E-1, 0.16321195E-1, 0.18147102E-1, 151.45551
0.12298806E-3, 0.15478930E-1, -0.14587490E-1, 0.10659524, 0.96341316E-2, 0.18230969E-1, 148.61972
0.25786993, 0.15273925E-1, -0.16602524E-1, 0.95461786E-1, 0.61778962E-2, 0.18390413E-1, 144.38550
0.25872135, 0.10977547E-1, -0.15978135E-1, 0.65999277E-1, 0.33594258E-2, 0.18752052E-1, 134.40154
0.10058871, 0.11806171E-1, -0.16990181E-1, 0.89333534E-1, 0.51203985E-2, 0.18651197E-1, 127.72455
0.23060694E-1, 0.13466511E-1, -0.18331554E-1, 0.76938927E-1, 0.41227411E-2, 0.18533453E-1, 123.85618
0.10092386E-3, 0.15158487E-1, -0.18858394E-1, 0.84549144E-1, 0.51154974E-2, 0.18504480E-1, 121.24556
0.98716206E-4, 0.15614629E-1, -0.18359177E-1, 0.90615712E-1, 0.61844634E-2, 0.18551402E-1, 118.72536
0.96405027E-4, 0.15375501E-1, -0.17650817E-1, 0.93525618E-1, 0.64849146E-2, 0.18632542E-1, 116.06163
0.54250793E-2, 0.17566018E-1, -0.20062948E-1, 0.87402023E-1, 0.52937493E-2, 0.18733760E-1, 113.34447
0.86026844E-2, 0.15863473E-1, -0.19678127E-1, 0.89735642E-1, 0.51109614E-2, 0.18766426E-1, 110.44199
0.10470061E-2, 0.16885806E-1, -0.19699641E-1, 0.88051952E-1, 0.51687434E-2, 0.18832043E-1, 107.75493
0.87531298E-4, 0.14518994E-1, -0.16989388E-1, 0.89416519E-1, 0.59304517E-2, 0.18912546E-1, 105.18009
0.69667004E-1, 0.89723775E-2, -0.12876202E-1, 0.79720266E-1, 0.54265205E-2, 0.19583073E-1, 101.48501
0.82471808E-4, 0.76281647E-2, -0.11338057E-1, 0.86797297E-1, 0.66337208E-2, 0.19960681E-1, 99.082642
0.10801555E-1, 0.79459799E-2, -0.11774466E-1, 0.87942295E-1, 0.61834143E-2, 0.19690758E-1, 96.783333
0.19652498, 0.82359184E-2, -0.12357147E-1, 0.79987429E-1, 0.51669599E-2, 0.19329064E-1, 92.118706
0.27688712E-1, 0.98505886E-2, -0.13704363E-1, 0.86206302E-1, 0.63059842E-2, 0.19422913E-1, 87.089081
0.25978716E-1, 0.12664882E-1, -0.15253349E-1, 0.92743926E-1, 0.68629533E-2, 0.19301862E-1, 84.390999
0.32207588E-3, 0.13453876E-1, -0.15944066E-1, 0.90142615E-1, 0.66060219E-2, 0.19467533E-1, 81.450882
0.35477459E-1, 0.10789810E-1, -0.14208253E-1, 0.98186463E-1, 0.69697117E-2, 0.19418545E-1, 78.379570
0.24776574E-3, 0.98790359E-2, -0.12924074E-1, 0.95004931E-1, 0.73392922E-2, 0.19609336E-1, 75.595848
0.60898950E-4, 0.87346965E-2, -0.11176353E-1, 0.95050402E-1, 0.82674716E-2, 0.19612184E-1, 73.199608
0.58892405E-4, 0.10284918E-1, -0.11272203E-1, 0.92485011E-1, 0.92473701E-2, 0.19636653E-1, 70.861763
0.57008092E-4, 0.88274721E-2, -0.93950620E-2, 0.89371420E-1, 0.11034345E-1, 0.19710913E-1, 68.659790
0.55240485E-4, 0.93780085E-2, -0.88361111E-2, 0.89492612E-1, 0.13707708E-1, 0.19800244E-1, 66.582092
0.53593372E-4, 0.10956100E-1, -0.85730534E-2, 0.80464095E-1, 0.15812945E-1, 0.19922318E-1, 64.635750
0.52230585E-4, 0.10557654E-1, -0.72592795E-2, 0.70532382E-1, 0.19616034E-1, 0.20112310E-1, 63.023327
0.51171741E-4, 0.10622939E-1, -0.63170004E-2, 0.58316845E-1, 0.23273759E-1, 0.19988015E-1, 61.768597
0.50511011E-4, 0.77591049E-2, -0.46955035E-2, 0.52778177E-1, 0.31345889E-1, 0.20181173E-1, 60.990849
0.50081308E-4, 0.73850472E-2, -0.43393229E-2, 0.54454517E-1, 0.40345989E-1, 0.20041341E-1, 60.484665
0.49715585E-4, 0.60064495E-2, -0.43449607E-2, 0.83227701E-1, 0.45712918E-1, 0.20199124E-1, 60.053200
0.48280996E-4, 0.51771016E-2, -0.57289437E-2, 0.11942265, 0.28801292E-1, 0.20527190E-1, 58.327175
0.46320274E-4, 0.53899619E-2, -0.70944391E-2, 0.12086163, 0.18526999E-1, 0.20424636E-1, 55.962307
0.44234748E-4, 0.78045917E-2, -0.91942903E-2, 0.10705140, 0.13948875E-1, 0.20340161E-1, 53.442986
0.45251489E-1, 0.63835164E-2, -0.86849732E-2, 0.10619584, 0.11700700E-1, 0.20387171E-1, 50.741375
0.79795681E-1, 0.51044417E-2, -0.89373160E-2, 0.83904378E-1, 0.64341519E-2, 0.20481594E-1, 46.913681
0.35393077E-2, 0.61352164E-2, -0.99756690E-2, 0.87340310E-1, 0.68772961E-2, 0.20520085E-1, 43.862461
0.19137530E-2, 0.59603606E-2, -0.96061220E-2, 0.91539145E-1, 0.73885019E-2, 0.20548554E-1, 41.691463
0.32882705E-4, 0.65268995E-2, -0.96676825E-2, 0.88071868E-1, 0.71232244E-2, 0.20608298E-1, 39.513237
0.13314473E-1, 0.62122932E-2, -0.91024013E-2, 0.86976759E-1, 0.69995266E-2, 0.20663055E-1, 37.391251
0.39549006E-3, 0.49195401E-2, -0.75404756E-2, 0.94314978E-1, 0.84729064E-2, 0.20724915E-1, 35.040211
0.27373379E-4, 0.45505152E-2, -0.66236565E-2, 0.93430653E-1, 0.91876891E-2, 0.20802539E-1, 32.898464
0.11535518E-1, 0.46435199E-2, -0.69078440E-2, 0.98155051E-1, 0.86370651E-2, 0.20853579E-1, 30.671631
0.35574585E-1, 0.34131899E-2, -0.57373876E-2, 0.10031708, 0.88654235E-2, 0.20924123E-1, 27.776506
0.21130036E-4, 0.52465214E-2, -0.68425117E-2, 0.83738215E-1, 0.72298232E-2, 0.20991512E-1, 25.367256
0.76427966E-1, 0.31084639E-2, -0.50127478E-2, 0.87015986E-1, 0.75006587E-2, 0.21035045E-1, 22.057577
0.11062179E-1, 0.22332172E-2, -0.39738677E-2, 0.83306573E-1, 0.73776338E-2, 0.21119898E-1, 19.757719
0.80484180E-2, 0.18949481E-2, -0.34988439E-2, 0.93104392E-1, 0.88880928E-2, 0.21245906E-1, 17.768360
0.35124039E-3, 0.17739107E-2, -0.33151805E-2, 0.10118347, 0.99137025E-2, 0.21296244E-1, 15.614987
0.42513316E-3, 0.14835896E-2, -0.29367264E-2, 0.97845607E-1, 0.92780702E-2, 0.21329068E-1, 13.525298
0.78912899E-2, 0.14679104E-2, -0.28599510E-2, 0.87593183E-1, 0.77731623E-2, 0.21338496E-1, 11.540900
0.80927210E-2, 0.12959508E-2, -0.25236616E-2, 0.81043653E-1, 0.71237320E-2, 0.21375174E-1, 9.6196680
0.60745690E-3, 0.15095825E-2, -0.24470817E-2, 0.86833231E-1, 0.76017110E-2, 0.21419371E-1, 7.8315673
0.79638930E-3, 0.11981119E-2, -0.16401168E-2, 0.87996408E-1, 0.78197010E-2, 0.21469103E-1, 6.0479121
0.35694322E-5, 0.88972668E-3, -0.76927245E-3, 0.85680947E-1, 0.81789447E-2, 0.21520762E-1, 4.2870579
0.22538295E-5, 0.60790428E-3, 0.48180111E-4, 0.77013329E-1, 0.82901288E-2, 0.21565013E-1, 2.7097800
0.16359508E-5, 0.20154090E-3, 0.67081023E-3, 0.93374044E-1, 0.94123650E-2, 0.21606458E-1, 1.1983758
0.60757917E-4, 0.60447360E-5, 0.11261990E-2, 0.22697162E-1, 0.69319662E-2, 0.21635402E-1, 0.44918146E-1
0.46115609E-4, 0.53574663E-5, 0.16508708E-2, 0.17019298E-1, 0.59005404E-2, 0.21575095E-1, 0.38684666E-1
0.18377352E-6, 0.74195491E-5, 0.29033292E-2, 0.19064656E-1, 0.73408610E-2, 0.21499386E-1, 0.36049671E-1
0.35174980E-5, 0.75502362E-5, 0.36133453E-2, 0.22294872E-1, 0.89781061E-2, 0.21440987E-1, 0.39299805E-1
0.33828890E-7, 0.80966638E-5, 0.43976707E-2, 0.23193866E-1, 0.94987266E-2, 0.21386405E-1, 0.40251717E-1
0.34227543E-7, 0.94556217E-5, 0.46969885E-2, 0.24685193E-1, 0.10669233E-1, 0.21334933E-1, 0.40775083E-1
0.33755896E-7, 0.10514981E-4, 0.57389624E-2, 0.27558053E-1, 0.12286764E-1, 0.21288697E-1, 0.40246915E-1
0.39931241E-7, 0.10823950E-4, 0.49068537E-2, 0.29285863E-1, 0.15285473E-1, 0.21247819E-1, 0.47723819E-1
0.42688526E-7, 0.11201551E-4, 0.60127676E-2, 0.32080859E-1, 0.17177189E-1, 0.21213491E-1, 0.51081181E-1
0.44606416E-7, 0.10724834E-4, 0.67867637E-2, 0.33205353E-1, 0.15938098E-1, 0.21179978E-1, 0.53424262E-1
0.23085922E-5, 0.90711846E-5, 0.76967869E-2, 0.29201351E-1, 0.11885324E-1, 0.21141401E-1, 0.53499497E-1
0.52824007E-7, 0.94699781E-5, 0.87845549E-2, 0.27833292E-1, 0.10444582E-1, 0.21097817E-1, 0.54051079E-1
0.40719708E-7, 0.11064111E-4, 0.10764923E-1, 0.30211935E-1, 0.91531025E-2, 0.21056337E-1, 0.48587620E-1
0.39598618E-7, 0.10849288E-4, 0.10733948E-1, 0.29714366E-1, 0.95569044E-2, 0.21015983E-1, 0.47286339E-1
0.44206573E-7, 0.10650016E-4, 0.88307513E-2, 0.30742062E-1, 0.12698683E-1, 0.20978980E-1, 0.52881144E-1
0.48231804E-7, 0.11342800E-4, 0.10684745E-1, 0.33881839E-1, 0.13940644E-1, 0.20946946E-1, 0.57770047E-1
0.45383043E-7, 0.12515178E-4, 0.11307629E-1, 0.33217024E-1, 0.12812044E-1, 0.20916110E-1, 0.54362655E-1
0.47598167E-7, 0.11673831E-4, 0.96382154E-2, 0.33902235E-1, 0.14746843E-1, 0.20885702E-1, 0.57060253E-1
0.50687827E-7, 0.12668556E-4, 0.91083478E-2, 0.36920521E-1, 0.18195167E-1, 0.20860178E-1, 0.60807478E-1
0.58496727E-7, 0.12831482E-4, 0.11143760E-1, 0.40789161E-1, 0.20294167E-1, 0.20840932E-1, 0.70252731E-1
0.50260201E-7, 0.13050097E-4, 0.15124636E-1, 0.36448330E-1, 0.11500706E-1, 0.20817814E-1, 0.60314119E-1
0.45980716E-7, 0.12308922E-4, 0.13700625E-1, 0.34180880E-1, 0.10798657E-1, 0.20788424E-1, 0.55152088E-1
0.43711651E-7, 0.13481574E-4, 0.14006739E-1, 0.34867726E-1, 0.12376213E-1, 0.20761292E-1, 0.52414283E-1
0.45853749E-7, 0.13053157E-4, 0.11692254E-1, 0.37667029E-1, 0.15957572E-1, 0.20737916E-1, 0.55006400E-1
0.47321873E-7, 0.14067617E-4, 0.11081684E-1, 0.40443029E-1, 0.19911924E-1, 0.20720158E-1, 0.56781925E-1
0.67107649E-7, 0.28301565E-4, 0.11000326E-1, 0.42154450E-1, 0.23613518E-1, 0.20709742E-1, 0.80679499E-1
0.85949885E-7, 0.21974725E-4, 0.89968424E-2, 0.50604817E-1, 0.31024138E-1, 0.20705599E-1, 0.10345749
0.70330053E-7, 0.19307932E-4, 0.11303281E-1, 0.54329190E-1, 0.34772526E-1, 0.20714499E-1, 0.84585704E-1
0.62330109E-7, 0.18133214E-4, 0.14229894E-1, 0.52330624E-1, 0.26963735E-1, 0.20724434E-1, 0.74919850E-1
0.55590881E-7, 0.14999497E-4, 0.12835434E-1, 0.42837124E-1, 0.20484466E-1, 0.20719973E-1, 0.66779099E-1
0.52816475E-7, 0.14555946E-4, 0.11743711E-1, 0.43355975E-1, 0.22157259E-1, 0.20709231E-1, 0.63426919E-1
0.54941090E-7, 0.14597796E-4, 0.12102662E-1, 0.43950252E-1, 0.22559956E-1, 0.20701755E-1, 0.65994605E-1
0.54196843E-7, 0.14901349E-4, 0.12394285E-1, 0.44435821E-1, 0.22544799E-1, 0.20693943E-1, 0.65095022E-1
0.72400546E-7, 0.14913403E-4, 0.10215363E-1, 0.47424987E-1, 0.28513186E-1, 0.20688079E-1, 0.87094568E-1
0.69141770E-7, 0.17391987E-4, 0.12381173E-1, 0.49026836E-1, 0.27259145E-1, 0.20689622E-1, 0.83153911E-1
0.58800154E-7, 0.15446525E-4, 0.11091575E-1, 0.48246618E-1, 0.26940707E-1, 0.20689936E-1, 0.70658043E-1
0.41872936E-4, 0.15076062E-4, 0.17523069E-1, 0.47816910E-1, 0.20535626E-1, 0.20689465E-1, 0.78240424E-1
0.71140062E-5, 0.12692701E-4, 0.19027825E-1, 0.39092034E-1, 0.11043306E-1, 0.20673176E-1, 0.74018277E-1
0.66062675E-7, 0.15620590E-4, 0.23765387E-1, 0.43330513E-1, 0.96389418E-2, 0.20653116E-1, 0.67203239E-1
0.55030071E-7, 0.13809397E-4, 0.20676833E-1, 0.39606571E-1, 0.93598440E-2, 0.20634789E-1, 0.65795310E-1
0.48976634E-7, 0.15685708E-4, 0.22999762E-1, 0.41684296E-1, 0.93095861E-2, 0.20617560E-1, 0.58569510E-1
0.43405731E-7, 0.13790929E-4, 0.20001203E-1, 0.40274173E-1, 0.10136853E-1, 0.20602619E-1, 0.51908076E-1
0.91615948E-4, 0.97721122E-5, 0.14609165E-1, 0.32229185E-1, 0.98681105E-2, 0.20580817E-1, 0.66326566E-1
0.35484023E-4, 0.12156825E-4, 0.20341273E-1, 0.40115651E-1, 0.96198274E-2, 0.20555001E-1, 0.82549386E-1
0.41302665E-4, 0.12291244E-4, 0.20441905E-1, 0.39787088E-1, 0.10583286E-1, 0.20533178E-1, 0.85303433E-1
0.12029523E-4, 0.13365432E-4, 0.23092769E-1, 0.42822320E-1, 0.98897275E-2, 0.20514842E-1, 0.79659827E-1
0.10039030E-4, 0.13524494E-4, 0.23219865E-1, 0.42849865E-1, 0.10218155E-1, 0.20497374E-1, 0.81591450E-1
0.23347789E-5, 0.14681081E-4, 0.25850756E-1, 0.45240909E-1, 0.98009212E-2, 0.20483704E-1, 0.78167215E-1
0.62306761E-7, 0.16727174E-4, 0.27618092E-1, 0.45863967E-1, 0.89736320E-2, 0.20473232E-1, 0.74479632E-1
0.54550707E-7, 0.17547633E-4, 0.28853875E-1, 0.48088212E-1, 0.91919135E-2, 0.20466145E-1, 0.65228142E-1
0.55996168E-7, 0.19240497E-4, 0.25015902E-1, 0.45275062E-1, 0.10883085E-1, 0.20460663E-1, 0.67031242E-1
0.51774482E-7, 0.20251407E-4, 0.24215262E-1, 0.46358891E-1, 0.12281276E-1, 0.20456064E-1, 0.61996732E-1
0.59160012E-7, 0.22288874E-4, 0.20324893E-1, 0.44507161E-1, 0.14850499E-1, 0.20451082E-1, 0.70944414E-1
0.54798355E-4, 0.16487229E-4, 0.21353446E-1, 0.48228517E-1, 0.18408814E-1, 0.20452989E-1, 0.87034874E-1
0.68921963E-7, 0.19709665E-4, 0.33652898E-1, 0.52482661E-1, 0.95331157E-2, 0.20449076E-1, 0.82393467E-1
0.57033432E-7, 0.18102350E-4, 0.31347889E-1, 0.50442629E-1, 0.86295689E-2, 0.20448918E-1, 0.68190411E-1
0.62007317E-7, 0.16419184E-4, 0.24941724E-1, 0.45643378E-1, 0.11612418E-1, 0.20445678E-1, 0.74252740E-1
0.61832203E-7, 0.13793323E-4, 0.21827225E-1, 0.43538325E-1, 0.11975802E-1, 0.20440167E-1, 0.74106835E-1
0.67878538E-7, 0.13784897E-4, 0.21720905E-1, 0.42745307E-1, 0.13073522E-1, 0.20428810E-1, 0.81453137E-1
0.75638769E-6, 0.15808595E-4, 0.26300125E-1, 0.50171807E-1, 0.14117675E-1, 0.20424014E-1, 0.89241624E-1
0.97058564E-5, 0.16147516E-4, 0.30790973E-1, 0.50548960E-1, 0.10123302E-1, 0.20422956E-1, 0.93082316E-1
0.71459479E-4, 0.13425866E-4, 0.26643995E-1, 0.45624100E-1, 0.93795583E-2, 0.20416353E-1, 0.97897306E-1
0.11310198E-4, 0.14304448E-4, 0.28676838E-1, 0.47463529E-1, 0.97290389E-2, 0.20408947E-1, 0.96232370E-1
0.20597469E-3, 0.14069770E-4, 0.28455215E-1, 0.46639178E-1, 0.86049605E-2, 0.20397415E-1, 0.96025690E-1
0.10116582E-3, 0.14683804E-4, 0.30640760E-1, 0.46758812E-1, 0.72030048E-2, 0.20388212E-1, 0.92673905E-1
0.52975956E-4, 0.15107809E-4, 0.30389395E-1, 0.47251560E-1, 0.72392686E-2, 0.20378992E-1, 0.97606413E-1
0.65146523E-4, 0.14750573E-4, 0.30921994E-1, 0.46894118E-1, 0.72880485E-2, 0.20371411E-1, 0.95084213E-1
0.24764071E-4, 0.13401629E-4, 0.27604319E-1, 0.44863120E-1, 0.83160680E-2, 0.20361269E-1, 0.10308349
0.78329762E-7, 0.15776817E-4, 0.32713994E-1, 0.50545841E-1, 0.75333957E-2, 0.20354666E-1, 0.93655303E-1
0.73955633E-7, 0.16940759E-4, 0.34056142E-1, 0.51036984E-1, 0.70425314E-2, 0.20351876E-1, 0.88503793E-1
0.71971030E-7, 0.23370203E-4, 0.35958543E-1, 0.53736877E-1, 0.78632766E-2, 0.20353854E-1, 0.86204194E-1
0.72084063E-7, 0.21261449E-4, 0.29557683E-1, 0.48456397E-1, 0.95576234E-2, 0.20360898E-1, 0.86423635E-1
0.73083285E-7, 0.16411321E-4, 0.27264364E-1, 0.48048198E-1, 0.12015675E-1, 0.20363316E-1, 0.87701492E-1
0.67676531E-7, 0.17794053E-4, 0.29770546E-1, 0.51506292E-1, 0.11621838E-1, 0.20360371E-1, 0.81230596E-1
0.89155911E-7, 0.35864145E-4, 0.30459778E-1, 0.50733760E-1, 0.10849461E-1, 0.20362945E-1, 0.10717756
0.48326499E-4, 0.28731763E-4, 0.28614879E-1, 0.48029169E-1, 0.10336719E-1, 0.20364661E-1, 0.12108928
0.67103379E-5, 0.25089132E-4, 0.41357599E-1, 0.56387872E-1, 0.59387065E-2, 0.20369055E-1, 0.10975765
0.37258771E-4, 0.16782635E-4, 0.32316953E-1, 0.47033887E-1, 0.48322207E-2, 0.20368574E-1, 0.11869267
0.28003609E-6, 0.26884698E-4, 0.40439546E-1, 0.55450179E-1, 0.59505440E-2, 0.20365294E-1, 0.12218660
0.18900260E-4, 0.46519999E-4, 0.45191713E-1, 0.61084725E-1, 0.62734620E-2, 0.20375252E-1, 0.13818465
0.39785121E-6, 0.28584729E-4, 0.44792488E-1, 0.60601365E-1, 0.61827595E-2, 0.20405890E-1, 0.11360310
0.11634561E-6, 0.34153545E-4, 0.40960766E-1, 0.57621181E-1, 0.68463995E-2, 0.20405263E-1, 0.13942525
0.76897734E-7, 0.16946937E-4, 0.32612249E-1, 0.50027665E-1, 0.78335674E-2, 0.20414449E-1, 0.92126898E-1
0.11877319E-3, 0.14194363E-4, 0.31567175E-1, 0.48511755E-1, 0.91202827E-2, 0.20413194E-1, 0.10934584
0.14355147E-3, 0.17721566E-4, 0.38945686E-1, 0.56448840E-1, 0.79203490E-2, 0.20414585E-1, 0.10836611
0.90164744E-4, 0.17735565E-4, 0.38150210E-1, 0.55362072E-1, 0.76814797E-2, 0.20420460E-1, 0.11255592
0.26802103E-4, 0.17036635E-4, 0.35824083E-1, 0.53100739E-1, 0.79681110E-2, 0.20423548E-1, 0.11978710
0.88813394E-7, 0.19349689E-4, 0.41856021E-1, 0.58777958E-1, 0.73920041E-2, 0.20447142E-1, 0.10624429
0.96401884E-7, 0.26675225E-4, 0.40932279E-1, 0.58040056E-1, 0.70650000E-2, 0.20440623E-1, 0.11548343
0.98091697E-7, 0.28230959E-4, 0.37638638E-1, 0.55331241E-1, 0.80851642E-2, 0.20450283E-1, 0.11764006
0.81400124E-7, 0.19314770E-4, 0.38207944E-1, 0.56513574E-1, 0.91250846E-2, 0.20462776E-1, 0.97650461E-1
0.84823093E-7, 0.16726197E-4, 0.32062687E-1, 0.51791310E-1, 0.10724074E-1, 0.20471293E-1, 0.10185571
0.78335347E-7, 0.19551117E-4, 0.34882165E-1, 0.56376200E-1, 0.11534819E-1, 0.20479914E-1, 0.94088659E-1
0.84041794E-7, 0.16018332E-4, 0.30935092E-1, 0.52178793E-1, 0.13119746E-1, 0.20488862E-1, 0.10102552
0.83540769E-7, 0.18730914E-4, 0.37599199E-1, 0.59014946E-1, 0.11279328E-1, 0.20500600E-1, 0.10045377
0.56216893E-4, 0.21263466E-4, 0.46568528E-1, 0.64208142E-1, 0.81217131E-2, 0.20520534E-1, 0.10804157
0.10978432E-6, 0.32212156E-4, 0.49559943E-1, 0.65564975E-1, 0.61856317E-2, 0.20534899E-1, 0.13151179
0.34831839E-4, 0.41595798E-4, 0.49417041E-1, 0.64550713E-1, 0.59854547E-2, 0.20553408E-1, 0.16717562
0.45239305E-3, 0.38009079E-4, 0.38949344E-1, 0.37110396E-1, 0.28378789E-2, 0.20559013E-1, 0.26625073
0.35135922E-5, 0.81774495E-4, 0.38390547E-1, 0.59802063E-1, 0.53726654E-2, 0.20535555E-1, 0.56758058
0.39214381E-4, 0.21028740E-4, 0.29679967E-1, 0.52980464E-1, 0.80746170E-2, 0.20930575E-1, 0.22635855
0.70613409E-4, 0.13440436E-4, 0.31406179E-1, 0.50425198E-1, 0.10105018E-1, 0.21049377E-1, 0.13286366
0.18969991E-4, 0.17687253E-4, 0.40367860E-1, 0.59915502E-1, 0.91089951E-2, 0.20627014E-1, 0.12100830
0.54979358E-6, 0.19157198E-4, 0.43416951E-1, 0.60957093E-1, 0.76774354E-2, 0.20583095E-1, 0.11666591
0.98468419E-7, 0.20673868E-4, 0.41671596E-1, 0.58929607E-1, 0.74182688E-2, 0.20587072E-1, 0.11796295
0.10293321E-6, 0.25651369E-4, 0.40867649E-1, 0.58529243E-1, 0.81121968E-2, 0.20598516E-1, 0.12345760
0.96001031E-7, 0.22805581E-4, 0.35772130E-1, 0.55320319E-1, 0.95915375E-2, 0.20610826E-1, 0.11522654
0.97781175E-7, 0.28308465E-4, 0.34710120E-1, 0.55095896E-1, 0.10881867E-1, 0.20621711E-1, 0.11745889
0.10250318E-6, 0.26630012E-4, 0.29708060E-1, 0.51648185E-1, 0.12618053E-1, 0.20629818E-1, 0.12323119
0.10771245E-6, 0.19954343E-4, 0.21785235E-1, 0.48664942E-1, 0.18899249E-1, 0.20838508E-1, 0.12958501
0.12681740E-6, 0.22004122E-4, 0.18820835E-1, 0.53266592E-1, 0.25811872E-1, 0.20817760E-1, 0.15269649
0.20789872E-6, 0.39228507E-4, 0.18249827E-1, 0.49777202E-1, 0.31661317E-1, 0.20921024E-1, 0.25064272
0.48475613E-6, 0.10118111E-3, 0.18122042E-1, 0.46283334E-1, 0.37447177E-1, 0.20857576E-1, 0.58504462
0.94597851E-6, 0.22872732E-3, 0.18805521E-1, 0.42004313E-1, 0.41646197E-1, 0.20817662E-1, 1.1421913
0.15774623E-5, 0.38771189E-3, 0.17967524E-1, 0.36053121E-1, 0.44576757E-1, 0.21077178E-1, 1.9051114
0.23469916E-5, 0.37635156E-3, 0.13082598E-1, 0.31162161E-1, 0.51355645E-1, 0.21538606E-1, 2.8350840
0.33235074E-5, 0.54769177E-3, 0.12663482E-1, 0.27251698E-1, 0.61653234E-1, 0.22315009E-1, 4.0150537
0.45682568E-5, 0.78008283E-3, 0.12285173E-1, 0.22669479E-1, 0.70840262E-1, 0.23197420E-1, 5.5191422
0.60735583E-5, 0.10492960E-2, 0.11771750E-1, 0.17202912E-1, 0.78716442E-1, 0.24247153E-1, 7.3380966
0.78027406E-5, 0.13002800E-2, 0.11203330E-1, 0.14459454E-1, 0.86829774E-1, 0.24932534E-1, 9.4276419
0.97316733E-5, 0.18047731E-2, 0.11552311E-1, 0.11009449E-1, 0.94058014E-1, 0.25800427E-1, 11.758351
0.11852716E-4, 0.22998448E-2, 0.11616366E-1, 0.72744563E-2, 0.99415272E-1, 0.26591934E-1, 14.321232
0.14147850E-4, 0.26637893E-2, 0.11014826E-1, 0.36797172E-2, 0.10518892, 0.27401645E-1, 17.094614
0.16585753E-4, 0.30714436E-2, 0.10687391E-1, 0.14614369E-2, 0.11021734, 0.27921667E-1, 20.040453
0.19146519E-4, 0.34372192E-2, 0.10254544E-1, 0.31418982E-3, 0.11637341, 0.28376944E-1, 23.134830
0.21839882E-4, 0.35698023E-2, 0.95354896E-2, 0.46284404E-5, 0.12307079, 0.28645545E-1, 26.389666
0.24640782E-4, 0.48512714E-2, 0.10514009E-1, 0.0000000, 0.12753099, 0.28955098E-1, 29.773300
0.27495624E-4, 0.44026063E-2, 0.92025623E-2, 0.14354694E-2, 0.13248681, 0.28639263E-1, 33.223862
0.30446288E-4, 0.56859110E-2, 0.98347962E-2, 0.37754304E-4, 0.13774911, 0.29063741E-1, 36.788513
0.33493230E-4, 0.62502120E-2, 0.95496094E-2, 0.0000000, 0.14276490, 0.29991699E-1, 40.470303
0.36641984E-4, 0.53420253E-2, 0.79494687E-2, 0.0000000, 0.15070957, 0.30464955E-1, 44.276619
0.39975224E-4, 0.46992442E-2, 0.67046797E-2, 0.0000000, 0.16120885, 0.31149732E-1, 48.305634
0.43492582E-4, 0.55182241E-2, 0.68706404E-2, 0.0000000, 0.16947354, 0.31205697E-1, 52.555714
0.47131489E-4, 0.57419590E-2, 0.66798325E-2, 0.0000000, 0.17571190, 0.31090405E-1, 56.953278
0.50883620E-4, 0.67323521E-2, 0.69613233E-2, 0.0000000, 0.18126909, 0.31229895E-1, 61.486893
0.54702927E-4, 0.71546738E-2, 0.68036448E-2, 0.0000000, 0.18426414, 0.31228123E-1, 66.102264
0.58565420E-4, 0.73750610E-2, 0.65371338E-2, 0.0000000, 0.18711901, 0.31242222E-1, 70.770058
0.62473635E-4, 0.85566351E-2, 0.67905742E-2, 0.0000000, 0.18999612, 0.31285152E-1, 75.492172
0.66416433E-4, 0.91585424E-2, 0.66569205E-2, 0.0000000, 0.19124244, 0.31341381E-1, 80.256660
0.70333263E-4, 0.98977881E-2, 0.66612568E-2, 0.0000000, 0.19058256, 0.31243499E-1, 84.989594
0.74259260E-4, 0.87483749E-2, 0.58938162E-2, 0.0000000, 0.19274347, 0.31406336E-1, 89.735497
0.78231882E-4, 0.95314970E-2, 0.59124893E-2, 0.0000000, 0.19400238, 0.31408455E-1, 94.535736
0.82189566E-4, 0.10551956E-1, 0.60661486E-2, 0.0000000, 0.19407961, 0.31215219E-1, 99.317726
0.86142558E-4, 0.10759621E-1, 0.58413339E-2, 0.0000000, 0.19435349, 0.31215487E-1, 104.09481
0.90083369E-4, 0.11766690E-1, 0.58841505E-2, 0.0000000, 0.19443649, 0.31431232E-1, 108.85643
0.94018324E-4, 0.11356428E-1, 0.54689334E-2, 0.0000000, 0.19491500, 0.31798765E-1, 113.61234
0.97964912E-4, 0.11411230E-1, 0.51714792E-2, 0.0000000, 0.19571052, 0.32433920E-1, 118.38189
0.10188955E-3, 0.14938861E-1, 0.59022498E-2, 0.0000000, 0.19538693, 0.31477571E-1, 123.12138
0.10576593E-3, 0.13283413E-1, 0.53899027E-2, 0.0000000, 0.19350936, 0.31200480E-1, 127.80774
0.10956970E-3, 0.20647390E-1, 0.67112031E-2, 0.0000000, 0.19154495, 0.31269383E-1, 132.39737
0.11323758E-3, 0.22677384E-1, 0.68370262E-2, 0.0000000, 0.18829933, 0.31314619E-1, 136.82811
0.11683712E-3, 0.19419175E-1, 0.60863486E-2, 0.0000000, 0.18550327, 0.31177035E-1, 141.18147
0.12040341E-3, 0.16218306E-1, 0.56646401E-2, 0.10907810E-1, 0.18174443, 0.28468762E-1, 145.49461
0.12320715E-3, 0.15798351E-1, 0.62384596E-2, 0.39664559E-1, 0.16038679, 0.22425313E-1, 148.88347
0.12536433E-3, 0.19545550E-1, 0.69691632E-2, 0.36717463E-1, 0.14202696, 0.22434227E-1, 151.48672
0.12746650E-3, 0.18817728E-1, 0.62911795E-2, 0.17357256E-1, 0.13134757, 0.24464985E-1, 154.02802
0.12980320E-3, 0.18856913E-1, 0.56719314E-2, 0.19370856E-2, 0.12860924, 0.27324215E-1, 156.85196
0.13237107E-3, 0.11205513E-1, 0.38103356E-2, 0.0000000, 0.13360444, 0.30443955E-1, 159.96292
0.13513453E-3, 0.92601012E-2, 0.31962639E-2, 0.0000000, 0.13974112, 0.32453272E-1, 163.30463
0.13802844E-3, 0.12611276E-1, 0.36913459E-2, 0.0000000, 0.14702958, 0.32154918E-1, 166.79871
0.14102741E-3, 0.11317812E-1, 0.33562316E-2, 0.0000000, 0.15304010, 0.31812593E-1, 170.42429
0.14412829E-3, 0.12746214E-1, 0.34655449E-2, 0.0000000, 0.15698609, 0.32010745E-1, 174.17043
0.14727654E-3, 0.12848557E-1, 0.34077293E-2, 0.0000000, 0.15992209, 0.31499971E-1, 177.97505
0.15047277E-3, 0.12115548E-1, 0.31982595E-2, 0.0000000, 0.16095112, 0.31313505E-1, 181.83853
0.15366351E-3, 0.13604892E-1, 0.32808390E-2, 0.0000000, 0.16123335, 0.31638660E-1, 185.69331
0.15687356E-3, 0.11588739E-1, 0.28086817E-2, 0.0000000, 0.16244228, 0.32159284E-1, 189.57509
0.16010145E-3, 0.12032560E-1, 0.27542561E-2, 0.0000000, 0.16161086, 0.32104649E-1, 193.47585
0.16330059E-3, 0.11776965E-1, 0.26122672E-2, 0.0000000, 0.16050906, 0.32334428E-1, 197.34282
0.16647302E-3, 0.12423409E-1, 0.26166092E-2, 0.0000000, 0.15924180, 0.32738853E-1, 201.17616
0.16960147E-3, 0.13245019E-1, 0.26270328E-2, 0.0000000, 0.15712395, 0.32490429E-1, 204.95609
0.17266054E-3, 0.14238780E-1, 0.26944047E-2, 0.0000000, 0.15450726, 0.31420492E-1, 208.65207
0.17564530E-3, 0.15579466E-1, 0.27794121E-2, 0.0000000, 0.15163767, 0.30736374E-1, 212.25790
0.17855229E-3, 0.15678328E-1, 0.27449776E-2, 0.0000000, 0.14861535, 0.29997598E-1, 215.77101
0.18140947E-3, 0.14946645E-1, 0.25953986E-2, 0.0000000, 0.14590751, 0.29747570E-1, 219.22470
0.18422220E-3, 0.14309061E-1, 0.24282257E-2, 0.0000000, 0.14292656, 0.30085789E-1, 222.62469
0.18697212E-3, 0.15113141E-1, 0.24102908E-2, 0.0000000, 0.14021872, 0.30263275E-1, 225.94722
0.18966939E-3, 0.14035417E-1, 0.22160267E-2, 0.0000000, 0.13753556, 0.31054460E-1, 229.20816
0.19233486E-3, 0.11615136E-1, 0.19358891E-2, 0.0000000, 0.13421054, 0.30699179E-1, 232.43176
0.19492471E-3, 0.15764292E-1, 0.22208383E-2, 0.0000000, 0.13053353, 0.30722313E-1, 235.55759
0.19736322E-3, 0.18501997E-1, 0.24542222E-2, 0.0000000, 0.12636337, 0.28739326E-1, 238.50189
0.19973838E-3, 0.13562366E-1, 0.19248867E-2, 0.0000000, 0.12240380, 0.31014306E-1, 241.37730
0.20207316E-3, 0.14780634E-1, 0.19592312E-2, 0.0000000, 0.11866710, 0.30600978E-1, 244.19786
0.20434789E-3, 0.11188215E-1, 0.15812066E-2, 0.0000000, 0.11459897, 0.31776566E-1, 246.95064
0.20658039E-3, 0.10062161E-1, 0.14304336E-2, 0.0000000, 0.11014201, 0.31946439E-1, 249.64972
0.20871812E-3, 0.11871648E-1, 0.15227556E-2, 0.0000000, 0.10566161, 0.30621763E-1, 252.23175
0.21074040E-3, 0.13431797E-1, 0.15456344E-2, 0.0000000, 0.10114717, 0.31129878E-1, 254.67412
0.21263170E-3, 0.15214380E-1, 0.16630050E-2, 0.0000000, 0.96779600E-1, 0.28541736E-1, 256.95828
0.21445335E-3, 0.11881564E-1, 0.13405746E-2, 0.0000000, 0.92395477E-1, 0.30335004E-1, 259.16385
0.21622001E-3, 0.11475524E-1, 0.12518836E-2, 0.0000000, 0.87937571E-1, 0.31556558E-1, 261.29974
0.21789438E-3, 0.12374854E-1, 0.12636462E-2, 0.0000000, 0.83510600E-1, 0.30627029E-1, 263.32233
0.21948482E-3, 0.10507086E-1, 0.11148317E-2, 0.0000000, 0.79131119E-1, 0.29621184E-1, 265.24658
0.22100807E-3, 0.10526041E-1, 0.10924176E-2, 0.0000000, 0.74792370E-1, 0.29686872E-1, 267.08765
0.22242546E-3, 0.13080732E-1, 0.12146913E-2, 0.0000000, 0.70713378E-1, 0.28489504E-1, 268.79843
0.22373762E-3, 0.12884741E-1, 0.11729229E-2, 0.0000000, 0.66902414E-1, 0.27759558E-1, 270.38422
0.22495138E-3, 0.16243819E-1, 0.13205896E-2, 0.0000000, 0.63153766E-1, 0.26581256E-1, 271.84692
0.22603585E-3, 0.18807897E-1, 0.13857300E-2, 0.0000000, 0.59843846E-1, 0.26317507E-1, 273.15479
0.22705103E-3, 0.16298141E-1, 0.12142181E-2, 0.0000000, 0.56905910E-1, 0.27251709E-1, 274.38492
0.22806616E-3, 0.12817473E-1, 0.97160763E-3, 0.0000000, 0.53776883E-1, 0.28692504E-1, 275.61621
0.22902769E-3, 0.15328884E-1, 0.10404752E-2, 0.0000000, 0.50476637E-1, 0.28315056E-1, 276.77594
0.22988256E-3, 0.17079763E-1, 0.10911110E-2, 0.0000000, 0.47490962E-1, 0.26096746E-1, 277.80737
