0.34587753, 1.0000000, 0.96332425, 9.4550190, 9.7597227, 9.8715544, 9.9704227, 9.9850349, 9.9948406, 19.999844, 19.999958, 19.999781, 19.976204, 0.34452596, 0.34758225, 0.34870794, 0.34970272, 0.34984958, 0.34994814, 0.34999922, 0.34999979, 0.34999889, 0.34988102, 0.96332425
0.33421510, 1.0000000, 0.92106915, 8.7099857, 9.6358976, 9.7907658, 9.9424696, 9.9703407, 9.9897041, 19.999832, 19.999958, 19.998274, 19.953739, 0.33708039, 0.34634608, 0.34790111, 0.34942335, 0.34970275, 0.34989682, 0.34999916, 0.34999979, 0.34999138, 0.34976870, 0.92106915
0.32477450, 1.0000000, 0.88686401, 8.0301695, 9.6335878, 9.7805300, 9.9264526, 9.9609823, 9.9860744, 19.999832, 19.999956, 19.994469, 19.933609, 0.33029214, 0.34632900, 0.34780180, 0.34926382, 0.34960946, 0.34986061, 0.34999916, 0.34999979, 0.34997234, 0.34966806, 0.88686401
0.31346968, 1.0000000, 0.84590459, 7.2495532, 9.5919838, 9.7528677, 9.9080257, 9.9499531, 9.9816217, 19.999832, 19.999914, 19.987789, 19.916466, 0.32246241, 0.34589356, 0.34751529, 0.34907755, 0.34949815, 0.34981576, 0.34999916, 0.34999958, 0.34993893, 0.34958231, 0.84590459
0.30609769, 1.0000000, 0.81919456, 6.7395768, 9.5641079, 9.7311525, 9.8901625, 9.9386787, 9.9767065, 19.999832, 19.999577, 19.978289, 19.902426, 0.31736642, 0.34561610, 0.34729880, 0.34889904, 0.34938547, 0.34976661, 0.34999916, 0.34999788, 0.34989145, 0.34951213, 0.81919456
0.29432037, 1.0000000, 0.77652305, 5.8912048, 9.5598011, 9.7254105, 9.8794813, 9.9310150, 9.9727449, 19.999832, 19.998674, 19.966442, 19.891314, 0.30888519, 0.34557185, 0.34724081, 0.34879211, 0.34930879, 0.34972700, 0.34999916, 0.34999338, 0.34983221, 0.34945658, 0.77652305
0.28784788, 1.0000000, 0.75307202, 5.3554926, 9.6451645, 9.7714119, 9.8862238, 9.9327269, 9.9720201, 19.999832, 19.996763, 19.953068, 19.882780, 0.30353597, 0.34643117, 0.34770375, 0.34886014, 0.34932622, 0.34971985, 0.34999916, 0.34998381, 0.34976533, 0.34941390, 0.75307202
0.28332233, 1.0000000, 0.73667508, 4.9860563, 9.6964970, 9.8010197, 9.8932962, 9.9353724, 9.9717617, 19.999651, 19.993263, 19.939106, 19.876348, 0.29984924, 0.34695175, 0.34800351, 0.34893161, 0.34935305, 0.34971738, 0.34999827, 0.34996632, 0.34969553, 0.34938174, 0.73667508
0.27617127, 1.0000000, 0.71076548, 4.5081964, 9.6436682, 9.7738352, 9.8881407, 9.9321089, 9.9697943, 19.999485, 19.987854, 19.925510, 19.871571, 0.29507089, 0.34642246, 0.34773114, 0.34887996, 0.34932035, 0.34969771, 0.34999743, 0.34993929, 0.34962755, 0.34935784, 0.71076548
0.26799923, 1.0000000, 0.68115658, 3.9462640, 9.6073093, 9.7524881, 9.8816147, 9.9280634, 9.9676237, 19.999187, 19.980331, 19.912964, 19.868053, 0.28944519, 0.34604761, 0.34751195, 0.34881353, 0.34927931, 0.34967580, 0.34999594, 0.34990165, 0.34956482, 0.34934026, 0.68115658
0.26273489, 1.0000000, 0.66208285, 3.5237377, 9.6614313, 9.7812223, 9.8867693, 9.9300575, 9.9674988, 19.998341, 19.970734, 19.901930, 19.865511, 0.28521919, 0.34658441, 0.34779710, 0.34886461, 0.34929901, 0.34967449, 0.34999171, 0.34985366, 0.34950966, 0.34932756, 0.66208285
0.25260776, 1.0000000, 0.62539041, 2.9791832, 9.3802910, 9.7110729, 9.8670473, 9.9192781, 9.9630613, 19.996801, 19.959480, 19.892565, 19.863659, 0.27978322, 0.34378663, 0.34710228, 0.34866878, 0.34919193, 0.34963033, 0.34998399, 0.34979740, 0.34946281, 0.34931830, 0.62539041
0.24216932, 1.0000000, 0.58756995, 2.7092605, 8.5986233, 9.6586752, 9.8440056, 9.9059992, 9.9574318, 19.994207, 19.947208, 19.884878, 19.862354, 0.27708441, 0.33597061, 0.34657800, 0.34843826, 0.34905910, 0.34957403, 0.34997103, 0.34973603, 0.34942439, 0.34931177, 0.58756995
0.23636493, 1.0000000, 0.56653959, 2.5748909, 8.0975904, 9.7061768, 9.8500357, 9.9076252, 9.9567709, 19.990078, 19.934614, 19.878744, 19.861401, 0.27573964, 0.33095843, 0.34705129, 0.34849826, 0.34907517, 0.34956735, 0.34995037, 0.34967306, 0.34939373, 0.34930700, 0.56653959
0.22757776, 1.0000000, 0.53470200, 2.3584843, 7.4172788, 9.6643047, 9.8362379, 9.8994246, 9.9528313, 19.984161, 19.922377, 19.873941, 19.860731, 0.27358171, 0.32416689, 0.34663919, 0.34836161, 0.34899387, 0.34952819, 0.34992081, 0.34961188, 0.34936970, 0.34930366, 0.53470200
0.21888492, 1.0000000, 0.50320619, 2.1538615, 6.7188177, 9.6473017, 9.8262177, 9.8929214, 9.9491434, 19.976311, 19.911041, 19.870205, 19.860233, 0.27153441, 0.31718031, 0.34646735, 0.34826103, 0.34892866, 0.34949121, 0.34988156, 0.34955519, 0.34935102, 0.34930116, 0.50320619
0.21052322, 1.0000000, 0.47291017, 1.9638926, 6.0287356, 9.6412859, 9.8196650, 9.8881350, 9.9457016, 19.966694, 19.900957, 19.867359, 19.859890, 0.26963660, 0.31028306, 0.34640944, 0.34819594, 0.34888101, 0.34945691, 0.34983346, 0.34950477, 0.34933680, 0.34929946, 0.47291017
0.20117602, 1.0000000, 0.43904352, 1.7546088, 5.2693977, 9.6121397, 9.8066826, 9.8798971, 9.9405689, 19.955643, 19.892302, 19.865208, 19.859615, 0.26753369, 0.30267164, 0.34610102, 0.34806269, 0.34879687, 0.34940499, 0.34977821, 0.34946150, 0.34932604, 0.34929806, 0.43904352
0.19103456, 1.0000000, 0.40229911, 1.5327215, 4.4285026, 9.5805559, 9.7898846, 9.8691597, 9.9337673, 19.943748, 19.885099, 19.863594, 19.859463, 0.26532412, 0.29427966, 0.34579977, 0.34789765, 0.34869099, 0.34933746, 0.34971875, 0.34942549, 0.34931797, 0.34929731, 0.40229911
0.18506877, 1.0000000, 0.38068396, 1.4216632, 3.8612728, 9.6451254, 9.8058577, 9.8756886, 9.9324760, 19.931742, 19.879240, 19.862381, 19.859346, 0.26420811, 0.28859884, 0.34643391, 0.34805506, 0.34875509, 0.34932417, 0.34965870, 0.34939620, 0.34931189, 0.34929675, 0.38068396
0.18226042, 1.0000000, 0.37050873, 1.5028328, 3.3820341, 9.6513624, 9.8123732, 9.8781338, 9.9297161, 19.920118, 19.874552, 19.861488, 19.859346, 0.26502141, 0.28381100, 0.34650031, 0.34812102, 0.34877998, 0.34929672, 0.34960058, 0.34937274, 0.34930745, 0.34929675, 0.37050873
0.18741314, 1.0000000, 0.38917804, 2.1293342, 2.9962449, 9.5772543, 9.8141279, 9.8779440, 9.9256916, 19.909361, 19.870861, 19.860859, 19.859346, 0.27128744, 0.27995747, 0.34576458, 0.34813964, 0.34877864, 0.34925666, 0.34954679, 0.34935430, 0.34930429, 0.34929675, 0.38917804
0.17927438, 1.0000000, 0.35968977, 1.8413186, 2.7469249, 9.0741758, 9.7868252, 9.8615894, 9.9156551, 19.899796, 19.868006, 19.860407, 19.859346, 0.26841247, 0.27746859, 0.34074068, 0.34786803, 0.34861577, 0.34915653, 0.34949899, 0.34934002, 0.34930202, 0.34929675, 0.35968977
0.17308691, 1.0000000, 0.33727139, 1.6355217, 2.5590658, 8.6474075, 9.7832346, 9.8567457, 9.9094353, 19.891592, 19.865826, 19.860096, 19.859346, 0.26634774, 0.27558362, 0.33646217, 0.34782967, 0.34856611, 0.34909391, 0.34945795, 0.34932911, 0.34930047, 0.34929675, 0.33727139
0.16493329, 1.0000000, 0.30772927, 1.3713688, 2.3035526, 8.0762691, 9.7569647, 9.8398457, 9.8993464, 19.884708, 19.864164, 19.859856, 19.859346, 0.26370722, 0.27302900, 0.33075124, 0.34756687, 0.34839705, 0.34899300, 0.34942353, 0.34932083, 0.34929928, 0.34929675, 0.30772927
0.15837128, 0.94641834, 0.28395391, 1.1729836, 2.0982294, 7.5639377, 9.7500067, 9.8330593, 9.8931923, 19.879089, 19.862928, 19.859707, 19.859346, 0.26172563, 0.27097780, 0.32563126, 0.34749797, 0.34832954, 0.34893155, 0.34939545, 0.34931463, 0.34929854, 0.34929675, 0.28395391
0.15120733, 0.85990578, 0.25799754, 0.96797049, 1.8708676, 6.9805384, 9.7328281, 9.8211489, 9.8858423, 19.874596, 19.861998, 19.859585, 19.859346, 0.25967064, 0.26869819, 0.31978580, 0.34732282, 0.34820876, 0.34885749, 0.34937298, 0.34930998, 0.34929794, 0.34929675, 0.25799754
0.14886317, 0.83159745, 0.24950419, 0.91243088, 1.8057883, 6.7147322, 9.7750578, 9.8418274, 9.8905773, 19.871044, 19.861309, 19.859585, 19.859346, 0.25912058, 0.26805344, 0.31713909, 0.34774819, 0.34841707, 0.34890535, 0.34935522, 0.34930655, 0.34929794, 0.34929675, 0.24950419
0.14602062, 0.79727072, 0.23920514, 0.84109604, 1.7198354, 6.4390512, 9.7852106, 9.8470840, 9.8907824, 19.868254, 19.860817, 19.859585, 19.859346, 0.25840271, 0.26718825, 0.31437159, 0.34784636, 0.34846795, 0.34890684, 0.34934127, 0.34930408, 0.34929794, 0.34929675, 0.23920514
0.14318368, 0.76301163, 0.22892639, 0.76995194, 1.6313046, 6.1635170, 9.7875576, 9.8480158, 9.8897972, 19.866114, 19.860456, 19.859585, 19.859346, 0.25769615, 0.26630878, 0.31162709, 0.34787300, 0.34847888, 0.34889755, 0.34933057, 0.34930229, 0.34929794, 0.34929675, 0.22892639
0.13732125, 0.69221640, 0.20768569, 0.62145889, 1.4357597, 5.6470470, 9.7377892, 9.8207932, 9.8793306, 19.864489, 19.860174, 19.859585, 19.859346, 0.25621092, 0.26435250, 0.30646044, 0.34737444, 0.34820619, 0.34879270, 0.34932244, 0.34930086, 0.34929794, 0.34929675, 0.20768569
0.13130400, 0.61955148, 0.18588404, 0.48454404, 1.2377620, 5.0554242, 9.7021713, 9.7993727, 9.8706617, 19.863237, 19.860023, 19.859585, 19.859346, 0.25484216, 0.26237261, 0.30054399, 0.34701777, 0.34799173, 0.34870595, 0.34931618, 0.34930012, 0.34929794, 0.34929675, 0.18588404
0.12600377, 0.55554557, 0.16668034, 0.37810802, 1.0675818, 4.4732113, 9.6874542, 9.7891493, 9.8658695, 19.862284, 19.859882, 19.859585, 19.859346, 0.25377923, 0.26067266, 0.29472551, 0.34687167, 0.34789005, 0.34865820, 0.34931141, 0.34929940, 0.34929794, 0.34929675, 0.16668034
0.12287918, 0.51781267, 0.15535934, 0.32571554, 0.97650588, 4.0684800, 9.7163839, 9.8037567, 9.8702755, 19.861589, 19.859871, 19.859585, 19.859346, 0.25325483, 0.25976089, 0.29067612, 0.34715971, 0.34803548, 0.34870204, 0.34930795, 0.34929937, 0.34929794, 0.34929675, 0.15535934
0.11747713, 0.45257705, 0.13578670, 0.23261309, 0.79924762, 3.4419591, 9.6632633, 9.7743855, 9.8593559, 19.861078, 19.859871, 19.859585, 19.859346, 0.25232443, 0.25798899, 0.28441209, 0.34662840, 0.34774172, 0.34859285, 0.34930539, 0.34929937, 0.34929794, 0.34929675, 0.13578670
0.11291903, 0.39753306, 0.11927184, 0.16089678, 0.64192712, 2.9340029, 9.4841919, 9.7550697, 9.8513565, 19.860725, 19.859871, 19.859585, 19.859346, 0.25160658, 0.25641358, 0.27932703, 0.34483352, 0.34754637, 0.34851211, 0.34930363, 0.34929937, 0.34929794, 0.34929675, 0.11927184
0.10941017, 0.35515967, 0.10655856, 0.10807514, 0.50676465, 2.6091127, 9.1104889, 9.7422705, 9.8455582, 19.860449, 19.859871, 19.859585, 19.859346, 0.25107875, 0.25506201, 0.27607667, 0.34109479, 0.34741732, 0.34845376, 0.34930223, 0.34929937, 0.34929794, 0.34929675, 0.10655856
0.10600489, 0.31403738, 0.94220638E-1, 0.66730380E-1, 0.38066506, 2.2639542, 8.6801996, 9.7231531, 9.8373423, 19.860298, 19.859871, 19.859585, 19.859346, 0.25066614, 0.25380266, 0.27262768, 0.33679292, 0.34722644, 0.34837168, 0.34930149, 0.34929937, 0.34929794, 0.34929675, 0.94220638E-1
0.10383494, 0.28783280, 0.86358473E-1, 0.46160817E-1, 0.30575097, 2.0304470, 8.3158455, 9.7354393, 9.8411169, 19.860157, 19.859871, 19.859585, 19.859346, 0.25046039, 0.25305265, 0.27028838, 0.33314529, 0.34734666, 0.34840858, 0.34930080, 0.34929937, 0.34929794, 0.34929675, 0.86358473E-1
0.11974275, 0.47993699, 0.14399549, 1.2355715, 0.28956831, 1.9760787, 8.1357803, 9.7912273, 9.8619299, 19.860157, 19.859871, 19.859585, 19.859346, 0.26233405, 0.25289264, 0.26975039, 0.33134925, 0.34790713, 0.34861755, 0.34930080, 0.34929937, 0.34929794, 0.34929675, 0.14399549
0.35599858, 1.0000000, 0.99999487, 9.9999990, 9.9999990, 9.9999962, 9.9999990, 9.9999990, 9.9999990, 19.999998, 19.999998, 19.999998, 19.998999, 0.34999931, 0.34999958, 0.34999976, 0.34999996, 0.34999996, 0.34999999, 0.34999999, 0.34999999, 0.34999999, 0.34999499, 0.99999487
0.34086269, 1.0000000, 0.94515461, 9.1517725, 9.6794538, 9.8234510, 9.9580822, 9.9787378, 9.9928217, 19.999998, 19.999998, 19.999874, 19.980116, 0.34151661, 0.34679383, 0.34823415, 0.34958076, 0.34978735, 0.34992820, 0.34999999, 0.34999999, 0.34999937, 0.34990057, 0.94515461
0.32511061, 1.0000000, 0.88808197, 8.1088610, 9.5622253, 9.7418842, 9.9227247, 9.9597435, 9.9860439, 19.999998, 19.999998, 19.998671, 19.957342, 0.33108121, 0.34561700, 0.34741619, 0.34922671, 0.34959716, 0.34986034, 0.34999999, 0.34999999, 0.34999335, 0.34978670, 0.88808197
0.30126351, 1.0000000, 0.80167943, 6.4826498, 9.4421329, 9.6584463, 9.8752384, 9.9327526, 9.9757547, 19.999998, 19.999996, 19.995289, 19.936771, 0.31481370, 0.34441015, 0.34657875, 0.34875122, 0.34932694, 0.34975734, 0.34999999, 0.34999996, 0.34997645, 0.34968385, 0.80167943
0.26939166, 1.0000000, 0.68620169, 4.2766542, 9.3183098, 9.5709562, 9.8186388, 9.8985119, 9.9615049, 19.999998, 19.999952, 19.989109, 19.919104, 0.29276362, 0.34317929, 0.34570760, 0.34818596, 0.34898493, 0.34961498, 0.34999999, 0.34999976, 0.34994555, 0.34959552, 0.68620169
0.24478769, 1.0000000, 0.59705681, 2.8820992, 8.6852150, 9.5515175, 9.7875900, 9.8763618, 9.9499454, 19.999998, 19.999681, 19.980047, 19.904556, 0.27881852, 0.33684766, 0.34551275, 0.34787539, 0.34876335, 0.34949937, 0.34999999, 0.34999841, 0.34990025, 0.34952277, 0.59705681
0.22802606, 1.0000000, 0.53632629, 2.4619758, 7.3701496, 9.5441656, 9.7728176, 9.8638878, 9.9415007, 19.999998, 19.998896, 19.968544, 19.892975, 0.27460957, 0.32368320, 0.34542978, 0.34772578, 0.34863767, 0.34941459, 0.34999999, 0.34999448, 0.34984273, 0.34946486, 0.53632629
0.21199743, 1.0000000, 0.47825155, 2.0784168, 6.0796561, 9.5349445, 9.7605915, 9.8537989, 9.9342079, 19.999998, 19.997171, 19.955362, 19.884047, 0.27077511, 0.31078064, 0.34533694, 0.34760335, 0.34853670, 0.34934163, 0.34999999, 0.34998587, 0.34977680, 0.34942025, 0.47825155
0.19403273, 1.0000000, 0.41316205, 1.6656756, 4.6277003, 9.4869747, 9.7341442, 9.8365049, 9.9246283, 19.999990, 19.994020, 19.941427, 19.877291, 0.26664284, 0.29625377, 0.34484592, 0.34733656, 0.34836257, 0.34924546, 0.34999996, 0.34997010, 0.34970713, 0.34938645, 0.41316205
0.17580706, 1.0000000, 0.34712699, 1.2759656, 3.0964689, 9.4478912, 9.7060814, 9.8178778, 9.9144459, 19.999939, 19.988976, 19.927721, 19.872271, 0.26275298, 0.28095496, 0.34446406, 0.34705776, 0.34817722, 0.34914395, 0.34999970, 0.34994489, 0.34963861, 0.34936136, 0.34712699
0.16214092, 0.99194080, 0.29761201, 0.93854666, 2.4874835, 8.4951506, 9.6805401, 9.8004436, 9.9046259, 19.999685, 19.981817, 19.914963, 19.868565, 0.25938109, 0.27486786, 0.33493960, 0.34680268, 0.34800306, 0.34904578, 0.34999841, 0.34990910, 0.34957480, 0.34934282, 0.29761201
0.15247044, 0.87515926, 0.26257405, 0.71999431, 2.1241574, 7.6119671, 9.6820183, 9.7989655, 9.9014797, 19.999086, 19.972580, 19.903650, 19.865883, 0.25719830, 0.27123868, 0.32611448, 0.34681886, 0.34798899, 0.34901455, 0.34999543, 0.34986290, 0.34951824, 0.34932941, 0.26257405
0.14165154, 0.74450928, 0.22337513, 0.50072372, 1.7115265, 6.5631146, 9.6513700, 9.7800226, 9.8923197, 19.997799, 19.961605, 19.894005, 19.863930, 0.25500587, 0.26711246, 0.31562579, 0.34651211, 0.34779942, 0.34892294, 0.34998900, 0.34980804, 0.34947002, 0.34931964, 0.22337513
0.13371503, 0.64866734, 0.19461967, 0.36484897, 1.4176309, 5.6874986, 9.6538420, 9.7795544, 9.8902321, 19.995447, 19.949465, 19.886053, 19.862543, 0.25364643, 0.26417154, 0.30686542, 0.34653518, 0.34779391, 0.34890175, 0.34997723, 0.34974733, 0.34943026, 0.34931272, 0.19461967
0.12804511, 0.58019686, 0.17407647, 0.28145313, 1.2143254, 4.9991565, 9.6701193, 9.7884741, 9.8929701, 19.991646, 19.936884, 19.879671, 19.861544, 0.25281209, 0.26213691, 0.29997846, 0.34669614, 0.34788218, 0.34892884, 0.34995824, 0.34968442, 0.34939834, 0.34930772, 0.17407647
0.17454487, 1.0000000, 0.34255385, 2.2557349, 2.4641037, 7.1331429, 9.7321587, 9.8235159, 9.9065609, 19.986067, 19.924524, 19.874668, 19.860826, 0.27255285, 0.27463809, 0.32132718, 0.34732041, 0.34823456, 0.34906539, 0.34993035, 0.34962261, 0.34937334, 0.34930414, 0.34255385
0.17355299, 1.0000000, 0.33896011, 2.2327900, 2.4490385, 6.9810381, 9.7978754, 9.8618717, 9.9226427, 19.978548, 19.912981, 19.870760, 19.860302, 0.27232626, 0.27448931, 0.31980884, 0.34797832, 0.34861851, 0.34922636, 0.34989274, 0.34956491, 0.34935379, 0.34930152, 0.33896011
0.16915570, 1.0000000, 0.32302791, 2.0607054, 2.3342280, 6.7207708, 9.8033571, 9.8685141, 9.9273949, 19.969172, 19.902653, 19.867779, 19.859938, 0.27060446, 0.27334052, 0.31720516, 0.34803283, 0.34868479, 0.34927383, 0.34984586, 0.34951326, 0.34933889, 0.34929970, 0.32302791
0.16485503, 1.0000000, 0.30744576, 1.9837052, 2.1412997, 6.3336992, 9.7802658, 9.8582296, 9.9247017, 19.958313, 19.893759, 19.865526, 19.859663, 0.26982829, 0.27140731, 0.31332859, 0.34780008, 0.34858099, 0.34924656, 0.34979156, 0.34946880, 0.34932762, 0.34929830, 0.30744576
0.15516981, 0.90775716, 0.27235439, 1.5992999, 1.8831968, 5.7993097, 9.7438936, 9.8380585, 9.9163818, 19.946514, 19.886293, 19.863831, 19.859488, 0.26598814, 0.26882854, 0.30798784, 0.34743714, 0.34837970, 0.34916353, 0.34973258, 0.34943146, 0.34931916, 0.34929743, 0.27235439
0.18150488, 1.0000000, 0.36777127, 2.3130941, 4.1253700, 5.2986727, 9.7322264, 9.8297720, 9.9107265, 19.934378, 19.880178, 19.862570, 19.859346, 0.27312866, 0.29125124, 0.30298516, 0.34732169, 0.34829742, 0.34910718, 0.34967190, 0.34940088, 0.34931284, 0.34929675, 0.36777127
0.16762093, 1.0000000, 0.31746712, 2.0447521, 2.2511511, 6.5907645, 9.7542477, 9.8402195, 9.9114294, 19.922556, 19.875273, 19.861618, 19.859346, 0.27043051, 0.27250028, 0.31589121, 0.34753761, 0.34839976, 0.34911346, 0.34961277, 0.34937638, 0.34930807, 0.34929675, 0.31746712
0.20994885, 1.0000000, 0.47082916, 2.3203790, 5.4347644, 9.5104437, 9.8088522, 9.8691607, 9.9189463, 19.911543, 19.871426, 19.860954, 19.859346, 0.27319670, 0.30433765, 0.34509569, 0.34808674, 0.34869072, 0.34918916, 0.34955770, 0.34935713, 0.34930477, 0.34929675, 0.47082916
0.21484023, 1.0000000, 0.48855153, 2.2940011, 5.9670625, 9.7037115, 9.8336887, 9.8831015, 9.9212284, 19.901676, 19.868444, 19.860477, 19.859346, 0.27293980, 0.30967030, 0.34703684, 0.34833682, 0.34883097, 0.34921229, 0.34950837, 0.34934223, 0.34930238, 0.34929675, 0.48855153
0.35598749, 1.0000000, 0.99995458, 9.9995136, 9.9997072, 9.9998560, 9.9999723, 9.9999847, 9.9999933, 19.999998, 19.999998, 19.999998, 19.995995, 0.34999374, 0.34999624, 0.34999815, 0.34999964, 0.34999982, 0.34999993, 0.34999999, 0.34999999, 0.34999999, 0.34997997, 0.99995458
0.34392756, 1.0000000, 0.95625925, 9.3390265, 9.7250547, 9.8512793, 9.9660254, 9.9828320, 9.9942160, 19.999998, 19.999998, 19.999647, 19.972338, 0.34337908, 0.34724358, 0.34850925, 0.34965953, 0.34982795, 0.34994203, 0.34999999, 0.34999999, 0.34999824, 0.34986168, 0.95625925
0.33496904, 1.0000000, 0.92380089, 8.7408295, 9.6676006, 9.8078680, 9.9463415, 9.9722910, 9.9904747, 19.999998, 19.999998, 19.997822, 19.950197, 0.33738446, 0.34666017, 0.34807065, 0.34946176, 0.34972212, 0.34990448, 0.34999999, 0.34999999, 0.34998912, 0.34975100, 0.92380089
0.31237727, 1.0000000, 0.84194660, 7.2630806, 9.4688063, 9.6812706, 9.8950930, 9.9444685, 9.9803982, 19.999998, 19.999990, 19.993559, 19.930546, 0.32262042, 0.34467992, 0.34680852, 0.34895006, 0.34944427, 0.34980384, 0.34999999, 0.34999996, 0.34996778, 0.34965274, 0.84194660
0.29264441, 1.0000000, 0.77045077, 5.8498268, 9.4548721, 9.6625662, 9.8653612, 9.9258308, 9.9725113, 19.999998, 19.999899, 19.986393, 19.913912, 0.30848718, 0.34453797, 0.34662017, 0.34865248, 0.34925774, 0.34972495, 0.34999999, 0.34999949, 0.34993196, 0.34956956, 0.77045077
0.27443713, 1.0000000, 0.70448238, 4.5413446, 9.4460497, 9.6516953, 9.8457823, 9.9120159, 9.9656134, 19.999998, 19.999500, 19.976460, 19.900379, 0.29540011, 0.34444386, 0.34650847, 0.34845608, 0.34911931, 0.34965584, 0.34999999, 0.34999749, 0.34988230, 0.34950191, 0.70448238
0.24665099, 1.0000000, 0.60380793, 2.9851615, 8.7408113, 9.5447798, 9.7922697, 9.8795013, 9.9512091, 19.999998, 19.998453, 19.964291, 19.889732, 0.27985010, 0.33740544, 0.34544635, 0.34792238, 0.34879485, 0.34951204, 0.34999999, 0.34999228, 0.34982145, 0.34944865, 0.60380793
0.34449095, 1.0000000, 0.95830047, 9.3770428, 9.7279711, 9.8542757, 9.9673433, 9.9835196, 9.9944620, 19.999998, 19.999992, 19.999933, 19.984056, 0.34375963, 0.34727299, 0.34853935, 0.34967276, 0.34983483, 0.34994450, 0.34999999, 0.34999996, 0.34999967, 0.34992027, 0.95830047
0.32350028, 1.0000000, 0.88224733, 8.0342283, 9.5073099, 9.7107944, 9.9164219, 9.9566994, 9.9850664, 19.999998, 19.999992, 19.998997, 19.961004, 0.33033940, 0.34507105, 0.34710690, 0.34916401, 0.34956688, 0.34985062, 0.34999999, 0.34999996, 0.34999499, 0.34980503, 0.88224733
0.28993255, 1.0000000, 0.76062506, 5.7410860, 9.3434658, 9.5936632, 9.8473682, 9.9174786, 9.9701614, 19.999998, 19.999992, 19.996033, 19.940014, 0.30740610, 0.34342998, 0.34593424, 0.34847316, 0.34917456, 0.34970152, 0.34999999, 0.34999996, 0.34998018, 0.34970006, 0.76062506
0.25892401, 1.0000000, 0.64827532, 3.5293238, 9.3074894, 9.5594730, 9.8032160, 9.8884068, 9.9568901, 19.999998, 19.999966, 19.990345, 19.921835, 0.28529066, 0.34307083, 0.34559265, 0.34803176, 0.34888387, 0.34956884, 0.34999999, 0.34999985, 0.34995171, 0.34960917, 0.64827532
0.23767783, 1.0000000, 0.57129645, 2.6318998, 8.2456255, 9.5510674, 9.7794533, 9.8699884, 9.9461889, 19.999998, 19.999752, 19.981745, 19.906771, 0.27631497, 0.33244866, 0.34550628, 0.34779364, 0.34869942, 0.34946173, 0.34999999, 0.34999877, 0.34990871, 0.34953386, 0.57129645
0.21822968, 1.0000000, 0.50083220, 2.1616280, 6.6998148, 9.5183716, 9.7547712, 9.8520918, 9.9354496, 19.999998, 19.999086, 19.970608, 19.894714, 0.27161396, 0.31699383, 0.34518066, 0.34754708, 0.34852061, 0.34935439, 0.34999999, 0.34999543, 0.34985304, 0.34947357, 0.50083220
0.20524608, 1.0000000, 0.45379013, 1.8752635, 5.5890627, 9.5570116, 9.7626619, 9.8530416, 9.9321156, 19.999998, 19.997545, 19.957634, 19.885372, 0.26874998, 0.30588591, 0.34556609, 0.34762579, 0.34852999, 0.34932101, 0.34999999, 0.34998772, 0.34978816, 0.34942687, 0.45379013
0.18465546, 1.0000000, 0.37918645, 1.4171004, 3.9267220, 9.4474573, 9.7133217, 9.8237467, 9.9184484, 19.999990, 19.994661, 19.943762, 19.878286, 0.26416972, 0.28926507, 0.34447199, 0.34713268, 0.34823719, 0.34918439, 0.34999996, 0.34997332, 0.34971881, 0.34939143, 0.37918645
0.17956170, 1.0000000, 0.36073077, 1.3469547, 3.3296831, 9.6345768, 9.7770271, 9.8559809, 9.9276962, 19.999964, 19.989964, 19.929956, 19.873011, 0.26346135, 0.28328469, 0.34632823, 0.34776670, 0.34855801, 0.34927636, 0.34999982, 0.34994981, 0.34964979, 0.34936506, 0.36073077
0.17230576, 1.0000000, 0.33444118, 1.1757046, 2.9087396, 9.2952642, 9.7716637, 9.8542757, 9.9270115, 19.999741, 19.983168, 19.916996, 19.869104, 0.26174983, 0.27907670, 0.34293556, 0.34771302, 0.34854093, 0.34926951, 0.34999871, 0.34991583, 0.34958500, 0.34934551, 0.33444118
0.16681609, 1.0000000, 0.31455103, 1.0398269, 2.7025251, 8.8365574, 9.7749720, 9.8563213, 9.9276457, 19.999222, 19.974251, 19.905426, 19.866270, 0.26038823, 0.27700961, 0.33833998, 0.34774405, 0.34856036, 0.34927550, 0.34999612, 0.34987125, 0.34952712, 0.34933135, 0.31455103
0.16531937, 1.0000000, 0.30912814, 1.2580633, 2.4419725, 8.2699766, 9.7572508, 9.8468714, 9.9241581, 19.998081, 19.963528, 19.895496, 19.864212, 0.26257306, 0.27441090, 0.33268484, 0.34756899, 0.34846693, 0.34924099, 0.34999040, 0.34981763, 0.34947747, 0.34932107, 0.30912814
0.15607458, 0.91868329, 0.27563256, 0.99604428, 2.1244049, 7.5505242, 9.7270765, 9.8291388, 9.9167767, 19.995926, 19.951542, 19.887268, 19.862732, 0.25995699, 0.27123964, 0.32549742, 0.34726873, 0.34829038, 0.34916741, 0.34997964, 0.34975770, 0.34943634, 0.34931368, 0.27563256
0.14560781, 0.79228562, 0.23770946, 0.72651803, 1.7604232, 6.6618052, 9.6849461, 9.8034782, 9.9053841, 19.992397, 19.938980, 19.880632, 19.861683, 0.25726017, 0.26759696, 0.31660432, 0.34684548, 0.34803277, 0.34905314, 0.34996200, 0.34969491, 0.34940317, 0.34930843, 0.23770946
0.14028707, 0.72803193, 0.21843143, 0.60943365, 1.5848637, 6.1083889, 9.7156458, 9.8182087, 9.9088621, 19.987127, 19.926540, 19.875412, 19.860920, 0.25609154, 0.26584429, 0.31107548, 0.34715378, 0.34818074, 0.34908816, 0.34993565, 0.34963271, 0.34937707, 0.34930462, 0.21843143
0.13233687, 0.63202453, 0.18962632, 0.44034421, 1.3060629, 5.3171954, 9.6763287, 9.7958841, 9.8994751, 19.979937, 19.914833, 19.871336, 19.860374, 0.25440323, 0.26306027, 0.30317125, 0.34676301, 0.34795871, 0.34899473, 0.34989968, 0.34957415, 0.34935668, 0.34930187, 0.18962632
0.12745586, 0.57308108, 0.17194152, 0.35360754, 1.1456847, 4.7446146, 9.6966228, 9.8055458, 9.9013777, 19.970846, 19.904285, 19.868217, 19.859985, 0.25353450, 0.26145381, 0.29743981, 0.34696364, 0.34805414, 0.34901333, 0.34985423, 0.34952143, 0.34934109, 0.34929994, 0.17194152
0.12161328, 0.50252551, 0.15077274, 0.25656223, 0.94631016, 4.0634546, 9.6706057, 9.7905273, 9.8944178, 19.960199, 19.895142, 19.865856, 19.859709, 0.25256351, 0.25945845, 0.29062456, 0.34670129, 0.34790286, 0.34894338, 0.34980100, 0.34947571, 0.34932929, 0.34929854, 0.15077274
0.11747931, 0.45260343, 0.13579461, 0.19944012, 0.81431270, 3.5158308, 9.6837969, 9.7964945, 9.8945923, 19.948519, 19.887434, 19.864079, 19.859509, 0.25199264, 0.25813881, 0.28514901, 0.34683284, 0.34796235, 0.34894505, 0.34974259, 0.34943718, 0.34932038, 0.34929755, 0.13579461
0.11279017, 0.39597699, 0.11880498, 0.13464689, 0.64463615, 2.9736280, 9.5135088, 9.7712412, 9.8828878, 19.936396, 19.881107, 19.862759, 19.859367, 0.25134608, 0.25644526, 0.27973372, 0.34513345, 0.34771156, 0.34882858, 0.34968197, 0.34940553, 0.34931380, 0.34929684, 0.11880498
0.10837557, 0.34266588, 0.10281005, 0.78621507E-1, 0.46873987, 2.5395155, 9.0665731, 9.7352247, 9.8647451, 19.924484, 19.876017, 19.861759, 19.859346, 0.25078589, 0.25468621, 0.27539197, 0.34066343, 0.34735101, 0.34864703, 0.34962243, 0.34938008, 0.34930879, 0.34929675, 0.10281005
0.10523096, 0.30469123, 0.91416508E-1, 0.48407912E-1, 0.35152137, 2.2018342, 8.6338511, 9.7314262, 9.8579454, 19.913311, 19.872000, 19.861048, 19.859346, 0.25048396, 0.25351474, 0.27201685, 0.33633736, 0.34731361, 0.34857926, 0.34956655, 0.34935999, 0.34930524, 0.34929675, 0.91416508E-1
0.10327373, 0.28105551, 0.84325090E-1, 0.33858418E-1, 0.28409660, 1.9805253, 8.2880363, 9.7480593, 9.8611860, 19.903229, 19.868885, 19.860548, 19.859346, 0.25033829, 0.25283948, 0.26980010, 0.33287606, 0.34747806, 0.34861100, 0.34951615, 0.34934443, 0.34930274, 0.34929675, 0.84325090E-1
0.10171707, 0.26225719, 0.78685023E-1, 0.24399161E-1, 0.23373961, 1.7973810, 7.9818983, 9.7570639, 9.8629427, 19.894459, 19.866493, 19.860189, 19.859346, 0.25024366, 0.25233552, 0.26796663, 0.32981262, 0.34756672, 0.34862810, 0.34947228, 0.34933245, 0.34930095, 0.34929675, 0.78685023E-1
0.98853506E-1, 0.22767656, 0.68309799E-1, 0.11274219E-1, 0.14848113, 1.4374673, 7.4330621, 9.6922102, 9.8344936, 19.887077, 19.864662, 19.859913, 19.859346, 0.25011250, 0.25148287, 0.26436526, 0.32432088, 0.34691575, 0.34834278, 0.34943539, 0.34932330, 0.34929955, 0.34929675, 0.68309799E-1
0.97275630E-1, 0.20862207, 0.62592879E-1, 0.67234039E-2, 0.10935962, 1.2357414, 6.9929748, 9.7047710, 9.8353004, 19.880999, 19.863304, 19.859755, 19.859346, 0.25006714, 0.25109264, 0.26235202, 0.31992364, 0.34704348, 0.34835157, 0.34940499, 0.34931654, 0.34929878, 0.34929675, 0.62592879E-1
0.11873737, 0.46779582, 0.14035279, 1.5869319, 0.10305643, 1.1996806, 6.7931814, 9.7801876, 9.8627167, 19.876112, 19.862286, 19.859613, 19.859346, 0.26585820, 0.25103012, 0.26199427, 0.31792897, 0.34779981, 0.34862646, 0.34938055, 0.34931141, 0.34929806, 0.34929675, 0.14035279
0.13430038, 0.65573609, 0.19674051, 2.1481693, 1.0739863, 1.1670619, 6.6573701, 9.8112860, 9.8754368, 19.872223, 19.861511, 19.859585, 19.859346, 0.27147844, 0.26073888, 0.26167008, 0.31657311, 0.34811240, 0.34875423, 0.34936112, 0.34930757, 0.34929794, 0.34929675, 0.19674051
0.12385781, 0.52963072, 0.15890510, 1.5524805, 0.88522732, 1.0601640, 6.4282079, 9.7807159, 9.8649044, 19.869179, 19.860958, 19.859585, 19.859346, 0.26551449, 0.25884876, 0.26059952, 0.31427953, 0.34780523, 0.34864840, 0.34934589, 0.34930480, 0.34929794, 0.34929675, 0.15890510
0.11266404, 0.39445388, 0.11834800, 0.94290674, 0.65844655, 0.91542304, 6.0933747, 9.7387896, 9.8477097, 19.866808, 19.860552, 19.859585, 19.859346, 0.25941533, 0.25657871, 0.25915024, 0.31092840, 0.34738365, 0.34847566, 0.34933403, 0.34930277, 0.34929794, 0.34929675, 0.11834800
0.10222927, 0.26844263, 0.80540843E-1, 0.42343736, 0.41088760, 0.72541237, 5.5922270, 9.6773338, 9.8205471, 19.864992, 19.860270, 19.859585, 19.859346, 0.25422907, 0.25410578, 0.25725138, 0.30591807, 0.34676969, 0.34820426, 0.34932497, 0.34930134, 0.34929794, 0.34929675, 0.80540843E-1
0.95376737E-1, 0.18569081, 0.55712812E-1, 0.14239252, 0.21725297, 0.53058863, 4.9323630, 9.6201229, 9.7925196, 19.863615, 19.860069, 19.859585, 19.859346, 0.25142327, 0.25217193, 0.25530517, 0.29932225, 0.34619993, 0.34792474, 0.34931809, 0.34930035, 0.34929794, 0.34929675, 0.55712812E-1
0.92317037E-1, 0.14874163, 0.44626951E-1, 0.54058433E-1, 0.12317896, 0.40144920, 4.2966046, 9.6262531, 9.7907200, 19.862568, 19.859928, 19.859585, 19.859346, 0.25053939, 0.25123015, 0.25401184, 0.29296035, 0.34625614, 0.34790504, 0.34931284, 0.34929964, 0.34929794, 0.34929675, 0.44626951E-1
0.91392770E-1, 0.13758013, 0.41278165E-1, 0.36215782E-1, 0.97057223E-1, 0.35659075, 3.9231031, 9.6979532, 9.8204575, 19.861795, 19.859871, 19.859585, 19.859346, 0.25036103, 0.25096878, 0.25356260, 0.28922376, 0.34697053, 0.34820154, 0.34930897, 0.34929937, 0.34929794, 0.34929675, 0.41278165E-1
0.15111467, 0.85878682, 0.25766182, 2.1197677, 2.9375911, 2.1788864, 3.7584610, 9.7840586, 9.8562117, 19.861219, 19.859871, 19.859585, 19.859346, 0.27119553, 0.27937412, 0.27178821, 0.28758436, 0.34784028, 0.34856203, 0.34930611, 0.34929937, 0.34929794, 0.34929675, 0.25766182
0.19149745, 1.0000000, 0.40397620, 2.1665514, 3.6985917, 9.1012907, 9.5072927, 9.8124352, 9.8698092, 19.860821, 19.859871, 19.859585, 19.859346, 0.27166513, 0.28698552, 0.34101239, 0.34507281, 0.34812430, 0.34869805, 0.34930411, 0.34929937, 0.34929794, 0.34929675, 0.40397620
0.17758715, 1.0000000, 0.35357660, 1.8759906, 2.7025521, 8.6744061, 9.6666298, 9.7980585, 9.8664541, 19.860544, 19.859871, 19.859585, 19.859346, 0.26875523, 0.27702147, 0.33673757, 0.34666485, 0.34797984, 0.34866431, 0.34930271, 0.34929937, 0.34929794, 0.34929675, 0.35357660
0.17688504, 1.0000000, 0.35103270, 2.0760596, 2.5264173, 8.1732140, 9.7288675, 9.8150320, 9.8729753, 19.860344, 19.859871, 19.859585, 19.859346, 0.27075985, 0.27526364, 0.33173129, 0.34728846, 0.34815022, 0.34872973, 0.34930173, 0.34929937, 0.34929794, 0.34929675, 0.35103270
0.16661271, 1.0000000, 0.31381419, 1.7013103, 2.2431641, 7.5170336, 9.7165747, 9.8055029, 9.8700666, 19.860203, 19.859871, 19.859585, 19.859346, 0.26700312, 0.27242374, 0.32515711, 0.34716234, 0.34805331, 0.34870011, 0.34930101, 0.34929937, 0.34929794, 0.34929675, 0.31381419
0.15513885, 0.90738308, 0.27224216, 1.3050795, 1.9151926, 6.7267799, 9.6896639, 9.7892427, 9.8641901, 19.860157, 19.859871, 19.859585, 19.859346, 0.26304543, 0.26914722, 0.31725952, 0.34689426, 0.34789124, 0.34864148, 0.34930080, 0.34929937, 0.34929794, 0.34929675, 0.27224216
0.14309563, 0.76194829, 0.22860736, 0.92450380, 1.5599936, 5.8048787, 9.6509953, 9.7663860, 9.8554907, 19.860157, 19.859871, 19.859585, 19.859346, 0.25924313, 0.26559800, 0.30804521, 0.34650877, 0.34766325, 0.34855470, 0.34930080, 0.34929937, 0.34929794, 0.34929675, 0.22860736
0.13095680, 0.61535871, 0.18462609, 0.58878660, 1.1937022, 4.7361579, 9.6068954, 9.7392025, 9.8444214, 19.860157, 19.859871, 19.859585, 19.859346, 0.25588641, 0.26193526, 0.29735807, 0.34606752, 0.34739131, 0.34844398, 0.34930080, 0.34929937, 0.34929794, 0.34929675, 0.18462609
0.12256278, 0.51399177, 0.15421295, 0.39744079, 0.94508827, 3.8449576, 9.6075878, 9.7376766, 9.8427858, 19.860157, 19.859871, 19.859585, 19.859346, 0.25397182, 0.25944719, 0.28844205, 0.34607214, 0.34737486, 0.34842721, 0.34930080, 0.34929937, 0.34929794, 0.34929675, 0.15421295
0.11767665, 0.45498639, 0.13650957, 0.30634105, 0.80921054, 3.2283621, 9.6481590, 9.7602243, 9.8509159, 19.860157, 19.859871, 19.859585, 19.859346, 0.25306213, 0.25809008, 0.28227955, 0.34647918, 0.34760103, 0.34850875, 0.34930080, 0.34929937, 0.34929794, 0.34929675, 0.13650957
0.15556583, 0.91253936, 0.27378920, 2.5352955, 1.7648429, 3.0119421, 9.7510815, 9.8179798, 9.8724241, 19.860157, 19.859871, 19.859585, 19.859346, 0.27535057, 0.26764742, 0.28011855, 0.34751025, 0.34817952, 0.34872416, 0.34930080, 0.34929937, 0.34929794, 0.34929675, 0.27378920
0.16677263, 1.0000000, 0.31439361, 2.5501103, 2.1529019, 4.8814855, 9.7915592, 9.8480053, 9.8840418, 19.860157, 19.859871, 19.859585, 19.859346, 0.27549976, 0.27152833, 0.29881409, 0.34791529, 0.34847990, 0.34884036, 0.34930080, 0.34929937, 0.34929794, 0.34929675, 0.31439361
0.23558998, 1.0000000, 0.56373179, 2.8821321, 7.6308799, 9.4331408, 9.8210373, 9.8625126, 9.8896132, 19.860157, 19.859871, 19.859585, 19.859346, 0.27882132, 0.32630879, 0.34433141, 0.34821036, 0.34862512, 0.34889615, 0.34930080, 0.34929937, 0.34929794, 0.34929675, 0.56373179
0.22396384, 1.0000000, 0.52160811, 2.3377209, 7.0880618, 9.5414429, 9.7733421, 9.8377953, 9.8816490, 19.860157, 19.859871, 19.859585, 19.859346, 0.27337244, 0.32087195, 0.34540859, 0.34773225, 0.34837735, 0.34881628, 0.34930080, 0.34929937, 0.34929794, 0.34929675, 0.52160811
0.19740564, 1.0000000, 0.42538267, 1.7096430, 4.9940481, 9.4278603, 9.6956558, 9.7947693, 9.8667393, 19.860157, 19.859871, 19.859585, 19.859346, 0.26709244, 0.29993349, 0.34427202, 0.34695521, 0.34794700, 0.34866714, 0.34930080, 0.34929937, 0.34929794, 0.34929675, 0.42538267
0.17388508, 1.0000000, 0.34016332, 1.2187243, 2.9935532, 9.3941545, 9.6568584, 9.7704620, 9.8573112, 19.860157, 19.859871, 19.859585, 19.859346, 0.26218367, 0.27993026, 0.34393325, 0.34656689, 0.34770375, 0.34857282, 0.34930080, 0.34929937, 0.34929794, 0.34929675, 0.34016332
0.19807097, 1.0000000, 0.42779335, 2.2524090, 4.2996736, 9.1727018, 9.6843452, 9.7834864, 9.8612165, 19.860157, 19.859871, 19.859585, 19.859346, 0.27251765, 0.29298937, 0.34171915, 0.34684178, 0.34783402, 0.34861189, 0.34930080, 0.34929937, 0.34929794, 0.34929675, 0.42779335
0.35600001, 1.0000000, 1.0000000, 9.9999990, 9.9999990, 9.9999990, 9.9999990, 9.9999990, 9.9999990, 19.999998, 19.999998, 19.999998, 19.998999, 0.34999999, 0.34999999, 0.34999999, 0.34999999, 0.34999999, 0.34999999, 0.34999999, 0.34999999, 0.34999999, 0.34999499, 1.0000000
0.33522260, 1.0000000, 0.92471939, 8.8284464, 9.5733957, 9.7565165, 9.9369392, 9.9677477, 9.9890146, 19.999998, 19.999998, 19.999750, 19.975233, 0.33828318, 0.34573311, 0.34756476, 0.34936932, 0.34967744, 0.34989014, 0.34999999, 0.34999999, 0.34999874, 0.34987617, 0.92471939
0.30617344, 1.0000000, 0.81946892, 6.8680587, 9.4018078, 9.6357031, 9.8747158, 9.9334164, 9.9763985, 19.999998, 19.999998, 19.998169, 19.952848, 0.31867611, 0.34401441, 0.34635517, 0.34874678, 0.34933400, 0.34976393, 0.34999999, 0.34999999, 0.34999084, 0.34976423, 0.81946892
0.27453136, 1.0000000, 0.70482373, 4.6446357, 9.3256950, 9.5737162, 9.8179569, 9.8984671, 9.9617558, 19.999998, 19.999990, 19.994247, 19.932835, 0.29643935, 0.34324852, 0.34573284, 0.34817868, 0.34898421, 0.34961739, 0.34999999, 0.34999996, 0.34997123, 0.34966418, 0.70482373
0.24051945, 1.0000000, 0.58159220, 2.7822852, 8.3676386, 9.4947062, 9.7599678, 9.8608036, 9.9440765, 19.999998, 19.999920, 19.987444, 19.915815, 0.27782160, 0.33367413, 0.34494579, 0.34759942, 0.34860793, 0.34944072, 0.34999999, 0.34999961, 0.34993723, 0.34957907, 0.58159220
0.21653228, 1.0000000, 0.49468213, 2.1878600, 6.4764042, 9.4754219, 9.7299833, 9.8379288, 9.9302721, 19.999998, 19.999577, 19.977837, 19.901907, 0.27187485, 0.31475741, 0.34474936, 0.34729883, 0.34837878, 0.34930253, 0.34999999, 0.34999788, 0.34988919, 0.34950954, 0.49468213
0.19651473, 1.0000000, 0.42215472, 1.7307252, 4.8204608, 9.4800348, 9.7189817, 9.8269091, 9.9210339, 19.999998, 19.998631, 19.965908, 19.890913, 0.26730299, 0.29819748, 0.34479335, 0.34718838, 0.34826839, 0.34921008, 0.34999999, 0.34999317, 0.34982955, 0.34945458, 0.42215472
0.17933844, 1.0000000, 0.35992187, 1.3627380, 3.3672254, 9.4645939, 9.7094755, 9.8187284, 9.9142256, 19.999998, 19.996651, 19.952490, 19.882473, 0.26362625, 0.28367057, 0.34464359, 0.34709427, 0.34818703, 0.34914216, 0.34999999, 0.34998325, 0.34976244, 0.34941238, 0.35992187
0.16483903, 1.0000000, 0.30738777, 1.0106325, 2.6045413, 8.6694841, 9.6832590, 9.8018723, 9.9050179, 19.999990, 19.993139, 19.938526, 19.876120, 0.26010433, 0.27604231, 0.33668968, 0.34683141, 0.34801811, 0.34904996, 0.34999996, 0.34996569, 0.34969264, 0.34938061, 0.30738777
0.15397325, 0.89330727, 0.26801899, 0.75791478, 2.1939754, 7.7127881, 9.6758671, 9.7954407, 9.9000340, 19.999908, 19.987673, 19.924963, 19.871399, 0.25757527, 0.27193299, 0.32711601, 0.34675568, 0.34795287, 0.34899983, 0.34999955, 0.34993836, 0.34962481, 0.34935701, 0.26801899
0.14437862, 0.77744180, 0.23325586, 0.55945516, 1.8308431, 6.7838998, 9.6697989, 9.7901926, 9.8960705, 19.999592, 19.980059, 19.912474, 19.867928, 0.25559196, 0.26830333, 0.31782958, 0.34669530, 0.34790057, 0.34896025, 0.34999797, 0.34990031, 0.34956238, 0.34933963, 0.23325586
0.17606136, 1.0000000, 0.34804839, 2.2330432, 2.5629640, 7.3980865, 9.6549158, 9.7806139, 9.8909931, 19.998890, 19.970425, 19.901508, 19.865423, 0.27232522, 0.27562603, 0.32397568, 0.34654778, 0.34780547, 0.34890968, 0.34999445, 0.34985211, 0.34950754, 0.34932712, 0.34804839
0.16134956, 0.98238438, 0.29474479, 1.6737610, 2.1583052, 6.5143442, 9.6633501, 9.7845707, 9.8915415, 19.997414, 19.959150, 19.892210, 19.863594, 0.26673540, 0.27158135, 0.31514087, 0.34663272, 0.34784532, 0.34891528, 0.34998706, 0.34979576, 0.34946105, 0.34931797, 0.29474479
0.15058008, 0.85233110, 0.25572491, 1.2966484, 1.8537611, 5.7779794, 9.6785536, 9.7930422, 9.8945322, 19.994789, 19.946852, 19.884592, 19.862309, 0.26296008, 0.26853210, 0.30777121, 0.34678268, 0.34792897, 0.34894484, 0.34997395, 0.34973425, 0.34942296, 0.34931153, 0.25572491
0.13990368, 0.72340196, 0.21704230, 0.94721317, 1.5376776, 4.9981198, 9.6659269, 9.7862406, 9.8920193, 19.990641, 19.934263, 19.878519, 19.861368, 0.25946799, 0.26537272, 0.29997465, 0.34665674, 0.34786114, 0.34891975, 0.34995320, 0.34967130, 0.34939259, 0.34930685, 0.21704230
0.17837143, 1.0000000, 0.35641819, 2.8049855, 2.1428406, 6.8817592, 9.6866961, 9.7979803, 9.8964729, 19.984661, 19.922029, 19.873768, 19.860708, 0.27804351, 0.27142549, 0.31881291, 0.34686565, 0.34797916, 0.34896448, 0.34992331, 0.34961015, 0.34936884, 0.34930354, 0.35641819
0.16502690, 1.0000000, 0.30806848, 2.2156119, 1.8612981, 6.1855288, 9.6913214, 9.8015156, 9.8982859, 19.976736, 19.910723, 19.870070, 19.860214, 0.27214858, 0.26860917, 0.31184897, 0.34691125, 0.34801415, 0.34898254, 0.34988368, 0.34955361, 0.34935033, 0.34930107, 0.30806848
0.15166736, 0.86546117, 0.25966433, 1.6550362, 1.5642107, 5.4267278, 9.6772022, 9.7936668, 9.8950596, 19.967012, 19.900684, 19.867258, 19.859880, 0.26654020, 0.26563635, 0.30425730, 0.34676844, 0.34793487, 0.34895000, 0.34983507, 0.34950343, 0.34933630, 0.34929940, 0.25966433
0.13841951, 0.70547891, 0.21166484, 1.1397153, 1.2527794, 4.5743971, 9.6459360, 9.7749052, 9.8864460, 19.955910, 19.892082, 19.865131, 19.859604, 0.26139006, 0.26252311, 0.29573545, 0.34645575, 0.34774724, 0.34886384, 0.34977955, 0.34946042, 0.34932566, 0.34929803, 0.21166484
0.12668684, 0.56379431, 0.16915521, 0.73300302, 0.96407533, 3.6821592, 9.6122465, 9.7535467, 9.8754492, 19.943995, 19.884911, 19.863537, 19.859457, 0.25732455, 0.25963643, 0.28681335, 0.34611818, 0.34753329, 0.34875375, 0.34971997, 0.34942454, 0.34931767, 0.34929729, 0.16915521
0.11639914, 0.43955910, 0.13188092, 0.40858686, 0.68247318, 2.8972535, 9.3451843, 9.7230616, 9.8590984, 19.931877, 19.879070, 19.862333, 19.859346, 0.25408322, 0.25682208, 0.27896687, 0.34344822, 0.34722871, 0.34859031, 0.34965938, 0.34939533, 0.34931165, 0.34929675, 0.13188092
0.11733537, 0.45086518, 0.13527308, 0.67985952, 0.54008067, 2.5808215, 8.9527473, 9.7458057, 9.8633003, 19.920176, 19.874393, 19.861460, 19.859346, 0.25679347, 0.25539836, 0.27580240, 0.33952343, 0.34745586, 0.34863225, 0.34960088, 0.34937197, 0.34930730, 0.34929675, 0.13527308
0.11022948, 0.36505374, 0.10952708, 0.39483607, 0.39175749, 2.2020073, 8.4964752, 9.7243919, 9.8528509, 19.909384, 19.870735, 19.860836, 19.859346, 0.25394836, 0.25391757, 0.27202007, 0.33496475, 0.34724391, 0.34852850, 0.34954691, 0.34935367, 0.34930417, 0.34929675, 0.10952708
0.17916314, 1.0000000, 0.35928673, 2.1126599, 2.8723626, 7.9582634, 9.5181398, 9.7530355, 9.8613710, 19.899775, 19.867912, 19.860390, 19.859346, 0.27112597, 0.27872312, 0.32958192, 0.34518123, 0.34753028, 0.34861368, 0.34949887, 0.34933954, 0.34930193, 0.34929675, 0.35928673
0.18125203, 1.0000000, 0.36685520, 2.2357523, 2.7925878, 8.1856794, 9.6545172, 9.7788696, 9.8701868, 19.891531, 19.865744, 19.860083, 19.859346, 0.27235061, 0.27792069, 0.33184919, 0.34654337, 0.34778780, 0.34870157, 0.34945765, 0.34932873, 0.34930041, 0.34929675, 0.36685520
0.16140819, 0.98309219, 0.29495716, 1.5110821, 2.2121668, 6.9750104, 9.6288652, 9.7579489, 9.8613873, 19.884647, 19.864107, 19.859848, 19.859346, 0.26510662, 0.27211800, 0.31974429, 0.34628704, 0.34757867, 0.34861359, 0.34942323, 0.34932053, 0.34929925, 0.34929675, 0.29495716
0.16446239, 1.0000000, 0.30602315, 2.2623479, 1.8188357, 5.9944997, 9.6434526, 9.7628374, 9.8607674, 19.879034, 19.862883, 19.859701, 19.859346, 0.27261290, 0.26818326, 0.30993658, 0.34643182, 0.34762701, 0.34860721, 0.34939516, 0.34931442, 0.34929851, 0.34929675, 0.30602315
0.14869006, 0.82950711, 0.24887703, 1.5964240, 1.4779270, 5.0856342, 9.6366692, 9.7584543, 9.8575211, 19.874538, 19.861961, 19.859585, 19.859346, 0.26595902, 0.26477638, 0.30085135, 0.34636480, 0.34758359, 0.34857488, 0.34937268, 0.34930980, 0.34929794, 0.34929675, 0.24887703
0.13859944, 0.70765191, 0.21231681, 1.2102634, 1.2530565, 4.3800030, 9.6562099, 9.7687569, 9.8599129, 19.870996, 19.861286, 19.859585, 19.859346, 0.26209804, 0.26252770, 0.29379505, 0.34655988, 0.34768647, 0.34859875, 0.34935498, 0.34930643, 0.34929794, 0.34929675, 0.21231681
0.16949902, 1.0000000, 0.32427183, 2.6417823, 2.0569980, 5.4613180, 9.6566954, 9.7689056, 9.8590193, 19.868219, 19.860800, 19.859585, 19.859346, 0.27641782, 0.27056998, 0.30461317, 0.34656695, 0.34768906, 0.34859020, 0.34934109, 0.34930399, 0.34929794, 0.34929675, 0.32427183
0.14009377, 0.72569770, 0.21773109, 1.3558149, 1.3860554, 4.1130180, 9.5256243, 9.6951580, 9.8306398, 19.866068, 19.860445, 19.859585, 19.859346, 0.26339424, 0.26376000, 0.29098102, 0.34518716, 0.34691641, 0.34829450, 0.34933034, 0.34930223, 0.34929794, 0.34929675, 0.21773109
0.10885258, 0.34842625, 0.10453833, 0.23367107, 0.49523711, 2.2725523, 8.4964848, 9.5403843, 9.7589283, 19.864439, 19.860165, 19.859585, 19.859346, 0.25228190, 0.25488266, 0.27256560, 0.33484524, 0.34533671, 0.34756640, 0.34932220, 0.34930083, 0.34929794, 0.34929675, 0.10453833
0.94416223E-1, 0.17409161, 0.52232705E-1, 0.68008900E-2, 0.66050887E-1, 0.85957646, 6.1430898, 9.3738317, 9.6666260, 19.863190, 19.860018, 19.859585, 19.859346, 0.25006503, 0.25064313, 0.25848264, 0.31126922, 0.34361497, 0.34662387, 0.34931594, 0.34930009, 0.34929794, 0.34929675, 0.52232705E-1
0.88126838E-1, 0.98140396E-1, 0.29445063E-1, 0.89406967E-5, 0.15825033E-2, 0.15045404, 2.9620647, 9.0644474, 9.5673952, 19.862247, 19.859877, 19.859585, 19.859346, 0.25000009, 0.25001511, 0.25147092, 0.27948827, 0.34044191, 0.34560269, 0.34931123, 0.34929937, 0.34929794, 0.34929675, 0.29445063E-1
0.85857615E-1, 0.70737101E-1, 0.21223253E-1, 0.0000000, 0.11920929E-4, 0.17091632E-1, 1.9832164, 6.8205104, 9.5722055, 19.861567, 19.859871, 19.859585, 19.859346, 0.25000000, 0.25000012, 0.25017092, 0.26983216, 0.31820512, 0.34572205, 0.34930784, 0.34929937, 0.34929794, 0.34929675, 0.21223253E-1
0.84363043E-1, 0.52688546E-1, 0.15808145E-1, 0.0000000, 0.0000000, 0.12934208E-2, 1.2619704, 4.8262591, 9.5326672, 19.861061, 19.859871, 19.859585, 19.859346, 0.25000000, 0.25000000, 0.25001290, 0.26261532, 0.29825422, 0.34532115, 0.34930530, 0.34929937, 0.34929794, 0.34929675, 0.15808145E-1
0.83670199E-1, 0.44321630E-1, 0.13297819E-1, 0.0000000, 0.0000000, 0.30398369E-3, 0.96287429, 3.7412612, 9.5925322, 19.860714, 19.859871, 19.859585, 19.859346, 0.25000000, 0.25000000, 0.25000304, 0.25962353, 0.28740245, 0.34591666, 0.34930357, 0.34929937, 0.34929794, 0.34929675, 0.13297819E-1
0.13208368, 0.62896705, 0.18870899, 2.0450771, 1.9708961, 0.97737610, 0.92118680, 3.4104407, 9.7499084, 19.860439, 19.859871, 19.859585, 19.859346, 0.27043834, 0.26970178, 0.25977197, 0.25921154, 0.28410378, 0.34749848, 0.34930220, 0.34929937, 0.34929794, 0.34929675, 0.18870899
0.10970461, 0.35871539, 0.10762538, 0.92995167, 1.2389809, 0.77732801, 0.88036954, 3.2040737, 9.7844305, 19.860292, 19.859871, 19.859585, 19.859346, 0.25929427, 0.26238561, 0.25777197, 0.25880340, 0.28204021, 0.34784374, 0.34930146, 0.34929937, 0.34929794, 0.34929675, 0.10762538
0.11803029, 0.45925713, 0.13779092, 1.8192112, 0.84115267, 0.64202547, 0.84764659, 3.0412495, 9.8030329, 19.860157, 19.859871, 19.859585, 19.859346, 0.26818529, 0.25840965, 0.25641954, 0.25847629, 0.28041217, 0.34802997, 0.34930080, 0.34929937, 0.34929794, 0.34929675, 0.13779092
0.15044907, 0.85074908, 0.25525025, 2.6839046, 2.2292881, 2.3412795, 2.4115086, 4.6384068, 9.8248425, 19.860157, 19.859871, 19.859585, 19.859346, 0.27683219, 0.27228945, 0.27341101, 0.27411473, 0.29638371, 0.34824818, 0.34930080, 0.34929937, 0.34929794, 0.34929675, 0.25525025
0.25290120, 1.0000000, 0.62645358, 8.0668211, 2.5457840, 8.2694969, 2.2718935, 7.3022275, 9.8550825, 19.860157, 19.859871, 19.859585, 19.859346, 0.33066821, 0.27545783, 0.33269498, 0.27271894, 0.32302228, 0.34855083, 0.34930080, 0.34929937, 0.34929794, 0.34929675, 0.62645358
0.21197836, 1.0000000, 0.47818246, 2.4862318, 5.6201401, 9.1772556, 9.4121742, 9.6251612, 9.8670673, 19.860157, 19.859871, 19.859585, 19.859346, 0.27486232, 0.30620140, 0.34177256, 0.34412175, 0.34625161, 0.34867066, 0.34930080, 0.34929937, 0.34929794, 0.34929675, 0.47818246
0.18689156, 1.0000000, 0.38728824, 1.9102722, 3.4334140, 9.3630171, 9.5981140, 9.7374039, 9.8624048, 19.860157, 19.859871, 19.859585, 19.859346, 0.26910228, 0.28433365, 0.34362951, 0.34598103, 0.34737396, 0.34862402, 0.34930080, 0.34929937, 0.34929794, 0.34929675, 0.38728824
0.17262712, 1.0000000, 0.33560550, 1.5123159, 2.6776612, 8.7424994, 9.6546307, 9.7690353, 9.8619585, 19.860157, 19.859871, 19.859585, 19.859346, 0.26512077, 0.27677408, 0.33742085, 0.34654537, 0.34768987, 0.34861943, 0.34930080, 0.34929937, 0.34929794, 0.34929675, 0.33560550
0.20854388, 1.0000000, 0.46573871, 2.1160305, 5.7144241, 9.3299303, 9.6655283, 9.7742252, 9.8599138, 19.860157, 19.859871, 19.859585, 19.859346, 0.27115759, 0.30713984, 0.34329572, 0.34665453, 0.34774187, 0.34859902, 0.34930080, 0.34929937, 0.34929794, 0.34929675, 0.46573871
0.17996973, 1.0000000, 0.36220917, 1.4639407, 3.3363366, 9.3656950, 9.6353836, 9.7564783, 9.8518496, 19.860157, 19.859871, 19.859585, 19.859346, 0.26463690, 0.28335997, 0.34365219, 0.34635285, 0.34756428, 0.34851831, 0.34930080, 0.34929937, 0.34929794, 0.34929675, 0.36220917
0.16067183, 0.97419989, 0.29228920, 0.97556114, 2.3995667, 8.2135773, 9.6122303, 9.7418222, 9.8452768, 19.860157, 19.859871, 19.859585, 19.859346, 0.25975177, 0.27399001, 0.33212608, 0.34612003, 0.34741706, 0.34845239, 0.34930080, 0.34929937, 0.34929794, 0.34929675, 0.29228920
0.16343880, 1.0000000, 0.30231449, 1.8559098, 1.9024372, 6.9432316, 9.6152315, 9.7415504, 9.8440695, 19.860157, 19.859871, 19.859585, 19.859346, 0.26854953, 0.26901850, 0.31942159, 0.34614933, 0.34741399, 0.34844020, 0.34930080, 0.34929937, 0.34929794, 0.34929675, 0.30231449
0.14770664, 0.81763119, 0.24531390, 1.2732297, 1.5201539, 5.8475003, 9.6153574, 9.7415781, 9.8438559, 19.860157, 19.859871, 19.859585, 19.859346, 0.26272750, 0.26519808, 0.30846840, 0.34615138, 0.34741467, 0.34843820, 0.34930080, 0.34929937, 0.34929794, 0.34929675, 0.24531390
0.14983588, 0.84334421, 0.25302857, 1.7125547, 1.3527781, 5.2191296, 9.6694002, 9.7724218, 9.8555107, 19.860157, 19.859871, 19.859585, 19.859346, 0.26711747, 0.26352394, 0.30218390, 0.34669125, 0.34772286, 0.34855464, 0.34930080, 0.34929937, 0.34929794, 0.34929675, 0.25302857
0.35598892, 1.0000000, 0.99995977, 9.9996243, 9.9997759, 9.9998865, 9.9999752, 9.9999876, 9.9999962, 19.999998, 19.999998, 19.999998, 19.995995, 0.34999445, 0.34999669, 0.34999833, 0.34999964, 0.34999982, 0.34999993, 0.34999999, 0.34999999, 0.34999999, 0.34997997, 0.99995977
0.34512711, 1.0000000, 0.96060550, 9.4789467, 9.6562605, 9.8100700, 9.9545918, 9.9769564, 9.9922180, 19.999998, 19.999998, 19.999647, 19.972338, 0.34478864, 0.34656209, 0.34810042, 0.34954587, 0.34976953, 0.34992218, 0.34999999, 0.34999999, 0.34999824, 0.34986168, 0.96060550
0.35597980, 1.0000000, 0.99992669, 9.9996748, 9.9998083, 9.9999037, 9.9997406, 9.9782639, 9.9794989, 19.999998, 19.999998, 19.997822, 19.950197, 0.34999588, 0.34999758, 0.34999877, 0.34999734, 0.34978262, 0.34979498, 0.34999999, 0.34999999, 0.34998912, 0.34975100, 0.99992669
0.33385557, 1.0000000, 0.91976655, 8.7648201, 9.5309830, 9.7284288, 9.9239511, 9.9423342, 9.9682865, 19.999998, 19.999990, 19.993559, 19.930546, 0.33764821, 0.34530982, 0.34728429, 0.34923953, 0.34942335, 0.34968287, 0.34999999, 0.34999996, 0.34996778, 0.34965274, 0.91976655
0.35135049, 1.0000000, 0.98315382, 9.7592201, 9.8745222, 9.9352970, 9.9864378, 9.9931841, 9.9977179, 19.999998, 19.999998, 19.996712, 19.918688, 0.34758943, 0.34874353, 0.34935212, 0.34986418, 0.34993175, 0.34997717, 0.34999999, 0.34999999, 0.34998357, 0.34959343, 0.98315382
0.32670891, 1.0000000, 0.89387286, 8.2606125, 9.5137033, 9.7176962, 9.9227219, 9.9602146, 9.9863949, 19.999998, 19.999931, 19.987364, 19.904203, 0.33260140, 0.34513375, 0.34717530, 0.34922689, 0.34960198, 0.34986389, 0.34999999, 0.34999967, 0.34993681, 0.34952101, 0.89387286
0.31007975, 1.0000000, 0.83362222, 7.1512947, 9.4018908, 9.6344919, 9.8694706, 9.9300594, 9.9749899, 19.999998, 19.999529, 19.975376, 19.892702, 0.32151198, 0.34401816, 0.34634453, 0.34869462, 0.34930056, 0.34974989, 0.34999999, 0.34999764, 0.34987688, 0.34946352, 0.83362222
0.28508449, 1.0000000, 0.74305975, 5.3548560, 9.3914804, 9.6181879, 9.8369799, 9.9086246, 9.9653053, 19.999998, 19.998360, 19.961569, 19.883846, 0.30354226, 0.34390813, 0.34617847, 0.34836912, 0.34908590, 0.34965295, 0.34999999, 0.34999180, 0.34980786, 0.34941924, 0.74305975
0.24998869, 1.0000000, 0.61590105, 2.9640913, 9.1919823, 9.5227032, 9.7812338, 9.8737688, 9.9495621, 19.999998, 19.995874, 19.946915, 19.877138, 0.27963820, 0.34191480, 0.34522441, 0.34781182, 0.34873742, 0.34949553, 0.34999999, 0.34997937, 0.34973457, 0.34938568, 0.61590105
0.32427335, 1.0000000, 0.88504839, 8.1198912, 9.4685049, 9.6912127, 9.9158039, 9.9567060, 9.9851856, 19.999998, 19.999998, 19.999907, 19.982080, 0.33119309, 0.34468096, 0.34691003, 0.34915763, 0.34956685, 0.34985179, 0.34999999, 0.34999999, 0.34999955, 0.34991041, 0.88504839
0.34517306, 1.0000000, 0.96077192, 9.4191027, 9.7371445, 9.8602018, 9.9691000, 9.9844170, 9.9947720, 19.999998, 19.999998, 19.999969, 19.988020, 0.34417987, 0.34736454, 0.34859854, 0.34969029, 0.34984380, 0.34994760, 0.34999999, 0.34999999, 0.34999985, 0.34994009, 0.96077192
0.30586404, 1.0000000, 0.81834793, 6.9106274, 9.3181076, 9.5866852, 9.8671026, 9.9302654, 9.9756680, 19.999998, 19.999998, 19.999266, 19.964733, 0.31910485, 0.34317991, 0.34586626, 0.34867090, 0.34930259, 0.34975666, 0.34999999, 0.34999999, 0.34999633, 0.34982365, 0.81834793
0.26700002, 1.0000000, 0.67753625, 4.1447988, 9.2693510, 9.5372763, 9.8022480, 9.8899994, 9.9587879, 19.999998, 19.999998, 19.996708, 19.943333, 0.29144162, 0.34268492, 0.34536836, 0.34802160, 0.34889954, 0.34958774, 0.34999999, 0.34999999, 0.34998354, 0.34971666, 0.67753625
0.23396736, 1.0000000, 0.55785275, 2.6263416, 7.8510303, 9.4757023, 9.7457552, 9.8519201, 9.9401817, 19.999998, 19.999977, 19.991499, 19.924650, 0.27625382, 0.32849309, 0.34474662, 0.34745541, 0.34851813, 0.34940147, 0.34999999, 0.34999987, 0.34995750, 0.34962326, 0.55785275
0.27469918, 1.0000000, 0.70543176, 4.7207785, 9.2399654, 9.5476999, 9.7573853, 9.8521881, 9.9348736, 19.999998, 19.999800, 19.983374, 19.909069, 0.29720360, 0.34239477, 0.34547445, 0.34757334, 0.34852162, 0.34934863, 0.34999999, 0.34999901, 0.34991688, 0.34954536, 0.70543176
0.32638431, 1.0000000, 0.89269674, 8.3803387, 9.3772974, 9.5563240, 9.7637806, 9.8533497, 9.9319439, 19.999998, 19.999241, 19.972616, 19.896524, 0.33380055, 0.34377107, 0.34556228, 0.34763759, 0.34853342, 0.34931940, 0.34999999, 0.34999621, 0.34986308, 0.34948263, 0.89269674
0.27422553, 1.0000000, 0.70371568, 4.7235689, 9.2156019, 9.4814444, 9.7273502, 9.8313704, 9.9211512, 19.999998, 19.997883, 19.959881, 19.886763, 0.29723123, 0.34215078, 0.34481174, 0.34727293, 0.34831342, 0.34921142, 0.34999999, 0.34998941, 0.34979939, 0.34943381, 0.70371568
0.22682400, 1.0000000, 0.53197098, 2.4445057, 7.3427725, 9.3893528, 9.6721382, 9.7972717, 9.9050007, 19.999990, 19.995256, 19.946100, 19.879335, 0.27444157, 0.32342145, 0.34388950, 0.34672055, 0.34797230, 0.34904987, 0.34999996, 0.34997627, 0.34973049, 0.34939668, 0.53197098
0.19414510, 1.0000000, 0.41356918, 1.6819477, 4.6849627, 9.3613520, 9.6453304, 9.7779436, 9.8935528, 19.999966, 19.990885, 19.932215, 19.873783, 0.26681575, 0.29684341, 0.34360731, 0.34645203, 0.34777880, 0.34893534, 0.34999985, 0.34995443, 0.34966108, 0.34936893, 0.41356918
0.18111029, 1.0000000, 0.36634162, 1.9095808, 2.9105635, 9.0036659, 9.6383133, 9.7708864, 9.8875504, 19.999790, 19.984447, 19.919073, 19.869680, 0.26909336, 0.27910340, 0.34003320, 0.34638238, 0.34770849, 0.34887537, 0.34999895, 0.34992224, 0.34959537, 0.34934840, 0.36634162
0.15905511, 0.95467645, 0.28643158, 1.1947483, 2.2028775, 7.4852066, 9.6041212, 9.7490997, 9.8765621, 19.999344, 19.975880, 19.907240, 19.866682, 0.26194355, 0.27202442, 0.32484466, 0.34603930, 0.34749004, 0.34876528, 0.34999672, 0.34987938, 0.34953621, 0.34933341, 0.28643158
0.13881886, 0.71030152, 0.21311177, 0.64405501, 1.5282452, 5.7955818, 9.5568867, 9.7180452, 9.8608389, 19.998323, 19.965420, 19.897034, 19.864513, 0.25643688, 0.26527721, 0.30794588, 0.34556559, 0.34717879, 0.34860781, 0.34999162, 0.34982711, 0.34948516, 0.34932256, 0.21311177
0.12494047, 0.54270494, 0.16282777, 0.34894645, 1.0643899, 4.3584590, 9.5383120, 9.7047005, 9.8526030, 19.996370, 19.953596, 19.888521, 19.862942, 0.25348788, 0.26064101, 0.29357868, 0.34538051, 0.34704569, 0.34852558, 0.34998184, 0.34976798, 0.34944260, 0.34931472, 0.16282777
0.13753118, 0.69475156, 0.20844631, 1.9432634, 0.64077675, 2.9919922, 9.2701197, 9.6660328, 9.8333387, 19.993101, 19.941076, 19.881638, 19.861843, 0.26942542, 0.25640634, 0.27991658, 0.34269914, 0.34665924, 0.34833303, 0.34996551, 0.34970540, 0.34940818, 0.34930921, 0.20844631
0.23195726, 1.0000000, 0.55056977, 3.1973209, 7.3701129, 8.2106409, 9.0138779, 9.6573048, 9.8260260, 19.988138, 19.928576, 19.876194, 19.861038, 0.28197321, 0.32370114, 0.33210641, 0.34013879, 0.34657305, 0.34826025, 0.34994069, 0.34964287, 0.34938097, 0.34930518, 0.55056977
0.20528650, 1.0000000, 0.45393661, 2.8238864, 4.1554675, 9.3241940, 9.5694742, 9.7328796, 9.8567667, 19.981266, 19.916716, 19.871950, 19.860449, 0.27823660, 0.29155269, 0.34323969, 0.34569430, 0.34732854, 0.34856758, 0.34990633, 0.34958357, 0.34935975, 0.34930223, 0.45393661
0.23374927, 1.0000000, 0.55706257, 2.6670992, 7.7211375, 9.5556297, 9.7037487, 9.8004990, 9.8874893, 19.972483, 19.905951, 19.868679, 19.860039, 0.27666959, 0.32720894, 0.34555477, 0.34703720, 0.34800485, 0.34887484, 0.34986240, 0.34952974, 0.34934339, 0.34930021, 0.55706257
0.35000187, 1.0000000, 0.97826755, 9.6875086, 9.8423834, 9.9181328, 9.9826326, 9.9912710, 9.9970741, 19.999998, 19.999998, 19.999969, 19.988020, 0.34686348, 0.34841678, 0.34917778, 0.34982562, 0.34991235, 0.34997064, 0.34999999, 0.34999999, 0.34999985, 0.34994009, 0.97826755
0.35591519, 1.0000000, 0.99969268, 9.9968138, 9.9980860, 9.9990454, 9.9998026, 9.9999065, 9.9999666, 19.999998, 19.999998, 19.999996, 19.993994, 0.34995773, 0.34997463, 0.34998733, 0.34999740, 0.34999877, 0.34999958, 0.34999999, 0.34999999, 0.34999996, 0.34996998, 0.99969268
0.34619093, 1.0000000, 0.96445972, 9.4650822, 9.7722597, 9.8775635, 9.9723072, 9.9860287, 9.9952955, 19.999998, 19.999998, 19.999571, 19.970417, 0.34464818, 0.34772098, 0.34877482, 0.34972289, 0.34986019, 0.34995294, 0.34999999, 0.34999999, 0.34999785, 0.34985209, 0.96445972
0.30369538, 1.0000000, 0.81049043, 6.7470193, 9.3263865, 9.5914059, 9.8680925, 9.9307804, 9.9758177, 19.999998, 19.999998, 19.997570, 19.948460, 0.31746876, 0.34326267, 0.34591347, 0.34868079, 0.34930775, 0.34975815, 0.34999999, 0.34999999, 0.34998786, 0.34974229, 0.81049043
0.25932077, 1.0000000, 0.64971292, 3.6318793, 9.2158899, 9.5023289, 9.7867584, 9.8813429, 9.9555016, 19.999998, 19.999990, 19.993073, 19.929041, 0.28631389, 0.34215149, 0.34501946, 0.34786680, 0.34881303, 0.34955490, 0.34999999, 0.34999996, 0.34996536, 0.34964520, 0.64971292
0.22631785, 1.0000000, 0.53013712, 2.3818226, 7.3484416, 9.4484777, 9.7279253, 9.8408432, 9.9352427, 19.999998, 19.999876, 19.985668, 19.912666, 0.27381444, 0.32347739, 0.34448025, 0.34727833, 0.34840795, 0.34935227, 0.34999999, 0.34999937, 0.34992835, 0.34956333, 0.53013712
0.19721997, 1.0000000, 0.42470998, 1.7038882, 4.9962850, 9.3984699, 9.6827774, 9.8081799, 9.9162092, 19.999998, 19.999439, 19.975523, 19.899387, 0.26703355, 0.29995346, 0.34397587, 0.34682596, 0.34808087, 0.34916180, 0.34999999, 0.34999719, 0.34987763, 0.34949693, 0.42470998
0.17168842, 1.0000000, 0.33220440, 1.1529326, 2.9667110, 9.1368551, 9.6456413, 9.7811022, 9.8992453, 19.999998, 19.998331, 19.963200, 19.888962, 0.26152524, 0.27966082, 0.34135887, 0.34645435, 0.34780997, 0.34899211, 0.34999999, 0.34999165, 0.34981599, 0.34944481, 0.33220440
0.18786573, 1.0000000, 0.39081788, 2.3663640, 2.9395552, 9.0463467, 9.6635160, 9.7862396, 9.8957310, 19.999998, 19.996054, 19.949596, 19.880995, 0.27366364, 0.27939555, 0.34046346, 0.34663516, 0.34786239, 0.34895730, 0.34999999, 0.34998026, 0.34974799, 0.34940499, 0.39081788
0.18239672, 1.0000000, 0.37100261, 2.5625319, 2.4673939, 8.0143757, 9.6706619, 9.7890854, 9.8945379, 19.999989, 19.992163, 19.935642, 19.875019, 0.27562478, 0.27467364, 0.33014324, 0.34670651, 0.34789079, 0.34894535, 0.34999993, 0.34996080, 0.34967822, 0.34937510, 0.37100261
0.23901041, 1.0000000, 0.57612467, 2.8751194, 8.1855555, 9.2148542, 9.6549883, 9.7795668, 9.8896666, 19.999865, 19.986258, 19.922249, 19.870588, 0.27875119, 0.33185557, 0.34214854, 0.34654987, 0.34779567, 0.34889668, 0.34999931, 0.34993130, 0.34961125, 0.34935296, 0.57612467
0.22944653, 1.0000000, 0.54147291, 2.3687096, 7.7555523, 9.4508410, 9.6841269, 9.7956772, 9.8952770, 19.999493, 19.978210, 19.910053, 19.867342, 0.27368042, 0.32754242, 0.34450042, 0.34683964, 0.34795594, 0.34895250, 0.34999746, 0.34989107, 0.34955028, 0.34933671, 0.54147291
0.21032892, 1.0000000, 0.47220621, 2.0822406, 5.9151692, 9.4616137, 9.6942425, 9.8025408, 9.8986263, 19.998655, 19.968189, 19.899431, 19.864988, 0.27082068, 0.30914879, 0.34461382, 0.34694195, 0.34802517, 0.34898618, 0.34999329, 0.34984094, 0.34949714, 0.34932494, 0.47220621
0.23306546, 1.0000000, 0.55458492, 2.7445464, 7.6196527, 9.3529110, 9.6342077, 9.7685280, 9.8855467, 19.996969, 19.956646, 19.890488, 19.863291, 0.27744341, 0.32619309, 0.34352699, 0.34634164, 0.34768507, 0.34885541, 0.34998485, 0.34978324, 0.34945244, 0.34931645, 0.55458492
0.22445641, 1.0000000, 0.52339280, 2.5796266, 6.8020663, 9.4456215, 9.6789150, 9.7923985, 9.8936415, 19.994066, 19.944225, 19.883207, 19.862083, 0.27579564, 0.31801969, 0.34445554, 0.34678900, 0.34792393, 0.34893638, 0.34997034, 0.34972113, 0.34941605, 0.34931043, 0.52339280
0.21566477, 1.0000000, 0.49153900, 2.8445868, 5.2806849, 9.4750929, 9.7020073, 9.8067331, 9.8999443, 19.989557, 19.931664, 19.877432, 19.861214, 0.27844551, 0.30280647, 0.34475058, 0.34702003, 0.34806731, 0.34899944, 0.34994778, 0.34965831, 0.34938717, 0.34930608, 0.49153900
0.35322636, 1.0000000, 0.98995042, 9.9804659, 9.7843781, 9.8360004, 9.9624472, 9.9810238, 9.9935932, 19.999998, 19.999998, 19.999962, 19.987026, 0.34980467, 0.34784377, 0.34836000, 0.34962445, 0.34981024, 0.34993595, 0.34999999, 0.34999999, 0.34999982, 0.34993511, 0.98995042
0.33172619, 1.0000000, 0.91205150, 8.6479349, 9.4889107, 9.6913137, 9.9067001, 9.9513874, 9.9831362, 19.999998, 19.999998, 19.999203, 19.963797, 0.33647653, 0.34488726, 0.34691218, 0.34906679, 0.34951380, 0.34983134, 0.34999999, 0.34999999, 0.34999603, 0.34981897, 0.91205150
0.28345552, 1.0000000, 0.73715764, 5.3674026, 9.2283792, 9.5137262, 9.8042355, 9.8929367, 9.9607773, 19.999998, 19.999998, 19.996548, 19.942495, 0.30367377, 0.34228352, 0.34513712, 0.34804234, 0.34892938, 0.34960777, 0.34999999, 0.34999999, 0.34998274, 0.34971249, 0.73715764
0.24901626, 1.0000000, 0.61237770, 2.9983580, 9.0137177, 9.5312462, 9.7710972, 9.8672028, 9.9469147, 19.999998, 19.999971, 19.991219, 19.923941, 0.27998289, 0.34013596, 0.34531182, 0.34771085, 0.34867197, 0.34946913, 0.34999999, 0.34999985, 0.34995610, 0.34961969, 0.61237770
0.35595971, 1.0000000, 0.99985403, 9.9983664, 9.9990158, 9.9995108, 9.9999008, 9.9999514, 9.9999847, 19.999998, 19.999998, 19.999256, 19.947084, 0.34997994, 0.34998792, 0.34999397, 0.34999877, 0.34999940, 0.34999982, 0.34999999, 0.34999999, 0.34999627, 0.34973544, 0.99985403
0.35563290, 1.0000000, 0.99866980, 9.9820347, 9.9893093, 9.9946470, 9.9989300, 9.9994631, 9.9998236, 19.999998, 19.999998, 19.999990, 19.991999, 0.34981665, 0.34989086, 0.34994537, 0.34998909, 0.34999451, 0.34999821, 0.34999999, 0.34999999, 0.34999996, 0.34996000, 0.99866980
0.34199387, 1.0000000, 0.94925308, 9.3410931, 9.5540104, 9.7238283, 9.9275112, 9.9628716, 9.9873495, 19.999998, 19.999998, 19.999949, 19.985044, 0.34341094, 0.34554011, 0.34723827, 0.34927511, 0.34962872, 0.34987348, 0.34999999, 0.34999999, 0.34999973, 0.34992522, 0.94925308
0.31521893, 1.0000000, 0.85224247, 7.4875236, 9.4487514, 9.6603470, 9.8777418, 9.9345627, 9.9766474, 19.999998, 19.999998, 19.999071, 19.961931, 0.32487208, 0.34448513, 0.34660223, 0.34877717, 0.34934551, 0.34976643, 0.34999999, 0.34999999, 0.34999534, 0.34980965, 0.85224247
0.29670495, 1.0000000, 0.78516275, 6.1941352, 9.3949251, 9.6175604, 9.8350163, 9.9076529, 9.9650602, 19.999998, 19.999998, 19.996210, 19.940836, 0.31194085, 0.34394878, 0.34617537, 0.34835011, 0.34907651, 0.34965059, 0.34999999, 0.34999999, 0.34998104, 0.34970418, 0.78516275
0.32507762, 1.0000000, 0.88796234, 8.2280931, 9.4254293, 9.6332092, 9.8262415, 9.8988237, 9.9591503, 19.999998, 19.999966, 19.990643, 19.922531, 0.33227962, 0.34425339, 0.34633166, 0.34826234, 0.34898818, 0.34959146, 0.34999999, 0.34999985, 0.34995320, 0.34961265, 0.88796234
0.32433456, 1.0000000, 0.88527012, 8.1526766, 9.4550743, 9.6472797, 9.8229103, 9.8939323, 9.9547014, 19.999998, 19.999763, 19.982162, 19.907337, 0.33152518, 0.34454963, 0.34647223, 0.34822899, 0.34893927, 0.34954700, 0.34999999, 0.34999883, 0.34991080, 0.34953669, 0.88527012
0.29298818, 1.0000000, 0.77169627, 5.9924431, 9.3181906, 9.5598440, 9.7856131, 9.8713512, 9.9439344, 19.999998, 19.999130, 19.971115, 19.895163, 0.30992383, 0.34318134, 0.34559813, 0.34785607, 0.34871349, 0.34943935, 0.34999999, 0.34999564, 0.34985557, 0.34947580, 0.77169627
0.25246161, 1.0000000, 0.62486088, 3.1394968, 9.2194681, 9.4897890, 9.7428398, 9.8444004, 9.9306955, 19.999998, 19.997629, 19.958197, 19.885714, 0.28139451, 0.34219387, 0.34489748, 0.34742829, 0.34844398, 0.34930694, 0.34999999, 0.34998816, 0.34979099, 0.34942856, 0.62486088
0.22207840, 1.0000000, 0.51477677, 2.2471786, 7.0609403, 9.4542694, 9.7083998, 9.8208256, 9.9177408, 19.999990, 19.994814, 19.944347, 19.878546, 0.27246866, 0.32060346, 0.34453872, 0.34708318, 0.34820783, 0.34917727, 0.34999996, 0.34997407, 0.34972173, 0.34939271, 0.51477677
0.19275251, 1.0000000, 0.40852359, 1.5849948, 4.6532159, 9.4018641, 9.6703939, 9.7952385, 9.9037447, 19.999966, 19.990200, 19.930519, 19.873199, 0.26584944, 0.29653129, 0.34401774, 0.34670377, 0.34795231, 0.34903741, 0.34999985, 0.34995100, 0.34965259, 0.34936601, 0.40852359
0.17036891, 1.0000000, 0.32742357, 1.0991544, 2.9880137, 8.9509754, 9.6492271, 9.7794867, 9.8936901, 19.999754, 19.983494, 19.917513, 19.869246, 0.26099133, 0.27987978, 0.33950922, 0.34649214, 0.34779480, 0.34893689, 0.34999877, 0.34991747, 0.34958756, 0.34934622, 0.32742357
0.15697232, 0.92952442, 0.27888522, 0.78966618, 2.4541557, 7.8177581, 9.6511440, 9.7781019, 9.8902330, 19.999252, 19.974659, 19.905878, 19.866369, 0.25789309, 0.27453488, 0.32816696, 0.34650880, 0.34777966, 0.34890190, 0.34999627, 0.34987330, 0.34952939, 0.34933186, 0.27888522
0.14440930, 0.77781236, 0.23336704, 0.53468943, 1.9464403, 6.6528134, 9.6310644, 9.7655268, 9.8837299, 19.998142, 19.964006, 19.895876, 19.864283, 0.25534484, 0.26945990, 0.31652042, 0.34630841, 0.34765413, 0.34883693, 0.34999073, 0.34982002, 0.34947938, 0.34932142, 0.23336704
0.13294737, 0.63939697, 0.19183828, 0.33961236, 1.4867514, 5.4602218, 9.6071749, 9.7498922, 9.8757124, 19.996042, 19.952057, 19.887575, 19.862783, 0.25339457, 0.26486340, 0.30459467, 0.34606910, 0.34749758, 0.34875667, 0.34998021, 0.34976029, 0.34943789, 0.34931391, 0.19183828
0.13660707, 0.68359190, 0.20509808, 1.0610133, 1.1898071, 4.5304456, 9.6210623, 9.7564745, 9.8767977, 19.992579, 19.939505, 19.880880, 19.861719, 0.26060578, 0.26189515, 0.29529887, 0.34620824, 0.34756356, 0.34876755, 0.34996289, 0.34969753, 0.34940439, 0.34930861, 0.20509808
0.14221014, 0.75125504, 0.22539905, 1.9021094, 0.91992319, 3.6219907, 9.6103601, 9.7499151, 9.8735800, 19.987387, 19.927048, 19.875605, 19.860950, 0.26901719, 0.25919810, 0.28621766, 0.34610242, 0.34749857, 0.34873560, 0.34993693, 0.34963524, 0.34937802, 0.34930474, 0.22539905
0.13281439, 0.63779122, 0.19135651, 1.5987307, 0.67459047, 2.9032588, 9.3754969, 9.7325621, 9.8655434, 19.980274, 19.915302, 19.871489, 19.860392, 0.26598361, 0.25674498, 0.27903059, 0.34375367, 0.34732494, 0.34865519, 0.34990138, 0.34957650, 0.34935743, 0.34930196, 0.19135651
0.15169291, 0.86576980, 0.25975692, 2.6100159, 1.4957994, 2.5343657, 8.9498310, 9.7352657, 9.8650589, 19.971258, 19.904697, 19.868332, 19.859999, 0.27609736, 0.26495704, 0.27534285, 0.33949775, 0.34735233, 0.34865046, 0.34985629, 0.34952348, 0.34934166, 0.34930000, 0.25975692
0.13230087, 0.63158977, 0.18949589, 1.5701085, 1.1073232, 2.1838844, 8.5079765, 9.7293425, 9.8614874, 19.960665, 19.895494, 19.865940, 19.859722, 0.26569593, 0.26107106, 0.27183670, 0.33507809, 0.34729248, 0.34861454, 0.34980333, 0.34947747, 0.34932971, 0.34929860, 0.18949589
0.12176873, 0.50440276, 0.15133595, 1.0453194, 0.86952150, 1.9368857, 8.1337795, 9.7429314, 9.8656282, 19.949020, 19.887726, 19.864143, 19.859520, 0.26045087, 0.25869405, 0.26936755, 0.33133671, 0.34742865, 0.34865609, 0.34974509, 0.34943864, 0.34932071, 0.34929758, 0.15133595
0.11032225, 0.36617416, 0.10986324, 0.52575171, 0.58092177, 1.5881538, 7.6208572, 9.7047482, 9.8487473, 19.936903, 19.881344, 19.862806, 19.859373, 0.25525540, 0.25580782, 0.26587963, 0.32620671, 0.34704632, 0.34848708, 0.34968451, 0.34940672, 0.34931403, 0.34929687, 0.10986324
0.10620977, 0.31651151, 0.94962947E-1, 0.36469400, 0.46733916, 1.4254570, 7.2698317, 9.7393131, 9.8595734, 19.924967, 19.876205, 19.861794, 19.859346, 0.25364465, 0.25467160, 0.26425186, 0.32269555, 0.34739128, 0.34859511, 0.34962484, 0.34938103, 0.34930897, 0.34929675, 0.94962947E-1
0.15667723, 0.92596090, 0.27781606, 1.7900109, 1.7016798, 5.9331393, 9.5558615, 9.7839613, 9.8766785, 19.913755, 19.872147, 19.861071, 19.859346, 0.26789844, 0.26701584, 0.30932975, 0.34555808, 0.34783936, 0.34876668, 0.34956878, 0.34936073, 0.34930536, 0.34929675, 0.27781606
0.14320795, 0.76330471, 0.22901432, 1.2760431, 1.3918787, 5.0003309, 9.6330729, 9.7718687, 9.8723173, 19.903599, 19.868984, 19.860567, 19.859346, 0.26275566, 0.26391569, 0.29999772, 0.34632859, 0.34771758, 0.34872282, 0.34951800, 0.34934491, 0.34930283, 0.34929675, 0.22901432
0.12762928, 0.57517534, 0.17256987, 0.73013902, 1.0008991, 3.8528681, 9.5807943, 9.7306767, 9.8538933, 19.894796, 19.866581, 19.860201, 19.859346, 0.25729918, 0.26000717, 0.28852516, 0.34580618, 0.34730586, 0.34853864, 0.34947398, 0.34933290, 0.34930101, 0.34929675, 0.17256987
0.11719708, 0.44919524, 0.13477205, 0.41536093, 0.71754456, 2.9903889, 9.3840113, 9.7121601, 9.8426170, 19.887356, 19.864725, 19.859924, 19.859346, 0.25415194, 0.25717372, 0.27990031, 0.34383786, 0.34712043, 0.34842578, 0.34943679, 0.34932363, 0.34929961, 0.34929675, 0.13477205
0.11168230, 0.38259819, 0.11479094, 0.26081502, 0.54464936, 2.6086509, 8.9340773, 9.7213516, 9.8427858, 19.881226, 19.863352, 19.859762, 19.859346, 0.25260639, 0.25544429, 0.27608123, 0.33933717, 0.34721154, 0.34842721, 0.34940612, 0.34931678, 0.34929880, 0.34929675, 0.11479094
0.10711633, 0.32745919, 0.98247580E-1, 0.30074120, 0.31303763, 1.9878805, 8.2055664, 9.6552925, 9.8131399, 19.876295, 19.862322, 19.859619, 19.859346, 0.25300694, 0.25313008, 0.26987785, 0.33205485, 0.34655243, 0.34813124, 0.34938148, 0.34931162, 0.34929809, 0.34929675, 0.98247580E-1
0.10264584, 0.27347311, 0.82050137E-1, 0.16327202, 0.21836460, 1.6640216, 7.6512837, 9.6781015, 9.8188362, 19.872366, 19.861538, 19.859585, 19.859346, 0.25163233, 0.25218332, 0.26663902, 0.32651174, 0.34678033, 0.34818813, 0.34936184, 0.34930769, 0.34929794, 0.34929675, 0.82050137E-1
0.98103635E-1, 0.21862110, 0.65592892E-1, 0.60006976E-1, 0.12218356, 1.2531489, 6.9284992, 9.6343155, 9.7992315, 19.869291, 19.860975, 19.859585, 19.859346, 0.25059974, 0.25122145, 0.26252946, 0.31928271, 0.34634158, 0.34799176, 0.34934646, 0.34930488, 0.34929794, 0.34929675, 0.65592892E-1
0.10539538, 0.30667683, 0.92012256E-1, 0.81174076, 0.53954124E-1, 0.84134340, 5.9851174, 9.5775537, 9.7705364, 19.866898, 19.860563, 19.859585, 19.859346, 0.25811386, 0.25053939, 0.25841233, 0.30984959, 0.34577429, 0.34770495, 0.34933448, 0.34930283, 0.34929794, 0.34929675, 0.92012256E-1
0.12855825, 0.58639359, 0.17593567, 2.6329966, 0.26160479E-1, 0.59077442, 5.1298714, 9.5813313, 9.7687912, 19.865059, 19.860281, 19.859585, 19.859346, 0.27632868, 0.25026160, 0.25590765, 0.30129856, 0.34581316, 0.34768784, 0.34932530, 0.34930140, 0.34929794, 0.34929675, 0.17593567
0.10923945, 0.35309818, 0.10594005, 1.3051778, 0.17297268E-1, 0.48153698, 4.5629630, 9.6429234, 9.7954683, 19.863663, 19.860075, 19.859585, 19.859346, 0.26303065, 0.25017279, 0.25481302, 0.29562518, 0.34642455, 0.34795311, 0.34931833, 0.34930038, 0.34929794, 0.34929675, 0.10594005
0.97195424E-1, 0.20765342, 0.62302258E-1, 0.50520599, 0.99062920E-2, 0.36601126, 3.9826746, 9.6247559, 9.7903452, 19.862604, 19.859934, 19.859585, 19.859346, 0.25504747, 0.25009900, 0.25365910, 0.28982458, 0.34624493, 0.34790257, 0.34931302, 0.34929967, 0.34929794, 0.34929675, 0.62302258E-1
0.90093732E-1, 0.12189284, 0.36571510E-1, 0.89481473E-1, 0.36835670E-2, 0.22664070, 3.1384895, 9.5476084, 9.7536335, 19.861824, 19.859871, 19.859585, 19.859346, 0.25089124, 0.25003675, 0.25226370, 0.28137738, 0.34546468, 0.34753245, 0.34930912, 0.34929937, 0.34929794, 0.34929675, 0.36571510E-1
0.97099088E-1, 0.20649008, 0.61953221E-1, 0.63307583, 0.23365021E-2, 0.18163323, 2.8756886, 9.3455276, 9.7913074, 19.861238, 19.859871, 19.859585, 19.859346, 0.25632393, 0.25002334, 0.25181574, 0.27875501, 0.34345224, 0.34791204, 0.34930620, 0.34929937, 0.34929794, 0.34929675, 0.61953221E-1
0.88041402E-1, 0.97108655E-1, 0.29135510E-1, 0.47433376E-1, 0.35762787E-3, 0.92783570E-1, 2.5285215, 8.6103039, 9.7206764, 19.860821, 19.859859, 19.859585, 19.859346, 0.25047433, 0.25000358, 0.25092784, 0.27528521, 0.33610302, 0.34720677, 0.34930411, 0.34929931, 0.34929794, 0.34929675, 0.29135510E-1
0.89394107E-1, 0.11344406, 0.34036621E-1, 0.20105243, 0.89406967E-4, 0.47346950E-1, 2.2200556, 7.8568101, 9.7075577, 19.860544, 19.859859, 19.859585, 19.859346, 0.25200543, 0.25000089, 0.25047311, 0.27219719, 0.32856211, 0.34707311, 0.34930271, 0.34929931, 0.34929794, 0.34929675, 0.34036621E-1
0.97805947E-1, 0.21502618, 0.64514309E-1, 0.83830059, 0.41723251E-4, 0.32141805E-1, 2.0584435, 7.3830695, 9.7487049, 19.860344, 19.859859, 19.859585, 19.859346, 0.25838137, 0.25000042, 0.25032139, 0.27058420, 0.32383025, 0.34748685, 0.34930173, 0.34929931, 0.34929794, 0.34929675, 0.64514309E-1
0.86795770E-1, 0.82066357E-1, 0.24622370E-1, 0.77605247E-1, 0.11920929E-4, 0.17192960E-1, 1.8244565, 6.7709546, 9.7174034, 19.860203, 19.859859, 19.859585, 19.859346, 0.25077528, 0.25000012, 0.25017187, 0.26824346, 0.31770751, 0.34717306, 0.34930101, 0.34929931, 0.34929794, 0.34929675, 0.24622370E-1
0.85110925E-1, 0.61719999E-1, 0.18517852E-1, 0.12576580E-2, 0.29802322E-5, 0.67412853E-2, 1.5307397, 5.9509521, 9.6777411, 19.860157, 19.859859, 19.859585, 19.859346, 0.25001252, 0.25000003, 0.25006729, 0.26530230, 0.30949962, 0.34677204, 0.34930080, 0.34929931, 0.34929794, 0.34929675, 0.18517852E-1
0.89178413E-1, 0.11083937, 0.33255138E-1, 0.32963753, 0.0000000, 0.30547380E-2, 1.3290465, 5.2886596, 9.6989641, 19.860157, 19.859859, 19.859585, 19.859346, 0.25328821, 0.25000000, 0.25003052, 0.26328850, 0.30288267, 0.34698722, 0.34930080, 0.34929931, 0.34929794, 0.34929675, 0.33255138E-1
0.85546248E-1, 0.66976987E-1, 0.20095106E-1, 0.82403421E-1, 0.0000000, 0.20951033E-2, 1.2347490, 4.9130430, 9.7453985, 19.860157, 19.859859, 19.859585, 19.859346, 0.25082350, 0.25000000, 0.25002095, 0.26234701, 0.29912946, 0.34745333, 0.34930080, 0.34929931, 0.34929794, 0.34929675, 0.20095106E-1
0.83823189E-1, 0.46169162E-1, 0.13852134E-1, 0.0000000, 0.0000000, 0.56028366E-3, 0.97049475, 4.0756841, 9.6377983, 19.860157, 19.859859, 19.859585, 19.859346, 0.25000000, 0.25000000, 0.25000560, 0.25970468, 0.29075631, 0.34637755, 0.34930080, 0.34929931, 0.34929794, 0.34929675, 0.13852134E-1
0.85925423E-1, 0.71555965E-1, 0.21468937E-1, 0.17175972, 0.0000000, 0.33080578E-3, 0.87573528, 3.6121597, 9.7170248, 19.860157, 19.859859, 19.859585, 19.859346, 0.25171223, 0.25000000, 0.25000331, 0.25875571, 0.28611824, 0.34716719, 0.34930080, 0.34929931, 0.34929794, 0.34929675, 0.21468937E-1
0.13090031, 0.61467659, 0.18442142, 1.7276525, 1.5316099, 2.2039800, 2.2970943, 4.8448906, 9.7950172, 19.860109, 19.859823, 19.859585, 19.859346, 0.26727301, 0.26531422, 0.27203846, 0.27297068, 0.29844862, 0.34794995, 0.34930056, 0.34929913, 0.34929794, 0.34929675, 0.18442142
0.11541278, 0.42764783, 0.12830718, 1.0170102, 1.0498375, 1.8286586, 2.2136540, 4.6602817, 9.8079729, 19.860109, 19.859823, 19.859585, 19.859346, 0.26016963, 0.26049808, 0.26828632, 0.27213648, 0.29660276, 0.34807968, 0.34930056, 0.34929913, 0.34929794, 0.34929675, 0.12830718
0.10396257, 0.28937411, 0.86820915E-1, 0.50877035, 0.69880188, 1.4964402, 2.1276295, 4.4791470, 9.8105049, 19.860109, 19.859823, 19.859585, 19.859346, 0.25508377, 0.25698477, 0.26496091, 0.27127531, 0.29479042, 0.34810430, 0.34930056, 0.34929913, 0.34929794, 0.34929675, 0.86820915E-1
0.93934461E-1, 0.16827376, 0.50487179E-1, 0.14665723, 0.33978224, 1.0525495, 1.9856155, 4.2221861, 9.7815161, 19.860109, 19.859823, 19.859585, 19.859346, 0.25146592, 0.25339693, 0.26052412, 0.26985565, 0.29222128, 0.34781474, 0.34930056, 0.34929913, 0.34929794, 0.34929675, 0.50487179E-1
0.88650599E-1, 0.10446544, 0.31342767E-1, 0.27686357E-1, 0.13013184, 0.66029727, 1.8124610, 3.8967681, 9.7505932, 19.860109, 19.859823, 19.859585, 19.859346, 0.25027657, 0.25130048, 0.25660083, 0.26812345, 0.28896642, 0.34750488, 0.34930056, 0.34929913, 0.34929794, 0.34929675, 0.31342767E-1
0.86805150E-1, 0.82179599E-1, 0.24656346E-1, 0.76889992E-2, 0.63082576E-1, 0.46595335, 1.6935587, 3.6283655, 9.7586670, 19.860109, 19.859823, 19.859585, 19.859346, 0.25007665, 0.25062969, 0.25465533, 0.26693255, 0.28628039, 0.34758374, 0.34930056, 0.34929913, 0.34929794, 0.34929675, 0.24656346E-1
0.84987320E-1, 0.60227312E-1, 0.18070001E-1, 0.55134296E-3, 0.14671683E-1, 0.23298264, 1.4817655, 3.2104850, 9.7097473, 19.860109, 19.859823, 19.859585, 19.859346, 0.25000548, 0.25014630, 0.25232661, 0.26481354, 0.28210041, 0.34709296, 0.34930056, 0.34929913, 0.34929794, 0.34929675, 0.18070001E-1
0.10850222, 0.34419525, 0.10326891, 1.7641813, 0.39786100E-2, 0.12599826, 1.3170063, 2.9229820, 9.6071177, 19.860109, 19.859823, 19.859585, 19.859346, 0.26762432, 0.25003976, 0.25125960, 0.26316929, 0.27922896, 0.34607023, 0.34930056, 0.34929913, 0.34929794, 0.34929675, 0.10326891
0.90189435E-1, 0.12304848, 0.36918238E-1, 0.45897067, 0.18209219E-2, 0.86113811E-1, 1.2221992, 2.8160543, 9.4653749, 19.860109, 19.859823, 19.859585, 19.859346, 0.25458971, 0.25001821, 0.25086114, 0.26222199, 0.27816054, 0.34465376, 0.34930056, 0.34929913, 0.34929794, 0.34929675, 0.36918238E-1
0.84847987E-1, 0.58544718E-1, 0.17565172E-1, 0.95808506E-1, 0.62286854E-3, 0.52022934E-1, 1.1092305, 2.6833415, 9.2914839, 19.860109, 19.859823, 19.859585, 19.859346, 0.25095406, 0.25000620, 0.25051957, 0.26108950, 0.27683005, 0.34291095, 0.34930056, 0.34929913, 0.34929794, 0.34929675, 0.17565172E-1
0.83026499E-1, 0.36548261E-1, 0.10965575E-1, 0.43809414E-3, 0.44703484E-4, 0.15491247E-1, 0.88391602, 2.3973942, 8.9276276, 19.860109, 19.859823, 19.859585, 19.859346, 0.25000435, 0.25000045, 0.25015473, 0.25883698, 0.27397099, 0.33927265, 0.34930056, 0.34929913, 0.34929794, 0.34929675, 0.10965575E-1
0.82535990E-1, 0.30624852E-1, 0.91883745E-2, 0.0000000, 0.29802322E-5, 0.24229288E-2, 0.63150823, 2.0300806, 8.4267044, 19.860109, 19.859823, 19.859585, 19.859346, 0.25000000, 0.25000003, 0.25002420, 0.25631353, 0.27029830, 0.33426359, 0.34930056, 0.34929913, 0.34929794, 0.34929675, 0.91883745E-2
0.82174614E-1, 0.26260886E-1, 0.78790542E-2, 0.0000000, 0.0000000, 0.36358833E-3, 0.44685304, 1.7107517, 7.9397488, 19.860109, 19.859823, 19.859585, 19.859346, 0.25000000, 0.25000000, 0.25000361, 0.25446457, 0.26709992, 0.32938576, 0.34930056, 0.34929913, 0.34929794, 0.34929675, 0.78790542E-2
0.81910089E-1, 0.23066435E-1, 0.69206227E-2, 0.0000000, 0.0000000, 0.68545341E-4, 0.32527447, 1.4615595, 7.5132332, 19.860109, 19.859823, 19.859585, 19.859346, 0.25000000, 0.25000000, 0.25000069, 0.25324649, 0.26460156, 0.32510829, 0.34930056, 0.34929913, 0.34929794, 0.34929675, 0.69206227E-2
0.19401154, 1.0000000, 0.41308525, 2.4955959, 4.0733905, 8.1642323, 8.5561790, 8.9438133, 9.3483181, 19.860109, 19.859823, 19.859585, 19.859346, 0.27494350, 0.29072171, 0.33163011, 0.33555922, 0.33943680, 0.34348270, 0.34930056, 0.34929913, 0.34929794, 0.34929675, 0.41308525
0.35600001, 1.0000000, 1.0000000, 9.9999990, 9.9999990, 9.9999990, 9.9999990, 9.9999990, 9.9999990, 19.999998, 19.999998, 19.999998, 19.998999, 0.34999999, 0.34999999, 0.34999999, 0.34999999, 0.34999999, 0.34999999, 0.34999999, 0.34999999, 0.34999999, 0.34999499, 1.0000000
0.35599840, 1.0000000, 0.99999416, 9.9999990, 9.9999990, 9.9999990, 9.9999990, 9.9999990, 9.9999990, 19.999998, 19.999998, 19.999998, 19.998999, 0.34999919, 0.34999952, 0.34999976, 0.34999993, 0.34999996, 0.34999999, 0.34999999, 0.34999999, 0.34999999, 0.34999499, 0.99999416
0.33454376, 1.0000000, 0.92226005, 8.7938662, 9.5542412, 9.7461243, 9.9344988, 9.9665089, 9.9885778, 19.999969, 19.999992, 19.999750, 19.975233, 0.33793867, 0.34554240, 0.34746125, 0.34934500, 0.34966511, 0.34988576, 0.34999985, 0.34999996, 0.34999874, 0.34987617, 0.92226005
0.31066117, 1.0000000, 0.83572882, 7.1505389, 9.4576387, 9.6701927, 9.8858080, 9.9392633, 9.9783297, 19.999844, 19.999958, 19.998169, 19.952848, 0.32148847, 0.34456295, 0.34669507, 0.34885669, 0.34939191, 0.34978306, 0.34999922, 0.34999979, 0.34999084, 0.34976423, 0.83572882
0.35575509, 1.0000000, 0.99911261, 9.9895945, 9.9937677, 9.9968834, 9.9993763, 9.9996862, 9.9998951, 19.999998, 19.999998, 19.999998, 19.994993, 0.34987792, 0.34992686, 0.34996343, 0.34999269, 0.34999633, 0.34999877, 0.34999999, 0.34999999, 0.34999999, 0.34997496, 0.99911261
0.35530639, 1.0000000, 0.99748683, 9.9996824, 9.9901428, 9.8658495, 9.9520044, 9.9756117, 9.9917421, 19.999998, 19.999998, 19.999907, 19.982080, 0.34999618, 0.34990105, 0.34865829, 0.34952000, 0.34975609, 0.34991741, 0.34999999, 0.34999999, 0.34999955, 0.34991041, 0.99748683
0.34101784, 1.0000000, 0.94571674, 9.1915808, 9.6642351, 9.7698917, 9.9208956, 9.9585361, 9.9855099, 19.999998, 19.999998, 19.998840, 19.959164, 0.34191161, 0.34663969, 0.34769759, 0.34920868, 0.34958521, 0.34985504, 0.34999999, 0.34999999, 0.34999421, 0.34979582, 0.94571674
0.34405595, 1.0000000, 0.95672446, 9.4174347, 9.6356144, 9.7983103, 9.9516315, 9.9754400, 9.9916916, 19.999998, 19.999998, 19.999907, 19.982080, 0.34417376, 0.34635580, 0.34798291, 0.34951630, 0.34975436, 0.34991691, 0.34999999, 0.34999999, 0.34999955, 0.34991041, 0.95672446
0.32681769, 1.0000000, 0.89426696, 8.2787132, 9.5069675, 9.7067108, 9.9088850, 9.9522943, 9.9833555, 19.999998, 19.999998, 19.998840, 19.959164, 0.33277071, 0.34505835, 0.34706134, 0.34908766, 0.34952235, 0.34983334, 0.34999999, 0.34999999, 0.34999421, 0.34979582, 0.89426696
0.29607427, 1.0000000, 0.78287774, 6.1642966, 9.3726950, 9.6113291, 9.8494806, 9.9179869, 9.9698238, 19.999725, 19.999928, 19.995647, 19.938383, 0.31163138, 0.34371635, 0.34610787, 0.34849370, 0.34917930, 0.34969807, 0.34999862, 0.34999964, 0.34997824, 0.34969193, 0.78287774
0.25615752, 1.0000000, 0.63825178, 3.3713427, 9.2575550, 9.5244246, 9.7844915, 9.8773975, 9.9522123, 19.999725, 19.999916, 19.989721, 19.920458, 0.28370863, 0.34256765, 0.34524018, 0.34784406, 0.34877357, 0.34952196, 0.34999862, 0.34999958, 0.34994861, 0.34960228, 0.63825178
0.23529939, 1.0000000, 0.56267893, 2.5621266, 8.0742359, 9.5534143, 9.7712193, 9.8637733, 9.9425907, 19.999725, 19.999666, 19.980888, 19.905657, 0.27561834, 0.33073685, 0.34553087, 0.34771153, 0.34863740, 0.34942579, 0.34999862, 0.34999833, 0.34990445, 0.34952828, 0.56267893
0.23013756, 1.0000000, 0.54397660, 2.4632990, 7.5453057, 9.6817131, 9.8130703, 9.8831558, 9.9461536, 19.999725, 19.998940, 19.969540, 19.893835, 0.27463216, 0.32545152, 0.34681618, 0.34813049, 0.34883147, 0.34946150, 0.34999862, 0.34999469, 0.34984770, 0.34946918, 0.54397660
0.23549411, 1.0000000, 0.56338441, 2.7009606, 7.8076534, 9.6600914, 9.8166828, 9.8848209, 9.9452076, 19.999664, 19.997292, 19.956450, 19.884699, 0.27700585, 0.32807004, 0.34659690, 0.34816602, 0.34884781, 0.34945193, 0.34999833, 0.34998646, 0.34978226, 0.34942350, 0.56338441
0.22719529, 1.0000000, 0.53331625, 2.4969430, 7.1473093, 9.6600943, 9.8196955, 9.8862190, 9.9447632, 19.999657, 19.994272, 19.942549, 19.877779, 0.27496004, 0.32145700, 0.34659007, 0.34819475, 0.34886110, 0.34944725, 0.34999830, 0.34997135, 0.34971273, 0.34938890, 0.53331625
0.21006849, 1.0000000, 0.47126266, 2.0538867, 5.8795791, 9.5437403, 9.7747679, 9.8614082, 9.9346523, 19.999331, 19.989319, 19.928791, 19.872635, 0.27053410, 0.30878758, 0.34543076, 0.34774631, 0.34861341, 0.34934628, 0.34999666, 0.34994659, 0.34964395, 0.34936318, 0.47126266
0.19190587, 1.0000000, 0.40545604, 1.6245544, 4.4328580, 9.4927025, 9.7385721, 9.8389835, 9.9242430, 19.998880, 19.982279, 19.915930, 19.868828, 0.26623890, 0.29431769, 0.34491536, 0.34738332, 0.34838861, 0.34924200, 0.34999439, 0.34991139, 0.34957963, 0.34934413, 0.40545604
0.17558594, 1.0000000, 0.34632584, 1.2749761, 3.0560646, 9.4723835, 9.7180882, 9.8246174, 9.9163408, 19.998182, 19.973169, 19.904497, 19.866072, 0.26274663, 0.28055617, 0.34471688, 0.34717944, 0.34824544, 0.34916317, 0.34999090, 0.34986585, 0.34952247, 0.34933037, 0.34632584
0.16747335, 1.0000000, 0.31693238, 1.0765910, 2.6917756, 8.8992128, 9.7338181, 9.8311262, 9.9167099, 19.996950, 19.962317, 19.894711, 19.864071, 0.26076254, 0.27691272, 0.33898380, 0.34733635, 0.34831032, 0.34916681, 0.34998477, 0.34981158, 0.34947354, 0.34932035, 0.31693238
0.19177681, 1.0000000, 0.40498844, 2.2231789, 3.4218018, 9.4832935, 9.7526808, 9.8413830, 9.9198895, 19.994699, 19.950249, 19.886625, 19.862637, 0.27222627, 0.28421292, 0.34482586, 0.34752536, 0.34841308, 0.34919864, 0.34997350, 0.34975123, 0.34943312, 0.34931320, 0.40498844
0.17815500, 1.0000000, 0.35563406, 1.7848313, 2.7694016, 8.9649515, 9.7296629, 9.8289070, 9.9150391, 19.991014, 19.937670, 19.880125, 19.861614, 0.26784304, 0.27768910, 0.33964154, 0.34729490, 0.34828821, 0.34915009, 0.34995508, 0.34968835, 0.34940064, 0.34930807, 0.35563406
0.17932244, 1.0000000, 0.35986388, 1.9452959, 2.7325778, 8.7713690, 9.7945633, 9.8637934, 9.9275389, 19.985554, 19.925282, 19.875015, 19.860872, 0.26944345, 0.27731776, 0.33770081, 0.34794277, 0.34863648, 0.34927490, 0.34992778, 0.34962642, 0.34937507, 0.34930438, 0.35986388
0.17957324, 1.0000000, 0.36077258, 2.2491634, 2.5012584, 8.2801790, 9.7765970, 9.8561630, 9.9257269, 19.978161, 19.913689, 19.871042, 19.860338, 0.27249131, 0.27501234, 0.33280140, 0.34776589, 0.34856161, 0.34925723, 0.34989080, 0.34956843, 0.34935522, 0.34930170, 0.36077258
0.17008045, 1.0000000, 0.32637841, 1.8831223, 2.2493930, 7.7178130, 9.7567463, 9.8455505, 9.9216824, 19.968952, 19.903301, 19.867994, 19.859962, 0.26882836, 0.27249187, 0.32717460, 0.34756657, 0.34845504, 0.34921667, 0.34984475, 0.34951651, 0.34933996, 0.34929982, 0.32637841
0.16198689, 0.99008071, 0.29705393, 1.5877366, 2.0313859, 7.1850524, 9.7505064, 9.8412523, 9.9188938, 19.958265, 19.894291, 19.865692, 19.859686, 0.26587492, 0.27031198, 0.32184723, 0.34750417, 0.34841207, 0.34918877, 0.34979132, 0.34947145, 0.34932846, 0.34929842, 0.29705393
0.15386406, 0.89198875, 0.26762339, 1.3055831, 1.8074542, 6.6155996, 9.7384529, 9.8335400, 9.9141417, 19.946575, 19.886732, 19.863949, 19.859497, 0.26305220, 0.26807153, 0.31615046, 0.34738287, 0.34833455, 0.34914115, 0.34973288, 0.34943366, 0.34931976, 0.34929749, 0.26762339
0.14366989, 0.76888311, 0.23068801, 0.97155273, 1.5160143, 5.8600583, 9.6971998, 9.8088560, 9.9020548, 19.934553, 19.880552, 19.862665, 19.859356, 0.25971302, 0.26515782, 0.30859604, 0.34697050, 0.34808782, 0.34902027, 0.34967276, 0.34940276, 0.34931332, 0.34929678, 0.23068801
0.13234380, 0.63210821, 0.18965143, 0.64082444, 1.1844218, 4.9034472, 9.6438713, 9.7747335, 9.8844137, 19.922791, 19.875593, 19.861687, 19.859346, 0.25640741, 0.26184329, 0.29903257, 0.34643796, 0.34774694, 0.34884402, 0.34961396, 0.34937796, 0.34930843, 0.34929675, 0.18965143
0.12386815, 0.52975553, 0.15894257, 0.43340325, 0.93920827, 4.0411973, 9.6325617, 9.7637339, 9.8746691, 19.911818, 19.871687, 19.861000, 19.859346, 0.25433385, 0.25939184, 0.29041147, 0.34632537, 0.34763724, 0.34874666, 0.34955910, 0.34935844, 0.34930500, 0.34929675, 0.15894257
0.11444305, 0.41593719, 0.12479364, 0.23830235, 0.66028237, 2.9931009, 9.5558424, 9.7260513, 9.8545847, 19.901976, 19.868645, 19.860514, 19.859346, 0.25238240, 0.25660178, 0.27992865, 0.34555691, 0.34725973, 0.34854558, 0.34950989, 0.34934324, 0.34930256, 0.34929675, 0.12479364
0.14004765, 0.72514069, 0.21756397, 1.7175615, 1.3952971, 2.8238535, 9.2997255, 9.7735176, 9.8683891, 19.892769, 19.866133, 19.860119, 19.859299, 0.26717228, 0.26395133, 0.27823690, 0.34299618, 0.34773460, 0.34868371, 0.34946385, 0.34933066, 0.34930059, 0.34929651, 0.21756397
0.13040562, 0.60870254, 0.18262903, 1.2530714, 1.1562198, 2.5844069, 9.0125418, 9.7733746, 9.8670282, 19.885157, 19.864254, 19.859856, 19.859251, 0.26251674, 0.26155445, 0.27583542, 0.34011939, 0.34773046, 0.34866917, 0.34942579, 0.34932128, 0.34929928, 0.34929627, 0.18262903
0.12261162, 0.51458156, 0.15438992, 0.89844763, 0.95041990, 2.3548694, 8.7201500, 9.7697287, 9.8639688, 19.879072, 19.862886, 19.859673, 19.859251, 0.25897062, 0.25949541, 0.27353781, 0.33719343, 0.34769276, 0.34863818, 0.34939536, 0.34931442, 0.34929836, 0.34929627, 0.15438992
0.11570154, 0.43113494, 0.12935342, 0.60643554, 0.75593591, 2.1114171, 8.3956404, 9.7577047, 9.8575611, 19.874289, 19.861868, 19.859573, 19.859251, 0.25605670, 0.25755364, 0.27110618, 0.33395007, 0.34757334, 0.34857437, 0.34937143, 0.34930933, 0.34929788, 0.34929627, 0.12935342
0.11012322, 0.36377066, 0.10914212, 0.39276481, 0.59015155, 1.8781662, 8.0519600, 9.7477322, 9.8517704, 19.870514, 19.861151, 19.859537, 19.859251, 0.25392026, 0.25589484, 0.26877105, 0.33051053, 0.34747180, 0.34851587, 0.34935257, 0.34930575, 0.34929770, 0.34929627, 0.10914212
0.10574028, 0.31084189, 0.93261890E-1, 0.24186671, 0.45424402, 1.6653717, 7.7026320, 9.7415152, 9.8476038, 19.867516, 19.860601, 19.859491, 19.859251, 0.25241187, 0.25453478, 0.26663965, 0.32701331, 0.34740692, 0.34847328, 0.34933758, 0.34930301, 0.34929746, 0.34929627, 0.93261890E-1
0.10181551, 0.26344594, 0.79041690E-1, 0.13177395, 0.32624304, 1.4238149, 7.2834311, 9.7178249, 9.8369541, 19.865341, 19.860220, 19.859480, 19.859251, 0.25131539, 0.25325891, 0.26423049, 0.32282647, 0.34717301, 0.34836778, 0.34932670, 0.34930110, 0.34929740, 0.34929627, 0.79041690E-1
0.99411517E-1, 0.23441523, 0.70331603E-1, 0.82755089E-1, 0.24757981, 1.2417763, 6.8910308, 9.7198668, 9.8360987, 19.863844, 19.859974, 19.859480, 19.859251, 0.25082594, 0.25247288, 0.26241046, 0.31890222, 0.34719297, 0.34835905, 0.34931922, 0.34929988, 0.34929740, 0.34929627, 0.70331603E-1
0.97454928E-1, 0.21078724, 0.63242495E-1, 0.49859285E-1, 0.18579960, 1.0790706, 6.5066710, 9.7163963, 9.8341570, 19.862696, 19.859821, 19.859480, 19.859251, 0.25049770, 0.25185600, 0.26078486, 0.31505966, 0.34715873, 0.34833980, 0.34931347, 0.34929910, 0.34929740, 0.34929627, 0.63242495E-1
0.96029043E-1, 0.19356817, 0.58076259E-1, 0.32293797E-1, 0.14351010, 0.94916224, 6.1473618, 9.7234926, 9.8362865, 19.861853, 19.859764, 19.859480, 19.859251, 0.25032207, 0.25143284, 0.25948408, 0.31146386, 0.34722722, 0.34836027, 0.34930927, 0.34929883, 0.34929740, 0.34929627, 0.58076259E-1
0.94561577E-1, 0.17584692, 0.52759353E-1, 0.11226535E-1, 0.10274053, 0.82037747, 5.7773595, 9.7175245, 9.8337097, 19.861095, 19.859728, 19.859467, 19.859251, 0.25011206, 0.25102618, 0.25819889, 0.30776671, 0.34716946, 0.34833515, 0.34930548, 0.34929866, 0.34929734, 0.34929627, 0.52759353E-1
0.93455613E-1, 0.16249120, 0.48752237E-1, 0.62942505E-2, 0.74946880E-1, 0.70252120, 5.3929558, 9.7103672, 9.8303804, 19.860695, 19.859728, 19.859467, 19.859251, 0.25006285, 0.25074887, 0.25702244, 0.30392531, 0.34709981, 0.34830251, 0.34930348, 0.34929866, 0.34929734, 0.34929627, 0.48752237E-1
0.92365064E-1, 0.14932157, 0.44800952E-1, 0.33259392E-2, 0.51456690E-1, 0.58335960, 4.9693351, 9.6894751, 9.8216887, 19.860413, 19.859728, 19.859467, 19.859251, 0.25003317, 0.25051382, 0.25582930, 0.29968604, 0.34688762, 0.34821448, 0.34930205, 0.34929866, 0.34929734, 0.34929627, 0.44800952E-1
0.91497183E-1, 0.13884102, 0.41656472E-1, 0.18358231E-2, 0.36233664E-1, 0.49044788, 4.5605493, 9.6892338, 9.8205996, 19.860207, 19.859728, 19.859467, 19.859251, 0.25001833, 0.25036210, 0.25490281, 0.29560238, 0.34688905, 0.34820488, 0.34930104, 0.34929866, 0.34929734, 0.34929627, 0.41656472E-1
0.11673278, 0.44358829, 0.13308980, 1.8448174, 0.34269691E-1, 0.47820807, 4.3681488, 9.7715025, 9.8522978, 19.860054, 19.859728, 19.859467, 19.859251, 0.26844049, 0.25034261, 0.25478148, 0.29368040, 0.34771380, 0.34852254, 0.34930027, 0.34929866, 0.34929734, 0.34929627, 0.13308980
0.11211924, 0.38787472, 0.11637406, 1.5334934, 0.26983023E-1, 0.45120716, 4.2025404, 9.7874269, 9.8606071, 19.859884, 19.859680, 19.859467, 19.859251, 0.26531640, 0.25026962, 0.25451043, 0.29202235, 0.34787074, 0.34860489, 0.34929943, 0.34929842, 0.34929734, 0.34929627, 0.11637406
0.10517814, 0.30405340, 0.91225140E-1, 1.0723442, 0.44524670E-2, 0.39980710, 3.9922900, 9.7658997, 9.8537359, 19.859400, 19.859545, 19.859430, 19.859251, 0.26070920, 0.25004449, 0.25399646, 0.28991970, 0.34765509, 0.34853604, 0.34929699, 0.34929773, 0.34929717, 0.34929627, 0.91225140E-1
0.99143811E-1, 0.23118235, 0.69361642E-1, 0.67051053, 0.0000000, 0.34570098, 3.7307863, 9.7376757, 9.8429537, 19.859186, 19.859488, 19.859407, 19.859251, 0.25669220, 0.24999951, 0.25345501, 0.28730354, 0.34737113, 0.34842762, 0.34929591, 0.34929743, 0.34929705, 0.34929627, 0.69361642E-1
0.94414502E-1, 0.17407081, 0.52226465E-1, 0.36528409, 0.0000000, 0.28789937, 3.4104543, 9.7068596, 9.8299713, 19.859034, 19.859421, 19.859396, 19.859251, 0.25364172, 0.24999951, 0.25287637, 0.28409830, 0.34705973, 0.34829670, 0.34929517, 0.34929711, 0.34929699, 0.34929627, 0.52226465E-1
0.91435455E-1, 0.13809556, 0.41432809E-1, 0.18703938, 0.0000000, 0.23667216, 3.0521789, 9.6862450, 9.8203506, 19.859076, 19.859392, 19.859396, 19.859251, 0.25185972, 0.24999951, 0.25236267, 0.28051135, 0.34684587, 0.34819791, 0.34929538, 0.34929696, 0.34929699, 0.34929627, 0.41432809E-1
0.89436807E-1, 0.11395974, 0.34191344E-1, 0.75796247E-1, 0.0000000, 0.18491149, 2.8632522, 9.4383726, 9.8082571, 19.858959, 19.859339, 19.859385, 19.859251, 0.25075477, 0.24999951, 0.25184679, 0.27862531, 0.34437183, 0.34807846, 0.34929478, 0.34929669, 0.34929693, 0.34929627, 0.34191344E-1
0.88268757E-1, 0.99854231E-1, 0.29959265E-1, 0.23952127E-1, 0.0000000, 0.13922155, 2.7149975, 9.0960474, 9.7961369, 19.858902, 19.859304, 19.859371, 19.859251, 0.25023833, 0.24999951, 0.25139013, 0.27714187, 0.34094691, 0.34795651, 0.34929451, 0.34929651, 0.34929687, 0.34929627, 0.29959265E-1
0.87598473E-1, 0.91759808E-1, 0.27530696E-1, 0.0000000, 0.0000000, 0.10806024, 2.6012807, 8.8089399, 9.8023348, 19.858791, 19.859241, 19.859356, 19.859251, 0.24999863, 0.24999951, 0.25107861, 0.27600318, 0.33807310, 0.34801731, 0.34929395, 0.34929621, 0.34929678, 0.34929627, 0.27530696E-1
0.87210335E-1, 0.87072663E-1, 0.26124412E-1, 0.0000000, 0.0000000, 0.71465969E-1, 2.4719298, 8.4986439, 9.7973452, 19.858271, 19.859091, 19.859306, 19.859222, 0.24999863, 0.24999951, 0.25071287, 0.27470690, 0.33496514, 0.34796527, 0.34929135, 0.34929544, 0.34929654, 0.34929612, 0.26124412E-1
0.86819306E-1, 0.82350552E-1, 0.24707638E-1, 0.0000000, 0.0000000, 0.39836764E-1, 2.3301899, 8.1556578, 9.7883081, 19.857811, 19.858959, 19.859253, 19.859211, 0.24999863, 0.24999951, 0.25039741, 0.27329069, 0.33153698, 0.34787524, 0.34928906, 0.34929478, 0.34929627, 0.34929606, 0.24707638E-1
0.86474806E-1, 0.78190371E-1, 0.23459459E-1, 0.0000000, 0.0000000, 0.18876791E-1, 2.1930695, 7.8075075, 9.7829790, 19.857599, 19.858852, 19.859213, 19.859205, 0.24999863, 0.24999951, 0.25018841, 0.27192223, 0.32806000, 0.34782347, 0.34928799, 0.34929425, 0.34929606, 0.34929603, 0.23459459E-1
0.86116984E-1, 0.73869228E-1, 0.22162985E-1, 0.0000000, 0.0000000, 0.25153160E-2, 2.0403771, 7.4163113, 9.7704906, 19.857420, 19.858765, 19.859171, 19.859194, 0.24999863, 0.24999951, 0.25002509, 0.27039480, 0.32414678, 0.34769773, 0.34928709, 0.34929383, 0.34929585, 0.34929597, 0.22162985E-1
0.85830361E-1, 0.70407920E-1, 0.21124490E-1, 0.0000000, 0.0000000, 0.0000000, 1.8993080, 7.0325541, 9.7676182, 19.857279, 19.858742, 19.859129, 19.859180, 0.24999863, 0.24999951, 0.24999970, 0.26898327, 0.32030743, 0.34766778, 0.34928638, 0.34929371, 0.34929565, 0.34929591, 0.21124490E-1
0.85564986E-1, 0.67203283E-1, 0.20163001E-1, 0.0000000, 0.0000000, 0.0000000, 1.7667651, 6.6565619, 9.7659931, 19.857237, 19.858709, 19.859089, 19.859180, 0.24999863, 0.24999951, 0.24999970, 0.26765949, 0.31655023, 0.34765241, 0.34928620, 0.34929353, 0.34929544, 0.34929591, 0.20163001E-1
0.85322134E-1, 0.64270578E-1, 0.19283103E-1, 0.0000000, 0.0000000, 0.0000000, 1.6493708, 6.3040657, 9.7688751, 19.857319, 19.858688, 19.859066, 19.859180, 0.24999863, 0.24999951, 0.24999970, 0.26648498, 0.31302401, 0.34768012, 0.34928659, 0.34929344, 0.34929532, 0.34929591, 0.19283103E-1
0.85041672E-1, 0.60883705E-1, 0.18266939E-1, 0.0000000, 0.0000000, 0.0000000, 1.5145153, 5.9007816, 9.7533693, 19.857584, 19.858709, 19.859066, 19.859180, 0.24999863, 0.24999951, 0.24999970, 0.26513824, 0.30899435, 0.34752628, 0.34928793, 0.34929353, 0.34929532, 0.34929591, 0.18266939E-1
0.84835768E-1, 0.58397166E-1, 0.17520903E-1, 0.0000000, 0.0000000, 0.0000000, 1.4226019, 5.5811067, 9.7686491, 19.857885, 19.858709, 19.859066, 19.859180, 0.24999863, 0.24999951, 0.24999970, 0.26422158, 0.30580238, 0.34768143, 0.34928942, 0.34929353, 0.34929532, 0.34929591, 0.17520903E-1
0.84581129E-1, 0.55322144E-1, 0.16598303E-1, 0.0000000, 0.0000000, 0.0000000, 1.3054013, 5.2045841, 9.7539310, 19.858021, 19.858709, 19.859066, 19.859180, 0.24999863, 0.24999951, 0.24999970, 0.26305136, 0.30204061, 0.34753603, 0.34929010, 0.34929353, 0.34929532, 0.34929591, 0.16598303E-1
0.84343739E-1, 0.52455410E-1, 0.15738197E-1, 0.0000000, 0.0000000, 0.0000000, 1.2009621, 4.8411436, 9.7503967, 19.858208, 19.858709, 19.859066, 19.859180, 0.24999863, 0.24999951, 0.24999970, 0.26200724, 0.29840660, 0.34750071, 0.34929103, 0.34929353, 0.34929532, 0.34929591, 0.15738197E-1
0.84133066E-1, 0.49911279E-1, 0.14974882E-1, 0.0000000, 0.0000000, 0.0000000, 1.1116534, 4.5093327, 9.7551918, 19.858267, 19.858709, 19.859066, 19.859180, 0.24999863, 0.24999951, 0.24999970, 0.26111406, 0.29508832, 0.34754831, 0.34929132, 0.34929353, 0.34929532, 0.34929591, 0.14974882E-1
0.83948687E-1, 0.47684677E-1, 0.14306834E-1, 0.0000000, 0.0000000, 0.0000000, 1.0340720, 4.2177711, 9.7637901, 19.857916, 19.858652, 19.859035, 19.859180, 0.24999863, 0.24999951, 0.24999970, 0.26033497, 0.29216599, 0.34762886, 0.34928960, 0.34929326, 0.34929517, 0.34929591, 0.14306834E-1
0.83735526E-1, 0.45110546E-1, 0.13534517E-1, 0.0000000, 0.0000000, 0.0000000, 0.94341636, 3.8872032, 9.7494850, 19.857754, 19.858675, 19.859018, 19.859180, 0.24999863, 0.24999951, 0.24999970, 0.25943232, 0.28886825, 0.34749168, 0.34928876, 0.34929338, 0.34929508, 0.34929591, 0.13534517E-1
0.89653522E-1, 0.11657676, 0.34976527E-1, 0.43673217, 0.0000000, 0.0000000, 0.91456175, 3.7052958, 9.7978525, 19.858030, 19.858709, 19.859018, 19.859180, 0.25435540, 0.24999951, 0.24999970, 0.25914413, 0.28704992, 0.34797585, 0.34929016, 0.34929353, 0.34929508, 0.34929591, 0.34976527E-1
0.89241408E-1, 0.11160007, 0.33483371E-1, 0.41121244, 0.0000000, 0.0000000, 0.89138746, 3.5706313, 9.8198709, 19.858236, 19.858709, 19.859018, 19.859180, 0.25410873, 0.24999951, 0.24999970, 0.25891343, 0.28570542, 0.34819791, 0.34929118, 0.34929353, 0.34929508, 0.34929591, 0.33483371E-1
0.86608663E-1, 0.79806812E-1, 0.23944438E-1, 0.22635162, 0.0000000, 0.0000000, 0.86156428, 3.4379566, 9.8230276, 19.858095, 19.858704, 19.859018, 19.859180, 0.25225842, 0.24999951, 0.24999970, 0.25861448, 0.28437725, 0.34822807, 0.34929049, 0.34929353, 0.34929508, 0.34929591, 0.23944438E-1
0.84189333E-1, 0.50590776E-1, 0.15178751E-1, 0.59476495E-1, 0.0000000, 0.0000000, 0.81208646, 3.2640693, 9.8022814, 19.857622, 19.858599, 19.858971, 19.859175, 0.25058964, 0.24999951, 0.24999970, 0.25811666, 0.28263226, 0.34801435, 0.34928811, 0.34929299, 0.34929484, 0.34929588, 0.15178751E-1
0.83260395E-1, 0.39372850E-1, 0.11813037E-1, 0.18954277E-2, 0.0000000, 0.0000000, 0.75552762, 3.0458097, 9.7792883, 19.857553, 19.858635, 19.858971, 19.859175, 0.25001866, 0.24999951, 0.24999970, 0.25754797, 0.28044337, 0.34777713, 0.34928778, 0.34929317, 0.34929484, 0.34929588, 0.11813037E-1
0.12437284, 0.53585029, 0.16077116, 2.9883175, 0.0000000, 0.0000000, 0.73550642, 2.9694021, 9.7491732, 19.857832, 19.858709, 19.858971, 19.859175, 0.27984726, 0.24999951, 0.24999970, 0.25735453, 0.27969295, 0.34749058, 0.34928915, 0.34929353, 0.34929484, 0.34929588, 0.16077116
0.26728147, 1.0000000, 0.67855597, 4.9980755, 8.1807470, 9.0714073, 9.3091860, 9.5512056, 9.8123703, 19.857996, 19.858709, 19.858971, 19.859175, 0.29998055, 0.33180726, 0.34071395, 0.34309182, 0.34551206, 0.34812370, 0.34928998, 0.34929353, 0.34929484, 0.34929588, 0.67855597
0.23916169, 1.0000000, 0.57667273, 2.7776332, 8.2576551, 9.4476109, 9.6131315, 9.7355356, 9.8469448, 19.858107, 19.858709, 19.858971, 19.859175, 0.27777475, 0.33257371, 0.34447449, 0.34613100, 0.34735519, 0.34846938, 0.34929055, 0.34929353, 0.34929484, 0.34929588, 0.57667273
0.23272529, 1.0000000, 0.55335248, 2.6757061, 7.5566483, 9.6080666, 9.7233267, 9.8017254, 9.8676262, 19.858284, 19.858709, 19.858971, 19.859175, 0.27675200, 0.32555789, 0.34607521, 0.34723216, 0.34801668, 0.34867609, 0.34929141, 0.34929353, 0.34929484, 0.34929588, 0.55335248
0.21732984, 1.0000000, 0.49757186, 2.2866666, 6.3762155, 9.5416965, 9.7278385, 9.8080149, 9.8698349, 19.858171, 19.858709, 19.858971, 19.859175, 0.27286634, 0.31376162, 0.34541658, 0.34727830, 0.34808013, 0.34869835, 0.34929085, 0.34929353, 0.34929484, 0.34929588, 0.49757186
0.20579089, 1.0000000, 0.45576406, 2.0162911, 5.4172812, 9.5693502, 9.7435427, 9.8177691, 9.8733406, 19.858095, 19.858709, 19.858971, 19.859175, 0.27016264, 0.30417240, 0.34569314, 0.34743533, 0.34817767, 0.34873340, 0.34929049, 0.34929353, 0.34929484, 0.34929588, 0.45576406
0.21190114, 1.0000000, 0.47790268, 2.7231634, 4.9266014, 9.6643095, 9.7820263, 9.8391161, 9.8809500, 19.858194, 19.858709, 19.858971, 19.859175, 0.27722526, 0.29925907, 0.34663630, 0.34781888, 0.34839049, 0.34880927, 0.34929097, 0.34929353, 0.34929484, 0.34929588, 0.47790268
0.23605131, 1.0000000, 0.56540328, 2.7883835, 7.7127323, 9.6990805, 9.8008881, 9.8499908, 9.8842402, 19.857553, 19.858566, 19.858948, 19.859175, 0.27788350, 0.32712677, 0.34699044, 0.34800881, 0.34849986, 0.34884241, 0.34928778, 0.34929281, 0.34929472, 0.34929588, 0.56540328
0.22918256, 1.0000000, 0.54051650, 2.5966434, 7.2103119, 9.6854868, 9.8045568, 9.8525171, 9.8849669, 19.857275, 19.858492, 19.858948, 19.859175, 0.27596283, 0.32209712, 0.34685084, 0.34804475, 0.34852475, 0.34884951, 0.34928638, 0.34929246, 0.34929472, 0.34929588, 0.54051650
0.22041962, 1.0000000, 0.50876671, 2.3632824, 6.5604715, 9.6476374, 9.7961206, 9.8484516, 9.8836689, 19.857275, 19.858515, 19.858948, 19.859169, 0.27363038, 0.31560066, 0.34647340, 0.34796062, 0.34848422, 0.34883660, 0.34928638, 0.34929258, 0.34929472, 0.34929585, 0.50876671
0.20819160, 1.0000000, 0.46446231, 2.0361276, 5.6620569, 9.5878639, 9.7719440, 9.8356562, 9.8791580, 19.856993, 19.858456, 19.858948, 19.859152, 0.27035859, 0.30661613, 0.34587488, 0.34771866, 0.34835616, 0.34879145, 0.34928495, 0.34929228, 0.34929472, 0.34929577, 0.46446231
0.19514072, 1.0000000, 0.41717651, 1.7145067, 4.6448903, 9.5496645, 9.7507038, 9.8238325, 9.8750906, 19.856936, 19.858450, 19.858948, 19.859144, 0.26713979, 0.29644033, 0.34548786, 0.34750524, 0.34823743, 0.34875059, 0.34928468, 0.34929225, 0.34929472, 0.34929574, 0.41717651
0.18731657, 1.0000000, 0.38882816, 1.5550733, 3.9409971, 9.5920639, 9.7638121, 9.8303919, 9.8776722, 19.857347, 19.858566, 19.858948, 19.859144, 0.26554975, 0.28940848, 0.34591880, 0.34763777, 0.34830374, 0.34877667, 0.34928674, 0.34929281, 0.34929472, 0.34929574, 0.38882816
0.17757207, 1.0000000, 0.35352200, 1.3416976, 3.1361551, 9.5638266, 9.7539244, 9.8252363, 9.8760319, 19.857529, 19.858566, 19.858948, 19.859144, 0.26341358, 0.28135681, 0.34563103, 0.34753776, 0.34825161, 0.34876007, 0.34928763, 0.34929281, 0.34929472, 0.34929574, 0.35352200
0.16995563, 1.0000000, 0.32592615, 1.1563301, 2.7418911, 9.1320324, 9.7458277, 9.8207760, 9.8747149, 19.857836, 19.858566, 19.858948, 19.859144, 0.26156071, 0.27741525, 0.34131423, 0.34745696, 0.34820712, 0.34874693, 0.34928918, 0.34929281, 0.34929472, 0.34929574, 0.32592615
0.16399278, 1.0000000, 0.30432165, 1.0086238, 2.5268884, 8.6126385, 9.7467995, 9.8211260, 9.8749571, 19.858076, 19.858566, 19.858948, 19.859144, 0.26008511, 0.27526718, 0.33612350, 0.34746733, 0.34821093, 0.34874946, 0.34929037, 0.34929281, 0.34929472, 0.34929574, 0.30432165
0.15728968, 0.93335688, 0.28003508, 0.84924996, 2.2808881, 8.0205154, 9.7340612, 9.8142204, 9.8726435, 19.858212, 19.858566, 19.858948, 19.859144, 0.25849098, 0.27280647, 0.33020088, 0.34733957, 0.34814167, 0.34872627, 0.34929106, 0.34929281, 0.34929472, 0.34929574, 0.28003508
0.15196726, 0.86908281, 0.26075092, 0.73075891, 2.0890803, 7.5116796, 9.7372789, 9.8156891, 9.8731318, 19.858292, 19.858566, 19.858948, 19.859144, 0.25730714, 0.27089006, 0.32511547, 0.34737244, 0.34815672, 0.34873125, 0.34929144, 0.34929281, 0.34929472, 0.34929574, 0.26075092
0.14691600, 0.80808347, 0.24244930, 0.62084198, 1.9079715, 7.0202293, 9.7377892, 9.8159094, 9.8731432, 19.858234, 19.858566, 19.858948, 19.859144, 0.25620785, 0.26907864, 0.32020032, 0.34737736, 0.34815884, 0.34873134, 0.34929118, 0.34929281, 0.34929472, 0.34929574, 0.24244930
0.14109513, 0.73779017, 0.22135919, 0.49399436, 1.6973406, 6.4635644, 9.7222433, 9.8074379, 9.8700171, 19.858059, 19.858566, 19.858948, 19.859144, 0.25493839, 0.26697022, 0.31462955, 0.34722063, 0.34807345, 0.34869987, 0.34929031, 0.34929281, 0.34929472, 0.34929574, 0.22135919
0.13788937, 0.69907707, 0.20974410, 0.43827593, 1.5876234, 6.0870891, 9.7454309, 9.8195896, 9.8742599, 19.858147, 19.858566, 19.858948, 19.859144, 0.25438234, 0.26587534, 0.31086916, 0.34745374, 0.34819564, 0.34874251, 0.34929073, 0.34929281, 0.34929472, 0.34929574, 0.20974410
0.13553630, 0.67066121, 0.20121849, 0.40231645, 1.5083611, 5.7928586, 9.7653189, 9.8307943, 9.8783340, 19.858286, 19.858566, 19.858948, 19.859144, 0.25402197, 0.26508093, 0.30792344, 0.34765145, 0.34830707, 0.34878305, 0.34929144, 0.34929281, 0.34929472, 0.34929574, 0.20121849
0.14159854, 0.74386930, 0.22318311, 1.0323316, 1.3726562, 5.4298391, 9.7550859, 9.8258371, 9.8762770, 19.857727, 19.858456, 19.858948, 19.859127, 0.26032302, 0.26372632, 0.30429795, 0.34755069, 0.34825829, 0.34876275, 0.34928864, 0.34929228, 0.34929472, 0.34929565, 0.22318311
0.13862392, 0.70794749, 0.21240549, 0.93525946, 1.3014078, 5.1740217, 9.7743292, 9.8359766, 9.8797617, 19.857687, 19.858515, 19.858948, 19.859127, 0.25934997, 0.26301187, 0.30173585, 0.34774166, 0.34835893, 0.34879735, 0.34928843, 0.34929258, 0.34929472, 0.34929565, 0.21240549
0.13533983, 0.66828865, 0.20050664, 0.83123446, 1.2180477, 4.8948655, 9.7737036, 9.8360672, 9.8799343, 19.857763, 19.858566, 19.858948, 19.859127, 0.25830907, 0.26217759, 0.29894283, 0.34773472, 0.34835950, 0.34879896, 0.34928882, 0.34929281, 0.34929472, 0.34929565, 0.20050664
0.13372587, 0.64879817, 0.19465892, 0.79013705, 1.1815816, 4.7104077, 9.7955093, 9.8477745, 9.8841248, 19.858034, 19.858566, 19.858948, 19.859127, 0.25789651, 0.26181147, 0.29709539, 0.34795150, 0.34847593, 0.34884065, 0.34929016, 0.34929281, 0.34929472, 0.34929565, 0.19465892
0.13119209, 0.61820006, 0.18547857, 0.71751475, 1.1153609, 4.4741778, 9.7866793, 9.8437748, 9.8829479, 19.858181, 19.858566, 19.858948, 19.859127, 0.25717169, 0.26115036, 0.29473528, 0.34786397, 0.34843633, 0.34882900, 0.34929091, 0.34929281, 0.34929472, 0.34929565, 0.18547857
0.12810299, 0.58089572, 0.17428616, 0.63074529, 1.0326385, 4.1851649, 9.7707691, 9.8353796, 9.8802156, 19.858292, 19.858566, 19.858948, 19.859127, 0.25630629, 0.26032522, 0.29184932, 0.34770659, 0.34835327, 0.34880197, 0.34929144, 0.34929281, 0.34929472, 0.34929565, 0.17428616
0.12617013, 0.55755448, 0.16728307, 0.58288574, 0.98544955, 3.9697783, 9.7833757, 9.8417854, 9.8824196, 19.858292, 19.858566, 19.858948, 19.859127, 0.25582665, 0.25985226, 0.28969324, 0.34783152, 0.34841672, 0.34882382, 0.34929144, 0.34929281, 0.34929472, 0.34929565, 0.16728307
0.12450776, 0.53747946, 0.16125996, 0.53902864, 0.94541609, 3.7913721, 9.7951651, 9.8481703, 9.8845243, 19.858253, 19.858566, 19.858948, 19.859127, 0.25538820, 0.25945196, 0.28790930, 0.34794936, 0.34848055, 0.34884486, 0.34929127, 0.34929281, 0.34929472, 0.34929565, 0.16125996
0.12048811, 0.48893791, 0.14669605, 0.41172802, 0.83379149, 3.4778728, 9.7565193, 9.8278246, 9.8771935, 19.857786, 19.858479, 19.858948, 19.859116, 0.25411558, 0.25833586, 0.28477439, 0.34756279, 0.34827703, 0.34877151, 0.34928894, 0.34929240, 0.34929472, 0.34929559, 0.14669605
0.11618724, 0.43700024, 0.13111319, 0.29315054, 0.71311593, 3.0852306, 9.7188053, 9.8065138, 9.8694916, 19.857515, 19.858473, 19.858948, 19.859110, 0.25293034, 0.25712946, 0.28084868, 0.34718576, 0.34806398, 0.34869453, 0.34928757, 0.34929237, 0.34929472, 0.34929556, 0.13111319
0.11258878, 0.39354491, 0.11807528, 0.20509362, 0.59767365, 2.7794003, 9.5302906, 9.7873611, 9.8623762, 19.857538, 19.858545, 19.858948, 19.859110, 0.25205073, 0.25597635, 0.27779314, 0.34530231, 0.34787333, 0.34862366, 0.34928769, 0.34929273, 0.34929472, 0.34929556, 0.11807528
0.11112139, 0.37582454, 0.11275864, 0.17655790, 0.54656863, 2.6584446, 9.3444109, 9.8021574, 9.8674974, 19.857836, 19.858566, 19.858948, 19.859110, 0.25176486, 0.25546438, 0.27658123, 0.34344184, 0.34802037, 0.34867460, 0.34928918, 0.34929281, 0.34929472, 0.34929556, 0.11275864
0.12834392, 0.58380538, 0.17515914, 1.4718473, 0.51680803, 2.5852590, 9.2072544, 9.8202991, 9.8741541, 19.858076, 19.858566, 19.858948, 19.859110, 0.26471761, 0.25516790, 0.27585214, 0.34207222, 0.34820282, 0.34874147, 0.34929037, 0.34929281, 0.34929472, 0.34929556, 0.17515914
0.15751919, 0.93612832, 0.28086659, 2.9167085, 1.6635180, 2.5409222, 9.1056185, 9.8372622, 9.8803749, 19.858217, 19.858566, 19.858948, 19.859110, 0.27916691, 0.26663512, 0.27540916, 0.34105614, 0.34837261, 0.34880376, 0.34929109, 0.34929281, 0.34929472, 0.34929556, 0.28086659
0.15477040, 0.90293378, 0.27090722, 2.7661324, 1.6107202, 2.5009751, 9.0181627, 9.8477783, 9.8841782, 19.858292, 19.858566, 19.858948, 19.859110, 0.27766073, 0.26610699, 0.27500957, 0.34018150, 0.34847772, 0.34884176, 0.34929144, 0.34929281, 0.34929472, 0.34929556, 0.27090722
0.15169138, 0.86575133, 0.25975138, 2.5979309, 1.5513003, 2.4544656, 8.9300756, 9.8518887, 9.8857307, 19.858292, 19.858566, 19.858948, 19.859110, 0.27597746, 0.26551235, 0.27454415, 0.33930036, 0.34851867, 0.34885725, 0.34929144, 0.34929281, 0.34929472, 0.34929556, 0.25975138
0.14847814, 0.82694781, 0.24810916, 2.4674268, 1.4389753, 2.3642004, 8.8063669, 9.8400059, 9.8818235, 19.858292, 19.858566, 19.858948, 19.859110, 0.27467206, 0.26438898, 0.27364138, 0.33806318, 0.34839979, 0.34881815, 0.34929144, 0.34929281, 0.34929472, 0.34929556, 0.24810916
0.14547133, 0.79063761, 0.23721501, 2.3040800, 1.3811290, 2.3162513, 8.7110157, 9.8463326, 9.8839979, 19.858292, 19.858566, 19.858948, 19.859110, 0.27303910, 0.26381069, 0.27316201, 0.33710977, 0.34846312, 0.34883991, 0.34929144, 0.34929281, 0.34929472, 0.34929556, 0.23721501
0.14214721, 0.75049514, 0.22517106, 2.1263690, 1.3130873, 2.2624283, 8.6151562, 9.8484879, 9.8845243, 19.858093, 19.858566, 19.858948, 19.859110, 0.27125818, 0.26312882, 0.27262253, 0.33615023, 0.34848410, 0.34884498, 0.34929046, 0.34929281, 0.34929472, 0.34929556, 0.22517106
0.13669810, 0.68469101, 0.20542786, 1.8389553, 1.1907786, 2.1737456, 8.4946604, 9.8398848, 9.8807335, 19.857080, 19.858332, 19.858900, 19.859098, 0.26838461, 0.26190588, 0.27173570, 0.33494523, 0.34839806, 0.34880707, 0.34928539, 0.34929165, 0.34929448, 0.34929550, 0.20542786
0.13457656, 0.65907133, 0.19774118, 1.7295033, 1.1416703, 2.1394789, 8.4141083, 9.8512135, 9.8843908, 19.856892, 19.858320, 19.858900, 19.859098, 0.26728955, 0.26141453, 0.27139276, 0.33413947, 0.34851119, 0.34884357, 0.34928447, 0.34929159, 0.34929448, 0.34929550, 0.19774118
0.18019032, 1.0000000, 0.36300844, 2.4334133, 2.8560817, 7.1498585, 9.5588484, 9.8623133, 9.8879671, 19.856821, 19.858332, 19.858900, 19.859098, 0.27433336, 0.27856028, 0.32149789, 0.34558830, 0.34862304, 0.34887964, 0.34928411, 0.34929165, 0.34929448, 0.34929550, 0.36300844
0.32860020, 1.0000000, 0.90072525, 8.5528355, 9.3563557, 9.5572004, 9.7620144, 9.8721828, 9.8912382, 19.856979, 19.858398, 19.858900, 19.859098, 0.33552766, 0.34356311, 0.34557176, 0.34762007, 0.34872180, 0.34891239, 0.34928489, 0.34929198, 0.34929448, 0.34929550, 0.90072525
0.35599953, 1.0000000, 0.99999827, 9.9999990, 9.9999990, 9.9999990, 9.9999990, 9.9999990, 9.9999990, 19.999998, 19.999998, 19.999998, 19.998999, 0.34999976, 0.34999985, 0.34999993, 0.34999999, 0.34999999, 0.34999999, 0.34999999, 0.34999999, 0.34999999, 0.34999499, 0.99999827
0.34929311, 1.0000000, 0.97569972, 9.6444426, 9.8309593, 9.9111490, 9.9777031, 9.9887028, 9.9957371, 19.999493, 19.999855, 19.999725, 19.975233, 0.34643999, 0.34830686, 0.34911013, 0.34977677, 0.34988686, 0.34995732, 0.34999746, 0.34999928, 0.34999862, 0.34987617, 0.97569972
0.34170294, 1.0000000, 0.94819891, 9.1787529, 9.7261648, 9.8464422, 9.9558992, 9.9773045, 9.9913282, 19.998949, 19.999712, 19.998110, 19.952848, 0.34178081, 0.34725738, 0.34846228, 0.34955856, 0.34977284, 0.34991324, 0.34999475, 0.34999856, 0.34999055, 0.34976423, 0.94819891
0.33230871, 1.0000000, 0.91416192, 8.5534859, 9.6597319, 9.8001986, 9.9333849, 9.9649286, 9.9863539, 19.998365, 19.999556, 19.994158, 19.932835, 0.33552852, 0.34659299, 0.34799981, 0.34933341, 0.34964907, 0.34986347, 0.34999183, 0.34999779, 0.34997079, 0.34966418, 0.91416192
0.35596335, 1.0000000, 0.99986720, 9.9983845, 9.9990339, 9.9995108, 9.9999065, 9.9999514, 9.9999847, 19.999998, 19.999992, 19.999260, 19.952997, 0.34998173, 0.34998906, 0.34999448, 0.34999895, 0.34999946, 0.34999982, 0.34999999, 0.34999996, 0.34999630, 0.34976500, 0.99986720
0.35244709, 1.0000000, 0.98712707, 9.8157492, 9.9048510, 9.9509029, 9.9880562, 9.9939823, 9.9977417, 19.999725, 19.999926, 19.995354, 19.932981, 0.34815428, 0.34904653, 0.34950805, 0.34988037, 0.34993973, 0.34997740, 0.34999862, 0.34999964, 0.34997678, 0.34966490, 0.98712707
0.35106814, 1.0000000, 0.98213083, 9.7290087, 9.8888292, 9.9400682, 9.9832354, 9.9914646, 9.9966478, 19.999462, 19.999796, 19.988565, 19.915945, 0.34728724, 0.34888655, 0.34939983, 0.34983218, 0.34991455, 0.34996644, 0.34999731, 0.34999898, 0.34994283, 0.34957972, 0.98213083
0.34787434, 1.0000000, 0.97055912, 9.5374813, 9.8383398, 9.9104834, 9.9728603, 9.9860535, 9.9944029, 19.999039, 19.999376, 19.978910, 19.901995, 0.34537247, 0.34838194, 0.34910408, 0.34972847, 0.34986049, 0.34994400, 0.34999520, 0.34999686, 0.34989455, 0.34950998, 0.97055912
0.33872193, 1.0000000, 0.93739820, 9.0167389, 9.6578321, 9.8040752, 9.9399099, 9.9687519, 9.9878845, 19.998444, 19.998343, 19.966866, 19.890965, 0.34016716, 0.34657818, 0.34804067, 0.34939906, 0.34968752, 0.34987885, 0.34999222, 0.34999171, 0.34983432, 0.34945482, 0.93739820
0.32337317, 1.0000000, 0.88178682, 7.9813085, 9.5673170, 9.7396774, 9.9053049, 9.9493074, 9.9799347, 19.997501, 19.996197, 19.953316, 19.882498, 0.32981008, 0.34567103, 0.34739569, 0.34905285, 0.34949297, 0.34979931, 0.34998751, 0.34998098, 0.34976658, 0.34941250, 0.88178682
0.33615404, 1.0000000, 0.92809421, 8.8010387, 9.7076540, 9.8128357, 9.9125366, 9.9508953, 9.9795046, 19.997219, 19.992722, 19.939251, 19.876125, 0.33800590, 0.34707358, 0.34812686, 0.34912506, 0.34950879, 0.34979498, 0.34998611, 0.34996361, 0.34969625, 0.34938061, 0.92809421
0.32068115, 1.0000000, 0.87203324, 7.8480287, 9.4947462, 9.6885128, 9.8659830, 9.9245100, 9.9679775, 19.995285, 19.986906, 19.925467, 19.871387, 0.32847938, 0.34494680, 0.34688482, 0.34865975, 0.34924507, 0.34967977, 0.34997642, 0.34993452, 0.34962732, 0.34935695, 0.87203324
0.29883158, 1.0000000, 0.79286808, 6.3132706, 9.4393463, 9.6463137, 9.8372879, 9.9058552, 9.9590302, 19.993847, 19.979116, 19.912832, 19.867912, 0.31313023, 0.34439126, 0.34646201, 0.34837264, 0.34905845, 0.34959027, 0.34996924, 0.34989560, 0.34956416, 0.34933954, 0.79286808
0.28691700, 1.0000000, 0.74969923, 5.3719068, 9.5408459, 9.7015562, 9.8455753, 9.9070387, 9.9575577, 19.992754, 19.969501, 19.901768, 19.865393, 0.30371675, 0.34540600, 0.34701431, 0.34845549, 0.34907025, 0.34957555, 0.34996378, 0.34984750, 0.34950882, 0.34932697, 0.74969923
0.32783216, 1.0000000, 0.89794266, 8.2105722, 9.7021646, 9.7926006, 9.8721066, 9.9195137, 9.9608078, 19.991125, 19.958305, 19.892403, 19.863583, 0.33210364, 0.34702018, 0.34792528, 0.34872091, 0.34919503, 0.34960803, 0.34995562, 0.34979153, 0.34946200, 0.34931791, 0.89794266
0.32761198, 1.0000000, 0.89714479, 8.1574583, 9.7469311, 9.8222103, 9.8869324, 9.9271708, 9.9630318, 19.988377, 19.946104, 19.884735, 19.862284, 0.33157429, 0.34746909, 0.34822199, 0.34886929, 0.34927171, 0.34963033, 0.34994188, 0.34973052, 0.34942368, 0.34931141, 0.89714479
0.35599834, 1.0000000, 0.99999380, 9.9999428, 9.9999638, 9.9999819, 9.9999933, 9.9999990, 9.9999990, 19.999998, 19.999998, 19.999998, 19.996996, 0.34999916, 0.34999946, 0.34999973, 0.34999990, 0.34999999, 0.34999999, 0.34999999, 0.34999999, 0.34999999, 0.34998497, 0.99999380
0.35599959, 1.0000000, 0.99999851, 9.9999990, 9.9999990, 9.9999990, 9.9999990, 9.9999990, 9.9999990, 19.999998, 19.999998, 19.999998, 19.998999, 0.34999979, 0.34999987, 0.34999993, 0.34999999, 0.34999999, 0.34999999, 0.34999999, 0.34999999, 0.34999999, 0.34999499, 0.99999851
0.35600001, 1.0000000, 1.0000000, 9.9999990, 9.9999990, 9.9999990, 9.9999990, 9.9999990, 9.9999990, 19.999998, 19.999998, 19.999998, 19.998999, 0.34999999, 0.34999999, 0.34999999, 0.34999999, 0.34999999, 0.34999999, 0.34999999, 0.34999999, 0.34999999, 0.34999499, 1.0000000
0.35599953, 1.0000000, 0.99999833, 9.9999962, 9.9999990, 9.9999990, 9.9999990, 9.9999990, 9.9999990, 19.999998, 19.999998, 19.999998, 19.998999, 0.34999976, 0.34999987, 0.34999993, 0.34999999, 0.34999999, 0.34999999, 0.34999999, 0.34999999, 0.34999999, 0.34999499, 0.99999833
0.34795666, 1.0000000, 0.97085744, 9.6109619, 9.7492781, 9.8650246, 9.9629831, 9.9811459, 9.9925995, 19.998878, 19.999706, 19.999809, 19.980234, 0.34610942, 0.34749267, 0.34865019, 0.34962982, 0.34981146, 0.34992599, 0.34999439, 0.34999853, 0.34999904, 0.34990117, 0.97085744
0.33292544, 1.0000000, 0.91639656, 8.6522112, 9.5908194, 9.7613020, 9.9203434, 9.9583206, 9.9832287, 19.997358, 19.999313, 19.998512, 19.957441, 0.33651569, 0.34590393, 0.34761086, 0.34920299, 0.34958300, 0.34983224, 0.34998679, 0.34999657, 0.34999257, 0.34978721, 0.91639656
0.30919373, 1.0000000, 0.83041209, 7.0501928, 9.4505377, 9.6628246, 9.8649139, 9.9265156, 9.9695177, 19.995131, 19.998734, 19.995014, 19.936831, 0.32049876, 0.34450284, 0.34662697, 0.34864888, 0.34926504, 0.34969515, 0.34997565, 0.34999368, 0.34997508, 0.34968415, 0.83041209
0.28042790, 1.0000000, 0.72618806, 5.0431294, 9.3615732, 9.5955429, 9.8159599, 9.8954391, 9.9552250, 19.993153, 19.998180, 19.988728, 19.919127, 0.30042940, 0.34361362, 0.34595436, 0.34815940, 0.34895426, 0.34955221, 0.34996575, 0.34999090, 0.34994364, 0.34959564, 0.72618806
0.25033924, 1.0000000, 0.61717117, 2.9431195, 9.2549019, 9.5515318, 9.7784328, 9.8693361, 9.9419098, 19.991461, 19.997452, 19.979576, 19.904545, 0.27942994, 0.34254667, 0.34551409, 0.34778410, 0.34869325, 0.34941906, 0.34995729, 0.34998727, 0.34989789, 0.34952271, 0.61717117
0.22968571, 1.0000000, 0.54233950, 2.3749352, 7.7219663, 9.5295057, 9.7541113, 9.8507786, 9.9309492, 19.989931, 19.996201, 19.967960, 19.892933, 0.27374834, 0.32721770, 0.34529385, 0.34754089, 0.34850767, 0.34930947, 0.34994966, 0.34998101, 0.34983981, 0.34946465, 0.54233950
0.21460316, 1.0000000, 0.48769256, 2.0032585, 6.5110726, 9.5480967, 9.7560091, 9.8482304, 9.9269857, 19.989172, 19.994234, 19.954742, 19.884018, 0.27003044, 0.31510660, 0.34547794, 0.34755948, 0.34848198, 0.34926975, 0.34994584, 0.34997118, 0.34977371, 0.34942010, 0.48769256
0.19722027, 1.0000000, 0.42471111, 1.5661657, 5.1616645, 9.5093632, 9.7361975, 9.8352070, 9.9194450, 19.987694, 19.990669, 19.940794, 19.877249, 0.26566103, 0.30161539, 0.34509248, 0.34736174, 0.34835196, 0.34919444, 0.34993845, 0.34995335, 0.34970397, 0.34938625, 0.42471111
0.18041688, 1.0000000, 0.36382926, 1.1862546, 3.7839062, 9.4778833, 9.7173662, 9.8226633, 9.9125996, 19.986486, 19.985306, 19.927092, 19.872223, 0.26186177, 0.28783756, 0.34477696, 0.34717327, 0.34822643, 0.34912592, 0.34993243, 0.34992653, 0.34963545, 0.34936112, 0.36382926
0.16485673, 1.0000000, 0.30745193, 0.80176592, 2.8329253, 8.9095840, 9.6915054, 9.8057222, 9.9036398, 19.984697, 19.977745, 19.914330, 19.868528, 0.25801748, 0.27832890, 0.33909529, 0.34691495, 0.34805715, 0.34903637, 0.34992349, 0.34988874, 0.34957165, 0.34934264, 0.30745193
0.15406492, 0.89441454, 0.26835120, 0.53606927, 2.4068804, 8.0428762, 9.6863327, 9.8007936, 9.8997574, 19.982817, 19.968262, 19.903042, 19.865810, 0.25536010, 0.27406722, 0.33042613, 0.34686270, 0.34800762, 0.34899744, 0.34991407, 0.34984130, 0.34951520, 0.34932905, 0.26835120
0.14731732, 0.81292981, 0.24390334, 0.38926303, 2.1443307, 7.4218316, 9.7104321, 9.8134127, 9.9036856, 19.980682, 19.957272, 19.893469, 19.863859, 0.25389177, 0.27144051, 0.32421347, 0.34710303, 0.34813347, 0.34903666, 0.34990340, 0.34978634, 0.34946734, 0.34931928, 0.24390334
0.17021553, 1.0000000, 0.32686785, 1.9129097, 2.3714452, 7.4219222, 9.7047777, 9.8104639, 9.9015503, 19.976036, 19.944868, 19.885473, 19.862450, 0.26912573, 0.27371195, 0.32421529, 0.34704673, 0.34810415, 0.34901533, 0.34988019, 0.34972435, 0.34942737, 0.34931225, 0.32686785
0.15431815, 0.89747244, 0.26926866, 1.2815148, 1.9280434, 6.5841560, 9.6749592, 9.7929249, 9.8934078, 19.969509, 19.932018, 19.879026, 19.861425, 0.26280811, 0.26927409, 0.31583071, 0.34674641, 0.34792763, 0.34893355, 0.34984756, 0.34966010, 0.34939513, 0.34930712, 0.26926866
0.14070949, 0.73313314, 0.21996194, 0.78473985, 1.5342325, 5.7426682, 9.6580296, 9.7814341, 9.8869734, 19.961569, 19.919592, 19.873991, 19.860708, 0.25784478, 0.26533923, 0.30742091, 0.34657836, 0.34781337, 0.34886941, 0.34980786, 0.34959796, 0.34936994, 0.34930354, 0.21996194
0.12956974, 0.59860837, 0.17960048, 0.43651164, 1.1975706, 4.8895755, 9.6460323, 9.7725906, 9.8816824, 19.952890, 19.908312, 19.870115, 19.860186, 0.25436294, 0.26197213, 0.29888844, 0.34645742, 0.34772444, 0.34881631, 0.34976447, 0.34954154, 0.34935057, 0.34930092, 0.17960048
0.11840838, 0.46382302, 0.13916083, 0.13273358, 0.84636807, 3.9191940, 9.6057329, 9.7476072, 9.8693514, 19.942535, 19.898191, 19.867151, 19.859816, 0.25132644, 0.25846025, 0.28918403, 0.34605345, 0.34747410, 0.34869286, 0.34971267, 0.34949094, 0.34933576, 0.34929907, 0.13916083
0.11046161, 0.36785701, 0.11036814, 0.0000000, 0.57589710, 2.9923201, 9.5624390, 9.7305698, 9.8594751, 19.931925, 19.889679, 19.864931, 19.859562, 0.24996379, 0.25575811, 0.27992097, 0.34562296, 0.34730500, 0.34859452, 0.34965962, 0.34944838, 0.34932464, 0.34929782, 0.11036814
0.10692516, 0.32515058, 0.97554930E-1, 0.0000000, 0.38664341, 2.6039064, 9.1294394, 9.7306519, 9.8563137, 19.921175, 19.882643, 19.863272, 19.859386, 0.24996379, 0.25386471, 0.27603328, 0.34129035, 0.34730437, 0.34856242, 0.34960586, 0.34941322, 0.34931636, 0.34929693, 0.97554930E-1
0.10283621, 0.27577201, 0.82739875E-1, 0.0000000, 0.19878745, 2.1106660, 8.5538645, 9.6932554, 9.8379259, 19.910408, 19.876862, 19.862041, 19.859287, 0.24996379, 0.25198755, 0.27110490, 0.33553723, 0.34693176, 0.34837899, 0.34955204, 0.34938431, 0.34931022, 0.34929645, 0.82739875E-1
0.99770814E-1, 0.23875411, 0.71633399E-1, 0.0000000, 0.80180168E-1, 1.7226130, 7.9853501, 9.6863680, 9.8306780, 19.900551, 19.872301, 19.861151, 19.859222, 0.24996379, 0.25080127, 0.26722050, 0.32984829, 0.34686053, 0.34830570, 0.34950274, 0.34936151, 0.34930575, 0.34929612, 0.71633399E-1
0.98700508E-1, 0.22582902, 0.67755483E-1, 0.0000000, 0.56946278E-1, 1.5720487, 7.6454597, 9.7384968, 9.8498640, 19.892973, 19.869059, 19.860569, 19.859222, 0.24996379, 0.25056937, 0.26571921, 0.32645336, 0.34738418, 0.34849837, 0.34946486, 0.34934530, 0.34930283, 0.34929612, 0.67755483E-1
0.96891150E-1, 0.20397897, 0.61199814E-1, 0.0000000, 0.0000000, 1.3343006, 7.2284117, 9.7210798, 9.8427029, 19.885456, 19.866339, 19.860100, 19.859200, 0.24996379, 0.24999616, 0.26334152, 0.32228249, 0.34720972, 0.34842667, 0.34942728, 0.34933168, 0.34930050, 0.34929600, 0.61199814E-1
0.95750324E-1, 0.19020228, 0.57066392E-1, 0.0000000, 0.0000000, 1.1384457, 6.8311849, 9.7183647, 9.8397312, 19.878771, 19.864157, 19.859741, 19.859163, 0.24996379, 0.24999616, 0.26138383, 0.31831107, 0.34718311, 0.34839714, 0.34939384, 0.34932077, 0.34929872, 0.34929582, 0.57066392E-1
0.94094858E-1, 0.17021069, 0.51068313E-1, 0.0000000, 0.0000000, 0.86296797, 6.2408729, 9.6652908, 9.8151855, 19.873096, 19.862476, 19.859489, 19.859127, 0.24996379, 0.24999616, 0.25862762, 0.31240577, 0.34665060, 0.34815109, 0.34936547, 0.34931237, 0.34929746, 0.34929565, 0.51068313E-1
0.14039737, 0.72936380, 0.21883102, 2.1606565, 2.0098119, 0.85435212, 6.0461073, 9.7741089, 9.8560019, 19.870035, 19.861595, 19.859489, 19.859127, 0.27160093, 0.27009499, 0.25854287, 0.31046012, 0.34774032, 0.34855977, 0.34935018, 0.34930798, 0.34929746, 0.34929565, 0.21883102
0.13609383, 0.67739391, 0.20323850, 1.9393504, 1.8842518, 0.82652569, 5.9020095, 9.8039951, 9.8696423, 19.867531, 19.860962, 19.859489, 19.859127, 0.26939332, 0.26884240, 0.25826523, 0.30902007, 0.34803993, 0.34869641, 0.34933764, 0.34930480, 0.34929746, 0.34929565, 0.20323850
0.15692313, 0.92893040, 0.27870700, 2.6937306, 2.3838072, 2.3791285, 5.7329788, 9.8013906, 9.8692923, 19.864748, 19.860313, 19.859394, 19.859116, 0.27693498, 0.27383685, 0.27379066, 0.30732948, 0.34801367, 0.34869283, 0.34932375, 0.34930158, 0.34929699, 0.34929559, 0.27870700
0.20271337, 1.0000000, 0.44461361, 2.1095929, 5.2908316, 8.7975378, 9.5851812, 9.8370857, 9.8819256, 19.863091, 19.859936, 19.859348, 19.859116, 0.27109540, 0.30290750, 0.33797470, 0.34585166, 0.34837076, 0.34881923, 0.34931546, 0.34929967, 0.34929675, 0.34929559, 0.44461361
0.28355926, 1.0000000, 0.73753357, 5.2502460, 9.3922434, 9.6160688, 9.7609329, 9.8582430, 9.8892584, 19.861881, 19.859684, 19.859318, 19.859116, 0.30250224, 0.34392220, 0.34616056, 0.34760931, 0.34858245, 0.34889257, 0.34930941, 0.34929842, 0.34929660, 0.34929559, 0.73753357
0.35600001, 1.0000000, 1.0000000, 9.9999990, 9.9999990, 9.9999990, 9.9999990, 9.9999990, 9.9999990, 19.999998, 19.999998, 19.999998, 19.997997, 0.34999999, 0.34999999, 0.34999999, 0.34999999, 0.34999999, 0.34999999, 0.34999999, 0.34999999, 0.34999999, 0.34998998, 1.0000000
0.33347118, 1.0000000, 0.91837382, 8.6986208, 9.5772953, 9.7600021, 9.9317389, 9.9649067, 9.9868078, 19.998634, 19.999647, 19.999622, 19.974253, 0.33698460, 0.34577188, 0.34759948, 0.34931725, 0.34964901, 0.34986806, 0.34999317, 0.34999824, 0.34999812, 0.34987128, 0.91837382
0.33159405, 1.0000000, 0.91157264, 8.5908060, 9.5518026, 9.7278080, 9.8990154, 9.9459648, 9.9787865, 19.997585, 19.999378, 19.997890, 19.951946, 0.33590218, 0.34551409, 0.34727609, 0.34898973, 0.34945944, 0.34978780, 0.34998792, 0.34999689, 0.34998944, 0.34975973, 0.91157264
0.35600001, 1.0000000, 1.0000000, 9.9999990, 9.9999990, 9.9999990, 9.9999990, 9.9999990, 9.9999990, 19.999998, 19.999998, 19.999998, 19.998999, 0.34999999, 0.34999999, 0.34999999, 0.34999999, 0.34999999, 0.34999999, 0.34999999, 0.34999999, 0.34999999, 0.34999499, 1.0000000
0.35242707, 1.0000000, 0.98705447, 9.8150024, 9.9033680, 9.9502277, 9.9886580, 9.9942894, 9.9979515, 19.999849, 19.999958, 19.999750, 19.975233, 0.34814912, 0.34903315, 0.34950200, 0.34988654, 0.34994286, 0.34997952, 0.34999925, 0.34999979, 0.34999874, 0.34987617, 0.98705447
0.33895290, 1.0000000, 0.93823510, 9.0272665, 9.6633329, 9.8116016, 9.9500074, 9.9744501, 9.9907331, 19.999355, 19.999832, 19.998146, 19.952848, 0.34027141, 0.34663251, 0.34811559, 0.34949997, 0.34974447, 0.34990734, 0.34999678, 0.34999916, 0.34999073, 0.34976423, 0.93823510
0.32671830, 1.0000000, 0.89390683, 8.2903824, 9.4823589, 9.6891146, 9.8928585, 9.9433661, 9.9783773, 19.997972, 19.999466, 19.994129, 19.932806, 0.33290347, 0.34482336, 0.34689102, 0.34892854, 0.34943366, 0.34978378, 0.34998986, 0.34999734, 0.34997064, 0.34966403, 0.89390683
0.31690431, 1.0000000, 0.85834897, 7.4921432, 9.5992079, 9.7480335, 9.8892794, 9.9384594, 9.9751911, 19.997490, 19.999252, 19.987314, 19.915798, 0.32491913, 0.34599033, 0.34747943, 0.34889263, 0.34938452, 0.34975189, 0.34998745, 0.34999627, 0.34993657, 0.34957898, 0.85834897
0.32143044, 1.0000000, 0.87474799, 7.8052959, 9.6205435, 9.7592545, 9.8836908, 9.9331665, 9.9715710, 19.996660, 19.998657, 19.977636, 19.901871, 0.32804546, 0.34619987, 0.34758970, 0.34883633, 0.34933138, 0.34971562, 0.34998330, 0.34999329, 0.34988818, 0.34950936, 0.87474799
0.28623044, 1.0000000, 0.74721164, 5.4841323, 9.3387766, 9.5808182, 9.8051147, 9.8879652, 9.9509621, 19.992920, 19.996740, 19.965431, 19.890823, 0.30483082, 0.34337705, 0.34580266, 0.34805000, 0.34887907, 0.34950945, 0.34996459, 0.34998369, 0.34982717, 0.34945410, 0.74721164
0.24971575, 1.0000000, 0.61491209, 2.9836178, 9.1345310, 9.5170717, 9.7534037, 9.8534193, 9.9330435, 19.989517, 19.993845, 19.951805, 19.882343, 0.27983055, 0.34133497, 0.34516531, 0.34753293, 0.34853363, 0.34933025, 0.34994757, 0.34996921, 0.34975904, 0.34941173, 0.61491209
0.22256282, 1.0000000, 0.51653194, 2.1860690, 7.2104659, 9.4750214, 9.7158585, 9.8262072, 9.9172726, 19.986120, 19.989389, 19.937702, 19.875978, 0.27185634, 0.32209608, 0.34474459, 0.34715742, 0.34826148, 0.34917250, 0.34993058, 0.34994695, 0.34968850, 0.34937990, 0.51653194
0.19912121, 1.0000000, 0.43159857, 1.5566140, 5.4378667, 9.4617958, 9.6988811, 9.8117189, 9.9071093, 19.983089, 19.983110, 19.924046, 19.871258, 0.26556170, 0.30436936, 0.34460989, 0.34698713, 0.34811634, 0.34907082, 0.34991544, 0.34991556, 0.34962022, 0.34935629, 0.43159857
0.17867672, 1.0000000, 0.35752434, 1.0639459, 3.7970214, 9.4477262, 9.6878748, 9.8023748, 9.9004002, 19.980478, 19.974871, 19.911545, 19.867792, 0.26063839, 0.28796789, 0.34447438, 0.34687814, 0.34802344, 0.34900391, 0.34990239, 0.34987435, 0.34955773, 0.34933895, 0.35752434
0.15987383, 0.96456325, 0.28939793, 0.57049096, 2.7436523, 8.6663179, 9.6564350, 9.7819710, 9.8895416, 19.976700, 19.964540, 19.900526, 19.865271, 0.25570405, 0.27743402, 0.33665925, 0.34656349, 0.34781927, 0.34889528, 0.34988350, 0.34982270, 0.34950262, 0.34932634, 0.28939793
0.14361140, 0.76817667, 0.23047605, 0.17877519, 2.0825267, 7.3770080, 9.6206694, 9.7586088, 9.8774538, 19.972170, 19.952730, 19.891228, 19.863441, 0.25178704, 0.27082035, 0.32376134, 0.34620443, 0.34758493, 0.34877416, 0.34986085, 0.34976366, 0.34945613, 0.34931719, 0.23047605
0.13044518, 0.60918039, 0.18277240, 0.0000000, 1.4762729, 6.0140724, 9.5872049, 9.7359486, 9.8651228, 19.966328, 19.940048, 19.883600, 19.862125, 0.24996345, 0.26475877, 0.31013265, 0.34586948, 0.34735817, 0.34865078, 0.34983164, 0.34970024, 0.34941798, 0.34931064, 0.18277240
0.12066533, 0.49107796, 0.14733812, 0.0000000, 0.98814368, 4.6342607, 9.5601883, 9.7169847, 9.8546839, 19.960175, 19.927515, 19.877581, 19.861202, 0.24996345, 0.25988093, 0.29634142, 0.34560138, 0.34716961, 0.34854674, 0.34980088, 0.34963757, 0.34938791, 0.34930602, 0.14733812
0.11262253, 0.39395252, 0.11819758, 0.0000000, 0.63499808, 3.3998933, 9.5551567, 9.7111368, 9.8494740, 19.952818, 19.915617, 19.872879, 19.860556, 0.24996345, 0.25634897, 0.28399622, 0.34555003, 0.34711060, 0.34849447, 0.34976408, 0.34957808, 0.34936440, 0.34930277, 0.11819758
0.10853814, 0.34462905, 0.10339906, 0.0000000, 0.45793355, 2.8117299, 9.3229990, 9.7301817, 9.8566580, 19.945133, 19.905018, 19.869320, 19.860104, 0.24996345, 0.25457844, 0.27811456, 0.34322816, 0.34730086, 0.34856626, 0.34972566, 0.34952509, 0.34934661, 0.34930050, 0.10339906
0.10365500, 0.28565982, 0.85706517E-1, 0.0000000, 0.18181801, 2.3003519, 8.7685919, 9.7015085, 9.8428097, 19.933262, 19.894972, 19.866446, 19.859722, 0.24996345, 0.25181592, 0.27298909, 0.33767492, 0.34700900, 0.34842604, 0.34966630, 0.34947485, 0.34933221, 0.34929860, 0.85706517E-1
0.10042703, 0.24667865, 0.74010998E-1, 0.0000000, 0.43687224E-1, 1.9028574, 8.2316494, 9.6987514, 9.8390799, 19.922661, 19.886856, 19.864372, 19.859468, 0.24996345, 0.25043675, 0.26902601, 0.33231425, 0.34698620, 0.34839034, 0.34961331, 0.34943429, 0.34932187, 0.34929734, 0.74010998E-1
0.10244453, 0.27104208, 0.81320755E-1, 0.19552112, 0.33643842E-1, 1.8033534, 7.9749651, 9.7662373, 9.8658314, 19.914234, 19.880711, 19.862951, 19.859346, 0.25195310, 0.25033623, 0.26802766, 0.32974446, 0.34765923, 0.34865725, 0.34957117, 0.34940356, 0.34931475, 0.34929675, 0.81320755E-1
0.10886044, 0.34852114, 0.10456681, 0.69729090, 0.82314014E-2, 1.7542928, 7.8301859, 9.8117857, 9.8847828, 19.905542, 19.875652, 19.861876, 19.859346, 0.25697139, 0.25008231, 0.26754180, 0.32830083, 0.34811723, 0.34884763, 0.34952772, 0.34937826, 0.34930938, 0.34929675, 0.10456681
0.13586599, 0.67464262, 0.20241302, 2.6657224, 0.0000000, 1.7441005, 7.7544818, 9.8486824, 9.8993654, 19.897717, 19.871712, 19.861111, 19.859346, 0.27665335, 0.25000000, 0.26744026, 0.32754412, 0.34848642, 0.34899351, 0.34948859, 0.34935856, 0.34930557, 0.34929675, 0.20241302
0.15322010, 0.88421220, 0.26529020, 2.1534741, 2.9663296, 1.7207295, 7.6892209, 9.8650475, 9.9049788, 19.890368, 19.868555, 19.860559, 19.859346, 0.27153447, 0.27966309, 0.26720724, 0.32689214, 0.34865046, 0.34904978, 0.34945184, 0.34934276, 0.34930280, 0.34929675, 0.26529020
0.14912277, 0.83473271, 0.25044486, 2.0279884, 2.7309446, 1.6440123, 7.5770350, 9.8521023, 9.8990889, 19.883707, 19.866062, 19.860161, 19.859299, 0.27027965, 0.27730924, 0.26644006, 0.32577029, 0.34852099, 0.34899089, 0.34941852, 0.34933031, 0.34930080, 0.34929651, 0.25044486
0.13178460, 0.62535530, 0.18762536, 1.2255788, 2.1148949, 1.4235288, 7.3095703, 9.7902422, 9.8728390, 19.875837, 19.863598, 19.859711, 19.859222, 0.26225534, 0.27114850, 0.26423514, 0.32309556, 0.34790230, 0.34872836, 0.34937918, 0.34931800, 0.34929854, 0.34929612, 0.18762536
0.12279434, 0.51678813, 0.15505195, 0.84275901, 1.7587900, 1.2895763, 7.0707202, 9.7808323, 9.8661346, 19.871008, 19.862125, 19.859489, 19.859180, 0.25842658, 0.26758662, 0.26289529, 0.32070670, 0.34780797, 0.34866124, 0.34935504, 0.34931064, 0.34929746, 0.34929591, 0.15505195
0.12345247, 0.52473575, 0.15743648, 1.1372715, 1.4380127, 1.1595607, 6.8172407, 9.7729092, 9.8606501, 19.867134, 19.861042, 19.859354, 19.859152, 0.26137242, 0.26437992, 0.26159552, 0.31817228, 0.34772900, 0.34860647, 0.34933567, 0.34930521, 0.34929678, 0.34929577, 0.15743648
0.11744539, 0.45219383, 0.13567172, 0.86542964, 1.2314171, 1.0718793, 6.5964394, 9.7775087, 9.8612700, 19.864964, 19.860441, 19.859324, 19.859152, 0.25865349, 0.26231349, 0.26071849, 0.31596401, 0.34777483, 0.34861261, 0.34932482, 0.34930220, 0.34929663, 0.34929577, 0.13567172
0.10672607, 0.32274628, 0.96833572E-1, 0.38909614, 0.85736811, 0.89157522, 6.2534404, 9.7388411, 9.8441553, 19.861208, 19.859489, 19.859135, 19.859098, 0.25389034, 0.25857285, 0.25891531, 0.31253377, 0.34738794, 0.34844139, 0.34930605, 0.34929746, 0.34929568, 0.34929550, 0.96833572E-1
0.10151205, 0.25978139, 0.77942215E-1, 0.18588901, 0.65198839, 0.78063309, 5.9521198, 9.7424469, 9.8438292, 19.859522, 19.859133, 19.859045, 19.859076, 0.25185794, 0.25651789, 0.25780514, 0.30951938, 0.34742299, 0.34843779, 0.34929761, 0.34929568, 0.34929523, 0.34929538, 0.77942215E-1
0.94899707E-1, 0.17993017, 0.53984448E-1, 0.0000000, 0.32477081, 0.57084858, 5.4238539, 9.6694870, 9.8128386, 19.857088, 19.858515, 19.858875, 19.859034, 0.24995834, 0.25324699, 0.25570786, 0.30423734, 0.34669384, 0.34812802, 0.34928542, 0.34929258, 0.34929436, 0.34929517, 0.53984448E-1
0.96908778E-1, 0.20419192, 0.61263703E-1, 0.35061538, 0.12432635, 0.40753782, 4.8426094, 9.6482983, 9.8001804, 19.855572, 19.858131, 19.858757, 19.858997, 0.25350457, 0.25124294, 0.25407484, 0.29842478, 0.34648168, 0.34800136, 0.34927785, 0.34929067, 0.34929377, 0.34929499, 0.61263703E-1
0.18997724, 1.0000000, 0.39846826, 2.5965929, 3.4840078, 7.9128218, 8.6859436, 9.6485033, 9.7984304, 19.854948, 19.857937, 19.858709, 19.858969, 0.27596551, 0.28483972, 0.32912782, 0.33685935, 0.34648496, 0.34798428, 0.34927475, 0.34928969, 0.34929353, 0.34929484, 0.39846826
0.34572053, 1.0000000, 0.96275550, 9.9260149, 9.3770227, 9.1278543, 9.5716410, 9.7304964, 9.8309507, 19.854086, 19.857695, 19.858614, 19.858934, 0.34926015, 0.34377024, 0.34127855, 0.34571642, 0.34730497, 0.34830952, 0.34927043, 0.34928846, 0.34929305, 0.34929466, 0.96275550
0.35600001, 1.0000000, 1.0000000, 9.9999990, 9.9999990, 9.9999990, 9.9999990, 9.9999990, 9.9999990, 19.999998, 19.999998, 19.999998, 19.994993, 0.34999999, 0.34999999, 0.34999999, 0.34999999, 0.34999999, 0.34999999, 0.34999999, 0.34999999, 0.34999999, 0.34997496, 1.0000000
0.35599935, 1.0000000, 0.99999762, 9.9999990, 9.9999990, 9.9999990, 9.9999990, 9.9999990, 9.9999990, 19.999998, 19.999998, 19.999998, 19.998999, 0.34999967, 0.34999982, 0.34999990, 0.34999996, 0.34999999, 0.34999999, 0.34999999, 0.34999999, 0.34999999, 0.34999499, 0.99999762
0.32259077, 1.0000000, 0.87895197, 8.0144033, 9.4496098, 9.6776648, 9.8957605, 9.9457092, 9.9785099, 19.996881, 19.999187, 19.999548, 19.975185, 0.33014187, 0.34449455, 0.34677589, 0.34895745, 0.34945700, 0.34978506, 0.34998441, 0.34999594, 0.34999773, 0.34987593, 0.87895197
0.28239951, 1.0000000, 0.73333150, 5.2373033, 9.2979317, 9.5561886, 9.8053522, 9.8922768, 9.9548435, 19.992979, 19.998169, 19.997711, 19.952753, 0.30236790, 0.34297386, 0.34555909, 0.34805295, 0.34892246, 0.34954834, 0.34996489, 0.34999084, 0.34998855, 0.34976375, 0.73333150
0.24380447, 1.0000000, 0.59349447, 2.9093771, 8.5569191, 9.4928637, 9.7416716, 9.8485947, 9.9326067, 19.989258, 19.997171, 19.993515, 19.932697, 0.27909046, 0.33556336, 0.34492537, 0.34741604, 0.34848562, 0.34932595, 0.34994629, 0.34998587, 0.34996757, 0.34966350, 0.59349447
0.21212043, 1.0000000, 0.47869721, 1.9721299, 6.3259006, 9.4394732, 9.6924982, 9.8125629, 9.9117832, 19.985247, 19.995966, 19.986425, 19.915627, 0.26971895, 0.31325448, 0.34439135, 0.34692430, 0.34812528, 0.34911770, 0.34992623, 0.34997982, 0.34993213, 0.34957814, 0.47869721
0.28096414, 1.0000000, 0.72813094, 5.1483417, 9.2467022, 9.6208906, 9.7640381, 9.8474503, 9.9220772, 19.985453, 19.995546, 19.976822, 19.901747, 0.30148068, 0.34246406, 0.34620738, 0.34764010, 0.34847435, 0.34922072, 0.34992725, 0.34997773, 0.34988409, 0.34950873, 0.72813094
0.32794678, 1.0000000, 0.89835793, 8.3146448, 9.5887070, 9.7165537, 9.8125868, 9.8747368, 9.9324341, 19.985611, 19.994583, 19.964914, 19.890795, 0.33314645, 0.34588706, 0.34716552, 0.34812587, 0.34874737, 0.34932435, 0.34992805, 0.34997290, 0.34982458, 0.34945399, 0.89835793
0.31223232, 1.0000000, 0.84142143, 7.2523856, 9.4886723, 9.6623068, 9.8095922, 9.8753357, 9.9333706, 19.984934, 19.992329, 19.951460, 19.882374, 0.32252371, 0.34488660, 0.34662300, 0.34809592, 0.34875336, 0.34933370, 0.34992468, 0.34996164, 0.34975731, 0.34941188, 0.84142143
0.35595769, 1.0000000, 0.99984670, 9.9983778, 9.9990282, 9.9994965, 9.9958487, 9.9968557, 9.9989471, 19.999998, 19.999998, 19.999975, 19.989016, 0.34998134, 0.34998879, 0.34999421, 0.34995833, 0.34996849, 0.34998944, 0.34999999, 0.34999999, 0.34999987, 0.34994507, 0.99984670
0.35599792, 1.0000000, 0.99999243, 9.9999371, 9.9999638, 9.9999819, 9.9999962, 9.9999990, 9.9999990, 19.999998, 19.999998, 19.999998, 19.996996, 0.34999895, 0.34999937, 0.34999970, 0.34999993, 0.34999999, 0.34999999, 0.34999999, 0.34999999, 0.34999999, 0.34998497, 0.99999243
0.35600001, 1.0000000, 1.0000000, 9.9999990, 9.9999990, 9.9999990, 9.9999990, 9.9999990, 9.9999990, 19.999998, 19.999998, 19.999998, 19.998999, 0.34999999, 0.34999999, 0.34999999, 0.34999999, 0.34999999, 0.34999999, 0.34999999, 0.34999999, 0.34999999, 0.34999499, 1.0000000
0.35559326, 1.0000000, 0.99852633, 9.9997759, 9.9725742, 9.9595394, 9.9914427, 9.9957066, 9.9985390, 19.999975, 19.999992, 19.999750, 19.975233, 0.34999776, 0.34972575, 0.34959540, 0.34991443, 0.34995705, 0.34998539, 0.34999987, 0.34999996, 0.34999874, 0.34987617, 0.99852633
0.35182470, 1.0000000, 0.98487204, 9.8337898, 9.8336859, 9.8850679, 9.9729366, 9.9863043, 9.9952297, 19.999844, 19.999964, 19.998169, 19.952848, 0.34833789, 0.34833688, 0.34885067, 0.34972936, 0.34986305, 0.34995228, 0.34999922, 0.34999982, 0.34999084, 0.34976423, 0.98487204
0.34786344, 1.0000000, 0.97051954, 9.5784101, 9.7894268, 9.8703012, 9.9642115, 9.9816065, 9.9934587, 19.999767, 19.999943, 19.994247, 19.932835, 0.34578410, 0.34789425, 0.34870303, 0.34964210, 0.34981605, 0.34993458, 0.34999883, 0.34999973, 0.34997123, 0.34966418, 0.97051954
0.33755362, 1.0000000, 0.93316525, 8.9340477, 9.6574345, 9.7989140, 9.9371290, 9.9671850, 9.9878044, 19.999153, 19.999693, 19.987421, 19.915815, 0.33934048, 0.34657434, 0.34798914, 0.34937128, 0.34967184, 0.34987804, 0.34999576, 0.34999847, 0.34993711, 0.34957907, 0.93316525
0.29270926, 1.0000000, 0.77068567, 5.9852414, 9.2931299, 9.5578241, 9.8135996, 9.8983030, 9.9576883, 19.993402, 19.997835, 19.977398, 19.901812, 0.30985186, 0.34293076, 0.34557799, 0.34813595, 0.34898299, 0.34957689, 0.34996700, 0.34998918, 0.34988698, 0.34950906, 0.77068567
0.24769440, 1.0000000, 0.60758835, 2.9364526, 8.9854240, 9.4853354, 9.7382994, 9.8475780, 9.9321556, 19.988655, 19.995594, 19.965117, 19.890770, 0.27936208, 0.33984974, 0.34485099, 0.34738252, 0.34847555, 0.34932145, 0.34994328, 0.34997797, 0.34982559, 0.34945387, 0.60758835
0.21345119, 1.0000000, 0.48351875, 1.9317150, 6.5642276, 9.4244881, 9.6835508, 9.8074007, 9.9093132, 19.984173, 19.992357, 19.951414, 19.882309, 0.26931137, 0.31563050, 0.34423643, 0.34683377, 0.34807312, 0.34909284, 0.34992087, 0.34996179, 0.34975708, 0.34941155, 0.48351875
0.18748832, 1.0000000, 0.38945037, 1.2621999, 4.5440249, 9.4270287, 9.6713314, 9.7937307, 9.8980980, 19.981024, 19.987898, 19.937328, 19.875956, 0.26261938, 0.29543456, 0.34426439, 0.34671208, 0.34793669, 0.34898075, 0.34990513, 0.34993950, 0.34968665, 0.34937978, 0.38945037
0.17207503, 1.0000000, 0.33360520, 0.95861256, 3.1600211, 9.4761162, 9.6961832, 9.8049088, 9.9001837, 19.980171, 19.982145, 19.923851, 19.871258, 0.25958523, 0.28159848, 0.34475854, 0.34696129, 0.34804884, 0.34900174, 0.34990084, 0.34991074, 0.34961927, 0.34935629, 0.33360520
0.16600122, 1.0000000, 0.31159860, 0.83505511, 2.7847171, 9.1589079, 9.7403212, 9.8298330, 9.9098587, 19.979740, 19.974522, 19.911509, 19.867834, 0.25835055, 0.27784717, 0.34158909, 0.34740323, 0.34829834, 0.34909859, 0.34989870, 0.34987262, 0.34955755, 0.34933919, 0.31159860
0.16440499, 1.0000000, 0.30581513, 0.80960095, 2.7335525, 8.9462814, 9.7940588, 9.8609896, 9.9230280, 19.979164, 19.965034, 19.900715, 19.865347, 0.25809595, 0.27733541, 0.33946264, 0.34794056, 0.34860986, 0.34923029, 0.34989583, 0.34982517, 0.34950358, 0.34932673, 0.30581513
0.15803587, 0.94236803, 0.28273869, 0.65033138, 2.4829178, 8.4467239, 9.7690487, 9.8505850, 9.9209642, 19.977098, 19.953880, 19.891541, 19.863531, 0.25650278, 0.27482793, 0.33446512, 0.34769002, 0.34850562, 0.34920955, 0.34988549, 0.34976941, 0.34945771, 0.34931767, 0.28273869
0.15142149, 0.86249208, 0.25877351, 0.49650967, 2.2217393, 7.8883410, 9.7509203, 9.8410482, 9.9177742, 19.973825, 19.941828, 19.884033, 19.862236, 0.25496498, 0.27221707, 0.32888281, 0.34750906, 0.34841040, 0.34917772, 0.34986913, 0.34970915, 0.34942016, 0.34931117, 0.25877351
0.14434083, 0.77698547, 0.23311895, 0.35247207, 1.9368976, 7.2335625, 9.7298708, 9.8284540, 9.9124422, 19.969160, 19.929590, 19.878031, 19.861273, 0.25352457, 0.26936850, 0.32233477, 0.34729847, 0.34828442, 0.34912440, 0.34984580, 0.34964794, 0.34939015, 0.34930637, 0.23311895
0.17543137, 1.0000000, 0.34576586, 2.7215123, 1.8710315, 6.9649153, 9.7812843, 9.8556728, 9.9220419, 19.963552, 19.917980, 19.873346, 19.860638, 0.27721474, 0.26871017, 0.31964886, 0.34781274, 0.34855670, 0.34922042, 0.34981775, 0.34958988, 0.34936672, 0.34930319, 0.34576586
0.16105968, 0.97888362, 0.29369447, 1.6337514, 1.8918127, 7.0957417, 9.7119741, 9.8181429, 9.9064579, 19.954021, 19.906748, 19.869616, 19.860134, 0.26633751, 0.26891813, 0.32095742, 0.34711975, 0.34818143, 0.34906459, 0.34977010, 0.34953374, 0.34934807, 0.34930068, 0.29369447
0.15616170, 0.91973525, 0.27594817, 1.7825544, 1.4890105, 6.2338285, 9.6730633, 9.7929602, 9.8928423, 19.942583, 19.896692, 19.866741, 19.859768, 0.26782402, 0.26488936, 0.31233671, 0.34673014, 0.34792936, 0.34892833, 0.34971291, 0.34948346, 0.34933370, 0.34929883, 0.27594817
0.17424369, 1.0000000, 0.34146261, 1.4311254, 2.9130430, 8.9245443, 9.6755247, 9.7912035, 9.8885317, 19.931400, 19.888369, 19.864620, 19.859509, 0.26431033, 0.27912930, 0.33924368, 0.34675485, 0.34791186, 0.34888527, 0.34965700, 0.34944183, 0.34932309, 0.34929755, 0.34146261
0.16758722, 1.0000000, 0.31734502, 1.5907466, 2.3691952, 7.8771400, 9.6595135, 9.7799511, 9.8806162, 19.919754, 19.881386, 19.863005, 19.859346, 0.26590607, 0.27369070, 0.32876933, 0.34659463, 0.34779924, 0.34880608, 0.34959877, 0.34940693, 0.34931502, 0.34929675, 0.31734502
0.17462151, 1.0000000, 0.34283155, 1.9312441, 2.5574894, 8.0577440, 9.6844654, 9.7924032, 9.8823490, 19.909155, 19.875902, 19.861853, 19.859299, 0.26931193, 0.27557451, 0.33057681, 0.34684449, 0.34792393, 0.34882346, 0.34954578, 0.34937951, 0.34930927, 0.34929651, 0.34283155
0.22997044, 1.0000000, 0.54337114, 2.8964400, 6.9363918, 9.4413214, 9.7279015, 9.8165131, 9.8896656, 19.900198, 19.871769, 19.861090, 19.859251, 0.27896294, 0.31936184, 0.34441179, 0.34727871, 0.34816498, 0.34889659, 0.34950098, 0.34935886, 0.34930545, 0.34929627, 0.54337114
0.35515094, 1.0000000, 0.99692363, 9.9577713, 9.9752464, 9.9875622, 9.9974909, 9.9987421, 9.9995794, 19.999998, 19.999998, 19.999975, 19.989016, 0.34957412, 0.34975028, 0.34987453, 0.34997469, 0.34998730, 0.34999576, 0.34999999, 0.34999999, 0.34999987, 0.34994507, 0.99692363
0.32916462, 1.0000000, 0.90277028, 8.4318914, 9.5220881, 9.7241135, 9.9101143, 9.9534035, 9.9818563, 19.997591, 19.999378, 19.999674, 19.978123, 0.33431891, 0.34522086, 0.34724113, 0.34910113, 0.34953403, 0.34981856, 0.34998795, 0.34999689, 0.34999835, 0.34989062, 0.90277028
0.30212981, 1.0000000, 0.80481815, 6.5619655, 9.4229555, 9.6422644, 9.8540926, 9.9204254, 9.9678059, 19.995832, 19.998926, 19.998205, 19.955484, 0.31561607, 0.34422648, 0.34642106, 0.34854060, 0.34920409, 0.34967801, 0.34997916, 0.34999463, 0.34999102, 0.34977743, 0.80481815
0.35596025, 1.0000000, 0.99985588, 9.9984322, 9.9990578, 9.9995317, 9.9999037, 9.9999542, 9.9999847, 19.999998, 19.999998, 19.999998, 19.994993, 0.34998018, 0.34998810, 0.34999406, 0.34999880, 0.34999943, 0.34999982, 0.34999999, 0.34999999, 0.34999999, 0.34997496, 0.99985588
0.35600001, 1.0000000, 1.0000000, 9.9999990, 9.9999990, 9.9999990, 9.9999990, 9.9999990, 9.9999990, 19.999998, 19.999998, 19.999998, 19.995995, 0.34999999, 0.34999999, 0.34999999, 0.34999999, 0.34999999, 0.34999999, 0.34999999, 0.34999999, 0.34999999, 0.34997997, 1.0000000
0.35568309, 1.0000000, 0.99885166, 9.9841719, 9.9905825, 9.9952774, 9.9990549, 9.9995289, 9.9998417, 19.999998, 19.999998, 19.999990, 19.991999, 0.34984171, 0.34990582, 0.34995276, 0.34999055, 0.34999529, 0.34999841, 0.34999999, 0.34999999, 0.34999996, 0.34996000, 0.99885166
0.35294455, 1.0000000, 0.98892951, 9.8436174, 9.9145937, 9.9564266, 9.9906988, 9.9953461, 9.9983931, 19.999950, 19.999987, 19.999983, 19.990009, 0.34843618, 0.34914595, 0.34956425, 0.34990698, 0.34995347, 0.34998393, 0.34999976, 0.34999993, 0.34999990, 0.34995005, 0.98892951
0.35597825, 1.0000000, 0.99992108, 9.9991350, 9.9994812, 9.9997368, 9.9999485, 9.9999695, 9.9999905, 19.999998, 19.999998, 19.999996, 19.993994, 0.34998915, 0.34999350, 0.34999672, 0.34999937, 0.34999964, 0.34999987, 0.34999999, 0.34999999, 0.34999996, 0.34996998, 0.99992108
0.35599995, 1.0000000, 0.99999976, 9.9999962, 9.9999962, 9.9999990, 9.9999990, 9.9999990, 9.9999990, 19.999998, 19.999998, 19.999998, 19.995995, 0.34999996, 0.34999996, 0.34999999, 0.34999999, 0.34999999, 0.34999999, 0.34999999, 0.34999999, 0.34999999, 0.34997997, 0.99999976
0.35600001, 1.0000000, 1.0000000, 9.9999990, 9.9999990, 9.9999990, 9.9999990, 9.9999990, 9.9999990, 19.999998, 19.999998, 19.999996, 19.993994, 0.34999999, 0.34999999, 0.34999999, 0.34999999, 0.34999999, 0.34999999, 0.34999999, 0.34999999, 0.34999996, 0.34996998, 1.0000000
0.35599184, 1.0000000, 0.99997026, 9.9995909, 9.9997520, 9.9998770, 9.9999752, 9.9999847, 9.9999962, 19.999998, 19.999998, 19.999990, 19.992998, 0.34999591, 0.34999752, 0.34999877, 0.34999976, 0.34999985, 0.34999996, 0.34999999, 0.34999999, 0.34999996, 0.34996498, 0.99997026
0.35599244, 1.0000000, 0.99997252, 9.9997406, 9.9998446, 9.9999218, 9.9999847, 9.9999905, 9.9999990, 19.999998, 19.999998, 19.999998, 19.994993, 0.34999621, 0.34999773, 0.34999886, 0.34999979, 0.34999987, 0.34999999, 0.34999999, 0.34999999, 0.34999999, 0.34997496, 0.99997252
0.35600001, 1.0000000, 1.0000000, 9.9999990, 9.9999990, 9.9999990, 9.9999990, 9.9999990, 9.9999990, 19.999998, 19.999998, 19.999998, 19.996996, 0.34999999, 0.34999999, 0.34999999, 0.34999999, 0.34999999, 0.34999999, 0.34999999, 0.34999999, 0.34999999, 0.34998497, 1.0000000
0.35600001, 1.0000000, 1.0000000, 9.9999990, 9.9999990, 9.9999990, 9.9999990, 9.9999990, 9.9999990, 19.999998, 19.999998, 19.999998, 19.996996, 0.34999999, 0.34999999, 0.34999999, 0.34999999, 0.34999999, 0.34999999, 0.34999999, 0.34999999, 0.34999999, 0.34998497, 1.0000000
0.34591597, 1.0000000, 0.96346360, 9.4552860, 9.7585821, 9.8710718, 9.9698811, 9.9847698, 9.9946613, 19.999754, 19.999933, 19.999935, 19.985044, 0.34455171, 0.34758511, 0.34871036, 0.34969875, 0.34984767, 0.34994662, 0.34999877, 0.34999967, 0.34999967, 0.34992522, 0.96346360
0.34617198, 1.0000000, 0.96439117, 9.5587530, 9.6571360, 9.7981567, 9.9462347, 9.9725332, 9.9898710, 19.999105, 19.999767, 19.999887, 19.985031, 0.34558406, 0.34656924, 0.34798050, 0.34946212, 0.34972522, 0.34989867, 0.34999552, 0.34999883, 0.34999943, 0.34992516, 0.96439117
0.33683103, 1.0000000, 0.93054724, 9.0086546, 9.5003166, 9.7009201, 9.8990240, 9.9467163, 9.9797153, 19.998110, 19.999504, 19.998953, 19.961931, 0.34008440, 0.34500182, 0.34700853, 0.34899008, 0.34946710, 0.34979713, 0.34999055, 0.34999752, 0.34999478, 0.34980965, 0.93054724
0.34409958, 1.0000000, 0.95688260, 9.3497639, 9.7255745, 9.8519640, 9.9647312, 9.9821320, 9.9937153, 19.999718, 19.999933, 19.999935, 19.985044, 0.34349540, 0.34725434, 0.34851891, 0.34964716, 0.34982127, 0.34993711, 0.34999859, 0.34999967, 0.34999967, 0.34992522, 0.95688260
0.32938868, 1.0000000, 0.90358204, 8.4000149, 9.5837870, 9.7577744, 9.9293003, 9.9633236, 9.9869509, 19.999546, 19.999886, 19.999043, 19.961931, 0.33399680, 0.34583557, 0.34757659, 0.34929276, 0.34963313, 0.34986949, 0.34999773, 0.34999943, 0.34999520, 0.34980965, 0.90358204
0.29791993, 1.0000000, 0.78956497, 6.2844701, 9.3876057, 9.6217690, 9.8508072, 9.9192915, 9.9682770, 19.996817, 19.999176, 19.996008, 19.940794, 0.31284127, 0.34387299, 0.34621611, 0.34850773, 0.34919277, 0.34968272, 0.34998408, 0.34999588, 0.34998006, 0.34970397, 0.78956497
0.26818925, 1.0000000, 0.68184501, 4.1833396, 9.3287172, 9.5733366, 9.8037224, 9.8883944, 9.9534779, 19.994976, 19.998678, 19.990326, 19.922468, 0.29183298, 0.34328663, 0.34573311, 0.34803715, 0.34888390, 0.34953478, 0.34997487, 0.34999341, 0.34995162, 0.34961236, 0.68184501
0.23465407, 1.0000000, 0.56034082, 2.5917113, 7.9849010, 9.4853058, 9.7371407, 9.8447371, 9.9309177, 19.991127, 19.997431, 19.981579, 19.907207, 0.27591586, 0.32984668, 0.34485164, 0.34737110, 0.34844723, 0.34930912, 0.34995562, 0.34998715, 0.34990790, 0.34953603, 0.56034082
0.22663699, 1.0000000, 0.53129345, 2.4619908, 7.2268925, 9.5025997, 9.7249241, 9.8308697, 9.9195995, 19.988194, 19.995956, 19.970304, 19.895004, 0.27461720, 0.32226416, 0.34502286, 0.34724858, 0.34830835, 0.34919587, 0.34994096, 0.34997979, 0.34985152, 0.34947503, 0.53129345
0.23311327, 1.0000000, 0.55475819, 2.8180213, 7.4376988, 9.4647884, 9.6991968, 9.8121462, 9.9073429, 19.984636, 19.993467, 19.957155, 19.885542, 0.27817887, 0.32437488, 0.34464654, 0.34699169, 0.34812132, 0.34907338, 0.34992319, 0.34996733, 0.34978577, 0.34942770, 0.55475819
0.20722851, 1.0000000, 0.46097288, 2.0556092, 5.5905619, 9.4511986, 9.6887512, 9.8029232, 9.9003382, 19.981855, 19.989784, 19.943172, 19.878363, 0.27055499, 0.30590382, 0.34451047, 0.34688723, 0.34802908, 0.34900331, 0.34990928, 0.34994891, 0.34971586, 0.34939182, 0.46097288
0.18174049, 1.0000000, 0.36862496, 1.3496548, 3.7085540, 9.4180937, 9.6674623, 9.7884436, 9.8919640, 19.978683, 19.984219, 19.929245, 19.873011, 0.26349527, 0.28708345, 0.34417829, 0.34667408, 0.34788418, 0.34891954, 0.34989342, 0.34992111, 0.34964621, 0.34936506, 0.36862496
0.15779826, 0.93949854, 0.28187776, 0.64119995, 2.5041997, 8.4178467, 9.6232262, 9.7601271, 9.8775530, 19.974392, 19.976349, 19.916121, 19.869047, 0.25641066, 0.27503884, 0.33417317, 0.34623104, 0.34760064, 0.34877533, 0.34987196, 0.34988174, 0.34958059, 0.34934524, 0.28187776
0.24206567, 1.0000000, 0.58719444, 2.9614151, 8.2947741, 9.4300966, 9.7287064, 9.8178959, 9.9000502, 19.974125, 19.967623, 19.904701, 19.866222, 0.27961120, 0.33294278, 0.34429815, 0.34728649, 0.34817865, 0.34900042, 0.34987062, 0.34983811, 0.34952351, 0.34933111, 0.58719444
0.23548378, 1.0000000, 0.56334704, 2.7217269, 7.8289118, 9.5634632, 9.7497540, 9.8334093, 9.9083490, 19.972332, 19.957018, 19.894859, 19.864164, 0.27721623, 0.32828733, 0.34563357, 0.34749731, 0.34833398, 0.34908345, 0.34986165, 0.34978509, 0.34947431, 0.34932083, 0.56334704
0.35598665, 1.0000000, 0.99995154, 9.9999990, 9.9999990, 9.9999962, 9.9999990, 9.9999990, 9.9999990, 19.999998, 19.999998, 19.999998, 19.998999, 0.34999332, 0.34999600, 0.34999797, 0.34999961, 0.34999979, 0.34999993, 0.34999999, 0.34999999, 0.34999999, 0.34999499, 0.99995154
0.35599536, 1.0000000, 0.99998325, 9.9999428, 9.9999638, 9.9999819, 9.9999962, 9.9999962, 9.9999990, 19.999998, 19.999998, 19.999998, 19.997997, 0.34999770, 0.34999859, 0.34999931, 0.34999987, 0.34999990, 0.34999996, 0.34999999, 0.34999999, 0.34999999, 0.34998998, 0.99998325
0.35576481, 1.0000000, 0.99914777, 9.9884434, 9.9930983, 9.9965401, 9.9993048, 9.9996538, 9.9998770, 19.999998, 19.999998, 19.999990, 19.992998, 0.34988269, 0.34992990, 0.34996486, 0.34999293, 0.34999648, 0.34999874, 0.34999999, 0.34999999, 0.34999996, 0.34996498, 0.99914777
0.34435374, 1.0000000, 0.95780337, 9.3611450, 9.7347040, 9.8564844, 9.9663563, 9.9829693, 9.9941206, 19.999849, 19.999964, 19.999525, 19.969461, 0.34360969, 0.34734595, 0.34856427, 0.34966344, 0.34982964, 0.34994116, 0.34999925, 0.34999982, 0.34999764, 0.34984732, 0.95780337
0.35594153, 1.0000000, 0.99978817, 9.9997549, 9.9998274, 9.9908457, 9.9871817, 9.9935684, 9.9978447, 19.999998, 19.999998, 19.999969, 19.988020, 0.34999645, 0.34999761, 0.34990814, 0.34987175, 0.34993565, 0.34997845, 0.34999999, 0.34999999, 0.34999985, 0.34994009, 0.99978817
0.35595441, 1.0000000, 0.99983484, 9.9978867, 9.9987326, 9.9993677, 9.9998741, 9.9999371, 9.9999819, 19.999998, 19.999998, 19.999989, 19.991005, 0.34997725, 0.34998637, 0.34999320, 0.34999865, 0.34999931, 0.34999979, 0.34999999, 0.34999999, 0.34999993, 0.34995502, 0.99983484
0.32700023, 1.0000000, 0.89492834, 8.3018045, 9.4872379, 9.7044630, 9.9116564, 9.9543610, 9.9825535, 19.997984, 19.999474, 19.999828, 19.985020, 0.33301753, 0.34487203, 0.34704447, 0.34911653, 0.34954357, 0.34982553, 0.34998992, 0.34999737, 0.34999913, 0.34992510, 0.89492834
0.29265147, 1.0000000, 0.77047640, 5.9315438, 9.3537264, 9.5964975, 9.8337278, 9.9092722, 9.9632368, 19.995232, 19.998758, 19.998762, 19.961895, 0.30931464, 0.34353653, 0.34596458, 0.34833720, 0.34909269, 0.34963238, 0.34997615, 0.34999380, 0.34999382, 0.34980947, 0.77047640
0.25617808, 1.0000000, 0.63832629, 3.3610287, 9.2735214, 9.5324087, 9.7764015, 9.8712721, 9.9449835, 19.992914, 19.998158, 19.995747, 19.940777, 0.28360802, 0.34273148, 0.34532216, 0.34776363, 0.34871250, 0.34944978, 0.34996456, 0.34999079, 0.34997874, 0.34970388, 0.63832629
0.22316326, 1.0000000, 0.51870745, 2.0721853, 7.4793329, 9.4595366, 9.7133741, 9.8283749, 9.9215469, 19.988306, 19.996912, 19.989880, 19.922392, 0.27072051, 0.32479042, 0.34459352, 0.34713337, 0.34828356, 0.34921542, 0.34994152, 0.34998456, 0.34994939, 0.34961197, 0.51870745
0.20249228, 1.0000000, 0.44381261, 1.5546232, 5.8379264, 9.4765100, 9.7104988, 9.8203402, 9.9133024, 19.986280, 19.996077, 19.981232, 19.907179, 0.26554468, 0.30837578, 0.34476227, 0.34710443, 0.34820309, 0.34913293, 0.34993142, 0.34998038, 0.34990615, 0.34953588, 0.44381261
0.17878267, 1.0000000, 0.35790819, 0.98769069, 3.9550414, 9.4143267, 9.6762276, 9.7974272, 9.9003153, 19.983589, 19.994616, 19.969973, 19.894979, 0.25987586, 0.28954789, 0.34414026, 0.34676164, 0.34797397, 0.34900302, 0.34991795, 0.34997308, 0.34984988, 0.34947491, 0.35790819
0.15814617, 0.94369996, 0.28313830, 0.44492185, 2.7301550, 8.6981382, 9.6443501, 9.7752733, 9.8870449, 19.979715, 19.991995, 19.956814, 19.885496, 0.25444826, 0.27729806, 0.33697581, 0.34644228, 0.34775212, 0.34887025, 0.34989858, 0.34995997, 0.34978408, 0.34942749, 0.28313830
0.16760001, 1.0000000, 0.31739131, 1.4964432, 2.4508059, 8.0207691, 9.7009277, 9.8046598, 9.8971634, 19.979279, 19.988897, 19.942999, 19.878374, 0.26496205, 0.27450573, 0.33020389, 0.34700835, 0.34804612, 0.34897149, 0.34989640, 0.34994447, 0.34971499, 0.34939188, 0.31739131
0.15177643, 0.86677831, 0.26005951, 0.90791285, 1.9722193, 7.1248817, 9.6684322, 9.7875805, 9.8896790, 19.976036, 19.983290, 19.929104, 19.873011, 0.25907853, 0.26972142, 0.32124746, 0.34668395, 0.34787562, 0.34889674, 0.34988019, 0.34991646, 0.34964553, 0.34936506, 0.26005951
0.13844706, 0.70581174, 0.21176469, 0.46031773, 1.5561938, 6.2342672, 9.6552649, 9.7786856, 9.8848314, 19.972946, 19.975731, 19.916073, 19.869059, 0.25460163, 0.26555881, 0.31233642, 0.34655070, 0.34778586, 0.34884799, 0.34986472, 0.34987867, 0.34958035, 0.34934530, 0.21176469
0.12885752, 0.59000760, 0.17701998, 0.27450323, 1.1757880, 5.3031836, 9.6360188, 9.7664013, 9.8789034, 19.969931, 19.966284, 19.904480, 19.866177, 0.25274396, 0.26175514, 0.30302566, 0.34635794, 0.34766287, 0.34878865, 0.34984964, 0.34983140, 0.34952241, 0.34933087, 0.17701998
0.11842211, 0.46398872, 0.13921054, 0.77337027E-2, 0.84107816, 4.3472400, 9.6104794, 9.7505894, 9.8715696, 19.966639, 19.955307, 19.894573, 19.864101, 0.25007731, 0.25840941, 0.29346883, 0.34610322, 0.34750509, 0.34871542, 0.34983319, 0.34977654, 0.34947288, 0.34932050, 0.13921054
0.18756446, 1.0000000, 0.38972628, 2.7058661, 2.8511286, 8.0382719, 9.6024160, 9.7437086, 9.8663311, 19.961235, 19.942976, 19.886293, 19.862597, 0.27705494, 0.27850893, 0.33037940, 0.34602335, 0.34743670, 0.34866315, 0.34980619, 0.34971488, 0.34943146, 0.34931299, 0.38972628
0.16297565, 1.0000000, 0.30063641, 1.6713202, 2.1976442, 6.8519893, 9.6086054, 9.7459841, 9.8652172, 19.954212, 19.930202, 19.879601, 19.861519, 0.26671147, 0.27197507, 0.31851774, 0.34608546, 0.34745955, 0.34865209, 0.34977105, 0.34965101, 0.34939802, 0.34930760, 0.30063641
0.14293703, 0.76003301, 0.22803271, 0.91616809, 1.6276300, 5.6732883, 9.5941553, 9.7375069, 9.8612518, 19.946814, 19.918041, 19.874390, 19.860756, 0.25915959, 0.26627409, 0.30672905, 0.34594023, 0.34737441, 0.34861231, 0.34973407, 0.34959021, 0.34937194, 0.34930378, 0.22803271
0.12600374, 0.55554509, 0.16668020, 0.35853088, 1.1181742, 4.4683404, 9.5699739, 9.7222071, 9.8535128, 19.938086, 19.906775, 19.870346, 19.860191, 0.25358313, 0.26117766, 0.29467526, 0.34569624, 0.34722030, 0.34853452, 0.34969044, 0.34953386, 0.34935173, 0.34930095, 0.16668020
0.11179422, 0.38394967, 0.11519642, 0.0000000, 0.66346824, 3.1514320, 9.5257730, 9.6934242, 9.8390265, 19.928490, 19.896807, 19.867258, 19.859810, 0.24998602, 0.25663242, 0.28150895, 0.34525448, 0.34693262, 0.34838971, 0.34964246, 0.34948403, 0.34933630, 0.34929904, 0.11519642
0.10524715, 0.30488676, 0.91475174E-1, 0.0000000, 0.33090413, 2.3500056, 8.9702520, 9.6623325, 9.8227587, 19.918669, 19.888353, 19.864944, 19.859545, 0.24998602, 0.25330716, 0.27349335, 0.33969742, 0.34662059, 0.34822667, 0.34959334, 0.34944177, 0.34932473, 0.34929773, 0.91475174E-1
0.10079534, 0.25112632, 0.75345434E-1, 0.0000000, 0.11151731, 1.8496513, 8.2885847, 9.6593552, 9.8173122, 19.908358, 19.881248, 19.863186, 19.859346, 0.24998602, 0.25111473, 0.26849276, 0.33288249, 0.34659159, 0.34817246, 0.34954178, 0.34940624, 0.34931594, 0.34929675, 0.75345434E-1
0.97064584E-1, 0.20607337, 0.61828196E-1, 0.0000000, 0.0000000, 1.3373256, 7.4805198, 9.6237907, 9.7987909, 19.898121, 19.875370, 19.861876, 19.859251, 0.24998602, 0.24998568, 0.26336899, 0.32480043, 0.34623483, 0.34798688, 0.34949061, 0.34937686, 0.34930938, 0.34929627, 0.61828196E-1
0.94082974E-1, 0.17006721, 0.51025264E-1, 0.0000000, 0.0000000, 0.83387792, 6.4319472, 9.5622311, 9.7667227, 19.888945, 19.870756, 19.860922, 19.859175, 0.24998602, 0.24998568, 0.25833625, 0.31431556, 0.34561941, 0.34766623, 0.34944472, 0.34935379, 0.34930462, 0.34929588, 0.51025264E-1
0.91775000E-1, 0.14219597, 0.42663060E-1, 0.0000000, 0.0000000, 0.49130619, 5.3692026, 9.5438614, 9.7529535, 19.880800, 19.867146, 19.860216, 19.859116, 0.24998602, 0.24998568, 0.25491047, 0.30368641, 0.34543359, 0.34752783, 0.34940401, 0.34933573, 0.34930107, 0.34929559, 0.42663060E-1
0.90597197E-1, 0.12797271, 0.38395654E-1, 0.0000000, 0.0000000, 0.34187138, 4.6530666, 9.6157188, 9.7827559, 19.874857, 19.864603, 19.859758, 19.859076, 0.24998602, 0.24998568, 0.25341636, 0.29652423, 0.34615055, 0.34782529, 0.34937429, 0.34932300, 0.34929878, 0.34929538, 0.38395654E-1
0.88920511E-1, 0.10772487, 0.32320693E-1, 0.0000000, 0.0000000, 0.14929771, 3.6415863, 9.5246553, 9.7415380, 19.868729, 19.862375, 19.859346, 19.859022, 0.24998602, 0.24998568, 0.25149265, 0.28641433, 0.34524456, 0.34741470, 0.34934366, 0.34931189, 0.34929675, 0.34929511, 0.32320693E-1
0.87757371E-1, 0.93678705E-1, 0.28106423E-1, 0.0000000, 0.0000000, 0.47436357E-1, 2.9189138, 9.1872387, 9.7222738, 19.864592, 19.860922, 19.859169, 19.858980, 0.24998602, 0.24998568, 0.25047392, 0.27918348, 0.34186348, 0.34721962, 0.34932297, 0.34930462, 0.34929585, 0.34929490, 0.28106423E-1
0.86875722E-1, 0.83031833E-1, 0.24912041E-1, 0.0000000, 0.0000000, 0.0000000, 2.5117426, 8.3550930, 9.6945515, 19.859892, 19.859474, 19.858896, 19.858923, 0.24998602, 0.24998568, 0.24997532, 0.27511209, 0.33354205, 0.34694210, 0.34929946, 0.34929737, 0.34929448, 0.34929460, 0.24912041E-1
0.19211845, 1.0000000, 0.40622625, 2.8406978, 2.9600859, 8.5657797, 9.2582769, 9.5231113, 9.7984133, 19.859100, 19.859192, 19.858849, 19.858923, 0.27840015, 0.27959660, 0.33565164, 0.34258142, 0.34523043, 0.34798390, 0.34929550, 0.34929597, 0.34929425, 0.34929460, 0.40622625
0.35599911, 1.0000000, 0.99999672, 9.9999990, 9.9999990, 9.9999990, 9.9999990, 9.9999990, 9.9999990, 19.999998, 19.999998, 19.999998, 19.998999, 0.34999955, 0.34999973, 0.34999985, 0.34999996, 0.34999999, 0.34999999, 0.34999999, 0.34999999, 0.34999999, 0.34999499, 0.99999672
0.35599858, 1.0000000, 0.99999481, 9.9999485, 9.9999695, 9.9999847, 9.9999962, 9.9999962, 9.9999990, 19.999998, 19.999998, 19.999998, 19.997997, 0.34999928, 0.34999958, 0.34999979, 0.34999996, 0.34999996, 0.34999999, 0.34999999, 0.34999999, 0.34999999, 0.34998998, 0.99999481
0.35493994, 1.0000000, 0.99615908, 9.9995527, 9.9323387, 9.8874950, 9.9744663, 9.9871273, 9.9955158, 19.999813, 19.999950, 19.999969, 19.989016, 0.34999511, 0.34932315, 0.34887484, 0.34974465, 0.34987128, 0.34995514, 0.34999907, 0.34999976, 0.34999985, 0.34994507, 0.99615908
0.33323491, 1.0000000, 0.91751784, 8.7184553, 9.5390120, 9.7168837, 9.9155502, 9.9562349, 9.9839621, 19.998890, 19.999712, 19.999264, 19.965666, 0.33718434, 0.34538996, 0.34716877, 0.34915549, 0.34956235, 0.34983963, 0.34999445, 0.34999856, 0.34999633, 0.34982833, 0.91751784
0.33764380, 1.0000000, 0.93349195, 9.1210680, 9.4421654, 9.6543665, 9.8617992, 9.9249992, 9.9703875, 19.996952, 19.999207, 19.996683, 19.944149, 0.34119707, 0.34441322, 0.34653935, 0.34861711, 0.34924954, 0.34970373, 0.34998477, 0.34999603, 0.34998342, 0.34972075, 0.93349195
0.35599244, 1.0000000, 0.99997252, 9.9997311, 9.9998388, 9.9999189, 9.9999847, 9.9999905, 9.9999962, 19.999998, 19.999998, 19.999998, 19.996996, 0.34999621, 0.34999773, 0.34999886, 0.34999979, 0.34999987, 0.34999996, 0.34999999, 0.34999999, 0.34999999, 0.34998497, 0.99997252
0.35599786, 1.0000000, 0.99999213, 9.9999990, 9.9999990, 9.9999990, 9.9999990, 9.9999990, 9.9999990, 19.999998, 19.999998, 19.999998, 19.998999, 0.34999892, 0.34999934, 0.34999967, 0.34999993, 0.34999996, 0.34999999, 0.34999999, 0.34999999, 0.34999999, 0.34999499, 0.99999213
0.35599220, 1.0000000, 0.99997157, 9.9997759, 9.9998655, 9.9999342, 9.9999876, 9.9999933, 9.9999990, 19.999998, 19.999998, 19.999998, 19.996996, 0.34999609, 0.34999764, 0.34999883, 0.34999979, 0.34999987, 0.34999996, 0.34999999, 0.34999999, 0.34999999, 0.34998497, 0.99997157
0.34955698, 1.0000000, 0.97665566, 9.6873970, 9.8050690, 9.8827744, 9.9727440, 9.9862480, 9.9951344, 19.999737, 19.999933, 19.999950, 19.987026, 0.34687355, 0.34805042, 0.34882763, 0.34972742, 0.34986249, 0.34995133, 0.34999868, 0.34999967, 0.34999976, 0.34993511, 0.97665566
0.35599631, 1.0000000, 0.99998653, 9.9999132, 9.9999485, 9.9999723, 9.9999933, 9.9999962, 9.9999990, 19.999998, 19.999998, 19.999998, 19.997997, 0.34999815, 0.34999889, 0.34999943, 0.34999987, 0.34999993, 0.34999999, 0.34999999, 0.34999999, 0.34999999, 0.34998998, 0.99998653
0.31675351, 1.0000000, 0.85780245, 7.6299434, 9.4027290, 9.6450605, 9.8839054, 9.9393282, 9.9765015, 19.997162, 19.999266, 19.999527, 19.974222, 0.32629925, 0.34402713, 0.34645054, 0.34883904, 0.34939328, 0.34976500, 0.34998581, 0.34999633, 0.34999764, 0.34987110, 0.85780245
0.27463078, 1.0000000, 0.70518398, 4.6945572, 9.2738304, 9.5380487, 9.7927732, 9.8846169, 9.9518862, 19.993164, 19.998228, 19.997597, 19.951866, 0.29694444, 0.34273696, 0.34537980, 0.34792760, 0.34884611, 0.34951884, 0.34996581, 0.34999114, 0.34998798, 0.34975934, 0.70518398
0.25052330, 1.0000000, 0.61783803, 2.9874027, 9.1922855, 9.5737886, 9.7838697, 9.8723316, 9.9434986, 19.992128, 19.997953, 19.993473, 19.931965, 0.27987075, 0.34191683, 0.34573475, 0.34783804, 0.34872299, 0.34943485, 0.34996063, 0.34998977, 0.34996736, 0.34965983, 0.61783803
0.34601688, 1.0000000, 0.96382928, 9.5995779, 9.5867014, 9.7676268, 9.9342117, 9.9662361, 9.9871235, 19.998478, 19.999605, 19.999853, 19.985031, 0.34599432, 0.34586611, 0.34767583, 0.34934202, 0.34966230, 0.34987119, 0.34999239, 0.34999803, 0.34999925, 0.34992516, 0.96382928
0.34132975, 1.0000000, 0.94684684, 9.1875143, 9.6763639, 9.8233080, 9.9568539, 9.9781036, 9.9922657, 19.999641, 19.999903, 19.999943, 19.986019, 0.34187469, 0.34676337, 0.34823292, 0.34956852, 0.34978104, 0.34992266, 0.34999821, 0.34999952, 0.34999973, 0.34993011, 0.94684684
0.32645214, 1.0000000, 0.89294243, 8.2922659, 9.4560995, 9.6733093, 9.8872032, 9.9405117, 9.9770622, 19.997580, 19.999367, 19.998999, 19.962831, 0.33292076, 0.34455967, 0.34673244, 0.34887189, 0.34940505, 0.34977058, 0.34998789, 0.34999683, 0.34999499, 0.34981415, 0.89294243
0.35599822, 1.0000000, 0.99999344, 9.9999542, 9.9999723, 9.9999847, 9.9999933, 9.9999990, 9.9999990, 19.999998, 19.999998, 19.999998, 19.997997, 0.34999910, 0.34999946, 0.34999970, 0.34999990, 0.34999999, 0.34999999, 0.34999999, 0.34999999, 0.34999999, 0.34998998, 0.99999344
0.35599899, 1.0000000, 0.99999636, 9.9999990, 9.9999990, 9.9999990, 9.9999990, 9.9999990, 9.9999990, 19.999998, 19.999998, 19.999998, 19.998999, 0.34999949, 0.34999970, 0.34999985, 0.34999996, 0.34999999, 0.34999999, 0.34999999, 0.34999999, 0.34999999, 0.34999499, 0.99999636
0.33368748, 1.0000000, 0.91915751, 8.7454414, 9.5375328, 9.7363329, 9.9269943, 9.9625015, 9.9863243, 19.999016, 19.999743, 19.999702, 19.975233, 0.33745393, 0.34537503, 0.34736317, 0.34926990, 0.34962499, 0.34986323, 0.34999508, 0.34999871, 0.34999850, 0.34987617, 0.91915751
0.29731214, 1.0000000, 0.78736275, 6.2761836, 9.3438187, 9.5929155, 9.8381405, 9.9124670, 9.9651442, 19.995922, 19.998938, 19.997908, 19.952814, 0.31275940, 0.34343600, 0.34592801, 0.34838116, 0.34912455, 0.34965143, 0.34997961, 0.34999469, 0.34998953, 0.34976408, 0.78736275
0.33874369, 1.0000000, 0.93747711, 9.0317383, 9.6378202, 9.7996454, 9.9447880, 9.9717674, 9.9892101, 19.998669, 19.999653, 19.999878, 19.987009, 0.34031391, 0.34637600, 0.34799531, 0.34944764, 0.34971756, 0.34989208, 0.34999335, 0.34999827, 0.34999940, 0.34993505, 0.93747711
0.35245669, 1.0000000, 0.98716182, 9.8207903, 9.9026699, 9.9502716, 9.9893656, 9.9946613, 9.9981575, 19.999939, 19.999981, 19.999983, 19.990009, 0.34818444, 0.34901252, 0.34949559, 0.34989223, 0.34994590, 0.34998134, 0.34999970, 0.34999990, 0.34999990, 0.34995005, 0.98716182
0.35599798, 1.0000000, 0.99999267, 9.9999990, 9.9999990, 9.9999990, 9.9999990, 9.9999990, 9.9999990, 19.999998, 19.999998, 19.999998, 19.998999, 0.34999898, 0.34999940, 0.34999970, 0.34999993, 0.34999996, 0.34999999, 0.34999999, 0.34999999, 0.34999999, 0.34999499, 0.99999267
0.32537210, 1.0000000, 0.88902938, 8.1933603, 9.4758902, 9.6960039, 9.9090471, 9.9529753, 9.9822569, 19.998186, 19.999527, 19.999630, 19.975210, 0.33193320, 0.34475860, 0.34695989, 0.34909043, 0.34952971, 0.34982258, 0.34999093, 0.34999764, 0.34999815, 0.34987605, 0.88902938
0.28699505, 1.0000000, 0.74998206, 5.5433888, 9.3286142, 9.5779524, 9.8223057, 9.9025888, 9.9605923, 19.995131, 19.998735, 19.997841, 19.952772, 0.30543205, 0.34328428, 0.34577858, 0.34822285, 0.34902582, 0.34960589, 0.34997565, 0.34999368, 0.34998921, 0.34976387, 0.74998206
0.26462790, 1.0000000, 0.66894168, 3.8790355, 9.3888617, 9.6074572, 9.8106775, 9.8900843, 9.9532156, 19.994726, 19.998632, 19.993872, 19.932775, 0.28878734, 0.34388426, 0.34607235, 0.34810632, 0.34890062, 0.34953207, 0.34997362, 0.34999317, 0.34996936, 0.34966388, 0.66894168
0.25151592, 1.0000000, 0.62143445, 2.9762239, 9.3196220, 9.5934591, 9.7891817, 9.8736477, 9.9432402, 19.993164, 19.998150, 19.986979, 19.915756, 0.27976084, 0.34319359, 0.34593326, 0.34789154, 0.34873632, 0.34943235, 0.34996581, 0.34999076, 0.34993488, 0.34957880, 0.62143445
0.23795909, 1.0000000, 0.57231551, 2.6790471, 8.2099123, 9.5380163, 9.7530127, 9.8495264, 9.9294214, 19.990269, 19.997011, 19.977160, 19.901800, 0.27679026, 0.33209875, 0.34537995, 0.34753007, 0.34849524, 0.34929422, 0.34995133, 0.34998506, 0.34988579, 0.34950900, 0.57231551
0.21966536, 1.0000000, 0.50603390, 2.1692157, 6.8533955, 9.5347404, 9.7453899, 9.8415365, 9.9228106, 19.988417, 19.995525, 19.965111, 19.890795, 0.27169138, 0.31853250, 0.34534639, 0.34745368, 0.34841526, 0.34922808, 0.34994209, 0.34997761, 0.34982556, 0.34945399, 0.50603390
0.19906282, 1.0000000, 0.43138707, 1.5911371, 5.3533869, 9.4941463, 9.7210140, 9.8252592, 9.9131107, 19.985546, 19.992710, 19.951538, 19.882343, 0.26590842, 0.30352786, 0.34493616, 0.34720907, 0.34825206, 0.34913093, 0.34992772, 0.34996355, 0.34975770, 0.34941173, 0.43138707
0.17761561, 1.0000000, 0.35367972, 1.0243177, 3.7336578, 9.4539061, 9.6932430, 9.8066549, 9.9025497, 19.982214, 19.988226, 19.937454, 19.875973, 0.26023719, 0.28732347, 0.34452245, 0.34692904, 0.34806481, 0.34902492, 0.34991106, 0.34994113, 0.34968728, 0.34937987, 0.35367972
0.16068174, 0.97431970, 0.29232514, 0.55623949, 2.7754307, 8.8448410, 9.6758394, 9.7938871, 9.8946190, 19.978859, 19.981812, 19.923792, 19.871246, 0.25555831, 0.27774206, 0.33842888, 0.34675413, 0.34793669, 0.34894547, 0.34989429, 0.34990907, 0.34961897, 0.34935623, 0.29232514
0.14620176, 0.79945821, 0.23986144, 0.17188787, 2.2069812, 7.7711434, 9.6517467, 9.7778769, 9.8859701, 19.975319, 19.973322, 19.911270, 19.867771, 0.25171739, 0.27205825, 0.32769108, 0.34651241, 0.34777620, 0.34885883, 0.34987658, 0.34986660, 0.34955636, 0.34933886, 0.23986144
0.13552862, 0.67056841, 0.20119065, 0.0000000, 1.7269909, 6.7274995, 9.6398802, 9.7689734, 9.8805962, 19.971905, 19.963072, 19.900312, 19.865257, 0.24999726, 0.26726258, 0.31726071, 0.34639472, 0.34768766, 0.34880528, 0.34985954, 0.34981537, 0.34950155, 0.34932628, 0.20119065
0.17814079, 1.0000000, 0.35558259, 2.7586489, 2.5625734, 6.1410408, 9.7001657, 9.8021317, 9.8935986, 19.970110, 19.952024, 19.891216, 19.863483, 0.27757448, 0.27561903, 0.31140238, 0.34699914, 0.34802005, 0.34893557, 0.34985054, 0.34976012, 0.34945607, 0.34931743, 0.35558259
0.17128959, 1.0000000, 0.33075935, 2.2757411, 2.2557795, 6.7040019, 9.6965647, 9.8026752, 9.8951921, 19.966480, 19.939945, 19.883743, 19.862190, 0.27275711, 0.27255762, 0.31703976, 0.34696555, 0.34802672, 0.34895194, 0.34983242, 0.34969974, 0.34941870, 0.34931093, 0.33075935
0.21662939, 1.0000000, 0.49503398, 2.4348645, 6.5947261, 8.4634724, 9.6355610, 9.7675409, 9.8803740, 19.959879, 19.927361, 19.877651, 19.861233, 0.27434853, 0.31594709, 0.33463460, 0.34635559, 0.34767541, 0.34880373, 0.34979939, 0.34963679, 0.34938824, 0.34930617, 0.49503398
0.19053975, 1.0000000, 0.40050635, 1.8079460, 3.9967003, 9.4403276, 9.6714449, 9.7855864, 9.8851690, 19.952307, 19.915451, 19.872927, 19.860563, 0.26807666, 0.28996328, 0.34439886, 0.34671354, 0.34785542, 0.34885153, 0.34976155, 0.34957725, 0.34936464, 0.34930283, 0.40050635
0.17245427, 1.0000000, 0.33497927, 1.2680978, 2.9298811, 9.0035715, 9.6748857, 9.7880335, 9.8854055, 19.943451, 19.904583, 19.869297, 19.860085, 0.26267898, 0.27929604, 0.34003145, 0.34674793, 0.34787986, 0.34885392, 0.34971726, 0.34952292, 0.34934649, 0.34930041, 0.33497927
0.15742323, 0.93496954, 0.28051892, 0.78804493, 2.4098098, 8.0165701, 9.6626930, 9.7811193, 9.8813934, 19.933172, 19.894974, 19.866514, 19.859739, 0.25787872, 0.27409491, 0.33016038, 0.34662566, 0.34781054, 0.34881374, 0.34966585, 0.34947488, 0.34933257, 0.34929869, 0.28051892
0.14388618, 0.77149504, 0.23147166, 0.41030645, 1.9211382, 6.9881291, 9.6462088, 9.7706242, 9.8752947, 19.922573, 19.886881, 19.864416, 19.859488, 0.25410157, 0.26920724, 0.31987375, 0.34645998, 0.34770522, 0.34875259, 0.34961286, 0.34943441, 0.34932208, 0.34929743, 0.23147166
0.13195044, 0.62735802, 0.18822624, 0.11472404, 1.4836580, 5.9698296, 9.6313171, 9.7603483, 9.8683891, 19.911781, 19.880142, 19.862829, 19.859346, 0.25114658, 0.26483139, 0.30968782, 0.34630981, 0.34760180, 0.34868333, 0.34955889, 0.34940070, 0.34931415, 0.34929675, 0.18822624
0.12262967, 0.51479965, 0.15445535, 0.0000000, 1.0838598, 4.9071488, 9.6068401, 9.7441645, 9.8588676, 19.901619, 19.874739, 19.861675, 19.859251, 0.24998668, 0.26083356, 0.29906011, 0.34606394, 0.34743938, 0.34858790, 0.34950811, 0.34937370, 0.34930837, 0.34929627, 0.15445535
0.11449665, 0.41658446, 0.12498784, 0.0000000, 0.70658028, 3.7090950, 9.5617342, 9.7149048, 9.8435793, 19.892443, 19.870485, 19.860851, 19.859194, 0.24998668, 0.25706241, 0.28708202, 0.34561276, 0.34714672, 0.34843498, 0.34946221, 0.34935242, 0.34930426, 0.34929597, 0.12498784
0.10818961, 0.34042010, 0.10213625, 0.0000000, 0.42818189, 2.8141677, 9.2173567, 9.6895571, 9.8295593, 19.885077, 19.867363, 19.860258, 19.859158, 0.24998668, 0.25427920, 0.27813309, 0.34216794, 0.34689263, 0.34829459, 0.34942538, 0.34933680, 0.34930128, 0.34929579, 0.10213625
0.10358673, 0.28483531, 0.85459143E-1, 0.0000000, 0.21292865, 2.2623749, 8.5769596, 9.6727800, 9.8187428, 19.878191, 19.864813, 19.859793, 19.859116, 0.24998668, 0.25212818, 0.27261794, 0.33576518, 0.34672531, 0.34818658, 0.34939095, 0.34932405, 0.34929895, 0.34929559, 0.85459143E-1
0.13811992, 0.70186108, 0.21057940, 1.6897917, 1.7219752, 2.0282865, 8.1855583, 9.7229805, 9.8365726, 19.872696, 19.862932, 19.859497, 19.859081, 0.26689082, 0.26721540, 0.27028030, 0.33185354, 0.34722859, 0.34836531, 0.34936348, 0.34931466, 0.34929749, 0.34929541, 0.21057940
0.16116297, 0.98013097, 0.29406869, 2.8504193, 2.1871686, 2.8620064, 7.8382363, 9.7416334, 9.8441820, 19.868570, 19.861582, 19.859299, 19.859058, 0.27849743, 0.27186856, 0.27861804, 0.32838124, 0.34741566, 0.34844157, 0.34934285, 0.34930789, 0.34929651, 0.34929529, 0.29406869
0.14361885, 0.76826680, 0.23050310, 1.9508719, 1.7428815, 2.5726378, 7.5156174, 9.7467918, 9.8458614, 19.864479, 19.860405, 19.859152, 19.859011, 0.26950783, 0.26742834, 0.27572602, 0.32515597, 0.34746781, 0.34845856, 0.34932238, 0.34930202, 0.34929577, 0.34929505, 0.23050310
0.13155787, 0.62261730, 0.18680388, 1.3637275, 1.4145285, 2.3332505, 7.2206082, 9.7533598, 9.8483057, 19.862011, 19.859709, 19.859058, 19.858980, 0.26363301, 0.26414263, 0.27333030, 0.32220471, 0.34753266, 0.34848276, 0.34931004, 0.34929854, 0.34929529, 0.34929490, 0.18680388
0.13167714, 0.62405759, 0.18723601, 1.5852898, 1.1784524, 2.1459608, 6.9612131, 9.7654638, 9.8526869, 19.860325, 19.859251, 19.858986, 19.858963, 0.26584870, 0.26178265, 0.27145791, 0.31961104, 0.34765387, 0.34852660, 0.34930164, 0.34929627, 0.34929493, 0.34929481, 0.18723601
0.12044266, 0.48838905, 0.14653137, 1.0237545, 0.90574324, 1.9103736, 6.6621580, 9.7510767, 9.8470278, 19.858662, 19.858849, 19.858879, 19.858940, 0.26023480, 0.25905597, 0.26910219, 0.31662050, 0.34750998, 0.34847000, 0.34929329, 0.34929425, 0.34929439, 0.34929469, 0.14653137
0.11153272, 0.38079187, 0.11424899, 0.60854554, 0.67135990, 1.6777635, 6.3356423, 9.7378721, 9.8413248, 19.857492, 19.858519, 19.858791, 19.858923, 0.25608310, 0.25671205, 0.26677570, 0.31335497, 0.34737760, 0.34841287, 0.34928745, 0.34929258, 0.34929395, 0.34929460, 0.11424899
0.10348697, 0.28363073, 0.85097730E-1, 0.26662648, 0.44097304, 1.4159828, 5.9460917, 9.7124987, 9.8304129, 19.856331, 19.858189, 19.858690, 19.858904, 0.25266400, 0.25440750, 0.26415622, 0.30945787, 0.34712252, 0.34830329, 0.34928167, 0.34929094, 0.34929344, 0.34929451, 0.85097730E-1
0.98466337E-1, 0.22300103, 0.66907004E-1, 0.79104304E-1, 0.28633475, 1.2116939, 5.5725217, 9.7117529, 9.8288956, 19.855631, 19.858023, 19.858662, 19.858887, 0.25079039, 0.25286192, 0.26211393, 0.30572245, 0.34711513, 0.34828815, 0.34927815, 0.34929010, 0.34929329, 0.34929442, 0.66907004E-1
0.94898693E-1, 0.17991793, 0.53980779E-1, 0.0000000, 0.15367866, 0.97433329, 5.1121879, 9.6796236, 9.8155260, 19.855324, 19.857916, 19.858614, 19.858875, 0.24999158, 0.25153589, 0.25974047, 0.30111888, 0.34679338, 0.34815431, 0.34927660, 0.34928960, 0.34929305, 0.34929436, 0.53980779E-1
0.14313069, 0.76237178, 0.22873440, 1.8399596, 2.2800236, 2.0854206, 5.8473415, 9.7482338, 9.8415985, 19.855829, 19.858059, 19.858614, 19.858875, 0.26839566, 0.27279732, 0.27085286, 0.30847266, 0.34748170, 0.34841576, 0.34927914, 0.34929031, 0.34929305, 0.34929436, 0.22873440
0.31335241, 1.0000000, 0.84547967, 7.6595082, 9.1192541, 9.3709888, 9.5885353, 9.8041477, 9.8644094, 19.856489, 19.858206, 19.858614, 19.858875, 0.32658958, 0.34118864, 0.34370789, 0.34588492, 0.34804127, 0.34864402, 0.34928244, 0.34929103, 0.34929305, 0.34929436, 0.84547967
0.35599542, 1.0000000, 0.99998343, 9.9998589, 9.9999189, 9.9999580, 9.9999905, 9.9999962, 9.9999990, 19.999998, 19.999998, 19.999998, 19.996996, 0.34999770, 0.34999865, 0.34999931, 0.34999985, 0.34999993, 0.34999999, 0.34999999, 0.34999999, 0.34999999, 0.34998497, 0.99998343
0.35599774, 1.0000000, 0.99999189, 9.9999962, 9.9999962, 9.9999990, 9.9999990, 9.9999990, 9.9999990, 19.999998, 19.999998, 19.999998, 19.998999, 0.34999889, 0.34999931, 0.34999967, 0.34999993, 0.34999996, 0.34999999, 0.34999999, 0.34999999, 0.34999999, 0.34999499, 0.99999189
0.33454090, 1.0000000, 0.92224950, 8.7653923, 9.5901785, 9.7685070, 9.9384298, 9.9685059, 9.9887199, 19.999378, 19.999838, 19.999714, 19.975233, 0.33765185, 0.34590042, 0.34768438, 0.34938416, 0.34968501, 0.34988716, 0.34999689, 0.34999919, 0.34999856, 0.34987617, 0.92224950
0.29988790, 1.0000000, 0.79669523, 6.4396544, 9.3707457, 9.6123161, 9.8544359, 9.9219637, 9.9700489, 19.997454, 19.999336, 19.998032, 19.952820, 0.31439343, 0.34370470, 0.34612176, 0.34854406, 0.34921947, 0.34970042, 0.34998727, 0.34999669, 0.34999016, 0.34976411, 0.79669523
0.26749632, 1.0000000, 0.67933446, 4.1400008, 9.3209639, 9.5669889, 9.8023119, 9.8881483, 9.9543104, 19.995869, 19.998924, 19.993998, 19.932787, 0.29139847, 0.34320754, 0.34566882, 0.34802291, 0.34888136, 0.34954306, 0.34997934, 0.34999463, 0.34996998, 0.34966394, 0.67933446
0.24215437, 1.0000000, 0.58751583, 2.8259902, 8.4660978, 9.5449324, 9.7696581, 9.8638849, 9.9405012, 19.993938, 19.998341, 19.987074, 19.915756, 0.27825859, 0.33465862, 0.34544802, 0.34769630, 0.34863868, 0.34940496, 0.34996969, 0.34999171, 0.34993535, 0.34957880, 0.58751583
0.27410212, 1.0000000, 0.70326853, 4.6174126, 9.3186035, 9.5851955, 9.7757759, 9.8625603, 9.9358377, 19.992544, 19.997595, 19.977362, 19.901823, 0.29617128, 0.34318259, 0.34585020, 0.34775740, 0.34862542, 0.34935832, 0.34996271, 0.34998798, 0.34988680, 0.34950912, 0.70326853
0.24539584, 1.0000000, 0.59926027, 2.8755097, 8.7834978, 9.5372696, 9.7513409, 9.8462439, 9.9260674, 19.990364, 19.996048, 19.965277, 19.890795, 0.27874964, 0.33782500, 0.34536728, 0.34751230, 0.34846187, 0.34926051, 0.34995180, 0.34998024, 0.34982640, 0.34945399, 0.59926027
0.22496985, 1.0000000, 0.52525306, 2.2933424, 7.2946081, 9.5252686, 9.7385445, 9.8362780, 9.9190779, 19.988192, 19.993437, 19.951735, 19.882362, 0.27292863, 0.32293692, 0.34524670, 0.34738421, 0.34836215, 0.34919056, 0.34994096, 0.34996718, 0.34975868, 0.34941182, 0.52525306
0.20490800, 1.0000000, 0.45256519, 1.7382056, 5.8105092, 9.5039234, 9.7236443, 9.8256340, 9.9122181, 19.985643, 19.989168, 19.937679, 19.875978, 0.26737583, 0.30809259, 0.34502903, 0.34723437, 0.34825531, 0.34912181, 0.34992820, 0.34994584, 0.34968841, 0.34937990, 0.45256519
0.18410449, 1.0000000, 0.37719014, 1.1980265, 4.2216978, 9.4654217, 9.7007732, 9.8106480, 9.9039917, 19.982733, 19.982914, 19.924021, 19.871258, 0.26197273, 0.29220104, 0.34463632, 0.34700406, 0.34810463, 0.34903929, 0.34991366, 0.34991458, 0.34962010, 0.34935629, 0.37719014
0.16697085, 1.0000000, 0.31511176, 0.77118576, 2.9633136, 9.2664909, 9.6909943, 9.8029947, 9.8989477, 19.979891, 19.974632, 19.911509, 19.867786, 0.25770780, 0.27962381, 0.34265032, 0.34690690, 0.34802839, 0.34898898, 0.34989947, 0.34987316, 0.34955755, 0.34933895, 0.31511176
0.15459681, 0.90083736, 0.27027825, 0.43011308, 2.4887145, 8.3660412, 9.6827164, 9.7968359, 9.8950481, 19.976772, 19.964462, 19.900537, 19.865271, 0.25429827, 0.27487725, 0.33364379, 0.34682330, 0.34796643, 0.34894982, 0.34988385, 0.34982231, 0.34950268, 0.34932634, 0.27027825
0.14372724, 0.76957566, 0.23089579, 0.16711056, 2.0600052, 7.4769397, 9.6742220, 9.7909670, 9.8916359, 19.973080, 19.952879, 19.891289, 19.863447, 0.25166968, 0.27058959, 0.32475039, 0.34673730, 0.34790716, 0.34891552, 0.34986541, 0.34976441, 0.34945643, 0.34931725, 0.23089579
0.13457465, 0.65904820, 0.19773424, 0.0000000, 1.6727626, 6.5996857, 9.6654797, 9.7850323, 9.8882513, 19.968349, 19.940460, 19.883707, 19.862143, 0.24998993, 0.26671758, 0.31597707, 0.34664899, 0.34784737, 0.34888151, 0.34984174, 0.34970230, 0.34941852, 0.34931070, 0.19773424
0.12804000, 0.58013517, 0.17405796, 0.0000000, 1.3226479, 5.7260637, 9.6546068, 9.7778625, 9.8842850, 19.962305, 19.927942, 19.877657, 19.861202, 0.24998993, 0.26321343, 0.30723238, 0.34653652, 0.34777379, 0.34884122, 0.34981152, 0.34963971, 0.34938830, 0.34930602, 0.17405796
0.12295574, 0.51873720, 0.15563673, 0.0000000, 1.0856152, 4.9725246, 9.6612377, 9.7811012, 9.8851748, 19.956051, 19.916309, 19.873018, 19.860567, 0.24998993, 0.26083881, 0.29968551, 0.34659696, 0.34780321, 0.34884912, 0.34978026, 0.34958154, 0.34936509, 0.34930283, 0.15563673
0.13733292, 0.69235724, 0.20772795, 1.3001025, 0.93396604, 4.4144526, 9.6903877, 9.7975845, 9.8911953, 19.948519, 19.905712, 19.869463, 19.860121, 0.26297274, 0.25932747, 0.29411569, 0.34689122, 0.34796944, 0.34890980, 0.34974259, 0.34952855, 0.34934732, 0.34930059, 0.20772795
0.12906338, 0.59249365, 0.17776588, 0.95606446, 0.77269077, 3.8718123, 9.6913424, 9.7989807, 9.8913307, 19.939333, 19.896273, 19.866730, 19.859785, 0.25955907, 0.25772613, 0.28871623, 0.34691247, 0.34798932, 0.34891316, 0.34969667, 0.34948137, 0.34933364, 0.34929892, 0.17776588
0.11917049, 0.47302625, 0.14192207, 0.56572556, 0.56838095, 3.2063637, 9.6516447, 9.7763128, 9.8809452, 19.928751, 19.888103, 19.864620, 19.859545, 0.25564998, 0.25567943, 0.28205124, 0.34650898, 0.34775934, 0.34880817, 0.34964377, 0.34944052, 0.34932309, 0.34929773, 0.14192207
0.11096405, 0.37392458, 0.11218859, 0.25105178, 0.37782192, 2.7084351, 9.3823204, 9.7543488, 9.8689003, 19.917877, 19.881300, 19.863029, 19.859362, 0.25250769, 0.25377566, 0.27707514, 0.34381682, 0.34754017, 0.34868792, 0.34958938, 0.34940651, 0.34931514, 0.34929681, 0.11218859
0.10446115, 0.29539502, 0.88627368E-1, 0.27903914E-1, 0.21137595, 2.3069263, 8.9290113, 9.7278767, 9.8543577, 19.907276, 19.875765, 19.861841, 19.859287, 0.25027874, 0.25211239, 0.27306181, 0.33928433, 0.34727561, 0.34854251, 0.34953639, 0.34937882, 0.34930921, 0.34929645, 0.88627368E-1
0.10094010, 0.25287449, 0.75869940E-1, 0.0000000, 0.84453821E-1, 1.9109368, 8.4098558, 9.7037354, 9.8401718, 19.897554, 19.871391, 19.860970, 19.859222, 0.24999648, 0.25084317, 0.26909375, 0.33408481, 0.34702942, 0.34839904, 0.34948778, 0.34935695, 0.34930485, 0.34929612, 0.75869940E-1
0.98572709E-1, 0.22428566, 0.67292430E-1, 0.0000000, 0.39547682E-2, 1.5986383, 7.9106197, 9.7014599, 9.8351974, 19.889156, 19.868036, 19.860357, 19.859194, 0.24999648, 0.25003952, 0.26598251, 0.32910237, 0.34701225, 0.34835118, 0.34944579, 0.34934017, 0.34930179, 0.34929597, 0.67292430E-1
0.96817292E-1, 0.20308706, 0.60932212E-1, 0.0000000, 0.0000000, 1.2933254, 7.3652430, 9.6850891, 9.8255358, 19.881857, 19.865431, 19.859911, 19.859158, 0.24999648, 0.24999829, 0.26293132, 0.32365024, 0.34684944, 0.34825486, 0.34940928, 0.34932715, 0.34929955, 0.34929579, 0.60932212E-1
0.95084146E-1, 0.18215747, 0.54652710E-1, 0.0000000, 0.0000000, 0.99978149, 6.7530584, 9.6620111, 9.8127460, 19.875509, 19.863367, 19.859577, 19.859121, 0.24999648, 0.24999829, 0.25999656, 0.31752890, 0.34661892, 0.34812704, 0.34937754, 0.34931684, 0.34929788, 0.34929562, 0.54652710E-1
0.93473822E-1, 0.16271105, 0.48818201E-1, 0.0000000, 0.0000000, 0.74509084, 6.0937166, 9.6440544, 9.8019419, 19.870369, 19.861841, 19.859346, 19.859087, 0.24999648, 0.24999829, 0.25744802, 0.31093246, 0.34643683, 0.34801817, 0.34935185, 0.34930921, 0.34929675, 0.34929544, 0.48818201E-1
0.92349499E-1, 0.14913367, 0.44744574E-1, 0.0000000, 0.0000000, 0.57997108, 5.5510383, 9.6616077, 9.8075218, 19.866169, 19.860664, 19.859205, 19.859051, 0.24999648, 0.24999829, 0.25579789, 0.30550689, 0.34661305, 0.34807420, 0.34933084, 0.34930331, 0.34929603, 0.34929526, 0.44744574E-1
0.91328770E-1, 0.13680719, 0.41046262E-1, 0.0000000, 0.0000000, 0.43799877, 5.0310903, 9.6627827, 9.8075342, 19.862736, 19.859745, 19.859070, 19.859016, 0.24999648, 0.24999829, 0.25437415, 0.30029750, 0.34661496, 0.34807098, 0.34931368, 0.34929872, 0.34929535, 0.34929508, 0.41046262E-1
0.90463795E-1, 0.12636167, 0.37912294E-1, 0.0000000, 0.0000000, 0.32602251, 4.5440836, 9.6657534, 9.8083200, 19.860147, 19.859108, 19.858934, 19.858986, 0.24999648, 0.24999829, 0.25325561, 0.29542795, 0.34664381, 0.34807855, 0.34930074, 0.34929556, 0.34929466, 0.34929493, 0.37912294E-1
0.89707807E-1, 0.11723236, 0.35173226E-1, 0.0000000, 0.0000000, 0.23796856, 4.0716419, 9.6643896, 9.8075132, 19.858423, 19.858702, 19.858833, 19.858955, 0.24999648, 0.24999829, 0.25237608, 0.29070404, 0.34662923, 0.34807014, 0.34929210, 0.34929350, 0.34929416, 0.34929478, 0.35173226E-1
0.88938944E-1, 0.10794749, 0.32387488E-1, 0.0000000, 0.0000000, 0.15326738, 3.5750165, 9.6507740, 9.8011265, 19.856712, 19.858250, 19.858702, 19.858923, 0.24999648, 0.24999829, 0.25152931, 0.28573447, 0.34648654, 0.34800407, 0.34928358, 0.34929127, 0.34929350, 0.34929460, 0.32387488E-1
0.14955863, 0.83999598, 0.25202399, 2.4861484, 2.1473856, 2.2568493, 3.3372350, 9.7556715, 9.8422079, 19.856514, 19.858198, 19.858662, 19.858923, 0.27484378, 0.27146468, 0.27256367, 0.28337091, 0.34755462, 0.34842137, 0.34928256, 0.34929100, 0.34929329, 0.34929460, 0.25202399
0.17386991, 1.0000000, 0.34010836, 2.9273987, 2.3095160, 5.1311617, 9.2860775, 9.8125105, 9.8668041, 19.856997, 19.858292, 19.858662, 19.858923, 0.27927056, 0.27309355, 0.30130982, 0.34286010, 0.34812474, 0.34866792, 0.34928498, 0.34929144, 0.34929329, 0.34929460, 0.34010836
0.27935493, 1.0000000, 0.72230047, 5.1362591, 9.1316462, 9.5142374, 9.7078657, 9.8424320, 9.8797054, 19.857321, 19.858292, 19.858662, 19.858923, 0.30136231, 0.34131616, 0.34514222, 0.34707862, 0.34842429, 0.34879705, 0.34928662, 0.34929144, 0.34929329, 0.34929460, 0.72230047
0.31490988, 1.0000000, 0.85112274, 7.4281964, 9.5219269, 9.6657152, 9.7835112, 9.8544121, 9.8848734, 19.857294, 19.858276, 19.858662, 19.858923, 0.32428131, 0.34521875, 0.34665692, 0.34783506, 0.34854409, 0.34884873, 0.34928647, 0.34929138, 0.34929329, 0.34929460, 0.85112274
0.35599864, 1.0000000, 0.99999493, 9.9999990, 9.9999990, 9.9999990, 9.9999990, 9.9999990, 9.9999990, 19.999998, 19.999998, 19.999998, 19.998999, 0.34999931, 0.34999958, 0.34999979, 0.34999996, 0.34999996, 0.34999999, 0.34999999, 0.34999999, 0.34999999, 0.34999499, 0.99999493
0.35599869, 1.0000000, 0.99999517, 9.9999990, 9.9999990, 9.9999990, 9.9999990, 9.9999990, 9.9999990, 19.999998, 19.999998, 19.999998, 19.998999, 0.34999934, 0.34999961, 0.34999979, 0.34999996, 0.34999996, 0.34999999, 0.34999999, 0.34999999, 0.34999999, 0.34999499, 0.99999517
0.35599124, 1.0000000, 0.99996835, 9.9996452, 9.9997845, 9.9998922, 9.9999752, 9.9999876, 9.9999990, 19.999998, 19.999998, 19.999998, 19.994993, 0.34999564, 0.34999737, 0.34999868, 0.34999970, 0.34999985, 0.34999999, 0.34999999, 0.34999999, 0.34999999, 0.34997496, 0.99996835
0.34711057, 1.0000000, 0.96779180, 9.5613861, 9.7338562, 9.8561401, 9.9655981, 9.9825764, 9.9938726, 19.999725, 19.999922, 19.999846, 19.980116, 0.34561345, 0.34733832, 0.34856129, 0.34965596, 0.34982577, 0.34993872, 0.34999862, 0.34999961, 0.34999922, 0.34990057, 0.96779180
0.33392930, 1.0000000, 0.92003357, 8.7096615, 9.6075191, 9.7723398, 9.9339495, 9.9657927, 9.9877777, 19.999504, 19.999863, 19.998623, 19.957342, 0.33709601, 0.34607476, 0.34772319, 0.34933946, 0.34965789, 0.34987777, 0.34999752, 0.34999931, 0.34999311, 0.34978670, 0.92003357
0.31345588, 1.0000000, 0.84585458, 7.3175721, 9.4993505, 9.6955690, 9.8899107, 9.9410515, 9.9779701, 19.998806, 19.999681, 19.995199, 19.936766, 0.32317466, 0.34499267, 0.34695527, 0.34889901, 0.34941047, 0.34977970, 0.34999403, 0.34999841, 0.34997600, 0.34968382, 0.84585458
0.29153961, 1.0000000, 0.76644790, 5.7818441, 9.4393435, 9.6506157, 9.8540401, 9.9188223, 9.9683046, 19.998276, 19.999516, 19.988989, 19.919092, 0.30781749, 0.34439248, 0.34650567, 0.34854031, 0.34918815, 0.34968302, 0.34999138, 0.34999758, 0.34994495, 0.34959546, 0.76644790
0.27042091, 1.0000000, 0.68993080, 4.2658148, 9.4267111, 9.6349669, 9.8298645, 9.9018698, 9.9595585, 19.997602, 19.999073, 19.979893, 19.904522, 0.29265735, 0.34426606, 0.34634912, 0.34829852, 0.34901863, 0.34959555, 0.34998801, 0.34999537, 0.34989947, 0.34952262, 0.68993080
0.25536206, 1.0000000, 0.63536972, 3.1326785, 9.4828539, 9.6642256, 9.8287907, 9.8977213, 9.9553423, 19.997126, 19.998158, 19.968340, 19.892933, 0.28132477, 0.34482491, 0.34664041, 0.34828752, 0.34897703, 0.34955335, 0.34998563, 0.34999079, 0.34984171, 0.34946465, 0.63536972
0.24261791, 1.0000000, 0.58919525, 2.6712747, 8.7268982, 9.6397524, 9.8165331, 9.8887682, 9.9496527, 19.996494, 19.996260, 19.955105, 19.884018, 0.27671042, 0.33726439, 0.34639499, 0.34816483, 0.34888741, 0.34949645, 0.34998247, 0.34998131, 0.34977552, 0.34942010, 0.58919525
0.23446906, 1.0000000, 0.55967045, 2.4685860, 8.0662403, 9.6665087, 9.8226061, 9.8901625, 9.9482260, 19.996099, 19.992989, 19.941168, 19.877262, 0.27468422, 0.33065918, 0.34666315, 0.34822568, 0.34890142, 0.34948221, 0.34998050, 0.34996495, 0.34970585, 0.34938630, 0.55967045
0.22849624, 1.0000000, 0.53802979, 2.3354859, 7.5528159, 9.6921797, 9.8335733, 9.8951750, 9.9490576, 19.995974, 19.987940, 19.927496, 19.872223, 0.27335253, 0.32552361, 0.34691891, 0.34833515, 0.34895146, 0.34949049, 0.34997988, 0.34993970, 0.34963748, 0.34936112, 0.53802979
0.21684200, 1.0000000, 0.49580434, 2.0315826, 6.6900330, 9.6206388, 9.8090181, 9.8815947, 9.9429789, 19.994993, 19.980604, 19.914738, 19.868534, 0.27031535, 0.31689936, 0.34620571, 0.34809002, 0.34881589, 0.34942976, 0.34997496, 0.34990302, 0.34957367, 0.34934267, 0.49580434
0.20778719, 1.0000000, 0.46299702, 1.8237233, 5.9395251, 9.6282148, 9.8061132, 9.8787603, 9.9408569, 19.994053, 19.971289, 19.903456, 19.865858, 0.26823685, 0.30939451, 0.34628156, 0.34806103, 0.34878755, 0.34940854, 0.34997028, 0.34985644, 0.34951729, 0.34932929, 0.46299702
0.19541731, 1.0000000, 0.41817868, 1.5218586, 4.9771810, 9.5788422, 9.7824459, 9.8647623, 9.9342852, 19.991812, 19.960125, 19.893829, 19.863907, 0.26521686, 0.29976842, 0.34578514, 0.34782380, 0.34864730, 0.34934273, 0.34995908, 0.34980062, 0.34946916, 0.34931952, 0.41817868
0.18865225, 1.0000000, 0.39366752, 1.3866514, 4.3543110, 9.6366739, 9.7987633, 9.8721437, 9.9359055, 19.989132, 19.948004, 19.885904, 19.862507, 0.26386529, 0.29354081, 0.34636420, 0.34798712, 0.34872118, 0.34935898, 0.34994566, 0.34974003, 0.34942952, 0.34931254, 0.39366752
0.35593581, 1.0000000, 0.99976748, 9.9975910, 9.9985485, 9.9992781, 9.9998531, 9.9999275, 9.9999752, 19.999998, 19.999998, 19.999998, 19.994993, 0.34996805, 0.34998074, 0.34999043, 0.34999806, 0.34999904, 0.34999967, 0.34999999, 0.34999999, 0.34999999, 0.34997496, 0.99976748
0.35599828, 1.0000000, 0.99999368, 9.9999990, 9.9999962, 9.9999990, 9.9999990, 9.9999990, 9.9999990, 19.999998, 19.999998, 19.999998, 19.998999, 0.34999913, 0.34999946, 0.34999973, 0.34999993, 0.34999996, 0.34999999, 0.34999999, 0.34999999, 0.34999999, 0.34999499, 0.99999368
0.35599917, 1.0000000, 0.99999702, 9.9999990, 9.9999990, 9.9999990, 9.9999990, 9.9999990, 9.9999990, 19.999998, 19.999998, 19.999998, 19.998999, 0.34999958, 0.34999976, 0.34999987, 0.34999996, 0.34999999, 0.34999999, 0.34999999, 0.34999999, 0.34999999, 0.34999499, 0.99999702
0.35599917, 1.0000000, 0.99999702, 9.9999990, 9.9999990, 9.9999990, 9.9999990, 9.9999990, 9.9999990, 19.999998, 19.999998, 19.999998, 19.998999, 0.34999958, 0.34999976, 0.34999987, 0.34999996, 0.34999999, 0.34999999, 0.34999999, 0.34999999, 0.34999999, 0.34999499, 0.99999702
0.35599697, 1.0000000, 0.99998891, 9.9998837, 9.9999275, 9.9999638, 9.9999905, 9.9999990, 9.9999990, 19.999998, 19.999998, 19.999998, 19.995995, 0.34999847, 0.34999907, 0.34999952, 0.34999987, 0.34999999, 0.34999999, 0.34999999, 0.34999999, 0.34999999, 0.34997997, 0.99998891
0.35566735, 1.0000000, 0.99879473, 9.9986267, 9.9828634, 9.9606581, 9.9918833, 9.9959421, 9.9986401, 19.999998, 19.999998, 19.999893, 19.981098, 0.34998608, 0.34982854, 0.34960651, 0.34991884, 0.34995943, 0.34998640, 0.34999999, 0.34999999, 0.34999946, 0.34990549, 0.99879473
0.34352976, 1.0000000, 0.95481801, 9.3257475, 9.7096872, 9.8269463, 9.9581356, 9.9787426, 9.9927368, 19.999903, 19.999969, 19.998753, 19.958250, 0.34325707, 0.34709659, 0.34826934, 0.34958133, 0.34978741, 0.34992737, 0.34999952, 0.34999985, 0.34999377, 0.34979126, 0.95481801
0.33184421, 1.0000000, 0.91247898, 8.5466614, 9.6253443, 9.7772684, 9.9320068, 9.9645672, 9.9874296, 19.999659, 19.999908, 19.995457, 19.937578, 0.33546528, 0.34625253, 0.34777221, 0.34931996, 0.34964561, 0.34987426, 0.34999830, 0.34999955, 0.34997728, 0.34968787, 0.91247898
0.32447514, 1.0000000, 0.88577938, 7.9858003, 9.6629725, 9.7939558, 9.9222422, 9.9581060, 9.9843903, 19.999325, 19.999767, 19.989393, 19.919777, 0.32985732, 0.34662923, 0.34793928, 0.34922236, 0.34958103, 0.34984392, 0.34999663, 0.34999883, 0.34994698, 0.34959888, 0.88577938
0.31675631, 1.0000000, 0.85781264, 7.4286118, 9.6631374, 9.7915611, 9.9098768, 9.9501019, 9.9801607, 19.998413, 19.999264, 19.980410, 19.905088, 0.32428229, 0.34662840, 0.34791410, 0.34909847, 0.34950086, 0.34980154, 0.34999207, 0.34999633, 0.34990203, 0.34952545, 0.85781264
0.30823785, 1.0000000, 0.82694870, 6.8266859, 9.6458683, 9.7786989, 9.8965578, 9.9413633, 9.9753122, 19.997221, 19.998194, 19.968899, 19.893370, 0.31826302, 0.34645543, 0.34778535, 0.34896526, 0.34941345, 0.34975305, 0.34998611, 0.34999096, 0.34984449, 0.34946686, 0.82694870
0.29647112, 1.0000000, 0.78431553, 6.0227652, 9.5863562, 9.7408133, 9.8787613, 9.9300175, 9.9696388, 19.996231, 19.996239, 19.955679, 19.884342, 0.31022283, 0.34585893, 0.34740576, 0.34878713, 0.34929994, 0.34969631, 0.34998116, 0.34998119, 0.34977838, 0.34942171, 0.78431553
0.28611410, 1.0000000, 0.74679011, 5.2763271, 9.5835810, 9.7356930, 9.8712282, 9.9239721, 9.9659882, 19.995583, 19.992973, 19.941725, 19.877504, 0.30275762, 0.34582964, 0.34735379, 0.34871164, 0.34923938, 0.34965977, 0.34997791, 0.34996486, 0.34970862, 0.34938753, 0.74679011
0.27531272, 1.0000000, 0.70765471, 4.5009394, 9.5761967, 9.7284107, 9.8620453, 9.9172220, 9.9616947, 19.994408, 19.987700, 19.927958, 19.872400, 0.29500461, 0.34575585, 0.34728101, 0.34861982, 0.34917191, 0.34961683, 0.34997204, 0.34993851, 0.34963977, 0.34936202, 0.70765471
0.26621646, 1.0000000, 0.67469728, 3.8299863, 9.5921078, 9.7357302, 9.8601656, 9.9145679, 9.9591599, 19.993170, 19.980381, 19.915148, 19.868664, 0.28829676, 0.34591642, 0.34735495, 0.34860116, 0.34914544, 0.34959152, 0.34996584, 0.34990191, 0.34957573, 0.34934333, 0.67469728
0.25181663, 1.0000000, 0.62252396, 2.9714613, 9.3197737, 9.6701612, 9.8356943, 9.9001217, 9.9522352, 19.991133, 19.970894, 19.903736, 19.865940, 0.27971232, 0.34319338, 0.34669936, 0.34835649, 0.34900099, 0.34952226, 0.34995568, 0.34985447, 0.34951869, 0.34932971, 0.62252396
0.24056228, 1.0000000, 0.58174735, 2.6534855, 8.5036688, 9.6474915, 9.8211393, 9.8903379, 9.9471178, 19.988857, 19.959806, 19.894053, 19.863972, 0.27653310, 0.33503333, 0.34647301, 0.34821102, 0.34890318, 0.34947112, 0.34994429, 0.34979904, 0.34947026, 0.34931988, 0.58174735
0.23015639, 1.0000000, 0.54404485, 2.3722143, 7.7200747, 9.6415081, 9.8135233, 9.8843870, 9.9434118, 19.985634, 19.947626, 19.886042, 19.862549, 0.27371982, 0.32719624, 0.34641224, 0.34813467, 0.34884357, 0.34943402, 0.34992817, 0.34973812, 0.34943020, 0.34931275, 0.54404485
0.22039603, 1.0000000, 0.50868124, 2.1155624, 6.9716411, 9.6379471, 9.8088732, 9.8804426, 9.9405375, 19.981003, 19.935036, 19.879618, 19.861530, 0.27115312, 0.31971142, 0.34637603, 0.34808806, 0.34880406, 0.34940526, 0.34990501, 0.34967518, 0.34939808, 0.34930766, 0.50868124
0.21335182, 1.0000000, 0.48315871, 1.9396394, 6.3982897, 9.6694126, 9.8176355, 9.8840876, 9.9406538, 19.974833, 19.922768, 19.874567, 19.860804, 0.26939169, 0.31397361, 0.34668708, 0.34817493, 0.34884018, 0.34940630, 0.34987417, 0.34961385, 0.34937283, 0.34930402, 0.48315871
0.20484528, 1.0000000, 0.45233795, 1.7109066, 5.7619128, 9.6507797, 9.8116093, 9.8803406, 9.9379015, 19.966501, 19.911242, 19.870617, 19.860287, 0.26710537, 0.30761164, 0.34650153, 0.34811482, 0.34880278, 0.34937879, 0.34983250, 0.34955621, 0.34935308, 0.34930143, 0.45233795
0.19874650, 1.0000000, 0.43024090, 1.5579343, 5.2651796, 9.6786470, 9.8200798, 9.8842049, 9.9378500, 19.956850, 19.901041, 19.867638, 19.859926, 0.26557603, 0.30264509, 0.34678030, 0.34819955, 0.34884143, 0.34937829, 0.34978426, 0.34950522, 0.34933817, 0.34929964, 0.43024090
0.19157743, 1.0000000, 0.40426603, 1.3660789, 4.7275014, 9.6641245, 9.8159466, 9.8815413, 9.9348783, 19.945671, 19.892174, 19.865362, 19.859627, 0.26365650, 0.29726613, 0.34663215, 0.34815761, 0.34881449, 0.34934849, 0.34972835, 0.34946087, 0.34932682, 0.34929812, 0.40426603
0.21031776, 1.0000000, 0.47216579, 2.2121668, 5.5390043, 9.7398014, 9.8407497, 9.8940592, 9.9373484, 19.934641, 19.884941, 19.863707, 19.859468, 0.27211806, 0.30538464, 0.34739324, 0.34840655, 0.34894010, 0.34937334, 0.34967321, 0.34942472, 0.34931853, 0.34929734, 0.47216579
0.31172746, 1.0000000, 0.83959216, 7.1424131, 9.5422564, 9.7864265, 9.8613234, 9.9048853, 9.9388762, 19.923729, 19.879107, 19.862471, 19.859346, 0.32142371, 0.34542221, 0.34786409, 0.34861320, 0.34904882, 0.34938878, 0.34961864, 0.34939554, 0.34931237, 0.34929675, 0.83959216
0.30651122, 1.0000000, 0.82069284, 6.7431750, 9.5981607, 9.7480154, 9.8540487, 9.9008589, 9.9337454, 19.912342, 19.874212, 19.861488, 19.859299, 0.31743038, 0.34598044, 0.34747955, 0.34854037, 0.34900853, 0.34933743, 0.34956172, 0.34937108, 0.34930745, 0.34929651, 0.82069284
0.28787059, 1.0000000, 0.75315422, 5.4850802, 9.4891615, 9.6706247, 9.8225613, 9.8825045, 9.9217501, 19.900471, 19.869986, 19.860693, 19.859222, 0.30484116, 0.34488156, 0.34670112, 0.34822458, 0.34882450, 0.34921733, 0.34950235, 0.34934992, 0.34930345, 0.34929612, 0.75315422
0.26769361, 1.0000000, 0.68004930, 4.0657330, 9.4396877, 9.6334829, 9.8003616, 9.8673105, 9.9110422, 19.890388, 19.866756, 19.860111, 19.859194, 0.29064882, 0.34438500, 0.34632874, 0.34800240, 0.34867248, 0.34911022, 0.34945196, 0.34933379, 0.34930056, 0.34929597, 0.68004930
0.25168300, 1.0000000, 0.62203985, 2.9816418, 9.3101282, 9.6375113, 9.7960072, 9.8614388, 9.9046021, 19.882668, 19.864498, 19.859741, 19.859163, 0.27981302, 0.34309492, 0.34637180, 0.34795937, 0.34861407, 0.34904590, 0.34941334, 0.34932250, 0.34929872, 0.34929582, 0.62203985
0.23775844, 1.0000000, 0.57158858, 2.5716634, 8.3305035, 9.6062317, 9.7807322, 9.8502474, 9.8966036, 19.876030, 19.862713, 19.859489, 19.859133, 0.27571115, 0.33329436, 0.34605616, 0.34780607, 0.34850183, 0.34896582, 0.34938014, 0.34931356, 0.34929746, 0.34929568, 0.57158858
0.22350633, 1.0000000, 0.51995045, 2.1668196, 7.2977824, 9.5835371, 9.7661591, 9.8394699, 9.8892622, 19.870548, 19.861324, 19.859318, 19.859110, 0.27166215, 0.32296565, 0.34582737, 0.34765995, 0.34839386, 0.34889236, 0.34935275, 0.34930661, 0.34929660, 0.34929556, 0.51995045
0.20932427, 1.0000000, 0.46856618, 1.7867476, 6.2290673, 9.5643272, 9.7532578, 9.8298998, 9.8830738, 19.866289, 19.860340, 19.859175, 19.859081, 0.26786354, 0.31228244, 0.34563696, 0.34753129, 0.34829834, 0.34883052, 0.34933144, 0.34930170, 0.34929588, 0.34929541, 0.46856618
0.19575095, 1.0000000, 0.41938746, 1.4352858, 5.1825857, 9.5532036, 9.7435293, 9.8224354, 9.8781061, 19.862850, 19.859570, 19.859045, 19.859058, 0.26434904, 0.30181763, 0.34552443, 0.34743375, 0.34822357, 0.34878078, 0.34931424, 0.34929785, 0.34929523, 0.34929529, 0.41938746
0.18281376, 1.0000000, 0.37251362, 1.1145622, 4.1614318, 9.5420113, 9.7351236, 9.8161173, 9.8740215, 19.860167, 19.859003, 19.858923, 19.859034, 0.26114219, 0.29160661, 0.34541127, 0.34734944, 0.34816024, 0.34873992, 0.34930083, 0.34929502, 0.34929460, 0.34929517, 0.37251362
0.17143831, 1.0000000, 0.33129820, 0.86636245, 3.2031267, 9.5362844, 9.7313442, 9.8128290, 9.8718376, 19.858582, 19.858662, 19.858845, 19.859016, 0.25866321, 0.28203031, 0.34536141, 0.34731314, 0.34812814, 0.34871832, 0.34929290, 0.34929329, 0.34929422, 0.34929508, 0.33129820
0.16304025, 1.0000000, 0.30087042, 0.65042973, 2.7486653, 9.1377077, 9.7322502, 9.8125010, 9.8708410, 19.857285, 19.858360, 19.858768, 19.858997, 0.25650287, 0.27748302, 0.34137106, 0.34732121, 0.34812436, 0.34870821, 0.34928644, 0.34929180, 0.34929383, 0.34929499, 0.30087042
0.15619096, 0.92008877, 0.27605423, 0.45804083, 2.4997325, 8.6205244, 9.7360897, 9.8140402, 9.8706570, 19.856194, 19.858120, 19.858709, 19.858980, 0.25457990, 0.27499563, 0.33620229, 0.34736025, 0.34814009, 0.34870645, 0.34928095, 0.34929061, 0.34929353, 0.34929490, 0.27605423
0.15028760, 0.84879917, 0.25466523, 0.29096603, 2.2901833, 8.1709633, 9.7436771, 9.8178692, 9.8714485, 19.855335, 19.857916, 19.858688, 19.858955, 0.25290823, 0.27289507, 0.33169758, 0.34743392, 0.34817722, 0.34871399, 0.34927666, 0.34928960, 0.34929344, 0.34929478, 0.25466523
0.14465751, 0.78080964, 0.23426633, 0.12271404, 2.0951092, 7.7596374, 9.7491264, 9.8206425, 9.8718481, 19.854456, 19.857718, 19.858662, 19.858929, 0.25122666, 0.27094620, 0.32758731, 0.34748900, 0.34820530, 0.34871808, 0.34927228, 0.34928858, 0.34929329, 0.34929463, 0.23426633
0.13952044, 0.71877396, 0.21565376, 0.0000000, 1.8938541, 7.3305726, 9.7461615, 9.8189468, 9.8708277, 19.853760, 19.857553, 19.858578, 19.858923, 0.24999610, 0.26893482, 0.32329848, 0.34745967, 0.34818849, 0.34870794, 0.34926879, 0.34928778, 0.34929287, 0.34929460, 0.21565376
0.13522719, 0.66692835, 0.20009851, 0.0000000, 1.6393781, 6.8078175, 9.7256775, 9.8074713, 9.8659649, 19.852600, 19.857239, 19.858492, 19.858875, 0.24999610, 0.26639041, 0.31807119, 0.34725478, 0.34807369, 0.34865931, 0.34926301, 0.34928620, 0.34929246, 0.34929436, 0.20009851
0.13170038, 0.62433821, 0.18732020, 0.0000000, 1.4510661, 6.3333731, 9.7266836, 9.8073492, 9.8659410, 19.852575, 19.857239, 19.858521, 19.858875, 0.24999610, 0.26450509, 0.31332153, 0.34726310, 0.34807160, 0.34865877, 0.34926289, 0.34928620, 0.34929261, 0.34929436, 0.18732020
0.12821522, 0.58225113, 0.17469281, 0.0000000, 1.2637049, 5.8666224, 9.7244720, 9.8058691, 9.8652029, 19.852270, 19.857176, 19.858515, 19.858856, 0.24999610, 0.26263225, 0.30865508, 0.34724101, 0.34805685, 0.34865141, 0.34926134, 0.34928587, 0.34929258, 0.34929428, 0.17469281
0.12493625, 0.54265416, 0.16281253, 0.0000000, 1.0977417, 5.4068699, 9.7216806, 9.8042784, 9.8647289, 19.852339, 19.857193, 19.858540, 19.858833, 0.24999610, 0.26097363, 0.30405939, 0.34721348, 0.34804109, 0.34864673, 0.34926170, 0.34928596, 0.34929270, 0.34929416, 0.16281253
0.12011175, 0.48439303, 0.14533244, 0.0000000, 0.84894001, 4.7488112, 9.6794128, 9.7804337, 9.8555155, 19.851517, 19.856993, 19.858423, 19.858805, 0.24999610, 0.25848880, 0.29748642, 0.34679344, 0.34780398, 0.34855503, 0.34925759, 0.34928495, 0.34929210, 0.34929401, 0.14533244
0.11587484, 0.43322769, 0.12998131, 0.0000000, 0.64516664, 4.1360140, 9.6686878, 9.7731133, 9.8521223, 19.850925, 19.856833, 19.858324, 19.858805, 0.24999610, 0.25645098, 0.29135796, 0.34668586, 0.34773064, 0.34852105, 0.34925464, 0.34928417, 0.34929162, 0.34929401, 0.12998131
0.11143830, 0.37965161, 0.11390688, 0.0000000, 0.44081509, 3.4799979, 9.6494904, 9.7612762, 9.8469839, 19.850153, 19.856594, 19.858273, 19.858805, 0.24999610, 0.25440493, 0.28478727, 0.34648785, 0.34760919, 0.34846866, 0.34925076, 0.34928298, 0.34929135, 0.34929401, 0.11390688
0.10940599, 0.35510930, 0.10654344, 0.0000000, 0.38324893, 3.0894172, 9.7029848, 9.7904596, 9.8584805, 19.851585, 19.856979, 19.858366, 19.858805, 0.24999610, 0.25383058, 0.28088644, 0.34702501, 0.34790215, 0.34858397, 0.34925792, 0.34928489, 0.34929183, 0.34929401, 0.10654344
0.14973354, 0.84210825, 0.25265774, 2.3640184, 1.3684690, 2.9786766, 9.6850204, 9.8267670, 9.8725891, 19.852940, 19.857317, 19.858423, 19.858805, 0.27363884, 0.26368424, 0.27978626, 0.34684989, 0.34826750, 0.34872583, 0.34926468, 0.34928659, 0.34929210, 0.34929401, 0.25265774
0.20742422, 1.0000000, 0.46168196, 2.4037325, 5.3467979, 8.8099794, 9.7450638, 9.8453884, 9.8800354, 19.853909, 19.857552, 19.858423, 19.858805, 0.27403718, 0.30346778, 0.33809960, 0.34745061, 0.34845385, 0.34880036, 0.34926954, 0.34928775, 0.34929210, 0.34929401, 0.46168196
0.35599935, 1.0000000, 0.99999762, 9.9999962, 9.9999990, 9.9999990, 9.9999990, 9.9999990, 9.9999990, 19.999998, 19.999998, 19.999998, 19.998999, 0.34999967, 0.34999982, 0.34999990, 0.34999996, 0.34999999, 0.34999999, 0.34999999, 0.34999999, 0.34999999, 0.34999499, 0.99999762
0.35599935, 1.0000000, 0.99999762, 9.9999990, 9.9999990, 9.9999990, 9.9999990, 9.9999990, 9.9999990, 19.999998, 19.999998, 19.999998, 19.998999, 0.34999967, 0.34999982, 0.34999990, 0.34999996, 0.34999999, 0.34999999, 0.34999999, 0.34999999, 0.34999999, 0.34999499, 0.99999762
0.34739304, 1.0000000, 0.96881533, 9.5796986, 9.7361975, 9.8581734, 9.9669533, 9.9832745, 9.9942036, 19.999821, 19.999945, 19.999928, 19.984056, 0.34579685, 0.34736189, 0.34858167, 0.34966952, 0.34983274, 0.34994203, 0.34999910, 0.34999973, 0.34999964, 0.34992027, 0.96881533
0.33471847, 1.0000000, 0.92289281, 8.7874212, 9.5819521, 9.7565842, 9.9284096, 9.9628878, 9.9866657, 19.999392, 19.999826, 19.998966, 19.961004, 0.33787307, 0.34581879, 0.34756544, 0.34928402, 0.34962884, 0.34986666, 0.34999695, 0.34999913, 0.34999484, 0.34980503, 0.92289281
0.33037353, 1.0000000, 0.90715045, 8.4146385, 9.6619539, 9.7925615, 9.9181623, 9.9559269, 9.9828653, 19.998449, 19.999577, 19.995955, 19.940014, 0.33414528, 0.34661880, 0.34792522, 0.34918153, 0.34955925, 0.34982866, 0.34999225, 0.34999788, 0.34997976, 0.34970006, 0.90715045
0.32153976, 1.0000000, 0.87514406, 7.7863054, 9.6504669, 9.7827339, 9.9006290, 9.9448776, 9.9768534, 19.996738, 19.999107, 19.990143, 19.921810, 0.32785872, 0.34650144, 0.34782571, 0.34900597, 0.34944859, 0.34976846, 0.34998369, 0.34999555, 0.34995073, 0.34960905, 0.87514406
0.31293172, 1.0000000, 0.84395540, 7.1689653, 9.6450462, 9.7756529, 9.8880596, 9.9360561, 9.9715672, 19.995047, 19.998444, 19.981443, 19.906723, 0.32168555, 0.34644711, 0.34775484, 0.34888026, 0.34936038, 0.34971562, 0.34997523, 0.34999222, 0.34990722, 0.34953362, 0.84395540
0.29014206, 1.0000000, 0.76138431, 5.6746902, 9.4511995, 9.6543579, 9.8336782, 9.9042253, 9.9561567, 19.991222, 19.996742, 19.970028, 19.894621, 0.30674270, 0.34450778, 0.34654143, 0.34833634, 0.34904203, 0.34956151, 0.34995610, 0.34998372, 0.34985015, 0.34947312, 0.76138431
0.25962609, 1.0000000, 0.65081906, 3.5648561, 9.3322039, 9.5679941, 9.7814655, 9.8707886, 9.9393969, 19.987314, 19.994133, 19.956800, 19.885242, 0.28564581, 0.34331775, 0.34567773, 0.34781420, 0.34870765, 0.34939387, 0.34993657, 0.34997067, 0.34978402, 0.34942621, 0.65081906
0.23594968, 1.0000000, 0.56503505, 2.4954228, 8.2738342, 9.5388670, 9.7515383, 9.8485746, 9.9263496, 19.983587, 19.990170, 19.942736, 19.878139, 0.27495229, 0.33273447, 0.34538645, 0.34751493, 0.34848550, 0.34926340, 0.34991795, 0.34995085, 0.34971368, 0.34939069, 0.56503505
0.21515532, 1.0000000, 0.48969316, 1.9254893, 6.7290111, 9.5115480, 9.7323456, 9.8334246, 9.9174461, 19.981295, 19.984802, 19.928888, 19.872858, 0.26925263, 0.31728539, 0.34511212, 0.34732276, 0.34833390, 0.34917435, 0.34990647, 0.34992403, 0.34964445, 0.34936428, 0.48969316
0.19468361, 1.0000000, 0.41552034, 1.4193654, 5.1181917, 9.4795561, 9.7122145, 9.8190880, 9.9094801, 19.979271, 19.977501, 19.915943, 19.868963, 0.26419318, 0.30118087, 0.34479460, 0.34712192, 0.34819078, 0.34909478, 0.34989637, 0.34988749, 0.34957972, 0.34934482, 0.41552034
0.18189906, 1.0000000, 0.36919945, 1.1318713, 4.0310826, 9.5201130, 9.7289782, 9.8265705, 9.9107256, 19.977556, 19.968334, 19.904446, 19.866146, 0.26131803, 0.29030937, 0.34519944, 0.34728941, 0.34826553, 0.34910721, 0.34988779, 0.34984165, 0.34952223, 0.34933072, 0.36919945
0.16700290, 1.0000000, 0.31522790, 0.68240762, 2.9928863, 9.4999151, 9.7234650, 9.8225994, 9.9064560, 19.972403, 19.956772, 19.894444, 19.864071, 0.25682226, 0.27992409, 0.34499156, 0.34723312, 0.34822524, 0.34906429, 0.34986201, 0.34978387, 0.34947222, 0.34932035, 0.31522790
0.15799363, 0.94185787, 0.28258562, 0.36490560, 2.6913404, 8.9830647, 9.7364569, 9.8288803, 9.9075060, 19.967213, 19.944391, 19.886234, 19.862591, 0.25364730, 0.27690569, 0.33981776, 0.34736177, 0.34828740, 0.34907457, 0.34983605, 0.34972197, 0.34943116, 0.34931296, 0.28258562
0.14803359, 0.82157958, 0.24649853, 0.64870715E-1, 2.3199797, 8.3225937, 9.7194090, 9.8192673, 9.9030714, 19.960779, 19.931648, 19.879618, 19.861519, 0.25064853, 0.27319619, 0.33321947, 0.34719256, 0.34819189, 0.34903044, 0.34980389, 0.34965825, 0.34939808, 0.34930760, 0.24649853
0.14289576, 0.75953466, 0.22788319, 0.0000000, 2.0538359, 7.8272748, 9.7331276, 9.8259611, 9.9042797, 19.953037, 19.919271, 19.874395, 19.860756, 0.24999753, 0.27053314, 0.32826281, 0.34732881, 0.34825838, 0.34904239, 0.34976518, 0.34959635, 0.34937197, 0.34930378, 0.22788319
0.13653460, 0.68271679, 0.20483552, 0.0000000, 1.6404599, 7.1271977, 9.6981440, 9.8058023, 9.8938570, 19.941734, 19.907249, 19.870230, 19.860172, 0.24999753, 0.26639900, 0.32125980, 0.34697813, 0.34805635, 0.34893802, 0.34970868, 0.34953624, 0.34935114, 0.34930086, 0.20483552
0.13002437, 0.60409856, 0.18124770, 0.0000000, 1.2383312, 6.3650279, 9.6736374, 9.7894325, 9.8839827, 19.929338, 19.896555, 19.867002, 19.859758, 0.24999753, 0.26237985, 0.31364140, 0.34673366, 0.34789294, 0.34883937, 0.34964669, 0.34948277, 0.34933501, 0.34929878, 0.18124770
0.12295046, 0.51867360, 0.15561764, 0.0000000, 0.84159076, 5.4596782, 9.6382875, 9.7663536, 9.8712521, 19.916779, 19.887470, 19.864594, 19.859451, 0.24999753, 0.25841287, 0.30458689, 0.34637940, 0.34766176, 0.34871191, 0.34958389, 0.34943736, 0.34932297, 0.34929726, 0.15561764
0.11558355, 0.42971003, 0.12892590, 0.0000000, 0.50135255, 4.3725758, 9.5938482, 9.7369623, 9.8559885, 19.905664, 19.880238, 19.862877, 19.859299, 0.24999753, 0.25501174, 0.29371801, 0.34593508, 0.34736788, 0.34855929, 0.34952831, 0.34940118, 0.34931439, 0.34929651, 0.12892590
0.11045058, 0.36772388, 0.11032820, 0.0000000, 0.30895174, 3.5132334, 9.6084003, 9.7423372, 9.8548841, 19.896639, 19.874769, 19.861685, 19.859222, 0.24999753, 0.25308913, 0.28513008, 0.34608275, 0.34742275, 0.34854862, 0.34948319, 0.34937385, 0.34930843, 0.34929612, 0.11032820
0.10550314, 0.30797815, 0.92402689E-1, 0.0000000, 0.97906590E-1, 2.8087080, 9.2817278, 9.7144995, 9.8405857, 19.887323, 19.870176, 19.860739, 19.859152, 0.24999753, 0.25097898, 0.27808589, 0.34281647, 0.34714457, 0.34840572, 0.34943661, 0.34935087, 0.34930369, 0.34929577, 0.92402689E-1
0.10331063, 0.28150117, 0.84458798E-1, 0.0000000, 0.21055341E-1, 2.5078118, 8.8960218, 9.7362900, 9.8469028, 19.881130, 19.867111, 19.860180, 19.859121, 0.24999753, 0.25021049, 0.27507484, 0.33895791, 0.34736162, 0.34846860, 0.34940565, 0.34933555, 0.34930089, 0.34929562, 0.84458798E-1
0.13572401, 0.67292786, 0.20189855, 2.3880334, 0.0000000, 2.4465652, 8.7243881, 9.7965174, 9.8694773, 19.876566, 19.864960, 19.859840, 19.859116, 0.27387956, 0.24999999, 0.27446541, 0.33724371, 0.34796509, 0.34869474, 0.34938282, 0.34932479, 0.34929919, 0.34929559, 0.20189855
0.17171580, 1.0000000, 0.33230361, 2.3333788, 2.8481066, 5.4793234, 9.4394093, 9.8332825, 9.8837385, 19.872837, 19.863384, 19.859625, 19.859116, 0.27333277, 0.27848032, 0.30479252, 0.34439385, 0.34833270, 0.34883735, 0.34936419, 0.34931692, 0.34929812, 0.34929559, 0.33230361
0.16670015, 1.0000000, 0.31413099, 2.1608531, 2.7347236, 5.0123916, 9.7163000, 9.8456516, 9.8881073, 19.869368, 19.862101, 19.859489, 19.859098, 0.27160844, 0.27734718, 0.30012387, 0.34716296, 0.34845650, 0.34888107, 0.34934685, 0.34931052, 0.34929746, 0.34929550, 0.31413099
0.15876827, 0.95121247, 0.28539228, 1.8352866, 2.5018482, 4.6429257, 9.7452765, 9.8349724, 9.8837051, 19.866312, 19.861111, 19.859346, 19.859076, 0.26835269, 0.27501833, 0.29642913, 0.34745270, 0.34834969, 0.34883705, 0.34933156, 0.34930557, 0.34929675, 0.34929538, 0.28539228
0.15236813, 0.87392378, 0.26220337, 1.5825212, 2.3086100, 4.3250999, 9.7552376, 9.8319035, 9.8818378, 19.864090, 19.860426, 19.859251, 19.859070, 0.26582387, 0.27308494, 0.29324991, 0.34755185, 0.34831879, 0.34881827, 0.34932044, 0.34930211, 0.34929627, 0.34929535, 0.26220337
0.14222877, 0.75148004, 0.22546656, 1.1783183, 1.9874871, 3.8761823, 9.7169676, 9.8078880, 9.8718863, 19.861494, 19.859718, 19.859133, 19.859045, 0.26178160, 0.26987326, 0.28876024, 0.34716889, 0.34807849, 0.34871873, 0.34930748, 0.34929860, 0.34929568, 0.34929523, 0.22546656
0.13664490, 0.68404877, 0.20523515, 0.97555816, 1.8147647, 3.5437729, 9.7349558, 9.8151464, 9.8734798, 19.860107, 19.859346, 19.859064, 19.859034, 0.25975493, 0.26814693, 0.28543702, 0.34734917, 0.34815127, 0.34873474, 0.34930053, 0.34929675, 0.34929532, 0.34929517, 0.20523515
0.13186140, 0.62628275, 0.18790363, 0.88699758, 1.5814692, 3.1554313, 9.7162933, 9.8044243, 9.8688154, 19.858669, 19.858980, 19.858963, 19.859011, 0.25886881, 0.26581344, 0.28155306, 0.34716216, 0.34804386, 0.34868804, 0.34929335, 0.34929490, 0.34929481, 0.34929505, 0.18790363
0.12497199, 0.54308558, 0.16294196, 0.60987473, 1.3591707, 2.8850138, 9.5917215, 9.7995491, 9.8658237, 19.857035, 19.858545, 19.858839, 19.858974, 0.25609791, 0.26359060, 0.27884898, 0.34591645, 0.34799510, 0.34865811, 0.34928519, 0.34929273, 0.34929419, 0.34929487, 0.16294196
0.12052926, 0.48943493, 0.14684516, 0.44857562, 1.1925250, 2.7235568, 9.3874416, 9.7996016, 9.8656950, 19.856703, 19.858419, 19.858805, 19.858955, 0.25448519, 0.26192436, 0.27723455, 0.34387371, 0.34799567, 0.34865683, 0.34928352, 0.34929210, 0.34929401, 0.34929478, 0.14684516
0.12125884, 0.49824530, 0.14948854, 0.69862306, 0.97259879, 2.5494008, 9.1788816, 9.7970591, 9.8629322, 19.854345, 19.857729, 19.858614, 19.858904, 0.25698355, 0.25972375, 0.27549109, 0.34178671, 0.34796947, 0.34862894, 0.34927171, 0.34928864, 0.34929305, 0.34929451, 0.14948854
0.11010705, 0.36357531, 0.10908350, 0.18236041, 0.65073073, 2.2812068, 8.8883619, 9.7707825, 9.8507509, 19.850677, 19.856768, 19.858356, 19.858828, 0.25182244, 0.25650480, 0.27280772, 0.33888021, 0.34770593, 0.34850690, 0.34925339, 0.34928384, 0.34929177, 0.34929413, 0.10908350
0.10338554, 0.28240579, 0.84730215E-1, 0.0000000, 0.33702552, 1.9696981, 8.5183582, 9.7412672, 9.8375282, 19.847719, 19.855967, 19.858171, 19.858768, 0.24999353, 0.25336885, 0.26969287, 0.33518004, 0.34741065, 0.34837461, 0.34923860, 0.34927982, 0.34929085, 0.34929383, 0.84730215E-1
0.10010818, 0.24282816, 0.72855733E-1, 0.0000000, 0.13247132, 1.6737908, 8.0958328, 9.7200346, 9.8285885, 19.847095, 19.855801, 19.858120, 19.858757, 0.24999353, 0.25132424, 0.26673490, 0.33095542, 0.34719858, 0.34828529, 0.34923548, 0.34927899, 0.34929061, 0.34929377, 0.72855733E-1
0.96967854E-1, 0.20490532, 0.61477743E-1, 0.0000000, 0.0000000, 1.3013601, 7.5147901, 9.6741228, 9.8088436, 19.845869, 19.855465, 19.858061, 19.858709, 0.24999353, 0.24999286, 0.26301226, 0.32514635, 0.34674025, 0.34808812, 0.34922934, 0.34927732, 0.34929031, 0.34929353, 0.61477743E-1
0.95463358E-1, 0.18673685, 0.56026660E-1, 0.0000000, 0.0000000, 1.0401011, 7.0003667, 9.6811829, 9.8096809, 19.844978, 19.855242, 19.858013, 19.858704, 0.24999353, 0.24999286, 0.26039976, 0.32000199, 0.34681067, 0.34809643, 0.34922490, 0.34927621, 0.34929007, 0.34929353, 0.56026660E-1
0.93893692E-1, 0.16778146, 0.50339472E-1, 0.0000000, 0.0000000, 0.77288449, 6.4512644, 9.6684809, 9.8033447, 19.843195, 19.854746, 19.857895, 19.858692, 0.24999353, 0.24999286, 0.25772342, 0.31450358, 0.34667802, 0.34803116, 0.34921598, 0.34927374, 0.34928948, 0.34929347, 0.50339472E-1
0.92311591E-1, 0.14867587, 0.44607222E-1, 0.0000000, 0.0000000, 0.52326918, 5.8048773, 9.6385975, 9.7901335, 19.842501, 19.854551, 19.857838, 19.858709, 0.24999353, 0.24999286, 0.25522888, 0.30804035, 0.34637898, 0.34789896, 0.34921250, 0.34927276, 0.34928918, 0.34929353, 0.44607222E-1
0.90977460E-1, 0.13256477, 0.39773408E-1, 0.0000000, 0.0000000, 0.33212006, 5.1545458, 9.6263323, 9.7840681, 19.842482, 19.854546, 19.857824, 19.858709, 0.24999353, 0.24999286, 0.25331998, 0.30154166, 0.34625977, 0.34783947, 0.34921241, 0.34927273, 0.34928912, 0.34929353, 0.39773408E-1
0.89707680E-1, 0.11723077, 0.35172749E-1, 0.0000000, 0.0000000, 0.17947555, 4.4024358, 9.5942879, 9.7694807, 19.843243, 19.854744, 19.857866, 19.858709, 0.24999353, 0.24999286, 0.25179401, 0.29402071, 0.34593895, 0.34769347, 0.34921622, 0.34927371, 0.34928933, 0.34929353, 0.35172749E-1
0.88697590E-1, 0.10503283, 0.31513002E-1, 0.0000000, 0.0000000, 0.57029724E-1, 3.7806685, 9.6186476, 9.7786884, 19.842829, 19.854633, 19.857843, 19.858709, 0.24999353, 0.24999286, 0.25057009, 0.28780386, 0.34618285, 0.34778565, 0.34921414, 0.34927318, 0.34928921, 0.34929353, 0.31513002E-1
0.88041350E-1, 0.97108006E-1, 0.29135317E-1, 0.0000000, 0.0000000, 0.0000000, 3.2599103, 9.6432066, 9.7894182, 19.842052, 19.854416, 19.857784, 19.858709, 0.24999353, 0.24999286, 0.24999997, 0.28259191, 0.34642142, 0.34789059, 0.34921026, 0.34927207, 0.34928891, 0.34929353, 0.29135317E-1
0.87722823E-1, 0.93261518E-1, 0.27981253E-1, 0.0000000, 0.0000000, 0.0000000, 2.9464126, 9.4993267, 9.7942877, 19.842052, 19.854393, 19.857765, 19.858704, 0.24999353, 0.24999286, 0.24999997, 0.27945688, 0.34498161, 0.34793890, 0.34921026, 0.34927195, 0.34928882, 0.34929353, 0.27981253E-1
0.87361224E-1, 0.88894784E-1, 0.26671102E-1, 0.0000000, 0.0000000, 0.0000000, 2.7253656, 9.0742912, 9.7721357, 19.841885, 19.854345, 19.857744, 19.858709, 0.24999353, 0.24999286, 0.24999997, 0.27724934, 0.34073573, 0.34771881, 0.34920943, 0.34927171, 0.34928873, 0.34929353, 0.26671102E-1
0.86909972E-1, 0.83445452E-1, 0.25036139E-1, 0.0000000, 0.0000000, 0.0000000, 2.4550378, 8.5333929, 9.7454739, 19.841051, 19.854109, 19.857683, 19.858688, 0.24999353, 0.24999286, 0.24999997, 0.27454734, 0.33532867, 0.34745273, 0.34920526, 0.34927055, 0.34928840, 0.34929344, 0.25036139E-1
0.86482055E-1, 0.78277901E-1, 0.23485718E-1, 0.0000000, 0.0000000, 0.0000000, 2.2073805, 7.9977059, 9.7371130, 19.840504, 19.853968, 19.857647, 19.858688, 0.24999353, 0.24999286, 0.24999997, 0.27207127, 0.32997248, 0.34736928, 0.34920251, 0.34926984, 0.34928823, 0.34929344, 0.23485718E-1
0.86059272E-1, 0.73172353E-1, 0.21953901E-1, 0.0000000, 0.0000000, 0.0000000, 1.9682348, 7.4570246, 9.7321339, 19.839811, 19.853760, 19.857607, 19.858688, 0.24999353, 0.24999286, 0.24999997, 0.26967850, 0.32456294, 0.34731817, 0.34919906, 0.34926879, 0.34928805, 0.34929344, 0.21953901E-1
0.85523337E-1, 0.66700317E-1, 0.20012096E-1, 0.0000000, 0.0000000, 0.0000000, 1.6818047, 6.7459922, 9.6988726, 19.840485, 19.853928, 19.857666, 19.858709, 0.24999353, 0.24999286, 0.24999997, 0.26681536, 0.31745452, 0.34698614, 0.34920242, 0.34926963, 0.34928834, 0.34929353, 0.20012096E-1
0.85187212E-1, 0.62641203E-1, 0.18794240E-1, 0.0000000, 0.0000000, 0.0000000, 1.5103817, 6.2672801, 9.7289972, 19.841024, 19.854086, 19.857719, 19.858709, 0.24999353, 0.24999286, 0.24999997, 0.26510033, 0.31266552, 0.34728622, 0.34920514, 0.34927043, 0.34928858, 0.34929353, 0.18794240E-1
0.84689029E-1, 0.56625124E-1, 0.16989237E-1, 0.0000000, 0.0000000, 0.0000000, 1.2560844, 5.5858388, 9.6880255, 19.840355, 19.853928, 19.857658, 19.858688, 0.24999353, 0.24999286, 0.24999997, 0.26255828, 0.30585268, 0.34687698, 0.34920177, 0.34926963, 0.34928828, 0.34929344, 0.16989237E-1
0.84228307E-1, 0.51061440E-1, 0.15319965E-1, 0.0000000, 0.0000000, 0.0000000, 1.0370463, 4.9155855, 9.6758337, 19.840250, 19.853916, 19.857649, 19.858692, 0.24999353, 0.24999286, 0.24999997, 0.26036710, 0.29914787, 0.34675309, 0.34920126, 0.34926957, 0.34928825, 0.34929347, 0.15319965E-1
0.83738193E-1, 0.45142781E-1, 0.13544189E-1, 0.0000000, 0.0000000, 0.0000000, 0.81810951, 4.1761961, 9.6558352, 19.840137, 19.853874, 19.857649, 19.858692, 0.24999353, 0.24999286, 0.24999997, 0.25817809, 0.29175428, 0.34655243, 0.34920070, 0.34926936, 0.34928825, 0.34929347, 0.13544189E-1
0.83393559E-1, 0.40980924E-1, 0.12295507E-1, 0.0000000, 0.0000000, 0.0000000, 0.68597794, 3.5994942, 9.6802340, 19.842432, 19.854464, 19.857819, 19.858709, 0.24999353, 0.24999286, 0.24999997, 0.25685757, 0.28598917, 0.34679720, 0.34921217, 0.34927231, 0.34928909, 0.34929353, 0.12295507E-1
0.82991876E-1, 0.36130212E-1, 0.10840148E-1, 0.0000000, 0.0000000, 0.0000000, 0.51791966, 2.9974401, 9.5838013, 19.842016, 19.854368, 19.857771, 19.858698, 0.24999353, 0.24999286, 0.24999997, 0.25517732, 0.27996895, 0.34583220, 0.34921008, 0.34927183, 0.34928885, 0.34929350, 0.10840148E-1
0.82631037E-1, 0.31772610E-1, 0.95327366E-2, 0.0000000, 0.0000000, 0.0000000, 0.35545230, 2.6017876, 9.1293011, 19.842180, 19.854410, 19.857771, 19.858709, 0.24999353, 0.24999286, 0.24999997, 0.25355363, 0.27601460, 0.34128916, 0.34921092, 0.34927204, 0.34928885, 0.34929353, 0.95327366E-2
0.82449146E-1, 0.29576151E-1, 0.88737328E-2, 0.0000000, 0.0000000, 0.0000000, 0.28242171, 2.3971319, 8.8633080, 19.844147, 19.854929, 19.857906, 19.858709, 0.24999353, 0.24999286, 0.24999997, 0.25282347, 0.27396819, 0.33862925, 0.34922072, 0.34927464, 0.34928954, 0.34929353, 0.88737328E-2
0.82292750E-1, 0.27687486E-1, 0.83070770E-2, 0.0000000, 0.0000000, 0.0000000, 0.22005439, 2.2230716, 8.6257715, 19.845337, 19.855253, 19.858021, 19.858709, 0.24999353, 0.24999286, 0.24999997, 0.25220013, 0.27222860, 0.33625498, 0.34922668, 0.34927627, 0.34929010, 0.34929353, 0.83070770E-2
0.82129925E-1, 0.25721174E-1, 0.77171242E-2, 0.0000000, 0.0000000, 0.0000000, 0.15452504, 2.0450859, 8.3767653, 19.845387, 19.855289, 19.858047, 19.858709, 0.24999353, 0.24999286, 0.24999997, 0.25154385, 0.27044150, 0.33375487, 0.34922692, 0.34927645, 0.34929025, 0.34929353, 0.77171242E-2
0.82001828E-1, 0.24174280E-1, 0.72530098E-2, 0.0000000, 0.0000000, 0.0000000, 0.11569262, 1.8907249, 8.1414204, 19.846952, 19.855703, 19.858183, 19.858709, 0.24999353, 0.24999286, 0.24999997, 0.25115651, 0.26890391, 0.33140939, 0.34923476, 0.34927851, 0.34929091, 0.34929353, 0.72530098E-2
0.81890270E-1, 0.22827046E-1, 0.68487991E-2, 0.0000000, 0.0000000, 0.0000000, 0.88566542E-1, 1.7508000, 7.9144101, 19.848698, 19.856178, 19.858261, 19.858709, 0.24999353, 0.24999286, 0.24999997, 0.25088555, 0.26750681, 0.32914227, 0.34924349, 0.34928089, 0.34929129, 0.34929353, 0.68487991E-2
0.81740074E-1, 0.21013286E-1, 0.63046161E-2, 0.0000000, 0.0000000, 0.0000000, 0.52455068E-1, 1.5629977, 7.6061287, 19.849262, 19.856361, 19.858278, 19.858709, 0.24999353, 0.24999286, 0.24999997, 0.25052446, 0.26562876, 0.32605928, 0.34924632, 0.34928182, 0.34929138, 0.34929353, 0.63046161E-2
0.81596024E-1, 0.19273758E-1, 0.57827057E-2, 0.0000000, 0.0000000, 0.0000000, 0.16805530E-1, 1.3881326, 7.3023901, 19.849133, 19.856331, 19.858236, 19.858709, 0.24999353, 0.24999286, 0.24999997, 0.25016794, 0.26387683, 0.32301602, 0.34924567, 0.34928167, 0.34929118, 0.34929353, 0.57827057E-2
0.81470892E-1, 0.17762683E-1, 0.53293379E-2, 0.0000000, 0.0000000, 0.0000000, 0.0000000, 1.2231767, 6.9898868, 19.849583, 19.856441, 19.858242, 19.858709, 0.24999353, 0.24999286, 0.24999997, 0.24999988, 0.26223025, 0.31989601, 0.34924790, 0.34928221, 0.34929121, 0.34929353, 0.53293379E-2
0.81432752E-1, 0.17302085E-1, 0.51911445E-2, 0.0000000, 0.0000000, 0.0000000, 0.0000000, 1.1718184, 6.8677354, 19.851301, 19.856878, 19.858355, 19.858709, 0.24999353, 0.24999286, 0.24999997, 0.24999988, 0.26171637, 0.31867379, 0.34925652, 0.34928438, 0.34929177, 0.34929353, 0.51911445E-2
0.81389822E-1, 0.16783655E-1, 0.50356002E-2, 0.0000000, 0.0000000, 0.0000000, 0.0000000, 1.1135966, 6.7316065, 19.852421, 19.857140, 19.858423, 19.858709, 0.24999353, 0.24999286, 0.24999997, 0.24999988, 0.26113358, 0.31731126, 0.34926212, 0.34928569, 0.34929210, 0.34929353, 0.50356002E-2
0.81352226E-1, 0.16329627E-1, 0.48993784E-2, 0.0000000, 0.0000000, 0.0000000, 0.0000000, 1.0637224, 6.6084952, 19.853365, 19.857399, 19.858423, 19.858709, 0.24999353, 0.24999286, 0.24999997, 0.24999988, 0.26063544, 0.31608126, 0.34926683, 0.34928700, 0.34929210, 0.34929353, 0.48993784E-2
0.81284329E-1, 0.15509684E-1, 0.46533705E-2, 0.0000000, 0.0000000, 0.0000000, 0.0000000, 0.97036064, 6.3971000, 19.853294, 19.857361, 19.858397, 19.858709, 0.24999353, 0.24999286, 0.24999997, 0.24999988, 0.25970083, 0.31396490, 0.34926647, 0.34928679, 0.34929198, 0.34929353, 0.46533705E-2
0.81186503E-1, 0.14328374E-1, 0.42989422E-2, 0.0000000, 0.0000000, 0.0000000, 0.0000000, 0.83649457, 6.0902290, 19.852127, 19.857027, 19.858318, 19.858709, 0.24999353, 0.24999286, 0.24999997, 0.24999988, 0.25836158, 0.31089410, 0.34926063, 0.34928513, 0.34929159, 0.34929353, 0.42989422E-2
0.81149504E-1, 0.13881542E-1, 0.41648792E-2, 0.0000000, 0.0000000, 0.0000000, 0.0000000, 0.79140663, 5.9572921, 19.853292, 19.857340, 19.858423, 19.858709, 0.24999353, 0.24999286, 0.24999997, 0.24999988, 0.25791088, 0.30956495, 0.34926647, 0.34928671, 0.34929210, 0.34929353, 0.41648792E-2
0.30607229, 1.0000000, 0.81910247, 8.7544909, 7.5590677, 7.6060934, 7.8799481, 8.2918463, 8.8863239, 19.853518, 19.857384, 19.858414, 19.858709, 0.33754399, 0.32559019, 0.32606071, 0.32879943, 0.33291844, 0.33886325, 0.34926760, 0.34928691, 0.34929207, 0.34929353, 0.81910247
0.35599929, 1.0000000, 0.99999738, 9.9999990, 9.9999990, 9.9999990, 9.9999990, 9.9999990, 9.9999990, 19.999998, 19.999998, 19.999998, 19.998999, 0.34999964, 0.34999979, 0.34999990, 0.34999996, 0.34999999, 0.34999999, 0.34999999, 0.34999999, 0.34999999, 0.34999499, 0.99999738
0.35529572, 1.0000000, 0.99744821, 9.9644814, 9.9798269, 9.9898195, 9.9973631, 9.9986668, 9.9994688, 19.999908, 19.999975, 19.999975, 19.989016, 0.34964374, 0.34979761, 0.34989786, 0.34997356, 0.34998664, 0.34999469, 0.34999955, 0.34999987, 0.34999987, 0.34994507, 0.99744821
0.35411447, 1.0000000, 0.99316829, 9.9037800, 9.9473610, 9.9732065, 9.9931993, 9.9965525, 9.9986439, 19.999784, 19.999945, 19.999941, 19.985044, 0.34903595, 0.34947249, 0.34973150, 0.34993187, 0.34996545, 0.34998640, 0.34999892, 0.34999973, 0.34999970, 0.34992522, 0.99316829
0.35599774, 1.0000000, 0.99999177, 9.9999428, 9.9999666, 9.9999790, 9.9999933, 9.9999962, 9.9999990, 19.999998, 19.999998, 19.999998, 19.997997, 0.34999886, 0.34999934, 0.34999961, 0.34999990, 0.34999993, 0.34999999, 0.34999999, 0.34999999, 0.34999999, 0.34998998, 0.99999177
0.35599881, 1.0000000, 0.99999559, 9.9999695, 9.9999790, 9.9999905, 9.9999962, 9.9999990, 9.9999990, 19.999998, 19.999998, 19.999998, 19.997997, 0.34999940, 0.34999961, 0.34999982, 0.34999993, 0.34999999, 0.34999999, 0.34999999, 0.34999999, 0.34999999, 0.34998998, 0.99999559
0.35599875, 1.0000000, 0.99999535, 9.9999666, 9.9999819, 9.9999905, 9.9999962, 9.9999990, 9.9999990, 19.999998, 19.999998, 19.999998, 19.997997, 0.34999934, 0.34999964, 0.34999982, 0.34999993, 0.34999999, 0.34999999, 0.34999999, 0.34999999, 0.34999999, 0.34998998, 0.99999535
0.35599810, 1.0000000, 0.99999315, 9.9999371, 9.9999638, 9.9999790, 9.9999933, 9.9999990, 9.9999990, 19.999998, 19.999998, 19.999998, 19.996996, 0.34999904, 0.34999946, 0.34999970, 0.34999990, 0.34999999, 0.34999999, 0.34999999, 0.34999999, 0.34999999, 0.34998497, 0.99999315
0.35599905, 1.0000000, 0.99999660, 9.9999666, 9.9999819, 9.9999905, 9.9999990, 9.9999990, 9.9999962, 19.999998, 19.999998, 19.999983, 19.990385, 0.34999952, 0.34999973, 0.34999985, 0.34999999, 0.34999999, 0.34999996, 0.34999999, 0.34999999, 0.34999990, 0.34995192, 0.99999660
0.35528493, 1.0000000, 0.99740905, 9.9977903, 9.9420338, 9.9538136, 9.9894552, 9.9946852, 9.9980774, 19.999849, 19.999958, 19.999949, 19.985044, 0.34997678, 0.34941965, 0.34953782, 0.34989449, 0.34994683, 0.34998077, 0.34999925, 0.34999979, 0.34999973, 0.34992522, 0.99740905
0.34599292, 1.0000000, 0.96374238, 9.4569826, 9.7638521, 9.8734932, 9.9683704, 9.9839697, 9.9940815, 19.999439, 19.999855, 19.999922, 19.984043, 0.34456944, 0.34763828, 0.34873480, 0.34968367, 0.34983969, 0.34994081, 0.34999719, 0.34999928, 0.34999961, 0.34992021, 0.96374238
0.34905159, 1.0000000, 0.97482455, 9.7351856, 9.6958866, 9.8257895, 9.9494467, 9.9738712, 9.9903383, 19.999224, 19.999807, 19.998966, 19.961004, 0.34735149, 0.34695867, 0.34825778, 0.34949443, 0.34973872, 0.34990337, 0.34999612, 0.34999904, 0.34999484, 0.34980503, 0.97482455
0.35598290, 1.0000000, 0.99993795, 9.9992838, 9.9995699, 9.9997883, 9.9999542, 9.9999790, 9.9999933, 19.999998, 19.999998, 19.999996, 19.993994, 0.34999144, 0.34999487, 0.34999746, 0.34999946, 0.34999976, 0.34999993, 0.34999999, 0.34999999, 0.34999996, 0.34996998, 0.99993795
0.33653408, 1.0000000, 0.92947131, 8.9208460, 9.5780907, 9.7608538, 9.9288836, 9.9633789, 9.9857006, 19.998001, 19.999481, 19.999451, 19.970396, 0.33920160, 0.34577650, 0.34760627, 0.34928837, 0.34963354, 0.34985691, 0.34999001, 0.34999740, 0.34999725, 0.34985197, 0.92947131
0.31913781, 1.0000000, 0.86644131, 7.7149324, 9.5194941, 9.7091656, 9.8898153, 9.9409189, 9.9760122, 19.996447, 19.999081, 19.997343, 19.948435, 0.32713699, 0.34518579, 0.34708700, 0.34889719, 0.34940872, 0.34975997, 0.34998223, 0.34999540, 0.34998673, 0.34974217, 0.86644131
0.31608909, 1.0000000, 0.85539526, 7.4532704, 9.5751734, 9.7338648, 9.8792334, 9.9322519, 9.9710875, 19.995369, 19.998781, 19.992786, 19.929005, 0.32452601, 0.34574658, 0.34733602, 0.34879181, 0.34932226, 0.34971079, 0.34997684, 0.34999391, 0.34996393, 0.34964502, 0.85539526
0.32877845, 1.0000000, 0.90137112, 8.3047562, 9.6635399, 9.7809105, 9.8854256, 9.9328766, 9.9698439, 19.994785, 19.998505, 19.985346, 19.912630, 0.33304402, 0.34663293, 0.34780785, 0.34885398, 0.34932864, 0.34969839, 0.34997392, 0.34999251, 0.34992674, 0.34956315, 0.90137112
0.31756592, 1.0000000, 0.86074597, 7.5340824, 9.6094580, 9.7509975, 9.8752670, 9.9258327, 9.9659901, 19.994034, 19.997847, 19.975149, 19.899340, 0.32534024, 0.34609416, 0.34750977, 0.34875265, 0.34925830, 0.34965989, 0.34997016, 0.34998924, 0.34987575, 0.34949669, 0.86074597
0.29461825, 1.0000000, 0.77760231, 6.0136566, 9.4320202, 9.6427507, 9.8335361, 9.9017992, 9.9551592, 19.992283, 19.996260, 19.962708, 19.888914, 0.31013501, 0.34431875, 0.34642676, 0.34833521, 0.34901789, 0.34955156, 0.34996140, 0.34998131, 0.34981352, 0.34944457, 0.77760231
0.28528231, 1.0000000, 0.74377644, 5.2329330, 9.5677853, 9.7170076, 9.8487911, 9.9072323, 9.9556551, 19.991961, 19.993885, 19.949106, 19.880978, 0.30232453, 0.34567258, 0.34716740, 0.34848738, 0.34907207, 0.34955648, 0.34995979, 0.34996942, 0.34974554, 0.34940487, 0.74377644
0.27463913, 1.0000000, 0.70521414, 4.4577823, 9.5721302, 9.7203827, 9.8498135, 9.9065533, 9.9542933, 19.991390, 19.989815, 19.935215, 19.874977, 0.29457468, 0.34571725, 0.34720176, 0.34849772, 0.34906533, 0.34954286, 0.34995696, 0.34994906, 0.34967607, 0.34937489, 0.70521414
0.25051647, 1.0000000, 0.61781323, 2.9836833, 9.1826134, 9.5982208, 9.7978334, 9.8771143, 9.9405193, 19.988119, 19.983086, 19.921700, 19.870506, 0.27983665, 0.34182581, 0.34598202, 0.34797829, 0.34877113, 0.34940520, 0.34994060, 0.34991544, 0.34960848, 0.34935254, 0.61781323
0.22318238, 1.0000000, 0.51877671, 2.1192968, 7.3866296, 9.4889135, 9.7309027, 9.8361521, 9.9203663, 19.982862, 19.973797, 19.909269, 19.867216, 0.27119088, 0.32386196, 0.34488633, 0.34730846, 0.34836122, 0.34920356, 0.34991431, 0.34986898, 0.34954634, 0.34933609, 0.51877671
0.19875652, 1.0000000, 0.43027720, 1.4385700, 5.5911021, 9.4567795, 9.6993408, 9.8130226, 9.9070263, 19.978128, 19.962868, 19.898527, 19.864836, 0.26438522, 0.30590990, 0.34456688, 0.34699324, 0.34813014, 0.34907022, 0.34989065, 0.34981436, 0.34949264, 0.34932417, 0.43027720
0.19215430, 1.0000000, 0.40635616, 1.3335794, 4.8805752, 9.6167488, 9.7633848, 9.8453445, 9.9180984, 19.976303, 19.951532, 19.889746, 19.863188, 0.26333523, 0.29880449, 0.34616625, 0.34763360, 0.34845334, 0.34918097, 0.34988153, 0.34975767, 0.34944874, 0.34931594, 0.40635616
0.35596967, 1.0000000, 0.99989015, 9.9985685, 9.9991407, 9.9995670, 9.9999104, 9.9999580, 9.9999847, 19.999998, 19.999998, 19.999990, 19.991999, 0.34998488, 0.34999093, 0.34999543, 0.34999904, 0.34999955, 0.34999985, 0.34999999, 0.34999999, 0.34999996, 0.34996000, 0.99989015
0.34403437, 1.0000000, 0.95664626, 9.3396130, 9.7328978, 9.8547859, 9.9632139, 9.9813108, 9.9931707, 19.999432, 19.999849, 19.999453, 19.968512, 0.34339595, 0.34732884, 0.34854782, 0.34963214, 0.34981310, 0.34993172, 0.34999716, 0.34999925, 0.34999725, 0.34984255, 0.95664626
0.35595876, 1.0000000, 0.99985057, 9.9982471, 9.9989529, 9.9994717, 9.9998922, 9.9999456, 9.9999819, 19.999998, 19.999998, 19.999990, 19.991999, 0.34997943, 0.34998772, 0.34999380, 0.34999874, 0.34999937, 0.34999979, 0.34999999, 0.34999999, 0.34999996, 0.34996000, 0.99985057
0.35021609, 1.0000000, 0.97904372, 9.6941586, 9.8522186, 9.9225845, 9.9825640, 9.9912148, 9.9969339, 19.999868, 19.999964, 19.999863, 19.980116, 0.34694123, 0.34852198, 0.34922573, 0.34982562, 0.34991214, 0.34996933, 0.34999934, 0.34999982, 0.34999931, 0.34990057, 0.97904372
0.34283221, 1.0000000, 0.95229065, 9.2728415, 9.7072821, 9.8406572, 9.9586592, 9.9789715, 9.9921608, 19.999218, 19.999790, 19.999847, 19.982080, 0.34272566, 0.34707108, 0.34840572, 0.34958643, 0.34978962, 0.34992158, 0.34999609, 0.34999895, 0.34999925, 0.34991041, 0.95229065
0.35581738, 1.0000000, 0.99933833, 9.9912109, 9.9947414, 9.9973660, 9.9994688, 9.9997368, 9.9999161, 19.999998, 19.999998, 19.999990, 19.991999, 0.34990895, 0.34994552, 0.34997270, 0.34999451, 0.34999728, 0.34999913, 0.34999999, 0.34999999, 0.34999996, 0.34996000, 0.99933833
0.34615296, 1.0000000, 0.96432239, 9.4626198, 9.7722301, 9.8773890, 9.9694118, 9.9844818, 9.9943190, 19.999516, 19.999868, 19.999453, 19.968512, 0.34462368, 0.34772074, 0.34877312, 0.34969398, 0.34984472, 0.34994316, 0.34999758, 0.34999934, 0.34999725, 0.34984255, 0.96432239
0.31321424, 1.0000000, 0.84497905, 7.3746738, 9.4061918, 9.6419468, 9.8682680, 9.9302044, 9.9713373, 19.995125, 19.998730, 19.996983, 19.946663, 0.32373974, 0.34405655, 0.34641671, 0.34868211, 0.34930176, 0.34971330, 0.34997562, 0.34999365, 0.34998491, 0.34973332, 0.84497905
0.30002165, 1.0000000, 0.79717988, 6.3243384, 9.5321465, 9.7038813, 9.8639212, 9.9233513, 9.9671183, 19.994488, 19.998560, 19.992214, 19.927496, 0.31324100, 0.34531933, 0.34703770, 0.34863901, 0.34923339, 0.34967116, 0.34997243, 0.34999281, 0.34996107, 0.34963748, 0.79717988
0.27933154, 1.0000000, 0.72221571, 4.9090118, 9.4291277, 9.6394138, 9.8308611, 9.9021616, 9.9567757, 19.992723, 19.997944, 19.984478, 19.911379, 0.29908755, 0.34428829, 0.34639260, 0.34830832, 0.34902146, 0.34956771, 0.34996361, 0.34998971, 0.34992239, 0.34955689, 0.72221571
0.33102602, 1.0000000, 0.90951455, 8.6068840, 9.4940853, 9.6707993, 9.8280802, 9.8967848, 9.9521265, 19.991461, 19.997099, 19.974009, 19.898335, 0.33606622, 0.34493911, 0.34670711, 0.34828061, 0.34896776, 0.34952125, 0.34995729, 0.34998548, 0.34987003, 0.34949166, 0.90951455
0.29186225, 1.0000000, 0.76761681, 5.9259830, 9.3038588, 9.5473108, 9.7661467, 9.8595257, 9.9332581, 19.986769, 19.994642, 19.961226, 19.888077, 0.30925259, 0.34303176, 0.34546962, 0.34766075, 0.34859490, 0.34933245, 0.34993383, 0.34997320, 0.34980613, 0.34944040, 0.76761681
0.27660888, 1.0000000, 0.71235096, 4.6855679, 9.4751663, 9.6474762, 9.7976828, 9.8725615, 9.9361105, 19.986319, 19.992043, 19.947580, 19.880312, 0.29684898, 0.34474349, 0.34647062, 0.34797600, 0.34872520, 0.34936097, 0.34993160, 0.34996021, 0.34973791, 0.34940156, 0.71235096
0.26209718, 1.0000000, 0.65977234, 3.6282148, 9.4783134, 9.6547184, 9.8070459, 9.8768854, 9.9368896, 19.985641, 19.987757, 19.933697, 19.874496, 0.28628090, 0.34478119, 0.34654620, 0.34807023, 0.34876877, 0.34936887, 0.34992820, 0.34993878, 0.34966847, 0.34937248, 0.65977234
0.24645257, 1.0000000, 0.60308903, 2.8751998, 8.8672781, 9.6118784, 9.7933273, 9.8692799, 9.9331341, 19.984087, 19.981274, 19.920382, 19.870176, 0.27875051, 0.33867005, 0.34611729, 0.34793296, 0.34869266, 0.34933129, 0.34992045, 0.34990638, 0.34960192, 0.34935087, 0.60308903
0.22765937, 1.0000000, 0.53499770, 2.3144603, 7.5693374, 9.5465651, 9.7610970, 9.8505640, 9.9244175, 19.981318, 19.972458, 19.908283, 19.867023, 0.27314264, 0.32568949, 0.34546322, 0.34761047, 0.34850541, 0.34924409, 0.34990659, 0.34986228, 0.34954143, 0.34933513, 0.53499770
0.20761396, 1.0000000, 0.46236941, 1.7458528, 6.1189942, 9.5078697, 9.7332010, 9.8327074, 9.9152288, 19.977575, 19.961685, 19.897757, 19.864729, 0.26745728, 0.31118730, 0.34507665, 0.34733158, 0.34832686, 0.34915224, 0.34988788, 0.34980842, 0.34948879, 0.34932363, 0.46236941
0.19167233, 1.0000000, 0.40460986, 1.3279498, 4.8845034, 9.5196619, 9.7303867, 9.8287039, 9.9116201, 19.973516, 19.949747, 19.889000, 19.863071, 0.26327899, 0.29884389, 0.34519550, 0.34730366, 0.34828693, 0.34911618, 0.34986758, 0.34974873, 0.34944499, 0.34931535, 0.40460986
0.35584742, 1.0000000, 0.99944711, 9.9928722, 9.9957304, 9.9978600, 9.9995642, 9.9997845, 9.9999247, 19.999998, 19.999998, 19.999969, 19.988020, 0.34992397, 0.34995443, 0.34997717, 0.34999534, 0.34999770, 0.34999919, 0.34999999, 0.34999999, 0.34999985, 0.34994009, 0.99944711
0.35342431, 1.0000000, 0.99066776, 9.8688154, 9.9281750, 9.9633875, 9.9918203, 9.9958973, 9.9985209, 19.999897, 19.999969, 19.999969, 19.988020, 0.34868297, 0.34927863, 0.34963229, 0.34991786, 0.34995881, 0.34998515, 0.34999949, 0.34999985, 0.34999985, 0.34994009, 0.99066776
0.34962690, 1.0000000, 0.97690898, 9.6977930, 9.7939062, 9.8885279, 9.9723511, 9.9859915, 9.9949303, 19.999636, 19.999903, 19.999254, 19.964733, 0.34697527, 0.34793746, 0.34888446, 0.34972334, 0.34985983, 0.34994927, 0.34999818, 0.34999952, 0.34999627, 0.34982365, 0.97690898
0.34242570, 1.0000000, 0.95081776, 9.2719049, 9.6740332, 9.8138943, 9.9471226, 9.9727211, 9.9900608, 19.999350, 19.999826, 19.996708, 19.943333, 0.34271872, 0.34674013, 0.34813881, 0.34947118, 0.34972721, 0.34990060, 0.34999675, 0.34999913, 0.34998354, 0.34971666, 0.95081776
0.33828616, 1.0000000, 0.93581945, 8.9668932, 9.6858692, 9.8124371, 9.9357204, 9.9659138, 9.9872036, 19.999123, 19.999763, 19.991499, 19.924644, 0.33966389, 0.34685543, 0.34812275, 0.34935686, 0.34965897, 0.34987199, 0.34999561, 0.34999883, 0.34995750, 0.34962323, 0.93581945
0.35599005, 1.0000000, 0.99996388, 9.9995375, 9.9997158, 9.9998627, 9.9999695, 9.9999876, 9.9999962, 19.999998, 19.999998, 19.999996, 19.993994, 0.34999505, 0.34999695, 0.34999853, 0.34999967, 0.34999987, 0.34999996, 0.34999999, 0.34999999, 0.34999996, 0.34996998, 0.99996388
0.35599768, 1.0000000, 0.99999154, 9.9999218, 9.9999542, 9.9999752, 9.9999933, 9.9999990, 9.9999990, 19.999998, 19.999998, 19.999998, 19.996996, 0.34999883, 0.34999931, 0.34999964, 0.34999990, 0.34999999, 0.34999999, 0.34999999, 0.34999999, 0.34999999, 0.34998497, 0.99999154
0.35599899, 1.0000000, 0.99999630, 9.9999847, 9.9999905, 9.9999933, 9.9999990, 9.9999990, 9.9999990, 19.999998, 19.999998, 19.999998, 19.997997, 0.34999949, 0.34999970, 0.34999982, 0.34999996, 0.34999999, 0.34999999, 0.34999999, 0.34999999, 0.34999999, 0.34998998, 0.99999630
0.32591426, 1.0000000, 0.89099377, 8.2279806, 9.4818487, 9.6996765, 9.9084854, 9.9526272, 9.9818058, 19.997829, 19.999432, 19.999586, 19.974239, 0.33227965, 0.34481838, 0.34699669, 0.34908485, 0.34952629, 0.34981805, 0.34998915, 0.34999716, 0.34999794, 0.34987119, 0.89099377
0.30020067, 1.0000000, 0.79782850, 6.4085197, 9.4405298, 9.6512442, 9.8552752, 9.9209204, 9.9677734, 19.995642, 19.998859, 19.997772, 19.951910, 0.31408361, 0.34440392, 0.34651172, 0.34855261, 0.34920913, 0.34967771, 0.34997821, 0.34999430, 0.34998888, 0.34975955, 0.79782850
0.27084464, 1.0000000, 0.69146609, 4.3669019, 9.3403225, 9.5806847, 9.8055344, 9.8890047, 9.9526348, 19.993462, 19.998299, 19.993582, 19.931992, 0.29366645, 0.34339994, 0.34580514, 0.34805498, 0.34888986, 0.34952629, 0.34996730, 0.34999150, 0.34996790, 0.34965995, 0.69146609
0.24143708, 1.0000000, 0.58491689, 2.7718067, 8.4790630, 9.5291777, 9.7593727, 9.8573074, 9.9358416, 19.990650, 19.997469, 19.986481, 19.915071, 0.27771682, 0.33478835, 0.34529051, 0.34759346, 0.34857297, 0.34935835, 0.34995323, 0.34998733, 0.34993240, 0.34957534, 0.58491689
0.22194244, 1.0000000, 0.51428419, 2.2182612, 7.0455680, 9.5360813, 9.7472267, 9.8448935, 9.9264822, 19.988548, 19.996498, 19.976583, 19.901270, 0.27218187, 0.32045427, 0.34535986, 0.34747207, 0.34844884, 0.34926480, 0.34994274, 0.34998250, 0.34988290, 0.34950635, 0.51428419
0.20004907, 1.0000000, 0.43496037, 1.6027957, 5.4560914, 9.4866467, 9.7180662, 9.8248253, 9.9144201, 19.985546, 19.994677, 19.964361, 19.890377, 0.26602721, 0.30455935, 0.34486511, 0.34718040, 0.34824809, 0.34914413, 0.34992772, 0.34997338, 0.34982181, 0.34945190, 0.43496037
0.18026705, 1.0000000, 0.36328641, 1.0968000, 3.9231443, 9.4660864, 9.7011414, 9.8118448, 9.9058428, 19.982857, 19.991856, 19.950781, 19.882027, 0.26096714, 0.28922960, 0.34465864, 0.34701097, 0.34811822, 0.34905833, 0.34991428, 0.34995928, 0.34975392, 0.34941012, 0.36328641
0.16621536, 1.0000000, 0.31237450, 0.76679289, 2.9477298, 9.1244040, 9.6997194, 9.8088264, 9.9027777, 19.981382, 19.987745, 19.936836, 19.875755, 0.25766641, 0.27947375, 0.34123856, 0.34699604, 0.34808767, 0.34902757, 0.34990692, 0.34993872, 0.34968418, 0.34937876, 0.31237450
0.20952307, 1.0000000, 0.46928647, 2.2678256, 5.4750128, 9.5190001, 9.7332678, 9.8267269, 9.9086504, 19.980017, 19.981766, 19.923340, 19.871105, 0.27267522, 0.30474573, 0.34518617, 0.34733191, 0.34826687, 0.34908637, 0.34990007, 0.34990883, 0.34961671, 0.34935552, 0.46928647
0.30422974, 1.0000000, 0.81242657, 6.7304449, 9.4029074, 9.6503029, 9.7794819, 9.8529930, 9.9190235, 19.978727, 19.973814, 19.910992, 19.867718, 0.31730261, 0.34402755, 0.34650224, 0.34779468, 0.34852985, 0.34919021, 0.34989363, 0.34986907, 0.34955496, 0.34933859, 0.81242657
0.30027667, 1.0000000, 0.79810381, 6.2494922, 9.6662130, 9.7583961, 9.8282413, 9.8814240, 9.9317064, 19.978149, 19.964275, 19.900280, 19.865257, 0.31249425, 0.34666148, 0.34758362, 0.34828234, 0.34881422, 0.34931707, 0.34989074, 0.34982139, 0.34950140, 0.34932628, 0.79810381
0.25834721, 1.0000000, 0.64618558, 3.5051503, 9.3001118, 9.5357485, 9.7442331, 9.8373623, 9.9134407, 19.971119, 19.951809, 19.890873, 19.863396, 0.28504634, 0.34299293, 0.34535328, 0.34744146, 0.34837317, 0.34913427, 0.34985560, 0.34975904, 0.34945437, 0.34931698, 0.64618558
0.21520898, 1.0000000, 0.48988757, 1.9141436, 6.8134856, 9.4115105, 9.6643848, 9.7886162, 9.8911848, 19.962963, 19.938553, 19.883192, 19.862049, 0.26914009, 0.31813195, 0.34411311, 0.34664345, 0.34788594, 0.34891179, 0.34981483, 0.34969276, 0.34941596, 0.34931025, 0.48988757
0.18050775, 1.0000000, 0.36415854, 1.0128587, 4.1572313, 9.3581514, 9.6239767, 9.7605820, 9.8760052, 19.954325, 19.925491, 19.877092, 19.861113, 0.26012713, 0.29156873, 0.34357747, 0.34623894, 0.34760541, 0.34875992, 0.34977162, 0.34962747, 0.34938547, 0.34930557, 0.36415854
0.14855817, 0.82791424, 0.24839912, 0.14695823, 2.4556935, 7.9476867, 9.5579939, 9.7165709, 9.8522444, 19.942209, 19.912546, 19.872196, 19.860409, 0.25146943, 0.27455530, 0.32947421, 0.34557930, 0.34716538, 0.34852234, 0.34971106, 0.34956273, 0.34936097, 0.34930205, 0.24839912
0.13129394, 0.61943001, 0.18584760, 0.0000000, 1.5416205, 6.1051493, 9.5277195, 9.6935549, 9.8373137, 19.929876, 19.900988, 19.868437, 19.859926, 0.24999002, 0.26541293, 0.31104496, 0.34527516, 0.34693450, 0.34837279, 0.34964937, 0.34950495, 0.34934217, 0.34929964, 0.18584760
0.11861436, 0.46631032, 0.13990709, 0.0000000, 0.86355805, 4.4072185, 9.5053730, 9.6770229, 9.8263092, 19.917475, 19.891068, 19.865631, 19.859575, 0.24999002, 0.25862831, 0.29405361, 0.34504572, 0.34676614, 0.34826171, 0.34958738, 0.34945533, 0.34932816, 0.34929788, 0.13990709
0.29504180, 1.0000000, 0.77913696, 6.3503890, 9.0867128, 9.3724928, 9.6452141, 9.7582350, 9.8586493, 19.909321, 19.883801, 19.863783, 19.859398, 0.31349498, 0.34085950, 0.34372100, 0.34645134, 0.34758192, 0.34858635, 0.34954661, 0.34941900, 0.34931892, 0.34929699, 0.77913696
0.23201519, 1.0000000, 0.55077970, 2.7613103, 7.4693460, 9.3527794, 9.6069212, 9.7397985, 9.8506441, 19.896976, 19.876795, 19.862110, 19.859205, 0.27761191, 0.32469150, 0.34352657, 0.34606898, 0.34739786, 0.34850642, 0.34948489, 0.34938398, 0.34931055, 0.34929603, 0.55077970
0.18780261, 1.0000000, 0.39058912, 1.4767885, 4.2908859, 9.3198109, 9.5823975, 9.7241087, 9.8416882, 19.885868, 19.871227, 19.860872, 19.859081, 0.26476574, 0.29290512, 0.34319410, 0.34582314, 0.34724069, 0.34841672, 0.34942934, 0.34935614, 0.34930438, 0.34929541, 0.39058912
0.21917227, 1.0000000, 0.50424731, 2.5586724, 6.2424316, 9.3803673, 9.6137819, 9.7408180, 9.8460970, 19.877729, 19.867237, 19.860104, 19.859005, 0.27558309, 0.31241900, 0.34379968, 0.34613702, 0.34740776, 0.34846082, 0.34938866, 0.34933618, 0.34930050, 0.34929502, 0.50424731
0.25848031, 1.0000000, 0.64666772, 3.6298442, 9.1694345, 9.4385586, 9.6520023, 9.7631264, 9.8539610, 19.871805, 19.864431, 19.859579, 19.858946, 0.28629717, 0.34169242, 0.34438461, 0.34651980, 0.34763119, 0.34853959, 0.34935904, 0.34932214, 0.34929788, 0.34929472, 0.64666772
0.35594767, 1.0000000, 0.99981034, 9.9977341, 9.9986401, 9.9993172, 9.9998655, 9.9999313, 9.9999790, 19.999998, 19.999998, 19.999998, 19.994993, 0.34997392, 0.34998435, 0.34999216, 0.34999844, 0.34999922, 0.34999976, 0.34999999, 0.34999999, 0.34999999, 0.34997496, 0.99981034
0.34182876, 1.0000000, 0.94865495, 9.2308397, 9.6735554, 9.8073082, 9.9483757, 9.9736366, 9.9901533, 19.999004, 19.999743, 19.999889, 19.986019, 0.34230787, 0.34673521, 0.34807289, 0.34948373, 0.34973633, 0.34990153, 0.34999502, 0.34999871, 0.34999946, 0.34993011, 0.94865495
0.35454822, 1.0000000, 0.99473983, 9.9362392, 9.9608107, 9.9446707, 9.9846992, 9.9922972, 9.9972677, 19.999832, 19.999950, 19.999975, 19.989016, 0.34936133, 0.34960747, 0.34944639, 0.34984693, 0.34992293, 0.34997267, 0.34999916, 0.34999976, 0.34999987, 0.34994507, 0.99473983
0.33279258, 1.0000000, 0.91591507, 8.7793665, 9.4235640, 9.6483002, 9.8765554, 9.9349346, 9.9746246, 19.996935, 19.999201, 19.999146, 19.965637, 0.33779311, 0.34423527, 0.34648281, 0.34876552, 0.34934932, 0.34974626, 0.34998468, 0.34999600, 0.34999573, 0.34982818, 0.91591507
0.28289127, 1.0000000, 0.73511326, 5.3131742, 9.2515154, 9.5196943, 9.7771330, 9.8747768, 9.9473362, 19.992514, 19.998043, 19.996359, 19.944078, 0.30313134, 0.34251472, 0.34519672, 0.34777129, 0.34874773, 0.34947336, 0.34996256, 0.34999022, 0.34998178, 0.34972039, 0.73511326
0.23456591, 1.0000000, 0.56002140, 2.6907861, 7.8447247, 9.4259109, 9.6930876, 9.8175230, 9.9170418, 19.986616, 19.996437, 19.990852, 19.925165, 0.27690682, 0.32844540, 0.34425801, 0.34693062, 0.34817511, 0.34917039, 0.34993309, 0.34998220, 0.34995425, 0.34962583, 0.56002140
0.19818500, 1.0000000, 0.42820650, 1.6566604, 5.2043419, 9.3795710, 9.6488533, 9.7829094, 9.8957567, 19.982483, 19.995127, 19.982527, 19.909410, 0.26656517, 0.30204070, 0.34379327, 0.34648803, 0.34782884, 0.34895748, 0.34991241, 0.34997565, 0.34991264, 0.34954706, 0.42820650
0.18628013, 1.0000000, 0.38507289, 1.5521854, 3.9398601, 9.3847485, 9.6429520, 9.7738829, 9.8868389, 19.979759, 19.993776, 19.971666, 19.896755, 0.26551890, 0.28939414, 0.34384215, 0.34642842, 0.34773827, 0.34886822, 0.34989879, 0.34996888, 0.34985834, 0.34948379, 0.38507289
0.35599899, 1.0000000, 0.99999636, 9.9999990, 9.9999990, 9.9999990, 9.9999990, 9.9999990, 9.9999990, 19.999998, 19.999998, 19.999998, 19.998999, 0.34999949, 0.34999970, 0.34999985, 0.34999996, 0.34999999, 0.34999999, 0.34999999, 0.34999999, 0.34999999, 0.34999499, 0.99999636
0.33525825, 1.0000000, 0.92484856, 8.8581085, 9.5392294, 9.7374573, 9.9267101, 9.9623575, 9.9861603, 19.998890, 19.999712, 19.999678, 19.975222, 0.33857942, 0.34539121, 0.34737402, 0.34926698, 0.34962350, 0.34986156, 0.34999445, 0.34999856, 0.34999838, 0.34987611, 0.92484856
0.34563398, 1.0000000, 0.96244180, 9.4400253, 9.7527666, 9.8679056, 9.9683447, 9.9839802, 9.9942656, 19.999611, 19.999897, 19.999950, 19.987026, 0.34439489, 0.34752437, 0.34867740, 0.34968314, 0.34983963, 0.34994259, 0.34999806, 0.34999949, 0.34999976, 0.34993511, 0.96244180
0.35157061, 1.0000000, 0.98395145, 9.7717590, 9.8788328, 9.9377584, 9.9866915, 9.9933157, 9.9977179, 19.999945, 19.999987, 19.999983, 19.990009, 0.34771529, 0.34878692, 0.34937686, 0.34986678, 0.34993309, 0.34997717, 0.34999973, 0.34999993, 0.34999990, 0.34995005, 0.98395145
0.35455853, 1.0000000, 0.99477714, 9.9273825, 9.9581718, 9.9788885, 9.9957333, 9.9978504, 9.9992838, 19.999998, 19.999998, 19.999983, 19.990009, 0.34927326, 0.34958136, 0.34978870, 0.34995732, 0.34997848, 0.34999284, 0.34999999, 0.34999999, 0.34999990, 0.34995005, 0.99477714
0.35141891, 1.0000000, 0.98340178, 9.8127394, 9.8111954, 9.9011717, 9.9779816, 9.9889231, 9.9961596, 19.999874, 19.999969, 19.999964, 19.988020, 0.34812683, 0.34811163, 0.34901154, 0.34977978, 0.34988919, 0.34996158, 0.34999937, 0.34999985, 0.34999982, 0.34994009, 0.98340178
0.31471819, 1.0000000, 0.85042810, 7.5635056, 9.3087053, 9.5744896, 9.8418837, 9.9158316, 9.9666805, 19.995743, 19.998901, 19.998991, 19.964668, 0.32563397, 0.34308624, 0.34574449, 0.34841874, 0.34915829, 0.34966680, 0.34997872, 0.34999451, 0.34999496, 0.34982336, 0.85042810
0.26995516, 1.0000000, 0.68824321, 4.3849726, 9.2423754, 9.5114527, 9.7664957, 9.8670034, 9.9433661, 19.992081, 19.997936, 19.996164, 19.943224, 0.29384768, 0.34242114, 0.34511319, 0.34766468, 0.34866989, 0.34943360, 0.34996039, 0.34998968, 0.34998083, 0.34971613, 0.68824321
0.23164421, 1.0000000, 0.54943556, 2.5058687, 7.7821326, 9.4579220, 9.7092724, 9.8257284, 9.9202108, 19.987585, 19.996723, 19.990639, 19.924498, 0.27505729, 0.32781872, 0.34457764, 0.34709239, 0.34825709, 0.34920204, 0.34993792, 0.34998363, 0.34995320, 0.34962249, 0.54943556
0.34851617, 1.0000000, 0.97288465, 9.6051712, 9.8084116, 9.8996754, 9.9771976, 9.9885044, 9.9959602, 19.999796, 19.999945, 19.999964, 19.989016, 0.34604710, 0.34808129, 0.34899533, 0.34977168, 0.34988490, 0.34995955, 0.34999898, 0.34999973, 0.34999982, 0.34994507, 0.97288465
0.34644288, 1.0000000, 0.96537274, 9.6152048, 9.6088820, 9.7724714, 9.9387083, 9.9686556, 9.9884109, 19.998962, 19.999743, 19.999882, 19.985031, 0.34615144, 0.34608847, 0.34772453, 0.34938705, 0.34968653, 0.34988409, 0.34999481, 0.34999871, 0.34999940, 0.34992516, 0.96537274
0.33412105, 1.0000000, 0.92072833, 8.8775082, 9.4222240, 9.6469345, 9.8717070, 9.9314985, 9.9737444, 19.997675, 19.999409, 19.998917, 19.961918, 0.33877277, 0.34422076, 0.34646860, 0.34871691, 0.34931490, 0.34973741, 0.34998837, 0.34999704, 0.34999460, 0.34980959, 0.92072833
0.29645193, 1.0000000, 0.78424609, 6.2174797, 9.3478537, 9.5817518, 9.8047676, 9.8898172, 9.9541492, 19.994583, 19.998604, 19.995853, 19.940777, 0.31217292, 0.34347683, 0.34581664, 0.34804749, 0.34889808, 0.34954146, 0.34997290, 0.34999302, 0.34997928, 0.34970388, 0.78424609
0.34668815, 1.0000000, 0.96626133, 9.7059412, 9.6027880, 9.5836020, 9.7845764, 9.8722439, 9.9433308, 19.992931, 19.998154, 19.990175, 19.922462, 0.34705842, 0.34602728, 0.34583572, 0.34784570, 0.34872240, 0.34943330, 0.34996465, 0.34999079, 0.34995088, 0.34961230, 0.96626133
0.34326667, 1.0000000, 0.95386475, 9.3024788, 9.7087765, 9.8428173, 9.9603548, 9.9798765, 9.9925900, 19.999319, 19.999821, 19.999952, 19.988997, 0.34302315, 0.34708676, 0.34842768, 0.34960341, 0.34979871, 0.34992588, 0.34999660, 0.34999910, 0.34999976, 0.34994498, 0.95386475
0.28988123, 1.0000000, 0.76043922, 5.8019047, 9.2649088, 9.5412750, 9.8185196, 9.9022026, 9.9610033, 19.995125, 19.998730, 19.999025, 19.965607, 0.30801767, 0.34264779, 0.34541208, 0.34818503, 0.34902197, 0.34961000, 0.34997562, 0.34999365, 0.34999514, 0.34982803, 0.76043922
0.24089730, 1.0000000, 0.58296120, 2.9388876, 8.1788139, 9.4530077, 9.7206831, 9.8380146, 9.9294529, 19.989836, 19.997334, 19.996210, 19.944031, 0.27938658, 0.33178428, 0.34452787, 0.34720638, 0.34837991, 0.34929445, 0.34994918, 0.34998667, 0.34998104, 0.34972015, 0.58296120
0.22965282, 1.0000000, 0.54222035, 2.8609843, 6.9495673, 9.4648190, 9.6909161, 9.8101921, 9.9101286, 19.985502, 19.996103, 19.990805, 19.925165, 0.27860698, 0.31949151, 0.34464535, 0.34690860, 0.34810162, 0.34910119, 0.34992751, 0.34998053, 0.34995401, 0.34962583, 0.54222035
0.34959936, 1.0000000, 0.97680914, 9.7865114, 9.6855221, 9.8080540, 9.9484873, 9.9736700, 9.9902430, 19.999100, 19.999767, 19.999882, 19.985031, 0.34786454, 0.34685490, 0.34808037, 0.34948483, 0.34973666, 0.34990242, 0.34999549, 0.34999883, 0.34999940, 0.34992516, 0.97680914
0.35597271, 1.0000000, 0.99990106, 9.9989443, 9.9993649, 9.9996805, 9.9999371, 9.9999638, 9.9999876, 19.999998, 19.999998, 19.999996, 19.993994, 0.34998640, 0.34999183, 0.34999588, 0.34999919, 0.34999955, 0.34999985, 0.34999999, 0.34999999, 0.34999996, 0.34996998, 0.99990106
0.35433280, 1.0000000, 0.99395949, 9.9755859, 9.9150953, 9.8633709, 9.9432564, 9.9709406, 9.9895058, 19.999308, 19.999821, 19.999523, 19.970417, 0.34975529, 0.34915060, 0.34863353, 0.34943253, 0.34970936, 0.34989506, 0.34999654, 0.34999910, 0.34999761, 0.34985209, 0.99395949
0.31038922, 1.0000000, 0.83474350, 7.2289038, 9.3393326, 9.5854883, 9.8313503, 9.9090071, 9.9638157, 19.995632, 19.998859, 19.997295, 19.948399, 0.32228860, 0.34339297, 0.34585470, 0.34831348, 0.34909004, 0.34963816, 0.34997815, 0.34999430, 0.34998649, 0.34974200, 0.83474350
0.25678122, 1.0000000, 0.64051163, 3.4726722, 9.1948223, 9.4741259, 9.7367010, 9.8482485, 9.9343119, 19.990602, 19.997530, 19.992470, 19.928911, 0.28472418, 0.34194416, 0.34473917, 0.34736660, 0.34848228, 0.34934306, 0.34995300, 0.34998766, 0.34996235, 0.34964454, 0.64051163
0.23041381, 1.0000000, 0.54497755, 2.4891436, 7.6703901, 9.4452429, 9.6928539, 9.8135328, 9.9127254, 19.985769, 19.996071, 19.984737, 19.912477, 0.27488938, 0.32670012, 0.34445012, 0.34692806, 0.34813508, 0.34912717, 0.34992886, 0.34998035, 0.34992367, 0.34956238, 0.54497755
0.19677828, 1.0000000, 0.42310971, 1.5208125, 5.2472162, 9.4048395, 9.6568947, 9.7856159, 9.8944597, 19.980888, 19.994228, 19.974215, 19.899151, 0.26520696, 0.30246979, 0.34404624, 0.34656850, 0.34785596, 0.34894451, 0.34990445, 0.34997115, 0.34987107, 0.34949577, 0.42310971
0.16666806, 1.0000000, 0.31401467, 0.76672137, 2.9767842, 9.1968946, 9.6216726, 9.7603388, 9.8793316, 19.976997, 19.991926, 19.961639, 19.888702, 0.25766587, 0.27976474, 0.34196419, 0.34621572, 0.34760287, 0.34879315, 0.34988499, 0.34995964, 0.34980819, 0.34944350, 0.31401467
0.14777756, 0.81848776, 0.24557088, 0.23483038, 2.2567897, 7.8511353, 9.6087704, 9.7493029, 9.8709440, 19.973011, 19.988392, 19.947807, 19.880749, 0.25234759, 0.27256382, 0.32850426, 0.34608597, 0.34749213, 0.34870914, 0.34986505, 0.34994197, 0.34973904, 0.34940374, 0.24557088
0.13183439, 0.62595654, 0.18780574, 0.0000000, 1.5063494, 6.2955933, 9.5643063, 9.7203703, 9.8556929, 19.967987, 19.982929, 19.933676, 19.874743, 0.24998665, 0.26506037, 0.31294939, 0.34564108, 0.34720269, 0.34855661, 0.34983993, 0.34991464, 0.34966838, 0.34937370, 0.18780574
0.11978414, 0.48043671, 0.14414543, 0.0000000, 0.87820888, 4.6533732, 9.5195274, 9.6904497, 9.8402233, 19.963612, 19.975662, 19.920195, 19.870312, 0.24998665, 0.25877994, 0.29652807, 0.34519294, 0.34690329, 0.34840184, 0.34981805, 0.34987831, 0.34960097, 0.34935156, 0.14414543
0.10855331, 0.34481224, 0.10345402, 0.0000000, 0.37579238, 2.9721231, 9.4059525, 9.6550608, 9.8212681, 19.959074, 19.966417, 19.907990, 19.867075, 0.24998665, 0.25375664, 0.27971616, 0.34405631, 0.34654897, 0.34821212, 0.34979537, 0.34983209, 0.34953994, 0.34933537, 0.10345402
0.10087332, 0.25206807, 0.75627983E-1, 0.0000000, 0.35205483E-1, 2.0151944, 8.3543005, 9.5960922, 9.7910690, 19.954140, 19.955473, 19.897392, 19.864729, 0.24998665, 0.25035191, 0.27014744, 0.33353928, 0.34595877, 0.34790999, 0.34977069, 0.34977737, 0.34948695, 0.34932363, 0.75627983E-1
0.96675776E-1, 0.20137811, 0.60419474E-1, 0.0000000, 0.0000000, 1.2978494, 7.2421489, 9.5681000, 9.7740211, 19.949265, 19.943581, 19.888565, 19.863035, 0.24998665, 0.24998428, 0.26297140, 0.32241359, 0.34567580, 0.34773842, 0.34974632, 0.34971792, 0.34944284, 0.34931517, 0.60419474E-1
0.19198531, 1.0000000, 0.40574387, 2.3981988, 3.4899783, 8.8921881, 9.4590569, 9.6963520, 9.8290377, 19.944763, 19.931526, 19.881495, 19.861843, 0.27397299, 0.28489190, 0.33891186, 0.34458843, 0.34696242, 0.34829003, 0.34972382, 0.34965762, 0.34940746, 0.34930921, 0.40574387
0.35595191, 1.0000000, 0.99982566, 9.9987240, 9.9992361, 9.9996176, 9.9999247, 9.9999609, 9.9999876, 19.999998, 19.999998, 19.999998, 19.994993, 0.34997600, 0.34998563, 0.34999281, 0.34999856, 0.34999928, 0.34999976, 0.34999999, 0.34999999, 0.34999999, 0.34997496, 0.99982566
0.35559642, 1.0000000, 0.99853766, 9.9998055, 9.9983978, 9.9148283, 9.9744453, 9.9871149, 9.9955311, 19.999838, 19.999958, 19.999964, 19.988020, 0.34999409, 0.34998161, 0.34914708, 0.34974420, 0.34987104, 0.34995529, 0.34999919, 0.34999979, 0.34999982, 0.34994009, 0.99853766
0.32304308, 1.0000000, 0.88059086, 8.0354080, 9.4637413, 9.6860456, 9.9035606, 9.9499331, 9.9810543, 19.998074, 19.999498, 19.999815, 19.984043, 0.33035296, 0.34463662, 0.34686005, 0.34903553, 0.34949932, 0.34981054, 0.34999037, 0.34999749, 0.34999907, 0.34992021, 0.88059086
0.31039473, 1.0000000, 0.83476347, 7.2000732, 9.3672590, 9.6180229, 9.8686533, 9.9308319, 9.9730787, 19.996803, 19.999170, 19.999702, 19.982033, 0.32199860, 0.34367090, 0.34617937, 0.34868634, 0.34930822, 0.34973076, 0.34998402, 0.34999585, 0.34999850, 0.34991017, 0.83476347
0.25427839, 1.0000000, 0.63144344, 3.2983799, 9.1828728, 9.4707880, 9.7476149, 9.8573179, 9.9396858, 19.991520, 19.997799, 19.998268, 19.959045, 0.28298184, 0.34182546, 0.34470618, 0.34747580, 0.34857300, 0.34939680, 0.34995759, 0.34998900, 0.34999135, 0.34979522, 0.63144344
0.22318567, 1.0000000, 0.51878864, 2.1589518, 7.3406405, 9.4561558, 9.7102060, 9.8261137, 9.9211245, 19.988733, 19.997053, 19.994892, 19.938234, 0.27158567, 0.32339853, 0.34455648, 0.34710100, 0.34826061, 0.34921107, 0.34994367, 0.34998527, 0.34997445, 0.34969118, 0.51878864
0.19445904, 1.0000000, 0.41470662, 1.4191955, 5.1301079, 9.4125500, 9.6744089, 9.7989073, 9.9041719, 19.985792, 19.996172, 19.988729, 19.920292, 0.26419070, 0.30129835, 0.34412301, 0.34674358, 0.34798881, 0.34904164, 0.34992898, 0.34998086, 0.34994364, 0.34960145, 0.41470662
0.16562080, 1.0000000, 0.31022027, 0.70606470, 2.9463143, 9.2051477, 9.6300611, 9.7678270, 9.8855848, 19.981697, 19.994755, 19.979609, 19.905449, 0.25705880, 0.27945855, 0.34204429, 0.34629911, 0.34767750, 0.34885558, 0.34990847, 0.34997377, 0.34989804, 0.34952724, 0.31022027
0.14470835, 0.78142363, 0.23445053, 0.15310347, 2.1226108, 7.6555138, 9.5896034, 9.7393723, 9.8687325, 19.977325, 19.992744, 19.967962, 19.893581, 0.25153053, 0.27122179, 0.32654735, 0.34589410, 0.34739274, 0.34868699, 0.34988663, 0.34996372, 0.34983981, 0.34946790, 0.23445053
0.13131617, 0.61969846, 0.18592814, 0.0000000, 1.4784873, 6.2234631, 9.5754728, 9.7271433, 9.8595810, 19.973278, 19.989836, 19.954618, 19.884436, 0.24999940, 0.26478091, 0.31222630, 0.34575218, 0.34727013, 0.34859535, 0.34986639, 0.34994918, 0.34977311, 0.34942219, 0.18592814
0.12167619, 0.50328535, 0.15100071, 0.0000000, 0.97886622, 4.8992200, 9.5647860, 9.7187824, 9.8538761, 19.969845, 19.985624, 19.940601, 19.877522, 0.24999940, 0.25978121, 0.29897359, 0.34564060, 0.34718412, 0.34853750, 0.34984922, 0.34992811, 0.34970301, 0.34938762, 0.15100071
0.11176360, 0.38357997, 0.11508550, 0.0000000, 0.52320659, 3.4309187, 9.5086517, 9.6839399, 9.8377342, 19.966436, 19.979605, 19.926798, 19.872389, 0.24999940, 0.25522682, 0.28429198, 0.34507698, 0.34683454, 0.34837571, 0.34983218, 0.34989804, 0.34963399, 0.34936196, 0.11508550
0.10516459, 0.30388984, 0.91176070E-1, 0.0000000, 0.21045804, 2.5546880, 9.0474052, 9.6715126, 9.8294039, 19.962929, 19.971622, 19.913952, 19.868601, 0.24999940, 0.25210297, 0.27553710, 0.34046713, 0.34671143, 0.34829280, 0.34981465, 0.34985811, 0.34956977, 0.34934300, 0.91176070E-1
0.35223448, 1.0000000, 0.98635674, 9.8076687, 9.8954735, 9.9465771, 9.9888630, 9.9944172, 9.9981194, 19.999987, 19.999992, 19.999983, 19.990009, 0.34807026, 0.34895083, 0.34946382, 0.34988824, 0.34994397, 0.34998113, 0.34999993, 0.34999996, 0.34999990, 0.34995005, 0.98635674
0.33834326, 1.0000000, 0.93602628, 9.1045256, 9.5191097, 9.7049351, 9.9134798, 9.9552946, 9.9835958, 19.998825, 19.999689, 19.999308, 19.966595, 0.34104356, 0.34519002, 0.34704882, 0.34913468, 0.34955287, 0.34983593, 0.34999412, 0.34999844, 0.34999654, 0.34983298, 0.93602628
0.30261928, 1.0000000, 0.80659157, 6.6658368, 9.3380909, 9.5884457, 9.8356180, 9.9107056, 9.9648991, 19.996590, 19.999111, 19.996799, 19.944973, 0.31665531, 0.34337831, 0.34588310, 0.34835592, 0.34910691, 0.34964892, 0.34998295, 0.34999555, 0.34998399, 0.34972486, 0.80659157
0.25028715, 1.0000000, 0.61698234, 3.0085139, 9.1857147, 9.4698439, 9.7397156, 9.8502741, 9.9363556, 19.992533, 19.998047, 19.991562, 19.925982, 0.28008303, 0.34185329, 0.34469643, 0.34739673, 0.34850255, 0.34936351, 0.34996265, 0.34999025, 0.34995782, 0.34962991, 0.61698234
0.21262695, 1.0000000, 0.48053244, 1.8651038, 6.5851469, 9.4050055, 9.6742249, 9.8031588, 9.9096432, 19.987812, 19.996630, 19.983347, 19.910067, 0.26864854, 0.31584615, 0.34404624, 0.34674147, 0.34803119, 0.34909630, 0.34993905, 0.34998316, 0.34991673, 0.34955034, 0.48053244
0.18442547, 1.0000000, 0.37835315, 1.1502415, 4.3728309, 9.4057512, 9.6581669, 9.7862139, 9.8957338, 19.984327, 19.995106, 19.972511, 19.897263, 0.26150039, 0.29372367, 0.34405255, 0.34658065, 0.34786162, 0.34895715, 0.34992164, 0.34997553, 0.34986255, 0.34948632, 0.37835315
0.16312876, 1.0000000, 0.30119112, 0.61535239, 2.9370575, 8.9190521, 9.6470938, 9.7757721, 9.8868799, 19.981108, 19.992870, 19.959696, 19.887276, 0.25615242, 0.27936745, 0.33918577, 0.34646994, 0.34775722, 0.34886861, 0.34990555, 0.34996435, 0.34979847, 0.34943637, 0.30119112
0.14817557, 0.82329404, 0.24701291, 0.23346245, 2.3359895, 7.7862587, 9.6364069, 9.7676134, 9.8810358, 19.978291, 19.989454, 19.945843, 19.879683, 0.25233373, 0.27335450, 0.32785362, 0.34636185, 0.34767500, 0.34880999, 0.34989145, 0.34994727, 0.34972921, 0.34939840, 0.24701291
0.13719210, 0.69065672, 0.20721774, 0.18018186, 1.7373115, 6.5151381, 9.6121216, 9.7511082, 9.8722372, 19.975550, 19.984362, 19.931898, 19.873995, 0.25180089, 0.26736775, 0.31514132, 0.34611824, 0.34750956, 0.34872186, 0.34987774, 0.34992182, 0.34965950, 0.34936997, 0.20721774
0.13299409, 0.63996118, 0.19200756, 0.32223165, 1.4317691, 5.6325707, 9.6386814, 9.7660542, 9.8783188, 19.975121, 19.977922, 19.918823, 19.869841, 0.25321999, 0.26431152, 0.30631354, 0.34638268, 0.34765843, 0.34878248, 0.34987560, 0.34988961, 0.34959412, 0.34934920, 0.19200756
0.11954790, 0.47758383, 0.14328948, 0.17309189E-1, 0.95244348, 4.3745255, 9.5756702, 9.7287369, 9.8621216, 19.972315, 19.968927, 19.906910, 19.866764, 0.25017300, 0.25952181, 0.29373923, 0.34575409, 0.34728602, 0.34862077, 0.34986156, 0.34984463, 0.34953454, 0.34933382, 0.14328948
0.11444999, 0.41602108, 0.12481881, 0.0000000, 0.75103641, 3.5895259, 9.6293316, 9.7575159, 9.8722038, 19.970568, 19.958635, 19.896740, 19.864553, 0.24999791, 0.25750816, 0.28589001, 0.34629053, 0.34757373, 0.34872156, 0.34985283, 0.34979317, 0.34948370, 0.34932277, 0.12481881
0.10965559, 0.35812348, 0.10744779, 0.0000000, 0.51855743, 2.9395552, 9.4200401, 9.7436485, 9.8671122, 19.967287, 19.946949, 19.888203, 19.862942, 0.24999791, 0.25518414, 0.27939147, 0.34419778, 0.34743515, 0.34867069, 0.34983644, 0.34973475, 0.34944102, 0.34931472, 0.10744779
0.11986180, 0.48137444, 0.14442678, 1.0072112, 0.31767786, 2.5375426, 8.9829493, 9.7360334, 9.8627415, 19.962315, 19.934616, 19.881271, 19.861801, 0.26007044, 0.25317645, 0.27537417, 0.33982861, 0.34735987, 0.34862727, 0.34981158, 0.34967309, 0.34940636, 0.34930900, 0.14442678
0.14295547, 0.76025563, 0.22809951, 1.7305166, 1.7333359, 2.8653324, 9.0142317, 9.7520552, 9.8680706, 19.955500, 19.922321, 19.875751, 19.860968, 0.26730371, 0.26733246, 0.27865261, 0.34014186, 0.34752032, 0.34868062, 0.34977749, 0.34961161, 0.34937876, 0.34930485, 0.22809951
0.12775335, 0.57667357, 0.17301938, 1.0220677, 1.2936056, 2.5121748, 8.6293983, 9.7466497, 9.8657122, 19.947594, 19.910864, 19.871471, 19.860392, 0.26021883, 0.26293465, 0.27512038, 0.33629307, 0.34746596, 0.34865695, 0.34973797, 0.34955433, 0.34935737, 0.34930196, 0.17301938
0.15623403, 0.92060864, 0.27621022, 2.0663798, 2.2562833, 3.8138196, 9.4704180, 9.7803192, 9.8796244, 19.940329, 19.901028, 19.868296, 19.859999, 0.27066049, 0.27256066, 0.28813639, 0.34470329, 0.34780270, 0.34879610, 0.34970164, 0.34950513, 0.34934148, 0.34930000, 0.27621022
0.13802728, 0.70074242, 0.21024376, 1.2904793, 1.7514944, 2.9940815, 9.5643091, 9.7656050, 9.8729925, 19.929466, 19.891874, 19.865726, 19.859663, 0.26290315, 0.26751363, 0.27993968, 0.34564239, 0.34765568, 0.34872979, 0.34964734, 0.34945938, 0.34932864, 0.34929830, 0.21024376
0.13406837, 0.65293425, 0.19589987, 1.1692405, 1.5731901, 2.8388798, 9.3476601, 9.7948122, 9.8842115, 19.921125, 19.884888, 19.863977, 19.859488, 0.26169029, 0.26573020, 0.27838725, 0.34347558, 0.34794760, 0.34884194, 0.34960562, 0.34942442, 0.34931988, 0.34929743, 0.19589987
0.13410300, 0.65335262, 0.19602539, 1.3507664, 1.3817936, 2.6664197, 9.1363707, 9.8000755, 9.8863802, 19.912395, 19.879091, 19.862658, 19.859346, 0.26350570, 0.26381674, 0.27666304, 0.34136289, 0.34800035, 0.34886366, 0.34956199, 0.34939545, 0.34931329, 0.34929675, 0.19602539
0.12081040, 0.49282995, 0.14786378, 0.74386299, 1.0000139, 2.3194461, 8.7729988, 9.7589188, 9.8677559, 19.902058, 19.873941, 19.861547, 19.859251, 0.25743723, 0.25999901, 0.27319315, 0.33772901, 0.34758866, 0.34867740, 0.34951028, 0.34936970, 0.34930775, 0.34929627, 0.14786378
0.15206409, 0.87025213, 0.26110175, 1.7005742, 2.2005053, 4.1548662, 9.3948193, 9.7577229, 9.8638134, 19.893866, 19.870201, 19.860828, 19.859222, 0.26700363, 0.27200341, 0.29154712, 0.34394750, 0.34757686, 0.34863800, 0.34946933, 0.34935099, 0.34930414, 0.34929612, 0.26110175
0.16648492, 1.0000000, 0.31335115, 1.9405961, 2.3903103, 6.4172277, 9.6041842, 9.7550545, 9.8583813, 19.884956, 19.866846, 19.860163, 19.859169, 0.26940361, 0.27390137, 0.31416994, 0.34604117, 0.34755018, 0.34858370, 0.34942478, 0.34933424, 0.34930080, 0.34929585, 0.31335115
0.14503545, 0.78537375, 0.23563568, 1.0997325, 1.7782211, 5.2658639, 9.5976744, 9.7369661, 9.8479948, 19.876993, 19.864157, 19.859711, 19.859116, 0.26099655, 0.26778144, 0.30265751, 0.34597632, 0.34736946, 0.34847990, 0.34938496, 0.34932077, 0.34929854, 0.34929559, 0.23563568
0.25331947, 1.0000000, 0.62796909, 3.8941915, 8.3590040, 8.9484940, 9.5930166, 9.7296429, 9.8415699, 19.870256, 19.862076, 19.859346, 19.859051, 0.28893867, 0.33358583, 0.33948269, 0.34592968, 0.34729618, 0.34841561, 0.34935129, 0.34931037, 0.34929675, 0.34929526, 0.62796909
0.28595978, 1.0000000, 0.74623108, 5.5822806, 9.2217970, 9.4594412, 9.6644926, 9.7693920, 9.8551159, 19.865908, 19.860775, 19.859180, 19.859011, 0.30582237, 0.34221756, 0.34459421, 0.34664491, 0.34769389, 0.34855115, 0.34932953, 0.34930387, 0.34929591, 0.34929505, 0.74623108
0.35553503, 1.0000000, 0.99831539, 9.9768028, 9.9862690, 9.9931231, 9.9986191, 9.9993076, 9.9997730, 19.999998, 19.999998, 19.999989, 19.991005, 0.34976742, 0.34986231, 0.34993106, 0.34998617, 0.34999305, 0.34999773, 0.34999999, 0.34999999, 0.34999993, 0.34995502, 0.99831539
0.32674164, 1.0000000, 0.89399135, 8.2617645, 9.5158596, 9.7177296, 9.9136524, 9.9552193, 9.9829845, 19.998163, 19.999521, 19.999311, 19.967539, 0.33261713, 0.34515825, 0.34717712, 0.34913650, 0.34955215, 0.34982985, 0.34999081, 0.34999761, 0.34999657, 0.34983769, 0.89399135
0.31978154, 1.0000000, 0.86877364, 7.9211555, 9.3275270, 9.5750065, 9.8178530, 9.8999243, 9.9592447, 19.994726, 19.998629, 19.996803, 19.945805, 0.32920918, 0.34327361, 0.34574920, 0.34817836, 0.34899914, 0.34959242, 0.34997362, 0.34999314, 0.34998402, 0.34972903, 0.86877364
0.32728016, 1.0000000, 0.89594257, 8.5156279, 9.2719660, 9.5287199, 9.7699146, 9.8664923, 9.9425879, 19.992783, 19.998106, 19.991829, 19.926739, 0.33515501, 0.34271887, 0.34528679, 0.34769905, 0.34866491, 0.34942588, 0.34996390, 0.34999055, 0.34995914, 0.34963369, 0.89594257
0.35599869, 1.0000000, 0.99999523, 9.9999962, 9.9999990, 9.9999990, 9.9999990, 9.9999990, 9.9999990, 19.999998, 19.999998, 19.999998, 19.998999, 0.34999934, 0.34999961, 0.34999982, 0.34999996, 0.34999996, 0.34999999, 0.34999999, 0.34999999, 0.34999999, 0.34999499, 0.99999523
0.33318323, 1.0000000, 0.91733050, 8.6815195, 9.5743303, 9.7581043, 9.9321957, 9.9651670, 9.9870911, 19.998854, 19.999695, 19.999678, 19.975222, 0.33680388, 0.34573585, 0.34757721, 0.34932119, 0.34965128, 0.34987080, 0.34999427, 0.34999847, 0.34999838, 0.34987611, 0.91733050
0.30230784, 1.0000000, 0.80546314, 6.5947146, 9.3983974, 9.6295786, 9.8567934, 9.9228754, 9.9694414, 19.996416, 19.999063, 19.997936, 19.952814, 0.31593409, 0.34397283, 0.34629005, 0.34856677, 0.34922814, 0.34969422, 0.34998208, 0.34999532, 0.34998968, 0.34976408, 0.80546314
0.27597454, 1.0000000, 0.71005267, 4.7044554, 9.3836393, 9.6079512, 9.8186598, 9.8970499, 9.9568119, 19.994707, 19.998621, 19.993896, 19.932787, 0.29703632, 0.34382656, 0.34607449, 0.34818557, 0.34897000, 0.34956795, 0.34997353, 0.34999311, 0.34996948, 0.34966394, 0.71005267
0.35599637, 1.0000000, 0.99998677, 9.9999990, 9.9999990, 9.9999990, 9.9999990, 9.9999990, 9.9999990, 19.999998, 19.999998, 19.999998, 19.998999, 0.34999818, 0.34999889, 0.34999946, 0.34999987, 0.34999993, 0.34999996, 0.34999999, 0.34999999, 0.34999999, 0.34999499, 0.99998677
0.35599637, 1.0000000, 0.99998677, 9.9999990, 9.9999990, 9.9999990, 9.9999990, 9.9999962, 9.9999990, 19.999998, 19.999992, 19.999992, 19.998993, 0.34999818, 0.34999889, 0.34999946, 0.34999987, 0.34999990, 0.34999996, 0.34999999, 0.34999996, 0.34999996, 0.34999496, 0.99998677
0.33755195, 1.0000000, 0.93315923, 9.0794992, 9.4735622, 9.6913891, 9.8999138, 9.9478502, 9.9793682, 19.997002, 19.999218, 19.999559, 19.975185, 0.34079435, 0.34473523, 0.34691367, 0.34899911, 0.34947848, 0.34979367, 0.34998500, 0.34999609, 0.34999779, 0.34987593, 0.93315923
0.30130103, 1.0000000, 0.80181533, 6.5640402, 9.3509645, 9.5921555, 9.8249540, 9.9035025, 9.9599113, 19.993992, 19.998432, 19.997776, 19.952765, 0.31562731, 0.34349847, 0.34591582, 0.34824839, 0.34903443, 0.34959891, 0.34996995, 0.34999216, 0.34998888, 0.34976381, 0.80181533
0.26394492, 1.0000000, 0.66646713, 3.9119577, 9.2905006, 9.5402241, 9.7736425, 9.8684816, 9.9425430, 19.991556, 19.997791, 19.993681, 19.932722, 0.28911534, 0.34289899, 0.34539914, 0.34773579, 0.34868449, 0.34942532, 0.34995776, 0.34998897, 0.34996840, 0.34966362, 0.66646713
0.35599399, 1.0000000, 0.99997824, 9.9998837, 9.9999275, 9.9999638, 9.9999905, 9.9999962, 9.9999990, 19.999998, 19.999998, 19.999998, 19.997997, 0.34999701, 0.34999818, 0.34999910, 0.34999979, 0.34999990, 0.34999996, 0.34999999, 0.34999999, 0.34999999, 0.34998998, 0.99997824
0.35599887, 1.0000000, 0.99999589, 9.9999990, 9.9999990, 9.9999990, 9.9999990, 9.9999990, 9.9999990, 19.999998, 19.999998, 19.999998, 19.998999, 0.34999943, 0.34999967, 0.34999982, 0.34999996, 0.34999996, 0.34999999, 0.34999999, 0.34999999, 0.34999999, 0.34999499, 0.99999589
0.35599667, 1.0000000, 0.99998796, 9.9998865, 9.9999275, 9.9999638, 9.9999933, 9.9999962, 9.9999990, 19.999998, 19.999998, 19.999998, 19.997997, 0.34999835, 0.34999898, 0.34999949, 0.34999990, 0.34999993, 0.34999999, 0.34999999, 0.34999999, 0.34999999, 0.34998998, 0.99998796
0.35599679, 1.0000000, 0.99998832, 9.9998894, 9.9999342, 9.9999666, 9.9999933, 9.9999933, 9.9999990, 19.999998, 19.999998, 19.999998, 19.996996, 0.34999838, 0.34999904, 0.34999952, 0.34999990, 0.34999990, 0.34999999, 0.34999999, 0.34999999, 0.34999999, 0.34998497, 0.99998832
0.35566980, 1.0000000, 0.99880362, 9.9836102, 9.9902554, 9.9951200, 9.9990253, 9.9995050, 9.9998417, 19.999998, 19.999998, 19.999990, 19.991999, 0.34983504, 0.34990194, 0.34995088, 0.34999019, 0.34999502, 0.34999841, 0.34999999, 0.34999999, 0.34999996, 0.34996000, 0.99880362
0.33101451, 1.0000000, 0.90947282, 8.5576630, 9.5326033, 9.7286301, 9.9190445, 9.9581270, 9.9843063, 19.998508, 19.999611, 19.999399, 19.968500, 0.33557606, 0.34532565, 0.34728608, 0.34919041, 0.34958124, 0.34984306, 0.34999254, 0.34999806, 0.34999698, 0.34984249, 0.90947282
0.35598612, 1.0000000, 0.99994975, 9.9993649, 9.9996176, 9.9998083, 9.9999638, 9.9999790, 9.9999933, 19.999998, 19.999998, 19.999998, 19.994993, 0.34999308, 0.34999585, 0.34999791, 0.34999961, 0.34999976, 0.34999993, 0.34999999, 0.34999999, 0.34999999, 0.34997496, 0.99994975
0.35599524, 1.0000000, 0.99998271, 9.9998178, 9.9998894, 9.9999456, 9.9999905, 9.9999905, 9.9999990, 19.999998, 19.999998, 19.999998, 19.995995, 0.34999761, 0.34999856, 0.34999928, 0.34999987, 0.34999987, 0.34999999, 0.34999999, 0.34999999, 0.34999999, 0.34997997, 0.99998271
0.35599631, 1.0000000, 0.99998671, 9.9998741, 9.9999275, 9.9999638, 9.9999933, 9.9999933, 9.9999990, 19.999998, 19.999998, 19.999998, 19.996996, 0.34999815, 0.34999892, 0.34999946, 0.34999990, 0.34999990, 0.34999999, 0.34999999, 0.34999999, 0.34999999, 0.34998497, 0.99998671
0.33961040, 1.0000000, 0.94061732, 9.0955744, 9.6359024, 9.7975941, 9.9485760, 9.9738035, 9.9907246, 19.999557, 19.999891, 19.999739, 19.975382, 0.34095517, 0.34635866, 0.34797576, 0.34948573, 0.34973800, 0.34990725, 0.34999779, 0.34999946, 0.34999868, 0.34987691, 0.94061732
0.35582429, 1.0000000, 0.99936318, 9.9912853, 9.9947977, 9.9973984, 9.9994812, 9.9997368, 9.9999161, 19.999998, 19.999998, 19.999989, 19.991005, 0.34991229, 0.34994766, 0.34997380, 0.34999478, 0.34999734, 0.34999916, 0.34999999, 0.34999999, 0.34999993, 0.34995502, 0.99936318
0.33894968, 1.0000000, 0.93822336, 9.1002970, 9.5709095, 9.7570629, 9.9311333, 9.9646301, 9.9866600, 19.998573, 19.999630, 19.999861, 19.986019, 0.34100184, 0.34570837, 0.34757027, 0.34931126, 0.34964627, 0.34986660, 0.34999287, 0.34999815, 0.34999931, 0.34993011, 0.93822336
0.28899539, 1.0000000, 0.75722969, 5.7311258, 9.2752533, 9.5440311, 9.8123188, 9.8977985, 9.9592123, 19.995279, 19.998777, 19.998814, 19.962820, 0.30731034, 0.34275162, 0.34543988, 0.34812310, 0.34897792, 0.34959209, 0.34997639, 0.34999388, 0.34999406, 0.34981412, 0.75722969
0.24236523, 1.0000000, 0.58827978, 2.8804274, 8.4434175, 9.4697285, 9.7316608, 9.8439989, 9.9330702, 19.992081, 19.997942, 19.995840, 19.941570, 0.27880278, 0.33443156, 0.34469581, 0.34731632, 0.34843984, 0.34933063, 0.34996039, 0.34998971, 0.34997919, 0.34970784, 0.58827978
0.21503250, 1.0000000, 0.48924816, 2.1246047, 6.4111304, 9.4599037, 9.7063360, 9.8212709, 9.9179029, 19.990004, 19.997379, 19.990248, 19.923113, 0.27124411, 0.31410775, 0.34459645, 0.34706283, 0.34821245, 0.34917894, 0.34995002, 0.34998691, 0.34995124, 0.34961557, 0.48924816
0.33504498, 1.0000000, 0.92407596, 9.2030926, 9.1064253, 9.4668493, 9.6992245, 9.8118944, 9.9092112, 19.988525, 19.996746, 19.981760, 19.907763, 0.34202483, 0.34106061, 0.34466663, 0.34699187, 0.34811875, 0.34909207, 0.34994262, 0.34998372, 0.34990880, 0.34953880, 0.92407596
0.29336262, 1.0000000, 0.77305299, 6.0672979, 9.2733870, 9.5101223, 9.7179499, 9.8200321, 9.9091330, 19.986954, 19.995630, 19.970669, 19.895451, 0.31067252, 0.34273344, 0.34510103, 0.34717947, 0.34820029, 0.34909132, 0.34993476, 0.34997815, 0.34985334, 0.34947726, 0.77305299
0.25845093, 1.0000000, 0.64656126, 3.5328455, 9.2787914, 9.5154352, 9.7246199, 9.8232193, 9.9091139, 19.985577, 19.993744, 19.957735, 19.885925, 0.28532484, 0.34278226, 0.34515145, 0.34724560, 0.34823191, 0.34909105, 0.34992787, 0.34996873, 0.34978867, 0.34942964, 0.64656126
0.24146867, 1.0000000, 0.58503139, 2.8160632, 8.4231567, 9.5115662, 9.7273178, 9.8248043, 9.9096212, 19.984802, 19.990698, 19.943905, 19.878681, 0.27815947, 0.33422947, 0.34511447, 0.34727293, 0.34824792, 0.34909618, 0.34992403, 0.34995347, 0.34971952, 0.34939340, 0.58503139
0.21781054, 1.0000000, 0.49931353, 2.1511316, 6.6929874, 9.4788084, 9.7095928, 9.8147736, 9.9047804, 19.982582, 19.985510, 19.930016, 19.873259, 0.27150989, 0.31692719, 0.34478617, 0.34709555, 0.34814754, 0.34904775, 0.34991291, 0.34992754, 0.34965008, 0.34936631, 0.49931353
0.19057107, 1.0000000, 0.40061980, 1.4441192, 4.6136265, 9.4243250, 9.6744299, 9.7933407, 9.8949146, 19.979916, 19.978193, 19.916954, 19.869270, 0.26443970, 0.29613340, 0.34424034, 0.34674370, 0.34793311, 0.34894904, 0.34989959, 0.34989098, 0.34958476, 0.34934634, 0.40061980
0.17195621, 1.0000000, 0.33317465, 1.0798007, 2.9844284, 9.4015598, 9.6749821, 9.7916107, 9.8928728, 19.977924, 19.969124, 19.905306, 19.866369, 0.26079583, 0.27984071, 0.34400997, 0.34674865, 0.34791550, 0.34892851, 0.34988964, 0.34984562, 0.34952652, 0.34933186, 0.33317465
0.16017178, 0.96816134, 0.29047745, 0.80630779, 2.5056391, 8.4243670, 9.6738052, 9.7902069, 9.8916054, 19.975471, 19.958364, 19.895346, 19.864271, 0.25806147, 0.27505338, 0.33423859, 0.34673688, 0.34790146, 0.34891585, 0.34987736, 0.34979182, 0.34947672, 0.34932137, 0.29047745
0.14547214, 0.79064709, 0.23721786, 0.42397976, 1.9564033, 7.2551398, 9.6408758, 9.7704964, 9.8827038, 19.971508, 19.946331, 19.887035, 19.862741, 0.25423887, 0.26956144, 0.32254660, 0.34640747, 0.34770429, 0.34882683, 0.34985754, 0.34973165, 0.34943518, 0.34931371, 0.23721786
0.13449787, 0.65812093, 0.19745603, 0.17947555, 1.5471220, 6.2378407, 9.6410522, 9.7686443, 9.8802366, 19.966537, 19.933882, 19.880356, 19.861649, 0.25179434, 0.26546910, 0.31237417, 0.34640920, 0.34768578, 0.34880212, 0.34983268, 0.34966940, 0.34940177, 0.34930825, 0.19745603
0.12595265, 0.55492818, 0.16649510, 0.30103326E-1, 1.2227535, 5.3203974, 9.6410666, 9.7680721, 9.8791475, 19.960476, 19.921791, 19.875088, 19.860872, 0.25030094, 0.26222554, 0.30319965, 0.34640911, 0.34767991, 0.34879121, 0.34980237, 0.34960896, 0.34937543, 0.34930438, 0.16649510
0.11887749, 0.46948785, 0.14086044, 0.0000000, 0.91669858, 4.3302455, 9.6176119, 9.7537127, 9.8725157, 19.953213, 19.910576, 19.871031, 19.860338, 0.24999298, 0.25916499, 0.29329774, 0.34617403, 0.34753606, 0.34872478, 0.34976608, 0.34955287, 0.34935516, 0.34930170, 0.14086044
0.11395864, 0.41008753, 0.12303857, 0.0000000, 0.71496964, 3.5422678, 9.6306982, 9.7601337, 9.8735390, 19.944757, 19.900602, 19.867926, 19.859938, 0.24999298, 0.25714782, 0.28541800, 0.34630445, 0.34760007, 0.34873495, 0.34972379, 0.34950301, 0.34933963, 0.34929970, 0.12303857
0.11170617, 0.38288650, 0.11487744, 0.14810860, 0.50512254, 2.9594808, 9.4565048, 9.7540159, 9.8693762, 19.934238, 19.891727, 19.865520, 19.859627, 0.25148067, 0.25505036, 0.27959228, 0.34456339, 0.34753934, 0.34869349, 0.34967119, 0.34945863, 0.34932759, 0.34929812, 0.11487744
0.10552274, 0.30821484, 0.92473701E-1, 0.0000000, 0.27961135, 2.5097728, 8.9891882, 9.7274055, 9.8557510, 19.922493, 19.884077, 19.863665, 19.859426, 0.24997362, 0.25279176, 0.27507821, 0.33987790, 0.34726650, 0.34855494, 0.34961247, 0.34942037, 0.34931833, 0.34929714, 0.92473701E-1
0.10962500, 0.35775414, 0.10733698, 0.39229095, 0.22421777, 2.3521514, 8.7254038, 9.7730398, 9.8715086, 19.913055, 19.878328, 19.862411, 19.859299, 0.25391665, 0.25224003, 0.27351025, 0.33724570, 0.34772572, 0.34871352, 0.34956527, 0.34939164, 0.34931207, 0.34929651, 0.10733698
0.10611437, 0.31535938, 0.94617277E-1, 0.24054646, 0.15667081, 2.1897883, 8.4887142, 9.7878733, 9.8768063, 19.903574, 19.873636, 19.861460, 19.859251, 0.25240156, 0.25156519, 0.27188721, 0.33487889, 0.34787396, 0.34876645, 0.34951788, 0.34936818, 0.34930730, 0.34929627, 0.94617277E-1
0.17308381, 1.0000000, 0.33726019, 2.8028131, 2.2882609, 5.3598089, 9.4678288, 9.8322506, 9.8929825, 19.895855, 19.870190, 19.860836, 19.859251, 0.27802491, 0.27288103, 0.30359626, 0.34467763, 0.34832218, 0.34892970, 0.34947926, 0.34935096, 0.34930417, 0.34929627, 0.33726019
0.16506368, 1.0000000, 0.30820170, 2.2017002, 2.0497112, 5.8537307, 9.7110844, 9.8424034, 9.8963070, 19.888748, 19.867430, 19.860371, 19.859251, 0.27201378, 0.27049533, 0.30853474, 0.34711000, 0.34842360, 0.34896293, 0.34944373, 0.34933716, 0.34930184, 0.34929627, 0.30820170
0.15737173, 0.93434763, 0.28033233, 2.0216255, 1.7306983, 5.2383947, 9.7055330, 9.8140173, 9.8838320, 19.881386, 19.865002, 19.859953, 19.859211, 0.27021301, 0.26730531, 0.30238143, 0.34705439, 0.34813970, 0.34883818, 0.34940693, 0.34932500, 0.34929976, 0.34929606, 0.28033233
0.14026064, 0.72771251, 0.21833560, 1.2722164, 1.3235420, 4.4338660, 9.6542416, 9.7751608, 9.8656979, 19.874420, 19.862926, 19.859564, 19.859163, 0.26271662, 0.26323196, 0.29433283, 0.34653988, 0.34775034, 0.34865656, 0.34937209, 0.34931463, 0.34929782, 0.34929582, 0.21833560
0.12778711, 0.57708132, 0.17314172, 0.77734590, 1.0164917, 3.6891620, 9.6409950, 9.7621021, 9.8571177, 19.869139, 19.861429, 19.859324, 19.859116, 0.25776809, 0.26016071, 0.28688395, 0.34640595, 0.34761900, 0.34857050, 0.34934568, 0.34930715, 0.34929663, 0.34929559, 0.17314172
0.11776800, 0.45608976, 0.13684061, 0.42029023, 0.75538158, 2.9953778, 9.5770369, 9.7493401, 9.8497229, 19.865244, 19.860388, 19.859180, 19.859076, 0.25419906, 0.25754967, 0.27994555, 0.34576511, 0.34749073, 0.34849632, 0.34932622, 0.34930193, 0.34929591, 0.34929538, 0.13684061
0.11119187, 0.37667575, 0.11301403, 0.18385053, 0.55331290, 2.6725144, 9.2094440, 9.7447166, 9.8460684, 19.862310, 19.859604, 19.859064, 19.859045, 0.25183663, 0.25552973, 0.27671695, 0.34208882, 0.34744418, 0.34845966, 0.34931156, 0.34929803, 0.34929532, 0.34929523, 0.11301403
0.10528919, 0.30539447, 0.91627508E-1, 0.66429377E-2, 0.36205053, 2.3081899, 8.7758780, 9.7248039, 9.8369427, 19.859962, 19.859079, 19.858946, 19.859011, 0.25006634, 0.25361800, 0.27307391, 0.33775270, 0.34724468, 0.34836829, 0.34929982, 0.34929541, 0.34929472, 0.34929505, 0.91627508E-1
0.10259663, 0.27287886, 0.81871845E-1, 0.0000000, 0.23610294, 2.0149529, 8.3598785, 9.7242851, 9.8354101, 19.858553, 19.858749, 19.858862, 19.858986, 0.24999674, 0.25235924, 0.27014190, 0.33359247, 0.34723920, 0.34835285, 0.34929276, 0.34929374, 0.34929430, 0.34929493, 0.81871845E-1
0.15553574, 0.91217613, 0.27368021, 2.3227811, 2.3454399, 2.7731986, 8.7042952, 9.7755537, 9.8547773, 19.858423, 19.858696, 19.858850, 19.858986, 0.27321121, 0.27344432, 0.27772602, 0.33703923, 0.34775347, 0.34854704, 0.34929210, 0.34929347, 0.34929425, 0.34929493, 0.27368021
0.30267510, 1.0000000, 0.80679381, 6.7758856, 9.2551317, 9.4501019, 9.6416035, 9.8238955, 9.8736944, 19.858423, 19.858696, 19.858850, 19.858986, 0.31775841, 0.34255096, 0.34450084, 0.34641600, 0.34823892, 0.34873694, 0.34929210, 0.34929347, 0.34929425, 0.34929493, 0.80679381
0.35599262, 1.0000000, 0.99997324, 9.9996891, 9.9998112, 9.9999037, 9.9999819, 9.9999876, 9.9999990, 19.999998, 19.999998, 19.999998, 19.994993, 0.34999633, 0.34999779, 0.34999886, 0.34999979, 0.34999985, 0.34999999, 0.34999999, 0.34999999, 0.34999999, 0.34997496, 0.99997324
0.35582930, 1.0000000, 0.99938148, 9.9997759, 9.9996328, 9.9659204, 9.9854507, 9.9926882, 9.9973841, 19.999838, 19.999950, 19.999914, 19.983068, 0.34999374, 0.34999391, 0.34965801, 0.34985426, 0.34992677, 0.34997383, 0.34999919, 0.34999976, 0.34999958, 0.34991533, 0.99938148
0.33898073, 1.0000000, 0.93833596, 9.0375843, 9.6527929, 9.8068619, 9.9484491, 9.9736576, 9.9902639, 19.999134, 19.999773, 19.999788, 19.979099, 0.34037167, 0.34652525, 0.34806728, 0.34948424, 0.34973642, 0.34990257, 0.34999567, 0.34999886, 0.34999895, 0.34989551, 0.93833596
0.31018245, 1.0000000, 0.83399445, 7.1394892, 9.4254665, 9.6514492, 9.8771982, 9.9348087, 9.9750872, 19.997746, 19.999409, 19.998428, 19.956398, 0.32139024, 0.34425101, 0.34651262, 0.34877160, 0.34934792, 0.34975082, 0.34998873, 0.34999704, 0.34999216, 0.34978199, 0.83399445
0.27627724, 1.0000000, 0.71114939, 4.7645898, 9.3331909, 9.5779428, 9.8162422, 9.8973532, 9.9589901, 19.996613, 19.999109, 19.994865, 19.935925, 0.29764387, 0.34332952, 0.34577820, 0.34816217, 0.34897342, 0.34958985, 0.34998307, 0.34999555, 0.34997433, 0.34967962, 0.71114939
0.24531521, 1.0000000, 0.59896809, 2.8839259, 8.7536020, 9.5390139, 9.7726536, 9.8670979, 9.9436979, 19.995470, 19.998747, 19.988489, 19.918394, 0.27883825, 0.33753422, 0.34538916, 0.34772632, 0.34867090, 0.34943694, 0.34997734, 0.34999374, 0.34994245, 0.34959197, 0.59896809
0.22494377, 1.0000000, 0.52515858, 2.3525982, 7.1881781, 9.5274916, 9.7531805, 9.8507700, 9.9332466, 19.994791, 19.998274, 19.979275, 19.903955, 0.27352345, 0.32187715, 0.34527186, 0.34753117, 0.34850737, 0.34933233, 0.34997395, 0.34999138, 0.34989637, 0.34951979, 0.52515858
0.20571575, 1.0000000, 0.45549181, 1.8813848, 5.6630492, 9.5089617, 9.7367878, 9.8377037, 9.9244328, 19.994177, 19.997295, 19.967628, 19.892487, 0.26881132, 0.30662590, 0.34508577, 0.34736711, 0.34837666, 0.34924421, 0.34997088, 0.34998649, 0.34983814, 0.34946245, 0.45549181
0.19819212, 1.0000000, 0.42823228, 1.8399596, 4.7872281, 9.5743027, 9.7619333, 9.8493061, 9.9260702, 19.993723, 19.995388, 19.954359, 19.883699, 0.26839796, 0.29786971, 0.34574047, 0.34761882, 0.34849280, 0.34926060, 0.34996861, 0.34997696, 0.34977180, 0.34941849, 0.42823228
0.22131902, 1.0000000, 0.51202542, 2.5620759, 6.3137140, 9.6882315, 9.8062449, 9.8730774, 9.9341364, 19.993721, 19.992140, 19.940475, 19.877026, 0.27561998, 0.31313598, 0.34688142, 0.34806228, 0.34873068, 0.34934133, 0.34996861, 0.34996068, 0.34970239, 0.34938514, 0.51202542
0.21497315, 1.0000000, 0.48903316, 2.5705366, 5.5705223, 9.6157780, 9.7955694, 9.8688745, 9.9329767, 19.993258, 19.986910, 19.926817, 19.872059, 0.27570513, 0.30570489, 0.34615752, 0.34795564, 0.34868872, 0.34932977, 0.34996629, 0.34993455, 0.34963408, 0.34936029, 0.48903316
0.19597045, 1.0000000, 0.42018276, 2.0058990, 4.2751398, 9.5134335, 9.7478075, 9.8425484, 9.9223795, 19.991726, 19.979336, 19.914097, 19.868399, 0.27005571, 0.29274720, 0.34512967, 0.34747714, 0.34842500, 0.34922364, 0.34995863, 0.34989667, 0.34957048, 0.34934199, 0.42018276
0.17895009, 1.0000000, 0.35851479, 1.5411228, 3.0059617, 9.4949474, 9.7256908, 9.8279142, 9.9149704, 19.989798, 19.969719, 19.902840, 19.865742, 0.26540941, 0.28005746, 0.34494612, 0.34725621, 0.34827879, 0.34914958, 0.34994900, 0.34984860, 0.34951419, 0.34932870, 0.35851479
0.16516078, 1.0000000, 0.30855349, 1.1073530, 2.5156975, 8.5971584, 9.7005529, 9.8113451, 9.9065571, 19.987209, 19.958467, 19.893269, 19.863813, 0.26107240, 0.27515543, 0.33596897, 0.34700495, 0.34811315, 0.34906548, 0.34993604, 0.34979233, 0.34946635, 0.34931907, 0.30855349
0.15864047, 0.94966906, 0.28492922, 0.93658268, 2.2934735, 8.0274925, 9.7313461, 9.8268566, 9.9112959, 19.984509, 19.946398, 19.885448, 19.862450, 0.25936535, 0.27293402, 0.33027369, 0.34731317, 0.34826842, 0.34911290, 0.34992254, 0.34973198, 0.34942725, 0.34931225, 0.28492922
0.14934433, 0.83740807, 0.25124756, 0.69894195, 1.9603938, 7.2465034, 9.7079229, 9.8139677, 9.9061069, 19.980175, 19.933964, 19.879168, 19.861462, 0.25698897, 0.26960319, 0.32246363, 0.34707886, 0.34813949, 0.34906101, 0.34990087, 0.34966981, 0.34939584, 0.34930730, 0.25124756
0.13931611, 0.71630657, 0.21491346, 0.45616031, 1.6019195, 6.3589697, 9.6770763, 9.7952442, 9.8974199, 19.973742, 19.921722, 19.874203, 19.860756, 0.25456107, 0.26601809, 0.31358752, 0.34677011, 0.34795210, 0.34897408, 0.34986871, 0.34960860, 0.34937102, 0.34930378, 0.21491346
0.13356645, 0.64687306, 0.19408134, 0.33046901, 1.4073431, 5.7718787, 9.7028027, 9.8083334, 9.9008207, 19.965733, 19.910408, 19.870380, 19.860245, 0.25330412, 0.26407200, 0.30771583, 0.34702703, 0.34808281, 0.34900802, 0.34982866, 0.34955204, 0.34935191, 0.34930122, 0.19408134
0.12657592, 0.56245476, 0.16875331, 0.17713010, 1.1639595, 5.0898857, 9.6858139, 9.7987690, 9.8959770, 19.955704, 19.900230, 19.867422, 19.859886, 0.25176892, 0.26163021, 0.30087835, 0.34685034, 0.34798372, 0.34895843, 0.34977853, 0.34950116, 0.34933710, 0.34929943, 0.16875331
0.12443228, 0.53656805, 0.16098651, 0.16022325, 1.0962874, 4.7457466, 9.7417536, 9.8293171, 9.9066534, 19.945639, 19.891766, 19.865265, 19.859604, 0.25160155, 0.26096004, 0.29745135, 0.34741503, 0.34829190, 0.34906611, 0.34972820, 0.34945881, 0.34932631, 0.34929803, 0.16098651
0.12136288, 0.49950168, 0.14986549, 0.13249218, 0.98225176, 4.3261933, 9.7348900, 9.8272562, 9.9057531, 19.934881, 19.884678, 19.863630, 19.859457, 0.25132442, 0.25982019, 0.29325685, 0.34734660, 0.34827140, 0.34905714, 0.34967440, 0.34942338, 0.34931815, 0.34929729, 0.14986549
0.18166256, 1.0000000, 0.36834255, 2.4742603, 2.7326822, 7.5890880, 9.7162352, 9.8166723, 9.9001513, 19.923958, 19.878899, 19.862411, 19.859346, 0.27474129, 0.27732596, 0.32588965, 0.34716207, 0.34816658, 0.34900147, 0.34961981, 0.34939450, 0.34931207, 0.34929675, 0.36834255
0.18342075, 1.0000000, 0.37471282, 2.3047745, 2.8148742, 8.4002438, 9.7687960, 9.8445272, 9.9078722, 19.913483, 19.874285, 19.861517, 19.859346, 0.27304742, 0.27814850, 0.33400208, 0.34768787, 0.34844524, 0.34907871, 0.34956741, 0.34937143, 0.34930760, 0.34929675, 0.37471282
0.18401323, 1.0000000, 0.37685952, 2.3370445, 2.7421832, 8.5862341, 9.7494822, 9.8345804, 9.9016237, 19.903074, 19.870459, 19.860825, 19.859299, 0.27337012, 0.27742159, 0.33586198, 0.34749472, 0.34834579, 0.34901625, 0.34951538, 0.34935230, 0.34930414, 0.34929651, 0.37685952
0.17703825, 1.0000000, 0.35158789, 2.0655842, 2.5571644, 8.1769457, 9.7650642, 9.8418779, 9.9011497, 19.894163, 19.867554, 19.860336, 19.859287, 0.27064827, 0.27556601, 0.33176047, 0.34764850, 0.34841770, 0.34901112, 0.34947082, 0.34933776, 0.34930170, 0.34929645, 0.35158789
0.16873261, 1.0000000, 0.32149500, 1.7451823, 2.3277462, 7.6985731, 9.7571545, 9.8366709, 9.8961573, 19.886398, 19.865290, 19.859995, 19.859251, 0.26744661, 0.27327329, 0.32697880, 0.34756979, 0.34836581, 0.34896126, 0.34943199, 0.34932643, 0.34929997, 0.34929627, 0.32149500
0.15911391, 0.95538658, 0.28664464, 1.3862163, 2.0545125, 7.1241155, 9.7356501, 9.8231716, 9.8879967, 19.879681, 19.863499, 19.859711, 19.859222, 0.26385733, 0.27054083, 0.32123369, 0.34735447, 0.34823072, 0.34887961, 0.34939840, 0.34931749, 0.34929854, 0.34929612, 0.28664464
0.15503845, 0.90617067, 0.27187839, 1.2562513, 1.9428581, 6.7878618, 9.7649107, 9.8370600, 9.8904705, 19.874990, 19.862349, 19.859552, 19.859222, 0.26255929, 0.26942560, 0.31787339, 0.34764761, 0.34836987, 0.34890446, 0.34937495, 0.34931174, 0.34929776, 0.34929612, 0.27187839
0.14596373, 0.79658359, 0.23899898, 0.92791915, 1.6779184, 6.2314644, 9.7298603, 9.8170671, 9.8804712, 19.869970, 19.861158, 19.859354, 19.859194, 0.25927383, 0.26677334, 0.31230378, 0.34729519, 0.34816897, 0.34880415, 0.34934986, 0.34930581, 0.34929678, 0.34929597, 0.23899898
0.13757187, 0.69524288, 0.20859373, 0.65135658, 1.4278442, 5.6332960, 9.7069769, 9.8021860, 9.8726263, 19.866159, 19.860312, 19.859253, 19.859158, 0.25650829, 0.26427153, 0.30631930, 0.34706506, 0.34801948, 0.34872547, 0.34933078, 0.34930155, 0.34929627, 0.34929579, 0.20859373
0.12969860, 0.60016453, 0.18006738, 0.42978823, 1.1843741, 4.9619770, 9.6820393, 9.7860937, 9.8649216, 19.863558, 19.859760, 19.859177, 19.859144, 0.25429529, 0.26183945, 0.29961079, 0.34681687, 0.34785917, 0.34864861, 0.34931779, 0.34929880, 0.34929588, 0.34929574, 0.18006738
0.12328494, 0.52271259, 0.15682946, 0.27523637, 0.98567307, 4.3263297, 9.6736794, 9.7794838, 9.8610191, 19.861725, 19.859442, 19.859118, 19.859127, 0.25275141, 0.25985470, 0.29325885, 0.34673479, 0.34779382, 0.34860986, 0.34930861, 0.34929723, 0.34929559, 0.34929565, 0.15682946
0.11830530, 0.46257815, 0.13878733, 0.17878711, 0.83177984, 3.7524018, 9.6749592, 9.7791109, 9.8600006, 19.860600, 19.859287, 19.859083, 19.859121, 0.25178725, 0.25831607, 0.28752008, 0.34674758, 0.34779009, 0.34859964, 0.34930301, 0.34929645, 0.34929541, 0.34929562, 0.13878733
0.11373217, 0.40735263, 0.12221801, 0.11212230, 0.68718791, 3.1626456, 9.6607485, 9.7706699, 9.8564510, 19.859940, 19.859200, 19.859066, 19.859121, 0.25112090, 0.25687069, 0.28162375, 0.34660581, 0.34770587, 0.34856424, 0.34929970, 0.34929600, 0.34929532, 0.34929562, 0.12221801
0.11091739, 0.37336111, 0.11201954, 0.82108378E-1, 0.58507919, 2.8206677, 9.4923868, 9.7730551, 9.8570290, 19.859671, 19.859180, 19.859066, 19.859121, 0.25082070, 0.25584918, 0.27820283, 0.34492126, 0.34772921, 0.34856984, 0.34929836, 0.34929591, 0.34929532, 0.34929562, 0.11201954
0.10838394, 0.34276685, 0.10284034, 0.49322844E-1, 0.48393607, 2.5799990, 9.1959267, 9.7672291, 9.8546953, 19.859394, 19.859133, 19.859066, 19.859121, 0.25049302, 0.25483823, 0.27579695, 0.34195709, 0.34767112, 0.34854656, 0.34929699, 0.34929568, 0.34929532, 0.34929562, 0.10284034
0.10617176, 0.31605253, 0.94825238E-1, 0.21168590E-1, 0.39966106, 2.3660989, 8.9064980, 9.7666025, 9.8541622, 19.859158, 19.859070, 19.859066, 19.859121, 0.25021157, 0.25399536, 0.27365729, 0.33906218, 0.34766451, 0.34854111, 0.34929579, 0.34929535, 0.34929532, 0.34929562, 0.94825238E-1
0.10448724, 0.29571003, 0.88721879E-1, 0.36984682E-2, 0.33745170, 2.1933050, 8.6448050, 9.7727242, 9.8562860, 19.858974, 19.859028, 19.859066, 19.859121, 0.25003695, 0.25337365, 0.27193025, 0.33644584, 0.34772599, 0.34856245, 0.34929487, 0.34929514, 0.34929532, 0.34929562, 0.88721879E-1
0.10292035, 0.27678812, 0.83044738E-1, 0.0000000, 0.27680993, 2.0057707, 8.3627033, 9.7671547, 9.8542767, 19.858828, 19.858986, 19.859066, 19.859121, 0.24999882, 0.25276685, 0.27005315, 0.33362323, 0.34766930, 0.34854200, 0.34929413, 0.34929493, 0.34929532, 0.34929562, 0.83044738E-1
0.10115037, 0.25541371, 0.76631777E-1, 0.0000000, 0.20530522, 1.7891169, 8.0324764, 9.7511883, 9.8478737, 19.858438, 19.858862, 19.859035, 19.859121, 0.24999882, 0.25205195, 0.26788634, 0.33032042, 0.34750926, 0.34847784, 0.34929219, 0.34929430, 0.34929517, 0.34929562, 0.76631777E-1
0.10060538, 0.24883240, 0.74657187E-1, 0.0000000, 0.18996596, 1.7210990, 7.8450289, 9.7889423, 9.8616171, 19.858566, 19.858862, 19.859035, 19.859121, 0.24999882, 0.25189900, 0.26720798, 0.32844755, 0.34788769, 0.34861562, 0.34929281, 0.34929430, 0.34929517, 0.34929562, 0.74657187E-1
0.99766016E-1, 0.23869610, 0.71615994E-1, 0.0000000, 0.16444325, 1.6118914, 7.6342783, 9.7892151, 9.8624830, 19.858566, 19.858845, 19.859030, 19.859121, 0.24999882, 0.25164333, 0.26611346, 0.32633764, 0.34788886, 0.34862372, 0.34929281, 0.34929422, 0.34929514, 0.34929562, 0.71615994E-1
0.99094994E-1, 0.23059285, 0.69184773E-1, 0.0000000, 0.13881326, 1.5345097, 7.4607368, 9.8012066, 9.8669720, 19.858360, 19.858805, 19.859018, 19.859121, 0.24999882, 0.25138703, 0.26533905, 0.32460150, 0.34800822, 0.34866843, 0.34929180, 0.34929401, 0.34929508, 0.34929562, 0.69184773E-1
0.98178424E-1, 0.21952420, 0.65863848E-1, 0.0000000, 0.10279715, 1.4271438, 7.2566977, 9.7928333, 9.8640652, 19.858072, 19.858709, 19.858999, 19.859116, 0.24999882, 0.25102684, 0.26426351, 0.32255894, 0.34792292, 0.34863883, 0.34929037, 0.34929353, 0.34929499, 0.34929559, 0.65863848E-1
0.97465247E-1, 0.21091183, 0.63279875E-1, 0.0000000, 0.87010860E-1, 1.3289630, 7.0463619, 9.7874889, 9.8622847, 19.858213, 19.858709, 19.858999, 19.859116, 0.24999882, 0.25086918, 0.26328263, 0.32045621, 0.34786972, 0.34862113, 0.34929106, 0.34929353, 0.34929499, 0.34929559, 0.63279875E-1
0.96455581E-1, 0.19871904, 0.59621677E-1, 0.0000000, 0.54198503E-1, 1.2029767, 6.7914004, 9.7704010, 9.8556528, 19.857929, 19.858658, 19.858971, 19.859110, 0.24999882, 0.25054172, 0.26202685, 0.31791073, 0.34770164, 0.34855571, 0.34928966, 0.34929329, 0.34929484, 0.34929556, 0.59621677E-1
0.95347553E-1, 0.18533842, 0.55607088E-1, 0.0000000, 0.18954277E-1, 1.0667533, 6.4982567, 9.7520018, 9.8480663, 19.857590, 19.858566, 19.858948, 19.859098, 0.24999882, 0.25018939, 0.26066297, 0.31497699, 0.34751585, 0.34847927, 0.34928796, 0.34929281, 0.34929472, 0.34929550, 0.55607088E-1
0.12689616, 0.56632203, 0.16991360, 2.3093343, 0.94920397E-2, 1.0367274, 6.3448310, 9.7978363, 9.8644705, 19.857670, 19.858566, 19.858948, 19.859098, 0.27308345, 0.25009489, 0.26036593, 0.31344667, 0.34797710, 0.34864429, 0.34928834, 0.34929281, 0.34929472, 0.34929550, 0.16991360
0.11912617, 0.47249097, 0.14176147, 1.7887920, 0.0000000, 0.95337033, 6.1480436, 9.7886133, 9.8615685, 19.857176, 19.858431, 19.858892, 19.859076, 0.26788107, 0.24999954, 0.25953260, 0.31147903, 0.34788501, 0.34861529, 0.34928587, 0.34929216, 0.34929445, 0.34929538, 0.14176147
0.11230022, 0.39006019, 0.11702976, 1.3327867, 0.0000000, 0.86972117, 5.9305658, 9.7778425, 9.8577375, 19.857033, 19.858421, 19.858856, 19.859064, 0.26331997, 0.24999954, 0.25869566, 0.30930355, 0.34777671, 0.34857678, 0.34928516, 0.34929210, 0.34929428, 0.34929532, 0.11702976
0.11003067, 0.36265296, 0.10880677, 1.1847347, 0.0000000, 0.83970129, 5.7839460, 9.8036098, 9.8672400, 19.857454, 19.858561, 19.858856, 19.859064, 0.26184434, 0.24999954, 0.25839639, 0.30783859, 0.34803537, 0.34867215, 0.34928727, 0.34929281, 0.34929428, 0.34929532, 0.10880677
0.10517078, 0.30396453, 0.91198482E-1, 0.86832941, 0.0000000, 0.76604486, 5.5696549, 9.7805882, 9.8594618, 19.857742, 19.858566, 19.858850, 19.859064, 0.25868002, 0.24999954, 0.25765958, 0.30569530, 0.34780478, 0.34859425, 0.34928870, 0.34929281, 0.34929425, 0.34929532, 0.91198482E-1
0.10045584, 0.24702641, 0.74115336E-1, 0.57029724, 0.0000000, 0.67746043, 5.2968445, 9.7529745, 9.8488712, 19.857916, 19.858566, 19.858845, 19.859064, 0.25570196, 0.24999954, 0.25677425, 0.30296788, 0.34752920, 0.34848854, 0.34928960, 0.34929281, 0.34929422, 0.34929532, 0.74115336E-1
0.97480640E-1, 0.21109776, 0.63335665E-1, 0.38841963, 0.0000000, 0.61147213, 5.0612278, 9.7602053, 9.8506413, 19.857552, 19.858473, 19.858828, 19.859058, 0.25388309, 0.24999954, 0.25611418, 0.30061141, 0.34760123, 0.34850615, 0.34928775, 0.34929237, 0.34929413, 0.34929529, 0.63335665E-1
0.96373871E-1, 0.19773227, 0.59325613E-1, 0.32657981, 0.0000000, 0.58274269, 4.8936744, 9.7889843, 9.8613768, 19.857723, 19.858566, 19.858828, 19.859058, 0.25325942, 0.24999954, 0.25582400, 0.29893100, 0.34788409, 0.34861183, 0.34928861, 0.34929281, 0.34929413, 0.34929529, 0.59325613E-1
0.97785190E-1, 0.21477547, 0.64439088E-1, 0.44526160, 0.0000000, 0.55464208, 4.7480707, 9.8007898, 9.8663788, 19.857883, 19.858566, 19.858828, 19.859058, 0.25444883, 0.24999954, 0.25554499, 0.29747829, 0.34800538, 0.34866294, 0.34928942, 0.34929281, 0.34929413, 0.34929529, 0.64439088E-1
0.94388567E-1, 0.17375760, 0.52132495E-1, 0.24248660, 0.0000000, 0.47082603, 4.4719238, 9.7437811, 9.8454866, 19.857704, 19.858471, 19.858805, 19.859051, 0.25242355, 0.24999954, 0.25470749, 0.29471779, 0.34743622, 0.34845433, 0.34928852, 0.34929234, 0.34929401, 0.34929526, 0.52132495E-1
0.92759363E-1, 0.15408322, 0.46229590E-1, 0.14377832, 0.0000000, 0.43559074, 4.3010254, 9.7854300, 9.8594580, 19.857086, 19.858301, 19.858805, 19.859039, 0.25143722, 0.24999954, 0.25435537, 0.29300922, 0.34785312, 0.34859419, 0.34928542, 0.34929150, 0.34929401, 0.34929520, 0.46229590E-1
0.91165289E-1, 0.13483301, 0.40453948E-1, 0.45222044E-1, 0.0000000, 0.40234923, 4.1723361, 9.8105087, 9.8685894, 19.856441, 19.858177, 19.858805, 19.859039, 0.25045142, 0.24999954, 0.25402135, 0.29171890, 0.34809980, 0.34868413, 0.34928221, 0.34929088, 0.34929401, 0.34929520, 0.40453948E-1
0.90337336E-1, 0.12483458, 0.37454121E-1, 0.0000000, 0.0000000, 0.37443340, 4.0576682, 9.8210163, 9.8728008, 19.856260, 19.858166, 19.858805, 19.859034, 0.24999866, 0.24999954, 0.25374305, 0.29057392, 0.34820679, 0.34872687, 0.34928131, 0.34929082, 0.34929401, 0.34929517, 0.37454121E-1
0.90490311E-1, 0.12668197, 0.38008392E-1, 0.24580956E-1, 0.0000000, 0.34816861, 3.9578245, 9.8304348, 9.8762960, 19.856052, 19.858143, 19.858805, 19.859028, 0.25024578, 0.24999954, 0.25348157, 0.28957799, 0.34830400, 0.34876284, 0.34928027, 0.34929073, 0.34929401, 0.34929514, 0.38008392E-1
0.89755163E-1, 0.11780424, 0.35344806E-1, 0.0000000, 0.0000000, 0.28652847, 3.8044543, 9.8024855, 9.8658838, 19.854910, 19.857849, 19.858709, 19.858997, 0.24999966, 0.24999954, 0.25286418, 0.28804162, 0.34802109, 0.34865758, 0.34927455, 0.34928924, 0.34929353, 0.34929499, 0.35344806E-1
0.89439347E-1, 0.11399042, 0.34200545E-1, 0.0000000, 0.0000000, 0.23956299, 3.6581411, 9.8022099, 9.8652287, 19.854315, 19.857695, 19.858683, 19.858974, 0.24999966, 0.24999954, 0.25239459, 0.28657818, 0.34801778, 0.34865084, 0.34927157, 0.34928846, 0.34929341, 0.34929487, 0.34200545E-1
0.88976875E-1, 0.10840549, 0.32524899E-1, 0.0000000, 0.0000000, 0.17000139, 3.4630716, 9.7759542, 9.8548489, 19.853077, 19.857382, 19.858614, 19.858934, 0.24999966, 0.24999954, 0.25169846, 0.28462443, 0.34775066, 0.34854549, 0.34926540, 0.34928691, 0.34929305, 0.34929466, 0.32524899E-1
0.88485599E-1, 0.10247281, 0.30744920E-1, 0.0000000, 0.0000000, 0.10074675, 3.2299521, 9.7521210, 9.8449240, 19.852016, 19.857140, 19.858526, 19.858887, 0.24999966, 0.24999954, 0.25100613, 0.28229088, 0.34750816, 0.34844485, 0.34926009, 0.34928569, 0.34929264, 0.34929442, 0.30744920E-1
0.87938257E-1, 0.95863089E-1, 0.28761802E-1, 0.0000000, 0.0000000, 0.25713444E-1, 2.9881299, 9.6662579, 9.8309727, 19.850767, 19.856800, 19.858438, 19.858828, 0.24999966, 0.24999954, 0.25025693, 0.27987629, 0.34665450, 0.34830698, 0.34925383, 0.34928399, 0.34929219, 0.34929413, 0.28761802E-1
0.87612286E-1, 0.91926627E-1, 0.27580747E-1, 0.0000000, 0.0000000, 0.0000000, 2.8548508, 9.4090004, 9.8165951, 19.849884, 19.856585, 19.858366, 19.858805, 0.24999966, 0.24999954, 0.24999829, 0.27853876, 0.34407398, 0.34816039, 0.34924942, 0.34928292, 0.34929183, 0.34929401, 0.27580747E-1
0.87381624E-1, 0.89141145E-1, 0.26745018E-1, 0.0000000, 0.0000000, 0.0000000, 2.7188301, 9.1253881, 9.8066473, 19.849760, 19.856539, 19.858330, 19.858805, 0.24999966, 0.24999954, 0.24999829, 0.27718335, 0.34124556, 0.34806350, 0.34924880, 0.34928268, 0.34929165, 0.34929401, 0.26745018E-1
0.87150611E-1, 0.86351395E-1, 0.25908010E-1, 0.0000000, 0.0000000, 0.0000000, 2.5859685, 8.8346272, 9.8015404, 19.849823, 19.856552, 19.858324, 19.858805, 0.24999966, 0.24999954, 0.24999829, 0.27585524, 0.33833870, 0.34801260, 0.34924912, 0.34928277, 0.34929162, 0.34929401, 0.25908010E-1
0.86905107E-1, 0.83386675E-1, 0.25018504E-1, 0.0000000, 0.0000000, 0.0000000, 2.4477811, 8.5208254, 9.7947931, 19.850147, 19.856609, 19.858324, 19.858805, 0.24999966, 0.24999954, 0.24999829, 0.27447197, 0.33519807, 0.34794402, 0.34925073, 0.34928304, 0.34929162, 0.34929401, 0.25018504E-1
0.86705729E-1, 0.80978967E-1, 0.24296120E-1, 0.0000000, 0.0000000, 0.0000000, 2.3409426, 8.2504854, 9.8010941, 19.851049, 19.856844, 19.858383, 19.858805, 0.24999966, 0.24999954, 0.24999829, 0.27340445, 0.33249608, 0.34800747, 0.34925526, 0.34928423, 0.34929192, 0.34929401, 0.24296120E-1
0.86574219E-1, 0.79390816E-1, 0.23819627E-1, 0.0000000, 0.0000000, 0.0000000, 2.2745430, 8.0588207, 9.8194237, 19.852011, 19.857103, 19.858423, 19.858805, 0.24999966, 0.24999954, 0.24999829, 0.27274218, 0.33058250, 0.34819192, 0.34926006, 0.34928551, 0.34929210, 0.34929401, 0.23819627E-1
0.87740049E-1, 0.93469530E-1, 0.28043665E-1, 0.97429752E-1, 0.0000000, 0.0000000, 2.1774113, 7.8231592, 9.8128128, 19.852222, 19.857126, 19.858408, 19.858805, 0.25097409, 0.24999954, 0.24999829, 0.27177384, 0.32823113, 0.34812793, 0.34926111, 0.34928563, 0.34929204, 0.34929401, 0.28043665E-1
0.86166218E-1, 0.74463800E-1, 0.22341374E-1, 0.0000000, 0.0000000, 0.0000000, 2.0526648, 7.5249915, 9.7955589, 19.852222, 19.857101, 19.858389, 19.858805, 0.24995720, 0.24999954, 0.24999829, 0.27052358, 0.32524428, 0.34795314, 0.34926111, 0.34928551, 0.34929195, 0.34929401, 0.22341374E-1
0.86029232E-1, 0.72809555E-1, 0.21845052E-1, 0.0000000, 0.0000000, 0.0000000, 1.9862980, 7.3205934, 9.8119955, 19.853117, 19.857346, 19.858423, 19.858805, 0.24995720, 0.24999954, 0.24999829, 0.26986179, 0.32320377, 0.34811896, 0.34926558, 0.34928674, 0.34929210, 0.34929401, 0.21845052E-1
0.85875824E-1, 0.70957005E-1, 0.21289231E-1, 0.0000000, 0.0000000, 0.0000000, 1.9023538, 7.1167412, 9.8155251, 19.852167, 19.857092, 19.858335, 19.858805, 0.24995720, 0.24999954, 0.24999829, 0.26902241, 0.32116529, 0.34815428, 0.34926084, 0.34928545, 0.34929168, 0.34929401, 0.21289231E-1
0.85724175E-1, 0.69125623E-1, 0.20739762E-1, 0.0000000, 0.0000000, 0.0000000, 1.8217742, 6.9134398, 9.8160849, 19.851768, 19.856979, 19.858330, 19.858805, 0.24995720, 0.24999954, 0.24999829, 0.26821175, 0.31912306, 0.34815550, 0.34925884, 0.34928489, 0.34929165, 0.34929401, 0.20739762E-1
0.85490614E-1, 0.66305153E-1, 0.19893536E-1, 0.0000000, 0.0000000, 0.0000000, 1.6967475, 6.6065841, 9.7888966, 19.851461, 19.856892, 19.858324, 19.858805, 0.24995720, 0.24999954, 0.24999829, 0.26696587, 0.31606269, 0.34788743, 0.34925729, 0.34928447, 0.34929162, 0.34929401, 0.19893536E-1
0.85289389E-1, 0.63875176E-1, 0.19164469E-1, 0.0000000, 0.0000000, 0.0000000, 1.5955031, 6.3233862, 9.7868347, 19.851614, 19.856939, 19.858355, 19.858805, 0.24995720, 0.24999954, 0.24999829, 0.26595420, 0.31323221, 0.34786752, 0.34925807, 0.34928471, 0.34929177, 0.34929401, 0.19164469E-1
0.85103981E-1, 0.61636113E-1, 0.18492684E-1, 0.0000000, 0.0000000, 0.0000000, 1.5059263, 6.0547528, 9.7887945, 19.852079, 19.857033, 19.858408, 19.858805, 0.24995720, 0.24999954, 0.24999829, 0.26505679, 0.31054255, 0.34788525, 0.34926039, 0.34928516, 0.34929204, 0.34929401, 0.18492684E-1
0.84978186E-1, 0.60116980E-1, 0.18036898E-1, 0.0000000, 0.0000000, 0.0000000, 1.4486879, 5.8586402, 9.8077440, 19.852640, 19.857176, 19.858423, 19.858805, 0.24995720, 0.24999954, 0.24999829, 0.26448536, 0.30858335, 0.34807572, 0.34926319, 0.34928587, 0.34929210, 0.34929401, 0.18036898E-1
0.13659215, 0.68341166, 0.20504400, 2.6473312, 1.8420905, 0.0000000, 1.3686299, 5.6284275, 9.8019085, 19.852480, 19.857138, 19.858377, 19.858805, 0.27646777, 0.26841858, 0.24999829, 0.26368612, 0.30628392, 0.34801888, 0.34926242, 0.34928569, 0.34929189, 0.34929401, 0.20504400
0.12471619, 0.53999656, 0.16201517, 1.9781321, 1.5326500, 0.0000000, 1.3226926, 5.5005460, 9.8299017, 19.851349, 19.856844, 19.858307, 19.858805, 0.26978058, 0.26532614, 0.24999829, 0.26322690, 0.30500540, 0.34829900, 0.34925675, 0.34928423, 0.34929153, 0.34929401, 0.16201517
0.11416968, 0.41263601, 0.12380318, 1.3959885, 1.2416273, 0.0000000, 1.2763947, 5.3852258, 9.8402643, 19.850582, 19.856644, 19.858267, 19.858805, 0.26394901, 0.26241046, 0.24999829, 0.26276335, 0.30385101, 0.34840187, 0.34925291, 0.34928322, 0.34929132, 0.34929401, 0.12380318
0.10615413, 0.31583953, 0.94761334E-1, 0.96236765, 1.0041982, 0.0000000, 1.2375176, 5.2778540, 9.8454666, 19.850658, 19.856661, 19.858273, 19.858805, 0.25961861, 0.26003882, 0.24999829, 0.26237479, 0.30277771, 0.34845415, 0.34925330, 0.34928331, 0.34929135, 0.34929401, 0.94761334E-1
0.98731838E-1, 0.22620730, 0.67868978E-1, 0.57344139, 0.76557398, 0.0000000, 1.1941850, 5.1628480, 9.8436499, 19.850658, 19.856678, 19.858278, 19.858805, 0.25573188, 0.25765371, 0.24999829, 0.26194152, 0.30162778, 0.34843606, 0.34925330, 0.34928340, 0.34929138, 0.34929401, 0.67868978E-1
0.89672096E-1, 0.11680113, 0.35043843E-1, 0.12691617, 0.43168962, 0.0000000, 1.1200845, 4.9914207, 9.8217907, 19.849562, 19.856421, 19.858200, 19.858805, 0.25126821, 0.25431496, 0.24999829, 0.26120034, 0.29991308, 0.34821716, 0.34924781, 0.34928209, 0.34929100, 0.34929401, 0.35043843E-1
0.85369878E-1, 0.64847142E-1, 0.19456089E-1, 0.0000000, 0.14637113, 0.0000000, 1.0250181, 4.7382250, 9.7879152, 19.848921, 19.856249, 19.858177, 19.858805, 0.24997258, 0.25146046, 0.24999829, 0.26024792, 0.29737699, 0.34787554, 0.34924459, 0.34928125, 0.34929088, 0.34929401, 0.19456089E-1
0.83940215E-1, 0.47582403E-1, 0.14276149E-1, 0.0000000, 0.0000000, 0.0000000, 0.92180073, 4.4214044, 9.7602186, 19.848698, 19.856184, 19.858171, 19.858805, 0.24997258, 0.24997628, 0.24999829, 0.25921604, 0.29420933, 0.34759873, 0.34924349, 0.34928092, 0.34929085, 0.34929401, 0.14276149E-1
0.83785787E-1, 0.45717534E-1, 0.13716633E-1, 0.0000000, 0.0000000, 0.0000000, 0.85778534, 4.1703506, 9.7765484, 19.849514, 19.856421, 19.858208, 19.858805, 0.24997258, 0.24997628, 0.24999829, 0.25857717, 0.29170182, 0.34776416, 0.34924757, 0.34928209, 0.34929103, 0.34929401, 0.13716633E-1
0.10965972, 0.35817325, 0.10746273, 1.8814385, 0.0000000, 0.0000000, 0.82089305, 4.0182047, 9.8115005, 19.850010, 19.856514, 19.858231, 19.858805, 0.26881340, 0.24997628, 0.24999829, 0.25820890, 0.29018199, 0.34811494, 0.34925005, 0.34928256, 0.34929115, 0.34929401, 0.10746273
0.99097535E-1, 0.23062356, 0.69193989E-1, 1.1235029, 0.0000000, 0.0000000, 0.77154636, 3.8718498, 9.8189726, 19.849581, 19.856396, 19.858194, 19.858805, 0.26123244, 0.24997628, 0.24999829, 0.25771534, 0.28871822, 0.34818947, 0.34924790, 0.34928197, 0.34929097, 0.34929401, 0.69193989E-1
0.95283456E-1, 0.18456434, 0.55374838E-1, 0.85103810, 0.0000000, 0.0000000, 0.74842274, 3.7780006, 9.8411417, 19.850342, 19.856571, 19.858250, 19.858805, 0.25850841, 0.24997628, 0.24999829, 0.25748414, 0.28777975, 0.34841117, 0.34925172, 0.34928286, 0.34929127, 0.34929401, 0.55374838E-1
0.87675326E-1, 0.92687912E-1, 0.27809154E-1, 0.30756891, 0.0000000, 0.0000000, 0.68684220, 3.6509602, 9.8325577, 19.848402, 19.856070, 19.858143, 19.858805, 0.25307128, 0.24997628, 0.24999829, 0.25686783, 0.28650802, 0.34832418, 0.34924200, 0.34928036, 0.34929073, 0.34929401, 0.27809154E-1
0.85872389E-1, 0.70915520E-1, 0.21276783E-1, 0.18027425, 0.0000000, 0.0000000, 0.66914856, 3.5728095, 9.8512049, 19.849691, 19.856421, 19.858213, 19.858805, 0.25179711, 0.24997628, 0.24999829, 0.25669023, 0.28572476, 0.34850898, 0.34924847, 0.34928209, 0.34929106, 0.34929401, 0.21276783E-1
0.14901476, 0.83342808, 0.25005344, 2.2303171, 2.9609408, 2.5065207, 0.64106882, 3.5060816, 9.8623304, 19.849550, 19.856390, 19.858200, 19.858805, 0.27230293, 0.27960920, 0.27506512, 0.25641069, 0.28506082, 0.34862331, 0.34924775, 0.34928197, 0.34929100, 0.34929401, 0.25005344
0.13980976, 0.72226775, 0.21670200, 1.7749161, 2.6876421, 2.3751588, 0.59451163, 3.4315140, 9.8629627, 19.848011, 19.855965, 19.858131, 19.858805, 0.26772669, 0.27686319, 0.27374512, 0.25594264, 0.28431365, 0.34862876, 0.34923995, 0.34927979, 0.34929067, 0.34929401, 0.21670200
0.12833923, 0.58374882, 0.17514215, 1.2207389, 2.3229928, 2.1981268, 0.53911507, 3.3467412, 9.8577662, 19.846209, 19.855484, 19.858030, 19.858805, 0.26219118, 0.27321896, 0.27197585, 0.25538945, 0.28346625, 0.34857690, 0.34923095, 0.34927741, 0.34929016, 0.34929401, 0.17514215
0.12167780, 0.50330478, 0.15100653, 0.90623796, 2.1016865, 2.0880194, 0.50605834, 3.2757628, 9.8614273, 19.846569, 19.855595, 19.858107, 19.858805, 0.25905859, 0.27101159, 0.27087757, 0.25506046, 0.28275722, 0.34861386, 0.34923285, 0.34927797, 0.34929055, 0.34929401, 0.15100653
0.13244763, 0.63336223, 0.19002767, 1.7616779, 2.0049512, 2.0389676, 0.48935413, 3.2214491, 9.8698683, 19.848103, 19.856049, 19.858194, 19.858805, 0.26761356, 0.27004731, 0.27038854, 0.25489348, 0.28221431, 0.34869850, 0.34924051, 0.34928024, 0.34929097, 0.34929401, 0.19002767
0.15709643, 0.93102324, 0.27933490, 2.2196212, 3.0369804, 4.1461058, 1.7877281, 3.1697502, 9.8740263, 19.848991, 19.856291, 19.858219, 19.858805, 0.27219597, 0.28036961, 0.29146090, 0.26787728, 0.28169751, 0.34874028, 0.34924495, 0.34928146, 0.34929109, 0.34929401, 0.27933490
0.13885878, 0.71078366, 0.21325643, 1.8759072, 1.9268960, 2.8523417, 2.3407340, 4.6198764, 9.8718271, 19.849152, 19.856319, 19.858200, 19.858805, 0.26875657, 0.26926744, 0.27852228, 0.27340716, 0.29619858, 0.34871817, 0.34924576, 0.34928161, 0.34929100, 0.34929401, 0.21325643
0.13413724, 0.65376610, 0.19614945, 1.6430140, 1.7933160, 2.7657211, 2.3161948, 4.5637178, 9.8732328, 19.850136, 19.856537, 19.858261, 19.858805, 0.26642790, 0.26793170, 0.27765608, 0.27316177, 0.29563701, 0.34873220, 0.34925067, 0.34928268, 0.34929129, 0.34929401, 0.19614945
0.12466963, 0.53943431, 0.16184649, 1.1924326, 1.5106827, 2.5638461, 2.2666426, 4.4833255, 9.8632507, 19.850262, 19.856562, 19.858267, 19.858805, 0.26192313, 0.26510593, 0.27563769, 0.27266628, 0.29483312, 0.34863243, 0.34925130, 0.34928280, 0.34929132, 0.34929401, 0.16184649
0.11707127, 0.44767579, 0.13431618, 0.84512830, 1.2721270, 2.3808599, 2.2210388, 4.4009504, 9.8587551, 19.850613, 19.856649, 19.858284, 19.858805, 0.25845009, 0.26272017, 0.27380759, 0.27221021, 0.29400933, 0.34858739, 0.34925306, 0.34928325, 0.34929141, 0.34929401, 0.13431618
0.10767569, 0.33421394, 0.10027421, 0.43148398, 0.96408129, 2.1303058, 2.1536021, 4.2963023, 9.8487997, 19.849934, 19.856466, 19.858236, 19.858805, 0.25431424, 0.25964004, 0.27130219, 0.27153584, 0.29296285, 0.34848788, 0.34924966, 0.34928232, 0.34929118, 0.34929401, 0.10027421
0.10256621, 0.27251154, 0.81761636E-1, 0.21871030, 0.78792274, 1.9753724, 2.1097808, 4.2080855, 9.8524103, 19.850309, 19.856562, 19.858267, 19.858805, 0.25218648, 0.25787789, 0.26975206, 0.27109745, 0.29208049, 0.34852383, 0.34925154, 0.34928280, 0.34929132, 0.34929401, 0.81761636E-1
0.99620149E-1, 0.23693459, 0.71087487E-1, 0.10944307, 0.67661703, 1.8638521, 2.0791888, 4.1321125, 9.8583574, 19.851337, 19.856861, 19.858335, 19.858805, 0.25109419, 0.25676528, 0.26863727, 0.27079162, 0.29132086, 0.34858337, 0.34925669, 0.34928429, 0.34929168, 0.34929401, 0.71087487E-1
0.10057916, 0.24851565, 0.74562155E-1, 0.25896132, 0.58494210, 1.7918199, 2.0535321, 4.0692167, 9.8660469, 19.851637, 19.856939, 19.858383, 19.858805, 0.25258890, 0.25584844, 0.26791671, 0.27053499, 0.29069182, 0.34866020, 0.34925818, 0.34928471, 0.34929192, 0.34929401, 0.74562155E-1
0.96709803E-1, 0.20178899, 0.60542751E-1, 0.85562468E-1, 0.46700835, 1.6853213, 2.0177066, 3.9999642, 9.8651552, 19.851595, 19.856939, 19.858383, 19.858805, 0.25085518, 0.25466859, 0.26685050, 0.27017641, 0.28999898, 0.34865102, 0.34925798, 0.34928471, 0.34929192, 0.34929401, 0.60542751E-1
0.11023612, 0.36513394, 0.10955114, 1.1004448, 0.42462349, 1.6605109, 2.0062299, 3.9533913, 9.8755007, 19.852364, 19.857122, 19.858423, 19.858805, 0.26100382, 0.25424609, 0.26660484, 0.27006224, 0.28953385, 0.34875494, 0.34926182, 0.34928560, 0.34929210, 0.34929401, 0.10955114
0.15778008, 0.93927884, 0.28181183, 2.8125465, 2.8754683, 2.3579657, 2.2833586, 5.1837888, 9.8799973, 19.852573, 19.857161, 19.858419, 19.858805, 0.27812341, 0.27875343, 0.27357915, 0.27283350, 0.30183777, 0.34879991, 0.34926286, 0.34928581, 0.34929210, 0.34929401, 0.28181183
0.14434721, 0.77706242, 0.23314205, 2.1235080, 1.9409686, 2.8507380, 2.8902888, 8.2525053, 9.8776464, 19.851671, 19.856939, 19.858335, 19.858805, 0.27123344, 0.26940879, 0.27850673, 0.27890274, 0.33252487, 0.34877637, 0.34925836, 0.34928471, 0.34929168, 0.34929401, 0.23314205
0.12720461, 0.57004696, 0.17103119, 1.2615025, 1.4713109, 2.5580764, 2.7857275, 8.1266594, 9.8566360, 19.847198, 19.855772, 19.858047, 19.858757, 0.26261133, 0.26471052, 0.27557850, 0.27785680, 0.33126587, 0.34856606, 0.34923598, 0.34927887, 0.34929025, 0.34929377, 0.17103119
0.10912745, 0.35174567, 0.10553426, 0.39397180, 0.94056129, 2.1889062, 2.6548147, 7.9565063, 9.8359623, 19.842890, 19.854628, 19.857790, 19.858698, 0.25393707, 0.25940180, 0.27188462, 0.27654707, 0.32956344, 0.34835896, 0.34921443, 0.34927315, 0.34928894, 0.34929350, 0.10553426
0.97948104E-1, 0.21674287, 0.65029368E-1, 0.0000000, 0.47235489, 1.7871946, 2.5137842, 7.7441888, 9.8184757, 19.840414, 19.853968, 19.857622, 19.858683, 0.24997005, 0.25472093, 0.26786700, 0.27513644, 0.32743973, 0.34818387, 0.34920207, 0.34926984, 0.34928811, 0.34929341, 0.65029368E-1
0.93505405E-1, 0.16309245, 0.48932631E-1, 0.0000000, 0.14606416, 1.4177740, 2.3771553, 7.5076799, 9.8077536, 19.839811, 19.853779, 19.857609, 19.858698, 0.24997005, 0.25145951, 0.26417220, 0.27376971, 0.32507387, 0.34807625, 0.34919906, 0.34926888, 0.34928805, 0.34929350, 0.48932631E-1
0.90564810E-1, 0.12758160, 0.38278308E-1, 0.0000000, 0.0000000, 1.0565192, 2.2271485, 7.2354317, 9.7954979, 19.839354, 19.853638, 19.857607, 19.858688, 0.24997005, 0.24999754, 0.26056415, 0.27227104, 0.32235360, 0.34795466, 0.34919676, 0.34926820, 0.34928805, 0.34929344, 0.38278308E-1
0.89145869E-1, 0.11044633, 0.33137213E-1, 0.0000000, 0.0000000, 0.76907575, 2.0879416, 6.9620018, 9.7912178, 19.839542, 19.853687, 19.857635, 19.858704, 0.24997005, 0.24999754, 0.25769001, 0.27087900, 0.31961933, 0.34791186, 0.34919772, 0.34926844, 0.34928817, 0.34929353, 0.33137213E-1
0.87606668E-1, 0.91858827E-1, 0.27560405E-1, 0.0000000, 0.0000000, 0.46600103, 1.9113570, 6.6362262, 9.7759581, 19.837748, 19.853214, 19.857529, 19.858669, 0.24997005, 0.24999754, 0.25465700, 0.26911110, 0.31635800, 0.34775749, 0.34918875, 0.34926608, 0.34928763, 0.34929335, 0.27560405E-1
0.87196864E-1, 0.86910002E-1, 0.26075609E-1, 0.0000000, 0.0000000, 0.39219558, 1.8605500, 6.4711809, 9.8132000, 19.841181, 19.854128, 19.857771, 19.858709, 0.24997005, 0.24999754, 0.25392082, 0.26860443, 0.31470993, 0.34813106, 0.34920591, 0.34927064, 0.34928885, 0.34929353, 0.26075609E-1
0.86191505E-1, 0.74769214E-1, 0.22433007E-1, 0.0000000, 0.0000000, 0.20798445, 1.7155379, 6.1835909, 9.7874184, 19.840761, 19.854044, 19.857714, 19.858698, 0.24997005, 0.24999754, 0.25207886, 0.26715377, 0.31183299, 0.34787264, 0.34920380, 0.34927022, 0.34928858, 0.34929350, 0.22433007E-1
0.85667998E-1, 0.68447269E-1, 0.20536235E-1, 0.0000000, 0.0000000, 0.12077987, 1.6283393, 5.9612541, 9.7978945, 19.842493, 19.854509, 19.857819, 19.858709, 0.24997005, 0.24999754, 0.25120738, 0.26628229, 0.30961055, 0.34797785, 0.34921247, 0.34927255, 0.34928909, 0.34929353, 0.20536235E-1
0.84890530E-1, 0.59058435E-1, 0.17719302E-1, 0.0000000, 0.0000000, 0.0000000, 1.4691025, 5.6196122, 9.7666893, 19.841627, 19.854273, 19.857756, 19.858698, 0.24997005, 0.24999754, 0.24999544, 0.26468983, 0.30619383, 0.34766555, 0.34920815, 0.34927136, 0.34928876, 0.34929350, 0.17719302E-1
0.84593840E-1, 0.55475634E-1, 0.16644355E-1, 0.0000000, 0.0000000, 0.0000000, 1.3056010, 5.2359023, 9.7490282, 19.840767, 19.854044, 19.857685, 19.858692, 0.24997005, 0.24999754, 0.24999544, 0.26305479, 0.30235654, 0.34748873, 0.34920382, 0.34927022, 0.34928843, 0.34929347, 0.16644355E-1
0.84356777E-1, 0.52612811E-1, 0.15785422E-1, 0.0000000, 0.0000000, 0.0000000, 1.1841327, 4.9024086, 9.7598782, 19.841421, 19.854216, 19.857731, 19.858709, 0.24997005, 0.24999754, 0.24999544, 0.26184055, 0.29902247, 0.34759772, 0.34920710, 0.34927109, 0.34928864, 0.34929353, 0.15785422E-1
0.84247097E-1, 0.51288303E-1, 0.15388030E-1, 0.0000000, 0.0000000, 0.0000000, 1.1306554, 4.7302570, 9.8044977, 19.842798, 19.854570, 19.857832, 19.858709, 0.24997005, 0.24999754, 0.24999544, 0.26130426, 0.29729778, 0.34804168, 0.34921399, 0.34927285, 0.34928915, 0.34929353, 0.15388030E-1
0.84119804E-1, 0.49751144E-1, 0.14926836E-1, 0.0000000, 0.0000000, 0.0000000, 1.0598123, 4.5613184, 9.8127346, 19.842922, 19.854628, 19.857838, 19.858709, 0.24997005, 0.24999754, 0.24999544, 0.26059678, 0.29561025, 0.34812525, 0.34921461, 0.34927315, 0.34928918, 0.34929353, 0.14926836E-1
0.86734228E-1, 0.81323162E-1, 0.24399389E-1, 0.19686520, 0.0000000, 0.0000000, 1.0041982, 4.4235630, 9.8241510, 19.843536, 19.854816, 19.857880, 19.858709, 0.25196791, 0.24999754, 0.24999544, 0.26004174, 0.29423514, 0.34824115, 0.34921768, 0.34927410, 0.34928939, 0.34929353, 0.24399389E-1
0.85845470E-1, 0.70590392E-1, 0.21179236E-1, 0.13785660, 0.0000000, 0.0000000, 0.96581876, 4.3209195, 9.8394709, 19.844704, 19.855127, 19.857979, 19.858709, 0.25137627, 0.24999754, 0.24999544, 0.25965723, 0.29320705, 0.34839305, 0.34922352, 0.34927565, 0.34928989, 0.34929353, 0.21179236E-1
0.83839402E-1, 0.46364974E-1, 0.13910883E-1, 0.0000000, 0.0000000, 0.0000000, 0.90435445, 4.1885824, 9.8311529, 19.844543, 19.855095, 19.857979, 19.858709, 0.24998225, 0.24999754, 0.24999544, 0.25904268, 0.29188386, 0.34830999, 0.34922272, 0.34927547, 0.34928989, 0.34929353, 0.13910883E-1
0.86503938E-1, 0.78542091E-1, 0.23564985E-1, 0.19733012, 0.0000000, 0.0000000, 0.87956488, 4.1002183, 9.8467960, 19.846439, 19.855610, 19.858154, 19.858709, 0.25197062, 0.24999754, 0.24999544, 0.25879493, 0.29100052, 0.34846660, 0.34923220, 0.34927803, 0.34929079, 0.34929353, 0.23564985E-1
0.90658098E-1, 0.12870817, 0.38616311E-1, 0.50056279, 0.0000000, 0.0000000, 0.86592734, 4.0400419, 9.8630762, 19.848320, 19.856119, 19.858231, 19.858709, 0.25500539, 0.24999754, 0.24999544, 0.25865924, 0.29040036, 0.34863070, 0.34924161, 0.34928060, 0.34929115, 0.34929353, 0.38616311E-1
0.87999903E-1, 0.96607506E-1, 0.28985150E-1, 0.31288266, 0.0000000, 0.0000000, 0.82731843, 3.9612682, 9.8602610, 19.848122, 19.856060, 19.858194, 19.858709, 0.25312629, 0.24999754, 0.24999544, 0.25827277, 0.28961173, 0.34860179, 0.34924060, 0.34928030, 0.34929097, 0.34929353, 0.28985150E-1
0.96776865E-1, 0.20259890, 0.60785748E-1, 0.95377862, 0.0000000, 0.0000000, 0.78788996, 3.8851175, 9.8607721, 19.847708, 19.855934, 19.858143, 19.858709, 0.25953284, 0.24999754, 0.24999544, 0.25787866, 0.28885058, 0.34860721, 0.34923854, 0.34927967, 0.34929073, 0.34929353, 0.60785748E-1
0.93907222E-1, 0.16794480, 0.50388481E-1, 0.74997246, 0.0000000, 0.0000000, 0.75510144, 3.8100398, 9.8607893, 19.848024, 19.855997, 19.858171, 19.858709, 0.25749558, 0.24999754, 0.24999544, 0.25755078, 0.28809977, 0.34860736, 0.34924012, 0.34928000, 0.34929085, 0.34929353, 0.50388481E-1
0.13629627, 0.67983872, 0.20397201, 2.2159009, 2.1710732, 1.0152929, 0.74610412, 3.7615387, 9.8723660, 19.849840, 19.856466, 19.858267, 19.858709, 0.27215880, 0.27171060, 0.26015291, 0.25746104, 0.28761539, 0.34872365, 0.34924918, 0.34928232, 0.34929132, 0.34929353, 0.20397201
0.13402069, 0.65235847, 0.19572711, 2.1282613, 1.6887784, 1.7447352, 0.68491101, 3.6663232, 9.8557816, 19.847534, 19.855871, 19.858095, 19.858698, 0.27128226, 0.26688761, 0.26744726, 0.25684911, 0.28666320, 0.34855780, 0.34923768, 0.34927934, 0.34929049, 0.34929350, 0.19572711
0.12734444, 0.57173562, 0.17153785, 1.7802328, 1.5145928, 1.6543031, 0.65772533, 3.5966034, 9.8615875, 19.848166, 19.856031, 19.858183, 19.858709, 0.26779875, 0.26514408, 0.26654202, 0.25657716, 0.28596583, 0.34861568, 0.34924084, 0.34928015, 0.34929091, 0.34929353, 0.17153785
0.12655006, 0.56214255, 0.16865964, 1.8837154, 1.3087183, 1.5445024, 0.62288344, 3.5236213, 9.8620319, 19.848061, 19.855997, 19.858171, 19.858709, 0.26883107, 0.26308465, 0.26544353, 0.25622872, 0.28523588, 0.34862000, 0.34924030, 0.34928000, 0.34929085, 0.34929353, 0.16865964
0.12231252, 0.51096958, 0.15330620, 1.9114047, 0.88357329, 1.3047040, 0.54631233, 3.4099143, 9.8446655, 19.844933, 19.855175, 19.857941, 19.858688, 0.26911113, 0.25883493, 0.26304644, 0.25546306, 0.28409898, 0.34844652, 0.34922466, 0.34927589, 0.34928972, 0.34929344, 0.15330620
0.15131930, 0.86125791, 0.25840321, 2.8494267, 2.1969557, 2.3051202, 1.8389344, 3.3543627, 9.8639421, 19.847534, 19.855850, 19.858166, 19.858709, 0.27848926, 0.27196723, 0.27304998, 0.26838914, 0.28354344, 0.34863925, 0.34923768, 0.34927925, 0.34929082, 0.34929353, 0.25840321
0.15913555, 0.95564759, 0.28672296, 2.6751728, 2.1813989, 3.8895130, 3.5248494, 9.1126604, 9.8750572, 19.849550, 19.856390, 19.858273, 19.858709, 0.27675152, 0.27181390, 0.28889504, 0.28524846, 0.34112659, 0.34875056, 0.34924775, 0.34928197, 0.34929135, 0.34929353, 0.28672296
0.18147121, 1.0000000, 0.36764932, 2.7867823, 2.5425494, 6.9585862, 9.3901510, 9.6984043, 9.8764153, 19.850229, 19.856564, 19.858301, 19.858709, 0.27786765, 0.27542540, 0.31958574, 0.34390149, 0.34698400, 0.34876415, 0.34925115, 0.34928280, 0.34929150, 0.34929353, 0.36764932
0.15658964, 0.92490315, 0.27749869, 1.7153740, 1.9067109, 5.7508903, 9.5801868, 9.7339783, 9.8501081, 19.845196, 19.855253, 19.857952, 19.858658, 0.26715359, 0.26906702, 0.30750874, 0.34580180, 0.34733975, 0.34850109, 0.34922597, 0.34927627, 0.34928977, 0.34929329, 0.27749869
0.14365974, 0.76876044, 0.23065120, 1.1772513, 1.5833110, 5.0527754, 9.6542645, 9.7651110, 9.8501844, 19.845072, 19.855211, 19.857973, 19.858709, 0.26176855, 0.26582989, 0.30052263, 0.34654069, 0.34765014, 0.34850153, 0.34922534, 0.34927607, 0.34928986, 0.34929353, 0.23065120
0.14771639, 0.81774890, 0.24534921, 1.6614109, 1.4471650, 4.6740179, 9.7158957, 9.7979078, 9.8601179, 19.846786, 19.855652, 19.858120, 19.858709, 0.26661146, 0.26447025, 0.29673794, 0.34715804, 0.34797859, 0.34860101, 0.34923393, 0.34927827, 0.34929061, 0.34929353, 0.24534921
0.14254785, 0.75533319, 0.22662263, 1.4425099, 1.3326526, 4.3753905, 9.7461176, 9.8153439, 9.8665714, 19.848356, 19.856091, 19.858208, 19.858709, 0.26442412, 0.26332599, 0.29375303, 0.34746078, 0.34815323, 0.34866565, 0.34924179, 0.34928045, 0.34929103, 0.34929353, 0.22662263
0.14333358, 0.76482177, 0.22946948, 1.6032815, 1.2654871, 4.1565948, 9.7721796, 9.8306456, 9.8729811, 19.850204, 19.856552, 19.858307, 19.858709, 0.26603189, 0.26265442, 0.29156524, 0.34772146, 0.34830627, 0.34872976, 0.34925103, 0.34928277, 0.34929153, 0.34929353, 0.22946948
0.13691305, 0.68728691, 0.20620669, 1.3178498, 1.1235327, 3.8455064, 9.7537041, 9.8220367, 9.8704433, 19.850965, 19.856762, 19.858349, 19.858709, 0.26317802, 0.26123509, 0.28845465, 0.34753683, 0.34822026, 0.34870440, 0.34925482, 0.34928381, 0.34929174, 0.34929353, 0.20620669
0.12980770, 0.60148203, 0.18046266, 1.0083288, 0.96135437, 3.4909225, 9.7325649, 9.8108549, 9.8665609, 19.851149, 19.856838, 19.858372, 19.858709, 0.26008263, 0.25961319, 0.28490853, 0.34732527, 0.34810838, 0.34866554, 0.34925574, 0.34928420, 0.34929186, 0.34929353, 0.18046266
0.13979149, 0.72204715, 0.21663581, 1.9648045, 0.76450408, 3.1121087, 9.7176399, 9.8020563, 9.8624401, 19.850075, 19.856539, 19.858301, 19.858709, 0.26964676, 0.25764474, 0.28112045, 0.34717602, 0.34802037, 0.34862435, 0.34925038, 0.34928268, 0.34929150, 0.34929353, 0.21663581
0.12096062, 0.49464408, 0.14840807, 0.98697841, 0.38791895, 2.6480556, 9.4083366, 9.7519379, 9.8412104, 19.846209, 19.855515, 19.858030, 19.858692, 0.25985959, 0.25387678, 0.27647233, 0.34407753, 0.34751636, 0.34841108, 0.34923103, 0.34927756, 0.34929016, 0.34929347, 0.14840807
0.10657544, 0.32092738, 0.96287847E-1, 0.27194917, 0.88554621E-1, 2.2456856, 8.9578238, 9.7206192, 9.8270826, 19.843843, 19.854912, 19.857901, 19.858692, 0.25271755, 0.25088516, 0.27245209, 0.33957443, 0.34720412, 0.34827015, 0.34921920, 0.34927458, 0.34928951, 0.34929347, 0.96287847E-1
0.10391600, 0.28881171, 0.86652182E-1, 0.15436113, 0.37503242E-1, 2.1383615, 8.7230997, 9.7688179, 9.8464022, 19.846365, 19.855572, 19.858107, 19.858709, 0.25154269, 0.25037488, 0.27137974, 0.33722782, 0.34768641, 0.34846342, 0.34923184, 0.34927785, 0.34929055, 0.34929353, 0.86652182E-1
0.10041987, 0.24659216, 0.73985048E-1, 0.0000000, 0.0000000, 1.9398093, 8.4407501, 9.7635927, 9.8454714, 19.846859, 19.855701, 19.858131, 19.858709, 0.24999708, 0.24999611, 0.26939675, 0.33440635, 0.34763524, 0.34845448, 0.34923428, 0.34927851, 0.34929067, 0.34929353, 0.73985048E-1
0.98544583E-1, 0.22394601, 0.67190520E-1, 0.0000000, 0.0000000, 1.5855849, 7.9767118, 9.7107153, 9.8243675, 19.845245, 19.855293, 19.858002, 19.858698, 0.24999708, 0.24999611, 0.26585498, 0.32976624, 0.34710661, 0.34824350, 0.34922624, 0.34927648, 0.34929001, 0.34929350, 0.67190520E-1
0.97460553E-1, 0.21085517, 0.63262880E-1, 0.0000000, 0.0000000, 1.3946563, 7.6126409, 9.7275867, 9.8304882, 19.846210, 19.855547, 19.858107, 19.858709, 0.24999708, 0.24999611, 0.26394579, 0.32612553, 0.34727532, 0.34830469, 0.34923106, 0.34927773, 0.34929055, 0.34929353, 0.63262880E-1
0.95763311E-1, 0.19035913, 0.57113450E-1, 0.0000000, 0.0000000, 1.0891557, 7.1110225, 9.6913481, 9.8148403, 19.844185, 19.855047, 19.857967, 19.858698, 0.24999708, 0.24999611, 0.26089087, 0.32110932, 0.34691289, 0.34814820, 0.34922093, 0.34927523, 0.34928983, 0.34929350, 0.57113450E-1
0.95104240E-1, 0.18240014, 0.54725513E-1, 0.0000000, 0.0000000, 0.98535717, 6.8089542, 9.7390652, 9.8339014, 19.846064, 19.855536, 19.858120, 19.858709, 0.24999708, 0.24999611, 0.25985008, 0.31808472, 0.34738719, 0.34833786, 0.34923032, 0.34927768, 0.34929061, 0.34929353, 0.54725513E-1
0.93999654E-1, 0.16906105, 0.50723389E-1, 0.0000000, 0.0000000, 0.80085695, 6.4111209, 9.7125826, 9.8248138, 19.846235, 19.855583, 19.858107, 19.858709, 0.24999708, 0.24999611, 0.25800669, 0.31410816, 0.34712353, 0.34824735, 0.34923118, 0.34927791, 0.34929055, 0.34929353, 0.50723389E-1
0.10765252, 0.33393422, 0.10019029, 1.0960668, 0.0000000, 0.56256652, 5.8528132, 9.6675291, 9.8049412, 19.844921, 19.855230, 19.858013, 19.858704, 0.26095811, 0.24999611, 0.25562528, 0.30852729, 0.34667459, 0.34804916, 0.34922460, 0.34927616, 0.34929007, 0.34929353, 0.10019029
0.15402572, 0.89394099, 0.26820913, 2.4498224, 2.4994464, 2.1220355, 6.4662304, 9.7288866, 9.8289518, 19.846394, 19.855608, 19.858131, 19.858709, 0.27449790, 0.27499425, 0.27122027, 0.31466225, 0.34728885, 0.34828952, 0.34923196, 0.34927803, 0.34929067, 0.34929353, 0.26820913
0.16950694, 1.0000000, 0.32430050, 2.7808130, 1.8456459, 5.5378261, 9.0960007, 9.7601748, 9.8420525, 19.846504, 19.855642, 19.858120, 19.858709, 0.27780446, 0.26845500, 0.30537608, 0.34095928, 0.34760135, 0.34842041, 0.34923252, 0.34927821, 0.34929061, 0.34929353, 0.32430050
0.16023251, 0.96889478, 0.29069752, 2.4349272, 1.6944766, 4.6380854, 9.6441765, 9.7918110, 9.8560524, 19.848244, 19.856119, 19.858213, 19.858709, 0.27434888, 0.26694462, 0.29638064, 0.34644169, 0.34791803, 0.34856048, 0.34924123, 0.34928060, 0.34929106, 0.34929353, 0.29069752
0.14383128, 0.77083206, 0.23127274, 1.6629517, 1.3298064, 3.9797771, 9.6612606, 9.7736874, 9.8492422, 19.846895, 19.855742, 19.858095, 19.858709, 0.26662499, 0.26329589, 0.28979453, 0.34661102, 0.34773606, 0.34849215, 0.34923446, 0.34927872, 0.34929049, 0.34929353, 0.23127274
0.13576782, 0.67345709, 0.20205733, 1.3128370, 1.1533469, 3.5425856, 9.6985474, 9.7889223, 9.8557329, 19.847967, 19.856020, 19.858189, 19.858709, 0.26312453, 0.26153144, 0.28542274, 0.34698376, 0.34788835, 0.34855703, 0.34923983, 0.34928009, 0.34929094, 0.34929353, 0.20205733
0.12725188, 0.57061774, 0.17120245, 0.94216764, 0.95569491, 3.1154284, 9.6997538, 9.7895279, 9.8564024, 19.848289, 19.856091, 19.858189, 19.858709, 0.25941935, 0.25955552, 0.28115195, 0.34699610, 0.34789455, 0.34856379, 0.34924144, 0.34928045, 0.34929094, 0.34929353, 0.17120245
0.17679653, 1.0000000, 0.35071203, 2.7161865, 2.4446666, 6.1825223, 9.7287445, 9.8186474, 9.8682156, 19.850243, 19.856585, 19.858301, 19.858709, 0.27715883, 0.27444503, 0.31182313, 0.34728679, 0.34818614, 0.34868205, 0.34925121, 0.34928292, 0.34929150, 0.34929353, 0.35071203
0.26127088, 1.0000000, 0.65677857, 3.8683741, 9.0961838, 9.4284058, 9.7836428, 9.8407574, 9.8770475, 19.851673, 19.856979, 19.858402, 19.858709, 0.28868350, 0.34096152, 0.34428388, 0.34783641, 0.34840754, 0.34877047, 0.34925836, 0.34928489, 0.34929201, 0.34929353, 0.65677857
0.35599917, 1.0000000, 0.99999702, 9.9999962, 9.9999962, 9.9999990, 9.9999990, 9.9999990, 9.9996986, 19.922112, 19.857145, 19.858423, 19.858709, 0.34999961, 0.34999976, 0.34999987, 0.34999996, 0.34999999, 0.34999698, 0.34961057, 0.34928572, 0.34929210, 0.34929353, 0.99999702
0.35505342, 1.0000000, 0.99657023, 9.9520988, 9.9728889, 9.9862938, 9.9966297, 9.9983063, 9.9993382, 19.991993, 19.882860, 19.858423, 19.858709, 0.34952059, 0.34972864, 0.34986281, 0.34996626, 0.34998307, 0.34999338, 0.34995997, 0.34941429, 0.34929210, 0.34929353, 0.99657023
0.33771759, 1.0000000, 0.93375939, 8.9588490, 9.6375189, 9.7969084, 9.9421101, 9.9703026, 9.9882460, 19.974747, 19.875885, 19.858408, 19.858709, 0.33958337, 0.34637189, 0.34796742, 0.34942076, 0.34970284, 0.34988239, 0.34987372, 0.34937942, 0.34929204, 0.34929353, 0.93375939
0.32303298, 1.0000000, 0.88055420, 8.0403023, 9.4632139, 9.6751537, 9.8774948, 9.9345541, 9.9714966, 19.954124, 19.870401, 19.858318, 19.858709, 0.33040240, 0.34463170, 0.34675130, 0.34877488, 0.34934551, 0.34971496, 0.34977061, 0.34935200, 0.34929159, 0.34929353, 0.88055420
0.28461784, 1.0000000, 0.74136895, 5.3799381, 9.3241253, 9.5671415, 9.7932453, 9.8827848, 9.9436073, 19.931488, 19.865704, 19.858088, 19.858688, 0.30379552, 0.34323722, 0.34566936, 0.34793204, 0.34882763, 0.34943601, 0.34965745, 0.34932852, 0.34929043, 0.34929344, 0.74136895
0.25296664, 1.0000000, 0.62669069, 3.1004930, 9.3139286, 9.5489998, 9.7600594, 9.8554335, 9.9233322, 19.912476, 19.862589, 19.858036, 19.858709, 0.28100392, 0.34313747, 0.34548908, 0.34760040, 0.34855425, 0.34923330, 0.34956238, 0.34931296, 0.34929019, 0.34929353, 0.62669069
0.22692844, 1.0000000, 0.53234941, 2.1655469, 7.7532096, 9.5083513, 9.7247171, 9.8273573, 9.9019213, 19.895428, 19.860151, 19.857954, 19.858698, 0.27165431, 0.32752961, 0.34508198, 0.34724689, 0.34827343, 0.34901917, 0.34947714, 0.34930074, 0.34928977, 0.34929350, 0.53234941
0.20818710, 1.0000000, 0.46444598, 1.6339839, 6.3719020, 9.5172577, 9.7220316, 9.8191137, 9.8904762, 19.883066, 19.858778, 19.858013, 19.858709, 0.26633921, 0.31371757, 0.34517148, 0.34722006, 0.34819102, 0.34890473, 0.34941533, 0.34929389, 0.34929007, 0.34929353, 0.46444598
0.18609139, 1.0000000, 0.38438907, 1.0124654, 4.7659893, 9.4726505, 9.6937227, 9.7981319, 9.8751869, 19.872173, 19.857496, 19.857967, 19.858698, 0.26012355, 0.29765680, 0.34472343, 0.34693661, 0.34798101, 0.34875175, 0.34936088, 0.34928748, 0.34928983, 0.34929350, 0.38438907
0.16142881, 0.98334122, 0.29503188, 0.33673644, 2.9717743, 9.3681383, 9.6501532, 9.7684269, 9.8570576, 19.862272, 19.856161, 19.857817, 19.858683, 0.25336701, 0.27971590, 0.34367847, 0.34650093, 0.34768397, 0.34857050, 0.34931135, 0.34928080, 0.34928909, 0.34929341, 0.29503188
0.14880535, 0.83089936, 0.24929474, 0.0000000, 2.4724603, 8.4389648, 9.6570330, 9.7680416, 9.8531752, 19.856964, 19.855738, 19.857824, 19.858709, 0.24999847, 0.27472228, 0.33438566, 0.34656939, 0.34767994, 0.34853160, 0.34928483, 0.34927869, 0.34928912, 0.34929353, 0.24929474
0.23935547, 1.0000000, 0.57737488, 2.9713125, 7.9608359, 9.4147863, 9.7200670, 9.8018436, 9.8648243, 19.855402, 19.856056, 19.858007, 19.858709, 0.27971020, 0.32960367, 0.34414509, 0.34720010, 0.34801814, 0.34864816, 0.34927702, 0.34928030, 0.34929004, 0.34929353, 0.57737488
0.28773600, 1.0000000, 0.75266659, 5.5581341, 9.3733578, 9.6393747, 9.7679501, 9.8290205, 9.8749714, 19.855103, 19.856501, 19.858194, 19.858709, 0.30557948, 0.34373170, 0.34639281, 0.34767929, 0.34829012, 0.34874967, 0.34927553, 0.34928250, 0.34929097, 0.34929353, 0.75266659
0.35595500, 1.0000000, 0.99983692, 9.9982080, 9.9989262, 9.9994631, 9.9998922, 9.9999456, 9.9999819, 19.999998, 19.999998, 19.999998, 19.994993, 0.34997755, 0.34998655, 0.34999326, 0.34999865, 0.34999931, 0.34999976, 0.34999999, 0.34999999, 0.34999999, 0.34997496, 0.99983692
0.35599840, 1.0000000, 0.99999416, 9.9999189, 9.9999514, 9.9999752, 9.9999933, 9.9999990, 9.9999990, 19.999998, 19.999998, 19.999998, 19.996996, 0.34999919, 0.34999952, 0.34999976, 0.34999993, 0.34999999, 0.34999999, 0.34999999, 0.34999999, 0.34999999, 0.34998497, 0.99999416
0.35300022, 1.0000000, 0.98913133, 9.8717804, 9.8835220, 9.9397478, 9.9852514, 9.9925680, 9.9971838, 19.999659, 19.999908, 19.999950, 19.987009, 0.34871742, 0.34883499, 0.34939736, 0.34985247, 0.34992570, 0.34997183, 0.34999830, 0.34999955, 0.34999976, 0.34993505, 0.98913133
0.34506404, 1.0000000, 0.96037686, 9.4032116, 9.7467442, 9.8636818, 9.9641180, 9.9817619, 9.9930515, 19.999123, 19.999767, 19.999908, 19.987009, 0.34403172, 0.34746721, 0.34863669, 0.34964114, 0.34981763, 0.34993052, 0.34999561, 0.34999883, 0.34999955, 0.34993505, 0.96037686
0.32469878, 1.0000000, 0.88658971, 8.0942392, 9.5440578, 9.7289324, 9.9046068, 9.9498005, 9.9796705, 19.996708, 19.999134, 19.999001, 19.963766, 0.33094156, 0.34543997, 0.34728903, 0.34904599, 0.34949797, 0.34979671, 0.34998354, 0.34999567, 0.34999502, 0.34981883, 0.88658971
0.31409848, 1.0000000, 0.84818280, 7.4270835, 9.4260092, 9.6436214, 9.8471823, 9.9158659, 9.9641562, 19.993593, 19.998318, 19.996143, 19.942430, 0.32427040, 0.34425977, 0.34643602, 0.34847179, 0.34915861, 0.34964156, 0.34996796, 0.34999159, 0.34998071, 0.34971216, 0.84818280
0.34353960, 1.0000000, 0.95485353, 9.5309143, 9.4696102, 9.6604633, 9.8334370, 9.9034958, 9.9568958, 19.992081, 19.997879, 19.990713, 19.923864, 0.34530619, 0.34469435, 0.34660375, 0.34833419, 0.34903488, 0.34956893, 0.34996039, 0.34998938, 0.34995356, 0.34961933, 0.95485353
0.35599566, 1.0000000, 0.99998420, 9.9998264, 9.9998980, 9.9999456, 9.9999876, 9.9999933, 9.9999990, 19.999998, 19.999998, 19.999998, 19.995995, 0.34999782, 0.34999871, 0.34999931, 0.34999985, 0.34999993, 0.34999999, 0.34999999, 0.34999999, 0.34999999, 0.34997997, 0.99998420
0.35252345, 1.0000000, 0.98740375, 9.8985901, 9.8418427, 9.8278866, 9.9521074, 9.9755087, 9.9905872, 19.998789, 19.999683, 19.999729, 19.977179, 0.34898394, 0.34841725, 0.34827828, 0.34952095, 0.34975502, 0.34990585, 0.34999394, 0.34999841, 0.34999865, 0.34988588, 0.98740375
0.33918828, 1.0000000, 0.93908787, 9.0678720, 9.6333265, 9.7954102, 9.9424887, 9.9705229, 9.9887075, 19.998598, 19.999636, 19.999811, 19.982075, 0.34067678, 0.34633204, 0.34795347, 0.34942478, 0.34970516, 0.34988704, 0.34999299, 0.34999818, 0.34999907, 0.34991038, 0.93908787
0.34931695, 1.0000000, 0.97578603, 9.8760176, 9.5506945, 9.7267065, 9.9003458, 9.9469728, 9.9788189, 19.997084, 19.999241, 19.998631, 19.959164, 0.34875363, 0.34550312, 0.34726512, 0.34900308, 0.34946951, 0.34978813, 0.34998542, 0.34999621, 0.34999317, 0.34979582, 0.97578603
0.35274470, 1.0000000, 0.98820531, 9.8320608, 9.9112644, 9.9544382, 9.9889374, 9.9944296, 9.9978895, 19.999743, 19.999933, 19.999956, 19.987026, 0.34831929, 0.34911183, 0.34954399, 0.34988928, 0.34994426, 0.34997889, 0.34999871, 0.34999967, 0.34999979, 0.34993511, 0.98820531
0.34582579, 1.0000000, 0.96313691, 9.4354486, 9.7779226, 9.8789072, 9.9680672, 9.9837475, 9.9938879, 19.999350, 19.999838, 19.999191, 19.963797, 0.34434992, 0.34777638, 0.34878764, 0.34968036, 0.34983733, 0.34993881, 0.34999675, 0.34999919, 0.34999597, 0.34981897, 0.96313691
0.35598123, 1.0000000, 0.99993205, 9.9992599, 9.9995527, 9.9997787, 9.9999514, 9.9999819, 9.9999905, 19.999998, 19.999998, 19.999998, 19.994993, 0.34999067, 0.34999436, 0.34999719, 0.34999940, 0.34999976, 0.34999987, 0.34999999, 0.34999999, 0.34999999, 0.34997496, 0.99993205
0.35599738, 1.0000000, 0.99999040, 9.9999132, 9.9999456, 9.9999723, 9.9999933, 9.9999990, 9.9999990, 19.999998, 19.999998, 19.999998, 19.996996, 0.34999868, 0.34999919, 0.34999961, 0.34999990, 0.34999999, 0.34999999, 0.34999999, 0.34999999, 0.34999999, 0.34998497, 0.99999040
0.33950025, 1.0000000, 0.94021833, 9.0750093, 9.6516848, 9.8076372, 9.9488621, 9.9739037, 9.9902878, 19.999044, 19.999748, 19.999834, 19.981091, 0.34075010, 0.34651685, 0.34807637, 0.34948862, 0.34973904, 0.34990287, 0.34999523, 0.34999874, 0.34999916, 0.34990546, 0.94021833
0.35598278, 1.0000000, 0.99993759, 9.9992332, 9.9995403, 9.9997673, 9.9999514, 9.9999790, 9.9999933, 19.999998, 19.999998, 19.999998, 19.994993, 0.34999141, 0.34999484, 0.34999740, 0.34999946, 0.34999976, 0.34999993, 0.34999999, 0.34999999, 0.34999999, 0.34997496, 0.99993759
0.33429009, 1.0000000, 0.92134082, 8.8509111, 9.4637632, 9.6856585, 9.8971806, 9.9464207, 9.9786406, 19.996756, 19.999153, 19.999655, 19.980068, 0.33850870, 0.34463736, 0.34685647, 0.34897178, 0.34946421, 0.34978640, 0.34998378, 0.34999576, 0.34999827, 0.34990034, 0.92134082
0.35590070, 1.0000000, 0.99964023, 9.9974575, 9.9984112, 9.9895258, 9.9963942, 9.9981966, 9.9994001, 19.999998, 19.999998, 19.999989, 19.991005, 0.34997264, 0.34998295, 0.34989467, 0.34996381, 0.34998190, 0.34999397, 0.34999999, 0.34999999, 0.34999993, 0.34995502, 0.99964023
0.34012139, 1.0000000, 0.94246882, 9.1866007, 9.5722685, 9.7509470, 9.9257507, 9.9616861, 9.9852419, 19.998152, 19.999521, 19.999657, 19.976288, 0.34186521, 0.34572217, 0.34750921, 0.34925744, 0.34961683, 0.34985241, 0.34999076, 0.34999761, 0.34999830, 0.34988144, 0.94246882
0.31435895, 1.0000000, 0.84912664, 7.4326911, 9.4412203, 9.6569233, 9.8646183, 9.9269190, 9.9701548, 19.995565, 19.998848, 19.998007, 19.953787, 0.32431832, 0.34440568, 0.34656590, 0.34864551, 0.34926882, 0.34970143, 0.34997782, 0.34999424, 0.34999004, 0.34976894, 0.84912664
0.28959358, 1.0000000, 0.75939697, 5.6859412, 9.3893652, 9.6118717, 9.8185472, 9.8970385, 9.9555283, 19.992819, 19.998125, 19.994015, 19.933609, 0.30685505, 0.34388936, 0.34611651, 0.34818503, 0.34897014, 0.34955519, 0.34996408, 0.34999064, 0.34997007, 0.34966806, 0.75939697
0.26817113, 1.0000000, 0.68177950, 4.1250501, 9.4041262, 9.6135740, 9.8026342, 9.8829317, 9.9467745, 19.991032, 19.997547, 19.987247, 19.916454, 0.29124990, 0.34404042, 0.34613532, 0.34802625, 0.34882930, 0.34946775, 0.34995514, 0.34998775, 0.34993625, 0.34958225, 0.68177950
0.24202685, 1.0000000, 0.58705378, 2.8148084, 8.4737024, 9.5385818, 9.7593594, 9.8547392, 9.9315052, 19.987484, 19.996243, 19.977516, 19.902367, 0.27814788, 0.33473665, 0.34538561, 0.34759358, 0.34854737, 0.34931505, 0.34993741, 0.34998122, 0.34988758, 0.34951183, 0.58705378
0.21384987, 1.0000000, 0.48496327, 1.9867033, 6.5010881, 9.4565268, 9.7021713, 9.8172255, 9.9110098, 19.982119, 19.993843, 19.965311, 19.891172, 0.26986396, 0.31500486, 0.34456089, 0.34702080, 0.34817180, 0.34910995, 0.34991059, 0.34996921, 0.34982654, 0.34945586, 0.48496327
0.18420520, 1.0000000, 0.37755510, 1.1255234, 4.3849416, 9.4103041, 9.6615801, 9.7879210, 9.8934345, 19.976580, 19.990297, 19.951590, 19.882591, 0.26125291, 0.29384395, 0.34409720, 0.34661460, 0.34787861, 0.34893414, 0.34988290, 0.34995148, 0.34975794, 0.34941295, 0.37755510
0.16052958, 0.97248214, 0.29177383, 0.50526857, 2.9070914, 8.7250309, 9.6266918, 9.7629423, 9.8783941, 19.970978, 19.985172, 19.937366, 19.876091, 0.25505093, 0.27906483, 0.33724117, 0.34626490, 0.34762841, 0.34878358, 0.34985489, 0.34992588, 0.34968683, 0.34938046, 0.29177383
0.14887555, 0.83174711, 0.24954909, 0.19092858, 2.4575651, 7.8466210, 9.6635189, 9.7809963, 9.8835993, 19.968634, 19.978991, 19.923773, 19.871330, 0.25190872, 0.27457121, 0.32845911, 0.34663343, 0.34780908, 0.34883571, 0.34984317, 0.34989494, 0.34961885, 0.34935665, 0.24954909
0.14175394, 0.74574602, 0.22374618, 0.24610758E-1, 2.1780820, 7.2284393, 9.7029285, 9.8038731, 9.8932199, 19.967253, 19.971094, 19.911367, 19.867865, 0.25024605, 0.27177829, 0.32228020, 0.34702814, 0.34803817, 0.34893203, 0.34983626, 0.34985548, 0.34955683, 0.34933931, 0.22374618
0.20729829, 1.0000000, 0.46122569, 2.9734702, 4.1907997, 9.1918678, 9.7550631, 9.8349657, 9.9072104, 19.966385, 19.961618, 19.900562, 19.865347, 0.27973235, 0.29190603, 0.34191650, 0.34755018, 0.34834942, 0.34907201, 0.34983194, 0.34980810, 0.34950280, 0.34932673, 0.46122569
0.24975531, 1.0000000, 0.61505544, 2.9610009, 9.0920877, 9.6706085, 9.8082590, 9.8669014, 9.9219236, 19.965326, 19.950876, 19.891466, 19.863543, 0.27960980, 0.34092048, 0.34670588, 0.34808257, 0.34866899, 0.34921923, 0.34982663, 0.34975439, 0.34945732, 0.34931773, 0.61505544
0.29749829, 1.0000000, 0.78803730, 6.1172056, 9.5683384, 9.7237520, 9.8288393, 9.8813620, 9.9297361, 19.962854, 19.939243, 19.884010, 19.862261, 0.31117171, 0.34568307, 0.34723735, 0.34828836, 0.34881359, 0.34929734, 0.34981427, 0.34969622, 0.34942004, 0.34931129, 0.78803730
0.26936454, 1.0000000, 0.68610340, 4.2474804, 9.3616590, 9.5861397, 9.7824287, 9.8588076, 9.9217272, 19.956871, 19.926916, 19.877913, 19.861296, 0.29247391, 0.34361544, 0.34586081, 0.34782416, 0.34858802, 0.34921724, 0.34978434, 0.34963459, 0.34938955, 0.34930646, 0.68610340
0.35597080, 1.0000000, 0.99989420, 9.9986973, 9.9992189, 9.9996061, 9.9999218, 9.9999609, 9.9999876, 19.999998, 19.999998, 19.999998, 19.994993, 0.34998545, 0.34999126, 0.34999561, 0.34999913, 0.34999955, 0.34999985, 0.34999999, 0.34999999, 0.34999999, 0.34997496, 0.99989420
0.35599834, 1.0000000, 0.99999392, 9.9999542, 9.9999723, 9.9999876, 9.9999962, 9.9999990, 9.9999990, 19.999998, 19.999998, 19.999998, 19.997997, 0.34999916, 0.34999949, 0.34999976, 0.34999993, 0.34999999, 0.34999999, 0.34999999, 0.34999999, 0.34999999, 0.34998998, 0.99999392
0.35588741, 1.0000000, 0.99959207, 9.9944286, 9.9966688, 9.9983301, 9.9996624, 9.9998322, 9.9999456, 19.999998, 19.999998, 19.999990, 19.991985, 0.34994385, 0.34996644, 0.34998316, 0.34999660, 0.34999833, 0.34999946, 0.34999999, 0.34999999, 0.34999996, 0.34995991, 0.99959207
0.35132933, 1.0000000, 0.98307711, 9.8585978, 9.7659883, 9.8232307, 9.9540701, 9.9765863, 9.9914207, 19.999271, 19.999802, 19.999865, 19.981098, 0.34858546, 0.34765959, 0.34823215, 0.34954068, 0.34976584, 0.34991419, 0.34999636, 0.34999901, 0.34999931, 0.34990549, 0.98307711
0.34315592, 1.0000000, 0.95346338, 9.4155207, 9.5672359, 9.7353392, 9.9103727, 9.9527903, 9.9818716, 19.998096, 19.999498, 19.998663, 19.958239, 0.34415367, 0.34567145, 0.34735292, 0.34910363, 0.34952784, 0.34981868, 0.34999049, 0.34999749, 0.34999332, 0.34979120, 0.95346338
0.35599774, 1.0000000, 0.99999189, 9.9999428, 9.9999638, 9.9999819, 9.9999962, 9.9999962, 9.9999990, 19.999998, 19.999998, 19.999998, 19.997997, 0.34999889, 0.34999931, 0.34999967, 0.34999993, 0.34999993, 0.34999999, 0.34999999, 0.34999999, 0.34999999, 0.34998998, 0.99999189
0.33591580, 1.0000000, 0.92723119, 8.8693275, 9.5847521, 9.7658472, 9.9353924, 9.9668798, 9.9877119, 19.998867, 19.999701, 19.999758, 19.978153, 0.33869115, 0.34584615, 0.34765777, 0.34935376, 0.34966874, 0.34987709, 0.34999433, 0.34999850, 0.34999877, 0.34989077, 0.92723119
0.32301810, 1.0000000, 0.88050038, 7.9753580, 9.5438452, 9.7233238, 9.9000673, 9.9467020, 9.9794960, 19.998068, 19.999498, 19.998354, 19.955519, 0.32974803, 0.34543449, 0.34723121, 0.34900025, 0.34946680, 0.34979489, 0.34999034, 0.34999749, 0.34999177, 0.34977758, 0.88050038
0.34878463, 1.0000000, 0.97385716, 9.6617670, 9.7605038, 9.8725824, 9.9690084, 9.9843245, 9.9942827, 19.999527, 19.999868, 19.999952, 19.988997, 0.34661549, 0.34760374, 0.34872517, 0.34968993, 0.34984317, 0.34994280, 0.34999764, 0.34999934, 0.34999976, 0.34994498, 0.97385716
0.35599893, 1.0000000, 0.99999613, 9.9999990, 9.9999990, 9.9999990, 9.9999990, 9.9999990, 9.9999990, 19.999998, 19.999998, 19.999998, 19.998999, 0.34999946, 0.34999967, 0.34999985, 0.34999996, 0.34999996, 0.34999999, 0.34999999, 0.34999999, 0.34999999, 0.34999499, 0.99999613
0.32459402, 1.0000000, 0.88621020, 8.1571884, 9.4528131, 9.6783161, 9.8976545, 9.9467173, 9.9793978, 19.997478, 19.999350, 19.999582, 19.975210, 0.33157042, 0.34452713, 0.34678262, 0.34897643, 0.34946710, 0.34979394, 0.34998739, 0.34999675, 0.34999791, 0.34987605, 0.88621020
0.35595393, 1.0000000, 0.99983299, 9.9980621, 9.9988375, 9.9994211, 9.9998837, 9.9999371, 9.9999790, 19.999998, 19.999992, 19.999998, 19.994987, 0.34997702, 0.34998623, 0.34999314, 0.34999862, 0.34999925, 0.34999976, 0.34999999, 0.34999996, 0.34999999, 0.34997493, 0.99983299
0.35599691, 1.0000000, 0.99998873, 9.9998951, 9.9999371, 9.9999695, 9.9999933, 9.9999933, 9.9999990, 19.999998, 19.999998, 19.999998, 19.996996, 0.34999844, 0.34999907, 0.34999955, 0.34999990, 0.34999990, 0.34999999, 0.34999999, 0.34999999, 0.34999999, 0.34998497, 0.99998873
0.35599804, 1.0000000, 0.99999297, 9.9999514, 9.9999695, 9.9999847, 9.9999962, 9.9999990, 9.9999990, 19.999998, 19.999998, 19.999998, 19.997997, 0.34999904, 0.34999940, 0.34999970, 0.34999993, 0.34999999, 0.34999999, 0.34999999, 0.34999999, 0.34999999, 0.34998998, 0.99999297
0.35451084, 1.0000000, 0.99460441, 9.9951706, 9.8759632, 9.9098015, 9.9801378, 9.9899979, 9.9965763, 19.999933, 19.999987, 19.999855, 19.979134, 0.34995118, 0.34875932, 0.34909788, 0.34980133, 0.34989995, 0.34996575, 0.34999967, 0.34999993, 0.34999928, 0.34989566, 0.99460441
0.35599786, 1.0000000, 0.99999213, 9.9999990, 9.9999962, 9.9999962, 9.9999990, 9.9999990, 9.9999990, 19.999998, 19.999998, 19.999998, 19.998999, 0.34999892, 0.34999934, 0.34999964, 0.34999993, 0.34999996, 0.34999999, 0.34999999, 0.34999999, 0.34999999, 0.34999499, 0.99999213
0.35599589, 1.0000000, 0.99998510, 9.9998446, 9.9999065, 9.9999542, 9.9999905, 9.9999905, 9.9999990, 19.999998, 19.999998, 19.999998, 19.995995, 0.34999794, 0.34999877, 0.34999940, 0.34999987, 0.34999987, 0.34999999, 0.34999999, 0.34999999, 0.34999999, 0.34997997, 0.99998510
0.35599893, 1.0000000, 0.99999607, 9.9999990, 9.9999990, 9.9999990, 9.9999990, 9.9999990, 9.9999990, 19.999998, 19.999998, 19.999998, 19.998999, 0.34999946, 0.34999967, 0.34999982, 0.34999996, 0.34999996, 0.34999999, 0.34999999, 0.34999999, 0.34999999, 0.34999499, 0.99999607
0.35162306, 1.0000000, 0.98414147, 9.7737160, 9.8809385, 9.9387274, 9.9869890, 9.9934607, 9.9977922, 19.999964, 19.999992, 19.999975, 19.989016, 0.34773666, 0.34880909, 0.34938714, 0.34986988, 0.34993458, 0.34997791, 0.34999982, 0.34999996, 0.34999987, 0.34994507, 0.98414147
0.34781665, 1.0000000, 0.97035015, 9.5655165, 9.7934465, 9.8913174, 9.9753475, 9.9875669, 9.9956560, 19.999813, 19.999958, 19.999964, 19.988003, 0.34565461, 0.34793410, 0.34891298, 0.34975344, 0.34987563, 0.34995657, 0.34999907, 0.34999979, 0.34999982, 0.34994000, 0.97035015
0.32615143, 1.0000000, 0.89185297, 8.2036505, 9.5364017, 9.7277346, 9.9150515, 9.9558077, 9.9833679, 19.998449, 19.999599, 19.999170, 19.964727, 0.33203542, 0.34536329, 0.34727696, 0.34915042, 0.34955806, 0.34983367, 0.34999225, 0.34999800, 0.34999585, 0.34982365, 0.89185297
0.29408193, 1.0000000, 0.77565914, 6.0307598, 9.3580341, 9.6024628, 9.8409510, 9.9134245, 9.9655561, 19.996214, 19.999022, 19.996469, 19.943296, 0.31030378, 0.34357679, 0.34602281, 0.34840912, 0.34913406, 0.34965551, 0.34998107, 0.34999511, 0.34998235, 0.34971648, 0.77565914
0.34670275, 1.0000000, 0.96631432, 9.5437288, 9.7637539, 9.7917376, 9.8426313, 9.9091921, 9.9616280, 19.995832, 19.998917, 19.991249, 19.924614, 0.34543273, 0.34763473, 0.34791598, 0.34842604, 0.34909177, 0.34961623, 0.34997916, 0.34999460, 0.34995624, 0.34962308, 0.96631432
0.35596818, 1.0000000, 0.99988461, 9.9987450, 9.9992485, 9.9996243, 9.9999247, 9.9999609, 9.9999876, 19.999998, 19.999998, 19.999998, 19.994993, 0.34998411, 0.34999049, 0.34999526, 0.34999904, 0.34999952, 0.34999985, 0.34999999, 0.34999999, 0.34999999, 0.34997496, 0.99988461
0.35599601, 1.0000000, 0.99998558, 9.9998503, 9.9999104, 9.9999542, 9.9999905, 9.9999933, 9.9999990, 19.999998, 19.999998, 19.999998, 19.995995, 0.34999800, 0.34999880, 0.34999940, 0.34999987, 0.34999990, 0.34999999, 0.34999999, 0.34999999, 0.34999999, 0.34997997, 0.99998558
0.33172619, 1.0000000, 0.91205144, 8.6335878, 9.5021534, 9.7106361, 9.9092131, 9.9528837, 9.9815826, 19.997490, 19.999344, 19.999701, 19.980068, 0.33633587, 0.34502155, 0.34710637, 0.34909213, 0.34952885, 0.34981582, 0.34998745, 0.34999672, 0.34999850, 0.34990034, 0.91205144
0.34321356, 1.0000000, 0.95367217, 9.2972393, 9.7110701, 9.8433123, 9.9591370, 9.9792137, 9.9921818, 19.999134, 19.999779, 19.999908, 19.987009, 0.34297052, 0.34710950, 0.34843254, 0.34959126, 0.34979206, 0.34992179, 0.34999567, 0.34999889, 0.34999955, 0.34993505, 0.95367217
0.30808526, 1.0000000, 0.82639581, 7.0206213, 9.3842831, 9.6252546, 9.8630667, 9.9272242, 9.9710875, 19.996161, 19.998997, 19.998953, 19.963755, 0.32020518, 0.34384200, 0.34625214, 0.34863058, 0.34927222, 0.34971088, 0.34998080, 0.34999499, 0.34999478, 0.34981877, 0.82639581
0.26789427, 1.0000000, 0.68077624, 4.2052455, 9.2768974, 9.5376387, 9.7866755, 9.8795700, 9.9493513, 19.993105, 19.998199, 19.996096, 19.942423, 0.29205129, 0.34276745, 0.34537560, 0.34786659, 0.34879562, 0.34949347, 0.34996551, 0.34999099, 0.34998047, 0.34971210, 0.68077624
0.23432954, 1.0000000, 0.55916494, 2.5806785, 7.9661517, 9.4837885, 9.7283182, 9.8385954, 9.9270201, 19.988840, 19.997057, 19.990486, 19.923817, 0.27580541, 0.32965899, 0.34483638, 0.34728289, 0.34838581, 0.34927014, 0.34994420, 0.34998530, 0.34995243, 0.34961909, 0.55916494
0.22716293, 1.0000000, 0.53319901, 2.4352849, 7.3571172, 9.4637375, 9.7028246, 9.8170366, 9.9125252, 19.985601, 19.995949, 19.981998, 19.908335, 0.27435079, 0.32356748, 0.34463498, 0.34702778, 0.34817013, 0.34912518, 0.34992802, 0.34997976, 0.34990999, 0.34954166, 0.53319901
0.24609457, 1.0000000, 0.60179186, 2.8952389, 8.8718014, 9.4749918, 9.7026501, 9.8126240, 9.9064455, 19.983078, 19.994596, 19.970963, 19.895895, 0.27894998, 0.33871356, 0.34474757, 0.34702602, 0.34812599, 0.34906438, 0.34991539, 0.34997299, 0.34985483, 0.34947947, 0.60179186
0.35079998, 1.0000000, 0.98115927, 9.9608603, 9.7003469, 9.5488424, 9.7340031, 9.8281012, 9.9106350, 19.982018, 19.992781, 19.958124, 19.886274, 0.34960496, 0.34700131, 0.34548739, 0.34733984, 0.34828091, 0.34910631, 0.34991008, 0.34996390, 0.34979063, 0.34943137, 0.98115927
0.35538656, 1.0000000, 0.99777728, 9.9990854, 9.9757452, 9.9092855, 9.9799032, 9.9898939, 9.9964895, 19.999880, 19.999964, 19.999922, 19.984020, 0.34998927, 0.34975651, 0.34909236, 0.34979895, 0.34989887, 0.34996486, 0.34999940, 0.34999982, 0.34999961, 0.34992009, 0.99777728
0.34727365, 1.0000000, 0.96838284, 9.6133528, 9.7199697, 9.7614698, 9.9219580, 9.9596081, 9.9854174, 19.999229, 19.999790, 19.998949, 19.960974, 0.34613296, 0.34719938, 0.34761453, 0.34921956, 0.34959605, 0.34985417, 0.34999615, 0.34999895, 0.34999475, 0.34980488, 0.96838284
0.31166404, 1.0000000, 0.83936250, 7.2930975, 9.3743591, 9.6079073, 9.8409204, 9.9136524, 9.9660091, 19.996637, 19.999117, 19.995811, 19.939953, 0.32292870, 0.34374183, 0.34607819, 0.34840903, 0.34913644, 0.34966007, 0.34998319, 0.34999558, 0.34997904, 0.34969977, 0.83936250
0.26813042, 1.0000000, 0.68163186, 4.2498164, 9.2470474, 9.5135546, 9.7633362, 9.8643255, 9.9417696, 19.992224, 19.997950, 19.989815, 19.921717, 0.29249504, 0.34246638, 0.34513345, 0.34763294, 0.34864303, 0.34941763, 0.34996110, 0.34998974, 0.34994906, 0.34960860, 0.68163186
0.24373516, 1.0000000, 0.59324330, 2.8758078, 8.5818920, 9.5358915, 9.7510958, 9.8496828, 9.9308548, 19.990080, 19.997108, 19.981071, 19.906630, 0.27875510, 0.33581358, 0.34535596, 0.34751037, 0.34849653, 0.34930846, 0.34995040, 0.34998554, 0.34990537, 0.34953314, 0.59324330
0.29555249, 1.0000000, 0.78098720, 6.1878343, 9.3122311, 9.5517578, 9.7495165, 9.8442535, 9.9242630, 19.987734, 19.995747, 19.969725, 19.894560, 0.31187540, 0.34311962, 0.34551620, 0.34749490, 0.34844238, 0.34924257, 0.34993866, 0.34997874, 0.34984863, 0.34947279, 0.78098720
0.25553513, 1.0000000, 0.63599676, 3.3410592, 9.2526932, 9.5016689, 9.7231989, 9.8267288, 9.9136629, 19.984409, 19.993258, 19.956539, 19.885201, 0.28340808, 0.34252274, 0.34501454, 0.34723154, 0.34826708, 0.34913653, 0.34992206, 0.34996629, 0.34978271, 0.34942600, 0.63599676
0.23138463, 1.0000000, 0.54849505, 2.3702800, 7.9504700, 9.5098095, 9.7223701, 9.8236217, 9.9100542, 19.982359, 19.989693, 19.942612, 19.878122, 0.27369988, 0.32949883, 0.34509456, 0.34722298, 0.34823585, 0.34910041, 0.34991181, 0.34994847, 0.34971306, 0.34939063, 0.54849505
0.21144700, 1.0000000, 0.47625723, 2.2378950, 5.8063803, 9.4349852, 9.6793756, 9.7972479, 9.8966913, 19.978199, 19.983795, 19.928638, 19.872812, 0.27237585, 0.30805898, 0.34434596, 0.34679297, 0.34797207, 0.34896675, 0.34989101, 0.34991896, 0.34964320, 0.34936407, 0.47625723
0.34366214, 1.0000000, 0.95529765, 9.5654764, 9.5067949, 9.5329790, 9.7199965, 9.8176394, 9.9035711, 19.977045, 19.976679, 19.915796, 19.868952, 0.34565297, 0.34506688, 0.34532925, 0.34719986, 0.34817633, 0.34903568, 0.34988523, 0.34988338, 0.34957898, 0.34934476, 0.95529765
0.30531001, 1.0000000, 0.81634057, 6.9177852, 9.2930765, 9.5215797, 9.7234154, 9.8205414, 9.9043741, 19.974195, 19.967218, 19.904245, 19.866117, 0.31917563, 0.34292895, 0.34521487, 0.34723398, 0.34820533, 0.34904370, 0.34987098, 0.34983608, 0.34952122, 0.34933060, 0.81634057
0.25659692, 1.0000000, 0.63984394, 3.4666734, 9.1968241, 9.4596338, 9.6930962, 9.8033628, 9.8966131, 19.969425, 19.955778, 19.894304, 19.864048, 0.28466478, 0.34196514, 0.34459472, 0.34693062, 0.34803346, 0.34896606, 0.34984714, 0.34977889, 0.34947151, 0.34932023, 0.63984394
0.22366238, 1.0000000, 0.52051580, 2.1278560, 7.4620104, 9.4428244, 9.6765394, 9.7922773, 9.8902092, 19.963203, 19.943167, 19.886053, 19.862549, 0.27127537, 0.32461336, 0.34442398, 0.34676453, 0.34792233, 0.34890196, 0.34981602, 0.34971583, 0.34943026, 0.34931275, 0.52051580
0.19734570, 1.0000000, 0.42516556, 1.4371485, 5.4419527, 9.4295845, 9.6684418, 9.7862453, 9.8865337, 19.956865, 19.930532, 19.879440, 19.861496, 0.26436999, 0.30441615, 0.34429294, 0.34668383, 0.34786215, 0.34886524, 0.34978431, 0.34965265, 0.34939721, 0.34930748, 0.42516556
0.17353532, 1.0000000, 0.33889604, 0.92515051, 3.4335728, 9.4069414, 9.6518850, 9.7752466, 9.8804150, 19.948841, 19.918188, 19.874237, 19.860731, 0.25924960, 0.28433147, 0.34406355, 0.34651765, 0.34775186, 0.34880394, 0.34974420, 0.34959096, 0.34937119, 0.34930366, 0.33889604
0.15200643, 0.86955589, 0.26089287, 0.30761957, 2.3976505, 8.3443975, 9.6202059, 9.7549486, 9.8692446, 19.938189, 19.906435, 19.870132, 19.860157, 0.25307584, 0.27397487, 0.33344111, 0.34620142, 0.34754917, 0.34869233, 0.34969094, 0.34953219, 0.34935066, 0.34930080, 0.26089287
0.16450706, 1.0000000, 0.30618501, 1.4536291, 2.3722887, 7.5925961, 9.6304417, 9.7587481, 9.8684864, 19.928415, 19.896461, 19.867092, 19.859791, 0.26453459, 0.27372122, 0.32592329, 0.34630373, 0.34758714, 0.34868473, 0.34964207, 0.34948230, 0.34933546, 0.34929895, 0.30618501
0.19761369, 1.0000000, 0.42613655, 1.9097596, 4.7232838, 9.3617973, 9.6524267, 9.7707777, 9.8717022, 19.918634, 19.888058, 19.864809, 19.859533, 0.26909536, 0.29722953, 0.34361470, 0.34652358, 0.34770745, 0.34871691, 0.34959316, 0.34944028, 0.34932405, 0.34929767, 0.42613655
0.22342205, 1.0000000, 0.51964509, 2.6890755, 6.4871917, 9.4626083, 9.6796875, 9.7868376, 9.8768873, 19.909105, 19.881201, 19.863134, 19.859346, 0.27688882, 0.31486911, 0.34462404, 0.34679645, 0.34786817, 0.34876883, 0.34954554, 0.34940600, 0.34931567, 0.34929675, 0.51964509
0.19541252, 1.0000000, 0.41816121, 1.8382311, 4.5456347, 9.4213419, 9.6603088, 9.7762175, 9.8705606, 19.898521, 19.875277, 19.861816, 19.859251, 0.26838061, 0.29545385, 0.34421083, 0.34660256, 0.34776190, 0.34870550, 0.34949261, 0.34937638, 0.34930909, 0.34929627, 0.41816121
0.19360191, 1.0000000, 0.41160107, 2.7220428, 2.9518991, 9.2288456, 9.6528559, 9.7706881, 9.8662634, 19.889912, 19.870867, 19.860922, 19.859200, 0.27721593, 0.27951607, 0.34228387, 0.34652761, 0.34770641, 0.34866250, 0.34944957, 0.34935433, 0.34930462, 0.34929600, 0.41160107
0.19919887, 1.0000000, 0.43188000, 2.4762125, 4.0970864, 9.0989008, 9.6923838, 9.7920275, 9.8728752, 19.883673, 19.867765, 19.860340, 19.859175, 0.27475920, 0.29096797, 0.34098577, 0.34692314, 0.34791991, 0.34872863, 0.34941837, 0.34933883, 0.34930170, 0.34929588, 0.43188000
0.18528371, 1.0000000, 0.38146269, 2.0695508, 2.9730678, 9.3516455, 9.6480341, 9.7666397, 9.8597898, 19.875031, 19.864550, 19.859735, 19.859098, 0.27069494, 0.27973017, 0.34351569, 0.34648019, 0.34766629, 0.34859785, 0.34937516, 0.34932274, 0.34929869, 0.34929550, 0.38146269
0.21331447, 1.0000000, 0.48302346, 2.4706006, 5.6267939, 9.4636354, 9.7088232, 9.7987833, 9.8707476, 19.871408, 19.862997, 19.859539, 19.859087, 0.27470371, 0.30626482, 0.34463373, 0.34708768, 0.34798756, 0.34870738, 0.34935704, 0.34931499, 0.34929770, 0.34929544, 0.48302346
0.18863110, 1.0000000, 0.39359093, 1.7440885, 3.8735387, 9.4370708, 9.6755714, 9.7811670, 9.8625822, 19.866468, 19.861341, 19.859251, 19.859039, 0.26744041, 0.28873473, 0.34436995, 0.34675556, 0.34781158, 0.34862581, 0.34933233, 0.34930670, 0.34929627, 0.34929520, 0.39359093
0.16889779, 1.0000000, 0.32209343, 1.1432946, 2.7854829, 8.8561716, 9.6582804, 9.7697010, 9.8561602, 19.862375, 19.860085, 19.859045, 19.858992, 0.26143020, 0.27785081, 0.33855534, 0.34658140, 0.34769630, 0.34856135, 0.34931189, 0.34930041, 0.34929523, 0.34929496, 0.32209343
0.35068578, 1.0000000, 0.98074561, 9.8267784, 9.7348299, 9.8378267, 9.9598293, 9.9796209, 9.9926558, 19.999481, 19.999855, 19.999937, 19.987009, 0.34826076, 0.34734413, 0.34837615, 0.34959787, 0.34979600, 0.34992650, 0.34999740, 0.34999928, 0.34999970, 0.34993505, 0.98074561
0.34736758, 1.0000000, 0.96872306, 9.5620775, 9.7569141, 9.8706875, 9.9705334, 9.9851170, 9.9948673, 19.999849, 19.999958, 19.999956, 19.986019, 0.34561595, 0.34756619, 0.34870538, 0.34970504, 0.34985101, 0.34994861, 0.34999925, 0.34999979, 0.34999979, 0.34993011, 0.96872306
0.32429111, 1.0000000, 0.88511264, 8.1435766, 9.4492502, 9.6633492, 9.8770971, 9.9354715, 9.9753513, 19.997471, 19.999344, 19.998974, 19.962831, 0.33143365, 0.34449103, 0.34663275, 0.34877083, 0.34935462, 0.34975347, 0.34998736, 0.34999672, 0.34999487, 0.34981415, 0.88511264
0.28969234, 1.0000000, 0.75975478, 5.7324462, 9.3391533, 9.5817432, 9.8139219, 9.8963861, 9.9576988, 19.995136, 19.998735, 19.996059, 19.941620, 0.30732062, 0.34338778, 0.34581551, 0.34813884, 0.34896365, 0.34957692, 0.34997568, 0.34999368, 0.34998029, 0.34970811, 0.75975478
0.24778232, 1.0000000, 0.60790694, 2.9952109, 8.8961477, 9.4889364, 9.7423077, 9.8494501, 9.9339104, 19.991032, 19.997629, 19.990332, 19.923124, 0.27994871, 0.33895543, 0.34488615, 0.34742242, 0.34849417, 0.34933898, 0.34995514, 0.34998816, 0.34995165, 0.34961563, 0.60790694
0.22910188, 1.0000000, 0.54022419, 2.7940302, 6.9842582, 9.4802055, 9.7138290, 9.8255091, 9.9180822, 19.987532, 19.996473, 19.981707, 19.907751, 0.27793607, 0.31983623, 0.34479773, 0.34713739, 0.34825465, 0.34918067, 0.34993765, 0.34998238, 0.34990853, 0.34953874, 0.54022419
0.35599881, 1.0000000, 0.99999577, 9.9999990, 9.9999962, 9.9999962, 9.9999990, 9.9999990, 9.9999990, 19.999998, 19.999998, 19.999998, 19.998999, 0.34999943, 0.34999964, 0.34999979, 0.34999996, 0.34999996, 0.34999999, 0.34999999, 0.34999999, 0.34999999, 0.34999499, 0.99999577
0.35599524, 1.0000000, 0.99998271, 9.9998207, 9.9998922, 9.9999456, 9.9999905, 9.9999933, 9.9999990, 19.999998, 19.999998, 19.999998, 19.996996, 0.34999761, 0.34999856, 0.34999928, 0.34999987, 0.34999990, 0.34999999, 0.34999999, 0.34999999, 0.34999999, 0.34998497, 0.99998271
0.35599887, 1.0000000, 0.99999595, 9.9999990, 9.9999962, 9.9999962, 9.9999990, 9.9999990, 9.9999990, 19.999998, 19.999998, 19.999998, 19.998999, 0.34999946, 0.34999964, 0.34999982, 0.34999996, 0.34999996, 0.34999999, 0.34999999, 0.34999999, 0.34999999, 0.34999499, 0.99999595
0.34809947, 1.0000000, 0.97137481, 9.6441145, 9.7237339, 9.8405943, 9.9615784, 9.9805155, 9.9931879, 19.999731, 19.999928, 19.999908, 19.983068, 0.34644058, 0.34723699, 0.34840578, 0.34961575, 0.34980512, 0.34993190, 0.34999865, 0.34999964, 0.34999955, 0.34991533, 0.97137481
0.35599536, 1.0000000, 0.99998319, 9.9998264, 9.9998980, 9.9999485, 9.9999905, 9.9999933, 9.9999962, 19.999998, 19.999998, 19.999998, 19.996996, 0.34999767, 0.34999862, 0.34999931, 0.34999987, 0.34999990, 0.34999996, 0.34999999, 0.34999999, 0.34999999, 0.34998497, 0.99998319
0.33485806, 1.0000000, 0.92339873, 8.8585005, 9.5141096, 9.6947489, 9.9065237, 9.9515524, 9.9814911, 19.997906, 19.999451, 19.999769, 19.981062, 0.33858386, 0.34514037, 0.34694710, 0.34906515, 0.34951550, 0.34981492, 0.34998953, 0.34999725, 0.34999883, 0.34990531, 0.92339873
0.30010366, 1.0000000, 0.79747695, 6.4984360, 9.3226147, 9.5744944, 9.8203259, 9.9015303, 9.9597340, 19.994547, 19.998573, 19.998407, 19.958185, 0.31498027, 0.34322262, 0.34574312, 0.34820288, 0.34901512, 0.34959728, 0.34997272, 0.34999287, 0.34999204, 0.34979093, 0.79747695
0.26216877, 1.0000000, 0.66003168, 3.8096063, 9.2567339, 9.5201092, 9.7661819, 9.8647003, 9.9412670, 19.991747, 19.997839, 19.994940, 19.937477, 0.28809431, 0.34256476, 0.34519976, 0.34766155, 0.34864685, 0.34941262, 0.34995872, 0.34998921, 0.34997469, 0.34968740, 0.66003168
0.22574252, 1.0000000, 0.52805257, 2.3067741, 7.4104447, 9.4418850, 9.7021961, 9.8209372, 9.9176140, 19.987370, 19.996607, 19.988585, 19.919634, 0.27306581, 0.32410073, 0.34441647, 0.34702149, 0.34820914, 0.34917605, 0.34993684, 0.34998304, 0.34994292, 0.34959817, 0.52805257
0.20374988, 1.0000000, 0.44836912, 1.7255634, 5.7122173, 9.4646311, 9.7021666, 9.8144531, 9.9097681, 19.985163, 19.995680, 19.979475, 19.904945, 0.26725355, 0.30711806, 0.34464291, 0.34702098, 0.34814417, 0.34909755, 0.34992582, 0.34997839, 0.34989738, 0.34952474, 0.44836912
0.18072335, 1.0000000, 0.36493969, 1.1233181, 3.9471200, 9.4470263, 9.6836824, 9.8002653, 9.8998890, 19.982042, 19.993998, 19.967852, 19.893232, 0.26123014, 0.28946477, 0.34446257, 0.34683526, 0.34800184, 0.34899864, 0.34991020, 0.34996998, 0.34983927, 0.34946615, 0.36493969
0.35020798, 1.0000000, 0.97901434, 9.6976099, 9.8472595, 9.9207268, 9.9822016, 9.9910326, 9.9968357, 19.999832, 19.999958, 19.999969, 19.989016, 0.34697247, 0.34847039, 0.34920618, 0.34982178, 0.34991020, 0.34996834, 0.34999916, 0.34999979, 0.34999985, 0.34994507, 0.97901434
0.30774769, 1.0000000, 0.82517272, 7.0304313, 9.3414288, 9.6008530, 9.8581705, 9.9250536, 9.9702873, 19.995964, 19.998949, 19.999062, 19.965624, 0.32029787, 0.34340915, 0.34600589, 0.34858117, 0.34925026, 0.34970278, 0.34997982, 0.34999475, 0.34999532, 0.34982812, 0.82517272
0.26436490, 1.0000000, 0.66798866, 3.9726331, 9.2506208, 9.5183554, 9.7732239, 9.8718033, 9.9453716, 19.991747, 19.997852, 19.996311, 19.944078, 0.28972274, 0.34250119, 0.34518099, 0.34773171, 0.34871778, 0.34945363, 0.34995872, 0.34998927, 0.34998155, 0.34972039, 0.66798866
0.24719389, 1.0000000, 0.60577494, 2.9096274, 8.9381790, 9.5451441, 9.7537975, 9.8522940, 9.9322004, 19.988924, 19.997057, 19.991009, 19.925238, 0.27909338, 0.33937645, 0.34544861, 0.34753740, 0.34852263, 0.34932193, 0.34994462, 0.34998530, 0.34995505, 0.34962618, 0.60577494
0.24557705, 1.0000000, 0.59991688, 2.9269366, 8.6780939, 9.6103907, 9.7767525, 9.8602076, 9.9319944, 19.988377, 19.996702, 19.982948, 19.909536, 0.27926809, 0.33677864, 0.34610263, 0.34776726, 0.34860197, 0.34931991, 0.34994188, 0.34998351, 0.34991473, 0.34954768, 0.59991688
0.28087163, 1.0000000, 0.72779572, 5.1130137, 9.2935572, 9.6150179, 9.7851505, 9.8635950, 9.9318523, 19.988037, 19.995970, 19.972239, 19.896891, 0.30112973, 0.34293512, 0.34614995, 0.34785146, 0.34863591, 0.34931853, 0.34994018, 0.34997985, 0.34986120, 0.34948444, 0.72779572
0.35599422, 1.0000000, 0.99997902, 9.9997673, 9.9998589, 9.9999275, 9.9999876, 9.9999876, 9.9999800, 19.990595, 19.994175, 19.959478, 19.887016, 0.34999710, 0.34999827, 0.34999910, 0.34999985, 0.34999985, 0.34999979, 0.34995297, 0.34997088, 0.34979740, 0.34943509, 0.99997902
0.35599667, 1.0000000, 0.99998784, 9.9998894, 9.9999313, 9.9999666, 9.9999933, 9.9999933, 9.9999990, 19.999998, 19.999998, 19.999990, 19.993429, 0.34999833, 0.34999898, 0.34999949, 0.34999990, 0.34999990, 0.34999999, 0.34999999, 0.34999999, 0.34999996, 0.34996715, 0.99998784
0.35599202, 1.0000000, 0.99997109, 9.9996567, 9.9997940, 9.9998951, 9.9999819, 9.9999847, 9.9999990, 19.999998, 19.999998, 19.999996, 19.993994, 0.34999603, 0.34999761, 0.34999880, 0.34999979, 0.34999982, 0.34999999, 0.34999999, 0.34999999, 0.34999996, 0.34996998, 0.99997109
0.35467303, 1.0000000, 0.99519211, 9.9332209, 9.9613981, 9.9805355, 9.9960737, 9.9980268, 9.9993439, 19.999998, 19.999998, 19.999989, 19.991005, 0.34933168, 0.34961364, 0.34980521, 0.34996071, 0.34998024, 0.34999344, 0.34999999, 0.34999999, 0.34999993, 0.34995502, 0.99519211
0.35599053, 1.0000000, 0.99996549, 9.9996300, 9.9997702, 9.9998865, 9.9999790, 9.9999876, 9.9999990, 19.999998, 19.999998, 19.999998, 19.994993, 0.34999529, 0.34999707, 0.34999856, 0.34999973, 0.34999985, 0.34999999, 0.34999999, 0.34999999, 0.34999999, 0.34997496, 0.99996549
0.35600001, 1.0000000, 1.0000000, 9.9999990, 9.9999990, 9.9999990, 9.9999990, 9.9999990, 9.9999990, 19.999998, 19.999998, 19.999998, 19.997997, 0.34999999, 0.34999999, 0.34999999, 0.34999999, 0.34999999, 0.34999999, 0.34999999, 0.34999999, 0.34999999, 0.34998998, 1.0000000
0.35551357, 1.0000000, 0.99823749, 9.9756536, 9.9856176, 9.9927835, 9.9985485, 9.9992723, 9.9997606, 19.999998, 19.999998, 19.999989, 19.991005, 0.34975654, 0.34985617, 0.34992784, 0.34998548, 0.34999272, 0.34999761, 0.34999999, 0.34999999, 0.34999993, 0.34995502, 0.99823749
0.35599405, 1.0000000, 0.99997848, 9.9997635, 9.9998560, 9.9999247, 9.9999876, 9.9999876, 9.9999990, 19.999998, 19.999998, 19.999998, 19.994993, 0.34999704, 0.34999821, 0.34999907, 0.34999985, 0.34999985, 0.34999999, 0.34999999, 0.34999999, 0.34999999, 0.34997496, 0.99997848
0.35599887, 1.0000000, 0.99999589, 9.9999990, 9.9999990, 9.9999990, 9.9999990, 9.9999990, 9.9999990, 19.999998, 19.999998, 19.999998, 19.998999, 0.34999943, 0.34999967, 0.34999982, 0.34999996, 0.34999996, 0.34999999, 0.34999999, 0.34999999, 0.34999999, 0.34999499, 0.99999589
0.33851767, 1.0000000, 0.93665820, 9.1070032, 9.5259285, 9.7242594, 9.9149323, 9.9559040, 9.9830494, 19.997961, 19.999474, 19.999630, 19.975210, 0.34106949, 0.34525895, 0.34724241, 0.34914929, 0.34955901, 0.34983051, 0.34998980, 0.34999737, 0.34999815, 0.34987605, 0.93665820
0.30765384, 1.0000000, 0.82483280, 6.9898996, 9.3873262, 9.6208677, 9.8492270, 9.9180794, 9.9672670, 19.996077, 19.998985, 19.997936, 19.952814, 0.31989855, 0.34387290, 0.34620851, 0.34849223, 0.34918076, 0.34967268, 0.34998038, 0.34999493, 0.34998968, 0.34976408, 0.82483280
0.26485786, 1.0000000, 0.66977483, 4.0033183, 9.2570963, 9.5213404, 9.7720890, 9.8696518, 9.9446182, 19.992819, 19.998131, 19.993795, 19.932756, 0.29003152, 0.34256864, 0.34521222, 0.34772065, 0.34869641, 0.34944615, 0.34996408, 0.34999067, 0.34996897, 0.34966379, 0.66977483
0.25256693, 1.0000000, 0.62524241, 3.2262478, 9.0796986, 9.5083761, 9.7375412, 9.8424664, 9.9283581, 19.989979, 19.997280, 19.986807, 19.915703, 0.28226012, 0.34079298, 0.34508169, 0.34737501, 0.34842446, 0.34928352, 0.34994990, 0.34998640, 0.34993404, 0.34957850, 0.62524241
0.26083183, 1.0000000, 0.65518779, 3.6911931, 9.2853565, 9.5403633, 9.7464266, 9.8424578, 9.9241838, 19.988661, 19.996511, 19.977076, 19.901764, 0.28691164, 0.34285313, 0.34540340, 0.34746420, 0.34842455, 0.34924185, 0.34994331, 0.34998256, 0.34988537, 0.34950882, 0.65518779
0.23304605, 1.0000000, 0.55451465, 2.4681001, 7.9954686, 9.4927588, 9.7231102, 9.8270035, 9.9149399, 19.986441, 19.994923, 19.964972, 19.890755, 0.27467996, 0.32995266, 0.34492639, 0.34723085, 0.34826991, 0.34914938, 0.34993219, 0.34997460, 0.34982485, 0.34945378, 0.55451465
0.21064068, 1.0000000, 0.47333583, 1.8433839, 6.3309011, 9.4960423, 9.7128935, 9.8183413, 9.9082069, 19.983635, 19.992096, 19.951380, 19.882315, 0.26843226, 0.31330580, 0.34495801, 0.34712842, 0.34818318, 0.34908196, 0.34991819, 0.34996048, 0.34975690, 0.34941158, 0.47333583
0.35593629, 1.0000000, 0.99976903, 9.9974003, 9.9984407, 9.9992189, 9.9998446, 9.9999189, 9.9999752, 19.999998, 19.999998, 19.999996, 19.993994, 0.34996822, 0.34998095, 0.34999046, 0.34999809, 0.34999901, 0.34999970, 0.34999999, 0.34999999, 0.34999996, 0.34996998, 0.99976903
0.35599560, 1.0000000, 0.99998391, 9.9998360, 9.9999008, 9.9999456, 9.9999905, 9.9999905, 9.9999990, 19.999998, 19.999998, 19.999998, 19.995995, 0.34999779, 0.34999868, 0.34999928, 0.34999987, 0.34999987, 0.34999999, 0.34999999, 0.34999999, 0.34999999, 0.34997997, 0.99998391
0.35599291, 1.0000000, 0.99997419, 9.9997044, 9.9998207, 9.9999132, 9.9999819, 9.9999876, 9.9999962, 19.999998, 19.999998, 19.999998, 19.995995, 0.34999645, 0.34999785, 0.34999895, 0.34999979, 0.34999985, 0.34999996, 0.34999999, 0.34999999, 0.34999999, 0.34997997, 0.99997419
0.32803085, 1.0000000, 0.89866251, 8.3569183, 9.5121822, 9.7184553, 9.9169731, 9.9571390, 9.9838810, 19.998383, 19.999577, 19.999662, 19.975988, 0.33356860, 0.34512144, 0.34718436, 0.34916970, 0.34957138, 0.34983879, 0.34999192, 0.34999788, 0.34999830, 0.34987995, 0.89866251
0.35596782, 1.0000000, 0.99988323, 9.9987926, 9.9992723, 9.9996386, 9.9999275, 9.9999638, 9.9999847, 19.999998, 19.999998, 19.999998, 19.994993, 0.34998393, 0.34999034, 0.34999520, 0.34999904, 0.34999952, 0.34999982, 0.34999999, 0.34999999, 0.34999999, 0.34997496, 0.99988323
0.32879177, 1.0000000, 0.90141940, 8.4247408, 9.4976072, 9.7074099, 9.9089832, 9.9527693, 9.9817400, 19.997715, 19.999397, 19.999674, 19.978123, 0.33424687, 0.34497571, 0.34707391, 0.34908980, 0.34952766, 0.34981740, 0.34998858, 0.34999698, 0.34999835, 0.34989062, 0.90141940
0.29055452, 1.0000000, 0.76287866, 5.8020940, 9.3273487, 9.5778866, 9.8225384, 9.9027081, 9.9603004, 19.994678, 19.998604, 19.998121, 19.955473, 0.30801901, 0.34327161, 0.34577793, 0.34822518, 0.34902701, 0.34960297, 0.34997338, 0.34999302, 0.34999061, 0.34977737, 0.76287866
0.26590532, 1.0000000, 0.67356998, 3.9833150, 9.3752003, 9.5978794, 9.8043871, 9.8864231, 9.9511003, 19.993711, 19.998358, 19.994473, 19.935125, 0.28982946, 0.34374678, 0.34597611, 0.34804332, 0.34886396, 0.34951091, 0.34996855, 0.34999180, 0.34997237, 0.34967563, 0.67356998
0.35596430, 1.0000000, 0.99987066, 9.9995050, 9.9996986, 9.9998503, 9.9999666, 9.9999847, 9.9999933, 19.999998, 19.999998, 19.999998, 19.997997, 0.34998223, 0.34998930, 0.34999466, 0.34999889, 0.34999946, 0.34999982, 0.34999999, 0.34999999, 0.34999999, 0.34998998, 0.99987066
0.35599881, 1.0000000, 0.99999565, 9.9999990, 9.9999990, 9.9999990, 9.9999990, 9.9999990, 9.9999990, 19.999998, 19.999998, 19.999998, 19.998999, 0.34999940, 0.34999964, 0.34999982, 0.34999996, 0.34999996, 0.34999999, 0.34999999, 0.34999999, 0.34999999, 0.34999499, 0.99999565
0.35599375, 1.0000000, 0.99997723, 9.9999990, 9.9999990, 9.9999990, 9.9999962, 9.9999990, 9.9999990, 19.999998, 19.999998, 19.999998, 19.998999, 0.34999686, 0.34999812, 0.34999907, 0.34999979, 0.34999990, 0.34999996, 0.34999999, 0.34999999, 0.34999999, 0.34999499, 0.99997723
0.35599774, 1.0000000, 0.99999177, 9.9999456, 9.9999666, 9.9999819, 9.9999962, 9.9999962, 9.9999990, 19.999998, 19.999998, 19.999998, 19.997997, 0.34999886, 0.34999931, 0.34999964, 0.34999993, 0.34999993, 0.34999999, 0.34999999, 0.34999999, 0.34999999, 0.34998998, 0.99999177
0.32733709, 1.0000000, 0.89614874, 8.3109541, 9.5073090, 9.7146235, 9.9138117, 9.9553957, 9.9829960, 19.998079, 19.999498, 19.999599, 19.974239, 0.33310905, 0.34507278, 0.34714606, 0.34913808, 0.34955391, 0.34982997, 0.34999040, 0.34999749, 0.34999800, 0.34987119, 0.89614874
0.29193765, 1.0000000, 0.76788992, 5.8815494, 9.3513784, 9.5951471, 9.8358583, 9.9104977, 9.9643993, 19.996071, 19.998980, 19.997808, 19.951929, 0.30881414, 0.34351251, 0.34595081, 0.34835842, 0.34910491, 0.34964398, 0.34998035, 0.34999490, 0.34998906, 0.34975964, 0.76788992
0.28321451, 1.0000000, 0.73628438, 5.3244104, 9.2692375, 9.5274267, 9.7727413, 9.8692484, 9.9448662, 19.993927, 19.998411, 19.993649, 19.932011, 0.30324197, 0.34269011, 0.34527311, 0.34772718, 0.34869236, 0.34944862, 0.34996963, 0.34999207, 0.34996825, 0.34966004, 0.73628438
0.28396910, 1.0000000, 0.73901844, 5.3221588, 9.3433685, 9.5689049, 9.7733746, 9.8632469, 9.9383535, 19.993063, 19.998108, 19.986681, 19.915108, 0.30322066, 0.34343269, 0.34568855, 0.34773365, 0.34863240, 0.34938350, 0.34996530, 0.34999055, 0.34993342, 0.34957555, 0.73901844
0.27023137, 1.0000000, 0.68924409, 4.2969832, 9.3836918, 9.5892658, 9.7723732, 9.8589888, 9.9327812, 19.991413, 19.997267, 19.976833, 19.901299, 0.29296714, 0.34383339, 0.34589088, 0.34772336, 0.34858972, 0.34932774, 0.34995705, 0.34998634, 0.34988415, 0.34950650, 0.68924409
0.24327990, 1.0000000, 0.59159380, 2.8602452, 8.5532837, 9.5344582, 9.7484283, 9.8435001, 9.9238033, 19.989370, 19.995701, 19.964668, 19.890423, 0.27860191, 0.33553189, 0.34534404, 0.34748417, 0.34843493, 0.34923801, 0.34994686, 0.34997851, 0.34982336, 0.34945211, 0.59159380
0.28475440, 1.0000000, 0.74186367, 5.3871107, 9.3254786, 9.5823689, 9.7651358, 9.8506460, 9.9246445, 19.988468, 19.993382, 19.951160, 19.882097, 0.30386826, 0.34325182, 0.34582219, 0.34765106, 0.34850630, 0.34924638, 0.34994233, 0.34996691, 0.34975579, 0.34941047, 0.74186367
0.34263074, 1.0000000, 0.95156074, 9.5637941, 9.3583727, 9.5741320, 9.7631149, 9.8489799, 9.9228563, 19.987072, 19.989368, 19.937202, 19.875826, 0.34563565, 0.34358239, 0.34574065, 0.34763101, 0.34848973, 0.34922853, 0.34993535, 0.34994686, 0.34968603, 0.34937912, 0.95156074
0.35493129, 1.0000000, 0.99612784, 9.9999990, 9.9947710, 9.7757721, 9.9103613, 9.9535141, 9.9820137, 19.997734, 19.999414, 19.999765, 19.983032, 0.34999940, 0.34994736, 0.34775755, 0.34910360, 0.34953511, 0.34982014, 0.34998867, 0.34999707, 0.34999883, 0.34991515, 0.99612784
0.35013527, 1.0000000, 0.97875082, 9.9222345, 9.6164675, 9.6504488, 9.8570747, 9.9221802, 9.9692307, 19.996738, 19.999159, 19.998724, 19.960054, 0.34921530, 0.34616056, 0.34650242, 0.34857035, 0.34922159, 0.34969226, 0.34998369, 0.34999579, 0.34999362, 0.34980029, 0.97875082
0.35599768, 1.0000000, 0.99999154, 9.9999428, 9.9999666, 9.9999819, 9.9999962, 9.9999962, 9.9999990, 19.999998, 19.999998, 19.999998, 19.997997, 0.34999883, 0.34999931, 0.34999964, 0.34999993, 0.34999993, 0.34999999, 0.34999999, 0.34999999, 0.34999999, 0.34998998, 0.99999154
0.35599881, 1.0000000, 0.99999559, 9.9999990, 9.9999962, 9.9999990, 9.9999990, 9.9999990, 9.9999990, 19.999998, 19.999998, 19.999998, 19.998999, 0.34999940, 0.34999961, 0.34999982, 0.34999996, 0.34999996, 0.34999999, 0.34999999, 0.34999999, 0.34999999, 0.34999499, 0.99999559
0.35381573, 1.0000000, 0.99208599, 9.8891592, 9.9378176, 9.9684401, 9.9935474, 9.9967575, 9.9989204, 19.999998, 19.999998, 19.999907, 19.981915, 0.34889042, 0.34937748, 0.34968406, 0.34993541, 0.34996754, 0.34998921, 0.34999999, 0.34999999, 0.34999955, 0.34990957, 0.99208599
0.35588968, 1.0000000, 0.99960011, 9.9962788, 9.9977684, 9.9988823, 9.9997759, 9.9998894, 9.9999638, 19.999998, 19.999998, 19.999998, 19.996996, 0.34994501, 0.34996700, 0.34998348, 0.34999669, 0.34999835, 0.34999946, 0.34999999, 0.34999999, 0.34999999, 0.34998497, 0.99960011
0.35599905, 1.0000000, 0.99999648, 9.9999990, 9.9999990, 9.9999990, 9.9999990, 9.9999990, 9.9999990, 19.999998, 19.999998, 19.999998, 19.998999, 0.34999952, 0.34999970, 0.34999985, 0.34999996, 0.34999999, 0.34999999, 0.34999999, 0.34999999, 0.34999999, 0.34999499, 0.99999648
0.35599786, 1.0000000, 0.99999219, 9.9999962, 9.9999962, 9.9999990, 9.9999990, 9.9999990, 9.9999990, 19.999998, 19.999998, 19.999998, 19.998999, 0.34999892, 0.34999934, 0.34999970, 0.34999993, 0.34999996, 0.34999999, 0.34999999, 0.34999999, 0.34999999, 0.34999499, 0.99999219
0.33570427, 1.0000000, 0.92646462, 8.8382931, 9.6039314, 9.7772884, 9.9410563, 9.9698601, 9.9891663, 19.999336, 19.999826, 19.999741, 19.976204, 0.33838293, 0.34603932, 0.34777290, 0.34941056, 0.34969860, 0.34989166, 0.34999669, 0.34999913, 0.34999871, 0.34988102, 0.92646462
0.31008291, 1.0000000, 0.83363366, 7.1115088, 9.4514580, 9.6665640, 9.8823242, 9.9374151, 9.9765701, 19.998455, 19.999599, 19.998178, 19.953728, 0.32111192, 0.34451205, 0.34666437, 0.34882298, 0.34937403, 0.34976569, 0.34999228, 0.34999800, 0.34999090, 0.34976864, 0.83363366
0.27673146, 1.0000000, 0.71279514, 4.7944140, 9.3367500, 9.5806723, 9.8159199, 9.8973141, 9.9587002, 19.996292, 19.999037, 19.994219, 19.933563, 0.29794294, 0.34336612, 0.34580600, 0.34815904, 0.34897307, 0.34958696, 0.34998146, 0.34999520, 0.34997109, 0.34966782, 0.71279514
0.24741271, 1.0000000, 0.60656780, 2.9396713, 8.9074755, 9.5520115, 9.7780113, 9.8701839, 9.9445057, 19.994898, 19.998585, 19.987450, 19.916418, 0.27939406, 0.33906993, 0.34551752, 0.34777957, 0.34870157, 0.34944496, 0.34997448, 0.34999293, 0.34993726, 0.34958208, 0.60656780
0.22516404, 1.0000000, 0.52595663, 2.2999346, 7.3066216, 9.5202427, 9.7471113, 9.8473721, 9.9306450, 19.992592, 19.997633, 19.977789, 19.902330, 0.27299777, 0.32306316, 0.34520045, 0.34747070, 0.34847352, 0.34930640, 0.34996295, 0.34998816, 0.34988895, 0.34951165, 0.52595663
0.20581384, 1.0000000, 0.45584720, 1.7755955, 5.8512020, 9.5133324, 9.7334223, 9.8351030, 9.9212198, 19.990364, 19.996098, 19.965780, 19.891195, 0.26774985, 0.30849996, 0.34512353, 0.34733221, 0.34835002, 0.34921187, 0.34995180, 0.34998047, 0.34982890, 0.34945598, 0.45584720
0.18611063, 1.0000000, 0.38445878, 1.2569249, 4.3554387, 9.4814796, 9.7124805, 9.8200712, 9.9114199, 19.987642, 19.993399, 19.952248, 19.882668, 0.26256275, 0.29354089, 0.34480011, 0.34712180, 0.34819919, 0.34911370, 0.34993821, 0.34996700, 0.34976125, 0.34941334, 0.38445878
0.16788432, 1.0000000, 0.31842145, 0.80080032, 2.9826641, 9.3519201, 9.6941042, 9.8068113, 9.9029903, 19.984877, 19.989141, 19.938190, 19.876207, 0.25800097, 0.27981091, 0.34349453, 0.34693593, 0.34806553, 0.34902903, 0.34992439, 0.34994572, 0.34969094, 0.34938103, 0.31842145
0.15453181, 0.90005249, 0.27004275, 0.42324662, 2.4741828, 8.4041700, 9.6791553, 9.7958956, 9.8960981, 19.982065, 19.982977, 19.924515, 19.871424, 0.25422898, 0.27472961, 0.33402097, 0.34678680, 0.34795654, 0.34896019, 0.34991032, 0.34991488, 0.34962258, 0.34935713, 0.27004275
0.14315295, 0.76264054, 0.22881505, 0.13188124, 2.0351171, 7.5052705, 9.6725368, 9.7902765, 9.8919220, 19.979128, 19.974760, 19.911953, 19.867916, 0.25131780, 0.27034184, 0.32503548, 0.34672093, 0.34790054, 0.34891847, 0.34989566, 0.34987381, 0.34955975, 0.34933957, 0.22881505
0.13417035, 0.65416598, 0.19626942, 0.0000000, 1.6317338, 6.5848360, 9.6599035, 9.7818823, 9.8874283, 19.976166, 19.964710, 19.900940, 19.865347, 0.24998493, 0.26630911, 0.31583178, 0.34659418, 0.34781635, 0.34887344, 0.34988081, 0.34982353, 0.34950471, 0.34932673, 0.19626942
0.12711206, 0.56892926, 0.17069586, 0.0000000, 1.2571096, 5.6336861, 9.6413612, 9.7700691, 9.8815804, 19.972483, 19.953167, 19.891619, 19.863512, 0.24998493, 0.26256469, 0.30632246, 0.34640869, 0.34769818, 0.34881496, 0.34986240, 0.34976584, 0.34945810, 0.34931755, 0.17069586
0.12115774, 0.49702430, 0.14912221, 0.0000000, 0.96303821, 4.7853298, 9.6406765, 9.7684259, 9.8796377, 19.967882, 19.940826, 19.884003, 19.862190, 0.24998493, 0.25962147, 0.29783115, 0.34639785, 0.34767973, 0.34879485, 0.34983942, 0.34970415, 0.34942001, 0.34931093, 0.14912221
0.11550200, 0.42872521, 0.12863043, 0.0000000, 0.69873333, 3.9491105, 9.6289415, 9.7608881, 9.8755598, 19.961832, 19.928301, 19.877903, 19.861233, 0.24998493, 0.25698292, 0.28947869, 0.34628338, 0.34760579, 0.34875455, 0.34980917, 0.34964150, 0.34938952, 0.34930617, 0.12863043
0.10990460, 0.36113054, 0.10835000, 0.0000000, 0.45860112, 3.0833378, 9.6049633, 9.7457676, 9.8679895, 19.954210, 19.916281, 19.873121, 19.860556, 0.24998493, 0.25458312, 0.28082362, 0.34604356, 0.34745461, 0.34867886, 0.34977105, 0.34958142, 0.34936559, 0.34930277, 0.10835000
0.10578720, 0.31140852, 0.93431897E-1, 0.0000000, 0.26459992, 2.5562196, 9.2189112, 9.7281208, 9.8587074, 19.945408, 19.905340, 19.869427, 19.860085, 0.24998493, 0.25264362, 0.27555066, 0.34218079, 0.34727684, 0.34858558, 0.34972703, 0.34952670, 0.34934714, 0.34930041, 0.93431897E-1
0.10355717, 0.28447840, 0.85352056E-1, 0.0000000, 0.17780066, 2.2660999, 8.8324127, 9.7414265, 9.8625679, 19.936796, 19.896044, 19.866730, 19.859768, 0.24998493, 0.25177702, 0.27265480, 0.33831930, 0.34741160, 0.34862480, 0.34968397, 0.34948021, 0.34933364, 0.34929883, 0.85352056E-1
0.10027646, 0.24486025, 0.73465422E-1, 0.0000000, 0.49051642E-1, 1.8433630, 8.2908678, 9.7035761, 9.8449450, 19.926250, 19.887825, 19.864601, 19.859528, 0.24998493, 0.25049034, 0.26843014, 0.33290553, 0.34703392, 0.34844881, 0.34963125, 0.34943911, 0.34932300, 0.34929764, 0.73465422E-1
0.97822011E-1, 0.21522015, 0.64572506E-1, 0.0000000, 0.0000000, 1.4693886, 7.6999416, 9.6818314, 9.8319540, 19.915943, 19.881128, 19.863045, 19.859352, 0.24998493, 0.24999993, 0.26469031, 0.32699567, 0.34681597, 0.34831873, 0.34957972, 0.34940565, 0.34931523, 0.34929675, 0.64572506E-1
0.96096754E-1, 0.19438584, 0.58321584E-1, 0.0000000, 0.0000000, 1.1710107, 7.1132135, 9.6739845, 9.8252449, 19.906366, 19.875824, 19.861900, 19.859299, 0.24998493, 0.24999993, 0.26170671, 0.32112798, 0.34673700, 0.34825149, 0.34953183, 0.34937912, 0.34930950, 0.34929651, 0.58321584E-1
0.94807059E-1, 0.17881133, 0.53648762E-1, 0.0000000, 0.0000000, 0.96128285, 6.5991588, 9.6822739, 9.8267012, 19.897850, 19.871710, 19.861095, 19.859251, 0.24998493, 0.24999993, 0.25961056, 0.31598845, 0.34682044, 0.34826624, 0.34948924, 0.34935856, 0.34930548, 0.34929627, 0.53648762E-1
0.93743138E-1, 0.16596334, 0.49793981E-1, 0.0000000, 0.0000000, 0.79755783, 6.1285310, 9.6920223, 9.8292093, 19.890331, 19.868526, 19.860512, 19.859217, 0.24998493, 0.24999993, 0.25797206, 0.31127989, 0.34691593, 0.34829062, 0.34945166, 0.34934264, 0.34930256, 0.34929609, 0.49793981E-1
0.93166329E-1, 0.15899773, 0.47704089E-1, 0.0000000, 0.0000000, 0.71907938, 5.8000031, 9.7339125, 9.8453684, 19.884394, 19.866203, 19.860111, 19.859217, 0.24998493, 0.24999993, 0.25718823, 0.30799589, 0.34733564, 0.34845254, 0.34942198, 0.34933102, 0.34930056, 0.34929609, 0.47704089E-1
0.92054106E-1, 0.14556642, 0.43674294E-1, 0.0000000, 0.0000000, 0.55491626, 5.3076611, 9.6783609, 9.8227091, 19.878384, 19.864193, 19.859760, 19.859200, 0.24998493, 0.24999993, 0.25554860, 0.30307555, 0.34678262, 0.34822676, 0.34939191, 0.34932095, 0.34929880, 0.34929600, 0.43674294E-1
0.93903363E-1, 0.16789827, 0.50374519E-1, 0.16283691, 0.0000000, 0.50867498, 5.0285783, 9.7397413, 9.8450556, 19.874065, 19.862833, 19.859583, 19.859200, 0.25162625, 0.24999993, 0.25508478, 0.30028188, 0.34739363, 0.34844926, 0.34937033, 0.34931415, 0.34929791, 0.34929600, 0.50374519E-1
0.90616643E-1, 0.12820749, 0.38466092E-1, 0.0000000, 0.0000000, 0.36201179, 4.5429106, 9.6688766, 9.8159246, 19.868893, 19.861382, 19.859348, 19.859158, 0.24998640, 0.24999993, 0.25361860, 0.29542530, 0.34668472, 0.34815788, 0.34934446, 0.34930691, 0.34929675, 0.34929579, 0.38466092E-1
0.89627177E-1, 0.11625867, 0.34881089E-1, 0.0000000, 0.0000000, 0.23805499, 3.9853191, 9.6400986, 9.7996750, 19.864588, 19.860247, 19.859188, 19.859104, 0.24998640, 0.24999993, 0.25237876, 0.28984722, 0.34639376, 0.34799430, 0.34932294, 0.34930122, 0.34929594, 0.34929553, 0.34881089E-1
0.88858455E-1, 0.10697547, 0.32095850E-1, 0.0000000, 0.0000000, 0.15317798, 3.4799528, 9.6463823, 9.7999649, 19.861467, 19.859463, 19.859051, 19.859064, 0.24998640, 0.24999993, 0.25152892, 0.28478646, 0.34644571, 0.34799349, 0.34930733, 0.34929731, 0.34929526, 0.34929532, 0.32095850E-1
0.88062651E-1, 0.97365320E-1, 0.29212518E-1, 0.0000000, 0.0000000, 0.71981549E-1, 2.9757440, 9.5486755, 9.7856445, 19.858736, 19.858767, 19.858892, 19.859022, 0.24998640, 0.24999993, 0.25071815, 0.27974376, 0.34546480, 0.34784895, 0.34929368, 0.34929383, 0.34929445, 0.34929511, 0.29212518E-1
0.87395899E-1, 0.89313522E-1, 0.26796738E-1, 0.0000000, 0.0000000, 0.36865473E-2, 2.7479200, 9.0824509, 9.7680473, 19.856373, 19.858183, 19.858757, 19.858974, 0.24998640, 0.24999993, 0.25003675, 0.27746215, 0.34079635, 0.34767038, 0.34928185, 0.34929091, 0.34929377, 0.34929487, 0.26796738E-1
0.87149680E-1, 0.86340144E-1, 0.25904633E-1, 0.0000000, 0.0000000, 0.0000000, 2.6231349, 8.7666235, 9.7900963, 19.856144, 19.858154, 19.858757, 19.858955, 0.24998640, 0.24999993, 0.24999963, 0.27621457, 0.33763823, 0.34789053, 0.34928071, 0.34929079, 0.34929377, 0.34929478, 0.25904633E-1
0.86934723E-1, 0.83744317E-1, 0.25125807E-1, 0.0000000, 0.0000000, 0.0000000, 2.5039554, 8.4787292, 9.7987490, 19.855583, 19.858030, 19.858690, 19.858929, 0.24998640, 0.24999993, 0.24999963, 0.27503353, 0.33477712, 0.34798354, 0.34927791, 0.34929016, 0.34929344, 0.34929463, 0.25125807E-1
0.86694002E-1, 0.80837369E-1, 0.24253637E-1, 0.0000000, 0.0000000, 0.0000000, 2.3702443, 8.1668711, 9.7943897, 19.854971, 19.857904, 19.858614, 19.858904, 0.24998640, 0.24999993, 0.24999963, 0.27369469, 0.33165532, 0.34793857, 0.34927484, 0.34928954, 0.34929305, 0.34929451, 0.24253637E-1
0.86470261E-1, 0.78135423E-1, 0.23442972E-1, 0.0000000, 0.0000000, 0.0000000, 2.2490888, 7.8694639, 9.7946186, 19.854681, 19.857836, 19.858566, 19.858875, 0.24998640, 0.24999993, 0.24999963, 0.27248120, 0.32867768, 0.34793916, 0.34927341, 0.34928918, 0.34929281, 0.34929436, 0.23442972E-1
0.86186074E-1, 0.74703567E-1, 0.22413312E-1, 0.0000000, 0.0000000, 0.0000000, 2.0906389, 7.5046916, 9.7781315, 19.853584, 19.857527, 19.858479, 19.858839, 0.24998640, 0.24999993, 0.24999963, 0.27089864, 0.32503304, 0.34777528, 0.34926793, 0.34928763, 0.34929240, 0.34929419, 0.22413312E-1
0.85819446E-1, 0.70276134E-1, 0.21084949E-1, 0.0000000, 0.0000000, 0.0000000, 1.8893987, 7.0315962, 9.7498016, 19.852291, 19.857157, 19.858425, 19.858828, 0.24998640, 0.24999993, 0.24999963, 0.26888508, 0.32029939, 0.34749034, 0.34926146, 0.34928578, 0.34929213, 0.34929413, 0.21084949E-1
0.85475557E-1, 0.66123337E-1, 0.19838985E-1, 0.0000000, 0.0000000, 0.0000000, 1.7092258, 6.5650105, 9.7431831, 19.851503, 19.856960, 19.858402, 19.858805, 0.24998640, 0.24999993, 0.24999963, 0.26707998, 0.31562653, 0.34742019, 0.34925753, 0.34928480, 0.34929201, 0.34929401, 0.19838985E-1
0.85271388E-1, 0.63657738E-1, 0.19099232E-1, 0.0000000, 0.0000000, 0.0000000, 1.6119212, 6.2552004, 9.7742510, 19.852034, 19.857067, 19.858408, 19.858805, 0.24998640, 0.24999993, 0.24999963, 0.26610914, 0.31253248, 0.34773234, 0.34926015, 0.34928533, 0.34929204, 0.34929401, 0.19099232E-1
0.85035883E-1, 0.60813751E-1, 0.18245950E-1, 0.0000000, 0.0000000, 0.0000000, 1.4957011, 5.9178357, 9.7708979, 19.852310, 19.857121, 19.858408, 19.858805, 0.24998640, 0.24999993, 0.24999963, 0.26495185, 0.30916816, 0.34770337, 0.34926155, 0.34928560, 0.34929204, 0.34929401, 0.18245950E-1
0.84842406E-1, 0.58477327E-1, 0.17544953E-1, 0.0000000, 0.0000000, 0.0000000, 1.4038175, 5.6302457, 9.7798414, 19.852604, 19.857197, 19.858414, 19.858805, 0.24998640, 0.24999993, 0.24999963, 0.26403546, 0.30629700, 0.34779525, 0.34926301, 0.34928599, 0.34929207, 0.34929401, 0.17544953E-1
0.84587693E-1, 0.55401396E-1, 0.16622081E-1, 0.0000000, 0.0000000, 0.0000000, 1.2802750, 5.2709332, 9.7597294, 19.852451, 19.857149, 19.858377, 19.858805, 0.24998640, 0.24999993, 0.24999963, 0.26279530, 0.30269399, 0.34758782, 0.34926227, 0.34928575, 0.34929189, 0.34929401, 0.16622081E-1
0.84290102E-1, 0.51807646E-1, 0.15543848E-1, 0.0000000, 0.0000000, 0.0000000, 1.1354536, 4.8473201, 9.7377472, 19.851467, 19.856915, 19.858313, 19.858805, 0.24998640, 0.24999993, 0.24999963, 0.26135111, 0.29846591, 0.34737259, 0.34925735, 0.34928459, 0.34929156, 0.34929401, 0.15543848E-1
0.83964668E-1, 0.47877662E-1, 0.14364735E-1, 0.0000000, 0.0000000, 0.0000000, 0.98273456, 4.3747854, 9.7169142, 19.850336, 19.856594, 19.858236, 19.858805, 0.24998640, 0.24999993, 0.24999963, 0.25982162, 0.29373509, 0.34715968, 0.34925169, 0.34928298, 0.34929118, 0.34929401, 0.14364735E-1
0.83645321E-1, 0.44021245E-1, 0.13207695E-1, 0.0000000, 0.0000000, 0.0000000, 0.83892047, 3.8941598, 9.7068443, 19.849304, 19.856331, 19.858189, 19.858805, 0.24998640, 0.24999993, 0.24999963, 0.25838420, 0.28892997, 0.34705877, 0.34924653, 0.34928167, 0.34929094, 0.34929401, 0.13207695E-1
0.83361417E-1, 0.40592812E-1, 0.12179062E-1, 0.0000000, 0.0000000, 0.0000000, 0.72316229, 3.4413385, 9.7060757, 19.849586, 19.856396, 19.858200, 19.858805, 0.24998640, 0.24999993, 0.24999963, 0.25722450, 0.28439647, 0.34704483, 0.34924793, 0.34928197, 0.34929100, 0.34929401, 0.12179062E-1
0.83159715E-1, 0.38157046E-1, 0.11448259E-1, 0.0000000, 0.0000000, 0.0000000, 0.64916313, 3.0935745, 9.7324142, 19.850534, 19.856619, 19.858261, 19.858805, 0.24998640, 0.24999993, 0.24999963, 0.25648421, 0.28091809, 0.34730563, 0.34925267, 0.34928310, 0.34929129, 0.34929401, 0.11448259E-1
0.82940392E-1, 0.35508435E-1, 0.10653596E-1, 0.0000000, 0.0000000, 0.0000000, 0.54771006, 2.8254299, 9.5505037, 19.850613, 19.856630, 19.858267, 19.858805, 0.24998640, 0.24999993, 0.24999963, 0.25547358, 0.27824521, 0.34549478, 0.34925306, 0.34928316, 0.34929132, 0.34929401, 0.10653596E-1
0.82725257E-1, 0.32910444E-1, 0.98741204E-2, 0.0000000, 0.0000000, 0.0000000, 0.44345558, 2.6040525, 9.2777605, 19.850105, 19.856514, 19.858225, 19.858805, 0.24998640, 0.24999993, 0.24999963, 0.25443324, 0.27603665, 0.34277299, 0.34925053, 0.34928256, 0.34929112, 0.34929401, 0.98741204E-2
0.82559839E-1, 0.30912818E-1, 0.92747733E-2, 0.0000000, 0.0000000, 0.0000000, 0.37065148, 2.4284124, 9.0449591, 19.850523, 19.856619, 19.858250, 19.858805, 0.24998640, 0.24999993, 0.24999963, 0.25370422, 0.27427661, 0.34044030, 0.34925261, 0.34928310, 0.34929127, 0.34929401, 0.92747733E-2
0.10023570, 0.24436803, 0.73317744E-1, 1.2879014, 0.0000000, 0.0000000, 0.34588575, 2.3561506, 8.9293976, 19.852127, 19.857050, 19.858372, 19.858805, 0.26285630, 0.24999993, 0.24999963, 0.25345850, 0.27356026, 0.33929241, 0.34926063, 0.34928524, 0.34929186, 0.34929401, 0.73317744E-1
0.10249688, 0.27167431, 0.81510447E-1, 1.4504045, 0.0000000, 0.0000000, 0.34173131, 2.3481102, 8.8940725, 19.853470, 19.857416, 19.858423, 19.858805, 0.26450321, 0.24999993, 0.24999963, 0.25341731, 0.27348107, 0.33894068, 0.34926736, 0.34928709, 0.34929210, 0.34929401, 0.81510447E-1
0.98064013E-1, 0.21814260, 0.65449327E-1, 1.1309803, 0.0000000, 0.0000000, 0.32831430, 2.3299158, 8.8490620, 19.853878, 19.857492, 19.858423, 19.858805, 0.26130900, 0.24999993, 0.24999963, 0.25328314, 0.27329910, 0.33849055, 0.34926939, 0.34928745, 0.34929210, 0.34929401, 0.65449327E-1
0.91905259E-1, 0.14376897, 0.43135006E-1, 0.68762302, 0.0000000, 0.0000000, 0.30718744, 2.2970676, 8.7871590, 19.853813, 19.857431, 19.858414, 19.858805, 0.25687486, 0.24999993, 0.24999963, 0.25307184, 0.27297053, 0.33787140, 0.34926906, 0.34928715, 0.34929207, 0.34929401, 0.43135006E-1
0.85882366E-1, 0.71035981E-1, 0.21312926E-1, 0.25694668, 0.0000000, 0.0000000, 0.27444959, 2.2463262, 8.7052345, 19.853024, 19.857237, 19.858355, 19.858805, 0.25255373, 0.24999993, 0.24999963, 0.25274348, 0.27245915, 0.33704701, 0.34926513, 0.34928620, 0.34929177, 0.34929401, 0.21312926E-1
0.84453046E-1, 0.53775359E-1, 0.16134221E-1, 0.15450120, 0.0000000, 0.0000000, 0.26364625, 2.2272558, 8.6575861, 19.853735, 19.857416, 19.858423, 19.858805, 0.25153497, 0.24999993, 0.24999963, 0.25263545, 0.27226821, 0.33657023, 0.34926867, 0.34928709, 0.34929210, 0.34929401, 0.16134221E-1
0.83741583E-1, 0.45183681E-1, 0.13556460E-1, 0.10292828, 0.0000000, 0.0000000, 0.25693178, 2.2201567, 8.6251316, 19.854364, 19.857580, 19.858423, 19.858805, 0.25102860, 0.24999993, 0.24999963, 0.25256923, 0.27220112, 0.33625072, 0.34927183, 0.34928790, 0.34929210, 0.34929401, 0.13556460E-1
0.82218148E-1, 0.26786551E-1, 0.80367690E-2, 0.0000000, 0.0000000, 0.0000000, 0.20784736, 2.1168053, 8.4761562, 19.852819, 19.857180, 19.858313, 19.858805, 0.24998911, 0.24999993, 0.24999963, 0.25207844, 0.27116781, 0.33476126, 0.34926409, 0.34928590, 0.34929156, 0.34929401, 0.80367690E-2
0.82133040E-1, 0.25758775E-1, 0.77284053E-2, 0.0000000, 0.0000000, 0.0000000, 0.17085075, 2.0303011, 8.3432598, 19.852209, 19.857014, 19.858307, 19.858805, 0.24999386, 0.24999993, 0.24999963, 0.25170773, 0.27029845, 0.33342636, 0.34926105, 0.34928507, 0.34929153, 0.34929401, 0.77284053E-2
0.82021818E-1, 0.24415679E-1, 0.73254365E-2, 0.0000000, 0.0000000, 0.0000000, 0.12444556, 1.9132733, 8.1678371, 19.851101, 19.856737, 19.858250, 19.858805, 0.24999386, 0.24999993, 0.24999963, 0.25124359, 0.26912609, 0.33166891, 0.34925550, 0.34928370, 0.34929127, 0.34929401, 0.73254365E-2
0.81934482E-1, 0.23361024E-1, 0.70090080E-2, 0.0000000, 0.0000000, 0.0000000, 0.94756484E-1, 1.8147856, 8.0081720, 19.851267, 19.856783, 19.858284, 19.858805, 0.24999386, 0.24999993, 0.24999963, 0.25094694, 0.26814187, 0.33007291, 0.34925634, 0.34928390, 0.34929141, 0.34929401, 0.70090080E-2
0.81912689E-1, 0.23097858E-1, 0.69300504E-2, 0.0000000, 0.0000000, 0.0000000, 0.87252259E-1, 1.7941266, 7.9542060, 19.852499, 19.857101, 19.858383, 19.858805, 0.24999386, 0.24999993, 0.24999963, 0.25087252, 0.26794127, 0.32954207, 0.34926251, 0.34928551, 0.34929192, 0.34929401, 0.69300504E-2
0.81792071E-1, 0.21641223E-1, 0.64930161E-2, 0.0000000, 0.0000000, 0.0000000, 0.37375093E-1, 1.6677797, 7.7585640, 19.850384, 19.856571, 19.858242, 19.858768, 0.24999386, 0.24999993, 0.24999963, 0.25037375, 0.26667753, 0.32758522, 0.34925193, 0.34928286, 0.34929121, 0.34929383, 0.64930161E-2
0.81666410E-1, 0.20123720E-1, 0.60377200E-2, 0.0000000, 0.0000000, 0.0000000, 0.0000000, 1.5186012, 7.5231991, 19.847805, 19.855902, 19.858107, 19.858757, 0.24990499, 0.24999993, 0.24999963, 0.24999887, 0.26517835, 0.32521933, 0.34923902, 0.34927952, 0.34929055, 0.34929377, 0.60377200E-2
0.81561871E-1, 0.18861316E-1, 0.56589609E-2, 0.0000000, 0.0000000, 0.0000000, 0.0000000, 1.3564676, 7.2524242, 19.845663, 19.855358, 19.857996, 19.858709, 0.24990499, 0.24999993, 0.24999963, 0.24999887, 0.26355651, 0.32250968, 0.34922832, 0.34927678, 0.34928998, 0.34929353, 0.56589609E-2
0.81452325E-1, 0.17538428E-1, 0.52620550E-2, 0.0000000, 0.0000000, 0.0000000, 0.0000000, 1.1900097, 6.9578981, 19.843500, 19.854780, 19.857874, 19.858698, 0.24990499, 0.24999993, 0.24999963, 0.24999887, 0.26189238, 0.31956396, 0.34921750, 0.34927389, 0.34928936, 0.34929350, 0.52620550E-2
0.81346102E-1, 0.16255680E-1, 0.48771920E-2, 0.0000000, 0.0000000, 0.0000000, 0.0000000, 1.0340631, 6.6545119, 19.842470, 19.854509, 19.857796, 19.858698, 0.24990499, 0.24999993, 0.24999963, 0.24999887, 0.26033613, 0.31653544, 0.34921235, 0.34927255, 0.34928897, 0.34929350, 0.48771920E-2
0.81232570E-1, 0.14884644E-1, 0.44658398E-2, 0.0000000, 0.0000000, 0.0000000, 0.0000000, 0.87571740, 6.3063626, 19.842741, 19.854563, 19.857813, 19.858709, 0.24990499, 0.24999993, 0.24999963, 0.24999887, 0.25875378, 0.31305546, 0.34921372, 0.34927282, 0.34928906, 0.34929353, 0.44658398E-2
0.81143148E-1, 0.13804770E-1, 0.41418453E-2, 0.0000000, 0.0000000, 0.0000000, 0.0000000, 0.75618029, 6.0159874, 19.843334, 19.854723, 19.857849, 19.858709, 0.24990499, 0.24999993, 0.24999963, 0.24999887, 0.25756031, 0.31015596, 0.34921667, 0.34927362, 0.34928924, 0.34929353, 0.41418453E-2
0.81051469E-1, 0.12697639E-1, 0.38096728E-2, 0.0000000, 0.0000000, 0.0000000, 0.0000000, 0.63960254, 5.7018738, 19.844084, 19.854929, 19.857918, 19.858709, 0.24990499, 0.24999993, 0.24999963, 0.24999887, 0.25639379, 0.30701208, 0.34922042, 0.34927464, 0.34928960, 0.34929353, 0.38096728E-2
0.80975890E-1, 0.11784915E-1, 0.35358281E-2, 0.0000000, 0.0000000, 0.0000000, 0.0000000, 0.54811835, 5.4286513, 19.845015, 19.855175, 19.858013, 19.858709, 0.24990499, 0.24999993, 0.24999963, 0.24999887, 0.25547904, 0.30427945, 0.34922507, 0.34927589, 0.34929007, 0.34929353, 0.35358281E-2
0.80935672E-1, 0.11299235E-1, 0.33901096E-2, 0.0000000, 0.0000000, 0.0000000, 0.0000000, 0.50243139, 5.2735205, 19.846653, 19.855621, 19.858166, 19.858709, 0.24990499, 0.24999993, 0.24999963, 0.24999887, 0.25502339, 0.30273202, 0.34923327, 0.34927809, 0.34929082, 0.34929353, 0.33901096E-2
0.80884233E-1, 0.10678094E-1, 0.32037485E-2, 0.0000000, 0.0000000, 0.0000000, 0.0000000, 0.44352114, 5.0779839, 19.847025, 19.855738, 19.858166, 19.858709, 0.24990499, 0.24999993, 0.24999963, 0.24999887, 0.25443366, 0.30077398, 0.34923512, 0.34927869, 0.34929082, 0.34929353, 0.32037485E-2
0.80825917E-1, 0.99738352E-2, 0.29924498E-2, 0.0000000, 0.0000000, 0.0000000, 0.0000000, 0.37629604, 4.8571177, 19.846153, 19.855524, 19.858061, 19.858709, 0.24990499, 0.24999993, 0.24999963, 0.24999887, 0.25376144, 0.29856467, 0.34923077, 0.34927762, 0.34929031, 0.34929353, 0.29924498E-2
0.80765240E-1, 0.92410883E-2, 0.27726039E-2, 0.0000000, 0.0000000, 0.0000000, 0.0000000, 0.30699074, 4.6259799, 19.844465, 19.855095, 19.857954, 19.858709, 0.24990499, 0.24999993, 0.24999963, 0.24999887, 0.25306773, 0.29624888, 0.34922233, 0.34927547, 0.34928977, 0.34929353, 0.27726039E-2
0.80722973E-1, 0.87306704E-2, 0.26194633E-2, 0.0000000, 0.0000000, 0.0000000, 0.0000000, 0.26341975, 4.4509530, 19.844973, 19.855217, 19.858007, 19.858709, 0.24990499, 0.24999993, 0.24999963, 0.24999887, 0.25263155, 0.29449463, 0.34922487, 0.34927610, 0.34929004, 0.34929353, 0.26194633E-2
0.80661267E-1, 0.79855379E-2, 0.23959011E-2, 0.0000000, 0.0000000, 0.0000000, 0.0000000, 0.20610690, 4.1741562, 19.845257, 19.855295, 19.858042, 19.858709, 0.24990499, 0.24999993, 0.24999963, 0.24999887, 0.25206038, 0.29173687, 0.34922630, 0.34927648, 0.34929019, 0.34929353, 0.23959011E-2
0.80607347E-1, 0.73343785E-2, 0.22005336E-2, 0.0000000, 0.0000000, 0.0000000, 0.0000000, 0.15823245, 3.9275510, 19.845245, 19.855295, 19.858061, 19.858709, 0.24990499, 0.24999993, 0.24999963, 0.24999887, 0.25158128, 0.28926682, 0.34922624, 0.34927648, 0.34929031, 0.34929353, 0.22005336E-2
0.80567598E-1, 0.68543507E-2, 0.20565109E-2, 0.0000000, 0.0000000, 0.0000000, 0.0000000, 0.12106299, 3.7514124, 19.844816, 19.855171, 19.858047, 19.858709, 0.24990499, 0.24999993, 0.24999963, 0.24999887, 0.25120944, 0.28750190, 0.34922409, 0.34927586, 0.34929025, 0.34929353, 0.20565109E-2
0.80519848E-1, 0.62777037E-2, 0.18834994E-2, 0.0000000, 0.0000000, 0.0000000, 0.0000000, 0.77784061E-1, 3.5354123, 19.843372, 19.854788, 19.857943, 19.858704, 0.24990499, 0.24999993, 0.24999963, 0.24999887, 0.25077686, 0.28533942, 0.34921688, 0.34927395, 0.34928972, 0.34929353, 0.18834994E-2
0.80472767E-1, 0.57091815E-2, 0.17129258E-2, 0.0000000, 0.0000000, 0.0000000, 0.0000000, 0.35634637E-1, 3.3201537, 19.841545, 19.854311, 19.857801, 19.858692, 0.24990499, 0.24999993, 0.24999963, 0.24999887, 0.25035599, 0.28319055, 0.34920773, 0.34927157, 0.34928900, 0.34929347, 0.17129258E-2
0.80425791E-1, 0.51419367E-2, 0.15427353E-2, 0.0000000, 0.0000000, 0.0000000, 0.0000000, 0.0000000, 3.0880640, 19.839073, 19.853634, 19.857643, 19.858704, 0.24990499, 0.24999993, 0.24999963, 0.24999887, 0.24999996, 0.28085470, 0.34919474, 0.34926802, 0.34928820, 0.34929353, 0.15427353E-2
0.80382787E-1, 0.46225735E-2, 0.13869108E-2, 0.0000000, 0.0000000, 0.0000000, 0.0000000, 0.0000000, 2.7762055, 19.817307, 19.852896, 19.857471, 19.858664, 0.24990499, 0.24999993, 0.24999963, 0.24999887, 0.24999996, 0.27773821, 0.34908617, 0.34926438, 0.34928733, 0.34929332, 0.13869108E-2
0.80339111E-1, 0.40951599E-2, 0.12286708E-2, 0.0000000, 0.0000000, 0.0000000, 0.0000000, 0.0000000, 2.4587183, 19.783665, 19.852543, 19.857388, 19.858669, 0.24990499, 0.24999993, 0.24999963, 0.24999887, 0.24999996, 0.27457342, 0.34891832, 0.34926271, 0.34928694, 0.34929335, 0.12286708E-2
0.80294438E-1, 0.35556376E-2, 0.10667980E-2, 0.0000000, 0.0000000, 0.0000000, 0.0000000, 0.0000000, 2.1354885, 19.747911, 19.851847, 19.857225, 19.858635, 0.24990499, 0.24999993, 0.24999963, 0.24999887, 0.24999996, 0.27133596, 0.34873956, 0.34925923, 0.34928614, 0.34929317, 0.10667980E-2
0.80255061E-1, 0.30801743E-2, 0.92414476E-3, 0.0000000, 0.0000000, 0.0000000, 0.0000000, 0.0000000, 1.8522978, 19.710066, 19.850922, 19.856989, 19.858574, 0.24990499, 0.24999993, 0.24999963, 0.24999887, 0.24999996, 0.26848289, 0.34854871, 0.34925419, 0.34928483, 0.34929284, 0.92414476E-3
0.80219075E-1, 0.26455659E-2, 0.79374918E-3, 0.0000000, 0.0000000, 0.0000000, 0.0000000, 0.0000000, 1.5893459, 19.673338, 19.850521, 19.856895, 19.858574, 0.24990499, 0.24999993, 0.24999963, 0.24999887, 0.24999996, 0.26587498, 0.34836629, 0.34925252, 0.34928444, 0.34929287, 0.79374918E-3
0.80180548E-1, 0.21803088E-2, 0.65415807E-3, 0.0000000, 0.0000000, 0.0000000, 0.0000000, 0.0000000, 1.3099939, 19.636515, 19.850214, 19.856796, 19.858568, 0.24990499, 0.24999993, 0.24999963, 0.24999887, 0.24999996, 0.26308316, 0.34818202, 0.34925091, 0.34928396, 0.34929284, 0.65415807E-3
0.80144703E-1, 0.17474783E-2, 0.52429590E-3, 0.0000000, 0.0000000, 0.0000000, 0.0000000, 0.0000000, 1.0514617, 19.598959, 19.849855, 19.856682, 19.858547, 0.24990499, 0.24999993, 0.24999963, 0.24999887, 0.24999996, 0.26048592, 0.34799382, 0.34924901, 0.34928334, 0.34929270, 0.52429590E-3
0.80115512E-1, 0.13949769E-2, 0.41853491E-3, 0.0000000, 0.0000000, 0.0000000, 0.0000000, 0.0000000, 0.83912909, 19.563055, 19.849962, 19.856722, 19.858553, 0.24990499, 0.24999993, 0.24999963, 0.24999887, 0.24999996, 0.25837070, 0.34781459, 0.34924963, 0.34928355, 0.34929276, 0.41853491E-3
0.80082655E-1, 0.99812890E-3, 0.29946864E-3, 0.0000000, 0.0000000, 0.0000000, 0.0000000, 0.0000000, 0.60192943, 19.525446, 19.849684, 19.856640, 19.858505, 0.24990499, 0.24999993, 0.24999963, 0.24999887, 0.24999996, 0.25598937, 0.34762624, 0.34924814, 0.34928313, 0.34929249, 0.29946864E-3
0.80054648E-1, 0.65994618E-3, 0.19800366E-3, 0.0000000, 0.0000000, 0.0000000, 0.0000000, 0.0000000, 0.39766431, 19.490797, 19.850132, 19.856749, 19.858574, 0.24990499, 0.24999993, 0.24999963, 0.24999887, 0.24999996, 0.25396007, 0.34745374, 0.34925061, 0.34928373, 0.34929287, 0.19800366E-3
0.80028765E-1, 0.34740570E-3, 0.10423214E-3, 0.0000000, 0.0000000, 0.0000000, 0.0000000, 0.0000000, 0.21020174, 19.457767, 19.850763, 19.856907, 19.858610, 0.24990499, 0.24999993, 0.24999963, 0.24999887, 0.24999996, 0.25208464, 0.34728885, 0.34925383, 0.34928453, 0.34929305, 0.10423214E-3
0.79999998E-1, 0.0000000, 0.0000000, 0.0000000, 0.0000000, 0.0000000, 0.0000000, 0.0000000, 0.0000000, 19.422333, 19.850674, 19.856918, 19.858604, 0.24990499, 0.24999993, 0.24999963, 0.24999887, 0.24999996, 0.24997877, 0.34711167, 0.34925336, 0.34928459, 0.34929302, 0.0000000
0.79999998E-1, 0.0000000, 0.0000000, 0.0000000, 0.0000000, 0.0000000, 0.0000000, 0.0000000, 0.0000000, 19.381851, 19.849531, 19.856617, 19.858517, 0.24990499, 0.24999993, 0.24999963, 0.24999887, 0.24999996, 0.24997877, 0.34690857, 0.34924749, 0.34928304, 0.34929258, 0.0000000
0.79999998E-1, 0.0000000, 0.0000000, 0.0000000, 0.0000000, 0.0000000, 0.0000000, 0.0000000, 0.0000000, 19.343721, 19.849260, 19.856546, 19.858469, 0.24990499, 0.24999993, 0.24999963, 0.24999887, 0.24999996, 0.24997877, 0.34671763, 0.34924603, 0.34928268, 0.34929231, 0.0000000
0.79999998E-1, 0.0000000, 0.0000000, 0.0000000, 0.0000000, 0.0000000, 0.0000000, 0.0000000, 0.0000000, 19.308443, 19.849678, 19.856647, 19.858480, 0.24990499, 0.24999993, 0.24999963, 0.24999887, 0.24999996, 0.24997877, 0.34654221, 0.34924838, 0.34928325, 0.34929240, 0.0000000
0.79999998E-1, 0.0000000, 0.0000000, 0.0000000, 0.0000000, 0.0000000, 0.0000000, 0.0000000, 0.0000000, 19.270632, 19.849407, 19.856581, 19.858463, 0.24990499, 0.24999993, 0.24999963, 0.24999887, 0.24999996, 0.24997877, 0.34635317, 0.34924704, 0.34928292, 0.34929231, 0.0000000
