327.02985, 5887.7964, 253.30115, 615.99799, 1008.8853, 723.79102, 417.27487, 11050.530, 8334.2441
326.75421, 5887.8223, 252.00172, 615.74182, 1009.1080, 723.91125, 417.29745, 11050.524, 8334.2441
326.45047, 5887.8135, 250.66353, 615.47052, 1009.4684, 724.11487, 417.31836, 11050.518, 8334.2441
326.17023, 5887.8325, 249.40977, 615.21674, 1009.8776, 724.34882, 417.33868, 11050.511, 8334.2441
325.89148, 5887.8535, 248.18953, 614.96661, 1010.0748, 724.45721, 417.36194, 11050.503, 8334.2441
325.57141, 5887.8237, 246.88963, 614.69189, 1010.4741, 724.68756, 417.38257, 11050.496, 8334.2441
325.29099, 5887.8418, 245.72092, 614.44574, 1011.0668, 725.03467, 417.40091, 11050.491, 8334.2441
324.96783, 5887.8066, 244.45645, 614.17242, 1011.8108, 725.47314, 417.41736, 11050.486, 8334.2441
324.64566, 5887.7720, 243.21164, 613.90076, 1012.7112, 726.00635, 417.43204, 11050.486, 8334.2441
324.32556, 5887.7402, 241.98659, 613.63104, 1013.6776, 726.58014, 417.44604, 11050.486, 8334.2441
323.98874, 5887.6870, 240.72131, 613.34955, 1014.5986, 727.12787, 417.46097, 11050.484, 8334.2441
323.66272, 5887.6460, 239.49881, 613.07599, 1015.7700, 727.82629, 417.47244, 11050.484, 8334.2441
323.34930, 5887.6201, 238.32588, 612.81189, 1016.8589, 728.47650, 417.48547, 11050.484, 8334.2441
323.02692, 5887.5835, 237.13899, 612.54187, 1017.9883, 729.15192, 417.49808, 11050.484, 8334.2441
322.70233, 5887.5425, 235.95638, 612.27063, 1019.0387, 729.78125, 417.51221, 11050.484, 8334.2441
322.38095, 5887.5044, 234.79559, 612.00195, 1019.9977, 730.35730, 417.52814, 11050.484, 8334.2441
322.07028, 5887.4790, 233.67906, 611.74146, 1021.0523, 730.99146, 417.54266, 11050.484, 8334.2441
321.70670, 5887.3882, 232.41565, 611.44366, 1022.1998, 731.68207, 417.55585, 11050.484, 8334.2441
321.36758, 5887.3262, 231.23712, 611.16351, 1023.2623, 732.32300, 417.57086, 11050.484, 8334.2441
321.04541, 5887.2837, 230.12323, 610.89606, 1024.2653, 732.92957, 417.58719, 11050.482, 8334.2441
320.72397, 5887.2422, 229.02550, 610.63007, 1025.3043, 733.55847, 417.60297, 11050.482, 8334.2441
320.40314, 5887.2012, 227.94125, 610.36499, 1026.3167, 734.17242, 417.61957, 11050.482, 8334.2441
320.07153, 5887.1465, 226.82341, 610.09100, 1027.2793, 734.75769, 417.63736, 11050.482, 8334.2441
319.76642, 5887.1240, 225.77399, 609.83313, 1028.1050, 735.26239, 417.65808, 11050.482, 8334.2441
319.45642, 5887.0938, 224.71458, 609.57135, 1029.0704, 735.85120, 417.67624, 11050.482, 8334.2441
319.12268, 5887.0347, 223.59419, 609.29303, 1029.9869, 736.41205, 417.69550, 11050.482, 8334.2441
318.80484, 5886.9937, 222.53056, 609.02594, 1030.6476, 736.82129, 417.72034, 11050.482, 8334.2441
318.46902, 5886.9307, 221.42294, 608.74664, 1031.5463, 737.37347, 417.74033, 11050.482, 8334.2441
318.15421, 5886.8916, 220.38800, 608.48242, 1032.5674, 737.99951, 417.75784, 11050.482, 8334.2441
317.80719, 5886.8130, 219.26642, 608.19550, 1033.7281, 738.70990, 417.77246, 11050.482, 8334.2441
317.45975, 5886.7324, 218.15309, 607.90839, 1035.0226, 739.50037, 417.78424, 11050.482, 8334.2441
317.12985, 5886.6729, 217.05875, 607.62817, 1036.1664, 740.20209, 417.79965, 11050.482, 8334.2441
316.83807, 5886.6597, 215.96280, 607.35791, 1036.9415, 740.68530, 417.82391, 11050.482, 8334.2441
316.54074, 5886.6392, 214.83916, 607.08118, 1037.6625, 741.13745, 417.84958, 11050.482, 8334.2441
316.24850, 5886.6235, 213.73709, 606.80780, 1038.2323, 741.50049, 417.87900, 11050.482, 8334.2441
315.93613, 5886.5825, 212.60275, 606.52283, 1038.8348, 741.88397, 417.90771, 11050.482, 8334.2441
315.66974, 5886.5967, 211.59113, 606.26746, 1039.3302, 742.20514, 417.93912, 11050.482, 8334.2441
315.37674, 5886.5786, 210.51471, 605.99414, 1039.8068, 742.51550, 417.97113, 11050.482, 8334.2441
315.07022, 5886.5435, 209.40758, 605.71136, 1040.2980, 742.83551, 418.00269, 11050.482, 8334.2441
314.78534, 5886.5327, 208.35890, 605.44226, 1040.9570, 743.25647, 418.03018, 11050.482, 8334.2441
314.47897, 5886.4961, 207.27028, 605.16010, 1041.5142, 743.61761, 418.06036, 11050.482, 8334.2441
314.21973, 5886.5151, 206.30327, 604.90759, 1041.6471, 743.72723, 418.10129, 11050.482, 8334.2441
313.94214, 5886.5117, 205.31195, 604.64539, 1041.6246, 743.74530, 418.14603, 11050.481, 8334.2441
313.64133, 5886.4805, 204.27379, 604.36865, 1042.1071, 744.06445, 418.17780, 11050.481, 8334.2441
313.38458, 5886.5015, 203.34525, 604.11914, 1042.0553, 744.06665, 418.22318, 11050.479, 8334.2441
313.10660, 5886.4961, 202.39151, 603.85907, 1041.9532, 744.03955, 418.26959, 11050.476, 8334.2441
312.81958, 5886.4780, 201.43857, 603.59521, 1042.1941, 744.21729, 418.30701, 11050.476, 8334.2441
312.56110, 5886.4956, 200.53908, 603.34631, 1042.4591, 744.41010, 418.34378, 11050.476, 8334.2441
312.24945, 5886.4468, 199.50635, 603.06244, 1042.6475, 744.55817, 418.38245, 11050.476, 8334.2441
311.95850, 5886.4238, 198.50920, 602.78864, 1043.2438, 744.94952, 418.41071, 11050.476, 8334.2441
311.60229, 5886.3198, 197.36700, 602.47418, 1044.0474, 745.46533, 418.43381, 11050.476, 8334.2441
310.73254, 5886.1450, 196.09708, 602.12274, 1045.1102, 746.19183, 418.45663, 11050.476, 8334.2441
310.45239, 5886.1309, 195.13954, 601.85388, 1045.8363, 746.66339, 418.48203, 11050.476, 8334.2441
310.18158, 5886.1279, 194.21399, 601.59125, 1046.1772, 746.90649, 418.51776, 11050.476, 8334.2441
309.89850, 5886.1089, 193.27803, 601.32257, 1046.5153, 747.14850, 418.55356, 11050.476, 8334.2441
309.63272, 5886.1104, 192.40793, 601.06708, 1046.7000, 747.30023, 418.59338, 11050.476, 8334.2441
309.33920, 5886.0791, 191.50114, 600.79742, 1046.7957, 747.39960, 418.63562, 11050.476, 8334.2441
309.08499, 5886.0938, 190.73004, 600.55713, 1046.7986, 747.44458, 418.68011, 11050.474, 8334.2441
308.81494, 5886.0889, 189.95097, 600.31036, 1046.8298, 747.50677, 418.72363, 11050.474, 8334.2441
308.50000, 5886.0293, 189.06802, 600.03510, 1047.0281, 747.66919, 418.76254, 11050.474, 8334.2441
308.21173, 5886.0015, 188.28131, 599.77997, 1047.0950, 747.75415, 418.80499, 11050.474, 8334.2441
307.90350, 5885.9492, 187.45540, 599.51276, 1047.3149, 747.93079, 418.84308, 11050.474, 8334.2441
307.59976, 5885.9014, 186.66257, 599.25067, 1047.5344, 748.10767, 418.88116, 11050.474, 8334.2441
307.29025, 5885.8467, 185.86766, 598.98566, 1047.8356, 748.33374, 418.91708, 11050.474, 8334.2441
306.97104, 5885.7803, 185.05563, 598.71484, 1048.3218, 748.67078, 418.94800, 11050.474, 8334.2441
306.68460, 5885.7515, 184.32664, 598.46448, 1048.6466, 748.91223, 418.98331, 11050.474, 8334.2441
306.35617, 5885.6714, 183.48257, 598.18488, 1049.2379, 749.31311, 419.01138, 11050.474, 8334.2441
306.03885, 5885.6069, 182.69662, 597.91626, 1049.8859, 749.74835, 419.03799, 11050.474, 8334.2441
305.69540, 5885.5293, 181.89217, 597.64111, 1050.5723, 750.20911, 419.06384, 11050.474, 8334.2441
305.30524, 5885.4570, 181.11752, 597.37085, 1051.2870, 750.69379, 419.08975, 11050.474, 8334.2441
304.80576, 5885.3726, 180.32451, 597.09436, 1052.0586, 751.22528, 419.11584, 11050.474, 8334.2441
304.23038, 5885.3271, 179.65366, 596.84406, 1052.8588, 751.78754, 419.14297, 11050.474, 8334.2441
303.55258, 5885.2705, 178.95857, 596.58685, 1053.6643, 752.36536, 419.17160, 11050.474, 8334.2441
302.77213, 5885.2041, 178.24620, 596.32446, 1054.6091, 753.03827, 419.19785, 11050.474, 8334.2441
301.93869, 5885.1450, 177.55914, 596.06653, 1055.7244, 753.82001, 419.22025, 11050.474, 8334.2441
301.07620, 5885.1045, 176.93156, 595.82117, 1056.8010, 754.58490, 419.24472, 11050.474, 8334.2441
300.22119, 5885.1294, 176.49336, 595.61743, 1057.8739, 755.35382, 419.27036, 11050.474, 8334.2441
299.33746, 5885.1821, 176.13860, 595.43195, 1058.8822, 756.09119, 419.29907, 11050.474, 8334.2441
298.70956, 5885.1475, 175.52776, 595.18945, 1059.7926, 756.73059, 419.32565, 11050.474, 8334.2441
298.42319, 5885.1157, 174.90077, 594.94476, 1060.3046, 757.09186, 419.35892, 11050.474, 8334.2441
298.10983, 5885.0444, 174.16734, 594.67523, 1060.6122, 757.33124, 419.39856, 11050.474, 8334.2441
297.83929, 5885.0171, 173.51624, 594.42694, 1061.2534, 757.76874, 419.42749, 11050.474, 8334.2441
297.54559, 5884.9600, 172.72815, 594.15253, 1061.6052, 758.03473, 419.46579, 11050.474, 8334.2441
297.28275, 5884.9385, 171.94792, 593.88757, 1061.1326, 757.81036, 419.53027, 11050.474, 8334.2441
297.03305, 5884.9336, 171.20413, 593.63080, 1059.5684, 756.93695, 419.62820, 11050.474, 8334.2441
296.77646, 5884.9199, 170.46620, 593.37189, 1058.9614, 756.63354, 419.69458, 11050.474, 8334.2441
296.50592, 5884.8892, 169.68042, 593.10156, 1058.8546, 756.62830, 419.74500, 11050.474, 8334.2441
296.23218, 5884.8525, 168.88625, 592.82837, 1058.5511, 756.50629, 419.80106, 11050.474, 8334.2441
295.95172, 5884.8081, 168.08960, 592.55200, 1057.7346, 756.07935, 419.87207, 11050.474, 8334.2441
295.70599, 5884.8047, 167.38763, 592.29840, 1056.3682, 755.32501, 419.95828, 11050.474, 8334.2441
295.44946, 5884.7876, 166.67953, 592.03998, 1055.9160, 755.11572, 420.01605, 11050.474, 8334.2441
295.16000, 5884.7305, 165.89624, 591.76062, 1055.9634, 755.20471, 420.05884, 11050.474, 8334.2441
294.88928, 5884.6963, 165.17735, 591.49493, 1055.4331, 754.94977, 420.11816, 11050.474, 8334.2441
294.62311, 5884.6660, 164.50882, 591.23688, 1054.9514, 754.72418, 420.17545, 11050.474, 8334.2441
294.35870, 5884.6372, 163.88245, 590.98444, 1054.5275, 754.53326, 420.23044, 11050.474, 8334.2441
294.05249, 5884.5581, 163.16389, 590.70630, 1054.1333, 754.36078, 420.28412, 11050.474, 8334.2441
293.76654, 5884.5029, 162.52530, 590.44452, 1053.7872, 754.21722, 420.33594, 11050.474, 8334.2441
293.46350, 5884.4263, 161.85606, 590.17273, 1053.6489, 754.19800, 420.38153, 11050.474, 8334.2441
293.17380, 5884.3667, 161.25046, 589.91327, 1053.5962, 754.23029, 420.42447, 11050.474, 8334.2441
292.84732, 5884.2837, 160.59740, 589.64081, 1053.6301, 754.31677, 420.46509, 11050.474, 8334.2441
292.45688, 5884.1787, 159.90106, 589.35687, 1053.9810, 754.59839, 420.49753, 11050.474, 8334.2441
291.97559, 5884.0635, 159.18938, 589.06757, 1054.4219, 754.94464, 420.52872, 11050.474, 8334.2441
291.45776, 5884.0098, 158.65736, 588.81805, 1054.9550, 755.35706, 420.55872, 11050.474, 8334.2441
290.85501, 5883.9590, 158.14203, 588.57098, 1055.3337, 755.68878, 420.59454, 11050.474, 8334.2441
290.15945, 5883.9146, 157.65211, 588.32861, 1055.9716, 756.18719, 420.62466, 11050.474, 8334.2441
289.40350, 5883.8330, 157.06390, 588.06323, 1056.9207, 756.87537, 420.64642, 11050.474, 8334.2441
288.83325, 5883.7422, 156.44350, 587.79041, 1057.8806, 757.54681, 420.66495, 11050.474, 8334.2441
288.39206, 5883.6621, 155.84769, 587.52313, 1058.7828, 758.16974, 420.68335, 11050.474, 8334.2441
288.10239, 5883.5967, 155.27589, 587.26251, 1059.5042, 758.66852, 420.70493, 11050.474, 8334.2441
287.79568, 5883.5059, 154.64084, 586.98645, 1060.0424, 759.05798, 420.73206, 11050.474, 8334.2441
287.49966, 5883.4497, 154.11058, 586.73279, 1060.1604, 759.19922, 420.77228, 11050.474, 8334.2441
287.13965, 5883.3716, 153.53519, 586.46710, 1060.4666, 759.45868, 420.80750, 11050.474, 8334.2441
286.74734, 5883.3062, 153.00392, 586.21021, 1060.7312, 759.69928, 420.84467, 11050.474, 8334.2441
286.32822, 5883.2085, 152.39169, 585.93402, 1061.0005, 759.94312, 420.88177, 11050.474, 8334.2441
285.82776, 5883.1562, 151.91527, 585.68738, 1061.0651, 760.07983, 420.92712, 11050.474, 8334.2441
285.18781, 5883.1055, 151.45389, 585.44299, 1061.5840, 760.50519, 420.96100, 11050.474, 8334.2441
284.40121, 5883.0820, 151.07602, 585.21619, 1061.9873, 760.88208, 421.00128, 11050.474, 8334.2441
283.58820, 5883.0757, 150.74977, 585.00061, 1062.5087, 761.33490, 421.03882, 11050.474, 8334.2441
282.97025, 5883.2002, 150.66660, 584.85083, 1062.9152, 761.70886, 421.07858, 11050.474, 8334.2441
282.71777, 5883.1606, 150.07376, 584.59045, 1062.1467, 761.32031, 421.14615, 11050.474, 8334.2441
282.34558, 5882.9771, 149.15379, 584.24896, 1061.3088, 760.89069, 421.21487, 11050.474, 8334.2441
282.11398, 5882.9619, 148.56100, 583.99353, 1060.5673, 760.51874, 421.27969, 11050.474, 8334.2441
281.89023, 5882.9556, 147.99985, 583.74414, 1059.2335, 759.79327, 421.36111, 11050.474, 8334.2441
281.63626, 5882.9136, 147.40759, 583.48102, 1057.6554, 758.92139, 421.44769, 11050.474, 8334.2441
281.38580, 5882.8745, 146.86516, 583.22510, 1056.4109, 758.24908, 421.52277, 11050.474, 8334.2441
281.11380, 5882.8091, 146.29707, 582.95862, 1055.2478, 757.62512, 421.59399, 11050.474, 8334.2441
280.86707, 5882.7729, 145.79242, 582.70801, 1054.6504, 757.33978, 421.64847, 11050.474, 8334.2441
280.63272, 5882.7500, 145.26357, 582.45715, 1053.7415, 756.86829, 421.71066, 11050.474, 8334.2441
280.34933, 5882.6694, 144.59911, 582.17267, 1052.3213, 756.09076, 421.78513, 11050.474, 8334.2441
280.16071, 5882.7002, 144.15001, 581.94550, 1050.7300, 755.21057, 421.86209, 11050.474, 8334.2441
279.91745, 5882.6660, 143.55922, 581.68207, 1048.6180, 754.01855, 421.94958, 11050.474, 8334.2441
279.65765, 5882.6113, 142.93257, 581.40820, 1046.9849, 753.11298, 422.02237, 11050.474, 8334.2441
279.42307, 5882.5859, 142.36609, 581.14954, 1045.5277, 752.31256, 422.08890, 11050.474, 8334.2441
279.17297, 5882.5430, 141.76877, 580.88159, 1044.1423, 751.55530, 422.15182, 11050.474, 8334.2441
278.91092, 5882.4844, 141.15131, 580.60669, 1042.9308, 750.90253, 422.20914, 11050.474, 8334.2441
278.69205, 5882.4771, 140.64319, 580.35895, 1042.0167, 750.42816, 422.25861, 11050.474, 8334.2441
278.47397, 5882.4707, 140.16994, 580.11578, 1040.0231, 749.30566, 422.32962, 11050.469, 8334.2441
278.23676, 5882.4404, 139.69649, 579.86652, 1038.4181, 748.41626, 422.38989, 11050.465, 8334.2441
277.98062, 5882.3872, 139.21126, 579.60956, 1036.9550, 747.61182, 422.44522, 11050.462, 8334.2441
277.72617, 5882.3354, 138.75865, 579.35706, 1035.6921, 746.92755, 422.49490, 11050.459, 8334.2441
277.45432, 5882.2627, 138.27559, 579.09467, 1035.2560, 746.73993, 422.52805, 11050.459, 8334.2441
277.16846, 5882.1729, 137.75977, 578.82318, 1035.0420, 746.68634, 422.55670, 11050.459, 8334.2441
276.87833, 5882.0767, 137.23573, 578.54883, 1035.0039, 746.73853, 422.58194, 11050.459, 8334.2441
276.60748, 5882.0034, 136.77618, 578.28851, 1034.7520, 746.66260, 422.61093, 11050.459, 8334.2441
276.35931, 5881.9565, 136.39586, 578.04553, 1034.5319, 746.60608, 422.63907, 11050.459, 8334.2441
276.06989, 5881.8623, 135.89917, 577.77448, 1034.1030, 746.42438, 422.67075, 11050.459, 8334.2441
275.80560, 5881.7983, 135.47472, 577.52032, 1033.9849, 746.42987, 422.69656, 11050.459, 8334.2441
275.53134, 5881.7183, 135.00787, 577.25647, 1033.2462, 746.06195, 422.73306, 11050.458, 8334.2441
275.28265, 5881.6689, 134.62769, 577.01166, 1032.2339, 745.52942, 422.77344, 11050.455, 8334.2441
275.02316, 5881.6060, 134.20789, 576.75751, 1031.5557, 745.19794, 422.80722, 11050.454, 8334.2441
274.73459, 5881.5078, 133.70120, 576.48248, 1030.9012, 744.88080, 422.83994, 11050.454, 8334.2441
274.49231, 5881.4634, 133.33510, 576.24017, 1029.8741, 744.33936, 422.87787, 11050.451, 8334.2441
274.21857, 5881.3813, 132.84300, 575.97095, 1028.7631, 743.74731, 422.91605, 11050.449, 8334.2441
273.98657, 5881.3477, 132.39656, 575.71991, 1027.0869, 742.81451, 422.96136, 11050.447, 8334.2441
273.78574, 5881.3506, 131.97812, 575.48157, 1024.0492, 741.06049, 423.02267, 11050.436, 8334.2441
273.52777, 5881.2866, 131.45421, 575.21136, 1021.6724, 739.70404, 423.07016, 11050.424, 8334.2441
273.30676, 5881.2656, 131.01067, 574.96271, 1019.4114, 738.41681, 423.11246, 11050.408, 8334.2441
273.06503, 5881.2192, 130.49530, 574.69769, 1017.1608, 737.13525, 423.15091, 11050.385, 8334.2441
272.81903, 5881.1675, 129.97224, 574.42987, 1015.1235, 735.98199, 423.18384, 11050.361, 8334.2441
272.59949, 5881.1460, 129.51216, 574.17798, 1013.1528, 734.86835, 423.21317, 11050.338, 8334.2441
272.38373, 5881.1289, 129.06635, 573.92871, 1010.9352, 733.60510, 423.24139, 11050.314, 8334.2441
272.13443, 5881.0713, 128.54352, 573.65881, 1009.1182, 732.58344, 423.26352, 11050.291, 8334.2441
271.90683, 5881.0391, 128.07339, 573.40198, 1006.9397, 731.34259, 423.28519, 11050.268, 8334.2441
271.72147, 5881.0552, 127.70860, 573.17169, 1004.2392, 729.78534, 423.30591, 11050.243, 8334.2441
271.48245, 5881.0078, 127.21713, 572.90778, 1002.1556, 728.60065, 423.31970, 11050.220, 8334.2441
271.25430, 5880.9736, 126.75642, 572.65100, 999.98456, 727.36243, 423.33063, 11050.195, 8334.2441
271.06888, 5880.9897, 126.39281, 572.41986, 997.83850, 726.13885, 423.33823, 11050.172, 8334.2441
270.85016, 5880.9673, 125.95878, 572.16858, 995.54565, 724.82550, 423.34259, 11050.148, 8334.2441
270.63742, 5880.9492, 125.54274, 571.92120, 993.16754, 723.45959, 423.34329, 11050.125, 8334.2441
270.41306, 5880.9185, 125.10852, 571.66760, 990.82349, 722.11377, 423.34012, 11050.100, 8334.2441
270.21066, 5880.9116, 124.72077, 571.42645, 988.40900, 720.72437, 423.33292, 11050.074, 8334.2441
270.00592, 5880.9028, 124.34245, 571.18561, 986.22046, 719.47144, 423.32269, 11050.051, 8334.2441
269.80173, 5880.8945, 123.99159, 570.94830, 983.41199, 717.84076, 423.30609, 11050.021, 8334.2441
269.61392, 5880.9048, 123.71721, 570.72614, 980.73236, 716.28723, 423.28522, 11049.990, 8334.2441
269.38788, 5880.8682, 123.37966, 570.48346, 978.37506, 714.92914, 423.26193, 11049.959, 8334.2441
269.16110, 5880.8301, 123.06054, 570.24298, 976.44159, 713.82825, 423.23834, 11049.928, 8334.2441
268.91772, 5880.7734, 122.69085, 569.99011, 974.78101, 712.89307, 423.21442, 11049.900, 8334.2441
268.69952, 5880.7456, 122.40871, 569.75647, 972.85693, 711.79700, 423.18579, 11049.869, 8334.2441
268.44437, 5880.6733, 122.04382, 569.50024, 971.34729, 710.95294, 423.15884, 11049.840, 8334.2441
268.19452, 5880.6089, 121.71677, 569.25037, 969.97229, 710.19092, 423.13162, 11049.812, 8334.2441
267.94891, 5880.5464, 121.36770, 568.99866, 969.22559, 709.81213, 423.11011, 11049.788, 8334.2441
268.26389, 5881.1494, 122.54391, 569.12238, 968.06787, 709.18170, 423.08301, 11049.765, 8334.2441
268.62555, 5881.8110, 123.52412, 569.23468, 966.63544, 708.38202, 423.05127, 11049.741, 8334.2441
268.96390, 5882.4453, 124.35136, 569.32025, 964.97064, 707.43896, 423.01465, 11049.718, 8334.2441
269.36115, 5883.1484, 125.30805, 569.44189, 962.96594, 706.28687, 422.97101, 11049.690, 8334.2441
269.90610, 5884.0293, 126.61881, 569.65735, 960.52740, 704.86737, 422.91791, 11049.656, 8334.2441
270.45142, 5884.9126, 127.91362, 569.87231, 958.39557, 703.63342, 422.86557, 11049.625, 8334.2441
270.91528, 5885.6997, 128.99831, 570.03564, 956.44031, 702.50543, 422.81284, 11049.598, 8334.2441
271.38708, 5886.4971, 130.16116, 570.21332, 953.80872, 700.96149, 422.74503, 11049.559, 8334.2441
271.80557, 5887.2324, 131.31000, 570.37433, 951.55377, 699.64594, 422.67975, 11049.524, 8334.2441
272.12036, 5887.8452, 132.31239, 570.48590, 949.53748, 698.47443, 422.61548, 11049.488, 8334.2441
272.34497, 5888.3516, 133.17574, 570.55267, 947.69000, 697.40509, 422.55176, 11049.454, 8334.2441
272.52216, 5888.8022, 133.97025, 570.59662, 946.14954, 696.52222, 422.49197, 11049.421, 8334.2441
272.65863, 5889.2036, 134.69797, 570.62024, 944.75952, 695.73035, 422.43353, 11049.386, 8334.2441
272.72205, 5889.5190, 135.25462, 570.59943, 943.63184, 695.09833, 422.37933, 11049.354, 8334.2441
272.83606, 5889.8945, 135.97313, 570.61646, 942.81006, 694.65314, 422.33102, 11049.325, 8334.2441
272.98700, 5890.3149, 136.80859, 570.66150, 941.97797, 694.20087, 422.28152, 11049.297, 8334.2441
273.04935, 5890.6348, 137.41017, 570.65021, 941.19397, 693.77740, 422.23239, 11049.268, 8334.2441
273.03745, 5890.8853, 137.84641, 570.59979, 940.53375, 693.43097, 422.18527, 11049.237, 8334.2441
272.92328, 5891.0698, 138.12056, 570.51105, 940.01398, 693.17560, 422.14035, 11049.208, 8334.2441
273.14471, 5891.6284, 139.28651, 570.63831, 939.31879, 692.80933, 422.09113, 11049.179, 8334.2441
273.53683, 5892.3354, 140.78226, 570.84955, 937.91992, 692.00348, 422.02402, 11049.142, 8334.2441
273.66449, 5892.7310, 141.53123, 570.88153, 936.60376, 691.24689, 421.95724, 11049.104, 8334.2441
273.63260, 5892.9639, 141.88318, 570.81879, 935.69696, 690.74384, 421.89929, 11049.070, 8334.2441
273.41003, 5893.0771, 141.93536, 570.68555, 935.19562, 690.49976, 421.84991, 11049.039, 8334.2441
272.98679, 5893.1138, 141.79289, 570.50677, 934.68243, 690.26343, 421.79791, 11049.007, 8334.2441
272.41586, 5893.1123, 141.55121, 570.30475, 934.20361, 690.06104, 421.74475, 11048.975, 8334.2441
271.70959, 5893.0825, 141.23450, 570.08514, 933.72504, 689.87134, 421.68991, 11048.943, 8334.2441
270.87573, 5893.0273, 140.85268, 569.85004, 933.52142, 689.86273, 421.64053, 11048.914, 8334.2441
269.92596, 5892.9473, 140.40616, 569.59985, 933.43384, 689.93634, 421.59293, 11048.890, 8334.2441
268.89566, 5892.8511, 139.92108, 569.34009, 933.83630, 690.31964, 421.55759, 11048.870, 8334.2441
267.79922, 5892.7441, 139.40669, 569.07312, 934.03918, 690.58673, 421.51666, 11048.854, 8334.2441
266.63327, 5892.6230, 138.85970, 568.79791, 934.27350, 690.88007, 421.47607, 11048.837, 8334.2441
265.41501, 5892.4902, 138.28494, 568.51581, 934.25488, 691.02246, 421.42871, 11048.815, 8334.2441
266.29846, 5893.9473, 141.63570, 569.16931, 933.74127, 690.77423, 421.37924, 11048.793, 8334.2441
267.53217, 5895.6396, 144.81969, 569.86218, 932.55371, 690.08972, 421.31317, 11048.757, 8334.2441
268.64560, 5897.1909, 147.23128, 570.41687, 930.41510, 688.81500, 421.21918, 11048.706, 8334.2441
269.40924, 5898.3301, 148.84909, 570.76111, 927.93433, 687.32648, 421.11163, 11048.650, 8334.2441
269.95029, 5899.2065, 149.99803, 570.97675, 924.22455, 685.07635, 420.96252, 11048.575, 8334.2441
270.43939, 5900.0220, 151.05356, 571.16547, 921.72357, 683.57019, 420.84286, 11048.518, 8334.2441
270.99872, 5900.9214, 152.23517, 571.39368, 919.79822, 682.41803, 420.73740, 11048.465, 8334.2441
271.66632, 5901.9521, 153.59721, 571.68048, 918.29321, 681.52356, 420.64279, 11048.418, 8334.2441
272.34424, 5902.9966, 154.97600, 571.97400, 916.31000, 680.33142, 420.52975, 11048.364, 8334.2441
273.00629, 5904.0254, 156.32413, 572.26025, 914.58673, 679.29810, 420.42255, 11048.313, 8334.2441
273.62228, 5905.0000, 157.56946, 572.52039, 912.59259, 678.09515, 420.30298, 11048.260, 8334.2441
274.10553, 5905.8193, 158.57777, 572.71008, 909.52020, 676.22223, 420.14035, 11048.186, 8334.2441
274.44449, 5906.4644, 159.37361, 572.82855, 906.04559, 674.09735, 419.95563, 11048.101, 8334.2441
274.72394, 5907.0405, 160.11923, 572.92334, 904.42761, 673.12152, 419.83688, 11048.044, 8334.2441
275.40479, 5908.0972, 161.56065, 573.23407, 902.18573, 671.75708, 419.69064, 11047.983, 8334.2441
276.00562, 5909.0586, 162.76042, 573.48932, 899.73279, 670.25946, 419.53140, 11047.917, 8334.2441
276.51971, 5909.9180, 163.81956, 573.70099, 897.01947, 668.59772, 419.35635, 11047.843, 8334.2441
277.11612, 5910.8765, 164.97894, 573.95227, 895.02020, 667.37738, 419.20715, 11047.780, 8334.2441
277.69302, 5911.8169, 166.07549, 574.19122, 893.02051, 666.15521, 419.05450, 11047.719, 8334.2441
278.14297, 5912.6040, 166.91835, 574.35809, 890.07269, 664.34106, 418.85507, 11047.636, 8334.2441
278.42792, 5913.1958, 167.46692, 574.43628, 886.78076, 662.31067, 418.63315, 11047.546, 8334.2441
278.81137, 5913.9048, 168.19740, 574.56927, 884.17664, 660.70612, 418.43750, 11047.464, 8334.2441
279.33899, 5914.7886, 169.16139, 574.77838, 882.46759, 659.65717, 418.28107, 11047.399, 8334.2441
279.84927, 5915.6519, 170.08337, 574.97772, 880.04932, 658.16461, 418.08615, 11047.323, 8334.2441
280.24185, 5916.3770, 170.78400, 575.11279, 877.14435, 656.36658, 417.86154, 11047.234, 8334.2441
280.48935, 5916.9277, 171.25380, 575.17365, 874.24390, 654.56909, 417.63104, 11047.142, 8334.2441
280.75482, 5917.5010, 171.85771, 575.25879, 872.71722, 653.62726, 417.46902, 11047.077, 8334.2441
281.01984, 5918.0742, 172.51295, 575.35156, 871.32660, 652.76917, 417.31219, 11047.013, 8334.2441
281.24356, 5918.5996, 173.09851, 575.42334, 869.78210, 651.81390, 417.14499, 11046.941, 8334.2441
281.44699, 5919.1006, 173.66304, 575.48663, 868.32227, 650.91040, 416.98038, 11046.871, 8334.2441
281.63419, 5919.5820, 174.23274, 575.54669, 867.19946, 650.21643, 416.83286, 11046.812, 8334.2441
281.76822, 5920.0015, 174.69936, 575.57745, 866.18115, 649.58685, 416.68982, 11046.758, 8334.2441
281.83566, 5920.3394, 175.00555, 575.56677, 865.30231, 649.04382, 416.55374, 11046.704, 8334.2441
281.84256, 5920.6074, 175.15794, 575.51758, 864.43463, 648.50732, 416.41733, 11046.650, 8334.2441
281.79092, 5920.8120, 175.16685, 575.43292, 863.58307, 647.98114, 416.28098, 11046.595, 8334.2441
281.87769, 5921.1831, 175.57027, 575.44403, 863.64911, 648.02844, 416.19678, 11046.562, 8334.2441
282.09686, 5921.7051, 176.31418, 575.53967, 863.05615, 647.66235, 416.07489, 11046.517, 8334.2441
282.28702, 5922.1929, 176.96234, 575.61426, 862.47540, 647.30286, 415.95312, 11046.462, 8334.2441
282.63153, 5922.8662, 177.96802, 575.78491, 861.29980, 646.57031, 415.79605, 11046.396, 8334.2441
282.77448, 5923.2993, 178.44427, 575.82367, 860.45825, 646.04572, 415.65723, 11046.342, 8334.2441
282.82593, 5923.6230, 178.68336, 575.80328, 859.49786, 645.44617, 415.51047, 11046.285, 8334.2441
282.80594, 5923.8613, 178.73366, 575.73627, 858.76007, 644.98560, 415.37595, 11046.234, 8334.2441
282.72351, 5924.0347, 178.63475, 575.63257, 858.18433, 644.62714, 415.25027, 11046.184, 8334.2441
282.56268, 5924.1533, 178.40771, 575.49738, 857.79211, 644.38715, 415.13422, 11046.135, 8334.2441
282.30154, 5924.2290, 178.08165, 575.33813, 857.57648, 644.26465, 415.02646, 11046.089, 8334.2441
281.91278, 5924.2661, 177.66284, 575.15631, 857.53918, 644.26428, 414.92642, 11046.047, 8334.2441
281.39978, 5924.2739, 177.16869, 574.95605, 857.41760, 644.22198, 414.81854, 11046.002, 8334.2441
281.48706, 5924.6958, 177.74028, 575.00537, 857.14087, 644.05585, 414.70987, 11045.959, 8334.2441
281.61008, 5925.1167, 178.28873, 575.05151, 857.02820, 643.98779, 414.61197, 11045.923, 8334.2441
281.73877, 5925.5308, 178.80540, 575.09253, 856.84613, 643.87463, 414.51010, 11045.883, 8334.2441
281.74805, 5925.8193, 179.02211, 575.06146, 856.99469, 643.96948, 414.42722, 11045.849, 8334.2441
281.69449, 5926.0620, 179.13211, 575.00494, 857.19141, 644.09705, 414.34671, 11045.814, 8334.2441
281.62302, 5926.3027, 179.23796, 574.94714, 857.29260, 644.16644, 414.26038, 11045.778, 8334.2441
281.38342, 5926.4478, 179.09932, 574.83209, 857.54449, 644.33929, 414.18030, 11045.743, 8334.2441
280.95261, 5926.5156, 178.76266, 574.67065, 857.80554, 644.53180, 414.09720, 11045.707, 8334.2441
280.32666, 5926.5220, 178.26396, 574.47101, 858.37878, 644.93518, 414.02811, 11045.676, 8334.2441
279.53345, 5926.4849, 177.65369, 574.24506, 858.93176, 645.34058, 413.95450, 11045.642, 8334.2441
279.52090, 5926.9854, 178.43546, 574.34344, 859.43542, 645.68011, 413.88898, 11045.612, 8334.2441
280.89890, 5928.8877, 181.94363, 575.16687, 859.07782, 645.45502, 413.78125, 11045.566, 8334.2441
281.81750, 5930.2471, 183.80403, 575.63208, 857.81451, 644.66040, 413.62073, 11045.501, 8334.2441
282.31146, 5931.0972, 184.62093, 575.82849, 855.91998, 643.46820, 413.42184, 11045.412, 8334.2441
282.67761, 5931.7954, 185.14412, 575.94727, 854.02588, 642.27496, 413.21982, 11045.321, 8334.2441
282.92743, 5932.3599, 185.49664, 576.00946, 852.02881, 641.01636, 413.00848, 11045.234, 8334.2441
283.17227, 5932.9131, 185.92744, 576.08038, 850.61792, 640.12378, 412.82944, 11045.158, 8334.2441
283.38223, 5933.4268, 186.35439, 576.14105, 849.28009, 639.27643, 412.65283, 11045.082, 8334.2441
283.81174, 5934.2031, 187.28896, 576.33752, 848.27679, 638.63794, 412.49500, 11045.015, 8334.2441
284.17453, 5934.9150, 188.13129, 576.50586, 847.23639, 637.97607, 412.33322, 11044.942, 8334.2441
284.46310, 5935.5322, 188.83383, 576.63214, 846.45483, 637.47504, 412.18631, 11044.877, 8334.2441
284.66537, 5936.0918, 189.45724, 576.73346, 846.17596, 637.29248, 412.06857, 11044.829, 8334.2441
284.80472, 5936.6084, 190.03331, 576.81854, 846.11078, 637.24646, 411.96295, 11044.782, 8334.2441
284.85431, 5937.0513, 190.47424, 576.86731, 846.17761, 637.28552, 411.86447, 11044.737, 8334.2441
284.88525, 5937.4458, 190.82426, 576.89185, 846.26794, 637.33679, 411.76849, 11044.692, 8334.2441
284.91852, 5937.7930, 191.07919, 576.89240, 846.33899, 637.37134, 411.67285, 11044.647, 8334.2441
284.89832, 5938.0811, 191.19606, 576.85907, 846.55609, 637.49774, 411.58615, 11044.605, 8334.2441
284.84732, 5938.3379, 191.24289, 576.80847, 846.91083, 637.71088, 411.50815, 11044.568, 8334.2441
284.75534, 5938.5659, 191.22386, 576.74158, 847.45453, 638.04425, 411.44138, 11044.537, 8334.2441
284.64450, 5938.8193, 191.27190, 576.69049, 848.42627, 638.65082, 411.39938, 11044.514, 8334.2441
284.59106, 5939.1533, 191.52176, 576.68726, 849.33984, 639.22168, 411.35397, 11044.489, 8334.2441
284.49680, 5939.4409, 191.66275, 576.65753, 849.88202, 639.55969, 411.28720, 11044.454, 8334.2441
284.22479, 5939.6284, 191.54855, 576.56824, 850.42194, 639.90631, 411.21777, 11044.417, 8334.2441
283.77637, 5939.7412, 191.24152, 576.43372, 851.04315, 640.31628, 411.15005, 11044.382, 8334.2441
283.20609, 5939.8027, 190.80643, 576.26892, 851.65723, 640.73065, 411.08008, 11044.346, 8334.2441
282.53351, 5939.8335, 190.29044, 576.08484, 852.49225, 641.29199, 411.02100, 11044.313, 8334.2441
281.75616, 5939.8394, 189.70775, 575.88489, 853.44629, 641.93732, 410.96683, 11044.281, 8334.2441
280.87119, 5939.8262, 189.07881, 575.67334, 854.44458, 642.62079, 410.91324, 11044.257, 8334.2441
279.92923, 5939.8022, 188.42668, 575.45551, 855.49139, 643.34052, 410.86172, 11044.234, 8334.2441
278.97116, 5939.7720, 187.76210, 575.23376, 856.53967, 644.06293, 410.81079, 11044.204, 8334.2441
277.97440, 5939.7310, 187.07730, 575.00635, 857.66235, 644.83594, 410.76370, 11044.183, 8334.2441
276.93546, 5939.6826, 186.37512, 574.77405, 858.88477, 645.67609, 410.72177, 11044.166, 8334.2441
275.86343, 5939.6274, 185.65974, 574.53766, 860.25848, 646.61462, 410.68759, 11044.152, 8334.2441
274.75568, 5939.5605, 184.92177, 574.29498, 861.62531, 647.55243, 410.65320, 11044.139, 8334.2441
274.83997, 5940.3652, 186.45038, 574.57990, 862.75720, 648.29480, 410.62036, 11044.122, 8334.2441
275.47766, 5941.5361, 188.83023, 575.07434, 863.67200, 648.87250, 410.58319, 11044.099, 8334.2441
276.49191, 5943.1587, 191.85591, 575.77289, 864.25806, 649.24243, 410.52972, 11044.075, 8334.2441
277.16458, 5944.4458, 193.75133, 576.23523, 864.60754, 649.46790, 410.46292, 11044.046, 8334.2441
277.63031, 5945.5181, 194.87598, 576.53961, 864.74951, 649.56470, 410.38547, 11044.008, 8334.2441
277.98523, 5946.3623, 195.56117, 576.72772, 864.67920, 649.51917, 410.29993, 11043.960, 8334.2441
278.28329, 5947.0986, 196.03513, 576.86078, 864.59998, 649.46387, 410.21484, 11043.913, 8334.2441
278.67776, 5947.8809, 196.61914, 577.02081, 863.95490, 649.04779, 410.10400, 11043.854, 8334.2441
279.06372, 5948.6519, 197.21185, 577.17920, 863.46033, 648.72485, 409.99973, 11043.798, 8334.2441
279.41656, 5949.3848, 197.79379, 577.32733, 862.85126, 648.32977, 409.88947, 11043.736, 8334.2441
279.71191, 5950.0449, 198.29660, 577.44684, 862.28601, 647.96088, 409.78082, 11043.684, 8334.2441
279.94125, 5950.6328, 198.71042, 577.53644, 861.85913, 647.67865, 409.67838, 11043.636, 8334.2441
280.17459, 5951.1890, 199.10986, 577.61688, 861.73846, 647.58472, 409.59125, 11043.596, 8334.2441
280.36499, 5951.6963, 199.43983, 577.67615, 861.54443, 647.44464, 409.50052, 11043.553, 8334.2441
280.55005, 5952.2007, 199.78868, 577.73755, 861.62305, 647.47528, 409.42310, 11043.515, 8334.2441
280.75253, 5952.7295, 200.20528, 577.81396, 861.79126, 647.56165, 409.35010, 11043.481, 8334.2441
280.93933, 5953.2466, 200.62041, 577.88776, 861.77771, 647.53473, 409.26834, 11043.443, 8334.2441
281.08936, 5953.7139, 200.94127, 577.93646, 861.92847, 647.60956, 409.19476, 11043.410, 8334.2441
281.22025, 5954.1606, 201.24370, 577.97809, 862.09229, 647.69281, 409.12189, 11043.374, 8334.2441
281.33368, 5954.5918, 201.53113, 578.01428, 862.53174, 647.94891, 409.06232, 11043.346, 8334.2441
281.90405, 5955.5591, 202.52817, 578.28192, 862.44867, 647.87634, 408.97849, 11043.308, 8334.2441
282.13037, 5956.1406, 202.65312, 578.33429, 862.13519, 647.66101, 408.88290, 11043.261, 8334.2441
282.18069, 5956.5854, 202.51933, 578.31708, 862.05762, 647.59985, 408.79703, 11043.214, 8334.2441
282.30695, 5957.1182, 202.55495, 578.34497, 861.93799, 647.51221, 408.70914, 11043.167, 8334.2441
282.45126, 5957.6704, 202.62569, 578.38251, 861.83191, 647.43292, 408.62213, 11043.120, 8334.2441
282.71335, 5958.2896, 202.82373, 578.45435, 861.43518, 647.16510, 408.52301, 11043.068, 8334.2441
283.02460, 5958.9331, 203.08487, 578.54065, 860.55890, 646.59332, 408.40143, 11043.006, 8334.2441
283.27090, 5959.4922, 203.22298, 578.58990, 859.78113, 646.08252, 408.28372, 11042.947, 8334.2441
283.24121, 5959.9429, 203.16991, 578.58563, 859.94446, 646.18054, 408.20596, 11042.904, 8334.2441
282.61197, 5960.2295, 202.80702, 578.49799, 860.86951, 646.80444, 408.15305, 11042.879, 8334.2441
281.80487, 5960.5107, 202.45297, 578.40967, 861.99042, 647.56995, 408.10571, 11042.853, 8334.2441
281.59793, 5961.0850, 202.72551, 578.48047, 862.70306, 648.04272, 408.04929, 11042.823, 8334.2441
281.59540, 5961.6831, 203.07791, 578.56860, 863.26575, 648.40167, 407.99097, 11042.795, 8334.2441
281.17450, 5962.0781, 203.02376, 578.55029, 864.21814, 649.03064, 407.94470, 11042.770, 8334.2441
280.58884, 5962.4194, 202.87651, 578.50586, 865.36267, 649.79279, 407.90479, 11042.746, 8334.2441
280.29819, 5962.8945, 203.05348, 578.53906, 866.29266, 650.40131, 407.86050, 11042.719, 8334.2441
280.17188, 5963.4072, 203.35706, 578.59949, 867.09784, 650.91760, 407.81448, 11042.691, 8334.2441
280.07175, 5963.9053, 203.65140, 578.65485, 867.92468, 651.44299, 407.77087, 11042.664, 8334.2441
279.92197, 5964.3662, 203.88910, 578.69354, 868.86121, 652.03906, 407.73190, 11042.639, 8334.2441
279.61777, 5964.7510, 203.96851, 578.69177, 870.04584, 652.80005, 407.70175, 11042.615, 8334.2441
279.26938, 5965.1191, 204.02293, 578.68219, 871.22363, 653.55963, 407.67114, 11042.591, 8334.2441
278.71515, 5965.4019, 203.89366, 578.62671, 872.59204, 654.45288, 407.64563, 11042.567, 8334.2441
278.27200, 5965.7178, 203.85875, 578.59235, 873.83142, 655.25684, 407.61743, 11042.544, 8334.2441
277.69037, 5966.0073, 203.74867, 578.54083, 875.20258, 656.15576, 407.59256, 11042.521, 8334.2441
277.58234, 5966.7349, 204.41911, 578.70569, 876.21918, 656.82153, 407.55685, 11042.497, 8334.2441
277.32034, 5967.3608, 204.75008, 578.79962, 877.20428, 657.47461, 407.51901, 11042.473, 8334.2441
276.71628, 5967.7480, 204.62680, 578.77185, 878.39264, 658.26978, 407.48651, 11042.447, 8334.2441
276.05612, 5968.0928, 204.45940, 578.72717, 879.62500, 659.09485, 407.45569, 11042.422, 8334.2441
275.67322, 5968.5562, 204.59407, 578.75372, 880.73688, 659.82593, 407.42480, 11042.398, 8334.2441
275.58395, 5969.0923, 204.93449, 578.82672, 881.67230, 660.42194, 407.39270, 11042.372, 8334.2441
275.25424, 5969.5107, 205.04630, 578.83917, 882.81885, 661.16467, 407.36563, 11042.352, 8334.2441
274.95236, 5969.9277, 205.18378, 578.85474, 883.97241, 661.90857, 407.33987, 11042.335, 8334.2441
274.58224, 5970.3096, 205.27354, 578.85522, 885.20514, 662.70612, 407.31647, 11042.324, 8334.2441
274.11118, 5970.6426, 205.27132, 578.83075, 886.52606, 663.56494, 407.29541, 11042.314, 8334.2441
273.62558, 5970.9639, 205.26646, 578.80292, 887.85919, 664.43207, 407.27518, 11042.306, 8334.2441
273.23425, 5971.3105, 205.35049, 578.79388, 889.18036, 665.28412, 407.25623, 11042.298, 8334.2441
272.88681, 5971.6514, 205.43813, 578.78400, 890.48450, 666.12018, 407.23798, 11042.291, 8334.2441
272.46472, 5971.9531, 205.43935, 578.75232, 891.84943, 666.99841, 407.22137, 11042.284, 8334.2441
271.81711, 5972.1592, 205.20908, 578.66553, 893.37177, 667.99097, 407.20731, 11042.279, 8334.2441
271.11902, 5972.3442, 204.93501, 578.56726, 894.92578, 669.00702, 407.19409, 11042.274, 8334.2441
270.49292, 5972.5303, 204.67709, 578.47119, 896.45764, 670.00208, 407.18170, 11042.270, 8334.2441
270.15222, 5972.7700, 204.57201, 578.40906, 897.77655, 670.83887, 407.16772, 11042.263, 8334.2441
269.69400, 5972.9351, 204.28134, 578.30328, 899.13513, 671.70679, 407.15439, 11042.257, 8334.2441
269.20688, 5973.0723, 203.92081, 578.18030, 900.50061, 672.57983, 407.14166, 11042.250, 8334.2441
268.81757, 5973.2153, 203.59023, 578.06299, 901.69519, 673.33691, 407.12653, 11042.242, 8334.2441
268.44858, 5973.3379, 203.20869, 577.93311, 902.85321, 674.06738, 407.11151, 11042.234, 8334.2441
268.00693, 5973.4170, 202.71776, 577.77679, 904.09583, 674.85522, 407.09842, 11042.229, 8334.2441
267.46747, 5973.4580, 202.12579, 577.59637, 905.48773, 675.74329, 407.08813, 11042.227, 8334.2441
266.93576, 5973.5850, 201.75345, 577.46747, 906.92004, 676.66431, 407.07843, 11042.227, 8334.2441
266.92709, 5974.1543, 202.41319, 577.59070, 908.02606, 677.36646, 407.06427, 11042.210, 8334.2441
267.43719, 5975.3330, 203.80392, 577.96771, 908.55029, 677.70502, 407.03918, 11042.187, 8334.2441
267.62491, 5976.0317, 204.15685, 578.08337, 908.83148, 677.88287, 407.01071, 11042.163, 8334.2441
267.92285, 5976.6904, 204.44850, 578.18066, 908.64221, 677.75269, 406.97482, 11042.131, 8334.2441
268.22781, 5977.3335, 204.75166, 578.27612, 908.21338, 677.47113, 406.93436, 11042.095, 8334.2441
267.84897, 5977.6396, 204.40459, 578.19800, 908.84302, 677.89056, 406.90994, 11042.071, 8334.2441
266.65347, 5977.6504, 203.48538, 577.96710, 910.22009, 678.83661, 406.89429, 11042.048, 8334.2441
265.55920, 5977.7354, 202.73717, 577.77802, 911.59290, 679.77698, 406.87961, 11042.024, 8334.2441
264.84778, 5978.0312, 202.45659, 577.70490, 912.52222, 680.42010, 406.85986, 11041.996, 8334.2441
264.30914, 5978.3945, 202.38489, 577.67712, 913.42413, 681.03406, 406.84140, 11041.979, 8334.2441
264.00250, 5978.8057, 202.48387, 577.68463, 914.21265, 681.55646, 406.82339, 11041.963, 8334.2441
263.91010, 5979.2588, 202.73491, 577.72357, 914.90045, 681.99683, 406.80573, 11041.938, 8334.2441
263.91727, 5979.7061, 203.02570, 577.76678, 915.34277, 682.27332, 406.78555, 11041.910, 8334.2441
263.88910, 5980.0991, 203.22418, 577.78394, 916.04742, 682.71155, 406.76971, 11041.887, 8334.2441
263.39325, 5980.2979, 202.96129, 577.68915, 917.17902, 683.44769, 406.75821, 11041.880, 8334.2441
262.38931, 5980.3022, 202.22035, 577.48010, 918.79572, 684.52319, 406.75134, 11041.876, 8334.2441
261.68704, 5980.4146, 201.77802, 577.33832, 920.16840, 685.42499, 406.74335, 11041.869, 8334.2441
261.06705, 5980.5430, 201.39568, 577.20874, 921.56573, 686.33527, 406.73654, 11041.864, 8334.2441
260.19540, 5980.5718, 200.76147, 577.01929, 923.03503, 687.30908, 406.72995, 11041.858, 8334.2441
259.19617, 5980.5483, 199.99913, 576.79871, 924.56805, 688.33221, 406.72400, 11041.853, 8334.2441
258.30038, 5980.5522, 199.32259, 576.59601, 926.01111, 689.29163, 406.71808, 11041.847, 8334.2441
257.78082, 5980.6577, 198.93419, 576.45740, 927.21466, 690.07123, 406.71185, 11041.841, 8334.2441
257.38898, 5980.7710, 198.58559, 576.32629, 928.28613, 690.75647, 406.70547, 11041.834, 8334.2441
256.95773, 5980.8696, 198.20790, 576.18744, 929.35052, 691.44055, 406.69928, 11041.826, 8334.2441
256.41696, 5980.9395, 197.75797, 576.03107, 930.63922, 692.27356, 406.69479, 11041.822, 8334.2441
256.30954, 5981.3555, 198.21843, 576.08618, 931.85162, 693.04437, 406.69092, 11041.822, 8334.2441
256.48080, 5982.0889, 199.42477, 576.32330, 932.98297, 693.76300, 406.68674, 11041.817, 8334.2441
256.69345, 5982.8496, 200.65866, 576.57239, 934.01385, 694.41614, 406.68234, 11041.811, 8334.2441
257.00314, 5983.5630, 201.78569, 576.79596, 934.85028, 694.93292, 406.67770, 11041.800, 8334.2441
257.23260, 5984.1641, 202.63556, 576.95441, 935.72382, 695.47009, 406.67352, 11041.791, 8334.2441
257.41528, 5984.6885, 203.30156, 577.06927, 936.45874, 695.91858, 406.66925, 11041.781, 8334.2441
257.53116, 5985.1353, 203.77557, 577.13873, 937.36346, 696.47186, 406.66599, 11041.773, 8334.2441
257.61850, 5985.5591, 204.19780, 577.19598, 938.20929, 696.98944, 406.66287, 11041.766, 8334.2441
257.69174, 5985.9453, 204.53098, 577.23193, 939.07965, 697.51971, 406.66016, 11041.758, 8334.2441
257.68893, 5986.2749, 204.72191, 577.23456, 940.00385, 698.08624, 406.65790, 11041.750, 8334.2441
257.15353, 5986.4424, 204.46497, 577.13513, 941.39606, 698.98590, 406.65674, 11041.747, 8334.2441
256.41812, 5986.5371, 204.01886, 576.99133, 942.82837, 699.92596, 406.65573, 11041.742, 8334.2441
255.54044, 5986.5728, 203.42389, 576.81177, 944.32483, 700.91638, 406.65543, 11041.737, 8334.2441
254.76949, 5986.6343, 202.91402, 576.64996, 945.72211, 701.83698, 406.65543, 11041.732, 8334.2441
253.98775, 5986.6841, 202.38460, 576.48267, 946.99268, 702.67999, 406.65579, 11041.727, 8334.2441
254.47008, 5986.7319, 201.85368, 576.31396, 948.20374, 703.48077, 406.65680, 11041.721, 8334.2441
254.98135, 5986.7373, 201.20695, 576.11816, 949.51685, 704.35712, 406.65817, 11041.715, 8334.2441
255.36954, 5986.7119, 200.47643, 575.90234, 950.94067, 705.31311, 406.65973, 11041.710, 8334.2441
255.57436, 5986.6465, 199.64172, 575.66193, 952.47302, 706.35382, 406.66174, 11041.705, 8334.2441
255.72021, 5986.5684, 198.77579, 575.41315, 954.02063, 707.41003, 406.66412, 11041.700, 8334.2441
255.87798, 5986.4849, 197.90411, 575.16180, 955.54022, 708.44800, 406.66721, 11041.695, 8334.2441
255.82951, 5986.3647, 196.92982, 574.88611, 957.26093, 709.63037, 406.67020, 11041.691, 8334.2441
255.69016, 5986.2295, 195.92340, 574.60156, 959.05658, 710.86865, 406.67334, 11041.688, 8334.2441
255.53073, 5986.0928, 194.91977, 574.31616, 960.82977, 712.09637, 406.67712, 11041.683, 8334.2441
255.45274, 5985.9678, 193.95915, 574.03888, 962.44177, 713.21765, 406.68237, 11041.678, 8334.2441
255.42509, 5985.8496, 193.02412, 573.76587, 963.96985, 714.28302, 406.68842, 11041.673, 8334.2441
255.49461, 5985.7388, 192.11914, 573.49817, 965.44067, 715.30420, 406.69510, 11041.668, 8334.2441
255.46884, 5985.6094, 191.16542, 573.21814, 967.00330, 716.39160, 406.70166, 11041.664, 8334.2441
255.48557, 5985.4790, 190.21584, 572.93750, 968.47211, 717.41730, 406.70947, 11041.659, 8334.2441
255.39340, 5985.3301, 189.22156, 572.64539, 969.97394, 718.47461, 406.71796, 11041.654, 8334.2441
255.25729, 5985.1689, 188.19893, 572.34540, 971.48859, 719.54486, 406.72693, 11041.649, 8334.2441
255.08533, 5984.9946, 187.14827, 572.03754, 973.06757, 720.65863, 406.73563, 11041.645, 8334.2441
254.94273, 5984.8154, 186.09125, 571.72675, 974.68799, 721.79510, 406.74405, 11041.643, 8334.2441
254.85664, 5984.6333, 185.03638, 571.41498, 976.01141, 722.74310, 406.75647, 11041.637, 8334.2441
254.73949, 5984.4385, 183.95006, 571.09454, 977.44092, 723.75977, 406.76801, 11041.633, 8334.2441
254.54832, 5984.2305, 182.83395, 570.76581, 979.16516, 724.96631, 406.77582, 11041.633, 8334.2441
254.38049, 5984.0220, 181.72182, 570.43640, 980.83868, 726.14014, 406.78458, 11041.633, 8334.2441
254.14665, 5983.8047, 180.59406, 570.10187, 982.61066, 727.38220, 406.79260, 11041.633, 8334.2441
253.88081, 5983.5830, 179.46313, 569.76477, 984.28357, 728.56757, 406.80283, 11041.633, 8334.2441
253.66704, 5983.3647, 178.34538, 569.42889, 985.91260, 729.72107, 406.81366, 11041.633, 8334.2441
253.43942, 5983.1411, 177.22661, 569.09125, 987.41467, 730.79883, 406.82736, 11041.630, 8334.2441
253.22594, 5982.9126, 176.10593, 568.75146, 988.85138, 731.83533, 406.84262, 11041.628, 8334.2441
253.02982, 5982.6821, 174.98451, 568.40973, 990.27911, 732.86517, 406.85812, 11041.625, 8334.2441
252.82751, 5982.4482, 173.86166, 568.06622, 991.90820, 734.02094, 406.86975, 11041.625, 8334.2441
252.63785, 5982.2144, 172.74905, 567.72321, 993.48553, 735.14441, 406.88269, 11041.625, 8334.2441
251.25172, 5981.9819, 171.64676, 567.38086, 995.04822, 736.25854, 406.89603, 11041.625, 8334.2441
249.72192, 5981.7505, 170.55699, 567.03949, 996.38409, 737.23065, 406.91449, 11041.625, 8334.2441
248.19234, 5981.5161, 169.46561, 566.69623, 997.55371, 738.10101, 406.93719, 11041.622, 8334.2441
246.66074, 5981.2788, 168.37039, 566.35052, 999.05408, 739.17621, 406.95212, 11041.622, 8334.2441
247.70340, 5983.3105, 172.44434, 567.28418, 999.66553, 739.63275, 406.98093, 11041.618, 8334.2441
250.40182, 5986.9956, 178.88960, 568.96399, 999.66901, 739.68018, 407.02240, 11041.615, 8334.2441
250.93021, 5988.2681, 180.54987, 569.38525, 999.92072, 739.88916, 407.05966, 11041.615, 8334.2441
251.01202, 5988.9683, 181.10530, 569.51202, 1000.1264, 740.06439, 407.09778, 11041.615, 8334.2441
251.06805, 5989.5562, 181.43922, 569.58081, 1000.1968, 740.14783, 407.13846, 11041.613, 8334.2441
251.16812, 5990.1201, 181.72583, 569.63745, 1000.1558, 740.15515, 407.18109, 11041.613, 8334.2441
251.32045, 5990.7305, 182.09694, 569.71735, 1000.0829, 740.14075, 407.22421, 11041.612, 8334.2441
251.60919, 5991.4346, 182.64687, 569.84583, 999.81970, 740.00262, 407.27112, 11041.604, 8334.2441
251.96930, 5992.1221, 183.15953, 569.96527, 999.29114, 739.69043, 407.32312, 11041.593, 8334.2441
252.24359, 5992.6929, 183.44672, 570.02496, 998.60065, 739.27618, 407.37814, 11041.569, 8334.2441
252.72920, 5993.4756, 184.15764, 570.19611, 997.33197, 738.50122, 407.44543, 11041.545, 8334.2441
253.32286, 5994.3711, 185.10416, 570.42853, 996.04089, 737.70990, 407.51141, 11041.521, 8334.2441
253.78464, 5995.1362, 185.76482, 570.58978, 994.80762, 736.95532, 407.57471, 11041.498, 8334.2441
254.13475, 5995.8994, 186.44994, 570.75439, 993.70746, 736.29401, 407.63486, 11041.484, 8334.2441
254.48502, 5996.6279, 187.11555, 570.90826, 993.45056, 736.14923, 407.67551, 11041.470, 8334.2441
254.74400, 5997.3315, 187.74998, 571.05219, 993.29700, 736.07544, 407.71463, 11041.461, 8334.2441
255.17949, 5998.1816, 188.63406, 571.26752, 992.99115, 735.90094, 407.75620, 11041.446, 8334.2441
255.71298, 5999.0444, 189.56155, 571.49292, 992.26959, 735.45905, 407.80505, 11041.423, 8334.2441
256.21396, 5999.8569, 190.44733, 571.70068, 991.15094, 734.76978, 407.86105, 11041.401, 8334.2441
256.63336, 6000.5640, 191.15898, 571.85889, 990.60150, 734.42975, 407.90436, 11041.378, 8334.2441
257.09540, 6001.3286, 192.02480, 572.05334, 990.02454, 734.07263, 407.94772, 11041.354, 8334.2441
257.53369, 6002.0586, 192.87723, 572.23798, 989.05707, 733.47253, 407.99777, 11041.329, 8334.2441
257.86945, 6002.6895, 193.59077, 572.37952, 987.60510, 732.57397, 408.05585, 11041.312, 8334.2441
258.14633, 6003.2368, 194.17876, 572.48328, 986.52887, 731.90533, 408.10507, 11041.296, 8334.2441
258.45145, 6003.8032, 194.85460, 572.60437, 986.50354, 731.88422, 408.13452, 11041.286, 8334.2441
259.07370, 6004.7505, 195.92026, 572.87543, 985.83093, 731.46271, 408.17538, 11041.271, 8334.2441
259.63101, 6005.6245, 196.70970, 573.09113, 984.31042, 730.51605, 408.22952, 11041.246, 8334.2441
259.95914, 6006.2285, 196.94826, 573.16412, 983.28436, 729.87421, 408.27365, 11041.223, 8334.2441
260.43332, 6007.0088, 197.53590, 573.32947, 982.26550, 729.23663, 408.31622, 11041.199, 8334.2441
260.99234, 6007.8833, 198.31433, 573.54498, 980.89105, 728.37744, 408.36279, 11041.175, 8334.2441
261.49594, 6008.7017, 198.97479, 573.73108, 979.93158, 727.77490, 408.40149, 11041.151, 8334.2441
261.89145, 6009.5381, 199.66260, 573.92590, 979.40430, 727.45258, 408.43405, 11041.128, 8334.2441
262.36041, 6010.4775, 200.64294, 574.18713, 978.36163, 726.81152, 408.47327, 11041.102, 8334.2441
262.88235, 6011.4048, 201.68352, 574.45465, 978.05688, 726.61914, 408.50089, 11041.078, 8334.2441
263.41498, 6012.2690, 202.64957, 574.69641, 976.98608, 725.94452, 408.53769, 11041.051, 8334.2441
264.04434, 6013.2451, 203.74402, 574.98468, 976.12006, 725.39471, 408.57053, 11041.026, 8334.2441
264.55524, 6014.1343, 204.65768, 575.22754, 974.66846, 724.48608, 408.60959, 11040.994, 8334.2441
265.09607, 6015.0107, 205.63947, 575.47711, 974.14307, 724.14520, 408.63583, 11040.971, 8334.2441
265.61179, 6015.8599, 206.61551, 575.72003, 973.57312, 723.77606, 408.66199, 11040.945, 8334.2441
266.11359, 6016.6895, 207.60408, 575.96063, 972.88251, 723.33069, 408.68893, 11040.920, 8334.2441
266.55151, 6017.4297, 208.44800, 576.15973, 971.76837, 722.62042, 408.71930, 11040.890, 8334.2441
266.90408, 6018.0688, 209.11510, 576.30981, 970.76709, 721.97906, 408.74710, 11040.861, 8334.2441
267.19360, 6018.6333, 209.65240, 576.42401, 970.11896, 721.55566, 408.77029, 11040.834, 8334.2441
267.71634, 6019.4873, 210.44301, 576.64618, 969.68347, 721.26471, 408.79092, 11040.811, 8334.2441
268.13794, 6020.2759, 210.92482, 576.81006, 969.11835, 720.89771, 408.81235, 11040.787, 8334.2441
268.64096, 6021.1577, 211.60120, 577.02460, 968.53778, 720.52014, 408.83334, 11040.764, 8334.2441
269.27042, 6022.1646, 212.52646, 577.30481, 967.79236, 720.03717, 408.85498, 11040.740, 8334.2441
269.79053, 6023.0552, 213.24197, 577.52802, 967.25842, 719.68567, 408.87405, 11040.717, 8334.2441
270.23715, 6023.9165, 213.83887, 577.72827, 966.91473, 719.45660, 408.89136, 11040.693, 8334.2441
270.74188, 6024.8335, 214.53291, 577.95630, 966.41754, 719.13043, 408.90936, 11040.670, 8334.2441
271.38339, 6025.9053, 215.51245, 578.26282, 965.86255, 718.76672, 408.92715, 11040.646, 8334.2441
272.01270, 6026.9438, 216.49974, 578.56262, 964.33893, 717.79938, 408.95081, 11040.613, 8334.2441
272.58936, 6027.8750, 217.40001, 578.82452, 963.35785, 717.16333, 408.96869, 11040.587, 8334.2441
273.07635, 6028.6885, 218.15454, 579.03772, 961.69202, 716.10004, 408.98892, 11040.553, 8334.2441
273.41794, 6029.3291, 218.63644, 579.17096, 960.00360, 715.02142, 409.00656, 11040.518, 8334.2441
273.68829, 6029.8857, 218.99870, 579.26691, 958.87152, 714.28748, 409.01932, 11040.487, 8334.2441
273.92447, 6030.4033, 219.32370, 579.34808, 957.67877, 713.51520, 409.03073, 11040.454, 8334.2441
274.10785, 6030.8569, 219.55103, 579.40063, 956.44067, 712.71436, 409.04047, 11040.419, 8334.2441
274.24911, 6031.2622, 219.69566, 579.42957, 955.79913, 712.28351, 409.04715, 11040.388, 8334.2441
274.66104, 6032.0107, 220.56551, 579.64404, 955.44482, 712.03241, 409.05267, 11040.361, 8334.2441
275.36948, 6033.0942, 221.83504, 579.99768, 954.90601, 711.66406, 409.05804, 11040.338, 8334.2441
275.70496, 6033.7339, 222.11700, 580.10638, 954.20062, 711.19122, 409.06308, 11040.314, 8334.2441
275.97556, 6034.2964, 222.32492, 580.18555, 953.09119, 710.46729, 409.06757, 11040.291, 8334.2441
276.26883, 6034.8867, 222.72589, 580.29828, 952.28088, 709.92865, 409.07034, 11040.261, 8334.2441
276.47794, 6035.3770, 222.99391, 580.36823, 951.82990, 709.61279, 409.07205, 11040.232, 8334.2441
276.56628, 6035.7236, 222.98665, 580.36499, 951.73676, 709.51904, 409.07315, 11040.209, 8334.2441
276.54254, 6035.9517, 222.72075, 580.29681, 951.73193, 709.48187, 409.07425, 11040.184, 8334.2441
276.38510, 6036.0845, 222.22444, 580.17267, 951.86096, 709.53400, 409.07532, 11040.160, 8334.2441
277.34943, 6037.5156, 224.16626, 580.70660, 950.91864, 708.91650, 409.07669, 11040.127, 8334.2441
277.84055, 6038.3457, 224.98749, 580.93854, 949.43420, 707.95673, 409.07623, 11040.090, 8334.2441
278.03275, 6038.8193, 225.16386, 580.99365, 948.56403, 707.37811, 409.07443, 11040.059, 8334.2441
278.34015, 6039.4316, 225.67314, 581.12909, 948.02490, 707.00482, 409.07199, 11040.031, 8334.2441
279.00415, 6040.4707, 226.96893, 581.47931, 947.05914, 706.36560, 409.06812, 11040.000, 8334.2441
279.85071, 6041.7280, 228.35925, 581.89868, 946.06903, 705.70978, 409.06284, 11039.961, 8334.2441
280.63202, 6042.9106, 229.47224, 582.26215, 944.53308, 704.71326, 409.05444, 11039.923, 8334.2441
281.41296, 6044.0962, 230.56143, 582.62360, 943.16772, 703.82135, 409.04422, 11039.882, 8334.2441
282.06241, 6045.1240, 231.41675, 582.91510, 941.55640, 702.77533, 409.03073, 11039.842, 8334.2441
282.51880, 6045.9238, 231.94395, 583.10498, 939.82434, 701.65314, 409.01398, 11039.799, 8334.2441
282.81656, 6046.5347, 232.24155, 583.21661, 938.63220, 700.86584, 408.99756, 11039.762, 8334.2441
283.01831, 6047.0317, 232.39655, 583.28033, 937.87769, 700.35046, 408.98227, 11039.729, 8334.2441
283.23212, 6047.5435, 232.65027, 583.36133, 937.50201, 700.07068, 408.96869, 11039.700, 8334.2441
283.96069, 6048.6719, 233.98354, 583.74487, 936.70020, 699.52521, 408.95178, 11039.664, 8334.2441
284.79675, 6049.9302, 235.22035, 584.14893, 935.07776, 698.46735, 408.92755, 11039.614, 8334.2441
285.52750, 6051.0645, 236.19630, 584.48700, 933.71991, 697.57294, 408.90274, 11039.567, 8334.2441
286.28036, 6052.2271, 237.17990, 584.83392, 932.52759, 696.78064, 408.87732, 11039.521, 8334.2441
287.08789, 6053.4580, 238.27960, 585.21429, 931.35889, 696.00146, 408.85034, 11039.474, 8334.2441
287.78305, 6054.5566, 239.12964, 585.52832, 929.93787, 695.06409, 408.81906, 11039.425, 8334.2441
288.36234, 6055.5171, 239.80377, 585.78461, 928.08673, 693.85773, 408.78079, 11039.368, 8334.2441
288.78180, 6056.2871, 240.26060, 585.96393, 926.82288, 693.01630, 408.74609, 11039.318, 8334.2441
289.08832, 6056.9238, 240.57309, 586.09039, 925.82037, 692.33710, 408.71271, 11039.278, 8334.2441
289.86594, 6058.1265, 241.72581, 586.47351, 924.82977, 691.66486, 408.67822, 11039.237, 8334.2441
290.58795, 6059.2627, 242.63496, 586.80798, 923.37933, 690.70453, 408.63608, 11039.186, 8334.2441
291.17139, 6060.2344, 243.28952, 587.06720, 921.69818, 689.59943, 408.58835, 11039.129, 8334.2441
291.71130, 6061.1548, 243.94606, 587.31439, 920.43744, 688.75537, 408.54388, 11039.078, 8334.2441
292.40961, 6062.2666, 244.91080, 587.65210, 919.27533, 687.97198, 408.49905, 11039.028, 8334.2441
293.14316, 6063.4243, 245.85149, 587.99829, 917.76770, 686.97162, 408.44696, 11038.974, 8334.2441
293.64676, 6064.3062, 246.39490, 588.22211, 916.10718, 685.87494, 408.38977, 11038.913, 8334.2441
293.94742, 6064.9468, 246.62012, 588.34235, 914.83862, 685.02216, 408.33649, 11038.859, 8334.2441
294.22150, 6065.5552, 246.87877, 588.45941, 914.19678, 684.56000, 408.29251, 11038.817, 8334.2441
294.99454, 6066.7646, 247.99173, 588.84338, 913.15845, 683.85004, 408.24075, 11038.771, 8334.2441
295.69748, 6067.8906, 248.81122, 589.16772, 911.76202, 682.91541, 408.18063, 11038.716, 8334.2441
296.39017, 6069.0073, 249.60144, 589.48615, 910.45435, 682.03534, 408.11996, 11038.660, 8334.2441
296.91992, 6069.9282, 250.12096, 589.71948, 908.63824, 680.83655, 408.04697, 11038.594, 8334.2441
297.26987, 6070.6338, 250.39427, 589.86572, 907.35284, 679.96851, 407.98178, 11038.537, 8334.2441
297.55368, 6071.2622, 250.62448, 589.98651, 906.46692, 679.34961, 407.92334, 11038.483, 8334.2441
297.76419, 6071.8013, 250.74402, 590.07043, 905.91663, 678.94006, 407.87091, 11038.443, 8334.2441
297.88647, 6072.2354, 250.69240, 590.10468, 905.63885, 678.70062, 407.82376, 11038.406, 8334.2441
297.93005, 6072.5762, 250.46133, 590.09094, 905.65460, 678.64484, 407.78278, 11038.372, 8334.2441
297.88760, 6072.8281, 250.04141, 590.02899, 905.76129, 678.64777, 407.74380, 11038.338, 8334.2441
297.73615, 6073.0107, 249.46321, 589.92761, 906.07654, 678.78680, 407.70886, 11038.307, 8334.2441
297.39978, 6073.1167, 248.70282, 589.78168, 906.62457, 679.08521, 407.67789, 11038.277, 8334.2441
296.82486, 6073.1489, 247.76048, 589.59210, 907.26587, 679.46161, 407.64734, 11038.249, 8334.2441
296.04095, 6073.1304, 246.68771, 589.37097, 908.03943, 679.93970, 407.61841, 11038.220, 8334.2441
296.53061, 6074.1055, 248.05266, 589.73010, 908.20306, 679.98962, 407.58292, 11038.188, 8334.2441
297.79660, 6075.9131, 250.61948, 590.46271, 907.85913, 679.71191, 407.53818, 11038.151, 8334.2441
298.66370, 6077.2451, 251.79373, 590.88824, 906.70514, 678.92670, 407.47626, 11038.099, 8334.2441
299.27304, 6078.2681, 252.46066, 591.16827, 904.95190, 677.76672, 407.39975, 11038.034, 8334.2441
299.79669, 6079.1885, 252.97363, 591.40222, 903.07446, 676.52802, 407.31738, 11037.965, 8334.2441
300.16119, 6079.9194, 253.27701, 591.56024, 901.63141, 675.55975, 407.24155, 11037.902, 8334.2441
300.42416, 6080.5278, 253.46017, 591.67175, 900.93896, 675.05981, 407.18091, 11037.850, 8334.2441
300.63229, 6081.0713, 253.57812, 591.75818, 900.56366, 674.75769, 407.12704, 11037.809, 8334.2441
300.75903, 6081.5171, 253.53569, 591.79822, 900.32281, 674.53949, 407.07602, 11037.771, 8334.2441
300.79141, 6081.8506, 253.26944, 591.77960, 900.30304, 674.45966, 407.03006, 11037.734, 8334.2441
300.73413, 6082.0933, 252.80640, 591.71136, 900.46112, 674.49298, 406.98816, 11037.701, 8334.2441
300.58417, 6082.2778, 252.21004, 591.60962, 900.81573, 674.65454, 406.95065, 11037.670, 8334.2441
300.29248, 6082.3970, 251.45871, 591.46985, 901.16071, 674.82019, 406.91232, 11037.638, 8334.2441
299.80685, 6082.4463, 250.53688, 591.28894, 901.77521, 675.16937, 406.87888, 11037.608, 8334.2441
301.15088, 6084.3911, 253.20494, 592.07092, 901.10120, 674.68713, 406.82019, 11037.558, 8334.2441
302.07944, 6085.8052, 254.55336, 592.54242, 899.33881, 673.52032, 406.73511, 11037.489, 8334.2441
302.59802, 6086.7275, 255.06960, 592.77814, 897.66217, 672.40552, 406.64883, 11037.422, 8334.2441
302.91284, 6087.4048, 255.24368, 592.90637, 896.28375, 671.47620, 406.56717, 11037.359, 8334.2441
303.07455, 6087.8984, 255.15094, 592.95221, 895.33282, 670.81372, 406.49435, 11037.299, 8334.2441
303.16574, 6088.3066, 254.94342, 592.96124, 894.83313, 670.43292, 406.43185, 11037.245, 8334.2441
303.22275, 6088.6748, 254.69629, 592.95441, 894.65643, 670.25409, 406.37729, 11037.205, 8334.2441
303.23349, 6088.9858, 254.35265, 592.92023, 894.63379, 670.17194, 406.32669, 11037.169, 8334.2441
303.20526, 6089.2524, 253.92776, 592.86383, 894.84808, 670.23865, 406.28226, 11037.135, 8334.2441
303.18579, 6089.5356, 253.56123, 592.81885, 895.41229, 670.52472, 406.24701, 11037.107, 8334.2441
303.09329, 6089.7651, 253.07147, 592.74329, 895.86359, 670.74384, 406.20908, 11037.076, 8334.2441
302.90137, 6089.9395, 252.45424, 592.63574, 896.65802, 671.18353, 406.17926, 11037.052, 8334.2441
302.62405, 6090.0859, 251.77892, 592.51324, 897.50098, 671.66119, 406.15054, 11037.026, 8334.2441
302.39059, 6090.2881, 251.25735, 592.42487, 898.28662, 672.10419, 406.12109, 11037.001, 8334.2441
302.62399, 6090.8921, 251.73810, 592.57336, 898.76514, 672.34198, 406.08676, 11036.971, 8334.2441
302.74762, 6091.3589, 251.88077, 592.64203, 899.28766, 672.60596, 406.05392, 11036.943, 8334.2441
303.09918, 6092.0879, 252.63629, 592.85980, 899.69806, 672.79907, 406.01907, 11036.914, 8334.2441
303.29871, 6092.6284, 252.92404, 592.96735, 900.00958, 672.92938, 405.98233, 11036.883, 8334.2441
303.36688, 6093.0181, 252.84834, 592.98785, 900.60181, 673.23560, 405.95206, 11036.859, 8334.2441
303.44962, 6093.4287, 252.83006, 593.02118, 901.20306, 673.54803, 405.92245, 11036.835, 8334.2441
303.42679, 6093.7476, 252.58261, 592.99982, 901.73810, 673.82245, 405.89151, 11036.809, 8334.2441
303.56485, 6094.2529, 252.78560, 593.08636, 902.22302, 674.06549, 405.86023, 11036.780, 8334.2441
303.89209, 6094.9473, 253.41451, 593.27850, 902.42212, 674.12659, 405.82361, 11036.750, 8334.2441
304.08762, 6095.4829, 253.64851, 593.37781, 902.53992, 674.13672, 405.78546, 11036.717, 8334.2441
304.41208, 6096.1782, 254.10112, 593.54694, 902.48138, 674.03754, 405.74387, 11036.681, 8334.2441
305.17383, 6097.3979, 255.31047, 593.95099, 901.41162, 673.30768, 405.68085, 11036.624, 8334.2441
305.79193, 6098.4468, 255.99535, 594.24127, 900.32471, 672.56628, 405.61578, 11036.562, 8334.2441
306.23383, 6099.2832, 256.26172, 594.42206, 898.59131, 671.42163, 405.53455, 11036.491, 8334.2441
306.58734, 6100.0142, 256.38297, 594.55688, 896.82697, 670.25720, 405.44952, 11036.416, 8334.2441
306.90436, 6100.7017, 256.46707, 594.67572, 895.39172, 669.29718, 405.36935, 11036.349, 8334.2441
307.41357, 6101.6226, 256.84338, 594.89282, 894.09094, 668.42053, 405.29010, 11036.281, 8334.2441
307.90662, 6102.5259, 257.21429, 595.10468, 892.93103, 667.63110, 405.21243, 11036.220, 8334.2441
308.28687, 6103.2930, 257.42709, 595.26135, 891.90558, 666.92487, 405.13651, 11036.157, 8334.2441
308.59924, 6103.9790, 257.57416, 595.38904, 891.36963, 666.52350, 405.07187, 11036.105, 8334.2441
309.20853, 6105.0278, 258.16360, 595.66748, 890.83783, 666.12482, 405.00684, 11036.059, 8334.2441
309.71259, 6105.9478, 258.52869, 595.88367, 889.78375, 665.39984, 404.92731, 11035.998, 8334.2441
310.09665, 6106.7227, 258.65701, 596.03174, 888.22900, 664.36243, 404.83270, 11035.923, 8334.2441
310.39737, 6107.3989, 258.66974, 596.13916, 886.98322, 663.51727, 404.74417, 11035.856, 8334.2441
310.62933, 6107.9922, 258.63449, 596.21960, 886.07104, 662.87994, 404.66321, 11035.797, 8334.2441
311.20502, 6109.0034, 259.26819, 596.49506, 885.30121, 662.33099, 404.58524, 11035.735, 8334.2441
311.63553, 6109.8428, 259.43872, 596.66522, 884.65033, 661.85645, 404.50964, 11035.680, 8334.2441
312.14511, 6110.7754, 259.78586, 596.88287, 883.93774, 661.34271, 404.43158, 11035.621, 8334.2441
312.66580, 6111.7251, 260.15958, 597.10822, 883.20837, 660.81842, 404.35205, 11035.562, 8334.2441
313.18323, 6112.6714, 260.52713, 597.33197, 882.38556, 660.23566, 404.26886, 11035.502, 8334.2441
313.66589, 6113.5752, 260.88144, 597.54364, 881.45837, 659.58691, 404.18140, 11035.438, 8334.2441
314.19833, 6114.5396, 261.30573, 597.78046, 880.52710, 658.93536, 404.09262, 11035.374, 8334.2441
314.66559, 6115.4272, 261.55682, 597.97443, 879.60779, 658.29114, 404.00299, 11035.302, 8334.2441
315.07779, 6116.2490, 261.67740, 598.13495, 878.85443, 657.74982, 403.91733, 11035.231, 8334.2441
315.51614, 6117.1030, 261.90274, 598.31744, 877.96924, 657.12628, 403.82666, 11035.169, 8334.2441
316.00507, 6118.0181, 262.24741, 598.53180, 876.97455, 656.43420, 403.73126, 11035.102, 8334.2441
316.47379, 6118.9106, 262.54181, 598.73383, 875.83044, 655.64825, 403.62958, 11035.024, 8334.2441
316.78748, 6119.6167, 262.60419, 598.85785, 874.79865, 654.93207, 403.53000, 11034.954, 8334.2441
316.95917, 6120.1504, 262.46585, 598.91144, 874.13062, 654.44318, 403.44125, 11034.894, 8334.2441
317.06442, 6120.6050, 262.24561, 598.93384, 873.81244, 654.17267, 403.36362, 11034.838, 8334.2441
317.34827, 6121.2759, 262.38968, 599.05951, 873.50952, 653.91205, 403.28635, 11034.780, 8334.2441
317.76956, 6122.1143, 262.70758, 599.25085, 872.45276, 653.18073, 403.18329, 11034.704, 8334.2441
317.98969, 6122.7100, 262.66049, 599.33203, 871.78064, 652.68903, 403.09198, 11034.643, 8334.2441
318.14166, 6123.2236, 262.51956, 599.37988, 871.32635, 652.33356, 403.00751, 11034.585, 8334.2441
318.26624, 6123.7041, 262.35269, 599.41589, 871.12463, 652.13593, 402.93137, 11034.530, 8334.2441
318.33801, 6124.1221, 262.10175, 599.42426, 871.10107, 652.04974, 402.86133, 11034.479, 8334.2441
318.38934, 6124.5132, 261.84592, 599.42554, 871.36487, 652.14325, 402.80139, 11034.432, 8334.2441
318.42044, 6124.8809, 261.56705, 599.41742, 871.72028, 652.29419, 402.74496, 11034.395, 8334.2441
318.40341, 6125.1914, 261.17346, 599.37878, 872.18292, 652.51251, 402.69263, 11034.360, 8334.2441
318.33517, 6125.4443, 260.66174, 599.30963, 872.77869, 652.81519, 402.64523, 11034.329, 8334.2441
318.23260, 6125.6729, 260.10953, 599.22852, 873.53094, 653.21771, 402.60327, 11034.301, 8334.2441
318.07541, 6125.8784, 259.51263, 599.13470, 874.35638, 653.67029, 402.56375, 11034.271, 8334.2441
317.83594, 6126.0459, 258.83267, 599.01984, 875.24341, 654.16748, 402.52609, 11034.243, 8334.2441
317.58383, 6126.2202, 258.17572, 598.90887, 876.16583, 654.68970, 402.49002, 11034.216, 8334.2441
317.18405, 6126.3286, 257.36240, 598.76001, 877.27832, 655.34143, 402.45898, 11034.192, 8334.2441
316.72818, 6126.4351, 256.54984, 598.60980, 878.59741, 656.12842, 402.43402, 11034.169, 8334.2441
316.33008, 6126.5986, 255.89708, 598.49500, 879.98450, 656.95764, 402.41193, 11034.146, 8334.2441
316.63394, 6127.4429, 256.89725, 598.77521, 881.11865, 657.61475, 402.38556, 11034.122, 8334.2441
317.05347, 6128.3447, 257.99884, 599.08405, 882.07446, 658.15228, 402.35556, 11034.099, 8334.2441
317.37637, 6129.1060, 258.76306, 599.31335, 882.92804, 658.62366, 402.32355, 11034.071, 8334.2441
317.57706, 6129.7036, 259.13669, 599.44879, 883.75958, 659.07935, 402.29172, 11034.043, 8334.2441
317.64590, 6130.1343, 259.10938, 599.48779, 884.67059, 659.58380, 402.26260, 11034.018, 8334.2441
317.57050, 6130.4424, 258.79163, 599.45709, 885.71063, 660.17352, 402.23672, 11033.994, 8334.2441
317.35733, 6130.6646, 258.26318, 599.37549, 886.89142, 660.85852, 402.21411, 11033.971, 8334.2441
316.96970, 6130.8110, 257.54700, 599.24884, 888.19836, 661.63464, 402.19379, 11033.947, 8334.2441
316.44699, 6130.9082, 256.70993, 599.09265, 889.61139, 662.48798, 402.17551, 11033.924, 8334.2441
316.29810, 6131.3286, 256.68436, 599.12689, 890.88300, 663.24261, 402.15601, 11033.900, 8334.2441
317.65167, 6133.3105, 259.65353, 599.95984, 891.07068, 663.30023, 402.11530, 11033.859, 8334.2441
318.34891, 6134.5229, 260.58734, 600.32562, 890.88501, 663.12653, 402.06583, 11033.812, 8334.2441
318.50128, 6135.2974, 260.63156, 600.46088, 891.18268, 663.27228, 402.02499, 11033.766, 8334.2441
318.75626, 6136.1694, 260.89938, 600.65149, 891.34003, 663.32892, 401.98163, 11033.720, 8334.2441
319.15198, 6137.0669, 261.30908, 600.86768, 891.26654, 663.22858, 401.93478, 11033.668, 8334.2441
319.47946, 6137.8193, 261.54126, 601.02356, 891.02686, 663.01953, 401.88480, 11033.614, 8334.2441
319.69049, 6138.4253, 261.57022, 601.11530, 890.98163, 662.93042, 401.83911, 11033.563, 8334.2441
319.82382, 6138.9321, 261.45163, 601.16254, 891.12610, 662.95862, 401.79767, 11033.523, 8334.2441
319.90979, 6139.3843, 261.26010, 601.18591, 891.42963, 663.08618, 401.75998, 11033.489, 8334.2441
319.99310, 6139.8242, 261.06882, 601.20599, 891.90625, 663.32050, 401.72656, 11033.459, 8334.2441
320.15204, 6140.3638, 261.08224, 601.27893, 892.42877, 663.58447, 401.69446, 11033.431, 8334.2441
320.31461, 6140.9263, 261.13922, 601.36310, 892.91351, 663.82654, 401.66190, 11033.400, 8334.2441
320.44083, 6141.4658, 261.17331, 601.43854, 893.50476, 664.13690, 401.63190, 11033.369, 8334.2441
320.49921, 6141.9341, 261.08276, 601.47931, 894.20636, 664.51678, 401.60446, 11033.340, 8334.2441
320.52252, 6142.3491, 260.90213, 601.49420, 894.99408, 664.94928, 401.57950, 11033.312, 8334.2441
320.55984, 6142.7559, 260.72565, 601.50726, 895.83862, 665.41492, 401.55627, 11033.288, 8334.2441
320.57672, 6143.1309, 260.49225, 601.50482, 896.67523, 665.87567, 401.53366, 11033.262, 8334.2441
320.54886, 6143.4526, 260.14792, 601.47412, 897.55383, 666.36304, 401.51236, 11033.236, 8334.2441
320.50507, 6143.7529, 259.76401, 601.43195, 898.51288, 666.90033, 401.49319, 11033.213, 8334.2441
320.40976, 6144.0171, 259.30341, 601.36993, 899.60126, 667.52081, 401.47665, 11033.189, 8334.2441
320.32104, 6144.2744, 258.83731, 601.30518, 900.69635, 668.14459, 401.46091, 11033.166, 8334.2441
320.23032, 6144.5376, 258.39636, 601.24500, 901.73419, 668.73431, 401.44482, 11033.143, 8334.2441
320.26028, 6144.9551, 258.30640, 601.27014, 902.67358, 669.26434, 401.42761, 11033.119, 8334.2441
320.58002, 6145.6909, 258.90497, 601.46869, 903.30914, 669.60352, 401.40656, 11033.096, 8334.2441
320.73816, 6146.2681, 259.12286, 601.57642, 904.00800, 669.98523, 401.38663, 11033.069, 8334.2441
320.66025, 6146.7676, 259.14212, 601.63739, 905.11029, 670.63501, 401.37173, 11033.046, 8334.2441
320.45444, 6147.2129, 259.05612, 601.67126, 906.35132, 671.37988, 401.35876, 11033.022, 8334.2441
320.32321, 6147.6694, 259.01935, 601.71429, 907.53845, 672.08459, 401.34613, 11032.999, 8334.2441
320.17490, 6148.0938, 258.91800, 601.74048, 908.85352, 672.86743, 401.33575, 11032.976, 8334.2441
319.82770, 6148.4458, 258.64813, 601.72522, 910.36090, 673.78455, 401.32742, 11032.963, 8334.2441
319.50958, 6148.7808, 258.35657, 601.70251, 911.86591, 674.69586, 401.31989, 11032.952, 8334.2441
319.21536, 6149.0913, 258.01801, 601.66669, 913.32074, 675.57172, 401.31265, 11032.939, 8334.2441
318.80966, 6149.3442, 257.54846, 601.59869, 914.83539, 676.49213, 401.30615, 11032.930, 8334.2441
318.42667, 6149.5850, 257.06332, 601.52509, 916.33484, 677.40051, 401.30029, 11032.919, 8334.2441
318.09515, 6149.8179, 256.57007, 601.44788, 917.78937, 678.27496, 401.29483, 11032.908, 8334.2441
317.71634, 6150.0156, 255.99573, 601.35034, 919.24762, 679.15448, 401.28983, 11032.897, 8334.2441
317.30533, 6150.1821, 255.34746, 601.23444, 920.71472, 680.04089, 401.28540, 11032.889, 8334.2441
316.76514, 6150.3003, 254.58310, 601.09027, 922.26819, 680.99133, 401.28177, 11032.880, 8334.2441
316.16589, 6150.4058, 253.78935, 600.93787, 923.86133, 681.97241, 401.27875, 11032.872, 8334.2441
315.54044, 6150.5020, 252.98251, 600.78101, 925.46124, 682.96082, 401.27615, 11032.864, 8334.2441
314.84998, 6150.5747, 252.11774, 600.60925, 927.11414, 683.98755, 401.27426, 11032.857, 8334.2441
314.09891, 6150.6289, 251.21266, 600.42676, 928.81964, 685.05286, 401.27289, 11032.856, 8334.2441
313.41028, 6150.7002, 250.36374, 600.25555, 930.41833, 686.04810, 401.27197, 11032.850, 8334.2441
312.47095, 6150.7222, 249.38467, 600.05334, 932.23077, 687.19910, 401.27151, 11032.849, 8334.2441
311.41531, 6150.7275, 248.37100, 599.84131, 934.14941, 688.42798, 401.27151, 11032.849, 8334.2441
310.48019, 6150.7593, 247.43683, 599.64581, 935.96875, 689.58563, 401.27209, 11032.849, 8334.2441
309.51526, 6150.7798, 246.48639, 599.44507, 937.77405, 690.73834, 401.27316, 11032.846, 8334.2441
308.51096, 6150.7905, 245.51349, 599.23749, 939.57361, 691.89191, 401.27484, 11032.841, 8334.2441
308.19513, 6151.2002, 245.58737, 599.27155, 941.10229, 692.83978, 401.27710, 11032.837, 8334.2441
307.95953, 6151.6152, 245.67610, 599.30951, 942.61212, 693.76727, 401.27988, 11032.832, 8334.2441
307.43661, 6151.8579, 245.31274, 599.24219, 944.22937, 694.77734, 401.28290, 11032.826, 8334.2441
307.11865, 6152.1094, 244.98656, 599.18201, 945.67487, 695.65997, 401.28668, 11032.825, 8334.2441
306.74289, 6152.3032, 244.51230, 599.08716, 947.02679, 696.48706, 401.29141, 11032.817, 8334.2441
306.15506, 6152.3975, 243.77866, 598.93152, 948.48413, 697.39429, 401.29642, 11032.811, 8334.2441
305.41183, 6152.4312, 242.88760, 598.73859, 950.04559, 698.37799, 401.30167, 11032.806, 8334.2441
304.50095, 6152.4287, 241.90341, 598.52295, 951.77673, 699.48218, 401.30652, 11032.806, 8334.2441
303.69894, 6152.4668, 241.04028, 598.33325, 953.41895, 700.52441, 401.31219, 11032.806, 8334.2441
302.89835, 6152.5020, 240.17743, 598.14221, 954.93262, 701.48846, 401.31961, 11032.800, 8334.2441
301.43011, 6152.4023, 238.94974, 597.86694, 956.98767, 702.84802, 401.32489, 11032.800, 8334.2441
299.25531, 6152.1865, 237.40738, 597.51849, 959.52179, 704.57104, 401.32886, 11032.800, 8334.2441
297.25830, 6152.0049, 235.97441, 597.19238, 961.96008, 706.22040, 401.33322, 11032.800, 8334.2441
295.26013, 6151.8252, 234.56290, 596.86865, 964.40009, 707.87274, 401.33795, 11032.800, 8334.2441
293.19650, 6151.6372, 233.13051, 596.53815, 966.85199, 709.54004, 401.34323, 11032.800, 8334.2441
290.81348, 6151.3960, 231.56027, 596.17426, 969.51825, 711.37115, 401.34763, 11032.800, 8334.2441
288.43832, 6151.1553, 230.00441, 595.81116, 972.16229, 713.18945, 401.35254, 11032.800, 8334.2441
286.28497, 6150.9507, 228.56517, 595.47198, 974.67126, 714.90491, 401.35818, 11032.800, 8334.2441
284.19525, 6150.7544, 227.15842, 595.13770, 977.14569, 716.59393, 401.36420, 11032.800, 8334.2441
282.29996, 6150.5859, 225.84155, 594.82147, 979.50519, 718.19464, 401.37073, 11032.800, 8334.2441
280.43738, 6150.4175, 224.53537, 594.50531, 981.81165, 719.76074, 401.37827, 11032.800, 8334.2441
278.76639, 6150.2710, 223.30475, 594.20422, 983.97577, 721.22150, 401.38708, 11032.800, 8334.2441
277.31418, 6150.1489, 222.15239, 593.91895, 985.95288, 722.54645, 401.39795, 11032.800, 8334.2441
275.85974, 6150.0210, 220.99518, 593.63074, 987.92090, 723.86676, 401.40930, 11032.800, 8334.2441
274.45886, 6149.8965, 219.85237, 593.34399, 989.82629, 725.14398, 401.42169, 11032.800, 8334.2441
273.10748, 6149.7891, 218.76744, 593.06848, 991.64893, 726.36792, 401.43604, 11032.800, 8334.2441
271.80380, 6149.6738, 217.66940, 592.78827, 993.42682, 727.55951, 401.45099, 11032.800, 8334.2441
270.38181, 6149.5103, 216.44608, 592.47839, 995.31128, 728.82629, 401.46436, 11032.800, 8334.2441
268.80136, 6149.3164, 215.14713, 592.14954, 997.28064, 730.16168, 401.47763, 11032.800, 8334.2441
266.98123, 6149.0942, 213.77380, 591.80194, 999.44684, 731.64276, 401.48874, 11032.800, 8334.2441
265.33853, 6148.8789, 212.43420, 591.45978, 1001.4362, 732.99786, 401.50259, 11032.800, 8334.2441
263.79370, 6148.6636, 211.10429, 591.11768, 1003.3411, 734.29144, 401.51746, 11032.800, 8334.2441
262.31241, 6148.4473, 209.77617, 590.77411, 1005.1934, 735.54657, 401.53299, 11032.800, 8334.2441
260.76950, 6148.2207, 208.42931, 590.42432, 1007.1049, 736.84552, 401.54770, 11032.800, 8334.2441
259.88495, 6148.2729, 207.84291, 590.24725, 1008.6293, 737.86108, 401.56784, 11032.800, 8334.2441
259.81201, 6148.6147, 208.04082, 590.25018, 1009.6821, 738.52423, 401.59369, 11032.800, 8334.2441
259.47415, 6148.7695, 207.75056, 590.13989, 1010.9145, 739.30951, 401.61572, 11032.800, 8334.2441
258.94943, 6148.8228, 207.18735, 589.96594, 1012.2567, 740.17352, 401.63599, 11032.800, 8334.2441
258.33450, 6148.8179, 206.47925, 589.75757, 1013.5901, 741.03766, 401.65762, 11032.800, 8334.2441
257.48489, 6148.7305, 205.54903, 589.49713, 1015.0458, 741.99597, 401.67825, 11032.800, 8334.2441
256.37918, 6148.5703, 204.42111, 589.19037, 1016.6245, 743.05255, 401.69843, 11032.800, 8334.2441
255.01553, 6148.3521, 203.14244, 588.84790, 1018.3624, 744.23132, 401.71707, 11032.800, 8334.2441
253.50981, 6148.1108, 201.80753, 588.49072, 1020.1793, 745.47357, 401.73532, 11032.800, 8334.2441
252.73297, 6148.0581, 201.01164, 588.25354, 1021.5433, 746.37567, 401.75903, 11032.800, 8334.2441
252.26991, 6148.1445, 200.60876, 588.10443, 1022.7137, 747.13776, 401.78644, 11032.800, 8334.2441
251.52905, 6148.1411, 199.96553, 587.89966, 1024.1246, 748.07013, 401.80887, 11032.800, 8334.2441
250.28055, 6148.0249, 199.00998, 587.62323, 1025.8346, 749.23291, 401.82852, 11032.800, 8334.2441
248.56960, 6147.8257, 197.82597, 587.29395, 1027.8905, 750.65222, 401.84296, 11032.800, 8334.2441
246.97545, 6147.5781, 196.50746, 586.93317, 1029.8097, 751.97186, 401.85950, 11032.800, 8334.2441
245.49516, 6147.3735, 195.31438, 586.59991, 1031.6506, 753.23639, 401.87744, 11032.800, 8334.2441
244.47075, 6147.4517, 194.89551, 586.44183, 1033.3185, 754.37109, 401.89792, 11032.800, 8334.2441
243.78313, 6147.7109, 194.98833, 586.39954, 1034.9226, 755.44635, 401.91705, 11032.800, 8334.2441
242.86388, 6147.8325, 194.70264, 586.27087, 1036.6136, 756.58789, 401.93539, 11032.800, 8334.2441
242.03116, 6148.0542, 194.66200, 586.20074, 1038.2505, 757.69672, 401.95645, 11032.800, 8334.2441
241.79597, 6148.6265, 195.57385, 586.35004, 1039.6602, 758.63251, 401.98071, 11032.800, 8334.2441
241.89934, 6149.3130, 196.80856, 586.57343, 1040.8737, 759.42053, 402.00851, 11032.800, 8334.2441
242.15977, 6149.9761, 197.98975, 586.78412, 1041.8652, 760.05182, 402.04276, 11032.800, 8334.2441
242.36290, 6150.5010, 198.81024, 586.91199, 1042.7574, 760.61456, 402.08063, 11032.800, 8334.2441
242.35051, 6150.8462, 199.14548, 586.92859, 1043.6569, 761.18835, 402.12021, 11032.800, 8334.2441
242.11996, 6151.0537, 199.10498, 586.85907, 1044.7156, 761.87042, 402.15515, 11032.800, 8334.2441
241.74805, 6151.2012, 198.90182, 586.75201, 1045.8970, 762.63788, 402.18655, 11032.800, 8334.2441
241.00493, 6151.2598, 198.44991, 586.58868, 1047.3717, 763.61835, 402.21191, 11032.800, 8334.2441
240.21185, 6151.3052, 197.96733, 586.41742, 1048.8903, 764.63013, 402.23630, 11032.800, 8334.2441
239.13095, 6151.2886, 197.30476, 586.20544, 1050.6025, 765.78735, 402.25766, 11032.800, 8334.2441
238.09370, 6151.3701, 196.85817, 586.04730, 1052.2720, 766.92389, 402.28238, 11032.800, 8334.2441
237.24319, 6151.5513, 196.69330, 585.95258, 1053.8856, 768.01538, 402.30731, 11032.800, 8334.2441
237.02989, 6152.0518, 197.41930, 586.06024, 1055.1807, 768.87067, 402.33875, 11032.800, 8334.2441
236.73274, 6152.3960, 197.75502, 586.07617, 1056.4780, 769.72131, 402.36911, 11032.800, 8334.2441
236.12596, 6152.5312, 197.52501, 585.96167, 1057.8816, 770.65143, 402.39783, 11032.800, 8334.2441
235.47090, 6152.6079, 197.14395, 585.81165, 1059.2427, 771.55597, 402.42899, 11032.800, 8334.2441
234.72032, 6152.6323, 196.62146, 585.62872, 1060.5947, 772.46118, 402.46234, 11032.800, 8334.2441
233.87750, 6152.6118, 195.98027, 585.41815, 1061.9701, 773.38745, 402.49609, 11032.800, 8334.2441
232.93927, 6152.5547, 195.23778, 585.18365, 1063.3695, 774.33649, 402.53058, 11032.800, 8334.2441
231.98187, 6152.4863, 194.47145, 584.94269, 1064.8584, 775.34174, 402.56052, 11032.800, 8334.2441
232.49886, 6152.4243, 193.73152, 584.70642, 1066.2146, 776.26398, 402.59714, 11032.800, 8334.2441
232.98567, 6152.3525, 192.96608, 584.46338, 1067.6042, 777.20978, 402.63257, 11032.800, 8334.2441
233.45963, 6152.2749, 192.19203, 584.21716, 1068.8761, 778.08600, 402.67502, 11032.800, 8334.2441
233.89755, 6152.1816, 191.38020, 583.96143, 1070.0922, 778.93188, 402.72144, 11032.800, 8334.2441
234.22383, 6152.0615, 190.49036, 583.68701, 1071.4885, 779.89777, 402.76028, 11032.800, 8334.2441
234.02037, 6151.8662, 189.38568, 583.36316, 1073.3748, 781.21594, 402.78561, 11032.800, 8334.2441
233.64876, 6151.6470, 188.22379, 583.02496, 1075.3699, 782.61841, 402.80923, 11032.800, 8334.2441
233.11378, 6151.4053, 187.00716, 582.67267, 1077.4872, 784.11328, 402.83017, 11032.800, 8334.2441
232.90434, 6151.2402, 186.01767, 582.36957, 1079.4414, 785.47968, 402.85226, 11032.800, 8334.2441
232.50974, 6151.0288, 184.90213, 582.03656, 1081.4855, 786.91833, 402.87363, 11032.800, 8334.2441
232.15799, 6150.8257, 183.82054, 581.70959, 1083.5211, 788.34888, 402.89423, 11032.800, 8334.2441
232.10339, 6150.7095, 182.99889, 581.43915, 1085.4076, 789.66431, 402.91644, 11032.800, 8334.2441
231.89264, 6150.5615, 182.09262, 581.14862, 1087.4070, 791.06415, 402.93604, 11032.800, 8334.2441
231.94850, 6150.5166, 181.48766, 580.92493, 1089.2709, 792.36145, 402.95789, 11032.800, 8334.2441
232.38939, 6150.6167, 181.30069, 580.79425, 1090.9493, 793.51642, 402.98248, 11032.800, 8334.2441
234.27010, 6151.7515, 183.91020, 581.30878, 1092.1321, 794.30634, 403.02039, 11032.800, 8334.2441
236.79961, 6153.2056, 187.35605, 582.02124, 1092.6084, 794.62097, 403.09229, 11032.800, 8334.2441
238.80261, 6154.1758, 189.44530, 582.42804, 1093.4030, 795.13867, 403.14835, 11032.800, 8334.2441
240.22980, 6154.7295, 190.39391, 582.57513, 1094.5706, 795.90649, 403.18851, 11032.800, 8334.2441
241.69286, 6155.2515, 191.25293, 582.70258, 1095.5905, 796.57642, 403.23660, 11032.800, 8334.2441
243.25905, 6155.9399, 192.49136, 582.92438, 1096.6682, 797.28510, 403.28284, 11032.800, 8334.2441
244.56006, 6156.4678, 193.25908, 583.04230, 1097.8473, 798.06903, 403.32755, 11032.800, 8334.2441
246.37447, 6157.4414, 194.99887, 583.40631, 1098.6635, 798.61646, 403.39236, 11032.800, 8334.2441
248.15692, 6158.3013, 196.45255, 583.70435, 1099.1794, 798.97272, 403.47586, 11032.800, 8334.2441
249.75484, 6158.9116, 197.33450, 583.86200, 1099.9834, 799.49908, 403.53934, 11032.800, 8334.2441
251.38174, 6159.4966, 198.15411, 584.00555, 1100.7124, 799.97345, 403.60651, 11032.800, 8334.2441
253.03598, 6160.0972, 198.99829, 584.15698, 1101.4099, 800.42615, 403.67569, 11032.800, 8334.2441
254.77957, 6160.7490, 199.96498, 584.33887, 1102.0117, 800.81464, 403.75012, 11032.800, 8334.2441
256.57291, 6161.3965, 200.92657, 584.51953, 1102.4434, 801.09259, 403.83459, 11032.800, 8334.2441
258.29968, 6161.9702, 201.70738, 584.65747, 1102.8929, 801.38129, 403.91821, 11032.800, 8334.2441
258.47714, 6162.5435, 202.46422, 584.79285, 1103.4915, 801.77179, 403.99615, 11032.800, 8334.2441
258.57642, 6163.0225, 203.01086, 584.87659, 1104.1523, 802.19946, 404.07025, 11032.800, 8334.2441
258.57724, 6163.3760, 203.26520, 584.88928, 1104.7505, 802.58789, 404.14856, 11032.800, 8334.2441
258.59814, 6163.7041, 203.47043, 584.88916, 1105.5796, 803.11133, 404.20978, 11032.800, 8334.2441
258.62198, 6164.0366, 203.69565, 584.89319, 1106.3271, 803.58521, 404.27695, 11032.800, 8334.2441
258.57553, 6164.3115, 203.77206, 584.86212, 1106.8101, 803.90100, 404.36334, 11032.800, 8334.2441
258.40930, 6164.5107, 203.65773, 584.78680, 1107.5349, 804.37030, 404.43533, 11032.800, 8334.2441
258.15775, 6164.6738, 203.44716, 584.68890, 1108.2250, 804.82532, 404.51196, 11032.800, 8334.2441
257.84418, 6164.8149, 203.17802, 584.57715, 1109.1553, 805.43066, 404.57364, 11032.800, 8334.2441
257.47858, 6164.9507, 202.90247, 584.46301, 1110.0308, 806.00873, 404.64102, 11032.800, 8334.2441
257.17422, 6165.1343, 202.75571, 584.37799, 1110.7885, 806.51318, 404.71594, 11032.800, 8334.2441
257.24197, 6165.5908, 203.31546, 584.45844, 1111.4778, 806.95984, 404.79047, 11032.800, 8334.2441
258.06018, 6166.7505, 205.54860, 584.94556, 1111.4675, 806.96375, 404.90872, 11032.803, 8334.2441
258.73022, 6167.7354, 207.25270, 585.31830, 1111.4020, 806.93225, 405.03128, 11032.803, 8334.2441
259.13467, 6168.4106, 208.20284, 585.51141, 1111.3274, 806.89447, 405.15488, 11032.807, 8334.2441
259.41830, 6168.9424, 208.81149, 585.62238, 1111.4344, 806.96564, 405.26590, 11032.807, 8334.2441
259.64883, 6169.4102, 209.26984, 585.69739, 1111.4557, 806.98450, 405.38278, 11032.808, 8334.2441
259.90182, 6169.9219, 209.76949, 585.78900, 1111.6295, 807.09711, 405.48962, 11032.808, 8334.2441
260.37985, 6170.7266, 210.63806, 586.00574, 1111.3634, 806.94537, 405.62787, 11032.808, 8334.2441
260.81943, 6171.5156, 211.19366, 586.17670, 1110.5597, 806.47089, 405.80377, 11032.817, 8334.2441
261.18298, 6172.2451, 211.57822, 586.30957, 1109.8140, 806.03381, 405.97559, 11032.825, 8334.2441
261.65854, 6173.1016, 212.24280, 586.51239, 1108.9451, 805.52063, 406.15469, 11032.833, 8334.2441
262.17899, 6173.9858, 213.00458, 586.73608, 1107.8762, 804.88318, 406.34525, 11032.844, 8334.2441
262.66025, 6174.7847, 213.70294, 586.93054, 1106.4755, 804.03973, 406.55533, 11032.854, 8334.2441
263.07556, 6175.4971, 214.32773, 587.09363, 1105.4293, 803.40936, 406.73975, 11032.861, 8334.2441
263.41315, 6176.1128, 214.82437, 587.21509, 1104.4058, 802.79095, 406.92117, 11032.870, 8334.2441
263.70255, 6176.6631, 215.23056, 587.30872, 1103.4218, 802.19537, 407.09839, 11032.877, 8334.2441
263.94626, 6177.1592, 215.55780, 587.37823, 1102.5923, 801.69269, 407.26456, 11032.885, 8334.2441
264.13281, 6177.5933, 215.78699, 587.41864, 1101.6715, 801.13489, 407.43552, 11032.891, 8334.2441
264.28171, 6177.9771, 215.93781, 587.43610, 1101.1837, 800.83844, 407.57761, 11032.896, 8334.2441
264.86563, 6178.8838, 217.10677, 587.72443, 1100.7826, 800.59485, 407.71390, 11032.899, 8334.2441
265.51022, 6179.8613, 218.19035, 588.01990, 1099.9968, 800.11670, 407.87399, 11032.901, 8334.2441
266.05786, 6180.7319, 218.89383, 588.23749, 1098.8821, 799.43872, 408.05383, 11032.910, 8334.2441
266.33060, 6181.3101, 218.92542, 588.29004, 1098.0364, 798.92651, 408.21640, 11032.911, 8334.2441
266.89536, 6182.2212, 219.59575, 588.51349, 1096.9746, 798.28149, 408.39062, 11032.917, 8334.2441
267.34381, 6182.9761, 219.98122, 588.65955, 1095.6248, 797.45923, 408.58032, 11032.924, 8334.2441
267.86621, 6183.8115, 220.58153, 588.85529, 1094.1013, 796.52979, 408.77798, 11032.933, 8334.2441
268.44427, 6184.7124, 221.35214, 589.09119, 1092.5690, 795.59424, 408.97382, 11032.940, 8334.2441
269.04312, 6185.6401, 222.17160, 589.34100, 1091.0728, 794.67920, 409.16537, 11032.947, 8334.2441
269.59314, 6186.5137, 222.79604, 589.55157, 1089.0222, 793.42676, 409.38632, 11032.955, 8334.2441
270.17252, 6187.4214, 223.42891, 589.77203, 1087.0081, 792.19519, 409.60156, 11032.964, 8334.2441
270.73993, 6188.3154, 224.06178, 589.98975, 1084.8613, 790.88214, 409.82053, 11032.972, 8334.2441
271.31403, 6189.2202, 224.75136, 590.21844, 1083.1338, 789.82275, 410.01318, 11032.976, 8334.2441
271.75269, 6190.0298, 225.17953, 590.38794, 1082.2384, 789.27417, 410.16022, 11032.976, 8334.2441
272.23438, 6190.9263, 225.78998, 590.60413, 1081.6464, 788.91272, 410.29086, 11032.976, 8334.2441
272.75256, 6191.8315, 226.39326, 590.82251, 1080.9092, 788.45941, 410.42755, 11032.976, 8334.2441
273.22534, 6192.6406, 226.79691, 590.98969, 1079.9784, 787.88306, 410.57248, 11032.976, 8334.2441
273.75568, 6193.5244, 227.38245, 591.20081, 1078.6782, 787.08252, 410.73514, 11032.977, 8334.2441
274.34851, 6194.4634, 228.12001, 591.44702, 1076.8984, 785.98712, 410.91986, 11032.979, 8334.2441
274.91302, 6195.3799, 228.78822, 591.67871, 1074.8290, 784.71533, 411.11624, 11032.984, 8334.2441
275.57785, 6196.4067, 229.60104, 591.95813, 1073.0470, 783.61603, 411.29468, 11032.985, 8334.2441
276.19962, 6197.3955, 230.37610, 592.22345, 1071.4740, 782.64398, 411.46048, 11032.985, 8334.2441
276.80807, 6198.3628, 231.17526, 592.48712, 1070.2471, 781.88098, 411.60736, 11032.985, 8334.2441
277.38120, 6199.2832, 231.97881, 592.74054, 1068.8676, 781.02325, 411.75952, 11032.985, 8334.2441
277.90659, 6200.1489, 232.74568, 592.97595, 1067.9194, 780.42798, 411.88974, 11032.985, 8334.2441
278.41266, 6200.9946, 233.56129, 593.21356, 1067.0603, 779.88605, 412.01477, 11032.985, 8334.2441
278.81992, 6201.7290, 234.22452, 593.40302, 1066.2170, 779.35321, 412.13812, 11032.985, 8334.2441
279.13019, 6202.3633, 234.73741, 593.54755, 1065.7084, 779.02509, 412.24579, 11032.985, 8334.2441
279.34842, 6202.8721, 235.01715, 593.62903, 1065.4352, 778.83826, 412.34192, 11032.985, 8334.2441
279.50122, 6203.3213, 235.19554, 593.68207, 1065.7148, 778.99005, 412.41351, 11032.985, 8334.2441
279.69727, 6203.8018, 235.47781, 593.75757, 1066.0950, 779.20087, 412.48026, 11032.985, 8334.2441
280.11810, 6204.5645, 236.36205, 593.98621, 1066.4983, 779.42688, 412.54642, 11032.985, 8334.2441
280.83749, 6205.7153, 237.84160, 594.39398, 1066.4454, 779.37701, 412.63409, 11032.985, 8334.2441
281.61584, 6206.9136, 239.16119, 594.79321, 1065.8903, 779.01752, 412.74365, 11032.985, 8334.2441
282.30209, 6207.9834, 240.18712, 595.12122, 1064.5223, 778.16003, 412.88779, 11032.985, 8334.2441
282.97137, 6209.0317, 241.06433, 595.42389, 1063.3540, 777.42279, 413.02124, 11032.985, 8334.2441
283.47137, 6209.8818, 241.42575, 595.60712, 1062.1581, 776.66791, 413.15427, 11032.985, 8334.2441
284.03464, 6210.8081, 241.93741, 595.83002, 1060.4474, 775.59882, 413.30688, 11032.985, 8334.2441
284.64062, 6211.7827, 242.54553, 596.07880, 1058.6744, 774.49042, 413.45901, 11032.985, 8334.2441
285.20999, 6212.7144, 243.09290, 596.30933, 1056.6382, 773.22052, 413.61856, 11032.985, 8334.2441
285.77005, 6213.6382, 243.61371, 596.53406, 1054.5603, 771.92413, 413.77597, 11032.985, 8334.2441
286.39877, 6214.6450, 244.30983, 596.80420, 1052.9332, 770.90179, 413.91257, 11032.985, 8334.2441
286.99875, 6215.6201, 245.01042, 597.06757, 1051.5333, 770.01727, 414.03809, 11032.985, 8334.2441
287.66086, 6216.6699, 245.75793, 597.35645, 1049.7478, 768.89630, 414.17538, 11032.985, 8334.2441
288.36011, 6217.7646, 246.54201, 597.66223, 1048.3474, 768.00916, 414.29593, 11032.985, 8334.2441
288.87326, 6218.6401, 246.98676, 597.86713, 1045.9158, 766.49133, 414.45004, 11032.985, 8334.2441
289.44064, 6219.5806, 247.49025, 598.09680, 1044.2629, 765.44812, 414.57318, 11032.985, 8334.2441
289.97281, 6220.4834, 247.89888, 598.30444, 1043.0735, 764.68774, 414.67831, 11032.985, 8334.2441
290.59198, 6221.5010, 248.51910, 598.56970, 1042.0232, 764.01251, 414.77725, 11032.985, 8334.2441
291.28821, 6222.6089, 249.32060, 598.88336, 1040.8662, 763.27106, 414.87814, 11032.985, 8334.2441
291.95779, 6223.6841, 250.03845, 599.17749, 1039.7717, 762.56647, 414.97531, 11032.985, 8334.2441
292.52438, 6224.6323, 250.51256, 599.40704, 1038.3735, 761.67517, 415.08008, 11032.985, 8334.2441
293.02634, 6225.5024, 250.84660, 599.59845, 1036.8575, 760.71130, 415.18613, 11032.985, 8334.2441
293.59100, 6226.4497, 251.32787, 599.82947, 1034.5046, 759.23468, 415.31381, 11032.985, 8334.2441
294.16205, 6227.4058, 251.83215, 600.06616, 1032.0784, 757.71167, 415.43881, 11032.984, 8334.2441
294.69495, 6228.3174, 252.31398, 600.28906, 1029.7085, 756.22205, 415.55731, 11032.982, 8334.2441
295.12170, 6229.1025, 252.64786, 600.46045, 1027.4459, 754.79694, 415.66821, 11032.979, 8334.2441
295.73044, 6230.1089, 253.29605, 600.72998, 1025.6619, 753.66394, 415.76318, 11032.979, 8334.2441
296.17459, 6230.9175, 253.48561, 600.88843, 1024.1454, 752.69385, 415.84845, 11032.979, 8334.2441
296.49918, 6231.5845, 253.40616, 600.97443, 1022.5178, 751.65546, 415.93378, 11032.977, 8334.2441
296.90201, 6232.3452, 253.55679, 601.11536, 1019.8854, 750.00085, 416.03824, 11032.968, 8334.2441
297.43246, 6233.2607, 254.00694, 601.33575, 1017.5321, 748.51617, 416.13129, 11032.957, 8334.2441
297.91208, 6234.1157, 254.40735, 601.53485, 1015.2272, 747.05994, 416.21866, 11032.946, 8334.2441
298.28491, 6234.8423, 254.69014, 601.68604, 1012.9656, 745.62927, 416.30060, 11032.937, 8334.2441
298.55536, 6235.4482, 254.83157, 601.78766, 1010.7502, 744.22595, 416.37723, 11032.927, 8334.2441
298.83023, 6236.0605, 255.04393, 601.90057, 1009.4888, 743.40723, 416.43372, 11032.918, 8334.2441
299.31055, 6236.9199, 255.71555, 602.13824, 1007.8004, 742.32581, 416.49500, 11032.906, 8334.2441
299.95291, 6237.9761, 256.60266, 602.45477, 1005.9870, 741.16656, 416.55536, 11032.890, 8334.2441
300.68576, 6239.1431, 257.45444, 602.79498, 1004.0468, 739.92798, 416.61414, 11032.866, 8334.2441
301.33398, 6240.2095, 258.11429, 603.08441, 1001.9338, 738.58228, 416.67160, 11032.843, 8334.2441
301.81143, 6241.0718, 258.47943, 603.28314, 999.32587, 736.93103, 416.73105, 11032.814, 8334.2441
302.13708, 6241.7524, 258.62210, 603.40625, 997.09741, 735.51215, 416.78067, 11032.787, 8334.2441
302.43805, 6242.4038, 258.82043, 603.52979, 995.81604, 734.67468, 416.81641, 11032.764, 8334.2441
303.06018, 6243.4429, 259.64285, 603.83557, 994.03033, 733.52637, 416.85495, 11032.740, 8334.2441
303.47168, 6244.2295, 260.04886, 604.02209, 992.22888, 732.36725, 416.89041, 11032.716, 8334.2441
303.78403, 6244.8975, 260.30920, 604.15930, 991.12360, 731.63586, 416.91721, 11032.692, 8334.2441
304.05533, 6245.5166, 260.53485, 604.27960, 990.26843, 731.05780, 416.94052, 11032.669, 8334.2441
304.87363, 6246.7954, 261.77716, 604.70404, 988.88739, 730.15570, 416.96643, 11032.648, 8334.2441
305.44742, 6247.7812, 262.35242, 604.96509, 986.50281, 728.63434, 416.99594, 11032.619, 8334.2441
305.77789, 6248.4761, 262.50339, 605.09570, 984.68915, 727.46356, 417.01776, 11032.592, 8334.2441
305.98718, 6249.0249, 262.46909, 605.16455, 982.91888, 726.31903, 417.03613, 11032.564, 8334.2441
306.16760, 6249.5391, 262.43878, 605.22540, 981.85419, 725.60858, 417.04895, 11032.539, 8334.2441
306.29172, 6249.9858, 262.31406, 605.25653, 980.98334, 725.01758, 417.05966, 11032.513, 8334.2441
306.33752, 6250.3374, 262.01175, 605.23962, 980.15851, 724.45483, 417.06903, 11032.485, 8334.2441
306.48346, 6250.8096, 262.01523, 605.29443, 979.90631, 724.24518, 417.07593, 11032.469, 8334.2441
306.92886, 6251.6436, 262.79459, 605.54553, 979.10986, 723.69977, 417.08374, 11032.446, 8334.2441
307.44916, 6252.5698, 263.64755, 605.83020, 977.65320, 722.74689, 417.09149, 11032.418, 8334.2441
307.71393, 6253.1885, 263.84125, 605.94867, 976.60223, 722.04315, 417.09653, 11032.391, 8334.2441
307.90958, 6253.7251, 263.89664, 606.02765, 975.85114, 721.52393, 417.09991, 11032.366, 8334.2441
308.10168, 6254.2573, 263.95212, 606.10559, 975.13495, 721.02618, 417.10223, 11032.341, 8334.2441
308.29858, 6254.7964, 264.01620, 606.18640, 974.31244, 720.46277, 417.10370, 11032.314, 8334.2441
308.69662, 6255.5786, 264.60181, 606.39917, 974.03308, 720.23395, 417.10422, 11032.291, 8334.2441
309.04184, 6256.2979, 265.04852, 606.57794, 973.27753, 719.71094, 417.10391, 11032.266, 8334.2441
309.23010, 6256.8291, 265.11499, 606.65765, 972.82922, 719.37720, 417.10294, 11032.242, 8334.2441
310.04550, 6258.1187, 266.23981, 607.07123, 971.23749, 718.33832, 417.10013, 11032.212, 8334.2441
310.68701, 6259.2002, 266.85486, 607.36407, 969.49664, 717.20624, 417.09390, 11032.184, 8334.2441
311.22092, 6260.1523, 267.27707, 607.59888, 966.97791, 715.59344, 417.08209, 11032.146, 8334.2441
311.55353, 6260.8613, 267.34235, 607.72485, 965.18323, 714.42639, 417.06818, 11032.114, 8334.2441
311.72485, 6261.3774, 267.11649, 607.76257, 963.04639, 713.04779, 417.04919, 11032.077, 8334.2441
311.80399, 6261.7822, 266.73392, 607.75073, 961.54138, 712.05872, 417.02997, 11032.046, 8334.2441
311.99493, 6262.3223, 266.52899, 607.79657, 961.03296, 711.68494, 417.01492, 11032.022, 8334.2441
312.52676, 6263.2739, 266.87137, 608.01996, 959.65063, 710.77155, 416.99323, 11031.993, 8334.2441
313.09210, 6264.2671, 267.28946, 608.26422, 958.32635, 709.89362, 416.96957, 11031.962, 8334.2441
313.63458, 6265.2363, 267.67319, 608.49762, 956.65106, 708.79816, 416.94095, 11031.927, 8334.2441
314.18808, 6266.2192, 268.07751, 608.73755, 955.04480, 707.74475, 416.91006, 11031.892, 8334.2441
314.68362, 6267.1328, 268.38412, 608.94720, 953.12335, 706.49585, 416.87317, 11031.854, 8334.2441
315.02155, 6267.8574, 268.42462, 609.07336, 951.01996, 705.13373, 416.83081, 11031.813, 8334.2441
315.23407, 6268.4292, 268.26984, 609.13531, 948.80524, 703.70233, 416.78305, 11031.771, 8334.2441
315.36353, 6268.9019, 268.00906, 609.15759, 947.21600, 702.65717, 416.73901, 11031.732, 8334.2441
315.43155, 6269.3018, 267.64984, 609.14764, 945.77966, 701.70618, 416.69437, 11031.694, 8334.2441
315.44952, 6269.6406, 267.20367, 609.11029, 944.91925, 701.11151, 416.65552, 11031.661, 8334.2441
316.02576, 6270.6548, 267.84119, 609.38898, 944.01630, 700.49072, 416.61505, 11031.624, 8334.2441
316.43826, 6271.4717, 268.02139, 609.55676, 941.56500, 698.91138, 416.54987, 11031.575, 8334.2441
316.63525, 6272.0288, 267.82611, 609.60834, 939.48950, 697.56372, 416.48557, 11031.528, 8334.2441
316.82831, 6272.5806, 267.71561, 609.67017, 938.29901, 696.76331, 416.43256, 11031.490, 8334.2441
316.99243, 6273.0981, 267.55472, 609.71649, 937.55725, 696.24072, 416.38562, 11031.458, 8334.2441
317.27872, 6273.7646, 267.64346, 609.83362, 936.84302, 695.73535, 416.33826, 11031.425, 8334.2441
317.79382, 6274.7085, 268.13651, 610.07507, 935.59436, 694.89880, 416.28049, 11031.384, 8334.2441
318.31091, 6275.6567, 268.46957, 610.29602, 933.91724, 693.79645, 416.21255, 11031.332, 8334.2441
318.79208, 6276.5625, 268.70523, 610.49341, 932.80090, 693.04059, 416.15262, 11031.285, 8334.2441
319.29672, 6277.4976, 269.00015, 610.70624, 931.48816, 692.16290, 416.08725, 11031.236, 8334.2441
319.74075, 6278.3608, 269.16095, 610.88287, 930.25153, 691.33191, 416.02142, 11031.187, 8334.2441
320.09167, 6279.1099, 269.11356, 611.00323, 928.81091, 690.37415, 415.94943, 11031.134, 8334.2441
320.49396, 6279.9238, 269.17908, 611.15448, 927.45221, 689.46692, 415.87686, 11031.082, 8334.2441
320.91806, 6280.7637, 269.29810, 611.32013, 926.08380, 688.55353, 415.80191, 11031.029, 8334.2441
321.39801, 6281.6733, 269.53409, 611.51874, 925.12555, 687.89398, 415.73434, 11030.982, 8334.2441
321.77875, 6282.4634, 269.59741, 611.66431, 923.64844, 686.91241, 415.65338, 11030.929, 8334.2441
322.06454, 6283.1401, 269.52008, 611.76196, 922.07361, 685.87012, 415.56766, 11030.871, 8334.2441
322.26993, 6283.7207, 269.36472, 611.82465, 920.33466, 684.72552, 415.47525, 11030.812, 8334.2441
322.41769, 6284.2310, 269.15625, 611.86267, 919.30072, 684.01813, 415.39792, 11030.765, 8334.2441
322.70132, 6284.9072, 269.28271, 611.98749, 918.52692, 683.47198, 415.32599, 11030.726, 8334.2441
322.91629, 6285.4995, 269.27075, 612.07263, 917.50452, 682.77155, 415.24658, 11030.683, 8334.2441
322.99283, 6285.9233, 268.94916, 612.07379, 916.42651, 682.03650, 415.16422, 11030.638, 8334.2441
323.23505, 6286.5488, 268.87228, 612.15814, 915.58112, 681.44611, 415.08691, 11030.595, 8334.2441
323.53696, 6287.2490, 268.74985, 612.25415, 913.56110, 680.12677, 414.97601, 11030.528, 8334.2441
323.77444, 6287.8696, 268.45395, 612.30682, 912.48566, 679.39313, 414.88834, 11030.480, 8334.2441
324.06433, 6288.5557, 268.33856, 612.39990, 910.65991, 678.19415, 414.77756, 11030.417, 8334.2441
324.32584, 6289.2075, 268.21616, 612.48346, 908.43433, 676.74652, 414.65158, 11030.349, 8334.2441
324.63922, 6289.9238, 268.16470, 612.59283, 906.33710, 675.37781, 414.52512, 11030.278, 8334.2441
324.88229, 6290.5542, 268.05386, 612.67249, 904.64758, 674.26172, 414.40768, 11030.216, 8334.2441
325.08530, 6291.1367, 267.93933, 612.73950, 903.75024, 673.63770, 414.31320, 11030.161, 8334.2441
325.63904, 6292.1460, 268.40265, 612.99127, 902.98615, 673.09631, 414.22195, 11030.113, 8334.2441
326.13809, 6293.0903, 268.72086, 613.20740, 901.59326, 672.16382, 414.10889, 11030.054, 8334.2441
326.62711, 6294.0239, 269.00598, 613.41650, 900.31104, 671.29950, 413.99731, 11029.997, 8334.2441
327.11572, 6294.9561, 269.28976, 613.62573, 899.26678, 670.58258, 413.89203, 11029.942, 8334.2441
327.52606, 6295.7979, 269.46439, 613.79712, 897.73425, 669.56213, 413.76843, 11029.877, 8334.2441
327.79175, 6296.4624, 269.41504, 613.89398, 896.32550, 668.61786, 413.64676, 11029.811, 8334.2441
328.01193, 6297.0728, 269.34427, 613.97418, 895.23114, 667.86896, 413.53421, 11029.750, 8334.2441
328.34265, 6297.8164, 269.52316, 614.12213, 894.12006, 667.10938, 413.41968, 11029.690, 8334.2441
328.65262, 6298.5356, 269.70251, 614.26392, 893.54578, 666.68335, 413.32324, 11029.640, 8334.2441
328.90518, 6299.1855, 269.80133, 614.37769, 892.74622, 666.11700, 413.21796, 11029.580, 8334.2441
329.30460, 6300.0151, 270.20651, 614.57794, 892.28186, 665.75916, 413.12433, 11029.527, 8334.2441
329.71021, 6300.8525, 270.55048, 614.77216, 891.27386, 665.06287, 413.00995, 11029.468, 8334.2441
330.16522, 6301.7529, 270.81741, 614.97156, 889.58081, 663.94006, 412.86804, 11029.397, 8334.2441
330.50613, 6302.5146, 270.80725, 615.09845, 887.69196, 662.69489, 412.71570, 11029.321, 8334.2441
330.81964, 6303.2437, 270.73935, 615.20923, 885.86279, 661.48645, 412.56226, 11029.243, 8334.2441
330.81766, 6303.5889, 269.91696, 615.12164, 884.90930, 660.82288, 412.44116, 11029.178, 8334.2441
331.05444, 6304.2241, 269.64667, 615.18097, 884.01599, 660.19727, 412.32156, 11029.120, 8334.2441
331.43387, 6305.0776, 269.77328, 615.34808, 883.83197, 660.01709, 412.22903, 11029.073, 8334.2441
331.91879, 6306.0732, 270.17215, 615.58783, 883.52600, 659.76208, 412.13132, 11029.021, 8334.2441
332.42737, 6307.0498, 270.55420, 615.82092, 882.51788, 659.06549, 412.00552, 11028.956, 8334.2441
332.84540, 6307.9116, 270.73584, 615.99805, 881.30127, 658.23798, 411.86981, 11028.889, 8334.2441
333.15903, 6308.6455, 270.76294, 616.12262, 880.24243, 657.50842, 411.73901, 11028.825, 8334.2441
333.39429, 6309.2842, 270.69919, 616.21112, 879.25580, 656.82385, 411.61005, 11028.760, 8334.2441
333.57736, 6309.8608, 270.60309, 616.27948, 878.65771, 656.38092, 411.49640, 11028.701, 8334.2441
333.71118, 6310.3779, 270.44702, 616.32452, 878.13751, 655.98688, 411.38568, 11028.641, 8334.2441
333.80185, 6310.8413, 270.22720, 616.34778, 877.98395, 655.82117, 411.29028, 11028.585, 8334.2441
333.88019, 6311.3140, 270.08057, 616.38300, 878.42670, 656.02917, 411.21994, 11028.550, 8334.2441
333.96542, 6311.7925, 269.99612, 616.42792, 879.07605, 656.36572, 411.15881, 11028.517, 8334.2441
334.00018, 6312.2197, 269.82770, 616.44855, 879.76331, 656.72717, 411.09973, 11028.484, 8334.2441
334.02100, 6312.6191, 269.62067, 616.45697, 880.43500, 657.07861, 411.04095, 11028.452, 8334.2441
334.01849, 6312.9746, 269.32727, 616.44269, 881.03198, 657.38245, 410.98010, 11028.420, 8334.2441
333.94547, 6313.2617, 268.87213, 616.38824, 881.70557, 657.73572, 410.92279, 11028.388, 8334.2441
333.79480, 6313.4912, 268.29333, 616.30292, 882.78900, 658.34808, 410.88171, 11028.362, 8334.2441
333.55484, 6313.6914, 267.64578, 616.19958, 883.93555, 659.00732, 410.84256, 11028.339, 8334.2441
333.22452, 6313.8613, 266.93436, 616.07971, 885.13733, 659.70917, 410.80502, 11028.315, 8334.2441
332.77652, 6313.9902, 266.12732, 615.93597, 886.41595, 660.46887, 410.76950, 11028.292, 8334.2441
332.25003, 6314.0986, 265.27820, 615.78101, 887.76520, 661.27997, 410.73608, 11028.269, 8334.2441
331.62781, 6314.1846, 264.37741, 615.61224, 889.11609, 662.10150, 410.70218, 11028.245, 8334.2441
330.91260, 6314.2412, 263.40936, 615.42657, 890.48724, 662.94446, 410.66855, 11028.222, 8334.2441
330.08963, 6314.2666, 262.36438, 615.22144, 891.94141, 663.84900, 410.63721, 11028.198, 8334.2441
329.18869, 6314.2700, 261.27020, 615.00323, 893.44440, 664.79150, 410.60742, 11028.175, 8334.2441
328.22375, 6314.2578, 260.14294, 614.77570, 894.99878, 665.77252, 410.57935, 11028.151, 8334.2441
327.21991, 6314.2397, 259.00635, 614.54431, 896.61865, 666.79932, 410.55368, 11028.128, 8334.2441
326.17136, 6314.2134, 257.85947, 614.30859, 898.16162, 667.78375, 410.52603, 11028.104, 8334.2441
325.15353, 6314.1997, 256.75406, 614.08026, 899.79175, 668.82141, 410.50220, 11028.081, 8334.2441
324.11923, 6314.1855, 255.65575, 613.85199, 901.35388, 669.81989, 410.47705, 11028.058, 8334.2441
322.96442, 6314.1343, 254.46809, 613.60156, 902.97760, 670.86780, 410.45322, 11028.034, 8334.2441
321.72046, 6314.0581, 253.21930, 613.33539, 904.77008, 672.02899, 410.43387, 11028.021, 8334.2441
320.38931, 6313.9639, 251.93022, 613.05786, 906.70044, 673.28473, 410.41797, 11028.014, 8334.2441
319.03839, 6313.8613, 250.63345, 612.77655, 908.60858, 674.52966, 410.40213, 11028.007, 8334.2441
317.67590, 6313.7539, 249.32869, 612.49139, 910.52374, 675.78107, 410.38727, 11028.001, 8334.2441
316.27618, 6313.6372, 248.01001, 612.20105, 912.41449, 677.02203, 410.37219, 11027.993, 8334.2441
314.85962, 6313.5166, 246.68816, 611.90784, 914.31213, 678.27020, 410.35794, 11027.985, 8334.2441
313.42468, 6313.3887, 245.35892, 611.61096, 916.22742, 679.53210, 410.34482, 11027.979, 8334.2441
311.97021, 6313.2563, 244.02644, 611.31110, 918.11066, 680.77740, 410.33163, 11027.972, 8334.2441
310.49466, 6313.1177, 242.68900, 611.00800, 920.00043, 682.03003, 410.31921, 11027.965, 8334.2441
309.01346, 6312.9736, 241.34480, 610.70135, 921.87384, 683.27386, 410.30728, 11027.958, 8334.2441
307.49973, 6312.8179, 239.98116, 610.38843, 923.82245, 684.56824, 410.29730, 11027.955, 8334.2441
305.97665, 6312.6606, 238.62268, 610.07428, 925.75684, 685.85620, 410.28766, 11027.951, 8334.2441
304.46362, 6312.5015, 237.26953, 609.75934, 927.65240, 687.12042, 410.27826, 11027.947, 8334.2441
302.94077, 6312.3408, 235.91603, 609.44220, 929.55890, 688.39355, 410.26971, 11027.942, 8334.2441
301.38541, 6312.1704, 234.55107, 609.12042, 931.45819, 689.66656, 410.26151, 11027.937, 8334.2441
299.78302, 6311.9912, 233.17076, 608.79297, 933.40765, 690.97614, 410.25446, 11027.932, 8334.2441
298.10678, 6311.8003, 231.77103, 608.45892, 935.40869, 692.32635, 410.24826, 11027.927, 8334.2441
296.51953, 6311.6152, 230.39467, 608.12805, 937.26245, 693.57776, 410.24179, 11027.921, 8334.2441
294.95041, 6311.4272, 229.02187, 607.79584, 939.14673, 694.84735, 410.23630, 11027.918, 8334.2441
293.36295, 6311.2329, 227.64621, 607.46063, 940.86688, 696.01849, 410.23010, 11027.911, 8334.2441
291.75418, 6311.0322, 226.26175, 607.12146, 942.56238, 697.17773, 410.22437, 11027.904, 8334.2441
290.14185, 6310.8267, 224.87257, 606.77905, 944.32947, 698.38251, 410.21997, 11027.898, 8334.2441
288.89282, 6310.7729, 223.92087, 606.53357, 946.00146, 699.50391, 410.21631, 11027.898, 8334.2441
288.49106, 6311.0806, 223.97151, 606.51447, 947.29242, 700.33008, 410.21283, 11027.897, 8334.2441
288.08594, 6311.3672, 223.96381, 606.48236, 948.47302, 701.08667, 410.20932, 11027.893, 8334.2441
287.42215, 6311.5093, 223.56354, 606.36053, 949.79547, 701.94641, 410.20667, 11027.888, 8334.2441
286.46765, 6311.5146, 222.78842, 606.15289, 951.26740, 702.91864, 410.20480, 11027.885, 8334.2441
285.20593, 6311.4307, 221.76828, 605.88867, 953.09564, 704.13702, 410.20398, 11027.885, 8334.2441
283.73834, 6311.3135, 220.66075, 605.60291, 955.08966, 705.47845, 410.20349, 11027.885, 8334.2441
282.22668, 6311.1636, 219.47481, 605.29779, 957.01422, 706.78033, 410.20349, 11027.885, 8334.2441
280.63474, 6310.9824, 218.20764, 604.97241, 959.00732, 708.13147, 410.20398, 11027.885, 8334.2441
278.89716, 6310.7554, 216.82062, 604.61829, 961.03650, 709.51801, 410.20490, 11027.885, 8334.2441
277.15384, 6310.5137, 215.40947, 604.25641, 963.05731, 710.90057, 410.20630, 11027.885, 8334.2441
275.42059, 6310.2744, 214.01138, 603.89539, 965.08636, 712.28839, 410.20819, 11027.885, 8334.2441
273.64587, 6310.0347, 212.61642, 603.53296, 967.10754, 713.67725, 410.21051, 11027.885, 8334.2441
271.81094, 6309.7900, 211.22035, 603.16815, 969.21393, 715.12616, 410.21295, 11027.885, 8334.2441
269.96616, 6309.5405, 209.82338, 602.80090, 971.31580, 716.57458, 410.21573, 11027.885, 8334.2441
268.08438, 6309.2866, 208.42326, 602.43079, 973.44141, 718.04285, 410.21896, 11027.885, 8334.2441
266.14838, 6309.0273, 207.01762, 602.05750, 975.57703, 719.52411, 410.22269, 11027.885, 8334.2441
264.22354, 6308.7656, 205.61621, 601.68298, 977.68665, 720.98938, 410.22684, 11027.885, 8334.2441
262.39188, 6308.5054, 204.23004, 601.30969, 979.71735, 722.39709, 410.23166, 11027.885, 8334.2441
260.61557, 6308.2456, 202.85402, 600.93665, 981.68549, 723.76160, 410.23730, 11027.885, 8334.2441
258.89996, 6307.9819, 201.48729, 600.56354, 983.60852, 725.09290, 410.24344, 11027.885, 8334.2441
257.19809, 6307.7192, 200.12628, 600.18976, 985.53217, 726.42432, 410.24966, 11027.885, 8334.2441
255.45209, 6307.4531, 198.76517, 599.81378, 987.49139, 727.78339, 410.25604, 11027.885, 8334.2441
253.67749, 6307.1841, 197.40517, 599.43591, 989.45050, 729.14685, 410.26294, 11027.885, 8334.2441
251.81305, 6306.9082, 196.03847, 599.05450, 991.47552, 730.56177, 410.26990, 11027.885, 8334.2441
249.97351, 6306.6309, 194.68021, 598.67291, 993.52399, 731.98944, 410.27643, 11027.885, 8334.2441
248.12224, 6306.3530, 193.32742, 598.29059, 995.50287, 733.37695, 410.28445, 11027.885, 8334.2441
246.45723, 6306.0825, 191.99956, 597.91174, 997.31537, 734.64337, 410.29401, 11027.885, 8334.2441
244.55739, 6305.7998, 190.65117, 597.52631, 999.34454, 736.06934, 410.30209, 11027.885, 8334.2441
242.68921, 6305.5176, 189.31253, 597.14099, 1001.3306, 737.46649, 410.31091, 11027.885, 8334.2441
240.69545, 6305.2285, 187.96681, 596.75201, 1003.4484, 738.95941, 410.31857, 11027.885, 8334.2441
238.67566, 6304.9360, 186.62442, 596.36182, 1005.5964, 740.47498, 410.32596, 11027.885, 8334.2441
236.77638, 6304.6470, 185.29889, 595.97327, 1007.6398, 741.91437, 410.33444, 11027.885, 8334.2441
234.81543, 6304.3530, 183.97073, 595.58240, 1009.6908, 743.36621, 410.34360, 11027.885, 8334.2441
233.09805, 6304.0640, 182.66833, 595.19507, 1011.5626, 744.68268, 410.35413, 11027.885, 8334.2441
231.19278, 6303.7681, 181.35329, 594.80316, 1013.5983, 746.12122, 410.36319, 11027.885, 8334.2441
229.15654, 6303.4673, 180.03206, 594.40784, 1015.7086, 747.62103, 410.37219, 11027.885, 8334.2441
227.20088, 6303.1680, 178.72136, 594.01288, 1017.7524, 749.07239, 410.38199, 11027.885, 8334.2441
225.33347, 6302.8657, 177.42168, 593.61859, 1019.7718, 750.49994, 410.39114, 11027.885, 8334.2441
223.44966, 6302.5615, 176.12576, 593.22314, 1021.7874, 751.92834, 410.40079, 11027.885, 8334.2441
221.67310, 6302.2568, 174.84106, 592.82819, 1023.6877, 753.27521, 410.41211, 11027.885, 8334.2441
219.95868, 6301.9521, 173.56488, 592.43317, 1025.5471, 754.59143, 410.42371, 11027.885, 8334.2441
218.35074, 6301.6475, 172.30023, 592.03912, 1027.2798, 755.81891, 410.43750, 11027.885, 8334.2441
216.75996, 6301.3428, 171.04169, 591.64417, 1028.9584, 757.01270, 410.45282, 11027.885, 8334.2441
215.06834, 6301.0381, 169.78313, 591.24762, 1030.7286, 758.27502, 410.46710, 11027.885, 8334.2441
213.22615, 6300.7266, 168.52312, 590.84888, 1032.6451, 759.64496, 410.47922, 11027.885, 8334.2441
211.41049, 6300.4155, 167.26913, 590.44958, 1034.4991, 760.97418, 410.49301, 11027.885, 8334.2441
209.79964, 6300.1016, 166.02583, 590.05078, 1036.1984, 762.18658, 410.50839, 11027.885, 8334.2441
