0.47443356E-1, 0.12488193E-2, 0.46042275E-1, 0.10385042E-2, 0.28269682E-2, 0.93399249E-2, 0.74214213E-1, 0.11445557E-1, 0.46212506E-3
0.37874609E-1, 0.12488334E-2, 0.45831967E-1, 0.10398336E-2, 0.29997444E-2, 0.97636972E-2, 0.77371739E-1, 0.11946775E-1, 0.48236287E-3
0.37826512E-1, 0.12488303E-2, 0.45595102E-1, 0.10407370E-2, 0.29534784E-2, 0.94760396E-2, 0.74895330E-1, 0.11578332E-1, 0.46748709E-3
0.37779622E-1, 0.12488322E-2, 0.45370713E-1, 0.10417792E-2, 0.33540865E-2, 0.10614426E-1, 0.83678782E-1, 0.12952360E-1, 0.52296574E-3
0.37733529E-1, 0.12488371E-2, 0.45155931E-1, 0.10429183E-2, 0.36464077E-2, 0.11381869E-1, 0.89496508E-1, 0.13871545E-1, 0.56007976E-3
0.37686784E-1, 0.12488387E-2, 0.44939078E-1, 0.10439905E-2, 0.33683556E-2, 0.10373384E-1, 0.81356898E-1, 0.12626712E-1, 0.50981890E-3
0.37639961E-1, 0.12488397E-2, 0.44724844E-1, 0.10450608E-2, 0.23832584E-2, 0.72454223E-2, 0.56682557E-1, 0.88067688E-2, 0.35558431E-3
0.65844856E-1, 0.12488143E-2, 0.44461954E-1, 0.10454166E-2, 0.16422136E-2, 0.49125287E-2, 0.38298819E-1, 0.59548854E-2, 0.24043595E-3
0.37483104E-1, 0.12487733E-2, 0.44169828E-1, 0.10453288E-2, 0.18388076E-2, 0.54282602E-2, 0.42204969E-1, 0.65662693E-2, 0.26512134E-3
0.37432496E-1, 0.12487576E-2, 0.43931331E-1, 0.10459524E-2, 0.20196638E-2, 0.58889752E-2, 0.45672096E-1, 0.71104486E-2, 0.28709328E-3
0.37382036E-1, 0.12487421E-2, 0.43696165E-1, 0.10465911E-2, 0.16111213E-2, 0.46411897E-2, 0.35904955E-1, 0.55933432E-2, 0.22583826E-3
0.51363960E-1, 0.12487138E-2, 0.43437805E-1, 0.10468771E-2, 0.23708711E-2, 0.67370613E-2, 0.51962171E-1, 0.81000086E-2, 0.32704810E-3
0.69923133E-1, 0.12486894E-2, 0.43190949E-1, 0.10472873E-2, 0.26237534E-2, 0.73464862E-2, 0.56466211E-1, 0.88092322E-2, 0.35568414E-3
0.37149642E-1, 0.12486781E-2, 0.42975564E-1, 0.10480904E-2, 0.15891078E-2, 0.43985788E-2, 0.33721346E-1, 0.52645002E-2, 0.21256111E-3
0.37103221E-1, 0.12486769E-2, 0.42784646E-1, 0.10491940E-2, 0.32949909E-2, 0.90144807E-2, 0.68932205E-1, 0.10769485E-1, 0.43483218E-3
0.37058100E-1, 0.12486811E-2, 0.42607751E-1, 0.10504562E-2, 0.28752850E-2, 0.77825892E-2, 0.59371788E-1, 0.92847506E-2, 0.37488423E-3
0.37011508E-1, 0.12486790E-2, 0.42420238E-1, 0.10515464E-2, 0.25528800E-2, 0.68379203E-2, 0.52042820E-1, 0.81453510E-2, 0.32887951E-3
0.36965266E-1, 0.12486780E-2, 0.42238466E-1, 0.10526824E-2, 0.24608667E-2, 0.65210350E-2, 0.49510024E-1, 0.77546802E-2, 0.31310567E-3
0.36917862E-1, 0.12486717E-2, 0.42048361E-1, 0.10536785E-2, 0.25053781E-2, 0.65704803E-2, 0.49766548E-1, 0.78004962E-2, 0.31495548E-3
0.36871307E-1, 0.12486689E-2, 0.41868873E-1, 0.10547837E-2, 0.22407093E-2, 0.58186329E-2, 0.43970682E-1, 0.68968153E-2, 0.27846821E-3
0.36824450E-1, 0.12486642E-2, 0.41688200E-1, 0.10558494E-2, 0.27225381E-2, 0.69990475E-2, 0.52765705E-1, 0.82820803E-2, 0.33440016E-3
0.36778167E-1, 0.12486618E-2, 0.41513994E-1, 0.10569786E-2, 0.27017212E-2, 0.68782875E-2, 0.51735502E-1, 0.81265047E-2, 0.32811856E-3
0.36732141E-1, 0.12486599E-2, 0.41342456E-1, 0.10581267E-2, 0.32295149E-2, 0.81421277E-2, 0.61098184E-1, 0.96048275E-2, 0.38780799E-3
0.36686007E-1, 0.12486576E-2, 0.41171875E-1, 0.10592620E-2, 0.23823790E-2, 0.59500211E-2, 0.44546608E-1, 0.70082326E-2, 0.28296694E-3
0.36639765E-1, 0.12486543E-2, 0.41002098E-1, 0.10603821E-2, 0.34187739E-2, 0.84595606E-2, 0.63190900E-1, 0.99489009E-2, 0.40170044E-3
0.36593478E-1, 0.12486493E-2, 0.40830925E-1, 0.10614586E-2, 0.32566397E-2, 0.79848059E-2, 0.59509672E-1, 0.93774563E-2, 0.37862771E-3
0.36565423E-1, 0.12486429E-2, 0.40659782E-1, 0.10625110E-2, 0.31591286E-2, 0.76766284E-2, 0.57084911E-1, 0.90027433E-2, 0.36349834E-3
0.36564067E-1, 0.12486335E-2, 0.40482488E-1, 0.10634607E-2, 0.23847253E-2, 0.57443352E-2, 0.42621270E-1, 0.67264768E-2, 0.27159089E-3
0.36584415E-1, 0.12486220E-2, 0.40303230E-1, 0.10643643E-2, 0.27428807E-2, 0.65479293E-2, 0.48471332E-1, 0.76545044E-2, 0.30906132E-3
0.36661629E-1, 0.12486018E-2, 0.40104136E-1, 0.10649945E-2, 0.26563115E-2, 0.62869377E-2, 0.46435457E-1, 0.73378412E-2, 0.29627563E-3
0.36992230E-1, 0.12485802E-2, 0.39903447E-1, 0.10655820E-2, 0.34305828E-2, 0.80514420E-2, 0.59337441E-1, 0.93834046E-2, 0.37886822E-3
0.37902124E-1, 0.12485649E-2, 0.39721046E-1, 0.10663779E-2, 0.34716660E-2, 0.80790827E-2, 0.59408125E-1, 0.94022239E-2, 0.37962815E-3
0.39492734E-1, 0.12485572E-2, 0.39560277E-1, 0.10674244E-2, 0.31568804E-2, 0.72856997E-2, 0.53454574E-1, 0.84665585E-2, 0.34184940E-3
0.41280150E-1, 0.12485510E-2, 0.39405048E-1, 0.10685198E-2, 0.28901792E-2, 0.66149980E-2, 0.48422858E-1, 0.76749376E-2, 0.30988667E-3
0.43944441E-1, 0.12485451E-2, 0.39253082E-1, 0.10696371E-2, 0.30609872E-2, 0.69462336E-2, 0.50725278E-1, 0.80452040E-2, 0.32483667E-3
0.48192345E-1, 0.12485419E-2, 0.39109241E-1, 0.10708368E-2, 0.32092608E-2, 0.72201728E-2, 0.52594632E-1, 0.83474591E-2, 0.33704075E-3
0.52530605E-1, 0.12485366E-2, 0.38962290E-1, 0.10719777E-2, 0.32253179E-2, 0.71924678E-2, 0.52255332E-1, 0.82994169E-2, 0.33510104E-3
0.57292469E-1, 0.12485284E-2, 0.38809903E-1, 0.10730326E-2, 0.33142937E-2, 0.73244455E-2, 0.53067338E-1, 0.84342696E-2, 0.34054590E-3
0.61738595E-1, 0.12485163E-2, 0.38648557E-1, 0.10739578E-2, 0.23502451E-2, 0.51465277E-2, 0.37179660E-1, 0.59127640E-2, 0.23873644E-3
0.55798076E-1, 0.12485021E-2, 0.38484443E-1, 0.10748314E-2, 0.18289754E-2, 0.39684530E-2, 0.28583420E-1, 0.45476723E-2, 0.18361885E-3
0.36125679E-1, 0.12485055E-2, 0.38346101E-1, 0.10761124E-2, 0.39342800E-2, 0.84668919E-2, 0.60832825E-1, 0.96841445E-2, 0.39101139E-3
0.35656516E-1, 0.12485177E-2, 0.38190927E-1, 0.10773704E-2, 0.61285635E-2, 0.13102701E-1, 0.93967326E-1, 0.14973697E-1, 0.60458458E-3
0.35614450E-1, 0.12485244E-2, 0.38028143E-1, 0.10784942E-2, 0.53399801E-2, 0.11338708E-1, 0.81161588E-1, 0.12947814E-1, 0.52278646E-3
0.35572406E-1, 0.12485312E-2, 0.37870221E-1, 0.10796414E-2, 0.58355699E-2, 0.12307337E-1, 0.87926961E-1, 0.14042246E-1, 0.56697574E-3
0.35529807E-1, 0.12485352E-2, 0.37714034E-1, 0.10807584E-2, 0.67798961E-2, 0.14202731E-1, 0.10127674, 0.16193656E-1, 0.65384159E-3
0.35487443E-1, 0.12485400E-2, 0.37567019E-1, 0.10819433E-2, 0.68528270E-2, 0.14262001E-1, 0.10151514, 0.16252674E-1, 0.65622455E-3
0.35443984E-1, 0.12485400E-2, 0.37416726E-1, 0.10830321E-2, 0.59688459E-2, 0.12342597E-1, 0.87694272E-1, 0.14056923E-1, 0.56756777E-3
0.35400115E-1, 0.12485378E-2, 0.37267093E-1, 0.10840911E-2, 0.57430617E-2, 0.11799319E-1, 0.83678819E-1, 0.13427777E-1, 0.54216495E-3
0.35356544E-1, 0.12485372E-2, 0.37124075E-1, 0.10852023E-2, 0.53311205E-2, 0.10883172E-1, 0.77037714E-1, 0.12374523E-1, 0.49963832E-3
0.35312589E-1, 0.12485343E-2, 0.36981527E-1, 0.10862836E-2, 0.46028630E-2, 0.93376050E-2, 0.65973811E-1, 0.10606857E-1, 0.42826621E-3
0.35268329E-1, 0.12485298E-2, 0.36839906E-1, 0.10873423E-2, 0.48840260E-2, 0.98459208E-2, 0.69433481E-1, 0.11172433E-1, 0.45110201E-3
0.35233885E-1, 0.12485246E-2, 0.36700077E-1, 0.10883947E-2, 0.50352197E-2, 0.10088403E-1, 0.71011283E-1, 0.11436213E-1, 0.46175250E-3
0.35397172E-1, 0.12485216E-2, 0.36568951E-1, 0.10895336E-2, 0.50884378E-2, 0.10133070E-1, 0.71193829E-1, 0.11475627E-1, 0.46334375E-3
0.36138080E-1, 0.12485180E-2, 0.36438573E-1, 0.10906577E-2, 0.45892280E-2, 0.90842657E-2, 0.63707329E-1, 0.10277418E-1, 0.41496439E-3
0.37491024E-1, 0.12485138E-2, 0.36311183E-1, 0.10917978E-2, 0.36637234E-2, 0.72084945E-2, 0.50455462E-1, 0.81453258E-2, 0.32887817E-3
0.35601925E-1, 0.12485142E-2, 0.36192104E-1, 0.10930429E-2, 0.31588522E-2, 0.61779711E-2, 0.43157689E-1, 0.69711898E-2, 0.28147086E-3
0.35000149E-1, 0.12485147E-2, 0.36069252E-1, 0.10942601E-2, 0.32084784E-2, 0.62389737E-2, 0.43501869E-1, 0.70304442E-2, 0.28386334E-3
0.34956679E-1, 0.12485115E-2, 0.35937931E-1, 0.10953535E-2, 0.28311987E-2, 0.54740505E-2, 0.38096562E-1, 0.61598886E-2, 0.24871351E-3
0.34914143E-1, 0.12485120E-2, 0.35816863E-1, 0.10965613E-2, 0.29254854E-2, 0.56227325E-2, 0.39053131E-1, 0.63174479E-2, 0.25507511E-3
0.34874849E-1, 0.12485129E-2, 0.35700195E-1, 0.10978065E-2, 0.35971121E-2, 0.68744728E-2, 0.47656830E-1, 0.77131568E-2, 0.31142851E-3
0.34829885E-1, 0.12485108E-2, 0.35576634E-1, 0.10989475E-2, 0.33720529E-2, 0.64078383E-2, 0.44337556E-1, 0.71798237E-2, 0.28989432E-3
0.34786049E-1, 0.12485087E-2, 0.35453498E-1, 0.11000901E-2, 0.29229920E-2, 0.55244891E-2, 0.38155366E-1, 0.61817020E-2, 0.24959378E-3
0.34743901E-1, 0.12485096E-2, 0.35335030E-1, 0.11012929E-2, 0.31430398E-2, 0.59073181E-2, 0.40721279E-1, 0.66004354E-2, 0.26650046E-3
0.34703564E-1, 0.12485175E-2, 0.35226788E-1, 0.11026567E-2, 0.40285150E-2, 0.75313924E-2, 0.51822882E-1, 0.84043471E-2, 0.33933501E-3
0.34663755E-1, 0.12485272E-2, 0.35116363E-1, 0.11040220E-2, 0.64843241E-2, 0.12055577E-1, 0.82802549E-1, 0.13438737E-1, 0.54260332E-3
0.34625616E-1, 0.12485430E-2, 0.34994386E-1, 0.11053808E-2, 0.73290938E-2, 0.13559783E-1, 0.92994839E-1, 0.15108079E-1, 0.61000371E-3
0.34586132E-1, 0.12485533E-2, 0.34861490E-1, 0.11065741E-2, 0.68344031E-2, 0.12581033E-1, 0.86148508E-1, 0.14010095E-1, 0.56567049E-3
0.34547199E-1, 0.12485656E-2, 0.34735970E-1, 0.11078398E-2, 0.78644129E-2, 0.14404341E-1, 0.98480381E-1, 0.16032234E-1, 0.64731512E-3
0.34507941E-1, 0.12485762E-2, 0.34613468E-1, 0.11090991E-2, 0.69152117E-2, 0.12602763E-1, 0.86030595E-1, 0.14020064E-1, 0.56607102E-3
0.34468219E-1, 0.12485846E-2, 0.34492515E-1, 0.11103342E-2, 0.69782748E-2, 0.12655544E-1, 0.86257800E-1, 0.14070658E-1, 0.56811271E-3
0.34428414E-1, 0.12485925E-2, 0.34376185E-1, 0.11115883E-2, 0.78838347E-2, 0.14227713E-1, 0.96824534E-1, 0.15810354E-1, 0.63835294E-3
0.34389202E-1, 0.12486028E-2, 0.34262847E-1, 0.11128848E-2, 0.83670672E-2, 0.15024829E-1, 0.10209270, 0.16688971E-1, 0.67382626E-3
0.34351237E-1, 0.12486178E-2, 0.34145087E-1, 0.11142045E-2, 0.86907139E-2, 0.15535320E-1, 0.10541961, 0.17252546E-1, 0.69657958E-3
0.34312136E-1, 0.12486277E-2, 0.34023482E-1, 0.11154241E-2, 0.10069031E-1, 0.17915919E-1, 0.12141009, 0.19894041E-1, 0.80322940E-3
0.34272961E-1, 0.12486369E-2, 0.33909343E-1, 0.11166842E-2, 0.91384919E-2, 0.16185524E-1, 0.10953838, 0.17971460E-1, 0.72560325E-3
0.34232460E-1, 0.12486406E-2, 0.33791713E-1, 0.11178361E-2, 0.81816735E-2, 0.14424485E-1, 0.97485147E-1, 0.16011985E-1, 0.64648764E-3
0.34191903E-1, 0.12486437E-2, 0.33679176E-1, 0.11190126E-2, 0.87475758E-2, 0.15352507E-1, 0.10361377, 0.17037060E-1, 0.68787392E-3
0.34150880E-1, 0.12486449E-2, 0.33566859E-1, 0.11201551E-2, 0.76399916E-2, 0.13348452E-1, 0.89963317E-1, 0.14808021E-1, 0.59787510E-3
0.34109667E-1, 0.12486451E-2, 0.33456061E-1, 0.11212876E-2, 0.82829446E-2, 0.14406137E-1, 0.96951947E-1, 0.15974203E-1, 0.64495852E-3
0.34067251E-1, 0.12486400E-2, 0.33337757E-1, 0.11222896E-2, 0.38790302E-2, 0.67168092E-2, 0.45135833E-1, 0.74425195E-2, 0.30049135E-3
0.34025129E-1, 0.12486358E-2, 0.33224043E-1, 0.11233301E-2, 0.34066096E-2, 0.58717406E-2, 0.39388943E-1, 0.64978166E-2, 0.26234862E-3
0.33982903E-1, 0.12486310E-2, 0.33110715E-1, 0.11243564E-2, 0.31944274E-2, 0.54812836E-2, 0.36706388E-1, 0.60577155E-2, 0.24457919E-3
0.33941112E-1, 0.12486272E-2, 0.33002973E-1, 0.11254372E-2, 0.39385622E-2, 0.67273024E-2, 0.44971731E-1, 0.74249026E-2, 0.29977865E-3
0.33901114E-1, 0.12486239E-2, 0.32897603E-1, 0.11265336E-2, 0.50586881E-2, 0.86030504E-2, 0.57418395E-1, 0.94848629E-2, 0.38294829E-3
0.33942718E-1, 0.12486207E-2, 0.32794040E-1, 0.11276341E-2, 0.60513122E-2, 0.10246353E-1, 0.68279020E-1, 0.11286155E-1, 0.45567410E-3
0.34185536E-1, 0.12486156E-2, 0.32687619E-1, 0.11286770E-2, 0.49360357E-2, 0.83227493E-2, 0.55376768E-1, 0.91593470E-2, 0.36980439E-3
0.34965117E-1, 0.12486110E-2, 0.32585572E-1, 0.11297575E-2, 0.59934887E-2, 0.10062387E-1, 0.66846482E-1, 0.11063251E-1, 0.44667284E-3
0.36361903E-1, 0.12486046E-2, 0.32481454E-1, 0.11307941E-2, 0.52502197E-2, 0.87772217E-2, 0.58218136E-1, 0.96413838E-2, 0.38926498E-3
0.38498253E-1, 0.12485965E-2, 0.32374408E-1, 0.11317779E-2, 0.68585137E-2, 0.11416061E-1, 0.75598538E-1, 0.12528029E-1, 0.50581055E-3
0.41335091E-1, 0.12485877E-2, 0.32267839E-1, 0.11327511E-2, 0.44436455E-2, 0.73648095E-2, 0.48690427E-1, 0.80739781E-2, 0.32598074E-3
0.44934686E-1, 0.12485874E-2, 0.32184932E-1, 0.11340068E-2, 0.54723821E-2, 0.90277763E-2, 0.59570815E-1, 0.98834410E-2, 0.39903558E-3
0.49655613E-1, 0.12485877E-2, 0.32105666E-1, 0.11352941E-2, 0.52322694E-2, 0.85914629E-2, 0.56581140E-1, 0.93928017E-2, 0.37922573E-3
0.54756917E-1, 0.12485868E-2, 0.32024730E-1, 0.11365480E-2, 0.51195207E-2, 0.83660074E-2, 0.54980710E-1, 0.91321077E-2, 0.36869978E-3
0.58616009E-1, 0.12485889E-2, 0.31953007E-1, 0.11379046E-2, 0.40475274E-2, 0.65809945E-2, 0.43149825E-1, 0.71704807E-2, 0.28950052E-3
0.61522450E-1, 0.12486036E-2, 0.31914853E-1, 0.11396696E-2, 0.34306489E-2, 0.55491114E-2, 0.36293343E-1, 0.60334075E-2, 0.24359197E-3
0.65900870E-1, 0.12486309E-2, 0.31911612E-1, 0.11418622E-2, 0.42486112E-2, 0.68361941E-2, 0.44596437E-1, 0.74165491E-2, 0.29943421E-3
0.70394501E-1, 0.12486548E-2, 0.31899322E-1, 0.11439369E-2, 0.37060038E-2, 0.59308722E-2, 0.38585313E-1, 0.64194105E-2, 0.25917552E-3
0.57250075E-1, 0.12486733E-2, 0.31873040E-1, 0.11458356E-2, 0.31696169E-2, 0.50452142E-2, 0.32732952E-1, 0.54475800E-2, 0.21993874E-3
0.34062363E-1, 0.12486792E-2, 0.31807642E-1, 0.11472704E-2, 0.35749655E-2, 0.56671067E-2, 0.36699675E-1, 0.61096987E-2, 0.24667053E-3
0.35983521E-1, 0.12486753E-2, 0.31715497E-1, 0.11483728E-2, 0.41198400E-2, 0.65057902E-2, 0.42062495E-1, 0.70050126E-2, 0.28281711E-3
0.42114727E-1, 0.12486713E-2, 0.31626016E-1, 0.11494888E-2, 0.54170461E-2, 0.85205296E-2, 0.54996494E-1, 0.91630220E-2, 0.36994281E-3
0.53884462E-1, 0.12486714E-2, 0.31549137E-1, 0.11507421E-2, 0.51426357E-2, 0.80547612E-2, 0.51892120E-1, 0.86499825E-2, 0.34922894E-3
0.68699263E-1, 0.12486752E-2, 0.31485420E-1, 0.11521402E-2, 0.65529230E-2, 0.10214682E-1, 0.65655455E-1, 0.10949907E-1, 0.44208360E-3
0.80412805E-1, 0.12486869E-2, 0.31445567E-1, 0.11538208E-2, 0.54958020E-2, 0.85224602E-2, 0.54632574E-1, 0.91164326E-2, 0.36805941E-3
0.85343122E-1, 0.12486880E-2, 0.31377468E-1, 0.11551422E-2, 0.35852878E-2, 0.55290414E-2, 0.35335284E-1, 0.58987150E-2, 0.23814943E-3
0.48753440E-1, 0.12486934E-2, 0.31320632E-1, 0.11566045E-2, 0.41519185E-2, 0.63689174E-2, 0.40584974E-1, 0.67772982E-2, 0.27362013E-3
0.32340482E-1, 0.12486984E-2, 0.31249350E-1, 0.11579462E-2, 0.62216045E-2, 0.95109139E-2, 0.60519759E-1, 0.10110565E-1, 0.40819345E-3
0.32302044E-1, 0.12487001E-2, 0.31163739E-1, 0.11591343E-2, 0.70537557E-2, 0.10747878E-1, 0.68307832E-1, 0.11417911E-1, 0.46097345E-3
0.32263182E-1, 0.12486973E-2, 0.31069715E-1, 0.11601904E-2, 0.57253265E-2, 0.86947829E-2, 0.55189595E-1, 0.92300083E-2, 0.37264058E-3
0.32224063E-1, 0.12486931E-2, 0.30974330E-1, 0.11612136E-2, 0.63493997E-2, 0.96104620E-2, 0.60922306E-1, 0.10193716E-1, 0.41154708E-3
0.32187570E-1, 0.12486889E-2, 0.30880896E-1, 0.11622437E-2, 0.71725314E-2, 0.10821375E-1, 0.68515554E-1, 0.11470413E-1, 0.46308944E-3
0.32285471E-1, 0.12486833E-2, 0.30788179E-1, 0.11632611E-2, 0.70092557E-2, 0.10540620E-1, 0.66657312E-1, 0.11165574E-1, 0.45078102E-3
0.33274610E-1, 0.12486759E-2, 0.30692745E-1, 0.11642221E-2, 0.72094835E-2, 0.10806941E-1, 0.68259731E-1, 0.11440328E-1, 0.46187223E-3
0.35777260E-1, 0.12486663E-2, 0.30594254E-1, 0.11651234E-2, 0.69463998E-2, 0.10378914E-1, 0.65475002E-1, 0.10979616E-1, 0.44327098E-3
0.39003223E-1, 0.12486594E-2, 0.30506523E-1, 0.11661418E-2, 0.54026977E-2, 0.80455774E-2, 0.50684720E-1, 0.85034529E-2, 0.34330209E-3
0.33424739E-1, 0.12486561E-2, 0.30427624E-1, 0.11672663E-2, 0.50959340E-2, 0.75627663E-2, 0.47570787E-1, 0.79841893E-2, 0.32233761E-3
0.31926759E-1, 0.12486496E-2, 0.30335983E-1, 0.11682508E-2, 0.57904283E-2, 0.85670073E-2, 0.53819191E-1, 0.90365577E-2, 0.36482289E-3
0.31886406E-1, 0.12486392E-2, 0.30230265E-1, 0.11690685E-2, 0.71502235E-2, 0.10545475E-1, 0.66165708E-1, 0.11114872E-1, 0.44872690E-3
0.31848818E-1, 0.12486383E-2, 0.30138679E-1, 0.11701141E-2, 0.93792751E-2, 0.13792751E-1, 0.86453989E-1, 0.14531649E-1, 0.58666605E-3
0.31811669E-1, 0.12486393E-2, 0.30052254E-1, 0.11712129E-2, 0.99538472E-2, 0.14594100E-1, 0.91391072E-1, 0.15372129E-1, 0.62059512E-3
0.31773716E-1, 0.12486369E-2, 0.29963540E-1, 0.11722428E-2, 0.91033252E-2, 0.13308996E-1, 0.83270237E-1, 0.14015742E-1, 0.56583359E-3
0.31735044E-1, 0.12486313E-2, 0.29872254E-1, 0.11732056E-2, 0.82330042E-2, 0.12001048E-1, 0.75011536E-1, 0.12633403E-1, 0.51002472E-3
0.31698667E-1, 0.12486343E-2, 0.29789688E-1, 0.11743471E-2, 0.12197174E-1, 0.17726853E-1, 0.11069908, 0.18657001E-1, 0.75320120E-3
0.31663235E-1, 0.12486409E-2, 0.29691167E-1, 0.11754115E-2, 0.17562192E-1, 0.25459781E-1, 0.15893394, 0.26813786E-1, 0.10824918E-2
0.31627595E-1, 0.12486468E-2, 0.29593179E-1, 0.11764595E-2, 0.16801428E-1, 0.24293674E-1, 0.15162294, 0.25610490E-1, 0.10339072E-2
0.31591732E-1, 0.12486512E-2, 0.29499814E-1, 0.11775205E-2, 0.16312186E-1, 0.23525381E-1, 0.14679103, 0.24822207E-1, 0.10020772E-2
0.31554885E-1, 0.12486516E-2, 0.29405911E-1, 0.11785161E-2, 0.15873201E-1, 0.22832591E-1, 0.14242502, 0.24109982E-1, 0.97331841E-3
0.31517722E-1, 0.12486504E-2, 0.29316401E-1, 0.11795178E-2, 0.10979079E-1, 0.15752299E-1, 0.98214492E-1, 0.16641052E-1, 0.67179458E-3
0.31480592E-1, 0.12486491E-2, 0.29232578E-1, 0.11805545E-2, 0.14260805E-1, 0.20403694E-1, 0.12712960, 0.21558080E-1, 0.87028893E-3
0.31442590E-1, 0.12486438E-2, 0.29144768E-1, 0.11815066E-2, 0.12421999E-1, 0.17726814E-1, 0.11039567, 0.18736850E-1, 0.75639330E-3
0.31404339E-1, 0.12486378E-2, 0.29058063E-1, 0.11824444E-2, 0.12947503E-1, 0.18427994E-1, 0.11469489, 0.19482482E-1, 0.78649010E-3
0.31369552E-1, 0.12486273E-2, 0.28965339E-1, 0.11832800E-2, 0.11094221E-1, 0.15748993E-1, 0.97960651E-1, 0.16652914E-1, 0.67225978E-3
0.31439427E-1, 0.12486168E-2, 0.28874261E-1, 0.11841168E-2, 0.10421817E-1, 0.14755372E-1, 0.91712601E-1, 0.15601465E-1, 0.62981108E-3
0.31369973E-1, 0.12486068E-2, 0.28785544E-1, 0.11849739E-2, 0.10176068E-1, 0.14368390E-1, 0.89234523E-1, 0.15189789E-1, 0.61318959E-3
0.31249136E-1, 0.12486019E-2, 0.28707027E-1, 0.11859724E-2, 0.11504549E-1, 0.16202392E-1, 0.10055372, 0.17128091E-1, 0.69143309E-3
0.31229455E-1, 0.12485966E-2, 0.28629037E-1, 0.11869578E-2, 0.10736170E-1, 0.15081562E-1, 0.93534708E-1, 0.15943449E-1, 0.64360822E-3
0.31454824E-1, 0.12485868E-2, 0.28542545E-1, 0.11878147E-2, 0.11418814E-1, 0.15999261E-1, 0.99157058E-1, 0.16913174E-1, 0.68275124E-3
0.31385016E-1, 0.12485762E-2, 0.28455781E-1, 0.11886581E-2, 0.11329985E-1, 0.15833152E-1, 0.98058216E-1, 0.16737286E-1, 0.67564804E-3
0.31095251E-1, 0.12485704E-2, 0.28376749E-1, 0.11896157E-2, 0.12018232E-1, 0.16753890E-1, 0.10370018, 0.17712655E-1, 0.71501796E-3
0.31068394E-1, 0.12485628E-2, 0.28295243E-1, 0.11905247E-2, 0.10879467E-1, 0.15128816E-1, 0.93583472E-1, 0.15995534E-1, 0.64569892E-3
0.31352334E-1, 0.12485529E-2, 0.28211847E-1, 0.11913874E-2, 0.12061803E-1, 0.16730636E-1, 0.10342381, 0.17689291E-1, 0.71406848E-3
0.32920942E-1, 0.12485399E-2, 0.28123271E-1, 0.11921634E-2, 0.12592830E-1, 0.17423771E-1, 0.10764559, 0.18424500E-1, 0.74374315E-3
0.37321433E-1, 0.12485299E-2, 0.28045131E-1, 0.11930518E-2, 0.94645303E-2, 0.13061258E-1, 0.80630586E-1, 0.13809506E-1, 0.55744679E-3
0.38614649E-1, 0.12485218E-2, 0.27973711E-1, 0.11940093E-2, 0.75334655E-2, 0.10368194E-1, 0.63935816E-1, 0.10955552E-1, 0.44223992E-3
0.42730976E-1, 0.12485143E-2, 0.27905751E-1, 0.11950005E-2, 0.77831275E-2, 0.10681304E-1, 0.65782972E-1, 0.11276901E-1, 0.45520993E-3
0.33294979E-1, 0.12485151E-2, 0.27855754E-1, 0.11962290E-2, 0.10138790E-1, 0.13874351E-1, 0.85346162E-1, 0.14637750E-1, 0.59087359E-3
0.30743012E-1, 0.12485123E-2, 0.27788375E-1, 0.11972769E-2, 0.12540244E-1, 0.17120965E-1, 0.10525744, 0.18063845E-1, 0.72916935E-3
0.30706240E-1, 0.12485069E-2, 0.27715459E-1, 0.11982467E-2, 0.13558105E-1, 0.18467622E-1, 0.11348601, 0.19489732E-1, 0.78672235E-3
0.30672858E-1, 0.12484986E-2, 0.27637422E-1, 0.11991275E-2, 0.10926100E-1, 0.14848268E-1, 0.91200098E-1, 0.15672788E-1, 0.63264446E-3
0.30661790E-1, 0.12484902E-2, 0.27561290E-1, 0.12000215E-2, 0.11474732E-1, 0.15557259E-1, 0.95496692E-1, 0.16420901E-1, 0.66283927E-3
0.30959915E-1, 0.12484803E-2, 0.27483506E-1, 0.12008761E-2, 0.10516458E-1, 0.14225394E-1, 0.87269768E-1, 0.15014965E-1, 0.60608512E-3
0.30611690E-1, 0.12484700E-2, 0.27405560E-1, 0.12017228E-2, 0.10229368E-1, 0.13803650E-1, 0.84621109E-1, 0.14567116E-1, 0.58800483E-3
0.30655613E-1, 0.12484624E-2, 0.27332101E-1, 0.12026317E-2, 0.79628713E-2, 0.10720784E-1, 0.65674007E-1, 0.11310792E-1, 0.45656052E-3
0.38362078E-1, 0.12484523E-2, 0.27257450E-1, 0.12034933E-2, 0.62459749E-2, 0.83886646E-2, 0.51334988E-1, 0.88444455E-2, 0.35700519E-3
0.61094977E-1, 0.12484501E-2, 0.27209517E-1, 0.12046533E-2, 0.51559373E-2, 0.69039590E-2, 0.42178199E-1, 0.72689196E-2, 0.29340840E-3
0.82629167E-1, 0.12484504E-2, 0.27172113E-1, 0.12059250E-2, 0.46899775E-2, 0.62566362E-2, 0.38127195E-1, 0.65723690E-2, 0.26529175E-3
0.94878718E-1, 0.12484306E-2, 0.27082643E-1, 0.12065414E-2, 0.45094579E-2, 0.59905052E-2, 0.36392841E-1, 0.62747812E-2, 0.25327932E-3
0.10022355, 0.12484021E-2, 0.26971120E-1, 0.12068744E-2, 0.86139115E-2, 0.11396580E-1, 0.69034182E-1, 0.11906320E-1, 0.48059301E-3
0.10355613, 0.12483668E-2, 0.26842715E-1, 0.12069875E-2, 0.65379259E-2, 0.86088600E-2, 0.51966824E-1, 0.89658201E-2, 0.36189985E-3
0.62073246E-1, 0.12483373E-2, 0.26727971E-1, 0.12072653E-2, 0.71853576E-2, 0.94215516E-2, 0.56700747E-1, 0.97855274E-2, 0.39498557E-3
0.38081594E-1, 0.12483306E-2, 0.26668882E-1, 0.12082497E-2, 0.82768761E-2, 0.10828370E-1, 0.65103747E-1, 0.11239485E-1, 0.45367191E-3
0.44176459E-1, 0.12483259E-2, 0.26618006E-1, 0.12093165E-2, 0.90491157E-2, 0.11807594E-1, 0.70902675E-1, 0.12245118E-1, 0.49426116E-3
0.30402824E-1, 0.12483243E-2, 0.26572732E-1, 0.12104617E-2, 0.91671403E-2, 0.11933941E-1, 0.71596324E-1, 0.12369666E-1, 0.49928646E-3
0.29664529E-1, 0.12483182E-2, 0.26512327E-1, 0.12114330E-2, 0.87813735E-2, 0.11407836E-1, 0.68392545E-1, 0.11820566E-1, 0.47712048E-3
0.29480405E-1, 0.12483159E-2, 0.26455173E-1, 0.12124764E-2, 0.12977708E-1, 0.16824268E-1, 0.10081031, 0.17431166E-1, 0.70358085E-3
0.29446408E-1, 0.12483133E-2, 0.26391800E-1, 0.12134678E-2, 0.14673323E-1, 0.18985748E-1, 0.11373776, 0.19677449E-1, 0.79424353E-3
0.29412221E-1, 0.12483102E-2, 0.26331475E-1, 0.12144642E-2, 0.15293175E-1, 0.19749820E-1, 0.11830200, 0.20479416E-1, 0.82660792E-3
0.29377714E-1, 0.12483052E-2, 0.26269618E-1, 0.12154254E-2, 0.14244214E-1, 0.18359542E-1, 0.10995909, 0.19046426E-1, 0.76876313E-3
0.29343342E-1, 0.12483005E-2, 0.26204793E-1, 0.12163640E-2, 0.18789187E-1, 0.24173535E-1, 0.14478908, 0.25095651E-1, 0.10129180E-2
0.29308133E-1, 0.12482925E-2, 0.26135689E-1, 0.12172182E-2, 0.17572181E-1, 0.22567242E-1, 0.13519862, 0.23450127E-1, 0.94649318E-3
0.29290972E-1, 0.12482821E-2, 0.26065663E-1, 0.12180336E-2, 0.14229048E-1, 0.18240366E-1, 0.10927942, 0.18966310E-1, 0.76551177E-3
0.29274451E-1, 0.12482724E-2, 0.25998050E-1, 0.12188682E-2, 0.15393759E-1, 0.19696474E-1, 0.11799025, 0.20489823E-1, 0.82699797E-3
0.29258288E-1, 0.12482611E-2, 0.25928574E-1, 0.12196662E-2, 0.94752461E-2, 0.12100327E-1, 0.72463058E-1, 0.12589829E-1, 0.50814007E-3
0.29170236E-1, 0.12482633E-2, 0.25878593E-1, 0.12207854E-2, 0.17063247E-1, 0.21747634E-1, 0.13019454, 0.22631371E-1, 0.91342314E-3
0.29138206E-1, 0.12482732E-2, 0.25815610E-1, 0.12219060E-2, 0.20344106E-1, 0.25886800E-1, 0.15503040, 0.26967412E-1, 0.10884218E-2
0.29106863E-1, 0.12482792E-2, 0.25745235E-1, 0.12229136E-2, 0.24271540E-1, 0.30834168E-1, 0.18477966, 0.32168854E-1, 0.12983434E-2
0.29075891E-1, 0.12482865E-2, 0.25676966E-1, 0.12239495E-2, 0.26783947E-1, 0.33973925E-1, 0.20379482, 0.35512794E-1, 0.14332917E-2
0.29044783E-1, 0.12482933E-2, 0.25610659E-1, 0.12249850E-2, 0.27137117E-1, 0.34370255E-1, 0.20640486, 0.36003664E-1, 0.14530875E-2
0.29013552E-1, 0.12482991E-2, 0.25541969E-1, 0.12259895E-2, 0.24203062E-1, 0.30608177E-1, 0.18400232, 0.32126661E-1, 0.12966013E-2
0.28982574E-1, 0.12483058E-2, 0.25477916E-1, 0.12270344E-2, 0.25118841E-1, 0.31717010E-1, 0.19083862, 0.33350553E-1, 0.13459841E-2
0.28951431E-1, 0.12483116E-2, 0.25417414E-1, 0.12280907E-2, 0.22603478E-1, 0.28496901E-1, 0.17160861, 0.30016402E-1, 0.12114107E-2
0.28919566E-1, 0.12483142E-2, 0.25357386E-1, 0.12291044E-2, 0.25253015E-1, 0.31788066E-1, 0.19158681, 0.33540040E-1, 0.13536055E-2
0.28888077E-1, 0.12483181E-2, 0.25300559E-1, 0.12301552E-2, 0.27010687E-1, 0.33948556E-1, 0.20481881, 0.35890754E-1, 0.14484605E-2
0.28857352E-1, 0.12483251E-2, 0.25239376E-1, 0.12312074E-2, 0.24369642E-1, 0.30584244E-1, 0.18471523, 0.32398522E-1, 0.13075096E-2
0.28827012E-1, 0.12483331E-2, 0.25178786E-1, 0.12322777E-2, 0.32995556E-1, 0.41352168E-1, 0.25007311, 0.43907247E-1, 0.17719505E-2
0.28795857E-1, 0.12483379E-2, 0.25119219E-1, 0.12333055E-2, 0.28392641E-1, 0.35536353E-1, 0.21523786, 0.37833419E-1, 0.15268128E-2
0.28763980E-1, 0.12483395E-2, 0.25062514E-1, 0.12343089E-2, 0.26206145E-1, 0.32752719E-1, 0.19861433, 0.34946159E-1, 0.14102784E-2
0.28731253E-1, 0.12483373E-2, 0.25004044E-1, 0.12352478E-2, 0.20726604E-1, 0.25863949E-1, 0.15696825, 0.27642459E-1, 0.11155216E-2
0.28699856E-1, 0.12483407E-2, 0.24947871E-1, 0.12362675E-2, 0.33210292E-1, 0.41382216E-1, 0.25142792, 0.44319313E-1, 0.17885044E-2
0.28668672E-1, 0.12483441E-2, 0.24886107E-1, 0.12372504E-2, 0.28741473E-1, 0.35769328E-1, 0.21768415, 0.38414694E-1, 0.15502052E-2
0.28637007E-1, 0.12483458E-2, 0.24829803E-1, 0.12382411E-2, 0.26567038E-1, 0.33016752E-1, 0.20118187, 0.35538167E-1, 0.14341094E-2
0.28604329E-1, 0.12483430E-2, 0.24774481E-1, 0.12391781E-2, 0.21972300E-1, 0.27266325E-1, 0.16629615, 0.29401712E-1, 0.11864674E-2
0.28570730E-1, 0.12483364E-2, 0.24716664E-1, 0.12400411E-2, 0.19980969E-1, 0.24755642E-1, 0.15106679, 0.26729338E-1, 0.10786183E-2
0.28536703E-1, 0.12483270E-2, 0.24657147E-1, 0.12408559E-2, 0.18177703E-1, 0.22485489E-1, 0.13726720, 0.24304325E-1, 0.98075334E-3
0.28752375E-1, 0.12483171E-2, 0.24599481E-1, 0.12416674E-2, 0.17796036E-1, 0.21977618E-1, 0.13420299, 0.23776939E-1, 0.95946505E-3
0.30483883E-1, 0.12483026E-2, 0.24535108E-1, 0.12423694E-2, 0.12914827E-1, 0.15922023E-1, 0.97225033E-1, 0.17235007E-1, 0.69547613E-3
0.33783115E-1, 0.12482903E-2, 0.24478797E-1, 0.12431534E-2, 0.12191089E-1, 0.15001149E-1, 0.91561653E-1, 0.16238201E-1, 0.65524923E-3
0.30902859E-1, 0.12482824E-2, 0.24432130E-1, 0.12440592E-2, 0.12024969E-1, 0.14768973E-1, 0.90104088E-1, 0.15986428E-1, 0.64508669E-3
0.28349528E-1, 0.12482801E-2, 0.24388095E-1, 0.12450583E-2, 0.17017214E-1, 0.20865429E-1, 0.12728646, 0.22594480E-1, 0.91173075E-3
0.28316764E-1, 0.12482749E-2, 0.24335256E-1, 0.12459542E-2, 0.12806302E-1, 0.15675841E-1, 0.95626123E-1, 0.16983172E-1, 0.68529934E-3
0.28286008E-1, 0.12482778E-2, 0.24288736E-1, 0.12469984E-2, 0.17487921E-1, 0.21369690E-1, 0.13035269, 0.23162279E-1, 0.93463133E-3
0.28257303E-1, 0.12482887E-2, 0.24238210E-1, 0.12481154E-2, 0.20400275E-1, 0.24891999E-1, 0.15190761, 0.27009374E-1, 0.10898610E-2
0.28228337E-1, 0.12482981E-2, 0.24184408E-1, 0.12491883E-2, 0.23326229E-1, 0.28421510E-1, 0.17357250, 0.30883759E-1, 0.12461888E-2
0.28199118E-1, 0.12483065E-2, 0.24131723E-1, 0.12502495E-2, 0.32082770E-1, 0.39036360E-1, 0.23868465, 0.42507369E-1, 0.17151968E-2
0.28168768E-1, 0.12483103E-2, 0.24078805E-1, 0.12512424E-2, 0.28527340E-1, 0.34668431E-1, 0.21231912, 0.37850037E-1, 0.15272545E-2
0.28137175E-1, 0.12483087E-2, 0.24025125E-1, 0.12521564E-2, 0.25585812E-1, 0.31053007E-1, 0.19041674, 0.33976048E-1, 0.13709253E-2
0.28104812E-1, 0.12483039E-2, 0.23971785E-1, 0.12530260E-2, 0.21990465E-1, 0.26652560E-1, 0.16358487, 0.29211489E-1, 0.11786660E-2
0.28071642E-1, 0.12482955E-2, 0.23916386E-1, 0.12538298E-2, 0.21529781E-1, 0.26056252E-1, 0.16003464, 0.28597925E-1, 0.11539003E-2
0.28038083E-1, 0.12482854E-2, 0.23861215E-1, 0.12546079E-2, 0.14810018E-1, 0.17896831E-1, 0.10996181, 0.19661887E-1, 0.79333375E-3
0.28004847E-1, 0.12482762E-2, 0.23808513E-1, 0.12554169E-2, 0.13096797E-1, 0.15800947E-1, 0.97076066E-1, 0.17365765E-1, 0.70068403E-3
0.27972395E-1, 0.12482699E-2, 0.23762355E-1, 0.12563088E-2, 0.15480072E-1, 0.18644348E-1, 0.11452863, 0.20497220E-1, 0.82702900E-3
0.27941272E-1, 0.12482689E-2, 0.23720348E-1, 0.12572963E-2, 0.18377399E-1, 0.22101156E-1, 0.13579749, 0.24316773E-1, 0.98113623E-3
0.27909538E-1, 0.12482654E-2, 0.23672320E-1, 0.12582005E-2, 0.17931443E-1, 0.21532051E-1, 0.13234428, 0.23712059E-1, 0.95673086E-3
0.27877897E-1, 0.12482621E-2, 0.23628291E-1, 0.12591336E-2, 0.19040456E-1, 0.22829227E-1, 0.14036708, 0.25164060E-1, 0.10153094E-2
0.27846513E-1, 0.12482594E-2, 0.23584941E-1, 0.12600794E-2, 0.16921775E-1, 0.20259131E-1, 0.12460975, 0.22351861E-1, 0.90183795E-3
0.27815744E-1, 0.12482589E-2, 0.23546183E-1, 0.12610868E-2, 0.16739564E-1, 0.20010320E-1, 0.12310412, 0.22093305E-1, 0.89140056E-3
0.27786547E-1, 0.12482647E-2, 0.23513190E-1, 0.12622153E-2, 0.20406177E-1, 0.24356144E-1, 0.14989196, 0.26916238E-1, 0.10859848E-2
0.27757552E-1, 0.12482712E-2, 0.23462744E-1, 0.12632193E-2, 0.25423888E-1, 0.30306431E-1, 0.18667983, 0.33545699E-1, 0.13534535E-2
0.27728921E-1, 0.12482789E-2, 0.23417270E-1, 0.12642733E-2, 0.33002295E-1, 0.39294995E-1, 0.24241485, 0.43599669E-1, 0.17590809E-2
0.27698711E-1, 0.12482798E-2, 0.23368808E-1, 0.12652152E-2, 0.23875182E-1, 0.28393611E-1, 0.17541881, 0.31577818E-1, 0.12740328E-2
0.27667521E-1, 0.12482767E-2, 0.23317438E-1, 0.12660768E-2, 0.18220440E-1, 0.21637378E-1, 0.13376409, 0.24095178E-1, 0.97213237E-3
0.27639130E-1, 0.12482847E-2, 0.23272701E-1, 0.12671313E-2, 0.20083984E-1, 0.23817658E-1, 0.14731778, 0.26552122E-1, 0.10712538E-2
0.27611637E-1, 0.12482960E-2, 0.23229264E-1, 0.12682374E-2, 0.27344665E-1, 0.32384764E-1, 0.20048785, 0.36161054E-1, 0.14589195E-2
0.27582927E-1, 0.12483028E-2, 0.23180075E-1, 0.12692298E-2, 0.23001252E-1, 0.27207680E-1, 0.16863258, 0.30438822E-1, 0.12280477E-2
0.27553743E-1, 0.12483067E-2, 0.23133129E-1, 0.12702082E-2, 0.21728376E-1, 0.25667720E-1, 0.15921703, 0.28758736E-1, 0.11602571E-2
0.27524270E-1, 0.12483095E-2, 0.23085609E-1, 0.12711609E-2, 0.21445476E-1, 0.25298443E-1, 0.15703700, 0.28383460E-1, 0.11451090E-2
0.27495261E-1, 0.12483138E-2, 0.23036964E-1, 0.12721235E-2, 0.20856943E-1, 0.24571620E-1, 0.15263440, 0.27605256E-1, 0.11137058E-2
0.27466977E-1, 0.12483211E-2, 0.22995848E-1, 0.12731754E-2, 0.27092244E-1, 0.31876832E-1, 0.19820344, 0.35872102E-1, 0.14472137E-2
0.27438324E-1, 0.12483265E-2, 0.22958260E-1, 0.12742279E-2, 0.26472246E-1, 0.31109670E-1, 0.19368137, 0.35081737E-1, 0.14153152E-2
0.27408022E-1, 0.12483251E-2, 0.22915220E-1, 0.12751465E-2, 0.21486880E-1, 0.25219910E-1, 0.15717618, 0.28490031E-1, 0.11493751E-2
0.27376557E-1, 0.12483193E-2, 0.22868495E-1, 0.12759696E-2, 0.20353310E-1, 0.23856707E-1, 0.14877693, 0.26984377E-1, 0.10886252E-2
0.27344733E-1, 0.12483113E-2, 0.22823736E-1, 0.12767824E-2, 0.16325055E-1, 0.19108469E-1, 0.11921596, 0.21634605E-1, 0.87279547E-3
0.27313236E-1, 0.12483018E-2, 0.22779901E-1, 0.12775797E-2, 0.13559356E-1, 0.15847558E-1, 0.98875821E-1, 0.17951343E-1, 0.72419969E-3
0.27365828E-1, 0.12482913E-2, 0.22736937E-1, 0.12783686E-2, 0.15414253E-1, 0.17988175E-1, 0.11222710, 0.20383833E-1, 0.82232826E-3
0.28006067E-1, 0.12482803E-2, 0.22693953E-1, 0.12791416E-2, 0.15606916E-1, 0.18186152E-1, 0.11347167, 0.20619079E-1, 0.83181425E-3
0.28074257E-1, 0.12482665E-2, 0.22645188E-1, 0.12798299E-2, 0.13008507E-1, 0.15135332E-1, 0.94431527E-1, 0.17166376E-1, 0.69252198E-3
0.27951095E-1, 0.12482532E-2, 0.22598768E-1, 0.12805427E-2, 0.11890385E-1, 0.13813033E-1, 0.86160928E-1, 0.15668452E-1, 0.63209026E-3
0.27872313E-1, 0.12482423E-2, 0.22558909E-1, 0.12813366E-2, 0.15635470E-1, 0.18136339E-1, 0.11311536, 0.20577945E-1, 0.83014346E-3
0.27745850E-1, 0.12482285E-2, 0.22511201E-1, 0.12820245E-2, 0.11078882E-1, 0.12831276E-1, 0.80016315E-1, 0.14562045E-1, 0.58745081E-3
0.27802140E-1, 0.12482175E-2, 0.22469636E-1, 0.12827929E-2, 0.11798438E-1, 0.13643996E-1, 0.85058063E-1, 0.15484399E-1, 0.62465732E-3
0.30329354E-1, 0.12482038E-2, 0.22423970E-1, 0.12834931E-2, 0.85002678E-2, 0.98144440E-2, 0.61155040E-1, 0.11136085E-1, 0.44923995E-3
0.36168002E-1, 0.12481908E-2, 0.22383338E-1, 0.12842403E-2, 0.10981783E-1, 0.12657702E-1, 0.78814328E-1, 0.14355429E-1, 0.57910947E-3
0.42534743E-1, 0.12481855E-2, 0.22365043E-1, 0.12852544E-2, 0.74593378E-2, 0.85816998E-2, 0.53383108E-1, 0.97257281E-2, 0.39234239E-3
0.27704883E-1, 0.12481849E-2, 0.22354340E-1, 0.12863837E-2, 0.10073556E-1, 0.11568350E-1, 0.71894854E-1, 0.13101265E-1, 0.52851217E-3
0.26982462E-1, 0.12481767E-2, 0.22319648E-1, 0.12872282E-2, 0.12625776E-1, 0.14477596E-1, 0.89946315E-1, 0.16395411E-1, 0.66139724E-3
0.28213216E-1, 0.12481678E-2, 0.22285508E-1, 0.12880656E-2, 0.14099989E-1, 0.16144505E-1, 0.10029048, 0.18287009E-1, 0.73770178E-3
0.31831577E-1, 0.12481558E-2, 0.22247422E-1, 0.12888354E-2, 0.13473568E-1, 0.15404079E-1, 0.95676169E-1, 0.17451582E-1, 0.70399710E-3
0.36433659E-1, 0.12481452E-2, 0.22214344E-1, 0.12896546E-2, 0.86283227E-2, 0.98486962E-2, 0.61138928E-1, 0.11154996E-1, 0.44999080E-3
0.41934721E-1, 0.12481388E-2, 0.22194155E-1, 0.12906251E-2, 0.10673935E-1, 0.12161613E-1, 0.75427480E-1, 0.13765143E-1, 0.55528182E-3
0.46094865E-1, 0.12481392E-2, 0.22192940E-1, 0.12918251E-2, 0.99953283E-2, 0.11366880E-1, 0.70427693E-1, 0.12855847E-1, 0.51859941E-3
0.52705094E-1, 0.12481463E-2, 0.22209583E-1, 0.12932429E-2, 0.90985643E-2, 0.10326203E-1, 0.63899346E-1, 0.11666745E-1, 0.47063001E-3
0.56184713E-1, 0.12481441E-2, 0.22202689E-1, 0.12943639E-2, 0.10543780E-1, 0.11940348E-1, 0.73777243E-1, 0.13473198E-1, 0.54349971E-3
0.48003267E-1, 0.12481529E-2, 0.22224471E-1, 0.12958434E-2, 0.10472173E-1, 0.11835481E-1, 0.73041163E-1, 0.13341877E-1, 0.53820031E-3
0.34492832E-1, 0.12481549E-2, 0.22225535E-1, 0.12970802E-2, 0.11578844E-1, 0.13064015E-1, 0.80564275E-1, 0.14719545E-1, 0.59377193E-3
0.49060013E-1, 0.12481508E-2, 0.22211649E-1, 0.12981240E-2, 0.11938991E-1, 0.13446962E-1, 0.82865469E-1, 0.15143739E-1, 0.61088084E-3
0.66055804E-1, 0.12481444E-2, 0.22193881E-1, 0.12991065E-2, 0.90414910E-2, 0.10162025E-1, 0.62534854E-1, 0.11430816E-1, 0.46110412E-3
0.67555673E-1, 0.12481215E-2, 0.22133332E-1, 0.12995506E-2, 0.69858967E-2, 0.78325449E-2, 0.48098013E-1, 0.87933140E-2, 0.35470977E-3
0.68052135E-1, 0.12481125E-2, 0.22109106E-1, 0.13004412E-2, 0.78727268E-2, 0.88062752E-2, 0.53970538E-1, 0.98683489E-2, 0.39807407E-3
0.78434557E-1, 0.12480854E-2, 0.22037793E-1, 0.13007422E-2, 0.74367402E-2, 0.82974238E-2, 0.50732858E-1, 0.92776846E-2, 0.37424642E-3
0.67599028E-1, 0.12480611E-2, 0.21975473E-1, 0.13011468E-2, 0.72663454E-2, 0.80868648E-2, 0.49329262E-1, 0.90221930E-2, 0.36393938E-3
0.68857215E-1, 0.12480603E-2, 0.21974916E-1, 0.13023149E-2, 0.74464176E-2, 0.82691796E-2, 0.50347902E-1, 0.92096729E-2, 0.37150097E-3
0.83197810E-1, 0.12480323E-2, 0.21903366E-1, 0.13025987E-2, 0.77624158E-2, 0.85981078E-2, 0.52223578E-1, 0.95539754E-2, 0.38538841E-3
0.80248743E-1, 0.12479960E-2, 0.21809740E-1, 0.13026008E-2, 0.61304150E-2, 0.67725698E-2, 0.41027430E-1, 0.75065484E-2, 0.30279843E-3
0.78641355E-1, 0.12479722E-2, 0.21750621E-1, 0.13030214E-2, 0.67305905E-2, 0.74174050E-2, 0.44825066E-1, 0.82021737E-2, 0.33085770E-3
0.85772656E-1, 0.12479384E-2, 0.21665188E-1, 0.13031103E-2, 0.81411358E-2, 0.89486865E-2, 0.53939383E-1, 0.98709743E-2, 0.39817230E-3
0.84735870E-1, 0.12478975E-2, 0.21562330E-1, 0.13029755E-2, 0.58380500E-2, 0.64006015E-2, 0.38478430E-1, 0.70422911E-2, 0.28406904E-3
0.32623254E-1, 0.12478789E-2, 0.21516183E-1, 0.13035494E-2, 0.94594043E-2, 0.10349097E-1, 0.62102359E-1, 0.11367028E-1, 0.45851705E-3
0.29711332E-1, 0.12478716E-2, 0.21495266E-1, 0.13044508E-2, 0.11470066E-1, 0.12532639E-1, 0.75180434E-1, 0.13762596E-1, 0.55514596E-3
0.38904734E-1, 0.12478611E-2, 0.21469267E-1, 0.13052736E-2, 0.84373821E-2, 0.92060054E-2, 0.55194020E-1, 0.10105127E-1, 0.40761181E-3
0.52671812E-1, 0.12478546E-2, 0.21455977E-1, 0.13062403E-2, 0.91663664E-2, 0.99842185E-2, 0.59791781E-1, 0.10948043E-1, 0.44161108E-3
0.66886716E-1, 0.12478494E-2, 0.21448968E-1, 0.13072754E-2, 0.87507833E-2, 0.95127635E-2, 0.56878477E-1, 0.10415684E-1, 0.42013585E-3
0.74756294E-1, 0.12478274E-2, 0.21396212E-1, 0.13077385E-2, 0.85597690E-2, 0.92845606E-2, 0.55402394E-1, 0.10146343E-1, 0.40927000E-3
0.79730362E-1, 0.12477941E-2, 0.21315031E-1, 0.13078438E-2, 0.86384714E-2, 0.93486542E-2, 0.55664651E-1, 0.10195278E-1, 0.41124222E-3
0.65839708E-1, 0.12477561E-2, 0.21220524E-1, 0.13077771E-2, 0.81287026E-2, 0.87763714E-2, 0.52137058E-1, 0.95499596E-2, 0.38521085E-3
0.53124718E-1, 0.12477360E-2, 0.21174274E-1, 0.13083076E-2, 0.87268474E-2, 0.94066588E-2, 0.55815753E-1, 0.10224577E-1, 0.41242095E-3
0.73562428E-1, 0.12477182E-2, 0.21135265E-1, 0.13089166E-2, 0.78396490E-2, 0.84332787E-2, 0.49949925E-1, 0.91507137E-2, 0.36910389E-3
0.84334455E-1, 0.12476791E-2, 0.21040486E-1, 0.13088284E-2, 0.73778527E-2, 0.79181837E-2, 0.46787683E-1, 0.85719284E-2, 0.34575685E-3
0.87071940E-1, 0.12476307E-2, 0.20921780E-1, 0.13084355E-2, 0.75864568E-2, 0.81226695E-2, 0.47873668E-1, 0.87713739E-2, 0.35380063E-3
0.87855786E-1, 0.12475804E-2, 0.20798307E-1, 0.13079726E-2, 0.79720132E-2, 0.85152229E-2, 0.50059617E-1, 0.91723613E-2, 0.36997348E-3
0.88334940E-1, 0.12475288E-2, 0.20672562E-1, 0.13074703E-2, 0.78492481E-2, 0.83644623E-2, 0.49049690E-1, 0.89877499E-2, 0.36252566E-3
0.29921109E-1, 0.12474967E-2, 0.20596368E-1, 0.13075910E-2, 0.92448564E-2, 0.98328916E-2, 0.57564467E-1, 0.10548478E-1, 0.42547661E-3
0.23587994E-1, 0.12474969E-2, 0.20577418E-1, 0.13085522E-2, 0.18710142E-1, 0.19880990E-1, 0.11642072, 0.21335229E-1, 0.86055876E-3
0.23563402E-1, 0.12474922E-2, 0.20526798E-1, 0.13092171E-2, 0.18754411E-1, 0.19910766E-1, 0.11669014, 0.21386839E-1, 0.86263259E-3
0.23540117E-1, 0.12474927E-2, 0.20486057E-1, 0.13100201E-2, 0.22545129E-1, 0.23914753E-1, 0.14029405, 0.25715766E-1, 0.10372290E-2
0.23516778E-1, 0.12474933E-2, 0.20449039E-1, 0.13108430E-2, 0.16645534E-1, 0.17641455E-1, 0.10358586, 0.18989122E-1, 0.76590729E-3
0.23492493E-1, 0.12474896E-2, 0.20406978E-1, 0.13115738E-2, 0.14262537E-1, 0.15101108E-1, 0.88706978E-1, 0.16262854E-1, 0.65594114E-3
0.23469388E-1, 0.12474906E-2, 0.20368170E-1, 0.13123860E-2, 0.20247048E-1, 0.21417923E-1, 0.12589113, 0.23081904E-1, 0.93097141E-3
0.23446970E-1, 0.12474944E-2, 0.20334560E-1, 0.13132690E-2, 0.17669259E-1, 0.18675126E-1, 0.10986301, 0.20145077E-1, 0.81251253E-3
0.23424616E-1, 0.12474983E-2, 0.20301595E-1, 0.13141555E-2, 0.17548295E-1, 0.18530317E-1, 0.10908292, 0.20003758E-1, 0.80680643E-3
0.23401367E-1, 0.12474979E-2, 0.20263277E-1, 0.13149498E-2, 0.15394919E-1, 0.16241297E-1, 0.95660113E-1, 0.17543668E-1, 0.70757919E-3
0.23378210E-1, 0.12474980E-2, 0.20229308E-1, 0.13157771E-2, 0.16105898E-1, 0.16975280E-1, 0.10002849, 0.18346179E-1, 0.73994120E-3
0.23355644E-1, 0.12475007E-2, 0.20206556E-1, 0.13167148E-2, 0.17971555E-1, 0.18924350E-1, 0.11157999, 0.20466452E-1, 0.82545023E-3
0.23332350E-1, 0.12474997E-2, 0.20185500E-1, 0.13176225E-2, 0.17227506E-1, 0.18124970E-1, 0.10694101, 0.19617150E-1, 0.79119002E-3
0.23307525E-1, 0.12474925E-2, 0.20155394E-1, 0.13183774E-2, 0.10680069E-1, 0.11225957E-1, 0.66256814E-1, 0.12154862E-1, 0.49022125E-3
0.23281824E-1, 0.12474820E-2, 0.20117844E-1, 0.13190254E-2, 0.88541117E-2, 0.92964768E-2, 0.54855943E-1, 0.10063794E-1, 0.40588382E-3
0.23255864E-1, 0.12474697E-2, 0.20077908E-1, 0.13196373E-2, 0.87055173E-2, 0.91305654E-2, 0.53859964E-1, 0.98814284E-2, 0.39852731E-3
0.23230674E-1, 0.12474608E-2, 0.20046495E-1, 0.13203485E-2, 0.11011316E-1, 0.11536575E-1, 0.68037733E-1, 0.12483026E-1, 0.50344993E-3
0.23206402E-1, 0.12474555E-2, 0.20026285E-1, 0.13211879E-2, 0.10664728E-1, 0.11161843E-1, 0.65821648E-1, 0.12076922E-1, 0.48706928E-3
0.23181904E-1, 0.12474490E-2, 0.20007167E-1, 0.13220195E-2, 0.10793692E-1, 0.11285271E-1, 0.66543840E-1, 0.12209893E-1, 0.49242971E-3
0.23157263E-1, 0.12474414E-2, 0.19989377E-1, 0.13228494E-2, 0.98457988E-2, 0.10283656E-1, 0.60630366E-1, 0.11125237E-1, 0.44868299E-3
0.23132084E-1, 0.12474316E-2, 0.19965880E-1, 0.13236043E-2, 0.98579973E-2, 0.10285554E-1, 0.60629494E-1, 0.11125421E-1, 0.44868831E-3
0.23107182E-1, 0.12474230E-2, 0.19942570E-1, 0.13243712E-2, 0.10683944E-1, 0.11136030E-1, 0.65634482E-1, 0.12044189E-1, 0.48573993E-3
0.23081705E-1, 0.12474115E-2, 0.19915402E-1, 0.13250747E-2, 0.78920815E-2, 0.82175238E-2, 0.48422113E-1, 0.88858791E-2, 0.35836440E-3
0.23055784E-1, 0.12473984E-2, 0.19883977E-1, 0.13257186E-2, 0.84901713E-2, 0.88308612E-2, 0.52017007E-1, 0.95457695E-2, 0.38497613E-3
0.23030510E-1, 0.12473873E-2, 0.19859074E-1, 0.13264409E-2, 0.90914387E-2, 0.94462773E-2, 0.55624872E-1, 0.10208065E-1, 0.41168454E-3
0.23005374E-1, 0.12473768E-2, 0.19836348E-1, 0.13271829E-2, 0.86619100E-2, 0.89906435E-2, 0.52926946E-1, 0.97131310E-2, 0.39172260E-3
0.22984181E-1, 0.12473656E-2, 0.19813647E-1, 0.13279141E-2, 0.89497883E-2, 0.92798378E-2, 0.54613631E-1, 0.10022839E-1, 0.40421108E-3
0.23051357E-1, 0.12473532E-2, 0.19789612E-1, 0.13286175E-2, 0.10059915E-1, 0.10420197E-1, 0.61311230E-1, 0.11252175E-1, 0.45378701E-3
0.23647120E-1, 0.12473417E-2, 0.19769276E-1, 0.13293561E-2, 0.93467608E-2, 0.96717011E-2, 0.56896385E-1, 0.10442088E-1, 0.42111517E-3
0.25239855E-1, 0.12473292E-2, 0.19749068E-1, 0.13300842E-2, 0.94940960E-2, 0.98139187E-2, 0.57717536E-1, 0.10592921E-1, 0.42719609E-3
0.28633857E-1, 0.12473139E-2, 0.19722827E-1, 0.13307261E-2, 0.80721369E-2, 0.83349785E-2, 0.48999734E-1, 0.89930231E-2, 0.36267316E-3
0.23299765E-1, 0.12472970E-2, 0.19692292E-1, 0.13313155E-2, 0.60841534E-2, 0.62750657E-2, 0.36866900E-1, 0.67662974E-2, 0.27287216E-3
0.23815369E-1, 0.12472774E-2, 0.19651948E-1, 0.13317855E-2, 0.56944359E-2, 0.58668312E-2, 0.34447435E-1, 0.63222651E-2, 0.25496449E-3
0.25515595E-1, 0.12472596E-2, 0.19618096E-1, 0.13323260E-2, 0.59968559E-2, 0.61716386E-2, 0.36213189E-1, 0.66463533E-2, 0.26803359E-3
0.28291525E-1, 0.12472402E-2, 0.19584127E-1, 0.13328558E-2, 0.56500486E-2, 0.58080545E-2, 0.34054182E-1, 0.62500970E-2, 0.25205276E-3
0.31986576E-1, 0.12472213E-2, 0.19550579E-1, 0.13333814E-2, 0.56919786E-2, 0.58441940E-2, 0.34236412E-1, 0.62835324E-2, 0.25340042E-3
0.36069017E-1, 0.12472111E-2, 0.19542556E-1, 0.13342174E-2, 0.56411559E-2, 0.57847816E-2, 0.33854760E-1, 0.62134624E-2, 0.25057397E-3
0.40428329E-1, 0.12472067E-2, 0.19549549E-1, 0.13352353E-2, 0.55308142E-2, 0.56641740E-2, 0.33111285E-1, 0.60769762E-2, 0.24506915E-3
0.44324216E-1, 0.12472094E-2, 0.19575402E-1, 0.13364840E-2, 0.47995830E-2, 0.49085496E-2, 0.28656751E-1, 0.52593942E-2, 0.21209761E-3
0.47305167E-1, 0.12472129E-2, 0.19605082E-1, 0.13377788E-2, 0.45100451E-2, 0.46057063E-2, 0.26848489E-1, 0.49274825E-2, 0.19871199E-3
0.49913149E-1, 0.12472164E-2, 0.19634364E-1, 0.13390685E-2, 0.45721857E-2, 0.46622897E-2, 0.27135899E-1, 0.49801809E-2, 0.20083676E-3
0.52253619E-1, 0.12472162E-2, 0.19654296E-1, 0.13402428E-2, 0.47438093E-2, 0.48299055E-2, 0.28064854E-1, 0.51506092E-2, 0.20770915E-3
0.54374270E-1, 0.12472129E-2, 0.19665685E-1, 0.13413107E-2, 0.46771513E-2, 0.47547361E-2, 0.27581330E-1, 0.50617992E-2, 0.20412721E-3
0.56223813E-1, 0.12472083E-2, 0.19673910E-1, 0.13423385E-2, 0.52158223E-2, 0.52939928E-2, 0.30655496E-1, 0.56258822E-2, 0.22687452E-3
0.57939839E-1, 0.12472022E-2, 0.19677643E-1, 0.13433098E-2, 0.48858449E-2, 0.49512372E-2, 0.28619682E-1, 0.52521704E-2, 0.21180333E-3
0.30558210E-1, 0.12471942E-2, 0.19675411E-1, 0.13442149E-2, 0.41534049E-2, 0.42030318E-2, 0.24258776E-1, 0.44517871E-2, 0.17952606E-3
0.29959848E-1, 0.12471767E-2, 0.19644979E-1, 0.13447806E-2, 0.37115188E-2, 0.37516004E-2, 0.21631999E-1, 0.39696693E-2, 0.16008348E-3
0.34552202E-1, 0.12471608E-2, 0.19620763E-1, 0.13454164E-2, 0.45991545E-2, 0.46432279E-2, 0.26744029E-1, 0.49076756E-2, 0.19790974E-3
0.41423623E-1, 0.12471578E-2, 0.19631710E-1, 0.13464817E-2, 0.48228484E-2, 0.48629530E-2, 0.27976442E-1, 0.51337038E-2, 0.20702419E-3
0.48936632E-1, 0.12471634E-2, 0.19665482E-1, 0.13478248E-2, 0.45313672E-2, 0.45627356E-2, 0.26211455E-1, 0.48097027E-2, 0.19395787E-3
0.55410527E-1, 0.12471608E-2, 0.19679170E-1, 0.13489168E-2, 0.42509721E-2, 0.42740484E-2, 0.24511477E-1, 0.44976459E-2, 0.18137328E-3
0.60137276E-1, 0.12471465E-2, 0.19661719E-1, 0.13496212E-2, 0.44158320E-2, 0.44328854E-2, 0.25374863E-1, 0.46559405E-2, 0.18775633E-3
0.63221626E-1, 0.12471252E-2, 0.19625820E-1, 0.13500941E-2, 0.46722610E-2, 0.46828049E-2, 0.26752928E-1, 0.49086460E-2, 0.19794640E-3
0.64994335E-1, 0.12471001E-2, 0.19579748E-1, 0.13504367E-2, 0.40397230E-2, 0.40423255E-2, 0.23047214E-1, 0.42285831E-2, 0.17052177E-3
0.65862820E-1, 0.12470696E-2, 0.19519430E-1, 0.13505991E-2, 0.36409083E-2, 0.36371818E-2, 0.20692173E-1, 0.37963805E-2, 0.15309242E-3
0.66472687E-1, 0.12470345E-2, 0.19447386E-1, 0.13506103E-2, 0.34709601E-2, 0.34616841E-2, 0.19650547E-1, 0.36051697E-2, 0.14538136E-3
0.67017183E-1, 0.12469975E-2, 0.19371202E-1, 0.13505636E-2, 0.35016229E-2, 0.34865197E-2, 0.19747779E-1, 0.36229005E-2, 0.14609603E-3
0.67530669E-1, 0.12469604E-2, 0.19294854E-1, 0.13505076E-2, 0.35701261E-2, 0.35488766E-2, 0.20056225E-1, 0.36793696E-2, 0.14837287E-3
0.67967549E-1, 0.12469230E-2, 0.19219220E-1, 0.13504530E-2, 0.36424596E-2, 0.36149132E-2, 0.20384531E-1, 0.37394704E-2, 0.15079611E-3
0.68292931E-1, 0.12468852E-2, 0.19143267E-1, 0.13503876E-2, 0.36694747E-2, 0.36358160E-2, 0.20457039E-1, 0.37526335E-2, 0.15132660E-3
0.68569496E-1, 0.12468474E-2, 0.19066935E-1, 0.13503100E-2, 0.33581918E-2, 0.33220139E-2, 0.18649792E-1, 0.34209848E-2, 0.13795242E-3
0.68854585E-1, 0.12468118E-2, 0.18997133E-1, 0.13503057E-2, 0.44792066E-2, 0.44239317E-2, 0.24782188E-1, 0.45456714E-2, 0.18330540E-3
0.69100209E-1, 0.12467764E-2, 0.18928658E-1, 0.13503107E-2, 0.37699193E-2, 0.37175028E-2, 0.20779999E-1, 0.38113887E-2, 0.15369488E-3
0.69313459E-1, 0.12467396E-2, 0.18857419E-1, 0.13502756E-2, 0.41255844E-2, 0.40617827E-2, 0.22654753E-1, 0.41550533E-2, 0.16755280E-3
0.69553502E-1, 0.12467029E-2, 0.18785490E-1, 0.13502252E-2, 0.43732524E-2, 0.42989468E-2, 0.23926634E-1, 0.43880944E-2, 0.17694978E-3
0.69744729E-1, 0.12466651E-2, 0.18712517E-1, 0.13501549E-2, 0.42505865E-2, 0.41718562E-2, 0.23169471E-1, 0.42489981E-2, 0.17134032E-3
0.69861986E-1, 0.12466252E-2, 0.18634308E-1, 0.13500139E-2, 0.38065403E-2, 0.37302477E-2, 0.20671943E-1, 0.37907800E-2, 0.15286235E-3
0.69977887E-1, 0.12465834E-2, 0.18551167E-1, 0.13498045E-2, 0.39941212E-2, 0.39080330E-2, 0.21609886E-1, 0.39625671E-2, 0.15978927E-3
0.60683459E-1, 0.12465520E-2, 0.18496700E-1, 0.13499402E-2, 0.40386245E-2, 0.39458554E-2, 0.21775411E-1, 0.39926921E-2, 0.16100370E-3
0.55575915E-1, 0.12465469E-2, 0.18514184E-1, 0.13509595E-2, 0.45594913E-2, 0.44488241E-2, 0.24508962E-1, 0.44936286E-2, 0.18120336E-3
0.59903726E-1, 0.12465420E-2, 0.18532302E-1, 0.13519875E-2, 0.43278956E-2, 0.42172540E-2, 0.23193747E-1, 0.42522070E-2, 0.17146778E-3
0.65275826E-1, 0.12465154E-2, 0.18492451E-1, 0.13523009E-2, 0.35535342E-2, 0.34577458E-2, 0.18979331E-1, 0.34793501E-2, 0.14030247E-3
0.68859361E-1, 0.12464745E-2, 0.18412659E-1, 0.13521175E-2, 0.29136995E-2, 0.28310320E-2, 0.15506345E-1, 0.28425271E-2, 0.11462274E-3
0.52767742E-1, 0.12464311E-2, 0.18327506E-1, 0.13518624E-2, 0.30364664E-2, 0.29459246E-2, 0.16100101E-1, 0.29512297E-2, 0.11900588E-3
0.19446382E-1, 0.12464122E-2, 0.18298233E-1, 0.13523430E-2, 0.72818161E-2, 0.70581418E-2, 0.38544025E-1, 0.70647253E-2, 0.28487830E-3
0.19416880E-1, 0.12463916E-2, 0.18255647E-1, 0.13526997E-2, 0.97402660E-2, 0.94343638E-2, 0.51517736E-1, 0.94413497E-2, 0.38071140E-3
0.19395031E-1, 0.12463699E-2, 0.18208474E-1, 0.13530033E-2, 0.85293623E-2, 0.82556652E-2, 0.45082144E-1, 0.82606729E-2, 0.33310015E-3
0.19373475E-1, 0.12463492E-2, 0.18165324E-1, 0.13533470E-2, 0.98795528E-2, 0.95556593E-2, 0.52181024E-1, 0.95599787E-2, 0.38549068E-3
0.19351972E-1, 0.12463289E-2, 0.18124636E-1, 0.13537069E-2, 0.85179741E-2, 0.82329065E-2, 0.44958845E-1, 0.82355347E-2, 0.33208265E-3
0.19329637E-1, 0.12463049E-2, 0.18077729E-1, 0.13539721E-2, 0.61208908E-2, 0.59117009E-2, 0.32276969E-1, 0.59117354E-2, 0.23837865E-3
0.19306727E-1, 0.12462782E-2, 0.18024832E-1, 0.13541572E-2, 0.53970031E-2, 0.52085505E-2, 0.28427059E-1, 0.52060843E-2, 0.20992399E-3
0.19284166E-1, 0.12462528E-2, 0.17973453E-1, 0.13543672E-2, 0.65238937E-2, 0.62913154E-2, 0.34324288E-1, 0.62854472E-2, 0.25344602E-3
0.19262806E-1, 0.12462324E-2, 0.17932560E-1, 0.13547137E-2, 0.76753288E-2, 0.73962947E-2, 0.40344037E-1, 0.73868674E-2, 0.29785692E-3
0.19241929E-1, 0.12462139E-2, 0.17897360E-1, 0.13551241E-2, 0.88142576E-2, 0.84877396E-2, 0.46292964E-1, 0.84748743E-2, 0.34172641E-3
0.19221317E-1, 0.12461961E-2, 0.17866310E-1, 0.13555748E-2, 0.84376782E-2, 0.81194909E-2, 0.44283237E-1, 0.81057148E-2, 0.32683939E-3
0.19200342E-1, 0.12461763E-2, 0.17833678E-1, 0.13559905E-2, 0.73046205E-2, 0.70241201E-2, 0.38304184E-1, 0.70103081E-2, 0.28266892E-3
0.19179298E-1, 0.12461565E-2, 0.17801670E-1, 0.13564036E-2, 0.80422377E-2, 0.77279224E-2, 0.42135999E-1, 0.77105360E-2, 0.31090196E-3
0.19158052E-1, 0.12461353E-2, 0.17768964E-1, 0.13567966E-2, 0.74147293E-2, 0.71199010E-2, 0.38815588E-1, 0.71019339E-2, 0.28636071E-3
0.19136701E-1, 0.12461137E-2, 0.17736278E-1, 0.13571803E-2, 0.72802519E-2, 0.69857826E-2, 0.38077492E-1, 0.69659585E-2, 0.28087667E-3
0.19116011E-1, 0.12460926E-2, 0.17706620E-1, 0.13575949E-2, 0.84182173E-2, 0.80721620E-2, 0.43994211E-1, 0.80472166E-2, 0.32447302E-3
0.19102858E-1, 0.12460724E-2, 0.17678929E-1, 0.13580264E-2, 0.76893517E-2, 0.73681637E-2, 0.40153734E-1, 0.73436410E-2, 0.29610249E-3
0.19119672E-1, 0.12460505E-2, 0.17648406E-1, 0.13584148E-2, 0.69084363E-2, 0.66152145E-2, 0.36044091E-1, 0.65911422E-2, 0.26575985E-3
0.19222355E-1, 0.12460274E-2, 0.17615547E-1, 0.13587662E-2, 0.61964509E-2, 0.59291595E-2, 0.32297142E-1, 0.59052403E-2, 0.23810280E-3
0.19399360E-1, 0.12460032E-2, 0.17581370E-1, 0.13590941E-2, 0.54278839E-2, 0.51900228E-2, 0.28261380E-1, 0.51667704E-2, 0.20832644E-3
0.19573711E-1, 0.12459764E-2, 0.17541090E-1, 0.13593384E-2, 0.50973622E-2, 0.48703630E-2, 0.26509322E-1, 0.48459740E-2, 0.19539108E-3
0.19252345E-1, 0.12459503E-2, 0.17503671E-1, 0.13596152E-2, 0.54584295E-2, 0.52114953E-2, 0.28353967E-1, 0.51826588E-2, 0.20896562E-3
0.19294102E-1, 0.12459254E-2, 0.17467672E-1, 0.13599076E-2, 0.41328077E-2, 0.39429390E-2, 0.21442266E-1, 0.39189439E-2, 0.15801188E-3
0.19492162E-1, 0.12458976E-2, 0.17425351E-1, 0.13601157E-2, 0.45714965E-2, 0.43582185E-2, 0.23688175E-1, 0.43290555E-2, 0.17454715E-3
0.19693878E-1, 0.12458692E-2, 0.17382443E-1, 0.13603095E-2, 0.43366901E-2, 0.41312985E-2, 0.22443252E-1, 0.41011851E-2, 0.16535893E-3
0.19914728E-1, 0.12458424E-2, 0.17344359E-1, 0.13605583E-2, 0.47501158E-2, 0.45217401E-2, 0.24551414E-1, 0.44860207E-2, 0.18087481E-3
0.20357382E-1, 0.12458178E-2, 0.17312927E-1, 0.13608859E-2, 0.52559446E-2, 0.49995794E-2, 0.27133264E-1, 0.49572801E-2, 0.19987512E-3
0.20814992E-1, 0.12457948E-2, 0.17285721E-1, 0.13612617E-2, 0.47316980E-2, 0.44975998E-2, 0.24397364E-1, 0.44569797E-2, 0.17970266E-3
0.21195699E-1, 0.12457727E-2, 0.17261654E-1, 0.13616721E-2, 0.41990969E-2, 0.39883419E-2, 0.21622840E-1, 0.39497642E-2, 0.15925158E-3
0.22031218E-1, 0.12457530E-2, 0.17244169E-1, 0.13621612E-2, 0.46736551E-2, 0.44356794E-2, 0.24033895E-1, 0.43897871E-2, 0.17699250E-3
0.23538079E-1, 0.12457374E-2, 0.17238390E-1, 0.13627913E-2, 0.50102849E-2, 0.47515477E-2, 0.25730828E-1, 0.46992633E-2, 0.18946971E-3
0.25476459E-1, 0.12457273E-2, 0.17247681E-1, 0.13636050E-2, 0.48231203E-2, 0.45705414E-2, 0.24736084E-1, 0.45171259E-2, 0.18212560E-3
0.26819240E-1, 0.12457181E-2, 0.17260682E-1, 0.13644625E-2, 0.49955812E-2, 0.47302619E-2, 0.25584122E-1, 0.46715061E-2, 0.18834944E-3
0.22865929E-1, 0.12457075E-2, 0.17269198E-1, 0.13652657E-2, 0.54229302E-2, 0.51308516E-2, 0.27733641E-1, 0.50634374E-2, 0.20415089E-3
0.18695422E-1, 0.12456892E-2, 0.17254436E-1, 0.13657972E-2, 0.69874008E-2, 0.66065439E-2, 0.35699297E-1, 0.65169013E-2, 0.26275154E-3
0.18640136E-1, 0.12456682E-2, 0.17228991E-1, 0.13662055E-2, 0.60825576E-2, 0.57471273E-2, 0.31047860E-1, 0.56669856E-2, 0.22848319E-3
0.18628336E-1, 0.12456462E-2, 0.17201327E-1, 0.13665823E-2, 0.63564503E-2, 0.60018930E-2, 0.32415606E-1, 0.59158355E-2, 0.23851549E-3
0.18627433E-1, 0.12456273E-2, 0.17181940E-1, 0.13670590E-2, 0.80551328E-2, 0.76008113E-2, 0.41044381E-1, 0.74894186E-2, 0.30195803E-3
0.18657379E-1, 0.12456096E-2, 0.17166648E-1, 0.13675835E-2, 0.63601905E-2, 0.59976359E-2, 0.32383047E-1, 0.59080366E-2, 0.23819889E-3
0.18721936E-1, 0.12455874E-2, 0.17140310E-1, 0.13679636E-2, 0.54679057E-2, 0.51527862E-2, 0.27813347E-1, 0.50736689E-2, 0.20455831E-3
0.18922320E-1, 0.12455626E-2, 0.17108722E-1, 0.13682714E-2, 0.44536982E-2, 0.41940687E-2, 0.22628596E-1, 0.41274191E-2, 0.16640720E-3
0.19171325E-1, 0.12455358E-2, 0.17072497E-1, 0.13685145E-2, 0.34962378E-2, 0.32901128E-2, 0.17742008E-1, 0.32358258E-2, 0.13046004E-3
0.18547636E-1, 0.12455103E-2, 0.17038507E-1, 0.13687897E-2, 0.43654242E-2, 0.41050618E-2, 0.22123992E-1, 0.40346668E-2, 0.16266688E-3
0.18471140E-1, 0.12454914E-2, 0.17007053E-1, 0.13691705E-2, 0.77776005E-2, 0.73088473E-2, 0.39379090E-1, 0.71804379E-2, 0.28949470E-3
0.18452203E-1, 0.12454749E-2, 0.16965164E-1, 0.13695005E-2, 0.89469673E-2, 0.84027676E-2, 0.45274112E-1, 0.82537839E-2, 0.33276711E-3
0.18434046E-1, 0.12454614E-2, 0.16926661E-1, 0.13698925E-2, 0.10256839E-1, 0.96273236E-2, 0.51879518E-1, 0.94559444E-2, 0.38123206E-3
0.18415680E-1, 0.12454471E-2, 0.16887575E-1, 0.13702653E-2, 0.99186273E-2, 0.93044769E-2, 0.50149791E-1, 0.91385720E-2, 0.36843421E-3
0.18397607E-1, 0.12454335E-2, 0.16852075E-1, 0.13706764E-2, 0.10767080E-1, 0.10094736E-1, 0.54422546E-1, 0.99148341E-2, 0.39972749E-3
0.18379819E-1, 0.12454207E-2, 0.16819419E-1, 0.13711191E-2, 0.10884387E-1, 0.10199018E-1, 0.55000935E-1, 0.10017720E-1, 0.40387260E-3
0.18362116E-1, 0.12454080E-2, 0.16784746E-1, 0.13715479E-2, 0.10717929E-1, 0.10037565E-1, 0.54146908E-1, 0.98597221E-2, 0.39750003E-3
0.18343048E-1, 0.12453904E-2, 0.16740195E-1, 0.13718271E-2, 0.92459107E-2, 0.86540645E-2, 0.46693083E-1, 0.85004838E-2, 0.34269926E-3
0.18324113E-1, 0.12453728E-2, 0.16696984E-1, 0.13721189E-2, 0.10052654E-1, 0.94037531E-2, 0.50745856E-1, 0.92362426E-2, 0.37235918E-3
0.18307045E-1, 0.12453627E-2, 0.16668374E-1, 0.13726137E-2, 0.13560196E-1, 0.12678073E-1, 0.68442315E-1, 0.12453804E-1, 0.50207123E-3
0.18291516E-1, 0.12453586E-2, 0.16653024E-1, 0.13732850E-2, 0.14768940E-1, 0.13801652E-1, 0.74560657E-1, 0.13562672E-1, 0.54676982E-3
0.18274784E-1, 0.12453495E-2, 0.16630448E-1, 0.13738367E-2, 0.10448962E-1, 0.97596655E-2, 0.52752573E-1, 0.95929345E-2, 0.38672940E-3
0.18257497E-1, 0.12453380E-2, 0.16602874E-1, 0.13743181E-2, 0.14854264E-1, 0.13867026E-1, 0.74989036E-1, 0.13632660E-1, 0.54958224E-3
0.18242031E-1, 0.12453338E-2, 0.16591394E-1, 0.13750121E-2, 0.15216081E-1, 0.14198282E-1, 0.76842293E-1, 0.13964722E-1, 0.56296354E-3
0.18226096E-1, 0.12453276E-2, 0.16579797E-1, 0.13756780E-2, 0.12295504E-1, 0.11467616E-1, 0.62105566E-1, 0.11282971E-1, 0.45484930E-3
0.18209063E-1, 0.12453165E-2, 0.16559785E-1, 0.13762207E-2, 0.12061629E-1, 0.11243701E-1, 0.60921133E-1, 0.11064675E-1, 0.44604551E-3
0.18191950E-1, 0.12453054E-2, 0.16534340E-1, 0.13767156E-2, 0.12661668E-1, 0.11797187E-1, 0.63951939E-1, 0.11611829E-1, 0.46809888E-3
0.18174075E-1, 0.12452913E-2, 0.16501181E-1, 0.13771093E-2, 0.92733800E-2, 0.86356280E-2, 0.46828590E-1, 0.85005593E-2, 0.34267406E-3
0.18153680E-1, 0.12452670E-2, 0.16446549E-1, 0.13772070E-2, 0.75054583E-2, 0.69852564E-2, 0.37879929E-1, 0.68748277E-2, 0.27713605E-3
0.34030750E-1, 0.12452328E-2, 0.16374880E-1, 0.13770477E-2, 0.73668864E-2, 0.68512973E-2, 0.37136398E-1, 0.67387293E-2, 0.27164846E-3
0.18084183E-1, 0.12452081E-2, 0.16320918E-1, 0.13771412E-2, 0.80508050E-2, 0.74826763E-2, 0.40551797E-1, 0.73571620E-2, 0.29657697E-3
0.18066199E-1, 0.12451928E-2, 0.16284149E-1, 0.13774805E-2, 0.11263993E-1, 0.10463241E-1, 0.56712721E-1, 0.10286876E-1, 0.41467493E-3
0.18049069E-1, 0.12451806E-2, 0.16255038E-1, 0.13779181E-2, 0.11249254E-1, 0.10444199E-1, 0.56630351E-1, 0.10269210E-1, 0.41395979E-3
0.18032772E-1, 0.12451715E-2, 0.16234776E-1, 0.13784620E-2, 0.12500460E-1, 0.11600003E-1, 0.62924102E-1, 0.11407332E-1, 0.45983488E-3
0.18016959E-1, 0.12451642E-2, 0.16222628E-1, 0.13790894E-2, 0.13210389E-1, 0.12252883E-1, 0.66502206E-1, 0.12052361E-1, 0.48583234E-3
0.18001774E-1, 0.12451594E-2, 0.16221063E-1, 0.13798255E-2, 0.13953371E-1, 0.12936031E-1, 0.70255108E-1, 0.12728449E-1, 0.51308103E-3
0.17986935E-1, 0.12451556E-2, 0.16228065E-1, 0.13806423E-2, 0.13673881E-1, 0.12671197E-1, 0.68864062E-1, 0.12472356E-1, 0.50275348E-3
0.17972069E-1, 0.12451520E-2, 0.16238935E-1, 0.13814849E-2, 0.12221926E-1, 0.11320343E-1, 0.61557963E-1, 0.11145703E-1, 0.44927286E-3
0.17956965E-1, 0.12451470E-2, 0.16250735E-1, 0.13823202E-2, 0.13290527E-1, 0.12304090E-1, 0.66942401E-1, 0.12116998E-1, 0.48842054E-3
0.17941732E-1, 0.12451415E-2, 0.16264394E-1, 0.13831625E-2, 0.11958754E-1, 0.11065949E-1, 0.60239088E-1, 0.10900403E-1, 0.43937747E-3
0.17926183E-1, 0.12451349E-2, 0.16278116E-1, 0.13839864E-2, 0.11925779E-1, 0.11029904E-1, 0.60068902E-1, 0.10866568E-1, 0.43801006E-3
0.17913004E-1, 0.12451272E-2, 0.16292401E-1, 0.13848027E-2, 0.11164079E-1, 0.10320231E-1, 0.56226559E-1, 0.10168705E-1, 0.40987763E-3
0.17927460E-1, 0.12451170E-2, 0.16302397E-1, 0.13855546E-2, 0.95204832E-2, 0.87963324E-2, 0.47937132E-1, 0.86674215E-2, 0.34936177E-3
0.17883051E-1, 0.12451060E-2, 0.16309170E-1, 0.13862726E-2, 0.10724765E-1, 0.99037886E-2, 0.53984690E-1, 0.97585432E-2, 0.39333946E-3
0.17862253E-1, 0.12450919E-2, 0.16306050E-1, 0.13868713E-2, 0.84481789E-2, 0.77972091E-2, 0.42508584E-1, 0.76823174E-2, 0.30965058E-3
0.17966976E-1, 0.12450736E-2, 0.16295973E-1, 0.13873667E-2, 0.79713566E-2, 0.73529682E-2, 0.40086683E-1, 0.72432114E-2, 0.29194992E-3
0.18653519E-1, 0.12450566E-2, 0.16290866E-1, 0.13879127E-2, 0.77025942E-2, 0.71010799E-2, 0.38712226E-1, 0.69935527E-2, 0.28188562E-3
0.20684708E-1, 0.12450395E-2, 0.16286930E-1, 0.13884632E-2, 0.76859812E-2, 0.70816767E-2, 0.38602985E-1, 0.69725355E-2, 0.28103701E-3
0.24253409E-1, 0.12450223E-2, 0.16285177E-1, 0.13890321E-2, 0.76721441E-2, 0.70645213E-2, 0.38501631E-1, 0.69529503E-2, 0.28024617E-3
0.27569566E-1, 0.12450101E-2, 0.16297175E-1, 0.13897640E-2, 0.79870159E-2, 0.73497044E-2, 0.40044717E-1, 0.72302520E-2, 0.29142160E-3
0.30617582E-1, 0.12450055E-2, 0.16332123E-1, 0.13907783E-2, 0.83532780E-2, 0.76815863E-2, 0.41839305E-1, 0.75527797E-2, 0.30441969E-3
0.34018021E-1, 0.12450062E-2, 0.16380968E-1, 0.13919631E-2, 0.75790160E-2, 0.69646537E-2, 0.37917502E-1, 0.68434882E-2, 0.27582978E-3
0.36125679E-1, 0.12450082E-2, 0.16432445E-1, 0.13931812E-2, 0.63752937E-2, 0.58541452E-2, 0.31851538E-1, 0.57476941E-2, 0.23166224E-3
0.37786305E-1, 0.12450073E-2, 0.16478196E-1, 0.13943304E-2, 0.68797725E-2, 0.63124485E-2, 0.34319434E-1, 0.61920234E-2, 0.24956994E-3
0.39515994E-1, 0.12450113E-2, 0.16535979E-1, 0.13956303E-2, 0.71105845E-2, 0.65190173E-2, 0.35415277E-1, 0.63886335E-2, 0.25749314E-3
0.41349437E-1, 0.12450160E-2, 0.16596742E-1, 0.13969700E-2, 0.78896815E-2, 0.72275223E-2, 0.39235022E-1, 0.70763640E-2, 0.28521061E-3
0.29805083E-1, 0.12450159E-2, 0.16641987E-1, 0.13981254E-2, 0.71692728E-2, 0.65622963E-2, 0.35597961E-1, 0.64191711E-2, 0.25872124E-3
0.17840318E-1, 0.12450013E-2, 0.16642699E-1, 0.13987609E-2, 0.89425445E-2, 0.81808940E-2, 0.44375975E-1, 0.80004372E-2, 0.32245144E-3
0.17632198E-1, 0.12449851E-2, 0.16638400E-1, 0.13993416E-2, 0.10627097E-1, 0.97167641E-2, 0.52716345E-1, 0.95017571E-2, 0.38295839E-3
0.17384956E-1, 0.12449673E-2, 0.16625699E-1, 0.13998307E-2, 0.77116196E-2, 0.70472145E-2, 0.38238000E-1, 0.68905219E-2, 0.27771352E-3
0.17367680E-1, 0.12449502E-2, 0.16605873E-1, 0.14002734E-2, 0.10132904E-1, 0.92549734E-2, 0.50222509E-1, 0.90480987E-2, 0.36466957E-3
0.17351221E-1, 0.12449357E-2, 0.16578203E-1, 0.14006966E-2, 0.17150719E-1, 0.15657874E-1, 0.85023902E-1, 0.15312695E-1, 0.61714870E-3
0.17335745E-1, 0.12449251E-2, 0.16549347E-1, 0.14011599E-2, 0.26428295E-1, 0.24121000E-1, 0.13119110, 0.23614462E-1, 0.95172145E-3
0.17321113E-1, 0.12449177E-2, 0.16529877E-1, 0.14017345E-2, 0.18230241E-1, 0.16634079E-1, 0.90626299E-1, 0.16303517E-1, 0.65706216E-3
0.17305104E-1, 0.12449049E-2, 0.16500471E-1, 0.14021593E-2, 0.13928501E-1, 0.12703908E-1, 0.69279969E-1, 0.12458299E-1, 0.50208712E-3
0.17288219E-1, 0.12448885E-2, 0.16461283E-1, 0.14024623E-2, 0.15574409E-1, 0.14199188E-1, 0.77495880E-1, 0.13930602E-1, 0.56141720E-3
0.17272908E-1, 0.12448782E-2, 0.16433887E-1, 0.14029311E-2, 0.19917684E-1, 0.18152209E-1, 0.99181987E-1, 0.17821034E-1, 0.71819709E-3
0.17258534E-1, 0.12448715E-2, 0.16415207E-1, 0.14035110E-2, 0.24585173E-1, 0.22399655E-1, 0.12259278, 0.22015398E-1, 0.88721892E-3
0.17244000E-1, 0.12448636E-2, 0.16397884E-1, 0.14040907E-2, 0.16744966E-1, 0.15251944E-1, 0.83601147E-1, 0.15005486E-1, 0.60471153E-3
0.17227620E-1, 0.12448489E-2, 0.16367741E-1, 0.14044752E-2, 0.12441749E-1, 0.11327588E-1, 0.62138222E-1, 0.11149102E-1, 0.44929711E-3
0.17211186E-1, 0.12448336E-2, 0.16337901E-1, 0.14048549E-2, 0.17341310E-1, 0.15781760E-1, 0.86639091E-1, 0.15539546E-1, 0.62622101E-3
0.17195674E-1, 0.12448218E-2, 0.16320568E-1, 0.14053729E-2, 0.16886933E-1, 0.15362514E-1, 0.84427036E-1, 0.15136452E-1, 0.60997007E-3
0.17180195E-1, 0.12448102E-2, 0.16309798E-1, 0.14059389E-2, 0.16356284E-1, 0.14874145E-1, 0.81825659E-1, 0.14664108E-1, 0.59092918E-3
0.17165115E-1, 0.12447998E-2, 0.16307632E-1, 0.14065875E-2, 0.16062465E-1, 0.14601341E-1, 0.80402337E-1, 0.14403333E-1, 0.58041443E-3
0.17150067E-1, 0.12447900E-2, 0.16309891E-1, 0.14072696E-2, 0.15617075E-1, 0.14191021E-1, 0.78215450E-1, 0.14006183E-1, 0.56440430E-3
0.17134430E-1, 0.12447773E-2, 0.16309869E-1, 0.14079004E-2, 0.13809329E-1, 0.12543126E-1, 0.69186635E-1, 0.12384958E-1, 0.49906923E-3
0.17181246E-1, 0.12447616E-2, 0.16305516E-1, 0.14084580E-2, 0.13052162E-1, 0.11850219E-1, 0.65405838E-1, 0.11704358E-1, 0.47163918E-3
0.17752433E-1, 0.12447435E-2, 0.16297784E-1, 0.14089578E-2, 0.12376932E-1, 0.11232073E-1, 0.62027279E-1, 0.11096347E-1, 0.44713489E-3
0.19384535E-1, 0.12447253E-2, 0.16291508E-1, 0.14094652E-2, 0.98670600E-2, 0.89500602E-2, 0.49442228E-1, 0.88425428E-2, 0.35631354E-3
0.22291714E-1, 0.12447045E-2, 0.16280310E-1, 0.14099021E-2, 0.94542122E-2, 0.85709970E-2, 0.47352280E-1, 0.84667820E-2, 0.34116977E-3
0.25388269E-1, 0.12446847E-2, 0.16273787E-1, 0.14103897E-2, 0.90571567E-2, 0.82063163E-2, 0.45334846E-1, 0.81042284E-2, 0.32655848E-3
0.28479764E-1, 0.12446702E-2, 0.16281614E-1, 0.14110504E-2, 0.10769802E-1, 0.97521916E-2, 0.53869493E-1, 0.96276132E-2, 0.38794035E-3
0.31955011E-1, 0.12446638E-2, 0.16311999E-1, 0.14119869E-2, 0.89920228E-2, 0.81374766E-2, 0.44943955E-1, 0.80304695E-2, 0.32358197E-3
0.33038761E-1, 0.12446563E-2, 0.16339725E-1, 0.14128906E-2, 0.64406055E-2, 0.58245575E-2, 0.32153673E-1, 0.57440330E-2, 0.23145035E-3
0.26316153E-1, 0.12446383E-2, 0.16338261E-1, 0.14134378E-2, 0.53917300E-2, 0.48726243E-2, 0.26881669E-1, 0.48015234E-2, 0.19347199E-3
0.22075696E-1, 0.12446102E-2, 0.16309045E-1, 0.14136455E-2, 0.52840244E-2, 0.47721220E-2, 0.26312238E-1, 0.46991888E-2, 0.18934789E-3
0.17012330E-1, 0.12445849E-2, 0.16283218E-1, 0.14139072E-2, 0.61832182E-2, 0.55809976E-2, 0.30762754E-1, 0.54932372E-2, 0.22134218E-3
0.16831532E-1, 0.12445613E-2, 0.16259814E-1, 0.14142087E-2, 0.78705819E-2, 0.71002422E-2, 0.39132848E-1, 0.69866423E-2, 0.28151536E-3
0.17298594E-1, 0.12445401E-2, 0.16244967E-1, 0.14146123E-2, 0.11595883E-1, 0.10455755E-1, 0.57637438E-1, 0.10287897E-1, 0.41453136E-3
0.18664835E-1, 0.12445218E-2, 0.16238347E-1, 0.14151072E-2, 0.10111633E-1, 0.91131302E-2, 0.50252382E-1, 0.89672487E-2, 0.36131547E-3
0.20114619E-1, 0.12445028E-2, 0.16233267E-1, 0.14156129E-2, 0.10617158E-1, 0.95639247E-2, 0.52748613E-1, 0.94102286E-2, 0.37916173E-3
0.20267321E-1, 0.12444843E-2, 0.16228519E-1, 0.14161202E-2, 0.10524922E-1, 0.94761383E-2, 0.52276038E-1, 0.93234293E-2, 0.37566142E-3
0.24474496E-1, 0.12444684E-2, 0.16231786E-1, 0.14167215E-2, 0.12806131E-1, 0.11524244E-1, 0.63591741E-1, 0.11338276E-1, 0.45684038E-3
0.29598238E-1, 0.12444531E-2, 0.16238119E-1, 0.14173548E-2, 0.94924476E-2, 0.85375719E-2, 0.47115199E-1, 0.83981426E-2, 0.33837420E-3
0.35925154E-1, 0.12444418E-2, 0.16256044E-1, 0.14181251E-2, 0.11232385E-1, 0.10096185E-1, 0.55705722E-1, 0.99267876E-2, 0.39996280E-3
0.37827060E-1, 0.12444390E-2, 0.16298339E-1, 0.14191926E-2, 0.10363253E-1, 0.93087200E-2, 0.51344950E-1, 0.91471663E-2, 0.36854806E-3
0.35149604E-1, 0.12444406E-2, 0.16348045E-1, 0.14203732E-2, 0.10892689E-1, 0.97774416E-2, 0.53910363E-1, 0.96015865E-2, 0.38685428E-3
0.16514085E-1, 0.12444357E-2, 0.16362850E-1, 0.14212154E-2, 0.18560233E-1, 0.16652405E-1, 0.91871180E-1, 0.16356407E-1, 0.65900339E-3
0.16499024E-1, 0.12444208E-2, 0.16334767E-1, 0.14216048E-2, 0.19315546E-1, 0.17325366E-1, 0.95713139E-1, 0.17032180E-1, 0.68622100E-3
0.16482655E-1, 0.12444009E-2, 0.16290588E-1, 0.14218023E-2, 0.18460698E-1, 0.16553363E-1, 0.91565467E-1, 0.16286289E-1, 0.65616053E-3
0.16468307E-1, 0.12443886E-2, 0.16262269E-1, 0.14222193E-2, 0.23550134E-1, 0.21111045E-1, 0.11695231, 0.20790765E-1, 0.83762989E-3
0.16454339E-1, 0.12443782E-2, 0.16241696E-1, 0.14227119E-2, 0.25636887E-1, 0.22976955E-1, 0.12753674, 0.22658426E-1, 0.91285992E-3
0.16440582E-1, 0.12443683E-2, 0.16229754E-1, 0.14232766E-2, 0.22719795E-1, 0.20358339E-1, 0.11321905, 0.20102544E-1, 0.80987520E-3
0.16425941E-1, 0.12443548E-2, 0.16217338E-1, 0.14237891E-2, 0.21983737E-1, 0.19693989E-1, 0.10970932, 0.19468606E-1, 0.78432355E-3
0.16411124E-1, 0.12443403E-2, 0.16206399E-1, 0.14243013E-2, 0.17075319E-1, 0.15292120E-1, 0.85303620E-1, 0.15130313E-1, 0.60954038E-3
0.16396208E-1, 0.12443254E-2, 0.16186189E-1, 0.14247373E-2, 0.19748231E-1, 0.17680509E-1, 0.98748356E-1, 0.17507134E-1, 0.70528395E-3
0.16381511E-1, 0.12443113E-2, 0.16160937E-1, 0.14251444E-2, 0.24143018E-1, 0.21609789E-1, 0.12089009, 0.21421270E-1, 0.86295372E-3
0.16367856E-1, 0.12443012E-2, 0.16142067E-1, 0.14256501E-2, 0.25615979E-1, 0.22923527E-1, 0.12849073, 0.22754414E-1, 0.91664382E-3
0.16354820E-1, 0.12442936E-2, 0.16122734E-1, 0.14261822E-2, 0.30108770E-1, 0.26940567E-1, 0.15135720, 0.26786078E-1, 0.10790360E-2
0.16341234E-1, 0.12442834E-2, 0.16098799E-1, 0.14266483E-2, 0.25943961E-1, 0.23210917E-1, 0.13070959, 0.23116637E-1, 0.93120022E-3
0.16327472E-1, 0.12442726E-2, 0.16073307E-1, 0.14270908E-2, 0.24395777E-1, 0.21821903E-1, 0.12313475, 0.21764141E-1, 0.87670307E-3
0.16312916E-1, 0.12442587E-2, 0.16042121E-1, 0.14274467E-2, 0.23751497E-1, 0.21240978E-1, 0.12007876, 0.21212133E-1, 0.85445278E-3
0.16299020E-1, 0.12442473E-2, 0.16016221E-1, 0.14278727E-2, 0.22220366E-1, 0.19867362E-1, 0.11251057, 0.19864667E-1, 0.80016220E-3
0.16284235E-1, 0.12442319E-2, 0.15984686E-1, 0.14282068E-2, 0.19620288E-1, 0.17537819E-1, 0.99465728E-1, 0.17553078E-1, 0.70703938E-3
0.16270868E-1, 0.12442223E-2, 0.15966661E-1, 0.14287131E-2, 0.28954212E-1, 0.25875397E-1, 0.14701879, 0.25930915E-1, 0.10444823E-2
0.16258573E-1, 0.12442167E-2, 0.15964465E-1, 0.14293906E-2, 0.25552990E-1, 0.22832774E-1, 0.13002352, 0.22919197E-1, 0.92315493E-3
0.16245345E-1, 0.12442075E-2, 0.15962815E-1, 0.14300219E-2, 0.24288667E-1, 0.21698922E-1, 0.12380850, 0.21811545E-1, 0.87852514E-3
0.16231723E-1, 0.12441967E-2, 0.15964022E-1, 0.14306522E-2, 0.22521090E-1, 0.20115521E-1, 0.11497808, 0.20245416E-1, 0.81543170E-3
0.16216664E-1, 0.12441800E-2, 0.15955906E-1, 0.14311364E-2, 0.15336080E-1, 0.13693994E-1, 0.78374684E-1, 0.13794446E-1, 0.55559655E-3
0.16200438E-1, 0.12441585E-2, 0.15938859E-1, 0.14314905E-2, 0.13388162E-1, 0.11950079E-1, 0.68443894E-1, 0.12042770E-1, 0.48503967E-3
0.16184039E-1, 0.12441364E-2, 0.15921013E-1, 0.14318271E-2, 0.11846573E-1, 0.10569709E-1, 0.60569946E-1, 0.10654395E-1, 0.42911712E-3
0.16168069E-1, 0.12441154E-2, 0.15905824E-1, 0.14321933E-2, 0.13674743E-1, 0.12195724E-1, 0.69924571E-1, 0.12296485E-1, 0.49524970E-3
0.16159941E-1, 0.12440947E-2, 0.15893316E-1, 0.14325883E-2, 0.13380836E-1, 0.11928930E-1, 0.68438426E-1, 0.12031593E-1, 0.48457633E-3
0.16205085E-1, 0.12440757E-2, 0.15885290E-1, 0.14330329E-2, 0.15180018E-1, 0.13527736E-1, 0.77666014E-1, 0.13649602E-1, 0.54973667E-3
0.16201479E-1, 0.12440563E-2, 0.15878119E-1, 0.14334838E-2, 0.12467604E-1, 0.11106166E-1, 0.63805498E-1, 0.11210255E-1, 0.45148766E-3
0.16105246E-1, 0.12440380E-2, 0.15870240E-1, 0.14339418E-2, 0.17834291E-1, 0.15881155E-1, 0.91311879E-1, 0.16037753E-1, 0.64590602E-3
0.16091470E-1, 0.12440229E-2, 0.15871083E-1, 0.14345061E-2, 0.20184860E-1, 0.17968886E-1, 0.10344357, 0.18161094E-1, 0.73141250E-3
0.16077347E-1, 0.12440063E-2, 0.15868362E-1, 0.14350257E-2, 0.17268404E-1, 0.15367980E-1, 0.88579476E-1, 0.15545163E-1, 0.62605186E-3
0.16060892E-1, 0.12439888E-2, 0.15859932E-1, 0.14354803E-2, 0.17040202E-1, 0.15160171E-1, 0.87474860E-1, 0.15345663E-1, 0.61800994E-3
0.16045609E-1, 0.12439700E-2, 0.15850708E-1, 0.14359202E-2, 0.20259231E-1, 0.18018527E-1, 0.10409094, 0.18253421E-1, 0.73510333E-3
0.16031085E-1, 0.12439541E-2, 0.15846020E-1, 0.14364311E-2, 0.20976715E-1, 0.18651545E-1, 0.10790139, 0.18913321E-1, 0.76166808E-3
0.16016906E-1, 0.12439396E-2, 0.15833916E-1, 0.14369030E-2, 0.25906680E-1, 0.23030194E-1, 0.13346556, 0.23382790E-1, 0.94164559E-3
0.16003799E-1, 0.12439289E-2, 0.15814068E-1, 0.14373709E-2, 0.37788995E-1, 0.33592209E-1, 0.19520532, 0.34177020E-1, 0.13763114E-2
0.15990097E-1, 0.12439161E-2, 0.15791668E-1, 0.14377858E-2, 0.32009672E-1, 0.28455194E-1, 0.16586652, 0.29019453E-1, 0.11685895E-2
0.15976598E-1, 0.12439039E-2, 0.15774339E-1, 0.14382465E-2, 0.30983154E-1, 0.27540725E-1, 0.16096157, 0.28143466E-1, 0.11332909E-2
0.15962806E-1, 0.12438905E-2, 0.15749158E-1, 0.14386305E-2, 0.30877078E-1, 0.27445098E-1, 0.16082422, 0.28102232E-1, 0.11316091E-2
0.15949089E-1, 0.12438773E-2, 0.15722174E-1, 0.14390022E-2, 0.28996253E-1, 0.25771102E-1, 0.15138967, 0.26438210E-1, 0.10645830E-2
0.15935663E-1, 0.12438650E-2, 0.15697174E-1, 0.14394009E-2, 0.28401680E-1, 0.25239976E-1, 0.14861625, 0.25939554E-1, 0.10444853E-2
0.15922185E-1, 0.12438527E-2, 0.15672201E-1, 0.14397943E-2, 0.30542247E-1, 0.27139921E-1, 0.16018993, 0.27944127E-1, 0.11251813E-2
0.15908280E-1, 0.12438383E-2, 0.15643898E-1, 0.14401374E-2, 0.27024077E-1, 0.24011282E-1, 0.14205623, 0.24767609E-1, 0.99726021E-3
0.15894689E-1, 0.12438254E-2, 0.15617870E-1, 0.14405110E-2, 0.30170983E-1, 0.26804337E-1, 0.15894449, 0.27697576E-1, 0.11152149E-2
0.15881639E-1, 0.12438142E-2, 0.15596110E-1, 0.14409415E-2, 0.34721136E-1, 0.30845705E-1, 0.18340862, 0.31941969E-1, 0.12860858E-2
0.15868705E-1, 0.12438034E-2, 0.15575071E-1, 0.14413809E-2, 0.29314052E-1, 0.26041415E-1, 0.15526412, 0.27024906E-1, 0.10880877E-2
0.15855614E-1, 0.12437919E-2, 0.15552795E-1, 0.14418006E-2, 0.30066209E-1, 0.26707225E-1, 0.15961722, 0.27768217E-1, 0.11179944E-2
0.15842527E-1, 0.12437804E-2, 0.15530637E-1, 0.14422185E-2, 0.29831849E-1, 0.26496919E-1, 0.15874785, 0.27602738E-1, 0.11113108E-2
0.15829723E-1, 0.12437699E-2, 0.15510571E-1, 0.14426638E-2, 0.31108644E-1, 0.27629334E-1, 0.16594827, 0.28839871E-1, 0.11610973E-2
0.15816854E-1, 0.12437588E-2, 0.15490737E-1, 0.14431049E-2, 0.31844281E-1, 0.28281249E-1, 0.17030634, 0.29581795E-1, 0.11909446E-2
0.15804337E-1, 0.12437492E-2, 0.15474181E-1, 0.14435865E-2, 0.31537119E-1, 0.28007263E-1, 0.16910039, 0.29357143E-1, 0.11818773E-2
0.15791494E-1, 0.12437383E-2, 0.15455192E-1, 0.14440301E-2, 0.32138936E-1, 0.28540708E-1, 0.17277744, 0.29980248E-1, 0.12069395E-2
0.15778791E-1, 0.12437282E-2, 0.15437597E-1, 0.14444888E-2, 0.30151350E-1, 0.26774431E-1, 0.16250207, 0.28183464E-1, 0.11345838E-2
0.15766099E-1, 0.12437177E-2, 0.15423277E-1, 0.14449697E-2, 0.35575248E-1, 0.31590175E-1, 0.19225326, 0.33326592E-1, 0.13416047E-2
0.15753608E-1, 0.12437080E-2, 0.15415751E-1, 0.14455102E-2, 0.34433234E-1, 0.30576713E-1, 0.18663928, 0.32336403E-1, 0.13017145E-2
0.15740955E-1, 0.12436975E-2, 0.15412582E-1, 0.14460728E-2, 0.31583112E-1, 0.28045448E-1, 0.17166144, 0.29726950E-1, 0.11966445E-2
0.15727831E-1, 0.12436849E-2, 0.15410752E-1, 0.14466192E-2, 0.27840970E-1, 0.24720764E-1, 0.15167396, 0.26254438E-1, 0.10568399E-2
0.15713597E-1, 0.12436683E-2, 0.15400121E-1, 0.14470395E-2, 0.25507597E-1, 0.22645637E-1, 0.13922505, 0.24090424E-1, 0.96971332E-3
0.15699847E-1, 0.12436534E-2, 0.15393627E-1, 0.14475145E-2, 0.27879184E-1, 0.24747968E-1, 0.15246014, 0.26370764E-1, 0.10614857E-2
0.15685737E-1, 0.12436369E-2, 0.15387516E-1, 0.14479714E-2, 0.24133354E-1, 0.21419697E-1, 0.13221557, 0.22860928E-1, 0.92019106E-3
0.15670925E-1, 0.12436172E-2, 0.15376955E-1, 0.14483473E-2, 0.22892807E-1, 0.20314626E-1, 0.12560414, 0.21710873E-1, 0.87388669E-3
0.15655618E-1, 0.12435949E-2, 0.15362078E-1, 0.14486611E-2, 0.17323123E-1, 0.15367839E-1, 0.95140196E-1, 0.16440667E-1, 0.66174631E-3
0.15649825E-1, 0.12436121E-2, 0.15428990E-1, 0.14501109E-2, 0.20956142E-1, 0.18586028E-1, 0.11520293, 0.19902572E-1, 0.80107996E-3
0.15658353E-1, 0.12436840E-2, 0.15602007E-1, 0.14530811E-2, 0.23468148E-1, 0.20808840E-1, 0.12917228, 0.22309493E-1, 0.89794613E-3
0.15668700E-1, 0.12437628E-2, 0.15747951E-1, 0.14559529E-2, 0.25608959E-1, 0.22703318E-1, 0.14118490, 0.24376661E-1, 0.98113494E-3
0.15680593E-1, 0.12438474E-2, 0.15902091E-1, 0.14589735E-2, 0.28650735E-1, 0.25396328E-1, 0.15825382, 0.27314469E-1, 0.10993616E-2
0.15700111E-1, 0.12439621E-2, 0.16111521E-1, 0.14628123E-2, 0.32547519E-1, 0.28848214E-1, 0.18019910, 0.31090394E-1, 0.12513147E-2
0.15722649E-1, 0.12440886E-2, 0.16345423E-1, 0.14670027E-2, 0.29919624E-1, 0.26517114E-1, 0.16605270, 0.28638719E-1, 0.11526197E-2
0.15745029E-1, 0.12442146E-2, 0.16572686E-1, 0.14711481E-2, 0.28438706E-1, 0.25201716E-1, 0.15817305, 0.27270256E-1, 0.10975249E-2
0.15766345E-1, 0.12443366E-2, 0.16792383E-1, 0.14751932E-2, 0.34469757E-1, 0.30543305E-1, 0.19216989, 0.33119533E-1, 0.13329127E-2
0.15792135E-1, 0.12444763E-2, 0.17061010E-1, 0.14798493E-2, 0.31217061E-1, 0.27659586E-1, 0.17448926, 0.30061133E-1, 0.12098016E-2
0.15813842E-1, 0.12445999E-2, 0.17319007E-1, 0.14842277E-2, 0.29172461E-1, 0.25844783E-1, 0.16342217, 0.28145075E-1, 0.11326697E-2
0.15830372E-1, 0.12447040E-2, 0.17554626E-1, 0.14881819E-2, 0.27725026E-1, 0.24558082E-1, 0.15561457, 0.26792198E-1, 0.10782056E-2
0.15842017E-1, 0.12447891E-2, 0.17763730E-1, 0.14916958E-2, 0.25053551E-1, 0.22187080E-1, 0.14085835, 0.24244837E-1, 0.97567542E-3
0.15851445E-1, 0.12448656E-2, 0.17962420E-1, 0.14950272E-2, 0.23759859E-1, 0.21035729E-1, 0.13376990, 0.23018908E-1, 0.92632702E-3
0.15857346E-1, 0.12449278E-2, 0.18135585E-1, 0.14979860E-2, 0.21461911E-1, 0.18995499E-1, 0.12097299, 0.20812001E-1, 0.83750481E-3
0.15861791E-1, 0.12449798E-2, 0.18289253E-1, 0.15006684E-2, 0.18791437E-1, 0.16625989E-1, 0.10600848, 0.18233798E-1, 0.73374528E-3
0.15874531E-1, 0.12450528E-2, 0.18494889E-1, 0.15040326E-2, 0.18924229E-1, 0.16736891E-1, 0.10682553, 0.18370839E-1, 0.73925109E-3
0.16048307E-1, 0.12451150E-2, 0.18675389E-1, 0.15070674E-2, 0.18544482E-1, 0.16394379E-1, 0.10474411, 0.18009534E-1, 0.72470366E-3
0.16680922E-1, 0.12451597E-2, 0.18815840E-1, 0.15095839E-2, 0.17551977E-1, 0.15510491E-1, 0.99188961E-1, 0.17051324E-1, 0.68613759E-3
0.18451104E-1, 0.12451918E-2, 0.18925689E-1, 0.15117099E-2, 0.16556593E-1, 0.14624126E-1, 0.93592115E-1, 0.16086467E-1, 0.64730551E-3
0.17615100E-1, 0.12452279E-2, 0.19043792E-1, 0.15139536E-2, 0.18032763E-1, 0.15919976E-1, 0.10195556, 0.17520973E-1, 0.70502138E-3
0.15888179E-1, 0.12453614E-2, 0.19385574E-1, 0.15191697E-2, 0.24104577E-1, 0.21273028E-1, 0.13640979, 0.23437105E-1, 0.94306667E-3
0.15962951E-1, 0.12454533E-2, 0.19629443E-1, 0.15231193E-2, 0.23429761E-1, 0.20670509E-1, 0.13274835, 0.22802765E-1, 0.91752881E-3
0.16839458E-1, 0.12455035E-2, 0.19774217E-1, 0.15257809E-2, 0.19953314E-1, 0.17596833E-1, 0.11315659, 0.19433342E-1, 0.78194088E-3
0.20218151E-1, 0.12455269E-2, 0.19854577E-1, 0.15276143E-2, 0.16832346E-1, 0.14837603E-1, 0.95497236E-1, 0.16397668E-1, 0.65978704E-3
0.25012879E-1, 0.12455311E-2, 0.19885212E-1, 0.15288164E-2, 0.17675415E-1, 0.15572251E-1, 0.10028165, 0.17216390E-1, 0.69272233E-3
0.28994123E-1, 0.12455246E-2, 0.19890126E-1, 0.15296941E-2, 0.17956791E-1, 0.15811149E-1, 0.10186998, 0.17486127E-1, 0.70356793E-3
0.32806288E-1, 0.12455123E-2, 0.19878596E-1, 0.15303632E-2, 0.18522086E-1, 0.16299069E-1, 0.10505527, 0.18029768E-1, 0.72543387E-3
0.36431435E-1, 0.12454947E-2, 0.19853653E-1, 0.15308628E-2, 0.16614558E-1, 0.14611175E-1, 0.94197750E-1, 0.16163666E-1, 0.65034360E-3
0.39739609E-1, 0.12454721E-2, 0.19815575E-1, 0.15311961E-2, 0.16047755E-1, 0.14102788E-1, 0.90915732E-1, 0.15598049E-1, 0.62757987E-3
0.42093795E-1, 0.12454452E-2, 0.19766562E-1, 0.15313894E-2, 0.11999920E-1, 0.10537779E-1, 0.67911707E-1, 0.11649747E-1, 0.46871777E-3
0.44045657E-1, 0.12454162E-2, 0.19711781E-1, 0.15315068E-2, 0.14050799E-1, 0.12328616E-1, 0.79405040E-1, 0.13619609E-1, 0.54796919E-3
0.46123475E-1, 0.12453842E-2, 0.19649614E-1, 0.15315273E-2, 0.14043915E-1, 0.12312572E-1, 0.79258695E-1, 0.13592609E-1, 0.54687785E-3
0.47605790E-1, 0.12453500E-2, 0.19581143E-1, 0.15314642E-2, 0.16513433E-1, 0.14466285E-1, 0.93081392E-1, 0.15960710E-1, 0.64214872E-3
0.20898458E-1, 0.12454037E-2, 0.19726230E-1, 0.15341681E-2, 0.17244233E-1, 0.15096241E-1, 0.97140878E-1, 0.16653890E-1, 0.67003036E-3
0.15495408E-1, 0.12456336E-2, 0.20267008E-1, 0.15421944E-2, 0.22721123E-1, 0.19882578E-1, 0.12807851, 0.21953417E-1, 0.88323344E-3
0.15521878E-1, 0.12458742E-2, 0.20697450E-1, 0.15495619E-2, 0.31445201E-1, 0.27510170E-1, 0.17755455, 0.30425716E-1, 0.12240733E-2
0.15571107E-1, 0.12461103E-2, 0.21096362E-1, 0.15566534E-2, 0.34641020E-1, 0.30300772E-1, 0.19605610, 0.33585321E-1, 0.13511640E-2
0.15611200E-1, 0.12463059E-2, 0.21419616E-1, 0.15626539E-2, 0.45796838E-1, 0.40056173E-1, 0.26001808, 0.44525437E-1, 0.17912525E-2
0.15639730E-1, 0.12464564E-2, 0.21668188E-1, 0.15675146E-2, 0.35000272E-1, 0.30611884E-1, 0.19938074, 0.34129232E-1, 0.13729823E-2
0.15685508E-1, 0.12466104E-2, 0.21920167E-1, 0.15724510E-2, 0.29885849E-1, 0.26133316E-1, 0.17062882, 0.29199243E-1, 0.11746319E-2
0.15741860E-1, 0.12467901E-2, 0.22208467E-1, 0.15780162E-2, 0.26181404E-1, 0.22886908E-1, 0.14972197, 0.25615498E-1, 0.10304480E-2
0.15750704E-1, 0.12469817E-2, 0.22512054E-1, 0.15838679E-2, 0.30572534E-1, 0.26716702E-1, 0.17511207, 0.29952470E-1, 0.12048946E-2
0.15791560E-1, 0.12471729E-2, 0.22812799E-1, 0.15897035E-2, 0.28317884E-1, 0.24738763E-1, 0.16248156, 0.27785420E-1, 0.11177026E-2
0.15844582E-1, 0.12473650E-2, 0.23116581E-1, 0.15955856E-2, 0.30856987E-1, 0.26948404E-1, 0.17735678, 0.30322123E-1, 0.12197247E-2
0.15897250E-1, 0.12475320E-2, 0.23372836E-1, 0.16007900E-2, 0.40667515E-1, 0.35508614E-1, 0.23431544, 0.40049370E-1, 0.16109766E-2
0.15881345E-1, 0.12476711E-2, 0.23597416E-1, 0.16054000E-2, 0.44353217E-1, 0.38723443E-1, 0.25640282, 0.43811027E-1, 0.17622442E-2
0.15899010E-1, 0.12477799E-2, 0.23783609E-1, 0.16093233E-2, 0.27638579E-1, 0.24125759E-1, 0.16019453, 0.27365159E-1, 0.11007059E-2
0.15924612E-1, 0.12479187E-2, 0.24019957E-1, 0.16140237E-2, 0.33362228E-1, 0.29111531E-1, 0.19369900, 0.33081893E-1, 0.13306260E-2
0.15963037E-1, 0.12481108E-2, 0.24318596E-1, 0.16199143E-2, 0.35365332E-1, 0.30851958E-1, 0.20580210, 0.35141256E-1, 0.14134313E-2
0.15995983E-1, 0.12482795E-2, 0.24575343E-1, 0.16251997E-2, 0.37802055E-1, 0.32970142E-1, 0.22053200, 0.37648063E-1, 0.15142283E-2
0.16028743E-1, 0.12484484E-2, 0.24833390E-1, 0.16305032E-2, 0.31408817E-1, 0.27386807E-1, 0.18365496, 0.31346265E-1, 0.12607422E-2
0.16166437E-1, 0.12486400E-2, 0.25117245E-1, 0.16363107E-2, 0.31510409E-1, 0.27465615E-1, 0.18457910, 0.31498544E-1, 0.12668446E-2
0.16104240E-1, 0.12488246E-2, 0.25387866E-1, 0.16419437E-2, 0.40150050E-1, 0.34986220E-1, 0.23572612, 0.40219318E-1, 0.16175559E-2
0.16129490E-1, 0.12489666E-2, 0.25591165E-1, 0.16465143E-2, 0.43254074E-1, 0.37684795E-1, 0.25472811, 0.43452438E-1, 0.17475473E-2
0.16147731E-1, 0.12490795E-2, 0.25749149E-1, 0.16503662E-2, 0.37134018E-1, 0.32346178E-1, 0.21932010, 0.37405461E-1, 0.15043193E-2
0.16183149E-1, 0.12492205E-2, 0.25939196E-1, 0.16548367E-2, 0.29105622E-1, 0.25344623E-1, 0.17224994, 0.29373379E-1, 0.11812751E-2
0.16210137E-1, 0.12493918E-2, 0.26177239E-1, 0.16600800E-2, 0.35632119E-1, 0.31016076E-1, 0.21125126, 0.36019526E-1, 0.14485318E-2
0.16233420E-1, 0.12495408E-2, 0.26373582E-1, 0.16647213E-2, 0.40126868E-1, 0.34918863E-1, 0.23849116, 0.40658310E-1, 0.16350491E-2
0.16253620E-1, 0.12496624E-2, 0.26534224E-1, 0.16687409E-2, 0.40113453E-1, 0.34899596E-1, 0.23908013, 0.40753111E-1, 0.16388261E-2
0.16267870E-1, 0.12497610E-2, 0.26668679E-1, 0.16722594E-2, 0.27652742E-1, 0.24050090E-1, 0.16515069, 0.28148217E-1, 0.11319177E-2
0.16284080E-1, 0.12498669E-2, 0.26832314E-1, 0.16761041E-2, 0.26466839E-1, 0.23007182E-1, 0.15824084, 0.26968366E-1, 0.10844563E-2
0.16301364E-1, 0.12499670E-2, 0.26991736E-1, 0.16798512E-2, 0.27907122E-1, 0.24246443E-1, 0.16702521, 0.28463284E-1, 0.11445532E-2
0.16310936E-1, 0.12500572E-2, 0.27134605E-1, 0.16833411E-2, 0.27168065E-1, 0.23592368E-1, 0.16278496, 0.27738638E-1, 0.11153970E-2
0.16322376E-1, 0.12501449E-2, 0.27279373E-1, 0.16868189E-2, 0.24124632E-1, 0.20937625E-1, 0.14467007, 0.24650227E-1, 0.99119497E-3
0.16355909E-1, 0.12502247E-2, 0.27414676E-1, 0.16901253E-2, 0.23115026E-1, 0.20049216E-1, 0.13869423, 0.23630625E-1, 0.95018366E-3
0.16340274E-1, 0.12502915E-2, 0.27526693E-1, 0.16930865E-2, 0.21724366E-1, 0.18831052E-1, 0.13040395, 0.22216920E-1, 0.89332793E-3
0.16404554E-1, 0.12503425E-2, 0.27606856E-1, 0.16956097E-2, 0.21521643E-1, 0.18643176E-1, 0.12922628, 0.22015145E-1, 0.88520383E-3
0.16695276E-1, 0.12503793E-2, 0.27656382E-1, 0.16977211E-2, 0.21433340E-1, 0.18554550E-1, 0.12873209, 0.21929832E-1, 0.88176323E-3
0.16703095E-1, 0.12504149E-2, 0.27702287E-1, 0.16997826E-2, 0.13295614E-1, 0.11501284E-1, 0.79838462E-1, 0.13600107E-1, 0.54683292E-3
0.16346537E-1, 0.12505028E-2, 0.27868249E-1, 0.17034423E-2, 0.19294087E-1, 0.16677678E-1, 0.11581472, 0.19727720E-1, 0.79320447E-3
0.16364342E-1, 0.12505869E-2, 0.28024869E-1, 0.17069904E-2, 0.19142672E-1, 0.16535221E-1, 0.11490655, 0.19572098E-1, 0.78693865E-3
0.16397867E-1, 0.12506974E-2, 0.28230846E-1, 0.17112625E-2, 0.24267299E-1, 0.20947509E-1, 0.14570007, 0.24815854E-1, 0.99776348E-3
0.16399147E-1, 0.12507902E-2, 0.28395168E-1, 0.17150034E-2, 0.21354128E-1, 0.18420998E-1, 0.12826467, 0.21844998E-1, 0.87830395E-3
0.16414890E-1, 0.12508529E-2, 0.28492974E-1, 0.17178484E-2, 0.22522425E-1, 0.19415580E-1, 0.13531671, 0.23044826E-1, 0.92653360E-3
0.16481176E-1, 0.12508971E-2, 0.28548613E-1, 0.17201290E-2, 0.20569893E-1, 0.17720317E-1, 0.12361497, 0.21050896E-1, 0.84635615E-3
0.16920924E-1, 0.12509261E-2, 0.28571388E-1, 0.17219721E-2, 0.19176526E-1, 0.16508227E-1, 0.11524464, 0.19624544E-1, 0.78900089E-3
0.18238781E-1, 0.12509429E-2, 0.28566325E-1, 0.17234471E-2, 0.17819349E-1, 0.15328313E-1, 0.10706617, 0.18231047E-1, 0.73296833E-3
0.20576365E-1, 0.12509516E-2, 0.28541515E-1, 0.17246609E-2, 0.16664576E-1, 0.14323579E-1, 0.10008308, 0.17041255E-1, 0.68512687E-3
0.24005145E-1, 0.12509528E-2, 0.28498765E-1, 0.17256381E-2, 0.15537345E-1, 0.13343546E-1, 0.93247607E-1, 0.15876720E-1, 0.63830212E-3
0.27464163E-1, 0.12509468E-2, 0.28438840E-1, 0.17263909E-2, 0.16831534E-1, 0.14442337E-1, 0.10092479, 0.17183134E-1, 0.69081865E-3
0.18172197E-1, 0.12509689E-2, 0.28449077E-1, 0.17280366E-2, 0.17024186E-1, 0.14595552E-1, 0.10201210, 0.17367434E-1, 0.69822156E-3
0.16805340E-1, 0.12510342E-2, 0.28566923E-1, 0.17310567E-2, 0.15362127E-1, 0.13160415E-1, 0.92012905E-1, 0.15664363E-1, 0.62974740E-3
0.16405614E-1, 0.12511067E-2, 0.28697425E-1, 0.17342770E-2, 0.16004615E-1, 0.13700049E-1, 0.95813088E-1, 0.16310563E-1, 0.65572048E-3
0.16962698E-1, 0.12511612E-2, 0.28783659E-1, 0.17369265E-2, 0.13041582E-1, 0.11154469E-1, 0.78021795E-1, 0.13281315E-1, 0.53393375E-3
0.17904647E-1, 0.12511985E-2, 0.28829986E-1, 0.17390561E-2, 0.12726761E-1, 0.10875775E-1, 0.76066926E-1, 0.12948022E-1, 0.52053103E-3
0.18490463E-1, 0.12512354E-2, 0.28876238E-1, 0.17411801E-2, 0.13696106E-1, 0.11694100E-1, 0.81786655E-1, 0.13921024E-1, 0.55964326E-3
0.21762613E-1, 0.12512596E-2, 0.28890966E-1, 0.17429010E-2, 0.12748570E-1, 0.10875381E-1, 0.76050431E-1, 0.12944073E-1, 0.52036467E-3
0.26469290E-1, 0.12512679E-2, 0.28865933E-1, 0.17441150E-2, 0.13297151E-1, 0.11332967E-1, 0.79227664E-1, 0.13484225E-1, 0.54207532E-3
0.31733491E-1, 0.12512623E-2, 0.28804611E-1, 0.17448682E-2, 0.11126085E-1, 0.94733741E-2, 0.66191100E-1, 0.11264938E-1, 0.45285537E-3
0.36262367E-1, 0.12512469E-2, 0.28718585E-1, 0.17453048E-2, 0.11992808E-1, 0.10200824E-1, 0.71216047E-1, 0.12119574E-1, 0.48720869E-3
0.24054505E-1, 0.12512553E-2, 0.28692348E-1, 0.17464969E-2, 0.10817181E-1, 0.91912868E-2, 0.64115733E-1, 0.10910718E-1, 0.43860968E-3
0.16240723E-1, 0.12514550E-2, 0.29097395E-1, 0.17534591E-2, 0.17778244E-1, 0.15093824E-1, 0.10530086, 0.17918168E-1, 0.72030223E-3
0.16403563E-1, 0.12517514E-2, 0.29611146E-1, 0.17625398E-2, 0.26470529E-1, 0.22459097E-1, 0.15683630, 0.26684951E-1, 0.10727094E-2
0.16308784E-1, 0.12519603E-2, 0.29896749E-1, 0.17687767E-2, 0.32576922E-1, 0.27626019E-1, 0.19325864, 0.32877885E-1, 0.13216396E-2
0.16338207E-1, 0.12521017E-2, 0.30055929E-1, 0.17731811E-2, 0.32632899E-1, 0.27660508E-1, 0.19390234, 0.32982979E-1, 0.13258414E-2
0.16473519E-1, 0.12522169E-2, 0.30171188E-1, 0.17769102E-2, 0.33671938E-1, 0.28527737E-1, 0.20040292, 0.34084298E-1, 0.13700877E-2
0.16367685E-1, 0.12523169E-2, 0.30274864E-1, 0.17803515E-2, 0.28191166E-1, 0.23872400E-1, 0.16802283, 0.28573792E-1, 0.11485628E-2
0.16419008E-1, 0.12524154E-2, 0.30392794E-1, 0.17838834E-2, 0.27548527E-1, 0.23314634E-1, 0.16434932, 0.27946290E-1, 0.11233221E-2
0.16439997E-1, 0.12525209E-2, 0.30532392E-1, 0.17876801E-2, 0.24450803E-1, 0.20679997E-1, 0.14597310, 0.24819300E-1, 0.99761609E-3
0.16833261E-1, 0.12526638E-2, 0.30741708E-1, 0.17924994E-2, 0.24918215E-1, 0.21061730E-1, 0.14884369, 0.25305234E-1, 0.10171346E-2
0.16682044E-1, 0.12527847E-2, 0.30919338E-1, 0.17967994E-2, 0.22506567E-1, 0.19010497E-1, 0.13449286, 0.22863589E-1, 0.91898144E-3
0.17972764E-1, 0.12528885E-2, 0.31069651E-1, 0.18006719E-2, 0.17999856E-1, 0.15192096E-1, 0.10754939, 0.18281987E-1, 0.73481991E-3
0.18940225E-1, 0.12529847E-2, 0.31213017E-1, 0.18043985E-2, 0.16164159E-1, 0.13631173E-1, 0.96524678E-1, 0.16406978E-1, 0.65945013E-3
0.19926952E-1, 0.12530682E-2, 0.31334214E-1, 0.18077887E-2, 0.15094038E-1, 0.12717501E-1, 0.90062045E-1, 0.15307636E-1, 0.61525870E-3
0.19161003E-1, 0.12531381E-2, 0.31430345E-1, 0.18108217E-2, 0.14775151E-1, 0.12437586E-1, 0.88079445E-1, 0.14969850E-1, 0.60167722E-3
0.17752839E-1, 0.12531994E-2, 0.31508911E-1, 0.18136067E-2, 0.14760337E-1, 0.12414076E-1, 0.87916046E-1, 0.14941243E-1, 0.60052285E-3
0.17886182E-1, 0.12532496E-2, 0.31563569E-1, 0.18160717E-2, 0.13441762E-1, 0.11294916E-1, 0.79988576E-1, 0.13593229E-1, 0.54633903E-3
0.18014837E-1, 0.12532908E-2, 0.31597689E-1, 0.18182631E-2, 0.12215517E-1, 0.10255060E-1, 0.72613366E-1, 0.12339246E-1, 0.49593556E-3
0.18608153E-1, 0.12533260E-2, 0.31618662E-1, 0.18202799E-2, 0.10530740E-1, 0.88322721E-2, 0.62519021E-1, 0.10623397E-1, 0.42696993E-3
0.20050351E-1, 0.12533553E-2, 0.31625275E-1, 0.18221110E-2, 0.66909352E-2, 0.56060250E-2, 0.39655339E-1, 0.67380825E-2, 0.27081207E-3
0.20348888E-1, 0.12534031E-2, 0.31677622E-1, 0.18245295E-2, 0.72996132E-2, 0.61096433E-2, 0.43180820E-1, 0.73368819E-2, 0.29487739E-3
0.20464474E-1, 0.12534498E-2, 0.31727955E-1, 0.18269178E-2, 0.10841121E-1, 0.90643102E-2, 0.64017028E-1, 0.10876701E-1, 0.43714445E-3
0.23874331E-1, 0.12534809E-2, 0.31740591E-1, 0.18288223E-2, 0.11351865E-1, 0.94819861E-2, 0.66932715E-1, 0.11371438E-1, 0.45702569E-3
0.28021999E-1, 0.12534958E-2, 0.31711198E-1, 0.18301911E-2, 0.11162677E-1, 0.93144113E-2, 0.65707378E-1, 0.11162596E-1, 0.44862946E-3
0.30741621E-1, 0.12534985E-2, 0.31651873E-1, 0.18311779E-2, 0.11672097E-1, 0.97294794E-2, 0.68585776E-1, 0.11650855E-1, 0.46824978E-3
0.33428106E-1, 0.12534937E-2, 0.31572919E-1, 0.18319110E-2, 0.99451849E-2, 0.82812160E-2, 0.58325063E-1, 0.99072186E-2, 0.39817026E-3
0.36332909E-1, 0.12534840E-2, 0.31481419E-1, 0.18324797E-2, 0.92375856E-2, 0.76835612E-2, 0.54055125E-1, 0.91813887E-2, 0.36899722E-3
0.39513115E-1, 0.12534703E-2, 0.31380106E-1, 0.18329163E-2, 0.92748832E-2, 0.77058449E-2, 0.54142129E-1, 0.91956323E-2, 0.36956772E-3
0.41326948E-1, 0.12534538E-2, 0.31271931E-1, 0.18332571E-2, 0.90344260E-2, 0.74975691E-2, 0.52607678E-1, 0.89344801E-2, 0.35907023E-3
0.41826498E-1, 0.12534352E-2, 0.31159254E-1, 0.18335311E-2, 0.90476722E-2, 0.75000855E-2, 0.52552797E-1, 0.89245997E-2, 0.35867118E-3
0.43025564E-1, 0.12534140E-2, 0.31041218E-1, 0.18337277E-2, 0.84699914E-2, 0.70131891E-2, 0.49069349E-1, 0.83325114E-2, 0.33487400E-3
0.44357348E-1, 0.12533912E-2, 0.30918431E-1, 0.18338537E-2, 0.76717720E-2, 0.63449084E-2, 0.44323806E-1, 0.75262096E-2, 0.30246819E-3
0.45406241E-1, 0.12533662E-2, 0.30791799E-1, 0.18339201E-2, 0.63363183E-2, 0.52343230E-2, 0.36503542E-1, 0.61979811E-2, 0.24908740E-3
0.46419676E-1, 0.12533398E-2, 0.30660963E-1, 0.18339230E-2, 0.65146694E-2, 0.53753229E-2, 0.37419405E-1, 0.63531525E-2, 0.25532252E-3
0.29679116E-1, 0.12533552E-2, 0.30637996E-1, 0.18352829E-2, 0.63504530E-2, 0.52336277E-2, 0.36370873E-1, 0.61747883E-2, 0.24815337E-3
0.20707415E-1, 0.12535198E-2, 0.30991638E-1, 0.18414498E-2, 0.72466112E-2, 0.59665143E-2, 0.41428652E-1, 0.70330394E-2, 0.28264371E-3
0.20826718E-1, 0.12537282E-2, 0.31417836E-1, 0.18487583E-2, 0.10426168E-1, 0.85760336E-2, 0.59506096E-1, 0.10101108E-1, 0.40594107E-3
0.22864699E-1, 0.12539875E-2, 0.31882845E-1, 0.18570577E-2, 0.13081930E-1, 0.10751010E-1, 0.74570611E-1, 0.12656918E-1, 0.50864980E-3
0.23752488E-1, 0.12542000E-2, 0.32186799E-1, 0.18635419E-2, 0.15608116E-1, 0.12815862E-1, 0.88878244E-1, 0.15083332E-1, 0.60615613E-3
0.20989468E-1, 0.12543758E-2, 0.32385360E-1, 0.18687709E-2, 0.17338667E-1, 0.14224988E-1, 0.98660380E-1, 0.16740829E-1, 0.67275926E-3
0.19845655E-1, 0.12545224E-2, 0.32527585E-1, 0.18731905E-2, 0.17292794E-1, 0.14175944E-1, 0.98345697E-1, 0.16684661E-1, 0.67049474E-3
0.17837785E-1, 0.12546586E-2, 0.32650579E-1, 0.18773339E-2, 0.22531040E-1, 0.18456031E-1, 0.12810975, 0.21730095E-1, 0.87324175E-3
0.17753357E-1, 0.12548022E-2, 0.32792866E-1, 0.18817255E-2, 0.21107417E-1, 0.17277688E-1, 0.12003038, 0.20355362E-1, 0.81798638E-3
0.17804464E-1, 0.12549405E-2, 0.32933306E-1, 0.18860385E-2, 0.22287395E-1, 0.18230528E-1, 0.12675104, 0.21490591E-1, 0.86359511E-3
0.17692592E-1, 0.12550699E-2, 0.33068445E-1, 0.18901952E-2, 0.21882745E-1, 0.17886898E-1, 0.12446727, 0.21098882E-1, 0.84784359E-3
0.17860387E-1, 0.12551914E-2, 0.33200957E-1, 0.18942322E-2, 0.20554900E-1, 0.16789198E-1, 0.11691552, 0.19814692E-1, 0.79622946E-3
0.16851291E-1, 0.12553064E-2, 0.33331476E-1, 0.18981703E-2, 0.17413337E-1, 0.14212471E-1, 0.99027060E-1, 0.16779879E-1, 0.67427172E-3
0.16943736E-1, 0.12554169E-2, 0.33461422E-1, 0.19020521E-2, 0.18168019E-1, 0.14816687E-1, 0.10327800, 0.17497176E-1, 0.70308772E-3
0.17048692E-1, 0.12555178E-2, 0.33576392E-1, 0.19056975E-2, 0.15548961E-1, 0.12670298E-1, 0.88341750E-1, 0.14964226E-1, 0.60130027E-3
0.17080793E-1, 0.12556142E-2, 0.33685081E-1, 0.19092405E-2, 0.14713792E-1, 0.11979571E-1, 0.83534174E-1, 0.14147755E-1, 0.56848710E-3
0.17306527E-1, 0.12557093E-2, 0.33793673E-1, 0.19127676E-2, 0.16552642E-1, 0.13465323E-1, 0.93906596E-1, 0.15902016E-1, 0.63897122E-3
0.17116051E-1, 0.12557961E-2, 0.33887837E-1, 0.19160794E-2, 0.14952803E-1, 0.12153632E-1, 0.84772371E-1, 0.14352955E-1, 0.57672174E-3
0.17222673E-1, 0.12558749E-2, 0.33968460E-1, 0.19191913E-2, 0.14866416E-1, 0.12073008E-1, 0.84214509E-1, 0.14256353E-1, 0.57283504E-3
0.17393362E-1, 0.12559517E-2, 0.34048356E-1, 0.19222681E-2, 0.12229322E-1, 0.99227186E-2, 0.69210291E-1, 0.11714704E-1, 0.47070501E-3
0.17069437E-1, 0.12560637E-2, 0.34178216E-1, 0.19261872E-2, 0.17395502E-1, 0.14101481E-1, 0.98352738E-1, 0.16644884E-1, 0.66879706E-3
0.17790452E-1, 0.12562221E-2, 0.34332812E-1, 0.19309197E-2, 0.19840851E-1, 0.16072281E-1, 0.11216056, 0.18977994E-1, 0.76253334E-3
0.19911485E-1, 0.12563089E-2, 0.34349591E-1, 0.19336754E-2, 0.17862000E-1, 0.14457752E-1, 0.10093639, 0.17075444E-1, 0.68608113E-3
0.19853259E-1, 0.12564033E-2, 0.34380581E-1, 0.19366380E-2, 0.18279603E-1, 0.14783703E-1, 0.10324298, 0.17462336E-1, 0.70161838E-3
0.19795086E-1, 0.12565064E-2, 0.34427453E-1, 0.19398360E-2, 0.18154413E-1, 0.14670420E-1, 0.10248323, 0.17330486E-1, 0.69631281E-3
0.17657794E-1, 0.12566196E-2, 0.34492210E-1, 0.19433001E-2, 0.20709038E-1, 0.16721517E-1, 0.11686581, 0.19758569E-1, 0.79386018E-3
0.16616598E-1, 0.12567430E-2, 0.34576617E-1, 0.19470486E-2, 0.25278933E-1, 0.20397119E-1, 0.14268512, 0.24117956E-1, 0.96899865E-3
0.16484618E-1, 0.12568594E-2, 0.34653757E-1, 0.19506508E-2, 0.24259921E-1, 0.19561946E-1, 0.13700056, 0.23150969E-1, 0.93013409E-3
0.22900563E-1, 0.12569553E-2, 0.34698196E-1, 0.19537399E-2, 0.15966788E-1, 0.12865021E-1, 0.90150818E-1, 0.15230806E-1, 0.61191898E-3
0.38960408E-1, 0.12570277E-2, 0.34700453E-1, 0.19561977E-2, 0.10956026E-1, 0.88189198E-2, 0.61759338E-1, 0.10432598E-1, 0.41914079E-3
0.44990651E-1, 0.12570760E-2, 0.34659475E-1, 0.19580133E-2, 0.99381413E-2, 0.79905624E-2, 0.55880032E-1, 0.94383610E-2, 0.37919378E-3
0.32675371E-1, 0.12571547E-2, 0.34683600E-1, 0.19607139E-2, 0.12000492E-1, 0.96384883E-2, 0.67327090E-1, 0.11370415E-1, 0.45681253E-3
0.26303085E-1, 0.12572663E-2, 0.34779564E-1, 0.19643866E-2, 0.12458659E-1, 0.99968016E-2, 0.69785133E-1, 0.11783885E-1, 0.47342025E-3
0.34890652E-1, 0.12573586E-2, 0.34841090E-1, 0.19675500E-2, 0.99598058E-2, 0.79836780E-2, 0.55685397E-1, 0.94017750E-2, 0.37771577E-3
0.39056458E-1, 0.12574239E-2, 0.34851030E-1, 0.19699708E-2, 0.87045701E-2, 0.69698566E-2, 0.48550826E-1, 0.81962785E-2, 0.32928310E-3
0.32705728E-1, 0.12574956E-2, 0.34880273E-1, 0.19726229E-2, 0.97857201E-2, 0.78270473E-2, 0.54452650E-1, 0.91915866E-2, 0.36926725E-3
0.28142866E-1, 0.12575855E-2, 0.34955569E-1, 0.19758609E-2, 0.10370304E-1, 0.82862508E-2, 0.57593860E-1, 0.97206039E-2, 0.39051770E-3
0.26738934E-1, 0.12576754E-2, 0.35035681E-1, 0.19791331E-2, 0.99684214E-2, 0.79572396E-2, 0.55261713E-1, 0.93257828E-2, 0.37465370E-3
0.27424810E-1, 0.12577580E-2, 0.35104010E-1, 0.19822214E-2, 0.90196962E-2, 0.71926676E-2, 0.49906895E-1, 0.84210904E-2, 0.33830648E-3
0.30585503E-1, 0.12578300E-2, 0.35152715E-1, 0.19850265E-2, 0.71008317E-2, 0.56566224E-2, 0.39205782E-1, 0.66147232E-2, 0.26573669E-3
0.31584632E-1, 0.12578922E-2, 0.35182297E-1, 0.19875620E-2, 0.73269811E-2, 0.58305603E-2, 0.40359706E-1, 0.68087531E-2, 0.27353034E-3
0.36322098E-1, 0.12579438E-2, 0.35189480E-1, 0.19897870E-2, 0.61994344E-2, 0.49279556E-2, 0.34063295E-1, 0.57460032E-2, 0.23083515E-3
0.33406503E-1, 0.12579904E-2, 0.35187408E-1, 0.19918736E-2, 0.70017697E-2, 0.55596312E-2, 0.38372520E-1, 0.64723142E-2, 0.26001228E-3
0.37422605E-1, 0.12580343E-2, 0.35179920E-1, 0.19938780E-2, 0.63467389E-2, 0.50339955E-2, 0.34692783E-1, 0.58510881E-2, 0.23505483E-3
0.33728424E-1, 0.12581135E-2, 0.35238996E-1, 0.19968583E-2, 0.92767011E-2, 0.73500318E-2, 0.50584476E-1, 0.85303290E-2, 0.34268576E-3
0.36155555E-1, 0.12582368E-2, 0.35356790E-1, 0.20008639E-2, 0.10010069E-1, 0.79231691E-2, 0.54468594E-1, 0.91840206E-2, 0.36894396E-3
0.41100830E-1, 0.12583224E-2, 0.35391785E-1, 0.20037526E-2, 0.87666968E-2, 0.69316556E-2, 0.47588844E-1, 0.80228858E-2, 0.32229640E-3
0.41801780E-1, 0.12583847E-2, 0.35386547E-1, 0.20060267E-2, 0.83887633E-2, 0.66256798E-2, 0.45420147E-1, 0.76562664E-2, 0.30756678E-3
0.35645202E-1, 0.12584537E-2, 0.35404887E-1, 0.20085657E-2, 0.85658971E-2, 0.67584347E-2, 0.46265602E-1, 0.77977455E-2, 0.31324849E-3
0.27562764E-1, 0.12585459E-2, 0.35481751E-1, 0.20118498E-2, 0.90931719E-2, 0.71673840E-2, 0.49013786E-1, 0.82597779E-2, 0.33180721E-3
0.32496188E-1, 0.12586273E-2, 0.35541475E-1, 0.20148663E-2, 0.77899764E-2, 0.61338865E-2, 0.41897453E-1, 0.70595769E-2, 0.28359180E-3
0.31449467E-1, 0.12587024E-2, 0.35594016E-1, 0.20177478E-2, 0.75248959E-2, 0.59191752E-2, 0.40382609E-1, 0.68034763E-2, 0.27330260E-3
0.32836471E-1, 0.12587680E-2, 0.35630640E-1, 0.20203856E-2, 0.69318409E-2, 0.54470315E-2, 0.37112627E-1, 0.62518124E-2, 0.25114059E-3
0.34879472E-1, 0.12588246E-2, 0.35651550E-1, 0.20227858E-2, 0.63553369E-2, 0.49887691E-2, 0.33941731E-1, 0.57170158E-2, 0.22965629E-3
0.35039809E-1, 0.12588741E-2, 0.35660155E-1, 0.20249980E-2, 0.62323092E-2, 0.48870482E-2, 0.33200245E-1, 0.55915196E-2, 0.22461411E-3
0.32527976E-1, 0.12589245E-2, 0.35675582E-1, 0.20272734E-2, 0.59653493E-2, 0.46728542E-2, 0.31699501E-1, 0.53381999E-2, 0.21443721E-3
0.30823369E-1, 0.12589777E-2, 0.35701554E-1, 0.20296637E-2, 0.59246039E-2, 0.46362290E-2, 0.31408671E-1, 0.52886670E-2, 0.21244658E-3
0.32283671E-1, 0.12590226E-2, 0.35708599E-1, 0.20318001E-2, 0.55558579E-2, 0.43431441E-2, 0.29380497E-1, 0.49466481E-2, 0.19870684E-3
0.37423596E-1, 0.12590549E-2, 0.35685267E-1, 0.20335398E-2, 0.48050606E-2, 0.37522365E-2, 0.25342043E-1, 0.42663086E-2, 0.17137700E-3
0.38673013E-1, 0.12590750E-2, 0.35633270E-1, 0.20349033E-2, 0.46595298E-2, 0.36346712E-2, 0.24504697E-1, 0.41249795E-2, 0.16569934E-3
0.36357570E-1, 0.12590950E-2, 0.35582654E-1, 0.20362707E-2, 0.45492696E-2, 0.35448894E-2, 0.23858104E-1, 0.40157852E-2, 0.16131249E-3
0.28127858E-1, 0.12591212E-2, 0.35549596E-1, 0.20378465E-2, 0.53939256E-2, 0.41988529E-2, 0.28218608E-1, 0.47492930E-2, 0.19077657E-3
0.30240780E-1, 0.12591439E-2, 0.35508908E-1, 0.20393166E-2, 0.53313514E-2, 0.41459869E-2, 0.27825253E-1, 0.46826024E-2, 0.18809694E-3
0.30621728E-1, 0.12591576E-2, 0.35445333E-1, 0.20404903E-2, 0.52766940E-2, 0.40993923E-2, 0.27474239E-1, 0.46230494E-2, 0.18570400E-3
0.27778942E-1, 0.12591680E-2, 0.35375096E-1, 0.20415690E-2, 0.64488882E-2, 0.50051403E-2, 0.33500805E-1, 0.56364778E-2, 0.22641171E-3
0.26840935E-1, 0.12591759E-2, 0.35300285E-1, 0.20425781E-2, 0.65881615E-2, 0.51083728E-2, 0.34152485E-1, 0.57453685E-2, 0.23078464E-3
0.28539395E-1, 0.12591765E-2, 0.35207320E-1, 0.20433480E-2, 0.59361891E-2, 0.45984276E-2, 0.30705916E-1, 0.51648989E-2, 0.20746698E-3
0.31117903E-1, 0.12591698E-2, 0.35096128E-1, 0.20438780E-2, 0.47939681E-2, 0.37101300E-2, 0.24742618E-1, 0.41613746E-2, 0.16715609E-3
0.32504745E-1, 0.12591595E-2, 0.34975767E-1, 0.20442852E-2, 0.47547314E-2, 0.36759891E-2, 0.24475800E-1, 0.41160877E-2, 0.16533646E-3
0.25737591E-1, 0.12592054E-2, 0.34991451E-1, 0.20464510E-2, 0.72982865E-2, 0.56372322E-2, 0.37489213E-1, 0.63037514E-2, 0.25321016E-3
0.25535597E-1, 0.12593543E-2, 0.35192333E-1, 0.20513744E-2, 0.13375511E-1, 0.10322412E-1, 0.68599537E-1, 0.11532382E-1, 0.46323158E-3
0.22726592E-1, 0.12595274E-2, 0.35369411E-1, 0.20564566E-2, 0.15654398E-1, 0.12072194E-1, 0.80220401E-1, 0.13481784E-1, 0.54152968E-3
0.17729994E-1, 0.12596449E-2, 0.35438426E-1, 0.20599926E-2, 0.19737430E-1, 0.15210189E-1, 0.10110474, 0.16985135E-1, 0.68224256E-3
0.17048139E-1, 0.12597624E-2, 0.35512764E-1, 0.20635736E-2, 0.22147978E-1, 0.17056938E-1, 0.11346671, 0.19053297E-1, 0.76530396E-3
0.30851744E-1, 0.12598523E-2, 0.35539515E-1, 0.20664274E-2, 0.13448732E-1, 0.10350189E-1, 0.68871930E-1, 0.11560461E-1, 0.46433724E-3
0.50515775E-1, 0.12598765E-2, 0.35441879E-1, 0.20674777E-2, 0.89036031E-2, 0.68460023E-2, 0.45503814E-1, 0.76361485E-2, 0.30671107E-3
0.49240913E-1, 0.12598800E-2, 0.35306789E-1, 0.20679631E-2, 0.86946068E-2, 0.66788089E-2, 0.44320077E-1, 0.74360636E-2, 0.29867268E-3
0.42112570E-1, 0.12599083E-2, 0.35226349E-1, 0.20691836E-2, 0.12080766E-1, 0.92712222E-2, 0.61438244E-1, 0.10305824E-1, 0.41393479E-3
0.38112074E-1, 0.12599641E-2, 0.35211585E-1, 0.20712593E-2, 0.11638364E-1, 0.89238454E-2, 0.59075639E-1, 0.99068852E-2, 0.39790821E-3
0.31479940E-1, 0.12600409E-2, 0.35253674E-1, 0.20740300E-2, 0.11676465E-1, 0.89455647E-2, 0.59173610E-1, 0.99207051E-2, 0.39846011E-3
0.25292870E-1, 0.12601221E-2, 0.35319015E-1, 0.20770419E-2, 0.11685562E-1, 0.89454232E-2, 0.59140902E-1, 0.99125803E-2, 0.39813053E-3
0.21672215E-1, 0.12602018E-2, 0.35390459E-1, 0.20800780E-2, 0.13626666E-1, 0.10423189E-1, 0.68887211E-1, 0.11542842E-1, 0.46360475E-3
0.21330120E-1, 0.12602712E-2, 0.35446476E-1, 0.20828652E-2, 0.10889741E-1, 0.83232466E-2, 0.54992780E-1, 0.92120534E-2, 0.36998821E-3
0.31818576E-1, 0.12603186E-2, 0.35452757E-1, 0.20849812E-2, 0.82057556E-2, 0.62665241E-2, 0.41371360E-1, 0.69287410E-2, 0.27828052E-3
0.43733552E-1, 0.12603279E-2, 0.35368949E-1, 0.20859162E-2, 0.51511386E-2, 0.39301417E-2, 0.25909051E-1, 0.43384777E-2, 0.17424638E-3
0.36465213E-1, 0.12603297E-2, 0.35269544E-1, 0.20866268E-2, 0.64178295E-2, 0.48919613E-2, 0.32197904E-1, 0.53908206E-2, 0.21651076E-3
0.34141101E-1, 0.12603420E-2, 0.35200384E-1, 0.20877009E-2, 0.57939058E-2, 0.44123917E-2, 0.29001417E-1, 0.48549315E-2, 0.19498705E-3
0.39989129E-1, 0.12603453E-2, 0.35110280E-1, 0.20884953E-2, 0.60088057E-2, 0.45716586E-2, 0.29999681E-1, 0.50213388E-2, 0.20166959E-3
0.43006655E-1, 0.12603351E-2, 0.34986619E-1, 0.20888520E-2, 0.57725040E-2, 0.43877629E-2, 0.28744951E-1, 0.48106350E-2, 0.19320636E-3
0.40423919E-1, 0.12603221E-2, 0.34857336E-1, 0.20891193E-2, 0.61929384E-2, 0.47029555E-2, 0.30758705E-1, 0.51468960E-2, 0.20671057E-3
0.30652924E-1, 0.12603219E-2, 0.34765005E-1, 0.20898273E-2, 0.69857328E-2, 0.53004711E-2, 0.34623243E-1, 0.57926071E-2, 0.23264266E-3
0.26836427E-1, 0.12603264E-2, 0.34688015E-1, 0.20907093E-2, 0.76580644E-2, 0.58057690E-2, 0.37885245E-1, 0.63371914E-2, 0.25451294E-3
0.27922735E-1, 0.12603261E-2, 0.34599941E-1, 0.20914406E-2, 0.78894198E-2, 0.59762192E-2, 0.38960036E-1, 0.65157018E-2, 0.26168078E-3
0.30786909E-1, 0.12603186E-2, 0.34492984E-1, 0.20919242E-2, 0.60551669E-2, 0.45830486E-2, 0.29846758E-1, 0.49906946E-2, 0.20043306E-3
0.25205946E-1, 0.12603280E-2, 0.34431502E-1, 0.20929715E-2, 0.60650040E-2, 0.45865444E-2, 0.29833304E-1, 0.49876692E-2, 0.20031071E-3
0.24472233E-1, 0.12604006E-2, 0.34529053E-1, 0.20960453E-2, 0.69235084E-2, 0.52314643E-2, 0.33995036E-1, 0.56824982E-2, 0.22821479E-3
0.23789933E-1, 0.12605195E-2, 0.34731898E-1, 0.21005371E-2, 0.79524070E-2, 0.60042599E-2, 0.38984977E-1, 0.65153441E-2, 0.26166131E-3
0.19062925E-1, 0.12606308E-2, 0.34914885E-1, 0.21047841E-2, 0.92696510E-2, 0.69933506E-2, 0.45376699E-1, 0.75818584E-2, 0.30449146E-3
0.18547650E-1, 0.12607330E-2, 0.35077721E-1, 0.21087672E-2, 0.88482806E-2, 0.66703958E-2, 0.43258935E-1, 0.72262874E-2, 0.29020954E-3
0.17938361E-1, 0.12608223E-2, 0.35209496E-1, 0.21123483E-2, 0.10237793E-1, 0.77119898E-2, 0.49989890E-1, 0.83485823E-2, 0.33527892E-3
0.18007774E-1, 0.12608969E-2, 0.35306577E-1, 0.21154792E-2, 0.84858658E-2, 0.63875928E-2, 0.41387681E-1, 0.69102384E-2, 0.27751320E-3
0.18399891E-1, 0.12609628E-2, 0.35382319E-1, 0.21183346E-2, 0.91817686E-2, 0.69060577E-2, 0.44722173E-1, 0.74652238E-2, 0.29979937E-3
0.17908521E-1, 0.12610239E-2, 0.35447530E-1, 0.21210518E-2, 0.88448152E-2, 0.66475975E-2, 0.43027099E-1, 0.71805357E-2, 0.28836465E-3
0.18938553E-1, 0.12610755E-2, 0.35490029E-1, 0.21234758E-2, 0.84880590E-2, 0.63746227E-2, 0.41238051E-1, 0.68803639E-2, 0.27630830E-3
0.32580454E-1, 0.12611062E-2, 0.35477296E-1, 0.21252090E-2, 0.58414387E-2, 0.43833721E-2, 0.28328460E-1, 0.47255377E-2, 0.18977173E-3
0.37746150E-1, 0.12611167E-2, 0.35411142E-1, 0.21262725E-2, 0.61763087E-2, 0.46306089E-2, 0.29883457E-1, 0.49841208E-2, 0.20015521E-3
0.41150473E-1, 0.12611129E-2, 0.35307456E-1, 0.21268530E-2, 0.60353531E-2, 0.45209643E-2, 0.29130615E-1, 0.48577436E-2, 0.19507921E-3
0.38290612E-1, 0.12611072E-2, 0.35201319E-1, 0.21273855E-2, 0.65819346E-2, 0.49262801E-2, 0.31697180E-1, 0.52848123E-2, 0.21222860E-3
0.38515233E-1, 0.12611002E-2, 0.35093095E-1, 0.21278788E-2, 0.79335198E-2, 0.59328116E-2, 0.38119499E-1, 0.63543185E-2, 0.25517659E-3
0.36582481E-1, 0.12610925E-2, 0.34984421E-1, 0.21283533E-2, 0.82348203E-2, 0.61532361E-2, 0.39489321E-1, 0.65811588E-2, 0.26428449E-3
0.40388562E-1, 0.12610803E-2, 0.34864448E-1, 0.21286781E-2, 0.77564712E-2, 0.57911207E-2, 0.37118521E-1, 0.61846464E-2, 0.24835998E-3
0.43771747E-1, 0.12610619E-2, 0.34727391E-1, 0.21287804E-2, 0.71095033E-2, 0.53037824E-2, 0.33947330E-1, 0.56550619E-2, 0.22709188E-3
0.49026094E-1, 0.12610370E-2, 0.34573726E-1, 0.21286658E-2, 0.67988820E-2, 0.50677774E-2, 0.32383408E-1, 0.53934581E-2, 0.21658551E-3
0.50667867E-1, 0.12610081E-2, 0.34409832E-1, 0.21284106E-2, 0.68763290E-2, 0.51212283E-2, 0.32668829E-1, 0.54399162E-2, 0.21844998E-3
0.50107013E-1, 0.12609775E-2, 0.34242962E-1, 0.21281035E-2, 0.70436192E-2, 0.52415091E-2, 0.33379707E-1, 0.55571618E-2, 0.22315695E-3
0.56037247E-1, 0.12609431E-2, 0.34066394E-1, 0.21276625E-2, 0.58762897E-2, 0.43691732E-2, 0.27772605E-1, 0.46227872E-2, 0.18563474E-3
0.58595527E-1, 0.12609048E-2, 0.33880603E-1, 0.21270921E-2, 0.54950775E-2, 0.40822653E-2, 0.25895610E-1, 0.43096282E-2, 0.17305868E-3
0.59126962E-1, 0.12608650E-2, 0.33692036E-1, 0.21264707E-2, 0.57999641E-2, 0.43051005E-2, 0.27251037E-1, 0.45344369E-2, 0.18208541E-3
0.56657910E-1, 0.12608266E-2, 0.33507898E-1, 0.21258860E-2, 0.70697339E-2, 0.52432534E-2, 0.33123393E-1, 0.55105081E-2, 0.22127961E-3
0.55105735E-1, 0.12607888E-2, 0.33327669E-1, 0.21253331E-2, 0.76626064E-2, 0.56784521E-2, 0.35808422E-1, 0.59558656E-2, 0.23916201E-3
0.51961355E-1, 0.12607521E-2, 0.33151906E-1, 0.21248176E-2, 0.76979008E-2, 0.57002441E-2, 0.35887416E-1, 0.59675947E-2, 0.23963152E-3
0.54736570E-1, 0.12607137E-2, 0.32972451E-1, 0.21242411E-2, 0.71266289E-2, 0.52731647E-2, 0.33141904E-1, 0.55097858E-2, 0.22124677E-3
0.53233415E-1, 0.12606739E-2, 0.32791208E-1, 0.21236262E-2, 0.78385333E-2, 0.57955617E-2, 0.36365177E-1, 0.60442435E-2, 0.24270668E-3
0.56528568E-1, 0.12606322E-2, 0.32605741E-1, 0.21229431E-2, 0.79896450E-2, 0.59027956E-2, 0.36974099E-1, 0.61439429E-2, 0.24670857E-3
0.57712395E-1, 0.12605884E-2, 0.32415692E-1, 0.21221875E-2, 0.79972828E-2, 0.59040133E-2, 0.36917549E-1, 0.61330004E-2, 0.24626765E-3
0.58619030E-1, 0.12605429E-2, 0.32222170E-1, 0.21213717E-2, 0.73978151E-2, 0.54574138E-2, 0.34065083E-1, 0.56577371E-2, 0.22718232E-3
0.57458106E-1, 0.12604959E-2, 0.32026336E-1, 0.21205107E-2, 0.66908458E-2, 0.49322564E-2, 0.30732119E-1, 0.51030233E-2, 0.20490706E-3
0.55427857E-1, 0.12604488E-2, 0.31830616E-1, 0.21196336E-2, 0.95293466E-2, 0.70196236E-2, 0.43665163E-1, 0.72486722E-2, 0.29106176E-3
0.56069653E-1, 0.12604002E-2, 0.31632770E-1, 0.21187128E-2, 0.84366389E-2, 0.62104193E-2, 0.38573124E-1, 0.64014914E-2, 0.25704253E-3
0.58301453E-1, 0.12603496E-2, 0.31431071E-1, 0.21177265E-2, 0.55332370E-2, 0.40702661E-2, 0.25236281E-1, 0.41871765E-2, 0.16812900E-3
0.57470404E-1, 0.12602983E-2, 0.31228594E-1, 0.21167137E-2, 0.58783120E-2, 0.43209591E-2, 0.26739236E-1, 0.44357181E-2, 0.17810796E-3
0.59580818E-1, 0.12602466E-2, 0.31025721E-1, 0.21156780E-2, 0.50939796E-2, 0.37416935E-2, 0.23109054E-1, 0.38328175E-2, 0.15389900E-3
0.60611997E-1, 0.12601932E-2, 0.30821698E-1, 0.21146105E-2, 0.62922235E-2, 0.46184510E-2, 0.28465990E-1, 0.47204229E-2, 0.18953811E-3
0.58846362E-1, 0.12601396E-2, 0.30618722E-1, 0.21135369E-2, 0.64089913E-2, 0.47008842E-2, 0.28919902E-1, 0.47946735E-2, 0.19251855E-3
0.59247646E-1, 0.12600860E-2, 0.30416528E-1, 0.21124550E-2, 0.78147734E-2, 0.57279975E-2, 0.35173517E-1, 0.58300938E-2, 0.23409208E-3
0.58659054E-1, 0.12600319E-2, 0.30214610E-1, 0.21113579E-2, 0.83720731E-2, 0.61324653E-2, 0.37595235E-1, 0.62297983E-2, 0.25013962E-3
0.57964541E-1, 0.12599776E-2, 0.30012660E-1, 0.21102433E-2, 0.82935048E-2, 0.60709650E-2, 0.37158113E-1, 0.61556106E-2, 0.24715927E-3
0.57908509E-1, 0.12599227E-2, 0.29810794E-1, 0.21091115E-2, 0.60280296E-2, 0.44097779E-2, 0.26945839E-1, 0.44627362E-2, 0.17918620E-3
0.57149448E-1, 0.12598678E-2, 0.29610019E-1, 0.21079753E-2, 0.64664688E-2, 0.47274334E-2, 0.28835816E-1, 0.47747297E-2, 0.19171227E-3
0.56431696E-1, 0.12598131E-2, 0.29410873E-1, 0.21068407E-2, 0.64792838E-2, 0.47337036E-2, 0.28823216E-1, 0.47715753E-2, 0.19158458E-3
0.55438485E-1, 0.12597580E-2, 0.29213687E-1, 0.21057124E-2, 0.87638255E-2, 0.63987328E-2, 0.38898792E-1, 0.64378609E-2, 0.25848643E-3
0.55325434E-1, 0.12597033E-2, 0.29017376E-1, 0.21045774E-2, 0.10531602E-1, 0.76849647E-2, 0.46655681E-1, 0.77190697E-2, 0.30992593E-3
0.55267420E-1, 0.12596478E-2, 0.28820818E-1, 0.21034216E-2, 0.67924839E-2, 0.49536652E-2, 0.30032827E-1, 0.49673202E-2, 0.19943991E-3
0.33103101E-1, 0.12596617E-2, 0.28791726E-1, 0.21044416E-2, 0.12774004E-1, 0.93098665E-2, 0.56366436E-1, 0.93196547E-2, 0.37418501E-3
0.24254559E-1, 0.12601038E-2, 0.29609997E-1, 0.21175488E-2, 0.18440405E-1, 0.13435083E-1, 0.81382647E-1, 0.13448474E-1, 0.53995079E-3
0.28096059E-1, 0.12604363E-2, 0.30130180E-1, 0.21269943E-2, 0.16638882E-1, 0.12117648E-1, 0.73434621E-1, 0.12127563E-1, 0.48691005E-3
0.26669806E-1, 0.12605821E-2, 0.30295638E-1, 0.21313021E-2, 0.16966682E-1, 0.12351022E-1, 0.74870117E-1, 0.12357322E-1, 0.49612799E-3
0.24267603E-1, 0.12606927E-2, 0.30393474E-1, 0.21346337E-2, 0.18085493E-1, 0.13159965E-1, 0.79807885E-1, 0.13164188E-1, 0.52851514E-3
0.22062389E-1, 0.12607942E-2, 0.30473210E-1, 0.21377120E-2, 0.18958908E-1, 0.13790007E-1, 0.83679423E-1, 0.13793812E-1, 0.55378507E-3
0.21594839E-1, 0.12609013E-2, 0.30563405E-1, 0.21409509E-2, 0.19259945E-1, 0.14003512E-1, 0.85034616E-1, 0.14007815E-1, 0.56236819E-3
0.19664606E-1, 0.12610197E-2, 0.30673601E-1, 0.21444894E-2, 0.21072518E-1, 0.15315638E-1, 0.93080454E-1, 0.15322401E-1, 0.61513454E-3
0.16682407E-1, 0.12611513E-2, 0.30807946E-1, 0.21483912E-2, 0.23545053E-1, 0.17106917E-1, 0.10408735, 0.17120972E-1, 0.68732776E-3
0.16206544E-1, 0.12612680E-2, 0.30914031E-1, 0.21518904E-2, 0.25299579E-1, 0.18376011E-1, 0.11196883, 0.18401731E-1, 0.73873013E-3
0.15135414E-1, 0.12613857E-2, 0.31022139E-1, 0.21554187E-2, 0.31600695E-1, 0.22947019E-1, 0.14008370, 0.22999758E-1, 0.92329626E-3
0.14703364E-1, 0.12615432E-2, 0.31208396E-1, 0.21600609E-2, 0.31820197E-1, 0.23101829E-1, 0.14134988, 0.23182254E-1, 0.93059975E-3
0.15421778E-1, 0.12617046E-2, 0.31402383E-1, 0.21648272E-2, 0.31358920E-1, 0.22762496E-1, 0.13958977, 0.22868861E-1, 0.91799680E-3
0.19215217E-1, 0.12618368E-2, 0.31536110E-1, 0.21687571E-2, 0.30616853E-1, 0.22218440E-1, 0.13652900, 0.22344010E-1, 0.89690695E-3
0.18185781E-1, 0.12619825E-2, 0.31704683E-1, 0.21731327E-2, 0.21021580E-1, 0.15250875E-1, 0.93861170E-1, 0.15347498E-1, 0.61604858E-3
0.20613013E-1, 0.12621175E-2, 0.31860709E-1, 0.21772771E-2, 0.20276962E-1, 0.14704886E-1, 0.90579614E-1, 0.14800621E-1, 0.59408712E-3
0.18787902E-1, 0.12622658E-2, 0.32041896E-1, 0.21817933E-2, 0.21658074E-1, 0.15700426E-1, 0.96799530E-1, 0.15805805E-1, 0.63442381E-3
0.15789378E-1, 0.12624358E-2, 0.32260071E-1, 0.21868832E-2, 0.25767548E-1, 0.18673183E-1, 0.11527599, 0.18807815E-1, 0.75490627E-3
0.15440440E-1, 0.12625966E-2, 0.32468084E-1, 0.21917855E-2, 0.30071156E-1, 0.21785459E-1, 0.13472207, 0.21960180E-1, 0.88141678E-3
0.15152360E-1, 0.12627472E-2, 0.32668181E-1, 0.21964996E-2, 0.23682678E-1, 0.17152322E-1, 0.10625218, 0.17303888E-1, 0.69451210E-3
0.15351716E-1, 0.12628858E-2, 0.32850198E-1, 0.22009222E-2, 0.24014395E-1, 0.17386550E-1, 0.10784639, 0.17549681E-1, 0.70436409E-3
0.15169579E-1, 0.12630228E-2, 0.33036526E-1, 0.22053651E-2, 0.28229065E-1, 0.20431383E-1, 0.12692845, 0.20637251E-1, 0.82826806E-3
0.15812129E-1, 0.12631509E-2, 0.33216894E-1, 0.22096480E-2, 0.33772845E-1, 0.24437055E-1, 0.15211637, 0.24707738E-1, 0.99161186E-3
0.15361554E-1, 0.12632548E-2, 0.33358339E-1, 0.22133300E-2, 0.29411986E-1, 0.21276625E-1, 0.13273086, 0.21536676E-1, 0.86432422E-3
0.14956546E-1, 0.12633502E-2, 0.33490781E-1, 0.22168295E-2, 0.17834669E-1, 0.12897280E-1, 0.80568463E-1, 0.13062673E-1, 0.52423007E-3
0.15165539E-1, 0.12634789E-2, 0.33674084E-1, 0.22211652E-2, 0.25585094E-1, 0.18493751E-1, 0.11563946, 0.18735774E-1, 0.75188972E-3
0.15239574E-1, 0.12636587E-2, 0.33881318E-1, 0.22263688E-2, 0.35403647E-1, 0.25585020E-1, 0.16030891, 0.25947792E-1, 0.10412927E-2
0.15261082E-1, 0.12638088E-2, 0.34028381E-1, 0.22307336E-2, 0.29916242E-1, 0.21614444E-1, 0.13573596, 0.21947376E-1, 0.88073255E-3
0.15379046E-1, 0.12639214E-2, 0.34100734E-1, 0.22340436E-2, 0.29876700E-1, 0.21579763E-1, 0.13577780, 0.21933356E-1, 0.88014960E-3
0.15180056E-1, 0.12640775E-2, 0.34256283E-1, 0.22385600E-2, 0.33890225E-1, 0.24472274E-1, 0.15430097, 0.24900606E-1, 0.99919620E-3
0.15453658E-1, 0.12642388E-2, 0.34424871E-1, 0.22432485E-2, 0.29324170E-1, 0.21169653E-1, 0.13375895, 0.21564165E-1, 0.86529210E-3
0.19710379E-1, 0.12643889E-2, 0.34565728E-1, 0.22475829E-2, 0.25278471E-1, 0.18242950E-1, 0.11544624, 0.18596016E-1, 0.74617518E-3
0.20165538E-1, 0.12645539E-2, 0.34742139E-1, 0.22523929E-2, 0.31174811E-1, 0.22490148E-1, 0.14253131, 0.22939041E-1, 0.92042156E-3
0.17988978E-1, 0.12647291E-2, 0.34958281E-1, 0.22576384E-2, 0.22512240E-1, 0.16235372E-1, 0.10304704, 0.16570488E-1, 0.66487101E-3
0.15743054E-1, 0.12648985E-2, 0.35174783E-1, 0.22628179E-2, 0.30705506E-1, 0.22136154E-1, 0.14070137, 0.22607224E-1, 0.90706901E-3
0.15646048E-1, 0.12650609E-2, 0.35382468E-1, 0.22678478E-2, 0.28419223E-1, 0.20481432E-1, 0.13041987, 0.20936236E-1, 0.84000482E-3
0.17218076E-1, 0.12652357E-2, 0.35590421E-1, 0.22730546E-2, 0.35214983E-1, 0.25371766E-1, 0.16187873, 0.25961488E-1, 0.10416030E-2
0.15775586E-1, 0.12654006E-2, 0.35796300E-1, 0.22781210E-2, 0.24598924E-1, 0.17717812E-1, 0.11325777, 0.18147191E-1, 0.72806771E-3
0.15863122E-1, 0.12655564E-2, 0.35995185E-1, 0.22830158E-2, 0.25102498E-1, 0.18073205E-1, 0.11567447, 0.18520612E-1, 0.74303494E-3
0.15777944E-1, 0.12657123E-2, 0.36204223E-1, 0.22879962E-2, 0.26463965E-1, 0.19045988E-1, 0.12206554, 0.19528851E-1, 0.78346912E-3
0.15364872E-1, 0.12658577E-2, 0.36400553E-1, 0.22927511E-2, 0.31179747E-1, 0.22432037E-1, 0.14400616, 0.23019399E-1, 0.92348421E-3
0.15344590E-1, 0.12659816E-2, 0.36559287E-1, 0.22969460E-2, 0.29828945E-1, 0.21453472E-1, 0.13798356, 0.22036726E-1, 0.88404084E-3
0.15353291E-1, 0.12660890E-2, 0.36689617E-1, 0.23007076E-2, 0.25837867E-1, 0.18576235E-1, 0.11966710, 0.19095752E-1, 0.76604186E-3
0.15724709E-1, 0.12662030E-2, 0.36818415E-1, 0.23045577E-2, 0.24061678E-1, 0.17291432E-1, 0.11152346, 0.17783174E-1, 0.71337278E-3
0.17309180E-1, 0.12663611E-2, 0.36960710E-1, 0.23091026E-2, 0.26133541E-1, 0.18773478E-1, 0.12124132, 0.19318590E-1, 0.77495078E-3
0.17219141E-1, 0.12665183E-2, 0.37094403E-1, 0.23135799E-2, 0.26329940E-1, 0.18907074E-1, 0.12226669, 0.19467106E-1, 0.78089244E-3
0.16438033E-1, 0.12666944E-2, 0.37265003E-1, 0.23185830E-2, 0.28104702E-1, 0.20173639E-1, 0.13064355, 0.20784469E-1, 0.83371863E-3
0.16846433E-1, 0.12668740E-2, 0.37445307E-1, 0.23237129E-2, 0.25824182E-1, 0.18529482E-1, 0.12016687, 0.19102793E-1, 0.76624606E-3
0.18549602E-1, 0.12670376E-2, 0.37591655E-1, 0.23283779E-2, 0.24061196E-1, 0.17257050E-1, 0.11204406, 0.17798726E-1, 0.71392354E-3
0.18167701E-1, 0.12671999E-2, 0.37726149E-1, 0.23329433E-2, 0.25790866E-1, 0.18489650E-1, 0.12018254, 0.19077955E-1, 0.76521939E-3
0.17909965E-1, 0.12673838E-2, 0.37900716E-1, 0.23381088E-2, 0.26466290E-1, 0.18965840E-1, 0.12343045, 0.19578930E-1, 0.78529760E-3
0.17328965E-1, 0.12675858E-2, 0.38110144E-1, 0.23437769E-2, 0.37457742E-1, 0.26833039E-1, 0.17494604, 0.27725611E-1, 0.11120285E-2
0.16039658E-1, 0.12677688E-2, 0.38304314E-1, 0.23490831E-2, 0.31125156E-1, 0.22290405E-1, 0.14564821, 0.23059951E-1, 0.92487206E-3
0.15721144E-1, 0.12679347E-2, 0.38485397E-1, 0.23540715E-2, 0.38916051E-1, 0.27861319E-1, 0.18244523, 0.28857805E-1, 0.11573774E-2
0.15719492E-1, 0.12680705E-2, 0.38623303E-1, 0.23583421E-2, 0.39200570E-1, 0.28058669E-1, 0.18422528, 0.29107768E-1, 0.11673671E-2
0.15736880E-1, 0.12681765E-2, 0.38713545E-1, 0.23618622E-2, 0.32893248E-1, 0.23537671E-1, 0.15490489, 0.24450693E-1, 0.98056777E-3
0.15752379E-1, 0.12682736E-2, 0.38795721E-1, 0.23652099E-2, 0.33590727E-1, 0.24028886E-1, 0.15845481, 0.24988357E-1, 0.10021045E-2
0.15764691E-1, 0.12683601E-2, 0.38863350E-1, 0.23683067E-2, 0.34098975E-1, 0.24384651E-1, 0.16113165, 0.25387246E-1, 0.10180745E-2
0.15773954E-1, 0.12684340E-2, 0.38909700E-1, 0.23710784E-2, 0.27325807E-1, 0.19534035E-1, 0.12930754, 0.20356158E-1, 0.81629917E-3
0.16410710E-1, 0.12685272E-2, 0.38997065E-1, 0.23744146E-2, 0.24262082E-1, 0.17336020E-1, 0.11489432, 0.18074596E-1, 0.72479190E-3
0.15835492E-1, 0.12686861E-2, 0.39202828E-1, 0.23795133E-2, 0.26330153E-1, 0.18805154E-1, 0.12477430, 0.19615589E-1, 0.78657025E-3
0.15853262E-1, 0.12688616E-2, 0.39393883E-1, 0.23847371E-2, 0.28302709E-1, 0.20206098E-1, 0.13426024, 0.21091530E-1, 0.84573647E-3
0.15869178E-1, 0.12689623E-2, 0.39435670E-1, 0.23878496E-2, 0.32913525E-1, 0.23489444E-1, 0.15634453, 0.24541011E-1, 0.98403194E-3
0.15890265E-1, 0.12690717E-2, 0.39518289E-1, 0.23913796E-2, 0.29520312E-1, 0.21059616E-1, 0.14041245, 0.22022065E-1, 0.88300765E-3
0.15908793E-1, 0.12691690E-2, 0.39597522E-1, 0.23947319E-2, 0.25437079E-1, 0.18138912E-1, 0.12110380, 0.18980021E-1, 0.76101627E-3
0.15934046E-1, 0.12692432E-2, 0.39638247E-1, 0.23974869E-2, 0.21346273E-1, 0.15214366E-1, 0.10167344, 0.15925031E-1, 0.63851272E-3
0.16399916E-1, 0.12692898E-2, 0.39623491E-1, 0.23994637E-2, 0.20495104E-1, 0.14599890E-1, 0.97630814E-1, 0.15283496E-1, 0.61278057E-3
0.18296815E-1, 0.12693162E-2, 0.39562501E-1, 0.24008215E-2, 0.19321552E-1, 0.13756485E-1, 0.92040300E-1, 0.14400859E-1, 0.57738286E-3
0.17092975E-1, 0.12694172E-2, 0.39631113E-1, 0.24041364E-2, 0.31418364E-1, 0.22357436E-1, 0.14972229, 0.23410661E-1, 0.93860045E-3
0.15972000E-1, 0.12696618E-2, 0.39967474E-1, 0.24113727E-2, 0.37500780E-1, 0.26679007E-1, 0.17905062, 0.27971590E-1, 0.11214322E-2
0.15990919E-1, 0.12697749E-2, 0.40066965E-1, 0.24150989E-2, 0.30464185E-1, 0.21665797E-1, 0.14569806, 0.22741240E-1, 0.91171387E-3
0.16002176E-1, 0.12698583E-2, 0.40117443E-1, 0.24180633E-2, 0.26874516E-1, 0.19104613E-1, 0.12865734, 0.20066690E-1, 0.80447155E-3
0.16029989E-1, 0.12700068E-2, 0.40298134E-1, 0.24228659E-2, 0.31713437E-1, 0.22535175E-1, 0.15198402, 0.23687406E-1, 0.94960415E-3
0.16074089E-1, 0.12702091E-2, 0.40555771E-1, 0.24289724E-2, 0.32109026E-1, 0.22807755E-1, 0.15409277, 0.23996698E-1, 0.96197985E-3
0.16121831E-1, 0.12704460E-2, 0.40813215E-1, 0.24355464E-2, 0.38593017E-1, 0.27405333E-1, 0.18555003, 0.28870013E-1, 0.11573117E-2
0.16167155E-1, 0.12706635E-2, 0.41032247E-1, 0.24415851E-2, 0.36726747E-1, 0.26072310E-1, 0.17693374, 0.27503628E-1, 0.11025069E-2
0.16211109E-1, 0.12708760E-2, 0.41237485E-1, 0.24474594E-2, 0.39645709E-1, 0.28136497E-1, 0.19139360, 0.29723462E-1, 0.11914576E-2
0.16245319E-1, 0.12710522E-2, 0.41392613E-1, 0.24524839E-2, 0.41096028E-1, 0.29158166E-1, 0.19885172, 0.30851383E-1, 0.12366332E-2
0.16267993E-1, 0.12711822E-2, 0.41486345E-1, 0.24564434E-2, 0.34881726E-1, 0.24741702E-1, 0.16912639, 0.26215412E-1, 0.10507767E-2
0.16282890E-1, 0.12712821E-2, 0.41543234E-1, 0.24597242E-2, 0.29836657E-1, 0.21155087E-1, 0.14486206, 0.22436870E-1, 0.89930132E-3
0.16294006E-1, 0.12713671E-2, 0.41584589E-1, 0.24626949E-2, 0.25494926E-1, 0.18068193E-1, 0.12387787, 0.19174051E-1, 0.76850649E-3
0.16343366E-1, 0.12714985E-2, 0.41718919E-1, 0.24669773E-2, 0.30480813E-1, 0.21591287E-1, 0.14821385, 0.22925649E-1, 0.91885298E-3
0.16366605E-1, 0.12717354E-2, 0.41995436E-1, 0.24737292E-2, 0.40152416E-1, 0.28433077E-1, 0.19557759, 0.30226821E-1, 0.12114503E-2
0.16409947E-1, 0.12719472E-2, 0.42199865E-1, 0.24796245E-2, 0.37188597E-1, 0.26326323E-1, 0.18150961, 0.28027201E-1, 0.11232608E-2
0.16458288E-1, 0.12721581E-2, 0.42392470E-1, 0.24854275E-2, 0.35358336E-1, 0.25022233E-1, 0.17287949, 0.26672196E-1, 0.10689275E-2
0.16499927E-1, 0.12723829E-2, 0.42605050E-1, 0.24915633E-2, 0.35178695E-1, 0.24886239E-1, 0.17227942, 0.26558109E-1, 0.10643284E-2
0.16544554E-1, 0.12726041E-2, 0.42809159E-1, 0.24976027E-2, 0.38186066E-1, 0.27004275E-1, 0.18733078, 0.28854353E-1, 0.11563206E-2
0.16583567E-1, 0.12728011E-2, 0.42972859E-1, 0.25030177E-2, 0.43240994E-1, 0.30570230E-1, 0.21259269, 0.32715484E-1, 0.13110142E-2
0.16613500E-1, 0.12729622E-2, 0.43093797E-1, 0.25076477E-2, 0.36490861E-1, 0.25790570E-1, 0.17978939, 0.27642701E-1, 0.11076989E-2
0.16635643E-1, 0.12730932E-2, 0.43183863E-1, 0.25116461E-2, 0.33482682E-1, 0.23655523E-1, 0.16521800, 0.25382673E-1, 0.10171082E-2
0.16686037E-1, 0.12732378E-2, 0.43299329E-1, 0.25160175E-2, 0.33435065E-1, 0.23611477E-1, 0.16518544, 0.25359007E-1, 0.10161342E-2
0.16708560E-1, 0.12734685E-2, 0.43522231E-1, 0.25223393E-2, 0.38878791E-1, 0.27446575E-1, 0.19240615, 0.29514764E-1, 0.11826239E-2
0.16747769E-1, 0.12736674E-2, 0.43686453E-1, 0.25278088E-2, 0.41641638E-1, 0.29387936E-1, 0.20650488, 0.31650044E-1, 0.12681450E-2
0.16780980E-1, 0.12738429E-2, 0.43819763E-1, 0.25327422E-2, 0.36827490E-1, 0.25982419E-1, 0.18299690, 0.28023520E-1, 0.11228062E-2
0.16814832E-1, 0.12740204E-2, 0.43972712E-1, 0.25378526E-2, 0.35750967E-1, 0.25212802E-1, 0.17791738, 0.27224733E-1, 0.10907722E-2
0.16858436E-1, 0.12742383E-2, 0.44172544E-1, 0.25438555E-2, 0.39859775E-1, 0.28100891E-1, 0.19871813, 0.30383609E-1, 0.12173008E-2
0.16897481E-1, 0.12744382E-2, 0.44338223E-1, 0.25493645E-2, 0.41704934E-1, 0.29392680E-1, 0.20835057, 0.31829469E-1, 0.12751906E-2
0.16921641E-1, 0.12745791E-2, 0.44425201E-1, 0.25535156E-2, 0.37201449E-1, 0.26210150E-1, 0.18621233, 0.28424339E-1, 0.11387368E-2
0.16937563E-1, 0.12746879E-2, 0.44474281E-1, 0.25569547E-2, 0.29949805E-1, 0.21092031E-1, 0.15010011, 0.22896258E-1, 0.91724738E-3
0.16964074E-1, 0.12748385E-2, 0.44595659E-1, 0.25614905E-2, 0.34606162E-1, 0.24359230E-1, 0.17359869, 0.26463492E-1, 0.10601284E-2
0.17011786E-1, 0.12750630E-2, 0.44796415E-1, 0.25676070E-2, 0.38883425E-1, 0.27360678E-1, 0.19538248, 0.29762313E-1, 0.11922475E-2
0.17056443E-1, 0.12752709E-2, 0.44957835E-1, 0.25732173E-2, 0.37929267E-1, 0.26679600E-1, 0.19091895, 0.29060176E-1, 0.11640885E-2
0.17081518E-1, 0.12754418E-2, 0.45051906E-1, 0.25778320E-2, 0.43939579E-1, 0.30897191E-1, 0.22161280, 0.33705126E-1, 0.13501151E-2
0.17085385E-1, 0.12755041E-2, 0.44962861E-1, 0.25796425E-2, 0.37781667E-1, 0.26558880E-1, 0.19094609, 0.29017836E-1, 0.11623235E-2
0.17087320E-1, 0.12755590E-2, 0.44880070E-1, 0.25813922E-2, 0.33108559E-1, 0.23264255E-1, 0.16755669, 0.25445949E-1, 0.10192225E-2
0.17088966E-1, 0.12756126E-2, 0.44808708E-1, 0.25832066E-2, 0.29174387E-1, 0.20490212E-1, 0.14777873, 0.22428975E-1, 0.89835812E-3
0.17090874E-1, 0.12756676E-2, 0.44753823E-1, 0.25851522E-2, 0.25977360E-1, 0.18235220E-1, 0.13164756, 0.19970169E-1, 0.79985772E-3
0.17114500E-1, 0.12757230E-2, 0.44713192E-1, 0.25872097E-2, 0.22530954E-1, 0.15806755E-1, 0.11419192, 0.17314235E-1, 0.69346774E-3
0.17593084E-1, 0.12757711E-2, 0.44662610E-1, 0.25890931E-2, 0.21613240E-1, 0.15153692E-1, 0.10952361, 0.16599441E-1, 0.66482765E-3
0.19382274E-1, 0.12758032E-2, 0.44576637E-1, 0.25904942E-2, 0.19526158E-1, 0.13681723E-1, 0.98912060E-1, 0.14985265E-1, 0.60016877E-3
0.23688270E-1, 0.12758219E-2, 0.44459756E-1, 0.25914800E-2, 0.17556213E-1, 0.12293320E-1, 0.88873684E-1, 0.13459670E-1, 0.53905993E-3
0.29935123E-1, 0.12758254E-2, 0.44306122E-1, 0.25919818E-2, 0.17566863E-1, 0.12292340E-1, 0.88838547E-1, 0.13449836E-1, 0.53865882E-3
0.35528105E-1, 0.12758165E-2, 0.44121336E-1, 0.25920754E-2, 0.17071323E-1, 0.11937491E-1, 0.86229481E-1, 0.13050478E-1, 0.52265788E-3
0.19930499E-1, 0.12758650E-2, 0.44077508E-1, 0.25939769E-2, 0.21332363E-1, 0.14907070E-1, 0.10764982, 0.16286323E-1, 0.65224036E-3
0.17031198E-1, 0.12760888E-2, 0.44414300E-1, 0.26010480E-2, 0.26894365E-1, 0.18783044E-1, 0.13572524, 0.20524308E-1, 0.82194939E-3
0.17098268E-1, 0.12764052E-2, 0.44804871E-1, 0.26097691E-2, 0.36588863E-1, 0.25543831E-1, 0.18485525, 0.27936816E-1, 0.11187769E-2
0.17140711E-1, 0.12766200E-2, 0.44982184E-1, 0.26155580E-2, 0.43722253E-1, 0.30514190E-1, 0.22131224, 0.33421014E-1, 0.13383621E-2
0.17170526E-1, 0.12767852E-2, 0.45079894E-1, 0.26201012E-2, 0.45244802E-1, 0.31568512E-1, 0.22955817, 0.34637168E-1, 0.13870184E-2
0.17177759E-1, 0.12768615E-2, 0.45017570E-1, 0.26222696E-2, 0.40158868E-1, 0.28012205E-1, 0.20420091, 0.30786527E-1, 0.12327842E-2
0.17180268E-1, 0.12769192E-2, 0.44941559E-1, 0.26240828E-2, 0.31331651E-1, 0.21846561E-1, 0.15954095, 0.24037361E-1, 0.96250145E-3
0.17181924E-1, 0.12769736E-2, 0.44873644E-1, 0.26259059E-2, 0.27602291E-1, 0.19236773E-1, 0.14064284, 0.21178603E-1, 0.84801239E-3
0.17184336E-1, 0.12770310E-2, 0.44825446E-1, 0.26279113E-2, 0.26001148E-1, 0.18111346E-1, 0.13253158, 0.19947408E-1, 0.79869776E-3
0.17233189E-1, 0.12770884E-2, 0.44789232E-1, 0.26300014E-2, 0.23368718E-1, 0.16268583E-1, 0.11912718, 0.17921815E-1, 0.71757933E-3
0.17762307E-1, 0.12771345E-2, 0.44733196E-1, 0.26317898E-2, 0.21430019E-1, 0.14910078E-1, 0.10922824, 0.16425874E-1, 0.65767154E-3
0.19274116E-1, 0.12771661E-2, 0.44644892E-1, 0.26331383E-2, 0.19415509E-1, 0.13500138E-1, 0.98922268E-1, 0.14870488E-1, 0.59538643E-3
0.22360040E-1, 0.12771862E-2, 0.44530794E-1, 0.26341393E-2, 0.20060968E-1, 0.13940094E-1, 0.10215323, 0.15350656E-1, 0.61460229E-3
0.27148260E-1, 0.12771918E-2, 0.44381719E-1, 0.26346799E-2, 0.17726660E-1, 0.12310177E-1, 0.90198152E-1, 0.13549439E-1, 0.54247823E-3
0.18163685E-1, 0.12773055E-2, 0.44444505E-1, 0.26382306E-2, 0.31355448E-1, 0.21761021E-1, 0.15949146, 0.23947919E-1, 0.95878408E-3
0.17227516E-1, 0.12776599E-2, 0.44895764E-1, 0.26478788E-2, 0.44167511E-1, 0.30644644E-1, 0.22506782, 0.33771139E-1, 0.13520312E-2
0.17246831E-1, 0.12777841E-2, 0.44912122E-1, 0.26512463E-2, 0.43019239E-1, 0.29840408E-1, 0.21971084, 0.32941353E-1, 0.13187685E-2
0.17251570E-1, 0.12778511E-2, 0.44837080E-1, 0.26531641E-2, 0.39218687E-1, 0.27196281E-1, 0.20069620, 0.30068360E-1, 0.12037157E-2
0.17256396E-1, 0.12779114E-2, 0.44770289E-1, 0.26550491E-2, 0.34043457E-1, 0.23598863E-1, 0.17446388, 0.26121283E-1, 0.10456749E-2
0.17256640E-1, 0.12779676E-2, 0.44712115E-1, 0.26569411E-2, 0.28539207E-1, 0.19774714E-1, 0.14638489, 0.21905130E-1, 0.87687513E-3
0.17258843E-1, 0.12780246E-2, 0.44668254E-1, 0.26589434E-2, 0.24671454E-1, 0.17085977E-1, 0.12658772, 0.18933846E-1, 0.75791776E-3
0.17281376E-1, 0.12780841E-2, 0.44640303E-1, 0.26610955E-2, 0.22993619E-1, 0.15915046E-1, 0.11797793, 0.17638737E-1, 0.70606172E-3
0.17543940E-1, 0.12781377E-2, 0.44603299E-1, 0.26630952E-2, 0.20193068E-1, 0.13968465E-1, 0.10358507, 0.15481034E-1, 0.61968062E-3
0.17896140E-1, 0.12781859E-2, 0.44557098E-1, 0.26649507E-2, 0.16205737E-1, 0.11202956E-1, 0.83076693E-1, 0.12412041E-1, 0.49682666E-3
0.19617535E-1, 0.12782339E-2, 0.44513486E-1, 0.26668229E-2, 0.17542625E-1, 0.12119193E-1, 0.89858569E-1, 0.13421327E-1, 0.53721899E-3
0.22290241E-1, 0.12782633E-2, 0.44424742E-1, 0.26681032E-2, 0.13957881E-1, 0.96362950E-2, 0.71426809E-1, 0.10665366E-1, 0.42690005E-3
0.24783526E-1, 0.12782855E-2, 0.44320986E-1, 0.26691766E-2, 0.13860303E-1, 0.95621720E-2, 0.70834547E-1, 0.10574326E-1, 0.42325133E-3
0.24251470E-1, 0.12783037E-2, 0.44207748E-1, 0.26701163E-2, 0.14647477E-1, 0.10098104E-1, 0.74755251E-1, 0.11156780E-1, 0.44655980E-3
0.18302536E-1, 0.12783671E-2, 0.44206940E-1, 0.26724837E-2, 0.17441314E-1, 0.12016262E-1, 0.88928029E-1, 0.13268167E-1, 0.53106330E-3
0.18156847E-1, 0.12784703E-2, 0.44304486E-1, 0.26761207E-2, 0.16979439E-1, 0.11690815E-1, 0.86516395E-1, 0.12904340E-1, 0.51649386E-3
0.17579524E-1, 0.12785628E-2, 0.44372626E-1, 0.26793948E-2, 0.18355396E-1, 0.12629955E-1, 0.93457460E-1, 0.13935186E-1, 0.55774528E-3
0.17444627E-1, 0.12786856E-2, 0.44509459E-1, 0.26835841E-2, 0.19229928E-1, 0.13223809E-1, 0.97863041E-1, 0.14587115E-1, 0.58382953E-3
0.17852796E-1, 0.12787558E-2, 0.44520836E-1, 0.26861473E-2, 0.16031839E-1, 0.11017622E-1, 0.81533283E-1, 0.12149137E-1, 0.48624599E-3
0.17932422E-1, 0.12788194E-2, 0.44516686E-1, 0.26885034E-2, 0.16014783E-1, 0.10998609E-1, 0.81374772E-1, 0.12121958E-1, 0.48515206E-3
0.19336730E-1, 0.12788821E-2, 0.44511326E-1, 0.26908380E-2, 0.16930258E-1, 0.11619884E-1, 0.85957259E-1, 0.12800718E-1, 0.51231118E-3
0.19007646E-1, 0.12789327E-2, 0.44475749E-1, 0.26927844E-2, 0.17486220E-1, 0.11993505E-1, 0.88701732E-1, 0.13205232E-1, 0.52849355E-3
0.17299319E-1, 0.12790384E-2, 0.44570800E-1, 0.26964357E-2, 0.20483451E-1, 0.14040989E-1, 0.10385683, 0.15455991E-1, 0.61856309E-3
0.17329626E-1, 0.12791501E-2, 0.44674858E-1, 0.27002376E-2, 0.21311276E-1, 0.14600211E-1, 0.10802627, 0.16070265E-1, 0.64313633E-3
0.17670158E-1, 0.12792249E-2, 0.44688169E-1, 0.27028739E-2, 0.23205809E-1, 0.15888531E-1, 0.11759456, 0.17486451E-1, 0.69980038E-3
0.17329762E-1, 0.12794153E-2, 0.44901185E-1, 0.27085331E-2, 0.34664962E-1, 0.23724578E-1, 0.17578563, 0.26125617E-1, 0.10455139E-2
0.17364588E-1, 0.12796118E-2, 0.45089889E-1, 0.27141008E-2, 0.35960838E-1, 0.24602413E-1, 0.18258901, 0.27119085E-1, 0.10852434E-2
0.17401038E-1, 0.12798051E-2, 0.45228820E-1, 0.27192608E-2, 0.44730321E-1, 0.30593803E-1, 0.22754194, 0.33771008E-1, 0.13513976E-2
0.17424472E-1, 0.12799471E-2, 0.45282315E-1, 0.27231062E-2, 0.45130849E-1, 0.30861052E-1, 0.23011713, 0.34125552E-1, 0.13655400E-2
0.17444341E-1, 0.12800753E-2, 0.45318212E-1, 0.27266357E-2, 0.41195836E-1, 0.28163273E-1, 0.21050131, 0.31192571E-1, 0.12481362E-2
0.17507330E-1, 0.12802170E-2, 0.45371406E-1, 0.27304748E-2, 0.39642058E-1, 0.27093485E-1, 0.20293571, 0.30050157E-1, 0.12023880E-2
0.17505985E-1, 0.12803880E-2, 0.45464013E-1, 0.27349985E-2, 0.38000211E-1, 0.25963403E-1, 0.19485210, 0.28833698E-1, 0.11536812E-2
0.17524973E-1, 0.12805439E-2, 0.45540713E-1, 0.27392064E-2, 0.36428701E-1, 0.24881192E-1, 0.18706277, 0.27663318E-1, 0.11068225E-2
0.17538477E-1, 0.12806476E-2, 0.45532629E-1, 0.27420870E-2, 0.30567698E-1, 0.20869972E-1, 0.15713269, 0.23223842E-1, 0.92917378E-3
0.17618345E-1, 0.12807038E-2, 0.45425534E-1, 0.27435955E-2, 0.30569809E-1, 0.20862035E-1, 0.15724802, 0.23228936E-1, 0.92935673E-3
0.17543526E-1, 0.12807687E-2, 0.45318808E-1, 0.27452148E-2, 0.36898341E-1, 0.25171116E-1, 0.18999861, 0.28051086E-1, 0.11222571E-2
0.17548176E-1, 0.12808375E-2, 0.45222558E-1, 0.27469555E-2, 0.42964950E-1, 0.29301012E-1, 0.22161686, 0.32697387E-1, 0.13081069E-2
0.17552165E-1, 0.12809035E-2, 0.45129761E-1, 0.27486819E-2, 0.39257120E-1, 0.26765268E-1, 0.20287333, 0.29911589E-1, 0.11966210E-2
0.17554669E-1, 0.12809640E-2, 0.45039408E-1, 0.27503425E-2, 0.35231236E-1, 0.24012899E-1, 0.18233781, 0.26867440E-1, 0.10748098E-2
0.17556567E-1, 0.12810217E-2, 0.44952121E-1, 0.27519872E-2, 0.33551525E-1, 0.22858752E-1, 0.17382005, 0.25598066E-1, 0.10240037E-2
0.17668221E-1, 0.12810887E-2, 0.44857338E-1, 0.27536943E-2, 0.32222062E-1, 0.21945225E-1, 0.16710922, 0.24596862E-1, 0.98392880E-3
0.17605361E-1, 0.12811505E-2, 0.44748332E-1, 0.27552175E-2, 0.32984439E-1, 0.22455553E-1, 0.17121708, 0.25188506E-1, 0.10075722E-2
0.17643616E-1, 0.12812165E-2, 0.44647951E-1, 0.27568529E-2, 0.33239830E-1, 0.22620752E-1, 0.17271040, 0.25394896E-1, 0.10158039E-2
0.17607279E-1, 0.12812837E-2, 0.44550497E-1, 0.27585197E-2, 0.34400254E-1, 0.23401840E-1, 0.17892781, 0.26295114E-1, 0.10517874E-2
0.17576668E-1, 0.12813520E-2, 0.44457588E-1, 0.27602266E-2, 0.35704840E-1, 0.24280926E-1, 0.18593474, 0.27309923E-1, 0.10923517E-2
0.17580165E-1, 0.12814192E-2, 0.44370174E-1, 0.27619589E-2, 0.35797175E-1, 0.24335319E-1, 0.18664575, 0.27399184E-1, 0.10958936E-2
0.17585233E-1, 0.12814886E-2, 0.44280294E-1, 0.27636932E-2, 0.35692755E-1, 0.24256507E-1, 0.18634152, 0.27339611E-1, 0.10934826E-2
0.17611971E-1, 0.12815554E-2, 0.44184748E-1, 0.27653421E-2, 0.33722308E-1, 0.22909638E-1, 0.17626055, 0.25846954E-1, 0.10337562E-2
0.17606741E-1, 0.12816206E-2, 0.44087980E-1, 0.27669552E-2, 0.35346545E-1, 0.24004644E-1, 0.18495566, 0.27107922E-1, 0.10841622E-2
0.17597541E-1, 0.12816897E-2, 0.44005144E-1, 0.27687182E-2, 0.36704451E-1, 0.24918662E-1, 0.19230531, 0.28169945E-1, 0.11266079E-2
0.17616775E-1, 0.12817618E-2, 0.43925315E-1, 0.27705391E-2, 0.38558032E-1, 0.26169393E-1, 0.20231296, 0.29619435E-1, 0.11845456E-2
0.17617930E-1, 0.12818329E-2, 0.43850679E-1, 0.27723811E-2, 0.37225373E-1, 0.25257843E-1, 0.19561757, 0.28623292E-1, 0.11446764E-2
0.17612332E-1, 0.12818952E-2, 0.43779194E-1, 0.27741205E-2, 0.32800108E-1, 0.22247955E-1, 0.17256889, 0.25237879E-1, 0.10092640E-2
0.17611779E-1, 0.12819496E-2, 0.43711074E-1, 0.27757755E-2, 0.28536288E-1, 0.19348124E-1, 0.15024127, 0.21962782E-1, 0.87827240E-3
0.17613323E-1, 0.12820010E-2, 0.43646745E-1, 0.27774139E-2, 0.28344078E-1, 0.19208815E-1, 0.14928102, 0.21813503E-1, 0.87228417E-3
0.17616738E-1, 0.12820693E-2, 0.43587431E-1, 0.27793089E-2, 0.37517086E-1, 0.25417270E-1, 0.19780174, 0.28890034E-1, 0.11552351E-2
0.17620228E-1, 0.12821341E-2, 0.43521229E-1, 0.27811043E-2, 0.32860015E-1, 0.22255104E-1, 0.17345829, 0.25321897E-1, 0.10125292E-2
0.17621547E-1, 0.12821911E-2, 0.43454375E-1, 0.27827853E-2, 0.30239208E-1, 0.20472325E-1, 0.15974970, 0.23310343E-1, 0.93207281E-3
0.17631339E-1, 0.12822443E-2, 0.43388031E-1, 0.27844117E-2, 0.27102998E-1, 0.18341426E-1, 0.14325246, 0.20894719E-1, 0.83546509E-3
0.17622355E-1, 0.12822959E-2, 0.43328136E-1, 0.27860638E-2, 0.24739424E-1, 0.16734308E-1, 0.13078673, 0.19069582E-1, 0.76247292E-3
0.17622456E-1, 0.12823469E-2, 0.43277852E-1, 0.27877754E-2, 0.21099927E-1, 0.14265266E-1, 0.11153152, 0.16256841E-1, 0.64999750E-3
0.17623687E-1, 0.12824029E-2, 0.43246303E-1, 0.27896815E-2, 0.19983547E-1, 0.13503157E-1, 0.10558761, 0.15386048E-1, 0.61517069E-3
0.17668566E-1, 0.12824570E-2, 0.43216713E-1, 0.27915793E-2, 0.18596545E-1, 0.12558935E-1, 0.98207250E-1, 0.14306732E-1, 0.57200831E-3
0.18033957E-1, 0.12824986E-2, 0.43161232E-1, 0.27931149E-2, 0.16902484E-1, 0.11408265E-1, 0.89199014E-1, 0.12991180E-1, 0.51940297E-3
0.19029386E-1, 0.12825300E-2, 0.43084983E-1, 0.27943605E-2, 0.15030164E-1, 0.10138403E-1, 0.79245999E-1, 0.11538991E-1, 0.46133675E-3
0.20796012E-1, 0.12825564E-2, 0.42998563E-1, 0.27954569E-2, 0.14374912E-1, 0.96903760E-2, 0.75708397E-1, 0.11021577E-1, 0.44064506E-3
0.22948327E-1, 0.12825769E-2, 0.42899247E-1, 0.27963724E-2, 0.14026185E-1, 0.94493683E-2, 0.73782071E-1, 0.10738956E-1, 0.42934102E-3
0.23847312E-1, 0.12825942E-2, 0.42793002E-1, 0.27971861E-2, 0.13652625E-1, 0.91919936E-2, 0.71725786E-1, 0.10437575E-1, 0.41728729E-3
0.27646381E-1, 0.12826059E-2, 0.42673413E-1, 0.27978180E-2, 0.12033683E-1, 0.80968179E-2, 0.63127525E-1, 0.91846269E-2, 0.36719156E-3
0.29295513E-1, 0.12826077E-2, 0.42529676E-1, 0.27981310E-2, 0.99597955E-2, 0.66970279E-2, 0.52156009E-1, 0.75871106E-2, 0.30332178E-3
0.28855611E-1, 0.12826187E-2, 0.42411856E-1, 0.27987540E-2, 0.90385173E-2, 0.60734814E-2, 0.47242504E-1, 0.68713692E-2, 0.27470544E-3
0.22351345E-1, 0.12826737E-2, 0.42401016E-1, 0.28007471E-2, 0.11239737E-1, 0.75473185E-2, 0.58636107E-1, 0.85272538E-2, 0.34090219E-3
0.19331133E-1, 0.12828425E-2, 0.42660505E-1, 0.28062717E-2, 0.12979639E-1, 0.87104281E-2, 0.67631662E-1, 0.98336348E-2, 0.39312479E-3
0.18743496E-1, 0.12829864E-2, 0.42858034E-1, 0.28110112E-2, 0.14044110E-1, 0.94189402E-2, 0.73093496E-1, 0.10625579E-1, 0.42478030E-3
0.18400809E-1, 0.12831035E-2, 0.42991981E-1, 0.28149274E-2, 0.14091655E-1, 0.94450600E-2, 0.73261835E-1, 0.10647734E-1, 0.42566116E-3
0.18706521E-1, 0.12831832E-2, 0.43038934E-1, 0.28177097E-2, 0.12973153E-1, 0.86900219E-2, 0.67371406E-1, 0.97895637E-2, 0.39135007E-3
0.21293081E-1, 0.12832342E-2, 0.43015614E-1, 0.28195812E-2, 0.11708157E-1, 0.78376811E-2, 0.60722560E-1, 0.88217221E-2, 0.35265592E-3
0.24379984E-1, 0.12832637E-2, 0.42940445E-1, 0.28207810E-2, 0.10556104E-1, 0.70618852E-2, 0.54663934E-1, 0.79401312E-2, 0.31741062E-3
0.28566258E-1, 0.12832795E-2, 0.42831130E-1, 0.28215377E-2, 0.98725390E-2, 0.66002384E-2, 0.51034801E-1, 0.74117738E-2, 0.29628683E-3
0.31571120E-1, 0.12832843E-2, 0.42694200E-1, 0.28219339E-2, 0.92830779E-2, 0.62020998E-2, 0.47896165E-1, 0.69548716E-2, 0.27801996E-3
0.26543872E-1, 0.12832946E-2, 0.42573281E-1, 0.28225225E-2, 0.10342620E-1, 0.69052665E-2, 0.53253930E-1, 0.77316170E-2, 0.30906792E-3
0.17917672E-1, 0.12835028E-2, 0.42882781E-1, 0.28289361E-2, 0.21754820E-1, 0.14516602E-1, 0.11191757, 0.16244393E-1, 0.64935401E-3
0.18639922E-1, 0.12838021E-2, 0.43296106E-1, 0.28373525E-2, 0.27018527E-1, 0.18021412E-1, 0.13901645, 0.20169605E-1, 0.80624496E-3
0.24697911E-1, 0.12839836E-2, 0.43420825E-1, 0.28420652E-2, 0.22744436E-1, 0.15164172E-1, 0.11703098, 0.16972797E-1, 0.67844492E-3
0.24021365E-1, 0.12841314E-2, 0.43482348E-1, 0.28458619E-2, 0.24353180E-1, 0.16229305E-1, 0.12527564, 0.18161457E-1, 0.72594511E-3
0.19991890E-1, 0.12842944E-2, 0.43584213E-1, 0.28501675E-2, 0.26422162E-1, 0.17600594E-1, 0.13592595, 0.19697199E-1, 0.78731589E-3
0.18272839E-1, 0.12844485E-2, 0.43687955E-1, 0.28543635E-2, 0.28042521E-1, 0.18672502E-1, 0.14431179, 0.20903027E-1, 0.83549647E-3
0.18118326E-1, 0.12845714E-2, 0.43751016E-1, 0.28578481E-2, 0.25471510E-1, 0.16953539E-1, 0.13112094, 0.18984010E-1, 0.75877708E-3
0.18022668E-1, 0.12846740E-2, 0.43789484E-1, 0.28608842E-2, 0.23049369E-1, 0.15334501E-1, 0.11865783, 0.17172709E-1, 0.68636786E-3
0.18105421E-1, 0.12847672E-2, 0.43818291E-1, 0.28637210E-2, 0.20982742E-1, 0.13952862E-1, 0.10799743, 0.15624227E-1, 0.62446657E-3
0.17850695E-1, 0.12848553E-2, 0.43844827E-1, 0.28664737E-2, 0.18731169E-1, 0.12449238E-1, 0.96367739E-1, 0.13937172E-1, 0.55702945E-3
0.18093297E-1, 0.12849492E-2, 0.43885961E-1, 0.28694090E-2, 0.18260224E-1, 0.12129699E-1, 0.93889520E-1, 0.13574615E-1, 0.54253102E-3
0.18585684E-1, 0.12850595E-2, 0.43956716E-1, 0.28727832E-2, 0.18808549E-1, 0.12487289E-1, 0.96651852E-1, 0.13969721E-1, 0.55831351E-3
0.19170463E-1, 0.12851724E-2, 0.44036675E-1, 0.28762629E-2, 0.17494457E-1, 0.11608562E-1, 0.89839816E-1, 0.12981215E-1, 0.51879929E-3
0.19470699E-1, 0.12852717E-2, 0.44093855E-1, 0.28793968E-2, 0.16055472E-1, 0.10647746E-1, 0.82382858E-1, 0.11900404E-1, 0.47559771E-3
0.19173035E-1, 0.12853561E-2, 0.44123799E-1, 0.28821300E-2, 0.14883509E-1, 0.98648081E-2, 0.76296516E-1, 0.11018356E-1, 0.44034139E-3
0.18479003E-1, 0.12854332E-2, 0.44142365E-1, 0.28846799E-2, 0.14027381E-1, 0.92918817E-2, 0.71833707E-1, 0.10371327E-1, 0.41447845E-3
0.18327681E-1, 0.12855030E-2, 0.44146448E-1, 0.28870259E-2, 0.14032769E-1, 0.92898533E-2, 0.71782939E-1, 0.10361537E-1, 0.41408246E-3
0.18526444E-1, 0.12855598E-2, 0.44121061E-1, 0.28889743E-2, 0.13464423E-1, 0.89082448E-2, 0.68799376E-1, 0.99285422E-2, 0.39677406E-3
0.18768517E-1, 0.12856051E-2, 0.44071190E-1, 0.28905894E-2, 0.12426128E-1, 0.82162917E-2, 0.63418575E-1, 0.91499928E-2, 0.36565715E-3
0.20113572E-1, 0.12856437E-2, 0.44006251E-1, 0.28919964E-2, 0.10980416E-1, 0.72558112E-2, 0.55963993E-1, 0.80728158E-2, 0.32260726E-3
0.20261973E-1, 0.12856750E-2, 0.43924887E-1, 0.28931794E-2, 0.10772669E-1, 0.71141021E-2, 0.54827407E-1, 0.79073645E-2, 0.31599260E-3
0.20848561E-1, 0.12857068E-2, 0.43846842E-1, 0.28943894E-2, 0.11473227E-1, 0.75719827E-2, 0.58308735E-1, 0.84078107E-2, 0.33598836E-3
0.20816427E-1, 0.12857395E-2, 0.43771550E-1, 0.28956279E-2, 0.12795758E-1, 0.84394328E-2, 0.64936027E-1, 0.93614254E-2, 0.37409255E-3
0.18085944E-1, 0.12858512E-2, 0.43874640E-1, 0.28992370E-2, 0.16642762E-1, 0.10970835E-1, 0.84383734E-1, 0.12161903E-1, 0.48599689E-3
0.19159321E-1, 0.12859673E-2, 0.43982353E-1, 0.29029481E-2, 0.16042685E-1, 0.10569526E-1, 0.81276566E-1, 0.11710659E-1, 0.46795857E-3
0.24841670E-1, 0.12860603E-2, 0.44033993E-1, 0.29059371E-2, 0.12348994E-1, 0.81313225E-2, 0.62492035E-1, 0.90017952E-2, 0.35970812E-3
0.27687969E-1, 0.12861385E-2, 0.44050787E-1, 0.29084692E-2, 0.11236539E-1, 0.73943385E-2, 0.56774035E-1, 0.81763882E-2, 0.32672202E-3
0.25484582E-1, 0.12862114E-2, 0.44058323E-1, 0.29108587E-2, 0.11383142E-1, 0.74862470E-2, 0.57422407E-1, 0.82680620E-2, 0.33038208E-3
0.25173731E-1, 0.12862809E-2, 0.44062443E-1, 0.29131824E-2, 0.97922767E-2, 0.64361370E-2, 0.49322225E-1, 0.71003563E-2, 0.28371954E-3
0.29818060E-1, 0.12863369E-2, 0.44033706E-1, 0.29150734E-2, 0.83834454E-2, 0.55065728E-2, 0.42143308E-1, 0.60658650E-2, 0.24238108E-3
0.28592262E-1, 0.12863842E-2, 0.43988034E-1, 0.29167265E-2, 0.80709588E-2, 0.52979188E-2, 0.40491808E-1, 0.58272625E-2, 0.23284537E-3
0.27575793E-1, 0.12864266E-2, 0.43932427E-1, 0.29182329E-2, 0.83053773E-2, 0.54483474E-2, 0.41588772E-1, 0.59842034E-2, 0.23911479E-3
0.30495930E-1, 0.12864567E-2, 0.43848433E-1, 0.29193624E-2, 0.79702968E-2, 0.52251779E-2, 0.39829925E-1, 0.57302332E-2, 0.22896522E-3
0.30287916E-1, 0.12864802E-2, 0.43749359E-1, 0.29202832E-2, 0.78957267E-2, 0.51730098E-2, 0.39376900E-1, 0.56641921E-2, 0.22632490E-3
0.29174792E-1, 0.12865005E-2, 0.43644793E-1, 0.29211175E-2, 0.80409348E-2, 0.52648392E-2, 0.40021241E-1, 0.57559856E-2, 0.22999120E-3
0.30335966E-1, 0.12865163E-2, 0.43530080E-1, 0.29218069E-2, 0.81397602E-2, 0.53262375E-2, 0.40433265E-1, 0.58143227E-2, 0.23232066E-3
0.30480888E-1, 0.12865276E-2, 0.43405361E-1, 0.29223580E-2, 0.81379600E-2, 0.53217937E-2, 0.40345021E-1, 0.58006980E-2, 0.23177468E-3
0.33356741E-1, 0.12865331E-2, 0.43266542E-1, 0.29227177E-2, 0.77449204E-2, 0.50616777E-2, 0.38318269E-1, 0.55084242E-2, 0.22009504E-3
0.35041172E-1, 0.12865338E-2, 0.43115821E-1, 0.29229145E-2, 0.75579556E-2, 0.49364879E-2, 0.37313499E-1, 0.53631566E-2, 0.21428936E-3
0.35682496E-1, 0.12865321E-2, 0.42961180E-1, 0.29230469E-2, 0.75874771E-2, 0.49527921E-2, 0.37378516E-1, 0.53716744E-2, 0.21462835E-3
0.36995787E-1, 0.12865280E-2, 0.42801172E-1, 0.29230961E-2, 0.72356611E-2, 0.47203195E-2, 0.35567239E-1, 0.51105968E-2, 0.20419560E-3
0.38364179E-1, 0.12865199E-2, 0.42632144E-1, 0.29230174E-2, 0.68739941E-2, 0.44817608E-2, 0.33714630E-1, 0.48436881E-2, 0.19353004E-3
0.36656886E-1, 0.12865120E-2, 0.42464711E-1, 0.29229401E-2, 0.78059337E-2, 0.50863931E-2, 0.38200669E-1, 0.54873442E-2, 0.21924607E-3
0.43419134E-1, 0.12865013E-2, 0.42290967E-1, 0.29227694E-2, 0.65746438E-2, 0.42816200E-2, 0.32101806E-1, 0.46105697E-2, 0.18421355E-3
0.46649870E-1, 0.12864852E-2, 0.42104226E-1, 0.29224211E-2, 0.59317839E-2, 0.38607235E-2, 0.28888751E-1, 0.41485480E-2, 0.16575273E-3
0.43234929E-1, 0.12864701E-2, 0.41921671E-1, 0.29221065E-2, 0.64279824E-2, 0.41812924E-2, 0.31227149E-1, 0.44837561E-2, 0.17914484E-3
0.43913361E-1, 0.12864558E-2, 0.41743439E-1, 0.29218278E-2, 0.66977534E-2, 0.43543316E-2, 0.32459415E-1, 0.46600280E-2, 0.18618666E-3
0.44897154E-1, 0.12864389E-2, 0.41559543E-1, 0.29214616E-2, 0.69168597E-2, 0.44942750E-2, 0.33439346E-1, 0.47999946E-2, 0.19177778E-3
0.31279813E-1, 0.12864433E-2, 0.41432165E-1, 0.29217899E-2, 0.78123021E-2, 0.50732754E-2, 0.37683751E-1, 0.54083695E-2, 0.21608335E-3
0.28329242E-1, 0.12865067E-2, 0.41457634E-1, 0.29240367E-2, 0.75510414E-2, 0.49009519E-2, 0.36360048E-1, 0.52174968E-2, 0.20845600E-3
0.33514228E-1, 0.12865450E-2, 0.41418780E-1, 0.29254695E-2, 0.71792151E-2, 0.46570222E-2, 0.34502484E-1, 0.49501266E-2, 0.19777246E-3
0.27294029E-1, 0.12865709E-2, 0.41350126E-1, 0.29265163E-2, 0.79426477E-2, 0.51494641E-2, 0.38102604E-1, 0.54657087E-2, 0.21837004E-3
0.27839027E-1, 0.12865938E-2, 0.41273713E-1, 0.29274537E-2, 0.91421185E-2, 0.59239543E-2, 0.43784566E-1, 0.62795533E-2, 0.25088360E-3
0.32442234E-1, 0.12866023E-2, 0.41160520E-1, 0.29279217E-2, 0.86959358E-2, 0.56318734E-2, 0.41576598E-1, 0.59616673E-2, 0.23818143E-3
0.36432445E-1, 0.12865966E-2, 0.41010957E-1, 0.29279236E-2, 0.80556441E-2, 0.52144886E-2, 0.38443279E-1, 0.55113151E-2, 0.22018736E-3
0.41366205E-1, 0.12865817E-2, 0.40837787E-1, 0.29276172E-2, 0.68257153E-2, 0.44160616E-2, 0.32505639E-1, 0.46592727E-2, 0.18614547E-3
0.38821619E-1, 0.12865659E-2, 0.40664665E-1, 0.29272945E-2, 0.73545175E-2, 0.47557084E-2, 0.34947667E-1, 0.50084786E-2, 0.20009553E-3
0.38992722E-1, 0.12865557E-2, 0.40507492E-1, 0.29271529E-2, 0.88400748E-2, 0.57134479E-2, 0.41923486E-1, 0.60070697E-2, 0.23998892E-3
0.57780683E-1, 0.12865319E-2, 0.40314477E-1, 0.29265529E-2, 0.58785393E-2, 0.37975393E-2, 0.27814107E-1, 0.39846846E-2, 0.15919142E-3
0.78307636E-1, 0.12864888E-2, 0.40070094E-1, 0.29253024E-2, 0.40282360E-2, 0.26009849E-2, 0.18999141E-1, 0.27215146E-2, 0.10872632E-3
0.73648557E-1, 0.12864389E-2, 0.39808810E-1, 0.29238211E-2, 0.40967418E-2, 0.26439615E-2, 0.19255158E-1, 0.27579162E-2, 0.11018021E-3
0.73716506E-1, 0.12863911E-2, 0.39555386E-1, 0.29224134E-2, 0.40136101E-2, 0.25890884E-2, 0.18800655E-1, 0.26925504E-2, 0.10756845E-3
0.74719019E-1, 0.12863429E-2, 0.39302800E-1, 0.29209934E-2, 0.41863825E-2, 0.26992832E-2, 0.19543452E-1, 0.27986467E-2, 0.11180665E-3
0.82483754E-1, 0.12862905E-2, 0.39041083E-1, 0.29194388E-2, 0.33432934E-2, 0.21547028E-2, 0.15552619E-1, 0.22269438E-2, 0.88966663E-4
0.82158931E-1, 0.12862347E-2, 0.38771152E-1, 0.29177598E-2, 0.34683996E-2, 0.22343362E-2, 0.16075246E-1, 0.23015805E-2, 0.91948117E-4
0.75977191E-1, 0.12861822E-2, 0.38512304E-1, 0.29161919E-2, 0.37434271E-2, 0.24104526E-2, 0.17289754E-1, 0.24752407E-2, 0.98885532E-4
0.74186221E-1, 0.12861317E-2, 0.38261905E-1, 0.29147048E-2, 0.36874702E-2, 0.23733743E-2, 0.16973607E-1, 0.24297475E-2, 0.97067728E-4
0.68426356E-1, 0.12860839E-2, 0.38019743E-1, 0.29132953E-2, 0.38612911E-2, 0.24841689E-2, 0.17716575E-1, 0.25358535E-2, 0.10130629E-3
0.66949718E-1, 0.12860377E-2, 0.37785687E-1, 0.29119635E-2, 0.42226813E-2, 0.27154952E-2, 0.19315401E-1, 0.27644075E-2, 0.11043650E-3
0.60902409E-1, 0.12859940E-2, 0.37559260E-1, 0.29107039E-2, 0.47508404E-2, 0.30538372E-2, 0.21668725E-1, 0.31008450E-2, 0.12387651E-3
0.54164957E-1, 0.12859544E-2, 0.37345644E-1, 0.29095814E-2, 0.56607854E-2, 0.36372251E-2, 0.25753003E-1, 0.36848034E-2, 0.14720456E-3
0.53972058E-1, 0.12859154E-2, 0.37136685E-1, 0.29084960E-2, 0.56930268E-2, 0.36564081E-2, 0.25835808E-1, 0.36960864E-2, 0.14765459E-3
0.52207619E-1, 0.12858765E-2, 0.36929451E-1, 0.29074131E-2, 0.60507553E-2, 0.38845849E-2, 0.27394872E-1, 0.39185043E-2, 0.15653910E-3
0.51279832E-1, 0.12858385E-2, 0.36726762E-1, 0.29063667E-2, 0.67639868E-2, 0.43407283E-2, 0.30553740E-1, 0.43695802E-2, 0.17455802E-3
0.49704839E-1, 0.12858018E-2, 0.36528677E-1, 0.29053593E-2, 0.68758540E-2, 0.44108042E-2, 0.30992564E-1, 0.44315089E-2, 0.17703087E-3
0.51927701E-1, 0.12857598E-2, 0.36317784E-1, 0.29041769E-2, 0.60189138E-2, 0.38595984E-2, 0.27070949E-1, 0.38700798E-2, 0.15460193E-3
0.56071445E-1, 0.12857134E-2, 0.36095943E-1, 0.29028419E-2, 0.57976488E-2, 0.37162767E-2, 0.26014796E-1, 0.37184807E-2, 0.14854506E-3
0.63086838E-1, 0.12856624E-2, 0.35863090E-1, 0.29013529E-2, 0.47120568E-2, 0.30192584E-2, 0.21088278E-1, 0.30138537E-2, 0.12039623E-3
0.57490822E-1, 0.12856107E-2, 0.35629220E-1, 0.28998312E-2, 0.56749918E-2, 0.36348973E-2, 0.25332874E-1, 0.36199475E-2, 0.14460755E-3
0.54273866E-1, 0.12855591E-2, 0.35398442E-1, 0.28983254E-2, 0.59750173E-2, 0.38256589E-2, 0.26609287E-1, 0.38017132E-2, 0.15186786E-3
0.52104805E-1, 0.12855076E-2, 0.35169799E-1, 0.28968260E-2, 0.60931365E-2, 0.38998816E-2, 0.27075626E-1, 0.38676735E-2, 0.15450198E-3
0.53840529E-1, 0.12854552E-2, 0.34940150E-1, 0.28952942E-2, 0.56219911E-2, 0.35970286E-2, 0.24925778E-1, 0.35599759E-2, 0.14220958E-3
0.39657075E-1, 0.12854107E-2, 0.34733005E-1, 0.28940227E-2, 0.75174831E-2, 0.48079877E-2, 0.33255935E-1, 0.47488231E-2, 0.18969906E-3
0.20704165E-1, 0.12854479E-2, 0.34744803E-1, 0.28954747E-2, 0.94906138E-2, 0.60678800E-2, 0.41940767E-1, 0.59875147E-2, 0.23917871E-3
0.25035370E-1, 0.12854788E-2, 0.34741972E-1, 0.28967327E-2, 0.78358725E-2, 0.50080577E-2, 0.34591082E-1, 0.49370197E-2, 0.19721384E-3
0.29620161E-1, 0.12854834E-2, 0.34670793E-1, 0.28971261E-2, 0.70165587E-2, 0.44827322E-2, 0.30933360E-1, 0.44140122E-2, 0.17632068E-3
0.32846063E-1, 0.12854723E-2, 0.34558635E-1, 0.28969976E-2, 0.72783227E-2, 0.46482380E-2, 0.32040592E-1, 0.45710541E-2, 0.18259266E-3
0.41179337E-1, 0.12854461E-2, 0.34406058E-1, 0.28963562E-2, 0.67336634E-2, 0.42988360E-2, 0.29594135E-1, 0.42211632E-2, 0.16861506E-3
0.49052164E-1, 0.12854029E-2, 0.34207627E-1, 0.28951364E-2, 0.64848177E-2, 0.41385395E-2, 0.28446015E-1, 0.40566125E-2, 0.16204103E-3
0.53289611E-1, 0.12853500E-2, 0.33983853E-1, 0.28935873E-2, 0.60575283E-2, 0.38645673E-2, 0.26516315E-1, 0.37807189E-2, 0.15101966E-3
0.54791801E-1, 0.12852937E-2, 0.33752229E-1, 0.28919233E-2, 0.59347409E-2, 0.37850020E-2, 0.25922393E-1, 0.36953767E-2, 0.14760988E-3
0.34533240E-1, 0.12852512E-2, 0.33561204E-1, 0.28907363E-2, 0.76377271E-2, 0.48695202E-2, 0.33300880E-1, 0.47462611E-2, 0.18958573E-3
0.27945844E-1, 0.12852398E-2, 0.33457465E-1, 0.28906080E-2, 0.86538922E-2, 0.55155447E-2, 0.37683867E-1, 0.53696455E-2, 0.21448478E-3
0.35681300E-1, 0.12852221E-2, 0.33338793E-1, 0.28902842E-2, 0.69483155E-2, 0.44270414E-2, 0.30217210E-1, 0.43046880E-2, 0.17194495E-3
0.50934296E-1, 0.12851877E-2, 0.33173099E-1, 0.28893701E-2, 0.59233671E-2, 0.37727628E-2, 0.25713041E-1, 0.36623192E-2, 0.14628557E-3
0.65144844E-1, 0.12851388E-2, 0.32967560E-1, 0.28879521E-2, 0.42277444E-2, 0.26919604E-2, 0.18311849E-1, 0.26077591E-2, 0.10416230E-3
0.54178324E-1, 0.12850810E-2, 0.32739051E-1, 0.28862392E-2, 0.48986808E-2, 0.31181674E-2, 0.21162990E-1, 0.30133671E-2, 0.12036310E-3
0.51064681E-1, 0.12850272E-2, 0.32523245E-1, 0.28846671E-2, 0.52752336E-2, 0.33568437E-2, 0.22743192E-1, 0.32378649E-2, 0.12932962E-3
0.44312358E-1, 0.12849941E-2, 0.32364156E-1, 0.28837819E-2, 0.58182282E-2, 0.37012205E-2, 0.25034456E-1, 0.35634565E-2, 0.14233391E-3
0.38993888E-1, 0.12850007E-2, 0.32315105E-1, 0.28842448E-2, 0.53073368E-2, 0.33751535E-2, 0.22796854E-1, 0.32443895E-2, 0.12958889E-3
0.42846389E-1, 0.12850041E-2, 0.32259684E-1, 0.28846171E-2, 0.49817227E-2, 0.31670516E-2, 0.21359637E-1, 0.30393614E-2, 0.12139898E-3
0.41709378E-1, 0.12850087E-2, 0.32204781E-1, 0.28850085E-2, 0.59749535E-2, 0.37972832E-2, 0.25571758E-1, 0.36381024E-2, 0.14531336E-3
0.32214265E-1, 0.12850559E-2, 0.32261364E-1, 0.28868001E-2, 0.66081369E-2, 0.41983854E-2, 0.28237877E-1, 0.40166215E-2, 0.16043127E-3
0.24548484E-1, 0.12851341E-2, 0.32405965E-1, 0.28896802E-2, 0.74723293E-2, 0.47459039E-2, 0.31890713E-1, 0.45352057E-2, 0.18114338E-3
0.19020110E-1, 0.12852242E-2, 0.32582685E-1, 0.28929575E-2, 0.90860967E-2, 0.57690004E-2, 0.38741194E-1, 0.55079870E-2, 0.21999613E-3
0.17504644E-1, 0.12853014E-2, 0.32728687E-1, 0.28958460E-2, 0.99661704E-2, 0.63258042E-2, 0.42463571E-1, 0.60353954E-2, 0.24105950E-3
0.20257683E-1, 0.12853543E-2, 0.32809511E-1, 0.28979226E-2, 0.10296684E-1, 0.65335794E-2, 0.43842278E-1, 0.62293569E-2, 0.24880411E-3
0.24346309E-1, 0.12853785E-2, 0.32812651E-1, 0.28990326E-2, 0.89818444E-2, 0.56975507E-2, 0.38213219E-1, 0.54278816E-2, 0.21679080E-3
0.27808527E-1, 0.12853853E-2, 0.32768857E-1, 0.28995585E-2, 0.80515025E-2, 0.51058005E-2, 0.34219090E-1, 0.48592295E-2, 0.19407713E-3
0.37316948E-1, 0.12853802E-2, 0.32692172E-1, 0.28996745E-2, 0.64017493E-2, 0.40583648E-2, 0.27171163E-1, 0.38575067E-2, 0.15406741E-3
0.39252181E-1, 0.12853686E-2, 0.32597098E-1, 0.28995578E-2, 0.60733557E-2, 0.38489830E-2, 0.25736583E-1, 0.36531095E-2, 0.14590303E-3
0.45813818E-1, 0.12853469E-2, 0.32475539E-1, 0.28991080E-2, 0.52492390E-2, 0.33256842E-2, 0.22204565E-1, 0.31511916E-2, 0.12585610E-3
0.44425234E-1, 0.12853345E-2, 0.32374643E-1, 0.28989261E-2, 0.62115411E-2, 0.39341738E-2, 0.26227526E-1, 0.37214311E-2, 0.14863019E-3
0.41028224E-1, 0.12853434E-2, 0.32327559E-1, 0.28994335E-2, 0.61841663E-2, 0.39157155E-2, 0.26068883E-1, 0.36981783E-2, 0.14770067E-3
0.29616542E-1, 0.12853891E-2, 0.32383095E-1, 0.29012007E-2, 0.76159309E-2, 0.48208227E-2, 0.32058004E-1, 0.45467932E-2, 0.18159220E-3
0.29592296E-1, 0.12854383E-2, 0.32454401E-1, 0.29031402E-2, 0.70898039E-2, 0.44864025E-2, 0.29806430E-1, 0.42264429E-2, 0.16879669E-3
0.36123425E-1, 0.12854518E-2, 0.32430459E-1, 0.29038810E-2, 0.65781060E-2, 0.41613267E-2, 0.27617406E-1, 0.39151716E-2, 0.15636413E-3
0.36319744E-1, 0.12854435E-2, 0.32348361E-1, 0.29038913E-2, 0.71942029E-2, 0.45497278E-2, 0.30161070E-1, 0.42748111E-2, 0.17072631E-3
0.37871316E-1, 0.12854271E-2, 0.32244448E-1, 0.29036230E-2, 0.76687089E-2, 0.48484281E-2, 0.32105476E-1, 0.45492891E-2, 0.18168708E-3
0.39075915E-1, 0.12854036E-2, 0.32121658E-1, 0.29031143E-2, 0.77894898E-2, 0.49234387E-2, 0.32565922E-1, 0.46133595E-2, 0.18424456E-3
0.40729150E-1, 0.12853758E-2, 0.31986903E-1, 0.29024479E-2, 0.79103950E-2, 0.49985098E-2, 0.33024818E-1, 0.46771555E-2, 0.18679103E-3
0.41195262E-1, 0.12853434E-2, 0.31840447E-1, 0.29016256E-2, 0.68016816E-2, 0.42968104E-2, 0.28356154E-1, 0.40149698E-2, 0.16034425E-3
0.40523145E-1, 0.12853099E-2, 0.31692564E-1, 0.29007730E-2, 0.82270075E-2, 0.51958314E-2, 0.34247771E-1, 0.48479671E-2, 0.19361000E-3
0.41429766E-1, 0.12852750E-2, 0.31540085E-1, 0.28998519E-2, 0.78933612E-2, 0.49838554E-2, 0.32813597E-1, 0.46437019E-2, 0.18545102E-3
0.41858736E-1, 0.12852375E-2, 0.31383835E-1, 0.28988703E-2, 0.93720863E-2, 0.59160613E-2, 0.38908307E-1, 0.55046324E-2, 0.21983137E-3
0.42362414E-1, 0.12851981E-2, 0.31222394E-1, 0.28978130E-2, 0.10210922E-1, 0.64441268E-2, 0.42339593E-1, 0.59881238E-2, 0.23913775E-3
0.44708665E-1, 0.12851571E-2, 0.31056963E-1, 0.28966926E-2, 0.85230907E-2, 0.53777560E-2, 0.35297263E-1, 0.49905432E-2, 0.19929731E-3
0.59345283E-1, 0.12851100E-2, 0.30874770E-1, 0.28953541E-2, 0.55089700E-2, 0.34751527E-2, 0.22774566E-1, 0.32192408E-2, 0.12855951E-3
0.63848354E-1, 0.12850577E-2, 0.30678192E-1, 0.28938267E-2, 0.51026279E-2, 0.32180874E-2, 0.21049151E-1, 0.29748159E-2, 0.11879786E-3
0.68237767E-1, 0.12850022E-2, 0.30473927E-1, 0.28921887E-2, 0.44855014E-2, 0.28282565E-2, 0.18459886E-1, 0.26084571E-2, 0.10416702E-3
0.60137138E-1, 0.12849517E-2, 0.30286057E-1, 0.28907319E-2, 0.46427641E-2, 0.29267629E-2, 0.19064529E-1, 0.26934773E-2, 0.10756179E-3
0.65149836E-1, 0.12849026E-2, 0.30102843E-1, 0.28893147E-2, 0.44510849E-2, 0.28053008E-2, 0.18236654E-1, 0.25761120E-2, 0.10287447E-3
0.63474715E-1, 0.12848488E-2, 0.29908339E-1, 0.28877454E-2, 0.42546373E-2, 0.26809096E-2, 0.17392123E-1, 0.24564457E-2, 0.98095297E-4
0.56268740E-1, 0.12848029E-2, 0.29738234E-1, 0.28864543E-2, 0.45205830E-2, 0.28478533E-2, 0.18440306E-1, 0.26040974E-2, 0.10399115E-3
0.61136011E-1, 0.12847633E-2, 0.29587744E-1, 0.28853875E-2, 0.39072251E-2, 0.24608965E-2, 0.15904678E-1, 0.22456937E-2, 0.89678433E-4
0.55414557E-1, 0.12847227E-2, 0.29434834E-1, 0.28842797E-2, 0.43088179E-2, 0.27132197E-2, 0.17500307E-1, 0.24706391E-2, 0.98660916E-4
0.47677223E-1, 0.12847065E-2, 0.29353509E-1, 0.28840324E-2, 0.47678319E-2, 0.30015698E-2, 0.19329704E-1, 0.27284757E-2, 0.10895674E-3
0.27130276E-1, 0.12847576E-2, 0.29457398E-1, 0.28860786E-2, 0.73596961E-2, 0.46321121E-2, 0.29792482E-1, 0.42044618E-2, 0.16789659E-3
0.14404203E-1, 0.12849799E-2, 0.30021535E-1, 0.28938975E-2, 0.13861420E-1, 0.87222876E-2, 0.56089845E-1, 0.79127774E-2, 0.31597746E-3
0.18004553E-1, 0.12851551E-2, 0.30456007E-1, 0.29001357E-2, 0.10640566E-1, 0.66941404E-2, 0.43050282E-1, 0.60706101E-2, 0.24241226E-3
0.25595015E-1, 0.12852574E-2, 0.30687464E-1, 0.29038815E-2, 0.74906335E-2, 0.47112559E-2, 0.30284071E-1, 0.42690500E-2, 0.17047074E-3
0.24575630E-1, 0.12853278E-2, 0.30830396E-1, 0.29065392E-2, 0.87577598E-2, 0.55067707E-2, 0.35375327E-1, 0.49853311E-2, 0.19907160E-3
0.23967095E-1, 0.12854087E-2, 0.30997926E-1, 0.29095316E-2, 0.88274302E-2, 0.55491603E-2, 0.35627961E-1, 0.50193788E-2, 0.20042945E-3
0.27801204E-1, 0.12855213E-2, 0.31236596E-1, 0.29134892E-2, 0.86274277E-2, 0.54220650E-2, 0.34791518E-1, 0.49000308E-2, 0.19566214E-3
0.23499779E-1, 0.12856344E-2, 0.31464864E-1, 0.29173810E-2, 0.11245653E-1, 0.70657711E-2, 0.45315154E-1, 0.63799545E-2, 0.25475430E-3
0.21397172E-1, 0.12857785E-2, 0.31761557E-1, 0.29222176E-2, 0.13825036E-1, 0.86845076E-2, 0.55687062E-1, 0.78367814E-2, 0.31292241E-3
0.20503623E-1, 0.12858805E-2, 0.31959526E-1, 0.29257603E-2, 0.10339086E-1, 0.64932462E-2, 0.41631073E-1, 0.58561694E-2, 0.23383385E-3
0.18929079E-1, 0.12859600E-2, 0.32103404E-1, 0.29285995E-2, 0.10772566E-1, 0.67637437E-2, 0.43354277E-1, 0.60962937E-2, 0.24341952E-3
0.18409735E-1, 0.12860456E-2, 0.32260865E-1, 0.29316249E-2, 0.11028769E-1, 0.69228504E-2, 0.44365149E-1, 0.62360321E-2, 0.24899660E-3
0.16918471E-1, 0.12861347E-2, 0.32426819E-1, 0.29347674E-2, 0.11810204E-1, 0.74114711E-2, 0.47489457E-1, 0.66724969E-2, 0.26642112E-3
0.15323754E-1, 0.12862311E-2, 0.32611717E-1, 0.29381593E-2, 0.13295520E-1, 0.83415210E-2, 0.53449154E-1, 0.75065354E-2, 0.29971922E-3
0.15867589E-1, 0.12863150E-2, 0.32764304E-1, 0.29411460E-2, 0.13051129E-1, 0.81862006E-2, 0.52457657E-1, 0.73638489E-2, 0.29401839E-3
0.18897709E-1, 0.12863921E-2, 0.32897063E-1, 0.29438990E-2, 0.12564295E-1, 0.78789201E-2, 0.50487474E-1, 0.70840619E-2, 0.28284377E-3
0.20076362E-1, 0.12864715E-2, 0.33034302E-1, 0.29467251E-2, 0.11700124E-1, 0.73351632E-2, 0.46996661E-1, 0.65914262E-2, 0.26317133E-3
0.23946641E-1, 0.12865126E-2, 0.33074263E-1, 0.29483109E-2, 0.12118777E-1, 0.75957607E-2, 0.48656803E-1, 0.68213879E-2, 0.27234975E-3
0.25951060E-1, 0.12865257E-2, 0.33041693E-1, 0.29489805E-2, 0.93959114E-2, 0.58876849E-2, 0.37700608E-1, 0.52833585E-2, 0.21094046E-3
0.27610058E-1, 0.12865347E-2, 0.32997709E-1, 0.29494995E-2, 0.10321580E-1, 0.64660292E-2, 0.41380920E-1, 0.57970937E-2, 0.23144939E-3
0.28649172E-1, 0.12865397E-2, 0.32945711E-1, 0.29499121E-2, 0.13750553E-1, 0.86121112E-2, 0.55093303E-1, 0.77148033E-2, 0.30801064E-3
0.29929852E-1, 0.12865413E-2, 0.32884724E-1, 0.29502066E-2, 0.11805632E-1, 0.73924204E-2, 0.47275975E-1, 0.66171000E-2, 0.26418202E-3
0.31337745E-1, 0.12865404E-2, 0.32816540E-1, 0.29504050E-2, 0.12756418E-1, 0.79860333E-2, 0.51050954E-1, 0.71423627E-2, 0.28514932E-3
0.32440253E-1, 0.12865354E-2, 0.32738671E-1, 0.29504769E-2, 0.10353557E-1, 0.64803474E-2, 0.41405860E-1, 0.57905489E-2, 0.23117736E-3
0.33722043E-1, 0.12865290E-2, 0.32657236E-1, 0.29504965E-2, 0.11393322E-1, 0.71295099E-2, 0.45525283E-1, 0.63641858E-2, 0.25407615E-3
0.31062961E-1, 0.12865228E-2, 0.32577999E-1, 0.29505342E-2, 0.12856419E-1, 0.80433590E-2, 0.51333826E-1, 0.71730902E-2, 0.28636656E-3
0.22943238E-1, 0.12865533E-2, 0.32598309E-1, 0.29517997E-2, 0.12924269E-1, 0.80840699E-2, 0.51582292E-1, 0.72044842E-2, 0.28761636E-3
0.13793270E-1, 0.12867079E-2, 0.32933347E-1, 0.29570952E-2, 0.20760965E-1, 0.12983477E-1, 0.82874298E-1, 0.11568146E-1, 0.46181437E-3
0.13784513E-1, 0.12869160E-2, 0.33387337E-1, 0.29640128E-2, 0.20135976E-1, 0.12590682E-1, 0.80433436E-1, 0.11219237E-1, 0.44787664E-3
0.13929422E-1, 0.12870607E-2, 0.33680789E-1, 0.29689025E-2, 0.19835023E-1, 0.12400298E-1, 0.79275042E-1, 0.11049802E-1, 0.44110429E-3
0.14162597E-1, 0.12871539E-2, 0.33846419E-1, 0.29721560E-2, 0.17442752E-1, 0.10902672E-1, 0.69744095E-1, 0.97148633E-2, 0.38780714E-3
0.14778364E-1, 0.12872249E-2, 0.33955771E-1, 0.29746930E-2, 0.18066976E-1, 0.11290569E-1, 0.72262540E-1, 0.10059333E-1, 0.40155102E-3
0.15049235E-1, 0.12872869E-2, 0.34039963E-1, 0.29769249E-2, 0.16998200E-1, 0.10620379E-1, 0.68002835E-1, 0.94604641E-2, 0.37763893E-3
0.15033914E-1, 0.12874118E-2, 0.34258720E-1, 0.29810141E-2, 0.21784084E-1, 0.13608023E-1, 0.87188214E-1, 0.12121230E-1, 0.48384129E-3
0.15871475E-1, 0.12875833E-2, 0.34532651E-1, 0.29861522E-2, 0.28316012E-1, 0.17686294E-1, 0.11344924, 0.15758259E-1, 0.62900485E-3
0.16698528E-1, 0.12877577E-2, 0.34747075E-1, 0.29908924E-2, 0.33105243E-1, 0.20676661E-1, 0.13285352, 0.18433671E-1, 0.73577452E-3
0.16500836E-1, 0.12879247E-2, 0.34924749E-1, 0.29952719E-2, 0.34679577E-1, 0.21659337E-1, 0.13943252, 0.19323634E-1, 0.77127223E-3
0.15817994E-1, 0.12880954E-2, 0.35118852E-1, 0.29998275E-2, 0.37028309E-1, 0.23126027E-1, 0.14918640, 0.20649647E-1, 0.82417025E-3
0.14783843E-1, 0.12882608E-2, 0.35317406E-1, 0.30043572E-2, 0.40730171E-1, 0.25438638E-1, 0.16449918, 0.22738678E-1, 0.90751488E-3
0.14542169E-1, 0.12884061E-2, 0.35499774E-1, 0.30084995E-2, 0.35529982E-1, 0.22191031E-1, 0.14383601, 0.19856269E-1, 0.79244759E-3
0.14383665E-1, 0.12885338E-2, 0.35665486E-1, 0.30122902E-2, 0.34830917E-1, 0.21753879E-1, 0.14129362, 0.19481895E-1, 0.77748054E-3
0.14202223E-1, 0.12886425E-2, 0.35803471E-1, 0.30156230E-2, 0.33836145E-1, 0.21131849E-1, 0.13752663, 0.18940389E-1, 0.75584557E-3
0.14189557E-1, 0.12887389E-2, 0.35922606E-1, 0.30186523E-2, 0.31353064E-1, 0.19579960E-1, 0.12765937, 0.17562069E-1, 0.70082012E-3
0.14332904E-1, 0.12888187E-2, 0.36012348E-1, 0.30212458E-2, 0.31759374E-1, 0.19832155E-1, 0.12952176, 0.17799469E-1, 0.71027240E-3
0.14208494E-1, 0.12888778E-2, 0.36060348E-1, 0.30232542E-2, 0.26360368E-1, 0.16459154E-1, 0.10765500, 0.14779942E-1, 0.58976444E-3
0.14415673E-1, 0.12889549E-2, 0.36144238E-1, 0.30257690E-2, 0.25814723E-1, 0.16115932E-1, 0.10553069, 0.14475666E-1, 0.57760865E-3
0.14369663E-1, 0.12891351E-2, 0.36429685E-1, 0.30311807E-2, 0.30855240E-1, 0.19260801E-1, 0.12630439, 0.17308937E-1, 0.69064315E-3
0.14592854E-1, 0.12893088E-2, 0.36661871E-1, 0.30361186E-2, 0.35582807E-1, 0.22210674E-1, 0.14591652, 0.19974738E-1, 0.79698570E-3
0.15497906E-1, 0.12894514E-2, 0.36789931E-1, 0.30398774E-2, 0.34760315E-1, 0.21696581E-1, 0.14282356, 0.19528829E-1, 0.77916833E-3
0.15111418E-1, 0.12895867E-2, 0.36888130E-1, 0.30433093E-2, 0.37540283E-1, 0.23431025E-1, 0.15455522, 0.21108095E-1, 0.84214984E-3
0.14630953E-1, 0.12897453E-2, 0.37032019E-1, 0.30474046E-2, 0.41267760E-1, 0.25757646E-1, 0.17030011, 0.23228772E-1, 0.92672429E-3
0.14425570E-1, 0.12898897E-2, 0.37154488E-1, 0.30511485E-2, 0.43399196E-1, 0.27089188E-1, 0.17957614, 0.24460636E-1, 0.97583153E-3
0.14410008E-1, 0.12900417E-2, 0.37303962E-1, 0.30552070E-2, 0.43239288E-1, 0.26990607E-1, 0.17940576, 0.24403565E-1, 0.97351620E-3
0.14456814E-1, 0.12902078E-2, 0.37488807E-1, 0.30597169E-2, 0.42542778E-1, 0.26556775E-1, 0.17698829, 0.24041964E-1, 0.95905294E-3
0.14570420E-1, 0.12903747E-2, 0.37664242E-1, 0.30641775E-2, 0.49668379E-1, 0.31007160E-1, 0.20725065, 0.28112123E-1, 0.11213678E-2
0.14522110E-1, 0.12905316E-2, 0.37805721E-1, 0.30682567E-2, 0.50276808E-1, 0.31390760E-1, 0.21050072, 0.28508488E-1, 0.11371259E-2
0.14555409E-1, 0.12906995E-2, 0.37959725E-1, 0.30725806E-2, 0.52043267E-1, 0.32497749E-1, 0.21865162, 0.29565712E-1, 0.11792404E-2
0.14638235E-1, 0.12908591E-2, 0.38106751E-1, 0.30767478E-2, 0.46390571E-1, 0.28971242E-1, 0.19554652, 0.26401613E-1, 0.10529909E-2
0.16412340E-1, 0.12910181E-2, 0.38248278E-1, 0.30808733E-2, 0.36038436E-1, 0.22506518E-1, 0.15227859, 0.20534050E-1, 0.81894000E-3
0.17366961E-1, 0.12911726E-2, 0.38372394E-1, 0.30848067E-2, 0.32277372E-1, 0.20156329E-1, 0.13661379, 0.18402766E-1, 0.73391624E-3
0.16448917E-1, 0.12913380E-2, 0.38519047E-1, 0.30890626E-2, 0.34050245E-1, 0.21261603E-1, 0.14433746, 0.19423924E-1, 0.77461603E-3
0.15272755E-1, 0.12915046E-2, 0.38661640E-1, 0.30933120E-2, 0.36424972E-1, 0.22743164E-1, 0.15468171, 0.20794226E-1, 0.82923571E-3
0.15446920E-1, 0.12916451E-2, 0.38755473E-1, 0.30968494E-2, 0.41332509E-1, 0.25806503E-1, 0.17588873, 0.23618145E-1, 0.94181398E-3
0.14930586E-1, 0.12918200E-2, 0.38925774E-1, 0.31014211E-2, 0.47437854E-1, 0.29619604E-1, 0.20241073, 0.27144214E-1, 0.10823770E-2
0.15249216E-1, 0.12919878E-2, 0.39080318E-1, 0.31057880E-2, 0.51502712E-1, 0.32160643E-1, 0.22045004, 0.29520990E-1, 0.11770971E-2
0.14948242E-1, 0.12921605E-2, 0.39241154E-1, 0.31102654E-2, 0.47768556E-1, 0.29831739E-1, 0.20512009, 0.27428754E-1, 0.10936224E-2
0.15317392E-1, 0.12923467E-2, 0.39416935E-1, 0.31150456E-2, 0.45105167E-1, 0.28170228E-1, 0.19424032, 0.25939478E-1, 0.10341989E-2
0.15150453E-1, 0.12925258E-2, 0.39591834E-1, 0.31197323E-2, 0.40313352E-1, 0.25177784E-1, 0.17403291, 0.23212789E-1, 0.92544983E-3
0.15042112E-1, 0.12926977E-2, 0.39769910E-1, 0.31243535E-2, 0.41957535E-1, 0.26204353E-1, 0.18154421, 0.24186783E-1, 0.96424407E-3
0.15085733E-1, 0.12928558E-2, 0.39938301E-1, 0.31287232E-2, 0.36030903E-1, 0.22502242E-1, 0.15622912, 0.20791411E-1, 0.82885171E-3
0.15169539E-1, 0.12930078E-2, 0.40109586E-1, 0.31330383E-2, 0.34707543E-1, 0.21673858E-1, 0.15074289, 0.20041650E-1, 0.79893565E-3
0.15354806E-1, 0.12931481E-2, 0.40272947E-1, 0.31371450E-2, 0.34464125E-1, 0.21519773E-1, 0.14992312, 0.19913729E-1, 0.79380994E-3
0.15776318E-1, 0.12932627E-2, 0.40394157E-1, 0.31405953E-2, 0.29763896E-1, 0.18582581E-1, 0.12964980, 0.17205717E-1, 0.68584114E-3
0.15337329E-1, 0.12933551E-2, 0.40477931E-1, 0.31434747E-2, 0.26254233E-1, 0.16388601E-1, 0.11447044, 0.15179639E-1, 0.60506299E-3
0.15858354E-1, 0.12934218E-2, 0.40508721E-1, 0.31456160E-2, 0.19610334E-1, 0.12238437E-1, 0.85538879E-1, 0.11335971E-1, 0.45184363E-3
0.15424414E-1, 0.12934875E-2, 0.40543072E-1, 0.31477739E-2, 0.18091954E-1, 0.11287710E-1, 0.78918643E-1, 0.10453261E-1, 0.41665195E-3
0.15816592E-1, 0.12935635E-2, 0.40601626E-1, 0.31502438E-2, 0.18025102E-1, 0.11242460E-1, 0.78614905E-1, 0.10407926E-1, 0.41483753E-3
0.16494911E-1, 0.12937362E-2, 0.40860455E-1, 0.31555097E-2, 0.23807207E-1, 0.14845151E-1, 0.10385688, 0.13741984E-1, 0.54771471E-3
0.15906906E-1, 0.12939442E-2, 0.41155245E-1, 0.31615298E-2, 0.29798899E-1, 0.18577747E-1, 0.13009405, 0.17201167E-1, 0.68556960E-3
0.15396439E-1, 0.12941544E-2, 0.41424159E-1, 0.31673964E-2, 0.39561849E-1, 0.24661759E-1, 0.17298098, 0.22850499E-1, 0.91069925E-3
0.15321015E-1, 0.12943369E-2, 0.41633707E-1, 0.31724570E-2, 0.38579274E-1, 0.24047572E-1, 0.16901022, 0.22302572E-1, 0.88882906E-3
0.15422333E-1, 0.12945252E-2, 0.41801985E-1, 0.31773013E-2, 0.41163787E-1, 0.25657691E-1, 0.18070973, 0.23821240E-1, 0.94931823E-3
0.15428094E-1, 0.12946855E-2, 0.41906040E-1, 0.31812976E-2, 0.48030917E-1, 0.29937854E-1, 0.21137118, 0.27830467E-1, 0.11090478E-2
0.15388509E-1, 0.12948550E-2, 0.42026781E-1, 0.31855393E-2, 0.48875093E-1, 0.30465489E-1, 0.21570064, 0.28364524E-1, 0.11302793E-2
0.15422646E-1, 0.12950319E-2, 0.42163171E-1, 0.31899994E-2, 0.52375477E-1, 0.32649741E-1, 0.23185305, 0.30448727E-1, 0.12132744E-2
0.15457047E-1, 0.12951995E-2, 0.42285055E-1, 0.31942353E-2, 0.52975193E-1, 0.33026632E-1, 0.23526573, 0.30855238E-1, 0.12294122E-2
0.15509439E-1, 0.12953698E-2, 0.42409230E-1, 0.31985259E-2, 0.47119487E-1, 0.29377891E-1, 0.20988478, 0.27491558E-1, 0.10953371E-2
0.15573841E-1, 0.12955532E-2, 0.42566426E-1, 0.32032360E-2, 0.44124395E-1, 0.27510766E-1, 0.19703984, 0.25779527E-1, 0.10270817E-2
0.15567896E-1, 0.12957330E-2, 0.42718031E-1, 0.32078656E-2, 0.49339339E-1, 0.30762445E-1, 0.22089238, 0.28866833E-1, 0.11500338E-2
0.15608543E-1, 0.12959272E-2, 0.42878740E-1, 0.32127616E-2, 0.44311691E-1, 0.27628569E-1, 0.19890954, 0.25964070E-1, 0.10343450E-2
0.15651653E-1, 0.12961156E-2, 0.43027978E-1, 0.32175013E-2, 0.58118399E-1, 0.36239102E-1, 0.26165289, 0.34111969E-1, 0.13588732E-2
0.15681583E-1, 0.12962697E-2, 0.43122280E-1, 0.32213782E-2, 0.47784299E-1, 0.29797988E-1, 0.21581280, 0.28099824E-1, 0.11193197E-2
0.15816094E-1, 0.12964384E-2, 0.43230031E-1, 0.32255498E-2, 0.41679461E-1, 0.25990980E-1, 0.18869190, 0.24542363E-1, 0.97757252E-3
0.16072594E-1, 0.12966056E-2, 0.43333389E-1, 0.32296744E-2, 0.39923847E-1, 0.24894632E-1, 0.18109642, 0.23531774E-1, 0.93728362E-3
0.16063606E-1, 0.12967996E-2, 0.43486007E-1, 0.32345264E-2, 0.41404139E-1, 0.25815936E-1, 0.18817060, 0.24427751E-1, 0.97293465E-3
0.15989132E-1, 0.12970020E-2, 0.43654051E-1, 0.32396102E-2, 0.40620394E-1, 0.25325721E-1, 0.18497038, 0.23989402E-1, 0.95543964E-3
0.15883146E-1, 0.12971871E-2, 0.43786801E-1, 0.32442049E-2, 0.44680238E-1, 0.27855540E-1, 0.20388001, 0.26415933E-1, 0.10520414E-2
0.15898500E-1, 0.12973489E-2, 0.43876074E-1, 0.32481668E-2, 0.46290584E-1, 0.28859092E-1, 0.21172532, 0.27403979E-1, 0.10913454E-2
0.15929379E-1, 0.12975134E-2, 0.43971315E-1, 0.32522136E-2, 0.57484385E-1, 0.35839770E-1, 0.26369351, 0.34090552E-1, 0.13575692E-2
0.15963517E-1, 0.12976844E-2, 0.44079095E-1, 0.32564434E-2, 0.58526944E-1, 0.36494635E-1, 0.26942298, 0.34786176E-1, 0.13851956E-2
0.15997782E-1, 0.12978564E-2, 0.44192251E-1, 0.32607261E-2, 0.57833575E-1, 0.36067374E-1, 0.26717728, 0.34452040E-1, 0.13718157E-2
0.16027668E-1, 0.12980112E-2, 0.44288643E-1, 0.32646619E-2, 0.56435730E-1, 0.35199843E-1, 0.26160887, 0.33692151E-1, 0.13414869E-2
0.16055642E-1, 0.12981588E-2, 0.44378936E-1, 0.32684570E-2, 0.50107691E-1, 0.31255096E-1, 0.23297748, 0.29970394E-1, 0.11932419E-2
0.16099770E-1, 0.12982925E-2, 0.44417374E-1, 0.32716841E-2, 0.46596754E-1, 0.29065935E-1, 0.21721703, 0.27914377E-1, 0.11113337E-2
0.16108256E-1, 0.12983111E-2, 0.44236563E-1, 0.32717346E-2, 0.48097685E-1, 0.30002369E-1, 0.22476333, 0.28855668E-1, 0.11487585E-2
0.16069788E-1, 0.12983304E-2, 0.44058695E-1, 0.32718021E-2, 0.61515268E-1, 0.38375087E-1, 0.28834823, 0.36977280E-1, 0.14720095E-2
0.16066015E-1, 0.12983539E-2, 0.43895595E-1, 0.32720338E-2, 0.57826784E-1, 0.36079805E-1, 0.27203968, 0.34843359E-1, 0.13869831E-2
0.16063409E-1, 0.12983826E-2, 0.43742225E-1, 0.32723895E-2, 0.57186436E-1, 0.35685159E-1, 0.26994333, 0.34534968E-1, 0.13746341E-2
0.16060548E-1, 0.12984095E-2, 0.43598007E-1, 0.32727914E-2, 0.52140258E-1, 0.32539524E-1, 0.24688980, 0.31551506E-1, 0.12558160E-2
0.16057791E-1, 0.12984371E-2, 0.43468621E-1, 0.32733008E-2, 0.55774529E-1, 0.34810703E-1, 0.26489621, 0.33817120E-1, 0.13459249E-2
0.16055439E-1, 0.12984662E-2, 0.43354150E-1, 0.32739346E-2, 0.43007899E-1, 0.26843809E-1, 0.20480280, 0.26120398E-1, 0.10395455E-2
0.16055040E-1, 0.12985030E-2, 0.43256432E-1, 0.32747888E-2, 0.48671316E-1, 0.30378498E-1, 0.23229212, 0.29600618E-1, 0.11780015E-2
0.16055699E-1, 0.12985440E-2, 0.43159980E-1, 0.32757004E-2, 0.50447807E-1, 0.31488493E-1, 0.24139377, 0.30731754E-1, 0.12229602E-2
0.16057407E-1, 0.12985892E-2, 0.43048002E-1, 0.32765456E-2, 0.52473988E-1, 0.32755934E-1, 0.25180134, 0.32026082E-1, 0.12744063E-2
0.16058339E-1, 0.12986310E-2, 0.42922504E-1, 0.32772422E-2, 0.55055249E-1, 0.34370702E-1, 0.26497883, 0.33668991E-1, 0.13397153E-2
0.16059535E-1, 0.12986740E-2, 0.42802759E-1, 0.32779879E-2, 0.61794858E-1, 0.38584057E-1, 0.29842159, 0.37878636E-1, 0.15071392E-2
0.16059607E-1, 0.12987129E-2, 0.42687338E-1, 0.32787011E-2, 0.56654282E-1, 0.35380438E-1, 0.27455541, 0.34812637E-1, 0.13850706E-2
0.16059026E-1, 0.12987490E-2, 0.42582162E-1, 0.32794483E-2, 0.43896630E-1, 0.27415302E-1, 0.21330518, 0.27022414E-1, 0.10750750E-2
0.16059980E-1, 0.12987910E-2, 0.42489648E-1, 0.32803647E-2, 0.50597042E-1, 0.31600520E-1, 0.24643520, 0.31194150E-1, 0.12409913E-2
0.16062094E-1, 0.12988378E-2, 0.42399384E-1, 0.32813519E-2, 0.50724234E-1, 0.31682398E-1, 0.24772149, 0.31329997E-1, 0.12463370E-2
0.16062748E-1, 0.12988789E-2, 0.42311810E-1, 0.32822764E-2, 0.41416578E-1, 0.25869245E-1, 0.20272347, 0.25619052E-1, 0.10191065E-2
0.16065318E-1, 0.12989205E-2, 0.42236265E-1, 0.32832916E-2, 0.38000904E-1, 0.23734197E-1, 0.18630975, 0.23529239E-1, 0.93594071E-3
0.16067760E-1, 0.12989705E-2, 0.42178787E-1, 0.32845538E-2, 0.45164082E-1, 0.28205846E-1, 0.22179705, 0.27991911E-1, 0.11134124E-2
0.16072461E-1, 0.12990324E-2, 0.42107973E-1, 0.32858683E-2, 0.58349267E-1, 0.36444340E-1, 0.28735900, 0.36235861E-1, 0.14412566E-2
0.16075194E-1, 0.12990816E-2, 0.42021208E-1, 0.32868907E-2, 0.50262425E-1, 0.31397406E-1, 0.24828109, 0.31280842E-1, 0.12441115E-2
0.16076548E-1, 0.12991253E-2, 0.41942302E-1, 0.32878942E-2, 0.49350463E-1, 0.30829713E-1, 0.24439813, 0.30767543E-1, 0.12236404E-2
0.16077576E-1, 0.12991678E-2, 0.41874446E-1, 0.32889580E-2, 0.39914057E-1, 0.24934709E-1, 0.19807844, 0.24918908E-1, 0.99099567E-3
0.16079094E-1, 0.12992120E-2, 0.41822143E-1, 0.32901578E-2, 0.37011653E-1, 0.23119846E-1, 0.18395194, 0.23128066E-1, 0.91974263E-3
0.16086387E-1, 0.12992590E-2, 0.41785035E-1, 0.32914977E-2, 0.36073670E-1, 0.22531591E-1, 0.17952378, 0.22558760E-1, 0.89707167E-3
0.16091119E-1, 0.12993112E-2, 0.41768424E-1, 0.32930642E-2, 0.29125817E-1, 0.18189235E-1, 0.14508663, 0.18222341E-1, 0.72460703E-3
0.16093073E-1, 0.12993828E-2, 0.41791838E-1, 0.32951795E-2, 0.36157530E-1, 0.22577029E-1, 0.18027811, 0.22631207E-1, 0.89989702E-3
0.16102739E-1, 0.12994591E-2, 0.41810472E-1, 0.32973276E-2, 0.44492248E-1, 0.27779952E-1, 0.22220241, 0.27877443E-1, 0.11084641E-2
0.16108887E-1, 0.12995221E-2, 0.41791514E-1, 0.32990128E-2, 0.39142661E-1, 0.24439281E-1, 0.19584565, 0.24555467E-1, 0.97633706E-3
0.16112262E-1, 0.12995740E-2, 0.41757401E-1, 0.33004377E-2, 0.35191648E-1, 0.21970335E-1, 0.17631491, 0.22094600E-1, 0.87846082E-3
0.16116200E-1, 0.12996283E-2, 0.41732050E-1, 0.33019544E-2, 0.35722520E-1, 0.22299271E-1, 0.17918882, 0.22443188E-1, 0.89229032E-3
0.16120108E-1, 0.12996823E-2, 0.41705765E-1, 0.33034605E-2, 0.36026381E-1, 0.22486530E-1, 0.18093465, 0.22650145E-1, 0.90048782E-3
0.16124394E-1, 0.12997381E-2, 0.41684676E-1, 0.33050231E-2, 0.29355643E-1, 0.18320190E-1, 0.14757259, 0.18465022E-1, 0.73407963E-3
0.16131476E-1, 0.12998047E-2, 0.41681927E-1, 0.33068671E-2, 0.35209130E-1, 0.21969883E-1, 0.17715529, 0.22156440E-1, 0.88080560E-3
0.16137386E-1, 0.12998665E-2, 0.41676845E-1, 0.33086317E-2, 0.31164233E-1, 0.19443369E-1, 0.15696213, 0.19621665E-1, 0.78001356E-3
0.16144700E-1, 0.12999341E-2, 0.41668121E-1, 0.33104408E-2, 0.48411105E-1, 0.30200735E-1, 0.24416941, 0.30506531E-1, 0.12126709E-2
0.16153242E-1, 0.13000069E-2, 0.41612983E-1, 0.33119679E-2, 0.50903331E-1, 0.31758871E-1, 0.25741091, 0.32138743E-1, 0.12774947E-2
0.16160557E-1, 0.13000743E-2, 0.41548278E-1, 0.33133563E-2, 0.61331317E-1, 0.38270488E-1, 0.31107667, 0.38809683E-1, 0.15425807E-2
0.16167222E-1, 0.13001395E-2, 0.41489176E-1, 0.33147472E-2, 0.51454756E-1, 0.32112997E-1, 0.26180086, 0.32637324E-1, 0.12971782E-2
0.16172361E-1, 0.13001988E-2, 0.41434765E-1, 0.33160900E-2, 0.55481356E-1, 0.34630112E-1, 0.28307313, 0.35264656E-1, 0.14015333E-2
0.16176376E-1, 0.13002538E-2, 0.41387998E-1, 0.33174281E-2, 0.46892352E-1, 0.29271983E-1, 0.23987806, 0.29863777E-1, 0.11868286E-2
0.16179260E-1, 0.13002979E-2, 0.41322775E-1, 0.33184788E-2, 0.33694834E-1, 0.21032460E-1, 0.17263840, 0.21481659E-1, 0.85367955E-3
0.16181605E-1, 0.13003530E-2, 0.41246619E-1, 0.33195894E-2, 0.46148773E-1, 0.28805329E-1, 0.23682629, 0.29454106E-1, 0.11704612E-2
0.16188644E-1, 0.13004191E-2, 0.41177157E-1, 0.33208935E-2, 0.45398638E-1, 0.28337896E-1, 0.23346274, 0.29019397E-1, 0.11531380E-2
0.16196406E-1, 0.13004893E-2, 0.41116938E-1, 0.33223217E-2, 0.50141186E-1, 0.31299792E-1, 0.25842983, 0.32104235E-1, 0.12756642E-2
0.16204430E-1, 0.13005603E-2, 0.41058939E-1, 0.33237641E-2, 0.49222447E-1, 0.30728694E-1, 0.25431025, 0.31573702E-1, 0.12545257E-2
0.16213641E-1, 0.13006361E-2, 0.41010592E-1, 0.33253387E-2, 0.53451993E-1, 0.33372525E-1, 0.27687153, 0.34354154E-1, 0.13649380E-2
0.16222853E-1, 0.13007117E-2, 0.40971395E-1, 0.33269792E-2, 0.55574171E-1, 0.34702558E-1, 0.28868696, 0.35797834E-1, 0.14222258E-2
0.16231278E-1, 0.13007843E-2, 0.40942635E-1, 0.33286533E-2, 0.56487374E-1, 0.35278410E-1, 0.29429844, 0.36470775E-1, 0.14488871E-2
0.16238241E-1, 0.13008512E-2, 0.40919945E-1, 0.33302940E-2, 0.47808528E-1, 0.29861763E-1, 0.24974437, 0.30931633E-1, 0.12287728E-2
0.16243741E-1, 0.13009121E-2, 0.40901244E-1, 0.33318866E-2, 0.45428175E-1, 0.28376091E-1, 0.23781031, 0.29438766E-1, 0.11694166E-2
0.16248079E-1, 0.13009687E-2, 0.40882606E-1, 0.33334175E-2, 0.37574567E-1, 0.23470193E-1, 0.19703402, 0.24380246E-1, 0.96843595E-3
0.16267974E-1, 0.13010285E-2, 0.40868118E-1, 0.33350221E-2, 0.39088733E-1, 0.24413342E-1, 0.20522007, 0.25382986E-1, 0.10082306E-2
0.16265823E-1, 0.13011176E-2, 0.40858999E-1, 0.33370517E-2, 0.60320932E-1, 0.37678417E-1, 0.31747118, 0.39247103E-1, 0.15588531E-2
0.16276784E-1, 0.13012005E-2, 0.40847491E-1, 0.33389779E-2, 0.54737665E-1, 0.34197539E-1, 0.28898191, 0.35704419E-1, 0.14180668E-2
0.16284501E-1, 0.13012709E-2, 0.40830452E-1, 0.33406927E-2, 0.42726010E-1, 0.26695486E-1, 0.22609581, 0.27921218E-1, 0.11088937E-2
0.16290497E-1, 0.13013344E-2, 0.40808644E-1, 0.33422804E-2, 0.36955606E-1, 0.23089111E-1, 0.19585133, 0.24176916E-1, 0.96015312E-3
0.16294738E-1, 0.13013909E-2, 0.40771905E-1, 0.33436620E-2, 0.36457289E-1, 0.22775520E-1, 0.19343089, 0.23869773E-1, 0.94792357E-3
0.16302275E-1, 0.13014604E-2, 0.40750585E-1, 0.33453286E-2, 0.43660264E-1, 0.27273864E-1, 0.23197857, 0.28615899E-1, 0.11363622E-2
0.16314244E-1, 0.13015476E-2, 0.40735513E-1, 0.33472739E-2, 0.50258812E-1, 0.31398002E-1, 0.26761582, 0.32997668E-1, 0.13103101E-2
0.16328741E-1, 0.13016310E-2, 0.40702067E-1, 0.33490269E-2, 0.42795416E-1, 0.26736841E-1, 0.22835223, 0.28144468E-1, 0.11175460E-2
0.16346438E-1, 0.13017112E-2, 0.40663127E-1, 0.33506991E-2, 0.45437675E-1, 0.28387832E-1, 0.24288940, 0.29924499E-1, 0.11881795E-2
0.16346347E-1, 0.13017947E-2, 0.40630203E-1, 0.33524495E-2, 0.44448040E-1, 0.27770270E-1, 0.23805287, 0.29317180E-1, 0.11640181E-2
0.16356649E-1, 0.13018752E-2, 0.40593512E-1, 0.33541371E-2, 0.47167428E-1, 0.29470420E-1, 0.25311619, 0.31160219E-1, 0.12371429E-2
0.16366906E-1, 0.13019560E-2, 0.40556826E-1, 0.33558202E-2, 0.46083342E-1, 0.28794525E-1, 0.24780616, 0.30494666E-1, 0.12106675E-2
0.16377755E-1, 0.13020390E-2, 0.40524233E-1, 0.33575597E-2, 0.46224322E-1, 0.28883766E-1, 0.24905805, 0.30637182E-1, 0.12162748E-2
0.16387628E-1, 0.13021185E-2, 0.40485308E-1, 0.33592051E-2, 0.40748358E-1, 0.25462369E-1, 0.21994346, 0.27046314E-1, 0.10736774E-2
0.16398571E-1, 0.13022021E-2, 0.40455416E-1, 0.33609683E-2, 0.47688048E-1, 0.29799199E-1, 0.25786260, 0.31698249E-1, 0.12582989E-2
0.16409697E-1, 0.13022866E-2, 0.40436242E-1, 0.33628198E-2, 0.48899569E-1, 0.30558385E-1, 0.26498544, 0.32561757E-1, 0.12925201E-2
0.16420605E-1, 0.13023702E-2, 0.40430892E-1, 0.33647618E-2, 0.50819833E-1, 0.31761266E-1, 0.27602172, 0.33905301E-1, 0.13457908E-2
0.16439376E-1, 0.13024473E-2, 0.40432163E-1, 0.33666641E-2, 0.41209996E-1, 0.25756624E-1, 0.22427429, 0.27539574E-1, 0.10930727E-2
0.16454898E-1, 0.13025164E-2, 0.40423490E-1, 0.33683830E-2, 0.37680175E-1, 0.23549167E-1, 0.20533848, 0.25207248E-1, 0.10004642E-2
0.16445449E-1, 0.13025909E-2, 0.40424444E-1, 0.33702452E-2, 0.40780433E-1, 0.25485642E-1, 0.22253481, 0.27310755E-1, 0.10839123E-2
0.16452607E-1, 0.13026597E-2, 0.40424589E-1, 0.33720282E-2, 0.41315280E-1, 0.25819343E-1, 0.22579351, 0.27702853E-1, 0.10994324E-2
0.16459677E-1, 0.13027263E-2, 0.40422343E-1, 0.33737537E-2, 0.38486272E-1, 0.24049900E-1, 0.21061018, 0.25832988E-1, 0.10251859E-2
0.16473738E-1, 0.13028171E-2, 0.40420748E-1, 0.33758101E-2, 0.54888312E-1, 0.34301825E-1, 0.30097976, 0.36906246E-1, 0.14645690E-2
0.16484652E-1, 0.13029093E-2, 0.40408365E-1, 0.33778066E-2, 0.42271912E-1, 0.26419843E-1, 0.23231632, 0.28477756E-1, 0.11300470E-2
0.16496474E-1, 0.13029973E-2, 0.40387094E-1, 0.33796718E-2, 0.52236721E-1, 0.32649375E-1, 0.28764632, 0.35249904E-1, 0.13987185E-2
0.16512301E-1, 0.13030960E-2, 0.40399607E-1, 0.33819301E-2, 0.57394132E-1, 0.35878453E-1, 0.31688705, 0.38820446E-1, 0.15403222E-2
0.16566366E-1, 0.13032068E-2, 0.40432967E-1, 0.33845087E-2, 0.55864096E-1, 0.34928806E-1, 0.30932769, 0.37881985E-1, 0.15030089E-2
0.16544072E-1, 0.13033093E-2, 0.40453367E-1, 0.33868768E-2, 0.50263107E-1, 0.31431872E-1, 0.27904293, 0.34163065E-1, 0.13553915E-2
0.16556291E-1, 0.13033992E-2, 0.40467307E-1, 0.33890288E-2, 0.39591733E-1, 0.24759101E-1, 0.22019073, 0.26951341E-1, 0.10692290E-2
0.16565768E-1, 0.13034784E-2, 0.40454164E-1, 0.33908321E-2, 0.38049422E-1, 0.23793107E-1, 0.21187262, 0.25927985E-1, 0.10285944E-2
0.16579252E-1, 0.13035731E-2, 0.40444568E-1, 0.33928761E-2, 0.46515476E-1, 0.29086921E-1, 0.25941539, 0.31739380E-1, 0.12590920E-2
0.16594252E-1, 0.13036738E-2, 0.40446248E-1, 0.33950810E-2, 0.45059182E-1, 0.28177604E-1, 0.25176767, 0.30796817E-1, 0.12216503E-2
0.16608845E-1, 0.13037715E-2, 0.40440377E-1, 0.33971807E-2, 0.41904345E-1, 0.26205041E-1, 0.23452865, 0.28682210E-1, 0.11377236E-2
0.16673302E-1, 0.13038723E-2, 0.40443242E-1, 0.33993903E-2, 0.48472695E-1, 0.30313114E-1, 0.27175912, 0.33228520E-1, 0.13180071E-2
0.16638869E-1, 0.13039727E-2, 0.40458940E-1, 0.34016841E-2, 0.46849001E-1, 0.29299818E-1, 0.26318955, 0.32173898E-1, 0.12761214E-2
0.16650431E-1, 0.13040635E-2, 0.40474880E-1, 0.34038536E-2, 0.42655852E-1, 0.26677970E-1, 0.24004899, 0.29339446E-1, 0.11636515E-2
0.16662735E-1, 0.13041554E-2, 0.40498186E-1, 0.34060923E-2, 0.42920083E-1, 0.26843213E-1, 0.24191563, 0.29562380E-1, 0.11724489E-2
0.16674114E-1, 0.13042429E-2, 0.40511057E-1, 0.34081929E-2, 0.35758458E-1, 0.22363305E-1, 0.20181231, 0.24657832E-1, 0.97789930E-3
0.16684515E-1, 0.13043265E-2, 0.40525198E-1, 0.34102527E-2, 0.38686998E-1, 0.24192728E-1, 0.21856561, 0.26700944E-1, 0.10588914E-2
0.16694358E-1, 0.13044080E-2, 0.40540833E-1, 0.34122940E-2, 0.34136210E-1, 0.21344731E-1, 0.19303890, 0.23579217E-1, 0.93506055E-3
0.16707163E-1, 0.13044981E-2, 0.40561482E-1, 0.34144856E-2, 0.41245122E-1, 0.25787966E-1, 0.23349568, 0.28516954E-1, 0.11308343E-2
0.16733747E-1, 0.13046042E-2, 0.40591750E-1, 0.34169652E-2, 0.50575808E-1, 0.31623159E-1, 0.28683653, 0.35025828E-1, 0.13888865E-2
0.16740764E-1, 0.13047194E-2, 0.40625662E-1, 0.34195913E-2, 0.53136058E-1, 0.33228029E-1, 0.30205891, 0.36878172E-1, 0.14622705E-2
0.16759222E-1, 0.13048351E-2, 0.40659979E-1, 0.34222286E-2, 0.52287553E-1, 0.32701891E-1, 0.29795238, 0.36370747E-1, 0.14420825E-2
0.16773529E-1, 0.13049345E-2, 0.40661570E-1, 0.34244077E-2, 0.40791757E-1, 0.25513643E-1, 0.23288743, 0.28424455E-1, 0.11269689E-2
0.16778367E-1, 0.13049972E-2, 0.40589642E-1, 0.34255388E-2, 0.39929315E-1, 0.24973387E-1, 0.22826393, 0.27857039E-1, 0.11044326E-2
0.17869005E-1, 0.13051187E-2, 0.40627528E-1, 0.34282743E-2, 0.30738657E-1, 0.19223100E-1, 0.17587174, 0.21461092E-1, 0.85082994E-3
0.18217402E-1, 0.13052151E-2, 0.40618449E-1, 0.34303265E-2, 0.32457486E-1, 0.20294687E-1, 0.18578963, 0.22669464E-1, 0.89871127E-3
0.17009437E-1, 0.13053162E-2, 0.40619571E-1, 0.34325132E-2, 0.41521121E-1, 0.25959536E-1, 0.23789293, 0.29024167E-1, 0.11506011E-2
0.16866023E-1, 0.13054258E-2, 0.40637393E-1, 0.34349323E-2, 0.44307183E-1, 0.27701378E-1, 0.25423867, 0.31015135E-1, 0.12294825E-2
0.16856791E-1, 0.13055323E-2, 0.40657885E-1, 0.34373300E-2, 0.42184200E-1, 0.26374247E-1, 0.24243347, 0.29571978E-1, 0.11722291E-2
0.16868554E-1, 0.13056308E-2, 0.40678721E-1, 0.34396274E-2, 0.41077089E-1, 0.25681529E-1, 0.23639873, 0.28833199E-1, 0.11429021E-2
0.16880281E-1, 0.13057224E-2, 0.40702071E-1, 0.34418455E-2, 0.35752799E-1, 0.22351388E-1, 0.20598869, 0.25122093E-1, 0.99576602E-3
0.16891709E-1, 0.13058045E-2, 0.40721659E-1, 0.34439152E-2, 0.34557555E-1, 0.21601662E-1, 0.19926076, 0.24299841E-1, 0.96314430E-3
0.16898030E-1, 0.13058805E-2, 0.40738419E-1, 0.34458800E-2, 0.29501436E-1, 0.18438317E-1, 0.17020148, 0.20754756E-1, 0.82260772E-3
0.17488344E-1, 0.13059473E-2, 0.40744308E-1, 0.34476460E-2, 0.21650702E-1, 0.13528194E-1, 0.12489946, 0.15229769E-1, 0.60361257E-3
0.17414309E-1, 0.13060146E-2, 0.40758990E-1, 0.34494756E-2, 0.18765388E-1, 0.11721535E-1, 0.10819706, 0.13192613E-1, 0.52286289E-3
0.17683400E-1, 0.13060827E-2, 0.40784873E-1, 0.34514049E-2, 0.18269490E-1, 0.11407832E-1, 0.10526676, 0.12834835E-1, 0.50867442E-3
0.17494230E-1, 0.13061415E-2, 0.40792696E-1, 0.34530717E-2, 0.18219192E-1, 0.11372407E-1, 0.10490158, 0.12789817E-1, 0.50688197E-3
0.17388068E-1, 0.13061923E-2, 0.40784772E-1, 0.34545141E-2, 0.18982161E-1, 0.11844572E-1, 0.10922194, 0.13316027E-1, 0.52772748E-3
0.18160773E-1, 0.13062329E-2, 0.40753506E-1, 0.34556428E-2, 0.18210284E-1, 0.11359031E-1, 0.10470963, 0.12765368E-1, 0.50589570E-3
0.19535493E-1, 0.13062626E-2, 0.40697124E-1, 0.34564408E-2, 0.13333345E-1, 0.83137807E-2, 0.76593779E-1, 0.93373638E-2, 0.37003736E-3
0.21823358E-1, 0.13062862E-2, 0.40627524E-1, 0.34570568E-2, 0.12997312E-1, 0.81009548E-2, 0.74571371E-1, 0.90905251E-2, 0.36025076E-3
0.24428206E-1, 0.13063039E-2, 0.40543836E-1, 0.34574820E-2, 0.12703915E-1, 0.79148998E-2, 0.72791286E-1, 0.88732336E-2, 0.35163548E-3
0.27530503E-1, 0.13063139E-2, 0.40440783E-1, 0.34576496E-2, 0.12271870E-1, 0.76426822E-2, 0.70213914E-1, 0.85587641E-2, 0.33916938E-3
0.29607151E-1, 0.13063172E-2, 0.40322348E-1, 0.34576117E-2, 0.11780499E-1, 0.73337909E-2, 0.67297660E-1, 0.82030073E-2, 0.32506770E-3
0.32212313E-1, 0.13063172E-2, 0.40196877E-1, 0.34574724E-2, 0.12257039E-1, 0.76275128E-2, 0.69906294E-1, 0.85206740E-2, 0.33765228E-3
0.34612201E-1, 0.13063117E-2, 0.40058445E-1, 0.34571588E-2, 0.12436030E-1, 0.77360920E-2, 0.70811607E-1, 0.86306846E-2, 0.34200778E-3
0.37077550E-1, 0.13063009E-2, 0.39906569E-1, 0.34566643E-2, 0.11906217E-1, 0.74038291E-2, 0.67675859E-1, 0.82481652E-2, 0.32684585E-3
0.38723852E-1, 0.13062867E-2, 0.39746065E-1, 0.34560477E-2, 0.11668060E-1, 0.72531672E-2, 0.66201836E-1, 0.80681909E-2, 0.31971058E-3
0.40191468E-1, 0.13062692E-2, 0.39579246E-1, 0.34553364E-2, 0.11312333E-1, 0.70295744E-2, 0.64062759E-1, 0.78071752E-2, 0.30936408E-3
0.41129541E-1, 0.13062500E-2, 0.39408624E-1, 0.34545630E-2, 0.10631482E-1, 0.66042216E-2, 0.60091689E-1, 0.73229289E-2, 0.29017255E-3
0.42185642E-1, 0.13062297E-2, 0.39236981E-1, 0.34537618E-2, 0.11852317E-1, 0.73600598E-2, 0.66859923E-1, 0.81473663E-2, 0.32283762E-3
0.41457191E-1, 0.13062084E-2, 0.39063063E-1, 0.34529157E-2, 0.10487452E-1, 0.65103569E-2, 0.59045866E-1, 0.71948403E-2, 0.28509091E-3
0.42832866E-1, 0.13061904E-2, 0.38900211E-1, 0.34521904E-2, 0.11333032E-1, 0.70328894E-2, 0.63682251E-1, 0.77594328E-2, 0.30745936E-3
0.45666583E-1, 0.13061645E-2, 0.38717806E-1, 0.34512084E-2, 0.11130692E-1, 0.69051194E-2, 0.62419508E-1, 0.76051932E-2, 0.30134455E-3
0.47210477E-1, 0.13061351E-2, 0.38526122E-1, 0.34500952E-2, 0.93780728E-2, 0.58159982E-2, 0.52479967E-1, 0.63938596E-2, 0.25334477E-3
0.49365081E-1, 0.13061026E-2, 0.38328052E-1, 0.34488859E-2, 0.80157220E-2, 0.49694562E-2, 0.44752605E-1, 0.54521756E-2, 0.21603052E-3
0.49726464E-1, 0.13060683E-2, 0.38126599E-1, 0.34476174E-2, 0.83287070E-2, 0.51617743E-2, 0.46389557E-1, 0.56513757E-2, 0.22392160E-3
0.49599327E-1, 0.13060329E-2, 0.37924357E-1, 0.34463205E-2, 0.82089128E-2, 0.50859000E-2, 0.45616154E-1, 0.55569173E-2, 0.22017721E-3
0.50199822E-1, 0.13059976E-2, 0.37722457E-1, 0.34450099E-2, 0.86737499E-2, 0.53722002E-2, 0.48087381E-1, 0.58576944E-2, 0.23209283E-3
0.50396577E-1, 0.13059614E-2, 0.37520669E-1, 0.34436821E-2, 0.85957581E-2, 0.53222533E-2, 0.47544956E-1, 0.57913414E-2, 0.22946190E-3
0.50638650E-1, 0.13059245E-2, 0.37318908E-1, 0.34423366E-2, 0.83760060E-2, 0.51846053E-2, 0.46222299E-1, 0.56299567E-2, 0.22306577E-3
0.50963357E-1, 0.13058871E-2, 0.37116900E-1, 0.34409706E-2, 0.88243475E-2, 0.54604919E-2, 0.48584651E-1, 0.59173922E-2, 0.23445240E-3
0.51326305E-1, 0.13058489E-2, 0.36914654E-1, 0.34395827E-2, 0.87746279E-2, 0.54281396E-2, 0.48200216E-1, 0.58702528E-2, 0.23258272E-3
0.51250104E-1, 0.13058099E-2, 0.36711223E-1, 0.34381633E-2, 0.89051276E-2, 0.55073122E-2, 0.48807114E-1, 0.59438334E-2, 0.23549603E-3
0.51921152E-1, 0.13057693E-2, 0.36505468E-1, 0.34366953E-2, 0.79925517E-2, 0.49415585E-2, 0.43706946E-1, 0.53224303E-2, 0.21087425E-3
0.52134160E-1, 0.13057278E-2, 0.36298554E-1, 0.34351978E-2, 0.81391120E-2, 0.50307377E-2, 0.44404648E-1, 0.54071010E-2, 0.21422721E-3
0.51789053E-1, 0.13056854E-2, 0.36091615E-1, 0.34336806E-2, 0.84745688E-2, 0.52366513E-2, 0.46130169E-1, 0.56168968E-2, 0.22253745E-3
0.51996905E-1, 0.13056428E-2, 0.35884541E-1, 0.34321435E-2, 0.82834400E-2, 0.51171612E-2, 0.44987541E-1, 0.54774410E-2, 0.21701060E-3
0.52821919E-1, 0.13055992E-2, 0.35675999E-1, 0.34305693E-2, 0.84710913E-2, 0.52316990E-2, 0.45902509E-1, 0.55885040E-2, 0.22140905E-3
0.54083936E-1, 0.13055536E-2, 0.35464115E-1, 0.34289355E-2, 0.79959333E-2, 0.49369689E-2, 0.43228354E-1, 0.52626110E-2, 0.20849587E-3
0.56114443E-1, 0.13055061E-2, 0.35248395E-1, 0.34272363E-2, 0.76846378E-2, 0.47435518E-2, 0.41446440E-1, 0.50453786E-2, 0.19988800E-3
0.53598333E-1, 0.13054579E-2, 0.35032135E-1, 0.34255115E-2, 0.89084702E-2, 0.54976591E-2, 0.47938470E-1, 0.58352929E-2, 0.23118101E-3
0.53022463E-1, 0.13054091E-2, 0.34816362E-1, 0.34237725E-2, 0.82596997E-2, 0.50960812E-2, 0.44350911E-1, 0.53982269E-2, 0.21386366E-3
0.53436056E-1, 0.13053596E-2, 0.34599677E-1, 0.34220049E-2, 0.10441797E-1, 0.64409222E-2, 0.55947639E-1, 0.68092211E-2, 0.26976116E-3
0.53783316E-1, 0.13053089E-2, 0.34381706E-1, 0.34202023E-2, 0.10792980E-1, 0.66561662E-2, 0.57711590E-1, 0.70232875E-2, 0.27823893E-3
0.53609297E-1, 0.13052573E-2, 0.34162678E-1, 0.34183683E-2, 0.97477781E-2, 0.60103689E-2, 0.52018400E-1, 0.63298917E-2, 0.25076643E-3
0.46080805E-1, 0.13052084E-2, 0.33953298E-1, 0.34166330E-2, 0.92097707E-2, 0.56774248E-2, 0.49047057E-1, 0.59678308E-2, 0.23642076E-3
0.28846314E-1, 0.13052225E-2, 0.33920795E-1, 0.34170530E-2, 0.10263568E-1, 0.63254405E-2, 0.54577462E-1, 0.66401786E-2, 0.26305392E-3
0.28835885E-1, 0.13052614E-2, 0.33956654E-1, 0.34183136E-2, 0.11583749E-1, 0.71371822E-2, 0.61521832E-1, 0.74843396E-2, 0.29649268E-3
0.34654241E-1, 0.13052811E-2, 0.33940442E-1, 0.34189338E-2, 0.10568135E-1, 0.65097953E-2, 0.56055751E-1, 0.68186880E-2, 0.27011996E-3
0.42925119E-1, 0.13052702E-2, 0.33838801E-1, 0.34184987E-2, 0.96493475E-2, 0.59424033E-2, 0.51101625E-1, 0.62154909E-2, 0.24622207E-3
0.52014206E-1, 0.13052324E-2, 0.33663288E-1, 0.34171459E-2, 0.65847794E-2, 0.40541952E-2, 0.34802828E-1, 0.42327452E-2, 0.16767574E-3
0.57958122E-1, 0.13051844E-2, 0.33460323E-1, 0.34154432E-2, 0.56292787E-2, 0.34650781E-2, 0.29681392E-1, 0.36096633E-2, 0.14299217E-3
0.57318036E-1, 0.13051325E-2, 0.33248022E-1, 0.34136090E-2, 0.66288281E-2, 0.40794271E-2, 0.34866810E-1, 0.42400309E-2, 0.16796240E-3
0.56558628E-1, 0.13050780E-2, 0.33029422E-1, 0.34116791E-2, 0.61433949E-2, 0.37798691E-2, 0.32237556E-1, 0.39200513E-2, 0.15528593E-3
0.57345673E-1, 0.13050223E-2, 0.32808576E-1, 0.34097035E-2, 0.64694351E-2, 0.39796173E-2, 0.33867821E-1, 0.41180300E-2, 0.16312754E-3
0.56106903E-1, 0.13049657E-2, 0.32588050E-1, 0.34077119E-2, 0.64869029E-2, 0.39895247E-2, 0.33880640E-1, 0.41193157E-2, 0.16317745E-3
0.55793315E-1, 0.13049090E-2, 0.32368928E-1, 0.34057181E-2, 0.62089106E-2, 0.38177643E-2, 0.32354537E-1, 0.39335107E-2, 0.15581616E-3
0.56940679E-1, 0.13048522E-2, 0.32150637E-1, 0.34037163E-2, 0.65004756E-2, 0.39962241E-2, 0.33794686E-1, 0.41083232E-2, 0.16273990E-3
0.58646511E-1, 0.13047946E-2, 0.31932373E-1, 0.34016951E-2, 0.56819026E-2, 0.34923069E-2, 0.29469799E-1, 0.35823246E-2, 0.14190307E-3
0.58708943E-1, 0.13047365E-2, 0.31713881E-1, 0.33996520E-2, 0.56930613E-2, 0.34984767E-2, 0.29457292E-1, 0.35805816E-2, 0.14183327E-3
0.59584010E-1, 0.13046778E-2, 0.31495392E-1, 0.33975907E-2, 0.55199354E-2, 0.33914337E-2, 0.28493026E-1, 0.34631593E-2, 0.13718120E-3
0.60958389E-1, 0.13046187E-2, 0.31276561E-1, 0.33955076E-2, 0.56547117E-2, 0.34736025E-2, 0.29118611E-1, 0.35389729E-2, 0.14018352E-3
0.60467511E-1, 0.13045586E-2, 0.31057727E-1, 0.33934042E-2, 0.58100917E-2, 0.35684144E-2, 0.29846067E-1, 0.36271466E-2, 0.14367542E-3
0.57627972E-1, 0.13044986E-2, 0.30840363E-1, 0.33913003E-2, 0.60944776E-2, 0.37424208E-2, 0.31234886E-1, 0.37956652E-2, 0.15034973E-3
0.55889159E-1, 0.13044381E-2, 0.30624615E-1, 0.33891983E-2, 0.64269658E-2, 0.39459001E-2, 0.32866299E-1, 0.39936202E-2, 0.15818991E-3
0.53992905E-1, 0.13043779E-2, 0.30410137E-1, 0.33870917E-2, 0.64854380E-2, 0.39811148E-2, 0.33095635E-1, 0.40211761E-2, 0.15928042E-3
0.53492218E-1, 0.13043173E-2, 0.30196534E-1, 0.33849776E-2, 0.62685935E-2, 0.38473308E-2, 0.31921823E-1, 0.38782556E-2, 0.15361828E-3
0.54671489E-1, 0.13042566E-2, 0.29983662E-1, 0.33828549E-2, 0.59992173E-2, 0.36813666E-2, 0.30485312E-1, 0.37034515E-2, 0.14669339E-3
0.55391073E-1, 0.13041953E-2, 0.29771239E-1, 0.33807191E-2, 0.60944506E-2, 0.37391840E-2, 0.30903341E-1, 0.37539545E-2, 0.14869288E-3
0.57863973E-1, 0.13041337E-2, 0.29558919E-1, 0.33785668E-2, 0.57397280E-2, 0.35209840E-2, 0.29041413E-1, 0.35275151E-2, 0.13972286E-3
0.57060696E-1, 0.13040720E-2, 0.29347172E-1, 0.33764022E-2, 0.51389164E-2, 0.31519230E-2, 0.25945093E-1, 0.31512012E-2, 0.12481659E-3
0.57338007E-1, 0.13040093E-2, 0.29136021E-1, 0.33742283E-2, 0.60514146E-2, 0.37110182E-2, 0.30483032E-1, 0.37020971E-2, 0.14663633E-3
0.51881421E-1, 0.13039471E-2, 0.28927002E-1, 0.33720615E-2, 0.68460195E-2, 0.41976892E-2, 0.34417897E-1, 0.41796258E-2, 0.16554975E-3
0.58590278E-1, 0.13038847E-2, 0.28718155E-1, 0.33698792E-2, 0.55072787E-2, 0.33763368E-2, 0.27629642E-1, 0.33550011E-2, 0.13288656E-3
0.57618149E-1, 0.13038213E-2, 0.28509406E-1, 0.33676808E-2, 0.57575973E-2, 0.35293023E-2, 0.28823022E-1, 0.34996474E-2, 0.13861500E-3
0.61185356E-1, 0.13037574E-2, 0.28301088E-1, 0.33654701E-2, 0.47796001E-2, 0.29294088E-2, 0.23873780E-1, 0.28985096E-2, 0.11480435E-3
0.61878782E-1, 0.13036933E-2, 0.28093062E-1, 0.33632447E-2, 0.44558966E-2, 0.27306436E-2, 0.22205271E-1, 0.26957651E-2, 0.10677355E-3
0.58300745E-1, 0.13036293E-2, 0.27886387E-1, 0.33610177E-2, 0.48892098E-2, 0.29957739E-2, 0.24309568E-1, 0.29510404E-2, 0.11688393E-3
0.59958350E-1, 0.13035651E-2, 0.27680593E-1, 0.33587848E-2, 0.51203552E-2, 0.31369894E-2, 0.25400944E-1, 0.30833117E-2, 0.12212228E-3
0.52767750E-1, 0.13035010E-2, 0.27476577E-1, 0.33565564E-2, 0.56693824E-2, 0.34728982E-2, 0.28068151E-1, 0.34068117E-2, 0.13493457E-3
0.58094639E-1, 0.13034369E-2, 0.27273364E-1, 0.33543194E-2, 0.47138501E-2, 0.28871826E-2, 0.23288259E-1, 0.28264339E-2, 0.11194678E-3
0.61787911E-1, 0.13033723E-2, 0.27070316E-1, 0.33520677E-2, 0.45509334E-2, 0.27870541E-2, 0.22433478E-1, 0.27225085E-2, 0.10783009E-3
0.59334416E-1, 0.13033074E-2, 0.26868081E-1, 0.33498087E-2, 0.47544590E-2, 0.29113553E-2, 0.23384521E-1, 0.28377341E-2, 0.11239327E-3
0.56661487E-1, 0.13032418E-2, 0.26667230E-1, 0.33475501E-2, 0.43399152E-2, 0.26571855E-2, 0.21300387E-1, 0.25846472E-2, 0.10236888E-3
0.57049021E-1, 0.13031757E-2, 0.26467431E-1, 0.33452874E-2, 0.44047735E-2, 0.26965595E-2, 0.21573098E-1, 0.26175664E-2, 0.10367222E-3
0.53826749E-1, 0.13031097E-2, 0.26268739E-1, 0.33430210E-2, 0.50739236E-2, 0.31058290E-2, 0.24799511E-1, 0.30088271E-2, 0.11916810E-3
0.51938809E-1, 0.13030434E-2, 0.26071168E-1, 0.33407502E-2, 0.50694374E-2, 0.31027074E-2, 0.24730530E-1, 0.30002261E-2, 0.11882680E-3
0.48768833E-1, 0.13029766E-2, 0.25874639E-1, 0.33384771E-2, 0.59062596E-2, 0.36144343E-2, 0.28760036E-1, 0.34887777E-2, 0.13817560E-3
0.48210904E-1, 0.13029107E-2, 0.25679072E-1, 0.33361975E-2, 0.64060381E-2, 0.39198287E-2, 0.31140309E-1, 0.37771603E-2, 0.14959631E-3
0.51074762E-1, 0.13028443E-2, 0.25484426E-1, 0.33339143E-2, 0.58086636E-2, 0.35539106E-2, 0.28187802E-1, 0.34187080E-2, 0.13539876E-3
0.55384617E-1, 0.13027780E-2, 0.25291186E-1, 0.33316331E-2, 0.48339306E-2, 0.29572311E-2, 0.23412528E-1, 0.28393087E-2, 0.11245089E-3
0.54498028E-1, 0.13027113E-2, 0.25099408E-1, 0.33293522E-2, 0.53931354E-2, 0.32990051E-2, 0.26070170E-1, 0.31613531E-2, 0.12520485E-3
0.48350386E-1, 0.13026457E-2, 0.24909088E-1, 0.33270724E-2, 0.58792154E-2, 0.35959696E-2, 0.28370237E-1, 0.34399547E-2, 0.13623809E-3
