0.11031342E-2, 0.35223332E-2, 0.15271771E-4, 0.42934167E-10, 0.44451037E-3, 0.22103135E-1, 0.45917217E-1, 18.089994, 131.92999
0.12794614E-2, 0.36558823E-2, 0.15271740E-4, 0.45260587E-10, 0.35785491E-4, 0.23382597E-1, 0.48574213E-1, 18.089989, 131.92999
0.12402856E-2, 0.35233614E-2, 0.15271708E-4, 0.47731277E-10, 0.23890116E-4, 0.24622880E-1, 0.51149745E-1, 18.089985, 131.92999
0.13691043E-2, 0.39196638E-2, 0.15271680E-4, 0.50325157E-10, 0.23937471E-4, 0.25991986E-1, 0.53992666E-1, 18.089983, 131.92999
0.14502163E-2, 0.41737459E-2, 0.15271653E-4, 0.53083149E-10, 0.28568316E-4, 0.27442202E-1, 0.57003886E-1, 18.089977, 131.92999
0.13226726E-2, 0.37774446E-2, 0.15271620E-4, 0.55815498E-10, 0.24776880E-4, 0.28764874E-1, 0.59750151E-1, 18.089972, 131.92999
0.95288985E-3, 0.26204204E-2, 0.15271593E-4, 0.58116442E-10, 0.54885163E-5, 0.29717762E-1, 0.61728563E-1, 18.089972, 131.92999
0.67532936E-3, 0.17609753E-2, 0.15271566E-4, 0.59704901E-10, 0.0000000, 0.30393092E-1, 0.63130662E-1, 18.089972, 131.92999
0.73078810E-3, 0.19315670E-2, 0.15271540E-4, 0.61083180E-10, 0.0000000, 0.31123880E-1, 0.64647883E-1, 18.089972, 131.92999
0.77637931E-3, 0.20809264E-2, 0.15271518E-4, 0.62570352E-10, 0.91300644E-5, 0.31900264E-1, 0.66259712E-1, 18.089972, 131.92999
0.63232600E-3, 0.16286024E-2, 0.15271500E-4, 0.63971807E-10, 0.0000000, 0.32532595E-1, 0.67572452E-1, 18.089972, 131.92999
0.85634459E-3, 0.23449464E-2, 0.15271493E-4, 0.65384538E-10, 0.27205902E-4, 0.33388935E-1, 0.69350198E-1, 18.089972, 131.92999
0.91722351E-3, 0.25340905E-2, 0.15271484E-4, 0.67128046E-10, 0.29107030E-4, 0.34306146E-1, 0.71254261E-1, 18.089968, 131.92999
0.58117631E-3, 0.15064998E-2, 0.15271480E-4, 0.68702766E-10, 0.35323665E-4, 0.34887329E-1, 0.72460726E-1, 18.089968, 131.92999
0.10783849E-2, 0.30649621E-2, 0.15271478E-4, 0.70234804E-10, 0.64281783E-4, 0.35965711E-1, 0.74699268E-1, 18.089962, 131.92999
0.93941507E-3, 0.26282109E-2, 0.15271471E-4, 0.72277878E-10, 0.55084409E-4, 0.36905121E-1, 0.76649256E-1, 18.089962, 131.92999
0.83042611E-3, 0.22936005E-2, 0.15271462E-4, 0.74070625E-10, 0.55781817E-4, 0.37735552E-1, 0.78372985E-1, 18.089962, 131.92999
0.79683884E-3, 0.21718843E-2, 0.15271457E-4, 0.75657806E-10, 0.37420377E-4, 0.38532391E-1, 0.80026940E-1, 18.089962, 131.92999
0.79696794E-3, 0.21731895E-2, 0.15271455E-4, 0.77231742E-10, 0.38361559E-4, 0.39329350E-1, 0.81681110E-1, 18.089962, 131.92999
0.70498564E-3, 0.19116057E-2, 0.15271451E-4, 0.78764016E-10, 0.59744125E-4, 0.40034328E-1, 0.83144329E-1, 18.089962, 131.92999
0.82444027E-3, 0.22834234E-2, 0.15271451E-4, 0.80260486E-10, 0.64150328E-4, 0.40858760E-1, 0.84855445E-1, 18.089962, 131.92999
0.80634345E-3, 0.22287099E-2, 0.15271451E-4, 0.81889391E-10, 0.65136119E-4, 0.41665111E-1, 0.86528972E-1, 18.089962, 131.92999
0.93241391E-3, 0.26198695E-2, 0.15271451E-4, 0.83579615E-10, 0.68552639E-4, 0.42597529E-1, 0.88464111E-1, 18.089960, 131.92999
0.70168369E-3, 0.19014491E-2, 0.15271455E-4, 0.85231468E-10, 0.59862992E-4, 0.43299213E-1, 0.89920342E-1, 18.089960, 131.92999
0.95245935E-3, 0.26849557E-2, 0.15271455E-4, 0.86851734E-10, 0.72060422E-4, 0.44251680E-1, 0.91896981E-1, 18.089958, 131.92999
0.90023037E-3, 0.25169360E-2, 0.15271455E-4, 0.88688869E-10, 0.64731437E-4, 0.45151912E-1, 0.93765169E-1, 18.089958, 131.92999
0.86387648E-3, 0.24033517E-2, 0.15271455E-4, 0.90448850E-10, 0.63002568E-4, 0.46015788E-1, 0.95557861E-1, 18.089958, 131.92999
0.66630798E-3, 0.17862514E-2, 0.15271455E-4, 0.92001601E-10, 0.53593369E-4, 0.46682097E-1, 0.96940517E-1, 18.089958, 131.92999
0.76031359E-3, 0.20217514E-2, 0.15271455E-4, 0.93377889E-10, 0.0000000, 0.47442410E-1, 0.98518237E-1, 18.089958, 131.92999
0.72979252E-3, 0.19278524E-2, 0.15271455E-4, 0.94862000E-10, 0.0000000, 0.48172198E-1, 0.10003255, 18.089958, 131.92999
0.90026954E-3, 0.24521439E-2, 0.15271455E-4, 0.96470575E-10, 0.84473868E-8, 0.49072463E-1, 0.10190058, 18.089954, 131.92999
0.88038325E-3, 0.24434845E-2, 0.15271455E-4, 0.98223978E-10, 0.52540585E-4, 0.49952839E-1, 0.10372728, 18.089951, 131.92999
0.80446317E-3, 0.21882730E-2, 0.15271455E-4, 0.99913279E-10, 0.30861542E-4, 0.50757304E-1, 0.10539643, 18.089951, 131.92999
0.73505042E-3, 0.19728194E-2, 0.15271455E-4, 0.10146520E-9, 0.28914255E-4, 0.51492356E-1, 0.10692152, 18.089951, 131.92999
0.76108484E-3, 0.20562825E-2, 0.15271455E-4, 0.10293073E-9, 0.32337146E-4, 0.52253447E-1, 0.10850061, 18.089951, 131.92999
0.79269888E-3, 0.21211628E-2, 0.15271455E-4, 0.10446581E-9, 0.28936483E-7, 0.53046145E-1, 0.11014523, 18.089949, 131.92999
0.78462769E-3, 0.20962812E-2, 0.15271455E-4, 0.10603118E-9, 0.0000000, 0.53830773E-1, 0.11177306, 18.089949, 131.92999
0.79141150E-3, 0.21171132E-2, 0.15271455E-4, 0.10759553E-9, 0.0000000, 0.54622184E-1, 0.11341494, 18.089945, 131.92999
0.58256299E-3, 0.14748221E-2, 0.15271455E-4, 0.10899952E-9, 0.0000000, 0.55204753E-1, 0.11462350, 18.089945, 131.92999
0.46270661E-3, 0.11272135E-2, 0.15271455E-4, 0.11006451E-9, 0.20988164E-4, 0.55667453E-1, 0.11558340, 18.089945, 131.92999
0.84930914E-3, 0.23860903E-2, 0.15271455E-4, 0.28572167E-7, 0.90950729E-4, 0.56516763E-1, 0.11734527, 18.089945, 131.92999
0.12601445E-2, 0.36696044E-2, 0.15271457E-4, 0.10268769E-8, 0.11114537E-3, 0.57776909E-1, 0.11995935, 18.089939, 131.92999
0.10979671E-2, 0.31548608E-2, 0.15271458E-4, 0.11638352E-9, 0.95192278E-4, 0.58874875E-1, 0.12223690, 18.089939, 131.92999
0.11708281E-2, 0.34019672E-2, 0.15271458E-4, 0.11850922E-9, 0.11830256E-3, 0.60045701E-1, 0.12466551, 18.089935, 131.92999
0.13348729E-2, 0.39001373E-2, 0.15271473E-4, 0.12084145E-9, 0.11210828E-3, 0.61380573E-1, 0.12743428, 18.089926, 131.92999
0.13333200E-2, 0.38913989E-2, 0.15271478E-4, 0.12340207E-9, 0.10823320E-3, 0.62713906E-1, 0.13019975, 18.089916, 131.92999
0.11564901E-2, 0.33461819E-2, 0.15271491E-4, 0.12583247E-9, 0.10682631E-3, 0.63870415E-1, 0.13259837, 18.089909, 131.92999
0.11002318E-2, 0.31780025E-2, 0.15271495E-4, 0.12800652E-9, 0.11169197E-3, 0.64970650E-1, 0.13488020, 18.089903, 131.92999
0.10155472E-2, 0.29119756E-2, 0.15271500E-4, 0.13006009E-9, 0.10610755E-3, 0.65986186E-1, 0.13698632, 18.089895, 131.92999
0.87630044E-3, 0.24819921E-2, 0.15271502E-4, 0.13192518E-9, 0.10431495E-3, 0.66862486E-1, 0.13880359, 18.089890, 131.92999
0.91234205E-3, 0.25996079E-2, 0.15271509E-4, 0.13365858E-9, 0.11114927E-3, 0.67774802E-1, 0.14069553, 18.089884, 131.92999
0.92849933E-3, 0.26460099E-2, 0.15271517E-4, 0.13546342E-9, 0.10791342E-3, 0.68703309E-1, 0.14262097, 18.089878, 131.92999
0.92866801E-3, 0.26401184E-2, 0.15271522E-4, 0.13728894E-9, 0.10154581E-3, 0.69631979E-1, 0.14454669, 18.089872, 131.92999
0.83342945E-3, 0.23511951E-2, 0.15271524E-4, 0.13905214E-9, 0.10547577E-3, 0.70465401E-1, 0.14627486, 18.089870, 131.92999
0.67693391E-3, 0.18529780E-2, 0.15271527E-4, 0.14056920E-9, 0.88442299E-4, 0.71142338E-1, 0.14767851, 18.089870, 131.92999
0.58124878E-3, 0.15771056E-2, 0.15271527E-4, 0.14183406E-9, 0.10676679E-3, 0.71723580E-1, 0.14888372, 18.089870, 131.92999
0.57464605E-3, 0.15819719E-2, 0.15271527E-4, 0.14299503E-9, 0.13193955E-3, 0.72298229E-1, 0.15007523, 18.089870, 131.92999
0.51463308E-3, 0.13786528E-2, 0.15271527E-4, 0.14409106E-9, 0.11314717E-3, 0.72812870E-1, 0.15114228, 18.089870, 131.92999
0.51723741E-3, 0.14059434E-2, 0.15271527E-4, 0.14508340E-9, 0.13243547E-3, 0.73330104E-1, 0.15221471, 18.089870, 131.92999
0.61173638E-3, 0.17071182E-2, 0.15271537E-4, 0.14619631E-9, 0.14309087E-3, 0.73941834E-1, 0.15348305, 18.089870, 131.92999
0.57619472E-3, 0.15801708E-2, 0.15271538E-4, 0.14736438E-9, 0.12543348E-3, 0.74518040E-1, 0.15467770, 18.089870, 131.92999
0.50112564E-3, 0.13531673E-2, 0.15271538E-4, 0.14845737E-9, 0.12923156E-3, 0.75019151E-1, 0.15571664, 18.089870, 131.92999
0.52358548E-3, 0.14367467E-2, 0.15271538E-4, 0.14945978E-9, 0.14376741E-3, 0.75542741E-1, 0.15680218, 18.089870, 131.92999
0.64472243E-3, 0.18193978E-2, 0.15271538E-4, 0.15062326E-9, 0.15401382E-3, 0.76187447E-1, 0.15813880, 18.089870, 131.92999
0.98585023E-3, 0.28919999E-2, 0.15271540E-4, 0.69934238E-7, 0.17783479E-3, 0.77173293E-1, 0.16018260, 18.089870, 131.92999
0.10972547E-2, 0.32332514E-2, 0.15271569E-4, 0.15524426E-9, 0.17671815E-3, 0.78270540E-1, 0.16245729, 18.089870, 131.92999
0.10203305E-2, 0.29810267E-2, 0.15271598E-4, 0.15720385E-9, 0.16103088E-3, 0.79290874E-1, 0.16457246, 18.089870, 131.92999
0.11521063E-2, 0.33914039E-2, 0.15271626E-4, 0.15918451E-9, 0.16635610E-3, 0.80442965E-1, 0.16696069, 18.089869, 131.92999
0.10039815E-2, 0.29484283E-2, 0.15271651E-4, 0.16119014E-9, 0.17878192E-3, 0.81446961E-1, 0.16904186, 18.089869, 131.92999
0.10049263E-2, 0.29420406E-2, 0.15271680E-4, 0.16308166E-9, 0.16953728E-3, 0.82451887E-1, 0.17112486, 18.089869, 131.92999
0.11159553E-2, 0.32863976E-2, 0.15271711E-4, 0.16506196E-9, 0.17263448E-3, 0.83567828E-1, 0.17343794, 18.089867, 131.92999
0.11676807E-2, 0.34480321E-2, 0.15271740E-4, 0.88394231E-7, 0.17523236E-3, 0.84735505E-1, 0.17585814, 18.089863, 131.92999
0.11964557E-2, 0.35442510E-2, 0.15271773E-4, 0.17034123E-9, 0.18314559E-3, 0.85931942E-1, 0.17833787, 18.089863, 131.92999
0.13683686E-2, 0.40628314E-2, 0.15271806E-4, 0.17270060E-9, 0.17336011E-3, 0.87300315E-1, 0.18117383, 18.089851, 131.92999
0.12332245E-2, 0.36484418E-2, 0.15271844E-4, 0.17512959E-9, 0.17445453E-3, 0.88533543E-1, 0.18372962, 18.089846, 131.92999
0.11025605E-2, 0.32315338E-2, 0.15271880E-4, 0.17731766E-9, 0.15924551E-3, 0.89636102E-1, 0.18601449, 18.089844, 131.92999
0.11591588E-2, 0.34183571E-2, 0.15271915E-4, 0.17945105E-9, 0.17214882E-3, 0.90795249E-1, 0.18841657, 18.089838, 131.92999
0.10113437E-2, 0.29537925E-2, 0.15271949E-4, 0.18153422E-9, 0.16197663E-3, 0.91806591E-1, 0.19051230, 18.089838, 131.92999
0.10796845E-2, 0.31675720E-2, 0.15271979E-4, 0.18350718E-9, 0.16574428E-3, 0.92886277E-1, 0.19274954, 18.089832, 131.92999
0.54495793E-3, 0.14673912E-2, 0.15271997E-4, 0.18513527E-9, 0.10915712E-3, 0.93431227E-1, 0.19387874, 18.089832, 131.92999
0.47482518E-3, 0.12737476E-2, 0.15272000E-4, 0.18610195E-9, 0.13107063E-3, 0.93906045E-1, 0.19486259, 18.089832, 131.92999
0.43556851E-3, 0.11807135E-2, 0.15272000E-4, 0.18698110E-9, 0.15868782E-3, 0.94341606E-1, 0.19576506, 18.089832, 131.92999
0.51554001E-3, 0.14387039E-2, 0.15272002E-4, 0.18787946E-9, 0.17088247E-3, 0.94857141E-1, 0.19683327, 18.089832, 131.92999
0.64014585E-3, 0.18273479E-2, 0.15272009E-4, 0.18900942E-9, 0.17655488E-3, 0.95497295E-1, 0.19815964, 18.089832, 131.92999
0.75079693E-3, 0.21616337E-2, 0.15272020E-4, 0.19035379E-9, 0.17077298E-3, 0.96248083E-1, 0.19971521, 18.089832, 131.92999
0.62172429E-3, 0.17442144E-2, 0.15272040E-4, 0.19173929E-9, 0.15008621E-3, 0.96869811E-1, 0.20100334, 18.089832, 131.92999
0.73200138E-3, 0.20943554E-2, 0.15272051E-4, 0.19305708E-9, 0.16130383E-3, 0.97601809E-1, 0.20251991, 18.089832, 131.92999
0.64426113E-3, 0.18144369E-2, 0.15272064E-4, 0.19443809E-9, 0.15107321E-3, 0.98246068E-1, 0.20385468, 18.089832, 131.92999
0.81537099E-3, 0.23432623E-2, 0.15272080E-4, 0.19585206E-9, 0.15402323E-3, 0.99061437E-1, 0.20554391, 18.089828, 131.92999
0.55626943E-3, 0.15010065E-2, 0.15272099E-4, 0.19726143E-9, 0.10813202E-3, 0.99617712E-1, 0.20669633, 18.089828, 131.92999
0.65451453E-3, 0.18253491E-2, 0.15272108E-4, 0.19842378E-9, 0.13053005E-3, 0.10027223, 0.20805226, 18.089828, 131.92999
0.62478631E-3, 0.17231605E-2, 0.15272126E-4, 0.19969790E-9, 0.11972605E-3, 0.10089700, 0.20934653, 18.089828, 131.92999
0.60273212E-3, 0.16637410E-2, 0.15272133E-4, 0.20092887E-9, 0.12809399E-3, 0.10149974, 0.21059515, 18.089828, 131.92999
0.48178370E-3, 0.12968309E-2, 0.15272150E-4, 0.20201810E-9, 0.13290356E-3, 0.10198151, 0.21159317, 18.089828, 131.92999
0.39639723E-3, 0.10829145E-2, 0.15272155E-4, 0.20290145E-9, 0.18138284E-3, 0.10237791, 0.21241431, 18.089828, 131.92999
0.48648939E-3, 0.13208209E-2, 0.15272166E-4, 0.20375876E-9, 0.14243473E-3, 0.10286441, 0.21342206, 18.089828, 131.92999
0.47050649E-3, 0.11339284E-2, 0.15272175E-4, 0.20471647E-9, 0.47505018E-5, 0.10333492, 0.21439673, 18.089828, 131.92999
0.36175948E-3, 0.95435395E-3, 0.15272179E-4, 0.20556749E-9, 0.15929765E-3, 0.10369668, 0.21514606, 18.089828, 131.92999
0.38917793E-3, 0.10634082E-2, 0.15272179E-4, 0.20629910E-9, 0.18407450E-3, 0.10408587, 0.21595223, 18.089828, 131.92999
0.43810587E-3, 0.12116760E-2, 0.15272186E-4, 0.20711113E-9, 0.18197806E-3, 0.10452398, 0.21685973, 18.089828, 131.92999
0.56283694E-3, 0.15747305E-2, 0.15272202E-4, 0.20808447E-9, 0.16171861E-3, 0.10508682, 0.21802555, 18.089828, 131.92999
0.54558367E-3, 0.14762257E-2, 0.15272217E-4, 0.20918851E-9, 0.11627415E-3, 0.10563242, 0.21915567, 18.089828, 131.92999
0.68563252E-3, 0.18539741E-2, 0.15272242E-4, 0.21038601E-9, 0.63659747E-4, 0.10631806, 0.22057581, 18.089825, 131.92999
0.60100539E-3, 0.15301825E-2, 0.15272266E-4, 0.21169939E-9, 0.0000000, 0.10691907, 0.22182062, 18.089823, 131.92999
0.42225423E-3, 0.98083273E-3, 0.15272281E-4, 0.21273502E-9, 0.0000000, 0.10734132, 0.22269519, 18.089823, 131.92999
0.42200685E-3, 0.11165802E-2, 0.15272290E-4, 0.21354715E-9, 0.13641891E-3, 0.10776332, 0.22356920, 18.089823, 131.92999
0.57644269E-3, 0.16554395E-2, 0.15272315E-4, 0.21453897E-9, 0.20062337E-3, 0.10833976, 0.22476308, 18.089823, 131.92999
0.63731318E-3, 0.18583776E-2, 0.15272344E-4, 0.21575836E-9, 0.21649252E-3, 0.10897710, 0.22608307, 18.089823, 131.92999
0.53144229E-3, 0.14930870E-2, 0.15272379E-4, 0.21692451E-9, 0.17660140E-3, 0.10950854, 0.22718370, 18.089823, 131.92999
0.56953070E-3, 0.16387727E-2, 0.15272406E-4, 0.21800309E-9, 0.20522143E-3, 0.11007806, 0.22836319, 18.089823, 131.92999
0.63582225E-3, 0.18328469E-2, 0.15272442E-4, 0.21920414E-9, 0.19558598E-3, 0.11071388, 0.22967997, 18.089823, 131.92999
0.62159623E-3, 0.17731140E-2, 0.15272481E-4, 0.22044001E-9, 0.17959368E-3, 0.11133549, 0.23096728, 18.089823, 131.92999
0.63440192E-3, 0.18055750E-2, 0.15272515E-4, 0.22168287E-9, 0.17271572E-3, 0.11196990, 0.23228106, 18.089823, 131.92999
0.61356096E-3, 0.17220348E-2, 0.15272557E-4, 0.22292940E-9, 0.15324702E-3, 0.11258344, 0.23355161, 18.089823, 131.92999
0.49671903E-3, 0.13250295E-2, 0.15272590E-4, 0.22405255E-9, 0.11534680E-3, 0.11308017, 0.23458023, 18.089823, 131.92999
0.45877669E-3, 0.12356945E-2, 0.15272619E-4, 0.22499035E-9, 0.14259630E-3, 0.11353894, 0.23553027, 18.089823, 131.92999
0.50297199E-3, 0.13899429E-2, 0.15272648E-4, 0.22595310E-9, 0.16101850E-3, 0.11404192, 0.23657182, 18.089823, 131.92999
0.59590698E-3, 0.16987165E-2, 0.15272675E-4, 0.22702207E-9, 0.18418174E-3, 0.11463784, 0.23780578, 18.089823, 131.92999
0.75635652E-3, 0.22078159E-2, 0.15272723E-4, 0.22837474E-9, 0.20020480E-3, 0.11539418, 0.23937194, 18.089821, 131.92999
0.78581448E-3, 0.23213376E-2, 0.15272773E-4, 0.22987472E-9, 0.22319732E-3, 0.11618000, 0.24099907, 18.089815, 131.92999
0.72418567E-3, 0.21041119E-2, 0.15272830E-4, 0.23140306E-9, 0.19539785E-3, 0.11690418, 0.24249855, 18.089815, 131.92999
0.65523206E-3, 0.18849416E-2, 0.15272875E-4, 0.23276446E-9, 0.18814181E-3, 0.11755940, 0.24385518, 18.089815, 131.92999
0.93097734E-3, 0.27664802E-2, 0.15272932E-4, 0.73814488E-6, 0.22155969E-3, 0.11849038, 0.24578276, 18.089815, 131.92999
0.13124531E-2, 0.39555593E-2, 0.15273026E-4, 0.23805546E-9, 0.23913158E-3, 0.11980281, 0.24850003, 18.089802, 131.92999
0.12534300E-2, 0.37581890E-2, 0.15273135E-4, 0.24034230E-9, 0.22320433E-3, 0.12105624, 0.25109503, 18.089790, 131.92999
0.12137550E-2, 0.36233230E-2, 0.15273237E-4, 0.24255237E-9, 0.21031676E-3, 0.12226998, 0.25360781, 18.089779, 131.92999
0.11705819E-2, 0.35004655E-2, 0.15273334E-4, 0.24469121E-9, 0.22016179E-3, 0.12344058, 0.25603113, 18.089767, 131.92999
0.81954827E-3, 0.24030982E-2, 0.15273417E-4, 0.24655733E-9, 0.20151139E-3, 0.12426013, 0.25772768, 18.089767, 131.92999
0.10367902E-2, 0.30945647E-2, 0.15273488E-4, 0.24816171E-9, 0.22543359E-3, 0.12529692, 0.25987387, 18.089760, 131.92999
0.90972817E-3, 0.26747575E-2, 0.15273572E-4, 0.25001032E-9, 0.19611538E-3, 0.12620668, 0.26175708, 18.089752, 131.92999
0.94000914E-3, 0.27653589E-2, 0.15273648E-4, 0.25174315E-9, 0.19369570E-3, 0.12714671, 0.26370287, 18.089745, 131.92999
0.80472819E-3, 0.23502652E-2, 0.15273718E-4, 0.25342656E-9, 0.19430509E-3, 0.12795143, 0.26536852, 18.089739, 131.92999
0.75449870E-3, 0.21889554E-2, 0.15273779E-4, 0.25493163E-9, 0.18735725E-3, 0.12870592, 0.26693019, 18.089735, 131.92999
0.72962779E-3, 0.21182043E-2, 0.15273834E-4, 0.25634564E-9, 0.19303341E-3, 0.12943554, 0.26844037, 18.089735, 131.92999
0.80062973E-3, 0.23746733E-2, 0.15273901E-4, 0.25784633E-9, 0.23131004E-3, 0.13023616, 0.27009740, 18.089729, 131.92999
0.75559650E-3, 0.21976496E-2, 0.15273970E-4, 0.25938643E-9, 0.19271066E-3, 0.13099177, 0.27166125, 18.089729, 131.92999
0.79480064E-3, 0.23176426E-2, 0.15274034E-4, 0.26090849E-9, 0.19225442E-3, 0.13178656, 0.27330616, 18.089722, 131.92999
0.78077579E-3, 0.22797289E-2, 0.15274098E-4, 0.26243416E-9, 0.19744225E-3, 0.13256733, 0.27492201, 18.089720, 131.92999
0.81203913E-3, 0.23990641E-2, 0.15274170E-4, 0.26403690E-9, 0.22070666E-3, 0.13337937, 0.27660257, 18.089716, 131.92999
0.73937047E-3, 0.21540516E-2, 0.15274243E-4, 0.26558938E-9, 0.19901205E-3, 0.13411874, 0.27813265, 18.089714, 131.92999
0.80823957E-3, 0.23680790E-2, 0.15274314E-4, 0.26710104E-9, 0.20144004E-3, 0.13492694, 0.27980518, 18.089706, 131.92999
0.84170612E-3, 0.24521896E-2, 0.15274387E-4, 0.26872549E-9, 0.18275497E-3, 0.13576867, 0.28154698, 18.089697, 131.92999
0.64790092E-3, 0.18265402E-2, 0.15274447E-4, 0.27021493E-9, 0.15263009E-3, 0.13641655, 0.28288770, 18.089693, 131.92999
0.52848586E-3, 0.14393624E-2, 0.15274494E-4, 0.27141370E-9, 0.13238976E-3, 0.13694502, 0.28398120, 18.089693, 131.92999
0.52544737E-3, 0.14709256E-2, 0.15274534E-4, 0.27245120E-9, 0.17324563E-3, 0.13747050, 0.28506854, 18.089693, 131.92999
0.65055292E-3, 0.18955149E-2, 0.15274580E-4, 0.27357636E-9, 0.21339460E-3, 0.13812105, 0.28641468, 18.089693, 131.92999
0.78148540E-3, 0.23259751E-2, 0.15274652E-4, 0.27502042E-9, 0.24153132E-3, 0.13890257, 0.28803179, 18.089687, 131.92999
0.84322027E-3, 0.24955200E-2, 0.15274731E-4, 0.27662808E-9, 0.22142571E-3, 0.13974580, 0.28977650, 18.089676, 131.92999
0.68414194E-3, 0.19954857E-2, 0.15274807E-4, 0.27816721E-9, 0.21019098E-3, 0.14042993, 0.29119202, 18.089674, 131.92999
0.71117363E-3, 0.20784372E-2, 0.15274876E-4, 0.27955169E-9, 0.21009259E-3, 0.14114110, 0.29266343, 18.089672, 131.92999
0.65191946E-3, 0.18895057E-2, 0.15274944E-4, 0.28093189E-9, 0.20323570E-3, 0.14179304, 0.29401228, 18.089672, 131.92999
0.63032971E-3, 0.18217163E-2, 0.15275004E-4, 0.28218081E-9, 0.20178605E-3, 0.14242339, 0.29531640, 18.089672, 131.92999
0.49113424E-3, 0.14060402E-2, 0.15275062E-4, 0.28332978E-9, 0.21378059E-3, 0.14291450, 0.29633248, 18.089672, 131.92999
0.40202611E-3, 0.10920744E-2, 0.15275096E-4, 0.28421543E-9, 0.17364873E-3, 0.14331654, 0.29716423, 18.089672, 131.92999
0.36694182E-3, 0.88991295E-3, 0.15275124E-4, 0.28496228E-9, 0.79395380E-4, 0.14368348, 0.29792339, 18.089672, 131.92999
0.36221804E-3, 0.79591142E-3, 0.15275151E-4, 0.28569486E-9, 0.0000000, 0.14404568, 0.29867271, 18.089672, 131.92999
0.34738582E-3, 0.75034448E-3, 0.15275180E-4, 0.28639774E-9, 0.0000000, 0.14439307, 0.29939139, 18.089672, 131.92999
0.56092284E-3, 0.14064731E-2, 0.15275216E-4, 0.28734598E-9, 0.0000000, 0.14495398, 0.30055177, 18.089672, 131.92999
0.44285625E-3, 0.10437056E-2, 0.15275256E-4, 0.28827674E-9, 0.0000000, 0.14539687, 0.30146801, 18.089672, 131.92999
0.41760842E-3, 0.11240669E-2, 0.15275296E-4, 0.28911623E-9, 0.15772450E-3, 0.14581451, 0.30233195, 18.089672, 131.92999
0.45679635E-3, 0.12822256E-2, 0.15275346E-4, 0.29000802E-9, 0.19541658E-3, 0.14627130, 0.30327690, 18.089672, 131.92999
0.49602019E-3, 0.13856033E-2, 0.15275395E-4, 0.29093244E-9, 0.17828628E-3, 0.14676735, 0.30430305, 18.089672, 131.92999
0.48840715E-3, 0.13897807E-2, 0.15275453E-4, 0.29191605E-9, 0.20581597E-3, 0.14725576, 0.30531341, 18.089672, 131.92999
0.46129865E-3, 0.13195726E-2, 0.15275513E-4, 0.29286873E-9, 0.21888525E-3, 0.14771701, 0.30626750, 18.089672, 131.92999
0.64557471E-3, 0.19338292E-2, 0.15275582E-4, 0.29394032E-9, 0.26683410E-3, 0.14836256, 0.30760288, 18.089672, 131.92999
0.71688136E-3, 0.21713136E-2, 0.15275675E-4, 0.29529798E-9, 0.28518532E-3, 0.14907943, 0.30908573, 18.089668, 131.92999
0.75383438E-3, 0.22480227E-2, 0.15275775E-4, 0.29675085E-9, 0.24840111E-3, 0.14983323, 0.31064492, 18.089655, 131.92999
0.69866062E-3, 0.20795702E-2, 0.15275868E-4, 0.29818481E-9, 0.24948630E-3, 0.15053187, 0.31208998, 18.089653, 131.92999
0.90915541E-3, 0.27270534E-2, 0.15275986E-4, 0.29977376E-9, 0.25017440E-3, 0.15144101, 0.31397042, 18.089640, 131.92999
0.84779132E-3, 0.25369471E-2, 0.15276111E-4, 0.30152378E-9, 0.24863848E-3, 0.15228881, 0.31572390, 18.089628, 131.92999
0.69890812E-3, 0.20418814E-2, 0.15276219E-4, 0.30308361E-9, 0.21111374E-3, 0.15298775, 0.31716949, 18.089622, 131.92999
0.74305118E-3, 0.21943804E-2, 0.15276313E-4, 0.30450520E-9, 0.22795062E-3, 0.15373078, 0.31870621, 18.089613, 131.92999
0.46685699E-3, 0.13405838E-2, 0.15276395E-4, 0.30573497E-9, 0.22283509E-3, 0.15419765, 0.31967178, 18.089613, 131.92999
0.79479936E-3, 0.23956117E-2, 0.15276475E-4, 0.15636007E-6, 0.26994705E-3, 0.15499245, 0.32131553, 18.089605, 131.92999
0.92000177E-3, 0.28435462E-2, 0.15276606E-4, 0.31059627E-9, 0.33323685E-3, 0.15591246, 0.32321817, 18.089592, 131.92999
0.11021553E-2, 0.33806094E-2, 0.15276757E-4, 0.10767089E-8, 0.31064355E-3, 0.15701459, 0.32549739, 18.089581, 131.92999
0.12174225E-2, 0.37225026E-2, 0.15276933E-4, 0.31423597E-9, 0.29840539E-3, 0.15823200, 0.32801491, 18.089561, 131.92999
0.12299278E-2, 0.37655530E-2, 0.15277115E-4, 0.29211142E-8, 0.30305982E-3, 0.15946196, 0.33055827, 18.089542, 131.92999
0.11003504E-2, 0.33520446E-2, 0.15277288E-4, 0.31854150E-9, 0.28775915E-3, 0.16056228, 0.33283347, 18.089523, 131.92999
0.11375196E-2, 0.34700984E-2, 0.15277454E-4, 0.32053948E-9, 0.29162722E-3, 0.16169980, 0.33518553, 18.089508, 131.92999
0.10251377E-2, 0.31143469E-2, 0.15277612E-4, 0.32254241E-9, 0.28122228E-3, 0.16272494, 0.33730513, 18.089493, 131.92999
0.11339633E-2, 0.34699580E-2, 0.15277772E-4, 0.32455630E-9, 0.30244808E-3, 0.16385892, 0.33964971, 18.089478, 131.92999
0.12081560E-2, 0.37039397E-2, 0.15277938E-4, 0.10545813E-6, 0.30838625E-3, 0.16506708, 0.34214753, 18.089458, 131.92999
0.10884836E-2, 0.33359639E-2, 0.15278107E-4, 0.25460773E-6, 0.30799065E-3, 0.16615552, 0.34439784, 18.089441, 131.92999
0.14708253E-2, 0.45136078E-2, 0.15278292E-4, 0.33325029E-9, 0.31118459E-3, 0.16762632, 0.34743845, 18.089417, 131.92999
0.12688293E-2, 0.38854054E-2, 0.15278494E-4, 0.33563979E-9, 0.30367574E-3, 0.16889516, 0.35006148, 18.089399, 131.92999
0.11766754E-2, 0.35819605E-2, 0.15278669E-4, 0.33773567E-9, 0.28344002E-3, 0.17007181, 0.35249376, 18.089382, 131.92999
0.93132153E-3, 0.28249829E-2, 0.15278816E-4, 0.33953693E-9, 0.28031389E-3, 0.17100309, 0.35441878, 18.089371, 131.92999
0.14711864E-2, 0.45198486E-2, 0.15278980E-4, 0.34160896E-9, 0.31648495E-3, 0.17247428, 0.35745978, 18.089348, 131.92999
0.12735468E-2, 0.39154077E-2, 0.15279187E-4, 0.34424541E-9, 0.31931387E-3, 0.17374781, 0.36009207, 18.089329, 131.92999
0.11793596E-2, 0.36158243E-2, 0.15279358E-4, 0.34653030E-9, 0.30915890E-3, 0.17492718, 0.36252967, 18.089314, 131.92999
0.98268164E-3, 0.29839366E-2, 0.15279509E-4, 0.34859113E-9, 0.28159385E-3, 0.17590985, 0.36456060, 18.089300, 131.92999
0.89569209E-3, 0.27031319E-2, 0.15279633E-4, 0.35035672E-9, 0.26807931E-3, 0.17680553, 0.36641175, 18.089291, 131.92999
0.81468862E-3, 0.24484624E-2, 0.15279747E-4, 0.35201325E-9, 0.26228963E-3, 0.17762022, 0.36809543, 18.089279, 131.92999
0.80020237E-3, 0.23854105E-2, 0.15279857E-4, 0.35357833E-9, 0.24378048E-3, 0.17842045, 0.36974922, 18.089270, 131.92999
0.58883097E-3, 0.17205975E-2, 0.15279946E-4, 0.35493961E-9, 0.22837805E-3, 0.17900932, 0.37096614, 18.089264, 131.92999
0.55967097E-3, 0.16110572E-2, 0.15280013E-4, 0.35604777E-9, 0.20845431E-3, 0.17956901, 0.37212276, 18.089258, 131.92999
0.54286770E-3, 0.15762710E-2, 0.15280079E-4, 0.35712025E-9, 0.22525238E-3, 0.18011184, 0.37324449, 18.089258, 131.92999
0.72224508E-3, 0.22166648E-2, 0.15280160E-4, 0.35837966E-9, 0.31437515E-3, 0.18083411, 0.37473708, 18.089251, 131.92999
0.55257120E-3, 0.16578643E-2, 0.15280246E-4, 0.35964842E-9, 0.27692816E-3, 0.18138669, 0.37587890, 18.089251, 131.92999
0.72557689E-3, 0.22493668E-2, 0.15280330E-4, 0.10938592E-6, 0.33667413E-3, 0.18211229, 0.37737826, 18.089249, 131.92999
0.84087724E-3, 0.26139340E-2, 0.15280448E-4, 0.29851387E-6, 0.34679787E-3, 0.18295316, 0.37911579, 18.089247, 131.92999
0.95775782E-3, 0.29804411E-2, 0.15280575E-4, 0.36650388E-9, 0.35450739E-3, 0.18391091, 0.38109469, 18.089247, 131.92999
0.13080307E-2, 0.40948661E-2, 0.15280735E-4, 0.36823086E-9, 0.39274889E-3, 0.18521896, 0.38379741, 18.089228, 131.92999
0.11878768E-2, 0.36446669E-2, 0.15280915E-4, 0.37036799E-9, 0.31189795E-3, 0.18640684, 0.38625169, 18.089211, 131.92999
0.10633809E-2, 0.32669879E-2, 0.15281070E-4, 0.37228892E-9, 0.31671795E-3, 0.18747021, 0.38844869, 18.089197, 131.92999
0.92665909E-3, 0.28024146E-2, 0.15281208E-4, 0.37401560E-9, 0.27228848E-3, 0.18839686, 0.39036307, 18.089184, 131.92999
0.89882978E-3, 0.27353466E-2, 0.15281330E-4, 0.37560124E-9, 0.29068912E-3, 0.18929568, 0.39222002, 18.089170, 131.92999
0.62764564E-3, 0.18735796E-2, 0.15281432E-4, 0.37699585E-9, 0.26210671E-3, 0.18992332, 0.39351660, 18.089163, 131.92999
0.55401778E-3, 0.16464489E-2, 0.15281508E-4, 0.37805645E-9, 0.26116849E-3, 0.19047737, 0.39466122, 18.089159, 131.92999
0.63709851E-3, 0.19327109E-2, 0.15281579E-4, 0.37908218E-9, 0.29211695E-3, 0.19111450, 0.39597735, 18.089153, 131.92999
0.74231019E-3, 0.22837233E-2, 0.15281677E-4, 0.38040868E-9, 0.31983640E-3, 0.19185682, 0.39751080, 18.089144, 131.92999
0.71589189E-3, 0.22180965E-2, 0.15281777E-4, 0.38179862E-9, 0.33533719E-3, 0.19257273, 0.39898965, 18.089132, 131.92999
0.75615349E-3, 0.23447496E-2, 0.15281876E-4, 0.38320991E-9, 0.33828890E-3, 0.19332890, 0.40055165, 18.089121, 131.92999
0.67656446E-3, 0.20748586E-2, 0.15281972E-4, 0.38462855E-9, 0.31296504E-3, 0.19400546, 0.40194914, 18.089113, 131.92999
0.65748743E-3, 0.20420237E-2, 0.15282061E-4, 0.38592679E-9, 0.33867761E-3, 0.19466294, 0.40330720, 18.089108, 131.92999
0.78811176E-3, 0.24778482E-2, 0.15282158E-4, 0.73583571E-7, 0.37304140E-3, 0.19545107, 0.40493509, 18.089098, 131.92999
0.98971324E-3, 0.30818314E-2, 0.15282289E-4, 0.39133699E-9, 0.35777787E-3, 0.19644077, 0.40697929, 18.089085, 131.92999
0.12785965E-2, 0.40041087E-2, 0.15282450E-4, 0.39317738E-9, 0.39250689E-3, 0.19771941, 0.40962023, 18.089048, 131.92999
0.94661524E-3, 0.28982710E-2, 0.15282607E-4, 0.39501299E-9, 0.30679393E-3, 0.19866605, 0.41157526, 18.089035, 131.92999
0.72284864E-3, 0.22045651E-2, 0.15282720E-4, 0.89750571E-8, 0.30054312E-3, 0.19938894, 0.41306823, 18.089035, 131.92999
0.77802478E-3, 0.24215837E-2, 0.15282827E-4, 0.28118438E-6, 0.34767299E-3, 0.20016696, 0.41467503, 18.089035, 131.92999
0.10353238E-2, 0.32905051E-2, 0.15282953E-4, 0.41546060E-8, 0.42624227E-3, 0.20120227, 0.41681311, 18.089018, 131.92999
0.89247117E-3, 0.27661552E-2, 0.15283089E-4, 0.40271816E-9, 0.34097108E-3, 0.20209472, 0.41865608, 18.089008, 131.92999
0.83786930E-3, 0.26070906E-2, 0.15283205E-4, 0.40399792E-9, 0.34963700E-3, 0.20293258, 0.42038631, 18.089001, 131.92999
0.82804455E-3, 0.25657618E-2, 0.15283313E-4, 0.40522186E-9, 0.33852001E-3, 0.20376065, 0.42209625, 18.088989, 131.92999
0.80155960E-3, 0.24888637E-2, 0.15283420E-4, 0.40653098E-9, 0.34298003E-3, 0.20456223, 0.42375150, 18.088982, 131.92999
0.10202674E-2, 0.32279640E-2, 0.15283544E-4, 0.40804957E-9, 0.41004227E-3, 0.20558247, 0.42585811, 18.088964, 131.92999
0.10111674E-2, 0.31536056E-2, 0.15283680E-4, 0.40983164E-9, 0.36377020E-3, 0.20659359, 0.42794588, 18.088949, 131.92999
0.83667325E-3, 0.25568916E-2, 0.15283806E-4, 0.41153686E-9, 0.30327166E-3, 0.20743027, 0.42967343, 18.088940, 131.92999
0.78234600E-3, 0.24146864E-2, 0.15283906E-4, 0.41300219E-9, 0.32790477E-3, 0.20821264, 0.43128878, 18.088928, 131.92999
0.63307810E-3, 0.19291834E-2, 0.15284000E-4, 0.41433035E-9, 0.30102220E-3, 0.20884572, 0.43259585, 18.088921, 131.92999
0.52511139E-3, 0.15932532E-2, 0.15284071E-4, 0.41541470E-9, 0.29677342E-3, 0.20937082, 0.43367997, 18.088917, 131.92999
0.58414298E-3, 0.18001570E-2, 0.15284140E-4, 0.41645032E-9, 0.32225312E-3, 0.20995492, 0.43488589, 18.088907, 131.92999
0.59773226E-3, 0.18125975E-2, 0.15284213E-4, 0.41758508E-9, 0.29300767E-3, 0.21055262, 0.43611985, 18.088898, 131.92999
0.50549756E-3, 0.15015050E-2, 0.15284277E-4, 0.41866596E-9, 0.26532888E-3, 0.21105815, 0.43716353, 18.088892, 131.92999
0.46174743E-3, 0.13628417E-2, 0.15284333E-4, 0.41961268E-9, 0.26107003E-3, 0.21151990, 0.43811685, 18.088888, 131.92999
0.58341864E-3, 0.17805517E-2, 0.15284391E-4, 0.42061613E-9, 0.30486155E-3, 0.21210335, 0.43932131, 18.088877, 131.92999
0.43247853E-3, 0.12532475E-2, 0.15284453E-4, 0.42163434E-9, 0.24142406E-3, 0.21253583, 0.44021416, 18.088875, 131.92999
0.44455519E-3, 0.13249508E-2, 0.15284506E-4, 0.42250217E-9, 0.27592311E-3, 0.21298039, 0.44113183, 18.088869, 131.92999
0.33585247E-3, 0.94681804E-3, 0.15284550E-4, 0.42328865E-9, 0.23185450E-3, 0.21331623, 0.44182515, 18.088869, 131.92999
0.40026734E-3, 0.12114856E-2, 0.15284593E-4, 0.42399770E-9, 0.29842887E-3, 0.21371651, 0.44265148, 18.088865, 131.92999
0.29520976E-3, 0.81398967E-3, 0.15284633E-4, 0.42470411E-9, 0.22388618E-3, 0.21401173, 0.44326088, 18.088865, 131.92999
0.36294042E-3, 0.10875146E-2, 0.15284675E-4, 0.42535209E-9, 0.28912266E-3, 0.21437469, 0.44401011, 18.088865, 131.92999
0.42642365E-3, 0.13527944E-2, 0.15284726E-4, 0.42612644E-9, 0.35914857E-3, 0.21480112, 0.44489041, 18.088863, 131.92999
0.48863323E-3, 0.15007667E-2, 0.15284788E-4, 0.42702619E-9, 0.31608163E-3, 0.21528977, 0.44589910, 18.088856, 131.92999
0.47516689E-3, 0.14242274E-2, 0.15284853E-4, 0.42797654E-9, 0.28099780E-3, 0.21576498, 0.44688001, 18.088848, 131.92999
0.33716622E-3, 0.90416759E-3, 0.15284910E-4, 0.42881432E-9, 0.18520298E-3, 0.21610215, 0.44757602, 18.088848, 131.92999
0.37382671E-3, 0.11063352E-2, 0.15284953E-4, 0.42951118E-9, 0.27445916E-3, 0.21647599, 0.44834766, 18.088846, 131.92999
0.35270056E-3, 0.10241178E-2, 0.15285004E-4, 0.43023746E-9, 0.25718150E-3, 0.21682872, 0.44907573, 18.088844, 131.92999
0.38304541E-3, 0.92019804E-3, 0.15285050E-4, 0.43094892E-9, 0.60551582E-4, 0.21721175, 0.44986638, 18.088844, 131.92999
0.40442729E-3, 0.10509873E-2, 0.15285097E-4, 0.43176249E-9, 0.12542495E-3, 0.21761614, 0.45070109, 18.088840, 131.92999
0.34079616E-3, 0.10304431E-2, 0.15285148E-4, 0.43245196E-9, 0.29988476E-3, 0.21795695, 0.45140448, 18.088839, 131.92999
0.34685823E-3, 0.11277816E-2, 0.15285201E-4, 0.43315562E-9, 0.37834168E-3, 0.21830384, 0.45212045, 18.088835, 131.92999
0.43890925E-3, 0.11508383E-2, 0.15285254E-4, 0.43392845E-9, 0.11926080E-3, 0.21874276, 0.45302641, 18.088827, 131.92999
0.38291534E-3, 0.85917016E-3, 0.15285310E-4, 0.43476647E-9, 0.0000000, 0.21912567, 0.45381677, 18.088827, 131.92999
0.31539309E-3, 0.65168401E-3, 0.15285352E-4, 0.43546922E-9, 0.0000000, 0.21944106, 0.45446768, 18.088825, 131.92999
0.33804125E-3, 0.72131632E-3, 0.15285388E-4, 0.43610704E-9, 0.0000000, 0.21977909, 0.45516536, 18.088825, 131.92999
0.32057756E-3, 0.66767121E-3, 0.15285428E-4, 0.43676393E-9, 0.0000000, 0.22009967, 0.45582700, 18.088825, 131.92999
0.29492451E-3, 0.63906587E-3, 0.15285461E-4, 0.43738585E-9, 0.50054325E-4, 0.22039461, 0.45643571, 18.088825, 131.92999
0.29651870E-3, 0.64345141E-3, 0.15285501E-4, 0.43795539E-9, 0.49515947E-4, 0.22069116, 0.45704782, 18.088825, 131.92999
0.31689060E-3, 0.65642758E-3, 0.15285541E-4, 0.43857309E-9, 0.0000000, 0.22100806, 0.45770180, 18.088825, 131.92999
0.26813644E-3, 0.50658279E-3, 0.15285576E-4, 0.43915874E-9, 0.0000000, 0.22127616, 0.45825514, 18.088825, 131.92999
0.28032795E-3, 0.54409169E-3, 0.15285612E-4, 0.43970522E-9, 0.0000000, 0.22155651, 0.45883372, 18.088825, 131.92999
0.31242569E-3, 0.64281112E-3, 0.15285652E-4, 0.44028708E-9, 0.0000000, 0.22186890, 0.45947844, 18.088825, 131.92999
0.24969553E-3, 0.44996940E-3, 0.15285690E-4, 0.44085399E-9, 0.0000000, 0.22211859, 0.45999372, 18.088825, 131.92999
0.22043134E-3, 0.71531185E-3, 0.15285730E-4, 0.44131535E-9, 0.35401247E-3, 0.22233899, 0.46044859, 18.088825, 131.92999
0.28515013E-3, 0.85961155E-3, 0.15285787E-4, 0.44181037E-9, 0.29948118E-3, 0.22262418, 0.46103716, 18.088823, 131.92999
0.23613306E-3, 0.62569865E-3, 0.15285839E-4, 0.44233714E-9, 0.21658468E-3, 0.22286031, 0.46152446, 18.088823, 131.92999
0.28547124E-3, 0.66978147E-3, 0.15285887E-4, 0.44283871E-9, 0.10931674E-3, 0.22314578, 0.46211359, 18.088823, 131.92999
0.30756750E-3, 0.62803639E-3, 0.15285932E-4, 0.44343895E-9, 0.0000000, 0.22345331, 0.46274826, 18.088823, 131.92999
0.29888688E-3, 0.60137699E-3, 0.15285979E-4, 0.44403917E-9, 0.0000000, 0.22375219, 0.46336502, 18.088823, 131.92999
0.29626500E-3, 0.59335295E-3, 0.15286030E-4, 0.44463172E-9, 0.0000000, 0.22404845, 0.46397644, 18.088823, 131.92999
0.25598370E-3, 0.54505252E-3, 0.15286076E-4, 0.44519111E-9, 0.75258467E-4, 0.22430445, 0.46450472, 18.088823, 131.92999
0.25524956E-3, 0.57604531E-3, 0.15286123E-4, 0.44568166E-9, 0.10834642E-3, 0.22455968, 0.46503145, 18.088823, 131.92999
0.26809311E-3, 0.50679641E-3, 0.15286170E-4, 0.44621129E-9, 0.0000000, 0.22482778, 0.46558467, 18.088823, 131.92999
0.25446480E-3, 0.46490852E-3, 0.15286214E-4, 0.44672890E-9, 0.0000000, 0.22508222, 0.46610972, 18.088823, 131.92999
0.25453535E-3, 0.46516900E-3, 0.15286258E-4, 0.44723394E-9, 0.0000000, 0.22533676, 0.46663502, 18.088823, 131.92999
0.25784463E-3, 0.47539850E-3, 0.15286303E-4, 0.44774215E-9, 0.0000000, 0.22559460, 0.46716705, 18.088823, 131.92999
0.25123981E-3, 0.45511939E-3, 0.15286350E-4, 0.44824963E-9, 0.0000000, 0.22584584, 0.46768549, 18.088823, 131.92999
0.20395542E-3, 0.52441302E-3, 0.15286403E-4, 0.44869652E-9, 0.21378876E-3, 0.22604978, 0.46810633, 18.088823, 131.92999
0.33837638E-3, 0.10554751E-2, 0.15286490E-4, 0.10753722E-5, 0.32946144E-3, 0.22638817, 0.46880463, 18.088823, 131.92999
0.32794266E-3, 0.10565058E-2, 0.15286616E-4, 0.21036403E-5, 0.36141556E-3, 0.22671613, 0.46948138, 18.088823, 131.92999
0.37839805E-3, 0.12697158E-2, 0.15286754E-4, 0.45349052E-9, 0.42114771E-3, 0.22709455, 0.47026220, 18.088816, 131.92999
0.29613500E-3, 0.93663158E-3, 0.15286885E-4, 0.45364329E-9, 0.34164704E-3, 0.22739069, 0.47087324, 18.088812, 131.92999
0.27239864E-3, 0.79873309E-3, 0.15286985E-4, 0.44832069E-6, 0.27665458E-3, 0.22766310, 0.47143537, 18.088812, 131.92999
0.32695278E-3, 0.11304512E-2, 0.15287098E-4, 0.30124109E-7, 0.44006843E-3, 0.22799006, 0.47211003, 18.088808, 131.92999
0.30980425E-3, 0.98542729E-3, 0.15287227E-4, 0.45559739E-9, 0.34829669E-3, 0.22829986, 0.47274923, 18.088808, 131.92999
0.28872627E-3, 0.97592844E-3, 0.15287342E-4, 0.20258971E-7, 0.40338095E-3, 0.22858858, 0.47334498, 18.088808, 131.92999
0.26539800E-3, 0.85302489E-3, 0.15287445E-4, 0.45674392E-9, 0.35253924E-3, 0.22885399, 0.47389263, 18.088808, 131.92999
0.26214361E-3, 0.88850409E-3, 0.15287545E-4, 0.45676618E-9, 0.39779826E-3, 0.22911613, 0.47443348, 18.088806, 131.92999
0.27182337E-3, 0.98821730E-3, 0.15287660E-4, 0.45685278E-9, 0.46735778E-3, 0.22938797, 0.47499442, 18.088799, 131.92999
0.27998380E-3, 0.94510015E-3, 0.15287778E-4, 0.45703502E-9, 0.39944306E-3, 0.22966796, 0.47557211, 18.088793, 131.92999
0.20955692E-3, 0.58288255E-3, 0.15287871E-4, 0.45723256E-9, 0.25472944E-3, 0.22987755, 0.47600451, 18.088793, 131.92999
0.17798500E-3, 0.47837623E-3, 0.15287937E-4, 0.45737178E-9, 0.24743227E-3, 0.23005551, 0.47637174, 18.088793, 131.92999
0.16582702E-3, 0.46538466E-3, 0.15287993E-4, 0.45752949E-9, 0.27172724E-3, 0.23022136, 0.47671390, 18.088793, 131.92999
0.16174621E-3, 0.58279809E-3, 0.15288058E-4, 0.45771784E-9, 0.40102410E-3, 0.23038313, 0.47704768, 18.088793, 131.92999
0.14957285E-3, 0.55941520E-3, 0.15288128E-4, 0.45792439E-9, 0.41502717E-3, 0.23053268, 0.47735628, 18.088793, 131.92999
0.15418469E-3, 0.56118751E-3, 0.15288191E-4, 0.45815254E-9, 0.40264046E-3, 0.23068687, 0.47767437, 18.088793, 131.92999
0.14938375E-3, 0.50721254E-3, 0.15288257E-4, 0.45840384E-9, 0.36362952E-3, 0.23083624, 0.47798258, 18.088793, 131.92999
0.15718272E-3, 0.50276710E-3, 0.15288322E-4, 0.45866955E-9, 0.33529371E-3, 0.23099343, 0.47830686, 18.088793, 131.92999
0.15550230E-3, 0.53985289E-3, 0.15288388E-4, 0.45894810E-9, 0.37730808E-3, 0.23114894, 0.47862774, 18.088793, 131.92999
0.14535961E-3, 0.39471238E-3, 0.15288451E-4, 0.45922918E-9, 0.26398891E-3, 0.23129429, 0.47892761, 18.088793, 131.92999
0.13878010E-3, 0.41972415E-3, 0.15288506E-4, 0.45949961E-9, 0.30899761E-3, 0.23143306, 0.47921395, 18.088793, 131.92999
0.13059856E-3, 0.44443697E-3, 0.15288564E-4, 0.45975496E-9, 0.35861394E-3, 0.23156367, 0.47948337, 18.088793, 131.92999
0.13032890E-3, 0.41881262E-3, 0.15288622E-4, 0.46000639E-9, 0.33393345E-3, 0.23169397, 0.47975221, 18.088793, 131.92999
0.12670232E-3, 0.42794645E-3, 0.15288681E-4, 0.46025725E-9, 0.35410209E-3, 0.23182061, 0.48001352, 18.088793, 131.92999
0.14722436E-3, 0.47591867E-3, 0.15288744E-4, 0.46052120E-9, 0.33891827E-3, 0.23196782, 0.48031726, 18.088793, 131.92999
0.12846164E-3, 0.43761000E-3, 0.15288808E-4, 0.46079418E-9, 0.35827581E-3, 0.23209630, 0.48058233, 18.088793, 131.92999
0.12831720E-3, 0.43953158E-3, 0.15288862E-4, 0.46105147E-9, 0.36060347E-3, 0.23222460, 0.48084700, 18.088793, 131.92999
0.13530340E-3, 0.36900665E-3, 0.15288915E-4, 0.46130896E-9, 0.26906174E-3, 0.23235992, 0.48112616, 18.088793, 131.92999
0.12542597E-3, 0.27399481E-3, 0.15288957E-4, 0.46157153E-9, 0.20483877E-3, 0.23248535, 0.48138496, 18.088793, 131.92999
0.11475782E-3, 0.25271499E-3, 0.15288997E-4, 0.46181009E-9, 0.21634325E-3, 0.23260014, 0.48162177, 18.088793, 131.92999
0.10399043E-3, 0.26207592E-3, 0.15289037E-4, 0.46202722E-9, 0.25860814E-3, 0.23270412, 0.48183629, 18.088793, 131.92999
0.10449620E-3, 0.24284955E-3, 0.15289079E-4, 0.46223345E-9, 0.23792761E-3, 0.23280860, 0.48205185, 18.088793, 131.92999
0.10584219E-3, 0.24030417E-3, 0.15289119E-4, 0.46244197E-9, 0.23125143E-3, 0.23291445, 0.48227018, 18.088793, 131.92999
0.75802076E-4, 0.23356240E-3, 0.15289153E-4, 0.46262447E-9, 0.31654182E-3, 0.23299024, 0.48242661, 18.088793, 131.92999
0.77855664E-4, 0.22415895E-3, 0.15289190E-4, 0.46277876E-9, 0.30088070E-3, 0.23306808, 0.48258716, 18.088793, 131.92999
0.73828392E-4, 0.19002188E-3, 0.15289232E-4, 0.46292628E-9, 0.27927579E-3, 0.23314190, 0.48273951, 18.088793, 131.92999
0.96703778E-4, 0.17394539E-3, 0.15289263E-4, 0.46309812E-9, 0.19321029E-3, 0.23323858, 0.48293892, 18.088793, 131.92999
0.11884651E-3, 0.17159240E-3, 0.15289294E-4, 0.46330448E-9, 0.12302036E-3, 0.23335746, 0.48318416, 18.088793, 131.92999
0.15165310E-3, 0.17290478E-3, 0.15289324E-4, 0.46357423E-9, 0.23803892E-4, 0.23350908, 0.48349693, 18.088793, 131.92999
0.15627428E-3, 0.16540210E-3, 0.15289359E-4, 0.46387971E-9, 0.21684646E-5, 0.23366536, 0.48381940, 18.088793, 131.92999
0.16126355E-3, 0.17865095E-3, 0.15289390E-4, 0.46419388E-9, 0.0000000, 0.23382665, 0.48415217, 18.088793, 131.92999
0.15582825E-3, 0.16191168E-3, 0.15289426E-4, 0.46450918E-9, 0.0000000, 0.23398246, 0.48447356, 18.088793, 131.92999
0.54617954E-4, 0.13354325E-3, 0.15289457E-4, 0.46472734E-9, 0.28183329E-3, 0.23403707, 0.48458621, 18.088793, 131.92999
0.64405031E-4, 0.11649911E-3, 0.15289481E-4, 0.46484508E-9, 0.23492757E-3, 0.23410150, 0.48471919, 18.088793, 131.92999
0.46374727E-4, 0.14061327E-3, 0.15289510E-4, 0.46495693E-9, 0.31404232E-3, 0.23414789, 0.48481488, 18.088793, 131.92999
0.29545743E-4, 0.14337893E-3, 0.15289545E-4, 0.46503423E-9, 0.36830065E-3, 0.23417747, 0.48487589, 18.088793, 131.92999
0.84054467E-4, 0.13040300E-3, 0.15289575E-4, 0.46512627E-9, 0.18844272E-3, 0.23426151, 0.48504925, 18.088793, 131.92999
0.14151471E-3, 0.11788509E-3, 0.15289603E-4, 0.46535875E-9, 0.0000000, 0.23440301, 0.48534116, 18.088793, 131.92999
0.14139136E-3, 0.11754485E-3, 0.15289626E-4, 0.46563955E-9, 0.0000000, 0.23454443, 0.48563293, 18.088793, 131.92999
0.14185923E-3, 0.11903835E-3, 0.15289650E-4, 0.46592091E-9, 0.0000000, 0.23468627, 0.48592553, 18.088793, 131.92999
0.13512872E-3, 0.98257980E-4, 0.15289679E-4, 0.46619725E-9, 0.0000000, 0.23482139, 0.48620424, 18.088793, 131.92999
0.13054909E-3, 0.84125597E-4, 0.15289701E-4, 0.46646031E-9, 0.0000000, 0.23495194, 0.48647356, 18.088793, 131.92999
0.12790864E-3, 0.75991164E-4, 0.15289719E-4, 0.46671661E-9, 0.0000000, 0.23507988, 0.48673758, 18.088793, 131.92999
0.12674341E-3, 0.72425886E-4, 0.15289732E-4, 0.46696941E-9, 0.0000000, 0.23520666, 0.48699906, 18.088793, 131.92999
0.12579234E-3, 0.69525915E-4, 0.15289745E-4, 0.46721987E-9, 0.0000000, 0.23533247, 0.48725864, 18.088793, 131.92999
0.12483697E-3, 0.66613728E-4, 0.15289759E-4, 0.46746895E-9, 0.0000000, 0.23545735, 0.48751619, 18.088793, 131.92999
0.12357628E-3, 0.62754953E-4, 0.15289777E-4, 0.46771548E-9, 0.0000000, 0.23558092, 0.48777112, 18.088793, 131.92999
0.12056677E-3, 0.53456049E-4, 0.15289790E-4, 0.46795817E-9, 0.0000000, 0.23570150, 0.48801985, 18.088793, 131.92999
0.12462310E-3, 0.66152832E-4, 0.15289817E-4, 0.46820159E-9, 0.0000000, 0.23582612, 0.48827696, 18.088793, 131.92999
0.11985814E-3, 0.51379418E-4, 0.15289845E-4, 0.46844478E-9, 0.0000000, 0.23594597, 0.48852420, 18.088793, 131.92999
0.11986954E-3, 0.51497376E-4, 0.15289870E-4, 0.46868259E-9, 0.0000000, 0.23606582, 0.48877141, 18.088793, 131.92999
0.11927479E-3, 0.49731985E-4, 0.15289905E-4, 0.46892035E-9, 0.0000000, 0.23618509, 0.48901749, 18.088793, 131.92999
0.11728291E-3, 0.43596861E-4, 0.15289936E-4, 0.46915527E-9, 0.0000000, 0.23630238, 0.48925939, 18.088793, 131.92999
0.11444568E-3, 0.34794895E-4, 0.15289961E-4, 0.46938559E-9, 0.0000000, 0.23641682, 0.48949546, 18.088793, 131.92999
0.11353917E-3, 0.32059805E-4, 0.15289985E-4, 0.46961196E-9, 0.0000000, 0.23653035, 0.48972967, 18.088793, 131.92999
0.11229144E-3, 0.28245126E-4, 0.15290016E-4, 0.46983667E-9, 0.0000000, 0.23664266, 0.48996139, 18.088793, 131.92999
0.90847272E-4, 0.27659284E-4, 0.15290047E-4, 0.47003818E-9, 0.64972417E-4, 0.23673354, 0.49014887, 18.088793, 131.92999
0.11032520E-3, 0.22285451E-4, 0.15290079E-4, 0.47023851E-9, 0.0000000, 0.23684390, 0.49037647, 18.088793, 131.92999
0.10790823E-3, 0.14693742E-4, 0.15290105E-4, 0.47045506E-9, 0.0000000, 0.23695183, 0.49059913, 18.088793, 131.92999
0.10608901E-3, 0.89659770E-5, 0.15290119E-4, 0.47066778E-9, 0.0000000, 0.23705791, 0.49081793, 18.088793, 131.92999
0.92228780E-4, 0.60321072E-5, 0.15290143E-4, 0.47087334E-9, 0.39491257E-4, 0.23715013, 0.49100819, 18.088793, 131.92999
0.57503090E-4, 0.10330601E-4, 0.15290181E-4, 0.47101778E-9, 0.14914302E-3, 0.23720765, 0.49112687, 18.088793, 131.92999
0.40275321E-4, 0.10885458E-4, 0.15290248E-4, 0.47111520E-9, 0.20188221E-3, 0.23724793, 0.49120989, 18.088793, 131.92999
0.42786680E-4, 0.71620161E-5, 0.15290319E-4, 0.47119503E-9, 0.19075541E-3, 0.23729073, 0.49129823, 18.088793, 131.92999
0.25892865E-4, 0.54388365E-5, 0.15290390E-4, 0.47126614E-9, 0.24045681E-3, 0.23731659, 0.49135154, 18.088793, 131.92999
0.32863783E-4, 0.23313041E-5, 0.15290465E-4, 0.47132603E-9, 0.21632243E-3, 0.23734945, 0.49141935, 18.088793, 131.92999
0.53572698E-4, -0.46899368E-6, 0.15290527E-4, 0.47141008E-9, 0.15066307E-3, 0.23740301, 0.49152982, 18.088793, 131.92999
0.66169174E-4, -0.26786729E-5, 0.15290569E-4, 0.47152787E-9, 0.11004551E-3, 0.23746918, 0.49166632, 18.088793, 131.92999
0.47929891E-4, -0.59058439E-5, 0.15290614E-4, 0.47164306E-9, 0.16241730E-3, 0.23751710, 0.49176517, 18.088793, 131.92999
0.25802407E-4, -0.96898730E-5, 0.15290674E-4, 0.47171639E-9, 0.22613541E-3, 0.23754294, 0.49181852, 18.088793, 131.92999
0.12399629E-4, -0.13908764E-4, 0.15290741E-4, 0.47175680E-9, 0.26269999E-3, 0.23755534, 0.49184406, 18.088793, 131.92999
0.58587916E-5, -0.15727484E-4, 0.15290816E-4, 0.47177551E-9, 0.28100479E-3, 0.23756121, 0.49185613, 18.088793, 131.92999
0.21903365E-4, -0.15992664E-4, 0.15290880E-4, 0.47180404E-9, 0.23186664E-3, 0.23758313, 0.49190143, 18.088793, 131.92999
0.65698839E-6, -0.20241634E-4, 0.15290943E-4, 0.47182608E-9, 0.29251928E-3, 0.23758379, 0.49190274, 18.088793, 131.92999
0.10962225E-4, -0.21053704E-4, 0.15291003E-4, 0.47183979E-9, 0.26029351E-3, 0.23759477, 0.49192539, 18.088793, 131.92999
0.33384631E-5, -0.23137851E-4, 0.15291060E-4, 0.47185456E-9, 0.28159257E-3, 0.23759809, 0.49193227, 18.088793, 131.92999
-0.85721294E-5, -0.29344854E-4, 0.15291125E-4, 0.47184728E-9, 0.31160057E-3, 0.23758952, 0.49191460, 18.088793, 131.92999
-0.48160550E-5, -0.29135335E-4, 0.15291193E-4, 0.47182980E-9, 0.30047839E-3, 0.23758470, 0.49190459, 18.088793, 131.92999
0.85483935E-5, -0.28472554E-4, 0.15291253E-4, 0.47183324E-9, 0.26039305E-3, 0.23759319, 0.49192211, 18.088793, 131.92999
0.10331074E-4, -0.27820810E-4, 0.15291302E-4, 0.47185772E-9, 0.25575268E-3, 0.23760349, 0.49194339, 18.088793, 131.92999
0.27406757E-4, -0.26451948E-4, 0.15291345E-4, 0.47189275E-9, 0.20500322E-3, 0.23763087, 0.49199986, 18.088793, 131.92999
0.30795840E-4, -0.26982198E-4, 0.15291382E-4, 0.47195126E-9, 0.19417143E-3, 0.23766166, 0.49206337, 18.088793, 131.92999
0.22231776E-4, -0.31172509E-4, 0.15291416E-4, 0.47200249E-9, 0.21612846E-3, 0.23768391, 0.49210924, 18.088793, 131.92999
0.39874762E-4, -0.25363992E-4, 0.15291458E-4, 0.47205978E-9, 0.16820988E-3, 0.23772378, 0.49219152, 18.088793, 131.92999
0.32670672E-4, -0.30102172E-4, 0.15291487E-4, 0.47213072E-9, 0.18543573E-3, 0.23775645, 0.49225891, 18.088793, 131.92999
0.33352320E-4, -0.30471783E-4, 0.15291518E-4, 0.47219800E-9, 0.18303416E-3, 0.23778981, 0.49232772, 18.088793, 131.92999
0.26084268E-4, -0.35505022E-4, 0.15291549E-4, 0.47225862E-9, 0.20016695E-3, 0.23781589, 0.49238151, 18.088793, 131.92999
0.79016099E-5, -0.41505016E-4, 0.15291584E-4, 0.47229232E-9, 0.24974075E-3, 0.23782375, 0.49239776, 18.088793, 131.92999
0.13932749E-4, -0.39366074E-4, 0.15291618E-4, 0.47231097E-9, 0.23353027E-3, 0.23783766, 0.49242640, 18.088793, 131.92999
0.20181949E-4, -0.36832833E-4, 0.15291655E-4, 0.47234033E-9, 0.21704796E-3, 0.23785785, 0.49246803, 18.088793, 131.92999
-0.38740463E-5, -0.43166470E-4, 0.15291685E-4, 0.47236337E-9, 0.28428430E-3, 0.23785399, 0.49246010, 18.088793, 131.92999
-0.22909513E-4, -0.48535701E-4, 0.15291722E-4, 0.47234666E-9, 0.33714049E-3, 0.23783112, 0.49241292, 18.088793, 131.92999
-0.36776593E-4, -0.48910279E-4, 0.15291766E-4, 0.47227916E-9, 0.37928246E-3, 0.23779435, 0.49233711, 18.088793, 131.92999
-0.35378784E-4, -0.53001480E-4, 0.15291804E-4, 0.47221027E-9, 0.37087256E-3, 0.23775904, 0.49226421, 18.088793, 131.92999
-0.23253833E-4, -0.60064165E-4, 0.15291840E-4, 0.47215004E-9, 0.32657819E-3, 0.23773578, 0.49221623, 18.088793, 131.92999
-0.32412569E-4, -0.79855527E-4, 0.15291896E-4, 0.47209286E-9, 0.33448229E-3, 0.23770337, 0.49214941, 18.088793, 131.92999
-0.96010253E-5, -0.71562536E-4, 0.15291953E-4, 0.47205173E-9, 0.27311701E-3, 0.23769374, 0.49212956, 18.088793, 131.92999
-0.16740014E-4, -0.76949087E-4, 0.15292009E-4, 0.47202842E-9, 0.28953480E-3, 0.23767698, 0.49209496, 18.088793, 131.92999
-0.48357873E-4, -0.99997189E-4, 0.15292073E-4, 0.47196658E-9, 0.36294022E-3, 0.23762861, 0.49199522, 18.088793, 131.92999
-0.24783734E-4, -0.80796672E-4, 0.15292137E-4, 0.47189230E-9, 0.31032588E-3, 0.23760386, 0.49194416, 18.088793, 131.92999
0.20733410E-7, -0.71348863E-4, 0.15292186E-4, 0.47186227E-9, 0.24400743E-3, 0.23760389, 0.49194422, 18.088793, 131.92999
0.15672276E-4, -0.59901264E-4, 0.15292226E-4, 0.47187887E-9, 0.20774943E-3, 0.23761958, 0.49197659, 18.088793, 131.92999
0.35640682E-4, -0.48509261E-4, 0.15292255E-4, 0.47192605E-9, 0.15820083E-3, 0.23765522, 0.49205011, 18.088793, 131.92999
0.29464840E-4, -0.62520921E-4, 0.15292288E-4, 0.47199478E-9, 0.16290879E-3, 0.23768468, 0.49211085, 18.088793, 131.92999
-0.37992872E-5, -0.11408235E-3, 0.15292335E-4, 0.47202614E-9, 0.21245773E-3, 0.23768088, 0.49210304, 18.088793, 131.92999
-0.10074305E-4, -0.13326664E-3, 0.15292409E-4, 0.91719720E-7, 0.21213852E-3, 0.23767079, 0.49208224, 18.088793, 131.92999
-0.27403506E-4, -0.15474187E-3, 0.15292499E-4, 0.47500137E-9, 0.24353599E-3, 0.23764336, 0.49202567, 18.088793, 131.92999
-0.30751453E-4, -0.15136137E-3, 0.15292586E-4, 0.47439752E-9, 0.25724858E-3, 0.23761262, 0.49196222, 18.088793, 131.92999
-0.39837905E-4, -0.16596273E-3, 0.15292680E-4, 0.47382065E-9, 0.27028756E-3, 0.23757279, 0.49188006, 18.088793, 131.92999
-0.41412295E-4, -0.16928685E-3, 0.15292777E-4, 0.79351086E-8, 0.27175347E-3, 0.23753139, 0.49179465, 18.088793, 131.92999
-0.36666017E-4, -0.16809608E-3, 0.15292870E-4, 0.47366000E-9, 0.25845415E-3, 0.23749472, 0.49171901, 18.088793, 131.92999
-0.80776026E-5, -0.14657833E-3, 0.15292961E-4, 0.47317494E-9, 0.19274461E-3, 0.23748665, 0.49170235, 18.088793, 131.92999
-0.24751431E-4, -0.16122969E-3, 0.15293044E-4, 0.47278037E-9, 0.22898187E-3, 0.23746186, 0.49165121, 18.088793, 131.92999
-0.93738905E-4, -0.21888218E-3, 0.15293146E-4, 0.47237914E-9, 0.38183751E-3, 0.23736809, 0.49145782, 18.088793, 131.92999
-0.11892551E-3, -0.23825932E-3, 0.15293279E-4, 0.47193710E-9, 0.43933297E-3, 0.23724920, 0.49121255, 18.088793, 131.92999
-0.44742614E-4, -0.16913087E-3, 0.15293390E-4, 0.47159249E-9, 0.28222575E-3, 0.23720446, 0.49112025, 18.088793, 131.92999
-0.11076520E-3, -0.24159921E-3, 0.15293501E-4, 0.47132243E-9, 0.41098616E-3, 0.23709370, 0.49089181, 18.088793, 131.92999
-0.13025965E-3, -0.24684501E-3, 0.15293639E-4, 0.47098742E-9, 0.46536999E-3, 0.23696341, 0.49062303, 18.088793, 131.92999
-0.89103443E-4, -0.19947988E-3, 0.15293766E-4, 0.47069093E-9, 0.38733805E-3, 0.23687430, 0.49043918, 18.088793, 131.92999
-0.68807443E-4, -0.19659851E-3, 0.15293877E-4, 0.47047721E-9, 0.32811105E-3, 0.23680548, 0.49029723, 18.088793, 131.92999
-0.74539450E-4, -0.20712354E-3, 0.15293994E-4, 0.47029325E-9, 0.33501003E-3, 0.23673093, 0.49014345, 18.088793, 131.92999
-0.21560369E-4, -0.15282104E-3, 0.15294092E-4, 0.35712560E-6, 0.22744916E-3, 0.23670937, 0.49009898, 18.088793, 131.92999
0.35279540E-4, -0.12535954E-3, 0.15294167E-4, 0.49925040E-6, 0.81073566E-4, 0.23674467, 0.49017179, 18.088793, 131.92999
0.36904446E-4, -0.12583195E-3, 0.15294227E-4, 0.28180708E-6, 0.75874850E-4, 0.23678157, 0.49024796, 18.088793, 131.92999
-0.70310957E-5, -0.13979750E-3, 0.15294292E-4, 0.40219305E-7, 0.19656733E-3, 0.23677453, 0.49023336, 18.088793, 131.92999
-0.59080630E-4, -0.19767441E-3, 0.15294374E-4, 0.13153686E-8, 0.29743437E-3, 0.23671545, 0.49011150, 18.088793, 131.92999
-0.70764276E-4, -0.19856825E-3, 0.15294479E-4, 0.47262161E-9, 0.33233190E-3, 0.23664469, 0.48996559, 18.088793, 131.92999
-0.10394192E-3, -0.22169904E-3, 0.15294587E-4, 0.47193988E-9, 0.41054317E-3, 0.23654076, 0.48975116, 18.088793, 131.92999
-0.12721932E-3, -0.23481714E-3, 0.15294707E-4, 0.47126725E-9, 0.46856535E-3, 0.23641355, 0.48948878, 18.088793, 131.92999
-0.14728867E-3, -0.24811516E-3, 0.15294834E-4, 0.47061238E-9, 0.51657541E-3, 0.23626626, 0.48918492, 18.088793, 131.92999
-0.16282509E-3, -0.24301064E-3, 0.15294965E-4, 0.46999138E-9, 0.56933193E-3, 0.23610340, 0.48884892, 18.088793, 131.92999
-0.14502014E-3, -0.21757199E-3, 0.15295083E-4, 0.46944099E-9, 0.54056250E-3, 0.23595838, 0.48854980, 18.088793, 131.92999
-0.16278563E-3, -0.23726744E-3, 0.15295205E-4, 0.46895871E-9, 0.57504803E-3, 0.23579562, 0.48821405, 18.088793, 131.92999
-0.13891887E-3, -0.21392480E-3, 0.15295327E-4, 0.46850918E-9, 0.52558823E-3, 0.23565671, 0.48792750, 18.088793, 131.92999
-0.16124436E-3, -0.21428865E-3, 0.15295434E-4, 0.46812076E-9, 0.59361651E-3, 0.23549546, 0.48759484, 18.088793, 131.92999
-0.13125842E-3, -0.20160289E-3, 0.15295534E-4, 0.46775539E-9, 0.51463029E-3, 0.23536421, 0.48732406, 18.088793, 131.92999
-0.10232884E-3, -0.17315929E-3, 0.15295629E-4, 0.46745435E-9, 0.45483105E-3, 0.23526189, 0.48711303, 18.088793, 131.92999
-0.11671058E-3, -0.19664083E-3, 0.15295724E-4, 0.46720061E-9, 0.47513726E-3, 0.23514521, 0.48687229, 18.088793, 131.92999
-0.78368917E-4, -0.15637244E-3, 0.15295813E-4, 0.46698978E-9, 0.39847192E-3, 0.23506685, 0.48671064, 18.088793, 131.92999
-0.72198745E-4, -0.14934287E-3, 0.15295887E-4, 0.46681708E-9, 0.38670990E-3, 0.23499468, 0.48656178, 18.088793, 131.92999
-0.69057081E-4, -0.14608307E-3, 0.15295958E-4, 0.46665216E-9, 0.38040837E-3, 0.23492567, 0.48641944, 18.088793, 131.92999
-0.65867083E-4, -0.14768567E-3, 0.15296033E-4, 0.46650883E-9, 0.36904088E-3, 0.23485982, 0.48628354, 18.088793, 131.92999
-0.77489785E-4, -0.14964261E-3, 0.15296104E-4, 0.46636667E-9, 0.40268942E-3, 0.23478237, 0.48612380, 18.088793, 131.92999
-0.90412104E-4, -0.15823908E-3, 0.15296178E-4, 0.46619636E-9, 0.43360758E-3, 0.23469196, 0.48593724, 18.088793, 131.92999
-0.12359158E-3, -0.16817776E-3, 0.15296257E-4, 0.46598242E-9, 0.52522030E-3, 0.23456840, 0.48568240, 18.088793, 131.92999
-0.11232022E-3, -0.15529634E-3, 0.15296331E-4, 0.46574622E-9, 0.50375098E-3, 0.23445606, 0.48545057, 18.088793, 131.92999
-0.67682573E-4, -0.13326682E-3, 0.15296397E-4, 0.46555149E-9, 0.38932206E-3, 0.23438838, 0.48531097, 18.088793, 131.92999
-0.87029257E-4, -0.14693858E-3, 0.15296459E-4, 0.46540610E-9, 0.43480261E-3, 0.23430134, 0.48513144, 18.088793, 131.92999
-0.10291145E-3, -0.15513657E-3, 0.15296526E-4, 0.46521509E-9, 0.47520542E-3, 0.23419847, 0.48491919, 18.088793, 131.92999
-0.83840125E-4, -0.17567279E-3, 0.15296597E-4, 0.46501714E-9, 0.39608922E-3, 0.23411462, 0.48474619, 18.088793, 131.92999
-0.45329802E-4, -0.16284442E-3, 0.15296664E-4, 0.46490575E-9, 0.29111956E-3, 0.23406933, 0.48465279, 18.088793, 131.92999
-0.81247112E-4, -0.20512559E-3, 0.15296742E-4, 0.46476875E-9, 0.35847310E-3, 0.23398808, 0.48448518, 18.088793, 131.92999
-0.11023294E-3, -0.24549416E-3, 0.15296835E-4, 0.46458234E-9, 0.40652818E-3, 0.23387784, 0.48425773, 18.088793, 131.92999
-0.34530647E-4, -0.17953235E-3, 0.15296915E-4, 0.46443627E-9, 0.24124261E-3, 0.23384333, 0.48418656, 18.088793, 131.92999
-0.53931148E-4, -0.23774095E-3, 0.15296995E-4, 0.46434714E-9, 0.24193914E-3, 0.23378941, 0.48407534, 18.088793, 131.92999
-0.13537465E-3, -0.40230405E-3, 0.15297124E-4, 0.63387853E-6, 0.32469985E-3, 0.23365405, 0.48379603, 18.088793, 131.92999
-0.24924494E-3, -0.61129773E-3, 0.15297337E-4, 0.46674509E-9, 0.46313711E-3, 0.23340483, 0.48328191, 18.088785, 131.92999
-0.13242057E-3, -0.41511885E-3, 0.15297563E-4, 0.46581478E-9, 0.30324177E-3, 0.23327245, 0.48300883, 18.088785, 131.92999
-0.77955468E-4, -0.31573765E-3, 0.15297721E-4, 0.12582056E-6, 0.23659425E-3, 0.23319450, 0.48284799, 18.088785, 131.92999
-0.99034180E-4, -0.35224849E-3, 0.15297861E-4, 0.46598719E-9, 0.26442247E-3, 0.23309544, 0.48264363, 18.088785, 131.92999
-0.16226848E-3, -0.44730309E-3, 0.15298034E-4, 0.46519655E-9, 0.36212843E-3, 0.23293318, 0.48230886, 18.088785, 131.92999
-0.22780424E-3, -0.54373057E-3, 0.15298252E-4, 0.46431869E-9, 0.46544269E-3, 0.23270540, 0.48183894, 18.088779, 131.92999
-0.12004719E-3, -0.36528282E-3, 0.15298461E-4, 0.46352736E-9, 0.31550659E-3, 0.23258537, 0.48159134, 18.088779, 131.92999
-0.60870349E-4, -0.27089810E-3, 0.15298603E-4, 0.46298948E-9, 0.22955227E-3, 0.23252447, 0.48146567, 18.088779, 131.92999
-0.14390428E-3, -0.37679731E-3, 0.15298745E-4, 0.46250631E-9, 0.37694577E-3, 0.23238058, 0.48116878, 18.088778, 131.92999
-0.14435346E-3, -0.36452748E-3, 0.15298909E-4, 0.46199969E-9, 0.39069171E-3, 0.23223625, 0.48087099, 18.088778, 131.92999
-0.16242079E-3, -0.35101554E-3, 0.15299071E-4, 0.46152354E-9, 0.45966325E-3, 0.23207383, 0.48053595, 18.088776, 131.92999
-0.16212519E-3, -0.34292816E-3, 0.15299225E-4, 0.46107357E-9, 0.46691179E-3, 0.23191172, 0.48020148, 18.088776, 131.92999
-0.15952882E-3, -0.33183349E-3, 0.15299382E-4, 0.46065160E-9, 0.47015244E-3, 0.23175219, 0.47987235, 18.088776, 131.92999
-0.14163279E-3, -0.29277120E-3, 0.15299525E-4, 0.46028570E-9, 0.45478699E-3, 0.23161057, 0.47958013, 18.088776, 131.92999
-0.11751425E-3, -0.27673398E-3, 0.15299654E-4, 0.45997606E-9, 0.39711039E-3, 0.23149310, 0.47933781, 18.088776, 131.92999
-0.12212420E-3, -0.26283410E-3, 0.15299773E-4, 0.45970883E-9, 0.42527876E-3, 0.23137099, 0.47908586, 18.088776, 131.92999
-0.79904967E-4, -0.21045966E-3, 0.15299878E-4, 0.45947632E-9, 0.34886695E-3, 0.23129112, 0.47892106, 18.088776, 131.92999
-0.79368961E-4, -0.20334549E-3, 0.15299971E-4, 0.45929907E-9, 0.35442994E-3, 0.23121174, 0.47875732, 18.088776, 131.92999
-0.57368830E-4, -0.19683957E-3, 0.15300053E-4, 0.45915058E-9, 0.29363259E-3, 0.23115440, 0.47863898, 18.088776, 131.92999
-0.10565417E-3, -0.23662156E-3, 0.15300144E-4, 0.45899534E-9, 0.40139651E-3, 0.23104872, 0.47842094, 18.088776, 131.92999
-0.83629144E-4, -0.19970076E-3, 0.15300238E-4, 0.45878429E-9, 0.37123193E-3, 0.23096509, 0.47824842, 18.088776, 131.92999
-0.20764561E-4, -0.14533904E-3, 0.15300311E-4, 0.45866350E-9, 0.23357097E-3, 0.23094435, 0.47820565, 18.088776, 131.92999
0.80053460E-5, -0.12387914E-3, 0.15300364E-4, 0.45865098E-9, 0.16712688E-3, 0.23095232, 0.47822210, 18.088776, 131.92999
0.60877996E-5, -0.12349110E-3, 0.15300417E-4, 0.45866744E-9, 0.17341309E-3, 0.23095842, 0.47823468, 18.088776, 131.92999
-0.12683842E-4, -0.14640935E-3, 0.15300469E-4, 0.45866241E-9, 0.20780758E-3, 0.23094575, 0.47820848, 18.088776, 131.92999
-0.42438794E-4, -0.18825964E-3, 0.15300531E-4, 0.45860798E-9, 0.25674811E-3, 0.23090330, 0.47812092, 18.088776, 131.92999
-0.12591800E-3, -0.27906924E-3, 0.15300620E-4, 0.45844695E-9, 0.42086936E-3, 0.23077737, 0.47786114, 18.088776, 131.92999
-0.91275077E-4, -0.24434045E-3, 0.15300726E-4, 0.45822596E-9, 0.34979518E-3, 0.23068605, 0.47767273, 18.088776, 131.92999
-0.99571014E-4, -0.25802621E-3, 0.15300830E-4, 0.45803486E-9, 0.36141818E-3, 0.23058647, 0.47746727, 18.088776, 131.92999
-0.90584217E-4, -0.25713205E-3, 0.15300935E-4, 0.45784534E-9, 0.33480587E-3, 0.23049590, 0.47728035, 18.088776, 131.92999
-0.14840289E-3, -0.31429582E-3, 0.15301046E-4, 0.45761803E-9, 0.45427846E-3, 0.23034751, 0.47697422, 18.088776, 131.92999
-0.64114582E-4, -0.23451456E-3, 0.15301157E-4, 0.45739790E-9, 0.27656349E-3, 0.23028338, 0.47684187, 18.088776, 131.92999
-0.86557244E-4, -0.28034320E-3, 0.15301255E-4, 0.45725226E-9, 0.29912096E-3, 0.23019682, 0.47666329, 18.088776, 131.92999
-0.10264788E-3, -0.26159486E-3, 0.15301359E-4, 0.45706608E-9, 0.36734549E-3, 0.23009419, 0.47645155, 18.088776, 131.92999
-0.61253253E-4, -0.27835523E-3, 0.15301455E-4, 0.45690235E-9, 0.22367627E-3, 0.23003294, 0.47632515, 18.088776, 131.92999
-0.18105257E-3, -0.47431400E-3, 0.15301595E-4, 0.70314710E-9, 0.39309790E-3, 0.22985189, 0.47595161, 18.088776, 131.92999
-0.14161870E-3, -0.48863795E-3, 0.15301799E-4, 0.40736509E-6, 0.25741500E-3, 0.22971025, 0.47565934, 18.088776, 131.92999
-0.12911391E-3, -0.46292780E-3, 0.15301990E-4, 0.10509304E-6, 0.24530175E-3, 0.22958116, 0.47539300, 18.088776, 131.92999
-0.20114245E-3, -0.58357243E-3, 0.15302196E-4, 0.45868262E-9, 0.34434674E-3, 0.22938004, 0.47497806, 18.088768, 131.92999
-0.24456112E-3, -0.62384468E-3, 0.15302445E-4, 0.45771048E-9, 0.43664666E-3, 0.22913548, 0.47447348, 18.088757, 131.92999
-0.20423140E-3, -0.54284581E-3, 0.15302696E-4, 0.45676529E-9, 0.39471433E-3, 0.22893120, 0.47405195, 18.088749, 131.92999
-0.20110418E-3, -0.51729730E-3, 0.15302918E-4, 0.45593587E-9, 0.41083942E-3, 0.22873013, 0.47363704, 18.088741, 131.92999
-0.12537003E-3, -0.39757203E-3, 0.15303114E-4, 0.45525550E-9, 0.29959151E-3, 0.22860479, 0.47337845, 18.088741, 131.92999
-0.14970111E-3, -0.45557902E-3, 0.15303300E-4, 0.45469237E-9, 0.31556372E-3, 0.22845508, 0.47306955, 18.088741, 131.92999
-0.19772601E-3, -0.54865354E-3, 0.15303525E-4, 0.45413476E-9, 0.36869218E-3, 0.22825734, 0.47266155, 18.088739, 131.92999
-0.20369061E-3, -0.57048671E-3, 0.15303774E-4, 0.95937828E-7, 0.36472955E-3, 0.22805366, 0.47224128, 18.088736, 131.92999
-0.24709495E-3, -0.65297453E-3, 0.15304062E-4, 0.46703499E-6, 0.41389797E-3, 0.22780658, 0.47173142, 18.088728, 131.92999
-0.18498111E-3, -0.54729392E-3, 0.15304349E-4, 0.56888265E-7, 0.33057848E-3, 0.22762157, 0.47134966, 18.088728, 131.92999
-0.15970302E-3, -0.50289149E-3, 0.15304609E-4, 0.45478499E-9, 0.29792314E-3, 0.22746186, 0.47102013, 18.088728, 131.92999
-0.15303143E-3, -0.47957775E-3, 0.15304853E-4, 0.45395468E-9, 0.30093346E-3, 0.22730885, 0.47070441, 18.088728, 131.92999
-0.14237232E-3, -0.43985885E-3, 0.15305090E-4, 0.45316595E-9, 0.30831902E-3, 0.22716646, 0.47041059, 18.088728, 131.92999
-0.11682195E-3, -0.38251697E-3, 0.15305295E-4, 0.45249746E-9, 0.28793301E-3, 0.22704957, 0.47016940, 18.088728, 131.92999
-0.24153976E-3, -0.55251148E-3, 0.15305530E-4, 0.45181173E-9, 0.49805432E-3, 0.22680801, 0.46967095, 18.088715, 131.92999
-0.21085748E-3, -0.47303474E-3, 0.15305814E-4, 0.45106782E-9, 0.48424953E-3, 0.22659715, 0.46923581, 18.088705, 131.92999
-0.20419032E-3, -0.43829979E-3, 0.15306061E-4, 0.45043716E-9, 0.49882609E-3, 0.22639292, 0.46881440, 18.088696, 131.92999
-0.18068624E-3, -0.39722279E-3, 0.15306299E-4, 0.44988097E-9, 0.46827039E-3, 0.22621223, 0.46844158, 18.088688, 131.92999
-0.91527676E-4, -0.26678713E-3, 0.15306490E-4, 0.44948059E-9, 0.32707409E-3, 0.22612070, 0.46825269, 18.088688, 131.92999
-0.68353489E-4, -0.23226684E-3, 0.15306630E-4, 0.44922827E-9, 0.29100917E-3, 0.22605236, 0.46811166, 18.088688, 131.92999
-0.55864413E-4, -0.20578774E-3, 0.15306752E-4, 0.44903434E-9, 0.27955192E-3, 0.22599649, 0.46799636, 18.088688, 131.92999
-0.85650150E-4, -0.23790170E-3, 0.15306874E-4, 0.44885357E-9, 0.33830665E-3, 0.22591083, 0.46781960, 18.088688, 131.92999
-0.83059182E-4, -0.23257409E-3, 0.15307009E-4, 0.44865117E-9, 0.33576004E-3, 0.22582775, 0.46764815, 18.088688, 131.92999
-0.10635579E-3, -0.26323047E-3, 0.15307152E-4, 0.44843709E-9, 0.37609958E-3, 0.22572139, 0.46742868, 18.088686, 131.92999
-0.68246307E-4, -0.21591526E-3, 0.15307289E-4, 0.44824527E-9, 0.30723331E-3, 0.22565313, 0.46728781, 18.088686, 131.92999
-0.13750729E-3, -0.30745054E-3, 0.15307436E-4, 0.44802764E-9, 0.42676349E-3, 0.22551563, 0.46700409, 18.088684, 131.92999
-0.15735156E-3, -0.34349572E-3, 0.15307620E-4, 0.44773490E-9, 0.45102366E-3, 0.22535829, 0.46667942, 18.088680, 131.92999
-0.10963836E-3, -0.29006784E-3, 0.15307805E-4, 0.44746287E-9, 0.35888958E-3, 0.22524863, 0.46645314, 18.088680, 131.92999
-0.10584943E-3, -0.28333836E-3, 0.15307982E-4, 0.44723314E-9, 0.35406044E-3, 0.22514281, 0.46623474, 18.088680, 131.92999
-0.13398461E-3, -0.33269642E-3, 0.15308167E-4, 0.44700066E-9, 0.39022605E-3, 0.22500885, 0.46595833, 18.088675, 131.92999
-0.12161996E-3, -0.33846585E-3, 0.15308367E-4, 0.44675363E-9, 0.34642743E-3, 0.22488724, 0.46570736, 18.088673, 131.92999
-0.13388126E-3, -0.40753384E-3, 0.15308602E-4, 0.16714259E-6, 0.31372617E-3, 0.22475335, 0.46543103, 18.088671, 131.92999
-0.22065242E-3, -0.56592678E-3, 0.15308930E-4, 0.61454677E-8, 0.41883782E-3, 0.22453271, 0.46497574, 18.088657, 131.92999
-0.16018056E-3, -0.45115553E-3, 0.15309290E-4, 0.44815496E-9, 0.34955321E-3, 0.22437258, 0.46464530, 18.088646, 131.92999
-0.14813304E-3, -0.41434614E-3, 0.15309603E-4, 0.13665789E-6, 0.34952615E-3, 0.22422448, 0.46433964, 18.088638, 131.92999
-0.12730755E-3, -0.39051834E-3, 0.15309923E-4, 0.37016494E-6, 0.30933382E-3, 0.22409716, 0.46407694, 18.088633, 131.92999
-0.11105642E-3, -0.34729671E-3, 0.15310219E-4, 0.14026347E-6, 0.30338595E-3, 0.22398609, 0.46384773, 18.088629, 131.92999
-0.10116703E-3, -0.32250464E-3, 0.15310507E-4, 0.26657824E-6, 0.29787316E-3, 0.22388493, 0.46363896, 18.088629, 131.92999
-0.11958941E-3, -0.32677923E-3, 0.15310803E-4, 0.18787168E-5, 0.34796883E-3, 0.22376534, 0.46339220, 18.088621, 131.92999
-0.80797756E-4, -0.27204127E-3, 0.15311092E-4, 0.33551569E-6, 0.28614039E-3, 0.22368453, 0.46322542, 18.088621, 131.92999
-0.10305954E-3, -0.28526827E-3, 0.15311378E-4, 0.30678552E-6, 0.34047413E-3, 0.22358146, 0.46301273, 18.088614, 131.92999
-0.11788684E-3, -0.30150841E-3, 0.15311700E-4, 0.28774080E-7, 0.36896631E-3, 0.22346361, 0.46276948, 18.088602, 131.92999
-0.84216925E-4, -0.23186923E-3, 0.15312022E-4, 0.24141326E-6, 0.33637363E-3, 0.22337942, 0.46259576, 18.088602, 131.92999
-0.83512547E-4, -0.21802145E-3, 0.15312315E-4, 0.21838628E-6, 0.34791874E-3, 0.22329591, 0.46242341, 18.088596, 131.92999
-0.80163365E-4, -0.19617926E-3, 0.15312611E-4, 0.20852343E-6, 0.35955108E-3, 0.22321574, 0.46225801, 18.088587, 131.92999
-0.79097619E-4, -0.18265878E-3, 0.15312917E-4, 0.68642812E-7, 0.36966542E-3, 0.22313663, 0.46209469, 18.088581, 131.92999
-0.74205032E-4, -0.16350727E-3, 0.15313226E-4, 0.25968512E-6, 0.37346929E-3, 0.22306244, 0.46194163, 18.088568, 131.92999
-0.66694112E-4, -0.13826479E-3, 0.15313542E-4, 0.44546494E-9, 0.37601416E-3, 0.22299574, 0.46180400, 18.088560, 131.92999
-0.57685174E-4, -0.11647493E-3, 0.15313857E-4, 0.25533245E-6, 0.36980805E-3, 0.22293806, 0.46168491, 18.088551, 131.92999
-0.50353108E-4, -0.87092252E-4, 0.15314163E-4, 0.44522822E-9, 0.37739659E-3, 0.22288769, 0.46158099, 18.088547, 131.92999
-0.68936548E-4, -0.74538199E-4, 0.15314481E-4, 0.44462006E-9, 0.44570840E-3, 0.22281872, 0.46143866, 18.088531, 131.92999
-0.64071057E-4, -0.41611376E-4, 0.15314823E-4, 0.44405049E-9, 0.46395871E-3, 0.22275463, 0.46130636, 18.088516, 131.92999
-0.56492619E-4, -0.12526230E-4, 0.15315145E-4, 0.44355880E-9, 0.47042611E-3, 0.22269814, 0.46118981, 18.088503, 131.92999
-0.21579634E-4, 0.79044548E-5, 0.15315438E-4, 0.44316706E-9, 0.38468995E-3, 0.22267655, 0.46114519, 18.088493, 131.92999
-0.97797210E-5, 0.21092244E-4, 0.15315693E-4, 0.44289497E-9, 0.36222232E-3, 0.22266676, 0.46112505, 18.088486, 131.92999
-0.21620499E-4, 0.38420141E-4, 0.15315953E-4, 0.44267887E-9, 0.41530584E-3, 0.22264516, 0.46108043, 18.088472, 131.92999
-0.23460648E-5, 0.45860419E-4, 0.15316205E-4, 0.44251797E-9, 0.36449861E-3, 0.22264284, 0.46107569, 18.088463, 131.92999
0.27670712E-5, 0.52972100E-4, 0.15316427E-4, 0.44241316E-9, 0.35620871E-3, 0.22264557, 0.46108127, 18.088453, 131.92999
0.39210823E-4, 0.44578410E-4, 0.15316613E-4, 0.44238105E-9, 0.23736751E-3, 0.22268477, 0.46116218, 18.088453, 131.92999
0.81576377, 0.59183512E-4, 0.15316798E-4, 0.19956099E-8, 0.10566951E-2, 1.0384488, 2.1235697, 18.088453, 131.92999
-0.18462818E-3, 0.74291544E-4, 0.15317002E-4, 0.50493518E-5, 0.91855845E-3, 1.0382640, 2.1231980, 18.088453, 131.92999
-0.21317857E-3, 0.93185983E-4, 0.15317244E-4, 0.80748496E-5, 0.10182577E-2, 1.0380509, 2.1227694, 18.088453, 131.92999
-0.26122123E-3, 0.12028741E-3, 0.15317504E-4, 0.45653364E-5, 0.11905014E-2, 1.0377893, 2.1222429, 18.088453, 131.92999
-0.33681348E-3, 0.15963896E-3, 0.15317795E-4, 0.20732582E-8, 0.14581607E-2, 1.0374523, 2.1215646, 18.088453, 131.92999
-0.33243353E-3, 0.16887317E-3, 0.15318092E-4, 0.46456231E-6, 0.14563391E-2, 1.0371199, 2.1208956, 18.088453, 131.92999
-0.29400008E-3, 0.17908891E-3, 0.15318370E-4, 0.10970757E-5, 0.13516040E-2, 1.0368260, 2.1203041, 18.088453, 131.92999
-0.43361049E-3, 0.24207422E-3, 0.15318661E-4, 0.74880582E-7, 0.18300330E-2, 1.0363925, 2.1194317, 18.088453, 131.92999
-0.41109510E-3, 0.24447753E-3, 0.15318974E-4, 0.20696018E-8, 0.17679286E-2, 1.0359814, 2.1186044, 18.088453, 131.92999
-0.48848678E-3, 0.24846522E-3, 0.15319263E-4, 0.20664033E-8, 0.20071007E-2, 1.0354931, 2.1176219, 18.088453, 131.92999
-0.49871177E-3, 0.25264529E-3, 0.15319531E-4, 0.20633844E-8, 0.20435441E-2, 1.0349942, 2.1166179, 18.088453, 131.92999
-0.48094901E-3, 0.24126912E-3, 0.15319780E-4, 0.20606739E-8, 0.19813704E-2, 1.0345134, 2.1156499, 18.088453, 131.92999
-0.46981964E-3, 0.23870930E-3, 0.15320007E-4, 0.20583226E-8, 0.19466048E-2, 1.0340437, 2.1147048, 18.088453, 131.92999
-0.42674018E-3, 0.22295633E-3, 0.15320215E-4, 0.20563113E-8, 0.18034254E-2, 1.0336168, 2.1138458, 18.088453, 131.92999
-0.41196507E-3, 0.19964826E-3, 0.15320402E-4, 0.20546262E-8, 0.17383327E-2, 1.0332052, 2.1130173, 18.088453, 131.92999
-0.48939907E-3, 0.20433278E-3, 0.15320573E-4, 0.20530988E-8, 0.19761787E-2, 1.0327158, 2.1120324, 18.088453, 131.92999
-0.43820436E-3, 0.20310558E-3, 0.15320740E-4, 0.20516899E-8, 0.18211340E-2, 1.0322775, 2.1111503, 18.088453, 131.92999
-0.36785967E-3, 0.19452650E-3, 0.15320909E-4, 0.20505235E-8, 0.16016577E-2, 1.0319096, 2.1104097, 18.088453, 131.92999
-0.26463668E-3, 0.18471423E-3, 0.15321059E-4, 0.20496309E-8, 0.12818798E-2, 1.0316448, 2.1098766, 18.088453, 131.92999
-0.37689114E-3, 0.20200126E-3, 0.15321210E-4, 0.20488877E-8, 0.16358561E-2, 1.0312679, 2.1091182, 18.088453, 131.92999
-0.57975098E-3, 0.27643214E-3, 0.15321408E-4, 0.20477831E-8, 0.23153103E-2, 1.0306880, 2.1079512, 18.088453, 131.92999
-0.46068768E-3, 0.27697103E-3, 0.15321626E-4, 0.20466451E-8, 0.19578449E-2, 1.0302273, 2.1070237, 18.088453, 131.92999
-0.32877462E-3, 0.24128270E-3, 0.15321828E-4, 0.20457409E-8, 0.15282704E-2, 1.0298985, 2.1063619, 18.088453, 131.92999
-0.14784627E-3, 0.20563963E-3, 0.15321993E-4, 0.20452087E-8, 0.95067796E-3, 1.0297508, 2.1060646, 18.088453, 131.92999
-0.11498470E-4, 0.21631851E-3, 0.15322150E-4, 0.20450244E-8, 0.54967764E-3, 1.0297391, 2.1060412, 18.088453, 131.92999
0.70333655E-4, 0.21942922E-3, 0.15322312E-4, 0.20450579E-8, 0.30595958E-3, 1.0298096, 2.1061831, 18.088453, 131.92999
0.13735927E-3, 0.22559853E-3, 0.15322476E-4, 0.20452486E-8, 0.10961002E-3, 1.0299469, 2.1064594, 18.088453, 131.92999
0.16590361E-3, 0.20066151E-3, 0.15322639E-4, 0.20455475E-8, 0.62426989E-6, 1.0301130, 2.1067934, 18.088453, 131.92999
0.16289378E-3, 0.19036749E-3, 0.15322785E-4, 0.20458657E-8, 0.0000000, 1.0302757, 2.1071212, 18.088453, 131.92999
0.14710684E-3, 0.13867430E-3, 0.15322916E-4, 0.20461717E-8, 0.0000000, 1.0304229, 2.1074173, 18.088453, 131.92999
0.15233515E-3, 0.15647670E-3, 0.15323028E-4, 0.20464614E-8, 0.0000000, 1.0305754, 2.1077242, 18.088453, 131.92999
0.15053977E-3, 0.15104431E-3, 0.15323154E-4, 0.20467559E-8, 0.0000000, 1.0307260, 2.1080275, 18.088453, 131.92999
0.15674373E-3, 0.17222745E-3, 0.15323287E-4, 0.20470552E-8, 0.0000000, 1.0308828, 2.1083431, 18.088453, 131.92999
-0.52329164E-3, 0.17663052E-3, 0.15323432E-4, 0.20468518E-8, 0.20525062E-2, 1.0303599, 2.1072905, 18.088453, 131.92999
-0.47964498E-3, 0.23711013E-3, 0.15323609E-4, 0.22442428E-5, 0.19737408E-2, 1.0298800, 2.1063249, 18.088453, 131.92999
-0.50427689E-3, 0.34587862E-3, 0.15323867E-4, 0.36818454E-6, 0.21497041E-2, 1.0293757, 2.1053097, 18.088453, 131.92999
-0.52195229E-3, 0.40709673E-3, 0.15324180E-4, 0.39745916E-6, 0.22608845E-2, 1.0288539, 2.1042593, 18.088453, 131.92999
-0.64624782E-3, 0.58539101E-3, 0.15324547E-4, 0.20547348E-8, 0.28027107E-2, 1.0282075, 2.1029582, 18.088453, 131.92999
-0.55519480E-3, 0.48450471E-3, 0.15324929E-4, 0.20511959E-8, 0.24384565E-2, 1.0276524, 2.1018407, 18.088453, 131.92999
-0.44935997E-3, 0.43503000E-3, 0.15325233E-4, 0.53773556E-6, 0.20747713E-2, 1.0272032, 2.1009364, 18.088453, 131.92999
-0.39086575E-3, 0.39676484E-3, 0.15325495E-4, 0.72837797E-5, 0.18571501E-2, 1.0268122, 2.1001496, 18.088453, 131.92999
-0.47064832E-3, 0.47955665E-3, 0.15325748E-4, 0.74768644E-6, 0.21823698E-2, 1.0263413, 2.0992014, 18.088453, 131.92999
-0.45600883E-3, 0.46062435E-3, 0.15326019E-4, 0.51868818E-6, 0.21218534E-2, 1.0258851, 2.0982831, 18.088453, 131.92999
-0.45880818E-3, 0.51965390E-3, 0.15326290E-4, 0.86776367E-6, 0.21863731E-2, 1.0254259, 2.0973587, 18.088453, 131.92999
-0.54465141E-3, 0.71806426E-3, 0.15326610E-4, 0.20488726E-8, 0.26342405E-2, 1.0248810, 2.0962617, 18.088453, 131.92999
-0.48085634E-3, 0.82926656E-3, 0.15326992E-4, 0.20454820E-8, 0.25495458E-2, 1.0244002, 2.0952938, 18.088453, 131.92999
-0.50065707E-3, 0.53916674E-3, 0.15327327E-4, 0.20423403E-8, 0.23362385E-2, 1.0238997, 2.0942860, 18.088453, 131.92999
-0.48279250E-3, 0.67568570E-3, 0.15327589E-4, 0.13231694E-5, 0.24114638E-2, 1.0234169, 2.0933142, 18.088453, 131.92999
-0.52339566E-3, 0.74491662E-3, 0.15327903E-4, 0.70359528E-6, 0.26015237E-2, 1.0228933, 2.0922601, 18.088453, 131.92999
-0.48752682E-3, 0.82879356E-3, 0.15328227E-4, 0.20426603E-8, 0.25754548E-2, 1.0224057, 2.0912786, 18.088453, 131.92999
-0.39992968E-3, 0.71359216E-3, 0.15328542E-4, 0.62800694E-6, 0.22022438E-2, 1.0220059, 2.0904737, 18.088453, 131.92999
-0.37654149E-3, 0.73572085E-3, 0.15328818E-4, 0.29991336E-5, 0.21513912E-2, 1.0216295, 2.0897157, 18.088453, 131.92999
-0.46631324E-3, 0.96991059E-3, 0.15329129E-4, 0.20414719E-8, 0.26500658E-2, 1.0211629, 2.0887764, 18.088453, 131.92999
-0.37628741E-3, 0.10902460E-2, 0.15329493E-4, 0.20382540E-8, 0.24958376E-2, 1.0207866, 2.0880187, 18.088453, 131.92999
-0.44844847E-3, 0.97284018E-3, 0.15329842E-4, 0.22722077E-6, 0.26019774E-2, 1.0203381, 2.0871155, 18.088453, 131.92999
-0.31900473E-3, 0.78424014E-3, 0.15330139E-4, 0.96051576E-6, 0.20308704E-2, 1.0200193, 2.0864737, 18.088453, 131.92999
-0.34875050E-3, 0.98327454E-3, 0.15330417E-4, 0.73137409E-6, 0.23128977E-2, 1.0196706, 2.0857718, 18.088453, 131.92999
-0.37507986E-3, 0.11430575E-2, 0.15330739E-4, 0.20376298E-8, 0.25479665E-2, 1.0192952, 2.0850160, 18.088453, 131.92999
-0.28431264E-3, 0.11823012E-2, 0.15331088E-4, 0.20346296E-8, 0.23136206E-2, 1.0190110, 2.0844438, 18.088453, 131.92999
-0.36049195E-3, 0.83519076E-3, 0.15331379E-4, 0.20318423E-8, 0.22091374E-2, 1.0186507, 2.0837178, 18.088453, 131.92999
-0.35077255E-3, 0.80993224E-3, 0.15331610E-4, 0.20292086E-8, 0.21558341E-2, 1.0182999, 2.0830119, 18.088453, 131.92999
-0.34156276E-3, 0.86381985E-3, 0.15331836E-4, 0.20269473E-8, 0.21804748E-2, 1.0179579, 2.0823231, 18.088453, 131.92999
-0.34135362E-3, 0.85090788E-3, 0.15332067E-4, 0.20250155E-8, 0.21677422E-2, 1.0176166, 2.0816362, 18.088453, 131.92999
-0.35308293E-3, 0.76163607E-3, 0.15332280E-4, 0.20233377E-8, 0.21170643E-2, 1.0172638, 2.0809255, 18.088453, 131.92999
-0.32195327E-3, 0.73287811E-3, 0.15332473E-4, 0.20219240E-8, 0.19956201E-2, 1.0169419, 2.0802774, 18.088453, 131.92999
-0.26685916E-3, 0.69016288E-3, 0.15332656E-4, 0.20207627E-8, 0.17884024E-2, 1.0166750, 2.0797398, 18.088453, 131.92999
-0.17520142E-3, 0.68424142E-3, 0.15332833E-4, 0.20198923E-8, 0.15065398E-2, 1.0164999, 2.0793872, 18.088453, 131.92999
-0.99663754E-4, 0.68868633E-3, 0.15333007E-4, 0.20193218E-8, 0.12832736E-2, 1.0164006, 2.0791872, 18.088453, 131.92999
-0.30651255E-3, 0.42782561E-3, 0.15333149E-4, 0.20188056E-8, 0.16542807E-2, 1.0160939, 2.0785699, 18.088453, 131.92999
-0.48505550E-3, 0.61866501E-3, 0.15333282E-4, 0.20177904E-8, 0.23769173E-2, 1.0156085, 2.0775926, 18.088453, 131.92999
-0.38878445E-3, 0.61393454E-3, 0.15333435E-4, 0.20167847E-8, 0.20822459E-2, 1.0152194, 2.0768089, 18.088453, 131.92999
-0.46376695E-3, 0.77729183E-3, 0.15333608E-4, 0.20159026E-8, 0.24663317E-2, 1.0147556, 2.0758748, 18.088453, 131.92999
-0.39380710E-3, 0.68395276E-3, 0.15333790E-4, 0.20149742E-8, 0.21653192E-2, 1.0143615, 2.0750813, 18.088453, 131.92999
-0.23936381E-3, 0.71882951E-3, 0.15333962E-4, 0.20142770E-8, 0.17336875E-2, 1.0141221, 2.0745993, 18.088453, 131.92999
-0.13537017E-3, 0.65253436E-3, 0.15334133E-4, 0.20138677E-8, 0.13561771E-2, 1.0139871, 2.0743272, 18.088453, 131.92999
-0.50357601E-4, 0.60543697E-3, 0.15334288E-4, 0.20136561E-8, 0.10543937E-2, 1.0139365, 2.0742254, 18.088453, 131.92999
0.99361005E-5, 0.56535349E-3, 0.15334428E-4, 0.20136053E-8, 0.83385117E-3, 1.0139464, 2.0742452, 18.088453, 131.92999
0.70388305E-4, 0.52605133E-3, 0.15334563E-4, 0.20136670E-8, 0.61355578E-3, 1.0140169, 2.0743873, 18.088453, 131.92999
0.14137717E-3, 0.48712222E-3, 0.15334690E-4, 0.20138708E-8, 0.36183710E-3, 1.0141582, 2.0746717, 18.088453, 131.92999
0.22144533E-3, 0.52367611E-3, 0.15334814E-4, 0.20142179E-8, 0.15574667E-3, 1.0143797, 2.0751178, 18.088453, 131.92999
-0.41547898E-3, 0.52815553E-3, 0.15334943E-4, 0.20141304E-8, 0.20795329E-2, 1.0139643, 2.0742815, 18.088453, 131.92999
-0.44323580E-3, 0.47305808E-3, 0.15335072E-4, 0.20132858E-8, 0.21098668E-2, 1.0135216, 2.0733898, 18.088453, 131.92999
-0.44010047E-3, 0.49193559E-3, 0.15335196E-4, 0.20123070E-8, 0.21186087E-2, 1.0130813, 2.0725029, 18.088453, 131.92999
-0.28097155E-3, 0.39627697E-3, 0.15335310E-4, 0.20115967E-8, 0.15464770E-2, 1.0128001, 2.0719366, 18.088453, 131.92999
-0.20004038E-3, 0.38196566E-3, 0.15335409E-4, 0.20111415E-8, 0.12886151E-2, 1.0126001, 2.0715339, 18.088453, 131.92999
-0.17345625E-3, 0.40666474E-3, 0.15335503E-4, 0.20107214E-8, 0.12322329E-2, 1.0124267, 2.0711849, 18.088453, 131.92999
-0.20833466E-4, 0.37342589E-3, 0.15335603E-4, 0.20105222E-8, 0.74000802E-3, 1.0124059, 2.0711429, 18.088453, 131.92999
0.12989830E-3, 0.38358843E-3, 0.15335700E-4, 0.20106150E-8, 0.29536212E-3, 1.0125358, 2.0714047, 18.088453, 131.92999
0.20440749E-3, 0.31529917E-3, 0.15335798E-4, 0.20109667E-8, 0.47254034E-5, 1.0127397, 2.0718153, 18.088453, 131.92999
0.21236792E-3, 0.33551321E-3, 0.15335891E-4, 0.20113777E-8, 0.0000000, 1.0129520, 2.0722425, 18.088453, 131.92999
-0.54952677E-3, 0.30416384E-3, 0.15335980E-4, 0.20113227E-8, 0.22658401E-2, 1.0124023, 2.0711355, 18.088453, 131.92999
-0.71262539E-3, 0.48284695E-3, 0.15336091E-4, 0.20098363E-8, 0.29293906E-2, 1.0116898, 2.0697010, 18.088453, 131.92999
-0.68392220E-3, 0.72816684E-3, 0.15336265E-4, 0.31587228E-6, 0.30789110E-2, 1.0110055, 2.0683224, 18.088453, 131.92999
-0.68833184E-3, 0.92480669E-3, 0.15336509E-4, 0.58188607E-6, 0.32818469E-2, 1.0103172, 2.0669365, 18.088453, 131.92999
-0.48692539E-3, 0.94522297E-3, 0.15336780E-4, 0.20188848E-8, 0.26957309E-2, 1.0098306, 2.0659561, 18.088453, 131.92999
-0.33117790E-3, 0.99513563E-3, 0.15337053E-4, 0.20157400E-8, 0.22751025E-2, 1.0094995, 2.0652897, 18.088453, 131.92999
-0.39504486E-3, 0.84745773E-3, 0.15337309E-4, 0.20128887E-8, 0.23255986E-2, 1.0091045, 2.0644939, 18.088453, 131.92999
-0.37426519E-3, 0.83714403E-3, 0.15337539E-4, 0.20102184E-8, 0.22533392E-2, 1.0087301, 2.0637398, 18.088453, 131.92999
-0.57696481E-3, 0.74913108E-3, 0.15337748E-4, 0.20077602E-8, 0.27795297E-2, 1.0081528, 2.0625770, 18.088453, 131.92999
-0.56629325E-3, 0.76838059E-3, 0.15337950E-4, 0.20053146E-8, 0.27661603E-2, 1.0075865, 2.0614364, 18.088453, 131.92999
-0.51093317E-3, 0.69780584E-3, 0.15338142E-4, 0.20032545E-8, 0.25312374E-2, 1.0070755, 2.0604074, 18.088453, 131.92999
-0.45585466E-3, 0.55630575E-3, 0.15338308E-4, 0.20015576E-8, 0.22284682E-2, 1.0066198, 2.0594893, 18.088453, 131.92999
-0.42290462E-3, 0.49501791E-3, 0.15338443E-4, 0.20001258E-8, 0.20698456E-2, 1.0061967, 2.0586371, 18.088453, 131.92999
-0.40417549E-3, 0.45718593E-3, 0.15338566E-4, 0.19988995E-8, 0.19767347E-2, 1.0057927, 2.0578234, 18.088453, 131.92999
-0.36577089E-3, 0.44293769E-3, 0.15338683E-4, 0.19978252E-8, 0.18470933E-2, 1.0054269, 2.0570862, 18.088453, 131.92999
-0.31310553E-3, 0.43713191E-3, 0.15338805E-4, 0.19969206E-8, 0.16826245E-2, 1.0051140, 2.0564561, 18.088453, 131.92999
-0.25321663E-3, 0.39634822E-3, 0.15338914E-4, 0.19962010E-8, 0.14626008E-2, 1.0048608, 2.0559461, 18.088453, 131.92999
-0.22674538E-3, 0.35674439E-3, 0.15339012E-4, 0.19956075E-8, 0.13444499E-2, 1.0046340, 2.0554893, 18.088453, 131.92999
-0.20037641E-3, 0.30314474E-3, 0.15339097E-4, 0.19951043E-8, 0.12131096E-2, 1.0044338, 2.0550859, 18.088453, 131.92999
-0.25623516E-3, 0.18879295E-3, 0.15339163E-4, 0.19946669E-8, 0.12710807E-2, 1.0041773, 2.0545692, 18.088453, 131.92999
-0.34523479E-3, 0.20113154E-3, 0.15339210E-4, 0.19939608E-8, 0.15511158E-2, 1.0038319, 2.0538735, 18.088453, 131.92999
-0.24506019E-3, 0.29153423E-3, 0.15339272E-4, 0.19933202E-8, 0.13360198E-2, 1.0035866, 2.0533793, 18.088453, 131.92999
-0.81185222E-4, 0.29922577E-3, 0.15339354E-4, 0.19929745E-8, 0.84924721E-3, 1.0035056, 2.0532162, 18.088453, 131.92999
0.43860786E-4, 0.28847851E-3, 0.15339436E-4, 0.19929232E-8, 0.46175937E-3, 1.0035496, 2.0533047, 18.088453, 131.92999
0.11863748E-3, 0.29676757E-3, 0.15339519E-4, 0.19930773E-8, 0.24408911E-3, 1.0036682, 2.0535436, 18.088453, 131.92999
0.15175920E-3, 0.24789909E-3, 0.15339599E-4, 0.19933470E-8, 0.97098295E-4, 1.0038201, 2.0538495, 18.088453, 131.92999
0.16855782E-3, 0.22451754E-3, 0.15339674E-4, 0.19936568E-8, 0.23794022E-4, 1.0039885, 2.0541890, 18.088453, 131.92999
0.17444287E-3, 0.21873924E-3, 0.15339740E-4, 0.19939905E-8, 0.25773988E-6, 1.0041628, 2.0545399, 18.088453, 131.92999
0.17053004E-3, 0.20642375E-3, 0.15339810E-4, 0.19943296E-8, 0.0000000, 1.0043334, 2.0548837, 18.088453, 131.92999
0.16839826E-3, 0.19998859E-3, 0.15339876E-4, 0.19946631E-8, 0.0000000, 1.0045018, 2.0552230, 18.088453, 131.92999
0.16219007E-3, 0.18067283E-3, 0.15339941E-4, 0.19949873E-8, 0.0000000, 1.0046641, 2.0555499, 18.088453, 131.92999
0.15475281E-3, 0.15743372E-3, 0.15339998E-4, 0.19952984E-8, 0.0000000, 1.0048187, 2.0558610, 18.088453, 131.92999
0.14432342E-3, 0.12464382E-3, 0.15340049E-4, 0.19955937E-8, 0.0000000, 1.0049632, 2.0561521, 18.088453, 131.92999
0.14352596E-3, 0.12239732E-3, 0.15340096E-4, 0.19958772E-8, 0.0000000, 1.0051066, 2.0564411, 18.088453, 131.92999
-0.40454962E-3, 0.11384796E-3, 0.15340142E-4, 0.19957984E-8, 0.16437325E-2, 1.0047017, 2.0556257, 18.088453, 131.92999
-0.57911995E-3, 0.12586749E-3, 0.15340192E-4, 0.19946755E-8, 0.21811160E-2, 1.0041223, 2.0544584, 18.088453, 131.92999
-0.55936398E-3, 0.17539696E-3, 0.15340254E-4, 0.19935407E-8, 0.21680088E-2, 1.0035630, 2.0533319, 18.088453, 131.92999
-0.50891796E-3, 0.21487249E-3, 0.15340347E-4, 0.19924928E-8, 0.20528641E-2, 1.0030541, 2.0523069, 18.088453, 131.92999
-0.52120414E-3, 0.25252611E-3, 0.15340464E-4, 0.96283566E-6, 0.21241102E-2, 1.0025330, 2.0512567, 18.088453, 131.92999
-0.63493248E-3, 0.27727595E-3, 0.15340602E-4, 0.45256115E-6, 0.24905424E-2, 1.0018979, 2.0499773, 18.088453, 131.92999
-0.57701790E-3, 0.27412648E-3, 0.15340749E-4, 0.54268844E-6, 0.23128050E-2, 1.0013210, 2.0488153, 18.088453, 131.92999
-0.67365158E-3, 0.35616249E-3, 0.15340913E-4, 0.38497407E-6, 0.26812342E-2, 1.0006471, 2.0474575, 18.088453, 131.92999
-0.68909297E-3, 0.33447990E-3, 0.15341095E-4, 0.19975233E-8, 0.27079596E-2, 0.99995780, 2.0460689, 18.088453, 131.92999
-0.68167970E-3, 0.35289113E-3, 0.15341271E-4, 0.19939881E-8, 0.27030052E-2, 0.99927610, 2.0446954, 18.088453, 131.92999
-0.65730087E-3, 0.34576829E-3, 0.15341453E-4, 0.19907529E-8, 0.26229522E-2, 0.99861884, 2.0433712, 18.088453, 131.92999
-0.67941740E-3, 0.32281131E-3, 0.15341626E-4, 0.19878215E-8, 0.26681370E-2, 0.99793953, 2.0420024, 18.088453, 131.92999
-0.68455248E-3, 0.27138152E-3, 0.15341786E-4, 0.19851731E-8, 0.26353111E-2, 0.99725491, 2.0406232, 18.088453, 131.92999
-0.65068912E-3, 0.28256327E-3, 0.15341931E-4, 0.19828084E-8, 0.25436338E-2, 0.99660414, 2.0393119, 18.088453, 131.92999
-0.64028497E-3, 0.23903421E-3, 0.15342066E-4, 0.19807764E-8, 0.24713036E-2, 0.99596393, 2.0380218, 18.088453, 131.92999
-0.67361066E-3, 0.22249522E-3, 0.15342186E-4, 0.19788862E-8, 0.25561044E-2, 0.99529016, 2.0366642, 18.088453, 131.92999
-0.65770838E-3, 0.24608095E-3, 0.15342310E-4, 0.19771056E-8, 0.25300831E-2, 0.99463242, 2.0353391, 18.088453, 131.92999
-0.60495595E-3, 0.21845860E-3, 0.15342435E-4, 0.19755317E-8, 0.23450169E-2, 0.99402738, 2.0341198, 18.088453, 131.92999
-0.57699560E-3, 0.21267959E-3, 0.15342557E-4, 0.19741344E-8, 0.22551096E-2, 0.99345028, 2.0329568, 18.088453, 131.92999
-0.56829612E-3, 0.17088592E-3, 0.15342663E-4, 0.19728241E-8, 0.21896306E-2, 0.99288207, 2.0318120, 18.088453, 131.92999
-0.69252215E-3, 0.24375218E-3, 0.15342772E-4, 0.34415464E-6, 0.26315325E-2, 0.99218947, 2.0304163, 18.088453, 131.92999
-0.58604893E-3, 0.27932104E-3, 0.15342936E-4, 0.11010704E-5, 0.23428777E-2, 0.99160331, 2.0292351, 18.088453, 131.92999
-0.37160257E-3, 0.24967143E-3, 0.15343090E-4, 0.13475111E-5, 0.16683219E-2, 0.99123162, 2.0284860, 18.088453, 131.92999
-0.44612435E-3, 0.25289526E-3, 0.15343236E-4, 0.61162297E-6, 0.18966087E-2, 0.99078554, 2.0275872, 18.088453, 131.92999
-0.46350906E-3, 0.24855847E-3, 0.15343385E-4, 0.12110419E-6, 0.19453355E-2, 0.99032223, 2.0266533, 18.088453, 131.92999
-0.57155034E-3, 0.28173934E-3, 0.15343545E-4, 0.50707715E-7, 0.23019470E-2, 0.98975074, 2.0255017, 18.088453, 131.92999
-0.61186863E-3, 0.34607970E-3, 0.15343738E-4, 0.19759734E-8, 0.24835565E-2, 0.98913884, 2.0242686, 18.088453, 131.92999
-0.52700739E-3, 0.33639141E-3, 0.15343949E-4, 0.19726731E-8, 0.22189748E-2, 0.98861188, 2.0232065, 18.088453, 131.92999
-0.38507534E-3, 0.22079448E-3, 0.15344118E-4, 0.19698678E-8, 0.16833685E-2, 0.98822689, 2.0224304, 18.088453, 131.92999
-0.13253707E-3, 0.14638313E-3, 0.15344229E-4, 0.19677107E-8, 0.85227913E-3, 0.98809451, 2.0221636, 18.088453, 131.92999
-0.13387168E-3, 0.12555219E-3, 0.15344311E-4, 0.19661544E-8, 0.83647820E-3, 0.98796070, 2.0218940, 18.088453, 131.92999
-0.43490060E-3, 0.14390959E-3, 0.15344398E-4, 0.19645585E-8, 0.17606444E-2, 0.98752570, 2.0210173, 18.088453, 131.92999
-0.55905711E-3, 0.14345392E-3, 0.15344498E-4, 0.19627782E-8, 0.21341909E-2, 0.98696661, 2.0198903, 18.088453, 131.92999
-0.32112730E-3, 0.10922171E-3, 0.15344587E-4, 0.19613513E-8, 0.13848951E-2, 0.98664558, 2.0192435, 18.088453, 131.92999
-0.22622179E-3, 0.89330249E-4, 0.15344660E-4, 0.19603839E-8, 0.10800370E-2, 0.98641926, 2.0187871, 18.088453, 131.92999
-0.40320226E-3, 0.93668466E-4, 0.15344731E-4, 0.19594393E-8, 0.16170876E-2, 0.98601615, 2.0179749, 18.088453, 131.92999
-0.51175675E-3, 0.93148279E-4, 0.15344809E-4, 0.19582918E-8, 0.19434324E-2, 0.98550439, 2.0169435, 18.088453, 131.92999
-0.50826743E-3, 0.83723397E-4, 0.15344893E-4, 0.19571065E-8, 0.19239500E-2, 0.98499614, 2.0159190, 18.088453, 131.92999
-0.45707304E-3, 0.70245704E-4, 0.15344969E-4, 0.19560304E-8, 0.17570512E-2, 0.98453903, 2.0149975, 18.088453, 131.92999
-0.38350924E-3, 0.50556999E-4, 0.15345035E-4, 0.19551152E-8, 0.15173445E-2, 0.98415548, 2.0142248, 18.088453, 131.92999
-0.35038943E-3, 0.46883411E-4, 0.15345091E-4, 0.19543136E-8, 0.14136552E-2, 0.98380524, 2.0135186, 18.088453, 131.92999
-0.21404281E-3, 0.35017263E-4, 0.15345142E-4, 0.19537076E-8, 0.99167996E-3, 0.98359114, 2.0130870, 18.088453, 131.92999
-0.27249963E-3, 0.34192133E-4, 0.15345186E-4, 0.19531810E-8, 0.11664859E-2, 0.98331863, 2.0125375, 18.088453, 131.92999
-0.22430695E-3, 0.26436202E-4, 0.15345229E-4, 0.19527056E-8, 0.10139747E-2, 0.98309416, 2.0120852, 18.088453, 131.92999
-0.57820900E-3, 0.32132717E-4, 0.15345289E-4, 0.19518525E-8, 0.20844114E-2, 0.98251605, 2.0109200, 18.088453, 131.92999
-0.52333385E-3, 0.28736409E-4, 0.15345368E-4, 0.19507431E-8, 0.19149313E-2, 0.98199278, 2.0098650, 18.088453, 131.92999
-0.28362049E-3, 0.19240833E-4, 0.15345442E-4, 0.19499855E-8, 0.11836790E-2, 0.98170906, 2.0092931, 18.088453, 131.92999
-0.24316633E-3, 0.12427452E-4, 0.15345508E-4, 0.19494428E-8, 0.10552579E-2, 0.98146600, 2.0088031, 18.088453, 131.92999
-0.58854051E-3, 0.69479065E-5, 0.15345577E-4, 0.19486188E-8, 0.20912157E-2, 0.98087740, 2.0076165, 18.088453, 131.92999
-0.70663576E-3, 0.21876695E-5, 0.15345644E-4, 0.19472928E-8, 0.24421755E-2, 0.98017085, 2.0061922, 18.088453, 131.92999
-0.62430563E-3, -0.29192670E-5, 0.15345708E-4, 0.19459829E-8, 0.21899631E-2, 0.97954655, 2.0049338, 18.088453, 131.92999
-0.64411503E-3, -0.74473573E-5, 0.15345760E-4, 0.19447135E-8, 0.22454704E-2, 0.97890240, 2.0036352, 18.088453, 131.92999
-0.62443473E-3, -0.11344004E-4, 0.15345815E-4, 0.19434523E-8, 0.21827871E-2, 0.97827810, 2.0023768, 18.088453, 131.92999
-0.60390338E-3, -0.14709338E-4, 0.15345860E-4, 0.19422324E-8, 0.21180382E-2, 0.97767419, 2.0011592, 18.088453, 131.92999
-0.62678766E-3, -0.18783503E-4, 0.15345906E-4, 0.19410098E-8, 0.21831207E-2, 0.97704744, 1.9998955, 18.088453, 131.92999
-0.64299745E-3, -0.22255357E-4, 0.15345950E-4, 0.19397437E-8, 0.22287525E-2, 0.97640443, 1.9985992, 18.088453, 131.92999
-0.65509754E-3, -0.26008522E-4, 0.15345988E-4, 0.19384352E-8, 0.22615681E-2, 0.97574943, 1.9972787, 18.088453, 131.92999
-0.63487922E-3, -0.28221220E-4, 0.15346030E-4, 0.19371600E-8, 0.21987264E-2, 0.97511470, 1.9959990, 18.088453, 131.92999
-0.55624876E-3, -0.28095776E-4, 0.15346070E-4, 0.19359794E-8, 0.19623321E-2, 0.97455829, 1.9948771, 18.088453, 131.92999
-0.54519967E-3, -0.31230116E-4, 0.15346106E-4, 0.19348907E-8, 0.19259804E-2, 0.97401303, 1.9937775, 18.088453, 131.92999
-0.12182187E-3, -0.34108056E-4, 0.15346141E-4, 0.19342321E-8, 0.64617797E-3, 0.97389108, 1.9935317, 18.088453, 131.92999
-0.22376352E-3, -0.44141649E-4, 0.15346181E-4, 0.19338571E-8, 0.94292546E-3, 0.97366726, 1.9930803, 18.088453, 131.92999
-0.10862337E-3, -0.47185327E-4, 0.15346219E-4, 0.19335247E-8, 0.59265160E-3, 0.97355866, 1.9928616, 18.088453, 131.92999
-0.57794630E-4, -0.50244591E-4, 0.15346255E-4, 0.19333466E-8, 0.43633603E-3, 0.97350091, 1.9927449, 18.088453, 131.92999
-0.78348239E-4, -0.65589840E-4, 0.15346299E-4, 0.19332014E-8, 0.48200841E-3, 0.97342259, 1.9925873, 18.088453, 131.92999
-0.45784491E-4, -0.71000082E-4, 0.15346350E-4, 0.19330653E-8, 0.37826734E-3, 0.97337681, 1.9924951, 18.088453, 131.92999
0.20971191E-4, -0.67699366E-4, 0.15346397E-4, 0.19330395E-8, 0.18076785E-3, 0.97339773, 1.9925370, 18.088453, 131.92999
0.73310104E-4, -0.57862475E-4, 0.15346437E-4, 0.19331232E-8, 0.33691613E-4, 0.97347116, 1.9926850, 18.088453, 131.92999
-0.79078272E-4, -0.61315397E-4, 0.15346470E-4, 0.19332260E-8, 0.48990577E-3, 0.97339201, 1.9925256, 18.088453, 131.92999
-0.64552558E-3, -0.98574055E-4, 0.15346521E-4, 0.19325173E-8, 0.21591096E-2, 0.97274643, 1.9912237, 18.088453, 131.92999
-0.81230392E-3, -0.18722373E-3, 0.15346603E-4, 0.47208459E-6, 0.25679455E-2, 0.97193432, 1.9895862, 18.088453, 131.92999
-0.77765074E-3, -0.22419568E-3, 0.15346741E-4, 0.18786110E-6, 0.24247814E-2, 0.97115666, 1.9880182, 18.088453, 131.92999
-0.80798392E-3, -0.28482778E-3, 0.15346901E-4, 0.34097934E-6, 0.24520943E-2, 0.97034872, 1.9863888, 18.088453, 131.92999
-0.81352441E-3, -0.31890601E-3, 0.15347096E-4, 0.19373398E-8, 0.24330884E-2, 0.96953517, 1.9847484, 18.088453, 131.92999
-0.28897051E-3, -0.19510569E-3, 0.15347267E-4, 0.19340103E-8, 0.98194217E-3, 0.96924627, 1.9841659, 18.088453, 131.92999
0.44623339E-4, -0.13397539E-3, 0.15347368E-4, 0.19317858E-8, 0.40622195E-4, 0.96929079, 1.9842556, 18.088453, 131.92999
0.12048204E-4, -0.13688963E-3, 0.15347448E-4, 0.19302406E-8, 0.13616687E-3, 0.96930277, 1.9842798, 18.088453, 131.92999
-0.26004971E-3, -0.19774730E-3, 0.15347539E-4, 0.19287589E-8, 0.89328631E-3, 0.96904278, 1.9837555, 18.088453, 131.92999
-0.39964024E-3, -0.19644495E-3, 0.15347643E-4, 0.19270989E-8, 0.13160765E-2, 0.96864325, 1.9829499, 18.088453, 131.92999
-0.51636569E-3, -0.20221242E-3, 0.15347749E-4, 0.19253865E-8, 0.16624278E-2, 0.96812677, 1.9819083, 18.088453, 131.92999
-0.62046509E-3, -0.20667710E-3, 0.15347858E-4, 0.19236479E-8, 0.19720285E-2, 0.96750629, 1.9806567, 18.088453, 131.92999
-0.63325884E-3, -0.24533959E-3, 0.15347972E-4, 0.19219628E-8, 0.19703892E-2, 0.96687299, 1.9793795, 18.088453, 131.92999
-0.54647936E-3, -0.19936878E-3, 0.15348083E-4, 0.19204793E-8, 0.17568882E-2, 0.96632648, 1.9782776, 18.088453, 131.92999
-0.20378992E-3, -0.15397632E-3, 0.15348172E-4, 0.19194812E-8, 0.77072327E-3, 0.96612269, 1.9778665, 18.088453, 131.92999
0.29961044E-4, -0.10006764E-3, 0.15348229E-4, 0.19190811E-8, 0.12199947E-3, 0.96615261, 1.9779266, 18.088453, 131.92999
-0.12947014E-3, -0.12920870E-3, 0.15348272E-4, 0.19189004E-8, 0.57278865E-3, 0.96602309, 1.9776654, 18.088453, 131.92999
-0.96983000E-4, -0.12008271E-3, 0.15348323E-4, 0.19185655E-8, 0.48444371E-3, 0.96592593, 1.9774697, 18.088453, 131.92999
-0.34249257E-4, -0.12863443E-3, 0.15348372E-4, 0.19183641E-8, 0.28647837E-3, 0.96589160, 1.9774004, 18.088453, 131.92999
-0.30906449E-4, -0.12760633E-3, 0.15348423E-4, 0.19182504E-8, 0.27762854E-3, 0.96586066, 1.9773382, 18.088453, 131.92999
-0.82432336E-4, -0.14119549E-3, 0.15348482E-4, 0.19181172E-8, 0.41915243E-3, 0.96577835, 1.9771721, 18.088453, 131.92999
-0.99470519E-4, -0.16326661E-3, 0.15348542E-4, 0.19179089E-8, 0.44784957E-3, 0.96567863, 1.9769710, 18.088453, 131.92999
-0.11176032E-3, -0.18288032E-3, 0.15348605E-4, 0.19176767E-8, 0.46477932E-3, 0.96556687, 1.9767455, 18.088453, 131.92999
-0.59024416E-4, -0.19228063E-3, 0.15348673E-4, 0.19175035E-8, 0.29611134E-3, 0.96550792, 1.9766266, 18.088453, 131.92999
-0.67589808E-5, -0.15062612E-3, 0.15348733E-4, 0.19174249E-8, 0.18158730E-3, 0.96550131, 1.9766133, 18.088453, 131.92999
-0.47305154E-3, -0.15424995E-3, 0.15348780E-4, 0.19171142E-8, 0.15846944E-2, 0.96502829, 1.9756593, 18.088453, 131.92999
-0.74192695E-3, -0.17950458E-3, 0.15348836E-4, 0.19158704E-8, 0.23699433E-2, 0.96428633, 1.9741628, 18.088453, 131.92999
-0.92767371E-3, -0.20970206E-3, 0.15348902E-4, 0.19141215E-8, 0.28993576E-2, 0.96335864, 1.9722918, 18.088453, 131.92999
-0.96561742E-3, -0.24824435E-3, 0.15348980E-4, 0.19122528E-8, 0.29743086E-2, 0.96239305, 1.9703442, 18.088453, 131.92999
-0.84687001E-3, -0.24020935E-3, 0.15349064E-4, 0.19104549E-8, 0.26244870E-2, 0.96154618, 1.9686360, 18.088453, 131.92999
-0.77225507E-3, -0.28164143E-3, 0.15349149E-4, 0.19088309E-8, 0.23568890E-2, 0.96077394, 1.9670783, 18.088453, 131.92999
-0.65447827E-3, -0.23630861E-3, 0.15349235E-4, 0.19074062E-8, 0.20483162E-2, 0.96011943, 1.9657581, 18.088453, 131.92999
-0.62836392E-3, -0.25922805E-3, 0.15349309E-4, 0.19061337E-8, 0.19460946E-2, 0.95949125, 1.9644911, 18.088453, 131.92999
-0.57388534E-3, -0.25290946E-3, 0.15349391E-4, 0.19049162E-8, 0.17883463E-2, 0.95891738, 1.9633335, 18.088453, 131.92999
-0.49529027E-3, -0.24587536E-3, 0.15349466E-4, 0.19038426E-8, 0.15585556E-2, 0.95842201, 1.9623342, 18.088453, 131.92999
-0.15871340E-3, -0.17214740E-3, 0.15349529E-4, 0.19032060E-8, 0.61885186E-3, 0.95826328, 1.9620140, 18.088453, 131.92999
-0.47867212E-4, -0.18587995E-3, 0.15349580E-4, 0.19029733E-8, 0.27041530E-3, 0.95821524, 1.9619170, 18.088453, 131.92999
-0.97956854E-5, -0.18543394E-3, 0.15349635E-4, 0.19029065E-8, 0.15611415E-3, 0.95820558, 1.9618975, 18.088453, 131.92999
-0.58334612E-3, -0.20610838E-3, 0.15349689E-4, 0.19023285E-8, 0.18655919E-2, 0.95762211, 1.9607205, 18.088453, 131.92999
-0.58187987E-3, -0.25309809E-3, 0.15349753E-4, 0.19011903E-8, 0.18131646E-2, 0.95704025, 1.9595467, 18.088453, 131.92999
-0.59286342E-3, -0.26694429E-3, 0.15349824E-4, 0.19000104E-8, 0.18322647E-2, 0.95644736, 1.9583507, 18.088453, 131.92999
-0.50703960E-3, -0.25563285E-3, 0.15349895E-4, 0.18989161E-8, 0.15850215E-2, 0.95594043, 1.9573280, 18.088453, 131.92999
-0.43697265E-3, -0.23837277E-3, 0.15349962E-4, 0.18979751E-8, 0.13913914E-2, 0.95550352, 1.9564465, 18.088453, 131.92999
-0.35180541E-3, -0.23227673E-3, 0.15350024E-4, 0.18972011E-8, 0.11407663E-2, 0.95515174, 1.9557366, 18.088453, 131.92999
-0.32523737E-3, -0.23935745E-3, 0.15350084E-4, 0.18965272E-8, 0.10534822E-2, 0.95482659, 1.9550809, 18.088453, 131.92999
-0.32412837E-3, -0.24964212E-3, 0.15350150E-4, 0.18958710E-8, 0.10397460E-2, 0.95450240, 1.9544268, 18.088453, 131.92999
-0.22942912E-3, -0.21221956E-3, 0.15350208E-4, 0.18953223E-8, 0.79232582E-3, 0.95427305, 1.9539641, 18.088453, 131.92999
-0.19501726E-3, -0.20240749E-3, 0.15350259E-4, 0.18949005E-8, 0.69860689E-3, 0.95407808, 1.9535707, 18.088453, 131.92999
-0.19537484E-3, -0.21790904E-3, 0.15350313E-4, 0.18945265E-8, 0.68396988E-3, 0.95388281, 1.9531769, 18.088453, 131.92999
-0.24132871E-3, -0.27053652E-3, 0.15350373E-4, 0.18940920E-8, 0.76906959E-3, 0.95364147, 1.9526898, 18.088453, 131.92999
-0.26585936E-3, -0.29809921E-3, 0.15350441E-4, 0.18935884E-8, 0.81510394E-3, 0.95337552, 1.9521532, 18.088453, 131.92999
-0.29511837E-3, -0.30401757E-3, 0.15350515E-4, 0.18930140E-8, 0.89747226E-3, 0.95308042, 1.9515579, 18.088453, 131.92999
-0.24880737E-3, -0.28579717E-3, 0.15350586E-4, 0.18924831E-8, 0.77639421E-3, 0.95283151, 1.9510556, 18.088453, 131.92999
-0.26775934E-3, -0.31896640E-3, 0.15350653E-4, 0.18919577E-8, 0.79990353E-3, 0.95256376, 1.9505155, 18.088453, 131.92999
-0.23032990E-3, -0.32995845E-3, 0.15350724E-4, 0.18914730E-8, 0.67587296E-3, 0.95233339, 1.9500507, 18.088453, 131.92999
-0.21049149E-3, -0.33508573E-3, 0.15350799E-4, 0.18910384E-8, 0.61089569E-3, 0.95212293, 1.9496260, 18.088453, 131.92999
-0.18404609E-3, -0.31442489E-3, 0.15350875E-4, 0.18906419E-8, 0.55221643E-3, 0.95193893, 1.9492548, 18.088453, 131.92999
-0.17733533E-3, -0.28844891E-3, 0.15350943E-4, 0.18902766E-8, 0.55848068E-3, 0.95176166, 1.9488972, 18.088453, 131.92999
-0.23115402E-3, -0.41631592E-3, 0.15351017E-4, 0.18898676E-8, 0.59095293E-3, 0.95153046, 1.9484307, 18.088453, 131.92999
-0.19957501E-3, -0.37305476E-3, 0.15351105E-4, 0.18894379E-8, 0.53974061E-3, 0.95133090, 1.9480280, 18.088453, 131.92999
-0.13038302E-3, -0.24796065E-3, 0.15351174E-4, 0.18891091E-8, 0.45817401E-3, 0.95120049, 1.9477648, 18.088453, 131.92999
-0.14153858E-3, -0.26716327E-3, 0.15351221E-4, 0.18888349E-8, 0.47239754E-3, 0.95105886, 1.9474791, 18.088453, 131.92999
-0.10921508E-3, -0.23480740E-3, 0.15351268E-4, 0.18885822E-8, 0.40779370E-3, 0.95094961, 1.9472586, 18.088453, 131.92999
-0.11908597E-3, -0.29418734E-3, 0.15351319E-4, 0.18883610E-8, 0.37734644E-3, 0.95083046, 1.9470183, 18.088453, 131.92999
-0.13566557E-3, -0.30354850E-3, 0.15351376E-4, 0.18881041E-8, 0.41794803E-3, 0.95069468, 1.9467443, 18.088453, 131.92999
-0.15417000E-3, -0.37483405E-3, 0.15351439E-4, 0.18878274E-8, 0.40150748E-3, 0.95054048, 1.9464332, 18.088453, 131.92999
-0.16506156E-3, -0.40608973E-3, 0.15351519E-4, 0.18875073E-8, 0.40273706E-3, 0.95037556, 1.9461002, 18.088453, 131.92999
-0.16691569E-3, -0.40667562E-3, 0.15351598E-4, 0.18871782E-8, 0.40782103E-3, 0.95020860, 1.9457635, 18.088453, 131.92999
0.44985504E-5, -0.29884232E-3, 0.15351674E-4, 0.18870001E-8, 0.0000000, 0.95021307, 1.9457726, 18.088453, 131.92999
-0.40257964E-5, -0.32426615E-3, 0.15351738E-4, 0.18869988E-8, 0.0000000, 0.95020902, 1.9457643, 18.088453, 131.92999
-0.54594375E-5, -0.32859575E-3, 0.15351801E-4, 0.18869915E-8, 0.0000000, 0.95020366, 1.9457535, 18.088453, 131.92999
-0.45909572E-4, -0.44905883E-3, 0.15351872E-4, 0.18869470E-8, 0.0000000, 0.95015764, 1.9456606, 18.088453, 131.92999
-0.77888086E-4, -0.54432842E-3, 0.15351969E-4, 0.18868263E-8, 0.0000000, 0.95007992, 1.9455037, 18.088453, 131.92999
-0.13986301E-4, -0.35414021E-3, 0.15352056E-4, 0.18867252E-8, 0.0000000, 0.95006597, 1.9454757, 18.088453, 131.92999
-0.97297225E-3, -0.67221036E-3, 0.15352132E-4, 0.10238239E-6, 0.25716675E-2, 0.94909292, 1.9435122, 18.088453, 131.92999
-0.10904489E-2, -0.96989644E-3, 0.15352314E-4, 0.19455515E-5, 0.26227681E-2, 0.94800246, 1.9413117, 18.088453, 131.92999
-0.98420982E-3, -0.87497151E-3, 0.15352503E-4, 0.10221690E-5, 0.23993501E-2, 0.94701838, 1.9393259, 18.088453, 131.92999
-0.96758816E-3, -0.89287269E-3, 0.15352682E-4, 0.41818897E-7, 0.23321165E-2, 0.94605070, 1.9373733, 18.088453, 131.92999
-0.92737953E-3, -0.95179561E-3, 0.15352865E-4, 0.30566764E-6, 0.21508732E-2, 0.94512326, 1.9355017, 18.088453, 131.92999
-0.91835827E-3, -0.99697185E-3, 0.15353064E-4, 0.68535724E-6, 0.20775525E-2, 0.94420487, 1.9336482, 18.088453, 131.92999
-0.96685794E-3, -0.10115511E-2, 0.15353264E-4, 0.48189025E-6, 0.22094187E-2, 0.94323808, 1.9316971, 18.088453, 131.92999
-0.10933757E-2, -0.11044658E-2, 0.15353477E-4, 0.25361325E-6, 0.24974139E-2, 0.94214475, 1.9294904, 18.088453, 131.92999
-0.11963055E-2, -0.12291925E-2, 0.15353715E-4, 0.25420891E-6, 0.26817441E-2, 0.94094849, 1.9270761, 18.088453, 131.92999
-0.11155386E-2, -0.13145310E-2, 0.15353977E-4, 0.14091432E-6, 0.23516181E-2, 0.93983293, 1.9248245, 18.088453, 131.92999
-0.14668545E-2, -0.16292287E-2, 0.15354288E-4, 0.95860671E-7, 0.30931388E-2, 0.93836600, 1.9218634, 18.088453, 131.92999
-0.16053824E-2, -0.16223413E-2, 0.15354630E-4, 0.18727506E-8, 0.35183134E-2, 0.93676054, 1.9186229, 18.088453, 131.92999
-0.14369305E-2, -0.15827368E-2, 0.15354979E-4, 0.31892366E-5, 0.30467326E-2, 0.93532366, 1.9157223, 18.088453, 131.92999
-0.13981534E-2, -0.15340999E-2, 0.15355306E-4, 0.18678359E-8, 0.29821305E-2, 0.93392539, 1.9128996, 18.088453, 131.92999
-0.12164476E-2, -0.10427986E-2, 0.15355594E-4, 0.18629449E-8, 0.29317131E-2, 0.93270886, 1.9104435, 18.088453, 131.92999
-0.11578631E-2, -0.10007442E-2, 0.15355812E-4, 0.18586730E-8, 0.27975743E-2, 0.93155098, 1.9081060, 18.088453, 131.92999
-0.12970750E-2, -0.10640748E-2, 0.15356034E-4, 0.18545577E-8, 0.31537216E-2, 0.93025374, 1.9054869, 18.088453, 131.92999
-0.15057415E-2, -0.12560720E-2, 0.15356287E-4, 0.18503864E-8, 0.35891044E-2, 0.92874807, 1.9024467, 18.088453, 131.92999
-0.15419964E-2, -0.14476373E-2, 0.15356578E-4, 0.18463284E-8, 0.35043717E-2, 0.92720610, 1.8993334, 18.088453, 131.92999
-0.12972223E-2, -0.11264863E-2, 0.15356869E-4, 0.18426007E-8, 0.30910345E-2, 0.92590886, 1.8967140, 18.088453, 131.92999
-0.13348602E-2, -0.11317912E-2, 0.15357125E-4, 0.18393368E-8, 0.31993596E-2, 0.92457390, 1.8940183, 18.088453, 131.92999
-0.13635083E-2, -0.13193074E-2, 0.15357396E-4, 0.18361813E-8, 0.30957400E-2, 0.92321056, 1.8912652, 18.088453, 131.92999
-0.13387835E-2, -0.15651111E-2, 0.15357709E-4, 0.18331182E-8, 0.27717692E-2, 0.92187190, 1.8885616, 18.088453, 131.92999
-0.11491678E-2, -0.13376519E-2, 0.15358044E-4, 0.18303775E-8, 0.24298588E-2, 0.92072272, 1.8862410, 18.088453, 131.92999
-0.99481852E-3, -0.80214895E-3, 0.15358301E-4, 0.18280457E-8, 0.25070109E-2, 0.91972792, 1.8842317, 18.088453, 131.92999
-0.15821249E-2, -0.11963306E-2, 0.15358508E-4, 0.17979872E-6, 0.38805511E-2, 0.91814572, 1.8810362, 18.088453, 131.92999
-0.16263515E-2, -0.16616159E-2, 0.15358852E-4, 0.18330349E-8, 0.35422624E-2, 0.91651940, 1.8777514, 18.088453, 131.92999
-0.11652843E-2, -0.13912675E-2, 0.15359215E-4, 0.17575838E-5, 0.24223523E-2, 0.91535419, 1.8753978, 18.088453, 131.92999
-0.13461668E-2, -0.13768947E-2, 0.15359545E-4, 0.31094615E-7, 0.29848558E-2, 0.91400796, 1.8726783, 18.088453, 131.92999
-0.15245336E-2, -0.15468776E-2, 0.15359888E-4, 0.13544799E-6, 0.33508572E-2, 0.91248339, 1.8695986, 18.088453, 131.92999
-0.13795885E-2, -0.13251296E-2, 0.15360241E-4, 0.68708698E-6, 0.31375638E-2, 0.91110373, 1.8668115, 18.088453, 131.92999
-0.12428294E-2, -0.11359778E-2, 0.15360543E-4, 0.18193336E-8, 0.29172231E-2, 0.90986103, 1.8643011, 18.088453, 131.92999
-0.14826390E-2, -0.13913435E-2, 0.15360840E-4, 0.18145765E-8, 0.33823103E-2, 0.90837848, 1.8613057, 18.088453, 131.92999
-0.13941436E-2, -0.99812960E-3, 0.15361142E-4, 0.18097921E-8, 0.35142603E-2, 0.90698427, 1.8584889, 18.088453, 131.92999
-0.14931706E-2, -0.13535963E-2, 0.15361424E-4, 0.18053029E-8, 0.34525236E-2, 0.90549117, 1.8554720, 18.088453, 131.92999
-0.15528437E-2, -0.12429897E-2, 0.15361742E-4, 0.18010251E-8, 0.37450832E-2, 0.90393841, 1.8523346, 18.088453, 131.92999
-0.15415332E-2, -0.15258453E-2, 0.15362088E-4, 0.17968987E-8, 0.34236568E-2, 0.90239680, 1.8492194, 18.088453, 131.92999
-0.13996455E-2, -0.10562452E-2, 0.15362421E-4, 0.17931054E-8, 0.34719619E-2, 0.90099692, 1.8463906, 18.088453, 131.92999
-0.13900979E-2, -0.10731330E-2, 0.15362688E-4, 0.17897602E-8, 0.34260422E-2, 0.89960694, 1.8435817, 18.088453, 131.92999
-0.13999339E-2, -0.11256719E-2, 0.15362966E-4, 0.17864960E-8, 0.34024492E-2, 0.89820689, 1.8407521, 18.088453, 131.92999
-0.13703215E-2, -0.13167963E-2, 0.15363277E-4, 0.17833817E-8, 0.31188480E-2, 0.89683664, 1.8379829, 18.088453, 131.92999
-0.12270554E-2, -0.12486874E-2, 0.15363614E-4, 0.17805427E-8, 0.27551663E-2, 0.89560956, 1.8355029, 18.088453, 131.92999
-0.10813205E-2, -0.10740190E-2, 0.15363918E-4, 0.17780496E-8, 0.24923249E-2, 0.89452821, 1.8333170, 18.088453, 131.92999
-0.12938884E-2, -0.99906232E-3, 0.15364174E-4, 0.13795982E-5, 0.32093760E-2, 0.89323437, 1.8307019, 18.088453, 131.92999
-0.12173847E-2, -0.10811219E-2, 0.15364463E-4, 0.17787042E-6, 0.28960819E-2, 0.89201689, 1.8282411, 18.088453, 131.92999
-0.12973754E-2, -0.10837229E-2, 0.15364749E-4, 0.17808063E-8, 0.31353277E-2, 0.89071953, 1.8256186, 18.088453, 131.92999
-0.14634226E-2, -0.11501829E-2, 0.15365044E-4, 0.17760626E-8, 0.35695289E-2, 0.88925624, 1.8226603, 18.088453, 131.92999
-0.13111645E-2, -0.10508371E-2, 0.15365344E-4, 0.17714697E-8, 0.32104831E-2, 0.88794512, 1.8200098, 18.088453, 131.92999
-0.12022046E-2, -0.97517390E-3, 0.15365615E-4, 0.21610613E-6, 0.29579950E-2, 0.88674295, 1.8175795, 18.088453, 131.92999
-0.12687831E-2, -0.10413139E-2, 0.15365886E-4, 0.10635615E-5, 0.30911562E-2, 0.88547409, 1.8150141, 18.088453, 131.92999
-0.14249533E-2, -0.10637393E-2, 0.15366166E-4, 0.35531224E-6, 0.35410435E-2, 0.88404906, 1.8121330, 18.088453, 131.92999
-0.16517792E-2, -0.14909708E-2, 0.15366506E-4, 0.17654034E-8, 0.37925087E-2, 0.88239735, 1.8087933, 18.088453, 131.92999
-0.14768621E-2, -0.12214885E-2, 0.15366890E-4, 0.17602169E-8, 0.35378127E-2, 0.88092047, 1.8058070, 18.088453, 131.92999
-0.14580744E-2, -0.15038772E-2, 0.15367264E-4, 0.17553823E-8, 0.31937601E-2, 0.87946242, 1.8028586, 18.088453, 131.92999
-0.12690846E-2, -0.14882339E-2, 0.15367692E-4, 0.17510090E-8, 0.26382452E-2, 0.87819344, 1.8002925, 18.088453, 131.92999
-0.10944830E-2, -0.12302810E-2, 0.15368087E-4, 0.17473202E-8, 0.23727769E-2, 0.87709904, 1.7980794, 18.088453, 131.92999
-0.10554614E-2, -0.12393537E-2, 0.15368441E-4, 0.17440809E-8, 0.22454672E-2, 0.87604356, 1.7959448, 18.088453, 131.92999
-0.98372460E-3, -0.12425783E-2, 0.15368802E-4, 0.17411980E-8, 0.20252045E-2, 0.87505984, 1.7939553, 18.088453, 131.92999
-0.84065780E-3, -0.98826503E-3, 0.15369133E-4, 0.17387428E-8, 0.18515538E-2, 0.87421918, 1.7922550, 18.088453, 131.92999
-0.12258650E-2, -0.87699201E-3, 0.15369409E-4, 0.17363304E-8, 0.31291372E-2, 0.87299335, 1.7897758, 18.088453, 131.92999
-0.15774762E-2, -0.94612362E-3, 0.15369675E-4, 0.17332692E-8, 0.41216146E-2, 0.87141573, 1.7865850, 18.088453, 131.92999
-0.10726592E-2, -0.10099089E-2, 0.15369978E-4, 0.17301696E-8, 0.25308083E-2, 0.87034321, 1.7844154, 18.088453, 131.92999
-0.10284829E-2, -0.11632422E-2, 0.15370308E-4, 0.17280075E-8, 0.22410557E-2, 0.86931467, 1.7823349, 18.088453, 131.92999
-0.10446956E-2, -0.10355257E-2, 0.15370633E-4, 0.17257629E-8, 0.24200426E-2, 0.86827004, 1.7802218, 18.088453, 131.92999
-0.89329056E-3, -0.88738190E-3, 0.15370928E-4, 0.17237061E-8, 0.21132263E-2, 0.86737669, 1.7784147, 18.088453, 131.92999
-0.67358877E-3, -0.74287649E-3, 0.15371175E-4, 0.17220365E-8, 0.15962975E-2, 0.86670327, 1.7770524, 18.088453, 131.92999
-0.52378688E-3, -0.71772316E-3, 0.15371395E-4, 0.17207896E-8, 0.11691164E-2, 0.86617953, 1.7759929, 18.088453, 131.92999
-0.37201479E-3, -0.67894591E-3, 0.15371606E-4, 0.17198465E-8, 0.74984704E-3, 0.86580753, 1.7752404, 18.088453, 131.92999
-0.18879037E-2, -0.11044724E-2, 0.15371847E-4, 0.21496611E-8, 0.48991190E-2, 0.86391962, 1.7714208, 18.088453, 131.92999
-0.14297697E-2, -0.12985915E-2, 0.15372249E-4, 0.17142771E-8, 0.33162886E-2, 0.86249000, 1.7685286, 18.088453, 131.92999
-0.92753372E-3, -0.10421559E-2, 0.15372618E-4, 0.17119741E-8, 0.20590280E-2, 0.86156255, 1.7666521, 18.088453, 131.92999
-0.10668054E-2, -0.91411464E-3, 0.15372923E-4, 0.17101630E-8, 0.26105165E-2, 0.86049569, 1.7644935, 18.088453, 131.92999
-0.15963645E-2, -0.10729013E-2, 0.15373233E-4, 0.17075273E-8, 0.40497449E-2, 0.85889912, 1.7612630, 18.088453, 131.92999
-0.16793095E-2, -0.10794171E-2, 0.15373580E-4, 0.88007027E-6, 0.42929985E-2, 0.85721976, 1.7578648, 18.088453, 131.92999
-0.17219371E-2, -0.12825252E-2, 0.15373975E-4, 0.31015284E-6, 0.42152908E-2, 0.85549772, 1.7543801, 18.088453, 131.92999
-0.16702377E-2, -0.12019076E-2, 0.15374380E-4, 0.10240319E-5, 0.41402876E-2, 0.85382736, 1.7509997, 18.088453, 131.92999
-0.15412578E-2, -0.12766519E-2, 0.15374801E-4, 0.17043370E-8, 0.36748466E-2, 0.85228622, 1.7478807, 18.088453, 131.92999
-0.13233696E-2, -0.12988904E-2, 0.15375243E-4, 0.16994895E-8, 0.29929529E-2, 0.85096294, 1.7452027, 18.088453, 131.92999
-0.10604492E-2, -0.10838681E-2, 0.15375657E-4, 0.16953634E-8, 0.24170594E-2, 0.84990245, 1.7430563, 18.088453, 131.92999
-0.89280732E-3, -0.91677380E-3, 0.15376010E-4, 0.16919236E-8, 0.20805525E-2, 0.84900957, 1.7412491, 18.088453, 131.92999
-0.88064768E-3, -0.77895110E-3, 0.15376307E-4, 0.16890002E-8, 0.21844793E-2, 0.84812886, 1.7394663, 18.088453, 131.92999
-0.15538351E-2, -0.92669390E-3, 0.15376600E-4, 0.12176143E-5, 0.40682158E-2, 0.84657502, 1.7363211, 18.088453, 131.92999
-0.17773774E-2, -0.12049321E-2, 0.15376991E-4, 0.16903738E-8, 0.44611599E-2, 0.84479755, 1.7327231, 18.088453, 131.92999
-0.15780563E-2, -0.10967675E-2, 0.15377411E-4, 0.78058054E-6, 0.39678444E-2, 0.84321964, 1.7295288, 18.088453, 131.92999
-0.15107748E-2, -0.10270923E-2, 0.15377806E-4, 0.13834390E-5, 0.38347817E-2, 0.84170890, 1.7264704, 18.088453, 131.92999
-0.15358075E-2, -0.10076128E-2, 0.15378193E-4, 0.69024617E-6, 0.39309501E-2, 0.84017307, 1.7233609, 18.088453, 131.92999
-0.15241283E-2, -0.10770516E-2, 0.15378590E-4, 0.11212971E-5, 0.38239872E-2, 0.83864897, 1.7202752, 18.088453, 131.92999
-0.14214459E-2, -0.11952979E-2, 0.15379030E-4, 0.16740314E-8, 0.33931732E-2, 0.83722746, 1.7173969, 18.088453, 131.92999
-0.11812468E-2, -0.98846410E-3, 0.15379470E-4, 0.16695252E-8, 0.28779123E-2, 0.83604616, 1.7150049, 18.088453, 131.92999
-0.10240477E-2, -0.89527783E-3, 0.15379850E-4, 0.16656049E-8, 0.24975899E-2, 0.83502215, 1.7129314, 18.088453, 131.92999
-0.13747299E-2, -0.88315288E-3, 0.15380194E-4, 0.25679040E-6, 0.35704121E-2, 0.83364743, 1.7101476, 18.088453, 131.92999
-0.15057109E-2, -0.10099027E-2, 0.15380598E-4, 0.28449233E-5, 0.38339547E-2, 0.83214164, 1.7070984, 18.088453, 131.92999
-0.13830073E-2, -0.10594350E-2, 0.15381032E-4, 0.16608483E-8, 0.34144446E-2, 0.83075857, 1.7042974, 18.088453, 131.92999
-0.12637842E-2, -0.91775844E-3, 0.15381464E-4, 0.16563467E-8, 0.31986546E-2, 0.82949466, 1.7017375, 18.088453, 131.92999
-0.12250891E-2, -0.87710243E-3, 0.15381846E-4, 0.16522083E-8, 0.31230545E-2, 0.82826966, 1.6992567, 18.088453, 131.92999
-0.13637457E-2, -0.95958030E-3, 0.15382262E-4, 0.40671640E-6, 0.34571472E-2, 0.82690597, 1.6964946, 18.088453, 131.92999
-0.12934065E-2, -0.98107080E-3, 0.15382702E-4, 0.16507264E-8, 0.32221973E-2, 0.82561260, 1.6938747, 18.088453, 131.92999
-0.10008516E-2, -0.85585110E-3, 0.15383133E-4, 0.16465558E-8, 0.24652667E-2, 0.82461166, 1.6918473, 18.088453, 131.92999
0.20564108, -0.67938096E-3, 0.15383497E-4, 0.20376223E-8, 0.24164494E-2, 1.0302526, 2.1070745, 18.088453, 131.92999
-0.13182721E-2, -0.77789649E-3, 0.15383826E-4, 0.85020211E-7, 0.34829795E-2, 1.0289344, 2.1044214, 18.088453, 131.92999
-0.12818521E-2, -0.85717218E-3, 0.15384236E-4, 0.14451005E-5, 0.32893210E-2, 1.0276527, 2.1018414, 18.088453, 131.92999
-0.12595928E-2, -0.81887963E-3, 0.15384650E-4, 0.25431270E-8, 0.32628565E-2, 1.0263932, 2.0993061, 18.088453, 131.92999
-0.13026809E-2, -0.92546246E-3, 0.15385089E-4, 0.20473883E-8, 0.32814229E-2, 1.0250907, 2.0966840, 18.088453, 131.92999
-0.10283891E-2, -0.77502080E-3, 0.15385536E-4, 0.20429420E-8, 0.26103773E-2, 1.0240624, 2.0946138, 18.088453, 131.92999
-0.92819415E-3, -0.66727912E-3, 0.15385913E-4, 0.20391424E-8, 0.24200117E-2, 1.0231340, 2.0927448, 18.088453, 131.92999
-0.81063836E-3, -0.58141805E-3, 0.15386249E-4, 0.20358590E-8, 0.21548506E-2, 1.0223236, 2.0911133, 18.088453, 131.92999
-0.66944008E-3, -0.51503547E-3, 0.15386540E-4, 0.20331465E-8, 0.17983604E-2, 1.0216540, 2.0897653, 18.088453, 131.92999
-0.52927795E-3, -0.44689802E-3, 0.15386797E-4, 0.20310120E-8, 0.14469248E-2, 1.0211248, 2.0886996, 18.088453, 131.92999
-0.41426645E-3, -0.43098372E-3, 0.15387030E-4, 0.20293514E-8, 0.11170104E-2, 1.0207107, 2.0878656, 18.088453, 131.92999
-0.29941055E-3, -0.39237007E-3, 0.15387246E-4, 0.20281072E-8, 0.81118639E-3, 1.0204113, 2.0872629, 18.088453, 131.92999
-0.15444326E-3, -0.35670123E-3, 0.15387443E-4, 0.20272481E-8, 0.41158972E-3, 1.0202566, 2.0869517, 18.088453, 131.92999
-0.35402078E-4, -0.36232901E-3, 0.15387624E-4, 0.20267865E-8, 0.47253718E-4, 1.0202214, 2.0868807, 18.088453, 131.92999
-0.18247953E-4, -0.35829403E-3, 0.15387806E-4, 0.20265369E-8, 0.0000000, 1.0202031, 2.0868440, 18.088453, 131.92999
-0.12791554E-2, -0.45384315E-3, 0.15387999E-4, 0.20254558E-8, 0.37008221E-2, 1.0189241, 2.0842688, 18.088453, 131.92999
-0.16116728E-2, -0.57300291E-3, 0.15388247E-4, 0.89161443E-6, 0.45786090E-2, 1.0173124, 2.0810235, 18.088453, 131.92999
-0.16558436E-2, -0.76952716E-3, 0.15388598E-4, 0.45575639E-5, 0.45041107E-2, 1.0156561, 2.0776882, 18.088453, 131.92999
-0.13826761E-2, -0.89787628E-3, 0.15389029E-4, 0.92554114E-6, 0.35507076E-2, 1.0142734, 2.0749037, 18.088453, 131.92999
-0.12700316E-2, -0.90067199E-3, 0.15389509E-4, 0.44960692E-6, 0.32078121E-2, 1.0130033, 2.0723462, 18.088453, 131.92999
-0.10547513E-2, -0.77580783E-3, 0.15389971E-4, 0.20220454E-8, 0.26883730E-2, 1.0119488, 2.0702224, 18.088453, 131.92999
-0.88189443E-3, -0.59386215E-3, 0.15390358E-4, 0.20178752E-8, 0.23563341E-2, 1.0110668, 2.0684459, 18.088453, 131.92999
-0.79116231E-3, -0.51918894E-3, 0.15390669E-4, 0.20142299E-8, 0.21605301E-2, 1.0102755, 2.0668523, 18.088453, 131.92999
-0.67232555E-3, -0.48752461E-3, 0.15390951E-4, 0.20110718E-8, 0.18353274E-2, 1.0096033, 2.0654984, 18.088453, 131.92999
-0.51475654E-3, -0.43840063E-3, 0.15391211E-4, 0.20085353E-8, 0.14116309E-2, 1.0090883, 2.0644612, 18.088453, 131.92999
-0.38878861E-3, -0.40422968E-3, 0.15391450E-4, 0.20065754E-8, 0.10676538E-2, 1.0086995, 2.0636783, 18.088453, 131.92999
-0.29097011E-3, -0.36935706E-3, 0.15391664E-4, 0.20050899E-8, 0.80928078E-3, 1.0084085, 2.0630920, 18.088453, 131.92999
-0.18740771E-3, -0.38567797E-3, 0.15391870E-4, 0.20039967E-8, 0.48032685E-3, 1.0082211, 2.0627146, 18.088453, 131.92999
-0.47324782E-4, -0.34520181E-3, 0.15392070E-4, 0.20033220E-8, 0.10040792E-3, 1.0081742, 2.0626204, 18.088453, 131.92999
-0.17644370E-2, -0.61506953E-3, 0.15392299E-4, 0.12358034E-5, 0.49944846E-2, 1.0064098, 2.0590661, 18.088453, 131.92999
-0.18521042E-2, -0.84548013E-3, 0.15392732E-4, 0.20138720E-8, 0.50198263E-2, 1.0045576, 2.0553353, 18.088453, 131.92999
-0.12667998E-2, -0.79774455E-3, 0.15393207E-4, 0.20035129E-8, 0.33042764E-2, 1.0032908, 2.0527833, 18.088453, 131.92999
-0.10333665E-2, -0.70688990E-3, 0.15393651E-4, 0.19991391E-8, 0.26944908E-2, 1.0022573, 2.0507016, 18.088453, 131.92999
-0.82656596E-3, -0.60116220E-3, 0.15394042E-4, 0.19955131E-8, 0.21808948E-2, 1.0014309, 2.0490365, 18.088453, 131.92999
-0.69129444E-3, -0.49814518E-3, 0.15394380E-4, 0.19925608E-8, 0.18804490E-2, 1.0007395, 2.0476434, 18.088453, 131.92999
-0.61541959E-3, -0.42955673E-3, 0.15394666E-4, 0.19901047E-8, 0.17233498E-2, 1.0001239, 2.0464036, 18.088453, 131.92999
-0.53772755E-3, -0.40158824E-3, 0.15394915E-4, 0.19880748E-8, 0.15184451E-2, 0.99958622, 2.0453200, 18.088453, 131.92999
-0.45312408E-3, -0.35516202E-3, 0.15395148E-4, 0.19864308E-8, 0.13120150E-2, 0.99913305, 2.0444071, 18.088453, 131.92999
-0.45073938E-3, -0.28900523E-3, 0.15395337E-4, 0.19850648E-8, 0.13740959E-2, 0.99868220, 2.0434990, 18.088453, 131.92999
-0.35881816E-3, -0.31770539E-3, 0.15395513E-4, 0.19838389E-8, 0.10672756E-2, 0.99832332, 2.0427759, 18.088453, 131.92999
-0.23218713E-3, -0.25733895E-3, 0.15395684E-4, 0.19830151E-8, 0.74866530E-3, 0.99809104, 2.0423079, 18.088453, 131.92999
-0.17292605E-3, -0.26133860E-3, 0.15395828E-4, 0.19824098E-8, 0.56610187E-3, 0.99791807, 2.0419593, 18.088453, 131.92999
-0.26069063E-3, -0.28244714E-3, 0.15395974E-4, 0.19819348E-8, 0.80900453E-3, 0.99765730, 2.0414338, 18.088453, 131.92999
-0.86844113E-3, -0.34192647E-3, 0.15396141E-4, 0.19807722E-8, 0.25796876E-2, 0.99678898, 2.0396845, 18.088453, 131.92999
-0.67858130E-3, -0.33686977E-3, 0.15396328E-4, 0.19789999E-8, 0.20127585E-2, 0.99611038, 2.0383172, 18.088453, 131.92999
-0.10423013E-2, -0.36907312E-3, 0.15396508E-4, 0.19774204E-8, 0.30761599E-2, 0.99506819, 2.0362170, 18.088453, 131.92999
-0.76793769E-3, -0.39026065E-3, 0.15396714E-4, 0.19754043E-8, 0.22271839E-2, 0.99430019, 2.0346696, 18.088453, 131.92999
-0.54823497E-3, -0.32921744E-3, 0.15396903E-4, 0.19741464E-8, 0.16283025E-2, 0.99375182, 2.0335646, 18.088453, 131.92999
-0.58610772E-3, -0.33371546E-3, 0.15397069E-4, 0.19730186E-8, 0.17380473E-2, 0.99316573, 2.0323837, 18.088453, 131.92999
-0.45513848E-3, -0.35748412E-3, 0.15397243E-4, 0.19718964E-8, 0.13187377E-2, 0.99271047, 2.0314660, 18.088453, 131.92999
-0.70637971E-3, -0.37446813E-3, 0.15397418E-4, 0.19709681E-8, 0.20588995E-2, 0.99200410, 2.0300426, 18.088453, 131.92999
-0.97006647E-3, -0.44242782E-3, 0.15397623E-4, 0.19692052E-8, 0.27838014E-2, 0.99103397, 2.0280879, 18.088453, 131.92999
-0.76500047E-3, -0.46289206E-3, 0.15397851E-4, 0.19673432E-8, 0.21444655E-2, 0.99026906, 2.0265460, 18.088453, 131.92999
-0.92735840E-3, -0.50715741E-3, 0.15398073E-4, 0.19660105E-8, 0.25883971E-2, 0.98934162, 2.0246770, 18.088453, 131.92999
-0.16167004E-2, -0.75235788E-3, 0.15398395E-4, 0.19632136E-8, 0.44133016E-2, 0.98772484, 2.0214188, 18.088453, 131.92999
-0.14096603E-2, -0.76946465E-3, 0.15398775E-4, 0.22536312E-6, 0.37708399E-2, 0.98631525, 2.0185778, 18.088453, 131.92999
-0.11766078E-2, -0.93552977E-3, 0.15399221E-4, 0.19694923E-8, 0.28957347E-2, 0.98513865, 2.0162063, 18.088453, 131.92999
-0.10408926E-2, -0.91590843E-3, 0.15399708E-4, 0.19650872E-8, 0.25058563E-2, 0.98409784, 2.0141082, 18.088453, 131.92999
-0.96736033E-3, -0.81287598E-3, 0.15400175E-4, 0.19610877E-8, 0.23901553E-2, 0.98313046, 2.0121584, 18.088453, 131.92999
-0.11698549E-2, -0.76313858E-3, 0.15400621E-4, 0.19941974E-5, 0.30498053E-2, 0.98196054, 2.0098000, 18.088453, 131.92999
-0.11431287E-2, -0.71532145E-3, 0.15401045E-4, 0.19616617E-8, 0.30203385E-2, 0.98081738, 2.0074956, 18.088453, 131.92999
-0.10046340E-2, -0.67241100E-3, 0.15401447E-4, 0.19572137E-8, 0.26468311E-2, 0.97981268, 2.0054705, 18.088453, 131.92999
-0.89794106E-3, -0.55634964E-3, 0.15401814E-4, 0.19532296E-8, 0.24455916E-2, 0.97891474, 2.0036602, 18.088453, 131.92999
-0.12338777E-2, -0.55203179E-3, 0.15402142E-4, 0.74791060E-5, 0.34557034E-2, 0.97768086, 2.0011725, 18.088453, 131.92999
-0.11346800E-2, -0.65714936E-3, 0.15402509E-4, 0.59023176E-7, 0.30541753E-2, 0.97654617, 1.9988850, 18.088453, 131.92999
-0.10098059E-2, -0.74624398E-3, 0.15402939E-4, 0.19509252E-8, 0.25840236E-2, 0.97553635, 1.9968489, 18.088453, 131.92999
-0.69977267E-3, -0.66264917E-3, 0.15403384E-4, 0.19468496E-8, 0.17353216E-2, 0.97483665, 1.9954382, 18.088453, 131.92999
-0.50762662E-3, -0.58161217E-3, 0.15403792E-4, 0.19435662E-8, 0.12398378E-2, 0.97432888, 1.9944144, 18.088453, 131.92999
-0.59124583E-3, -0.54605206E-3, 0.15404145E-4, 0.16094631E-6, 0.15287399E-2, 0.97373754, 1.9932221, 18.088453, 131.92999
-0.48102465E-3, -0.51619130E-3, 0.15404514E-4, 0.87798953E-5, 0.12185413E-2, 0.97325659, 1.9922523, 18.088453, 131.92999
-0.53803623E-3, -0.52161515E-3, 0.15404865E-4, 0.86608611E-6, 0.13924448E-2, 0.97271854, 1.9911675, 18.088453, 131.92999
-0.54861110E-3, -0.51813154E-3, 0.15405221E-4, 0.10647997E-5, 0.14274574E-2, 0.97217005, 1.9900615, 18.088453, 131.92999
-0.51998167E-3, -0.52761275E-3, 0.15405582E-4, 0.22637901E-5, 0.13295687E-2, 0.97165012, 1.9890131, 18.088453, 131.92999
-0.56163932E-3, -0.53719460E-3, 0.15405960E-4, 0.19408439E-8, 0.14469440E-2, 0.97108841, 1.9878806, 18.088453, 131.92999
-0.53683028E-3, -0.52770472E-3, 0.15406338E-4, 0.17696261E-5, 0.13797783E-2, 0.97055155, 1.9867979, 18.088453, 131.92999
-0.51478454E-3, -0.51463133E-3, 0.15406726E-4, 0.47909239E-5, 0.13234202E-2, 0.97003686, 1.9857601, 18.088453, 131.92999
-0.54438988E-3, -0.47650310E-3, 0.15407104E-4, 0.20603691E-5, 0.14550787E-2, 0.96949232, 1.9846619, 18.088453, 131.92999
-0.51530311E-3, -0.48988318E-3, 0.15407471E-4, 0.33612850E-8, 0.13548117E-2, 0.96897686, 1.9836223, 18.088453, 131.92999
-0.56335208E-3, -0.49704721E-3, 0.15407855E-4, 0.42804169E-6, 0.14911622E-2, 0.96841353, 1.9824864, 18.088453, 131.92999
-0.57292776E-3, -0.50763582E-3, 0.15408259E-4, 0.11419790E-6, 0.15083938E-2, 0.96784067, 1.9813311, 18.088453, 131.92999
-0.52689185E-3, -0.47544905E-3, 0.15408670E-4, 0.19326758E-8, 0.14028273E-2, 0.96731383, 1.9802687, 18.088453, 131.92999
-0.47791359E-3, -0.40920646E-3, 0.15409049E-4, 0.19294950E-8, 0.13246530E-2, 0.96683592, 1.9793049, 18.088453, 131.92999
-0.43684113E-3, -0.35171380E-3, 0.15409378E-4, 0.19266679E-8, 0.12614618E-2, 0.96639913, 1.9784240, 18.088453, 131.92999
-0.45367386E-3, -0.34809738E-3, 0.15409667E-4, 0.19241779E-8, 0.13160266E-2, 0.96594542, 1.9775090, 18.088453, 131.92999
-0.58408326E-3, -0.45095489E-3, 0.15410031E-4, 0.19217674E-8, 0.15997152E-2, 0.96536124, 1.9763309, 18.088453, 131.92999
-0.48721308E-3, -0.38497179E-3, 0.15410411E-4, 0.19196846E-8, 0.13769690E-2, 0.96487391, 1.9753480, 18.088453, 131.92999
-0.43768380E-3, -0.34885362E-3, 0.15410747E-4, 0.19179698E-8, 0.12656503E-2, 0.96443629, 1.9744651, 18.088453, 131.92999
-0.42612432E-3, -0.31017547E-3, 0.15411055E-4, 0.19165061E-8, 0.12718291E-2, 0.96401012, 1.9736058, 18.088453, 131.92999
-0.42094680E-3, -0.28299377E-3, 0.15411335E-4, 0.19152098E-8, 0.12851859E-2, 0.96358907, 1.9727565, 18.088453, 131.92999
-0.44192106E-3, -0.24337522E-3, 0.15411577E-4, 0.19140403E-8, 0.13908382E-2, 0.96314728, 1.9718654, 18.088453, 131.92999
-0.47735908E-3, -0.23403220E-3, 0.15411793E-4, 0.19128950E-8, 0.15079636E-2, 0.96266997, 1.9709028, 18.088453, 131.92999
-0.40077066E-3, -0.22174566E-3, 0.15411999E-4, 0.19118271E-8, 0.12902515E-2, 0.96226913, 1.9700942, 18.088453, 131.92999
0.20684668, -0.20598240E-3, 0.15412186E-4, 0.23053091E-8, 0.10320618E-2, 1.1691161, 2.3859837, 18.088453, 131.92999
-0.25697192E-3, -0.18804957E-3, 0.15412354E-4, 0.23217810E-8, 0.88715140E-3, 1.1688592, 2.3854687, 18.088453, 131.92999
-0.21091157E-3, -0.18516384E-3, 0.15412506E-4, 0.23212308E-8, 0.75228082E-3, 1.1686486, 2.3850467, 18.088453, 131.92999
-0.15329126E-3, -0.18632546E-3, 0.15412656E-4, 0.23208102E-8, 0.57835301E-3, 1.1684951, 2.3847387, 18.088453, 131.92999
-0.14677030E-3, -0.18711401E-3, 0.15412801E-4, 0.23204658E-8, 0.55832916E-3, 1.1683482, 2.3844442, 18.088453, 131.92999
-0.31742318E-4, -0.17062243E-3, 0.15412936E-4, 0.23202438E-8, 0.23072006E-3, 1.1683164, 2.3843806, 18.088453, 131.92999
-0.17769882E-4, -0.14669388E-3, 0.15413050E-4, 0.23202282E-8, 0.21455117E-3, 1.1682982, 2.3843443, 18.088453, 131.92999
-0.76682358E-4, -0.13844139E-3, 0.15413147E-4, 0.23200886E-8, 0.40063501E-3, 1.1682217, 2.3841910, 18.088453, 131.92999
-0.10425325E-2, -0.17884347E-3, 0.15413243E-4, 0.23193172E-8, 0.32600125E-2, 1.1671790, 2.3821011, 18.088453, 131.92999
-0.11647947E-2, -0.21169809E-3, 0.15413372E-4, 0.23168327E-8, 0.35930297E-2, 1.1660141, 2.3797660, 18.088453, 131.92999
-0.99494925E-3, -0.23455212E-3, 0.15413518E-4, 0.23146767E-8, 0.30590417E-2, 1.1650193, 2.3777723, 18.088453, 131.92999
-0.77597611E-3, -0.24054965E-3, 0.15413665E-4, 0.23128728E-8, 0.23951747E-2, 1.1642431, 2.3762162, 18.088453, 131.92999
-0.53065107E-3, -0.22758126E-3, 0.15413807E-4, 0.23115738E-8, 0.16720337E-2, 1.1637127, 2.3751531, 18.088453, 131.92999
-0.33147683E-3, -0.21119234E-3, 0.15413934E-4, 0.23107050E-8, 0.10911078E-2, 1.1633817, 2.3744895, 18.088453, 131.92999
-0.19055622E-3, -0.19513971E-3, 0.15414053E-4, 0.23101834E-8, 0.68482116E-3, 1.1631911, 2.3741071, 18.088453, 131.92999
-0.68512069E-4, -0.18765463E-3, 0.15414158E-4, 0.23099136E-8, 0.32624791E-3, 1.1631228, 2.3739705, 18.088453, 131.92999
0.10669065E-4, -0.18136189E-3, 0.15414256E-4, 0.23098599E-8, 0.95192823E-4, 1.1631336, 2.3739924, 18.088453, 131.92999
-0.46396293E-3, -0.20810966E-3, 0.15414354E-4, 0.23097313E-8, 0.14936338E-2, 1.1626697, 2.3730624, 18.088453, 131.92999
-0.23430032E-2, -0.44496101E-3, 0.15414518E-4, 0.23068174E-8, 0.68927775E-2, 1.1603267, 2.3683653, 18.088453, 131.92999
-0.15067136E-2, -0.55140798E-3, 0.15414791E-4, 0.18188200E-5, 0.42673862E-2, 1.1588200, 2.3653445, 18.088453, 131.92999
-0.86824561E-3, -0.46410525E-3, 0.15415066E-4, 0.29322317E-7, 0.24418461E-2, 1.1579516, 2.3636036, 18.088453, 131.92999
-0.98688342E-3, -0.49963652E-3, 0.15415324E-4, 0.23280190E-7, 0.27615025E-2, 1.1569648, 2.3616250, 18.088453, 131.92999
-0.10874347E-2, -0.54272066E-3, 0.15415599E-4, 0.23092257E-8, 0.30188931E-2, 1.1558774, 2.3594449, 18.088453, 131.92999
-0.99017553E-3, -0.57443907E-3, 0.15415901E-4, 0.23046023E-8, 0.26935928E-2, 1.1548870, 2.3574588, 18.088453, 131.92999
-0.82563452E-3, -0.52070175E-3, 0.15416190E-4, 0.23005922E-8, 0.22551680E-2, 1.1540614, 2.3558037, 18.088453, 131.92999
-0.75422262E-3, -0.47196011E-3, 0.15416454E-4, 0.22971782E-8, 0.20914634E-2, 1.1533073, 2.3542917, 18.088453, 131.92999
-0.71488187E-3, -0.43183262E-3, 0.15416697E-4, 0.22942328E-8, 0.20152070E-2, 1.1525924, 2.3528576, 18.088453, 131.92999
-0.68181701E-3, -0.38868233E-3, 0.15416914E-4, 0.22916735E-8, 0.19609868E-2, 1.1519107, 2.3514907, 18.088453, 131.92999
-0.81992644E-3, -0.38289645E-3, 0.15417116E-4, 0.22893270E-8, 0.23822975E-2, 1.1510909, 2.3498466, 18.088453, 131.92999
-0.85413258E-3, -0.39847096E-3, 0.15417316E-4, 0.22870075E-8, 0.24691212E-2, 1.1502366, 2.3481338, 18.088453, 131.92999
-0.81591122E-3, -0.37476441E-3, 0.15417512E-4, 0.22848188E-8, 0.23791564E-2, 1.1494206, 2.3464973, 18.088453, 131.92999
-0.69997978E-3, -0.34845056E-3, 0.15417696E-4, 0.22829372E-8, 0.20583398E-2, 1.1487210, 2.3450942, 18.088453, 131.92999
-0.63055923E-3, -0.32778984E-3, 0.15417865E-4, 0.22813555E-8, 0.18714131E-2, 1.1480904, 2.3438296, 18.088453, 131.92999
-0.60349534E-3, -0.31375088E-3, 0.15418025E-4, 0.22799269E-8, 0.18048885E-2, 1.1474867, 2.3426189, 18.088453, 131.92999
-0.53469720E-3, -0.31892915E-3, 0.15418176E-4, 0.22786437E-8, 0.15929706E-2, 1.1469517, 2.3415458, 18.088453, 131.92999
-0.43955565E-3, -0.31092821E-3, 0.15418320E-4, 0.22775748E-8, 0.13155340E-2, 1.1465120, 2.3406639, 18.088453, 131.92999
-0.38390578E-3, -0.29177149E-3, 0.15418458E-4, 0.22766922E-8, 0.11683404E-2, 1.1461283, 2.3398945, 18.088453, 131.92999
-0.30179980E-3, -0.26261099E-3, 0.15418580E-4, 0.22759503E-8, 0.95197209E-3, 1.1458265, 2.3392889, 18.088453, 131.92999
-0.28132283E-3, -0.26259536E-3, 0.15418698E-4, 0.22753393E-8, 0.89063490E-3, 1.1455451, 2.3387246, 18.088453, 131.92999
-0.28802233E-3, -0.28499294E-3, 0.15418815E-4, 0.22747395E-8, 0.88780042E-3, 1.1452572, 2.3381474, 18.088453, 131.92999
-0.52113354E-3, -0.32361411E-3, 0.15418940E-4, 0.22741271E-8, 0.15487567E-2, 1.1447358, 2.3371015, 18.088453, 131.92999
-0.10567484E-2, -0.42574829E-3, 0.15419102E-4, 0.22723732E-8, 0.30533629E-2, 1.1436793, 2.3349824, 18.088453, 131.92999
-0.81569818E-3, -0.41474836E-3, 0.15419280E-4, 0.22705424E-8, 0.23403999E-2, 1.1428634, 2.3333459, 18.088453, 131.92999
-0.62528357E-3, -0.32372080E-3, 0.15419437E-4, 0.22691071E-8, 0.18622288E-2, 1.1422380, 2.3320916, 18.088453, 131.92999
-0.52125083E-3, -0.29986753E-3, 0.15419566E-4, 0.22679734E-8, 0.15743457E-2, 1.1417170, 2.3310463, 18.088453, 131.92999
-0.54247555E-3, -0.30932247E-3, 0.15419686E-4, 0.22669053E-8, 0.16286066E-2, 1.1411747, 2.3299584, 18.088453, 131.92999
-0.48852025E-3, -0.27063797E-3, 0.15419804E-4, 0.22658335E-8, 0.15064662E-2, 1.1406864, 2.3289790, 18.088453, 131.92999
-0.34172126E-3, -0.23659384E-3, 0.15419899E-4, 0.22650464E-8, 0.11004369E-2, 1.1403446, 2.3282933, 18.088453, 131.92999
-0.31299522E-3, -0.23254284E-3, 0.15419984E-4, 0.22643787E-8, 0.10184189E-2, 1.1400319, 2.3276663, 18.088453, 131.92999
-0.27967169E-3, -0.24399316E-3, 0.15420073E-4, 0.22637527E-8, 0.90662396E-3, 1.1397521, 2.3271048, 18.088453, 131.92999
-0.18603484E-3, -0.23948417E-3, 0.15420157E-4, 0.22633109E-8, 0.62993693E-3, 1.1395663, 2.3267322, 18.088453, 131.92999
-0.16226005E-3, -0.24286893E-3, 0.15420239E-4, 0.22629649E-8, 0.55513723E-3, 1.1394039, 2.3264065, 18.088453, 131.92999
-0.15421888E-3, -0.25222893E-3, 0.15420321E-4, 0.22626414E-8, 0.52149541E-3, 1.1392498, 2.3260970, 18.088453, 131.92999
-0.10839527E-3, -0.25972043E-3, 0.15420404E-4, 0.22623754E-8, 0.37619646E-3, 1.1391416, 2.3258798, 18.088453, 131.92999
-0.80773949E-4, -0.26403207E-3, 0.15420492E-4, 0.22621760E-8, 0.28887638E-3, 1.1390607, 2.3257177, 18.088453, 131.92999
-0.33739288E-4, -0.25561952E-3, 0.15420575E-4, 0.22620559E-8, 0.15624132E-3, 1.1390270, 2.3256500, 18.088453, 131.92999
-0.17036249E-4, -0.25389047E-3, 0.15420655E-4, 0.22620019E-8, 0.10793055E-3, 1.1390100, 2.3256161, 18.088453, 131.92999
-0.75954945E-5, -0.25918958E-3, 0.15420732E-4, 0.22619748E-8, 0.74249379E-4, 1.1390023, 2.3256006, 18.088453, 131.92999
0.12880864E-4, -0.25135864E-3, 0.15420812E-4, 0.22619775E-8, 0.20833471E-4, 1.1390154, 2.3256271, 18.088453, 131.92999
0.22704224E-4, -0.24297074E-3, 0.15420885E-4, 0.22620088E-8, 0.0000000, 1.1390382, 2.3256726, 18.088453, 131.92999
0.99111776E-5, -0.28068875E-3, 0.15420961E-4, 0.22620421E-8, 0.0000000, 1.1390480, 2.3256924, 18.088453, 131.92999
0.23611612E-4, -0.24051222E-3, 0.15421039E-4, 0.22620736E-8, 0.0000000, 1.1390716, 2.3257399, 18.088453, 131.92999
0.30246265E-4, -0.22109918E-3, 0.15421105E-4, 0.22621283E-8, 0.0000000, 1.1391020, 2.3258007, 18.088453, 131.92999
0.22527527E-4, -0.24391769E-3, 0.15421168E-4, 0.22621804E-8, 0.0000000, 1.1391248, 2.3258462, 18.088453, 131.92999
0.17613576E-4, -0.25848759E-3, 0.15421234E-4, 0.22622204E-8, 0.0000000, 1.1391423, 2.3258812, 18.088453, 131.92999
0.13244726E-4, -0.27146062E-3, 0.15421305E-4, 0.22622515E-8, 0.0000000, 1.1391554, 2.3259077, 18.088453, 131.92999
-0.45192809E-3, -0.31156387E-3, 0.15421376E-4, 0.22619941E-8, 0.13575456E-2, 1.1387033, 2.3250008, 18.088453, 131.92999
-0.44201256E-3, -0.30492528E-3, 0.15421456E-4, 0.22609470E-8, 0.13346110E-2, 1.1382611, 2.3241136, 18.088453, 131.92999
-0.19951191E-3, -0.29374170E-3, 0.15421536E-4, 0.22603244E-8, 0.61712362E-3, 1.1380616, 2.3237135, 18.088453, 131.92999
-0.25799286E-3, -0.32898801E-3, 0.15421620E-4, 0.22598465E-8, 0.75709267E-3, 1.1378037, 2.3231962, 18.088453, 131.92999
-0.20614137E-3, -0.38289736E-3, 0.15421716E-4, 0.22593591E-8, 0.54638134E-3, 1.1375976, 2.3227825, 18.088453, 131.92999
-0.54445980E-4, -0.36831191E-3, 0.15421811E-4, 0.22591067E-8, 0.10531263E-3, 1.1375430, 2.3226731, 18.088453, 131.92999
-0.11833628E-4, -0.34602851E-3, 0.15421907E-4, 0.22590467E-8, 0.0000000, 1.1375313, 2.3226497, 18.088453, 131.92999
0.45764891E-5, -0.29766481E-3, 0.15421992E-4, 0.22590381E-8, 0.0000000, 1.1375359, 2.3226590, 18.088453, 131.92999
-0.53566496E-5, -0.32538717E-3, 0.15422072E-4, 0.22590390E-8, 0.17291750E-5, 1.1375304, 2.3226480, 18.088453, 131.92999
-0.28522511E-4, -0.39560892E-3, 0.15422167E-4, 0.22590068E-8, 0.0000000, 1.1375015, 2.3225896, 18.088453, 131.92999
0.15231675E-4, -0.26641082E-3, 0.15422251E-4, 0.22589870E-8, 0.0000000, 1.1375164, 2.3226194, 18.088453, 131.92999
0.42553085E-4, -0.18573306E-3, 0.15422302E-4, 0.22590418E-8, 0.0000000, 1.1375588, 2.3227048, 18.088453, 131.92999
0.40433919E-4, -0.19206727E-3, 0.15422340E-4, 0.22591233E-8, 0.0000000, 1.1375993, 2.3227863, 18.088453, 131.92999
0.40744806E-4, -0.19121289E-3, 0.15422380E-4, 0.22592035E-8, 0.0000000, 1.1376401, 2.3228679, 18.088453, 131.92999
0.36853424E-4, -0.20279150E-3, 0.15422418E-4, 0.22592797E-8, 0.0000000, 1.1376771, 2.3229420, 18.088453, 131.92999
0.49715090E-4, -0.16478379E-3, 0.15422451E-4, 0.22593627E-8, 0.0000000, 1.1377270, 2.3230422, 18.088453, 131.92999
0.46606383E-4, -0.17404328E-3, 0.15422478E-4, 0.22594566E-8, 0.0000000, 1.1377736, 2.3231359, 18.088453, 131.92999
0.40907224E-4, -0.19097680E-3, 0.15422513E-4, 0.22595390E-8, 0.0000000, 1.1378148, 2.3232181, 18.088453, 131.92999
0.40873874E-4, -0.19112953E-3, 0.15422547E-4, 0.22596172E-8, 0.0000000, 1.1378558, 2.3233006, 18.088453, 131.92999
0.36911824E-4, -0.20292168E-3, 0.15422584E-4, 0.22596895E-8, 0.0000000, 1.1378928, 2.3233750, 18.088453, 131.92999
0.29494617E-4, -0.22495852E-3, 0.15422624E-4, 0.22597533E-8, 0.0000000, 1.1379220, 2.3234334, 18.088453, 131.92999
0.18895440E-4, -0.25643595E-3, 0.15422669E-4, 0.22598019E-8, 0.0000000, 1.1379412, 2.3234723, 18.088453, 131.92999
0.11471489E-5, -0.30912115E-3, 0.15422724E-4, 0.22598226E-8, 0.0000000, 1.1379423, 2.3234744, 18.088453, 131.92999
-0.59762317E-6, -0.31435338E-3, 0.15422791E-4, 0.22598250E-8, 0.0000000, 1.1379421, 2.3234739, 18.088453, 131.92999
-0.84202447E-5, -0.33761468E-3, 0.15422856E-4, 0.22598154E-8, 0.0000000, 1.1379333, 2.3234560, 18.088453, 131.92999
-0.23110277E-4, -0.38125852E-3, 0.15422926E-4, 0.22597861E-8, 0.0000000, 1.1379100, 2.3234093, 18.088453, 131.92999
0.20788008, -0.39123467E-3, 0.15423002E-4, 0.26554103E-8, 0.0000000, 1.3457900, 2.7391217, 18.088453, 131.92999
-0.11394328E-4, -0.34567239E-3, 0.15423071E-4, 0.26725724E-8, 0.0000000, 1.3457787, 2.7390993, 18.088453, 131.92999
-0.81876515E-5, -0.33627835E-3, 0.15423137E-4, 0.26725524E-8, 0.0000000, 1.3457705, 2.7390826, 18.088453, 131.92999
0.12175567E-4, -0.27627434E-3, 0.15423189E-4, 0.26725580E-8, 0.0000000, 1.3457829, 2.7391076, 18.088453, 131.92999
-0.81240714E-5, -0.33622107E-3, 0.15423251E-4, 0.26725646E-8, 0.0000000, 1.3457752, 2.7390926, 18.088453, 131.92999
-0.15284315E-4, -0.35740912E-3, 0.15423317E-4, 0.26725435E-8, 0.0000000, 1.3457602, 2.7390625, 18.088453, 131.92999
-0.18760520E-4, -0.36772594E-3, 0.15423386E-4, 0.26725087E-8, 0.0000000, 1.3457415, 2.7390251, 18.088453, 131.92999
-0.10153640E-4, -0.34237732E-3, 0.15423453E-4, 0.26724798E-8, 0.0000000, 1.3457317, 2.7390053, 18.088453, 131.92999
-0.32305863E-3, -0.46182034E-3, 0.15423519E-4, 0.26723488E-8, 0.81560912E-3, 1.3454088, 2.7383621, 18.088453, 131.92999
-0.58811752E-3, -0.58586046E-3, 0.15423619E-4, 0.26712546E-8, 0.14833478E-2, 1.3448209, 2.7371900, 18.088453, 131.92999
-0.28584601E-3, -0.48636564E-3, 0.15423722E-4, 0.26703799E-8, 0.67943183E-3, 1.3445350, 2.7366197, 18.088453, 131.92999
-0.10316436E-3, -0.43822013E-3, 0.15423811E-4, 0.26699909E-8, 0.18142945E-3, 1.3444320, 2.7364147, 18.088453, 131.92999
-0.53484811E-4, -0.45755081E-3, 0.15423891E-4, 0.26698321E-8, 0.13169363E-4, 1.3443784, 2.7363079, 18.088453, 131.92999
-0.38518119E-4, -0.42638698E-3, 0.15423968E-4, 0.26697431E-8, 0.0000000, 1.3443400, 2.7362311, 18.088453, 131.92999
-0.34085442E-4, -0.41334462E-3, 0.15424042E-4, 0.26696718E-8, 0.0000000, 1.3443059, 2.7361631, 18.088453, 131.92999
-0.25725851E-4, -0.38869874E-3, 0.15424117E-4, 0.26696123E-8, 0.0000000, 1.3442804, 2.7361121, 18.088453, 131.92999
-0.24014256E-4, -0.38369288E-3, 0.15424184E-4, 0.26695635E-8, 0.0000000, 1.3442564, 2.7360647, 18.088453, 131.92999
-0.88333923E-4, -0.49705314E-3, 0.15424266E-4, 0.26694764E-8, 0.77764795E-4, 1.3441681, 2.7358882, 18.088453, 131.92999
-0.16237472E-3, -0.56618871E-3, 0.15424363E-4, 0.26691858E-8, 0.22942995E-3, 1.3440057, 2.7355647, 18.088453, 131.92999
-0.48811024E-4, -0.45709984E-3, 0.15424457E-4, 0.26689910E-8, 0.0000000, 1.3439569, 2.7354677, 18.088453, 131.92999
-0.26958689E-4, -0.39254830E-3, 0.15424534E-4, 0.26689164E-8, 0.0000000, 1.3439299, 2.7354136, 18.088453, 131.92999
0.10282235E-4, -0.28248911E-3, 0.15424594E-4, 0.26688924E-8, 0.0000000, 1.3439404, 2.7354345, 18.088453, 131.92999
-0.57288066E-5, -0.32987527E-3, 0.15424643E-4, 0.26689075E-8, 0.0000000, 1.3439347, 2.7354233, 18.088453, 131.92999
-0.15183039E-4, -0.35787272E-3, 0.15424703E-4, 0.26688809E-8, 0.0000000, 1.3439196, 2.7353933, 18.088453, 131.92999
-0.19015727E-3, -0.39799666E-3, 0.15424765E-4, 0.26687306E-8, 0.48322065E-3, 1.3437297, 2.7350147, 18.088453, 131.92999
-0.17745653E-3, -0.36562895E-3, 0.15424828E-4, 0.26683231E-8, 0.47799823E-3, 1.3435521, 2.7346604, 18.088453, 131.92999
-0.48882997E-4, -0.34548307E-3, 0.15424885E-4, 0.26681144E-8, 0.11353100E-3, 1.3435035, 2.7345634, 18.088453, 131.92999
-0.23856660E-3, -0.41647177E-3, 0.15424945E-4, 0.26678764E-8, 0.60956762E-3, 1.3432653, 2.7340889, 18.088453, 131.92999
-0.66330231E-3, -0.46220043E-3, 0.15425016E-4, 0.26669680E-8, 0.18348282E-2, 1.3426021, 2.7327666, 18.088453, 131.92999
-0.89299044E-3, -0.52521157E-3, 0.15425096E-4, 0.26654232E-8, 0.24587528E-2, 1.3417090, 2.7309861, 18.088453, 131.92999
-0.96315279E-3, -0.64117624E-3, 0.15425192E-4, 0.26635514E-8, 0.25515747E-2, 1.3407457, 2.7290657, 18.088453, 131.92999
-0.84252330E-3, -0.70554478E-3, 0.15425308E-4, 0.26617424E-8, 0.21254192E-2, 1.3399032, 2.7273858, 18.088453, 131.92999
-0.60704217E-3, -0.73126651E-3, 0.15425438E-4, 0.26602800E-8, 0.13944954E-2, 1.3392961, 2.7261755, 18.088453, 131.92999
-0.36735623E-3, -0.64010534E-3, 0.15425558E-4, 0.26593172E-8, 0.76917821E-3, 1.3389285, 2.7254424, 18.088453, 131.92999
-0.24025037E-3, -0.57613524E-3, 0.15425658E-4, 0.26587281E-8, 0.45338692E-3, 1.3386883, 2.7249632, 18.088453, 131.92999
-0.66828739E-4, -0.46028913E-3, 0.15425743E-4, 0.26584273E-8, 0.51386338E-4, 1.3386214, 2.7248299, 18.088453, 131.92999
-0.47843438E-4, -0.43916199E-3, 0.15425816E-4, 0.26583002E-8, 0.15948255E-4, 1.3385735, 2.7247345, 18.088453, 131.92999
-0.61128136E-4, -0.38175774E-3, 0.15425880E-4, 0.26582225E-8, 0.11380138E-3, 1.3385122, 2.7246127, 18.088453, 131.92999
-0.12515615E-3, -0.45352007E-3, 0.15425943E-4, 0.26580520E-8, 0.23297250E-3, 1.3383871, 2.7243631, 18.088453, 131.92999
-0.26585325E-3, -0.45409676E-3, 0.15426016E-4, 0.26576783E-8, 0.65365608E-3, 1.3381211, 2.7238326, 18.088453, 131.92999
-0.70424925E-3, -0.56278356E-3, 0.15426094E-4, 0.26566851E-8, 0.18563420E-2, 1.3374168, 2.7224283, 18.088453, 131.92999
-0.44606294E-3, -0.52689540E-3, 0.15426180E-4, 0.26555358E-8, 0.11196878E-2, 1.3369709, 2.7215395, 18.088453, 131.92999
-0.16945573E-3, -0.49069972E-3, 0.15426265E-4, 0.26549070E-8, 0.32816821E-3, 1.3368014, 2.7212014, 18.088453, 131.92999
-0.11203518E-3, -0.53856149E-3, 0.15426349E-4, 0.26546183E-8, 0.10791596E-3, 1.3366891, 2.7209771, 18.088453, 131.92999
-0.89230503E-4, -0.57623006E-3, 0.15426434E-4, 0.26544149E-8, 0.16079466E-5, 1.3365996, 2.7207987, 18.088453, 131.92999
-0.92515438E-4, -0.58759109E-3, 0.15426525E-4, 0.26542353E-8, 0.0000000, 1.3365071, 2.7206144, 18.088453, 131.92999
-0.96483614E-4, -0.59938681E-3, 0.15426620E-4, 0.26540474E-8, 0.0000000, 1.3364104, 2.7204216, 18.088453, 131.92999
-0.68882990E-4, -0.51764061E-3, 0.15426715E-4, 0.26538749E-8, 0.0000000, 1.3363415, 2.7202842, 18.088453, 131.92999
-0.53209806E-3, -0.62923518E-3, 0.15426807E-4, 0.26532989E-8, 0.12741538E-2, 1.3358092, 2.7192230, 18.088453, 131.92999
-0.50068874E-3, -0.60662249E-3, 0.15426911E-4, 0.26522766E-8, 0.12030159E-2, 1.3353086, 2.7182243, 18.088453, 131.92999
-0.52585651E-3, -0.72348421E-3, 0.15427015E-4, 0.26512561E-8, 0.11603681E-2, 1.3347826, 2.7171757, 18.088453, 131.92999
-0.52818534E-3, -0.79031929E-3, 0.15427135E-4, 0.26502105E-8, 0.10998847E-2, 1.3342544, 2.7161224, 18.088453, 131.92999
-0.44702581E-3, -0.66190504E-3, 0.15427251E-4, 0.26492264E-8, 0.98665478E-3, 1.3338073, 2.7152309, 18.088453, 131.92999
-0.20291147E-3, -0.42999815E-3, 0.15427335E-4, 0.26485854E-8, 0.49003068E-3, 1.3336042, 2.7148259, 18.088453, 131.92999
-0.14450747E-3, -0.40069106E-3, 0.15427397E-4, 0.26482361E-8, 0.34479730E-3, 1.3334597, 2.7145379, 18.088453, 131.92999
-0.83015002E-4, -0.35448722E-3, 0.15427455E-4, 0.26480298E-8, 0.20737486E-3, 1.3333765, 2.7143719, 18.088453, 131.92999
-0.22459464E-3, -0.36913253E-3, 0.15427511E-4, 0.26477067E-8, 0.61653100E-3, 1.3331518, 2.7139237, 18.088453, 131.92999
-0.12740394E-3, -0.35611179E-3, 0.15427569E-4, 0.26473506E-8, 0.33870444E-3, 1.3330245, 2.7136698, 18.088453, 131.92999
-0.14743744E-3, -0.34245348E-3, 0.15427626E-4, 0.26470994E-8, 0.41250885E-3, 1.3328770, 2.7133758, 18.088453, 131.92999
-0.30984380E-3, -0.36591844E-3, 0.15427680E-4, 0.26466453E-8, 0.87512698E-3, 1.3325671, 2.7127578, 18.088453, 131.92999
-0.22228993E-3, -0.31815303E-3, 0.15427733E-4, 0.26460796E-8, 0.66122139E-3, 1.3323449, 2.7123146, 18.088453, 131.92999
-0.39570281E-3, -0.35303092E-3, 0.15427780E-4, 0.26455713E-8, 0.11452865E-2, 1.3319491, 2.7115254, 18.088453, 131.92999
-0.59917901E-3, -0.39267930E-3, 0.15427835E-4, 0.26444977E-8, 0.17145678E-2, 1.3313496, 2.7103298, 18.088453, 131.92999
-0.12303849E-2, -0.60823438E-3, 0.15427902E-4, 0.26428397E-8, 0.33871143E-2, 1.3301193, 2.7078760, 18.088453, 131.92999
-0.22165063E-2, -0.11469495E-2, 0.15428039E-4, 0.26394131E-8, 0.57964576E-2, 1.3279028, 2.7034552, 18.088453, 131.92999
-0.18946427E-2, -0.88125665E-3, 0.15428201E-4, 0.26352134E-8, 0.51010610E-2, 1.3260080, 2.6996758, 18.088453, 131.92999
-0.13613661E-2, -0.62188803E-3, 0.15428312E-4, 0.26320057E-8, 0.37660473E-2, 1.3246467, 2.6969607, 18.088453, 131.92999
-0.13748870E-2, -0.72916329E-3, 0.15428412E-4, 0.26292724E-8, 0.36984293E-2, 1.3232718, 2.6942182, 18.088453, 131.92999
-0.14306544E-2, -0.73636050E-3, 0.15428523E-4, 0.26264895E-8, 0.38583288E-2, 1.3218414, 2.6913648, 18.088453, 131.92999
-0.13042646E-2, -0.72058995E-3, 0.15428634E-4, 0.26237821E-8, 0.34958660E-2, 1.3205373, 2.6887636, 18.088453, 131.92999
-0.15566136E-2, -0.95039746E-3, 0.15428757E-4, 0.26209959E-8, 0.40199235E-2, 1.3189809, 2.6856585, 18.088453, 131.92999
-0.17744717E-2, -0.11756774E-2, 0.15428921E-4, 0.26177542E-8, 0.44453195E-2, 1.3172064, 2.6821179, 18.088453, 131.92999
-0.16029972E-2, -0.88041095E-3, 0.15429081E-4, 0.26143436E-8, 0.42298352E-2, 1.3156036, 2.6789200, 18.088453, 131.92999
-0.16452876E-2, -0.91858569E-3, 0.15429221E-4, 0.26110993E-8, 0.43181819E-2, 1.3139582, 2.6756370, 18.088453, 131.92999
-0.17098031E-2, -0.94125373E-3, 0.15429367E-4, 0.26077513E-8, 0.44887615E-2, 1.3122482, 2.6722250, 18.088453, 131.92999
-0.17998548E-2, -0.10064919E-2, 0.15429514E-4, 0.26042950E-8, 0.46929093E-2, 1.3104483, 2.6686332, 18.088453, 131.92999
-0.18289678E-2, -0.11319807E-2, 0.15429674E-4, 0.26006592E-8, 0.46537546E-2, 1.3086191, 2.6649828, 18.088453, 131.92999
-0.16866757E-2, -0.11119193E-2, 0.15429847E-4, 0.25971669E-8, 0.42479476E-2, 1.3069324, 2.6616168, 18.088453, 131.92999
-0.11021005E-2, -0.10701782E-2, 0.15430011E-4, 0.25944353E-8, 0.25389467E-2, 1.3058305, 2.6594174, 18.088453, 131.92999
-0.85072801E-3, -0.99751668E-3, 0.15430169E-4, 0.25923956E-8, 0.18592544E-2, 1.3049796, 2.6577191, 18.088453, 131.92999
-0.57509879E-3, -0.10343095E-2, 0.15430327E-4, 0.25909490E-8, 0.99644053E-3, 1.3044047, 2.6565716, 18.088453, 131.92999
-0.39011109E-3, -0.80308376E-3, 0.15430469E-4, 0.25900211E-8, 0.67550322E-3, 1.3040146, 2.6557927, 18.088453, 131.92999
-0.37902661E-3, -0.88139711E-3, 0.15430594E-4, 0.25892470E-8, 0.56333968E-3, 1.3036355, 2.6550362, 18.088453, 131.92999
-0.44485615E-3, -0.11727540E-2, 0.15430747E-4, 0.25884470E-8, 0.46673216E-3, 1.3031907, 2.6541486, 18.088453, 131.92999
-0.35163248E-3, -0.10080955E-2, 0.15430913E-4, 0.25876556E-8, 0.35354315E-3, 1.3028394, 2.6534472, 18.088453, 131.92999
-0.34514445E-3, -0.10910728E-2, 0.15431071E-4, 0.25869598E-8, 0.25045106E-3, 1.3024945, 2.6527586, 18.088453, 131.92999
-0.24754746E-3, -0.88714343E-3, 0.15431224E-4, 0.25863629E-8, 0.16375065E-3, 1.3022470, 2.6522648, 18.088453, 131.92999
-0.26457038E-3, -0.97836484E-3, 0.15431360E-4, 0.25858597E-8, 0.12278742E-3, 1.3019824, 2.6517370, 18.088453, 131.92999
-0.44035885E-3, -0.11059188E-2, 0.15431509E-4, 0.25852820E-8, 0.52086479E-3, 1.3015418, 2.6508570, 18.088453, 131.92999
-0.96110720E-3, -0.11128311E-2, 0.15431680E-4, 0.25840048E-8, 0.20741720E-2, 1.3005806, 2.6489384, 18.088453, 131.92999
-0.23891940E-2, -0.17870793E-2, 0.15431902E-4, 0.25805766E-8, 0.56732348E-2, 1.2981913, 2.6441686, 18.088453, 131.92999
0.20661192, -0.17317141E-2, 0.15432182E-4, 0.29730927E-8, 0.44698725E-2, 1.5048032, 3.0553303, 18.088453, 131.92999
-0.15137653E-2, -0.17038045E-2, 0.15432446E-4, 0.29868794E-8, 0.31131159E-2, 1.5032890, 3.0523267, 18.088453, 131.92999
-0.11994226E-2, -0.14969571E-2, 0.15432697E-4, 0.29842100E-8, 0.23841548E-2, 1.5020896, 3.0499473, 18.088453, 131.92999
-0.10809315E-2, -0.15496503E-2, 0.15432932E-4, 0.29819303E-8, 0.19774695E-2, 1.5010090, 3.0478036, 18.088453, 131.92999
-0.12457408E-2, -0.14572355E-2, 0.15433156E-4, 0.29798422E-8, 0.25626663E-2, 1.4997633, 3.0453317, 18.088453, 131.92999
-0.18366193E-2, -0.18666761E-2, 0.15433410E-4, 0.29767928E-8, 0.39126007E-2, 1.4979268, 3.0416884, 18.088453, 131.92999
-0.19812267E-2, -0.24204189E-2, 0.15433749E-4, 0.40459220E-7, 0.37851469E-2, 1.4959456, 3.0377567, 18.088453, 131.92999
-0.20102139E-2, -0.28157309E-2, 0.15434174E-4, 0.26423947E-7, 0.34726488E-2, 1.4939351, 3.0337675, 18.088453, 131.92999
-0.20430784E-2, -0.29357406E-2, 0.15434629E-4, 0.34914152E-8, 0.34496989E-2, 1.4918919, 3.0297127, 18.088453, 131.92999
-0.21142829E-2, -0.31180098E-2, 0.15435116E-4, 0.29608915E-8, 0.34782677E-2, 1.4897773, 3.0255163, 18.088453, 131.92999
-0.21679136E-2, -0.34081349E-2, 0.15435646E-4, 0.29565872E-8, 0.33454229E-2, 1.4876095, 3.0212138, 18.088457, 131.92999
-0.19362628E-2, -0.29544998E-2, 0.15436166E-4, 0.29525054E-8, 0.31122246E-2, 1.4856731, 3.0173702, 18.088457, 131.92999
-0.18088709E-2, -0.28807241E-2, 0.15436646E-4, 0.29487364E-8, 0.28065576E-2, 1.4838641, 3.0137794, 18.088457, 131.92999
-0.17015268E-2, -0.27839264E-2, 0.15437116E-4, 0.29452338E-8, 0.25839603E-2, 1.4821630, 3.0104027, 18.088457, 131.92999
-0.15519107E-2, -0.25674771E-2, 0.15437561E-4, 0.29419680E-8, 0.23560256E-2, 1.4806112, 3.0073221, 18.088457, 131.92999
-0.14308164E-2, -0.25894239E-2, 0.15437983E-4, 0.29389908E-8, 0.19724015E-2, 1.4791802, 3.0044813, 18.088463, 131.92999
-0.11768256E-2, -0.21416133E-2, 0.15438383E-4, 0.29363845E-8, 0.16665644E-2, 1.4780035, 3.0021451, 18.088463, 131.92999
-0.18181355E-2, -0.20928199E-2, 0.15438718E-4, 0.29338045E-8, 0.36305056E-2, 1.4761853, 2.9985349, 18.088463, 131.92999
-0.20733543E-2, -0.24928497E-2, 0.15439107E-4, 0.29296972E-8, 0.39885067E-2, 1.4741118, 2.9944181, 18.088463, 131.92999
-0.20540447E-2, -0.28611296E-2, 0.15439564E-4, 0.63435646E-5, 0.35526012E-2, 1.4720579, 2.9903398, 18.088463, 131.92999
-0.16340022E-2, -0.27800708E-2, 0.15440051E-4, 0.67684041E-5, 0.23800051E-2, 1.4704236, 2.9870944, 18.088463, 131.92999
-0.20141120E-2, -0.29858444E-2, 0.15440537E-4, 0.27444109E-5, 0.33111144E-2, 1.4684093, 2.9830942, 18.088463, 131.92999
-0.19413143E-2, -0.32608355E-2, 0.15441075E-4, 0.65262896E-6, 0.28180140E-2, 1.4664680, 2.9792387, 18.088463, 131.92999
-0.20899109E-2, -0.34032208E-2, 0.15441663E-4, 0.29273926E-8, 0.31184859E-2, 1.4643779, 2.9750874, 18.088463, 131.92999
-0.21565729E-2, -0.33639856E-2, 0.15442256E-4, 0.29199392E-8, 0.33571965E-2, 1.4622211, 2.9708040, 18.088463, 131.92999
-0.21679334E-2, -0.32841186E-2, 0.15442838E-4, 0.29126932E-8, 0.34718567E-2, 1.4600530, 2.9664969, 18.088463, 131.92999
-0.22617623E-2, -0.38004131E-2, 0.15443473E-4, 0.16894893E-6, 0.32300265E-2, 1.4577913, 2.9620039, 18.088469, 131.92999
-0.22965872E-2, -0.38080690E-2, 0.15444160E-4, 0.26946776E-6, 0.33260782E-2, 1.4554946, 2.9574411, 18.088469, 131.92999
-0.23045230E-2, -0.39004756E-2, 0.15444864E-4, 0.33821710E-7, 0.32564602E-2, 1.4531901, 2.9528625, 18.088474, 131.92999
-0.21662971E-2, -0.34415815E-2, 0.15445552E-4, 0.29001386E-8, 0.33074869E-2, 1.4510238, 2.9485581, 18.088474, 131.92999
-0.17684987E-2, -0.26535150E-2, 0.15446118E-4, 0.23542923E-5, 0.29137805E-2, 1.4492552, 2.9450440, 18.088474, 131.92999
-0.17628667E-2, -0.23644795E-2, 0.15446589E-4, 0.28933589E-8, 0.31916553E-2, 1.4474926, 2.9415414, 18.088474, 131.92999
-0.18197595E-2, -0.24826741E-2, 0.15447036E-4, 0.38769696E-6, 0.32417790E-2, 1.4456729, 2.9379253, 18.088474, 131.92999
-0.17695688E-2, -0.26409193E-2, 0.15447526E-4, 0.73707947E-5, 0.29248684E-2, 1.4439032, 2.9344082, 18.088474, 131.92999
-0.19650399E-2, -0.29770322E-2, 0.15448049E-4, 0.10847380E-5, 0.31751716E-2, 1.4419382, 2.9305024, 18.088474, 131.92999
-0.21908521E-2, -0.33873308E-2, 0.15448662E-4, 0.10734304E-5, 0.34347442E-2, 1.4397472, 2.9261477, 18.088478, 131.92999
-0.22404636E-2, -0.36394964E-2, 0.15449339E-4, 0.13546702E-7, 0.33288014E-2, 1.4375068, 2.9216945, 18.088486, 131.92999
-0.22488935E-2, -0.33397358E-2, 0.15450023E-4, 0.15443437E-5, 0.36555973E-2, 1.4352577, 2.9172235, 18.088488, 131.92999
-0.21330758E-2, -0.31231232E-2, 0.15450671E-4, 0.11203200E-7, 0.35301738E-2, 1.4331247, 2.9129827, 18.088488, 131.92999
-0.20054793E-2, -0.27681442E-2, 0.15451258E-4, 0.28594189E-8, 0.35081098E-2, 1.4311193, 2.9089959, 18.088488, 131.92999
-0.20072903E-2, -0.28586457E-2, 0.15451826E-4, 0.28523315E-8, 0.34219220E-2, 1.4291120, 2.9050047, 18.088488, 131.92999
-0.18177244E-2, -0.24370851E-2, 0.15452370E-4, 0.28458123E-8, 0.32821163E-2, 1.4272943, 2.9013908, 18.088488, 131.92999
-0.17804413E-2, -0.23341016E-2, 0.15452852E-4, 0.28400022E-8, 0.32749865E-2, 1.4255141, 2.8978508, 18.088488, 131.92999
-0.16537316E-2, -0.23049521E-2, 0.15453325E-4, 0.28347460E-8, 0.29258579E-2, 1.4238602, 2.8945620, 18.088488, 131.92999
-0.14101322E-2, -0.19812852E-2, 0.15453765E-4, 0.28302896E-8, 0.25255210E-2, 1.4224503, 2.8917582, 18.088488, 131.92999
-0.11613007E-2, -0.17418833E-2, 0.15454154E-4, 0.28266036E-8, 0.20242394E-2, 1.4212888, 2.8894482, 18.088488, 131.92999
-0.93603425E-3, -0.12993834E-2, 0.15454467E-4, 0.28237710E-8, 0.17990036E-2, 1.4203528, 2.8875866, 18.088488, 131.92999
-0.92546933E-3, -0.11990329E-2, 0.15454725E-4, 0.28213163E-8, 0.18690939E-2, 1.4194273, 2.8857458, 18.088488, 131.92999
-0.13078756E-2, -0.11961842E-2, 0.15454960E-4, 0.28189600E-8, 0.30150719E-2, 1.4181192, 2.8831437, 18.088488, 131.92999
-0.19294118E-2, -0.15777182E-2, 0.15455247E-4, 0.28152893E-8, 0.44867895E-2, 1.4161898, 2.8793061, 18.088488, 131.92999
-0.20809127E-2, -0.19676082E-2, 0.15455615E-4, 0.28111160E-8, 0.45451657E-2, 1.4141093, 2.8751678, 18.088488, 131.92999
-0.21064540E-2, -0.25982542E-2, 0.15456091E-4, 0.28067433E-8, 0.39832108E-2, 1.4120028, 2.8709772, 18.088488, 131.92999
-0.20750083E-2, -0.25189847E-2, 0.15456619E-4, 0.30311148E-5, 0.39665028E-2, 1.4099280, 2.8668494, 18.088488, 131.92999
-0.18323300E-2, -0.26712178E-2, 0.15457186E-4, 0.57410098E-5, 0.30841669E-2, 1.4080956, 2.8632040, 18.088488, 131.92999
-0.20134505E-2, -0.30888563E-2, 0.15457796E-4, 0.27225943E-6, 0.32081062E-2, 1.4060819, 2.8591974, 18.088490, 131.92999
-0.20722928E-2, -0.31095105E-2, 0.15458472E-4, 0.15221441E-6, 0.33630556E-2, 1.4040095, 2.8550737, 18.088490, 131.92999
-0.20919275E-2, -0.32936349E-2, 0.15459176E-4, 0.28018499E-8, 0.32351860E-2, 1.4019173, 2.8509104, 18.088493, 131.92999
-0.20756198E-2, -0.32896698E-2, 0.15459906E-4, 0.12284387E-5, 0.31889253E-2, 1.3998418, 2.8467798, 18.088497, 131.92999
-0.20386742E-2, -0.28916481E-2, 0.15460604E-4, 0.37132057E-7, 0.34826954E-2, 1.3978032, 2.8427227, 18.088497, 131.92999
-0.19511809E-2, -0.26808397E-2, 0.15461237E-4, 0.27891793E-8, 0.34346008E-2, 1.3958520, 2.8388393, 18.088497, 131.92999
-0.21164217E-2, -0.29668040E-2, 0.15461876E-4, 0.12550730E-5, 0.36375134E-2, 1.3937356, 2.8346267, 18.088501, 131.92999
-0.20332248E-2, -0.26356261E-2, 0.15462541E-4, 0.42033739E-5, 0.37213103E-2, 1.3917023, 2.8305795, 18.088501, 131.92999
-0.20695101E-2, -0.34098283E-2, 0.15463238E-4, 0.27796816E-8, 0.30488742E-2, 1.3896328, 2.8264596, 18.088514, 131.92999
-0.19079201E-2, -0.27691019E-2, 0.15463977E-4, 0.10814665E-4, 0.32041171E-2, 1.3877249, 2.8226614, 18.088514, 131.92999
-0.17243492E-2, -0.23914080E-2, 0.15464610E-4, 0.18503108E-5, 0.30469175E-2, 1.3860008, 2.8192289, 18.088514, 131.92999
-0.18071885E-2, -0.22716266E-2, 0.15465175E-4, 0.15221600E-5, 0.34164274E-2, 1.3841935, 2.8156307, 18.088514, 131.92999
-0.19426044E-2, -0.23364481E-2, 0.15465734E-4, 0.71347444E-7, 0.37571162E-2, 1.3822510, 2.8117630, 18.088514, 131.92999
-0.18733215E-2, -0.22726741E-2, 0.15466307E-4, 0.11037196E-6, 0.36144874E-2, 1.3803777, 2.8080325, 18.088514, 131.92999
-0.18066873E-2, -0.24769171E-2, 0.15466896E-4, 0.23247251E-5, 0.32056130E-2, 1.3785709, 2.8044348, 18.088514, 131.92999
-0.17365555E-2, -0.25390708E-2, 0.15467525E-4, 0.26974963E-5, 0.29321709E-2, 1.3768343, 2.8009763, 18.088514, 131.92999
-0.20120249E-2, -0.31107818E-2, 0.15468242E-4, 0.25543940E-6, 0.31780407E-2, 1.3748224, 2.7969694, 18.088520, 131.92999
-0.20275023E-2, -0.31147785E-2, 0.15469046E-4, 0.42667992E-6, 0.32195409E-2, 1.3727950, 2.7929313, 18.088528, 131.92999
-0.19649442E-2, -0.30254256E-2, 0.15469865E-4, 0.27405405E-8, 0.31229376E-2, 1.3708299, 2.7890177, 18.088533, 131.92999
-0.18055268E-2, -0.29027415E-2, 0.15470658E-4, 0.27336757E-8, 0.27699990E-2, 1.3690244, 2.7854209, 18.088541, 131.92999
-0.19036934E-2, -0.25385688E-2, 0.15471391E-4, 0.42128994E-8, 0.34332438E-2, 1.3671206, 2.7816286, 18.088541, 131.92999
-0.15934845E-2, -0.23297640E-2, 0.15472080E-4, 0.46002879E-5, 0.27123252E-2, 1.3655274, 2.7784545, 18.088541, 131.92999
-0.11544205E-2, -0.23747717E-2, 0.15472742E-4, 0.45809516E-5, 0.13524445E-2, 1.3643731, 2.7761550, 18.088545, 131.92999
-0.11818899E-2, -0.29886025E-2, 0.15473484E-4, 0.13139233E-7, 0.81443071E-3, 1.3631910, 2.7737997, 18.088554, 131.92999
-0.11863847E-2, -0.27552445E-2, 0.15474314E-4, 0.60778694E-6, 0.10636814E-2, 1.3620043, 2.7714353, 18.088560, 131.92999
-0.11307276E-2, -0.26742241E-2, 0.15475120E-4, 0.27195290E-8, 0.97930175E-3, 1.3608736, 2.7691827, 18.088568, 131.92999
-0.10668251E-2, -0.23961370E-2, 0.15475884E-4, 0.27142653E-8, 0.10667100E-2, 1.3598064, 2.7670560, 18.088577, 131.92999
-0.11124744E-2, -0.25193633E-2, 0.15476629E-4, 0.27094063E-8, 0.10807418E-2, 1.3586940, 2.7648394, 18.088589, 131.92999
-0.90835657E-3, -0.19132241E-2, 0.15477319E-4, 0.27051108E-8, 0.10865745E-2, 1.3577855, 2.7630291, 18.088591, 131.92999
-0.10442081E-2, -0.21369243E-2, 0.15477950E-4, 0.27012770E-8, 0.12648014E-2, 1.3567413, 2.7609484, 18.088596, 131.92999
-0.10547002E-2, -0.21808739E-2, 0.15478630E-4, 0.26976998E-8, 0.12508208E-2, 1.3556865, 2.7588463, 18.088600, 131.92999
-0.10477550E-2, -0.22292691E-2, 0.15479362E-4, 0.14700871E-6, 0.11798472E-2, 1.3546386, 2.7567582, 18.088600, 131.92999
-0.10855977E-2, -0.22953488E-2, 0.15480111E-4, 0.31098280E-8, 0.12250546E-2, 1.3535529, 2.7545946, 18.088602, 131.92999
-0.11994555E-2, -0.25207910E-2, 0.15480917E-4, 0.26992171E-8, 0.13348141E-2, 1.3523535, 2.7522039, 18.088614, 131.92999
-0.10530845E-2, -0.22581294E-2, 0.15481741E-4, 0.26943534E-8, 0.11636482E-2, 1.3513006, 2.7501054, 18.088625, 131.92999
-0.85158582E-3, -0.17181570E-2, 0.15482448E-4, 0.26901759E-8, 0.11111202E-2, 1.3504492, 2.7484088, 18.088625, 131.92999
-0.10241142E-2, -0.19493352E-2, 0.15483094E-4, 0.26864948E-8, 0.13907981E-2, 1.3494251, 2.7463675, 18.088625, 131.92999
-0.93834056E-3, -0.19176861E-2, 0.15483811E-4, 0.26830687E-8, 0.11656194E-2, 1.3484867, 2.7444968, 18.088629, 131.92999
-0.84228691E-3, -0.15409330E-2, 0.15484449E-4, 0.26801983E-8, 0.12626257E-2, 1.3476446, 2.7428186, 18.088629, 131.92999
-0.79464668E-3, -0.13975645E-2, 0.15485004E-4, 0.26777576E-8, 0.12662673E-2, 1.3468500, 2.7412348, 18.088629, 131.92999
-0.97278942E-3, -0.16413397E-2, 0.15485537E-4, 0.26754752E-8, 0.15498060E-2, 1.3458775, 2.7392960, 18.088631, 131.92999
-0.10922045E-2, -0.20758573E-2, 0.15486279E-4, 0.26728979E-8, 0.14617689E-2, 1.3447853, 2.7371187, 18.088640, 131.92999
-0.92762633E-3, -0.17469693E-2, 0.15487041E-4, 0.26705691E-8, 0.13047481E-2, 1.3438575, 2.7352693, 18.088640, 131.92999
-0.86917862E-3, -0.16812324E-2, 0.15487734E-4, 0.26685416E-8, 0.11962872E-2, 1.3429880, 2.7335360, 18.088648, 131.92999
-0.76647039E-3, -0.13374225E-2, 0.15488351E-4, 0.26667459E-8, 0.12405396E-2, 1.3422219, 2.7320085, 18.088650, 131.92999
-0.76049782E-3, -0.12254214E-2, 0.15488889E-4, 0.26651243E-8, 0.13371152E-2, 1.3414613, 2.7304924, 18.088654, 131.92999
-0.74701424E-3, -0.11820702E-2, 0.15489393E-4, 0.26635409E-8, 0.13409157E-2, 1.3407142, 2.7290027, 18.088657, 131.92999
-0.78954035E-3, -0.94725878E-3, 0.15489843E-4, 0.26619804E-8, 0.17088961E-2, 1.3399249, 2.7274292, 18.088657, 131.92999
-0.92387520E-3, -0.11675736E-2, 0.15490283E-4, 0.26602112E-8, 0.18849149E-2, 1.3390011, 2.7255871, 18.088659, 131.92999
-0.10053057E-2, -0.14169698E-2, 0.15490843E-4, 0.26582330E-8, 0.18723770E-2, 1.3379959, 2.7235827, 18.088665, 131.92999
-0.79699937E-3, -0.12271362E-2, 0.15491432E-4, 0.26564255E-8, 0.14430784E-2, 1.3371991, 2.7219942, 18.088667, 131.92999
-0.74081682E-3, -0.10906998E-2, 0.15491945E-4, 0.26549136E-8, 0.14146476E-2, 1.3364578, 2.7205164, 18.088667, 131.92999
-0.77077374E-3, -0.10959038E-2, 0.15492436E-4, 0.26534095E-8, 0.14987224E-2, 1.3356872, 2.7189796, 18.088667, 131.92999
-0.74490358E-3, -0.10935434E-2, 0.15492933E-4, 0.26518991E-8, 0.14234050E-2, 1.3349422, 2.7174940, 18.088667, 131.92999
-0.76400535E-3, -0.88386959E-3, 0.15493384E-4, 0.26504414E-8, 0.16958984E-2, 1.3341781, 2.7159703, 18.088667, 131.92999
-0.79456595E-3, -0.10521098E-2, 0.15493826E-4, 0.26488456E-8, 0.16142981E-2, 1.3333834, 2.7143857, 18.088667, 131.92999
-0.74601831E-3, -0.92303799E-3, 0.15494292E-4, 0.26472793E-8, 0.16014375E-2, 1.3326374, 2.7128983, 18.088667, 131.92999
-0.10215028E-2, -0.14156331E-2, 0.15494790E-4, 0.16192163E-5, 0.19176828E-2, 1.3316163, 2.7108614, 18.088669, 131.92999
-0.84966235E-3, -0.14514825E-2, 0.15495520E-4, 0.33991844E-6, 0.13664915E-2, 1.3307664, 2.7091668, 18.088669, 131.92999
-0.10078753E-2, -0.16972693E-2, 0.15496285E-4, 0.31601248E-8, 0.15860131E-2, 1.3297585, 2.7071564, 18.088678, 131.92999
-0.85847045E-3, -0.13786361E-2, 0.15497078E-4, 0.26523057E-8, 0.14655507E-2, 1.3289000, 2.7054441, 18.088680, 131.92999
-0.84220606E-3, -0.14432380E-2, 0.15497813E-4, 0.26479732E-8, 0.13488379E-2, 1.3280578, 2.7037644, 18.088690, 131.92999
-0.73012634E-3, -0.11853121E-2, 0.15498530E-4, 0.26441289E-8, 0.12783650E-2, 1.3273278, 2.7023087, 18.088696, 131.92999
-0.54413808E-3, -0.83711051E-3, 0.15499083E-4, 0.35257794E-5, 0.10772396E-2, 1.3267839, 2.7012239, 18.088696, 131.92999
-0.80091233E-3, -0.11260207E-2, 0.15499645E-4, 0.13969369E-5, 0.15488801E-2, 1.3259832, 2.6996267, 18.088696, 131.92999
-0.74459804E-3, -0.10811931E-2, 0.15500282E-4, 0.16375008E-5, 0.14254632E-2, 1.3252385, 2.6981411, 18.088696, 131.92999
-0.82612858E-3, -0.11624442E-2, 0.15500937E-4, 0.48643165E-6, 0.15855057E-2, 1.3244125, 2.6964936, 18.088697, 131.92999
-0.80410932E-3, -0.11073224E-2, 0.15501621E-4, 0.40227158E-6, 0.15755395E-2, 1.3236083, 2.6948895, 18.088697, 131.92999
-0.84019691E-3, -0.11634049E-2, 0.15502332E-4, 0.89846829E-7, 0.16242426E-2, 1.3227680, 2.6932132, 18.088701, 131.92999
-0.84347208E-3, -0.11640815E-2, 0.15503088E-4, 0.26406668E-8, 0.16316321E-2, 1.3219244, 2.6915305, 18.088711, 131.92999
-0.83488919E-3, -0.11351797E-2, 0.15503858E-4, 0.26361164E-8, 0.16340172E-2, 1.3210896, 2.6898651, 18.088720, 131.92999
-0.70620282E-3, -0.92420145E-3, 0.15504582E-4, 0.26320257E-8, 0.14669559E-2, 1.3203837, 2.6884568, 18.088726, 131.92999
-0.70158264E-3, -0.85081282E-3, 0.15505222E-4, 0.26284821E-8, 0.15285272E-2, 1.3196821, 2.6870573, 18.088732, 131.92999
-0.62104227E-3, -0.68548950E-3, 0.15505808E-4, 0.26254381E-8, 0.14593364E-2, 1.3190609, 2.6858180, 18.088734, 131.92999
-0.74613438E-3, -0.70015283E-3, 0.15506293E-4, 0.17803890E-5, 0.18162786E-2, 1.3183150, 2.6843297, 18.088734, 131.92999
-0.87215414E-3, -0.10373904E-2, 0.15507001E-4, 0.26327651E-8, 0.18400990E-2, 1.3174430, 2.6825900, 18.088745, 131.92999
-0.76829211E-3, -0.89163589E-3, 0.15507807E-4, 0.26281397E-8, 0.16795027E-2, 1.3166746, 2.6810570, 18.088755, 131.92999
-0.65009686E-3, -0.66690397E-3, 0.15508493E-4, 0.26240703E-8, 0.15604936E-2, 1.3160245, 2.6797600, 18.088757, 131.92999
-0.58325706E-3, -0.56115398E-3, 0.15509038E-4, 0.26205542E-8, 0.14709982E-2, 1.3154414, 2.6785963, 18.088757, 131.92999
-0.56489516E-3, -0.54195785E-3, 0.15509531E-4, 0.26175988E-8, 0.14356340E-2, 1.3148767, 2.6774695, 18.088757, 131.92999
-0.71617862E-3, -0.63126668E-3, 0.15510061E-4, 0.24213911E-7, 0.17932631E-2, 1.3141605, 2.6760404, 18.088757, 131.92999
-0.73074107E-3, -0.69493504E-3, 0.15510725E-4, 0.34621286E-6, 0.17672064E-2, 1.3134295, 2.6745820, 18.088757, 131.92999
-0.64656063E-3, -0.56555303E-3, 0.15511372E-4, 0.23267867E-5, 0.16488630E-2, 1.3127830, 2.6732922, 18.088757, 131.92999
-0.67708170E-3, -0.57657791E-3, 0.15511972E-4, 0.39322282E-6, 0.17289126E-2, 1.3121058, 2.6719408, 18.088757, 131.92999
-0.63525850E-3, -0.53919974E-3, 0.15512589E-4, 0.63132102E-5, 0.16359334E-2, 1.3114703, 2.6706727, 18.088757, 131.92999
-0.62663615E-3, -0.54481102E-3, 0.15513215E-4, 0.33056353E-5, 0.16051368E-2, 1.3108436, 2.6694219, 18.088758, 131.92999
-0.62789186E-3, -0.50441449E-3, 0.15513855E-4, 0.16953431E-5, 0.16518200E-2, 1.3102160, 2.6681695, 18.088760, 131.92999
-0.59115153E-3, -0.47888770E-3, 0.15514483E-4, 0.20758032E-5, 0.15667655E-2, 1.3096249, 2.6669900, 18.088760, 131.92999
-0.56627841E-3, -0.40085235E-3, 0.15515081E-4, 0.80827908E-6, 0.15762852E-2, 1.3090587, 2.6658599, 18.088760, 131.92999
-0.64731902E-3, -0.44393208E-3, 0.15515683E-4, 0.26157243E-8, 0.17707528E-2, 1.3084112, 2.6645679, 18.088762, 131.92999
-0.61043276E-3, -0.42373897E-3, 0.15516338E-4, 0.26114579E-8, 0.16793663E-2, 1.3078008, 2.6633496, 18.088764, 131.92999
-0.65609865E-3, -0.40559721E-3, 0.15517022E-4, 0.26074269E-8, 0.18326073E-2, 1.3071445, 2.6620398, 18.088774, 131.92999
-0.55568700E-3, -0.30433631E-3, 0.15517655E-4, 0.26038025E-8, 0.16413959E-2, 1.3065884, 2.6609302, 18.088776, 131.92999
-0.54506870E-3, -0.26352436E-3, 0.15518188E-4, 0.26007170E-8, 0.16534694E-2, 1.3060435, 2.6598423, 18.088776, 131.92999
-0.58122206E-3, -0.26895371E-3, 0.15518723E-4, 0.25979459E-8, 0.17536477E-2, 1.3054621, 2.6586819, 18.088779, 131.92999
-0.55702840E-3, -0.25403136E-3, 0.15519283E-4, 0.25955860E-8, 0.16956162E-2, 1.3049053, 2.6575706, 18.088785, 131.92999
-0.51919575E-3, -0.22174281E-3, 0.15519810E-4, 0.11904160E-5, 0.16158390E-2, 1.3043863, 2.6565344, 18.088785, 131.92999
-0.64802018E-3, -0.28253585E-3, 0.15520458E-4, 0.20644943E-6, 0.19276253E-2, 1.3037382, 2.6552413, 18.088793, 131.92999
-0.48990990E-3, -0.18893188E-3, 0.15521138E-4, 0.98494877E-6, 0.15577485E-2, 1.3032484, 2.6542637, 18.088793, 131.92999
-0.61681360E-3, -0.20237616E-3, 0.15521768E-4, 0.58079972E-8, 0.19167305E-2, 1.3026317, 2.6530325, 18.088800, 131.92999
-0.67180354E-3, -0.17564691E-3, 0.15522506E-4, 0.48098940E-6, 0.21031548E-2, 1.3019600, 2.6516919, 18.088812, 131.92999
-0.65095036E-3, -0.12145413E-3, 0.15523285E-4, 0.12318913E-7, 0.20966104E-2, 1.3013092, 2.6503930, 18.088821, 131.92999
-0.59393939E-3, -0.68740163E-4, 0.15524027E-4, 0.25977038E-8, 0.19833925E-2, 1.3007149, 2.6492064, 18.088821, 131.92999
-0.47300936E-3, -0.32694195E-4, 0.15524634E-4, 0.25938043E-8, 0.16664965E-2, 1.3002416, 2.6482618, 18.088821, 131.92999
-0.48962189E-3, -0.17456128E-4, 0.15525151E-4, 0.30452686E-5, 0.17298195E-2, 1.2997519, 2.6472843, 18.088821, 131.92999
-0.55263797E-3, 0.57247235E-6, 0.15525726E-4, 0.38636490E-5, 0.19283484E-2, 1.2991989, 2.6461799, 18.088821, 131.92999
-0.53387159E-3, 0.26677677E-4, 0.15526357E-4, 0.26587420E-5, 0.19006865E-2, 1.2986653, 2.6451151, 18.088821, 131.92999
-0.51353319E-3, 0.46105823E-4, 0.15526946E-4, 0.72270848E-6, 0.18638804E-2, 1.2981519, 2.6440902, 18.088821, 131.92999
-0.55870099E-3, 0.79044315E-4, 0.15527547E-4, 0.25939280E-8, 0.20270336E-2, 1.2975934, 2.6429751, 18.088827, 131.92999
-0.52695430E-3, 0.10587403E-3, 0.15528196E-4, 0.25898492E-8, 0.19601397E-2, 1.2970665, 2.6419234, 18.088829, 131.92999
-0.50221750E-3, 0.11922687E-3, 0.15528803E-4, 0.25860984E-8, 0.19030678E-2, 1.2965646, 2.6409214, 18.088831, 131.92999
-0.50158729E-3, 0.14073215E-3, 0.15529380E-4, 0.25826901E-8, 0.19224293E-2, 1.2960627, 2.6399193, 18.088831, 131.92999
-0.44446412E-3, 0.13149274E-3, 0.15529922E-4, 0.25797484E-8, 0.17483829E-2, 1.2956185, 2.6390326, 18.088831, 131.92999
-0.50239108E-3, 0.15428875E-3, 0.15530419E-4, 0.25772113E-8, 0.19421472E-2, 1.2951159, 2.6380293, 18.088831, 131.92999
-0.46313100E-3, 0.14586130E-3, 0.15530899E-4, 0.25750511E-8, 0.18201314E-2, 1.2946531, 2.6371050, 18.088831, 131.92999
-0.50901697E-3, 0.19000645E-3, 0.15531406E-4, 0.25731279E-8, 0.19954375E-2, 1.2941443, 2.6360891, 18.088831, 131.92999
-0.58682525E-3, 0.26159006E-3, 0.15532029E-4, 0.14589115E-5, 0.22903702E-2, 1.2935575, 2.6349177, 18.088839, 131.92999
-0.55106432E-3, 0.31387416E-3, 0.15532725E-4, 0.25828828E-8, 0.22346042E-2, 1.2930065, 2.6338174, 18.088848, 131.92999
-0.54716947E-3, 0.34878438E-3, 0.15533435E-4, 0.98900387E-6, 0.22575497E-2, 1.2924592, 2.6327250, 18.088852, 131.92999
-0.19924488E-3, 0.29657147E-3, 0.15534071E-4, 0.46238133E-5, 0.11693441E-2, 1.2922599, 2.6323271, 18.088852, 131.92999
-0.51595137E-3, 0.30668447E-3, 0.15534619E-4, 0.18305078E-7, 0.21338768E-2, 1.2917438, 2.6312964, 18.088852, 131.92999
-0.41078244E-3, 0.24394545E-3, 0.15535090E-4, 0.72453713E-6, 0.17635270E-2, 1.2913332, 2.6304762, 18.088852, 131.92999
-0.40847878E-3, 0.26180438E-3, 0.15535506E-4, 0.16340188E-5, 0.17720397E-2, 1.2909248, 2.6296608, 18.088852, 131.92999
-0.49689162E-3, 0.34683204E-3, 0.15535998E-4, 0.44894651E-6, 0.21150622E-2, 1.2904276, 2.6286681, 18.088854, 131.92999
-0.47464552E-3, 0.39114768E-3, 0.15536574E-4, 0.13202282E-7, 0.20906192E-2, 1.2899529, 2.6277201, 18.088856, 131.92999
-0.44728740E-3, 0.39311545E-3, 0.15537156E-4, 0.25749169E-8, 0.20124919E-2, 1.2895056, 2.6268270, 18.088856, 131.92999
-0.43288703E-3, 0.40073262E-3, 0.15537713E-4, 0.25712885E-8, 0.19779280E-2, 1.2890728, 2.6259627, 18.088856, 131.92999
-0.40924482E-3, 0.36130656E-3, 0.15538231E-4, 0.25680351E-8, 0.18724366E-2, 1.2886633, 2.6251450, 18.088856, 131.92999
-0.41466975E-3, 0.35758514E-3, 0.15538699E-4, 0.25652254E-8, 0.18860508E-2, 1.2882483, 2.6243165, 18.088856, 131.92999
-0.37679929E-3, 0.31007588E-3, 0.15539132E-4, 0.25628395E-8, 0.17296138E-2, 1.2878715, 2.6235640, 18.088856, 131.92999
-0.36115415E-3, 0.22661127E-3, 0.15539468E-4, 0.25608622E-8, 0.16063614E-2, 1.2875103, 2.6228423, 18.088856, 131.92999
-0.43472592E-3, 0.19275151E-3, 0.15539736E-4, 0.25591109E-8, 0.17956218E-2, 1.2870754, 2.6219740, 18.088856, 131.92999
-0.39595453E-3, 0.18323482E-3, 0.15539983E-4, 0.25575333E-8, 0.16703838E-2, 1.2866791, 2.6211827, 18.088856, 131.92999
-0.35061708E-3, 0.17806602E-3, 0.15540221E-4, 0.25562523E-8, 0.15294104E-2, 1.2863286, 2.6204827, 18.088856, 131.92999
-0.29151287E-3, 0.18103558E-3, 0.15540467E-4, 0.25552165E-8, 0.13545764E-2, 1.2860370, 2.6199007, 18.088856, 131.92999
-0.21675559E-3, 0.16930026E-3, 0.15540711E-4, 0.25544260E-8, 0.11195001E-2, 1.2858204, 2.6194680, 18.088856, 131.92999
-0.16550740E-3, 0.11955433E-3, 0.15540918E-4, 0.25538573E-8, 0.92055171E-3, 1.2856549, 2.6191375, 18.088856, 131.92999
-0.11285982E-3, 0.11112203E-3, 0.15541091E-4, 0.25534277E-8, 0.75464894E-3, 1.2855420, 2.6189117, 18.088856, 131.92999
-0.50534123E-4, 0.10299406E-3, 0.15541258E-4, 0.25531504E-8, 0.56000508E-3, 1.2854916, 2.6188114, 18.088856, 131.92999
0.24022269E-4, 0.93662500E-4, 0.15541418E-4, 0.25530480E-8, 0.32762400E-3, 1.2855154, 2.6188591, 18.088856, 131.92999
0.60676251E-4, 0.83980529E-4, 0.15541575E-4, 0.25530886E-8, 0.20854184E-3, 1.2855761, 2.6189802, 18.088856, 131.92999
0.10449051E-3, 0.80998187E-4, 0.15541727E-4, 0.25532036E-8, 0.73837917E-4, 1.2856804, 2.6191883, 18.088856, 131.92999
0.12733460E-3, 0.75767181E-4, 0.15541889E-4, 0.25534077E-8, 0.0000000, 1.2858077, 2.6194427, 18.088856, 131.92999
0.12423619E-3, 0.65991844E-4, 0.15542046E-4, 0.25536446E-8, 0.0000000, 1.2859318, 2.6196904, 18.088856, 131.92999
0.12167521E-3, 0.58085803E-4, 0.15542197E-4, 0.25538840E-8, 0.0000000, 1.2860537, 2.6199336, 18.088856, 131.92999
0.11899818E-3, 0.49728333E-4, 0.15542342E-4, 0.25541169E-8, 0.0000000, 1.2861727, 2.6201715, 18.088856, 131.92999
0.11611281E-3, 0.40460596E-4, 0.15542493E-4, 0.25543485E-8, 0.0000000, 1.2862887, 2.6204033, 18.088856, 131.92999
0.11491661E-3, 0.37930804E-4, 0.15542639E-4, 0.25545772E-8, 0.0000000, 1.2864038, 2.6206329, 18.088856, 131.92999
0.11179472E-3, 0.27354617E-4, 0.15542786E-4, 0.25548010E-8, 0.0000000, 1.2865154, 2.6208558, 18.088856, 131.92999
0.11003369E-3, 0.22799388E-4, 0.15542926E-4, 0.25550178E-8, 0.0000000, 1.2866249, 2.6210747, 18.088856, 131.92999
0.10770668E-3, 0.15627636E-4, 0.15543070E-4, 0.25552283E-8, 0.0000000, 1.2867328, 2.6212900, 18.088856, 131.92999
0.10541492E-3, 0.72077382E-5, 0.15543203E-4, 0.25554341E-8, 0.0000000, 1.2868387, 2.6215012, 18.088856, 131.92999
0.10361298E-3, 0.60100137E-6, 0.15543314E-4, 0.25556377E-8, 0.0000000, 1.2869425, 2.6217086, 18.088856, 131.92999
0.10155953E-3, -0.52983451E-5, 0.15543417E-4, 0.25558358E-8, 0.0000000, 1.2870442, 2.6219120, 18.088856, 131.92999
0.99728153E-4, -0.10908087E-4, 0.15543521E-4, 0.25560312E-8, 0.0000000, 1.2871436, 2.6221104, 18.088856, 131.92999
0.97397489E-4, -0.17507875E-4, 0.15543628E-4, 0.25562246E-8, 0.0000000, 1.2872412, 2.6223054, 18.088856, 131.92999
0.95516705E-4, -0.23229746E-4, 0.15543737E-4, 0.25564122E-8, 0.0000000, 1.2873366, 2.6224957, 18.088856, 131.92999
0.93873758E-4, -0.28360577E-4, 0.15543845E-4, 0.25565978E-8, 0.0000000, 1.2874306, 2.6226835, 18.088856, 131.92999
0.91253823E-4, -0.35844365E-4, 0.15543954E-4, 0.25567775E-8, 0.0000000, 1.2875217, 2.6228654, 18.088856, 131.92999
0.89372261E-4, -0.41543841E-4, 0.15544067E-4, 0.25569533E-8, 0.0000000, 1.2876110, 2.6230435, 18.088856, 131.92999
0.87180328E-4, -0.48018868E-4, 0.15544179E-4, 0.25571263E-8, 0.0000000, 1.2876977, 2.6232169, 18.088856, 131.92999
0.87337277E-4, -0.48344948E-4, 0.15544287E-4, 0.25572968E-8, 0.0000000, 1.2877851, 2.6233912, 18.088856, 131.92999
0.85160136E-4, -0.54761345E-4, 0.15544389E-4, 0.25574685E-8, 0.0000000, 1.2878702, 2.6235611, 18.088856, 131.92999
0.82458966E-4, -0.62587918E-4, 0.15544494E-4, 0.25576348E-8, 0.0000000, 1.2879523, 2.6237254, 18.088856, 131.92999
0.81172933E-4, -0.66620916E-4, 0.15544603E-4, 0.25577971E-8, 0.0000000, 1.2880332, 2.6238871, 18.088856, 131.92999
0.78773301E-4, -0.73670264E-4, 0.15544707E-4, 0.25579558E-8, 0.0000000, 1.2881124, 2.6240454, 18.088856, 131.92999
0.78532452E-4, -0.74809876E-4, 0.15544812E-4, 0.25581124E-8, 0.0000000, 1.2881910, 2.6242018, 18.088856, 131.92999
0.77849814E-4, -0.77134304E-4, 0.15544911E-4, 0.25582678E-8, 0.0000000, 1.2882687, 2.6243572, 18.088856, 131.92999
0.71494462E-4, -0.95168260E-4, 0.15545020E-4, 0.25584164E-8, 0.0000000, 1.2883400, 2.6244996, 18.088856, 131.92999
0.72289688E-4, -0.93345450E-4, 0.15545133E-4, 0.25585583E-8, 0.0000000, 1.2884123, 2.6246440, 18.088856, 131.92999
0.61336730E-4, -0.12436161E-3, 0.15545251E-4, 0.25586926E-8, 0.0000000, 1.2884738, 2.6247668, 18.088856, 131.92999
0.57784051E-4, -0.13473420E-3, 0.15545389E-4, 0.25588116E-8, 0.0000000, 1.2885319, 2.6248829, 18.088856, 131.92999
0.60602379E-4, -0.12717710E-3, 0.15545524E-4, 0.25589293E-8, 0.0000000, 1.2885926, 2.6250041, 18.088856, 131.92999
-0.52482741E-4, -0.12546965E-3, 0.15545649E-4, 0.25590283E-8, 0.34107690E-3, 1.2885400, 2.6248989, 18.088856, 131.92999
-0.35764583E-3, -0.14437815E-3, 0.15545782E-4, 0.25585594E-8, 0.12358570E-2, 1.2881820, 2.6241839, 18.088856, 131.92999
-0.32675319E-3, -0.16730795E-3, 0.15545929E-4, 0.25578253E-8, 0.11192726E-2, 1.2878553, 2.6235313, 18.088856, 131.92999
-0.62986786E-4, -0.15671797E-3, 0.15546078E-4, 0.25574138E-8, 0.34022654E-3, 1.2877921, 2.6234057, 18.088856, 131.92999
0.53865188E-4, -0.14751867E-3, 0.15546213E-4, 0.25574525E-8, 0.0000000, 1.2878461, 2.6235130, 18.088856, 131.92999
0.69105852E-4, -0.10438389E-3, 0.15546322E-4, 0.25575748E-8, 0.0000000, 1.2879151, 2.6236510, 18.088856, 131.92999
0.73162795E-4, -0.93023926E-4, 0.15546397E-4, 0.25577158E-8, 0.0000000, 1.2879883, 2.6237974, 18.088856, 131.92999
0.65880071E-4, -0.11404174E-3, 0.15546475E-4, 0.25578542E-8, 0.0000000, 1.2880542, 2.6239290, 18.088856, 131.92999
0.67461253E-4, -0.10971288E-3, 0.15546553E-4, 0.25579867E-8, 0.0000000, 1.2881219, 2.6240640, 18.088856, 131.92999
0.64011489E-4, -0.11979801E-3, 0.15546630E-4, 0.25581171E-8, 0.0000000, 1.2881860, 2.6241920, 18.088856, 131.92999
0.62514606E-4, -0.12428252E-3, 0.15546710E-4, 0.25582436E-8, 0.0000000, 1.2882488, 2.6243174, 18.088856, 131.92999
0.63060092E-4, -0.12288603E-3, 0.15546797E-4, 0.25583689E-8, 0.0000000, 1.2883121, 2.6244438, 18.088856, 131.92999
0.59662216E-4, -0.13284525E-3, 0.15546879E-4, 0.25584890E-8, 0.0000000, 1.2883717, 2.6245630, 18.088856, 131.92999
0.64248670E-4, -0.11977438E-3, 0.15546957E-4, 0.25586078E-8, 0.0000000, 1.2884359, 2.6246912, 18.088856, 131.92999
0.62930965E-4, -0.12372574E-3, 0.15547033E-4, 0.25587314E-8, 0.0000000, 1.2884986, 2.6248164, 18.088856, 131.92999
0.63032079E-4, -0.12357341E-3, 0.15547108E-4, 0.25588514E-8, 0.0000000, 1.2885618, 2.6249425, 18.088856, 131.92999
0.60762442E-4, -0.13027820E-3, 0.15547184E-4, 0.25589741E-8, 0.0000000, 1.2886223, 2.6250634, 18.088856, 131.92999
0.58257127E-4, -0.13767347E-3, 0.15547261E-4, 0.25590940E-8, 0.0000000, 1.2886807, 2.6251798, 18.088856, 131.92999
0.54669792E-4, -0.14820840E-3, 0.15547341E-4, 0.25592064E-8, 0.0000000, 1.2887355, 2.6252894, 18.088856, 131.92999
0.50605966E-4, -0.16013350E-3, 0.15547421E-4, 0.25593119E-8, 0.0000000, 1.2887859, 2.6253898, 18.088856, 131.92999
0.48874568E-4, -0.16528709E-3, 0.15547503E-4, 0.25594109E-8, 0.0000000, 1.2888350, 2.6254880, 18.088856, 131.92999
0.49586615E-4, -0.16333649E-3, 0.15547585E-4, 0.25595086E-8, 0.0000000, 1.2888843, 2.6255865, 18.088856, 131.92999
0.50854709E-4, -0.15976036E-3, 0.15547661E-4, 0.25596076E-8, 0.0000000, 1.2889348, 2.6256874, 18.088856, 131.92999
0.48820002E-4, -0.16579349E-3, 0.15547739E-4, 0.25597058E-8, 0.0000000, 1.2889835, 2.6257844, 18.088856, 131.92999
0.51021121E-4, -0.15948743E-3, 0.15547816E-4, 0.25598041E-8, 0.0000000, 1.2890347, 2.6258869, 18.088856, 131.92999
0.55757053E-4, -0.14577714E-3, 0.15547885E-4, 0.25599101E-8, 0.0000000, 1.2890906, 2.6259983, 18.088856, 131.92999
0.45667959E-4, -0.17530646E-3, 0.15547959E-4, 0.25600133E-8, 0.0000000, 1.2891365, 2.6260900, 18.088856, 131.92999
0.36580397E-4, -0.20192837E-3, 0.15548043E-4, 0.25600937E-8, 0.0000000, 1.2891731, 2.6261632, 18.088856, 131.92999
0.49088416E-4, -0.16550111E-3, 0.15548123E-4, 0.25601792E-8, 0.0000000, 1.2892222, 2.6262612, 18.088856, 131.92999
0.45417382E-4, -0.17631729E-3, 0.15548198E-4, 0.25602718E-8, 0.0000000, 1.2892675, 2.6263516, 18.088856, 131.92999
0.54732398E-4, -0.14917260E-3, 0.15548267E-4, 0.25603699E-8, 0.0000000, 1.2893225, 2.6264615, 18.088856, 131.92999
0.57285793E-4, -0.14178059E-3, 0.15548330E-4, 0.25604818E-8, 0.0000000, 1.2893800, 2.6265762, 18.088856, 131.92999
0.51608116E-4, -0.15846845E-3, 0.15548396E-4, 0.25605882E-8, 0.0000000, 1.2894317, 2.6266797, 18.088856, 131.92999
0.48035065E-4, -0.16900680E-3, 0.15548458E-4, 0.25606890E-8, 0.0000000, 1.2894795, 2.6267750, 18.088856, 131.92999
0.40850937E-4, -0.19012162E-3, 0.15548529E-4, 0.25607734E-8, 0.0000000, 1.2895204, 2.6268566, 18.088856, 131.92999
0.50920931E-4, -0.16068801E-3, 0.15548594E-4, 0.25608582E-8, 0.0000000, 1.2895712, 2.6269581, 18.088856, 131.92999
0.51941945E-4, -0.15776159E-3, 0.15548652E-4, 0.25609566E-8, 0.0000000, 1.2896233, 2.6270621, 18.088856, 131.92999
0.48622980E-4, -0.16756024E-3, 0.15548711E-4, 0.25610576E-8, 0.0000000, 1.2896719, 2.6271594, 18.088856, 131.92999
0.52807594E-4, -0.15534446E-3, 0.15548763E-4, 0.25611544E-8, 0.0000000, 1.2897249, 2.6272650, 18.088856, 131.92999
0.51211522E-4, -0.16008544E-3, 0.15548820E-4, 0.25612559E-8, 0.0000000, 1.2897762, 2.6273675, 18.088856, 131.92999
0.42027157E-4, -0.18710755E-3, 0.15548880E-4, 0.25613460E-8, 0.0000000, 1.2898180, 2.6274512, 18.088856, 131.92999
0.41246702E-4, -0.18945754E-3, 0.15548949E-4, 0.25614311E-8, 0.0000000, 1.2898597, 2.6275342, 18.088856, 131.92999
0.29655421E-4, -0.22356780E-3, 0.15549018E-4, 0.25615114E-8, 0.0000000, 1.2898896, 2.6275940, 18.088856, 131.92999
0.22261207E-4, -0.24535705E-3, 0.15549096E-4, 0.25615656E-8, 0.0000000, 1.2899119, 2.6276383, 18.088856, 131.92999
0.29179158E-4, -0.22508520E-3, 0.15549176E-4, 0.25616080E-8, 0.0000000, 1.2899407, 2.6276960, 18.088856, 131.92999
0.41228865E-4, -0.18971789E-3, 0.15549243E-4, 0.25616687E-8, 0.0000000, 1.2899821, 2.6277783, 18.088856, 131.92999
0.32868473E-4, -0.21435929E-3, 0.15549309E-4, 0.25617424E-8, 0.0000000, 1.2900150, 2.6278441, 18.088856, 131.92999
0.25413714E-4, -0.23634240E-3, 0.15549387E-4, 0.25618008E-8, 0.0000000, 1.2900406, 2.6278956, 18.088856, 131.92999
