0.54325747, 0.29872078, 1.9330056, 0.42201105, 1.6069982, 0.96077263, 0.83092260, 0.30352518, 0.15712632E-1
0.54280937, 0.29872245, 1.9231132, 0.42183608, 1.7796830, 1.0639399, 0.91996998, 0.33603567, 0.17395617E-1
0.54232526, 0.29872280, 1.9130452, 0.42165467, 1.6346167, 0.97715247, 0.84478414, 0.30855638, 0.15973102E-1
0.54184085, 0.29872304, 1.9031869, 0.42147499, 1.5786089, 0.94359642, 0.81556523, 0.29786929, 0.15419869E-1
0.54135966, 0.29872343, 1.8935674, 0.42129779, 1.7834345, 1.0659640, 0.92117327, 0.33642283, 0.17415691E-1
0.54086840, 0.29872343, 1.8840499, 0.42111966, 1.5742843, 0.94089741, 0.81295198, 0.29688334, 0.15368853E-1
0.54037124, 0.29872319, 1.8746697, 0.42094162, 1.3738854, 0.82105064, 0.70915580, 0.25896558, 0.13405958E-1
0.53985143, 0.29872203, 1.8651733, 0.42075849, 1.2156194, 0.72638077, 0.62706763, 0.22897942, 0.11853660E-1
0.53932106, 0.29872051, 1.8556919, 0.42057338, 1.0521806, 0.62863380, 0.54235876, 0.19803973, 0.10251996E-1
0.53878766, 0.29871878, 1.8462895, 0.42038789, 0.97893488, 0.58477867, 0.50415272, 0.18408261, 0.95294742E-2
0.53825110, 0.29871699, 1.8369260, 0.42020166, 1.0175705, 0.60776031, 0.52357525, 0.19116780, 0.98962560E-2
0.53770047, 0.29871455, 1.8274528, 0.42001146, 0.76010495, 0.45390701, 0.39071608, 0.14265375, 0.73848078E-2
0.53717184, 0.29871294, 1.8183640, 0.41982791, 0.83579314, 0.49901253, 0.42915815, 0.15668468, 0.81111547E-2
0.53664184, 0.29871130, 1.8093579, 0.41964442, 0.78867841, 0.47079799, 0.40454000, 0.14769208, 0.76456331E-2
0.53610253, 0.29870930, 1.8003093, 0.41945845, 0.86101842, 0.51388872, 0.44117698, 0.16106260, 0.83377901E-2
0.53557312, 0.29870752, 1.7914814, 0.41927549, 0.94577610, 0.56438518, 0.48414677, 0.17674346, 0.91495449E-2
0.53504068, 0.29870564, 1.7827122, 0.41909206, 0.84364694, 0.50336134, 0.43146059, 0.15750399, 0.81535671E-2
0.53448486, 0.29870278, 1.7737068, 0.41890198, 0.74391723, 0.44378090, 0.38005710, 0.13873462, 0.71819280E-2
0.53391248, 0.29869932, 1.7645627, 0.41870728, 0.82211775, 0.49034473, 0.41955593, 0.15314798, 0.79280706E-2
0.53335851, 0.29869649, 1.7557683, 0.41851822, 0.87487900, 0.52173048, 0.44604352, 0.16281049, 0.84282728E-2
0.53282666, 0.29869443, 1.7473868, 0.41833633, 0.83280784, 0.49656704, 0.42419752, 0.15483049, 0.80151707E-2
0.53229177, 0.29869223, 1.7390336, 0.41815335, 0.85314918, 0.50861973, 0.43415079, 0.15845722, 0.82029160E-2
0.53174788, 0.29868975, 1.7306441, 0.41796854, 0.89665347, 0.53447610, 0.45586076, 0.16637412, 0.86127538E-2
0.53122419, 0.29868802, 1.7224756, 0.41778809, 1.0273175, 0.61228597, 0.52187395, 0.19045804, 0.98595126E-2
0.53070098, 0.29868624, 1.7142766, 0.41760641, 0.88159031, 0.52536291, 0.44746581, 0.16329513, 0.84533626E-2
0.53016323, 0.29868379, 1.7059352, 0.41742051, 0.92408025, 0.55061108, 0.46862808, 0.17101030, 0.88527575E-2
0.52962595, 0.29868144, 1.6976726, 0.41723478, 1.1738306, 0.69934696, 0.59484583, 0.21705793, 0.11236520E-1
0.52908820, 0.29867896, 1.6894760, 0.41704902, 0.92945993, 0.55370063, 0.47069466, 0.17174616, 0.88908495E-2
0.52854550, 0.29867628, 1.6812880, 0.41686219, 0.80076629, 0.47697368, 0.40517166, 0.14783159, 0.76528559E-2
0.52798575, 0.29867294, 1.6729343, 0.41667038, 0.65481567, 0.38997799, 0.33097613, 0.12075584, 0.62512141E-2
0.52741945, 0.29866928, 1.6645739, 0.41647685, 0.51532805, 0.30685389, 0.26017678, 0.94921850E-1, 0.49138553E-2
0.52686387, 0.29866597, 1.6563109, 0.41628510, 0.65985101, 0.39284030, 0.33274013, 0.12139163, 0.62841270E-2
0.52634609, 0.29866406, 1.6479942, 0.41609666, 1.0222448, 0.60851490, 0.51503569, 0.18788862, 0.97265048E-2
0.52584827, 0.29866290, 1.6393903, 0.41590634, 1.0698299, 0.63678670, 0.53867048, 0.19649902, 0.10172241E-1
0.52536762, 0.29866228, 1.6310067, 0.41572005, 1.2150294, 0.72315943, 0.61143386, 0.22302739, 0.11545546E-1
0.52487427, 0.29866114, 1.6225832, 0.41553095, 1.1755944, 0.69964474, 0.59128982, 0.21566460, 0.11164395E-1
0.52438056, 0.29866004, 1.6142733, 0.41534251, 1.2765515, 0.75968903, 0.64178413, 0.23406488, 0.12116927E-1
0.52390194, 0.29865938, 1.6062089, 0.41515824, 1.2895681, 0.76740277, 0.64807135, 0.23633999, 0.12234700E-1
0.52341682, 0.29865849, 1.5980099, 0.41497076, 1.2690059, 0.75513804, 0.63750267, 0.23246811, 0.12034265E-1
0.52292776, 0.29865736, 1.5898279, 0.41478238, 1.0945836, 0.65131056, 0.54961419, 0.20040497, 0.10374442E-1
0.52243936, 0.29865628, 1.5817177, 0.41459411, 1.1905305, 0.70835954, 0.59747696, 0.21784209, 0.11277117E-1
0.52197212, 0.29865596, 1.5739118, 0.41441151, 1.6089005, 0.95726943, 0.80721694, 0.29428920, 0.15234585E-1
0.52150965, 0.29865572, 1.5662745, 0.41423085, 1.7586958, 1.0464319, 0.88243181, 0.32167748, 0.16652405E-1
0.52104139, 0.29865527, 1.5587014, 0.41404960, 1.2483368, 0.74277246, 0.62628764, 0.22828288, 0.11817609E-1
0.52058482, 0.29865521, 1.5512602, 0.41387075, 1.7767626, 1.0571911, 0.89124072, 0.32482907, 0.16815560E-1
0.52013677, 0.29865551, 1.5440493, 0.41369516, 1.8218225, 1.0840652, 0.91401738, 0.33309382, 0.17243404E-1
0.51968241, 0.29865548, 1.5369679, 0.41351968, 1.4732102, 0.87665981, 0.73916507, 0.26934540, 0.13943315E-1
0.51922309, 0.29865521, 1.5298871, 0.41334286, 1.4438680, 0.85920441, 0.72433031, 0.26391622, 0.13662267E-1
0.51873934, 0.29865402, 1.5223843, 0.41315731, 1.5150877, 0.90159863, 0.75997901, 0.27688032, 0.14333381E-1
0.51824665, 0.29865247, 1.5147566, 0.41296849, 1.1016698, 0.65557319, 0.55244547, 0.20125416, 0.10418410E-1
0.51768088, 0.29864821, 1.5063059, 0.41275963, 0.88782334, 0.52828676, 0.44494066, 0.16208053, 0.83904909E-2
0.97045606, 0.29864118, 1.4971238, 0.41253158, 0.87108111, 0.51829731, 0.43615296, 0.15887067, 0.82243243E-2
0.51573503, 0.29863733, 1.4889250, 0.41232586, 0.95175928, 0.56626594, 0.47619838, 0.17344740, 0.89789247E-2
0.51527584, 0.29863685, 1.4817320, 0.41214329, 1.3314151, 0.79211843, 0.66583067, 0.24250036, 0.12553617E-1
0.51480365, 0.29863581, 1.4745127, 0.41195819, 1.3293209, 0.79087317, 0.66462630, 0.24204102, 0.12529841E-1
0.51434839, 0.29863542, 1.4676310, 0.41177863, 1.4771698, 0.87884486, 0.73841602, 0.26888934, 0.13919708E-1
0.51389605, 0.29863507, 1.4610004, 0.41160190, 1.5612417, 0.92889434, 0.78040892, 0.28415293, 0.14709865E-1
0.51345718, 0.29863527, 1.4547950, 0.41143143, 1.6491947, 0.98127300, 0.82442337, 0.30014795, 0.15537885E-1
0.51300061, 0.29863471, 1.4486381, 0.41125882, 1.6162685, 0.96173823, 0.80805469, 0.29415753, 0.15227781E-1
0.51251811, 0.29863322, 1.4423620, 0.41108102, 1.4445276, 0.85958230, 0.72219223, 0.26287478, 0.13608352E-1
0.51202619, 0.29863131, 1.4361180, 0.41090193, 1.5708787, 0.93480176, 0.78531617, 0.28582412, 0.14796378E-1
0.51153415, 0.29862934, 1.4300282, 0.41072392, 1.4133053, 0.84106779, 0.70653343, 0.25712538, 0.13310719E-1
0.51103300, 0.29862714, 1.4239665, 0.41054475, 1.4092288, 0.83866221, 0.70439869, 0.25632527, 0.13269302E-1
0.51057011, 0.29862449, 1.4179224, 0.41036415, 1.3230931, 0.78741723, 0.66123724, 0.24059783, 0.12455132E-1
0.51063031, 0.29862136, 1.4118007, 0.41018048, 1.1333538, 0.67449933, 0.56625688, 0.20602176, 0.10665216E-1
0.50959653, 0.29861870, 1.4058433, 0.40999994, 1.2899612, 0.76770097, 0.64430106, 0.23439813, 0.12134190E-1
0.50897753, 0.29861557, 1.3996887, 0.40981507, 1.0185624, 0.60617620, 0.50855196, 0.18499832, 0.95768878E-2
0.51050454, 0.29861161, 1.3933820, 0.40962514, 0.95861983, 0.57048327, 0.47836775, 0.17400669, 0.90078795E-2
0.52553165, 0.29860801, 1.3873109, 0.40943861, 0.92382127, 0.54975504, 0.46075031, 0.16758783, 0.86755920E-2
0.57679355, 0.29860407, 1.3812367, 0.40925056, 0.91927344, 0.54702932, 0.45821348, 0.16665478, 0.86272908E-2
0.67629641, 0.29860014, 1.3753109, 0.40906408, 0.91289395, 0.54321522, 0.45473206, 0.16537835, 0.85612126E-2
0.78570426, 0.29859683, 1.3697292, 0.40888339, 0.94085401, 0.55984265, 0.46834075, 0.17031679, 0.88168643E-2
0.87824607, 0.29859430, 1.3645580, 0.40871027, 0.98209798, 0.58438164, 0.48853090, 0.17764731, 0.91963466E-2
0.97315532, 0.29859117, 1.3591911, 0.40853196, 0.89134628, 0.53038228, 0.44305146, 0.16109884, 0.83396723E-2
1.0317101, 0.29858822, 1.3539711, 0.40835607, 0.74963379, 0.44605511, 0.37228018, 0.13535762, 0.70071174E-2
1.0766274, 0.29858550, 1.3488866, 0.40818197, 0.80897570, 0.48135895, 0.40135351, 0.14592028, 0.75539174E-2
1.1236736, 0.29858518, 1.3448677, 0.40802899, 0.83598059, 0.49742657, 0.41434729, 0.15063548, 0.77980119E-2
1.1757234, 0.29858723, 1.3418670, 0.40789595, 0.92689568, 0.55153006, 0.45898476, 0.16685258, 0.86375289E-2
0.84744275, 0.29858893, 1.3387449, 0.40776047, 0.84173763, 0.50086224, 0.41642740, 0.15137187, 0.78361332E-2
0.50766146, 0.29858649, 1.3336910, 0.40758687, 1.0495586, 0.62451625, 0.51898593, 0.18863860, 0.97653363E-2
0.50175804, 0.29858345, 1.3283634, 0.40740755, 1.2470058, 0.74200791, 0.61641771, 0.22403331, 0.11597629E-1
0.49475870, 0.29858029, 1.3228462, 0.40722480, 0.90572411, 0.53893328, 0.44754520, 0.16264418, 0.84196730E-2
0.49429575, 0.29857832, 1.3174981, 0.40704814, 1.1909342, 0.70863938, 0.58824849, 0.21376069, 0.11065840E-1
0.49385941, 0.29857728, 1.3118258, 0.40687010, 2.0114286, 1.1969568, 0.99369985, 0.36105183, 0.18690728E-1
0.49341848, 0.29857603, 1.3058181, 0.40668708, 3.0980039, 1.8439852, 1.5322578, 0.55662513, 0.28815057E-1
0.49298748, 0.29857516, 1.3000736, 0.40650788, 2.1363392, 1.2719059, 1.0579470, 0.38424578, 0.19891420E-1
0.49253634, 0.29857358, 1.2941593, 0.40632349, 1.6319113, 0.97171617, 0.80853391, 0.29361799, 0.15199850E-1
0.49209806, 0.29857239, 1.2882761, 0.40614063, 1.8245518, 1.0865428, 0.90427119, 0.32834333, 0.16997494E-1
0.49165601, 0.29857099, 1.2824029, 0.40595683, 2.3326726, 1.3893608, 1.1568586, 0.41999531, 0.21742079E-1
0.49122927, 0.29857013, 1.2768006, 0.40577781, 2.8784306, 1.7148445, 1.4292370, 0.51878512, 0.26856177E-1
0.49079788, 0.29856905, 1.2712851, 0.40559888, 1.9598609, 1.1678685, 0.97418886, 0.35355037, 0.18302398E-1
0.49033982, 0.29856703, 1.2655660, 0.40541354, 1.4558936, 0.86765432, 0.72390169, 0.26268509, 0.13598531E-1
0.48990020, 0.29856563, 1.2601103, 0.40523329, 2.0294061, 1.2095828, 1.0093833, 0.36623499, 0.18959045E-1
0.48945084, 0.29856384, 1.2547926, 0.40505305, 1.9767778, 1.1784035, 0.98380673, 0.35690555, 0.18476078E-1
0.48898733, 0.29856151, 1.2495809, 0.40487188, 1.9151883, 1.1418635, 0.95369112, 0.34593391, 0.17908111E-1
0.48851609, 0.29855886, 1.2444980, 0.40469089, 1.8811356, 1.1217263, 0.93722230, 0.33991608, 0.17596584E-1
0.48804018, 0.29855606, 1.2395409, 0.40451053, 1.8291881, 1.0909067, 0.91179174, 0.33065116, 0.17116966E-1
0.48754594, 0.29855248, 1.2344903, 0.40432620, 1.6176660, 0.96487421, 0.80662662, 0.29248035, 0.15140956E-1
0.48870963, 0.29854897, 1.2296075, 0.40414357, 1.5292680, 0.91223872, 0.76269639, 0.27652225, 0.14314848E-1
0.50481427, 0.29854473, 1.2245607, 0.40395609, 1.4477856, 0.86370766, 0.72213256, 0.26178941, 0.13552169E-1
0.55130774, 0.29854000, 1.2194585, 0.40376624, 1.1528791, 0.68781942, 0.57499927, 0.20843199, 0.10789989E-1
0.63401788, 0.29853475, 1.2142304, 0.40357259, 1.1041522, 0.65877515, 0.55053556, 0.19954899, 0.10330140E-1
0.72223341, 0.29853067, 1.2095940, 0.40339008, 1.0572457, 0.63081533, 0.52694356, 0.19098383, 0.98867407E-2
0.80979162, 0.29852799, 1.2055863, 0.40321958, 1.2568374, 0.74994510, 0.62617862, 0.22693272, 0.11747725E-1
0.90791178, 0.29852527, 1.2016259, 0.40304923, 1.0489312, 0.62593460, 0.52240998, 0.18931104, 0.98001435E-2
0.93755656, 0.29852211, 1.1975431, 0.40287572, 0.75106895, 0.44820622, 0.37380996, 0.13545291, 0.70120497E-2
0.74269271, 0.29851779, 1.1929862, 0.40269229, 0.62971365, 0.37578458, 0.31314012, 0.11346327, 0.58737029E-2
0.62220979, 0.29851338, 1.1883247, 0.40250641, 0.61780751, 0.36866996, 0.30695224, 0.11121625, 0.57573803E-2
0.48346469, 0.29850951, 1.1838065, 0.40232423, 0.71913105, 0.42912167, 0.35704634, 0.12936045, 0.66966577E-2
0.47959575, 0.29850590, 1.1793412, 0.40214300, 0.89663833, 0.53503966, 0.44494289, 0.16119674, 0.83447406E-2
0.49749023, 0.29850230, 1.1749532, 0.40196282, 1.3237699, 0.78994513, 0.65673500, 0.23790734, 0.12315851E-1
0.54305202, 0.29849872, 1.1706747, 0.40178344, 1.1576217, 0.69084299, 0.57425117, 0.20800814, 0.10768048E-1
0.58615392, 0.29849479, 1.1663629, 0.40160233, 1.2193896, 0.72774822, 0.60477459, 0.21904570, 0.11339433E-1
0.58696377, 0.29849103, 1.1621566, 0.40142274, 1.2121598, 0.72348219, 0.60109717, 0.21769452, 0.11269487E-1
0.70629621, 0.29848737, 1.1580570, 0.40124464, 1.4797757, 0.88328791, 0.73374951, 0.26571044, 0.13755147E-1
0.84722215, 0.29848444, 1.1543757, 0.40107420, 1.1000378, 0.65668452, 0.54536819, 0.19747366, 0.10222706E-1
1.0158498, 0.29848188, 1.1508901, 0.40090689, 1.3060092, 0.77971226, 0.64724934, 0.23434356, 0.12131366E-1
1.0567622, 0.29848233, 1.1487187, 0.40076572, 1.2086993, 0.72169834, 0.59880120, 0.21678226, 0.11222261E-1
0.97128946, 0.29848200, 1.1460831, 0.40061608, 1.2747638, 0.76122427, 0.63125706, 0.22851118, 0.11829436E-1
0.46952787, 0.29848248, 1.1430968, 0.40046501, 2.1715038, 1.2969097, 1.0756623, 0.38933405, 0.20154824E-1
0.46912324, 0.29848099, 1.1385851, 0.40028822, 2.2373323, 1.3365281, 1.1093771, 0.40147203, 0.20783175E-1
0.46866834, 0.29847765, 1.1333011, 0.40009522, 2.1369517, 1.2768394, 1.0605499, 0.38374108, 0.19865293E-1
0.46826687, 0.29847628, 1.1286474, 0.39991626, 2.7253299, 1.6288096, 1.3540709, 0.48986205, 0.25358897E-1
0.46785724, 0.29847455, 1.1241170, 0.39973745, 2.9665601, 1.7735529, 1.4762341, 0.53395104, 0.27641268E-1
0.46743906, 0.29847252, 1.1197941, 0.39955968, 2.6295061, 1.5725489, 1.3105363, 0.47392696, 0.24533980E-1
0.46701449, 0.29847020, 1.1156886, 0.39938349, 2.5451097, 1.5225105, 1.2701433, 0.45924005, 0.23773678E-1
0.46659270, 0.29846796, 1.1117932, 0.39920968, 1.9762814, 1.1825098, 0.98723441, 0.35689613, 0.18475596E-1
0.46616620, 0.29846549, 1.1075257, 0.39903051, 2.2845080, 1.3672321, 1.1421994, 0.41286069, 0.21372741E-1
0.46574867, 0.29846331, 1.1030791, 0.39884984, 2.7919919, 1.6714169, 1.3976915, 0.50512964, 0.26149267E-1
0.46535376, 0.29846194, 1.0988702, 0.39867464, 2.9602346, 1.7727246, 1.4842775, 0.53632575, 0.27764212E-1
0.46497110, 0.29846096, 1.0946096, 0.39849997, 3.4772263, 2.0831361, 1.7469330, 0.63111043, 0.32670967E-1
0.46455768, 0.29845884, 1.0900221, 0.39831698, 2.9953403, 1.7951610, 1.5078400, 0.54462999, 0.28194098E-1
0.46415269, 0.29845706, 1.0855385, 0.39813602, 2.8158159, 1.6881516, 1.4198251, 0.51275426, 0.26543971E-1
0.46375114, 0.29845533, 1.0811163, 0.39795586, 2.7405753, 1.6435729, 1.3839511, 0.49972218, 0.25869330E-1
0.46335071, 0.29845366, 1.0767504, 0.39777616, 2.5630293, 1.5375686, 1.2961164, 0.46793965, 0.24224034E-1
0.46294212, 0.29845160, 1.0723608, 0.39759469, 2.2622838, 1.3575130, 1.1453222, 0.41344577, 0.21403030E-1
0.46256822, 0.29845089, 1.0684756, 0.39742342, 3.3387320, 2.0040932, 1.6927716, 0.61098152, 0.31628948E-1
0.46219876, 0.29845026, 1.0649611, 0.39725691, 2.9474888, 1.7699401, 1.4972774, 0.54033619, 0.27971830E-1
0.46179193, 0.29844823, 1.0613514, 0.39708436, 2.8026099, 1.6835252, 1.4259878, 0.51453835, 0.26636351E-1
0.46136969, 0.29844567, 1.0578026, 0.39691025, 2.5994990, 1.5620157, 1.3245572, 0.47787973, 0.24738632E-1
0.46092096, 0.29844207, 1.0540863, 0.39673060, 1.7700957, 1.0638930, 0.90280789, 0.32568663, 0.16859978E-1
0.46045846, 0.29843795, 1.0502939, 0.39654800, 1.5446981, 0.92856348, 0.78815830, 0.28430611, 0.14717813E-1
0.45999816, 0.29843390, 1.0465913, 0.39636636, 1.3662604, 0.82139933, 0.69724619, 0.25149602, 0.13019317E-1
0.45954627, 0.29842997, 1.0429848, 0.39618614, 1.5765777, 0.94795793, 0.80472541, 0.29024512, 0.15025262E-1
0.45929179, 0.29842609, 1.0394754, 0.39600727, 1.5421767, 0.92740369, 0.78740555, 0.28397903, 0.14700885E-1
0.46045148, 0.29842237, 1.0360616, 0.39582965, 1.7491646, 1.0520386, 0.89342636, 0.32219285, 0.16679121E-1
0.46033117, 0.29841828, 1.0325737, 0.39564985, 1.4358993, 0.86375165, 0.73366088, 0.26455915, 0.13695565E-1
0.45773074, 0.29841465, 1.0291603, 0.39547235, 2.0525661, 1.2349113, 1.0492517, 0.37833402, 0.19585406E-1
0.45729986, 0.29841095, 1.0257674, 0.39529449, 2.3233998, 1.3981930, 1.1887820, 0.42860624, 0.22187877E-1
0.45688745, 0.29840785, 1.0226668, 0.39512229, 1.9868926, 1.1959748, 1.0175285, 0.36682969, 0.18989861E-1
0.45642209, 0.29840451, 1.0194088, 0.39494678, 1.9603058, 1.1802235, 1.0046698, 0.36216545, 0.18748404E-1
0.45596990, 0.29840049, 1.0159369, 0.39476639, 2.3302598, 1.4032879, 1.1953082, 0.43085137, 0.22304112E-1
0.45555019, 0.29839760, 1.0128242, 0.39459419, 2.4119446, 1.4528781, 1.2385771, 0.44640732, 0.23109406E-1
0.45515496, 0.29839557, 1.0096306, 0.39442366, 2.9742377, 1.7921733, 1.5295266, 0.55121666, 0.28535137E-1
0.45476738, 0.29839376, 1.0059143, 0.39424732, 4.3331194, 2.6122553, 2.2337787, 0.80491614, 0.41668557E-1
0.45439473, 0.29839250, 1.0024199, 0.39407533, 3.6692591, 2.2132573, 1.8968624, 0.68342328, 0.35379209E-1
0.45399421, 0.29839024, 0.99877650, 0.39389777, 3.5506277, 2.1427281, 1.8398458, 0.66280955, 0.34312118E-1
0.45360079, 0.29838818, 0.99498808, 0.39371902, 3.5373049, 2.1357062, 1.8372418, 0.66180688, 0.34260280E-1
0.45320842, 0.29838616, 0.99116427, 0.39353973, 3.3207891, 2.0058968, 1.7285652, 0.62260562, 0.32230981E-1
0.45283490, 0.29838479, 0.98755544, 0.39336494, 3.2516410, 1.9649811, 1.6960398, 0.61084414, 0.31622186E-1
0.45245335, 0.29838306, 0.98390377, 0.39318827, 3.4954979, 2.1132944, 1.8271348, 0.65801293, 0.34064092E-1
0.45207566, 0.29838148, 0.98030239, 0.39301255, 3.0919812, 1.8701608, 1.6195600, 0.58322215, 0.30192373E-1
0.45170170, 0.29838002, 0.97675079, 0.39283761, 3.4508989, 2.0881534, 1.8111950, 0.65219688, 0.33763148E-1
0.45133829, 0.29837888, 0.97335124, 0.39266557, 3.9699814, 2.4034703, 2.0887578, 0.75210541, 0.38935333E-1
0.45097911, 0.29837784, 0.97003096, 0.39249474, 3.3507333, 2.0296013, 1.7672828, 0.63632363, 0.32941557E-1
0.45061854, 0.29837671, 0.96668857, 0.39232329, 3.4355040, 2.0819006, 1.8158604, 0.65379387, 0.33846039E-1
0.45025751, 0.29837564, 0.96336842, 0.39215171, 3.4076347, 2.0659747, 1.8050519, 0.64988661, 0.33643838E-1
0.44991466, 0.29837522, 0.96025032, 0.39198461, 3.5521932, 2.1546476, 1.8858626, 0.67897022, 0.35149537E-1
0.44955966, 0.29837433, 0.95705307, 0.39181465, 3.6348758, 2.2058954, 1.9342811, 0.69639647, 0.36051758E-1
0.44920382, 0.29837331, 0.95388931, 0.39164487, 3.5981910, 2.1847310, 1.9193066, 0.69100571, 0.35772763E-1
0.44885293, 0.29837248, 0.95079678, 0.39147636, 3.6661785, 2.2271416, 1.9602574, 0.70575601, 0.36536455E-1
0.44851565, 0.29837209, 0.94788343, 0.39131135, 3.4379659, 2.0895441, 1.8425059, 0.66337371, 0.34342431E-1
0.44817889, 0.29837182, 0.94512868, 0.39114818, 4.0555773, 2.4662151, 2.1788940, 0.78450882, 0.40613618E-1
0.44783667, 0.29837123, 0.94255197, 0.39098632, 3.9248843, 2.3881028, 2.1144485, 0.76133686, 0.39414123E-1
0.44748014, 0.29837009, 0.94005722, 0.39082351, 3.6004012, 2.1918466, 1.9445363, 0.70019215, 0.36248777E-1
0.44710946, 0.29836839, 0.93763328, 0.39065957, 3.1745970, 1.9335430, 1.7182620, 0.61874735, 0.32032494E-1
0.44672585, 0.29836622, 0.93510717, 0.39049256, 2.8996902, 1.7668402, 1.5722650, 0.56620431, 0.29312422E-1
0.44634342, 0.29836410, 0.93261033, 0.39032593, 3.1608825, 1.9267864, 1.7169449, 0.61834288, 0.32011725E-1
0.44594324, 0.29836130, 0.93004906, 0.39015606, 2.7445493, 1.6736765, 1.4933470, 0.53785014, 0.27844675E-1
0.44552809, 0.29835784, 0.92740411, 0.38998261, 2.6076353, 1.5907490, 1.4208660, 0.51177627, 0.26494900E-1
0.44511464, 0.29835436, 0.92482132, 0.38980982, 1.9771805, 1.2065010, 1.0784332, 0.38845843, 0.20110723E-1
0.44484049, 0.29835641, 0.92384356, 0.38967556, 2.3898242, 1.4587022, 1.3047690, 0.47001210, 0.24332851E-1
0.44482538, 0.29836750, 0.92549503, 0.38960430, 2.6714878, 1.6311591, 1.4603519, 0.52609229, 0.27236223E-1
0.44486865, 0.29838070, 0.92659593, 0.38953355, 2.9084876, 1.7765384, 1.5924003, 0.57370788, 0.29701384E-1
0.44499722, 0.29839700, 0.92850721, 0.38948360, 3.2527637, 1.9876696, 1.7841152, 0.64283782, 0.33280376E-1
0.44527003, 0.29841864, 0.93192989, 0.38947016, 3.6935799, 2.2581489, 2.0303619, 0.73164457, 0.37878096E-1
0.44559884, 0.29844227, 0.93604398, 0.38947251, 3.3940153, 2.0760560, 1.8699620, 0.67392653, 0.34890074E-1
0.44590220, 0.29846498, 0.93974286, 0.38946703, 3.2249391, 1.9735535, 1.7804526, 0.64174598, 0.33224132E-1
0.44625303, 0.29848939, 0.94396043, 0.38947427, 3.9070389, 2.3921771, 2.1618822, 0.77933633, 0.40347502E-1
0.44672611, 0.29851836, 0.95000398, 0.38951963, 3.5369921, 2.1667709, 1.9619447, 0.70737052, 0.36621846E-1
0.44716084, 0.29854590, 0.95638227, 0.38956496, 3.3043242, 2.0252125, 1.8367989, 0.66234988, 0.34291152E-1
0.44752508, 0.29857093, 0.96268964, 0.38960132, 3.1398311, 1.9252464, 1.7486827, 0.63066882, 0.32651063E-1
0.44782513, 0.29859367, 0.96882963, 0.38962838, 2.8368602, 1.7401767, 1.5826246, 0.57086158, 0.29554805E-1
0.44807774, 0.29861465, 0.97476077, 0.38964775, 2.6900682, 1.6507250, 1.5028845, 0.54217356, 0.28069645E-1
0.44825962, 0.29863310, 0.98008060, 0.38965112, 2.4301217, 1.4916962, 1.3593478, 0.49045622, 0.25392195E-1
0.44839650, 0.29864877, 0.98462808, 0.38963616, 2.1273079, 1.3061757, 1.1911018, 0.42980397, 0.22252137E-1
0.44872224, 0.29866874, 0.99077779, 0.38965598, 2.1417539, 1.3153672, 1.2001425, 0.43311560, 0.22423638E-1
0.45336035, 0.29868755, 0.99661684, 0.38966855, 2.0989144, 1.2893648, 1.1770355, 0.42482540, 0.21994488E-1
0.47044107, 0.29870194, 1.0008785, 0.38964719, 1.9863800, 1.2205118, 1.1147077, 0.40237466, 0.20832203E-1
0.51878434, 0.29871300, 1.0039418, 0.38960043, 1.8734293, 1.1513473, 1.0518976, 0.37974274, 0.19660532E-1
0.49610195, 0.29872409, 1.0069565, 0.38955322, 2.0388076, 1.2532413, 1.1453147, 0.41351211, 0.21408943E-1
0.44888872, 0.29874825, 1.0143230, 0.38960442, 2.7238984, 1.6748360, 1.5317802, 0.55311841, 0.28636917E-1
0.45079431, 0.29877284, 1.0220089, 0.38966170, 2.6470637, 1.6281309, 1.4905143, 0.53830129, 0.27869876E-1
0.47429097, 0.29878893, 1.0266888, 0.38965377, 2.2536130, 1.3865358, 1.2703507, 0.45885596, 0.23756774E-1
0.56685525, 0.29879782, 1.0286975, 0.38958913, 1.9001709, 1.1693466, 1.0718482, 0.38720489, 0.20047175E-1
0.70238960, 0.29880136, 1.0286556, 0.38948122, 1.9904335, 1.2251462, 1.1232497, 0.40582141, 0.21011092E-1
0.81567413, 0.29880211, 1.0275594, 0.38935128, 2.0195141, 1.2433277, 1.1401565, 0.41198012, 0.21330018E-1
0.92447370, 0.29880136, 1.0258275, 0.38920805, 2.0798228, 1.2807657, 1.1746807, 0.42450872, 0.21978734E-1
1.0283788, 0.29879922, 1.0235676, 0.38905355, 1.8629215, 1.1474712, 1.0524908, 0.38039827, 0.19694995E-1
1.1222003, 0.29879579, 1.0207964, 0.38888830, 1.7972039, 1.1072326, 1.0154356, 0.36704743, 0.19003799E-1
1.1889936, 0.29879126, 1.0176052, 0.38871413, 1.3422718, 0.82710642, 0.75827390, 0.27411881, 0.14192471E-1
1.2443823, 0.29878616, 1.0142093, 0.38853541, 1.5696677, 0.96737897, 0.88636798, 0.32045388, 0.16591497E-1
1.3020229, 0.29878035, 1.0105360, 0.38835058, 1.5674725, 0.96620417, 0.88485163, 0.31993660, 0.16564742E-1
1.3436594, 0.29877394, 1.0066431, 0.38816082, 1.8406730, 1.1348472, 1.0388839, 0.37566915, 0.19450326E-1
0.59043723, 0.29878211, 1.0081813, 0.38808742, 1.9225001, 1.1855645, 1.0852249, 0.39247194, 0.20320335E-1
0.43715748, 0.29881570, 1.0182259, 0.38820520, 2.5313098, 1.5613880, 1.4300851, 0.51726103, 0.26781389E-1
0.43705225, 0.29884937, 1.0249767, 0.38828337, 3.4957881, 2.1571527, 1.9783537, 0.71570379, 0.37055992E-1
0.43771562, 0.29888630, 1.0321051, 0.38837799, 3.8487768, 2.3761592, 2.1831191, 0.78996801, 0.40901251E-1
0.43846157, 0.29892489, 1.0397323, 0.38848484, 5.0851598, 3.1414733, 2.8932071, 1.0472296, 0.54221515E-1
0.43918109, 0.29896265, 1.0474616, 0.38859063, 3.8840353, 2.4010289, 2.2168453, 0.80267173, 0.41559506E-1
0.44027197, 0.29899716, 1.0541613, 0.38867325, 3.3146219, 2.0500388, 1.8961035, 0.68672317, 0.35556283E-1
0.44139278, 0.29902875, 1.0596286, 0.38873130, 2.9021332, 1.7956378, 1.6630116, 0.60244709, 0.31192878E-1
0.44112122, 0.29906118, 1.0651476, 0.38879347, 3.3867812, 2.0963380, 1.9440546, 0.70443147, 0.36473494E-1
0.44182044, 0.29909605, 1.0713373, 0.38887274, 3.1350501, 1.9413401, 1.8028899, 0.65345216, 0.33834092E-1
0.44286710, 0.29913136, 1.0777308, 0.38895658, 3.4139843, 2.1149542, 1.9669214, 0.71309692, 0.36922514E-1
0.44410849, 0.29916754, 1.0844140, 0.38904762, 4.4964790, 2.7870421, 2.5969830, 0.94183421, 0.48766281E-1
0.44357637, 0.29920170, 1.0912528, 0.38913414, 4.9005194, 3.0395260, 2.8395262, 1.0302210, 0.53343151E-1
0.44407862, 0.29923135, 1.0976487, 0.38920069, 3.0516396, 1.8938291, 1.7728688, 0.64346075, 0.33317566E-1
0.44470543, 0.29926524, 1.1050082, 0.38929370, 3.6812525, 2.2855337, 2.1426237, 0.77790856, 0.40279314E-1
0.44547093, 0.29930499, 1.1125754, 0.38940999, 3.8996892, 2.4223928, 2.2751319, 0.82632005, 0.42786267E-1
0.44620386, 0.29934314, 1.1197442, 0.38951659, 4.1654320, 2.5888846, 2.4363658, 0.88523239, 0.45836989E-1
0.44688970, 0.29937980, 1.1265255, 0.38961366, 3.4585047, 2.1506293, 2.0276952, 0.73703533, 0.38163643E-1
0.45027757, 0.29941425, 1.1321580, 0.38968965, 3.4671588, 2.1569610, 2.0367522, 0.74059492, 0.38348183E-1
0.44818506, 0.29944998, 1.1381984, 0.38977590, 4.4146857, 2.7478642, 2.5995936, 0.94564855, 0.48966229E-1
0.44880024, 0.29948461, 1.1443602, 0.38986006, 4.7522936, 2.9599144, 2.8069830, 1.0216038, 0.52899651E-1
0.44932154, 0.29951543, 1.1498327, 0.38992327, 4.0766726, 2.5406935, 2.4149940, 0.87938535, 0.45535795E-1
0.45021191, 0.29954955, 1.1554328, 0.38999948, 3.1929424, 1.9908826, 1.8955839, 0.69054514, 0.35757627E-1
0.45065638, 0.29958385, 1.1607763, 0.39007366, 3.9060149, 2.4365878, 2.3235188, 0.84679222, 0.43848649E-1
0.45119327, 0.29961935, 1.1665188, 0.39015761, 4.3953381, 2.7433681, 2.6213896, 0.95583117, 0.49495306E-1
0.45174623, 0.29965150, 1.1718991, 0.39022624, 4.3902588, 2.7418725, 2.6258667, 0.95798844, 0.49607422E-1
0.45216179, 0.29967868, 1.1765685, 0.39026955, 3.0240748, 1.8895707, 1.8127561, 0.66166317, 0.34263093E-1
0.45262438, 0.29970753, 1.1823186, 0.39033258, 2.8920135, 1.8076603, 1.7360151, 0.63389623, 0.32825418E-1
0.45310479, 0.29973465, 1.1877660, 0.39038584, 3.0463672, 1.9047672, 1.8311584, 0.66889757, 0.34638122E-1
0.45339426, 0.29975989, 1.1928573, 0.39042896, 2.9626086, 1.8530295, 1.7833613, 0.65169990, 0.33747781E-1
0.45373732, 0.29978454, 1.1980641, 0.39047223, 2.6277332, 1.6440610, 1.5836605, 0.57894158, 0.29980214E-1
0.45470029, 0.29980731, 1.2029836, 0.39050609, 2.5146613, 1.5737121, 1.5169622, 0.55475241, 0.28727747E-1
0.45429567, 0.29982668, 1.2069839, 0.39051738, 2.3602910, 1.4774375, 1.4250095, 0.52130008, 0.26995558E-1
0.45619202, 0.29984197, 1.2097121, 0.39049977, 2.3353090, 1.4621013, 1.4109492, 0.51632380, 0.26737992E-1
0.46442270, 0.29985374, 1.2112334, 0.39045537, 2.3261251, 1.4566458, 1.4063920, 0.51482224, 0.26660366E-1
0.46459466, 0.29986525, 1.2126982, 0.39040953, 1.4425060, 0.90342826, 0.87240660, 0.31943905, 0.16542405E-1
0.45461106, 0.29989091, 1.2191659, 0.39047354, 2.0914721, 1.3099900, 1.2650609, 0.46332574, 0.23993770E-1
0.45516112, 0.29991549, 1.2251809, 0.39052871, 2.0732887, 1.2988007, 1.2546481, 0.45964676, 0.23803361E-1
0.45607224, 0.29994461, 1.2323895, 0.39061490, 2.6188533, 1.6408794, 1.5858402, 0.58117008, 0.30096745E-1
0.45616540, 0.29997191, 1.2388819, 0.39068654, 2.2985680, 1.4405183, 1.3930432, 0.51069367, 0.26447166E-1
0.45664954, 0.29999083, 1.2425066, 0.39069453, 2.4238870, 1.5193491, 1.4699957, 0.53908551, 0.27917620E-1
0.45881066, 0.30000439, 1.2443293, 0.39066294, 2.2111189, 1.3862423, 1.3418490, 0.49225479, 0.25492525E-1
0.47234797, 0.30001408, 1.2447985, 0.39060163, 2.0588896, 1.2910031, 1.2500699, 0.45872739, 0.23756346E-1
0.51029962, 0.30002066, 1.2441515, 0.39051616, 1.9141980, 1.2004259, 1.1625680, 0.42674044, 0.22099918E-1
0.57663912, 0.30002514, 1.2427604, 0.39041436, 1.7895732, 1.1223863, 1.0870235, 0.39911777, 0.20669490E-1
0.67304552, 0.30002761, 1.2406720, 0.39029732, 1.6676985, 1.0460383, 1.0129621, 0.37201831, 0.19266143E-1
0.76933151, 0.30002832, 1.2379327, 0.39016634, 1.8058048, 1.1327633, 1.0967206, 0.40288013, 0.20864498E-1
0.50667566, 0.30003718, 1.2383215, 0.39010099, 1.8256148, 1.1453125, 1.1087880, 0.40742058, 0.21099731E-1
0.46821833, 0.30005804, 1.2433562, 0.39013371, 1.6459529, 1.0326821, 0.99975282, 0.36744854, 0.19029709E-1
0.45682600, 0.30008081, 1.2488596, 0.39017925, 1.7137221, 1.0752703, 1.0409352, 0.38267788, 0.19818485E-1
0.47285122, 0.30009818, 1.2523246, 0.39018160, 1.3948838, 0.87524867, 0.84716380, 0.31151235, 0.16132953E-1
0.49981409, 0.30011073, 1.2540486, 0.39014661, 1.3597227, 0.85318732, 0.82553416, 0.30361906, 0.15724214E-1
0.51665550, 0.30012310, 1.2557919, 0.39011171, 1.4618105, 0.91725266, 0.88724899, 0.32638296, 0.16903192E-1
0.60959536, 0.30013210, 1.2562310, 0.39004946, 1.3590767, 0.85279739, 0.82459968, 0.30339825, 0.15712876E-1
0.74292839, 0.30013689, 1.2550265, 0.38995269, 1.4158019, 0.88840222, 0.85863829, 0.31598446, 0.16364766E-1
0.89168990, 0.30013794, 1.2523217, 0.38982448, 1.1831059, 0.74239343, 0.71707880, 0.26393878, 0.13669377E-1
1.0174519, 0.30013633, 1.2486100, 0.38967508, 1.2744411, 0.79970515, 0.77182877, 0.28413996, 0.14715636E-1
0.67232776, 0.30014187, 1.2476728, 0.38958368, 1.1494688, 0.72128099, 0.69558132, 0.25611413, 0.13264217E-1
0.45220599, 0.30018529, 1.2599769, 0.38978368, 1.8844827, 1.1825296, 1.1401690, 0.41990012, 0.21746814E-1
0.45609948, 0.30024007, 1.2724695, 0.39002541, 2.8069246, 1.7616951, 1.6994485, 0.62607419, 0.32424811E-1
0.45337605, 0.30029184, 1.2821949, 0.39022422, 3.4565558, 2.1701465, 2.0958893, 0.77246195, 0.40006630E-1
0.45422715, 0.30033070, 1.2881467, 0.39033327, 3.4595628, 2.1728904, 2.1014950, 0.77491069, 0.40133782E-1
0.45800573, 0.30036208, 1.2921873, 0.39039406, 3.5667188, 2.2410874, 2.1705461, 0.80077934, 0.41473899E-1
0.45508417, 0.30038974, 1.2958341, 0.39043754, 2.9835596, 1.8753524, 1.8186532, 0.67128229, 0.34767266E-1
0.45653301, 0.30041704, 1.3000736, 0.39048758, 2.9127500, 1.8313731, 1.7777148, 0.65645951, 0.33999793E-1
0.45714182, 0.30044639, 1.3052219, 0.39055586, 2.5827940, 1.6243235, 1.5779974, 0.58295232, 0.30192863E-1
0.46811292, 0.30048576, 1.3132572, 0.39069396, 2.6310840, 1.6550599, 1.6089540, 0.59462267, 0.30797500E-1
0.46394074, 0.30051944, 1.3200110, 0.39079753, 2.3774083, 1.4957867, 1.4549856, 0.53792655, 0.27861202E-1
0.49987030, 0.30054843, 1.3256820, 0.39087310, 1.8975221, 1.1940058, 1.1617333, 0.42964908, 0.22253226E-1
0.52681732, 0.30057570, 1.3311446, 0.39094043, 1.7004337, 1.0700479, 1.0410694, 0.38512999, 0.19947497E-1
0.55430949, 0.30059972, 1.3358057, 0.39098740, 1.5855930, 0.99780673, 0.97059476, 0.35914955, 0.18601939E-1
0.53305441, 0.30062056, 1.3395528, 0.39101246, 1.5526391, 0.97707689, 0.95017880, 0.35167959, 0.18215109E-1
0.49399155, 0.30063900, 1.3426291, 0.39102197, 1.5480943, 0.97422022, 0.94716889, 0.35064870, 0.18161789E-1
0.49824348, 0.30065468, 1.3447516, 0.39101049, 1.4065932, 0.88516164, 0.86032671, 0.31857109, 0.16500402E-1
0.50276804, 0.30066797, 1.3460605, 0.39098126, 1.2762632, 0.80311507, 0.78026521, 0.28898433, 0.14968010E-1
0.52028412, 0.30067983, 1.3468844, 0.39094120, 1.0990433, 0.69154960, 0.67151415, 0.24875171, 0.12884192E-1
0.56034040, 0.30069026, 1.3471589, 0.39088950, 0.69760060, 0.43889573, 0.42583334, 0.15776488, 0.81715146E-2
0.56782198, 0.30070594, 1.3494319, 0.39088029, 0.76034522, 0.47829723, 0.46362150, 0.17178342, 0.88976314E-2
0.57285440, 0.30072138, 1.3516420, 0.39086962, 1.1276836, 0.70928162, 0.68693346, 0.25456065, 0.13185166E-1
0.67025959, 0.30073270, 1.3523047, 0.39082626, 1.1795450, 0.74184674, 0.71799850, 0.26611739, 0.13783803E-1
0.78831792, 0.30073953, 1.3512383, 0.39074659, 1.1583843, 0.72848976, 0.70455003, 0.26117727, 0.13527972E-1
0.86426604, 0.30074322, 1.3489554, 0.39064142, 1.2108669, 0.76145464, 0.73586482, 0.27283239, 0.14131706E-1
0.93836612, 0.30074513, 1.3459178, 0.39052027, 1.0308642, 0.64822137, 0.62589186, 0.23209608, 0.12021753E-1
1.0184306, 0.30074564, 1.3423933, 0.39038873, 0.95676523, 0.60157877, 0.58025438, 0.21520293, 0.11146782E-1
1.1064788, 0.30074522, 1.3384953, 0.39024898, 0.95953637, 0.60327005, 0.58122122, 0.21559054, 0.11166884E-1
1.1567643, 0.30074418, 1.3343533, 0.39010367, 0.93349814, 0.58685374, 0.56474304, 0.20950605, 0.10851750E-1
1.1705014, 0.30074269, 1.3300791, 0.38995501, 0.93364263, 0.58689976, 0.56411594, 0.20930038, 0.10841128E-1
1.2037811, 0.30074060, 1.3256270, 0.38980201, 0.87284273, 0.54863578, 0.52668095, 0.19543509, 0.10122972E-1
1.2407730, 0.30073810, 1.3210081, 0.38964501, 0.78948218, 0.49619344, 0.47570673, 0.17653994, 0.91442736E-2
1.2699038, 0.30073509, 1.3162588, 0.38948482, 0.65113288, 0.40919679, 0.39174756, 0.14539583, 0.75311088E-2
1.2980599, 0.30073169, 1.3113576, 0.38932085, 0.66850120, 0.42006278, 0.40155163, 0.14904742, 0.77202627E-2
0.82859284, 0.30073798, 1.3102823, 0.38923648, 0.65091729, 0.40895975, 0.39036575, 0.14490788, 0.75058551E-2
0.57691246, 0.30077282, 1.3201399, 0.38938355, 0.74208736, 0.46617651, 0.44456458, 0.16504155, 0.85487440E-2
0.57958168, 0.30080992, 1.3298686, 0.38953796, 1.0648715, 0.66886848, 0.63732421, 0.23662883, 0.12256814E-1
0.63515896, 0.30084926, 1.3380947, 0.38968173, 1.3330050, 0.83724821, 0.79733115, 0.29608110, 0.15336337E-1
0.65934783, 0.30089363, 1.3460764, 0.38984036, 1.5941436, 1.0012628, 0.95316607, 0.35401309, 0.18337134E-1
0.58251679, 0.30093649, 1.3523933, 0.38997391, 1.7701910, 1.1118745, 1.0582798, 0.39313439, 0.20363623E-1
0.55077600, 0.30097541, 1.3575300, 0.39008003, 1.7638609, 1.1079496, 1.0544744, 0.39180616, 0.20294912E-1
0.49506286, 0.30101195, 1.3619974, 0.39017043, 2.2962074, 1.4424628, 1.3730490, 0.51030415, 0.26433038E-1
0.49274427, 0.30105084, 1.3673618, 0.39028019, 2.1494653, 1.3504529, 1.2859321, 0.47805846, 0.24762880E-1
0.49419087, 0.30108851, 1.3726945, 0.39038575, 2.2678676, 1.4250128, 1.3573825, 0.50475883, 0.26146075E-1
0.49111003, 0.30112365, 1.3777900, 0.39048058, 2.2249424, 1.3982182, 1.3323551, 0.49559098, 0.25671327E-1
0.49579182, 0.30115670, 1.3827925, 0.39056781, 2.0882509, 1.3124572, 1.2509912, 0.46545273, 0.24110300E-1
0.46780550, 0.30118829, 1.3877561, 0.39064938, 1.7676538, 1.1110384, 1.0591539, 0.39417300, 0.20418119E-1
0.47039932, 0.30121878, 1.3927289, 0.39072791, 1.8426764, 1.1582323, 1.1041518, 0.41101265, 0.21290498E-1
0.47335085, 0.30124724, 1.3972481, 0.39079422, 1.5752981, 0.99018198, 0.94386733, 0.35142407, 0.18203877E-1
0.47432810, 0.30127615, 1.4020979, 0.39086664, 1.4888107, 0.93579853, 0.89182478, 0.33211169, 0.17203545E-1
0.48065570, 0.30130377, 1.4066119, 0.39093083, 1.6733588, 1.0517803, 1.0021515, 0.37327051, 0.19335661E-1
0.47540250, 0.30132851, 1.4103010, 0.39097533, 1.5102576, 0.94925237, 0.90429610, 0.33689001, 0.17451184E-1
0.47839323, 0.30135104, 1.4133670, 0.39100507, 1.5001452, 0.94286549, 0.89797157, 0.33459681, 0.17332446E-1
0.48316038, 0.30137283, 1.4163687, 0.39103171, 1.2329457, 0.77488446, 0.73772210, 0.27493274, 0.14241835E-1
0.47417006, 0.30140293, 1.4211631, 0.39110923, 1.7527561, 1.1015154, 1.0483116, 0.39075449, 0.20241594E-1
0.49417329, 0.30144408, 1.4265711, 0.39123175, 1.9977125, 1.2555312, 1.1950642, 0.44555929, 0.23080645E-1
0.55310178, 0.30146801, 1.4268475, 0.39123303, 1.7968465, 1.1293385, 1.0749878, 0.40088537, 0.20766556E-1
0.55150288, 0.30149403, 1.4277471, 0.39124945, 1.8371665, 1.1547132, 1.0990846, 0.40996382, 0.21236928E-1
0.54990530, 0.30152240, 1.4292834, 0.39128143, 1.8228852, 1.1457703, 1.0905181, 0.40686062, 0.21076268E-1
0.49054807, 0.30155331, 1.4315326, 0.39133108, 2.0775433, 1.3058975, 1.2430004, 0.46386182, 0.24029160E-1
0.46163419, 0.30158669, 1.4345229, 0.39139837, 2.5339606, 1.5929744, 1.5168624, 0.56622231, 0.29331839E-1
0.45798406, 0.30161840, 1.4372853, 0.39145756, 2.4299500, 1.5278213, 1.4556692, 0.54354876, 0.28157454E-1
0.63625455, 0.30164480, 1.4387302, 0.39148283, 1.5979214, 1.0047560, 0.95745289, 0.35760576, 0.18525133E-1
1.0824915, 0.30166522, 1.4385405, 0.39146760, 1.0951357, 0.68857366, 0.65570402, 0.24494514, 0.12688988E-1
1.2500913, 0.30167955, 1.4366689, 0.39141130, 0.99185842, 0.62357777, 0.59310198, 0.22158822, 0.11479049E-1
0.90795994, 0.30170196, 1.4374816, 0.39141536, 1.1959881, 0.75184661, 0.71436262, 0.26692784, 0.13827834E-1
0.73093909, 0.30173284, 1.4411641, 0.39148334, 1.2402021, 0.77958155, 0.74018037, 0.27661580, 0.14329745E-1
0.96963125, 0.30175862, 1.4434305, 0.39151716, 0.99021631, 0.62238264, 0.59041893, 0.22067760, 0.11431963E-1
1.0854582, 0.30177748, 1.4436541, 0.39150226, 0.86417288, 0.54309154, 0.51459754, 0.19235951, 0.99649969E-2
0.90901506, 0.30179825, 1.4447061, 0.39150396, 0.97010607, 0.60958511, 0.57693458, 0.21568443, 0.11173347E-1
0.78226000, 0.30182391, 1.4477024, 0.39154679, 1.0242640, 0.64353913, 0.60849887, 0.22751084, 0.11786032E-1
0.74332595, 0.30185014, 1.4511424, 0.39159706, 0.97944444, 0.61530286, 0.58128738, 0.21736164, 0.11260288E-1
0.76249474, 0.30187473, 1.4542198, 0.39163747, 0.88149846, 0.55369365, 0.52258760, 0.19543254, 0.10124288E-1
0.85048503, 0.30189657, 1.4565287, 0.39165953, 0.69049358, 0.43364698, 0.40883836, 0.15290704, 0.79212952E-2
0.87838244, 0.30191594, 1.4580797, 0.39166403, 0.70874524, 0.44502914, 0.41905949, 0.15674177, 0.81199668E-2
1.0102562, 0.30193233, 1.4587075, 0.39164746, 0.59672588, 0.37462282, 0.35230169, 0.13178144, 0.68269190E-2
0.92927819, 0.30194753, 1.4589953, 0.39162245, 0.67058772, 0.42091367, 0.39529902, 0.14787479, 0.76606483E-2
1.0411266, 0.30196199, 1.4590839, 0.39159238, 0.60631466, 0.38049990, 0.35685933, 0.13350399, 0.69161844E-2
0.93851972, 0.30198660, 1.4621308, 0.39163333, 0.88591278, 0.55587196, 0.52067256, 0.19480249, 0.10091781E-1
1.0062311, 0.30202234, 1.4674711, 0.39174101, 0.95346069, 0.59818089, 0.55970609, 0.20942575, 0.10849365E-1
1.1440462, 0.30204821, 1.4694082, 0.39177340, 0.83150584, 0.52159864, 0.48745498, 0.18240765, 0.94497027E-2
1.1636499, 0.30206674, 1.4693084, 0.39175570, 0.79313910, 0.49745989, 0.46428090, 0.17374951, 0.90011852E-2
0.99232715, 0.30208668, 1.4700575, 0.39175355, 0.81100154, 0.50858712, 0.47406274, 0.17742379, 0.91915550E-2
0.76738167, 0.30211288, 1.4732331, 0.39180243, 0.86459655, 0.54211563, 0.50478196, 0.18893567, 0.97879553E-2
0.90479547, 0.30213615, 1.4756552, 0.39183259, 0.73935783, 0.46351239, 0.43109635, 0.16136771, 0.83597945E-2
0.87570804, 0.30215773, 1.4777503, 0.39185321, 0.71290618, 0.44685179, 0.41511631, 0.15539637, 0.80504548E-2
0.91437870, 0.30217686, 1.4791658, 0.39185691, 0.65542537, 0.41074783, 0.38110012, 0.14267138, 0.73912321E-2
0.97132164, 0.30219361, 1.4799469, 0.39184502, 0.60003173, 0.37596154, 0.34836218, 0.13042262, 0.67566787E-2
0.97584289, 0.30220848, 1.4802563, 0.39182124, 0.58809143, 0.36840853, 0.34089869, 0.12763494, 0.66122659E-2
0.90596133, 0.30222398, 1.4809613, 0.39180440, 0.56614113, 0.35458747, 0.32767156, 0.12268869, 0.63560233E-2
0.85866976, 0.30224067, 1.4822371, 0.39179856, 0.56198859, 0.35191572, 0.32478637, 0.12161409, 0.63003558E-2
0.89992023, 0.30225512, 1.4827542, 0.39177614, 0.52640235, 0.32956311, 0.30374539, 0.11374047, 0.58924579E-2
1.0443954, 0.30226615, 1.4820361, 0.39172712, 0.45466369, 0.28458938, 0.26191208, 0.98079406E-1, 0.50811204E-2
1.0800635, 0.30227426, 1.4802018, 0.39165422, 0.44309196, 0.27728665, 0.25479573, 0.95417827E-1, 0.49432358E-2
1.0164816, 0.30228275, 1.4786375, 0.39158621, 0.43323925, 0.27106249, 0.24869683, 0.93136944E-1, 0.48250733E-2
0.78891510, 0.30229321, 1.4778856, 0.39153439, 0.51300418, 0.32090047, 0.29402509, 0.11011618, 0.57047070E-2
0.84979743, 0.30230257, 1.4767497, 0.39147410, 0.50641239, 0.31670967, 0.28980446, 0.10853945, 0.56230254E-2
0.86266690, 0.30230922, 1.4745562, 0.39139137, 0.50059348, 0.31300473, 0.28603438, 0.10713121, 0.55500730E-2
0.78653282, 0.30231488, 1.4720227, 0.39130124, 0.61112571, 0.38203961, 0.34867704, 0.13059823, 0.67658182E-2
0.76397628, 0.30231968, 1.4692376, 0.39120501, 0.62382352, 0.38990259, 0.35543656, 0.13313542, 0.68972646E-2
0.81511468, 0.30232248, 1.4656254, 0.39109123, 0.56168455, 0.35099661, 0.31958070, 0.11970953, 0.62017213E-2
0.88815802, 0.30232307, 1.4612036, 0.39096001, 0.45364571, 0.28342786, 0.25773689, 0.96547008E-1, 0.50017554E-2
0.91421467, 0.30232292, 1.4564595, 0.39082190, 0.45199075, 0.28233272, 0.25636217, 0.96034743E-1, 0.49752174E-2
0.71774477, 0.30233908, 1.4578561, 0.39081469, 0.69342369, 0.43306026, 0.39275739, 0.14713407, 0.76224944E-2
0.71222824, 0.30238163, 1.4664999, 0.39098617, 1.2720218, 0.79430968, 0.71978897, 0.26966074, 0.13970198E-1
0.63387334, 0.30242747, 1.4730531, 0.39114416, 1.4929687, 0.93224078, 0.84446269, 0.31639272, 0.16391257E-1
0.49454987, 0.30246028, 1.4756532, 0.39120948, 1.8809583, 1.1745042, 1.0638056, 0.39861074, 0.20650746E-1
0.47555023, 0.30249256, 1.4783260, 0.39127436, 2.1092610, 1.3171228, 1.1932334, 0.44715714, 0.23165856E-1
0.86062336, 0.30251756, 1.4790648, 0.39129058, 1.2797680, 0.79915720, 0.72391707, 0.27130970, 0.14055773E-1
1.4092003, 0.30252546, 1.4748275, 0.39118776, 0.84620434, 0.52837080, 0.47812763, 0.17920336, 0.92840279E-2
1.3736846, 0.30252817, 1.4691358, 0.39104879, 0.82517564, 0.51518250, 0.46555275, 0.17449789, 0.90402709E-2
1.1748902, 0.30253762, 1.4657335, 0.39096072, 1.1449213, 0.71474260, 0.64510638, 0.24180992, 0.12527556E-1
1.0633578, 0.30255449, 1.4650452, 0.39093089, 1.1014553, 0.68755782, 0.61996198, 0.23239796, 0.12039974E-1
0.87839007, 0.30257678, 1.4666907, 0.39094836, 1.1036803, 0.68888891, 0.62064272, 0.23266579, 0.12053868E-1
0.70580983, 0.30260041, 1.4692749, 0.39098185, 1.1034192, 0.68866515, 0.62001073, 0.23244117, 0.12042263E-1
0.60482097, 0.30262354, 1.4720961, 0.39101681, 1.2855910, 0.80229104, 0.72188747, 0.27064970, 0.14021792E-1
0.59531814, 0.30264390, 1.4742959, 0.39103538, 1.0265326, 0.64056188, 0.57604724, 0.21598293, 0.11189651E-1
0.88810915, 0.30265838, 1.4744848, 0.39100918, 0.77268559, 0.48209488, 0.43315455, 0.16241358, 0.84143402E-2
1.2207468, 0.30266279, 1.4710159, 0.39090392, 0.48403642, 0.30195105, 0.27094123, 0.10159376, 0.52633821E-2
1.0180008, 0.30266547, 1.4670194, 0.39078593, 0.60210675, 0.37553900, 0.33649138, 0.12617576, 0.65369355E-2
0.95326835, 0.30267125, 1.4643481, 0.39069429, 0.54355639, 0.33896160, 0.30332741, 0.11374280, 0.58928104E-2
1.1167156, 0.30267468, 1.4608458, 0.39058447, 0.56334758, 0.35123852, 0.31385839, 0.11769430, 0.60975323E-2
1.2013069, 0.30267450, 1.4559512, 0.39044487, 0.54050791, 0.33694190, 0.30064484, 0.11274165, 0.58409474E-2
1.1296947, 0.30267364, 1.4508709, 0.39030027, 0.57915175, 0.36097172, 0.32161790, 0.12060892, 0.62485398E-2
0.85751778, 0.30267677, 1.4475292, 0.39019018, 0.65265632, 0.40672091, 0.36194649, 0.13573524, 0.70322128E-2
0.75164032, 0.30268273, 1.4454889, 0.39010561, 0.71488863, 0.44543245, 0.39597586, 0.14850006, 0.76935412E-2
0.78266722, 0.30268914, 1.4437200, 0.39002588, 0.73592818, 0.45847145, 0.40714869, 0.15269357, 0.79108048E-2
0.86315095, 0.30269390, 1.4413157, 0.38993260, 0.56441426, 0.35156721, 0.31187937, 0.11696683, 0.60598655E-2
0.70568538, 0.30270368, 1.4409328, 0.38988119, 0.56512189, 0.35194460, 0.31183714, 0.11695288, 0.60591432E-2
0.68487096, 0.30273309, 1.4481620, 0.38999057, 0.64480567, 0.40149751, 0.35536602, 0.13328032, 0.69050444E-2
0.66618294, 0.30277541, 1.4597039, 0.39019743, 0.74009860, 0.46076137, 0.40744099, 0.15281376, 0.79170447E-2
0.53409207, 0.30281332, 1.4695098, 0.39036900, 0.86207646, 0.53661847, 0.47411627, 0.17782415, 0.92128050E-2
0.51984805, 0.30284658, 1.4775994, 0.39050421, 0.82235789, 0.51181811, 0.45186469, 0.16948165, 0.87806014E-2
0.50293255, 0.30287519, 1.4839420, 0.39060268, 0.95090604, 0.59173441, 0.52203488, 0.19580422, 0.10144346E-1
0.50503421, 0.30289906, 1.4885567, 0.39066443, 0.78772271, 0.49011719, 0.43209228, 0.16207160, 0.83967140E-2
0.51615959, 0.30292004, 1.4921513, 0.39070451, 0.85181224, 0.52990627, 0.46680054, 0.17509294, 0.90713408E-2
0.50251859, 0.30293986, 1.4952759, 0.39073479, 0.82009482, 0.51009536, 0.44901469, 0.16842423, 0.87258527E-2
0.53154796, 0.30295727, 1.4974406, 0.39074463, 0.78656310, 0.48915935, 0.43025252, 0.16138892, 0.83613675E-2
0.91430354, 0.30296874, 1.4972575, 0.39070645, 0.54095715, 0.33635816, 0.29553720, 0.11085809, 0.57434291E-2
1.0590519, 0.30297470, 1.4948475, 0.39062214, 0.57159036, 0.35533965, 0.31179646, 0.11695803, 0.60594594E-2
1.1548637, 0.30297688, 1.4908987, 0.39050522, 0.55786037, 0.34674430, 0.30382773, 0.11396973, 0.59046429E-2
1.0748444, 0.30297878, 1.4869664, 0.39038762, 0.60774964, 0.37769243, 0.33051306, 0.12398054, 0.64232950E-2
1.0810820, 0.30298066, 1.4830499, 0.39026958, 0.73172522, 0.45466754, 0.39735076, 0.14905335, 0.77222949E-2
1.0268494, 0.30298263, 1.4792238, 0.39015260, 0.75876826, 0.47140828, 0.41151226, 0.15436658, 0.79975724E-2
1.1332312, 0.30298340, 1.4749560, 0.39002606, 0.71402144, 0.44354835, 0.38672873, 0.14507052, 0.75159562E-2
1.2276822, 0.30298230, 1.4699432, 0.38988382, 0.65381855, 0.40609634, 0.35362241, 0.13265204, 0.68725720E-2
1.3745149, 0.30297941, 1.4641768, 0.38972551, 0.62456906, 0.38787618, 0.33727166, 0.12651879, 0.65548173E-2
1.4200374, 0.30297530, 1.4579535, 0.38955712, 0.63096899, 0.39180061, 0.34018379, 0.12761132, 0.66114236E-2
1.4038604, 0.30297080, 1.4516294, 0.38938579, 0.64559025, 0.40083024, 0.34752011, 0.13036332, 0.67540063E-2
1.5693645, 0.30296516, 1.4448560, 0.38920447, 0.53797066, 0.33397043, 0.28910142, 0.10844896, 0.56186444E-2
1.6404067, 0.30295837, 1.4376429, 0.38901344, 0.50243980, 0.31187326, 0.26952055, 0.10110348, 0.52380832E-2
1.6547931, 0.30295125, 1.4303126, 0.38881904, 0.52962619, 0.32870772, 0.28357998, 0.10637711, 0.55113067E-2
1.5852418, 0.30294454, 1.4232416, 0.38862884, 0.64476013, 0.40011925, 0.34462368, 0.12927535, 0.66976496E-2
1.5413966, 0.30293831, 1.4164083, 0.38844249, 0.69798326, 0.43310627, 0.37247702, 0.13972276, 0.72389250E-2
1.4530720, 0.30293259, 1.4098463, 0.38826081, 0.70039934, 0.43456537, 0.37321132, 0.13999708, 0.72531411E-2
1.5302783, 0.30292627, 1.4031001, 0.38807443, 0.64766711, 0.40181026, 0.34458172, 0.12925656, 0.66966857E-2
1.4878603, 0.30291963, 1.3962615, 0.38788524, 0.71155965, 0.44140953, 0.37800911, 0.14179410, 0.73462492E-2
1.5795336, 0.30291235, 1.3891879, 0.38769025, 0.72441560, 0.44934815, 0.38424787, 0.14413251, 0.74674049E-2
1.6121588, 0.30290437, 1.3818580, 0.38748920, 0.72423673, 0.44920456, 0.38356727, 0.14387529, 0.74540824E-2
1.6370080, 0.30289575, 1.3743306, 0.38728318, 0.66914606, 0.41500524, 0.35384712, 0.13272542, 0.68764174E-2
1.6041065, 0.30288669, 1.3666655, 0.38707352, 0.60449058, 0.37487638, 0.31915760, 0.11971193, 0.62022014E-2
1.5470017, 0.30287752, 1.3589959, 0.38686270, 0.85994530, 0.53326064, 0.45335910, 0.17004633, 0.88099968E-2
1.5646354, 0.30286789, 1.3511913, 0.38664806, 0.76043838, 0.47153312, 0.40035999, 0.15016428, 0.77799223E-2
1.6263802, 0.30285755, 1.3431445, 0.38642752, 0.49816877, 0.30888283, 0.26187682, 0.98221302E-1, 0.50887894E-2
1.6026821, 0.30284691, 1.3350291, 0.38620451, 0.52863133, 0.32774091, 0.27742532, 0.10405153, 0.53908504E-2
1.6610025, 0.30283606, 1.3268664, 0.38597941, 0.45756614, 0.28365603, 0.23972060, 0.89908615E-1, 0.46581132E-2
1.6891992, 0.30282477, 1.3186138, 0.38575143, 0.56452310, 0.34993112, 0.29524010, 0.11072970, 0.57368428E-2
1.6394552, 0.30281359, 1.3104026, 0.38552317, 0.57433784, 0.35599005, 0.29988974, 0.11247140, 0.58270795E-2
1.6500936, 0.30280223, 1.3022209, 0.38529441, 0.69949859, 0.43354157, 0.36466083, 0.13676021, 0.70854686E-2
1.6331656, 0.30279079, 1.2940421, 0.38506466, 0.74854034, 0.46391848, 0.38967177, 0.14613618, 0.75712358E-2
1.6132616, 0.30277908, 1.2858465, 0.38483346, 0.74069226, 0.45903799, 0.38504577, 0.14439701, 0.74811345E-2
1.6118394, 0.30276728, 1.2776374, 0.38460088, 0.53778142, 0.33326992, 0.27916053, 0.10468598, 0.54237270E-2
1.5908287, 0.30275545, 1.2694685, 0.38436806, 0.57627594, 0.35710341, 0.29868317, 0.11200440, 0.58028898E-2
1.5709685, 0.30274352, 1.2613733, 0.38413563, 0.57679516, 0.35740384, 0.29849237, 0.11193001, 0.57990360E-2
1.5435162, 0.30273166, 1.2533737, 0.38390410, 0.77933007, 0.48288137, 0.40273276, 0.15101390, 0.78239525E-2
1.5405445, 0.30271977, 1.2454067, 0.38367206, 0.93556249, 0.57967973, 0.48289528, 0.18106544, 0.93809105E-2
1.5390363, 0.30270770, 1.2374049, 0.38343832, 0.60279423, 0.37348890, 0.31075832, 0.11651688, 0.60366830E-2
0.92184615, 0.30271214, 1.2359123, 0.38334009, 1.1323813, 0.70159155, 0.58301079, 0.21858698, 0.11324884E-1
0.67287618, 0.30277410, 1.2520339, 0.38365605, 1.6341553, 1.0125339, 0.84142852, 0.31545278, 0.16343469E-1
0.77769637, 0.30282941, 1.2629781, 0.38388643, 1.4737062, 0.91317755, 0.75884277, 0.28446886, 0.14738212E-1
0.73866689, 0.30287653, 1.2714925, 0.38406017, 1.5018661, 0.93067282, 0.77327645, 0.28985780, 0.15017422E-1
0.67235816, 0.30291051, 1.2761652, 0.38414240, 1.5999882, 0.99153137, 0.82380754, 0.30877480, 0.15997512E-1
0.61132306, 0.30293903, 1.2791811, 0.38418567, 1.6763871, 1.0389447, 0.86326545, 0.32353723, 0.16762367E-1
0.59840316, 0.30296838, 1.2824428, 0.38423541, 1.7020018, 1.0548941, 0.87663889, 0.32852116, 0.17020604E-1
0.54496002, 0.30300105, 1.2865937, 0.38430730, 1.8611678, 1.1536392, 0.95891863, 0.35932297, 0.18616477E-1
0.46235701, 0.30303714, 1.2917384, 0.38440377, 2.0777316, 1.2880162, 1.0710937, 0.40131715, 0.20792233E-1
0.44920471, 0.30306932, 1.2957350, 0.38447329, 2.2319217, 1.3837881, 1.1514617, 0.43138334, 0.22350006E-1
0.41955292, 0.30310190, 1.2998474, 0.38454556, 2.7854908, 1.7273303, 1.4386917, 0.53892595, 0.27921865E-1
0.40761685, 0.30314469, 1.3071208, 0.38469216, 2.7991233, 1.7362014, 1.4478585, 0.54228884, 0.28096154E-1
0.42757091, 0.30318853, 1.3146684, 0.38484591, 2.7559764, 1.7098449, 1.4276305, 0.53464508, 0.27700191E-1
0.53281057, 0.30322540, 1.3199980, 0.38494930, 2.6924064, 1.6707746, 1.3964800, 0.52291697, 0.27092613E-1
0.50439781, 0.30326757, 1.3272969, 0.38509557, 1.8401103, 1.1420636, 0.95527685, 0.35767168, 0.18531205E-1
0.57179093, 0.30330518, 1.3335741, 0.38521397, 1.7683790, 1.0976188, 0.91831481, 0.34380639, 0.17812865E-1
0.52120805, 0.30334556, 1.3407044, 0.38535309, 1.8833032, 1.1690354, 0.97831738, 0.36624268, 0.18975340E-1
0.43805683, 0.30339146, 1.3492879, 0.38552901, 2.2313004, 1.3851969, 1.1598113, 0.43414980, 0.22493713E-1
0.42839879, 0.30343470, 1.3574241, 0.38569137, 2.5870433, 1.6062899, 1.3460090, 0.50380009, 0.26102416E-1
0.42042232, 0.30347508, 1.3652248, 0.38584048, 2.0249643, 1.2574806, 1.0545506, 0.39467347, 0.20448493E-1
0.42596754, 0.30351231, 1.3723052, 0.38597023, 2.0418699, 1.2680950, 1.0639913, 0.39817548, 0.20629980E-1
0.42092139, 0.30354890, 1.3795151, 0.38610023, 2.3914442, 1.4853691, 1.2470942, 0.46665880, 0.24178240E-1
0.43875888, 0.30358320, 1.3864574, 0.38621956, 2.8576241, 1.7752326, 1.4918689, 0.55819976, 0.28921163E-1
0.42625350, 0.30361092, 1.3917111, 0.38629654, 2.4626298, 1.5301518, 1.2872828, 0.48160613, 0.24952782E-1
0.41500115, 0.30363601, 1.3964680, 0.38635865, 1.4822309, 0.92106324, 0.77527058, 0.29002899, 0.15026885E-1
0.42083025, 0.30367130, 1.4036896, 0.38648635, 2.2130437, 1.3752280, 1.1577848, 0.43310079, 0.22439703E-1
0.42299974, 0.30372259, 1.4125739, 0.38668978, 3.1007004, 1.9272183, 1.6242797, 0.60755312, 0.31478450E-1
0.42364025, 0.30376381, 1.4183384, 0.38682115, 2.6219611, 1.6300234, 1.3754956, 0.51445001, 0.26654670E-1
0.42694640, 0.30379501, 1.4210057, 0.38688040, 2.6153407, 1.6261938, 1.3736193, 0.51370782, 0.26616268E-1
0.42146194, 0.30383763, 1.4270777, 0.38702106, 2.9649529, 1.8439467, 1.5592930, 0.58309966, 0.30211676E-1
0.42909530, 0.30388156, 1.4336414, 0.38717228, 2.5633919, 1.5945293, 1.3498971, 0.50475758, 0.26152663E-1
0.54732805, 0.30392233, 1.4390206, 0.38729867, 2.2110391, 1.3755388, 1.1653674, 0.43573055, 0.22576254E-1
0.56000793, 0.30396703, 1.4458419, 0.38745689, 2.7238040, 1.6947721, 1.4367892, 0.53718179, 0.27832769E-1
0.49959627, 0.30401421, 1.4542179, 0.38764283, 1.9654182, 1.2230628, 1.0376276, 0.38792205, 0.20099292E-1
0.43724468, 0.30405980, 1.4625610, 0.38782331, 2.6790726, 1.6673434, 1.4154603, 0.52914822, 0.27416660E-1
0.43456939, 0.30410346, 1.4705178, 0.38799343, 2.4784675, 1.5427327, 1.3108693, 0.49001998, 0.25389379E-1
0.47825596, 0.30415043, 1.4785117, 0.38817567, 3.0691671, 1.9107651, 1.6252732, 0.60751283, 0.31477116E-1
0.43821150, 0.30419484, 1.4864455, 0.38834935, 2.1422892, 1.3339427, 1.1357440, 0.42450893, 0.21995174E-1
0.44066140, 0.30423671, 1.4940645, 0.38851094, 2.1849556, 1.3606074, 1.1590358, 0.43319690, 0.22445375E-1
0.43832338, 0.30427891, 1.5022126, 0.38868096, 2.3023059, 1.4338034, 1.2220980, 0.45674822, 0.23665708E-1
0.42686740, 0.30431822, 1.5097640, 0.38883418, 2.7111051, 1.6886010, 1.4404328, 0.53832567, 0.27892586E-1
0.42632216, 0.30435199, 1.5158156, 0.38895053, 2.5920856, 1.6147205, 1.3787444, 0.51524889, 0.26696976E-1
0.42658547, 0.30438146, 1.5207920, 0.38903973, 2.2431581, 1.3975126, 1.1941706, 0.44625559, 0.23122231E-1
0.43693843, 0.30441314, 1.5258403, 0.38913777, 2.0914726, 1.3030746, 1.1139705, 0.41627219, 0.21568725E-1
0.48098531, 0.30445564, 1.5311956, 0.38927683, 2.2730505, 1.4163269, 1.2115000, 0.45270395, 0.23456451E-1
0.47850215, 0.30449802, 1.5361900, 0.38941115, 2.2890899, 1.4264417, 1.2208623, 0.45618901, 0.23637079E-1
0.45681772, 0.30454516, 1.5426958, 0.38958091, 2.4423442, 1.5220845, 1.3035648, 0.48707807, 0.25237614E-1
0.46818984, 0.30459335, 1.5495912, 0.38975921, 2.2432358, 1.3981279, 1.1981781, 0.44768834, 0.23196718E-1
0.51554501, 0.30463728, 1.5551112, 0.38990650, 2.0887418, 1.3019111, 1.1162261, 0.41705820, 0.21609683E-1
0.50494999, 0.30468073, 1.5601411, 0.39004686, 2.2376859, 1.3948276, 1.1964173, 0.44701067, 0.23161706E-1
0.49781391, 0.30473033, 1.5668480, 0.39022869, 2.2950327, 1.4306741, 1.2277967, 0.45872515, 0.23768736E-1
0.48169792, 0.30478463, 1.5750110, 0.39044529, 3.2433469, 2.0221300, 1.7369853, 0.64895111, 0.33625349E-1
0.44588277, 0.30483380, 1.5825317, 0.39063686, 2.6871669, 1.6756977, 1.4411430, 0.53841090, 0.27897796E-1
0.43705118, 0.30487844, 1.5895652, 0.39080808, 3.3449512, 2.0862682, 1.7963386, 0.67110080, 0.34773234E-1
0.43701702, 0.30491498, 1.5947835, 0.39092976, 3.3637078, 2.0984957, 1.8096070, 0.67604893, 0.35029750E-1
0.43751681, 0.30494398, 1.5981572, 0.39100349, 2.8243635, 1.7623860, 1.5217402, 0.56850153, 0.29457234E-1
0.43796435, 0.30497083, 1.6012173, 0.39106616, 2.8809173, 1.7979584, 1.5540795, 0.58058220, 0.30083302E-1
0.43832302, 0.30499488, 1.6037024, 0.39111260, 2.9212353, 1.8234218, 1.5777962, 0.58944404, 0.30542571E-1
0.43859702, 0.30501565, 1.6053487, 0.39113787, 2.3403869, 1.4610389, 1.2653364, 0.47271565, 0.24494268E-1
0.45632958, 0.30504176, 1.6087558, 0.39120305, 2.0823157, 1.2999854, 1.1263694, 0.42080176, 0.21804349E-1
0.44036993, 0.30508509, 1.6169701, 0.39138618, 2.2565846, 1.4088283, 1.2212025, 0.45623401, 0.23640372E-1
0.44136950, 0.30513227, 1.6244097, 0.39157358, 2.4233541, 1.5130584, 1.3123856, 0.49030444, 0.25405828E-1
0.44133574, 0.30515975, 1.6257867, 0.39161974, 2.8157637, 1.7582738, 1.5263906, 0.57026380, 0.29549124E-1
0.44193655, 0.30518949, 1.6288505, 0.39169472, 2.5243161, 1.5764552, 1.3696898, 0.51172864, 0.26516099E-1
0.44246754, 0.30521631, 1.6317974, 0.39175850, 2.1743963, 1.3580104, 1.1805863, 0.44108528, 0.22855654E-1
0.44334665, 0.30523700, 1.6331712, 0.39178234, 1.8237627, 1.1390225, 0.99048477, 0.37006596, 0.19175708E-1
0.45706645, 0.30525070, 1.6323907, 0.39175630, 1.7562871, 1.0968338, 0.95386481, 0.35638878, 0.18467039E-1
0.51145416, 0.30525950, 1.6298716, 0.39169177, 1.6570089, 1.0347811, 0.89990133, 0.33623096, 0.17422562E-1
0.47657886, 0.30528852, 1.6327965, 0.39176258, 2.6948791, 1.6829257, 1.4639285, 0.54697776, 0.28342964E-1
0.44438806, 0.30535531, 1.6465360, 0.39209494, 3.2125945, 2.0066226, 1.7476379, 0.65299910, 0.33836823E-1
0.44493473, 0.30538639, 1.6503276, 0.39218491, 2.6074364, 1.6288892, 1.4201751, 0.53065974, 0.27497593E-1
0.44526702, 0.30540979, 1.6521677, 0.39222476, 2.2994502, 1.4365834, 1.2533021, 0.46831942, 0.24267325E-1
0.44606748, 0.30545014, 1.6592710, 0.39238736, 2.7140880, 1.6957585, 1.4804165, 0.55320185, 0.28665837E-1
0.44733065, 0.30550483, 1.6695198, 0.39263770, 2.7509089, 1.7189655, 1.5020114, 0.56129187, 0.29085133E-1
0.44868386, 0.30556795, 1.6795846, 0.39291543, 3.3084877, 2.0677497, 1.8089167, 0.67600971, 0.35029754E-1
0.44996163, 0.30562583, 1.6880316, 0.39315605, 3.1468835, 1.9671425, 1.7231495, 0.64399117, 0.33370752E-1
0.45120776, 0.30568266, 1.6959996, 0.39338759, 3.3953304, 2.1228898, 1.8620861, 0.69595587, 0.36063656E-1
0.45217258, 0.30572969, 1.7018793, 0.39356098, 3.5174706, 2.1997752, 1.9324011, 0.72228497, 0.37428174E-1
0.45282388, 0.30576524, 1.7054209, 0.39366674, 2.9831600, 1.8660004, 1.6413641, 0.61354566, 0.31793531E-1
0.45325884, 0.30579290, 1.7075211, 0.39372844, 2.5495358, 1.5949433, 1.4041889, 0.52492261, 0.27201239E-1
0.45359054, 0.30581686, 1.7090424, 0.39377055, 2.1771464, 1.3620300, 1.1997494, 0.44852331, 0.23242336E-1
0.45499519, 0.30585307, 1.7143670, 0.39390135, 2.6019697, 1.6278486, 1.4346076, 0.53635573, 0.27793868E-1
0.45567665, 0.30591661, 1.7253376, 0.39419451, 3.4280727, 2.1450210, 1.8925076, 0.70760453, 0.36668103E-1
0.45690039, 0.30597314, 1.7332301, 0.39442697, 3.1733561, 1.9860349, 1.7545643, 0.65608662, 0.33998597E-1
0.45826501, 0.30602953, 1.7406697, 0.39465383, 3.0155184, 1.8875591, 1.6694883, 0.62432969, 0.32353085E-1
0.45944622, 0.30608952, 1.7489374, 0.39490336, 2.9986336, 1.8772593, 1.6621501, 0.62164152, 0.32213923E-1
0.46070990, 0.30614862, 1.7568669, 0.39514655, 3.2532341, 2.0369697, 1.8056173, 0.67536443, 0.34998044E-1
0.46181348, 0.30620119, 1.7631515, 0.39534786, 3.6819987, 2.3059373, 2.0469677, 0.76572573, 0.39680853E-1
0.46266612, 0.30624476, 1.7677730, 0.39549860, 3.1053414, 1.9452041, 1.7291727, 0.64692289, 0.33524513E-1
0.46330333, 0.30628049, 1.7711983, 0.39560845, 2.8471353, 1.7836915, 1.5871935, 0.59386975, 0.30775378E-1
0.46472701, 0.30631974, 1.7756293, 0.39574283, 2.8419333, 1.7805864, 1.5857372, 0.59338909, 0.30750584E-1
0.46538237, 0.30638149, 1.7843912, 0.39600700, 3.3034143, 2.0700440, 1.8455974, 0.69071257, 0.35794247E-1
0.46648973, 0.30643460, 1.7906890, 0.39621216, 3.5364003, 2.2164876, 1.9788615, 0.74068946, 0.38384344E-1
0.46743101, 0.30648172, 1.7957749, 0.39638248, 3.1258097, 1.9595239, 1.7517666, 0.65578103, 0.33984363E-1
0.46840197, 0.30652976, 1.8017843, 0.39656788, 3.0325930, 1.9013252, 1.7014700, 0.63703883, 0.33013251E-1
0.46963593, 0.30658785, 1.8095498, 0.39680940, 3.3793492, 2.1190746, 1.8985806, 0.71094126, 0.36843281E-1
0.47074217, 0.30664128, 1.8159504, 0.39701852, 3.5336814, 2.2163005, 1.9884396, 0.74471104, 0.38593557E-1
0.47143209, 0.30667952, 1.8192201, 0.39713842, 3.1496978, 1.9758310, 1.7749839, 0.66487652, 0.34456428E-1
0.47189429, 0.30670950, 1.8210232, 0.39721239, 2.5337756, 1.5895978, 1.4292179, 0.53543597, 0.27748469E-1
0.47266144, 0.30675066, 1.8258129, 0.39736095, 2.9270992, 1.8364339, 1.6522249, 0.61906856, 0.32082792E-1
0.47401720, 0.30681086, 1.8336959, 0.39761233, 3.2874389, 2.0628192, 1.8579915, 0.69628012, 0.36084414E-1
0.47528070, 0.30686638, 1.8399359, 0.39782882, 3.2049603, 2.0113761, 1.8137723, 0.67982852, 0.35231989E-1
0.47621852, 0.30692047, 1.8458780, 0.39803648, 3.7108228, 2.3292873, 2.1032507, 0.78847998, 0.40863071E-1
0.47695759, 0.30696094, 1.8490325, 0.39816436, 3.1888666, 2.0020509, 1.8102436, 0.67877066, 0.35177581E-1
0.47750396, 0.30699444, 1.8513125, 0.39825797, 2.7925239, 1.7533931, 1.5868711, 0.59512007, 0.30842511E-1
0.47794411, 0.30702400, 1.8530536, 0.39833209, 2.4591174, 1.5441072, 1.3983244, 0.52449220, 0.27182322E-1
0.47824579, 0.30704853, 1.8537158, 0.39837593, 2.1883574, 1.3740631, 1.2447655, 0.46696025, 0.24200760E-1
0.47900295, 0.30706739, 1.8528321, 0.39838165, 1.8969741, 1.1910131, 1.0790405, 0.40484083, 0.20981425E-1
0.49244636, 0.30708197, 1.8506333, 0.39835668, 1.8189697, 1.1419144, 1.0344903, 0.38816991, 0.20117493E-1
0.54259837, 0.30709255, 1.8470974, 0.39830139, 1.6425332, 1.0310168, 0.93384528, 0.35044175, 0.18162232E-1
0.66324002, 0.30709970, 1.8423721, 0.39821982, 1.4759514, 0.92631125, 0.83868366, 0.31476015, 0.16313016E-1
0.83820641, 0.30710298, 1.8361915, 0.39810658, 1.4758486, 0.92609358, 0.83799464, 0.31452873, 0.16301073E-1
0.99477202, 0.30710292, 1.8287778, 0.39796677, 1.4331543, 0.89916718, 0.81306374, 0.30519709, 0.15817486E-1
0.55805564, 0.30711946, 1.8275994, 0.39795905, 1.7895678, 1.1226239, 1.0145599, 0.38086694, 0.19739294E-1
0.47703332, 0.30718473, 1.8426908, 0.39831606, 2.2550073, 1.4144895, 1.2784072, 0.47997037, 0.24875641E-1
0.47902858, 0.30727261, 1.8591043, 0.39876702, 3.0664358, 1.9236051, 1.7398335, 0.65330899, 0.33859499E-1
0.48023927, 0.30733061, 1.8659288, 0.39899972, 3.6623664, 2.2978277, 2.0808887, 0.78152889, 0.40505063E-1
0.48118654, 0.30737901, 1.8705889, 0.39917406, 3.7879093, 2.3771460, 2.1560395, 0.80993605, 0.41977614E-1
0.48196241, 0.30742115, 1.8740846, 0.39931336, 3.3605347, 2.1093869, 1.9159377, 0.71990079, 0.37311483E-1
0.48250318, 0.30745471, 1.8762708, 0.39940786, 2.6207421, 1.6451912, 1.4957050, 0.56210947, 0.29133527E-1
0.48291594, 0.30748364, 1.8777231, 0.39947769, 2.3078864, 1.4487870, 1.3177264, 0.49530160, 0.25671072E-1
0.48322973, 0.30750895, 1.8785156, 0.39952737, 2.1733611, 1.3642750, 1.2411649, 0.46659234, 0.24183189E-1
0.48464730, 0.30752823, 1.8776002, 0.39953566, 1.9528815, 1.2257757, 1.1152624, 0.41931841, 0.21733100E-1
0.49948496, 0.30754244, 1.8750763, 0.39950675, 1.7894551, 1.1230692, 1.0217341, 0.38420066, 0.19913025E-1
0.54195184, 0.30755278, 1.8713055, 0.39944971, 1.6200516, 1.0166080, 0.92466438, 0.34773839, 0.18023254E-1
0.62857664, 0.30756032, 1.8665444, 0.39937055, 1.6730535, 1.0497080, 0.95444232, 0.35897508, 0.18605703E-1
0.76299179, 0.30756414, 1.8603916, 0.39926127, 1.4775430, 0.92690033, 0.84239209, 0.31686392, 0.16423129E-1
0.51097047, 0.30759802, 1.8632922, 0.39936393, 2.6111243, 1.6378517, 1.4882367, 0.55986834, 0.29018210E-1
0.48486850, 0.30769792, 1.8825982, 0.39989212, 3.6761270, 2.3062632, 2.0980499, 0.78943467, 0.40916972E-1
0.48605686, 0.30775547, 1.8896118, 0.40012723, 3.5787749, 2.2456722, 2.0459118, 0.76999992, 0.39909922E-1
0.48683795, 0.30779821, 1.8933392, 0.40027213, 3.2615101, 2.0469499, 1.8672475, 0.70292008, 0.36433347E-1
0.48739842, 0.30783105, 1.8952210, 0.40036127, 2.8307521, 1.7767798, 1.6223029, 0.61083978, 0.31660885E-1
0.48766536, 0.30785683, 1.8956044, 0.40040824, 2.3729339, 1.4894545, 1.3607292, 0.51244390, 0.26561001E-1
0.48788935, 0.30787915, 1.8953547, 0.40043601, 2.0513771, 1.2875475, 1.1765171, 0.44313982, 0.22968933E-1
0.48854098, 0.30789843, 1.8943775, 0.40044451, 1.9118334, 1.1998403, 1.0963637, 0.41300735, 0.21407181E-1
0.49591202, 0.30791473, 1.8925148, 0.40043205, 1.6768525, 1.0522319, 0.96134049, 0.36218917, 0.18773209E-1
0.50568461, 0.30792952, 1.8902810, 0.40040991, 1.3448774, 0.84375560, 0.77054179, 0.29033577, 0.15048902E-1
0.55225444, 0.30794397, 1.8879427, 0.40038440, 1.4577916, 0.91441059, 0.83463413, 0.31451565, 0.16302260E-1
0.62544888, 0.30795309, 1.8837106, 0.40031815, 1.1601104, 0.72753543, 0.66364837, 0.25010541, 0.12963722E-1
0.69511485, 0.30796066, 1.8788975, 0.40023854, 1.1510397, 0.72167152, 0.65774930, 0.24790134, 0.12849507E-1
0.68148780, 0.30796757, 1.8739156, 0.40015438, 1.2148135, 0.76147580, 0.69342494, 0.26136741, 0.13547529E-1
0.51684666, 0.30798709, 1.8738441, 0.40017334, 1.4442658, 0.90511346, 0.82370889, 0.31050095, 0.16094323E-1
0.51302350, 0.30801797, 1.8779883, 0.40028188, 1.4050264, 0.88036072, 0.80083227, 0.30190492, 0.15648803E-1
0.49709517, 0.30804557, 1.8808215, 0.40036371, 1.5076984, 0.94450420, 0.85875058, 0.32376900, 0.16782144E-1
0.49296468, 0.30808154, 1.8865831, 0.40051013, 1.5930148, 0.99778730, 0.90689713, 0.34195426, 0.17724805E-1
0.50401241, 0.30810305, 1.8869990, 0.40054247, 1.3276925, 0.83144522, 0.75537324, 0.28484654, 0.14764727E-1
0.50564909, 0.30812240, 1.8866373, 0.40055788, 1.3279048, 0.83139694, 0.75489092, 0.28468764, 0.14756525E-1
0.53933561, 0.30814162, 1.8862500, 0.40057245, 1.4097613, 0.88246793, 0.80084008, 0.30204087, 0.15656050E-1
0.53077281, 0.30815786, 1.8847390, 0.40056327, 1.4575176, 0.91217530, 0.82733423, 0.31205958, 0.16175412E-1
0.48933786, 0.30818900, 1.8886032, 0.40067011, 1.7062184, 1.0676548, 0.96805501, 0.36517113, 0.18928466E-1
0.49009556, 0.30822173, 1.8927943, 0.40078658, 1.7749681, 1.1105286, 1.0067561, 0.37980831, 0.19687230E-1
0.49770990, 0.30824447, 1.8932520, 0.40082395, 1.9403214, 1.2138110, 1.1001750, 0.41509575, 0.21516416E-1
0.49066114, 0.30829775, 1.9016572, 0.40106246, 2.9070139, 1.8185627, 1.6490818, 0.62228405, 0.32256119E-1
0.49164873, 0.30835104, 1.9084920, 0.40128174, 2.9835789, 1.8666096, 1.6940757, 0.63937247, 0.33142086E-1
0.49265409, 0.30840236, 1.9131712, 0.40146860, 3.6759243, 2.3001266, 2.0900316, 0.78896821, 0.40896695E-1
0.49330968, 0.30844089, 1.9146160, 0.40157279, 3.7073176, 2.3202801, 2.1114981, 0.79725224, 0.41326407E-1
0.49387190, 0.30847609, 1.9154354, 0.40165782, 3.3828585, 2.1176195, 1.9296992, 0.72877330, 0.37776992E-1
0.49565578, 0.30851486, 1.9169732, 0.40176395, 3.2533643, 2.0368729, 1.8583063, 0.70196247, 0.36387470E-1
0.49561810, 0.30856135, 1.9201044, 0.40191576, 3.1170435, 1.9517740, 1.7825439, 0.67348653, 0.34911588E-1
0.49615645, 0.30860400, 1.9226011, 0.40204662, 2.9866686, 1.8703191, 1.7097186, 0.64610523, 0.33492431E-1
0.49674088, 0.30864009, 1.9240117, 0.40214285, 2.5051677, 1.5688636, 1.4351133, 0.54243457, 0.28118562E-1
0.49969244, 0.30868158, 1.9266667, 0.40227258, 2.5042863, 1.5682940, 1.4351897, 0.54255819, 0.28125102E-1
0.49842513, 0.30873168, 1.9305462, 0.40244609, 3.0212312, 1.8921037, 1.7326474, 0.65513515, 0.33961050E-1
0.49920601, 0.30877525, 1.9327910, 0.40257785, 3.5165040, 2.2025709, 2.0191357, 0.76363677, 0.39585862E-1
0.49977913, 0.30881125, 1.9333117, 0.40266287, 3.2120128, 2.0121686, 1.8467858, 0.69862545, 0.36216035E-1
0.50023949, 0.30884299, 1.9333434, 0.40272793, 2.8823447, 1.8058305, 1.6589415, 0.62770784, 0.32539953E-1
0.50079286, 0.30887833, 1.9347804, 0.40282193, 2.7436869, 1.7190092, 1.5801584, 0.59802485, 0.31001385E-1
0.50484544, 0.30892950, 1.9391792, 0.40300605, 2.6328752, 1.6496549, 1.5173910, 0.57438737, 0.29776204E-1
0.50366163, 0.30897003, 1.9402118, 0.40311334, 2.6940448, 1.6880085, 1.5535090, 0.58817917, 0.30491360E-1
0.50555307, 0.30901849, 1.9434493, 0.40327427, 2.7138209, 1.7004420, 1.5658600, 0.59297925, 0.30740399E-1
0.50525659, 0.30906546, 1.9462600, 0.40342510, 2.8074496, 1.7591698, 1.6209553, 0.61397552, 0.31829063E-1
0.50512052, 0.30911276, 1.9492794, 0.40357971, 2.9125717, 1.8251380, 1.6829406, 0.63759786, 0.33053882E-1
0.50591189, 0.30915794, 1.9521210, 0.40372545, 2.9190190, 1.8292816, 1.6880022, 0.63966441, 0.33161242E-1
0.50680470, 0.30920586, 1.9551849, 0.40388295, 2.9096215, 1.8235135, 1.6839783, 0.63829011, 0.33090211E-1
0.50820416, 0.30924863, 1.9567437, 0.40400505, 2.7480729, 1.7223507, 1.5916528, 0.60343522, 0.31283472E-1
0.50862473, 0.30928904, 1.9576620, 0.40411118, 2.8790770, 1.8045256, 1.6686686, 0.63278091, 0.32805037E-1
0.50900930, 0.30933350, 1.9600954, 0.40424943, 2.9886863, 1.8733369, 1.7335888, 0.65756041, 0.34089912E-1
0.51023751, 0.30937961, 1.9627448, 0.40439612, 3.1384838, 1.9674033, 1.8222187, 0.69135720, 0.35842292E-1
0.51082277, 0.30942109, 1.9644979, 0.40451637, 3.0291884, 1.8990699, 1.7605118, 0.66812229, 0.34637980E-1
0.51100624, 0.30945262, 1.9644396, 0.40458083, 2.6696966, 1.6737759, 1.5527207, 0.58941102, 0.30557487E-1
0.51121795, 0.30947763, 1.9633379, 0.40461063, 2.3233607, 1.4566050, 1.3517498, 0.51323551, 0.26608387E-1
0.51146585, 0.30950093, 1.9620681, 0.40463239, 2.3075745, 1.4465940, 1.3426336, 0.50987798, 0.26434459E-1
0.51216394, 0.30954340, 1.9650499, 0.40477100, 3.0530734, 1.9140053, 1.7775177, 0.67518800, 0.35005126E-1
0.51267534, 0.30957809, 1.9658312, 0.40485647, 2.6749930, 1.6770667, 1.5585556, 0.59216702, 0.30701118E-1
0.51299864, 0.30960613, 1.9653311, 0.40490362, 2.4609463, 1.5428545, 1.4344237, 0.54512960, 0.28262610E-1
0.51351833, 0.30963123, 1.9643378, 0.40493461, 2.2051368, 1.3824049, 1.2855377, 0.48865101, 0.25334578E-1
0.51345152, 0.30965444, 1.9631739, 0.40495723, 2.0136499, 1.2622436, 1.1738359, 0.44627658, 0.23137748E-1
0.51357114, 0.30967459, 1.9614410, 0.40496272, 1.7177885, 1.0766306, 1.0010350, 0.38064402, 0.19735044E-1
0.51366955, 0.30969402, 1.9597822, 0.40496626, 1.6268998, 1.0194801, 0.94754851, 0.36035964, 0.18683448E-1
0.51480091, 0.30971134, 1.9575934, 0.40495628, 1.5143412, 0.94875818, 0.88142222, 0.33525825, 0.17382091E-1
0.52436179, 0.30972514, 1.9542422, 0.40491948, 1.3772060, 0.86265045, 0.80098075, 0.30470034, 0.15797811E-1
0.55127931, 0.30973631, 1.9500988, 0.40486419, 1.2249062, 0.76706374, 0.71173221, 0.27078030, 0.14039194E-1
0.60419345, 0.30974621, 1.9455748, 0.40479943, 1.1670469, 0.73063886, 0.67738461, 0.25773904, 0.13363080E-1
0.66692930, 0.30975434, 1.9404640, 0.40472093, 1.1373947, 0.71188444, 0.65940523, 0.25092256, 0.13009700E-1
0.67989790, 0.30976152, 1.9351357, 0.40463698, 1.1152360, 0.69783199, 0.64579070, 0.24576487, 0.12742318E-1
0.77628213, 0.30976790, 1.9294763, 0.40454510, 0.98693120, 0.61737823, 0.57074732, 0.21722470, 0.11262610E-1
0.82677162, 0.30977148, 1.9227811, 0.40443075, 0.81461370, 0.50943524, 0.47038415, 0.17903972, 0.92828227E-2
0.80873001, 0.30977768, 1.9172033, 0.40433836, 0.74121487, 0.46338841, 0.42730924, 0.16265418, 0.84332852E-2
0.64231539, 0.30979624, 1.9162688, 0.40434432, 0.91750783, 0.57341450, 0.52807021, 0.20102108, 0.10422554E-1
0.56395710, 0.30984533, 1.9263290, 0.40458816, 1.0593463, 0.66188312, 0.60900313, 0.23184690, 0.12020836E-1
0.54676425, 0.30988693, 1.9335675, 0.40477294, 1.1526431, 0.71998072, 0.66189027, 0.25200123, 0.13065834E-1
0.53459865, 0.30992147, 1.9382349, 0.40490285, 1.1672550, 0.72891790, 0.66957223, 0.25494713, 0.13218606E-1
0.53157210, 0.30994663, 1.9395152, 0.40495971, 1.0850497, 0.67740321, 0.62174803, 0.23675632, 0.12275473E-1
0.58492273, 0.30996436, 1.9381406, 0.40495935, 0.98247671, 0.61319280, 0.56229806, 0.21413356, 0.11102541E-1
0.65995413, 0.30997664, 1.9347298, 0.40491509, 0.88000727, 0.54907531, 0.50297540, 0.19155450, 0.99318661E-2
0.76909155, 0.30998504, 1.9299051, 0.40484029, 0.81990594, 0.51141876, 0.46792498, 0.17821574, 0.92402883E-2
0.86496747, 0.30999035, 1.9239303, 0.40474057, 0.76390600, 0.47634375, 0.43527389, 0.16578847, 0.85959686E-2
0.74862677, 0.30999684, 1.9184426, 0.40465039, 0.84358287, 0.52585977, 0.47984728, 0.18277475, 0.94767082E-2
0.52356565, 0.31005794, 1.9310113, 0.40496561, 1.7827100, 1.1110370, 1.0131458, 0.38593921, 0.20010665E-1
0.54464519, 0.31014073, 1.9467156, 0.40539348, 2.1899750, 1.3647395, 1.2445041, 0.47412720, 0.24583250E-1
0.72154784, 0.31018937, 1.9500424, 0.40555504, 1.8288256, 1.1395826, 1.0391086, 0.39592412, 0.20528542E-1
0.70172817, 0.31023017, 1.9511493, 0.40566316, 1.9570370, 1.2193369, 1.1115222, 0.42356262, 0.21961682E-1
0.58397645, 0.31027541, 1.9539973, 0.40580779, 2.1218710, 1.3219239, 1.2049494, 0.45921957, 0.23810606E-1
0.53372759, 0.31031814, 1.9569403, 0.40594521, 2.2506516, 1.4020671, 1.2781498, 0.48717982, 0.25260471E-1
0.52919078, 0.31035274, 1.9582880, 0.40603611, 2.0446568, 1.2736455, 1.1611807, 0.44265214, 0.22951806E-1
0.52637678, 0.31038204, 1.9586372, 0.40609676, 1.8519007, 1.1534475, 1.0515143, 0.40089220, 0.20786621E-1
0.52877820, 0.31040886, 1.9586439, 0.40614471, 1.6833365, 1.0483065, 0.95543671, 0.36430037, 0.18889373E-1
0.52132642, 0.31043446, 1.9586052, 0.40618795, 1.5009024, 0.93452913, 0.85140836, 0.32466552, 0.16834311E-1
0.52838850, 0.31046122, 1.9590536, 0.40624115, 1.4610187, 0.90951288, 0.82820529, 0.31584445, 0.16376980E-1
0.54270351, 0.31049091, 1.9602389, 0.40631330, 1.5070947, 0.93801165, 0.85373282, 0.32560697, 0.16883230E-1
0.55966079, 0.31051958, 1.9611531, 0.40637869, 1.4126737, 0.87906688, 0.79965609, 0.30500743, 0.15815154E-1
0.56830716, 0.31054461, 1.9610868, 0.40642005, 1.3106192, 0.81538296, 0.74126226, 0.28275591, 0.14661415E-1
0.55951750, 0.31056616, 1.9600369, 0.40643731, 1.2235609, 0.76104206, 0.69137466, 0.26374424, 0.13675661E-1
0.53917742, 0.31058624, 1.9587016, 0.40644604, 1.1582570, 0.72024506, 0.65382266, 0.24943461, 0.12933710E-1
0.53427392, 0.31060576, 1.9573219, 0.40645233, 1.1620237, 0.72240126, 0.65526396, 0.24999942, 0.12963028E-1
0.53671205, 0.31062281, 1.9551419, 0.40644023, 1.1183758, 0.69508696, 0.62998766, 0.24036971, 0.12463737E-1
0.53700292, 0.31063756, 1.9522449, 0.40641138, 1.0360481, 0.64374691, 0.58296472, 0.22244008, 0.11534067E-1
0.56413263, 0.31065097, 1.9489731, 0.40637335, 0.91985482, 0.57138687, 0.51694632, 0.19725879, 0.10228380E-1
0.55793643, 0.31066290, 1.9452010, 0.40632376, 0.90356010, 0.56110376, 0.50714833, 0.19352816, 0.10034958E-1
0.56876922, 0.31067517, 1.9416353, 0.40627745, 0.96041107, 0.59623539, 0.53836906, 0.20545051, 0.10653186E-1
0.57264501, 0.31068778, 1.9382418, 0.40623435, 1.0612475, 0.65864652, 0.59413528, 0.22674160, 0.11757215E-1
0.52807111, 0.31071988, 1.9414870, 0.40633795, 1.3576572, 0.84242535, 0.75941610, 0.28983301, 0.15028720E-1
0.55938202, 0.31075251, 1.9446510, 0.40644282, 1.3127726, 0.81440318, 0.73371297, 0.28003871, 0.14520891E-1
0.72527021, 0.31077954, 1.9457042, 0.40650260, 1.0131285, 0.62836486, 0.56564015, 0.21589993, 0.11195118E-1
0.80837041, 0.31080294, 1.9454722, 0.40653449, 0.92472231, 0.57338071, 0.51557910, 0.19679940, 0.10204715E-1
0.74405849, 0.31082529, 1.9450454, 0.40656060, 0.94037908, 0.58293027, 0.52357531, 0.19985835, 0.10363352E-1
0.73496580, 0.31084734, 1.9446759, 0.40658650, 0.81092906, 0.50254828, 0.45089516, 0.17212032, 0.89250579E-2
0.86951858, 0.31086576, 1.9430096, 0.40658394, 0.69667220, 0.43160796, 0.38671803, 0.14762571, 0.76549384E-2
0.82891035, 0.31088227, 1.9408360, 0.40656915, 0.67377502, 0.41729391, 0.37337786, 0.14253634, 0.73910444E-2
0.78793585, 0.31089801, 1.9384627, 0.40654877, 0.69613260, 0.43100899, 0.38514316, 0.14703067, 0.76241046E-2
0.85571212, 0.31091079, 1.9350595, 0.40650550, 0.67022395, 0.41483971, 0.37018037, 0.14132127, 0.73280581E-2
0.82988930, 0.31092212, 1.9312170, 0.40645182, 0.66488922, 0.41141155, 0.36661485, 0.13996252, 0.72576087E-2
0.77955103, 0.31093299, 1.9273232, 0.40639597, 0.67549849, 0.41784889, 0.37185284, 0.14196455, 0.73614293E-2
0.80320859, 0.31094277, 1.9230617, 0.40633136, 0.67988652, 0.42043623, 0.37366188, 0.14265737, 0.73973625E-2
0.81192285, 0.31095099, 1.9182614, 0.40625441, 0.67267084, 0.41585031, 0.36909828, 0.14091705, 0.73071271E-2
0.89423275, 0.31095728, 1.9127421, 0.40616164, 0.63745850, 0.39396486, 0.34919226, 0.13331877, 0.69131325E-2
0.94128668, 0.31096220, 1.9067403, 0.40605795, 0.62034541, 0.38327551, 0.33922842, 0.12951605, 0.67159510E-2
0.96137196, 0.31096667, 1.9006201, 0.40595081, 0.62053788, 0.38328290, 0.33874047, 0.12933095, 0.67063579E-2
1.0067642, 0.31097037, 1.8942418, 0.40583712, 0.58853203, 0.36340868, 0.32069787, 0.12244325, 0.63492064E-2
1.0519370, 0.31097272, 1.8873887, 0.40571284, 0.55734122, 0.34405163, 0.30315635, 0.11574660, 0.60019605E-2
1.0043592, 0.31097528, 1.8806458, 0.40558970, 0.63164985, 0.38981280, 0.34295627, 0.13094310, 0.67899679E-2
1.2068975, 0.31097692, 1.8736126, 0.40545967, 0.53069776, 0.32742220, 0.28761542, 0.10981404, 0.56943367E-2
1.3037412, 0.31097701, 1.8659639, 0.40531594, 0.47796965, 0.29480875, 0.25851229, 0.98702490E-1, 0.51181549E-2
1.2046661, 0.31097746, 1.8585727, 0.40517625, 0.51721078, 0.31892508, 0.27917928, 0.10659350, 0.55273413E-2
1.2261820, 0.31097829, 1.8514298, 0.40504053, 0.53809029, 0.33171132, 0.28988954, 0.11068281, 0.57393918E-2
1.2557906, 0.31097841, 1.8440403, 0.40489867, 0.55493712, 0.34200737, 0.29838204, 0.11392523, 0.59075276E-2
0.89455009, 0.31098485, 1.8392247, 0.40480950, 0.62470019, 0.38490158, 0.33527654, 0.12801157, 0.66379714E-2
0.81830347, 0.31100866, 1.8411996, 0.40486160, 0.60370541, 0.37186819, 0.32351005, 0.12351856, 0.64049927E-2
0.96220207, 0.31102467, 1.8401580, 0.40485069, 0.57398868, 0.35346773, 0.30707005, 0.11724109, 0.60794805E-2
0.77409893, 0.31103706, 1.8377678, 0.40481105, 0.63456017, 0.39066580, 0.33894092, 0.12940878, 0.67104339E-2
0.78574347, 0.31104845, 1.8349978, 0.40476289, 0.72974527, 0.44915146, 0.38921279, 0.14860152, 0.77056703E-2
0.91443723, 0.31105548, 1.8305184, 0.40467888, 0.69368565, 0.42685208, 0.36942914, 0.14104679, 0.73139286E-2
1.0192719, 0.31105834, 1.8243887, 0.40455985, 0.64378905, 0.39605308, 0.34231219, 0.13069236, 0.67770071E-2
1.1539501, 0.31105849, 1.8172355, 0.40441898, 0.54631776, 0.33600819, 0.28998506, 0.11071317, 0.57409951E-2
1.0793705, 0.31105876, 1.8101399, 0.40427834, 0.58863807, 0.36194813, 0.31189197, 0.11907585, 0.61746389E-2
1.0751611, 0.31106070, 1.8038232, 0.40415260, 0.70854825, 0.43557864, 0.37481022, 0.14309528, 0.74201603E-2
1.6149250, 0.31105864, 1.7958714, 0.40399238, 0.47189113, 0.29003179, 0.24916638, 0.95125630E-1, 0.49327118E-2
2.2083707, 0.31105042, 1.7854453, 0.40378070, 0.32377750, 0.19895642, 0.17055359, 0.65112568E-1, 0.33763933E-2
2.0667894, 0.31104016, 1.7742432, 0.40355176, 0.32910332, 0.20218720, 0.17291382, 0.66013068E-1, 0.34230887E-2
2.0719392, 0.31103089, 1.7634895, 0.40333018, 0.32209095, 0.19783814, 0.16880353, 0.64443260E-1, 0.33416864E-2
2.1293087, 0.31102145, 1.7527779, 0.40310794, 0.33298564, 0.20448868, 0.17407325, 0.66454366E-1, 0.34459713E-2
2.3869624, 0.31101021, 1.7414027, 0.40287077, 0.26396137, 0.16206947, 0.13762531, 0.52539390E-1, 0.27244147E-2
2.3762600, 0.31099772, 1.7295762, 0.40262276, 0.27365690, 0.16799156, 0.14228953, 0.54319438E-1, 0.28167185E-2
2.1926467, 0.31098640, 1.7183579, 0.40238538, 0.29516089, 0.18115927, 0.15307109, 0.58434643E-1, 0.30301111E-2
2.1387534, 0.31097600, 1.7076154, 0.40215629, 0.29056484, 0.17830518, 0.15030181, 0.57376754E-1, 0.29752550E-2
1.9744238, 0.31096646, 1.6973329, 0.40193492, 0.30354819, 0.18623769, 0.15663318, 0.59792880E-1, 0.31005419E-2
1.9434645, 0.31095764, 1.6874334, 0.40171984, 0.33071062, 0.20286502, 0.17024636, 0.64988524E-1, 0.33699607E-2
1.7732760, 0.31094939, 1.6778660, 0.40151003, 0.37109619, 0.22759694, 0.19060695, 0.72759472E-1, 0.37729219E-2
1.5803825, 0.31094241, 1.6689262, 0.40131167, 0.44127342, 0.27058864, 0.22618984, 0.86340450E-1, 0.44771591E-2
1.5775290, 0.31093577, 1.6602000, 0.40111628, 0.44329539, 0.27177995, 0.22677444, 0.86561412E-1, 0.44886158E-2
1.5257797, 0.31092915, 1.6515715, 0.40092167, 0.47085989, 0.28862998, 0.24041755, 0.91766596E-1, 0.47585298E-2
1.4985592, 0.31092298, 1.6431831, 0.40073055, 0.52614272, 0.32246348, 0.26814193, 0.10234579, 0.53071114E-2
1.4522952, 0.31091723, 1.6350383, 0.40054324, 0.53451574, 0.32754335, 0.27193004, 0.10378818, 0.53819055E-2
1.5189205, 0.31090975, 1.6262085, 0.40034103, 0.46754920, 0.28646222, 0.23743747, 0.90620346E-1, 0.46990914E-2
1.6420448, 0.31090063, 1.6167660, 0.40012524, 0.45008993, 0.27572152, 0.22813766, 0.87068304E-1, 0.45149005E-2
1.8501803, 0.31088987, 1.6067035, 0.39989558, 0.36556762, 0.22390954, 0.18491051, 0.70568748E-1, 0.36593212E-2
1.6846870, 0.31087878, 1.5965614, 0.39966297, 0.43998596, 0.26945016, 0.22209941, 0.84758952E-1, 0.43951501E-2
1.5895013, 0.31086779, 1.5865419, 0.39943135, 0.46298322, 0.28349271, 0.23326324, 0.89016423E-1, 0.46159206E-2
1.5253421, 0.31085670, 1.5765758, 0.39919952, 0.47188893, 0.28890473, 0.23732308, 0.90562500E-1, 0.46960916E-2
1.5766604, 0.31084526, 1.5665042, 0.39896402, 0.43519720, 0.26640299, 0.21846847, 0.83364628E-1, 0.43228478E-2
1.1628958, 0.31083596, 1.5573792, 0.39874682, 0.58132648, 0.35580263, 0.29129216, 0.11114871, 0.57635834E-2
0.60769135, 0.31085038, 1.5578895, 0.39872807, 0.73880488, 0.45212507, 0.36981884, 0.14110467, 0.73169409E-2
0.71563071, 0.31086260, 1.5575870, 0.39869189, 0.61903024, 0.37876815, 0.30953398, 0.11809632, 0.61238497E-2
0.81775051, 0.31086752, 1.5544000, 0.39859548, 0.56086981, 0.34312558, 0.28011161, 0.10686553, 0.55414797E-2
0.86914062, 0.31086871, 1.5497659, 0.39846846, 0.58733332, 0.35925779, 0.29295379, 0.11175952, 0.57952572E-2
1.0475805, 0.31086639, 1.5437152, 0.39831138, 0.54929918, 0.33594185, 0.27361095, 0.10437527, 0.54123481E-2
1.2578015, 0.31085977, 1.5359455, 0.39811838, 0.52582729, 0.32154122, 0.26153320, 0.99763244E-1, 0.51731924E-2
1.4519416, 0.31084964, 1.5267425, 0.39789510, 0.48001087, 0.29348636, 0.23835972, 0.90919517E-1, 0.47146045E-2
1.5551319, 0.31083757, 1.5167744, 0.39765501, 0.46351948, 0.28336841, 0.22977360, 0.87640680E-1, 0.45445813E-2
1.0008346, 0.31082937, 1.5085278, 0.39744851, 0.59165519, 0.36165762, 0.29284802, 0.11169320, 0.57918173E-2
0.81151521, 0.31083173, 1.5048589, 0.39733428, 0.67023528, 0.40963688, 0.33134991, 0.12637049, 0.65529044E-2
1.0280498, 0.31083387, 1.5010653, 0.39721662, 0.53962129, 0.32976514, 0.26645535, 0.10161503, 0.52692173E-2
1.4558281, 0.31083035, 1.4949641, 0.39705163, 0.46259743, 0.28265929, 0.22807072, 0.86972490E-1, 0.45099338E-2
1.8555254, 0.31082147, 1.4866499, 0.39684081, 0.33138955, 0.20246524, 0.16309530, 0.62192317E-1, 0.32249640E-2
1.6063585, 0.31080878, 1.4767495, 0.39659682, 0.37951881, 0.23184279, 0.18639983, 0.71076363E-1, 0.36856432E-2
1.5220813, 0.31079713, 1.4672928, 0.39636114, 0.40930995, 0.25001389, 0.20068987, 0.76522231E-1, 0.39680377E-2
1.3147769, 0.31079289, 1.4609268, 0.39618796, 0.45571560, 0.27832723, 0.22307038, 0.85051991E-1, 0.44103460E-2
1.1446198, 0.31080317, 1.4606518, 0.39613891, 0.41899055, 0.25586572, 0.20478800, 0.78077659E-1, 0.40486939E-2
1.2563545, 0.31081259, 1.4600548, 0.39608279, 0.39422551, 0.24071053, 0.19238529, 0.73345780E-1, 0.38033240E-2
1.2471604, 0.31082046, 1.4586841, 0.39601186, 0.44894847, 0.27408969, 0.21874721, 0.83392262E-1, 0.43242811E-2
0.96043992, 0.31084183, 1.4626924, 0.39605319, 0.51702809, 0.31561452, 0.25156674, 0.95898822E-1, 0.49728048E-2
0.72897387, 0.31087458, 1.4714692, 0.39619303, 0.58490747, 0.35700375, 0.28425345, 0.10835253, 0.56185876E-2
0.55775666, 0.31090987, 1.4813440, 0.39635563, 0.71197170, 0.43450174, 0.34566212, 0.13175084, 0.68318998E-2
0.50238872, 0.31094012, 1.4892801, 0.39647779, 0.78146553, 0.47685367, 0.37909403, 0.14448126, 0.74920328E-2
0.56803727, 0.31096211, 1.4938648, 0.39653099, 0.80864173, 0.49337840, 0.39197332, 0.14937623, 0.77458597E-2
0.67260742, 0.31097519, 1.4948087, 0.39650929, 0.70639586, 0.43094492, 0.34212279, 0.13036728, 0.67601567E-2
0.76527476, 0.31098303, 1.4936156, 0.39644367, 0.63342875, 0.38638172, 0.30647111, 0.11677292, 0.60552252E-2
1.0517762, 0.31098717, 1.4908420, 0.39634562, 0.50377977, 0.30725855, 0.24344768, 0.92753232E-1, 0.48096916E-2
1.0953662, 0.31098932, 1.4872370, 0.39623028, 0.47918755, 0.29222152, 0.23124492, 0.88098831E-1, 0.45683393E-2
1.3142445, 0.31098852, 1.4824036, 0.39608961, 0.41341996, 0.25208282, 0.19920588, 0.75888619E-1, 0.39351820E-2
1.3305902, 0.31098926, 1.4780331, 0.39595962, 0.47775343, 0.29127517, 0.22984661, 0.87556638E-1, 0.45402236E-2
1.2319974, 0.31099570, 1.4757793, 0.39587486, 0.47553679, 0.28989169, 0.22844662, 0.87018162E-1, 0.45123012E-2
0.88310212, 0.31101349, 1.4783652, 0.39588857, 0.59169626, 0.36065978, 0.28387040, 0.10812259, 0.56066648E-2
0.84720838, 0.31103367, 1.4821540, 0.39592552, 0.56196856, 0.34249628, 0.26929015, 0.10256168, 0.53183055E-2
0.99693751, 0.31104442, 1.4822283, 0.39588508, 0.52466506, 0.31972069, 0.25110695, 0.95629811E-1, 0.49588555E-2
0.99946874, 0.31104833, 1.4795437, 0.39578721, 0.56659311, 0.34522900, 0.27083483, 0.10313559, 0.53480659E-2
1.0434853, 0.31104961, 1.4757737, 0.39566654, 0.60223389, 0.36690363, 0.28751782, 0.10948026, 0.56770663E-2
1.0958521, 0.31104860, 1.4710459, 0.39552581, 0.60678166, 0.36963600, 0.28933617, 0.11016390, 0.57125166E-2
1.1507881, 0.31104562, 1.4655504, 0.39536893, 0.61510301, 0.37466800, 0.29293904, 0.11152667, 0.57831816E-2
1.1605626, 0.31104156, 1.4596059, 0.39520210, 0.52912647, 0.32226786, 0.25168291, 0.95812395E-1, 0.49683228E-2
1.1372306, 0.31103748, 1.4536979, 0.39503515, 0.64009941, 0.38981780, 0.30407572, 0.11574856, 0.60021072E-2
1.1606536, 0.31103313, 1.4476970, 0.39486560, 0.61415058, 0.37398225, 0.29139689, 0.11091274, 0.57513486E-2
1.1715574, 0.31102830, 1.4416041, 0.39469334, 0.72889924, 0.44382203, 0.34543365, 0.13146837, 0.68172538E-2
1.1963159, 0.31102291, 1.4352865, 0.39451569, 0.79105413, 0.48163861, 0.37449008, 0.14251195, 0.73899152E-2
1.2813482, 0.31101644, 1.4285451, 0.39432862, 0.65746915, 0.40028095, 0.31090862, 0.11830404, 0.61346204E-2
1.7299430, 0.31100750, 1.4207231, 0.39411911, 0.42377907, 0.25798741, 0.20010389, 0.76135814E-1, 0.39479998E-2
1.8668649, 0.31099641, 1.4120467, 0.39389130, 0.39206082, 0.23866080, 0.18480192, 0.70309594E-1, 0.36458839E-2
1.9980519, 0.31098419, 1.4029459, 0.39365384, 0.34446257, 0.20967223, 0.16206041, 0.61654080E-1, 0.31970537E-2
1.7451236, 0.31097373, 1.3946580, 0.39343154, 0.35760877, 0.21765877, 0.16794246, 0.63888565E-1, 0.33129225E-2
1.8890330, 0.31096396, 1.3867670, 0.39321604, 0.34268019, 0.20855740, 0.16064326, 0.61108623E-1, 0.31687696E-2
1.8506008, 0.31095272, 1.3782744, 0.39298734, 0.32629323, 0.19857088, 0.15268154, 0.58077063E-1, 0.30115684E-2
1.6342916, 0.31094405, 1.3709931, 0.39278182, 0.34692100, 0.21110892, 0.16205433, 0.61639149E-1, 0.31962795E-2
1.7655394, 0.31093743, 1.3646480, 0.39259440, 0.30109814, 0.18321066, 0.14040646, 0.53402472E-1, 0.27691701E-2
1.5933464, 0.31093076, 1.3582779, 0.39240554, 0.33338648, 0.20284194, 0.15518290, 0.59019689E-1, 0.30604482E-2
1.3465185, 0.31093258, 1.3556728, 0.39229217, 0.37082323, 0.22560084, 0.17234807, 0.65544374E-1, 0.33987847E-2
0.79098177, 0.31095588, 1.3619899, 0.39236221, 0.56707031, 0.34496146, 0.26320520, 0.10009019, 0.51901476E-2
0.42191145, 0.31103086, 1.3892456, 0.39286840, 1.0717418, 0.65192044, 0.49716511, 0.18903486, 0.98023470E-2
0.52661794, 0.31109136, 1.4103603, 0.39325097, 0.82985473, 0.50475687, 0.38481033, 0.14629233, 0.75859451E-2
0.74161321, 0.31112820, 1.4215766, 0.39343232, 0.58960271, 0.35858992, 0.27318063, 0.10384246, 0.53847209E-2
0.68517923, 0.31115538, 1.4287080, 0.39353070, 0.69998169, 0.42567718, 0.32402417, 0.12315655, 0.63862475E-2
0.70890439, 0.31118456, 1.4364710, 0.39364421, 0.68137044, 0.41431957, 0.31514382, 0.11976785, 0.62105260E-2
0.83079380, 0.31121692, 1.4450204, 0.39377904, 0.65681070, 0.39934662, 0.30350569, 0.11533229, 0.59805214E-2
0.70174932, 0.31125116, 1.4536989, 0.39392251, 0.91580892, 0.55677122, 0.42282990, 0.16065504, 0.83307195E-2
0.63864088, 0.31129804, 1.4664162, 0.39415982, 1.1560006, 0.70276201, 0.53347123, 0.20265928, 0.10508835E-1
0.60995525, 0.31133267, 1.4748591, 0.39430332, 0.88364875, 0.53716230, 0.40760630, 0.15481843, 0.80280649E-2
0.56066054, 0.31136119, 1.4811416, 0.39439991, 0.93087912, 0.56582659, 0.42914727, 0.16297579, 0.84510623E-2
0.54563671, 0.31139040, 1.4875642, 0.39450085, 0.95738125, 0.58189040, 0.44113588, 0.16750255, 0.86857947E-2
0.50100195, 0.31142026, 1.4941862, 0.39460695, 1.0282178, 0.62489688, 0.47355145, 0.17978138, 0.93225110E-2
0.44825572, 0.31145221, 1.5015965, 0.39473042, 1.1641699, 0.70747566, 0.53598601, 0.20344733, 0.10549700E-1
0.45083457, 0.31148148, 1.5080285, 0.39483324, 1.1506803, 0.69923711, 0.52963585, 0.20099823, 0.10422702E-1
0.55448776, 0.31150880, 1.5136030, 0.39491910, 1.0967559, 0.66642821, 0.50464952, 0.19147992, 0.99291336E-2
0.55472338, 0.31153658, 1.5193114, 0.39500889, 1.0339562, 0.62822491, 0.47554722, 0.18040553, 0.93548745E-2
0.56122065, 0.31155640, 1.5222098, 0.39503759, 1.0781047, 0.65500349, 0.49564603, 0.18799712, 0.97485343E-2
0.53750521, 0.31157041, 1.5229400, 0.39501971, 0.83494669, 0.50723076, 0.38366494, 0.14549944, 0.75448300E-2
0.55237269, 0.31158432, 1.5237243, 0.39500228, 0.91047364, 0.55305654, 0.41810310, 0.15853636, 0.82208561E-2
0.60533786, 0.31159663, 1.5239193, 0.39497209, 1.1618264, 0.70568359, 0.53327352, 0.20217159, 0.10483548E-1
0.69179523, 0.31160411, 1.5221913, 0.39490193, 0.96396321, 0.58546746, 0.44225430, 0.16763453, 0.86926408E-2
0.75906092, 0.31160936, 1.5195745, 0.39481312, 1.0245495, 0.62222117, 0.46977526, 0.17803635, 0.92320209E-2
0.80012363, 0.31161296, 1.5163242, 0.39471081, 0.82687634, 0.50213611, 0.37889192, 0.14357038, 0.74447999E-2
0.83545154, 0.31161645, 1.5130926, 0.39460829, 0.90911621, 0.55203199, 0.41625348, 0.15770416, 0.81777042E-2
0.77941412, 0.31162047, 1.5100830, 0.39450976, 1.0219606, 0.62051243, 0.46760541, 0.17713042, 0.91850450E-2
0.59892869, 0.31163311, 1.5106426, 0.39448461, 1.0228546, 0.62101525, 0.46777806, 0.17716461, 0.91868201E-2
0.41426325, 0.31167561, 1.5224420, 0.39469939, 1.6414415, 0.99655396, 0.75060683, 0.28421769, 0.14738024E-1
0.41441423, 0.31173390, 1.5392503, 0.39503083, 1.6891507, 1.0255377, 0.77268904, 0.29249516, 0.15167252E-1
0.41721615, 0.31177592, 1.5497992, 0.39523119, 1.6918651, 1.0271949, 0.77416188, 0.29296777, 0.15191759E-1
0.41689673, 0.31180492, 1.5555812, 0.39532918, 1.5112199, 0.91751736, 0.69166291, 0.26167557, 0.13569110E-1
0.41628239, 0.31182909, 1.5596080, 0.39538944, 1.5848640, 0.96221733, 0.72548157, 0.27439755, 0.14228803E-1
0.42922339, 0.31185076, 1.5626638, 0.39542979, 1.4436023, 0.87643319, 0.66087711, 0.24989748, 0.12958361E-1
0.45190841, 0.31188145, 1.5679801, 0.39552894, 1.8620950, 1.1305029, 0.85264331, 0.32231966, 0.16713791E-1
0.47682890, 0.31192452, 1.5749260, 0.39569068, 2.4098470, 1.4631708, 1.1043332, 0.41731369, 0.21639677E-1
0.50122976, 0.31196296, 1.5789019, 0.39580071, 2.4785004, 1.5050449, 1.1370437, 0.42949727, 0.22271451E-1
0.49498668, 0.31200323, 1.5830958, 0.39591953, 2.5986967, 1.5782444, 1.1935470, 0.45064890, 0.23368262E-1
0.47429895, 0.31204739, 1.5888176, 0.39607117, 2.7847605, 1.6915070, 1.2806818, 0.48333228, 0.25063043E-1
0.44312772, 0.31209111, 1.5949161, 0.39622623, 3.0877554, 1.8759083, 1.4222949, 0.53651893, 0.27821014E-1
0.43579528, 0.31213152, 1.6009574, 0.39636964, 2.7202001, 1.6529113, 1.2549629, 0.47317269, 0.24536204E-1
0.43099967, 0.31216845, 1.6066993, 0.39649808, 2.6822200, 1.6300790, 1.2391067, 0.46699065, 0.24215627E-1
0.42552727, 0.31220040, 1.6113552, 0.39659655, 2.6285493, 1.5976903, 1.2158918, 0.45804667, 0.23751833E-1
0.42513010, 0.31222945, 1.6154056, 0.39667809, 2.4642489, 1.4980125, 1.1412338, 0.42974776, 0.22284398E-1
0.42943066, 0.31225476, 1.6184998, 0.39673531, 2.5357151, 1.5416285, 1.1756055, 0.44251752, 0.22946559E-1
0.42528981, 0.31227496, 1.6201192, 0.39675745, 2.1150529, 1.2859999, 0.98151451, 0.36932287, 0.19151080E-1
0.43148386, 0.31230021, 1.6232224, 0.39681464, 2.0503855, 1.2467296, 0.95206600, 0.35812560, 0.18570449E-1
0.43051037, 0.31235084, 1.6334480, 0.39704645, 2.4350588, 1.4807491, 1.1316627, 0.42553458, 0.22065911E-1
0.43708858, 0.31239846, 1.6410049, 0.39723599, 2.7829683, 1.6925355, 1.2949491, 0.48673975, 0.25239676E-1
0.46400845, 0.31243497, 1.6439372, 0.39733139, 2.5978436, 1.5801727, 1.2103730, 0.45476288, 0.23581533E-1
0.45231384, 0.31247127, 1.6463963, 0.39742035, 2.8058140, 1.7069099, 1.3089225, 0.49158975, 0.25491176E-1
0.43783110, 0.31251484, 1.6509913, 0.39756048, 3.0846221, 1.8768493, 1.4411910, 0.54102796, 0.28054772E-1
0.43159324, 0.31255457, 1.6547413, 0.39767769, 3.2508328, 1.9784023, 1.5215867, 0.57094157, 0.29605927E-1
0.43104538, 0.31259680, 1.6596794, 0.39781833, 3.2538879, 1.9806970, 1.5258540, 0.57227135, 0.29674886E-1
0.43236646, 0.31264308, 1.6660968, 0.39799100, 3.2202783, 1.9606593, 1.5128546, 0.56713164, 0.29408364E-1
0.43567345, 0.31268919, 1.6719549, 0.39815676, 3.7750256, 2.2990024, 1.7772059, 0.66590136, 0.34530025E-1
0.43412042, 0.31273183, 1.6762830, 0.39829227, 3.7597549, 2.2903869, 1.7742722, 0.66445267, 0.34454893E-1
0.43500865, 0.31277758, 1.6812594, 0.39844641, 3.8947632, 2.3733482, 1.8424549, 0.68962538, 0.35760224E-1
0.43739066, 0.31282148, 1.6860471, 0.39859259, 3.4852693, 2.1244261, 1.6525695, 0.61824399, 0.32058772E-1
0.49029189, 0.31286511, 1.6905618, 0.39873463, 2.6945479, 1.6427591, 1.2797323, 0.47856465, 0.24815764E-1
0.51868939, 0.31290722, 1.6943495, 0.39886269, 2.4135904, 1.4716303, 1.1474841, 0.42896557, 0.22243822E-1
0.49115533, 0.31295228, 1.6990762, 0.39901292, 2.5444584, 1.5515658, 1.2108206, 0.45249733, 0.23464052E-1
0.45592058, 0.31299743, 1.7035954, 0.39916137, 2.7194436, 1.6584666, 1.2955703, 0.48400533, 0.25097884E-1
0.46101528, 0.31303567, 1.7061392, 0.39926192, 3.0894289, 1.8843840, 1.4738451, 0.55040312, 0.28540915E-1
0.44551066, 0.31308377, 1.7119632, 0.39943627, 3.5594747, 2.1715615, 1.7012216, 0.63505167, 0.32930326E-1
0.45491055, 0.31312934, 1.7170044, 0.39959347, 3.8552384, 2.3526480, 1.8466977, 0.68904167, 0.35729952E-1
0.44583350, 0.31317645, 1.7223958, 0.39976025, 3.5693111, 2.1787686, 1.7135993, 0.63909125, 0.33139795E-1
0.45673513, 0.31322712, 1.7283995, 0.39994708, 3.3731794, 2.0595460, 1.6226895, 0.60493612, 0.31368699E-1
0.45166615, 0.31327644, 1.7344613, 0.40013033, 3.0327694, 1.8520643, 1.4614033, 0.54460436, 0.28240217E-1
0.44836035, 0.31332412, 1.7407054, 0.40031117, 3.1864436, 1.9462546, 1.5378748, 0.57289696, 0.29707322E-1
0.44960165, 0.31336868, 1.7466239, 0.40047738, 2.7634115, 1.6881430, 1.3356695, 0.49740171, 0.25792547E-1
0.45205444, 0.31341198, 1.7527516, 0.40064225, 2.6804967, 1.6376719, 1.2970724, 0.48288053, 0.25039559E-1
0.45754117, 0.31345242, 1.7586838, 0.40079564, 2.6726320, 1.6330353, 1.2946725, 0.48184398, 0.24985811E-1
0.47009197, 0.31348652, 1.7631265, 0.40090969, 2.3474560, 1.4344574, 1.1381890, 0.42348769, 0.21959769E-1
0.45703775, 0.31351572, 1.7664440, 0.40099367, 2.1053088, 1.2865343, 1.0214260, 0.37995112, 0.19702196E-1
0.47214055, 0.31353837, 1.7678008, 0.40103143, 1.5684631, 0.95844489, 0.76111937, 0.28306508, 0.14678217E-1
0.45634055, 0.31356165, 1.7696152, 0.40107664, 1.4616382, 0.89309675, 0.70919162, 0.26370940, 0.13674534E-1
0.46758172, 0.31358790, 1.7726008, 0.40114701, 1.4486219, 0.88505024, 0.70267642, 0.26124552, 0.13546770E-1
0.49172267, 0.31363770, 1.7824335, 0.40138143, 1.9184251, 1.1720216, 0.93060184, 0.34592199, 0.17937634E-1
0.47411793, 0.31369567, 1.7928886, 0.40165192, 2.4113555, 1.4731939, 1.1703218, 0.43492895, 0.22553051E-1
0.45881948, 0.31375378, 1.8020760, 0.40190840, 3.2095876, 1.9610897, 1.5595844, 0.57941771, 0.30045450E-1
0.45650592, 0.31380472, 1.8091403, 0.40211475, 3.0217643, 1.8466198, 1.4705260, 0.54614979, 0.28320361E-1
0.45934880, 0.31385338, 1.8140585, 0.40228763, 3.0620520, 1.8715304, 1.4923248, 0.55406988, 0.28731052E-1
0.45941949, 0.31389692, 1.8171784, 0.40242136, 3.5734081, 2.1844733, 1.7444602, 0.64746296, 0.33573914E-1
0.45815161, 0.31394342, 1.8211265, 0.40257505, 3.6373785, 2.2241025, 1.7792678, 0.66014206, 0.34231380E-1
0.45908394, 0.31399208, 1.8257810, 0.40274522, 3.9025869, 2.3868864, 1.9131497, 0.70955181, 0.36793493E-1
0.46003491, 0.31403854, 1.8299206, 0.40290225, 3.9472990, 2.4149177, 1.9395759, 0.71908104, 0.37287634E-1
0.46151343, 0.31408545, 1.8341012, 0.40306136, 3.5043361, 2.1444631, 1.7255931, 0.63952446, 0.33162259E-1
0.46335873, 0.31413624, 1.8397760, 0.40325221, 3.2855458, 2.0109744, 1.6207120, 0.60046715, 0.31136956E-1
0.46310520, 0.31418586, 1.8451436, 0.40343574, 3.6698616, 2.2466547, 1.8135433, 0.67170101, 0.34830764E-1
0.46422708, 0.31423923, 1.8508416, 0.40363601, 3.2931633, 2.0164804, 1.6304438, 0.60369915, 0.31304549E-1
0.46542612, 0.31429097, 1.8561018, 0.40382636, 4.3179159, 2.6446168, 2.1422911, 0.79296267, 0.41118726E-1
0.46625039, 0.31433392, 1.8591973, 0.40396014, 3.5500488, 2.1749282, 1.7653843, 0.65323544, 0.33873245E-1
0.47018108, 0.31438065, 1.8628609, 0.40411443, 3.0962901, 1.8972887, 1.5423230, 0.57054275, 0.29585246E-1
0.47773638, 0.31442711, 1.8663380, 0.40426540, 2.9654069, 1.8173257, 1.4790746, 0.54701340, 0.28365146E-1
0.47739407, 0.31448078, 1.8718576, 0.40446618, 3.0747969, 1.8846027, 1.5356154, 0.56779021, 0.29442513E-1
0.47510380, 0.31453666, 1.8780119, 0.40468249, 3.0161316, 1.8488889, 1.5083185, 0.55756676, 0.28912378E-1
0.47187829, 0.31458768, 1.8826745, 0.40486455, 3.3175900, 2.0339782, 1.6614380, 0.61402261, 0.31839885E-1
0.47226158, 0.31463230, 1.8855268, 0.40500298, 3.4365611, 2.1072979, 1.7238635, 0.63693488, 0.33027988E-1
0.47311300, 0.31467807, 1.8887095, 0.40514922, 4.2669401, 2.6171482, 2.1449368, 0.79229581, 0.41084182E-1
0.47406238, 0.31472552, 1.8924385, 0.40530843, 4.3433414, 2.6648855, 2.1890352, 0.80834341, 0.41916348E-1
0.47501329, 0.31477320, 1.8963718, 0.40547088, 4.2907400, 2.6334944, 2.1682236, 0.80042785, 0.41505937E-1
0.47584656, 0.31481665, 1.8997059, 0.40561193, 4.1873026, 2.5708237, 2.1212883, 0.78288853, 0.40596481E-1
0.47662440, 0.31485814, 1.9027841, 0.40574330, 3.7167208, 2.2825184, 1.8870504, 0.69627023, 0.36104944E-1
0.47818571, 0.31490675, 1.9068416, 0.40591154, 3.4556866, 2.1226788, 1.7578146, 0.64844733, 0.33625156E-1
0.47925118, 0.31494403, 1.9073797, 0.40599793, 3.5664334, 2.1911418, 1.8173257, 0.67026597, 0.34756608E-1
0.47880438, 0.31497726, 1.9068823, 0.40605795, 4.5586581, 2.8015187, 2.3281491, 0.85847604, 0.44516321E-1
0.47958925, 0.31501922, 1.9093072, 0.40618321, 4.2850399, 2.6342828, 2.1942945, 0.80892974, 0.41947179E-1
0.48048511, 0.31506526, 1.9128747, 0.40633658, 4.2402825, 2.6076078, 2.1768382, 0.80232370, 0.41604709E-1
0.48122162, 0.31510550, 1.9156332, 0.40646073, 4.1978149, 2.5822937, 2.1602991, 0.79606926, 0.41280482E-1
0.48178616, 0.31513953, 1.9174782, 0.40655276, 4.1504292, 2.5539160, 2.1410017, 0.78881085, 0.40904187E-1
0.48221710, 0.31516874, 1.9184792, 0.40661815, 3.2070944, 1.9738928, 1.6575327, 0.61059016, 0.31662527E-1
0.48285523, 0.31520551, 1.9219197, 0.40673926, 3.6305988, 2.2349401, 1.8793737, 0.69221479, 0.35895295E-1
0.48369670, 0.31524974, 1.9271798, 0.40690833, 3.7591650, 2.3145876, 1.9495313, 0.71795273, 0.37230033E-1
0.48489705, 0.31530726, 1.9341778, 0.40714380, 3.8952515, 2.3989849, 2.0242558, 0.74536699, 0.38651705E-1
0.48604828, 0.31536308, 1.9398518, 0.40735766, 4.0742197, 2.5098794, 2.1218271, 0.78118837, 0.40509339E-1
0.48705333, 0.31541368, 1.9442706, 0.40753868, 4.5689344, 2.8155329, 2.3853216, 0.87807858, 0.45533791E-1
0.48772952, 0.31545216, 1.9461432, 0.40764812, 4.1939068, 2.5852900, 2.1951337, 0.80796373, 0.41898027E-1
0.48825192, 0.31548506, 1.9473504, 0.40773052, 3.2566617, 2.0079982, 1.7078288, 0.62853825, 0.32593761E-1
0.48900002, 0.31552631, 1.9511094, 0.40787238, 3.7576687, 2.3173230, 1.9737070, 0.72632742, 0.37664857E-1
0.48991093, 0.31557357, 1.9560939, 0.40805018, 3.7754385, 2.3288221, 1.9868417, 0.73109794, 0.37912343E-1
0.49051332, 0.31560954, 1.9585434, 0.40815896, 3.0881491, 1.9052057, 1.6276798, 0.59889394, 0.31056754E-1
0.49107388, 0.31564191, 1.9605075, 0.40825000, 2.8408816, 1.7528113, 1.4989115, 0.55148244, 0.28598199E-1
0.49178335, 0.31568262, 1.9646895, 0.40839595, 3.3651268, 2.0764410, 1.7773591, 0.65389210, 0.33908941E-1
0.49312603, 0.31574738, 1.9734402, 0.40867987, 4.3518553, 2.6859829, 2.3031967, 0.84729391, 0.43938316E-1
0.49389631, 0.31578982, 1.9763343, 0.40881690, 3.7635503, 2.3235204, 1.9961995, 0.73431361, 0.38079567E-1
0.49438477, 0.31582192, 1.9772328, 0.40889463, 3.7042208, 2.2873807, 1.9682786, 0.72400963, 0.37545335E-1
0.49474382, 0.31584924, 1.9773854, 0.40894735, 3.0049839, 1.8558755, 1.5989982, 0.58815295, 0.30500235E-1
0.49502781, 0.31587386, 1.9771473, 0.40898606, 2.7983909, 1.7284116, 1.4904809, 0.54822278, 0.28429624E-1
0.49521044, 0.31589413, 1.9757788, 0.40899596, 2.7402046, 1.6925520, 1.4606377, 0.53723359, 0.27859813E-1
0.49533659, 0.31591249, 1.9740051, 0.40899467, 2.2075341, 1.3635356, 1.1772947, 0.43300971, 0.22455040E-1
0.49577993, 0.31594414, 1.9768322, 0.40909430, 2.7238920, 1.6824600, 1.4533188, 0.53452218, 0.27719343E-1
0.49665439, 0.31599057, 1.9840693, 0.40929827, 3.3554683, 2.0727642, 1.7922242, 0.65915722, 0.34182772E-1
0.49737552, 0.31603146, 1.9889041, 0.40945458, 2.9602592, 1.8288569, 1.5830902, 0.58223146, 0.30193619E-1
0.49774617, 0.31605944, 1.9897603, 0.40951875, 2.6702127, 1.6497504, 1.4291506, 0.52560985, 0.27257381E-1
0.49811590, 0.31608748, 1.9907923, 0.40958515, 2.6921489, 1.6633548, 1.4418834, 0.53028870, 0.27500082E-1
0.49847353, 0.31611502, 1.9916241, 0.40964776, 2.7274473, 1.6852205, 1.4618213, 0.53761834, 0.27880255E-1
0.49887168, 0.31614417, 1.9930363, 0.40972242, 2.2112381, 1.3662612, 1.1857134, 0.43607205, 0.22614237E-1
0.49960288, 0.31618556, 1.9983988, 0.40988746, 2.6623149, 1.6449441, 1.4281826, 0.52524418, 0.27238674E-1
0.50005543, 0.31621668, 2.0005395, 0.40997875, 2.3619297, 1.4593550, 1.2677186, 0.46622980, 0.24178302E-1
0.50078458, 0.31625807, 2.0044744, 0.41012657, 3.5905914, 2.2186007, 1.9287318, 0.70933175, 0.36785476E-1
0.50216234, 0.31632334, 2.0124280, 0.41040507, 3.7655241, 2.3272111, 2.0263932, 0.74525404, 0.38648497E-1
0.50320035, 0.31637621, 2.0168161, 0.41059828, 4.5420675, 2.8078914, 2.4494765, 0.90086812, 0.46718720E-1
0.50397319, 0.31641939, 2.0190647, 0.41073266, 3.8243232, 2.3648717, 2.0670412, 0.76023692, 0.39425779E-1
0.50452060, 0.31645435, 2.0197725, 0.41082039, 4.1509652, 2.5674837, 2.2479997, 0.82682061, 0.42878948E-1
0.50481713, 0.31648010, 2.0184300, 0.41085190, 3.5183997, 2.1767168, 1.9089577, 0.70214933, 0.36413629E-1
0.50506008, 0.31650198, 2.0160353, 0.41085726, 2.5349514, 1.5684097, 1.3767126, 0.50639945, 0.26262064E-1
0.50571543, 0.31654286, 2.0175622, 0.41097486, 3.4148629, 2.1130004, 1.8564159, 0.68287742, 0.35414364E-1
0.50669736, 0.31659377, 2.0209911, 0.41114929, 3.3593965, 2.0789776, 1.8287361, 0.67272925, 0.34888197E-1
0.50777406, 0.31664869, 2.0255554, 0.41135162, 3.7109988, 2.2969468, 2.0231316, 0.74428368, 0.38599201E-1
0.50865835, 0.31669641, 2.0281560, 0.41150561, 3.6447484, 2.2563698, 1.9902610, 0.73224014, 0.37974749E-1
0.50959349, 0.31674594, 2.0313113, 0.41167313, 3.9599786, 2.4520404, 2.1661932, 0.79702812, 0.41334890E-1
0.51032782, 0.31678820, 2.0328588, 0.41179606, 4.1422977, 2.5655906, 2.2704902, 0.83547747, 0.43329116E-1
0.51079577, 0.31682068, 2.0323312, 0.41186070, 4.2524281, 2.6345291, 2.3358171, 0.85960406, 0.44580560E-1
0.51110661, 0.31684738, 2.0308485, 0.41189414, 3.6313629, 2.2503030, 1.9985038, 0.73554730, 0.38146924E-1
0.51129854, 0.31686974, 2.0286632, 0.41190401, 3.4778519, 2.1555333, 1.9168422, 0.70556402, 0.36592063E-1
0.51138020, 0.31688797, 2.0255129, 0.41188815, 2.9046826, 1.8004999, 1.6028049, 0.59002829, 0.30600233E-1
0.51212317, 0.31691352, 2.0243111, 0.41192058, 2.9471509, 1.8268756, 1.6273551, 0.59912050, 0.31071883E-1
0.51271570, 0.31696776, 2.0292966, 0.41212577, 4.4857435, 2.7812209, 2.4812143, 0.91358262, 0.47380894E-1
0.51319593, 0.31700087, 2.0287738, 0.41219211, 4.1127892, 2.5507662, 2.2800810, 0.83965057, 0.43546822E-1
0.51350951, 0.31702790, 2.0273242, 0.41222623, 3.2347810, 2.0066295, 1.7962899, 0.66158253, 0.34311831E-1
0.51386732, 0.31705651, 2.0268917, 0.41227823, 2.7899971, 1.7308483, 1.5507274, 0.57120699, 0.29624771E-1
0.51414204, 0.31708202, 2.0253961, 0.41230696, 2.7625597, 1.7138635, 1.5364188, 0.56599838, 0.29354723E-1
0.51479924, 0.31712177, 2.0276394, 0.41242909, 3.2943034, 2.0438881, 1.8337481, 0.67561251, 0.35039842E-1
0.51571852, 0.31717125, 2.0311539, 0.41259965, 3.7221196, 2.3097212, 2.0749359, 0.76458490, 0.39654467E-1
0.51663333, 0.31721643, 2.0329163, 0.41273469, 3.1686645, 1.9665872, 1.7688349, 0.65188789, 0.33809703E-1
0.51769072, 0.31726244, 2.0348163, 0.41287389, 3.3653390, 2.0888839, 1.8807353, 0.69322801, 0.35953950E-1
0.51819193, 0.31730944, 2.0370595, 0.41302127, 3.2917233, 2.0434515, 1.8418282, 0.67899060, 0.35215691E-1
0.51884955, 0.31734949, 2.0373344, 0.41312075, 3.4944215, 2.1695845, 1.9577330, 0.72183400, 0.37437938E-1
0.51944131, 0.31738713, 2.0369213, 0.41320366, 3.4134386, 2.1196246, 1.9149215, 0.70616782, 0.36625583E-1
0.52017039, 0.31742987, 2.0379145, 0.41332078, 3.4243352, 2.1266897, 1.9234904, 0.70944947, 0.36795970E-1
0.52088237, 0.31747210, 2.0387537, 0.41343457, 3.0189862, 1.8751547, 1.6976724, 0.62626439, 0.32481682E-1
0.52169168, 0.31751785, 2.0406587, 0.41357344, 3.5344429, 2.1955628, 1.9897442, 0.73413467, 0.38076624E-1
0.52223665, 0.31755397, 2.0403123, 0.41365203, 3.6308196, 2.2558110, 2.0469279, 0.75537944, 0.39178725E-1
0.52268809, 0.31758669, 2.0396860, 0.41371551, 3.7931015, 2.3570862, 2.1417463, 0.79053354, 0.41002274E-1
0.52328956, 0.31761366, 2.0382121, 0.41374961, 3.0942929, 1.9231328, 1.7495009, 0.64588177, 0.33499859E-1
0.52388453, 0.31764176, 2.0374403, 0.41379583, 2.8369246, 1.7632689, 1.6052170, 0.59271860, 0.30742599E-1
0.52381009, 0.31767616, 2.0385928, 0.41388679, 3.0840151, 1.9169663, 1.7464390, 0.64497775, 0.33453286E-1
0.52407312, 0.31770197, 2.0374193, 0.41392025, 3.1376595, 1.9504826, 1.7785099, 0.65694571, 0.34074195E-1
0.52425373, 0.31772399, 2.0350144, 0.41392547, 2.9058218, 1.8064620, 1.6483812, 0.60899329, 0.31587157E-1
0.52481920, 0.31775925, 2.0345840, 0.41399962, 4.0708332, 2.5311387, 2.3124459, 0.85451728, 0.44322178E-1
0.52520573, 0.31779218, 2.0329602, 0.41405079, 3.1342854, 1.9491924, 1.7831542, 0.65908355, 0.34185596E-1
0.52563798, 0.31782442, 2.0310962, 0.41409627, 3.8767822, 2.4113040, 2.2084124, 0.81645441, 0.42348389E-1
0.52615213, 0.31785801, 2.0302889, 0.41415986, 4.2727132, 2.6582520, 2.4385684, 0.90179241, 0.46775073E-1
0.52781242, 0.31789282, 2.0296478, 0.41422880, 4.1458526, 2.5800922, 2.3711309, 0.87711418, 0.45495342E-1
0.52708471, 0.31792665, 2.0289445, 0.41429389, 3.7412159, 2.3288820, 2.1437333, 0.79322535, 0.41144360E-1
0.52747869, 0.31795746, 2.0281913, 0.41434830, 2.9566505, 1.8407313, 1.6961285, 0.62775987, 0.32561895E-1
0.52802670, 0.31799391, 2.0288312, 0.41443881, 2.8252141, 1.7589786, 1.6218200, 0.60038859, 0.31142306E-1
0.52894169, 0.31804425, 2.0319881, 0.41460651, 3.4505842, 2.1485357, 1.9826934, 0.73415720, 0.38081113E-1
0.52976358, 0.31809098, 2.0341976, 0.41475105, 3.3432696, 2.0820208, 1.9234145, 0.71239585, 0.36952559E-1
0.53058654, 0.31813735, 2.0361753, 0.41489109, 3.1095297, 1.9366728, 1.7908041, 0.66344911, 0.34413844E-1
0.53298789, 0.31818414, 2.0384047, 0.41503605, 3.5960200, 2.2399323, 2.0732391, 0.76828963, 0.39852273E-1
0.53199852, 0.31822219, 2.0388889, 0.41513047, 3.4739251, 2.1642468, 2.0055790, 0.74343145, 0.38563095E-1
0.53237766, 0.31825361, 2.0382919, 0.41518921, 3.1626995, 1.9705924, 1.8279132, 0.67776167, 0.35156894E-1
0.53282833, 0.31828728, 2.0385973, 0.41526616, 3.1803536, 1.9817866, 1.8398916, 0.68238598, 0.35396982E-1
0.53336418, 0.31832373, 2.0397990, 0.41536376, 2.6498640, 1.6513162, 1.5341234, 0.56912410, 0.29521978E-1
0.53389090, 0.31835994, 2.0413499, 0.41546467, 2.8713305, 1.7893505, 1.6631651, 0.61714154, 0.32012936E-1
0.53437126, 0.31839448, 2.0426280, 0.41555670, 2.5353456, 1.5799701, 1.4691738, 0.54528648, 0.28285760E-1
0.53513038, 0.31843838, 2.0461965, 0.41570836, 3.0646312, 1.9098594, 1.7768867, 0.65965503, 0.34218606E-1
0.53626043, 0.31848460, 2.0491607, 0.41586092, 3.7564056, 2.3412931, 2.1805651, 0.80975974, 0.42005330E-1
0.53659362, 0.31852731, 2.0504656, 0.41598108, 3.9430411, 2.4581575, 2.2926481, 0.85167617, 0.44180039E-1
0.53715456, 0.31856495, 2.0502763, 0.41606608, 3.8761957, 2.4170485, 2.2576280, 0.83896810, 0.43521170E-1
0.53756416, 0.31859702, 2.0484049, 0.41611162, 3.0315211, 1.8906364, 1.7679077, 0.65719497, 0.34092009E-1
0.53761047, 0.31861565, 2.0425708, 0.41606295, 2.9681036, 1.8512079, 1.7322582, 0.64412576, 0.33414248E-1
0.57247996, 0.31865367, 2.0421808, 0.41614577, 2.2846417, 1.4249202, 1.3338430, 0.49610385, 0.25735691E-1
0.58403027, 0.31869999, 2.0440643, 0.41628411, 2.4132991, 1.5050679, 1.4089817, 0.52416843, 0.27191682E-1
0.54577053, 0.31875148, 2.0475214, 0.41645974, 3.0903044, 1.9273031, 1.8050340, 0.67168385, 0.34844358E-1
0.54141653, 0.31879765, 2.0495441, 0.41659978, 3.2960963, 2.0558481, 1.9270488, 0.71730924, 0.37211463E-1
0.54123920, 0.31883806, 2.0503531, 0.41670576, 3.1411908, 1.9594363, 1.8382915, 0.68448722, 0.35509001E-1
0.54165399, 0.31887317, 2.0502999, 0.41678330, 3.0707843, 1.9156699, 1.7986040, 0.66991574, 0.34753311E-1
0.54201293, 0.31890407, 2.0497203, 0.41683999, 2.6860290, 1.6757147, 1.5742370, 0.58651674, 0.30426983E-1
0.54236382, 0.31893221, 2.0489726, 0.41688561, 2.6064732, 1.6260655, 1.5281426, 0.56949472, 0.29544087E-1
0.54249686, 0.31895646, 2.0473828, 0.41690770, 2.2434564, 1.3995328, 1.3155171, 0.49037561, 0.25439711E-1
0.56141031, 0.31897923, 2.0456944, 0.41692340, 1.6626754, 1.0370768, 0.97457892, 0.36335856, 0.18850401E-1
0.55904621, 0.31900382, 2.0450416, 0.41695789, 1.4565853, 0.90833706, 0.85311288, 0.31812137, 0.16503630E-1
0.56758612, 0.31902707, 2.0442274, 0.41698554, 1.4225472, 0.88690436, 0.83243024, 0.31045330, 0.16105872E-1
0.55925947, 0.31904787, 2.0428145, 0.41699785, 1.4321481, 0.89267755, 0.83727163, 0.31230253, 0.16201859E-1
0.54706055, 0.31906715, 2.0410078, 0.41699988, 1.4982668, 0.93367827, 0.87517387, 0.32648644, 0.16937749E-1
0.55897248, 0.31908333, 2.0382066, 0.41697934, 1.4273336, 0.88927281, 0.83302158, 0.31080511, 0.16124267E-1
0.59061998, 0.31909606, 2.0341578, 0.41693103, 1.0361729, 0.64539438, 0.60405773, 0.22540399, 0.11693775E-1
0.65003097, 0.31910685, 2.0295324, 0.41686922, 1.0061145, 0.62648302, 0.58574009, 0.21858956, 0.11340274E-1
0.71220666, 0.31911638, 2.0244837, 0.41679722, 0.98457801, 0.61288816, 0.57239228, 0.21362785, 0.11082891E-1
0.79420793, 0.31912416, 2.0188148, 0.41671133, 0.94968295, 0.59098864, 0.55128723, 0.20576890, 0.10675197E-1
0.85643107, 0.31912994, 2.0125003, 0.41661060, 0.90824372, 0.56503177, 0.52641010, 0.19649951, 0.10194328E-1
0.93143964, 0.31913507, 2.0059481, 0.41650382, 0.94384760, 0.58700818, 0.54616874, 0.20389126, 0.10577832E-1
1.0058943, 0.31913874, 1.9988995, 0.41638577, 0.95456940, 0.59351212, 0.55149913, 0.20589763, 0.10681943E-1
1.0963813, 0.31914058, 1.9911932, 0.41625300, 0.90845019, 0.56467986, 0.52396894, 0.19563441, 0.10149509E-1
1.1602838, 0.31914109, 1.9830091, 0.41610911, 0.88649696, 0.55088371, 0.51041782, 0.19058850, 0.98877503E-2
1.2124195, 0.31914055, 1.9745231, 0.41595772, 0.85759139, 0.53277665, 0.49288803, 0.18405548, 0.95488345E-2
1.2459862, 0.31913963, 1.9658955, 0.41580206, 0.80481762, 0.49985772, 0.46171552, 0.17242581, 0.89455042E-2
1.2854161, 0.31913850, 1.9572489, 0.41564485, 0.89545459, 0.55600178, 0.51275218, 0.19149709, 0.99349506E-2
1.2655412, 0.31913695, 1.9484979, 0.41548425, 0.79188007, 0.49156529, 0.45261046, 0.16904621, 0.87702079E-2
1.2971367, 0.31913662, 1.9403437, 0.41533458, 0.85811079, 0.53253841, 0.48955742, 0.18285590, 0.94866836E-2
1.3938036, 0.31913427, 1.9314246, 0.41516802, 0.84011155, 0.52123958, 0.47839099, 0.17869520, 0.92708431E-2
1.4511850, 0.31913054, 1.9219904, 0.41498971, 0.70650399, 0.43823448, 0.40151975, 0.14998874, 0.77815424E-2
1.5213630, 0.31912592, 1.9122845, 0.41480449, 0.60349506, 0.37424013, 0.34224772, 0.12785280, 0.66331201E-2
1.5404344, 0.31912079, 1.9024450, 0.41461518, 0.62578958, 0.38796157, 0.35411620, 0.13229141, 0.68634031E-2
1.5459216, 0.31911534, 1.8925389, 0.41442299, 0.61537337, 0.38140628, 0.34747651, 0.12981558, 0.67349621E-2
1.5721270, 0.31910962, 1.8826197, 0.41422912, 0.64916354, 0.40224841, 0.36577114, 0.13665514, 0.70898109E-2
1.5858607, 0.31910375, 1.8726763, 0.41403338, 0.64220828, 0.39784160, 0.36107931, 0.13490684, 0.69991141E-2
1.5995637, 0.31909758, 1.8627055, 0.41383564, 0.62491655, 0.38703629, 0.35060447, 0.13099739, 0.67962920E-2
1.6158835, 0.31909111, 1.8527002, 0.41363585, 0.65742570, 0.40707520, 0.36805844, 0.13752301, 0.71348529E-2
1.6308532, 0.31908438, 1.8426404, 0.41343340, 0.65317440, 0.40435022, 0.36490026, 0.13634701, 0.70738462E-2
1.6278936, 0.31907731, 1.8325187, 0.41322833, 0.66281211, 0.41022611, 0.36951166, 0.13807401, 0.71634506E-2
1.6489488, 0.31906968, 1.8222905, 0.41301972, 0.59482485, 0.36806783, 0.33091864, 0.12365627, 0.64154458E-2
1.6554933, 0.31906176, 1.8120073, 0.41280857, 0.60563916, 0.37467575, 0.33620900, 0.12563607, 0.65181614E-2
1.6439530, 0.31905377, 1.8017330, 0.41259605, 0.63051230, 0.38998070, 0.34928471, 0.13052513, 0.67718169E-2
1.6502206, 0.31904563, 1.7914622, 0.41238219, 0.61621439, 0.38105702, 0.34064820, 0.12730040, 0.66045155E-2
1.6761833, 0.31903708, 1.7811338, 0.41216564, 0.63012135, 0.38957703, 0.34760818, 0.12990390, 0.67395917E-2
1.7160637, 0.31902796, 1.7706609, 0.41194466, 0.59474260, 0.36763057, 0.32740030, 0.12235413, 0.63479035E-2
1.7808133, 0.31901833, 1.7600211, 0.41171876, 0.57154745, 0.35322252, 0.31394771, 0.11732849, 0.60871700E-2
1.6987584, 0.31900850, 1.7493891, 0.41149178, 0.66249651, 0.40935358, 0.36315259, 0.13571930, 0.70413146E-2
1.6797867, 0.31899858, 1.7388170, 0.41126454, 0.61415958, 0.37941843, 0.33598498, 0.12556781, 0.65146438E-2
1.6937625, 0.31898838, 1.7282176, 0.41103518, 0.77616864, 0.47942325, 0.42377749, 0.15838054, 0.82170218E-2
1.7083359, 0.31897789, 1.7175521, 0.41080302, 0.80156213, 0.49503425, 0.43682140, 0.16325767, 0.84700575E-2
1.7059125, 0.31896704, 1.7068135, 0.41056794, 0.72332269, 0.44665003, 0.39345610, 0.14705192, 0.76292846E-2
1.4674863, 0.31895697, 1.6965222, 0.41034034, 0.68292516, 0.42163888, 0.37077942, 0.13857786, 0.71896408E-2
0.91916502, 0.31896642, 1.6944515, 0.41027898, 0.76086187, 0.46967292, 0.41246915, 0.15416053, 0.79980949E-2
0.90578467, 0.31898350, 1.6955442, 0.41028219, 0.86264670, 0.53240687, 0.46702969, 0.17455381, 0.90561351E-2
1.0546815, 0.31899542, 1.6944853, 0.41024140, 0.79470968, 0.49039340, 0.42967811, 0.16059455, 0.83319116E-2
1.2588117, 0.31899893, 1.6899506, 0.41012934, 0.73475873, 0.45332158, 0.39666644, 0.14825691, 0.76918202E-2
1.5117369, 0.31899530, 1.6824781, 0.40995672, 0.50451297, 0.31121275, 0.27188438, 0.10161901, 0.52721687E-2
1.6904420, 0.31898859, 1.6737493, 0.40975744, 0.43230745, 0.26662114, 0.23248738, 0.86894155E-1, 0.45082178E-2
1.7079557, 0.31898072, 1.6646061, 0.40954861, 0.50397891, 0.31076723, 0.27046376, 0.10108814, 0.52446257E-2
1.7500426, 0.31897059, 1.6545520, 0.40932006, 0.46064913, 0.28400040, 0.24669485, 0.92204191E-1, 0.47837123E-2
1.8183274, 0.31895897, 1.6439582, 0.40907919, 0.48042145, 0.29614079, 0.25673369, 0.95956095E-1, 0.49783657E-2
1.7910905, 0.31894654, 1.6330963, 0.40883142, 0.48061758, 0.29621410, 0.25629628, 0.95792271E-1, 0.49698674E-2
1.7813970, 0.31893411, 1.6222978, 0.40858352, 0.45989516, 0.28339773, 0.24473368, 0.91470279E-1, 0.47456347E-2
1.8189919, 0.31892148, 1.6115525, 0.40833512, 0.48137841, 0.29659000, 0.25562072, 0.95538825E-1, 0.49567181E-2
1.8735255, 0.31890872, 1.6008300, 0.40808570, 0.42079145, 0.25922176, 0.22297244, 0.83335936E-1, 0.43236110E-2
1.8787909, 0.31889582, 1.5901031, 0.40783474, 0.42121372, 0.25944290, 0.22271456, 0.83238952E-1, 0.43185800E-2
1.9098998, 0.31888267, 1.5793599, 0.40758193, 0.40810019, 0.25132886, 0.21531291, 0.80471985E-1, 0.41750241E-2
1.9571282, 0.31886920, 1.5685844, 0.40732706, 0.41776437, 0.25724474, 0.21993417, 0.82198411E-1, 0.42645945E-2
1.9434162, 0.31885552, 1.5577971, 0.40707046, 0.42894399, 0.26409328, 0.22532566, 0.84212564E-1, 0.43690922E-2
1.8528398, 0.31884181, 1.5470901, 0.40681395, 0.44967774, 0.27682281, 0.23572387, 0.88097766E-1, 0.45706625E-2
1.7977931, 0.31882820, 1.5364721, 0.40655786, 0.47396737, 0.29173854, 0.24795584, 0.92668019E-1, 0.48077754E-2
1.7374214, 0.31881461, 1.5259228, 0.40630159, 0.47806421, 0.29422423, 0.24961543, 0.93286842E-1, 0.48398823E-2
1.7218711, 0.31880093, 1.5154188, 0.40604484, 0.46193784, 0.28426403, 0.24072720, 0.89963734E-1, 0.46674730E-2
1.7606609, 0.31878704, 1.5049517, 0.40578744, 0.44198212, 0.27195051, 0.22987783, 0.85907787E-1, 0.44570430E-2
1.7844739, 0.31877312, 1.4945053, 0.40552896, 0.44888872, 0.27616763, 0.23301353, 0.87078191E-1, 0.45177657E-2
1.8654139, 0.31875893, 1.4840593, 0.40526912, 0.42265555, 0.25999904, 0.21896054, 0.81825115E-1, 0.42452277E-2
1.8395813, 0.31874466, 1.4736439, 0.40500844, 0.37832111, 0.23270050, 0.19560477, 0.73095858E-1, 0.37923385E-2
1.8491209, 0.31873026, 1.4632554, 0.40474692, 0.44536409, 0.27390766, 0.22979502, 0.85870922E-1, 0.44551310E-2
1.6717968, 0.31871599, 1.4530038, 0.40448678, 0.50371051, 0.30976149, 0.25942793, 0.96942164E-1, 0.50295256E-2
1.8909975, 0.31870154, 1.4427477, 0.40422508, 0.40510359, 0.24909781, 0.20824245, 0.77813633E-1, 0.40371055E-2
1.8598075, 0.31868684, 1.4324806, 0.40396169, 0.42339391, 0.26031962, 0.21721640, 0.81165239E-1, 0.42109918E-2
1.9767714, 0.31867206, 1.4222254, 0.40369725, 0.35135990, 0.21601009, 0.17989683, 0.67218982E-1, 0.34874363E-2
2.0000696, 0.31865710, 1.4119701, 0.40343145, 0.32744849, 0.20129095, 0.16730422, 0.62512554E-1, 0.32432589E-2
1.8848003, 0.31864220, 1.4017966, 0.40316588, 0.35910192, 0.22072834, 0.18310206, 0.68414018E-1, 0.35494366E-2
1.9408891, 0.31862715, 1.3916506, 0.40289950, 0.37582567, 0.23098741, 0.19123520, 0.71451344E-1, 0.37070189E-2
1.7082092, 0.31861216, 1.3816063, 0.40263382, 0.41587999, 0.25558379, 0.21122655, 0.78918822E-1, 0.40944442E-2
1.8837341, 0.31859693, 1.3715816, 0.40236720, 0.34558830, 0.21236698, 0.17518611, 0.65451749E-1, 0.33957490E-2
2.0057299, 0.31858161, 1.3615198, 0.40209845, 0.33346221, 0.20489892, 0.16869949, 0.63026868E-1, 0.32699415E-2
1.9267313, 0.31856602, 1.3514785, 0.40182883, 0.34821376, 0.21394706, 0.17580780, 0.65681040E-1, 0.34076457E-2
1.8400432, 0.31855053, 1.3415194, 0.40155950, 0.31775701, 0.19521883, 0.16012065, 0.59818979E-1, 0.31035121E-2
1.8530217, 0.31853512, 1.3316166, 0.40128994, 0.32242212, 0.19806920, 0.16215815, 0.60578778E-1, 0.31429310E-2
1.7481543, 0.31851959, 1.3217760, 0.40102029, 0.37131056, 0.22808504, 0.18639521, 0.69631420E-1, 0.36125982E-2
1.6868432, 0.31850415, 1.3120080, 0.40075085, 0.37089932, 0.22781608, 0.18586080, 0.69429837E-1, 0.36021390E-2
1.5836408, 0.31848872, 1.3023052, 0.40048134, 0.43203709, 0.26534978, 0.21612616, 0.80733217E-1, 0.41885776E-2
1.5658349, 0.31847322, 1.2926596, 0.40021157, 0.46849445, 0.28772333, 0.23398553, 0.87401420E-1, 0.45345360E-2
1.6608630, 0.31845748, 1.2830385, 0.39994112, 0.42458254, 0.26074025, 0.21171093, 0.79078242E-1, 0.41027153E-2
1.8037237, 0.31844142, 1.2734253, 0.39966959, 0.35308254, 0.21681905, 0.17574555, 0.65642327E-1, 0.34056364E-2
1.7767721, 0.31842536, 1.2638395, 0.39939737, 0.39365596, 0.24172147, 0.19559050, 0.73052280E-1, 0.37900773E-2
1.5780604, 0.31840935, 1.2542986, 0.39912468, 0.42884612, 0.26331592, 0.21272604, 0.79449490E-1, 0.41219760E-2
