0.40726006, 1.1775593, 0.21429877, 0.85555267, 1.0278819, 0.73753554, 5.1039209, 60.057159, 45.294804
0.40691683, 1.1775644, 0.21319945, 0.85519707, 1.0271103, 0.73706013, 5.1041980, 60.057049, 45.294804
0.40653855, 1.1775626, 0.21206729, 0.85482025, 1.0264850, 0.73667252, 5.1044536, 60.056942, 45.294804
0.40618956, 1.1775664, 0.21100657, 0.85446775, 1.0259154, 0.73631865, 5.1047034, 60.056843, 45.294804
0.40584245, 1.1775707, 0.20997423, 0.85412031, 1.0251366, 0.73583984, 5.1049876, 60.056732, 45.294804
0.40544385, 1.1775647, 0.20887448, 0.85373867, 1.0245684, 0.73548746, 5.1052413, 60.056629, 45.294804
0.40509462, 1.1775683, 0.20788571, 0.85339683, 1.0242022, 0.73525614, 5.1054649, 60.056538, 45.294804
0.40469220, 1.1775613, 0.20681597, 0.85301721, 1.0239953, 0.73512024, 5.1056662, 60.056446, 45.294804
0.40429094, 1.1775544, 0.20576280, 0.85263991, 1.0239516, 0.73508257, 5.1058440, 60.056355, 45.294804
0.40389234, 1.1775481, 0.20472638, 0.85226536, 1.0239801, 0.73508853, 5.1060166, 60.056263, 45.294804
0.40347290, 1.1775373, 0.20365594, 0.85187435, 1.0239676, 0.73507041, 5.1061997, 60.056171, 45.294804
0.40306690, 1.1775292, 0.20262167, 0.85149443, 1.0242131, 0.73520684, 5.1063399, 60.056080, 45.294804
0.40267658, 1.1775240, 0.20162937, 0.85112756, 1.0243803, 0.73529679, 5.1064987, 60.055988, 45.294804
0.40227509, 1.1775167, 0.20062520, 0.85075259, 1.0245929, 0.73541439, 5.1066523, 60.055897, 45.294804
0.40187091, 1.1775085, 0.19962469, 0.85037589, 1.0247303, 0.73548752, 5.1068254, 60.055805, 45.294804
0.40147063, 1.1775008, 0.19864266, 0.85000277, 1.0247809, 0.73550892, 5.1070213, 60.055714, 45.294804
0.40108377, 1.1774958, 0.19769803, 0.84964097, 1.0249321, 0.73559111, 5.1071997, 60.055622, 45.294804
0.40063101, 1.1774776, 0.19662912, 0.84922725, 1.0251818, 0.73573226, 5.1073594, 60.055531, 45.294804
0.40020871, 1.1774652, 0.19563209, 0.84883821, 1.0253509, 0.73582566, 5.1075425, 60.055439, 45.294804
0.39980751, 1.1774566, 0.19468971, 0.84846675, 1.0254651, 0.73588663, 5.1077433, 60.055347, 45.294804
0.39940718, 1.1774484, 0.19376101, 0.84809732, 1.0256196, 0.73597205, 5.1079369, 60.055256, 45.294804
0.39900768, 1.1774402, 0.19284369, 0.84772915, 1.0257518, 0.73604453, 5.1081400, 60.055164, 45.294804
0.39859471, 1.1774292, 0.19189797, 0.84734869, 1.0258391, 0.73609042, 5.1083589, 60.055073, 45.294804
0.39821470, 1.1774248, 0.19101015, 0.84699047, 1.0257943, 0.73605746, 5.1086121, 60.054981, 45.294804
0.39782870, 1.1774187, 0.19011386, 0.84662688, 1.0258924, 0.73611087, 5.1088333, 60.054890, 45.294804
0.39741305, 1.1774069, 0.18916599, 0.84624040, 1.0259467, 0.73613811, 5.1090713, 60.054798, 45.294804
0.39701724, 1.1773987, 0.18826613, 0.84586936, 1.0257508, 0.73601604, 5.1093764, 60.054707, 45.294804
0.39659902, 1.1773860, 0.18732905, 0.84548151, 1.0257965, 0.73603880, 5.1096210, 60.054615, 45.294804
0.39620697, 1.1773783, 0.18645346, 0.84511435, 1.0259683, 0.73613727, 5.1098361, 60.054523, 45.294804
0.39577481, 1.1773626, 0.18550457, 0.84471601, 1.0262830, 0.73632169, 5.1100144, 60.054432, 45.294804
0.39534214, 1.1773466, 0.18456268, 0.84431720, 1.0267340, 0.73658794, 5.1101580, 60.054340, 45.294804
0.39493132, 1.1773345, 0.18363684, 0.84392804, 1.0270401, 0.73676759, 5.1103463, 60.054249, 45.294804
0.39456797, 1.1773319, 0.18270963, 0.84355265, 1.0269848, 0.73673147, 5.1106424, 60.054157, 45.294804
0.39419767, 1.1773279, 0.18175901, 0.84316826, 1.0268803, 0.73666656, 5.1109557, 60.054066, 45.294804
0.39383376, 1.1773247, 0.18082666, 0.84278858, 1.0266306, 0.73651528, 5.1113153, 60.053974, 45.294804
0.39344475, 1.1773164, 0.17986697, 0.84239286, 1.0264187, 0.73638660, 5.1116648, 60.053883, 45.294804
0.39311299, 1.1773193, 0.17901111, 0.84203809, 1.0261055, 0.73619777, 5.1120501, 60.053791, 45.294804
0.39274812, 1.1773157, 0.17810045, 0.84165847, 1.0257776, 0.73600054, 5.1124401, 60.053699, 45.294804
0.39236641, 1.1773087, 0.17716378, 0.84126574, 1.0254687, 0.73581475, 5.1128263, 60.053608, 45.294804
0.39201161, 1.1773065, 0.17627656, 0.84089202, 1.0253303, 0.73573101, 5.1131620, 60.053516, 45.294804
0.39163011, 1.1772991, 0.17535557, 0.84050012, 1.0250957, 0.73559010, 5.1135306, 60.053425, 45.294804
0.39130726, 1.1773031, 0.17453745, 0.84014946, 1.0244480, 0.73520255, 5.1140308, 60.053333, 45.294804
0.39096159, 1.1773022, 0.17369878, 0.83978522, 1.0236518, 0.73472649, 5.1145787, 60.053242, 45.294804
0.39058697, 1.1772960, 0.17282048, 0.83940089, 1.0233560, 0.73455000, 5.1149678, 60.053150, 45.294804
0.39026722, 1.1773002, 0.17203489, 0.83905435, 1.0225400, 0.73406255, 5.1155233, 60.053059, 45.294804
0.38992104, 1.1772991, 0.17122802, 0.83869314, 1.0216790, 0.73354822, 5.1160898, 60.052967, 45.294804
0.38956359, 1.1772956, 0.17042179, 0.83832675, 1.0211588, 0.73323792, 5.1165485, 60.052876, 45.294804
0.38924170, 1.1772990, 0.16966081, 0.83798105, 1.0206660, 0.73294431, 5.1169977, 60.052784, 45.294804
0.38885364, 1.1772892, 0.16878709, 0.83758670, 1.0201025, 0.73260862, 5.1174717, 60.052692, 45.294804
0.38849130, 1.1772847, 0.16794349, 0.83720642, 1.0199419, 0.73251426, 5.1178169, 60.052601, 45.294804
0.38804767, 1.1772640, 0.16697717, 0.83676964, 1.0199885, 0.73254436, 5.1180983, 60.052509, 45.294804
0.38696459, 1.1772290, 0.16590278, 0.83628166, 1.0201895, 0.73269773, 5.1183786, 60.052418, 45.294804
0.38661566, 1.1772262, 0.16509269, 0.83590817, 1.0201693, 0.73268843, 5.1186886, 60.052326, 45.294804
0.38627845, 1.1772256, 0.16430964, 0.83554339, 1.0197774, 0.73245692, 5.1191239, 60.052235, 45.294804
0.38592589, 1.1772217, 0.16351779, 0.83517027, 1.0193865, 0.73222625, 5.1195626, 60.052143, 45.294804
0.38559493, 1.1772220, 0.16278167, 0.83481538, 1.0188503, 0.73190874, 5.1200514, 60.052052, 45.294804
0.38522941, 1.1772158, 0.16201450, 0.83444089, 1.0182314, 0.73154187, 5.1205683, 60.051960, 45.294804
0.38491282, 1.1772187, 0.16136213, 0.83410722, 1.0175261, 0.73112339, 5.1211138, 60.051868, 45.294804
0.38457650, 1.1772178, 0.16070303, 0.83376437, 1.0168523, 0.73072374, 5.1216455, 60.051777, 45.294804
0.38418430, 1.1772058, 0.15995602, 0.83338213, 1.0163438, 0.73042357, 5.1221209, 60.051685, 45.294804
0.38382533, 1.1772002, 0.15929045, 0.83302772, 1.0157124, 0.73004943, 5.1226401, 60.051594, 45.294804
0.38344151, 1.1771898, 0.15859170, 0.83265656, 1.0152322, 0.72976667, 5.1231065, 60.051502, 45.294804
0.38306323, 1.1771802, 0.15792096, 0.83229256, 1.0147551, 0.72948581, 5.1235723, 60.051411, 45.294804
0.38267776, 1.1771693, 0.15724845, 0.83192456, 1.0143603, 0.72925454, 5.1240101, 60.051319, 45.294804
0.38228023, 1.1771560, 0.15656145, 0.83154833, 1.0141487, 0.72913277, 5.1243882, 60.051228, 45.294804
0.38192353, 1.1771502, 0.15594469, 0.83120066, 1.0137842, 0.72891963, 5.1248202, 60.051136, 45.294804
0.38151455, 1.1771342, 0.15523061, 0.83081245, 1.0136806, 0.72886324, 5.1251631, 60.051090, 45.294804
0.38111934, 1.1771214, 0.15456568, 0.83043927, 1.0136343, 0.72884136, 5.1254892, 60.051052, 45.294804
0.38069165, 1.1771058, 0.15388508, 0.83005714, 1.0136250, 0.72884291, 5.1258059, 60.051014, 45.294804
0.38020581, 1.1770914, 0.15322970, 0.82968175, 1.0136346, 0.72885960, 5.1261234, 60.050972, 45.294804
0.37958378, 1.1770744, 0.15255879, 0.82929772, 1.0136796, 0.72890484, 5.1264410, 60.050941, 45.294804
0.37886721, 1.1770655, 0.15199126, 0.82895005, 1.0137308, 0.72896105, 5.1267715, 60.050907, 45.294804
0.37802318, 1.1770540, 0.15140319, 0.82859290, 1.0137696, 0.72901642, 5.1271205, 60.050873, 45.294804
0.37705120, 1.1770407, 0.15080051, 0.82822835, 1.0139245, 0.72914785, 5.1274414, 60.050842, 45.294804
0.37601331, 1.1770290, 0.15021925, 0.82787025, 1.0142326, 0.72937512, 5.1277151, 60.050835, 45.294804
0.37493926, 1.1770209, 0.14968827, 0.82752943, 1.0144968, 0.72957951, 5.1280150, 60.050819, 45.294804
0.37387446, 1.1770258, 0.14931756, 0.82724649, 1.0147487, 0.72977996, 5.1283283, 60.050800, 45.294804
0.37277395, 1.1770365, 0.14901742, 0.82698876, 1.0149292, 0.72994125, 5.1286812, 60.050777, 45.294804
0.37199199, 1.1770295, 0.14850064, 0.82665205, 1.0150899, 0.73006850, 5.1290045, 60.050777, 45.294804
0.37163535, 1.1770231, 0.14797020, 0.82631207, 1.0149459, 0.72999036, 5.1294112, 60.050774, 45.294804
0.37124515, 1.1770089, 0.14734969, 0.82593787, 1.0146102, 0.72979712, 5.1298971, 60.050751, 45.294804
0.37090823, 1.1770034, 0.14679883, 0.82559299, 1.0145979, 0.72979742, 5.1302500, 60.050747, 45.294804
0.37054247, 1.1769919, 0.14613210, 0.82521188, 1.0143119, 0.72963387, 5.1307182, 60.050747, 45.294804
0.37021518, 1.1769876, 0.14547201, 0.82484382, 1.0132411, 0.72899991, 5.1315079, 60.050667, 45.294804
0.36990419, 1.1769867, 0.14484276, 0.82448721, 1.0111321, 0.72774363, 5.1327047, 60.050575, 45.294804
0.36958462, 1.1769840, 0.14421844, 0.82412767, 1.0099406, 0.72703731, 5.1335168, 60.050484, 45.294804
0.36924770, 1.1769778, 0.14355364, 0.82375216, 1.0092294, 0.72661912, 5.1341348, 60.050392, 45.294804
0.36890683, 1.1769705, 0.14288177, 0.82337278, 1.0083336, 0.72609025, 5.1348200, 60.050301, 45.294804
0.36855757, 1.1769615, 0.14220779, 0.82298887, 1.0069532, 0.72527051, 5.1356897, 60.050209, 45.294804
0.36825153, 1.1769608, 0.14161389, 0.82263666, 1.0050532, 0.72413850, 5.1367435, 60.050117, 45.294804
0.36793208, 1.1769575, 0.14101483, 0.82227767, 1.0040268, 0.72353095, 5.1374507, 60.050026, 45.294804
0.36757165, 1.1769460, 0.14035214, 0.82188970, 1.0034785, 0.72321063, 5.1379743, 60.049934, 45.294804
0.36723444, 1.1769394, 0.13974395, 0.82152081, 1.0023847, 0.72256267, 5.1387010, 60.049847, 45.294804
0.36690298, 1.1769332, 0.13917835, 0.82116234, 1.0013399, 0.72194439, 5.1394014, 60.049793, 45.294804
0.36657372, 1.1769274, 0.13864842, 0.82081169, 1.0003530, 0.72136098, 5.1400747, 60.049747, 45.294804
0.36619240, 1.1769116, 0.13804053, 0.82042545, 0.99939805, 0.72079653, 5.1407304, 60.049690, 45.294804
0.36583629, 1.1769005, 0.13750024, 0.82006192, 0.99849159, 0.72026116, 5.1413636, 60.049606, 45.294804
0.36545891, 1.1768852, 0.13693406, 0.81968439, 0.99778491, 0.71984613, 5.1419206, 60.049568, 45.294804
0.36509815, 1.1768734, 0.13642171, 0.81932402, 0.99716169, 0.71948147, 5.1424460, 60.049530, 45.294804
0.36469156, 1.1768568, 0.13586920, 0.81894559, 0.99661976, 0.71916676, 5.1429429, 60.049500, 45.294804
0.36420533, 1.1768358, 0.13528007, 0.81855124, 0.99637061, 0.71903133, 5.1433387, 60.049469, 45.294804
0.36360598, 1.1768126, 0.13467798, 0.81814939, 0.99619180, 0.71894401, 5.1437201, 60.049442, 45.294804
0.36296108, 1.1768020, 0.13422790, 0.81780285, 0.99608397, 0.71890527, 5.1440883, 60.049416, 45.294804
0.36221048, 1.1767919, 0.13379191, 0.81745964, 0.99581391, 0.71877503, 5.1445279, 60.049389, 45.294804
0.36134428, 1.1767828, 0.13337742, 0.81712312, 0.99576992, 0.71878755, 5.1448965, 60.049370, 45.294804
0.36040285, 1.1767666, 0.13287976, 0.81675446, 0.99601507, 0.71897608, 5.1451631, 60.049370, 45.294804
0.35969272, 1.1767485, 0.13235492, 0.81637555, 0.99631363, 0.71918386, 5.1453891, 60.049370, 45.294804
0.35914326, 1.1767323, 0.13185084, 0.81600428, 0.99658525, 0.71936774, 5.1456141, 60.049370, 45.294804
0.35878259, 1.1767193, 0.13136709, 0.81564242, 0.99671769, 0.71945888, 5.1458797, 60.049370, 45.294804
0.35840061, 1.1767011, 0.13082981, 0.81525898, 0.99668109, 0.71944815, 5.1462116, 60.049370, 45.294804
0.35803196, 1.1766899, 0.13038120, 0.81490666, 0.99624753, 0.71919984, 5.1467047, 60.049358, 45.294804
0.35758361, 1.1766742, 0.12989441, 0.81453764, 0.99598336, 0.71905673, 5.1471353, 60.049358, 45.294804
0.35709506, 1.1766611, 0.12944494, 0.81418079, 0.99567413, 0.71888959, 5.1475902, 60.049351, 45.294804
0.35657313, 1.1766416, 0.12892698, 0.81379724, 0.99537104, 0.71872634, 5.1480432, 60.049351, 45.294804
0.35594988, 1.1766313, 0.12852392, 0.81345475, 0.99485326, 0.71844196, 5.1485987, 60.049343, 45.294804
0.35515293, 1.1766210, 0.12813357, 0.81311530, 0.99473459, 0.71840715, 5.1490126, 60.049343, 45.294804
0.35417336, 1.1766163, 0.12781391, 0.81280023, 0.99447435, 0.71829861, 5.1495056, 60.049339, 45.294804
0.35316086, 1.1766151, 0.12753789, 0.81250083, 0.99431801, 0.71825540, 5.1499648, 60.049339, 45.294804
0.35239136, 1.1766400, 0.12746753, 0.81229287, 0.99407351, 0.71815348, 5.1504526, 60.049339, 45.294804
0.35207695, 1.1766320, 0.12696597, 0.81193113, 0.99283576, 0.71741998, 5.1512809, 60.049339, 45.294804
0.35161343, 1.1765954, 0.12618765, 0.81145686, 0.99153584, 0.71664917, 5.1521206, 60.049339, 45.294804
0.35132501, 1.1765924, 0.12568614, 0.81110215, 0.99032927, 0.71593416, 5.1529126, 60.049339, 45.294804
0.35104635, 1.1765910, 0.12521137, 0.81075573, 0.98857296, 0.71488786, 5.1539083, 60.049316, 45.294804
0.35073009, 1.1765827, 0.12471031, 0.81039035, 0.98659134, 0.71370560, 5.1549673, 60.049282, 45.294804
0.35041818, 1.1765748, 0.12425140, 0.81003475, 0.98492390, 0.71271235, 5.1558847, 60.049248, 45.294804
0.35007945, 1.1765617, 0.12377080, 0.80966479, 0.98333514, 0.71176606, 5.1567554, 60.049210, 45.294804
0.34977219, 1.1765546, 0.12334384, 0.80931664, 0.98227620, 0.71113938, 5.1574225, 60.049156, 45.294804
0.34948036, 1.1765499, 0.12289641, 0.80896837, 0.98092979, 0.71033913, 5.1581836, 60.049065, 45.294804
0.34912744, 1.1765339, 0.12233428, 0.80857313, 0.97911078, 0.70925325, 5.1590958, 60.048973, 45.294804
0.34889257, 1.1765400, 0.12195432, 0.80825764, 0.97713494, 0.70807266, 5.1600366, 60.048882, 45.294804
0.34858963, 1.1765331, 0.12145450, 0.80789185, 0.97467852, 0.70660120, 5.1611056, 60.048790, 45.294804
0.34826607, 1.1765223, 0.12092434, 0.80751139, 0.97267014, 0.70539981, 5.1619959, 60.048698, 45.294804
0.34797394, 1.1765172, 0.12044508, 0.80715221, 0.97082829, 0.70429879, 5.1628075, 60.048607, 45.294804
0.34766248, 1.1765085, 0.11993973, 0.80677998, 0.96905625, 0.70323956, 5.1635776, 60.048515, 45.294804
0.34733617, 1.1764970, 0.11941735, 0.80639827, 0.96744877, 0.70227945, 5.1642790, 60.048424, 45.294804
0.34706360, 1.1764953, 0.11898746, 0.80605417, 0.96611983, 0.70148778, 5.1648846, 60.048332, 45.294804
0.34679201, 1.1764941, 0.11858708, 0.80571634, 0.96379298, 0.70009184, 5.1657524, 60.048241, 45.294804
0.34649661, 1.1764880, 0.11818653, 0.80537015, 0.96182877, 0.69891495, 5.1664896, 60.048145, 45.294804
0.34617758, 1.1764774, 0.11777602, 0.80501324, 0.95999902, 0.69781888, 5.1671653, 60.048054, 45.294804
0.34586072, 1.1764671, 0.11739311, 0.80466259, 0.95835721, 0.69683659, 5.1677732, 60.047958, 45.294804
0.34552220, 1.1764525, 0.11698442, 0.80429816, 0.95748281, 0.69631875, 5.1681776, 60.047867, 45.294804
0.34516618, 1.1764345, 0.11654802, 0.80392104, 0.95681608, 0.69592696, 5.1685276, 60.047775, 45.294804
0.34480488, 1.1764154, 0.11610468, 0.80353999, 0.95631373, 0.69563490, 5.1688352, 60.047684, 45.294804
0.34446758, 1.1764007, 0.11571588, 0.80317843, 0.95561635, 0.69522452, 5.1691899, 60.047592, 45.294804
0.34415856, 1.1763912, 0.11539413, 0.80284113, 0.95495039, 0.69483328, 5.1695342, 60.047501, 45.294804
0.34379810, 1.1763724, 0.11497393, 0.80246460, 0.95409334, 0.69432628, 5.1699228, 60.047409, 45.294804
0.34346902, 1.1763597, 0.11461481, 0.80211157, 0.95352501, 0.69399428, 5.1702390, 60.047318, 45.294804
0.34312743, 1.1763436, 0.11421986, 0.80174506, 0.95238703, 0.69331658, 5.1706853, 60.047226, 45.294804
0.34281775, 1.1763339, 0.11389821, 0.80140501, 0.95099908, 0.69248718, 5.1711779, 60.047134, 45.294804
0.34249464, 1.1763211, 0.11354304, 0.80105209, 0.94992101, 0.69184542, 5.1715913, 60.047043, 45.294804
0.34213522, 1.1763015, 0.11311438, 0.80067021, 0.94886714, 0.69121838, 5.1719899, 60.046951, 45.294804
0.34183353, 1.1762927, 0.11280465, 0.80033356, 0.94747251, 0.69038427, 5.1724567, 60.046860, 45.294804
0.34149259, 1.1762762, 0.11238832, 0.79995966, 0.94600260, 0.68950421, 5.1729236, 60.046768, 45.294804
0.34120369, 1.1762695, 0.11201063, 0.79961103, 0.94401568, 0.68830979, 5.1734762, 60.046677, 45.294804
0.34095359, 1.1762700, 0.11165661, 0.79927993, 0.94077998, 0.68635601, 5.1742282, 60.046562, 45.294804
0.34063232, 1.1762573, 0.11121336, 0.79890466, 0.93815488, 0.68477207, 5.1748099, 60.046463, 45.294804
0.34035710, 1.1762531, 0.11083812, 0.79855931, 0.93563908, 0.68325371, 5.1753268, 60.046364, 45.294804
0.34005609, 1.1762438, 0.11040212, 0.79819131, 0.93313581, 0.68174237, 5.1757979, 60.046261, 45.294804
0.33974972, 1.1762334, 0.10995961, 0.79781926, 0.93083119, 0.68035120, 5.1762009, 60.046165, 45.294804
0.33947632, 1.1762291, 0.10957037, 0.79746938, 0.92859030, 0.67899799, 5.1765599, 60.046074, 45.294804
0.33920765, 1.1762257, 0.10919318, 0.79712319, 0.92612600, 0.67750812, 5.1769056, 60.045967, 45.294804
0.33889717, 1.1762143, 0.10875086, 0.79674834, 0.92403162, 0.67624289, 5.1771770, 60.045876, 45.294804
0.33861372, 1.1762078, 0.10835313, 0.79639173, 0.92160851, 0.67477703, 5.1774426, 60.045757, 45.294804
0.33838293, 1.1762111, 0.10804451, 0.79607177, 0.91871089, 0.67302042, 5.1776962, 60.045628, 45.294804
0.33808523, 1.1762016, 0.10762871, 0.79570526, 0.91638023, 0.67160922, 5.1778665, 60.045502, 45.294804
0.33780110, 1.1761947, 0.10723893, 0.79534864, 0.91397220, 0.67014998, 5.1779995, 60.045376, 45.294804
0.33757019, 1.1761979, 0.10693131, 0.79502761, 0.91159016, 0.66870594, 5.1780930, 60.045242, 45.294804
0.33729786, 1.1761934, 0.10656411, 0.79467851, 0.90907621, 0.66718042, 5.1781454, 60.045071, 45.294804
0.33703291, 1.1761898, 0.10621213, 0.79433501, 0.90648735, 0.66560817, 5.1781530, 60.044888, 45.294804
0.33675349, 1.1761837, 0.10584477, 0.79398280, 0.90393233, 0.66405582, 5.1781139, 60.044697, 45.294804
0.33650145, 1.1761824, 0.10551673, 0.79364789, 0.90131581, 0.66246510, 5.1780276, 60.044506, 45.294804
0.33624646, 1.1761805, 0.10519666, 0.79331332, 0.89890790, 0.66100109, 5.1779022, 60.044323, 45.294804
0.33599219, 1.1761789, 0.10489982, 0.79298371, 0.89593750, 0.65919155, 5.1776981, 60.044109, 45.294804
0.33575827, 1.1761808, 0.10466769, 0.79267514, 0.89308715, 0.65745431, 5.1774416, 60.043896, 45.294804
0.33547685, 1.1761737, 0.10438211, 0.79233819, 0.89053267, 0.65589786, 5.1771564, 60.043716, 45.294804
0.33519441, 1.1761659, 0.10411213, 0.79200417, 0.88836640, 0.65457857, 5.1768684, 60.043549, 45.294804
0.33489129, 1.1761546, 0.10379937, 0.79165292, 0.88645065, 0.65341252, 5.1765766, 60.043400, 45.294804
0.33461958, 1.1761490, 0.10356066, 0.79132843, 0.88429761, 0.65210015, 5.1762257, 60.043228, 45.294804
0.33430186, 1.1761346, 0.10325196, 0.79097259, 0.88252330, 0.65102005, 5.1758962, 60.043072, 45.294804
0.33399069, 1.1761218, 0.10297527, 0.79062545, 0.88087356, 0.65001601, 5.1755619, 60.042923, 45.294804
0.33368480, 1.1761092, 0.10267995, 0.79027593, 0.87979645, 0.64936388, 5.1752963, 60.042778, 45.294804
0.33339253, 1.1760993, 0.10239077, 0.78993160, 0.87834460, 0.64848101, 5.1749649, 60.042625, 45.294804
0.33306995, 1.1760834, 0.10198078, 0.78954971, 0.87663716, 0.64744061, 5.1745758, 60.042450, 45.294804
0.33280432, 1.1760786, 0.10164627, 0.78920305, 0.87471467, 0.64626753, 5.1741276, 60.042267, 45.294804
0.33251441, 1.1760688, 0.10127667, 0.78884000, 0.87248033, 0.64490175, 5.1735935, 60.042068, 45.294804
0.33227307, 1.1760685, 0.10098810, 0.78851074, 0.86984694, 0.64328939, 5.1729422, 60.041847, 45.294804
0.33202043, 1.1760658, 0.10068436, 0.78817379, 0.86748552, 0.64184362, 5.1722984, 60.041634, 45.294804
0.33177969, 1.1760650, 0.10039505, 0.78784382, 0.86527753, 0.64049184, 5.1716504, 60.041439, 45.294804
0.33151355, 1.1760594, 0.10007983, 0.78749925, 0.86245281, 0.63875878, 5.1708150, 60.041172, 45.294804
0.33127341, 1.1760587, 0.99834852E-1, 0.78717840, 0.85996372, 0.63723183, 5.1700101, 60.040936, 45.294804
0.33103582, 1.1760585, 0.99628389E-1, 0.78686708, 0.85768610, 0.63583475, 5.1692176, 60.040703, 45.294804
0.33078918, 1.1760563, 0.99440776E-1, 0.78655660, 0.85555875, 0.63452965, 5.1684308, 60.040459, 45.294804
0.33051556, 1.1760492, 0.99223614E-1, 0.78623015, 0.85370678, 0.63339418, 5.1676927, 60.040230, 45.294804
0.33022395, 1.1760384, 0.98989137E-1, 0.78589332, 0.85198903, 0.63234109, 5.1669703, 60.040016, 45.294804
0.32991961, 1.1760250, 0.98745815E-1, 0.78555018, 0.85050815, 0.63143420, 5.1663008, 60.039837, 45.294804
0.32962424, 1.1760132, 0.98525234E-1, 0.78521478, 0.84930080, 0.63069630, 5.1657038, 60.039665, 45.294804
0.32931522, 1.1759988, 0.98280080E-1, 0.78486913, 0.84808171, 0.62995088, 5.1650925, 60.039497, 45.294804
0.32899973, 1.1759839, 0.98045088E-1, 0.78452516, 0.84690529, 0.62923211, 5.1644850, 60.039330, 45.294804
0.32865879, 1.1759686, 0.97812295E-1, 0.78418070, 0.84583753, 0.62858140, 5.1639023, 60.039173, 45.294804
0.32824790, 1.1759521, 0.97570434E-1, 0.78383082, 0.84488666, 0.62800610, 5.1633463, 60.039021, 45.294804
0.32788444, 1.1759386, 0.97346686E-1, 0.78349078, 0.84377903, 0.62733197, 5.1627336, 60.038845, 45.294804
0.32758629, 1.1759257, 0.97116888E-1, 0.78315014, 0.84205371, 0.62627178, 5.1619024, 60.038605, 45.294804
0.32727337, 1.1759107, 0.96878752E-1, 0.78280354, 0.84041393, 0.62526429, 5.1610794, 60.038406, 45.294804
0.32690394, 1.1758925, 0.96617967E-1, 0.78244573, 0.83914500, 0.62448835, 5.1603689, 60.038235, 45.294804
0.32643855, 1.1758801, 0.96443459E-1, 0.78211844, 0.83821571, 0.62392944, 5.1597610, 60.038082, 45.294804
0.32582599, 1.1758708, 0.96312098E-1, 0.78180587, 0.83723158, 0.62334418, 5.1591148, 60.037922, 45.294804
0.32509416, 1.1758662, 0.96243449E-1, 0.78151572, 0.83625948, 0.62277329, 5.1584525, 60.037758, 45.294804
0.32422969, 1.1758605, 0.96161231E-1, 0.78122026, 0.83525765, 0.62218958, 5.1577640, 60.037579, 45.294804
0.32322159, 1.1758500, 0.96022628E-1, 0.78090352, 0.83447510, 0.62174773, 5.1571412, 60.037415, 45.294804
0.32206792, 1.1758337, 0.95819704E-1, 0.78056264, 0.83378065, 0.62136590, 5.1565409, 60.037258, 45.294804
0.32081276, 1.1758142, 0.95576718E-1, 0.78020662, 0.83351123, 0.62125218, 5.1560931, 60.037140, 45.294804
0.31947502, 1.1757913, 0.95302992E-1, 0.77983856, 0.83305717, 0.62102699, 5.1555734, 60.036995, 45.294804
0.31805548, 1.1757662, 0.94999440E-1, 0.77945894, 0.83262122, 0.62081641, 5.1550570, 60.036854, 45.294804
0.31658575, 1.1757392, 0.94678372E-1, 0.77907240, 0.83194983, 0.62046140, 5.1544518, 60.036690, 45.294804
0.31644958, 1.1757268, 0.94488129E-1, 0.77874023, 0.83099407, 0.61988437, 5.1538224, 60.036514, 45.294804
0.31856427, 1.1756690, 0.93787283E-1, 0.77821356, 0.82945126, 0.61893338, 5.1529784, 60.036274, 45.294804
0.32067329, 1.1756103, 0.93085863E-1, 0.77768511, 0.82702368, 0.61743176, 5.1517644, 60.035965, 45.294804
0.32277721, 1.1755517, 0.92387095E-1, 0.77715564, 0.82428330, 0.61573505, 5.1503744, 60.035629, 45.294807
0.32487682, 1.1754931, 0.91692381E-1, 0.77662599, 0.82044768, 0.61335546, 5.1484461, 60.035191, 45.294815
0.32697260, 1.1754345, 0.91002554E-1, 0.77609652, 0.81768268, 0.61164147, 5.1468997, 60.034836, 45.294819
0.32906458, 1.1753759, 0.90318181E-1, 0.77556765, 0.81542319, 0.61024189, 5.1455350, 60.034527, 45.294819
0.33115277, 1.1753173, 0.89639477E-1, 0.77503949, 0.81352693, 0.60906857, 5.1443071, 60.034248, 45.294819
0.33323854, 1.1752588, 0.88966012E-1, 0.77451152, 0.81120116, 0.60762697, 5.1428380, 60.033920, 45.294819
0.33532068, 1.1752001, 0.88297598E-1, 0.77398366, 0.80909932, 0.60632473, 5.1414423, 60.033619, 45.294819
0.33739883, 1.1751416, 0.87634079E-1, 0.77345628, 0.80675155, 0.60486847, 5.1398821, 60.033287, 45.294819
0.33947244, 1.1750829, 0.86975053E-1, 0.77292877, 0.80344653, 0.60281348, 5.1377578, 60.032845, 45.294830
0.34154347, 1.1750244, 0.86320497E-1, 0.77240181, 0.79978389, 0.60053331, 5.1353436, 60.032349, 45.294838
0.34361085, 1.1749657, 0.85670710E-1, 0.77187485, 0.79775798, 0.59927630, 5.1337895, 60.032005, 45.294838
0.34567627, 1.1749072, 0.85027583E-1, 0.77134925, 0.79517794, 0.59767193, 5.1318727, 60.031631, 45.294838
0.34773788, 1.1748486, 0.84388830E-1, 0.77082360, 0.79240513, 0.59594607, 5.1297817, 60.031219, 45.294838
0.34979570, 1.1747900, 0.83754286E-1, 0.77029800, 0.78939235, 0.59406883, 5.1274776, 60.030777, 45.294842
0.35185048, 1.1747314, 0.83124965E-1, 0.76977307, 0.78701055, 0.59258652, 5.1255126, 60.030399, 45.294842
0.35389835, 1.1746728, 0.82500421E-1, 0.76924884, 0.78462517, 0.59110159, 5.1235027, 60.030003, 45.294842
0.35594591, 1.1746142, 0.81880115E-1, 0.76872438, 0.78140438, 0.58909118, 5.1208730, 60.029518, 45.294842
0.35798946, 1.1745557, 0.81263781E-1, 0.76819992, 0.77788001, 0.58688867, 5.1179433, 60.028976, 45.294849
0.36002997, 1.1744970, 0.80652528E-1, 0.76767600, 0.77495813, 0.58506352, 5.1153564, 60.028496, 45.294849
0.36206719, 1.1744384, 0.80046378E-1, 0.76715243, 0.77281749, 0.58372915, 5.1132860, 60.028088, 45.294849
0.36410108, 1.1743798, 0.79444759E-1, 0.76662952, 0.77005124, 0.58200037, 5.1107030, 60.027592, 45.294853
0.36613142, 1.1743212, 0.78847207E-1, 0.76610672, 0.76685435, 0.57999939, 5.1077175, 60.027027, 45.294857
0.36815795, 1.1742626, 0.78253634E-1, 0.76558375, 0.76364428, 0.57798868, 5.1046391, 60.026455, 45.294865
0.37018108, 1.1742040, 0.77664800E-1, 0.76506156, 0.76163000, 0.57673126, 5.1024656, 60.026039, 45.294865
0.37220091, 1.1741455, 0.77080585E-1, 0.76453978, 0.75972772, 0.57554430, 5.1003509, 60.025650, 45.294865
0.37421715, 1.1740868, 0.76500684E-1, 0.76401818, 0.75768876, 0.57427055, 5.0980926, 60.025219, 45.294865
0.37623003, 1.1740283, 0.75925127E-1, 0.76349711, 0.75570494, 0.57303131, 5.0958476, 60.024803, 45.294865
0.37780058, 1.1739696, 0.75353980E-1, 0.76297635, 0.75400335, 0.57197034, 5.0938172, 60.024414, 45.294865
0.37717521, 1.1739111, 0.74786998E-1, 0.76245552, 0.75238192, 0.57095957, 5.0918331, 60.024044, 45.294865
0.37655145, 1.1738524, 0.74224003E-1, 0.76193470, 0.75088274, 0.57002586, 5.0899386, 60.023689, 45.294865
0.37592700, 1.1737939, 0.73664919E-1, 0.76141381, 0.74939543, 0.56909961, 5.0880389, 60.023327, 45.294865
0.37530020, 1.1737353, 0.73109768E-1, 0.76089305, 0.74791640, 0.56817836, 5.0861292, 60.022961, 45.294865
0.37467495, 1.1736767, 0.72559707E-1, 0.76037335, 0.74726212, 0.56777906, 5.0849533, 60.022717, 45.294865
0.37405583, 1.1736181, 0.72014511E-1, 0.75985461, 0.74609172, 0.56705290, 5.0833073, 60.022411, 45.294865
0.37343776, 1.1735595, 0.71473598E-1, 0.75933605, 0.74483204, 0.56626993, 5.0815678, 60.022068, 45.294865
0.37282014, 1.1735009, 0.70937537E-1, 0.75881892, 0.74309790, 0.56518596, 5.0793796, 60.021648, 45.294865
0.37220359, 1.1734424, 0.70404306E-1, 0.75830126, 0.74164402, 0.56427944, 5.0774312, 60.021290, 45.294865
0.37158704, 1.1733837, 0.69874451E-1, 0.75778371, 0.74009889, 0.56331486, 5.0753803, 60.020920, 45.294865
0.37097064, 1.1733252, 0.69348149E-1, 0.75726688, 0.73873687, 0.56246608, 5.0734859, 60.020565, 45.294865
0.37034944, 1.1732665, 0.68825498E-1, 0.75675017, 0.73750448, 0.56169963, 5.0717010, 60.020229, 45.294865
0.36969975, 1.1732080, 0.68306506E-1, 0.75623339, 0.73641729, 0.56102663, 5.0700383, 60.019905, 45.294865
0.36898360, 1.1731493, 0.67791171E-1, 0.75571662, 0.73547238, 0.56044686, 5.0684915, 60.019588, 45.294865
0.36815706, 1.1730908, 0.67279503E-1, 0.75519985, 0.73467070, 0.55996305, 5.0670528, 60.019295, 45.294865
0.36719146, 1.1730322, 0.66771455E-1, 0.75468314, 0.73380095, 0.55944228, 5.0655122, 60.018978, 45.294865
0.36652535, 1.1729735, 0.66269763E-1, 0.75416809, 0.73284858, 0.55885559, 5.0639577, 60.018684, 45.294865
0.36590576, 1.1729150, 0.65771945E-1, 0.75365335, 0.73204350, 0.55836052, 5.0625534, 60.018414, 45.294865
0.36529800, 1.1728563, 0.65277874E-1, 0.75313866, 0.73118681, 0.55783194, 5.0610962, 60.018135, 45.294865
0.36467350, 1.1727978, 0.64786792E-1, 0.75262398, 0.73060644, 0.55748010, 5.0599079, 60.017895, 45.294865
0.36402020, 1.1727391, 0.64299181E-1, 0.75210959, 0.73006058, 0.55715150, 5.0587444, 60.017651, 45.294865
0.36335063, 1.1726806, 0.63815251E-1, 0.75159663, 0.72942770, 0.55676818, 5.0574918, 60.017395, 45.294865
0.36257619, 1.1726220, 0.63334420E-1, 0.75108391, 0.72890663, 0.55646098, 5.0563226, 60.017143, 45.294865
0.36164927, 1.1725634, 0.62856734E-1, 0.75057131, 0.72837025, 0.55615103, 5.0551038, 60.016872, 45.294865
0.36055058, 1.1725048, 0.62382270E-1, 0.75005859, 0.72807717, 0.55600375, 5.0540848, 60.016640, 45.294865
0.35929152, 1.1724463, 0.61911136E-1, 0.74954593, 0.72774667, 0.55583978, 5.0529933, 60.016399, 45.294865
0.35843340, 1.1723876, 0.61446860E-1, 0.74903446, 0.72743744, 0.55567157, 5.0520239, 60.016201, 45.294865
0.35784429, 1.1723291, 0.60993519E-1, 0.74852669, 0.72639167, 0.55502278, 5.0503926, 60.015877, 45.294865
0.35725102, 1.1722704, 0.60539752E-1, 0.74801809, 0.72457385, 0.55388224, 5.0479794, 60.015419, 45.294865
0.35666189, 1.1722119, 0.60086574E-1, 0.74750847, 0.72224838, 0.55241728, 5.0450230, 60.014885, 45.294865
0.35607305, 1.1721532, 0.59635889E-1, 0.74699885, 0.71992135, 0.55095053, 5.0420189, 60.014343, 45.294865
0.35548043, 1.1720947, 0.59188150E-1, 0.74648935, 0.71750665, 0.54942709, 5.0388741, 60.013760, 45.294865
0.35489312, 1.1720361, 0.58743946E-1, 0.74597996, 0.71558511, 0.54821742, 5.0362086, 60.013256, 45.294865
0.35430533, 1.1719775, 0.58303166E-1, 0.74547136, 0.71372378, 0.54704583, 5.0335779, 60.012772, 45.294865
0.35371917, 1.1719189, 0.57867046E-1, 0.74496371, 0.71214151, 0.54605192, 5.0312209, 60.012329, 45.294865
0.35312086, 1.1718603, 0.57434503E-1, 0.74445617, 0.71052259, 0.54503459, 5.0288000, 60.011879, 45.294865
0.35264617, 1.1718240, 0.57227738E-1, 0.74403739, 0.70911843, 0.54415405, 5.0265951, 60.011456, 45.294865
0.35223541, 1.1718082, 0.57237733E-1, 0.74370390, 0.70812845, 0.54353976, 5.0248237, 60.011120, 45.294865
0.35183072, 1.1718001, 0.57340268E-1, 0.74340451, 0.70731157, 0.54303765, 5.0232291, 60.010799, 45.294865
0.35135719, 1.1717852, 0.57385426E-1, 0.74308115, 0.70659983, 0.54260397, 5.0217381, 60.010490, 45.294865
0.35093176, 1.1717743, 0.57480976E-1, 0.74277592, 0.70591122, 0.54218364, 5.0202789, 60.010189, 45.294865
0.35055077, 1.1717621, 0.57570647E-1, 0.74246776, 0.70521343, 0.54175502, 5.0188179, 60.009880, 45.294865
0.35018662, 1.1717538, 0.57711545E-1, 0.74217832, 0.70463759, 0.54140425, 5.0174899, 60.009602, 45.294865
0.34978923, 1.1717399, 0.57794098E-1, 0.74186641, 0.70417464, 0.54112583, 5.0162864, 60.009369, 45.294865
0.34935766, 1.1717235, 0.57849292E-1, 0.74154407, 0.70386654, 0.54094738, 5.0152512, 60.009140, 45.294865
0.34884232, 1.1717006, 0.57828322E-1, 0.74119377, 0.70390844, 0.54099506, 5.0145960, 60.008991, 45.294865
0.34832007, 1.1716783, 0.57811107E-1, 0.74084538, 0.70390040, 0.54101139, 5.0138841, 60.008850, 45.294865
0.34786233, 1.1716689, 0.57946924E-1, 0.74055392, 0.70358515, 0.54083109, 5.0128322, 60.008644, 45.294865
0.34727797, 1.1716577, 0.58068894E-1, 0.74025697, 0.70325649, 0.54064709, 5.0117340, 60.008430, 45.294865
0.34655970, 1.1716483, 0.58216210E-1, 0.73996919, 0.70298189, 0.54050386, 5.0106573, 60.008217, 45.294865
0.34577876, 1.1716454, 0.58442090E-1, 0.73971039, 0.70269036, 0.54035372, 5.0095363, 60.007996, 45.294865
0.34491071, 1.1716437, 0.58687735E-1, 0.73945957, 0.70257455, 0.54032028, 5.0085869, 60.007801, 45.294865
0.34395179, 1.1716448, 0.58962550E-1, 0.73922008, 0.70254833, 0.54034865, 5.0077105, 60.007622, 45.294865
0.34288505, 1.1716467, 0.59248365E-1, 0.73898518, 0.70254964, 0.54039937, 5.0068364, 60.007439, 45.294865
0.34174824, 1.1716474, 0.59519492E-1, 0.73874569, 0.70258993, 0.54047769, 5.0059919, 60.007263, 45.294865
0.34058580, 1.1716468, 0.59772048E-1, 0.73849988, 0.70263594, 0.54056031, 5.0051527, 60.007095, 45.294865
0.33937004, 1.1716441, 0.59998702E-1, 0.73824561, 0.70274413, 0.54068470, 5.0043731, 60.006931, 45.294865
0.33809754, 1.1716396, 0.60202032E-1, 0.73798305, 0.70293415, 0.54086339, 5.0036731, 60.006783, 45.294865
0.33678016, 1.1716335, 0.60386550E-1, 0.73771441, 0.70324880, 0.54112345, 5.0030999, 60.006649, 45.294865
0.33541578, 1.1716247, 0.60544655E-1, 0.73743659, 0.70355874, 0.54138190, 5.0025172, 60.006516, 45.294865
0.33465007, 1.1716180, 0.60692783E-1, 0.73716033, 0.70373857, 0.54153115, 5.0019550, 60.006371, 45.294865
0.33415937, 1.1716031, 0.60725432E-1, 0.73684430, 0.70376551, 0.54156828, 5.0013170, 60.006214, 45.294865
0.33371845, 1.1715981, 0.60820758E-1, 0.73655993, 0.70352697, 0.54143518, 5.0004034, 60.006016, 45.294865
0.33323219, 1.1715974, 0.60897086E-1, 0.73627895, 0.70308399, 0.54117399, 4.9992604, 60.005779, 45.294865
0.33274019, 1.1716009, 0.60944945E-1, 0.73599923, 0.70243841, 0.54078358, 4.9978991, 60.005486, 45.294865
0.33234820, 1.1716049, 0.60992528E-1, 0.73572046, 0.70162612, 0.54028195, 4.9963841, 60.005177, 45.294865
0.33195356, 1.1716002, 0.60971584E-1, 0.73541218, 0.70081031, 0.53977579, 4.9948721, 60.004871, 45.294865
0.33171692, 1.1716127, 0.61090540E-1, 0.73516434, 0.69954324, 0.53897685, 4.9928951, 60.004490, 45.294865
0.33144128, 1.1716169, 0.61151586E-1, 0.73488951, 0.69839680, 0.53825462, 4.9910336, 60.004124, 45.294865
0.33115923, 1.1716198, 0.61219227E-1, 0.73461461, 0.69715542, 0.53747118, 4.9890571, 60.003731, 45.294865
0.33092332, 1.1716301, 0.61374720E-1, 0.73437333, 0.69594967, 0.53670985, 4.9871078, 60.003334, 45.294865
0.33067659, 1.1716396, 0.61542802E-1, 0.73413295, 0.69485813, 0.53602183, 4.9852676, 60.002953, 45.294865
0.33039466, 1.1716357, 0.61601445E-1, 0.73384535, 0.69402051, 0.53549510, 4.9837036, 60.002628, 45.294865
0.33014649, 1.1716385, 0.61737653E-1, 0.73358721, 0.69312447, 0.53493053, 4.9820695, 60.002285, 45.294865
0.32987353, 1.1716371, 0.61840761E-1, 0.73331469, 0.69244760, 0.53450674, 4.9806695, 60.001980, 45.294865
0.32958150, 1.1716321, 0.61913293E-1, 0.73302931, 0.69184279, 0.53412932, 4.9793453, 60.001701, 45.294865
0.32934082, 1.1716383, 0.62104270E-1, 0.73279035, 0.69109356, 0.53365898, 4.9778566, 60.001396, 45.294865
0.32906806, 1.1716369, 0.62227950E-1, 0.73252362, 0.69047803, 0.53327417, 4.9765143, 60.001125, 45.294865
0.32880399, 1.1716378, 0.62383927E-1, 0.73226839, 0.68987554, 0.53289777, 4.9751840, 60.000851, 45.294865
0.32850555, 1.1716329, 0.62488291E-1, 0.73199201, 0.68949181, 0.53266209, 4.9740925, 60.000626, 45.294865
0.32823449, 1.1716311, 0.62524736E-1, 0.73170602, 0.68868196, 0.53215134, 4.9725323, 60.000317, 45.294865
0.32794505, 1.1716301, 0.62519245E-1, 0.73141229, 0.68767905, 0.53151709, 4.9707413, 59.999950, 45.294865
0.32759216, 1.1716304, 0.62523961E-1, 0.73112321, 0.68685675, 0.53100199, 4.9691277, 59.999592, 45.294865
0.32723552, 1.1716295, 0.62518865E-1, 0.73082978, 0.68600267, 0.53046602, 4.9674702, 59.999271, 45.294865
0.32689592, 1.1716311, 0.62534638E-1, 0.73054594, 0.68516070, 0.52993733, 4.9658237, 59.998943, 45.294865
0.32665271, 1.1716373, 0.62587559E-1, 0.73027873, 0.68409771, 0.52926290, 4.9639421, 59.998550, 45.294865
0.32647732, 1.1716497, 0.62696107E-1, 0.73003501, 0.68266106, 0.52834558, 4.9616318, 59.998085, 45.294865
0.32630050, 1.1716608, 0.62806360E-1, 0.72978961, 0.68130785, 0.52748138, 4.9593997, 59.997646, 45.294865
0.32585442, 1.1716611, 0.62833287E-1, 0.72950685, 0.68067533, 0.52709079, 4.9579263, 59.997330, 45.294865
0.32488930, 1.1716635, 0.62885582E-1, 0.72923380, 0.68057805, 0.52706826, 4.9569178, 59.997124, 45.294865
0.32374772, 1.1716698, 0.62982202E-1, 0.72897822, 0.68061411, 0.52714020, 4.9560108, 59.996918, 45.294865
0.32300338, 1.1716740, 0.63069627E-1, 0.72871727, 0.68038738, 0.52702510, 4.9549232, 59.996681, 45.294865
0.32243344, 1.1716712, 0.63102819E-1, 0.72843182, 0.68007463, 0.52684516, 4.9537988, 59.996460, 45.294865
0.32159919, 1.1716714, 0.63175119E-1, 0.72816104, 0.68003207, 0.52685159, 4.9529057, 59.996258, 45.294865
0.32064208, 1.1716743, 0.63279346E-1, 0.72790223, 0.68012494, 0.52695119, 4.9521313, 59.996059, 45.294865
0.31986269, 1.1716710, 0.63335367E-1, 0.72762227, 0.68008327, 0.52695483, 4.9512663, 59.995846, 45.294865
0.31925803, 1.1716719, 0.63446149E-1, 0.72736257, 0.67996240, 0.52690089, 4.9503589, 59.995632, 45.294865
0.31866860, 1.1716665, 0.63507013E-1, 0.72708112, 0.67986739, 0.52686137, 4.9494953, 59.995419, 45.294865
0.31805366, 1.1716607, 0.63568123E-1, 0.72679883, 0.67985696, 0.52687728, 4.9487233, 59.995209, 45.294865
0.31734014, 1.1716553, 0.63643739E-1, 0.72652119, 0.68002343, 0.52701205, 4.9481225, 59.995071, 45.294865
0.31656456, 1.1716443, 0.63666046E-1, 0.72622168, 0.68018544, 0.52714509, 4.9475112, 59.994938, 45.294865
0.31566402, 1.1716387, 0.63750736E-1, 0.72594607, 0.68047482, 0.52736676, 4.9470015, 59.994816, 45.294865
0.31488168, 1.1716372, 0.63886337E-1, 0.72568929, 0.68068504, 0.52753335, 4.9464355, 59.994694, 45.294865
0.31393883, 1.1716299, 0.63957594E-1, 0.72540855, 0.68097562, 0.52775723, 4.9459248, 59.994572, 45.294865
0.31317398, 1.1716330, 0.64077787E-1, 0.72515762, 0.68102211, 0.52781832, 4.9451866, 59.994392, 45.294865
0.31234372, 1.1716385, 0.64176358E-1, 0.72490597, 0.68103576, 0.52786130, 4.9443955, 59.994202, 45.294865
0.31132242, 1.1716377, 0.64230755E-1, 0.72463411, 0.68118638, 0.52799958, 4.9437146, 59.994030, 45.294865
0.31028920, 1.1716387, 0.64320080E-1, 0.72437322, 0.68137574, 0.52816367, 4.9430718, 59.993889, 45.294865
0.30947083, 1.1716422, 0.64450562E-1, 0.72412652, 0.68150115, 0.52827764, 4.9424181, 59.993740, 45.294865
0.30886862, 1.1716371, 0.64505242E-1, 0.72384804, 0.68152314, 0.52831340, 4.9417281, 59.993553, 45.294865
0.30813733, 1.1716374, 0.64626940E-1, 0.72359449, 0.68168306, 0.52844530, 4.9411440, 59.993423, 45.294865
0.30742913, 1.1716353, 0.64737670E-1, 0.72333449, 0.68185812, 0.52858537, 4.9405875, 59.993298, 45.294865
0.30668682, 1.1716352, 0.64879172E-1, 0.72308499, 0.68209094, 0.52876449, 4.9400821, 59.993176, 45.294865
0.30586660, 1.1716322, 0.65004624E-1, 0.72282797, 0.68238425, 0.52898544, 4.9396257, 59.993057, 45.294865
0.30505088, 1.1716309, 0.65157324E-1, 0.72258031, 0.68268842, 0.52921349, 4.9391818, 59.992939, 45.294865
0.30432478, 1.1716311, 0.65333940E-1, 0.72234142, 0.68298882, 0.52943546, 4.9387589, 59.992825, 45.294865
0.30360788, 1.1716229, 0.65420419E-1, 0.72206742, 0.68328112, 0.52964985, 4.9383435, 59.992714, 45.294865
0.30287129, 1.1716200, 0.65573104E-1, 0.72181845, 0.68361074, 0.52989036, 4.9379554, 59.992603, 45.294865
0.30197820, 1.1716193, 0.65750077E-1, 0.72157884, 0.68403107, 0.53019637, 4.9376183, 59.992496, 45.294865
0.30102268, 1.1716145, 0.65885060E-1, 0.72132325, 0.68446928, 0.53051579, 4.9372916, 59.992390, 45.294865
0.30018044, 1.1716180, 0.66117711E-1, 0.72110456, 0.68489861, 0.53082651, 4.9369760, 59.992283, 45.294865
0.29957199, 1.1716175, 0.66304743E-1, 0.72086883, 0.68520647, 0.53104770, 4.9366074, 59.992172, 45.294865
0.29890209, 1.1716195, 0.66528887E-1, 0.72064710, 0.68554014, 0.53128886, 4.9362469, 59.992062, 45.294865
0.29822782, 1.1716255, 0.66797718E-1, 0.72044259, 0.68588597, 0.53153872, 4.9358954, 59.991959, 45.294865
0.29765835, 1.1716373, 0.67135617E-1, 0.72026384, 0.68613303, 0.53172129, 4.9354696, 59.991840, 45.294865
0.29708186, 1.1716461, 0.67446284E-1, 0.72007537, 0.68637204, 0.53189826, 4.9350414, 59.991722, 45.294865
0.29640290, 1.1716514, 0.67714140E-1, 0.71987104, 0.68668002, 0.53212315, 4.9346590, 59.991611, 45.294865
0.29560348, 1.1716498, 0.67900948E-1, 0.71963733, 0.68708736, 0.53241575, 4.9343538, 59.991520, 45.294865
0.29479480, 1.1716459, 0.68045087E-1, 0.71939033, 0.68749434, 0.53270787, 4.9340506, 59.991428, 45.294865
0.29431021, 1.1716493, 0.68218932E-1, 0.71916324, 0.68764842, 0.53282440, 4.9335833, 59.991299, 45.294865
0.29386324, 1.1716583, 0.68293966E-1, 0.71892381, 0.68735904, 0.53265429, 4.9327226, 59.991070, 45.294865
0.29351971, 1.1716695, 0.68352573E-1, 0.71868503, 0.68686438, 0.53234750, 4.9316959, 59.990795, 45.294865
0.29341644, 1.1716955, 0.68540193E-1, 0.71850234, 0.68603617, 0.53181833, 4.9304013, 59.990479, 45.294865
0.29337567, 1.1717290, 0.68807445E-1, 0.71835089, 0.68503559, 0.53117639, 4.9289479, 59.990139, 45.294865
0.29276979, 1.1717386, 0.68877853E-1, 0.71811342, 0.68477905, 0.53103358, 4.9280686, 59.989925, 45.294865
0.29151142, 1.1717420, 0.68906486E-1, 0.71785605, 0.68500757, 0.53123063, 4.9274940, 59.989742, 45.294865
0.29033458, 1.1717527, 0.69012560E-1, 0.71763003, 0.68524581, 0.53143215, 4.9269409, 59.989559, 45.294865
0.28945118, 1.1717764, 0.69251865E-1, 0.71745670, 0.68519711, 0.53143847, 4.9261861, 59.989368, 45.294865
0.28864998, 1.1717918, 0.69448136E-1, 0.71725947, 0.68516028, 0.53144705, 4.9254737, 59.989197, 45.294865
0.28804490, 1.1718044, 0.69649346E-1, 0.71705902, 0.68507367, 0.53141409, 4.9247656, 59.989021, 45.294865
0.28764465, 1.1718185, 0.69892883E-1, 0.71687162, 0.68494862, 0.53134799, 4.9240680, 59.988838, 45.294865
0.28737906, 1.1718367, 0.70200205E-1, 0.71670556, 0.68467593, 0.53118151, 4.9232659, 59.988621, 45.294865
0.28708699, 1.1718475, 0.70446886E-1, 0.71651411, 0.68459266, 0.53113687, 4.9226346, 59.988464, 45.294865
0.28645375, 1.1718563, 0.70683129E-1, 0.71631676, 0.68477511, 0.53127772, 4.9221654, 59.988338, 45.294865
0.28535056, 1.1718473, 0.70727713E-1, 0.71604592, 0.68525040, 0.53162384, 4.9218740, 59.988239, 45.294865
0.28453949, 1.1718509, 0.70918776E-1, 0.71582979, 0.68557936, 0.53186572, 4.9215069, 59.988129, 45.294865
0.28382805, 1.1718600, 0.71179859E-1, 0.71563995, 0.68592978, 0.53211832, 4.9211755, 59.988022, 45.294865
0.28287703, 1.1718602, 0.71343042E-1, 0.71541321, 0.68631548, 0.53240216, 4.9208374, 59.987900, 45.294865
0.28178331, 1.1718546, 0.71443655E-1, 0.71516293, 0.68674809, 0.53272080, 4.9205184, 59.987778, 45.294865
0.28073758, 1.1718478, 0.71535386E-1, 0.71490872, 0.68714249, 0.53301233, 4.9201818, 59.987652, 45.294865
0.28007549, 1.1718614, 0.71878321E-1, 0.71474719, 0.68741876, 0.53321570, 4.9198074, 59.987534, 45.294865
0.27954009, 1.1718789, 0.72276987E-1, 0.71460640, 0.68762296, 0.53336799, 4.9193974, 59.987408, 45.294865
0.27899387, 1.1718954, 0.72658144E-1, 0.71446007, 0.68780148, 0.53350347, 4.9189687, 59.987274, 45.294865
0.27838933, 1.1719135, 0.73060036E-1, 0.71432203, 0.68811846, 0.53373122, 4.9186392, 59.987167, 45.294865
0.27794498, 1.1719215, 0.73310792E-1, 0.71413314, 0.68838036, 0.53391391, 4.9183097, 59.987076, 45.294865
0.27752829, 1.1719273, 0.73500052E-1, 0.71392721, 0.68857419, 0.53405118, 4.9179373, 59.986977, 45.294865
0.27710941, 1.1719280, 0.73621787E-1, 0.71369761, 0.68869507, 0.53413999, 4.9175153, 59.986858, 45.294865
0.27690539, 1.1719410, 0.73887408E-1, 0.71352220, 0.68869174, 0.53414208, 4.9170275, 59.986725, 45.294865
0.27666637, 1.1719445, 0.74050069E-1, 0.71330708, 0.68871546, 0.53416067, 4.9165649, 59.986599, 45.294865
0.27649525, 1.1719569, 0.74329056E-1, 0.71313524, 0.68864489, 0.53411770, 4.9160361, 59.986462, 45.294865
0.27625152, 1.1719576, 0.74471988E-1, 0.71291178, 0.68869746, 0.53415436, 4.9156013, 59.986340, 45.294865
0.27605286, 1.1719693, 0.74751049E-1, 0.71273947, 0.68870795, 0.53416461, 4.9151330, 59.986214, 45.294865
0.27582565, 1.1719748, 0.74958891E-1, 0.71254027, 0.68874139, 0.53418916, 4.9146848, 59.986092, 45.294865
0.27560189, 1.1719890, 0.75277239E-1, 0.71238208, 0.68881285, 0.53423989, 4.9142590, 59.985970, 45.294865
0.27491555, 1.1719979, 0.75530238E-1, 0.71220016, 0.68917179, 0.53449470, 4.9139709, 59.985867, 45.294865
0.27400294, 1.1720027, 0.75740092E-1, 0.71200210, 0.68956572, 0.53478074, 4.9136744, 59.985756, 45.294865
0.27293494, 1.1720008, 0.75876124E-1, 0.71177632, 0.68999422, 0.53509408, 4.9133844, 59.985645, 45.294865
0.27345645, 1.1719593, 0.75524479E-1, 0.71137100, 0.69036120, 0.53536385, 4.9130697, 59.985527, 45.294865
0.27400962, 1.1719209, 0.75215325E-1, 0.71098065, 0.69062930, 0.53556931, 4.9126930, 59.985397, 45.294865
0.27462199, 1.1718810, 0.74890897E-1, 0.71058398, 0.69086009, 0.53574783, 4.9123049, 59.985268, 45.294865
0.27509540, 1.1718388, 0.74538484E-1, 0.71017635, 0.69115436, 0.53597277, 4.9119444, 59.985142, 45.294865
0.27545068, 1.1717950, 0.74171342E-1, 0.70976251, 0.69151914, 0.53624827, 4.9116192, 59.985020, 45.294865
0.27564791, 1.1717523, 0.73822051E-1, 0.70935458, 0.69194484, 0.53657049, 4.9113116, 59.984894, 45.294865
0.27581120, 1.1717113, 0.73491856E-1, 0.70895290, 0.69237393, 0.53689671, 4.9110031, 59.984768, 45.294865
0.27600542, 1.1716686, 0.73148824E-1, 0.70854598, 0.69278026, 0.53720677, 4.9106908, 59.984650, 45.294865
0.27602699, 1.1716242, 0.72783455E-1, 0.70812994, 0.69330215, 0.53759837, 4.9104338, 59.984543, 45.294865
0.27598029, 1.1715800, 0.72425336E-1, 0.70771605, 0.69386595, 0.53802043, 4.9101973, 59.984436, 45.294865
0.27592465, 1.1715374, 0.72088540E-1, 0.70730925, 0.69441348, 0.53843296, 4.9099531, 59.984325, 45.294865
0.27594021, 1.1714945, 0.71746290E-1, 0.70689958, 0.69485849, 0.53877622, 4.9096603, 59.984200, 45.294865
0.27600181, 1.1714512, 0.71406253E-1, 0.70649010, 0.69525284, 0.53908509, 4.9093485, 59.984074, 45.294865
0.27614743, 1.1714058, 0.71042858E-1, 0.70607144, 0.69562173, 0.53937334, 4.9090409, 59.983948, 45.294865
0.27620628, 1.1713601, 0.70683032E-1, 0.70565331, 0.69604981, 0.53970373, 4.9087601, 59.983826, 45.294865
0.27631816, 1.1713165, 0.70344254E-1, 0.70524210, 0.69642013, 0.53999501, 4.9084568, 59.983700, 45.294865
0.27632299, 1.1712722, 0.69999449E-1, 0.70482802, 0.69680619, 0.54030102, 4.9081531, 59.983574, 45.294865
0.27628070, 1.1712259, 0.69637321E-1, 0.70440710, 0.69720185, 0.54061502, 4.9078546, 59.983448, 45.294865
0.27620888, 1.1711798, 0.69279402E-1, 0.70398682, 0.69764411, 0.54096073, 4.9075823, 59.983326, 45.294865
0.27616653, 1.1711327, 0.68910241E-1, 0.70356178, 0.69812334, 0.54132915, 4.9073396, 59.983219, 45.294865
0.27619541, 1.1710864, 0.68554349E-1, 0.70314085, 0.69840145, 0.54156476, 4.9070029, 59.983089, 45.294865
0.27620029, 1.1710391, 0.68186045E-1, 0.70271480, 0.69875455, 0.54184973, 4.9067092, 59.982967, 45.294865
0.27612144, 1.1709889, 0.67783833E-1, 0.70227557, 0.69931221, 0.54227006, 4.9065199, 59.982872, 45.294865
0.27606818, 1.1709385, 0.67382209E-1, 0.70183563, 0.69984037, 0.54267043, 4.9063215, 59.982777, 45.294865
0.27594191, 1.1708860, 0.66960290E-1, 0.70138764, 0.70043433, 0.54311609, 4.9061537, 59.982685, 45.294865
0.27579936, 1.1708362, 0.66573232E-1, 0.70095140, 0.70095795, 0.54351783, 4.9059510, 59.982582, 45.294865
0.27571383, 1.1707865, 0.66191748E-1, 0.70051646, 0.70145965, 0.54390323, 4.9057484, 59.982487, 45.294865
0.27561319, 1.1707358, 0.65803625E-1, 0.70007837, 0.70187342, 0.54423261, 4.9055085, 59.982372, 45.294865
0.27553234, 1.1706854, 0.65418288E-1, 0.69964027, 0.70224631, 0.54453486, 4.9052548, 59.982258, 45.294865
0.27547374, 1.1706349, 0.65034568E-1, 0.69920230, 0.70261860, 0.54483587, 4.9050097, 59.982143, 45.294865
0.27372980, 1.1705884, 0.64705640E-1, 0.69878328, 0.70313483, 0.54523009, 4.9048343, 59.982052, 45.294865
0.27201185, 1.1705422, 0.64384446E-1, 0.69836676, 0.70361727, 0.54560143, 4.9046516, 59.981960, 45.294865
0.27031615, 1.1704961, 0.64065486E-1, 0.69795018, 0.70409316, 0.54596782, 4.9044738, 59.981869, 45.294865
0.26865169, 1.1704497, 0.63749813E-1, 0.69753432, 0.70441610, 0.54623425, 4.9042363, 59.981758, 45.294865
0.26698616, 1.1704029, 0.63424766E-1, 0.69711447, 0.70462626, 0.54642773, 4.9039555, 59.981632, 45.294865
0.26531750, 1.1703553, 0.63089743E-1, 0.69669020, 0.70507258, 0.54677385, 4.9037781, 59.981541, 45.294865
0.26449391, 1.1703343, 0.63069694E-1, 0.69638479, 0.70497805, 0.54674095, 4.9034543, 59.981400, 45.294865
0.26418760, 1.1703548, 0.63272297E-1, 0.69620311, 0.70444989, 0.54641545, 4.9029813, 59.981216, 45.294865
0.26352909, 1.1703315, 0.63095391E-1, 0.69585884, 0.70405650, 0.54618156, 4.9025502, 59.981033, 45.294865
0.26305026, 1.1703326, 0.63124828E-1, 0.69560432, 0.70363230, 0.54592580, 4.9021096, 59.980850, 45.294865
0.26261154, 1.1703273, 0.63101083E-1, 0.69532692, 0.70312029, 0.54560995, 4.9016399, 59.980663, 45.294865
0.26222777, 1.1703198, 0.63057154E-1, 0.69504088, 0.70253754, 0.54524535, 4.9011445, 59.980480, 45.294865
0.26186827, 1.1703140, 0.63026756E-1, 0.69476080, 0.70193332, 0.54486632, 4.9006381, 59.980297, 45.294865
0.26160845, 1.1703149, 0.63057944E-1, 0.69450760, 0.70120174, 0.54440236, 4.9000783, 59.980087, 45.294865
0.26141843, 1.1703123, 0.63056916E-1, 0.69424051, 0.70029521, 0.54382086, 4.8994479, 59.979862, 45.294865
0.26126286, 1.1703131, 0.63085668E-1, 0.69398654, 0.69927597, 0.54316568, 4.8987589, 59.979618, 45.294865
0.26125583, 1.1703351, 0.63296452E-1, 0.69381106, 0.69785655, 0.54224962, 4.8978815, 59.979294, 45.294865
0.26118326, 1.1703426, 0.63390955E-1, 0.69358408, 0.69642735, 0.54132617, 4.8969774, 59.978977, 45.294865
0.26113138, 1.1703575, 0.63545018E-1, 0.69338417, 0.69503653, 0.54042792, 4.8960671, 59.978668, 45.294865
0.26098347, 1.1703756, 0.63726075E-1, 0.69319582, 0.69371563, 0.53957909, 4.8951564, 59.978367, 45.294865
0.26076791, 1.1703751, 0.63767955E-1, 0.69294447, 0.69299728, 0.53911906, 4.8945270, 59.978157, 45.294865
0.26049325, 1.1703770, 0.63839063E-1, 0.69270355, 0.69235504, 0.53871119, 4.8939195, 59.977943, 45.294865
0.26029208, 1.1703824, 0.63932702E-1, 0.69247389, 0.69162351, 0.53824306, 4.8932700, 59.977726, 45.294865
0.26021698, 1.1703941, 0.64093977E-1, 0.69227141, 0.69063443, 0.53760380, 4.8924952, 59.977482, 45.294865
0.26017037, 1.1704088, 0.64306699E-1, 0.69208652, 0.68940955, 0.53681070, 4.8915911, 59.977203, 45.294865
0.26007974, 1.1704139, 0.64444870E-1, 0.69186801, 0.68858016, 0.53627348, 4.8908763, 59.976971, 45.294865
0.25999767, 1.1704215, 0.64618595E-1, 0.69166219, 0.68774951, 0.53573531, 4.8901515, 59.976738, 45.294865
0.26001322, 1.1704458, 0.64983264E-1, 0.69152939, 0.68669736, 0.53505272, 4.8893013, 59.976475, 45.294865
0.26003468, 1.1704741, 0.65432288E-1, 0.69142389, 0.68537837, 0.53419703, 4.8882909, 59.976154, 45.294865
0.26003340, 1.1704962, 0.65843791E-1, 0.69129902, 0.68435818, 0.53353447, 4.8874269, 59.975872, 45.294865
0.25994769, 1.1705004, 0.66072814E-1, 0.69110256, 0.68398243, 0.53328949, 4.8869114, 59.975685, 45.294865
0.25986195, 1.1705056, 0.66175483E-1, 0.69088000, 0.68302989, 0.53266978, 4.8860736, 59.975410, 45.294865
0.25985187, 1.1705248, 0.66340894E-1, 0.69069672, 0.68141407, 0.53161871, 4.8848453, 59.975048, 45.294865
0.25979689, 1.1705357, 0.66427857E-1, 0.69048142, 0.68013579, 0.53078651, 4.8837843, 59.974731, 45.294865
0.25973955, 1.1705469, 0.66518486E-1, 0.69026750, 0.67886484, 0.52995902, 4.8827090, 59.974415, 45.294865
0.25974900, 1.1705686, 0.66705562E-1, 0.69009501, 0.67734921, 0.52897114, 4.8814664, 59.974060, 45.294865
0.25966340, 1.1705743, 0.66756502E-1, 0.68986368, 0.67611867, 0.52816886, 4.8803735, 59.973736, 45.294865
0.25946400, 1.1705813, 0.66814080E-1, 0.68963647, 0.67516506, 0.52755153, 4.8794184, 59.973434, 45.294865
0.25936097, 1.1706084, 0.67073129E-1, 0.68948978, 0.67387307, 0.52671397, 4.8782387, 59.973099, 45.294865
0.25919712, 1.1706126, 0.67157008E-1, 0.68926412, 0.67311257, 0.52621943, 4.8773890, 59.972851, 45.294865
0.25917965, 1.1706314, 0.67404076E-1, 0.68910158, 0.67188191, 0.52541566, 4.8762393, 59.972511, 45.294865
0.25914094, 1.1706455, 0.67592539E-1, 0.68891841, 0.67080814, 0.52471346, 4.8751760, 59.972198, 45.294865
0.25910681, 1.1706686, 0.67864232E-1, 0.68876982, 0.66940236, 0.52379626, 4.8738704, 59.971844, 45.294865
0.25905803, 1.1706815, 0.68073459E-1, 0.68858945, 0.66862416, 0.52328616, 4.8729730, 59.971577, 45.294865
0.25897193, 1.1706878, 0.68230256E-1, 0.68838626, 0.66782337, 0.52276087, 4.8720531, 59.971325, 45.294865
0.25892302, 1.1707004, 0.68464868E-1, 0.68821180, 0.66695684, 0.52219236, 4.8710794, 59.971050, 45.294865
0.25897437, 1.1707289, 0.68895519E-1, 0.68811041, 0.66588044, 0.52148604, 4.8699560, 59.970737, 45.294865
0.25895768, 1.1707449, 0.69215983E-1, 0.68796265, 0.66493553, 0.52086520, 4.8689094, 59.970455, 45.294865
0.25895026, 1.1707622, 0.69577605E-1, 0.68782765, 0.66423970, 0.52040648, 4.8680277, 59.970203, 45.294865
0.25885102, 1.1707650, 0.69657475E-1, 0.68760359, 0.66344982, 0.51988631, 4.8670731, 59.969925, 45.294865
0.25872660, 1.1707706, 0.69677718E-1, 0.68737215, 0.66245198, 0.51923192, 4.8659558, 59.969627, 45.294865
0.25861982, 1.1707791, 0.69724232E-1, 0.68715131, 0.66144490, 0.51857114, 4.8648195, 59.969318, 45.294865
0.25859553, 1.1707982, 0.69869190E-1, 0.68697232, 0.66033232, 0.51784015, 4.8635983, 59.968998, 45.294865
0.25847816, 1.1708025, 0.69891371E-1, 0.68673903, 0.65936840, 0.51720625, 4.8624697, 59.968697, 45.294865
0.25831762, 1.1708071, 0.69901727E-1, 0.68650430, 0.65851361, 0.51664543, 4.8614044, 59.968414, 45.294865
0.25824338, 1.1708251, 0.70023566E-1, 0.68631881, 0.65755147, 0.51601374, 4.8602524, 59.968105, 45.294865
0.25810200, 1.1708295, 0.70029557E-1, 0.68608326, 0.65654927, 0.51535523, 4.8590603, 59.967785, 45.294865
0.25814229, 1.1708639, 0.70309602E-1, 0.68596286, 0.65489841, 0.51427108, 4.8573585, 59.967331, 45.294865
0.25817090, 1.1708893, 0.70560977E-1, 0.68582082, 0.65364999, 0.51344842, 4.8559494, 59.966965, 45.294865
0.25823662, 1.1709199, 0.70906095E-1, 0.68570924, 0.65201682, 0.51237285, 4.8542166, 59.966515, 45.294865
0.25837228, 1.1709634, 0.71432777E-1, 0.68566161, 0.65043426, 0.51132953, 4.8524933, 59.966068, 45.294865
0.25841370, 1.1709894, 0.71815804E-1, 0.68555212, 0.64925700, 0.51055098, 4.8510733, 59.965691, 45.294865
0.25849164, 1.1710223, 0.72307549E-1, 0.68547976, 0.64812440, 0.50980127, 4.8496747, 59.965313, 45.294865
0.25850442, 1.1710435, 0.72692111E-1, 0.68536311, 0.64701921, 0.50906903, 4.8482838, 59.964954, 45.294865
0.25851643, 1.1710645, 0.73091917E-1, 0.68525136, 0.64622110, 0.50853753, 4.8471355, 59.964657, 45.294865
0.25843656, 1.1710719, 0.73280126E-1, 0.68506771, 0.64554924, 0.50808930, 4.8460846, 59.964375, 45.294865
0.25837263, 1.1710789, 0.73405415E-1, 0.68487012, 0.64480263, 0.50759107, 4.8449674, 59.964058, 45.294865
0.25827143, 1.1710792, 0.73451236E-1, 0.68464279, 0.64399010, 0.50704938, 4.8437872, 59.963760, 45.294865
0.25823915, 1.1710918, 0.73646180E-1, 0.68447137, 0.64296794, 0.50636983, 4.8424172, 59.963394, 45.294865
0.25822899, 1.1711082, 0.73935710E-1, 0.68432879, 0.64215791, 0.50582916, 4.8412199, 59.963078, 45.294865
0.25820392, 1.1711223, 0.74235804E-1, 0.68418467, 0.64156801, 0.50543267, 4.8402071, 59.962818, 45.294865
0.25814265, 1.1711346, 0.74536063E-1, 0.68403840, 0.64111304, 0.50512558, 4.8393044, 59.962574, 45.294865
0.25793633, 1.1711429, 0.74799299E-1, 0.68387651, 0.64072245, 0.50486541, 4.8384280, 59.962334, 45.294865
0.25748533, 1.1711401, 0.74932240E-1, 0.68366581, 0.64043236, 0.50467855, 4.8376007, 59.962097, 45.294865
0.25734305, 1.1711534, 0.75134866E-1, 0.68350071, 0.63949132, 0.50405508, 4.8362494, 59.961746, 45.294865
0.25739017, 1.1711804, 0.75498737E-1, 0.68339610, 0.63833302, 0.50328410, 4.8347163, 59.961353, 45.294865
0.25737563, 1.1711961, 0.75804807E-1, 0.68325990, 0.63757157, 0.50277340, 4.8335242, 59.961037, 45.294865
0.25735047, 1.1712105, 0.76081887E-1, 0.68311489, 0.63691902, 0.50233406, 4.8324232, 59.960754, 45.294865
0.25728530, 1.1712167, 0.76225497E-1, 0.68292630, 0.63604522, 0.50174874, 4.8311172, 59.960407, 45.294865
0.25731400, 1.1712401, 0.76424532E-1, 0.68278080, 0.63492733, 0.50100273, 4.8295789, 59.960018, 45.294865
0.25725600, 1.1712474, 0.76417044E-1, 0.68256128, 0.63325506, 0.49989170, 4.8275113, 59.959492, 45.294865
0.25728884, 1.1712713, 0.76548465E-1, 0.68240255, 0.63169533, 0.49885392, 4.8255172, 59.958992, 45.294865
0.25729245, 1.1712904, 0.76654822E-1, 0.68222910, 0.62998289, 0.49771509, 4.8233466, 59.958443, 45.294865
0.25732163, 1.1713138, 0.76848842E-1, 0.68208390, 0.62825549, 0.49656582, 4.8211274, 59.957886, 45.294865
0.25736240, 1.1713395, 0.77144742E-1, 0.68196577, 0.62697035, 0.49570701, 4.8193083, 59.957432, 45.294865
0.25736237, 1.1713576, 0.77423304E-1, 0.68183124, 0.62604499, 0.49508470, 4.8178263, 59.957058, 45.294865
0.25734577, 1.1713727, 0.77693649E-1, 0.68169010, 0.62537181, 0.49462843, 4.8165860, 59.956730, 45.294865
0.25734362, 1.1713907, 0.77906765E-1, 0.68154150, 0.62439305, 0.49397048, 4.8150353, 59.956337, 45.294865
0.25734532, 1.1714094, 0.77987202E-1, 0.68136448, 0.62266451, 0.49281767, 4.8127108, 59.955784, 45.294865
0.25738901, 1.1714355, 0.78130566E-1, 0.68121558, 0.62110913, 0.49177831, 4.8105292, 59.955250, 45.294865
0.25734767, 1.1714461, 0.78129545E-1, 0.68100697, 0.61965644, 0.49080622, 4.8084254, 59.954731, 45.294865
0.25741181, 1.1714758, 0.78291573E-1, 0.68086946, 0.61821711, 0.48984236, 4.8063083, 59.954220, 45.294865
0.25742015, 1.1714954, 0.78368701E-1, 0.68069494, 0.61661041, 0.48876736, 4.8039894, 59.953674, 45.294865
0.25753519, 1.1715344, 0.78643084E-1, 0.68059969, 0.61473441, 0.48751378, 4.8013468, 59.953049, 45.294865
0.25757957, 1.1715609, 0.78874119E-1, 0.68047231, 0.61331117, 0.48655871, 4.7991586, 59.952515, 45.294865
0.25760487, 1.1715838, 0.79139404E-1, 0.68034697, 0.61214274, 0.48577145, 4.7972298, 59.952045, 45.294865
0.25762954, 1.1716064, 0.79295956E-1, 0.68019778, 0.61089164, 0.48492905, 4.7951932, 59.951546, 45.294865
0.25765356, 1.1716291, 0.79392210E-1, 0.68003511, 0.60926390, 0.48383698, 4.7927094, 59.950943, 45.294865
0.25773093, 1.1716611, 0.79595372E-1, 0.67991400, 0.60750628, 0.48265815, 4.7900424, 59.950321, 45.294865
0.25777125, 1.1716869, 0.79777062E-1, 0.67977673, 0.60607439, 0.48169425, 4.7877173, 59.949776, 45.294865
0.25783083, 1.1717160, 0.79997554E-1, 0.67965466, 0.60474980, 0.48080096, 4.7854939, 59.949249, 45.294865
0.25788131, 1.1717434, 0.80149740E-1, 0.67951483, 0.60312462, 0.47970790, 4.7828913, 59.948631, 45.294865
0.25798330, 1.1717803, 0.80423251E-1, 0.67941922, 0.60139561, 0.47854522, 4.7801299, 59.947990, 45.294865
0.25806376, 1.1718132, 0.80752917E-1, 0.67932981, 0.60001260, 0.47761130, 4.7777524, 59.947433, 45.294865
0.25812310, 1.1718425, 0.81098072E-1, 0.67923766, 0.59907615, 0.47697300, 4.7758975, 59.946987, 45.294865
0.25818515, 1.1718723, 0.81307024E-1, 0.67911655, 0.59781665, 0.47611994, 4.7736359, 59.946453, 45.294865
0.25820863, 1.1718950, 0.81389733E-1, 0.67895508, 0.59624457, 0.47505876, 4.7709656, 59.945831, 45.294865
0.25826111, 1.1719228, 0.81511877E-1, 0.67881221, 0.59470838, 0.47402072, 4.7683077, 59.945194, 45.294865
0.25838992, 1.1719646, 0.81793420E-1, 0.67873013, 0.59286696, 0.47277939, 4.7652326, 59.944485, 45.294865
0.25846013, 1.1719956, 0.82066007E-1, 0.67862767, 0.59145850, 0.47182500, 4.7626729, 59.943897, 45.294865
0.25852728, 1.1720262, 0.82399525E-1, 0.67853856, 0.59038126, 0.47109011, 4.7605205, 59.943398, 45.294865
0.25857058, 1.1720526, 0.82744092E-1, 0.67844468, 0.58961099, 0.47055897, 4.7587538, 59.942966, 45.294865
0.25859180, 1.1720755, 0.83083913E-1, 0.67834437, 0.58901149, 0.47014114, 4.7572026, 59.942593, 45.294865
0.25858185, 1.1720966, 0.83421968E-1, 0.67824125, 0.58854246, 0.46981081, 4.7558112, 59.942242, 45.294865
0.25843969, 1.1721096, 0.83675213E-1, 0.67810512, 0.58813751, 0.46952599, 4.7544732, 59.941917, 45.294865
0.25808996, 1.1721128, 0.83818004E-1, 0.67792720, 0.58787382, 0.46934095, 4.7532701, 59.941620, 45.294865
0.25756767, 1.1721087, 0.83874039E-1, 0.67771703, 0.58770102, 0.46922106, 4.7521443, 59.941341, 45.294865
0.25686881, 1.1720972, 0.83842278E-1, 0.67747432, 0.58753008, 0.46910763, 4.7509804, 59.941048, 45.294865
0.25598150, 1.1720774, 0.83710350E-1, 0.67719471, 0.58741230, 0.46903503, 4.7498417, 59.940762, 45.294865
0.25598311, 1.1721156, 0.84222473E-1, 0.67716265, 0.58698249, 0.46873331, 4.7484856, 59.940422, 45.294865
0.25606701, 1.1721485, 0.84485270E-1, 0.67706591, 0.58621132, 0.46819979, 4.7467179, 59.940006, 45.294865
0.25610590, 1.1721730, 0.84557399E-1, 0.67691249, 0.58479726, 0.46723798, 4.7441010, 59.939400, 45.294865
0.25623694, 1.1722145, 0.84795333E-1, 0.67682648, 0.58300835, 0.46602577, 4.7409606, 59.938671, 45.294865
0.25641206, 1.1722637, 0.85123740E-1, 0.67677575, 0.58115578, 0.46477035, 4.7376933, 59.937916, 45.294865
0.25657585, 1.1723114, 0.85530199E-1, 0.67673957, 0.57966930, 0.46375805, 4.7348824, 59.937252, 45.294865
0.25666398, 1.1723454, 0.85874066E-1, 0.67666560, 0.57870215, 0.46309143, 4.7327538, 59.936729, 45.294865
0.25674555, 1.1723779, 0.86261302E-1, 0.67659980, 0.57800925, 0.46260720, 4.7309904, 59.936295, 45.294865
0.25678486, 1.1724035, 0.86605527E-1, 0.67651236, 0.57742625, 0.46219602, 4.7293701, 59.935902, 45.294865
0.25678897, 1.1724275, 0.86955391E-1, 0.67642450, 0.57694685, 0.46185476, 4.7278800, 59.935532, 45.294865
0.25663918, 1.1724410, 0.87188959E-1, 0.67629200, 0.57658559, 0.46159554, 4.7265182, 59.935169, 45.294865
0.25628275, 1.1724433, 0.87293550E-1, 0.67611086, 0.57636297, 0.46143416, 4.7252984, 59.934856, 45.294865
0.25577798, 1.1724389, 0.87320298E-1, 0.67590088, 0.57611078, 0.46125719, 4.7240009, 59.934536, 45.294865
0.25513101, 1.1724283, 0.87272786E-1, 0.67566335, 0.57596576, 0.46115583, 4.7228174, 59.934238, 45.294865
0.25529748, 1.1724839, 0.87730177E-1, 0.67565769, 0.57493198, 0.46044445, 4.7205715, 59.933701, 45.294865
0.25544530, 1.1725278, 0.87956280E-1, 0.67558020, 0.57315505, 0.45923471, 4.7172942, 59.932919, 45.294865
0.25561777, 1.1725763, 0.88274390E-1, 0.67553186, 0.57148302, 0.45809406, 4.7141228, 59.932167, 45.294865
0.25576267, 1.1726199, 0.88635787E-1, 0.67548507, 0.57010078, 0.45714638, 4.7113271, 59.931496, 45.294865
0.25590336, 1.1726627, 0.89074701E-1, 0.67545509, 0.56906283, 0.45642811, 4.7089968, 59.930931, 45.294865
0.25598437, 1.1726950, 0.89452833E-1, 0.67539304, 0.56838399, 0.45594940, 4.7071667, 59.930473, 45.294865
0.25604409, 1.1727240, 0.89822419E-1, 0.67532420, 0.56788069, 0.45558798, 4.7055807, 59.930092, 45.294865
0.25606808, 1.1727508, 0.90176418E-1, 0.67524797, 0.56744432, 0.45527178, 4.7040796, 59.929718, 45.294865
0.25600255, 1.1727715, 0.90471506E-1, 0.67514855, 0.56714714, 0.45505059, 4.7027574, 59.929382, 45.294865
0.25583178, 1.1727886, 0.90729930E-1, 0.67503512, 0.56707644, 0.45498383, 4.7017303, 59.929108, 45.294865
0.25547272, 1.1727960, 0.90874895E-1, 0.67487937, 0.56697768, 0.45490319, 4.7006178, 59.928829, 45.294865
0.25500956, 1.1727990, 0.90970665E-1, 0.67470533, 0.56703657, 0.45493084, 4.6997027, 59.928596, 45.294865
0.25448957, 1.1728014, 0.91056861E-1, 0.67452788, 0.56709880, 0.45496264, 4.6987791, 59.928364, 45.294865
0.25411269, 1.1728176, 0.91309264E-1, 0.67441249, 0.56709605, 0.45494840, 4.6977906, 59.928108, 45.294865
0.25409400, 1.1728444, 0.91660783E-1, 0.67433947, 0.56687206, 0.45477489, 4.6965976, 59.927807, 45.294865
0.25402558, 1.1728746, 0.92067517E-1, 0.67428529, 0.56673414, 0.45466131, 4.6955023, 59.927509, 45.294865
0.25404245, 1.1729040, 0.92435606E-1, 0.67422235, 0.56649083, 0.45447376, 4.6942921, 59.927212, 45.294865
0.25402996, 1.1729299, 0.92771664E-1, 0.67414623, 0.56623292, 0.45427665, 4.6930590, 59.926884, 45.294865
0.25389916, 1.1729524, 0.93081690E-1, 0.67405885, 0.56618136, 0.45422095, 4.6920781, 59.926609, 45.294865
0.25375122, 1.1729780, 0.93431138E-1, 0.67398649, 0.56615216, 0.45418140, 4.6911197, 59.926334, 45.294865
0.25333276, 1.1729895, 0.93611352E-1, 0.67385155, 0.56615114, 0.45416752, 4.6901369, 59.926071, 45.294865
0.25304815, 1.1730031, 0.93792930E-1, 0.67372113, 0.56604111, 0.45407623, 4.6890483, 59.925789, 45.294865
0.25308549, 1.1730279, 0.94086364E-1, 0.67363673, 0.56569946, 0.45382035, 4.6877322, 59.925453, 45.294865
0.25310117, 1.1730591, 0.94473951E-1, 0.67358506, 0.56540638, 0.45359883, 4.6864629, 59.925117, 45.294865
0.25294593, 1.1730784, 0.94710670E-1, 0.67347908, 0.56512517, 0.45338890, 4.6851754, 59.924767, 45.294865
0.25299233, 1.1731033, 0.94924875E-1, 0.67337793, 0.56452435, 0.45295882, 4.6835055, 59.924332, 45.294865
0.25305149, 1.1731305, 0.95100306E-1, 0.67327279, 0.56374925, 0.45241192, 4.6815925, 59.923843, 45.294865
0.25314999, 1.1731650, 0.95313378E-1, 0.67318910, 0.56257266, 0.45159626, 4.6791134, 59.923225, 45.294865
0.25327009, 1.1732030, 0.95609799E-1, 0.67313182, 0.56149095, 0.45084366, 4.6767488, 59.922638, 45.294865
0.25338119, 1.1732396, 0.95914982E-1, 0.67307401, 0.56061190, 0.45022619, 4.6746531, 59.922108, 45.294865
0.25350577, 1.1732790, 0.96029229E-1, 0.67297870, 0.55916798, 0.44923007, 4.6717486, 59.921383, 45.294865
0.25359306, 1.1733118, 0.96096985E-1, 0.67286116, 0.55782032, 0.44829801, 4.6689534, 59.920681, 45.294865
0.25373140, 1.1733534, 0.96302256E-1, 0.67279106, 0.55661184, 0.44745860, 4.6663351, 59.920021, 45.294865
0.25379664, 1.1733818, 0.96441969E-1, 0.67268312, 0.55577469, 0.44686753, 4.6642361, 59.919502, 45.294865
0.25386789, 1.1734118, 0.96478090E-1, 0.67255473, 0.55482852, 0.44620341, 4.6619701, 59.918926, 45.294865
0.25402367, 1.1734567, 0.96641898E-1, 0.67248201, 0.55354619, 0.44531336, 4.6592011, 59.918221, 45.294865
0.25425595, 1.1735156, 0.96942358E-1, 0.67246515, 0.55196196, 0.44422045, 4.6559629, 59.917412, 45.294865
0.25445917, 1.1735691, 0.97251907E-1, 0.67244148, 0.55063289, 0.44329804, 4.6530714, 59.916687, 45.294865
0.25464132, 1.1736194, 0.97608805E-1, 0.67242241, 0.54959017, 0.44256720, 4.6505852, 59.916061, 45.294865
0.25480658, 1.1736665, 0.97872287E-1, 0.67237753, 0.54861838, 0.44188356, 4.6481924, 59.915459, 45.294865
0.25486961, 1.1736953, 0.97876392E-1, 0.67224276, 0.54758936, 0.44116110, 4.6456985, 59.914822, 45.294865
0.25497487, 1.1737317, 0.97943619E-1, 0.67213559, 0.54652363, 0.44041374, 4.6431365, 59.914177, 45.294865
0.25511882, 1.1737753, 0.98071001E-1, 0.67205507, 0.54544783, 0.43965927, 4.6405439, 59.913513, 45.294865
0.25531188, 1.1738276, 0.98273315E-1, 0.67200726, 0.54431576, 0.43886662, 4.6378498, 59.912830, 45.294865
0.25552619, 1.1738837, 0.98533474E-1, 0.67197943, 0.54312623, 0.43803498, 4.6350493, 59.912121, 45.294865
0.25570875, 1.1739340, 0.98733172E-1, 0.67192847, 0.54193515, 0.43720174, 4.6322274, 59.911407, 45.294865
0.25589558, 1.1739852, 0.98922037E-1, 0.67187679, 0.54074699, 0.43636999, 4.6293907, 59.910698, 45.294865
0.25608101, 1.1740365, 0.99104941E-1, 0.67182410, 0.53966177, 0.43560711, 4.6266975, 59.910027, 45.294865
0.25633585, 1.1741004, 0.99411123E-1, 0.67182195, 0.53850067, 0.43479261, 4.6238675, 59.909309, 45.294865
0.25655651, 1.1741581, 0.99681564E-1, 0.67180121, 0.53728211, 0.43393904, 4.6209278, 59.908566, 45.294865
0.25679952, 1.1742200, 0.99966213E-1, 0.67179167, 0.53596359, 0.43301764, 4.6178050, 59.907784, 45.294865
0.25708020, 1.1742889, 0.10039202, 0.67182678, 0.53476018, 0.43217298, 4.6148448, 59.907036, 45.294865
0.25732586, 1.1743513, 0.10087668, 0.67186433, 0.53384942, 0.43152502, 4.6123419, 59.906410, 45.294865
0.25751299, 1.1744034, 0.10132431, 0.67187566, 0.53319997, 0.43105248, 4.6102543, 59.905872, 45.294865
0.25767851, 1.1744516, 0.10172111, 0.67186928, 0.53260720, 0.43061805, 4.6082549, 59.905365, 45.294865
0.25783902, 1.1744990, 0.10200555, 0.67183691, 0.53165001, 0.42993763, 4.6056514, 59.904705, 45.294865
0.25802419, 1.1745508, 0.10240143, 0.67183822, 0.53093153, 0.42941770, 4.6034293, 59.904137, 45.294865
0.25818989, 1.1745991, 0.10280565, 0.67183578, 0.53034616, 0.42898715, 4.6014214, 59.903614, 45.294865
0.25831282, 1.1746398, 0.10315570, 0.67180824, 0.52992994, 0.42867047, 4.5996876, 59.903164, 45.294865
0.25839651, 1.1746737, 0.10346399, 0.67175990, 0.52963889, 0.42843789, 4.5981584, 59.902752, 45.294865
0.25843814, 1.1747017, 0.10372446, 0.67169106, 0.52947646, 0.42829221, 4.5968366, 59.902393, 45.294865
0.25843516, 1.1747265, 0.10395645, 0.67161059, 0.52935034, 0.42817190, 4.5955667, 59.902061, 45.294865
0.25831607, 1.1747417, 0.10408327, 0.67149007, 0.52928764, 0.42809662, 4.5943770, 59.901737, 45.294865
0.25802517, 1.1747456, 0.10407556, 0.67131877, 0.52931225, 0.42808390, 4.5932908, 59.901428, 45.294865
0.25760251, 1.1747435, 0.10400034, 0.67112178, 0.52942425, 0.42813367, 4.5923100, 59.901142, 45.294865
0.25710902, 1.1747400, 0.10391365, 0.67092001, 0.52955884, 0.42820096, 4.5913458, 59.900856, 45.294865
0.25655442, 1.1747348, 0.10381048, 0.67071182, 0.52970475, 0.42827791, 4.5903845, 59.900578, 45.294865
0.25599360, 1.1747314, 0.10372504, 0.67051011, 0.52986485, 0.42836502, 4.5894451, 59.900284, 45.294865
0.25528386, 1.1747196, 0.10354276, 0.67027223, 0.53011018, 0.42851326, 4.5886064, 59.900051, 45.294865
0.25457808, 1.1747100, 0.10338872, 0.67004424, 0.53044206, 0.42872033, 4.5879087, 59.899864, 45.294865
0.25385350, 1.1747013, 0.10324792, 0.66982090, 0.53082734, 0.42896429, 4.5872898, 59.899681, 45.294865
0.25374976, 1.1747367, 0.10359269, 0.66978484, 0.53100961, 0.42905819, 4.5865054, 59.899441, 45.294865
0.25385502, 1.1747802, 0.10400854, 0.66978067, 0.53104681, 0.42904833, 4.5855598, 59.899166, 45.294865
0.25404105, 1.1748368, 0.10458471, 0.66983563, 0.53104967, 0.42901468, 4.5845675, 59.898869, 45.294865
0.25417480, 1.1748900, 0.10515420, 0.66988415, 0.53109848, 0.42901301, 4.5836353, 59.898590, 45.294865
0.25396779, 1.1749142, 0.10539557, 0.66980880, 0.53127962, 0.42910674, 4.5828390, 59.898365, 45.294865
0.25332883, 1.1749070, 0.10525780, 0.66959262, 0.53158820, 0.42929542, 4.5821433, 59.898155, 45.294865
0.25251672, 1.1748909, 0.10501315, 0.66933644, 0.53196102, 0.42953202, 4.5815043, 59.897949, 45.294865
0.25160968, 1.1748712, 0.10472500, 0.66906375, 0.53236520, 0.42979243, 4.5808916, 59.897743, 45.294865
0.25062764, 1.1748482, 0.10439689, 0.66877550, 0.53279966, 0.43007568, 4.5803089, 59.897556, 45.294865
0.25010619, 1.1748546, 0.10441702, 0.66861838, 0.53310156, 0.43025923, 4.5796452, 59.897335, 45.294865
0.25032470, 1.1749110, 0.10490192, 0.66865534, 0.53292191, 0.43010208, 4.5784473, 59.896992, 45.294865
0.25061214, 1.1749829, 0.10532590, 0.66870677, 0.53238070, 0.42970195, 4.5767145, 59.896503, 45.294865
0.25058079, 1.1750232, 0.10537517, 0.66861790, 0.53195453, 0.42938432, 4.5750971, 59.896046, 45.294865
0.25067663, 1.1750834, 0.10560857, 0.66860652, 0.53144830, 0.42901209, 4.5733652, 59.895546, 45.294865
0.25092477, 1.1751539, 0.10598525, 0.66864598, 0.53083670, 0.42856526, 4.5715098, 59.895023, 45.294865
0.25127324, 1.1752350, 0.10654891, 0.66874719, 0.53018355, 0.42808861, 4.5696034, 59.894485, 45.294865
0.25159135, 1.1753101, 0.10713668, 0.66884387, 0.52969033, 0.42771897, 4.5679278, 59.894016, 45.294865
0.25187021, 1.1753777, 0.10770152, 0.66892314, 0.52933514, 0.42744187, 4.5664530, 59.893593, 45.294865
0.25210503, 1.1754379, 0.10822968, 0.66898155, 0.52910888, 0.42725125, 4.5651684, 59.893215, 45.294865
0.25230807, 1.1754916, 0.10870596, 0.66901714, 0.52900004, 0.42713907, 4.5640574, 59.892899, 45.294865
0.25248072, 1.1755407, 0.10910396, 0.66902792, 0.52889198, 0.42702752, 4.5629473, 59.892559, 45.294865
0.25265938, 1.1755928, 0.10952894, 0.66905117, 0.52877009, 0.42690670, 4.5618148, 59.892239, 45.294865
0.25279936, 1.1756405, 0.10992566, 0.66906071, 0.52872294, 0.42683658, 4.5607877, 59.891918, 45.294865
0.25291139, 1.1756848, 0.11030935, 0.66906160, 0.52875274, 0.42681828, 4.5598707, 59.891624, 45.294865
0.25300321, 1.1757265, 0.11068783, 0.66905761, 0.52884489, 0.42684194, 4.5590444, 59.891376, 45.294865
0.25306851, 1.1757649, 0.11103740, 0.66904175, 0.52897900, 0.42689419, 4.5582786, 59.891148, 45.294865
0.25308442, 1.1757997, 0.11135080, 0.66901219, 0.52911878, 0.42695102, 4.5575132, 59.890911, 45.294865
0.25298437, 1.1758248, 0.11155282, 0.66894078, 0.52929276, 0.42703286, 4.5567775, 59.890686, 45.294865
0.25276551, 1.1758412, 0.11165638, 0.66883266, 0.52952415, 0.42715597, 4.5561004, 59.890472, 45.294865
0.25240374, 1.1758490, 0.11165398, 0.66868496, 0.52983224, 0.42733392, 4.5555034, 59.890266, 45.294865
0.25201672, 1.1758565, 0.11164744, 0.66853565, 0.53014755, 0.42751774, 4.5549140, 59.890083, 45.294865
0.25162539, 1.1758658, 0.11166885, 0.66839653, 0.53043401, 0.42768276, 4.5542836, 59.889874, 45.294865
0.25139254, 1.1758909, 0.11185539, 0.66832268, 0.53062916, 0.42778385, 4.5535564, 59.889633, 45.294865
0.25160536, 1.1759467, 0.11233988, 0.66837078, 0.53057390, 0.42770654, 4.5525818, 59.889339, 45.294865
0.25177628, 1.1759995, 0.11280189, 0.66840947, 0.53057325, 0.42766666, 4.5516758, 59.889050, 45.294865
0.25173700, 1.1760383, 0.11309708, 0.66838670, 0.53075981, 0.42775708, 4.5509801, 59.888824, 45.294865
0.25161698, 1.1760759, 0.11339538, 0.66836256, 0.53103465, 0.42790940, 4.5503840, 59.888618, 45.294865
0.25153652, 1.1761178, 0.11376736, 0.66836321, 0.53132617, 0.42807224, 4.5498185, 59.888416, 45.294865
0.25133866, 1.1761488, 0.11401845, 0.66831774, 0.53170657, 0.42829674, 4.5493560, 59.888233, 45.294865
0.25076020, 1.1761547, 0.11397111, 0.66816097, 0.53221178, 0.42861378, 4.5489817, 59.888107, 45.294865
0.25003758, 1.1761518, 0.11381507, 0.66796321, 0.53275049, 0.42895675, 4.5486255, 59.887981, 45.294865
0.24928522, 1.1761471, 0.11364503, 0.66775984, 0.53327662, 0.42929214, 4.5482502, 59.887848, 45.294865
0.24842352, 1.1761382, 0.11342783, 0.66753840, 0.53382528, 0.42964602, 4.5478816, 59.887718, 45.294865
0.24756181, 1.1761292, 0.11321264, 0.66731697, 0.53436762, 0.42999566, 4.5475097, 59.887585, 45.294865
0.24673429, 1.1761209, 0.11300850, 0.66709906, 0.53488874, 0.43033025, 4.5471253, 59.887451, 45.294865
0.24587418, 1.1761106, 0.11278256, 0.66687256, 0.53540522, 0.43066275, 4.5467343, 59.887318, 45.294865
0.24499592, 1.1760981, 0.11253313, 0.66663682, 0.53592020, 0.43099457, 4.5463428, 59.887180, 45.294865
0.24402553, 1.1760814, 0.11222926, 0.66638058, 0.53646398, 0.43134832, 4.5459723, 59.887047, 45.294865
0.24300261, 1.1760621, 0.11189485, 0.66611248, 0.53702188, 0.43171328, 4.5456133, 59.886917, 45.294865
0.24195378, 1.1760408, 0.11154001, 0.66583622, 0.53758043, 0.43207943, 4.5452552, 59.886787, 45.294865
0.24087648, 1.1760172, 0.11116529, 0.66555172, 0.53815460, 0.43245688, 4.5449157, 59.886662, 45.294865
0.23977509, 1.1759927, 0.11077860, 0.66526186, 0.53874540, 0.43284643, 4.5445957, 59.886528, 45.294865
0.23873281, 1.1759701, 0.11041738, 0.66498047, 0.53928381, 0.43319958, 4.5442362, 59.886395, 45.294865
0.23752266, 1.1759430, 0.11000043, 0.66467792, 0.53990608, 0.43361416, 4.5439353, 59.886280, 45.294865
0.23624833, 1.1759142, 0.10957036, 0.66436952, 0.54056633, 0.43405658, 4.5436673, 59.886173, 45.294865
0.23508559, 1.1758884, 0.10918219, 0.66407531, 0.54118037, 0.43446487, 4.5433784, 59.886055, 45.294865
0.23392558, 1.1758627, 0.10879677, 0.66378123, 0.54178011, 0.43486375, 4.5430794, 59.885933, 45.294865
0.23276536, 1.1758366, 0.10841180, 0.66348630, 0.54236758, 0.43525454, 4.5427747, 59.885811, 45.294865
0.23237652, 1.1758587, 0.10862421, 0.66341197, 0.54278958, 0.43551648, 4.5424309, 59.885658, 45.294865
0.23212516, 1.1758982, 0.10906187, 0.66341996, 0.54322743, 0.43578723, 4.5421138, 59.885536, 45.294865
0.23131689, 1.1759003, 0.10903362, 0.66325682, 0.54378569, 0.43615139, 4.5418372, 59.885418, 45.294865
0.23038924, 1.1758846, 0.10878100, 0.66301131, 0.54432809, 0.43650565, 4.5415435, 59.885284, 45.294865
0.22937162, 1.1758600, 0.10841915, 0.66272509, 0.54483259, 0.43683645, 4.5412064, 59.885147, 45.294865
0.22828358, 1.1758314, 0.10800361, 0.66241866, 0.54535210, 0.43717915, 4.5408788, 59.885010, 45.294865
0.22717434, 1.1758014, 0.10757191, 0.66210532, 0.54588848, 0.43753380, 4.5405703, 59.884884, 45.294865
0.22599073, 1.1757694, 0.10711719, 0.66178268, 0.54648346, 0.43793029, 4.5403090, 59.884781, 45.294865
0.22489178, 1.1757412, 0.10672027, 0.66147989, 0.54704201, 0.43830043, 4.5400305, 59.884651, 45.294865
0.22380474, 1.1757119, 0.10631498, 0.66117316, 0.54753202, 0.43862450, 4.5396981, 59.884514, 45.294865
0.22229998, 1.1756722, 0.10577621, 0.66081721, 0.54822505, 0.43909773, 4.5394778, 59.884415, 45.294865
0.22032677, 1.1756220, 0.10510115, 0.66041064, 0.54909164, 0.43970236, 4.5393267, 59.884323, 45.294865
0.21852259, 1.1755759, 0.10448363, 0.66002321, 0.54991573, 0.44027343, 4.5391755, 59.884232, 45.294865
0.21672809, 1.1755300, 0.10387900, 0.65963900, 0.55074030, 0.44084513, 4.5390301, 59.884140, 45.294865
0.21491730, 1.1754835, 0.10326576, 0.65925020, 0.55155820, 0.44141316, 4.5388813, 59.884048, 45.294865
0.21291640, 1.1754320, 0.10258880, 0.65883720, 0.55244976, 0.44203669, 4.5387650, 59.883957, 45.294865
0.21093141, 1.1753802, 0.10191656, 0.65842402, 0.55333024, 0.44265255, 4.5386481, 59.883865, 45.294865
0.20911629, 1.1753323, 0.10130242, 0.65803045, 0.55416095, 0.44323015, 4.5385218, 59.883774, 45.294865
0.20735404, 1.1752851, 0.10070059, 0.65763974, 0.55497998, 0.44379854, 4.5384011, 59.883682, 45.294865
0.20573893, 1.1752405, 0.10013819, 0.65726185, 0.55575752, 0.44433469, 4.5382776, 59.883591, 45.294865
0.20415245, 1.1751953, 0.99574499E-1, 0.65688199, 0.55651104, 0.44485393, 4.5381479, 59.883499, 45.294865
0.20271337, 1.1751521, 0.99044539E-1, 0.65651309, 0.55720770, 0.44533056, 4.5380039, 59.883404, 45.294865
0.20144098, 1.1751112, 0.98550737E-1, 0.65615594, 0.55782717, 0.44575033, 4.5378356, 59.883297, 45.294865
0.20017599, 1.1750700, 0.98055832E-1, 0.65579718, 0.55844164, 0.44616660, 4.5376701, 59.883186, 45.294865
0.19895652, 1.1750289, 0.97568914E-1, 0.65544015, 0.55902869, 0.44656354, 4.5374970, 59.883083, 45.294865
0.19778544, 1.1749916, 0.97138241E-1, 0.65510225, 0.55957860, 0.44693491, 4.5373077, 59.882969, 45.294865
0.19664362, 1.1749526, 0.96688502E-1, 0.65475655, 0.56011307, 0.44729489, 4.5371199, 59.882854, 45.294865
0.19541763, 1.1749072, 0.96149690E-1, 0.65437794, 0.56069314, 0.44768718, 4.5369568, 59.882763, 45.294865
0.19408643, 1.1748588, 0.95572993E-1, 0.65398449, 0.56130272, 0.44810277, 4.5368047, 59.882660, 45.294865
0.19258611, 1.1748072, 0.94957359E-1, 0.65357566, 0.56199384, 0.44857869, 4.5366836, 59.882568, 45.294865
0.19121636, 1.1747556, 0.94350733E-1, 0.65316874, 0.56261116, 0.44900090, 4.5365410, 59.882462, 45.294865
0.18992101, 1.1747035, 0.93743369E-1, 0.65276015, 0.56319535, 0.44939849, 4.5363936, 59.882355, 45.294865
0.18867548, 1.1746510, 0.93133003E-1, 0.65234905, 0.56375980, 0.44978136, 4.5362468, 59.882252, 45.294865
0.18739054, 1.1745976, 0.92513248E-1, 0.65193313, 0.56435084, 0.45018342, 4.5361133, 59.882160, 45.294865
0.18667285, 1.1745778, 0.92343718E-1, 0.65168035, 0.56476873, 0.45045713, 4.5359397, 59.882027, 45.294865
0.18662600, 1.1745936, 0.92657976E-1, 0.65160310, 0.56500649, 0.45059386, 4.5357289, 59.881905, 45.294865
0.18618762, 1.1745944, 0.92783973E-1, 0.65145588, 0.56541759, 0.45085713, 4.5355749, 59.881802, 45.294865
0.18514451, 1.1745555, 0.92370763E-1, 0.65111393, 0.56596547, 0.45122504, 4.5354481, 59.881710, 45.294865
0.18390526, 1.1745038, 0.91775276E-1, 0.65070558, 0.56652576, 0.45160586, 4.5353174, 59.881611, 45.294865
0.18262482, 1.1744492, 0.91152944E-1, 0.65028626, 0.56709099, 0.45199153, 4.5351906, 59.881508, 45.294865
0.18136159, 1.1743945, 0.90534449E-1, 0.64986694, 0.56764209, 0.45236754, 4.5350618, 59.881397, 45.294865
0.18009496, 1.1743398, 0.89916863E-1, 0.64944655, 0.56820297, 0.45275050, 4.5349417, 59.881294, 45.294865
0.17881998, 1.1742847, 0.89301564E-1, 0.64902544, 0.56876796, 0.45313674, 4.5348263, 59.881195, 45.294865
0.17829448, 1.1742821, 0.89427799E-1, 0.64886886, 0.56916243, 0.45339361, 4.5346823, 59.881088, 45.294865
0.17781919, 1.1742802, 0.89559332E-1, 0.64871484, 0.56952244, 0.45362580, 4.5345321, 59.880970, 45.294865
0.17673606, 1.1742368, 0.89110367E-1, 0.64835280, 0.57004821, 0.45398155, 4.5344205, 59.880878, 45.294865
0.17530692, 1.1741805, 0.88483296E-1, 0.64792615, 0.57066745, 0.45441005, 4.5343232, 59.880779, 45.294865
0.17369764, 1.1741230, 0.87845527E-1, 0.64749426, 0.57138634, 0.45491141, 4.5342536, 59.880688, 45.294865
0.17259744, 1.1740794, 0.87391697E-1, 0.64712769, 0.57196635, 0.45530480, 4.5341725, 59.880596, 45.294865
0.17158596, 1.1740402, 0.87000102E-1, 0.64678246, 0.57252955, 0.45568487, 4.5340948, 59.880505, 45.294865
0.17062953, 1.1740167, 0.86853735E-1, 0.64652336, 0.57311267, 0.45608014, 4.5340214, 59.880413, 45.294865
0.16960733, 1.1739938, 0.86727448E-1, 0.64627045, 0.57373780, 0.45650616, 4.5339608, 59.880322, 45.294865
0.16844276, 1.1739633, 0.86487547E-1, 0.64597678, 0.57439500, 0.45695704, 4.5339036, 59.880230, 45.294865
0.16785766, 1.1739614, 0.86635888E-1, 0.64582503, 0.57490242, 0.45729345, 4.5338321, 59.880138, 45.294865
0.16754031, 1.1739626, 0.86810946E-1, 0.64568532, 0.57529038, 0.45754102, 4.5337443, 59.880047, 45.294865
0.16734959, 1.1739608, 0.86957999E-1, 0.64553446, 0.57561898, 0.45774364, 4.5336504, 59.879955, 45.294865
0.16727830, 1.1739694, 0.87263539E-1, 0.64543933, 0.57588780, 0.45790461, 4.5335436, 59.879841, 45.294865
0.16716366, 1.1739872, 0.87712258E-1, 0.64539415, 0.57616937, 0.45807764, 4.5334358, 59.879726, 45.294865
0.16674048, 1.1739843, 0.87871939E-1, 0.64524603, 0.57648981, 0.45828313, 4.5333261, 59.879612, 45.294865
0.16600426, 1.1739557, 0.87656580E-1, 0.64496428, 0.57689029, 0.45854741, 4.5332341, 59.879509, 45.294865
0.16512944, 1.1739173, 0.87300450E-1, 0.64463204, 0.57733721, 0.45884570, 4.5331521, 59.879417, 45.294865
0.16404068, 1.1738756, 0.86898983E-1, 0.64428312, 0.57789057, 0.45922193, 4.5330892, 59.879326, 45.294865
0.16286439, 1.1738271, 0.86406924E-1, 0.64390111, 0.57846385, 0.45961365, 4.5330329, 59.879234, 45.294865
0.16179281, 1.1737955, 0.86163148E-1, 0.64360607, 0.57906175, 0.46002200, 4.5329852, 59.879143, 45.294865
0.16119309, 1.1737912, 0.86273760E-1, 0.64344352, 0.57953387, 0.46033573, 4.5329251, 59.879051, 45.294865
0.16070203, 1.1737900, 0.86420409E-1, 0.64329499, 0.57997304, 0.46062404, 4.5328655, 59.878960, 45.294865
0.16038083, 1.1737912, 0.86632349E-1, 0.64316618, 0.58034801, 0.46086392, 4.5328007, 59.878853, 45.294865
0.15984371, 1.1737878, 0.86799607E-1, 0.64301896, 0.58080655, 0.46116611, 4.5327482, 59.878746, 45.294865
0.15885778, 1.1737499, 0.86463235E-1, 0.64269269, 0.58133239, 0.46152163, 4.5326977, 59.878643, 45.294865
0.15780926, 1.1737014, 0.85976161E-1, 0.64231223, 0.58182716, 0.46185681, 4.5326462, 59.878540, 45.294865
0.15674645, 1.1736485, 0.85428141E-1, 0.64190906, 0.58229226, 0.46217221, 4.5325923, 59.878429, 45.294865
0.15569112, 1.1735942, 0.84860936E-1, 0.64149797, 0.58274257, 0.46247739, 4.5325403, 59.878319, 45.294865
0.15461908, 1.1735380, 0.84267944E-1, 0.64107651, 0.58318400, 0.46277714, 4.5324888, 59.878208, 45.294865
0.15355493, 1.1734817, 0.83665952E-1, 0.64065057, 0.58366150, 0.46310049, 4.5324488, 59.878117, 45.294865
0.15419483, 1.1734254, 0.83067976E-1, 0.64022464, 0.58407140, 0.46337828, 4.5324011, 59.878006, 45.294865
0.15483338, 1.1733688, 0.82471818E-1, 0.63979810, 0.58449054, 0.46366268, 4.5323582, 59.877914, 45.294865
0.15547824, 1.1733110, 0.81877664E-1, 0.63937086, 0.58484560, 0.46390468, 4.5323091, 59.877800, 45.294865
0.15612243, 1.1732523, 0.81282921E-1, 0.63894224, 0.58516377, 0.46412268, 4.5322590, 59.877682, 45.294865
0.15671937, 1.1731937, 0.80685928E-1, 0.63851142, 0.58555812, 0.46439293, 4.5322180, 59.877575, 45.294865
0.15700871, 1.1731350, 0.80084518E-1, 0.63807786, 0.58614600, 0.46480322, 4.5321951, 59.877483, 45.294865
0.15720297, 1.1730765, 0.79484992E-1, 0.63764381, 0.58677167, 0.46524262, 4.5321746, 59.877392, 45.294865
0.15731473, 1.1730192, 0.78906506E-1, 0.63721573, 0.58744246, 0.46571568, 4.5321603, 59.877300, 45.294865
0.15759945, 1.1729667, 0.78410573E-1, 0.63681561, 0.58807379, 0.46615759, 4.5321479, 59.877209, 45.294865
0.15774123, 1.1729082, 0.77821478E-1, 0.63638145, 0.58873498, 0.46662354, 4.5321364, 59.877117, 45.294865
0.15795694, 1.1728519, 0.77272736E-1, 0.63596016, 0.58938694, 0.46708128, 4.5321250, 59.877026, 45.294865
0.15836190, 1.1728034, 0.76851875E-1, 0.63558310, 0.58999509, 0.46750519, 4.5321140, 59.876934, 45.294865
0.15855010, 1.1727474, 0.76322421E-1, 0.63516682, 0.59067160, 0.46798104, 4.5321140, 59.876842, 45.294865
0.15885262, 1.1726947, 0.75841367E-1, 0.63476640, 0.59131151, 0.46842933, 4.5321140, 59.876751, 45.294865
0.15921274, 1.1726410, 0.75350113E-1, 0.63436145, 0.59192353, 0.46885702, 4.5321140, 59.876659, 45.294865
0.16026531, 1.1725901, 0.74899957E-1, 0.63397044, 0.59225971, 0.46907648, 4.5321140, 59.876568, 45.294865
0.16170169, 1.1725515, 0.74637413E-1, 0.63364577, 0.59228319, 0.46907800, 4.5321169, 59.876431, 45.294865
0.16291127, 1.1725025, 0.74217692E-1, 0.63326424, 0.59249574, 0.46921059, 4.5321169, 59.876339, 45.294865
0.16370195, 1.1724479, 0.73726878E-1, 0.63285619, 0.59293532, 0.46950850, 4.5321169, 59.876247, 45.294865
0.16432907, 1.1723940, 0.73246427E-1, 0.63245076, 0.59338802, 0.46982160, 4.5321240, 59.876156, 45.294865
0.16542090, 1.1723390, 0.72752073E-1, 0.63203979, 0.59367371, 0.47000653, 4.5321355, 59.876064, 45.294865
0.16651472, 1.1722804, 0.72220594E-1, 0.63161445, 0.59391981, 0.47016472, 4.5321469, 59.875973, 45.294865
0.16769914, 1.1722218, 0.71689837E-1, 0.63118821, 0.59407979, 0.47026289, 4.5321631, 59.875866, 45.294865
0.16886751, 1.1721634, 0.71161136E-1, 0.63076144, 0.59421563, 0.47034603, 4.5321827, 59.875748, 45.294865
0.16983348, 1.1721048, 0.70630088E-1, 0.63033265, 0.59454203, 0.47056293, 4.5321970, 59.875656, 45.294865
0.17078978, 1.1720508, 0.70174307E-1, 0.62992960, 0.59486693, 0.47078085, 4.5322151, 59.875565, 45.294865
0.17178500, 1.1719980, 0.69732696E-1, 0.62953067, 0.59517372, 0.47098565, 4.5322380, 59.875473, 45.294865
0.17278805, 1.1719482, 0.69344595E-1, 0.62914991, 0.59546828, 0.47118318, 4.5322609, 59.875381, 45.294865
0.17372583, 1.1719073, 0.69084436E-1, 0.62881368, 0.59576213, 0.47138515, 4.5322876, 59.875286, 45.294865
0.17451292, 1.1718687, 0.68861216E-1, 0.62849003, 0.59607983, 0.47160655, 4.5323157, 59.875195, 45.294865
0.17405201, 1.1718646, 0.69122717E-1, 0.62834007, 0.59636712, 0.47180256, 4.5323453, 59.875103, 45.294865
0.17309305, 1.1718264, 0.68902351E-1, 0.62801790, 0.59675342, 0.47207502, 4.5323768, 59.874996, 45.294865
0.17208056, 1.1717833, 0.68616830E-1, 0.62767208, 0.59709138, 0.47231683, 4.5324144, 59.874882, 45.294865
0.17110299, 1.1717399, 0.68331428E-1, 0.62732583, 0.59748530, 0.47259435, 4.5324492, 59.874790, 45.294865
0.17014112, 1.1716965, 0.68052240E-1, 0.62698102, 0.59783500, 0.47284222, 4.5324903, 59.874691, 45.294865
0.16919422, 1.1716530, 0.67769930E-1, 0.62663454, 0.59805572, 0.47300461, 4.5325470, 59.874573, 45.294865
0.16823535, 1.1716084, 0.67469142E-1, 0.62628108, 0.59833837, 0.47320804, 4.5325990, 59.874474, 45.294865
0.16726880, 1.1715626, 0.67157969E-1, 0.62592322, 0.59858263, 0.47338641, 4.5326586, 59.874359, 45.294865
0.16630095, 1.1715157, 0.66840805E-1, 0.62556267, 0.59890568, 0.47361684, 4.5327086, 59.874268, 45.294865
0.16532719, 1.1714692, 0.66523917E-1, 0.62520158, 0.59918928, 0.47382170, 4.5327687, 59.874157, 45.294865
0.16459629, 1.1714405, 0.66469163E-1, 0.62493330, 0.59938061, 0.47396061, 4.5328383, 59.874039, 45.294865
0.16438766, 1.1714551, 0.67026205E-1, 0.62488568, 0.59950894, 0.47404826, 4.5329108, 59.873917, 45.294865
0.16463980, 1.1714798, 0.67683369E-1, 0.62488085, 0.59926170, 0.47387254, 4.5330253, 59.873722, 45.294865
0.16479218, 1.1714948, 0.68217777E-1, 0.62483090, 0.59915280, 0.47378907, 4.5331206, 59.873550, 45.294865
0.16461377, 1.1714947, 0.68558834E-1, 0.62470990, 0.59917641, 0.47380206, 4.5332050, 59.873425, 45.294865
0.16403124, 1.1714727, 0.68586498E-1, 0.62447661, 0.59935921, 0.47393021, 4.5332756, 59.873314, 45.294865
0.16328610, 1.1714383, 0.68434902E-1, 0.62417954, 0.59953320, 0.47405583, 4.5333552, 59.873199, 45.294865
0.16301838, 1.1714351, 0.68697043E-1, 0.62403512, 0.59959251, 0.47409502, 4.5334415, 59.873066, 45.294865
0.16312864, 1.1714388, 0.69033213E-1, 0.62392169, 0.59945506, 0.47399122, 4.5335484, 59.872883, 45.294865
0.16323474, 1.1714445, 0.69388337E-1, 0.62381685, 0.59933656, 0.47390041, 4.5336514, 59.872700, 45.294865
0.16331716, 1.1714488, 0.69701478E-1, 0.62370038, 0.59919220, 0.47379285, 4.5337601, 59.872517, 45.294865
0.16343443, 1.1714582, 0.70094906E-1, 0.62361205, 0.59905803, 0.47369158, 4.5338659, 59.872345, 45.294865
0.16358292, 1.1714714, 0.70556931E-1, 0.62354684, 0.59892422, 0.47359031, 4.5339737, 59.872200, 45.294865
0.16364439, 1.1714810, 0.70999838E-1, 0.62347180, 0.59880733, 0.47350243, 4.5340786, 59.872059, 45.294865
0.16356462, 1.1714846, 0.71366034E-1, 0.62336832, 0.59879333, 0.47348598, 4.5341725, 59.871933, 45.294865
0.16340999, 1.1714834, 0.71667105E-1, 0.62324214, 0.59875131, 0.47345269, 4.5342736, 59.871792, 45.294865
0.16318569, 1.1714778, 0.71904063E-1, 0.62309361, 0.59869665, 0.47341257, 4.5343790, 59.871647, 45.294865
0.16288002, 1.1714671, 0.72067492E-1, 0.62291932, 0.59865487, 0.47338283, 4.5344844, 59.871506, 45.294865
0.16246097, 1.1714488, 0.72124965E-1, 0.62270749, 0.59855562, 0.47331768, 4.5346041, 59.871346, 45.294865
0.16193946, 1.1714242, 0.72088838E-1, 0.62246227, 0.59854186, 0.47331131, 4.5347109, 59.871201, 45.294865
0.16190886, 1.1714349, 0.72505683E-1, 0.62238711, 0.59842253, 0.47322473, 4.5348253, 59.871048, 45.294865
0.16213936, 1.1714540, 0.73010825E-1, 0.62234855, 0.59816521, 0.47303879, 4.5349550, 59.870865, 45.294865
0.16252878, 1.1714985, 0.73706560E-1, 0.62240249, 0.59769559, 0.47271290, 4.5351181, 59.870644, 45.294865
0.16271694, 1.1715143, 0.73882513E-1, 0.62228554, 0.59678209, 0.47209471, 4.5353441, 59.870346, 45.294865
0.16302373, 1.1715474, 0.74230306E-1, 0.62224120, 0.59575450, 0.47140059, 4.5355678, 59.870022, 45.294865
0.16337018, 1.1715856, 0.74628547E-1, 0.62221795, 0.59457177, 0.47060329, 4.5357919, 59.869671, 45.294865
0.16382310, 1.1716398, 0.75217776E-1, 0.62226945, 0.59330940, 0.46975279, 4.5359998, 59.869278, 45.294865
0.16422327, 1.1716859, 0.75756498E-1, 0.62229455, 0.59209633, 0.46893394, 4.5361753, 59.868889, 45.294865
0.16464563, 1.1717359, 0.76361917E-1, 0.62234259, 0.59097654, 0.46817619, 4.5363183, 59.868530, 45.294865
0.16512527, 1.1717951, 0.77046879E-1, 0.62242746, 0.58963668, 0.46727255, 4.5364528, 59.868107, 45.294865
0.16560189, 1.1718537, 0.77615999E-1, 0.62248647, 0.58809966, 0.46623784, 4.5365624, 59.867668, 45.294865
0.16611636, 1.1719185, 0.78252688E-1, 0.62257338, 0.58648992, 0.46515417, 4.5366340, 59.867199, 45.294865
0.16653650, 1.1719692, 0.78771360E-1, 0.62260705, 0.58513188, 0.46423608, 4.5366611, 59.866772, 45.294865
0.16682562, 1.1720045, 0.79094842E-1, 0.62256843, 0.58419627, 0.46359813, 4.5366626, 59.866413, 45.294865
0.16702545, 1.1720283, 0.79311982E-1, 0.62248510, 0.58341616, 0.46306327, 4.5366511, 59.866108, 45.294865
0.16725004, 1.1720535, 0.79533160E-1, 0.62240535, 0.58256227, 0.46247852, 4.5366230, 59.865788, 45.294865
0.16753757, 1.1720853, 0.79809628E-1, 0.62235057, 0.58160883, 0.46182692, 4.5365806, 59.865421, 45.294865
0.16792932, 1.1721340, 0.80264755E-1, 0.62236899, 0.58045930, 0.46104518, 4.5365109, 59.865028, 45.294865
0.16836581, 1.1721885, 0.80816209E-1, 0.62242037, 0.57908708, 0.46011499, 4.5364013, 59.864586, 45.294865
0.16886736, 1.1722544, 0.81448063E-1, 0.62251234, 0.57753605, 0.45906591, 4.5362415, 59.864090, 45.294865
0.16927126, 1.1723039, 0.81889972E-1, 0.62253171, 0.57613599, 0.45811573, 4.5360584, 59.863625, 45.294865
0.16971013, 1.1723603, 0.82405739E-1, 0.62258118, 0.57484370, 0.45723650, 4.5358524, 59.863186, 45.294865
0.17004634, 1.1723999, 0.82794033E-1, 0.62257093, 0.57377470, 0.45650449, 4.5356488, 59.862782, 45.294865
0.17047234, 1.1724534, 0.83401479E-1, 0.62263709, 0.57271439, 0.45577767, 4.5354261, 59.862377, 45.294865
0.17079905, 1.1724916, 0.83893232E-1, 0.62264872, 0.57194567, 0.45524380, 4.5352302, 59.862053, 45.294865
0.17112556, 1.1725299, 0.84441818E-1, 0.62267417, 0.57128638, 0.45478213, 4.5350404, 59.861729, 45.294865
0.17145441, 1.1725694, 0.85069299E-1, 0.62272018, 0.57073838, 0.45439398, 4.5348611, 59.861454, 45.294865
0.17173651, 1.1726028, 0.85660517E-1, 0.62274778, 0.57036561, 0.45412207, 4.5347052, 59.861206, 45.294865
0.17194813, 1.1726267, 0.86142749E-1, 0.62273324, 0.57008278, 0.45390987, 4.5345626, 59.860970, 45.294865
0.17203264, 1.1726390, 0.86487077E-1, 0.62266731, 0.57003134, 0.45385316, 4.5344558, 59.860775, 45.294865
0.17205380, 1.1726481, 0.86793453E-1, 0.62258750, 0.57003999, 0.45383784, 4.5343599, 59.860592, 45.294865
0.17214236, 1.1726646, 0.87162219E-1, 0.62253582, 0.57002032, 0.45380256, 4.5342603, 59.860409, 45.294865
0.17228140, 1.1726772, 0.87402821E-1, 0.62244868, 0.56978941, 0.45362410, 4.5341277, 59.860203, 45.294865
0.17248303, 1.1726980, 0.87708525E-1, 0.62239218, 0.56940633, 0.45334414, 4.5339699, 59.859940, 45.294865
0.17279312, 1.1727344, 0.88219814E-1, 0.62241220, 0.56878901, 0.45290828, 4.5337648, 59.859631, 45.294865
0.17312552, 1.1727743, 0.88670351E-1, 0.62242591, 0.56803107, 0.45237845, 4.5335274, 59.859268, 45.294865
0.17341422, 1.1728076, 0.88881634E-1, 0.62237400, 0.56692785, 0.45161900, 4.5332055, 59.858833, 45.294865
0.17382574, 1.1728609, 0.89284115E-1, 0.62240273, 0.56555140, 0.45067784, 4.5328021, 59.858345, 45.294865
0.17425360, 1.1729168, 0.89710750E-1, 0.62244254, 0.56414455, 0.44971585, 4.5323572, 59.857822, 45.294865
0.17471649, 1.1729780, 0.90203010E-1, 0.62250876, 0.56260240, 0.44866306, 4.5318422, 59.857265, 45.294865
0.17518719, 1.1730412, 0.90701833E-1, 0.62257987, 0.56104124, 0.44759694, 4.5312796, 59.856709, 45.294865
0.17560270, 1.1730956, 0.91118671E-1, 0.62261695, 0.55971843, 0.44668847, 4.5307455, 59.856201, 45.294865
0.17593065, 1.1731361, 0.91440655E-1, 0.62260711, 0.55855531, 0.44588572, 4.5302291, 59.855736, 45.294865
0.17636673, 1.1731943, 0.91893584E-1, 0.62266034, 0.55717468, 0.44493777, 4.5296178, 59.855217, 45.294865
0.17667808, 1.1732321, 0.92119791E-1, 0.62262571, 0.55596650, 0.44410387, 4.5290294, 59.854729, 45.294865
0.17721067, 1.1733063, 0.92735454E-1, 0.62274665, 0.55423439, 0.44292045, 4.5282254, 59.854095, 45.294865
0.17758390, 1.1733550, 0.93062349E-1, 0.62275535, 0.55289972, 0.44200110, 4.5275230, 59.853554, 45.294865
0.17791715, 1.1733974, 0.93319327E-1, 0.62273753, 0.55180526, 0.44124129, 4.5268846, 59.853088, 45.294865
0.17818312, 1.1734297, 0.93479447E-1, 0.62267953, 0.55078399, 0.44052988, 4.5262527, 59.852623, 45.294865
0.17851213, 1.1734720, 0.93737565E-1, 0.62266308, 0.54970670, 0.43978083, 4.5255771, 59.852135, 45.294865
0.17885110, 1.1735163, 0.94003886E-1, 0.62265140, 0.54866242, 0.43905324, 4.5248938, 59.851654, 45.294865
0.17922336, 1.1735654, 0.94315574E-1, 0.62266004, 0.54745799, 0.43821838, 4.5241175, 59.851135, 45.294865
0.17964643, 1.1736230, 0.94707265E-1, 0.62270290, 0.54619271, 0.43734232, 4.5232868, 59.850597, 45.294865
0.18016690, 1.1736964, 0.95251165E-1, 0.62281072, 0.54448986, 0.43617365, 4.5222149, 59.849926, 45.294865
0.18071935, 1.1737757, 0.95846102E-1, 0.62294090, 0.54275143, 0.43498027, 4.5210729, 59.849224, 45.294865
0.18123081, 1.1738485, 0.96417129E-1, 0.62305456, 0.54107243, 0.43382552, 4.5199070, 59.848534, 45.294865
0.18171877, 1.1739177, 0.97047575E-1, 0.62317568, 0.53958112, 0.43279532, 4.5187964, 59.847904, 45.294865
0.18209338, 1.1739687, 0.97478040E-1, 0.62321848, 0.53841895, 0.43198436, 4.5178332, 59.847355, 45.294865
0.18242736, 1.1740134, 0.97732276E-1, 0.62321049, 0.53720498, 0.43113828, 4.5168133, 59.846786, 45.294865
0.18279701, 1.1740640, 0.98022901E-1, 0.62322217, 0.53588903, 0.43022358, 4.5157042, 59.846203, 45.294865
0.18332981, 1.1741412, 0.98586291E-1, 0.62334573, 0.53404522, 0.42895469, 4.5142355, 59.845425, 45.294865
0.18379866, 1.1742083, 0.99064447E-1, 0.62343180, 0.53236818, 0.42779651, 4.5128150, 59.844692, 45.294865
0.18423866, 1.1742709, 0.99548675E-1, 0.62351149, 0.53080451, 0.42671335, 4.5114193, 59.843990, 45.294865
0.18464662, 1.1743286, 0.10010294, 0.62359810, 0.52945596, 0.42577374, 4.5101252, 59.843353, 45.294865
0.18498217, 1.1743746, 0.10062106, 0.62365544, 0.52831453, 0.42497206, 4.5089426, 59.842785, 45.294865
0.18526080, 1.1744113, 0.10107359, 0.62368172, 0.52766562, 0.42450008, 4.5080838, 59.842358, 45.294865
0.18559220, 1.1744568, 0.10160995, 0.62374395, 0.52690870, 0.42395523, 4.5071387, 59.841896, 45.294865
0.18588951, 1.1744968, 0.10205203, 0.62377572, 0.52615994, 0.42341545, 4.5061879, 59.841434, 45.294865
0.18617505, 1.1745352, 0.10239485, 0.62378234, 0.52535313, 0.42283654, 4.5051832, 59.840950, 45.294865
0.18641211, 1.1745656, 0.10264705, 0.62375444, 0.52449697, 0.42222410, 4.5041275, 59.840450, 45.294865
0.18675084, 1.1746132, 0.10315084, 0.62381512, 0.52360111, 0.42158473, 4.5030274, 59.839928, 45.294865
0.18701337, 1.1746485, 0.10356496, 0.62383318, 0.52293777, 0.42110085, 4.5020890, 59.839481, 45.294865
0.18724002, 1.1746783, 0.10394089, 0.62383360, 0.52255380, 0.42080441, 4.5013523, 59.839123, 45.294865
0.18751203, 1.1747152, 0.10436425, 0.62385875, 0.52202964, 0.42041346, 4.5005069, 59.838722, 45.294865
0.18775405, 1.1747479, 0.10476714, 0.62387198, 0.52156311, 0.42006102, 4.4996977, 59.838337, 45.294865
0.18793124, 1.1747737, 0.10510340, 0.62385815, 0.52129215, 0.41984040, 4.4990311, 59.838009, 45.294865
0.18798329, 1.1747880, 0.10529764, 0.62379146, 0.52109617, 0.41967207, 4.4984107, 59.837696, 45.294865
0.18817705, 1.1748176, 0.10561683, 0.62378228, 0.52067000, 0.41934726, 4.4976244, 59.837315, 45.294865
0.18850906, 1.1748649, 0.10614535, 0.62385267, 0.52004504, 0.41888765, 4.4966850, 59.836872, 45.294865
0.18873110, 1.1748955, 0.10651886, 0.62385893, 0.51965368, 0.41858482, 4.4959168, 59.836510, 45.294865
0.18879759, 1.1749098, 0.10669669, 0.62379080, 0.51927531, 0.41829252, 4.4951448, 59.836132, 45.294865
0.18867853, 1.1749089, 0.10668188, 0.62365139, 0.51908422, 0.41812935, 4.4945002, 59.835800, 45.294865
0.18843430, 1.1749007, 0.10657528, 0.62347800, 0.51891255, 0.41798225, 4.4938564, 59.835491, 45.294865
0.18807679, 1.1748866, 0.10639299, 0.62327671, 0.51870251, 0.41781229, 4.4931684, 59.835167, 45.294865
0.18799560, 1.1749002, 0.10657643, 0.62320876, 0.51857495, 0.41769379, 4.4925666, 59.834877, 45.294865
0.18837413, 1.1749618, 0.10736394, 0.62336653, 0.51821256, 0.41741118, 4.4918146, 59.834518, 45.294865
0.18878438, 1.1750234, 0.10812752, 0.62352031, 0.51770991, 0.41703281, 4.4909554, 59.834114, 45.294865
0.18882880, 1.1750435, 0.10837116, 0.62348098, 0.51747686, 0.41683927, 4.4902797, 59.833778, 45.294865
0.18860123, 1.1750406, 0.10832348, 0.62333363, 0.51739007, 0.41674873, 4.4896936, 59.833492, 45.294865
0.18850295, 1.1750517, 0.10845789, 0.62325329, 0.51725829, 0.41662639, 4.4890842, 59.833195, 45.294865
0.18841682, 1.1750661, 0.10862880, 0.62318772, 0.51709700, 0.41648436, 4.4884501, 59.832870, 45.294865
0.18852761, 1.1750990, 0.10903054, 0.62320888, 0.51702768, 0.41640109, 4.4879065, 59.832603, 45.294865
0.18864261, 1.1751277, 0.10938278, 0.62321216, 0.51682967, 0.41622984, 4.4872675, 59.832291, 45.294865
0.18818063, 1.1751120, 0.10915639, 0.62300283, 0.51686972, 0.41622961, 4.4867544, 59.832039, 45.294865
0.18849707, 1.1751835, 0.10964945, 0.62311763, 0.51582760, 0.41549388, 4.4854574, 59.831432, 45.294865
0.18892421, 1.1752466, 0.10999517, 0.62318408, 0.51451761, 0.41457185, 4.4839535, 59.830738, 45.294865
0.18956065, 1.1753445, 0.11069899, 0.62339646, 0.51278764, 0.41336700, 4.4820709, 59.829891, 45.294865
0.19008350, 1.1754239, 0.11133953, 0.62356091, 0.51157695, 0.41251007, 4.4805684, 59.829212, 45.294865
0.19045630, 1.1754788, 0.11181919, 0.62364435, 0.51039720, 0.41167325, 4.4790621, 59.828545, 45.294865
0.19067645, 1.1755081, 0.11207155, 0.62363052, 0.50962567, 0.41111037, 4.4778833, 59.828022, 45.294865
0.19093096, 1.1755434, 0.11233159, 0.62362939, 0.50917846, 0.41076526, 4.4769735, 59.827606, 45.294865
0.19135995, 1.1756080, 0.11262058, 0.62368965, 0.50796700, 0.40990612, 4.4753909, 59.826923, 45.294865
0.19181320, 1.1756768, 0.11294594, 0.62376636, 0.50678718, 0.40906790, 4.4738083, 59.826229, 45.294865
0.19230877, 1.1757529, 0.11334368, 0.62387323, 0.50542527, 0.40810642, 4.4720311, 59.825459, 45.294865
0.19281426, 1.1758307, 0.11375277, 0.62398666, 0.50410008, 0.40716919, 4.4702520, 59.824715, 45.294865
0.19334012, 1.1759123, 0.11420991, 0.62411815, 0.50260931, 0.40611961, 4.4682813, 59.823902, 45.294865
0.19385874, 1.1759930, 0.11474597, 0.62426615, 0.50110739, 0.40506187, 4.4662552, 59.823071, 45.294865
0.19431095, 1.1760628, 0.11529019, 0.62439656, 0.49973187, 0.40408841, 4.4643111, 59.822266, 45.294865
0.19462450, 1.1761097, 0.11567165, 0.62444860, 0.49878559, 0.40340355, 4.4627619, 59.821621, 45.294865
0.19481185, 1.1761354, 0.11586110, 0.62441915, 0.49805701, 0.40286514, 4.4614124, 59.821068, 45.294865
0.19493029, 1.1761503, 0.11593947, 0.62434500, 0.49756783, 0.40248811, 4.4602947, 59.820591, 45.294865
0.19523570, 1.1761971, 0.11616520, 0.62436289, 0.49678501, 0.40191314, 4.4588742, 59.820019, 45.294865
0.19586988, 1.1762981, 0.11683954, 0.62458259, 0.49507788, 0.40071407, 4.4564838, 59.819069, 45.294865
0.19634564, 1.1763731, 0.11739499, 0.62472779, 0.49372983, 0.39975625, 4.4544206, 59.818253, 45.294865
0.19670761, 1.1764289, 0.11782889, 0.62481141, 0.49289966, 0.39914724, 4.4528747, 59.817635, 45.294865
0.19707149, 1.1764852, 0.11829671, 0.62490416, 0.49231875, 0.39870611, 4.4515839, 59.817108, 45.294865
0.19738975, 1.1765342, 0.11866282, 0.62496078, 0.49179983, 0.39830655, 4.4503522, 59.816620, 45.294865
0.19778191, 1.1765958, 0.11911412, 0.62506056, 0.49108180, 0.39777234, 4.4488988, 59.816029, 45.294865
0.19818231, 1.1766590, 0.11947084, 0.62514263, 0.49010092, 0.39706033, 4.4471455, 59.815338, 45.294865
0.19857797, 1.1767216, 0.11971189, 0.62519807, 0.48915002, 0.39636818, 4.4454060, 59.814651, 45.294865
0.19904408, 1.1767961, 0.12002400, 0.62529212, 0.48800474, 0.39554441, 4.4434280, 59.813877, 45.294865
0.19948265, 1.1768661, 0.12029409, 0.62536883, 0.48690110, 0.39474833, 4.4414725, 59.813122, 45.294865
0.19996545, 1.1769441, 0.12063362, 0.62547570, 0.48569286, 0.39388111, 4.4393716, 59.812328, 45.294865
0.20044819, 1.1770219, 0.12096795, 0.62558228, 0.48452988, 0.39304397, 4.4372931, 59.811546, 45.294865
0.20093244, 1.1771004, 0.12130609, 0.62569106, 0.48336536, 0.39220518, 4.4351859, 59.810745, 45.294865
0.20135719, 1.1771691, 0.12154485, 0.62575966, 0.48241535, 0.39151108, 4.4333076, 59.810043, 45.294865
0.20188503, 1.1772554, 0.12197337, 0.62590384, 0.48120275, 0.39063889, 4.4310956, 59.809216, 45.294865
0.20241089, 1.1773415, 0.12247264, 0.62606436, 0.47999808, 0.38977143, 4.4288611, 59.808376, 45.294865
0.20288353, 1.1774192, 0.12300712, 0.62621719, 0.47884738, 0.38893995, 4.4266634, 59.807560, 45.294865
0.20324910, 1.1774789, 0.12343257, 0.62631315, 0.47811234, 0.38838935, 4.4249568, 59.806938, 45.294865
0.20364042, 1.1775430, 0.12391602, 0.62643117, 0.47755581, 0.38795924, 4.4234624, 59.806381, 45.294865
0.20402236, 1.1776059, 0.12442368, 0.62655270, 0.47697645, 0.38751340, 4.4219317, 59.805809, 45.294865
0.20423703, 1.1776403, 0.12464516, 0.62655878, 0.47648269, 0.38712513, 4.4205027, 59.805267, 45.294865
0.20451175, 1.1776850, 0.12484089, 0.62657881, 0.47590947, 0.38668317, 4.4189696, 59.804680, 45.294865
0.20510413, 1.1777841, 0.12534258, 0.62676704, 0.47443172, 0.38562813, 4.4162731, 59.803699, 45.294865
0.20554575, 1.1778576, 0.12558708, 0.62685150, 0.47344121, 0.38490263, 4.4141660, 59.802917, 45.294865
0.20609817, 1.1779506, 0.12604451, 0.62701905, 0.47207692, 0.38392326, 4.4115472, 59.801975, 45.294865
0.20663027, 1.1780401, 0.12654276, 0.62719047, 0.47058877, 0.38285929, 4.4087262, 59.800961, 45.294865
0.20721291, 1.1781386, 0.12704833, 0.62738079, 0.46909252, 0.38178900, 4.4058490, 59.799911, 45.294865
0.20771639, 1.1782236, 0.12753336, 0.62754261, 0.46789205, 0.38091850, 4.4033313, 59.799004, 45.294865
0.20813964, 1.1782950, 0.12798601, 0.62767303, 0.46719199, 0.38038698, 4.4014740, 59.798328, 45.294865
0.20854254, 1.1783637, 0.12820023, 0.62774456, 0.46640667, 0.37979743, 4.3994889, 59.797611, 45.294865
0.20907529, 1.1784543, 0.12857884, 0.62789446, 0.46526936, 0.37896866, 4.3969984, 59.796711, 45.294865
0.20957199, 1.1785392, 0.12889723, 0.62802029, 0.46419045, 0.37817901, 4.3945637, 59.795837, 45.294865
0.21003075, 1.1786175, 0.12915480, 0.62812138, 0.46323627, 0.37747359, 4.3922811, 59.795029, 45.294865
0.21063516, 1.1787215, 0.12968175, 0.62832993, 0.46204340, 0.37660578, 4.3896389, 59.794094, 45.294865
0.21114719, 1.1788099, 0.13017307, 0.62850225, 0.46099293, 0.37583405, 4.3871722, 59.793213, 45.294865
0.21158004, 1.1788849, 0.13062814, 0.62864256, 0.46020037, 0.37523699, 4.3850603, 59.792469, 45.294865
0.21207587, 1.1789709, 0.13120203, 0.62883043, 0.45946467, 0.37467816, 4.3830147, 59.791740, 45.294865
0.21247007, 1.1790400, 0.13162869, 0.62895429, 0.45900422, 0.37430608, 4.3813624, 59.791134, 45.294865
0.21287793, 1.1791111, 0.13213700, 0.62910175, 0.45850557, 0.37390783, 4.3796501, 59.790512, 45.294865
0.21325278, 1.1791768, 0.13257250, 0.62922364, 0.45819303, 0.37363571, 4.3782067, 59.789993, 45.294865
0.21368685, 1.1792531, 0.13310939, 0.62938780, 0.45771274, 0.37324941, 4.3765159, 59.789391, 45.294865
0.21424419, 1.1793506, 0.13354582, 0.62956947, 0.45648026, 0.37235144, 4.3737025, 59.788383, 45.294865
0.21481588, 1.1794511, 0.13400340, 0.62976134, 0.45515868, 0.37139231, 4.3707204, 59.787331, 45.294865
0.21534267, 1.1795441, 0.13441181, 0.62992907, 0.45391965, 0.37048867, 4.3678274, 59.786320, 45.294865
0.21566141, 1.1796012, 0.13442628, 0.62994361, 0.45303115, 0.36982304, 4.3654423, 59.785458, 45.294865
0.21599752, 1.1796614, 0.13447317, 0.62997103, 0.45217746, 0.36918101, 4.3630967, 59.784630, 45.294865
0.21633737, 1.1797267, 0.13455769, 0.63001573, 0.45168376, 0.36878449, 4.3612843, 59.783978, 45.294865
0.21674719, 1.1798052, 0.13476369, 0.63011235, 0.45112774, 0.36834574, 4.3593683, 59.783302, 45.294865
0.21734443, 1.1799119, 0.13523388, 0.63032007, 0.45022225, 0.36766809, 4.3569126, 59.782440, 45.294865
0.21799636, 1.1800278, 0.13579224, 0.63056481, 0.44921461, 0.36692035, 4.3542786, 59.781506, 45.294865
0.21856944, 1.1801304, 0.13630734, 0.63077611, 0.44832715, 0.36625385, 4.3518133, 59.780636, 45.294865
0.21908660, 1.1802237, 0.13683847, 0.63097429, 0.44756031, 0.36566892, 4.3495207, 59.779823, 45.294865
0.21952324, 1.1803031, 0.13731836, 0.63113654, 0.44703862, 0.36525065, 4.3476043, 59.779137, 45.294865
0.21985638, 1.1803645, 0.13766679, 0.63123751, 0.44662699, 0.36490709, 4.3458581, 59.778507, 45.294865
0.22005995, 1.1804035, 0.13780773, 0.63125145, 0.44645071, 0.36472368, 4.3444858, 59.778019, 45.294865
0.22021134, 1.1804363, 0.13789706, 0.63124228, 0.44651595, 0.36470515, 4.3434939, 59.777645, 45.294865
0.22032934, 1.1804653, 0.13796249, 0.63122171, 0.44666380, 0.36474338, 4.3426318, 59.777309, 45.294865
0.22031359, 1.1804814, 0.13787958, 0.63114399, 0.44684538, 0.36480653, 4.3418050, 59.777004, 45.294865
0.22015381, 1.1804867, 0.13767193, 0.63101870, 0.44705111, 0.36488912, 4.3409891, 59.776703, 45.294865
0.21988559, 1.1804860, 0.13739526, 0.63086671, 0.44724345, 0.36496544, 4.3401303, 59.776379, 45.294865
0.21952891, 1.1804808, 0.13706665, 0.63069469, 0.44746056, 0.36506099, 4.3392916, 59.776062, 45.294865
0.21907961, 1.1804708, 0.13667998, 0.63050032, 0.44783038, 0.36526287, 4.3386703, 59.775814, 45.294865
0.21853681, 1.1804566, 0.13624606, 0.63028741, 0.44821808, 0.36547965, 4.3380570, 59.775570, 45.294865
0.21790661, 1.1804388, 0.13576864, 0.63005751, 0.44862109, 0.36570936, 4.3374496, 59.775326, 45.294865
0.21718185, 1.1804166, 0.13523842, 0.62980700, 0.44904602, 0.36595693, 4.3368583, 59.775085, 45.294865
0.21639004, 1.1803914, 0.13467318, 0.62954253, 0.44949475, 0.36622268, 4.3362904, 59.774857, 45.294865
0.21554016, 1.1803638, 0.13408142, 0.62926674, 0.44993213, 0.36648256, 4.3356981, 59.774612, 45.294865
0.21466030, 1.1803344, 0.13347606, 0.62898457, 0.45036057, 0.36673763, 4.3350945, 59.774368, 45.294865
0.21374665, 1.1803039, 0.13285515, 0.62869531, 0.45080662, 0.36700600, 4.3345160, 59.774128, 45.294865
0.21281898, 1.1802726, 0.13223092, 0.62840313, 0.45125812, 0.36727884, 4.3339491, 59.773891, 45.294865
0.21187814, 1.1802405, 0.13160352, 0.62810832, 0.45171985, 0.36755940, 4.3334017, 59.773659, 45.294865
0.21093206, 1.1802086, 0.13097860, 0.62781280, 0.45220304, 0.36785516, 4.3328919, 59.773441, 45.294865
0.20997871, 1.1801764, 0.13035731, 0.62751722, 0.45264146, 0.36812121, 4.3323264, 59.773197, 45.294865
0.20901707, 1.1801431, 0.12973075, 0.62721789, 0.45313048, 0.36842215, 4.3318348, 59.772980, 45.294865
0.20804003, 1.1801090, 0.12909976, 0.62691551, 0.45358816, 0.36870268, 4.3313074, 59.772743, 45.294865
0.20704323, 1.1800741, 0.12845688, 0.62660730, 0.45404899, 0.36898613, 4.3307877, 59.772511, 45.294865
0.20601864, 1.1800373, 0.12779461, 0.62629050, 0.45457366, 0.36931399, 4.3303542, 59.772305, 45.294865
0.20494907, 1.1799984, 0.12711100, 0.62596434, 0.45515299, 0.36968049, 4.3299856, 59.772106, 45.294865
0.20387185, 1.1799582, 0.12641731, 0.62563282, 0.45571914, 0.37003860, 4.3296084, 59.771900, 45.294865
0.20279044, 1.1799166, 0.12571338, 0.62529618, 0.45628768, 0.37039855, 4.3292437, 59.771713, 45.294865
0.20168714, 1.1798745, 0.12499840, 0.62495357, 0.45684183, 0.37074986, 4.3288631, 59.771511, 45.294865
0.20057289, 1.1798309, 0.12427607, 0.62460667, 0.45739877, 0.37110373, 4.3284922, 59.771317, 45.294865
0.19944593, 1.1797863, 0.12354392, 0.62425441, 0.45796373, 0.37146369, 4.3281364, 59.771122, 45.294865
0.19830772, 1.1797410, 0.12280490, 0.62389791, 0.45851251, 0.37181345, 4.3277655, 59.770916, 45.294865
0.19716460, 1.1796950, 0.12206369, 0.62353897, 0.45906144, 0.37216374, 4.3274026, 59.770710, 45.294865
0.19602698, 1.1796479, 0.12132000, 0.62317723, 0.45960131, 0.37250817, 4.3270402, 59.770504, 45.294865
0.19487599, 1.1796008, 0.12056912, 0.62281120, 0.46017367, 0.37287539, 4.3267183, 59.770321, 45.294865
0.19372453, 1.1795529, 0.11982039, 0.62244403, 0.46073845, 0.37323788, 4.3263946, 59.770126, 45.294865
0.19258420, 1.1795043, 0.11907367, 0.62207574, 0.46128619, 0.37358886, 4.3260641, 59.769936, 45.294865
0.19144206, 1.1794552, 0.11832609, 0.62170535, 0.46183851, 0.37394345, 4.3257456, 59.769745, 45.294865
0.19028383, 1.1794058, 0.11757233, 0.62133098, 0.46238473, 0.37429479, 4.3254232, 59.769547, 45.294865
0.18910024, 1.1793550, 0.11681022, 0.62095189, 0.46295047, 0.37466055, 4.3251238, 59.769360, 45.294865
0.18787488, 1.1793034, 0.11603823, 0.62056732, 0.46353382, 0.37503999, 4.3248410, 59.769196, 45.294865
0.18670811, 1.1792519, 0.11526996, 0.62018222, 0.46405643, 0.37537673, 4.3245168, 59.769005, 45.294865
0.18555640, 1.1792003, 0.11450086, 0.61979502, 0.46459574, 0.37572464, 4.3242221, 59.768810, 45.294865
0.18439817, 1.1791470, 0.11372971, 0.61940521, 0.46505526, 0.37601948, 4.3238544, 59.768581, 45.294865
0.18323295, 1.1790930, 0.11295421, 0.61901212, 0.46550092, 0.37630534, 4.3234782, 59.768349, 45.294865
0.18207178, 1.1790391, 0.11217584, 0.61861616, 0.46598023, 0.37661421, 4.3231435, 59.768127, 45.294865
0.18129899, 1.1790209, 0.11190431, 0.61839992, 0.46643499, 0.37690097, 4.3228321, 59.767941, 45.294865
0.18135519, 1.1790792, 0.11270803, 0.61856955, 0.46676901, 0.37709340, 4.3224926, 59.767750, 45.294865
0.18112716, 1.1791070, 0.11308240, 0.61858690, 0.46709874, 0.37728617, 4.3221302, 59.767536, 45.294865
0.18021849, 1.1790717, 0.11257536, 0.61828870, 0.46755394, 0.37757394, 4.3218203, 59.767338, 45.294865
0.17905736, 1.1790154, 0.11177444, 0.61788422, 0.46805707, 0.37789893, 4.3215327, 59.767139, 45.294865
0.17782184, 1.1789591, 0.11097308, 0.61747760, 0.46866998, 0.37830082, 4.3213315, 59.766994, 45.294865
0.17649904, 1.1789029, 0.11017327, 0.61706978, 0.46933293, 0.37874001, 4.3211622, 59.766888, 45.294865
0.17523842, 1.1788466, 0.10938209, 0.61666304, 0.46994022, 0.37913999, 4.3209629, 59.766766, 45.294865
0.17401467, 1.1787910, 0.10860948, 0.61626089, 0.47055453, 0.37954411, 4.3207812, 59.766647, 45.294865
0.17278019, 1.1787348, 0.10782713, 0.61585373, 0.47115567, 0.37994000, 4.3205938, 59.766521, 45.294865
0.17157428, 1.1786786, 0.10704959, 0.61544627, 0.47174695, 0.38032877, 4.3204088, 59.766399, 45.294865
0.17037681, 1.1786224, 0.10627732, 0.61503887, 0.47234419, 0.38072157, 4.3202348, 59.766281, 45.294865
0.16915743, 1.1785657, 0.10550828, 0.61463076, 0.47293425, 0.38111088, 4.3200588, 59.766163, 45.294865
0.16790392, 1.1785077, 0.10474025, 0.61422127, 0.47355947, 0.38152543, 4.3199072, 59.766048, 45.294865
0.16665155, 1.1784490, 0.10397387, 0.61381060, 0.47418159, 0.38193828, 4.3197579, 59.765934, 45.294865
0.16538171, 1.1783904, 0.10320811, 0.61339849, 0.47481173, 0.38235748, 4.3196154, 59.765820, 45.294865
0.16408412, 1.1783317, 0.10244267, 0.61298448, 0.47544146, 0.38277790, 4.3194733, 59.765701, 45.294865
0.16279757, 1.1782732, 0.10167831, 0.61256903, 0.47606051, 0.38319120, 4.3193316, 59.765587, 45.294865
0.16157052, 1.1782146, 0.10091574, 0.61215264, 0.47665238, 0.38358444, 4.3191857, 59.765472, 45.294865
0.16037963, 1.1781560, 0.10015418, 0.61173487, 0.47722101, 0.38396123, 4.3190355, 59.765350, 45.294865
0.15922923, 1.1780962, 0.99395171E-1, 0.61131614, 0.47777531, 0.38432732, 4.3188887, 59.765228, 45.294865
0.15809152, 1.1780351, 0.98641478E-1, 0.61089760, 0.47833231, 0.38469520, 4.3187475, 59.765110, 45.294865
0.15693185, 1.1779743, 0.97893529E-1, 0.61047953, 0.47890234, 0.38507310, 4.3186173, 59.764999, 45.294865
0.15576003, 1.1779158, 0.97151242E-1, 0.61006147, 0.47947025, 0.38545045, 4.3184872, 59.764885, 45.294865
0.15454011, 1.1778572, 0.96414559E-1, 0.60964334, 0.48006073, 0.38584509, 4.3183670, 59.764771, 45.294865
0.15337841, 1.1777986, 0.95683448E-1, 0.60922629, 0.48065621, 0.38624150, 4.3182621, 59.764664, 45.294865
0.15312393, 1.1777400, 0.94957918E-1, 0.60880923, 0.48099303, 0.38643175, 4.3181410, 59.764545, 45.294865
0.15286988, 1.1776813, 0.94237871E-1, 0.60839218, 0.48129985, 0.38660234, 4.3180075, 59.764423, 45.294865
0.15261625, 1.1776228, 0.93523301E-1, 0.60797560, 0.48165220, 0.38680401, 4.3179016, 59.764317, 45.294865
0.15236305, 1.1775641, 0.92814147E-1, 0.60755956, 0.48199400, 0.38699880, 4.3177919, 59.764206, 45.294865
0.15211026, 1.1775056, 0.92110373E-1, 0.60714346, 0.48236859, 0.38721594, 4.3177028, 59.764103, 45.294865
0.15185790, 1.1774470, 0.91411926E-1, 0.60672742, 0.48275274, 0.38744000, 4.3176217, 59.764004, 45.294865
0.15160596, 1.1773884, 0.90718783E-1, 0.60631233, 0.48311979, 0.38765305, 4.3175316, 59.763897, 45.294865
0.15135442, 1.1773298, 0.90030886E-1, 0.60589725, 0.48347694, 0.38785997, 4.3174415, 59.763783, 45.294865
0.15110329, 1.1772712, 0.89348204E-1, 0.60548222, 0.48381314, 0.38805309, 4.3173423, 59.763668, 45.294865
0.15085261, 1.1772126, 0.88670716E-1, 0.60506749, 0.48418117, 0.38826799, 4.3172626, 59.763557, 45.294865
0.15060233, 1.1771541, 0.87998353E-1, 0.60465348, 0.48455316, 0.38848591, 4.3171864, 59.763447, 45.294865
0.15035245, 1.1770954, 0.87331094E-1, 0.60423952, 0.48491636, 0.38869834, 4.3171096, 59.763336, 45.294865
0.15010300, 1.1770369, 0.86668886E-1, 0.60382551, 0.48529235, 0.38891971, 4.3170409, 59.763233, 45.294865
0.14985394, 1.1769782, 0.86011700E-1, 0.60341221, 0.48566434, 0.38913873, 4.3169727, 59.763134, 45.294865
0.14960530, 1.1769197, 0.85359521E-1, 0.60299921, 0.48601127, 0.38934147, 4.3168945, 59.763027, 45.294865
0.14935711, 1.1768610, 0.84712259E-1, 0.60258615, 0.48635674, 0.38954362, 4.3168182, 59.762920, 45.294865
0.14910932, 1.1768025, 0.84069923E-1, 0.60217339, 0.48667127, 0.38972545, 4.3167300, 59.762810, 45.294865
0.14886193, 1.1767439, 0.83432451E-1, 0.60176140, 0.48696676, 0.38989499, 4.3166356, 59.762695, 45.294865
0.14861494, 1.1766853, 0.82799815E-1, 0.60134941, 0.48728150, 0.39007771, 4.3165517, 59.762581, 45.294865
0.14836836, 1.1766267, 0.82171969E-1, 0.60093743, 0.48762867, 0.39028245, 4.3164840, 59.762474, 45.294865
0.14812221, 1.1765682, 0.81548885E-1, 0.60052592, 0.48795485, 0.39047346, 4.3164096, 59.762360, 45.294865
0.14787646, 1.1765095, 0.80930524E-1, 0.60011500, 0.48826262, 0.39065257, 4.3163309, 59.762245, 45.294865
