11.679638, 22.645372, 6.3325291, 9.3333035, 30.852627, 22.136490, 81.001183, 1130.3590, 852.51007
11.669792, 22.645470, 6.3000431, 9.3294220, 30.831135, 22.122053, 81.005577, 1130.3584, 852.51007
11.658944, 22.645435, 6.2665882, 9.3253117, 30.813995, 22.110235, 81.009644, 1130.3578, 852.51007
11.648937, 22.645508, 6.2352443, 9.3214655, 30.798494, 22.099411, 81.013618, 1130.3572, 852.51007
11.638982, 22.645590, 6.2047381, 9.3176756, 30.776669, 22.084831, 81.018127, 1130.3564, 852.51007
11.627549, 22.645477, 6.1722407, 9.3135128, 30.761148, 22.074030, 81.022133, 1130.3558, 852.51007
11.617535, 22.645542, 6.1430230, 9.3097830, 30.751656, 22.066853, 81.025665, 1130.3553, 852.51007
11.605994, 22.645409, 6.1114111, 9.3056431, 30.746893, 22.062521, 81.028862, 1130.3549, 852.51007
11.594488, 22.645277, 6.0802908, 9.3015270, 30.747015, 22.061123, 81.031700, 1130.3549, 852.51007
11.583056, 22.645153, 6.0496650, 9.2974405, 30.749269, 22.061020, 81.034409, 1130.3549, 852.51007
11.571027, 22.644947, 6.0180330, 9.2931757, 30.750269, 22.060190, 81.037315, 1130.3546, 852.51007
11.559382, 22.644791, 5.9874697, 9.2890301, 30.758972, 22.063982, 81.039543, 1130.3546, 852.51007
11.548189, 22.644693, 5.9581475, 9.2850285, 30.765289, 22.066368, 81.042061, 1130.3546, 852.51007
11.536674, 22.644548, 5.9284744, 9.2809372, 30.772947, 22.069572, 81.044502, 1130.3546, 852.51007
11.525084, 22.644394, 5.8989091, 9.2768269, 30.778326, 22.071430, 81.047264, 1130.3546, 852.51007
11.513605, 22.644247, 5.8698897, 9.2727575, 30.781069, 22.071722, 81.050385, 1130.3546, 852.51007
11.502510, 22.644152, 5.8419766, 9.2688093, 30.786806, 22.073824, 81.053215, 1130.3546, 852.51007
11.489525, 22.643799, 5.8103914, 9.2642984, 30.795464, 22.077682, 81.055748, 1130.3546, 852.51007
11.477413, 22.643560, 5.7809277, 9.2600536, 30.801661, 22.080093, 81.058647, 1130.3546, 852.51007
11.465908, 22.643400, 5.7530808, 9.2560005, 30.806185, 22.081520, 81.061836, 1130.3546, 852.51007
11.454428, 22.643238, 5.7256384, 9.2519703, 30.811890, 22.083670, 81.064934, 1130.3546, 852.51007
11.442969, 22.643082, 5.6985312, 9.2479534, 30.816904, 22.085419, 81.068184, 1130.3546, 852.51007
11.431128, 22.642868, 5.6705856, 9.2438021, 30.820532, 22.086359, 81.071640, 1130.3546, 852.51007
11.420228, 22.642784, 5.6443496, 9.2398949, 30.820158, 22.084927, 81.075668, 1130.3546, 852.51007
11.409159, 22.642668, 5.6178646, 9.2359304, 30.824074, 22.086071, 81.079178, 1130.3546, 852.51007
11.397239, 22.642441, 5.5898552, 9.2317133, 30.826633, 22.086418, 81.082954, 1130.3546, 852.51007
11.385887, 22.642282, 5.5632639, 9.2276649, 30.821640, 22.082272, 81.087791, 1130.3546, 852.51007
11.373894, 22.642040, 5.5355740, 9.2234344, 30.823881, 22.082466, 81.091690, 1130.3546, 852.51007
11.362651, 22.641891, 5.5096998, 9.2194300, 30.829884, 22.084913, 81.095093, 1130.3546, 852.51007
11.350257, 22.641588, 5.4816604, 9.2150822, 30.840164, 22.089931, 81.097923, 1130.3546, 852.51007
11.337849, 22.641279, 5.4538269, 9.2107325, 30.854513, 22.097387, 81.100189, 1130.3546, 852.51007
11.326065, 22.641048, 5.4264684, 9.2064877, 30.864466, 22.102243, 81.103180, 1130.3546, 852.51007
11.315644, 22.640997, 5.3990693, 9.2023916, 30.863537, 22.100616, 81.107841, 1130.3546, 852.51007
11.305027, 22.640921, 5.3709788, 9.1982002, 30.861113, 22.098110, 81.112793, 1130.3546, 852.51007
11.294590, 22.640858, 5.3434272, 9.1940584, 30.854288, 22.093002, 81.118500, 1130.3546, 852.51007
11.283433, 22.640701, 5.3150687, 9.1897402, 30.848560, 22.088562, 81.124069, 1130.3546, 852.51007
11.273919, 22.640759, 5.2897778, 9.1858702, 30.839758, 22.082296, 81.130173, 1130.3546, 852.51007
11.263455, 22.640686, 5.2628679, 9.1817284, 30.830502, 22.075775, 81.136368, 1130.3546, 852.51007
11.252509, 22.640551, 5.2351890, 9.1774445, 30.821783, 22.069590, 81.142517, 1130.3546, 852.51007
11.242333, 22.640509, 5.2089729, 9.1733665, 30.818161, 22.066456, 81.147842, 1130.3546, 852.51007
11.231392, 22.640369, 5.1817575, 9.1690922, 30.811625, 22.061600, 81.153709, 1130.3546, 852.51007
11.222133, 22.640442, 5.1575818, 9.1652670, 30.792641, 22.049328, 81.161667, 1130.3546, 852.51007
11.212220, 22.640427, 5.1327991, 9.1612940, 30.769171, 22.034395, 81.170357, 1130.3546, 852.51007
11.201476, 22.640308, 5.1068449, 9.1571026, 30.760717, 22.028429, 81.176514, 1130.3546, 852.51007
11.192307, 22.640388, 5.0836310, 9.1533203, 30.736610, 22.013134, 81.185326, 1130.3545, 852.51007
11.182380, 22.640371, 5.0597882, 9.1493797, 30.711117, 21.997026, 81.194321, 1130.3542, 852.51007
11.172127, 22.640299, 5.0359640, 9.1453829, 30.695854, 21.987032, 81.201584, 1130.3542, 852.51007
11.162897, 22.640366, 5.0134768, 9.1416111, 30.681393, 21.977530, 81.208725, 1130.3542, 852.51007
11.151767, 22.640179, 4.9876585, 9.1373100, 30.664776, 21.966743, 81.216240, 1130.3542, 852.51007
11.141376, 22.640091, 4.9627299, 9.1331606, 30.660248, 21.963196, 81.221611, 1130.3542, 852.51007
11.128654, 22.639694, 4.9341755, 9.1283970, 30.661922, 21.963364, 81.225891, 1130.3542, 852.51007
11.097591, 22.639019, 4.9024267, 9.1230726, 30.669783, 21.968523, 81.230225, 1130.3542, 852.51007
11.087586, 22.638966, 4.8784890, 9.1189995, 30.669394, 21.967484, 81.235123, 1130.3542, 852.51007
11.077914, 22.638952, 4.8553500, 9.1150179, 30.657803, 21.959772, 81.242073, 1130.3542, 852.51007
11.067803, 22.638880, 4.8319511, 9.1109476, 30.646210, 21.952080, 81.249016, 1130.3542, 852.51007
11.058311, 22.638887, 4.8101978, 9.1070766, 30.630232, 21.941776, 81.256752, 1130.3542, 852.51007
11.047829, 22.638767, 4.7875285, 9.1029921, 30.611744, 21.929979, 81.264946, 1130.3542, 852.51007
11.038750, 22.638821, 4.7682505, 9.0993509, 30.590639, 21.916630, 81.273598, 1130.3542, 852.51007
11.029105, 22.638803, 4.7487741, 9.0956116, 30.570450, 21.903841, 81.282074, 1130.3542, 852.51007
11.017859, 22.638573, 4.7267003, 9.0914412, 30.555231, 21.894024, 81.289635, 1130.3542, 852.51007
11.007561, 22.638466, 4.7070332, 9.0875750, 30.536278, 21.881983, 81.297867, 1130.3542, 852.51007
10.996553, 22.638266, 4.6863856, 9.0835266, 30.521866, 21.872671, 81.305267, 1130.3542, 852.51007
10.985706, 22.638081, 4.6665640, 9.0795555, 30.507528, 21.863405, 81.312668, 1130.3542, 852.51007
10.974652, 22.637871, 4.6466918, 9.0755396, 30.495649, 21.855619, 81.319626, 1130.3542, 852.51007
10.963251, 22.637613, 4.6263905, 9.0714378, 30.489241, 21.851109, 81.325623, 1130.3542, 852.51007
10.953020, 22.637505, 4.6081662, 9.0676432, 30.478228, 21.843855, 81.332474, 1130.3542, 852.51007
10.941292, 22.637197, 4.5870647, 9.0634079, 30.475044, 21.841290, 81.337914, 1130.3542, 852.51007
10.929959, 22.636950, 4.5674162, 9.0593376, 30.473562, 21.839760, 81.343079, 1130.3542, 852.51007
10.917693, 22.636650, 4.5473037, 9.0551682, 30.473230, 21.838974, 81.348106, 1130.3542, 852.51007
10.903759, 22.636370, 4.5279384, 9.0510731, 30.473633, 21.838778, 81.353142, 1130.3542, 852.51007
10.885919, 22.636049, 4.5081124, 9.0468836, 30.475439, 21.839716, 81.358192, 1130.3542, 852.51007
10.865371, 22.635872, 4.4913416, 9.0430908, 30.477779, 21.841297, 81.363449, 1130.3542, 852.51007
10.841165, 22.635658, 4.4739647, 9.0391941, 30.480076, 21.843115, 81.369003, 1130.3542, 852.51007
10.813290, 22.635401, 4.4561548, 9.0352173, 30.486160, 21.847475, 81.374107, 1130.3542, 852.51007
10.783525, 22.635174, 4.4389787, 9.0313120, 30.497047, 21.854876, 81.378441, 1130.3542, 852.51007
10.752721, 22.635017, 4.4232888, 9.0275936, 30.506748, 21.861708, 81.383186, 1130.3542, 852.51007
10.722184, 22.635113, 4.4123344, 9.0245066, 30.516241, 21.868557, 81.388168, 1130.3542, 852.51007
10.690624, 22.635317, 4.4034648, 9.0216961, 30.523758, 21.874380, 81.393761, 1130.3542, 852.51007
10.668199, 22.635183, 4.3881941, 9.0180216, 30.529520, 21.878229, 81.398903, 1130.3542, 852.51007
10.657971, 22.635057, 4.3725190, 9.0143156, 30.524920, 21.874939, 81.405357, 1130.3542, 852.51007
10.646781, 22.634785, 4.3541837, 9.0102301, 30.514515, 21.868174, 81.413071, 1130.3542, 852.51007
10.637117, 22.634680, 4.3379059, 9.0064688, 30.513794, 21.867191, 81.418709, 1130.3542, 852.51007
10.626628, 22.634460, 4.3182039, 9.0023117, 30.504824, 21.861286, 81.426147, 1130.3542, 852.51007
10.617242, 22.634380, 4.2986979, 8.9982958, 30.472233, 21.841284, 81.438454, 1130.3542, 852.51007
10.608323, 22.634359, 4.2801037, 8.9944057, 30.408403, 21.802628, 81.457474, 1130.3542, 852.51007
10.599159, 22.634306, 4.2616549, 8.9904833, 30.372150, 21.780439, 81.470367, 1130.3542, 852.51007
10.589497, 22.634192, 4.2420106, 8.9863873, 30.350325, 21.766880, 81.480080, 1130.3542, 852.51007
10.579720, 22.634047, 4.2221560, 8.9822483, 30.322929, 21.749998, 81.490967, 1130.3542, 852.51007
10.569704, 22.633879, 4.2022400, 8.9780617, 30.280939, 21.724400, 81.504753, 1130.3542, 852.51007
10.560928, 22.633863, 4.1846910, 8.9742174, 30.223307, 21.689445, 81.521484, 1130.3542, 852.51007
10.551766, 22.633799, 4.1669884, 8.9703035, 30.191927, 21.670187, 81.532700, 1130.3542, 852.51007
10.541429, 22.633577, 4.1474061, 8.9660692, 30.174915, 21.659523, 81.540985, 1130.3542, 852.51007
10.531759, 22.633448, 4.1294341, 8.9620447, 30.141476, 21.639042, 81.552490, 1130.3542, 852.51007
10.522254, 22.633329, 4.1127205, 8.9581337, 30.109509, 21.619446, 81.563599, 1130.3542, 852.51007
10.512811, 22.633221, 4.0970612, 8.9543104, 30.079264, 21.600887, 81.574280, 1130.3542, 852.51007
10.501874, 22.632917, 4.0790973, 8.9500961, 30.049957, 21.582893, 81.584686, 1130.3542, 852.51007
10.491662, 22.632702, 4.0631323, 8.9461288, 30.022104, 21.565769, 81.594734, 1130.3542, 852.51007
10.480840, 22.632408, 4.0464010, 8.9420109, 30.000233, 21.552235, 81.603600, 1130.3542, 852.51007
10.470492, 22.632181, 4.0312614, 8.9380798, 29.980867, 21.540207, 81.611923, 1130.3542, 852.51007
10.458833, 22.631859, 4.0149350, 8.9339523, 29.963993, 21.529726, 81.619797, 1130.3542, 852.51007
10.444888, 22.631456, 3.9975266, 8.9296494, 29.956059, 21.524736, 81.626076, 1130.3542, 852.51007
10.427699, 22.631014, 3.9797349, 8.9252672, 29.950523, 21.521423, 81.632133, 1130.3542, 852.51007
10.409205, 22.630808, 3.9664345, 8.9214859, 29.947409, 21.519817, 81.637947, 1130.3542, 852.51007
10.387678, 22.630613, 3.9535508, 8.9177418, 29.939720, 21.515718, 81.644920, 1130.3542, 852.51007
10.362839, 22.630442, 3.9413025, 8.9140701, 29.939156, 21.516174, 81.650757, 1130.3542, 852.51007
10.335839, 22.630125, 3.9265976, 8.9100485, 29.947382, 21.521986, 81.654984, 1130.3542, 852.51007
10.315473, 22.629778, 3.9110880, 8.9059143, 29.956516, 21.527807, 81.658585, 1130.3542, 852.51007
10.299716, 22.629469, 3.8961921, 8.9018650, 29.964411, 21.532545, 81.662155, 1130.3542, 852.51007
10.289371, 22.629217, 3.8818974, 8.8979177, 29.967621, 21.534107, 81.666344, 1130.3542, 852.51007
10.278419, 22.628868, 3.8660209, 8.8937340, 29.965727, 21.532604, 81.671623, 1130.3542, 852.51007
10.267845, 22.628653, 3.8527641, 8.8898916, 29.951948, 21.524052, 81.679420, 1130.3542, 852.51007
10.254987, 22.628351, 3.8383799, 8.8858652, 29.943415, 21.518776, 81.686272, 1130.3542, 852.51007
10.240976, 22.628099, 3.8250980, 8.8819723, 29.933659, 21.512886, 81.693481, 1130.3542, 852.51007
10.226007, 22.627724, 3.8097920, 8.8777876, 29.924082, 21.507120, 81.700684, 1130.3542, 852.51007
10.208136, 22.627523, 3.7978818, 8.8740511, 29.908461, 21.498068, 81.709473, 1130.3542, 852.51007
10.185279, 22.627327, 3.7863472, 8.8703489, 29.905319, 21.496889, 81.716026, 1130.3542, 852.51007
10.157187, 22.627239, 3.7769005, 8.8669128, 29.898506, 21.493994, 81.723854, 1130.3542, 852.51007
10.128150, 22.627214, 3.7687445, 8.8636456, 29.894951, 21.493162, 81.731140, 1130.3542, 852.51007
10.106081, 22.627693, 3.7666652, 8.8613768, 29.888441, 21.490318, 81.738861, 1130.3542, 852.51007
10.097064, 22.627541, 3.7518442, 8.8574314, 29.850298, 21.467127, 81.751968, 1130.3542, 852.51007
10.083771, 22.626835, 3.7288449, 8.8522568, 29.810278, 21.442812, 81.765160, 1130.3542, 852.51007
10.075500, 22.626776, 3.7140250, 8.8483868, 29.773039, 21.420170, 81.777718, 1130.3542, 852.51007
10.067509, 22.626749, 3.6999958, 8.8446074, 29.719267, 21.387609, 81.793533, 1130.3542, 852.51007
10.058437, 22.626589, 3.6851897, 8.8406200, 29.658716, 21.350973, 81.810349, 1130.3542, 852.51007
10.049494, 22.626440, 3.6716290, 8.8367434, 29.607599, 21.319990, 81.824936, 1130.3542, 852.51007
10.039779, 22.626190, 3.6574266, 8.8327074, 29.558836, 21.290417, 81.838753, 1130.3542, 852.51007
10.030967, 22.626051, 3.6448107, 8.8289089, 29.525990, 21.270397, 81.849335, 1130.3542, 852.51007
10.022597, 22.625961, 3.6315892, 8.8251095, 29.484489, 21.245178, 81.861397, 1130.3542, 852.51007
10.012477, 22.625650, 3.6149776, 8.8207979, 29.428768, 21.211418, 81.875862, 1130.3542, 852.51007
10.005740, 22.625772, 3.6037502, 8.8173561, 29.368332, 21.174822, 81.890770, 1130.3542, 852.51007
9.9970522, 22.625639, 3.5889804, 8.8133640, 29.293434, 21.129524, 81.907585, 1130.3542, 852.51007
9.9877729, 22.625429, 3.5733140, 8.8092146, 29.231995, 21.092304, 81.921692, 1130.3542, 852.51007
9.9793949, 22.625330, 3.5591524, 8.8052959, 29.175556, 21.058075, 81.934608, 1130.3542, 852.51007
9.9704628, 22.625164, 3.5442190, 8.8012371, 29.121199, 21.025097, 81.946808, 1130.3542, 852.51007
9.9611044, 22.624943, 3.5287824, 8.7970715, 29.071774, 20.995077, 81.957954, 1130.3542, 852.51007
9.9532881, 22.624912, 3.5160797, 8.7933178, 29.030712, 20.970091, 81.967575, 1130.3542, 852.51007
9.9454985, 22.624887, 3.5042486, 8.7896328, 28.959652, 20.927042, 81.981354, 1130.3538, 852.51007
9.9370279, 22.624769, 3.4924123, 8.7858562, 28.899492, 20.890533, 81.993034, 1130.3535, 852.51007
9.9278793, 22.624563, 3.4802814, 8.7819624, 28.843357, 20.856445, 82.003761, 1130.3534, 852.51007
9.9187908, 22.624367, 3.4689665, 8.7781372, 28.792858, 20.825748, 82.013420, 1130.3533, 852.51007
9.9090824, 22.624086, 3.4568896, 8.7741613, 28.765404, 20.808939, 82.019852, 1130.3533, 852.51007
9.8988733, 22.623741, 3.4439940, 8.7700481, 28.744188, 20.795887, 82.025414, 1130.3533, 852.51007
9.8885117, 22.623373, 3.4308932, 8.7658911, 28.727903, 20.785810, 82.030304, 1130.3533, 852.51007
9.8788385, 22.623089, 3.4194045, 8.7619467, 28.705753, 20.772202, 82.035942, 1130.3533, 852.51007
9.8699751, 22.622910, 3.4098966, 8.7582655, 28.684536, 20.759157, 82.041420, 1130.3533, 852.51007
9.8596392, 22.622549, 3.3974795, 8.7541580, 28.657574, 20.742655, 82.047569, 1130.3533, 852.51007
9.8501997, 22.622303, 3.3868680, 8.7503080, 28.639273, 20.731384, 82.052589, 1130.3533, 852.51007
9.8404045, 22.621992, 3.3751972, 8.7463102, 28.603840, 20.709774, 82.059669, 1130.3533, 852.51007
9.8315239, 22.621803, 3.3656921, 8.7426014, 28.560900, 20.683632, 82.067513, 1130.3533, 852.51007
9.8222561, 22.621563, 3.3551970, 8.7387495, 28.527260, 20.663097, 82.074066, 1130.3533, 852.51007
9.8119497, 22.621185, 3.3425300, 8.7345839, 28.494341, 20.642994, 82.080414, 1130.3533, 852.51007
9.8032970, 22.621014, 3.3333774, 8.7309113, 28.451178, 20.616707, 82.087799, 1130.3529, 852.51007
9.7935190, 22.620699, 3.3210752, 8.7268324, 28.405748, 20.589054, 82.095222, 1130.3528, 852.51007
9.7852345, 22.620569, 3.3099141, 8.7230301, 28.344790, 20.552006, 82.103928, 1130.3528, 852.51007
9.7780628, 22.620579, 3.2994530, 8.7194176, 28.246334, 20.492277, 82.115829, 1130.3518, 852.51007
9.7688484, 22.620337, 3.2863550, 8.7153234, 28.166197, 20.443604, 82.125023, 1130.3510, 852.51007
9.7609558, 22.620253, 3.2752669, 8.7115555, 28.089334, 20.396881, 82.133186, 1130.3503, 852.51007
9.7523222, 22.620075, 3.2623827, 8.7075405, 28.012844, 20.350368, 82.140526, 1130.3497, 852.51007
9.7435369, 22.619877, 3.2493062, 8.7034826, 27.942316, 20.307444, 82.146866, 1130.3485, 852.51007
9.7356958, 22.619793, 3.2378039, 8.6996660, 27.873684, 20.265652, 82.152473, 1130.3475, 852.51007
9.7279892, 22.619726, 3.2266586, 8.6958904, 27.798347, 20.219784, 82.157257, 1130.3461, 852.51007
9.7190876, 22.619507, 3.2135882, 8.6918001, 27.734104, 20.180614, 82.161461, 1130.3439, 852.51007
9.7109575, 22.619381, 3.2018349, 8.6879091, 27.659996, 20.135452, 82.165573, 1130.3417, 852.51007
9.7043381, 22.619442, 3.1927152, 8.6844196, 27.571634, 20.081621, 82.169563, 1130.3387, 852.51007
9.6958027, 22.619263, 3.1804285, 8.6804209, 27.500280, 20.038092, 82.172165, 1130.3358, 852.51007
9.6876535, 22.619129, 3.1689105, 8.6765299, 27.426607, 19.993134, 82.174210, 1130.3329, 852.51007
9.6810312, 22.619190, 3.1598203, 8.6730280, 27.353703, 19.948620, 82.175606, 1130.3300, 852.51007
9.6732206, 22.619106, 3.1489694, 8.6692209, 27.276846, 19.901684, 82.176422, 1130.3270, 852.51007
9.6656227, 22.619034, 3.1385684, 8.6654730, 27.197729, 19.853354, 82.176445, 1130.3241, 852.51007
9.6576090, 22.618919, 3.1277132, 8.6616306, 27.119627, 19.805613, 82.175827, 1130.3212, 852.51007
9.6503811, 22.618893, 3.1180193, 8.6579771, 27.039671, 19.756727, 82.174347, 1130.3182, 852.51007
9.6430683, 22.618858, 3.1085610, 8.6543274, 26.965965, 19.711626, 82.172356, 1130.3153, 852.51007
9.6357756, 22.618826, 3.0997899, 8.6507320, 26.875393, 19.656225, 82.169121, 1130.3116, 852.51007
9.6290674, 22.618866, 3.0929301, 8.6473656, 26.788414, 19.602980, 82.165054, 1130.3080, 852.51007
9.6209955, 22.618725, 3.0844915, 8.6436892, 26.710314, 19.555120, 82.160530, 1130.3044, 852.51007
9.6128969, 22.618578, 3.0765135, 8.6400442, 26.643850, 19.514339, 82.155952, 1130.3010, 852.51007
9.6042032, 22.618361, 3.0672712, 8.6362143, 26.584896, 19.478128, 82.151337, 1130.2976, 852.51007
9.5964117, 22.618252, 3.0602179, 8.6326742, 26.518827, 19.437555, 82.145813, 1130.2943, 852.51007
9.5872984, 22.617973, 3.0510955, 8.6287918, 26.464111, 19.403906, 82.140587, 1130.2909, 852.51007
9.5783758, 22.617727, 3.0429192, 8.6250057, 26.413128, 19.372528, 82.135307, 1130.2891, 852.51007
9.5696039, 22.617485, 3.0341923, 8.6211920, 26.379313, 19.351631, 82.131134, 1130.2870, 852.51007
9.5612211, 22.617292, 3.0256472, 8.6174355, 26.334253, 19.323860, 82.125885, 1130.2841, 852.51007
9.5519695, 22.616987, 3.0135326, 8.6132689, 26.281532, 19.291399, 82.119339, 1130.2811, 852.51007
9.5443535, 22.616894, 3.0036473, 8.6094885, 26.222359, 19.254971, 82.111595, 1130.2782, 852.51007
9.5360384, 22.616709, 2.9927261, 8.6055269, 26.153833, 19.212811, 82.102753, 1130.2753, 852.51007
9.5291176, 22.616703, 2.9841986, 8.6019363, 26.073338, 19.163301, 82.092407, 1130.2716, 852.51007
9.5218725, 22.616650, 2.9752228, 8.5982599, 26.000990, 19.118763, 82.082184, 1130.2687, 852.51007
9.5149670, 22.616634, 2.9666739, 8.5946608, 25.933249, 19.077021, 82.071808, 1130.2655, 852.51007
9.5073357, 22.616526, 2.9573591, 8.5909004, 25.847012, 19.023924, 82.058556, 1130.2615, 852.51007
9.5004482, 22.616512, 2.9501200, 8.5874014, 25.770838, 18.976971, 82.045769, 1130.2577, 852.51007
9.4936342, 22.616508, 2.9440186, 8.5840044, 25.700998, 18.933880, 82.033203, 1130.2539, 852.51007
9.4865608, 22.616470, 2.9384749, 8.5806170, 25.635664, 18.893538, 82.020744, 1130.2500, 852.51007
9.4787130, 22.616331, 2.9320576, 8.5770550, 25.578575, 18.858244, 82.009026, 1130.2461, 852.51007
9.4703512, 22.616121, 2.9251287, 8.5733814, 25.525511, 18.825403, 81.997566, 1130.2424, 852.51007
9.4616241, 22.615868, 2.9179387, 8.5696383, 25.479536, 18.796915, 81.986938, 1130.2388, 852.51007
9.4531517, 22.615641, 2.9114206, 8.5659800, 25.441765, 18.773462, 81.977448, 1130.2354, 852.51007
9.4442902, 22.615360, 2.9041765, 8.5622091, 25.403635, 18.749781, 81.967751, 1130.2319, 852.51007
9.4352427, 22.615074, 2.8972323, 8.5584564, 25.366802, 18.726908, 81.958084, 1130.2285, 852.51007
9.4254646, 22.614784, 2.8903534, 8.5546980, 25.333288, 18.706118, 81.948837, 1130.2250, 852.51007
9.4136801, 22.614464, 2.8832064, 8.5508814, 25.303446, 18.687714, 81.940010, 1130.2225, 852.51007
9.4032564, 22.614204, 2.8765943, 8.5471716, 25.268826, 18.666306, 81.930305, 1130.2201, 852.51007
9.3947067, 22.613955, 2.8698037, 8.5434561, 25.215523, 18.633261, 81.917099, 1130.2161, 852.51007
9.3857327, 22.613668, 2.8627670, 8.5396748, 25.164789, 18.601793, 81.904045, 1130.2119, 852.51007
9.3751383, 22.613316, 2.8550606, 8.5357723, 25.125269, 18.577305, 81.892799, 1130.2084, 852.51007
9.3617916, 22.613081, 2.8499043, 8.5322027, 25.096291, 18.559576, 81.883163, 1130.2059, 852.51007
9.3442230, 22.612902, 2.8460226, 8.5287914, 25.066135, 18.541456, 81.872894, 1130.2035, 852.51007
9.3232355, 22.612814, 2.8439937, 8.5256262, 25.036753, 18.524103, 81.862381, 1130.2012, 852.51007
9.2984438, 22.612703, 2.8415647, 8.5224018, 25.006830, 18.506674, 81.851448, 1130.1987, 852.51007
9.2695332, 22.612499, 2.8374686, 8.5189466, 24.983812, 18.493738, 81.841560, 1130.1965, 852.51007
9.2364483, 22.612188, 2.8314722, 8.5152292, 24.963755, 18.482862, 81.832001, 1130.1946, 852.51007
9.2004519, 22.611813, 2.8242922, 8.5113449, 24.956650, 18.480150, 81.824898, 1130.1934, 852.51007
9.1620874, 22.611372, 2.8162036, 8.5073299, 24.944202, 18.474285, 81.816628, 1130.1918, 852.51007
9.1213770, 22.610889, 2.8072333, 8.5031891, 24.932482, 18.469009, 81.808426, 1130.1902, 852.51007
9.0792274, 22.610367, 2.7977457, 8.4989719, 24.913822, 18.459534, 81.798805, 1130.1884, 852.51007
9.0753222, 22.610130, 2.7921240, 8.4953489, 24.884007, 18.441263, 81.788826, 1130.1858, 852.51007
9.1359673, 22.609018, 2.7714140, 8.4896030, 24.836075, 18.411419, 81.775269, 1130.1824, 852.51007
9.1964512, 22.607893, 2.7506871, 8.4838381, 24.761652, 18.365206, 81.755966, 1130.1780, 852.51007
9.2567902, 22.606764, 2.7300384, 8.4780607, 24.677862, 18.313194, 81.733871, 1130.1729, 852.51013
9.3170023, 22.605635, 2.7095098, 8.4722834, 24.561283, 18.240881, 81.703278, 1130.1660, 852.51031
9.3771076, 22.604509, 2.6891251, 8.4665079, 24.476753, 18.188360, 81.678757, 1130.1603, 852.51038
9.4371014, 22.603382, 2.6689026, 8.4607382, 24.407349, 18.145203, 81.657043, 1130.1553, 852.51038
9.4969883, 22.602257, 2.6488466, 8.4549742, 24.348818, 18.108788, 81.636986, 1130.1508, 852.51038
9.5568047, 22.601128, 2.6289458, 8.4492159, 24.277430, 18.064396, 81.613586, 1130.1455, 852.51038
9.6165171, 22.600002, 2.6091943, 8.4434576, 24.212751, 18.024157, 81.591370, 1130.1405, 852.51038
9.6761179, 22.598877, 2.5895875, 8.4377031, 24.140711, 17.979343, 81.566536, 1130.1345, 852.51038
9.7355843, 22.597752, 2.5701129, 8.4319506, 24.040031, 17.916740, 81.532829, 1130.1274, 852.51056
9.7949791, 22.596622, 2.5507705, 8.4262018, 23.928646, 17.847448, 81.494507, 1130.1195, 852.51086
9.8542681, 22.595495, 2.5315692, 8.4204540, 23.866232, 17.808569, 81.469856, 1130.1146, 852.51086
9.9135008, 22.594370, 2.5125651, 8.4147186, 23.787249, 17.759375, 81.439354, 1130.1078, 852.51086
9.9726257, 22.593245, 2.4936898, 8.4089842, 23.702492, 17.706583, 81.406113, 1130.1002, 852.51086
10.031641, 22.592115, 2.4749391, 8.4032507, 23.610565, 17.649302, 81.369545, 1130.0919, 852.51093
10.090569, 22.590986, 2.4563425, 8.3975248, 23.537512, 17.603754, 81.338326, 1130.0853, 852.51093
10.149298, 22.589861, 2.4378874, 8.3918056, 23.464363, 17.558147, 81.306198, 1130.0780, 852.51093
10.208020, 22.588734, 2.4195573, 8.3860846, 23.366224, 17.496933, 81.264473, 1130.0691, 852.51105
10.266627, 22.587608, 2.4013450, 8.3803625, 23.259008, 17.430016, 81.217979, 1130.0590, 852.51129
10.325145, 22.586479, 2.3832822, 8.3746481, 23.169819, 17.374325, 81.176941, 1130.0502, 852.51129
10.383569, 22.585354, 2.3653705, 8.3689356, 23.103983, 17.333210, 81.144012, 1130.0436, 852.51129
10.441898, 22.584229, 2.3475928, 8.3632317, 23.019449, 17.280392, 81.102974, 1130.0353, 852.51141
10.500127, 22.583103, 2.3299348, 8.3575277, 22.922050, 17.219501, 81.055611, 1130.0256, 852.51154
10.558243, 22.581974, 2.3123953, 8.3518238, 22.824253, 17.158333, 81.006775, 1130.0156, 852.51172
10.616264, 22.580847, 2.2949948, 8.3461266, 22.762211, 17.119537, 80.972260, 1130.0084, 852.51172
10.674191, 22.579721, 2.2777317, 8.3404341, 22.703508, 17.082836, 80.938713, 1130.0011, 852.51172
10.732015, 22.578596, 2.2605951, 8.3347445, 22.640728, 17.043571, 80.902878, 1129.9940, 852.51172
10.789740, 22.577467, 2.2435875, 8.3290606, 22.579592, 17.005335, 80.867249, 1129.9865, 852.51172
10.834781, 22.576338, 2.2267101, 8.3233786, 22.526897, 16.972391, 80.835030, 1129.9805, 852.51172
10.816846, 22.575212, 2.2099559, 8.3176966, 22.476587, 16.940945, 80.803558, 1129.9744, 852.51172
10.798958, 22.574085, 2.1933193, 8.3120146, 22.429922, 16.911776, 80.773499, 1129.9681, 852.51172
10.781050, 22.572960, 2.1767986, 8.3063326, 22.383608, 16.882820, 80.743332, 1129.9620, 852.51172
10.763074, 22.571831, 2.1603937, 8.3006525, 22.337530, 16.854025, 80.712997, 1129.9557, 852.51172
10.745141, 22.570705, 2.1441393, 8.2949820, 22.316078, 16.840712, 80.694321, 1129.9523, 852.51172
10.727387, 22.569580, 2.1280289, 8.2893229, 22.279188, 16.817682, 80.668198, 1129.9473, 852.51172
10.709661, 22.568455, 2.1120448, 8.2836657, 22.239620, 16.792971, 80.640594, 1129.9424, 852.51172
10.691950, 22.567326, 2.0962043, 8.2780247, 22.185886, 16.759338, 80.605873, 1129.9357, 852.51172
10.674268, 22.566198, 2.0804470, 8.2723770, 22.140503, 16.730957, 80.574944, 1129.9297, 852.51172
10.656586, 22.565073, 2.0647902, 8.2667322, 22.092388, 16.700844, 80.542381, 1129.9233, 852.51172
10.638908, 22.563948, 2.0492380, 8.2610941, 22.049726, 16.674168, 80.512321, 1129.9170, 852.51172
10.621093, 22.562819, 2.0337934, 8.2554569, 22.010946, 16.649944, 80.483994, 1129.9114, 852.51172
10.602461, 22.561689, 2.0184572, 8.2498178, 21.976572, 16.628551, 80.457626, 1129.9060, 852.51172
10.581923, 22.560564, 2.0032291, 8.2441807, 21.946623, 16.610077, 80.433060, 1129.9009, 852.51172
10.558219, 22.559437, 1.9881091, 8.2385435, 21.921257, 16.594707, 80.410225, 1129.8959, 852.51172
10.530527, 22.558311, 1.9730965, 8.2329063, 21.894247, 16.578575, 80.385742, 1129.8906, 852.51172
10.511424, 22.557182, 1.9582714, 8.2272892, 21.863907, 16.559772, 80.361061, 1129.8859, 852.51172
10.493654, 22.556057, 1.9435608, 8.2216740, 21.837826, 16.543571, 80.338776, 1129.8816, 852.51172
10.476223, 22.554932, 1.9289610, 8.2160587, 21.810165, 16.526356, 80.315689, 1129.8772, 852.51172
10.458315, 22.553806, 1.9144496, 8.2104435, 21.790789, 16.514408, 80.296814, 1129.8730, 852.51172
10.439580, 22.552677, 1.9000406, 8.2048311, 21.772514, 16.503214, 80.278343, 1129.8690, 852.51172
10.420377, 22.551550, 1.8857409, 8.1992369, 21.751682, 16.490446, 80.258461, 1129.8650, 852.51172
10.398168, 22.550425, 1.8715321, 8.1936426, 21.734478, 16.480175, 80.239937, 1129.8608, 852.51172
10.371584, 22.549299, 1.8574165, 8.1880493, 21.717253, 16.470181, 80.220566, 1129.8564, 852.51172
10.340075, 22.548170, 1.8433962, 8.1824570, 21.707758, 16.465405, 80.204369, 1129.8525, 852.51172
10.303967, 22.547041, 1.8294742, 8.1768637, 21.697603, 16.460526, 80.187042, 1129.8484, 852.51172
10.279359, 22.545916, 1.8157545, 8.1712847, 21.686924, 16.454561, 80.171638, 1129.8448, 852.51172
10.262464, 22.544792, 1.8023585, 8.1657457, 21.653524, 16.433737, 80.145744, 1129.8397, 852.51172
10.245447, 22.543663, 1.7889497, 8.1601973, 21.597115, 16.398355, 80.107407, 1129.8317, 852.51172
10.228553, 22.542534, 1.7755582, 8.1546383, 21.525539, 16.353357, 80.060432, 1129.8224, 852.51172
10.211666, 22.541409, 1.7622406, 8.1490784, 21.453928, 16.308304, 80.012764, 1129.8130, 852.51172
10.194671, 22.540283, 1.7490097, 8.1435204, 21.379702, 16.261583, 79.962868, 1129.8029, 852.51172
10.177828, 22.539158, 1.7358836, 8.1379633, 21.320162, 16.224138, 79.920578, 1129.7944, 852.51172
10.160972, 22.538029, 1.7228585, 8.1324148, 21.262409, 16.187811, 79.878807, 1129.7855, 852.51172
10.144160, 22.536901, 1.7099711, 8.1268768, 21.212965, 16.156748, 79.841400, 1129.7773, 852.51172
10.127003, 22.535776, 1.6971896, 8.1213388, 21.162460, 16.125027, 79.802971, 1129.7692, 852.51172
10.113389, 22.535074, 1.6910796, 8.1167717, 21.118332, 16.097336, 79.767975, 1129.7625, 852.51172
10.101607, 22.534779, 1.6913751, 8.1131334, 21.086670, 16.077635, 79.739868, 1129.7570, 852.51172
10.090002, 22.534618, 1.6944048, 8.1098671, 21.060272, 16.061337, 79.714569, 1129.7515, 852.51172
10.076423, 22.534332, 1.6957393, 8.1063395, 21.037113, 16.047140, 79.690903, 1129.7463, 852.51172
10.064222, 22.534121, 1.6985627, 8.1030102, 21.014572, 16.033283, 79.667732, 1129.7411, 852.51172
10.053296, 22.533888, 1.7012129, 8.0996485, 20.991621, 16.019064, 79.644554, 1129.7358, 852.51172
10.042851, 22.533726, 1.7053763, 8.0964909, 20.972311, 16.007160, 79.623497, 1129.7308, 852.51172
10.031455, 22.533459, 1.7078153, 8.0930891, 20.956392, 15.997413, 79.604401, 1129.7262, 852.51172
10.019079, 22.533144, 1.7094465, 8.0895710, 20.945141, 15.990671, 79.587982, 1129.7224, 852.51172
10.004299, 22.532705, 1.7088268, 8.0857506, 20.944462, 15.990745, 79.577599, 1129.7195, 852.51172
9.9893227, 22.532272, 1.7083181, 8.0819492, 20.942327, 15.989910, 79.566315, 1129.7164, 852.51172
9.9761944, 22.532093, 1.7123315, 8.0787697, 20.931061, 15.983270, 79.549622, 1129.7124, 852.51172
9.9594364, 22.531878, 1.7159355, 8.0755301, 20.919746, 15.976810, 79.532188, 1129.7079, 852.51172
9.9388361, 22.531700, 1.7202889, 8.0723906, 20.910460, 15.971904, 79.515106, 1129.7036, 852.51172
9.9164410, 22.531641, 1.7269638, 8.0695677, 20.900953, 15.967032, 79.497337, 1129.6992, 852.51172
9.8915462, 22.531610, 1.7342225, 8.0668316, 20.896973, 15.965844, 79.482277, 1129.6954, 852.51172
9.8640471, 22.531633, 1.7423434, 8.0642185, 20.895962, 15.966736, 79.468384, 1129.6918, 852.51172
9.8334541, 22.531670, 1.7507892, 8.0616570, 20.896101, 15.968563, 79.454536, 1129.6892, 852.51172
9.8008509, 22.531683, 1.7588011, 8.0590429, 20.897600, 15.971367, 79.441132, 1129.6866, 852.51172
9.7675142, 22.531672, 1.7662640, 8.0563622, 20.899330, 15.974344, 79.427818, 1129.6840, 852.51172
9.7326479, 22.531618, 1.7729617, 8.0535879, 20.903044, 15.978656, 79.415443, 1129.6816, 852.51172
9.6961555, 22.531527, 1.7789701, 8.0507240, 20.909330, 15.984694, 79.404350, 1129.6798, 852.51172
9.6583738, 22.531410, 1.7844225, 8.0477934, 20.919441, 15.993223, 79.395256, 1129.6783, 852.51172
9.6192455, 22.531244, 1.7890944, 8.0447617, 20.929527, 16.001802, 79.386002, 1129.6766, 852.51172
9.5972862, 22.531116, 1.7934718, 8.0417490, 20.934050, 16.005739, 79.377052, 1129.6747, 852.51172
9.5832148, 22.530830, 1.7944366, 8.0383015, 20.933113, 16.005604, 79.366943, 1129.6718, 852.51172
9.5705690, 22.530733, 1.7972535, 8.0352001, 20.924284, 16.000446, 79.352440, 1129.6688, 852.51172
9.5566235, 22.530718, 1.7995089, 8.0321350, 20.909586, 15.991665, 79.334282, 1129.6654, 852.51172
9.5425129, 22.530788, 1.8009231, 8.0290823, 20.888941, 15.979141, 79.312584, 1129.6609, 852.51172
9.5312719, 22.530863, 1.8023292, 8.0260410, 20.863064, 15.963099, 79.288521, 1129.6550, 852.51172
9.5199547, 22.530775, 1.8017102, 8.0226784, 20.836967, 15.946829, 79.264481, 1129.6492, 852.51172
9.5131674, 22.531015, 1.8052253, 8.0199738, 20.797258, 15.921740, 79.233086, 1129.6421, 852.51172
9.5052624, 22.531094, 1.8070294, 8.0169764, 20.761133, 15.898917, 79.203545, 1129.6353, 852.51172
9.4971733, 22.531147, 1.8090281, 8.0139771, 20.722200, 15.874290, 79.172188, 1129.6279, 852.51172
9.4904079, 22.531351, 1.8136230, 8.0113449, 20.684317, 15.850312, 79.141243, 1129.6216, 852.51172
9.4833326, 22.531530, 1.8185897, 8.0087223, 20.649853, 15.828513, 79.112038, 1129.6157, 852.51172
9.4752464, 22.531458, 1.8203229, 8.0055847, 20.622841, 15.811398, 79.087234, 1129.6108, 852.51172
9.4681301, 22.531509, 1.8243477, 8.0027695, 20.594112, 15.793179, 79.061295, 1129.6056, 852.51172
9.4603014, 22.531483, 1.8273945, 7.9997969, 20.571918, 15.779131, 79.039085, 1129.6012, 852.51172
9.4519272, 22.531387, 1.8295376, 7.9966831, 20.551870, 15.766452, 79.018059, 1129.5972, 852.51172
9.4450245, 22.531507, 1.8351810, 7.9940763, 20.527563, 15.751053, 78.994446, 1129.5924, 852.51172
9.4372034, 22.531481, 1.8388357, 7.9911671, 20.507217, 15.738166, 78.973129, 1129.5883, 852.51172
9.4296293, 22.531494, 1.8434449, 7.9883819, 20.487282, 15.725535, 78.951981, 1129.5839, 852.51172
9.4210701, 22.531403, 1.8465289, 7.9853673, 20.473862, 15.717081, 78.934624, 1129.5803, 852.51172
9.4132957, 22.531370, 1.8476058, 7.9822469, 20.447760, 15.700486, 78.909798, 1129.5756, 852.51172
9.4049959, 22.531347, 1.8474435, 7.9790421, 20.416000, 15.680305, 78.881287, 1129.5697, 852.51172
9.3948755, 22.531355, 1.8475831, 7.9758892, 20.389811, 15.663809, 78.855553, 1129.5638, 852.51172
9.3846474, 22.531336, 1.8474326, 7.9726887, 20.362671, 15.646695, 78.829231, 1129.5580, 852.51172
9.3749084, 22.531366, 1.8478985, 7.9695926, 20.335892, 15.629796, 78.803078, 1129.5521, 852.51172
9.3679333, 22.531488, 1.8494625, 7.9666772, 20.302351, 15.608427, 78.773193, 1129.5457, 852.51172
9.3629026, 22.531727, 1.8526700, 7.9640183, 20.257624, 15.579811, 78.736549, 1129.5377, 852.51172
9.3578320, 22.531939, 1.8559282, 7.9613409, 20.215370, 15.552758, 78.701134, 1129.5304, 852.51172
9.3450403, 22.531946, 1.8567240, 7.9582562, 20.195124, 15.540188, 78.677742, 1129.5250, 852.51172
9.3173599, 22.531992, 1.8582689, 7.9552774, 20.192312, 15.539757, 78.661743, 1129.5219, 852.51172
9.2846222, 22.532114, 1.8611242, 7.9524899, 20.194036, 15.542588, 78.647346, 1129.5186, 852.51172
9.2632751, 22.532194, 1.8637075, 7.9496422, 20.186781, 15.538918, 78.630096, 1129.5149, 852.51172
9.2469311, 22.532137, 1.8646882, 7.9465294, 20.176359, 15.532829, 78.612259, 1129.5114, 852.51172
9.2230053, 22.532143, 1.8668249, 7.9435759, 20.174780, 15.532921, 78.598076, 1129.5082, 852.51172
9.1955576, 22.532196, 1.8699046, 7.9407516, 20.177618, 15.536089, 78.585777, 1129.5052, 852.51172
9.1732054, 22.532135, 1.8715600, 7.9376974, 20.175858, 15.535925, 78.572075, 1129.5018, 852.51172
9.1558628, 22.532148, 1.8748338, 7.9348640, 20.171309, 15.533691, 78.557663, 1129.4984, 852.51172
9.1389599, 22.532049, 1.8766323, 7.9317937, 20.167393, 15.531780, 78.543961, 1129.4950, 852.51172
9.1213245, 22.531939, 1.8784379, 7.9287148, 20.166056, 15.531555, 78.531708, 1129.4918, 852.51172
9.1008615, 22.531834, 1.8806727, 7.9256864, 20.170273, 15.535081, 78.522179, 1129.4889, 852.51172
9.0786200, 22.531622, 1.8813316, 7.9224191, 20.174452, 15.538637, 78.512497, 1129.4858, 852.51172
9.0527925, 22.531513, 1.8838341, 7.9194117, 20.182854, 15.545181, 78.504425, 1129.4832, 852.51172
9.0303564, 22.531483, 1.8878412, 7.9166102, 20.188639, 15.549867, 78.495430, 1129.4802, 852.51172
9.0033169, 22.531343, 1.8899467, 7.9135470, 20.197195, 15.556561, 78.487343, 1129.4773, 852.51172
8.9813805, 22.531404, 1.8934984, 7.9108109, 20.198160, 15.558165, 78.475647, 1129.4744, 852.51172
8.9575720, 22.531507, 1.8964114, 7.9080653, 20.198380, 15.559426, 78.463112, 1129.4713, 852.51172
8.9282827, 22.531492, 1.8980188, 7.9050984, 20.203127, 15.563879, 78.452278, 1129.4681, 852.51172
8.8986502, 22.531511, 1.9006581, 7.9022546, 20.209093, 15.569149, 78.442085, 1129.4650, 852.51172
8.8751812, 22.531584, 1.9045141, 7.8995624, 20.212578, 15.572458, 78.431717, 1129.4620, 852.51172
8.8579111, 22.531483, 1.9061300, 7.8965235, 20.212231, 15.572834, 78.420761, 1129.4587, 852.51172
8.8369379, 22.531487, 1.9097260, 7.8937583, 20.216457, 15.576422, 78.411476, 1129.4563, 852.51172
8.8166275, 22.531446, 1.9129983, 7.8909216, 20.221025, 15.580167, 78.402626, 1129.4543, 852.51172
8.7953405, 22.531445, 1.9171796, 7.8881998, 20.227436, 15.585172, 78.394600, 1129.4531, 852.51172
8.7718163, 22.531387, 1.9208864, 7.8853960, 20.235838, 15.591570, 78.387375, 1129.4521, 852.51172
8.7484236, 22.531363, 1.9253989, 7.8826942, 20.244579, 15.598189, 78.380325, 1129.4512, 852.51172
8.7276001, 22.531366, 1.9306179, 7.8800883, 20.252987, 15.604441, 78.373589, 1129.4504, 852.51172
8.7070398, 22.531206, 1.9331732, 7.8771000, 20.260998, 15.610338, 78.366982, 1129.4497, 852.51172
8.6859159, 22.531153, 1.9376853, 7.8743834, 20.270264, 15.617127, 78.360832, 1129.4489, 852.51172
8.6603041, 22.531139, 1.9429147, 7.8717699, 20.282709, 15.626260, 78.355492, 1129.4482, 852.51172
8.6329002, 22.531046, 1.9469037, 7.8689809, 20.295820, 15.635889, 78.350319, 1129.4476, 852.51172
8.6087456, 22.531116, 1.9537784, 7.8665953, 20.308477, 15.645099, 78.345314, 1129.4470, 852.51172
8.5912962, 22.531107, 1.9593053, 7.8640232, 20.316790, 15.651052, 78.339447, 1129.4462, 852.51172
8.5720854, 22.531147, 1.9659287, 7.8616047, 20.326109, 15.657784, 78.333733, 1129.4453, 852.51172
8.5527477, 22.531261, 1.9738727, 7.8593731, 20.335869, 15.664835, 78.328148, 1129.4445, 852.51172
8.5364161, 22.531485, 1.9838576, 7.8574238, 20.342484, 15.669733, 78.321388, 1129.4435, 852.51172
8.5198822, 22.531658, 1.9930377, 7.8553677, 20.348848, 15.674454, 78.314583, 1129.4424, 852.51172
8.5004110, 22.531759, 2.0009530, 7.8531394, 20.357519, 15.680793, 78.308517, 1129.4417, 852.51172
8.4774857, 22.531727, 2.0064733, 7.8505888, 20.369389, 15.689330, 78.303642, 1129.4413, 852.51172
8.4542942, 22.531652, 2.0107324, 7.8478937, 20.381247, 15.697850, 78.298836, 1129.4413, 852.51172
8.4403963, 22.531719, 2.0158694, 7.8454175, 20.384781, 15.700510, 78.291435, 1129.4387, 852.51172
8.4275780, 22.531891, 2.0180864, 7.8428054, 20.375156, 15.694708, 78.277733, 1129.4358, 852.51172
8.4177256, 22.532104, 2.0198188, 7.8401999, 20.359182, 15.684657, 78.261452, 1129.4324, 852.51172
8.4147654, 22.532604, 2.0253630, 7.8382077, 20.332865, 15.667673, 78.240898, 1129.4274, 852.51172
8.4135962, 22.533249, 2.0332601, 7.8365550, 20.301384, 15.647323, 78.217834, 1129.4220, 852.51172
8.3962202, 22.533436, 2.0353405, 7.8339643, 20.293234, 15.642735, 78.203873, 1129.4189, 852.51172
8.3601303, 22.533501, 2.0361865, 7.8311558, 20.301277, 15.649664, 78.194748, 1129.4160, 852.51172
8.3263807, 22.533707, 2.0393212, 7.8286905, 20.309494, 15.656631, 78.185982, 1129.4131, 852.51172
8.3010454, 22.534164, 2.0463929, 7.8268013, 20.308558, 15.657306, 78.173996, 1129.4095, 852.51172
8.2780685, 22.534456, 2.0521922, 7.8246484, 20.307611, 15.657738, 78.162674, 1129.4058, 852.51172
8.2607155, 22.534700, 2.0581384, 7.8224621, 20.304579, 15.656447, 78.151421, 1129.4020, 852.51172
8.2492380, 22.534971, 2.0653346, 7.8204169, 20.299845, 15.653704, 78.140358, 1129.3986, 852.51172
8.2416201, 22.535322, 2.0744159, 7.8186064, 20.290405, 15.647725, 78.127647, 1129.3948, 852.51172
8.2332449, 22.535528, 2.0817056, 7.8165174, 20.286564, 15.645318, 78.117615, 1129.3915, 852.51172
8.2150841, 22.535698, 2.0886865, 7.8143644, 20.291561, 15.649180, 78.110176, 1129.3903, 852.51172
8.1834450, 22.535526, 2.0900042, 7.8114095, 20.306341, 15.660000, 78.105553, 1129.3895, 852.51172
8.1601868, 22.535593, 2.0956500, 7.8090520, 20.316133, 15.667205, 78.099716, 1129.3885, 852.51172
8.1397829, 22.535769, 2.1033649, 7.8069816, 20.326366, 15.674567, 78.094452, 1129.3878, 852.51172
8.1125097, 22.535774, 2.1081865, 7.8045087, 20.338219, 15.683310, 78.089088, 1129.3871, 852.51172
8.0811424, 22.535667, 2.1111600, 7.8017774, 20.351793, 15.693358, 78.084015, 1129.3864, 852.51172
8.0511532, 22.535536, 2.1138706, 7.7990036, 20.364079, 15.702477, 78.078682, 1129.3855, 852.51172
8.0321655, 22.535795, 2.1240044, 7.7972417, 20.372072, 15.708344, 78.072731, 1129.3845, 852.51172
8.0168114, 22.536135, 2.1357849, 7.7957058, 20.377645, 15.712457, 78.066223, 1129.3832, 852.51172
8.0011444, 22.536451, 2.1470480, 7.7941103, 20.382479, 15.716092, 78.059418, 1129.3821, 852.51172
7.9838080, 22.536797, 2.1589239, 7.7926044, 20.391628, 15.722615, 78.054184, 1129.3812, 852.51172
7.9710641, 22.536951, 2.1663339, 7.7905436, 20.398529, 15.727297, 78.048965, 1129.3800, 852.51172
7.9591150, 22.537067, 2.1719267, 7.7882967, 20.403318, 15.730541, 78.043053, 1129.3785, 852.51172
7.9471021, 22.537079, 2.1755240, 7.7857924, 20.405867, 15.732306, 78.036362, 1129.3756, 852.51172
7.9412513, 22.537325, 2.1833727, 7.7838788, 20.404308, 15.731159, 78.028633, 1129.3727, 852.51172
7.9343963, 22.537394, 2.1881795, 7.7815323, 20.403513, 15.730468, 78.021294, 1129.3698, 852.51172
7.9294887, 22.537636, 2.1964235, 7.7796564, 20.399889, 15.727919, 78.012894, 1129.3667, 852.51172
7.9224992, 22.537645, 2.2006471, 7.7772193, 20.399937, 15.727737, 78.006012, 1129.3639, 852.51172
7.9168019, 22.537868, 2.2088935, 7.7753396, 20.398794, 15.726819, 77.998604, 1129.3610, 852.51172
7.9102864, 22.537975, 2.2150352, 7.7731662, 20.398323, 15.726315, 77.991524, 1129.3580, 852.51172
7.9038687, 22.538250, 2.2244422, 7.7714410, 20.399117, 15.726698, 77.984772, 1129.3557, 852.51172
7.8841848, 22.538422, 2.2319186, 7.7694569, 20.409691, 15.734144, 77.980202, 1129.3551, 852.51172
7.8580127, 22.538513, 2.2381194, 7.7672954, 20.421915, 15.743011, 77.975494, 1129.3544, 852.51172
7.8273854, 22.538479, 2.2421393, 7.7648325, 20.435520, 15.752975, 77.970909, 1129.3536, 852.51172
7.8423400, 22.537680, 2.2317483, 7.7604113, 20.447027, 15.761421, 77.965935, 1129.3529, 852.51172
7.8582044, 22.536940, 2.2226131, 7.7561522, 20.455557, 15.767939, 77.959930, 1129.3518, 852.51172
7.8757672, 22.536173, 2.2130258, 7.7518253, 20.462774, 15.773498, 77.953773, 1129.3507, 852.51172
7.8893423, 22.535360, 2.2026124, 7.7473783, 20.472235, 15.780731, 77.948044, 1129.3499, 852.51172
7.8995328, 22.534523, 2.1917634, 7.7428646, 20.484093, 15.789712, 77.942871, 1129.3489, 852.51172
7.9051886, 22.533699, 2.1814415, 7.7384138, 20.498234, 15.800460, 77.937973, 1129.3480, 852.51172
7.9098706, 22.532909, 2.1716840, 7.7340322, 20.512583, 15.811426, 77.933090, 1129.3472, 852.51172
7.9154415, 22.532093, 2.1615474, 7.7295918, 20.526134, 15.821822, 77.928131, 1129.3464, 852.51172
7.9160590, 22.531235, 2.1507511, 7.7250543, 20.543577, 15.835013, 77.924072, 1129.3457, 852.51172
7.9147205, 22.530388, 2.1401684, 7.7205391, 20.562456, 15.849262, 77.920303, 1129.3451, 852.51172
7.9131250, 22.529566, 2.1302164, 7.7161007, 20.580898, 15.863271, 77.916412, 1129.3444, 852.51172
7.9135723, 22.528738, 2.1201026, 7.7116318, 20.596073, 15.875050, 77.911774, 1129.3435, 852.51172
7.9153385, 22.527908, 2.1100552, 7.7071648, 20.609610, 15.885702, 77.906830, 1129.3424, 852.51172
7.9195147, 22.527033, 2.0993166, 7.7025981, 20.622099, 15.895516, 77.901939, 1129.3417, 852.51172
7.9212012, 22.526161, 2.0886834, 7.6980352, 20.636587, 15.906778, 77.897484, 1129.3409, 852.51172
7.9244099, 22.525314, 2.0786729, 7.6935511, 20.649225, 15.916775, 77.892670, 1129.3401, 852.51172
7.9245477, 22.524464, 2.0684838, 7.6890330, 20.662621, 15.927456, 77.887856, 1129.3391, 852.51172
7.9233360, 22.523575, 2.0577829, 7.6844411, 20.676397, 15.938459, 77.883102, 1129.3381, 852.51172
7.9212766, 22.522688, 2.0472062, 7.6798558, 20.691639, 15.950464, 77.878784, 1129.3374, 852.51172
7.9200621, 22.521780, 2.0362978, 7.6752195, 20.707869, 15.963049, 77.874939, 1129.3367, 852.51172
7.9208903, 22.520893, 2.0257812, 7.6706271, 20.717918, 15.971552, 77.869591, 1129.3354, 852.51172
7.9210305, 22.519983, 2.0148976, 7.6659789, 20.730240, 15.981551, 77.864906, 1129.3344, 852.51172
7.9187679, 22.519020, 2.0030124, 7.6611876, 20.748817, 15.995701, 77.861893, 1129.3337, 852.51172
7.9172411, 22.518049, 1.9911444, 7.6563888, 20.766439, 16.009195, 77.858749, 1129.3333, 852.51172
7.9136200, 22.517040, 1.9786764, 7.6515017, 20.786180, 16.024178, 77.856087, 1129.3329, 852.51172
7.9095321, 22.516081, 1.9672390, 7.6467428, 20.803905, 16.037924, 77.852875, 1129.3320, 852.51172
7.9070783, 22.515125, 1.9559661, 7.6419978, 20.820816, 16.051056, 77.849678, 1129.3313, 852.51172
7.9041929, 22.514151, 1.9444969, 7.6372185, 20.835140, 16.062559, 77.845856, 1129.3304, 852.51172
7.9018731, 22.513182, 1.9331104, 7.6324396, 20.848181, 16.073210, 77.841850, 1129.3295, 852.51172
7.9001937, 22.512207, 1.9217715, 7.6276617, 20.861122, 16.083763, 77.837944, 1129.3287, 852.51172
7.8501806, 22.511314, 1.9120516, 7.6230907, 20.878328, 16.097059, 77.835167, 1129.3285, 852.51172
7.8009124, 22.510426, 1.9025606, 7.6185455, 20.894459, 16.109621, 77.832260, 1129.3281, 852.51172
7.7522807, 22.509539, 1.8931351, 7.6140013, 20.910311, 16.121975, 77.829414, 1129.3280, 852.51172
7.7045474, 22.508652, 1.8838069, 7.6094656, 20.921532, 16.131306, 77.825653, 1129.3273, 852.51172
7.6567817, 22.507748, 1.8742020, 7.6048856, 20.929375, 16.138464, 77.821190, 1129.3262, 852.51172
7.6089272, 22.506836, 1.8643020, 7.6002569, 20.944216, 16.150131, 77.818382, 1129.3260, 852.51172
7.5853086, 22.506430, 1.8637096, 7.5969243, 20.940975, 16.148918, 77.813217, 1129.3245, 852.51172
7.5765228, 22.506826, 1.8696964, 7.5949421, 20.924007, 16.138361, 77.805550, 1129.3215, 852.51172
7.5576372, 22.506376, 1.8644688, 7.5911865, 20.911375, 16.130783, 77.798607, 1129.3186, 852.51172
7.5439053, 22.506395, 1.8653386, 7.5884104, 20.897705, 16.122458, 77.791641, 1129.3157, 852.51172
7.5313230, 22.506294, 1.8646369, 7.5853853, 20.881210, 16.112183, 77.784149, 1129.3127, 852.51172
7.5203185, 22.506147, 1.8633388, 7.5822639, 20.862423, 16.100307, 77.776222, 1129.3098, 852.51172
7.5100083, 22.506037, 1.8624406, 7.5792084, 20.842958, 16.087963, 77.768135, 1129.3069, 852.51172
7.5025568, 22.506056, 1.8633623, 7.5764470, 20.819555, 16.072966, 77.759239, 1129.3040, 852.51172
7.4971070, 22.506006, 1.8633319, 7.5735326, 20.790688, 16.054287, 77.749184, 1129.3008, 852.51172
7.4926462, 22.506023, 1.8641818, 7.5707626, 20.758434, 16.033401, 77.738243, 1129.2972, 852.51172
7.4924436, 22.506443, 1.8704100, 7.5688477, 20.714212, 16.004742, 77.724281, 1129.2925, 852.51172
7.4903636, 22.506588, 1.8732027, 7.5663719, 20.669672, 15.975837, 77.709930, 1129.2876, 852.51172
7.4888744, 22.506878, 1.8777550, 7.5641909, 20.626347, 15.947733, 77.695198, 1129.2821, 852.51172
7.4846339, 22.507223, 1.8831054, 7.5621362, 20.585434, 15.921366, 77.680748, 1129.2772, 852.51172
7.4784517, 22.507215, 1.8843430, 7.5593948, 20.562321, 15.906403, 77.670738, 1129.2742, 852.51172
7.4705739, 22.507250, 1.8864441, 7.5567665, 20.541674, 15.893150, 77.661110, 1129.2708, 852.51172
7.4648056, 22.507355, 1.8892113, 7.5542612, 20.518229, 15.877988, 77.650810, 1129.2676, 852.51172
7.4626517, 22.507582, 1.8939768, 7.5520515, 20.486883, 15.857569, 77.638519, 1129.2635, 852.51172
7.4613142, 22.507862, 1.9002628, 7.5500350, 20.448523, 15.832588, 77.624153, 1129.2589, 852.51172
7.4587164, 22.507959, 1.9043461, 7.5476513, 20.421883, 15.815142, 77.612816, 1129.2555, 852.51172
7.4563618, 22.508104, 1.9094795, 7.5454059, 20.395226, 15.797682, 77.601334, 1129.2518, 852.51172
7.4568086, 22.508572, 1.9202553, 7.5439568, 20.361994, 15.775955, 77.587868, 1129.2476, 852.51172
7.4574237, 22.509115, 1.9335241, 7.5428066, 20.320923, 15.749181, 77.571823, 1129.2418, 852.51172
7.4573865, 22.509541, 1.9456840, 7.5414438, 20.288691, 15.728072, 77.558136, 1129.2371, 852.51172
7.4549284, 22.509624, 1.9524515, 7.5393009, 20.275537, 15.719254, 77.549957, 1129.2341, 852.51172
7.4524689, 22.509724, 1.9554857, 7.5368724, 20.245316, 15.699409, 77.536629, 1129.2294, 852.51172
7.4521809, 22.510096, 1.9603734, 7.5348735, 20.195456, 15.666859, 77.517128, 1129.2227, 852.51172
7.4506040, 22.510303, 1.9629431, 7.5325251, 20.155607, 15.640764, 77.500153, 1129.2168, 852.51172
7.4489594, 22.510517, 1.9656214, 7.5301914, 20.115995, 15.614813, 77.483070, 1129.2108, 852.51172
7.4492292, 22.510935, 1.9711492, 7.5283089, 20.069118, 15.584137, 77.463348, 1129.2042, 852.51172
7.4467754, 22.511044, 1.9726547, 7.5257859, 20.030724, 15.558949, 77.445953, 1129.1984, 852.51172
7.4410572, 22.511181, 1.9743558, 7.5233068, 20.000891, 15.539504, 77.430817, 1129.1942, 852.51172
7.4381022, 22.511700, 1.9820110, 7.5217071, 19.961079, 15.513607, 77.412079, 1129.1884, 852.51172
7.4334030, 22.511778, 1.9844894, 7.5192447, 19.936838, 15.497672, 77.398605, 1129.1844, 852.51172
7.4329019, 22.512142, 1.9917905, 7.5174718, 19.898495, 15.472473, 77.380363, 1129.1792, 852.51172
7.4317918, 22.512415, 1.9973595, 7.5154734, 19.864794, 15.450263, 77.363480, 1129.1740, 852.51172
7.4308128, 22.512857, 2.0053880, 7.5138531, 19.821405, 15.421834, 77.342766, 1129.1681, 852.51172
7.4294138, 22.513105, 2.0115702, 7.5118847, 19.796486, 15.405296, 77.328529, 1129.1641, 852.51172
7.4269452, 22.513226, 2.0162041, 7.5096684, 19.770914, 15.388326, 77.313927, 1129.1597, 852.51172
7.4255419, 22.513470, 2.0231369, 7.5077653, 19.743389, 15.370076, 77.298500, 1129.1552, 852.51172
7.4270148, 22.514021, 2.0358624, 7.5066586, 19.709641, 15.347751, 77.280640, 1129.1500, 852.51172
7.4265361, 22.514322, 2.0453322, 7.5050464, 19.679800, 15.327941, 77.264046, 1129.1453, 852.51172
7.4263234, 22.514658, 2.0560184, 7.5035748, 19.657341, 15.312913, 77.250053, 1129.1409, 852.51172
7.4234781, 22.514711, 2.0583782, 7.5011296, 19.632143, 15.296109, 77.234833, 1129.1364, 852.51172
7.4199095, 22.514820, 2.0589767, 7.4986053, 19.600920, 15.275463, 77.217041, 1129.1305, 852.51172
7.4168472, 22.514982, 2.0603511, 7.4961963, 19.569422, 15.254624, 77.198997, 1129.1246, 852.51172
7.4161501, 22.515348, 2.0646348, 7.4942436, 19.534746, 15.231672, 77.179604, 1129.1185, 852.51172
7.4127841, 22.515430, 2.0652897, 7.4916987, 19.504505, 15.211611, 77.161697, 1129.1127, 852.51172
7.4081798, 22.515524, 2.0655961, 7.4891381, 19.477634, 15.193812, 77.144753, 1129.1068, 852.51172
7.4060512, 22.515867, 2.0691962, 7.4871149, 19.447569, 15.173904, 77.126366, 1129.1010, 852.51172
7.4019976, 22.515953, 2.0693734, 7.4845457, 19.416300, 15.153190, 77.107437, 1129.0951, 852.51172
7.4031520, 22.516611, 2.0776486, 7.4832311, 19.365803, 15.119927, 77.080452, 1129.0868, 852.51172
7.4039721, 22.517103, 2.0850768, 7.4816818, 19.327118, 15.094269, 77.058090, 1129.0797, 852.51172
7.4058571, 22.517694, 2.0952752, 7.4804635, 19.277040, 15.061158, 77.030586, 1129.0713, 852.51172
7.4097486, 22.518528, 2.1108384, 7.4799452, 19.228472, 15.029006, 77.003242, 1129.0631, 852.51172
7.4109354, 22.519028, 2.1221571, 7.4787502, 19.191910, 15.004648, 76.980728, 1129.0566, 852.51172
7.4131708, 22.519661, 2.1366882, 7.4779611, 19.156693, 14.981148, 76.958496, 1129.0508, 852.51172
7.4135375, 22.520067, 2.1480520, 7.4766893, 19.122303, 14.958170, 76.936378, 1129.0449, 852.51172
7.4138823, 22.520472, 2.1598661, 7.4754696, 19.097006, 14.941109, 76.918144, 1129.0400, 852.51172
7.4115915, 22.520613, 2.1654279, 7.4734669, 19.075508, 14.926534, 76.901443, 1129.0355, 852.51172
7.4097581, 22.520748, 2.1691298, 7.4713101, 19.051758, 14.910452, 76.883736, 1129.0305, 852.51172
7.4068565, 22.520756, 2.1704838, 7.4688311, 19.026068, 14.893103, 76.865005, 1129.0247, 852.51172
7.4059300, 22.520994, 2.1762445, 7.4669600, 18.994184, 14.871703, 76.843262, 1129.0188, 852.51172
7.4056387, 22.521315, 2.1848004, 7.4654050, 18.968582, 14.854392, 76.824280, 1129.0135, 852.51172
7.4049206, 22.521582, 2.1936679, 7.4638329, 18.949503, 14.841328, 76.808220, 1129.0093, 852.51172
7.4031620, 22.521820, 2.2025406, 7.4622378, 18.934502, 14.830961, 76.793892, 1129.0054, 852.51172
7.3972449, 22.521980, 2.2103193, 7.4604702, 18.921774, 14.822276, 76.779999, 1129.0015, 852.51172
7.3843122, 22.521925, 2.2142475, 7.4581718, 18.912560, 14.816190, 76.766861, 1128.9976, 852.51172
7.3802314, 22.522182, 2.2202351, 7.4563713, 18.883495, 14.796764, 76.745415, 1128.9917, 852.51172
7.3815818, 22.522699, 2.2309878, 7.4552298, 18.847689, 14.772729, 76.721092, 1128.9849, 852.51172
7.3811650, 22.523005, 2.2400322, 7.4537444, 18.823612, 14.756345, 76.702171, 1128.9800, 852.51172
7.3804436, 22.523279, 2.2482197, 7.4521623, 18.802776, 14.742070, 76.684700, 1128.9750, 852.51172
7.3785739, 22.523399, 2.2524633, 7.4501052, 18.775402, 14.723506, 76.663986, 1128.9692, 852.51172
7.3793979, 22.523849, 2.2583451, 7.4485178, 18.740835, 14.700229, 76.639542, 1128.9626, 852.51172
7.3777342, 22.523991, 2.2581236, 7.4461226, 18.689915, 14.666248, 76.606697, 1128.9531, 852.51172
7.3786764, 22.524448, 2.2620072, 7.4443917, 18.642317, 14.634426, 76.574951, 1128.9445, 852.51172
7.3787799, 22.524815, 2.2651501, 7.4424992, 18.590229, 14.599645, 76.540504, 1128.9348, 852.51172
7.3796163, 22.525265, 2.2708836, 7.4409151, 18.537716, 14.564562, 76.505287, 1128.9250, 852.51172
7.3807859, 22.525757, 2.2796273, 7.4396267, 18.498266, 14.538008, 76.476418, 1128.9174, 852.51172
7.3807855, 22.526108, 2.2878587, 7.4381590, 18.469435, 14.518398, 76.452904, 1128.9110, 852.51172
7.3803077, 22.526396, 2.2958477, 7.4366188, 18.448067, 14.503664, 76.433228, 1128.9060, 852.51172
7.3802471, 22.526743, 2.3021448, 7.4349976, 18.417690, 14.483022, 76.408493, 1128.8994, 852.51172
7.3802958, 22.527102, 2.3045218, 7.4330678, 18.365215, 14.447875, 76.371605, 1128.8893, 852.51172
7.3815489, 22.527607, 2.3087580, 7.4314423, 18.317852, 14.416063, 76.336914, 1128.8798, 852.51172
7.3803630, 22.527807, 2.3087282, 7.4291663, 18.273525, 14.386230, 76.303406, 1128.8707, 852.51172
7.3822031, 22.528379, 2.3135159, 7.4276657, 18.229603, 14.356642, 76.269806, 1128.8617, 852.51172
7.3824430, 22.528759, 2.3157949, 7.4257636, 18.180758, 14.323803, 76.232903, 1128.8519, 852.51172
7.3857417, 22.529509, 2.3239031, 7.4247246, 18.123980, 14.285736, 76.190964, 1128.8405, 852.51172
7.3870139, 22.530018, 2.3307302, 7.4233346, 18.080568, 14.256424, 76.156273, 1128.8309, 852.51172
7.3877392, 22.530457, 2.3385694, 7.4219675, 18.044680, 14.232038, 76.125648, 1128.8230, 852.51172
7.3884468, 22.530893, 2.3431957, 7.4203396, 18.006372, 14.206048, 76.093315, 1128.8147, 852.51172
7.3891358, 22.531326, 2.3460398, 7.4185643, 17.956972, 14.172749, 76.053604, 1128.8046, 852.51172
7.3913555, 22.531946, 2.3520432, 7.4172440, 17.903749, 14.136913, 76.011307, 1128.7933, 852.51172
7.3925104, 22.532440, 2.3574123, 7.4157462, 17.860146, 14.107385, 75.974403, 1128.7833, 852.51172
7.3942204, 22.532997, 2.3639278, 7.4144135, 17.819715, 14.079928, 75.939110, 1128.7743, 852.51172
7.3956680, 22.533525, 2.3684249, 7.4128885, 17.770435, 14.046629, 75.897789, 1128.7633, 852.51172
7.3985925, 22.534237, 2.3765073, 7.4118452, 17.718105, 14.011298, 75.853996, 1128.7516, 852.51172
7.4008999, 22.534872, 2.3862488, 7.4108701, 17.675985, 13.982672, 75.816299, 1128.7415, 852.51172
7.4026012, 22.535433, 2.3964479, 7.4098659, 17.647041, 13.962711, 75.786911, 1128.7341, 852.51172
7.4043808, 22.536005, 2.4026227, 7.4085445, 17.608593, 13.936472, 75.751030, 1128.7247, 852.51172
7.4050546, 22.536442, 2.4050665, 7.4067826, 17.560947, 13.904148, 75.708542, 1128.7139, 852.51172
7.4065604, 22.536980, 2.4086759, 7.4052238, 17.514368, 13.872510, 75.666382, 1128.7032, 852.51172
7.4102540, 22.537781, 2.4169958, 7.4043293, 17.458815, 13.834926, 75.617554, 1128.6907, 852.51172
7.4122677, 22.538376, 2.4250505, 7.4032116, 17.416023, 13.805748, 75.576958, 1128.6799, 852.51172
7.4141927, 22.538965, 2.4349058, 7.4022388, 17.382996, 13.782996, 75.542793, 1128.6715, 852.51172
7.4154344, 22.539473, 2.4450879, 7.4012151, 17.359026, 13.766217, 75.514778, 1128.6641, 852.51172
7.4160433, 22.539915, 2.4551299, 7.4001198, 17.340109, 13.752769, 75.490166, 1128.6572, 852.51172
7.4157581, 22.540319, 2.4651189, 7.3989959, 17.325115, 13.741939, 75.468071, 1128.6519, 852.51172
7.4116817, 22.540571, 2.4726026, 7.3975110, 17.312271, 13.732662, 75.446808, 1128.6467, 852.51172
7.4016514, 22.540630, 2.4768221, 7.3955693, 17.304052, 13.726686, 75.427711, 1128.6421, 852.51172
7.3866730, 22.540552, 2.4784780, 7.3932762, 17.298903, 13.722947, 75.409836, 1128.6376, 852.51172
7.3666306, 22.540331, 2.4775395, 7.3906293, 17.294214, 13.719734, 75.391335, 1128.6327, 852.51172
7.3411832, 22.539951, 2.4736409, 7.3875790, 17.291517, 13.718069, 75.373276, 1128.6282, 852.51172
7.3412294, 22.540684, 2.4887743, 7.3872285, 17.277960, 13.708297, 75.351753, 1128.6226, 852.51172
7.3436356, 22.541319, 2.4965396, 7.3861737, 17.254034, 13.691479, 75.323685, 1128.6149, 852.51172
7.3447504, 22.541790, 2.4986711, 7.3844995, 17.211197, 13.662144, 75.281837, 1128.6045, 852.51172
7.3485093, 22.542589, 2.5057023, 7.3835621, 17.157331, 13.625496, 75.231941, 1128.5917, 852.51172
7.3535318, 22.543535, 2.5154064, 7.3830080, 17.101614, 13.587590, 75.180077, 1128.5778, 852.51172
7.3582296, 22.544453, 2.5274169, 7.3826137, 17.056684, 13.556805, 75.135445, 1128.5660, 852.51172
7.3607569, 22.545105, 2.5375786, 7.3818069, 17.027056, 13.536129, 75.101669, 1128.5571, 852.51172
7.3630953, 22.545731, 2.5490215, 7.3810883, 17.005507, 13.520798, 75.073700, 1128.5498, 852.51172
7.3642225, 22.546221, 2.5591934, 7.3801346, 16.987213, 13.507616, 75.047997, 1128.5426, 852.51172
7.3643413, 22.546686, 2.5695317, 7.3791771, 16.972065, 13.496554, 75.024368, 1128.5366, 852.51172
7.3600450, 22.546944, 2.5764339, 7.3777308, 16.960688, 13.488130, 75.002747, 1128.5311, 852.51172
7.3498230, 22.546986, 2.5795245, 7.3757553, 16.953833, 13.482925, 74.983376, 1128.5264, 852.51172
7.3353472, 22.546904, 2.5803149, 7.3734641, 16.946440, 13.477541, 74.962799, 1128.5211, 852.51172
7.3167925, 22.546696, 2.5789108, 7.3708725, 16.942526, 13.474637, 74.944023, 1128.5165, 852.51172
7.3215675, 22.547770, 2.5924268, 7.3708119, 16.911140, 13.452808, 74.908325, 1128.5066, 852.51172
7.3258061, 22.548611, 2.5991080, 7.3699656, 16.857782, 13.416315, 74.856323, 1128.4923, 852.51172
7.3307519, 22.549545, 2.6085083, 7.3694382, 16.807518, 13.381850, 74.805984, 1128.4785, 852.51172
7.3349080, 22.550383, 2.6191878, 7.3689270, 16.765787, 13.353030, 74.761589, 1128.4667, 852.51172
7.3389430, 22.551207, 2.6321573, 7.3686004, 16.734203, 13.330920, 74.724594, 1128.4569, 852.51172
7.3412657, 22.551825, 2.6433313, 7.3679237, 16.713200, 13.315819, 74.695557, 1128.4492, 852.51172
7.3429785, 22.552387, 2.6542525, 7.3671722, 16.697380, 13.304156, 74.670387, 1128.4421, 852.51172
7.3436670, 22.552902, 2.6647131, 7.3663406, 16.683611, 13.293877, 74.646584, 1128.4351, 852.51172
7.3417878, 22.553299, 2.6734331, 7.3652563, 16.674116, 13.286518, 74.625618, 1128.4298, 852.51172
7.3368902, 22.553627, 2.6810696, 7.3640189, 16.671553, 13.283887, 74.609306, 1128.4257, 852.51172
7.3265934, 22.553770, 2.6853533, 7.3623199, 16.668562, 13.281185, 74.591629, 1128.4213, 852.51172
7.3133106, 22.553827, 2.6881831, 7.3604212, 16.670458, 13.281851, 74.577126, 1128.4178, 852.51172
7.2983971, 22.553873, 2.6907303, 7.3584867, 16.672609, 13.282768, 74.562462, 1128.4141, 852.51172
7.2875891, 22.554184, 2.6981890, 7.3572273, 16.672655, 13.282178, 74.546783, 1128.4099, 852.51172
7.2870531, 22.554701, 2.7085760, 7.3564315, 16.665319, 13.276210, 74.527855, 1128.4045, 852.51172
7.2850914, 22.555281, 2.7205949, 7.3558397, 16.660727, 13.272161, 74.510490, 1128.4001, 852.51172
7.2855744, 22.555845, 2.7314723, 7.3551536, 16.652784, 13.265741, 74.491302, 1128.3949, 852.51172
7.2852168, 22.556347, 2.7414026, 7.3543229, 16.644455, 13.259070, 74.471733, 1128.3892, 852.51172
7.2814655, 22.556778, 2.7505639, 7.3533692, 16.642504, 13.256781, 74.456184, 1128.3851, 852.51172
7.2772226, 22.557272, 2.7608905, 7.3525796, 16.641327, 13.255054, 74.440987, 1128.3815, 852.51172
7.2652221, 22.557491, 2.7662158, 7.3511086, 16.641558, 13.254556, 74.425400, 1128.3774, 852.51172
7.2570601, 22.557751, 2.7715812, 7.3496861, 16.638227, 13.251503, 74.408150, 1128.3726, 852.51172
7.2581310, 22.558229, 2.7802525, 7.3487644, 16.627327, 13.243011, 74.387260, 1128.3666, 852.51172
7.2585797, 22.558828, 2.7917049, 7.3482008, 16.618040, 13.235665, 74.367104, 1128.3608, 852.51172
7.2541265, 22.559202, 2.7987006, 7.3470435, 16.609425, 13.228927, 74.346672, 1128.3555, 852.51172
7.2554584, 22.559679, 2.8050301, 7.3459411, 16.590912, 13.215342, 74.320168, 1128.3481, 852.51172
7.2571545, 22.560200, 2.8102138, 7.3447943, 16.567284, 13.198356, 74.289795, 1128.3396, 852.51172
7.2599807, 22.560863, 2.8165104, 7.3438816, 16.531870, 13.173531, 74.250465, 1128.3284, 852.51172
7.2634244, 22.561598, 2.8252697, 7.3432555, 16.499252, 13.150555, 74.212936, 1128.3177, 852.51172
7.2666106, 22.562300, 2.8342876, 7.3426251, 16.472605, 13.131526, 74.179688, 1128.3079, 852.51172
7.2701831, 22.563059, 2.8376637, 7.3415861, 16.429365, 13.101465, 74.133484, 1128.2949, 852.51172
7.2726870, 22.563688, 2.8396657, 7.3403029, 16.388962, 13.073273, 74.089142, 1128.2822, 852.51172
7.2766538, 22.564489, 2.8457320, 7.3395391, 16.352657, 13.047790, 74.047623, 1128.2708, 852.51172
7.2785239, 22.565037, 2.8498602, 7.3383613, 16.327267, 13.029553, 74.014305, 1128.2612, 852.51172
7.2805691, 22.565615, 2.8509278, 7.3369617, 16.298693, 13.009193, 73.977814, 1128.2509, 852.51172
7.2850361, 22.566475, 2.8557680, 7.3361673, 16.260237, 12.982250, 73.933861, 1128.2379, 852.51172
7.2916970, 22.567606, 2.8646464, 7.3359833, 16.212934, 12.949401, 73.882462, 1128.2233, 852.51172
7.2975249, 22.568640, 2.8737934, 7.3357253, 16.173134, 12.921527, 73.836601, 1128.2100, 852.51172
7.3027496, 22.569605, 2.8843403, 7.3355169, 16.141760, 12.899245, 73.797165, 1128.1991, 852.51172
7.3074884, 22.570509, 2.8921261, 7.3350286, 16.112492, 12.878348, 73.759209, 1128.1884, 852.51172
7.3092966, 22.571066, 2.8922474, 7.3335576, 16.081549, 12.856330, 73.718987, 1128.1766, 852.51172
7.3123150, 22.571764, 2.8942337, 7.3323884, 16.049534, 12.833588, 73.678284, 1128.1647, 852.51172
7.3164439, 22.572603, 2.8979983, 7.3315096, 16.017233, 12.810648, 73.637070, 1128.1527, 852.51172
7.3219795, 22.573608, 2.9039762, 7.3309875, 15.983285, 12.786598, 73.594154, 1128.1404, 852.51172
7.3281255, 22.574686, 2.9116640, 7.3306842, 15.947654, 12.761415, 73.549744, 1128.1277, 852.51172
7.3333621, 22.575653, 2.9175651, 7.3301282, 15.911987, 12.736190, 73.504829, 1128.1149, 852.51172
7.3387189, 22.576643, 2.9231460, 7.3295655, 15.876419, 12.711019, 73.459442, 1128.1023, 852.51172
7.3440385, 22.577627, 2.9285510, 7.3289905, 15.843886, 12.687860, 73.416565, 1128.0903, 852.51172
7.3513465, 22.578854, 2.9375992, 7.3289666, 15.809136, 12.663206, 73.371651, 1128.0773, 852.51172
7.3576751, 22.579964, 2.9455903, 7.3287406, 15.772709, 12.637415, 73.324974, 1128.0641, 852.51172
7.3646426, 22.581154, 2.9540014, 7.3286371, 15.733357, 12.609660, 73.275414, 1128.0498, 852.51172
7.3726921, 22.582478, 2.9665847, 7.3290191, 15.697395, 12.584148, 73.228439, 1128.0364, 852.51172
7.3797374, 22.583679, 2.9809058, 7.3294296, 15.670045, 12.564371, 73.188744, 1128.0253, 852.51172
7.3851042, 22.584679, 2.9941332, 7.3295522, 15.650374, 12.549713, 73.155632, 1128.0157, 852.51172
7.3898520, 22.585608, 3.0058591, 7.3294835, 15.632396, 12.536170, 73.123924, 1128.0071, 852.51172
7.3944554, 22.586515, 3.0142636, 7.3291302, 15.603727, 12.515471, 73.082603, 1127.9955, 852.51172
7.3997650, 22.587515, 3.0259621, 7.3291435, 15.582083, 12.499455, 73.047348, 1127.9855, 852.51172
7.4045172, 22.588444, 3.0379066, 7.3291178, 15.564355, 12.486052, 73.015480, 1127.9758, 852.51172
7.4080429, 22.589228, 3.0482512, 7.3288174, 15.551610, 12.475966, 72.987984, 1127.9685, 852.51172
7.4104428, 22.589878, 3.0573609, 7.3282900, 15.542554, 12.468343, 72.963730, 1127.9617, 852.51172
7.4116364, 22.590418, 3.0650580, 7.3275390, 15.537313, 12.463279, 72.942764, 1127.9554, 852.51172
7.4115515, 22.590895, 3.0719130, 7.3266611, 15.533225, 12.459023, 72.922592, 1127.9491, 852.51172
7.4081368, 22.591188, 3.0756605, 7.3253469, 15.531202, 12.456241, 72.903702, 1127.9431, 852.51172
7.3997927, 22.591263, 3.0754328, 7.3234768, 15.532067, 12.455550, 72.886459, 1127.9384, 852.51172
7.3876729, 22.591223, 3.0732100, 7.3213286, 15.535787, 12.456925, 72.870918, 1127.9342, 852.51172
7.3735194, 22.591154, 3.0706484, 7.3191280, 15.540360, 12.458974, 72.855614, 1127.9301, 852.51172
7.3576145, 22.591055, 3.0675998, 7.3168564, 15.545424, 12.461434, 72.840347, 1127.9260, 852.51172
7.3415308, 22.590986, 3.0650749, 7.3146548, 15.550941, 12.464226, 72.825447, 1127.9221, 852.51172
7.3211765, 22.590759, 3.0596883, 7.3120599, 15.559263, 12.469054, 72.812141, 1127.9185, 852.51172
7.3009362, 22.590580, 3.0551369, 7.3095737, 15.570146, 12.475611, 72.801041, 1127.9155, 852.51172
7.2801561, 22.590410, 3.0509760, 7.3071370, 15.582664, 12.483302, 72.791229, 1127.9126, 852.51172
7.2771811, 22.591091, 3.0611641, 7.3067436, 15.588100, 12.485681, 72.778778, 1127.9089, 852.51172
7.2801995, 22.591930, 3.0734522, 7.3066988, 15.588805, 12.484642, 72.763802, 1127.9047, 852.51172
7.2855349, 22.593016, 3.0904782, 7.3072977, 15.588487, 12.482891, 72.748077, 1127.9004, 852.51172
7.2893705, 22.594036, 3.1073067, 7.3078275, 15.589639, 12.482166, 72.733299, 1127.8962, 852.51172
7.2834334, 22.594505, 3.1144392, 7.3070049, 15.595235, 12.484676, 72.720657, 1127.8926, 852.51172
7.2651086, 22.594366, 3.1103680, 7.3046465, 15.605346, 12.490596, 72.709625, 1127.8892, 852.51172
7.2418189, 22.594057, 3.1031384, 7.3018517, 15.617711, 12.498222, 72.699493, 1127.8861, 852.51172
7.2158060, 22.593678, 3.0946243, 7.2988768, 15.631200, 12.506722, 72.689758, 1127.8829, 852.51172
7.1876426, 22.593235, 3.0849280, 7.2957325, 15.645745, 12.516025, 72.680519, 1127.8800, 852.51172
7.1726890, 22.593359, 3.0855229, 7.2940187, 15.655509, 12.521686, 72.669991, 1127.8770, 852.51172
7.1789541, 22.594442, 3.0998516, 7.2944212, 15.649761, 12.516278, 72.650986, 1127.8712, 852.51172
7.1871982, 22.595825, 3.1123803, 7.2949829, 15.633453, 12.503850, 72.623413, 1127.8628, 852.51172
7.1862984, 22.596600, 3.1138363, 7.2940135, 15.620966, 12.494180, 72.597717, 1127.8540, 852.51172
7.1890473, 22.597757, 3.1207333, 7.2938890, 15.606081, 12.482884, 72.570251, 1127.8458, 852.51172
7.1961637, 22.599113, 3.1318643, 7.2943192, 15.587825, 12.469186, 72.540810, 1127.8364, 852.51172
7.2061582, 22.600674, 3.1485202, 7.2954235, 15.568241, 12.454525, 72.510559, 1127.8268, 852.51172
7.2152810, 22.602118, 3.1658890, 7.2964783, 15.553364, 12.442980, 72.483971, 1127.8188, 852.51172
7.2232776, 22.603416, 3.1825800, 7.2973433, 15.542548, 12.434128, 72.460594, 1127.8116, 852.51172
7.2300119, 22.604576, 3.1981874, 7.2979803, 15.535549, 12.427808, 72.440193, 1127.8049, 852.51172
7.2358351, 22.605604, 3.2122612, 7.2983680, 15.531989, 12.423759, 72.422562, 1127.7990, 852.51172
7.2407861, 22.606554, 3.2240217, 7.2984862, 15.528489, 12.419748, 72.404953, 1127.7931, 852.51172
7.2459102, 22.607555, 3.2365801, 7.2987394, 15.524624, 12.415507, 72.386963, 1127.7869, 852.51172
7.2499247, 22.608475, 3.2483032, 7.2988439, 15.523012, 12.412784, 72.370659, 1127.7819, 852.51172
7.2531376, 22.609325, 3.2596414, 7.2988529, 15.523694, 12.411592, 72.356110, 1127.7778, 852.51172
7.2557707, 22.610126, 3.2708251, 7.2988095, 15.526242, 12.411646, 72.342987, 1127.7739, 852.51172
7.2576442, 22.610865, 3.2811553, 7.2986369, 15.530059, 12.412552, 72.330818, 1127.7703, 852.51172
7.2580996, 22.611532, 3.2904160, 7.2983146, 15.534145, 12.413679, 72.318665, 1127.7666, 852.51172
7.2552309, 22.612017, 3.2963858, 7.2975354, 15.539424, 12.415689, 72.306976, 1127.7628, 852.51172
7.2489533, 22.612331, 3.2994463, 7.2963557, 15.546607, 12.419080, 72.296234, 1127.7594, 852.51172
7.2385788, 22.612482, 3.2993753, 7.2947445, 15.556323, 12.424306, 72.286758, 1127.7562, 852.51172
7.2274799, 22.612625, 3.2991819, 7.2931161, 15.566325, 12.429755, 72.277412, 1127.7533, 852.51172
7.2162566, 22.612803, 3.2998147, 7.2915988, 15.575527, 12.434703, 72.267403, 1127.7502, 852.51172
7.2095785, 22.613287, 3.3053267, 7.2907929, 15.581836, 12.437613, 72.255852, 1127.7465, 852.51172
7.2156830, 22.614359, 3.3196435, 7.2913179, 15.579981, 12.434651, 72.240402, 1127.7406, 852.51172
7.2205844, 22.615376, 3.3332958, 7.2917390, 15.579823, 12.432848, 72.226021, 1127.7357, 852.51172
7.2194567, 22.616121, 3.3420188, 7.2914915, 15.585569, 12.435173, 72.215012, 1127.7324, 852.51172
7.2160144, 22.616844, 3.3508337, 7.2912283, 15.594138, 12.439486, 72.205536, 1127.7292, 852.51172
7.2137074, 22.617653, 3.3618255, 7.2912354, 15.603160, 12.444069, 72.196579, 1127.7260, 852.51172
7.2080340, 22.618246, 3.3692448, 7.2907395, 15.614976, 12.450592, 72.189217, 1127.7230, 852.51172
7.1914439, 22.618362, 3.3678463, 7.2890286, 15.631179, 12.460412, 72.183266, 1127.7201, 852.51172
7.1707206, 22.618303, 3.3632352, 7.2868719, 15.648641, 12.471217, 72.177620, 1127.7178, 852.51172
7.1491442, 22.618214, 3.3582103, 7.2846532, 15.665794, 12.481858, 72.171677, 1127.7148, 852.51172
7.1244321, 22.618040, 3.3517926, 7.2822366, 15.683866, 12.493254, 72.165825, 1127.7122, 852.51172
7.0997190, 22.617870, 3.3454337, 7.2798219, 15.701739, 12.504521, 72.159920, 1127.7095, 852.51172
7.0759869, 22.617710, 3.3394010, 7.2774434, 15.718894, 12.515272, 72.153831, 1127.7065, 852.51172
7.0513206, 22.617512, 3.3327248, 7.2749724, 15.735973, 12.526011, 72.147629, 1127.7036, 852.51172
7.0261331, 22.617271, 3.3253539, 7.2724013, 15.753016, 12.536746, 72.141441, 1127.7007, 852.51172
6.9983039, 22.616951, 3.3163745, 7.2696066, 15.771102, 12.548285, 72.135567, 1127.6978, 852.51172
6.9689674, 22.616581, 3.3064928, 7.2666817, 15.789711, 12.560240, 72.129875, 1127.6948, 852.51172
6.9388885, 22.616167, 3.2960074, 7.2636681, 15.808372, 12.572265, 72.124191, 1127.6919, 852.51172
6.9079943, 22.615715, 3.2849343, 7.2605634, 15.827532, 12.584661, 72.118805, 1127.6895, 852.51172
6.8764071, 22.615246, 3.2735076, 7.2574029, 15.847223, 12.597447, 72.113716, 1127.6865, 852.51172
6.8465161, 22.614811, 3.2628334, 7.2543321, 15.865226, 12.609044, 72.108002, 1127.6836, 852.51172
6.8118100, 22.614288, 3.2505126, 7.2510314, 15.886096, 12.622780, 72.103249, 1127.6808, 852.51172
6.7752643, 22.613735, 3.2378042, 7.2476668, 15.908245, 12.637468, 72.099007, 1127.6793, 852.51172
6.7419181, 22.613239, 3.2263336, 7.2444577, 15.928741, 12.650921, 72.094444, 1127.6768, 852.51172
6.7086515, 22.612745, 3.2149444, 7.2412500, 15.948793, 12.664084, 72.089745, 1127.6740, 852.51172
6.6753783, 22.612244, 3.2035692, 7.2380328, 15.968470, 12.677007, 72.084908, 1127.6714, 852.51172
6.6642270, 22.612669, 3.2098455, 7.2372222, 15.981792, 12.684931, 72.079460, 1127.6685, 852.51172
6.6570182, 22.613428, 3.2227778, 7.2373090, 15.995472, 12.693019, 72.074448, 1127.6655, 852.51172
6.6338382, 22.613468, 3.2219434, 7.2355285, 16.013741, 12.704696, 72.070076, 1127.6642, 852.51172
6.6072345, 22.613165, 3.2144785, 7.2328506, 16.031590, 12.716128, 72.065399, 1127.6613, 852.51172
6.5780506, 22.612692, 3.2037861, 7.2297282, 16.048441, 12.726974, 72.060043, 1127.6583, 852.51172
6.5468473, 22.612143, 3.1915066, 7.2263856, 16.065853, 12.738278, 72.054855, 1127.6554, 852.51172
6.5150352, 22.611568, 3.1787500, 7.2229676, 16.083784, 12.749955, 72.049957, 1127.6525, 852.51172
6.4810910, 22.610954, 3.1653128, 7.2194481, 16.103622, 12.763006, 72.045799, 1127.6495, 852.51172
6.4495749, 22.610407, 3.1535840, 7.2161441, 16.122190, 12.775130, 72.041397, 1127.6466, 852.51172
6.4184003, 22.609844, 3.1416075, 7.2127981, 16.138681, 12.785864, 72.036140, 1127.6437, 852.51172
6.3752460, 22.609081, 3.1256874, 7.2089157, 16.162197, 12.801833, 72.032623, 1127.6423, 852.51172
6.3186574, 22.608116, 3.1057389, 7.2044797, 16.192019, 12.822638, 72.030212, 1127.6423, 852.51172
6.2669153, 22.607227, 3.0874915, 7.2002535, 16.220131, 12.842093, 72.027809, 1127.6423, 852.51172
6.2154517, 22.606346, 3.0696239, 7.1960616, 16.248228, 12.861546, 72.025497, 1127.6423, 852.51172
6.1635213, 22.605453, 3.0515032, 7.1918206, 16.276138, 12.880907, 72.023117, 1127.6418, 852.51172
6.1061382, 22.604462, 3.0314987, 7.1873150, 16.306681, 12.902280, 72.021255, 1127.6418, 852.51172
6.0492115, 22.603468, 3.0116343, 7.1828079, 16.336830, 12.923387, 72.019402, 1127.6418, 852.51172
5.9971566, 22.602545, 2.9934866, 7.1785135, 16.365053, 12.943001, 72.017418, 1127.6417, 852.51172
5.9466171, 22.601637, 2.9757020, 7.1742516, 16.392771, 12.962215, 72.015511, 1127.6415, 852.51172
5.9002986, 22.600779, 2.9590833, 7.1701298, 16.418859, 12.980152, 72.013565, 1127.6410, 852.51172
5.8548007, 22.599907, 2.9424262, 7.1659861, 16.444132, 12.997515, 72.011497, 1127.6404, 852.51172
5.8135300, 22.599079, 2.9267659, 7.1619611, 16.467316, 13.013293, 72.009201, 1127.6396, 852.51172
5.7770400, 22.598291, 2.9121742, 7.1580648, 16.487747, 13.027022, 72.006508, 1127.6388, 852.51172
5.7407613, 22.597500, 2.8975499, 7.1541514, 16.507994, 13.040624, 72.003883, 1127.6378, 852.51172
5.7057886, 22.596710, 2.8831615, 7.1502562, 16.527290, 13.053547, 72.001122, 1127.6368, 852.51172
5.6722040, 22.595993, 2.8704355, 7.1465707, 16.545393, 13.065654, 71.998116, 1127.6355, 852.51172
5.6394582, 22.595243, 2.8571451, 7.1427984, 16.562920, 13.077328, 71.995132, 1127.6343, 852.51172
5.6042986, 22.594370, 2.8412232, 7.1386690, 16.581907, 13.090047, 71.992538, 1127.6333, 852.51172
5.5661216, 22.593437, 2.8241818, 7.1343765, 16.602013, 13.103659, 71.990112, 1127.6326, 852.51172
5.5230947, 22.592445, 2.8059900, 7.1299167, 16.624950, 13.119398, 71.988182, 1127.6320, 852.51172
5.4838123, 22.591454, 2.7880642, 7.1254768, 16.645308, 13.133243, 71.985909, 1127.6311, 852.51172
5.4466629, 22.590454, 2.7701168, 7.1210203, 16.664442, 13.146168, 71.983574, 1127.6302, 852.51172
5.4109435, 22.589445, 2.7520802, 7.1165342, 16.682823, 13.158528, 71.981247, 1127.6293, 852.51172
5.3740926, 22.588415, 2.7337666, 7.1119976, 16.702068, 13.171528, 71.979134, 1127.6284, 852.51172
5.3535109, 22.588036, 2.7287569, 7.1092401, 16.715117, 13.179867, 71.976357, 1127.6266, 852.51172
5.3521671, 22.588339, 2.7380431, 7.1083980, 16.721516, 13.183084, 71.973038, 1127.6237, 852.51172
5.3395948, 22.588354, 2.7417662, 7.1067915, 16.733931, 13.190745, 71.970589, 1127.6224, 852.51172
5.3096805, 22.587608, 2.7295556, 7.1030617, 16.751453, 13.202365, 71.968559, 1127.6216, 852.51172
5.2741404, 22.586609, 2.7119594, 7.0986061, 16.769674, 13.214645, 71.966469, 1127.6206, 852.51172
5.2374187, 22.585564, 2.6935697, 7.0940318, 16.788101, 13.227125, 71.964439, 1127.6199, 852.51172
5.2011905, 22.584509, 2.6752932, 7.0894575, 16.806040, 13.239271, 71.962395, 1127.6190, 852.51172
5.1648660, 22.583458, 2.6570435, 7.0848713, 16.824263, 13.251619, 71.960495, 1127.6182, 852.51172
5.1283016, 22.582401, 2.6388612, 7.0802779, 16.842609, 13.264077, 71.958656, 1127.6173, 852.51172
5.1132312, 22.582348, 2.6425915, 7.0785689, 16.854645, 13.271695, 71.956406, 1127.6156, 852.51172
5.0996008, 22.582312, 2.6464782, 7.0768886, 16.865541, 13.278480, 71.954018, 1127.6143, 852.51172
5.0685377, 22.581474, 2.6332114, 7.0729399, 16.882366, 13.289750, 71.952240, 1127.6138, 852.51172
5.0275517, 22.580395, 2.6146815, 7.0682850, 16.902727, 13.303797, 71.950699, 1127.6130, 852.51172
4.9814000, 22.579290, 2.5958354, 7.0635734, 16.926525, 13.320400, 71.949585, 1127.6130, 852.51172
4.9498477, 22.578451, 2.5824246, 7.0595746, 16.944944, 13.332781, 71.948296, 1127.6130, 852.51172
4.9208403, 22.577694, 2.5708530, 7.0558090, 16.962675, 13.344616, 71.947067, 1127.6130, 852.51172
4.8934112, 22.577244, 2.5665276, 7.0529828, 16.981133, 13.357014, 71.945908, 1127.6128, 852.51172
4.8640957, 22.576807, 2.5627961, 7.0502238, 17.001043, 13.370485, 71.944939, 1127.6128, 852.51172
4.8306980, 22.576218, 2.5557072, 7.0470195, 17.022169, 13.384912, 71.944023, 1127.6128, 852.51172
4.8139176, 22.576181, 2.5600905, 7.0453639, 17.037695, 13.395009, 71.942886, 1127.6128, 852.51172
4.8048167, 22.576204, 2.5652635, 7.0438399, 17.048956, 13.401894, 71.941490, 1127.6122, 852.51172
4.7993479, 22.576172, 2.5696094, 7.0421939, 17.058048, 13.407113, 71.939995, 1127.6111, 852.51172
4.7973032, 22.576334, 2.5786376, 7.0411563, 17.065229, 13.410983, 71.938301, 1127.6096, 852.51172
4.7940149, 22.576675, 2.5918972, 7.0406637, 17.073088, 13.415462, 71.936577, 1127.6078, 852.51172
4.7818789, 22.576618, 2.5966158, 7.0390477, 17.082632, 13.421338, 71.934830, 1127.6064, 852.51172
4.7607646, 22.576071, 2.5902517, 7.0359745, 17.094986, 13.429302, 71.933365, 1127.6055, 852.51172
4.7356763, 22.575335, 2.5797281, 7.0323491, 17.108932, 13.438444, 71.932068, 1127.6045, 852.51172
4.7044520, 22.574530, 2.5678649, 7.0285425, 17.126581, 13.450345, 71.931068, 1127.6045, 852.51172
4.6707177, 22.573599, 2.5533245, 7.0243750, 17.144953, 13.462811, 71.930168, 1127.6045, 852.51172
4.6399870, 22.572990, 2.5461209, 7.0211573, 17.164047, 13.475765, 71.929405, 1127.6045, 852.51172
4.6227880, 22.572905, 2.5493894, 7.0193839, 17.178549, 13.485222, 71.928459, 1127.6045, 852.51172
4.6087046, 22.572884, 2.5537229, 7.0177631, 17.191814, 13.493712, 71.927513, 1127.6045, 852.51172
4.5994930, 22.572906, 2.5599864, 7.0163579, 17.202742, 13.500413, 71.926506, 1127.6038, 852.51172
4.5840893, 22.572844, 2.5649285, 7.0147524, 17.216692, 13.509397, 71.925667, 1127.6030, 852.51172
4.5558143, 22.572113, 2.5549884, 7.0111928, 17.233297, 13.520502, 71.924873, 1127.6023, 852.51172
4.5257435, 22.571180, 2.5405955, 7.0070429, 17.248959, 13.530995, 71.924057, 1127.6014, 852.51172
4.4952645, 22.570164, 2.5244017, 7.0026445, 17.263695, 13.540874, 71.923210, 1127.6006, 852.51172
4.4649992, 22.569122, 2.5076406, 6.9981589, 17.277920, 13.550404, 71.922386, 1127.5997, 852.51172
4.4342542, 22.568037, 2.4901178, 6.9935622, 17.291880, 13.559777, 71.921570, 1127.5989, 852.51172
4.4037361, 22.566954, 2.4723289, 6.9889159, 17.306850, 13.569803, 71.920929, 1127.5989, 852.51172
4.4220867, 22.565874, 2.4546585, 6.9842687, 17.319702, 13.578405, 71.920166, 1127.5978, 852.51172
4.4404001, 22.564785, 2.4370422, 6.9796157, 17.332817, 13.587192, 71.919479, 1127.5968, 852.51172
4.4588943, 22.563673, 2.4194849, 6.9749551, 17.343996, 13.594713, 71.918694, 1127.5955, 852.51172
4.4773679, 22.562544, 2.4019101, 6.9702787, 17.354061, 13.601520, 71.917908, 1127.5942, 852.51172
4.4944878, 22.561417, 2.3842690, 6.9655800, 17.366497, 13.609962, 71.917252, 1127.5931, 852.51172
4.5027857, 22.560293, 2.3664973, 6.9608502, 17.385540, 13.623248, 71.916885, 1127.5931, 852.51172
4.5083570, 22.559164, 2.3487816, 6.9561138, 17.405962, 13.637610, 71.916565, 1127.5931, 852.51172
4.5115619, 22.558060, 2.3316877, 6.9514446, 17.427969, 13.653175, 71.916336, 1127.5931, 852.51172
4.5197268, 22.557051, 2.3170321, 6.9470792, 17.448387, 13.667477, 71.916138, 1127.5931, 852.51172
4.5237927, 22.555925, 2.2996247, 6.9423432, 17.469976, 13.682728, 71.915955, 1127.5931, 852.51172
4.5299788, 22.554844, 2.2834094, 6.9377475, 17.491098, 13.697589, 71.915771, 1127.5931, 852.51172
4.5415931, 22.553913, 2.2709732, 6.9336333, 17.510519, 13.711118, 71.915596, 1127.5931, 852.51172
4.5469904, 22.552837, 2.2553277, 6.9290929, 17.532444, 13.726581, 71.915596, 1127.5931, 852.51172
4.5556664, 22.551821, 2.2411122, 6.9247241, 17.552988, 13.740996, 71.915596, 1127.5931, 852.51172
4.5659938, 22.550789, 2.2265959, 6.9203072, 17.572519, 13.754645, 71.915596, 1127.5931, 852.51172
4.5961800, 22.549812, 2.2132936, 6.9160419, 17.581882, 13.760530, 71.915596, 1127.5927, 852.51172
4.6373734, 22.549070, 2.2055354, 6.9124990, 17.581076, 13.759280, 71.915642, 1127.5902, 852.51172
4.6720624, 22.548124, 2.1931329, 6.9083376, 17.586330, 13.762256, 71.915642, 1127.5883, 852.51172
4.6947379, 22.547075, 2.1786294, 6.9038858, 17.599438, 13.771018, 71.915642, 1127.5883, 852.51172
4.7127233, 22.546040, 2.1644316, 6.8994627, 17.613394, 13.780629, 71.915756, 1127.5879, 852.51172
4.7440352, 22.544979, 2.1498237, 6.8949800, 17.621014, 13.785319, 71.915939, 1127.5878, 852.51172
4.7754049, 22.543854, 2.1341186, 6.8903389, 17.627388, 13.789173, 71.916122, 1127.5874, 852.51172
4.8093719, 22.542727, 2.1184347, 6.8856897, 17.630930, 13.791034, 71.916382, 1127.5861, 852.51172
4.8428788, 22.541607, 2.1028113, 6.8810339, 17.633789, 13.792490, 71.916687, 1127.5850, 852.51172
4.8705821, 22.540478, 2.0871191, 6.8763561, 17.642866, 13.798352, 71.916908, 1127.5847, 852.51172
4.8980074, 22.539440, 2.0736504, 6.8719587, 17.652008, 13.804337, 71.917198, 1127.5846, 852.51172
4.9265480, 22.538425, 2.0606015, 6.8676071, 17.660496, 13.809851, 71.917564, 1127.5846, 852.51172
4.9553142, 22.537468, 2.0491326, 6.8634529, 17.668655, 13.815185, 71.917931, 1127.5846, 852.51172
4.9822083, 22.536680, 2.0414450, 6.8597851, 17.677128, 13.820932, 71.918358, 1127.5839, 852.51172
5.0047817, 22.535936, 2.0348489, 6.8562551, 17.686581, 13.827491, 71.918800, 1127.5831, 852.51172
4.9915633, 22.535858, 2.0425766, 6.8546190, 17.694731, 13.832958, 71.919273, 1127.5826, 852.51172
4.9640613, 22.535122, 2.0360646, 6.8511047, 17.706656, 13.841371, 71.919777, 1127.5818, 852.51172
4.9350247, 22.534298, 2.0276272, 6.8473320, 17.717213, 13.848943, 71.920380, 1127.5809, 852.51172
4.9069891, 22.533463, 2.0191939, 6.8435535, 17.729321, 13.857471, 71.920937, 1127.5809, 852.51172
4.8794045, 22.532625, 2.0109437, 6.8397932, 17.740063, 13.865093, 71.921593, 1127.5802, 852.51172
4.8522487, 22.531788, 2.0026014, 6.8360133, 17.746929, 13.870164, 71.922493, 1127.5790, 852.51172
4.8247490, 22.530931, 1.9937131, 6.8321571, 17.755632, 13.876442, 71.923317, 1127.5779, 852.51172
4.7970300, 22.530048, 1.9845181, 6.8282533, 17.763195, 13.881989, 71.924263, 1127.5767, 852.51172
4.7692738, 22.529146, 1.9751458, 6.8243203, 17.773083, 13.889058, 71.925064, 1127.5759, 852.51172
4.7413478, 22.528254, 1.9657819, 6.8203807, 17.781801, 13.895384, 71.926025, 1127.5748, 852.51172
4.7203860, 22.527702, 1.9641638, 6.8174534, 17.787401, 13.899458, 71.927139, 1127.5734, 852.51172
4.7144036, 22.527983, 1.9806243, 6.8169346, 17.790430, 13.901431, 71.928291, 1127.5717, 852.51172
4.7216344, 22.528458, 2.0000434, 6.8168817, 17.781178, 13.894721, 71.930107, 1127.5686, 852.51172
4.7260046, 22.528746, 2.0158350, 6.8163371, 17.776161, 13.890817, 71.931625, 1127.5657, 852.51172
4.7208877, 22.528746, 2.0259137, 6.8150172, 17.775785, 13.890325, 71.932953, 1127.5631, 852.51172
4.7041817, 22.528324, 2.0267310, 6.8124723, 17.780905, 13.893856, 71.934074, 1127.5615, 852.51172
4.6828122, 22.527660, 2.0222514, 6.8092318, 17.786007, 13.897523, 71.935333, 1127.5601, 852.51172
4.6751337, 22.527599, 2.0299976, 6.8076563, 17.786898, 13.897971, 71.936707, 1127.5581, 852.51172
4.6782966, 22.527670, 2.0399313, 6.8064194, 17.780998, 13.893424, 71.938400, 1127.5552, 852.51172
4.6813383, 22.527779, 2.0504255, 6.8052754, 17.775726, 13.889301, 71.940048, 1127.5522, 852.51172
4.6837025, 22.527866, 2.0596788, 6.8040051, 17.769739, 13.884731, 71.941765, 1127.5493, 852.51172
4.6870656, 22.528046, 2.0713043, 6.8030405, 17.764051, 13.880345, 71.943451, 1127.5464, 852.51172
4.6913242, 22.528294, 2.0849574, 6.8023291, 17.758375, 13.875941, 71.945168, 1127.5435, 852.51172
4.6930876, 22.528484, 2.0980451, 6.8015103, 17.753405, 13.872103, 71.946838, 1127.5406, 852.51172
4.6907997, 22.528549, 2.1088665, 6.8003817, 17.751791, 13.870612, 71.948318, 1127.5378, 852.51172
4.6863656, 22.528526, 2.1177633, 6.7990050, 17.749495, 13.868746, 71.949928, 1127.5355, 852.51172
4.6799316, 22.528421, 2.1247649, 6.7973843, 17.746958, 13.866790, 71.951576, 1127.5325, 852.51172
4.6711659, 22.528214, 2.1295946, 6.7954831, 17.744951, 13.865258, 71.953239, 1127.5294, 852.51172
4.6591487, 22.527863, 2.1312928, 6.7931714, 17.741444, 13.862857, 71.955147, 1127.5271, 852.51172
4.6441927, 22.527388, 2.1302254, 6.7904978, 17.740650, 13.862327, 71.956841, 1127.5247, 852.51172
4.6433153, 22.527594, 2.1425428, 6.7896776, 17.735962, 13.858809, 71.958656, 1127.5220, 852.51172
4.6499248, 22.527964, 2.1574697, 6.7892575, 17.726601, 13.851875, 71.960716, 1127.5190, 852.51172
4.6610932, 22.528820, 2.1780288, 6.7898455, 17.710978, 13.840861, 71.963097, 1127.5154, 852.51172
4.6664886, 22.529121, 2.1832283, 6.7885704, 17.682264, 13.821340, 71.966331, 1127.5095, 852.51172
4.6752872, 22.529757, 2.1935055, 6.7880859, 17.650166, 13.799587, 71.969757, 1127.5037, 852.51172
4.6852231, 22.530491, 2.2052734, 6.7878318, 17.613455, 13.774796, 71.973259, 1127.4972, 852.51172
4.6982126, 22.531534, 2.2226853, 6.7883935, 17.574400, 13.748451, 71.976578, 1127.4906, 852.51172
4.7096887, 22.532423, 2.2386043, 6.7886677, 17.536819, 13.723043, 71.979355, 1127.4841, 852.51172
4.7218013, 22.533382, 2.2564952, 6.7891917, 17.502028, 13.699434, 71.981628, 1127.4778, 852.51172
4.7355566, 22.534521, 2.2767353, 6.7901182, 17.460756, 13.671576, 71.983742, 1127.4708, 852.51172
4.7492256, 22.535648, 2.2935529, 6.7907615, 17.413666, 13.639893, 71.985489, 1127.4635, 852.51172
4.7639794, 22.536896, 2.3123667, 6.7917099, 17.364452, 13.606790, 71.986626, 1127.4554, 852.51172
4.7760286, 22.537868, 2.3276937, 6.7920766, 17.322718, 13.578546, 71.987053, 1127.4486, 852.51172
4.7843208, 22.538548, 2.3372526, 6.7916555, 17.293604, 13.558590, 71.986961, 1127.4427, 852.51172
4.7900515, 22.539007, 2.3436692, 6.7907472, 17.269156, 13.541698, 71.986778, 1127.4369, 852.51172
4.7964916, 22.539490, 2.3502047, 6.7898760, 17.242477, 13.523313, 71.986320, 1127.4310, 852.51172
4.8047385, 22.540102, 2.3583744, 6.7892795, 17.212801, 13.502918, 71.985260, 1127.4252, 852.51172
4.8159728, 22.541040, 2.3718235, 6.7894802, 17.177349, 13.478740, 71.984100, 1127.4181, 852.51172
4.8284903, 22.542088, 2.3881187, 6.7900405, 17.135298, 13.450204, 71.982323, 1127.4105, 852.51172
4.8428750, 22.543354, 2.4067903, 6.7910442, 17.088001, 13.418220, 71.979790, 1127.4017, 852.51172
4.8544579, 22.544308, 2.4198487, 6.7912555, 17.045177, 13.389123, 71.976799, 1127.3934, 852.51172
4.8670444, 22.545389, 2.4350898, 6.7917943, 17.005577, 13.362132, 71.973572, 1127.3860, 852.51172
4.8766861, 22.546150, 2.4465637, 6.7916832, 16.972589, 13.339444, 71.970329, 1127.3793, 852.51172
4.8889027, 22.547182, 2.4645140, 6.7924042, 16.939875, 13.316911, 71.966797, 1127.3722, 852.51172
4.8982730, 22.547916, 2.4790449, 6.7925305, 16.915808, 13.300025, 71.963684, 1127.3661, 852.51172
4.9076366, 22.548655, 2.4952555, 6.7928081, 16.894999, 13.285264, 71.960655, 1127.3606, 852.51172
4.9170675, 22.549412, 2.5137975, 6.7933106, 16.877510, 13.272666, 71.957809, 1127.3560, 852.51172
4.9251580, 22.550056, 2.5312681, 6.7936120, 16.865255, 13.263497, 71.955330, 1127.3519, 852.51172
4.9312272, 22.550512, 2.5455184, 6.7934537, 16.855707, 13.256105, 71.953049, 1127.3481, 852.51172
4.9336495, 22.550749, 2.5556927, 6.7927341, 16.853188, 13.253402, 71.951363, 1127.3452, 852.51172
4.9342575, 22.550926, 2.5647464, 6.7918634, 16.852585, 13.252019, 71.949837, 1127.3423, 852.51172
4.9367967, 22.551241, 2.5756435, 6.7912993, 16.851078, 13.250006, 71.948242, 1127.3394, 852.51172
4.9407845, 22.551485, 2.5827534, 6.7903490, 16.843124, 13.243632, 71.946159, 1127.3364, 852.51172
4.9465671, 22.551886, 2.5917869, 6.7897329, 16.830647, 13.234271, 71.943642, 1127.3325, 852.51172
4.9554601, 22.552586, 2.6068959, 6.7899513, 16.811237, 13.220343, 71.940392, 1127.3278, 852.51172
4.9649930, 22.553352, 2.6202087, 6.7901015, 16.787678, 13.203677, 71.936508, 1127.3218, 852.51172
4.9732718, 22.553991, 2.6264522, 6.7895341, 16.753931, 13.180322, 71.931114, 1127.3149, 852.51172
4.9850740, 22.555017, 2.6383457, 6.7898488, 16.712130, 13.151668, 71.924698, 1127.3065, 852.51172
4.9973440, 22.556091, 2.6509526, 6.7902827, 16.669445, 13.122413, 71.917641, 1127.2970, 852.51172
5.0106187, 22.557272, 2.6654990, 6.7910047, 16.622776, 13.090523, 71.909470, 1127.2869, 852.51172
5.0241179, 22.558487, 2.6802390, 6.7917809, 16.575571, 13.058252, 71.900475, 1127.2766, 852.51172
5.0360351, 22.559530, 2.6925569, 6.7921844, 16.535416, 13.030597, 71.891983, 1127.2672, 852.51172
5.0454397, 22.560310, 2.7020712, 6.7920775, 16.500002, 13.006035, 71.883789, 1127.2593, 852.51172
5.0579457, 22.561430, 2.7154553, 6.7926588, 16.458187, 12.977242, 71.874031, 1127.2499, 852.51172
5.0668745, 22.562155, 2.7221401, 6.7922807, 16.421474, 12.951791, 71.864479, 1127.2411, 852.51172
5.0821495, 22.563581, 2.7403324, 6.7935987, 16.369305, 12.916154, 71.851730, 1127.2295, 852.51172
5.0928521, 22.564518, 2.7499921, 6.7936940, 16.328901, 12.888228, 71.840019, 1127.2200, 852.51172
5.1024098, 22.565336, 2.7575862, 6.7935004, 16.295610, 12.864966, 71.829765, 1127.2112, 852.51172
5.1100378, 22.565954, 2.7623174, 6.7928681, 16.264498, 12.843137, 71.819649, 1127.2024, 852.51172
5.1194730, 22.566769, 2.7699451, 6.7926869, 16.231745, 12.820214, 71.808922, 1127.1938, 852.51172
5.1291943, 22.567621, 2.7778146, 6.7925611, 16.199968, 12.797921, 71.798073, 1127.1851, 852.51172
5.1398702, 22.568565, 2.7870250, 6.7926545, 16.163477, 12.772501, 71.785629, 1127.1758, 852.51172
5.1520033, 22.569672, 2.7985997, 6.7931223, 16.125196, 12.745890, 71.772324, 1127.1663, 852.51172
5.1669292, 22.571089, 2.8146722, 6.7942982, 16.074022, 12.710760, 71.755280, 1127.1539, 852.51172
5.1827726, 22.572611, 2.8322523, 6.7957187, 16.021826, 12.674924, 71.737129, 1127.1417, 852.51172
5.1974411, 22.574011, 2.8491259, 6.7969584, 15.971397, 12.640225, 71.718620, 1127.1298, 852.51172
5.2114348, 22.575340, 2.8677559, 6.7982798, 15.926540, 12.609172, 71.700966, 1127.1183, 852.51172
5.2221780, 22.576321, 2.8804762, 6.7987466, 15.891418, 12.584514, 71.685654, 1127.1083, 852.51172
5.2317562, 22.577181, 2.8879883, 6.7986593, 15.854781, 12.558846, 71.669258, 1127.0984, 852.51172
5.2423573, 22.578154, 2.8965766, 6.7987876, 15.815155, 12.531185, 71.651436, 1127.0879, 852.51172
5.2576370, 22.579636, 2.9132247, 6.8001356, 15.759956, 12.493220, 71.628136, 1127.0742, 852.51172
5.2710824, 22.580929, 2.9273543, 6.8010740, 15.709704, 12.458493, 71.605560, 1127.0612, 852.51172
5.2837014, 22.582134, 2.9416637, 6.8019438, 15.662818, 12.425961, 71.583389, 1127.0488, 852.51172
5.2954016, 22.583241, 2.9580421, 6.8028889, 15.622304, 12.397618, 71.562859, 1127.0372, 852.51172
5.3050241, 22.584127, 2.9733520, 6.8035145, 15.587918, 12.373304, 71.544106, 1127.0272, 852.51172
5.3130150, 22.584835, 2.9867246, 6.8038006, 15.568082, 12.358600, 71.530495, 1127.0197, 852.51172
5.3225198, 22.585709, 3.0025744, 6.8044796, 15.545076, 12.341784, 71.515511, 1127.0112, 852.51172
5.3310452, 22.586475, 3.0156379, 6.8048258, 15.522332, 12.325128, 71.500412, 1127.0028, 852.51172
5.3392344, 22.587212, 3.0257678, 6.8048987, 15.497890, 12.307336, 71.484459, 1126.9945, 852.51172
5.3460331, 22.587801, 3.0332201, 6.8045945, 15.472003, 12.288579, 71.467735, 1126.9860, 852.51172
5.3557477, 22.588718, 3.0481074, 6.8052568, 15.444964, 12.269046, 71.450302, 1126.9769, 852.51172
5.3632765, 22.589394, 3.0603442, 6.8054533, 15.424799, 12.254049, 71.435387, 1126.9688, 852.51172
5.3697767, 22.589966, 3.0714533, 6.8054576, 15.412901, 12.244524, 71.423744, 1126.9622, 852.51172
5.3775773, 22.590677, 3.0839636, 6.8057327, 15.396875, 12.232250, 71.410309, 1126.9553, 852.51172
5.3845181, 22.591307, 3.0958688, 6.8058767, 15.382574, 12.221114, 71.397499, 1126.9482, 852.51172
5.3895998, 22.591803, 3.1058056, 6.8057256, 15.374120, 12.213879, 71.386932, 1126.9423, 852.51172
5.3910918, 22.592075, 3.1115451, 6.8049984, 15.368056, 12.208307, 71.377090, 1126.9377, 852.51172
5.3966494, 22.592648, 3.1209774, 6.8048973, 15.355065, 12.198069, 71.364601, 1126.9315, 852.51172
5.4061704, 22.593554, 3.1365950, 6.8056655, 15.336129, 12.183829, 71.349670, 1126.9237, 852.51172
5.4125381, 22.594147, 3.1476319, 6.8057342, 15.324127, 12.174189, 71.337494, 1126.9171, 852.51172
5.4144449, 22.594421, 3.1528871, 6.8049912, 15.312683, 12.164998, 71.325264, 1126.9113, 852.51172
5.4110308, 22.594402, 3.1524496, 6.8034701, 15.307042, 12.159797, 71.315048, 1126.9066, 852.51172
5.4040265, 22.594242, 3.1492996, 6.8015780, 15.302214, 12.155270, 71.304825, 1126.9019, 852.51172
5.3937731, 22.593973, 3.1439128, 6.7993822, 15.296487, 12.150275, 71.293930, 1126.8965, 852.51172
5.3914456, 22.594234, 3.1493337, 6.7986407, 15.292863, 12.146496, 71.284393, 1126.8920, 852.51172
5.4023013, 22.595421, 3.1726046, 6.8003626, 15.281828, 12.137532, 71.272469, 1126.8856, 852.51172
5.4140658, 22.596605, 3.1951685, 6.8020396, 15.266589, 12.125720, 71.258804, 1126.8782, 852.51172
5.4153404, 22.596992, 3.2023680, 6.8016114, 15.259661, 12.119575, 71.248093, 1126.8723, 852.51172
5.4088130, 22.596935, 3.2009590, 6.8000035, 15.257436, 12.116755, 71.238808, 1126.8682, 852.51172
5.4059954, 22.597147, 3.2049310, 6.7991261, 15.253750, 12.112901, 71.229134, 1126.8633, 852.51172
5.4035249, 22.597424, 3.2099810, 6.7984114, 15.249227, 12.108497, 71.219070, 1126.8584, 852.51172
5.4067025, 22.598059, 3.2218525, 6.7986422, 15.247173, 12.105593, 71.210426, 1126.8538, 852.51172
5.4100008, 22.598612, 3.2322612, 6.7986779, 15.241250, 12.100069, 71.200302, 1126.8488, 852.51172
5.3967519, 22.598309, 3.2255712, 6.7963948, 15.243264, 12.100288, 71.192169, 1126.8450, 852.51172
5.4058266, 22.599684, 3.2401416, 6.7976470, 15.212618, 12.078500, 71.171577, 1126.8342, 852.51172
5.4180765, 22.600895, 3.2503574, 6.7983713, 15.173607, 12.050894, 71.147705, 1126.8220, 852.51172
5.4363284, 22.602779, 3.2711549, 6.8006887, 15.122231, 12.015079, 71.117828, 1126.8068, 852.51172
5.4513235, 22.604307, 3.2900827, 6.8024826, 15.086193, 11.989388, 71.094009, 1126.7950, 852.51172
5.4620147, 22.605358, 3.3042567, 6.8033929, 15.051090, 11.964293, 71.070129, 1126.7831, 852.51172
5.4683280, 22.605928, 3.3117144, 6.8032417, 15.028035, 11.947169, 71.051430, 1126.7742, 852.51172
5.4756274, 22.606606, 3.3193986, 6.8032303, 15.014555, 11.936386, 71.036873, 1126.7666, 852.51172
5.4879298, 22.607847, 3.3279383, 6.8038869, 14.978547, 11.910666, 71.011673, 1126.7542, 852.51172
5.5009289, 22.609171, 3.3375525, 6.8047237, 14.943492, 11.885561, 70.986481, 1126.7415, 852.51172
5.5151405, 22.610632, 3.3493056, 6.8058901, 14.903073, 11.856887, 70.958252, 1126.7277, 852.51172
5.5296373, 22.612129, 3.3613942, 6.8071270, 14.863760, 11.828924, 70.930023, 1126.7141, 852.51172
5.5447187, 22.613697, 3.3749022, 6.8085613, 14.819572, 11.797707, 70.898773, 1126.6991, 852.51172
5.5595918, 22.615250, 3.3907435, 6.8101759, 14.775080, 11.766266, 70.866653, 1126.6841, 852.51172
5.5725603, 22.616590, 3.4068258, 6.8115988, 14.734328, 11.737283, 70.835823, 1126.6702, 852.51172
5.5815525, 22.617496, 3.4180975, 6.8121662, 14.706252, 11.716693, 70.811218, 1126.6584, 852.51172
5.5869255, 22.617989, 3.4236958, 6.8118453, 14.684606, 11.700362, 70.789833, 1126.6489, 852.51172
5.5903220, 22.618277, 3.4260111, 6.8110361, 14.670037, 11.688732, 70.772118, 1126.6407, 852.51172
5.5990806, 22.619175, 3.4326813, 6.8112316, 14.646823, 11.671364, 70.749550, 1126.6300, 852.51172
5.6172681, 22.621119, 3.4526086, 6.8136277, 14.596354, 11.635867, 70.711632, 1126.6128, 852.51172
5.6309128, 22.622561, 3.4690216, 6.8152118, 14.556495, 11.607388, 70.678871, 1126.5980, 852.51172
5.6412930, 22.623631, 3.4818432, 6.8161244, 14.531919, 11.589049, 70.654335, 1126.5870, 852.51172
5.6517286, 22.624716, 3.4956677, 6.8171358, 14.514705, 11.575593, 70.633835, 1126.5773, 852.51172
5.6608558, 22.625660, 3.5064859, 6.8177538, 14.499334, 11.563350, 70.614311, 1126.5687, 852.51172
5.6721025, 22.626842, 3.5198224, 6.8188419, 14.478109, 11.547205, 70.591248, 1126.5586, 852.51172
5.6835852, 22.628057, 3.5303633, 6.8197374, 14.449150, 11.525907, 70.563416, 1126.5463, 852.51172
5.6949329, 22.629259, 3.5374863, 6.8203421, 14.421087, 11.505194, 70.535706, 1126.5342, 852.51172
5.7082996, 22.630695, 3.5467095, 6.8213687, 14.387304, 11.480671, 70.504349, 1126.5201, 852.51172
5.7208776, 22.632040, 3.5546901, 6.8222051, 14.354757, 11.456955, 70.472977, 1126.5067, 852.51172
5.7347231, 22.633543, 3.5647235, 6.8233714, 14.319138, 11.431182, 70.439453, 1126.4923, 852.51172
5.7485681, 22.635036, 3.5746031, 6.8245339, 14.284867, 11.406290, 70.406395, 1126.4783, 852.51172
5.7624555, 22.636547, 3.5845950, 6.8257203, 14.250560, 11.381359, 70.372856, 1126.4645, 852.51172
5.7746363, 22.637869, 3.5916505, 6.8264689, 14.222589, 11.360635, 70.343010, 1126.4517, 852.51172
5.7897744, 22.639526, 3.6043131, 6.8280420, 14.186888, 11.334752, 70.307861, 1126.4366, 852.51172
5.8048553, 22.641182, 3.6190670, 6.8297930, 14.151436, 11.309017, 70.272392, 1126.4215, 852.51172
5.8184099, 22.642673, 3.6348600, 6.8314600, 14.117592, 11.284334, 70.237495, 1126.4070, 852.51172
5.8288941, 22.643824, 3.6474326, 6.8325076, 14.096022, 11.267810, 70.210419, 1126.3954, 852.51172
5.8401165, 22.645060, 3.6617184, 6.8337946, 14.079727, 11.254789, 70.186722, 1126.3854, 852.51172
5.8510699, 22.646267, 3.6767194, 6.8351207, 14.062773, 11.241323, 70.162422, 1126.3754, 852.51172
5.8572259, 22.646929, 3.6832645, 6.8351860, 14.048361, 11.229536, 70.139732, 1126.3661, 852.51172
5.8651042, 22.647789, 3.6890483, 6.8354053, 14.031621, 11.216200, 70.115356, 1126.3561, 852.51172
5.8820939, 22.649696, 3.7038734, 6.8374586, 13.988212, 11.185081, 70.072556, 1126.3384, 852.51172
5.8947582, 22.651110, 3.7110982, 6.8383794, 13.959184, 11.163527, 70.039078, 1126.3243, 852.51172
5.9106007, 22.652897, 3.7246149, 6.8402081, 13.919147, 11.134621, 69.997566, 1126.3073, 852.51172
5.9258604, 22.654619, 3.7393386, 6.8420777, 13.875473, 11.103271, 69.952805, 1126.2888, 852.51172
5.9425707, 22.656511, 3.7542779, 6.8441534, 13.831577, 11.071751, 69.907135, 1126.2704, 852.51172
5.9570093, 22.658146, 3.7686110, 6.8459187, 13.796415, 11.046031, 69.867180, 1126.2538, 852.51172
5.9691472, 22.659521, 3.7819865, 6.8473420, 13.776024, 11.030153, 69.837723, 1126.2419, 852.51172
5.9807019, 22.660837, 3.7883170, 6.8481231, 13.753132, 11.012595, 69.806099, 1126.2291, 852.51172
5.9959807, 22.662584, 3.7995048, 6.8497577, 13.719870, 10.988109, 69.766388, 1126.2134, 852.51172
6.0102253, 22.664211, 3.8089135, 6.8511310, 13.688344, 10.964766, 69.727615, 1126.1973, 852.51172
6.0233817, 22.665720, 3.8165245, 6.8522334, 13.660501, 10.943872, 69.691399, 1126.1824, 852.51172
6.0407152, 22.667723, 3.8320956, 6.8545089, 13.625640, 10.918279, 69.649445, 1126.1652, 852.51172
6.0553994, 22.669422, 3.8466144, 6.8563881, 13.594989, 10.895479, 69.610291, 1126.1493, 852.51172
6.0678134, 22.670862, 3.8600612, 6.8579192, 13.571959, 10.877756, 69.576752, 1126.1360, 852.51172
6.0820336, 22.672518, 3.8770199, 6.8599682, 13.550622, 10.861148, 69.544289, 1126.1233, 852.51172
6.0933380, 22.673847, 3.8896275, 6.8613186, 13.537419, 10.849959, 69.518082, 1126.1128, 852.51172
6.1050348, 22.675215, 3.9046483, 6.8629279, 13.523108, 10.838024, 69.490906, 1126.1017, 852.51172
6.1157851, 22.676477, 3.9175174, 6.8642573, 13.514296, 10.829754, 69.468002, 1126.0925, 852.51172
6.1282339, 22.677942, 3.9333825, 6.8660479, 13.500554, 10.818180, 69.441154, 1126.0815, 852.51172
6.1442175, 22.679821, 3.9462790, 6.8680305, 13.464639, 10.791792, 69.396500, 1126.0635, 852.51172
6.1606121, 22.681753, 3.9598005, 6.8701234, 13.426110, 10.763635, 69.349213, 1126.0442, 852.51172
6.1757207, 22.683538, 3.9718690, 6.8719535, 13.390028, 10.737092, 69.303299, 1126.0255, 852.51172
6.1848612, 22.684639, 3.9722962, 6.8721132, 13.364293, 10.717457, 69.265198, 1126.0104, 852.51172
6.1945000, 22.685797, 3.9736822, 6.8724113, 13.339586, 10.698507, 69.227966, 1125.9949, 852.51172
6.2042475, 22.687054, 3.9761796, 6.8728986, 13.325565, 10.686732, 69.199173, 1125.9832, 852.51172
6.2160001, 22.688562, 3.9822667, 6.8739529, 13.309734, 10.673753, 69.168671, 1125.9705, 852.51172
6.2331276, 22.690613, 3.9961615, 6.8762183, 13.283525, 10.653794, 69.129646, 1125.9548, 852.51172
6.2518239, 22.692844, 4.0126605, 6.8788886, 13.254309, 10.631805, 69.087845, 1125.9381, 852.51172
6.2682600, 22.694817, 4.0278816, 6.8811936, 13.228655, 10.612183, 69.048714, 1125.9226, 852.51172
6.2830906, 22.696611, 4.0435767, 6.8833556, 13.206572, 10.594934, 69.012321, 1125.9081, 852.51172
6.2956128, 22.698139, 4.0577579, 6.8851256, 13.191741, 10.582517, 68.981934, 1125.8962, 852.51172
6.3051672, 22.699318, 4.0680532, 6.8862276, 13.180168, 10.572273, 68.954247, 1125.8849, 852.51172
6.3110051, 22.700064, 4.0722179, 6.8863802, 13.175550, 10.566676, 68.932480, 1125.8765, 852.51172
6.3153462, 22.700695, 4.0748577, 6.8862791, 13.178104, 10.565890, 68.916733, 1125.8699, 852.51172
6.3187304, 22.701258, 4.0767922, 6.8860545, 13.183138, 10.566789, 68.903038, 1125.8647, 852.51172
6.3182788, 22.701567, 4.0743413, 6.8852072, 13.189338, 10.568559, 68.889893, 1125.8596, 852.51172
6.3136969, 22.701666, 4.0682054, 6.8838401, 13.196489, 10.571096, 68.876953, 1125.8545, 852.51172
6.3060045, 22.701653, 4.0600300, 6.8821826, 13.203461, 10.573640, 68.863350, 1125.8492, 852.51172
6.2957759, 22.701555, 4.0503197, 6.8803058, 13.211334, 10.576890, 68.850075, 1125.8441, 852.51172
6.2828898, 22.701361, 4.0388932, 6.8781848, 13.223894, 10.583382, 68.840210, 1125.8403, 852.51172
6.2673230, 22.701090, 4.0260711, 6.8758621, 13.237182, 10.590478, 68.830475, 1125.8365, 852.51172
6.2492504, 22.700745, 4.0119634, 6.8733549, 13.251101, 10.598110, 68.820824, 1125.8328, 852.51172
6.2284656, 22.700321, 3.9962950, 6.8706231, 13.265858, 10.606424, 68.811409, 1125.8290, 852.51172
6.2057576, 22.699837, 3.9795923, 6.8677363, 13.281444, 10.615387, 68.802406, 1125.8252, 852.51172
6.1813841, 22.699303, 3.9621062, 6.8647280, 13.296803, 10.624283, 68.793022, 1125.8213, 852.51172
6.1561503, 22.698740, 3.9442172, 6.8616495, 13.311944, 10.633088, 68.783440, 1125.8174, 852.51172
6.1299481, 22.698153, 3.9258699, 6.8584948, 13.327660, 10.642331, 68.774231, 1125.8136, 852.51172
6.1033444, 22.697550, 3.9074233, 6.8553071, 13.343549, 10.651723, 68.765251, 1125.8098, 852.51172
6.0763621, 22.696934, 3.8888838, 6.8520904, 13.359749, 10.661351, 68.756554, 1125.8062, 852.51172
6.0492306, 22.696320, 3.8704178, 6.8488674, 13.376577, 10.671422, 68.748451, 1125.8032, 852.51172
6.0218902, 22.695700, 3.8520594, 6.8456421, 13.392084, 10.680642, 68.739464, 1125.7994, 852.51172
5.9943109, 22.695061, 3.8335435, 6.8423762, 13.409079, 10.690879, 68.731689, 1125.7965, 852.51172
5.9662910, 22.694403, 3.8148978, 6.8390784, 13.425158, 10.700539, 68.723305, 1125.7928, 852.51172
5.9377041, 22.693735, 3.7959011, 6.8357167, 13.441349, 10.710310, 68.715065, 1125.7892, 852.51172
5.9083200, 22.693026, 3.7763302, 6.8322597, 13.459462, 10.721401, 68.708168, 1125.7859, 852.51172
5.8776464, 22.692278, 3.7561305, 6.8287015, 13.479268, 10.733689, 68.702347, 1125.7830, 852.51172
5.8467531, 22.691507, 3.7356315, 6.8250861, 13.498669, 10.745728, 68.696381, 1125.7797, 852.51172
5.8157401, 22.690706, 3.7148306, 6.8214121, 13.518108, 10.757807, 68.690575, 1125.7767, 852.51172
5.7840996, 22.689892, 3.6937025, 6.8176756, 13.537147, 10.769665, 68.684555, 1125.7738, 852.51172
5.7521439, 22.689058, 3.6723580, 6.8138909, 13.556258, 10.781599, 68.678642, 1125.7709, 852.51172
5.7198248, 22.688200, 3.6507227, 6.8100481, 13.575604, 10.793716, 68.672974, 1125.7679, 852.51172
5.6871824, 22.687326, 3.6288848, 6.8061600, 13.594465, 10.805542, 68.667099, 1125.7650, 852.51172
5.6543989, 22.686440, 3.6069818, 6.8022432, 13.613313, 10.817379, 68.661354, 1125.7616, 852.51172
5.6217737, 22.685541, 3.5850060, 6.7982974, 13.631839, 10.829013, 68.655594, 1125.7583, 852.51172
5.5887651, 22.684629, 3.5628171, 6.7943039, 13.651334, 10.841313, 68.650475, 1125.7554, 852.51172
5.5557427, 22.683712, 3.5406923, 6.7902989, 13.670581, 10.853471, 68.645370, 1125.7524, 852.51172
5.5230393, 22.682777, 3.5186274, 6.7862806, 13.689260, 10.865251, 68.640129, 1125.7495, 852.51172
5.4902844, 22.681826, 3.4965358, 6.7822409, 13.708052, 10.877123, 68.635056, 1125.7466, 852.51172
5.4570689, 22.680883, 3.4742625, 6.7781568, 13.726673, 10.888918, 68.629951, 1125.7437, 852.51172
5.4231248, 22.679905, 3.4517422, 6.7740202, 13.745909, 10.901173, 68.625214, 1125.7407, 852.51172
5.3879833, 22.678911, 3.4289296, 6.7698259, 13.765748, 10.913903, 68.620712, 1125.7377, 852.51172
5.3545218, 22.677917, 3.4062271, 6.7656250, 13.783585, 10.925233, 68.615578, 1125.7343, 852.51172
5.3214922, 22.676928, 3.3835006, 6.7614002, 13.801843, 10.936832, 68.610886, 1125.7313, 852.51172
5.2882762, 22.675903, 3.3607130, 6.7571487, 13.817721, 10.946885, 68.605042, 1125.7275, 852.51172
5.2548590, 22.674864, 3.3377967, 6.7528591, 13.833169, 10.956675, 68.599091, 1125.7236, 852.51172
5.2215581, 22.673828, 3.3147957, 6.7485394, 13.849573, 10.967105, 68.593788, 1125.7201, 852.51172
5.1993961, 22.673479, 3.3067722, 6.7461805, 13.864735, 10.976460, 68.588860, 1125.7172, 852.51172
5.2010078, 22.674599, 3.3305223, 6.7480307, 13.875283, 10.982180, 68.583496, 1125.7142, 852.51172
5.1944680, 22.675135, 3.3415854, 6.7482200, 13.886006, 10.988163, 68.577744, 1125.7109, 852.51172
5.1684093, 22.674456, 3.3266017, 6.7449675, 13.901312, 10.997651, 68.572807, 1125.7078, 852.51172
5.1351099, 22.673376, 3.3029349, 6.7405558, 13.918379, 11.008519, 68.568222, 1125.7046, 852.51172
5.0996771, 22.672289, 3.2792544, 6.7361193, 13.938896, 11.021797, 68.565041, 1125.7017, 852.51172
5.0617399, 22.671209, 3.2556200, 6.7316694, 13.961127, 11.036362, 68.562347, 1125.6987, 852.51172
5.0255876, 22.670128, 3.2322407, 6.7272325, 13.981503, 11.049626, 68.559174, 1125.6959, 852.51172
4.9904928, 22.669058, 3.2094100, 6.7228460, 14.001972, 11.062918, 68.556320, 1125.6930, 852.51172
4.9550886, 22.667978, 3.1862917, 6.7184043, 14.022037, 11.075974, 68.553352, 1125.6908, 852.51172
4.9205050, 22.666895, 3.1633155, 6.7139597, 14.041705, 11.088738, 68.550407, 1125.6879, 852.51172
4.8861637, 22.665813, 3.1404948, 6.7095146, 14.061501, 11.101593, 68.547638, 1125.6849, 852.51172
4.8511934, 22.664722, 3.1177700, 6.7050633, 14.081124, 11.114386, 68.544823, 1125.6827, 852.51172
4.8152447, 22.663610, 3.0950744, 6.7005959, 14.101864, 11.127985, 68.542404, 1125.6816, 852.51172
4.7793279, 22.662481, 3.0724280, 6.6961150, 14.122483, 11.141518, 68.540047, 1125.6807, 852.51172
4.7429118, 22.661356, 3.0497997, 6.6916194, 14.143362, 11.155267, 68.537796, 1125.6797, 852.51172
4.7056985, 22.660227, 3.0271809, 6.6871037, 14.164280, 11.169103, 68.535538, 1125.6787, 852.51172
4.6688018, 22.659098, 3.0045943, 6.6825709, 14.184819, 11.182689, 68.533295, 1125.6776, 852.51172
4.6336117, 22.657972, 2.9820602, 6.6780286, 14.204352, 11.195531, 68.530960, 1125.6764, 852.51172
4.5994587, 22.656849, 2.9595563, 6.6734710, 14.223065, 11.207787, 68.528572, 1125.6750, 852.51172
4.5664673, 22.655693, 2.9371274, 6.6689038, 14.241208, 11.219619, 68.526230, 1125.6736, 852.51172
4.5338387, 22.654524, 2.9148557, 6.6643376, 14.259374, 11.231462, 68.524002, 1125.6720, 852.51172
4.5005813, 22.653353, 2.8927541, 6.6597762, 14.277971, 11.243645, 68.521927, 1125.6707, 852.51172
4.4669752, 22.652227, 2.8708191, 6.6552162, 14.296516, 11.255830, 68.519859, 1125.6696, 852.51172
4.4319892, 22.651102, 2.8490503, 6.6506553, 14.315855, 11.268632, 68.517952, 1125.6686, 852.51172
4.3986735, 22.649973, 2.8274460, 6.6461053, 14.335155, 11.281331, 68.516281, 1125.6677, 852.51172
4.3913755, 22.648844, 2.8060067, 6.6415548, 14.344115, 11.285757, 68.514374, 1125.6665, 852.51172
4.3840899, 22.647718, 2.7847290, 6.6370058, 14.352161, 11.289604, 68.512245, 1125.6652, 852.51172
4.3768158, 22.646595, 2.7636137, 6.6324611, 14.361547, 11.294345, 68.510559, 1125.6642, 852.51172
4.3695545, 22.645466, 2.7426579, 6.6279221, 14.370596, 11.298884, 68.508820, 1125.6632, 852.51172
4.3623052, 22.644337, 2.7218616, 6.6233835, 14.380603, 11.304063, 68.507401, 1125.6625, 852.51172
4.3550677, 22.643211, 2.7012224, 6.6188445, 14.390878, 11.309436, 68.506104, 1125.6619, 852.51172
4.3478422, 22.642086, 2.6807399, 6.6143165, 14.400628, 11.314479, 68.504692, 1125.6611, 852.51172
4.3406281, 22.640961, 2.6604128, 6.6097884, 14.410063, 11.319333, 68.503258, 1125.6604, 852.51172
4.3334265, 22.639830, 2.6402395, 6.6052613, 14.418852, 11.323781, 68.501678, 1125.6595, 852.51172
4.3262367, 22.638704, 2.6202195, 6.6007361, 14.428572, 11.328854, 68.500412, 1125.6588, 852.51172
4.3190594, 22.637579, 2.6003511, 6.5962195, 14.438391, 11.334007, 68.499207, 1125.6581, 852.51172
4.3118935, 22.636454, 2.5806339, 6.5917029, 14.447930, 11.338992, 68.497986, 1125.6573, 852.51172
4.3047395, 22.635324, 2.5610657, 6.5871873, 14.457831, 11.344231, 68.496895, 1125.6566, 852.51172
4.2975969, 22.634195, 2.5416460, 6.5826783, 14.467598, 11.349392, 68.495819, 1125.6560, 852.51172
4.2904663, 22.633070, 2.5223737, 6.5781727, 14.476601, 11.354069, 68.494576, 1125.6553, 852.51172
4.2833486, 22.631947, 2.5032475, 6.5736680, 14.485538, 11.358719, 68.493362, 1125.6543, 852.51172
4.2762423, 22.630817, 2.4842663, 6.5691643, 14.493542, 11.362774, 68.491982, 1125.6534, 852.51172
4.2691474, 22.629688, 2.4654288, 6.5646696, 14.500957, 11.366462, 68.490471, 1125.6526, 852.51172
4.2620645, 22.628563, 2.4467344, 6.5601749, 14.508931, 11.370526, 68.489136, 1125.6519, 852.51172
4.2549925, 22.627438, 2.4281814, 6.5556812, 14.517854, 11.375225, 68.488052, 1125.6511, 852.51172
4.2479334, 22.626312, 2.4097695, 6.5511928, 14.526134, 11.379518, 68.486870, 1125.6503, 852.51172
4.2408857, 22.625181, 2.3914969, 6.5467086, 14.533849, 11.383458, 68.485634, 1125.6494, 852.51172
