0.14938050E-3, 0.83094174E-2, 0.61689522E-1, 0.23869067E-1, 0.81997802E-2, 0.33157054E-1, 179.35954
0.15024976E-3, 0.95114755E-2, 0.64099945E-1, 0.12363280E-1, 0.50125611E-2, 0.29734397E-1, 180.61185
0.15119296E-3, 0.91911685E-2, 0.61844446E-1, 0.10190407E-1, 0.28016134E-2, 0.29634655E-1, 181.94028
0.15219951E-3, 0.10329470E-1, 0.68875276E-1, 0.10497264E-1, 0.12724376E-2, 0.29539704E-1, 183.32146
0.15328704E-3, 0.12233057E-1, 0.73421836E-1, 0.10624818E-1, 0.13456503E-2, 0.29448409E-1, 184.77345
0.15436900E-3, 0.11514367E-1, 0.66524863E-1, 0.88873832E-2, 0.13667480E-2, 0.29356144E-1, 186.19531
0.15530414E-3, 0.66419109E-2, 0.46199061E-1, 0.36783949E-2, 0.11357635E-2, 0.29264774E-1, 187.41980
0.15606647E-3, 0.38940737E-2, 0.31090736E-1, 0.0000000, 0.11669607E-2, 0.39044462E-1, 188.41272
0.15679424E-3, 0.47473642E-2, 0.34142874E-1, 0.69762277E-3, 0.16630312E-2, 0.29015591E-1, 189.34314
0.15755929E-3, 0.55441638E-2, 0.36824476E-1, 0.31166379E-2, 0.20525835E-2, 0.28914405E-1, 190.30547
0.15827951E-3, 0.40006898E-2, 0.28852707E-1, 0.10466459E-3, 0.20652537E-2, 0.28814431E-1, 191.20569
0.15899981E-3, 0.86190067E-2, 0.41598659E-1, 0.68406141E-2, 0.30429377E-2, 0.33617672E-1, 192.09216
0.15975343E-3, 0.10817663E-1, 0.45021042E-1, 0.10172267E-1, 0.48576053E-2, 0.40026974E-1, 193.01556
0.16036630E-3, 0.43019066E-2, 0.26796307E-1, 0.12985017E-1, 0.52679577E-2, 0.28480861E-1, 193.77339
0.16095597E-3, 0.15154353E-1, 0.54583412E-1, 0.18305110E-1, 0.49625365E-2, 0.28397789E-1, 194.48296
0.16163386E-3, 0.12001713E-1, 0.46859249E-1, 0.15562583E-1, 0.44263215E-2, 0.28320083E-1, 195.31087
0.16225567E-3, 0.10246110E-1, 0.40940411E-1, 0.16041780E-1, 0.50645741E-2, 0.28238147E-1, 196.06815
0.16284849E-3, 0.11104373E-1, 0.38814485E-1, 0.11457039E-1, 0.60826484E-2, 0.28158344E-1, 196.78664
0.16346532E-3, 0.12440710E-1, 0.38884033E-1, 0.12063035E-1, 0.74948580E-2, 0.28075213E-1, 197.53279
0.16400471E-3, 0.95327245E-2, 0.34243219E-1, 0.17902618E-1, 0.80101537E-2, 0.27996095E-1, 198.18898
0.16451220E-3, 0.12817384E-1, 0.40953077E-1, 0.17747084E-1, 0.72668414E-2, 0.27916459E-1, 198.79947
0.16501786E-3, 0.11995741E-1, 0.40019527E-1, 0.19766457E-1, 0.76208240E-2, 0.27839284E-1, 199.41136
0.16553118E-3, 0.17886337E-1, 0.47100984E-1, 0.21237385E-1, 0.81789447E-2, 0.27763136E-1, 200.02577
0.16602392E-3, 0.11032957E-1, 0.34226291E-1, 0.17216275E-1, 0.86998753E-2, 0.27687289E-1, 200.62817
0.16651837E-3, 0.20924140E-1, 0.48388287E-1, 0.19960165E-1, 0.88233454E-2, 0.27611682E-1, 201.21582
0.16703857E-3, 0.20699123E-1, 0.45416050E-1, 0.17914629E-1, 0.92778895E-2, 0.27535561E-1, 201.84464
0.16754346E-3, 0.21104105E-1, 0.43419715E-1, 0.16260309E-1, 0.10088717E-1, 0.27465845E-1, 202.45444
0.16803660E-3, 0.13202091E-1, 0.32310415E-1, 0.10346402E-1, 0.71275956E-2, 0.27403314E-1, 203.05829
0.16857579E-3, 0.18884849E-1, 0.36617063E-1, 0.15768502E-2, 0.34859376E-2, 0.27347691E-1, 203.70422
0.16913758E-3, 0.17982725E-1, 0.34960154E-1, 0.76612842E-3, 0.25080931E-2, 0.27305026E-1, 204.38406
0.16969940E-3, 0.27545152E-1, 0.44523470E-1, 0.19021308E-2, 0.26993419E-2, 0.27350493E-1, 205.05344
0.17019888E-3, 0.30075816E-1, 0.44423457E-1, 0.58193440E-2, 0.47763162E-2, 0.27605103E-1, 205.65456
0.17065607E-3, 0.26326507E-1, 0.39835047E-1, 0.63331611E-2, 0.72399401E-2, 0.28105546E-1, 206.21082
0.17112882E-3, 0.22918750E-1, 0.35960380E-1, 0.67657907E-2, 0.86589837E-2, 0.28676808E-1, 206.78552
0.17159941E-3, 0.28235972E-1, 0.37533876E-1, 0.53048483E-2, 0.95525309E-2, 0.29556124E-1, 207.34894
0.17205764E-3, 0.32398675E-1, 0.38773812E-1, 0.39107655E-2, 0.11083229E-1, 0.30992545E-1, 207.89848
0.17251875E-3, 0.33948485E-1, 0.38376894E-1, 0.20839493E-2, 0.12076877E-1, 0.32459497E-1, 208.45421
0.17299053E-3, 0.36772504E-1, 0.38819764E-1, 0.37603849E-3, 0.12673138E-1, 0.34072820E-1, 209.02148
0.17349997E-3, 0.20105734E-1, 0.27087364E-1, 0.0000000, 0.13209902E-1, 0.35572488E-1, 209.65382
0.17408250E-3, 0.11665844E-1, 0.20738203E-1, 0.38463240E-2, 0.13797522E-1, 0.33435855E-1, 210.36632
0.44672016E-1, 0.81705675E-2, 0.43965936E-1, 0.24348145E-1, 0.70746085E-2, 0.26502097E-1, 210.57121
0.15878328E-2, 0.13439861E-1, 0.67700021E-1, 0.22426642E-1, 0.21867766E-2, 0.26283585E-1, 210.77628
0.17622506E-3, 0.11329755E-1, 0.58280468E-1, 0.18092059E-1, 0.18880537E-2, 0.26211893E-1, 211.79604
0.17684246E-3, 0.14673094E-1, 0.62928848E-1, 0.18411480E-1, 0.23087852E-2, 0.26141906E-1, 212.76595
0.17748856E-3, 0.21921199E-1, 0.72241068E-1, 0.21829298E-1, 0.30765056E-2, 0.26072329E-1, 213.74075
0.17812077E-3, 0.26488375E-1, 0.72174810E-1, 0.20721264E-1, 0.34130160E-2, 0.26006050E-1, 214.67039
0.17869713E-3, 0.22818523E-1, 0.62144991E-1, 0.21908648E-1, 0.41757924E-2, 0.25938237E-1, 215.50928
0.17920708E-3, 0.23976382E-1, 0.59101693E-1, 0.19722912E-1, 0.50155632E-2, 0.25870506E-1, 216.23370
0.17964547E-3, 0.25644280E-1, 0.54228488E-1, 0.20931518E-1, 0.64925486E-2, 0.25805205E-1, 216.84561
0.18003646E-3, 0.23339499E-1, 0.46284467E-1, 0.21300217E-1, 0.88989856E-2, 0.25739927E-1, 217.38350
0.18040133E-3, 0.29386254E-1, 0.48545480E-1, 0.19314881E-1, 0.11442184E-1, 0.25674870E-1, 217.86526
0.18074263E-3, 0.33599690E-1, 0.49480759E-1, 0.20543806E-1, 0.12539545E-1, 0.25613870E-1, 218.30795
0.18103301E-3, 0.37764400E-1, 0.49439814E-1, 0.21856973E-1, 0.14812217E-1, 0.25625123E-1, 218.67969
0.18131708E-3, 0.33778090E-1, 0.44091225E-1, 0.20876713E-1, 0.16147589E-1, 0.25838807E-1, 219.04509
0.18162381E-3, 0.24068320E-1, 0.34798630E-1, 0.19621748E-1, 0.17042004E-1, 0.26267752E-1, 219.43828
0.18196092E-3, 0.12249161E-1, 0.29661171E-1, 0.25155464E-1, 0.18797772E-1, 0.25564892E-1, 219.86682
0.18233202E-3, 0.11734853E-1, 0.29795229E-1, 0.27637174E-1, 0.16338266E-1, 0.25311269E-1, 220.32251
0.18270778E-3, 0.99494364E-2, 0.26003268E-1, 0.21544650E-1, 0.17058166E-1, 0.25250092E-1, 220.78329
0.18306605E-3, 0.11019676E-1, 0.26558742E-1, 0.27247924E-1, 0.20139927E-1, 0.25192834E-1, 221.21860
0.18348098E-3, 0.15837720E-1, 0.32295950E-1, 0.25208948E-1, 0.22703968E-1, 0.25138244E-1, 221.71780
0.18394066E-3, 0.14132203E-1, 0.29939556E-1, 0.27734697E-1, 0.24296762E-1, 0.25079260E-1, 222.27666
0.18441053E-3, 0.10196057E-1, 0.25676195E-1, 0.21935381E-1, 0.23072479E-1, 0.25020812E-1, 222.84917
0.18482027E-3, 0.91038588E-2, 0.27304169E-1, 0.28353721E-1, 0.20186784E-1, 0.24964605E-1, 223.34546
0.18518546E-3, 0.11512333E-1, 0.34627721E-1, 0.28808929E-1, 0.15224300E-1, 0.24912603E-1, 223.78433
0.85032858E-1, 0.14972518E-1, 0.55128470E-1, 0.36668319E-1, 0.10127777E-1, 0.24860021E-1, 223.41714
0.18573570E-3, 0.13160119E-1, 0.61719142E-1, 0.24212342E-1, 0.48025497E-2, 0.24803992E-1, 223.05211
0.18618858E-3, 0.12335553E-1, 0.56987237E-1, 0.28938428E-1, 0.37432907E-2, 0.24743663E-1, 223.85410
0.18664919E-3, 0.16632169E-1, 0.64928077E-1, 0.23548830E-1, 0.38110313E-2, 0.24686106E-1, 224.63898
0.18709264E-3, 0.14929640E-1, 0.56531183E-1, 0.28461628E-1, 0.45421850E-2, 0.24629496E-1, 225.37904
0.18750752E-3, 0.16355895E-1, 0.56492448E-1, 0.29801905E-1, 0.50949869E-2, 0.24573265E-1, 226.04771
0.18793801E-3, 0.23128403E-1, 0.63199997E-1, 0.24285361E-1, 0.53607011E-2, 0.24518615E-1, 226.69672
0.99809356E-1, 0.17542077E-1, 0.66410862E-1, 0.33484470E-1, 0.47465619E-2, 0.24465226E-1, 225.76653
0.18796533E-3, 0.17566679E-1, 0.68361096E-1, 0.24679516E-1, 0.34881718E-2, 0.24410727E-1, 225.85744
0.18851996E-3, 0.25724536E-1, 0.78478336E-1, 0.26695253E-1, 0.32925510E-2, 0.24354488E-1, 226.76624
0.18902140E-3, 0.25959829E-1, 0.70577808E-1, 0.26509203E-1, 0.35192966E-2, 0.24300829E-1, 227.59261
0.18943842E-3, 0.25615646E-1, 0.62606819E-1, 0.25991743E-1, 0.41955477E-2, 0.24245480E-1, 228.28479
0.18980187E-3, 0.31999186E-1, 0.66326007E-1, 0.25274904E-1, 0.46288595E-2, 0.24191903E-1, 228.87140
0.19012191E-3, 0.27967405E-1, 0.57399228E-1, 0.24433393E-1, 0.53572985E-2, 0.24138236E-1, 229.38367
0.19039509E-3, 0.37607957E-1, 0.61649915E-1, 0.22946451E-1, 0.59839603E-2, 0.24085030E-1, 229.79756
0.19059227E-3, 0.12636335E-1, 0.28604368E-1, 0.19816460E-1, 0.68883887E-2, 0.24028778E-1, 230.13124
0.19076669E-3, 0.11021926E-1, 0.24871584E-1, 0.21192525E-1, 0.91253379E-2, 0.23974236E-1, 230.39600
0.19095732E-3, 0.10347905E-1, 0.23093902E-1, 0.23346733E-1, 0.12093680E-1, 0.23919785E-1, 230.66553
0.19117988E-3, 0.14889918E-1, 0.28189046E-1, 0.23408057E-1, 0.15023530E-1, 0.23867447E-1, 230.95782
0.19145197E-3, 0.22622569E-1, 0.35863683E-1, 0.24007438E-1, 0.16375266E-1, 0.23816569E-1, 231.29910
0.19169263E-3, 0.33792034E-1, 0.42495992E-1, 0.24849555E-1, 0.16840558E-1, 0.23794884E-1, 231.59312
0.19191745E-3, 0.24866713E-1, 0.34346603E-1, 0.22931788E-1, 0.18064132E-1, 0.23842620E-1, 231.88414
0.19214103E-3, 0.37524484E-1, 0.41312382E-1, 0.24653874E-1, 0.19351609E-1, 0.24079753E-1, 232.14915
0.19234110E-3, 0.31108821E-1, 0.35852414E-1, 0.22136953E-1, 0.20042760E-1, 0.24532184E-1, 232.40283
0.19252428E-3, 0.52159429E-1, 0.46385054E-1, 0.19574430E-1, 0.20521151E-1, 0.25242440E-1, 232.60689
0.19267469E-3, 0.26452551E-1, 0.29766282E-1, 0.20395203E-1, 0.21699347E-1, 0.26198030E-1, 232.81725
0.19289744E-3, 0.40769804E-1, 0.36271475E-1, 0.21301946E-1, 0.23767233E-1, 0.27428873E-1, 233.07390
0.19310077E-3, 0.39705999E-1, 0.34311786E-1, 0.16683029E-1, 0.25841530E-1, 0.29053450E-1, 233.32179
0.19337825E-3, 0.39611299E-1, 0.33201162E-1, 0.15430915E-1, 0.28013924E-1, 0.30810582E-1, 233.65726
0.19377147E-3, 0.27676282E-1, 0.25940398E-1, 0.13263408E-1, 0.30717973E-1, 0.32136165E-1, 234.14436
0.19427379E-3, 0.22102620E-1, 0.21715933E-1, 0.17048649E-1, 0.33950668E-1, 0.33140071E-1, 234.75699
0.19477936E-3, 0.32111637E-1, 0.26555765E-1, 0.16346114E-1, 0.37398353E-1, 0.34671385E-1, 235.35796
0.19537298E-3, 0.26044993E-1, 0.22861185E-1, 0.11162633E-1, 0.39601371E-1, 0.36239870E-1, 236.08145
0.19609813E-3, 0.17717050E-1, 0.19295085E-1, 0.18282652E-1, 0.42924695E-1, 0.31630129E-1, 236.96609
0.19673085E-3, 0.14784015E-1, 0.21545891E-1, 0.27655827E-1, 0.42311799E-1, 0.23491541E-1, 237.73361
0.19733119E-3, 0.20147193E-1, 0.24599241E-1, 0.24172317E-1, 0.39139461E-1, 0.24131693E-1, 238.45383
0.19780229E-3, 0.36493711E-1, 0.32036684E-1, 0.23210734E-1, 0.36912121E-1, 0.26246294E-1, 239.00677
0.19814362E-3, 0.38757399E-1, 0.30101495E-1, 0.18913571E-1, 0.36489431E-1, 0.30338792E-1, 239.41702
0.19845026E-3, 0.65590337E-1, 0.37905376E-1, 0.10769701E-1, 0.37890319E-1, 0.35501674E-1, 239.76077
0.19879318E-3, 0.52412476E-1, 0.31379405E-1, 0.66803675E-3, 0.40126394E-1, 0.39587475E-1, 240.18837
0.19952150E-3, 0.25204819E-1, 0.20181352E-1, 0.0000000, 0.43570165E-1, 0.41289251E-1, 241.09576
0.20031692E-3, 0.20765070E-1, 0.23050169E-1, 0.22274535E-1, 0.39582767E-1, 0.28462969E-1, 242.06143
0.20072321E-3, 0.19893689E-1, 0.34244165E-1, 0.32937959E-1, 0.24996851E-1, 0.22693489E-1, 242.55331
0.20102083E-3, 0.24771111E-1, 0.38515706E-1, 0.25444992E-1, 0.15645023E-1, 0.22650069E-1, 242.90808
0.20119603E-3, 0.19180110E-1, 0.31006422E-1, 0.27281558E-1, 0.12040580E-1, 0.22603560E-1, 243.12546
0.20135021E-3, 0.23100542E-1, 0.34101121E-1, 0.22235181E-1, 0.11513793E-1, 0.22556480E-1, 243.30785
0.20145913E-3, 0.31028943E-1, 0.38214982E-1, 0.24085652E-1, 0.11227700E-1, 0.22511004E-1, 243.43153
0.20150373E-3, 0.33747602E-1, 0.37044160E-1, 0.25322672E-1, 0.11309500E-1, 0.22512816E-1, 243.48276
0.20149697E-3, 0.40162735E-1, 0.37798472E-1, 0.21047169E-1, 0.11697047E-1, 0.22825610E-1, 243.46811
0.20144462E-3, 0.42018645E-1, 0.36124300E-1, 0.17927766E-1, 0.11928584E-1, 0.23667064E-1, 243.40302
0.20140618E-3, 0.29707868E-1, 0.27857337E-1, 0.20446602E-1, 0.13690455E-1, 0.24765441E-1, 243.36885
0.20144496E-3, 0.20938523E-1, 0.26040152E-1, 0.23100125E-1, 0.11480240E-1, 0.22785358E-1, 243.42447
0.20150635E-3, 0.20074300E-1, 0.29352432E-1, 0.19568514E-1, 0.57167588E-2, 0.22228990E-1, 243.49956
0.20162993E-3, 0.19717142E-1, 0.35950709E-1, 0.20990780E-1, 0.39652498E-2, 0.22177860E-1, 243.64925
0.20181559E-3, 0.25672542E-1, 0.46816047E-1, 0.26163545E-1, 0.39784182E-2, 0.22132644E-1, 243.86766
0.20197166E-3, 0.33838648E-1, 0.49320735E-1, 0.21857979E-1, 0.44470425E-2, 0.22089399E-1, 244.04811
0.20204281E-3, 0.33619642E-1, 0.44790868E-1, 0.24763925E-1, 0.48637656E-2, 0.22045063E-1, 244.13428
0.20207296E-3, 0.30281555E-1, 0.40207583E-1, 0.22339225E-1, 0.55175982E-2, 0.21999573E-1, 244.17412
0.62272352, 0.23615832E-1, 0.59131723E-1, 0.29489961E-1, 0.41992087E-2, 0.21957949E-1, 242.98416
0.19176555E-3, 0.32942150E-1, 0.84676042E-1, 0.23645399E-1, 0.19140003E-2, 0.21911068E-1, 230.23997
0.19228087E-3, 0.33807036E-1, 0.80572315E-1, 0.22813717E-1, 0.19638715E-2, 0.21864299E-1, 231.12566
0.19268956E-3, 0.37906632E-1, 0.77800281E-1, 0.24846774E-1, 0.23379629E-2, 0.21819066E-1, 231.85928
0.19298776E-3, 0.45160670E-1, 0.75282127E-1, 0.22979338E-1, 0.27460570E-2, 0.21773305E-1, 232.42638
0.19313928E-3, 0.29023798E-1, 0.51767994E-1, 0.24432916E-1, 0.40547866E-2, 0.21728968E-1, 232.80486
0.19318672E-3, 0.53186361E-1, 0.66792719E-1, 0.21113023E-1, 0.48470520E-2, 0.21686634E-1, 232.98264
0.19314144E-3, 0.49028985E-1, 0.57832342E-1, 0.24397403E-1, 0.54099052E-2, 0.21642599E-1, 233.04494
0.19301630E-3, 0.62011860E-1, 0.59901394E-1, 0.19007521E-1, 0.57792715E-2, 0.21598859E-1, 232.96666
0.19283277E-3, 0.52264363E-1, 0.51004730E-1, 0.19378563E-1, 0.64491844E-2, 0.21554232E-1, 232.81885
0.19267811E-3, 0.52782729E-1, 0.47597706E-1, 0.17982794E-1, 0.74336873E-2, 0.21546809E-1, 232.67889
0.19257354E-3, 0.40947195E-1, 0.46155132E-1, 0.21901229E-1, 0.92141824E-2, 0.21491440E-1, 232.59894
0.19255064E-3, 0.50213642E-1, 0.51844854E-1, 0.25880989E-1, 0.91978395E-2, 0.21421669E-1, 232.58704
0.19243492E-3, 0.49727350E-1, 0.48073776E-1, 0.22238184E-1, 0.84212869E-2, 0.21387478E-1, 232.46564
0.19224241E-3, 0.63235700E-1, 0.50799962E-1, 0.18635543E-1, 0.84913662E-2, 0.21436086E-1, 232.23233
0.19204862E-3, 0.48916098E-1, 0.50071880E-1, 0.23541614E-1, 0.98920707E-2, 0.21381279E-1, 232.02168
0.19201942E-3, 0.50300054E-1, 0.52792814E-1, 0.22550130E-1, 0.92220791E-2, 0.21252196E-1, 231.99171
0.19193960E-3, 0.48816759E-1, 0.47494177E-1, 0.20748505E-1, 0.87522045E-2, 0.21214271E-1, 231.90147
0.19174580E-3, 0.67391492E-1, 0.52319549E-1, 0.19567806E-1, 0.93738791E-2, 0.21284455E-1, 231.65210
0.19133904E-3, 0.83569333E-1, 0.54285485E-1, 0.16983582E-1, 0.10544710E-1, 0.21802459E-1, 231.14673
0.19089691E-3, 0.59750739E-1, 0.40524155E-1, 0.18312503E-1, 0.12080700E-1, 0.23315283E-1, 230.63795
0.19068462E-3, 0.41603226E-1, 0.32013506E-1, 0.15522557E-1, 0.13595968E-1, 0.23742907E-1, 230.39995
0.19061135E-3, 0.47445007E-1, 0.32804828E-1, 0.14193913E-1, 0.14025402E-1, 0.25159838E-1, 230.30556
0.19056820E-3, 0.39160650E-1, 0.42389296E-1, 0.27594447E-1, 0.16084917E-1, 0.21839736E-1, 230.26170
0.19060391E-3, 0.49408369E-1, 0.52119315E-1, 0.22790890E-1, 0.11293442E-1, 0.20922966E-1, 230.29462
0.19052070E-3, 0.59717361E-1, 0.56026839E-1, 0.21936467E-1, 0.90323640E-2, 0.20884572E-1, 230.18378
0.19036228E-3, 0.46123710E-1, 0.44889100E-1, 0.24594117E-1, 0.93628215E-2, 0.20845572E-1, 230.00591
0.19025434E-3, 0.51611833E-1, 0.46853982E-1, 0.20959400E-1, 0.96112629E-2, 0.20815050E-1, 229.87001
0.19008957E-3, 0.49350087E-1, 0.42683657E-1, 0.20348903E-1, 0.10411745E-1, 0.20892164E-1, 229.67313
0.19002003E-3, 0.38791403E-1, 0.41246835E-1, 0.21287564E-1, 0.11303861E-1, 0.20742998E-1, 229.59966
0.19004686E-3, 0.28334061E-1, 0.31906087E-1, 0.24462970E-1, 0.13690719E-1, 0.20732662E-1, 229.64253
0.19016574E-3, 0.28351778E-1, 0.24845900E-1, 0.18467890E-1, 0.22952510E-1, 0.23403790E-1, 229.78613
0.19049182E-3, 0.28400397E-1, 0.20316731E-1, 0.10450247E-1, 0.35058342E-1, 0.31343527E-1, 230.18018
0.19124254E-3, 0.28512323E-1, 0.18254748E-1, 0.93252747E-4, 0.47030207E-1, 0.38867407E-1, 231.08731
0.19226593E-3, 0.28664904E-1, 0.17303986E-1, 0.0000000, 0.58613658E-1, 0.43123428E-1, 232.32394
0.19309534E-3, 0.76000266E-1, 0.32608241E-1, 0.0000000, 0.65101534E-1, 0.44955075E-1, 233.27895
0.19398757E-3, 0.53966358E-1, 0.24354240E-1, 0.0000000, 0.70605084E-1, 0.46076525E-1, 234.37920
0.19504126E-3, 0.37428331E-1, 0.26383840E-1, 0.20638525E-1, 0.72835006E-1, 0.31517342E-1, 235.66916
0.19578407E-3, 0.44496126E-1, 0.30180959E-1, 0.24172146E-1, 0.56187212E-1, 0.23099581E-1, 236.55975
0.19615231E-3, 0.60061134E-1, 0.32725167E-1, 0.20912157E-1, 0.51568769E-1, 0.25214974E-1, 236.98921
0.19642311E-3, 0.37944838E-1, 0.32919269E-1, 0.30877719E-1, 0.43362752E-1, 0.20378359E-1, 237.33858
0.19675876E-3, 0.32211497E-1, 0.31337220E-1, 0.23043487E-1, 0.31446248E-1, 0.20098813E-1, 237.75000
0.19695026E-3, 0.35788570E-1, 0.46037991E-1, 0.31197242E-1, 0.14580227E-1, 0.20014361E-1, 237.97780
0.19698826E-3, 0.49205553E-1, 0.51797293E-1, 0.24888087E-1, 0.84569547E-2, 0.19980283E-1, 238.01031
0.19679274E-3, 0.61433028E-1, 0.53732071E-1, 0.23805056E-1, 0.78503955E-2, 0.19947201E-1, 237.76181
0.19653242E-3, 0.49501237E-1, 0.49806021E-1, 0.22779575E-1, 0.82448488E-2, 0.19913476E-1, 237.45915
0.19633866E-3, 0.76903589E-1, 0.65426320E-1, 0.22635806E-1, 0.71726823E-2, 0.19878753E-1, 237.19759
0.19586411E-3, 0.85053213E-1, 0.60960039E-1, 0.23109566E-1, 0.70917173E-2, 0.19842241E-1, 236.61588
0.19531226E-3, 0.68670556E-1, 0.49152501E-1, 0.19756278E-1, 0.78641055E-2, 0.19811722E-1, 235.96539
0.19482168E-3, 0.78211941E-1, 0.52928787E-1, 0.21105124E-1, 0.88118967E-2, 0.19782269E-1, 235.36302
0.19446222E-3, 0.35924044E-1, 0.32408699E-1, 0.22961933E-1, 0.12640665E-1, 0.19752296E-1, 234.97087
0.98746173E-1, 0.29031390E-1, 0.58049992E-1, 0.34629118E-1, 0.10873315E-1, 0.19703982E-1, 233.68726
0.19428437E-3, 0.32260139E-1, 0.68995476E-1, 0.22986919E-1, 0.43210429E-2, 0.19670727E-1, 233.29984
0.66991936E-3, 0.45173198E-1, 0.82110584E-1, 0.28139221E-1, 0.27544859E-2, 0.19635130E-1, 233.84882
0.19479961E-3, 0.53696238E-1, 0.90468213E-1, 0.22296263E-1, 0.21397418E-2, 0.19600397E-1, 234.41197
0.17999893E-2, 0.55793662E-1, 0.91552280E-1, 0.25382409E-1, 0.21385597E-2, 0.19566307E-1, 234.92558
0.19541958E-3, 0.44011511E-1, 0.81540272E-1, 0.22403648E-1, 0.20574506E-2, 0.19531336E-1, 235.50848
0.19570964E-3, 0.51072720E-1, 0.84472068E-1, 0.26998490E-1, 0.22306626E-2, 0.19498076E-1, 236.00406
0.19591958E-3, 0.49060296E-1, 0.75869195E-1, 0.25197694E-1, 0.24153192E-2, 0.19466009E-1, 236.37914
0.19600891E-3, 0.70778728E-1, 0.84597990E-1, 0.25909636E-1, 0.26996548E-2, 0.19433843E-1, 236.55681
0.63395210E-1, 0.57810266E-1, 0.90352558E-1, 0.26158983E-1, 0.26932186E-2, 0.19402932E-1, 235.61807
0.15061294, 0.44714715E-1, 0.81414029E-1, 0.24899444E-1, 0.25829202E-2, 0.19370766E-1, 233.84178
0.19368602E-3, 0.80669329E-1, 0.11016843, 0.26859324E-1, 0.21924691E-2, 0.19338943E-1, 232.62381
0.19365035E-3, 0.78759693E-1, 0.94814472E-1, 0.26309438E-1, 0.23925158E-2, 0.19307192E-1, 232.84390
0.19336067E-3, 0.89030214E-1, 0.87434329E-1, 0.21326495E-1, 0.30593080E-2, 0.19276191E-1, 232.71898
0.19304009E-3, 0.54341726E-1, 0.69013104E-1, 0.25944890E-1, 0.41143624E-2, 0.19244276E-1, 232.56703
0.19310287E-3, 0.83131075E-1, 0.11045952, 0.23840284E-1, 0.26641239E-2, 0.19213624E-1, 232.77739
0.19324665E-3, 0.76133095E-1, 0.95648900E-1, 0.23135358E-1, 0.22639770E-2, 0.19181091E-1, 233.08742
0.19311617E-3, 0.91303952E-1, 0.88348381E-1, 0.25399355E-1, 0.28825800E-2, 0.19150304E-1, 233.01447
0.19268465E-3, 0.85974872E-1, 0.72953619E-1, 0.21411566E-1, 0.38527704E-2, 0.19119505E-1, 232.57401
0.19215325E-3, 0.86751156E-1, 0.66164009E-1, 0.21030078E-1, 0.48713950E-2, 0.19087505E-1, 231.98715
0.19148132E-3, 0.91214709E-1, 0.60009975E-1, 0.20828279E-1, 0.62555321E-2, 0.19054761E-1, 231.21196
0.19055034E-3, 0.11142243, 0.58551971E-1, 0.20100735E-1, 0.82926983E-2, 0.19110061E-1, 230.09663
0.18965932E-3, 0.75772420E-1, 0.42313963E-1, 0.15467691E-1, 0.10777094E-1, 0.19693553E-1, 229.07707
0.18900927E-3, 0.79271749E-1, 0.39722171E-1, 0.18748082E-1, 0.14063027E-1, 0.20828573E-1, 228.30322
0.18842448E-3, 0.61079349E-1, 0.38965140E-1, 0.25227372E-1, 0.15975563E-1, 0.19804144E-1, 227.62558
0.18818912E-3, 0.54190103E-1, 0.54905228E-1, 0.24656236E-1, 0.12050893E-1, 0.18895064E-1, 227.35585
0.18813915E-3, 0.31760428E-1, 0.41144919E-1, 0.26567178E-1, 0.91126179E-2, 0.18865103E-1, 227.32355
0.56976028E-1, 0.28285006E-1, 0.55940036E-1, 0.26161682E-1, 0.47774422E-2, 0.18838059E-1, 226.70615
0.15359095, 0.30139074E-1, 0.65084025E-1, 0.28754335E-1, 0.35075122E-2, 0.18810328E-1, 224.48643
0.18604525E-3, 0.36631014E-1, 0.74272662E-1, 0.27183022E-1, 0.31161667E-2, 0.18781364E-1, 223.42236
0.18623270E-3, 0.75224943E-1, 0.10207045, 0.24196975E-1, 0.25383846E-2, 0.18752700E-1, 223.86482
0.18620967E-3, 0.76513119E-1, 0.90809062E-1, 0.21459667E-1, 0.24974295E-2, 0.18723559E-1, 224.06830
0.18598167E-3, 0.80941558E-1, 0.81406385E-1, 0.24346774E-1, 0.30736814E-2, 0.18693713E-1, 223.98993
0.18557927E-3, 0.78509480E-1, 0.69869369E-1, 0.19917417E-1, 0.37385309E-2, 0.18663714E-1, 223.67322
0.18498118E-3, 0.97489662E-1, 0.68260714E-1, 0.21089096E-1, 0.47843209E-2, 0.18632714E-1, 223.06506
0.18430789E-3, 0.59390217E-1, 0.46818402E-1, 0.18632211E-1, 0.62294854E-2, 0.18601652E-1, 222.39276
0.18398197E-3, 0.44340272E-1, 0.41226730E-1, 0.21675169E-1, 0.72971983E-2, 0.18571574E-1, 222.09143
0.18376080E-3, 0.48602499E-1, 0.48503451E-1, 0.23574473E-1, 0.86619537E-2, 0.18544059E-1, 221.87749
0.18365204E-3, 0.51034186E-1, 0.57398934E-1, 0.25419964E-1, 0.70371861E-2, 0.18518461E-1, 221.78596
0.18356442E-3, 0.52732732E-1, 0.55831801E-1, 0.27423603E-1, 0.70093912E-2, 0.18490544E-1, 221.70914
0.18334691E-3, 0.68042956E-1, 0.59104919E-1, 0.23420397E-1, 0.81822872E-2, 0.18464061E-1, 221.45345
0.18315135E-3, 0.45671623E-1, 0.52374560E-1, 0.23286013E-1, 0.81911376E-2, 0.18437900E-1, 221.25543
0.18309201E-3, 0.46631794E-1, 0.51632088E-1, 0.26097430E-1, 0.84225200E-2, 0.18413566E-1, 221.19415
0.34789879E-1, 0.34925826E-1, 0.62745742E-1, 0.29567156E-1, 0.71386704E-2, 0.18391801E-1, 220.83496
0.18394378E-3, 0.44159926E-1, 0.78079082E-1, 0.27612336E-1, 0.32665031E-2, 0.18363997E-1, 220.96620
0.18409132E-3, 0.80074310E-1, 0.10140259, 0.22309944E-1, 0.24198585E-2, 0.18338064E-1, 221.35480
0.18394766E-3, 0.62977932E-1, 0.73376358E-1, 0.22734953E-1, 0.29346887E-2, 0.18310526E-1, 221.42029
0.41601942E-2, 0.34472987E-1, 0.55871636E-1, 0.23565654E-1, 0.37701637E-2, 0.18281633E-1, 221.47511
0.12969983, 0.28567038E-1, 0.61440296E-1, 0.24893276E-1, 0.36001871E-2, 0.18256040E-1, 220.10870
0.18925860E-2, 0.49114227E-1, 0.83535507E-1, 0.28162409E-1, 0.33363928E-2, 0.18231221E-1, 219.14645
0.18278320E-3, 0.40752266E-1, 0.70231751E-1, 0.25430048E-1, 0.27344592E-2, 0.18203955E-1, 219.59637
0.18287478E-3, 0.42153727E-1, 0.66239484E-1, 0.24864370E-1, 0.30530775E-2, 0.18177314E-1, 219.94888
0.18296273E-3, 0.37028797E-1, 0.65248311E-1, 0.22703150E-1, 0.24261875E-2, 0.18150367E-1, 220.27728
0.18316107E-3, 0.34302682E-1, 0.63344225E-1, 0.22165515E-1, 0.28745267E-2, 0.18123191E-1, 220.70367
0.18328351E-3, 0.62087104E-1, 0.82190998E-1, 0.29384628E-1, 0.29188001E-2, 0.18098902E-1, 220.97446
0.18323385E-3, 0.71688399E-1, 0.80293603E-1, 0.21397024E-1, 0.28938847E-2, 0.18075716E-1, 221.02406
0.18301621E-3, 0.64762741E-1, 0.65119304E-1, 0.24342377E-1, 0.34144842E-2, 0.18050049E-1, 220.85965
0.18270237E-3, 0.74526295E-1, 0.61556768E-1, 0.19885957E-1, 0.44584991E-2, 0.18022681E-1, 220.53966
0.18224047E-3, 0.63399620E-1, 0.49243286E-1, 0.19731347E-1, 0.58783740E-2, 0.17995875E-1, 220.04387
0.18182259E-3, 0.54218840E-1, 0.40746480E-1, 0.21096453E-1, 0.75424314E-2, 0.17969502E-1, 219.58559
0.18131814E-3, 0.78522429E-1, 0.46133455E-1, 0.20713257E-1, 0.90608355E-2, 0.17972870E-1, 218.97879
0.18052450E-3, 0.93044832E-1, 0.46539322E-1, 0.19413631E-1, 0.10940082E-1, 0.18181907E-1, 218.02484
0.17980511E-3, 0.65333582E-1, 0.38633376E-1, 0.18834120E-1, 0.12030515E-1, 0.18188698E-1, 217.19708
0.17936616E-3, 0.55956025E-1, 0.35150681E-1, 0.18088233E-1, 0.13315603E-1, 0.18129341E-1, 216.68594
0.17884866E-3, 0.87709285E-1, 0.46026848E-1, 0.20865375E-1, 0.13655146E-1, 0.18087812E-1, 216.03593
0.17832380E-3, 0.46253294E-1, 0.32471381E-1, 0.19023014E-1, 0.15317688E-1, 0.18026849E-1, 215.44827
0.17806303E-3, 0.56288213E-1, 0.34416944E-1, 0.20724652E-1, 0.15991313E-1, 0.18031996E-1, 215.12668
0.17784048E-3, 0.36546763E-1, 0.24665566E-1, 0.16793899E-1, 0.18440627E-1, 0.18900536E-1, 214.88023
0.17763644E-3, 0.67845047E-1, 0.31669389E-1, 0.18793007E-1, 0.21219932E-1, 0.20929830E-1, 214.60397
0.17738706E-3, 0.37629355E-1, 0.21362361E-1, 0.14627527E-1, 0.24093123E-1, 0.23151791E-1, 214.33388
0.17741896E-3, 0.35294455E-1, 0.28652444E-1, 0.23750296E-1, 0.24254834E-1, 0.17957594E-1, 214.37476
0.17737107E-3, 0.52958526E-1, 0.35738908E-1, 0.24176516E-1, 0.20250283E-1, 0.17692599E-1, 214.29924
0.17698605E-3, 0.76994106E-1, 0.39742932E-1, 0.21784756E-1, 0.18252414E-1, 0.18111413E-1, 213.80988
0.17633554E-3, 0.85278884E-1, 0.37810516E-1, 0.17074496E-1, 0.18762503E-1, 0.19364502E-1, 213.01546
0.17584302E-3, 0.42717829E-1, 0.24080859E-1, 0.16986120E-1, 0.20887816E-1, 0.20963648E-1, 212.46280
0.17560544E-3, 0.67917056E-1, 0.29585935E-1, 0.15928356E-1, 0.23657296E-1, 0.22881951E-1, 212.15054
0.17524860E-3, 0.63528582E-1, 0.27506374E-1, 0.15164831E-1, 0.25872542E-1, 0.24337584E-1, 211.72368
0.17500539E-3, 0.57807971E-1, 0.24837725E-1, 0.10384430E-1, 0.28227177E-1, 0.26656987E-1, 211.43546
0.17485062E-3, 0.78353539E-1, 0.28526863E-1, 0.74878167E-2, 0.31534784E-1, 0.27872439E-1, 211.22786
0.17448170E-3, 0.67695946E-1, 0.28109420E-1, 0.18877812E-1, 0.33290364E-1, 0.25016561E-1, 210.79271
0.17419943E-3, 0.64812206E-1, 0.30886250E-1, 0.20230854E-1, 0.31364597E-1, 0.20288279E-1, 210.45445
0.17380304E-3, 0.85536264E-1, 0.31645417E-1, 0.12339028E-1, 0.30867934E-1, 0.25381936E-1, 209.95473
0.17355988E-3, 0.61449014E-1, 0.23759231E-1, 0.99505240E-3, 0.33150073E-1, 0.31324241E-1, 209.68494
0.17376625E-3, 0.43410547E-1, 0.18155735E-1, 0.33868966E-2, 0.37984312E-1, 0.31827994E-1, 209.95239
0.17414251E-3, 0.50862566E-1, 0.20242829E-1, 0.25806930E-2, 0.41876059E-1, 0.31993274E-1, 210.39963
0.17459079E-3, 0.47964446E-1, 0.18894492E-1, 0.0000000, 0.46988212E-1, 0.35602149E-1, 210.94426
0.17518576E-3, 0.43105494E-1, 0.18240746E-1, 0.60545644E-2, 0.51374216E-1, 0.31787895E-1, 211.66815
0.17572133E-3, 0.45742072E-1, 0.18502353E-1, 0.55919802E-2, 0.53076498E-1, 0.32228068E-1, 212.31271
0.17636923E-3, 0.53570352E-1, 0.19049820E-1, 0.0000000, 0.57520863E-1, 0.37222221E-1, 213.08788
0.17717507E-3, 0.35413489E-1, 0.14848532E-1, 0.0000000, 0.62649012E-1, 0.36157269E-1, 214.07993
0.17819217E-3, 0.41628178E-1, 0.16101718E-1, 0.0000000, 0.66187084E-1, 0.35573978E-1, 215.30283
0.17908512E-3, 0.61193727E-1, 0.19222390E-1, 0.0000000, 0.70124969E-1, 0.38040027E-1, 216.36244
0.18005636E-3, 0.33552486E-1, 0.13602272E-1, 0.0000000, 0.74568503E-1, 0.37641138E-1, 217.56383
0.18109822E-3, 0.39869081E-1, 0.21810608E-1, 0.24412926E-1, 0.69767490E-1, 0.19385561E-1, 218.81656
0.18154827E-3, 0.57520267E-1, 0.26315631E-1, 0.23256186E-1, 0.52620146E-1, 0.18359067E-1, 219.34282
0.18171505E-3, 0.41033231E-1, 0.19246140E-1, 0.18692536E-1, 0.45666400E-1, 0.21567652E-1, 219.56082
0.18190657E-3, 0.58760080E-1, 0.20742185E-1, 0.12134353E-1, 0.45271132E-1, 0.26381474E-1, 219.77458
0.18212848E-3, 0.58279656E-1, 0.19612283E-1, 0.13178110E-2, 0.47158949E-1, 0.31354237E-1, 220.04326
0.18248100E-3, 0.58595002E-1, 0.18969009E-1, 0.0000000, 0.46244908E-1, 0.34090117E-1, 220.46892
0.18274458E-3, 0.61265510E-1, 0.18918414E-1, 0.0000000, 0.45214169E-1, 0.35802621E-1, 220.78481
0.18304179E-3, 0.50911788E-1, 0.17581547E-1, 0.65699993E-2, 0.46943448E-1, 0.30907795E-1, 221.15433
0.18324408E-3, 0.51462628E-1, 0.18723000E-1, 0.99182446E-2, 0.44119425E-1, 0.26441354E-1, 221.39828
0.18359431E-3, 0.51793262E-1, 0.16641799E-1, 0.93153212E-5, 0.46439502E-1, 0.33580892E-1, 221.82120
0.18406044E-3, 0.49704816E-1, 0.15461870E-1, 0.0000000, 0.51615100E-1, 0.37317913E-1, 222.38657
0.18462485E-3, 0.52648567E-1, 0.15685469E-1, 0.0000000, 0.57391327E-1, 0.38234472E-1, 223.06569
0.18522670E-3, 0.58185652E-1, 0.16260333E-1, 0.0000000, 0.62793553E-1, 0.38465586E-1, 223.78752
0.18589414E-3, 0.55678688E-1, 0.15795147E-1, 0.0000000, 0.67891397E-1, 0.38589258E-1, 224.59659
0.18663036E-3, 0.25032148E-1, 0.18409887E-1, 0.20778459E-1, 0.59670243E-1, 0.18117743E-1, 225.51700
0.43851459, 0.22669349E-1, 0.37156742E-1, 0.27289748E-1, 0.18192671E-1, 0.15894519E-1, 222.39908
0.80022746, 0.19450054E-1, 0.37214447E-1, 0.26264250E-1, 0.50270464E-2, 0.15868191E-1, 205.58250
0.16395120E-3, 0.26853142E-1, 0.44723328E-1, 0.25221571E-1, 0.41807885E-2, 0.15845785E-1, 196.84639
0.16386076E-3, 0.19243892E-1, 0.33001088E-1, 0.24899093E-1, 0.39992416E-2, 0.15824657E-1, 196.97356
0.16077518, 0.13476823E-1, 0.28209377E-1, 0.18101644E-1, 0.29385134E-2, 0.15801435E-1, 195.82344
0.10655327E-1, 0.21488251E-1, 0.39983071E-1, 0.25759565E-1, 0.32878816E-2, 0.15779769E-1, 193.19643
0.16089274E-3, 0.17418848E-1, 0.34868788E-1, 0.20775864E-1, 0.36804075E-2, 0.15760159E-1, 193.34332
0.71497788E-2, 0.17528685E-1, 0.34579124E-1, 0.25310868E-1, 0.38748377E-2, 0.15740801E-1, 193.35852
0.16101309E-3, 0.15134158E-1, 0.30279210E-1, 0.20841561E-1, 0.43946262E-2, 0.15719246E-1, 193.49022
0.16092342E-3, 0.18772010E-1, 0.31608079E-1, 0.24746252E-1, 0.49114595E-2, 0.15699256E-1, 193.59090
0.16076991E-3, 0.27402092E-1, 0.35210963E-1, 0.26907776E-1, 0.51131835E-2, 0.15683396E-1, 193.58530
0.16057800E-3, 0.29919386E-1, 0.33711489E-1, 0.21117968E-1, 0.53488407E-2, 0.15667873E-1, 193.51001
0.16043005E-3, 0.14997881E-1, 0.20846210E-1, 0.21529580E-1, 0.66529200E-2, 0.15648644E-1, 193.47511
0.16038470E-3, 0.11157912E-1, 0.17199703E-1, 0.18812610E-1, 0.80732843E-2, 0.15626503E-1, 193.52528
0.16038900E-3, 0.11248939E-1, 0.16826889E-1, 0.19817110E-1, 0.93307355E-2, 0.15603433E-1, 193.60767
0.16038488E-3, 0.18383695E-1, 0.21184273E-1, 0.26168685E-1, 0.10649182E-1, 0.15583619E-1, 193.65364
0.16032939E-3, 0.20368438E-1, 0.20431420E-1, 0.23221612E-1, 0.12425751E-1, 0.15568051E-1, 193.62767
0.16027759E-3, 0.23283191E-1, 0.20593202E-1, 0.22087066E-1, 0.14030213E-1, 0.15552781E-1, 193.59373
0.16024035E-3, 0.21510579E-1, 0.18704679E-1, 0.19860649E-1, 0.14446743E-1, 0.15537930E-1, 193.57336
0.16023744E-3, 0.17781308E-1, 0.18641513E-1, 0.21889456E-1, 0.14888193E-1, 0.15520887E-1, 193.59013
0.16026535E-3, 0.21601714E-1, 0.20117424E-1, 0.23479160E-1, 0.14531765E-1, 0.15504012E-1, 193.63171
0.16029073E-3, 0.13983118E-1, 0.14791273E-1, 0.18941989E-1, 0.14014516E-1, 0.15485581E-1, 193.67850
0.16035479E-3, 0.15812384E-1, 0.15829196E-1, 0.22948850E-1, 0.15654976E-1, 0.15465506E-1, 193.76015
0.16042407E-3, 0.18103505E-1, 0.16865171E-1, 0.21467125E-1, 0.17238773E-1, 0.15447940E-1, 193.84601
0.16049675E-3, 0.18087817E-1, 0.15989812E-1, 0.23122106E-1, 0.18595990E-1, 0.15431183E-1, 193.93695
0.16057250E-3, 0.20597553E-1, 0.16440000E-1, 0.19658251E-1, 0.20412210E-1, 0.15415817E-1, 194.02831
0.16063200E-3, 0.27326776E-1, 0.18392285E-1, 0.19643473E-1, 0.21110257E-1, 0.15430912E-1, 194.09499
0.16065409E-3, 0.27440207E-1, 0.17010607E-1, 0.21112397E-1, 0.22709485E-1, 0.15632307E-1, 194.12228
0.16068823E-3, 0.31628646E-1, 0.17194211E-1, 0.19684732E-1, 0.25055982E-1, 0.16182691E-1, 194.15936
0.16078273E-3, 0.27490813E-1, 0.14539544E-1, 0.14634911E-1, 0.27985064E-1, 0.17361399E-1, 194.27774
0.16106035E-3, 0.13819194E-1, 0.10889142E-1, 0.19075582E-1, 0.33127245E-1, 0.15483774E-1, 194.62714
0.16151814E-3, 0.14466258E-1, 0.10128805E-1, 0.17165387E-1, 0.37388232E-1, 0.15650107E-1, 195.18019
0.16202546E-3, 0.17054548E-1, 0.10598372E-1, 0.18222086E-1, 0.41591715E-1, 0.16233332E-1, 195.79094
0.16262052E-3, 0.16977299E-1, 0.99170366E-2, 0.15218914E-1, 0.45523316E-1, 0.17193010E-1, 196.51016
0.16328042E-3, 0.18256210E-1, 0.99176988E-2, 0.15757147E-1, 0.48060641E-1, 0.18474530E-1, 197.30632
0.16391109E-3, 0.19687934E-1, 0.97521786E-2, 0.18796144E-1, 0.50710987E-1, 0.19900575E-1, 198.06708
0.16461112E-3, 0.20798739E-1, 0.94806086E-2, 0.14941911E-1, 0.54733727E-1, 0.21428782E-1, 198.91199
0.16540966E-3, 0.16701935E-1, 0.81520816E-2, 0.15704589E-1, 0.58420081E-1, 0.22801386E-1, 199.88110
0.16633797E-3, 0.15373353E-1, 0.75834496E-2, 0.13949731E-1, 0.62074900E-1, 0.23855111E-1, 201.00429
0.16736431E-3, 0.15796293E-1, 0.76088794E-2, 0.12585901E-1, 0.65582670E-1, 0.24778156E-1, 202.24422
0.16849367E-3, 0.17581111E-1, 0.78091677E-2, 0.91181779E-2, 0.68762615E-1, 0.25604295E-1, 203.60728
0.16972671E-3, 0.17372228E-1, 0.76150782E-2, 0.71290410E-2, 0.72393723E-1, 0.26350506E-1, 205.09764
0.17102428E-3, 0.20597529E-1, 0.83956858E-2, 0.65053785E-2, 0.74325144E-1, 0.27000725E-1, 206.66254
0.17236933E-3, 0.18795094E-1, 0.77741770E-2, 0.40994519E-2, 0.76191373E-1, 0.27602641E-1, 208.28981
0.17367287E-3, 0.10637828E-1, 0.65404968E-2, 0.20158865E-1, 0.75738668E-1, 0.18018289E-1, 209.87335
0.17489141E-3, 0.91932854E-2, 0.57971249E-2, 0.16296638E-1, 0.73016286E-1, 0.17798202E-1, 211.34737
0.17608154E-3, 0.14774755E-1, 0.71208323E-2, 0.17885916E-1, 0.73315412E-1, 0.19397043E-1, 212.78003
0.17718357E-3, 0.17552719E-1, 0.73991097E-2, 0.18082717E-1, 0.72606497E-1, 0.21805868E-1, 214.10913
0.17826524E-3, 0.17454466E-1, 0.68800836E-2, 0.13571409E-1, 0.71146838E-1, 0.24447246E-1, 215.41635
0.17947650E-3, 0.16668998E-1, 0.63803699E-2, 0.43226611E-2, 0.70616208E-1, 0.26717898E-1, 216.88095
0.18081817E-3, 0.18486563E-1, 0.65462273E-2, 0.39488077E-6, 0.71257912E-1, 0.28366152E-1, 218.50053
0.18217332E-3, 0.20831469E-1, 0.68378630E-2, 0.0000000, 0.72312422E-1, 0.29433096E-1, 220.13594
0.18355719E-3, 0.16291143E-1, 0.58347574E-2, 0.0000000, 0.73872484E-1, 0.30037420E-1, 221.81284
0.18503430E-3, 0.14929203E-1, 0.51852516E-2, 0.0000000, 0.76382622E-1, 0.30320263E-1, 223.59943
0.18657303E-3, 0.14293894E-1, 0.48734713E-2, 0.0000000, 0.79054974E-1, 0.30508483E-1, 225.45992
0.18816095E-3, 0.14653988E-1, 0.48463098E-2, 0.0000000, 0.81206739E-1, 0.30672384E-1, 227.37869
0.18977551E-3, 0.15289311E-1, 0.48695817E-2, 0.0000000, 0.82669169E-1, 0.30825377E-1, 229.32938
0.19140035E-3, 0.15736805E-1, 0.48966375E-2, 0.0000000, 0.83640732E-1, 0.30951794E-1, 231.29263
0.19303391E-3, 0.16160576E-1, 0.48608212E-2, 0.0000000, 0.84214263E-1, 0.31039072E-1, 233.26646
0.19468613E-3, 0.13649758E-1, 0.43826071E-2, 0.0000000, 0.84422499E-1, 0.31109154E-1, 235.26575
0.19630749E-3, 0.21027500E-1, 0.57602813E-2, 0.0000000, 0.83959371E-1, 0.31184487E-1, 237.21774
0.19788579E-3, 0.15669772E-1, 0.47768983E-2, 0.0000000, 0.83208382E-1, 0.31246476E-1, 239.13051
0.19947554E-3, 0.18895779E-1, 0.51491973E-2, 0.0000000, 0.82523644E-1, 0.31296164E-1, 241.04849
0.20100642E-3, 0.20152608E-1, 0.53778156E-2, 0.0000000, 0.81643768E-1, 0.31354990E-1, 242.89734
0.20251152E-3, 0.19605909E-1, 0.51484131E-2, 0.0000000, 0.80562651E-1, 0.31396370E-1, 244.71680
0.20401874E-3, 0.16818749E-1, 0.45401915E-2, 0.0000000, 0.79849608E-1, 0.31410024E-1, 246.54108
0.20552747E-3, 0.18599318E-1, 0.46901996E-2, 0.0000000, 0.79339743E-1, 0.31421475E-1, 248.36259
0.20699530E-3, 0.16106123E-1, 0.46732789E-2, 0.29650403E-2, 0.77742808E-1, 0.28149344E-1, 250.13902
0.20829240E-3, 0.18439045E-1, 0.52057193E-2, 0.10312850E-1, 0.73674433E-1, 0.26367826E-1, 251.70421
0.20950001E-3, 0.18185839E-1, 0.48753326E-2, 0.23250924E-2, 0.70056073E-1, 0.27888898E-1, 253.16383
0.21080824E-3, 0.14998471E-1, 0.39432151E-2, 0.0000000, 0.68374209E-1, 0.29755179E-1, 254.74811
0.21214999E-3, 0.10928016E-1, 0.31821467E-2, 0.0000000, 0.67708530E-1, 0.30981470E-1, 256.37378
0.21348981E-3, 0.92258025E-2, 0.32613496E-2, 0.97530959E-2, 0.66115476E-1, 0.25319587E-1, 257.99469
0.21433091E-3, 0.99467468E-2, 0.77515724E-2, 0.24456909E-1, 0.43011747E-1, 0.13646859E-1, 259.01038
0.21463343E-3, 0.12999466E-1, 0.10317950E-1, 0.19068187E-1, 0.16854852E-1, 0.13621622E-1, 259.37292
0.21461460E-3, 0.11264636E-1, 0.89940606E-2, 0.18173592E-1, 0.75329104E-2, 0.13597457E-1, 259.35190
0.21447481E-3, 0.15819203E-1, 0.10368273E-1, 0.16897943E-1, 0.50419443E-2, 0.13574802E-1, 259.17841
0.21427900E-3, 0.13548564E-1, 0.88983634E-2, 0.19232230E-1, 0.43971865E-2, 0.13553027E-1, 258.94412
0.21414744E-3, 0.84141418E-2, 0.63574789E-2, 0.14698516E-1, 0.42322190E-2, 0.13528786E-1, 258.79022
0.21413615E-3, 0.64686118E-2, 0.55670943E-2, 0.99274013E-2, 0.49060504E-2, 0.13502241E-1, 258.77853
0.21412167E-3, 0.78260722E-2, 0.66840979E-2, 0.15936160E-1, 0.54441756E-2, 0.13476353E-1, 258.75967
0.21401534E-3, 0.10543553E-1, 0.78168754E-2, 0.20210780E-1, 0.51895911E-2, 0.13454559E-1, 258.62845
0.21385307E-3, 0.14317593E-1, 0.89288726E-2, 0.17875047E-1, 0.49334955E-2, 0.13434927E-1, 258.42871
0.21364121E-3, 0.14440139E-1, 0.85056145E-2, 0.19694490E-1, 0.48070168E-2, 0.13416838E-1, 258.17273
0.21345777E-3, 0.12549880E-1, 0.73225391E-2, 0.16287083E-1, 0.46009836E-2, 0.13398069E-1, 257.95294
0.21324273E-3, 0.15762622E-1, 0.80166999E-2, 0.19142881E-1, 0.41827117E-2, 0.13379494E-1, 257.68991
0.21302421E-3, 0.14917948E-1, 0.73500560E-2, 0.16737504E-1, 0.41655386E-2, 0.13360605E-1, 257.42667
0.21281603E-3, 0.15126513E-1, 0.71744500E-2, 0.15761141E-1, 0.42476519E-2, 0.13341682E-1, 257.17484
0.21255357E-3, 0.20174060E-1, 0.82512572E-2, 0.17631561E-1, 0.41969190E-2, 0.13324053E-1, 256.85257
0.21226973E-3, 0.18290609E-1, 0.74966429E-2, 0.14795285E-1, 0.43786345E-2, 0.13309751E-1, 256.51147
0.21203596E-3, 0.16362095E-1, 0.66958950E-2, 0.14831514E-1, 0.47640735E-2, 0.13304944E-1, 256.23093
0.21185470E-3, 0.14967439E-1, 0.59668263E-2, 0.14720913E-1, 0.54005631E-2, 0.13329376E-1, 256.01324
0.21172308E-3, 0.12238814E-1, 0.51912889E-2, 0.12584234E-1, 0.62283310E-2, 0.13379358E-1, 255.85692
0.21165278E-3, 0.11373491E-1, 0.48388294E-2, 0.12775211E-1, 0.69284416E-2, 0.13426273E-1, 255.77281
0.21158224E-3, 0.12502936E-1, 0.51428908E-2, 0.12422990E-1, 0.74504358E-2, 0.13300687E-1, 255.68655
0.21154892E-3, 0.80955550E-2, 0.38640273E-2, 0.12025453E-1, 0.77861939E-2, 0.13302693E-1, 255.65073
0.21154693E-3, 0.96547185E-2, 0.42395638E-2, 0.12253972E-1, 0.77204728E-2, 0.13357194E-1, 255.64685
0.21153559E-3, 0.90958932E-2, 0.39893761E-2, 0.12159686E-1, 0.76147020E-2, 0.13412767E-1, 255.63367
0.21151660E-3, 0.10687926E-1, 0.43336698E-2, 0.12370272E-1, 0.74865911E-2, 0.13476724E-1, 255.60913
0.21145333E-3, 0.12788175E-1, 0.47575315E-2, 0.13618637E-1, 0.79489350E-2, 0.13620646E-1, 255.53052
0.21137849E-3, 0.11158415E-1, 0.42490866E-2, 0.13161387E-1, 0.82918052E-2, 0.13771277E-1, 255.44176
0.21135718E-3, 0.95579829E-2, 0.37387223E-2, 0.11716212E-1, 0.85534826E-2, 0.13896093E-1, 255.41760
0.21133870E-3, 0.12327035E-1, 0.41245725E-2, 0.13826332E-1, 0.91875279E-2, 0.14182398E-1, 255.39259
0.21125864E-3, 0.14898309E-1, 0.43834513E-2, 0.14138573E-1, 0.99032409E-2, 0.14707771E-1, 255.29330
0.21113365E-3, 0.13990207E-1, 0.41827611E-2, 0.15486890E-1, 0.10310025E-1, 0.15389454E-1, 255.14326
0.21101732E-3, 0.14414968E-1, 0.42928252E-2, 0.15493651E-1, 0.10461471E-1, 0.15863974E-1, 255.00218
0.21090939E-3, 0.14248613E-1, 0.46173711E-2, 0.15609764E-1, 0.10463630E-1, 0.14483294E-1, 254.87195
0.21075363E-3, 0.14794268E-1, 0.59074247E-2, 0.17844718E-1, 0.91688391E-2, 0.13018442E-1, 254.68314
0.21060758E-3, 0.11724540E-1, 0.51073786E-2, 0.18079385E-1, 0.78265145E-2, 0.12990178E-1, 254.50974
0.21046049E-3, 0.12795766E-1, 0.53003654E-2, 0.16731128E-1, 0.71960012E-2, 0.12976358E-1, 254.33089
0.21023417E-3, 0.19056128E-1, 0.66741230E-2, 0.18444613E-1, 0.74799308E-2, 0.12969252E-1, 254.05121
0.20999502E-3, 0.13475419E-1, 0.52380678E-2, 0.18670551E-1, 0.87388065E-2, 0.12974372E-1, 253.76772
0.20987968E-3, 0.11186009E-1, 0.44709905E-2, 0.15750099E-1, 0.10005609E-1, 0.12987744E-1, 253.63058
0.20990203E-3, 0.88643199E-2, 0.36113637E-2, 0.11923774E-1, 0.11974831E-1, 0.13046811E-1, 253.66000
0.21004265E-3, 0.63492274E-2, 0.28098563E-2, 0.93762577E-2, 0.14042540E-1, 0.13121274E-1, 253.83249
0.21024300E-3, 0.62396778E-2, 0.34754018E-2, 0.13409332E-1, 0.15234009E-1, 0.12891079E-1, 254.07477
0.21033535E-3, 0.62592910E-2, 0.61459159E-2, 0.19876080E-1, 0.12643622E-1, 0.12853287E-1, 254.18636
0.40834762E-1, 0.61775525E-2, 0.70344992E-2, 0.16960893E-1, 0.80329515E-2, 0.12831992E-1, 254.02194
0.21086770E-3, 0.75754109E-2, 0.80296034E-2, 0.17742548E-1, 0.53328443E-2, 0.12812157E-1, 253.20320
0.21055108E-3, 0.75054797E-2, 0.77340836E-2, 0.18074455E-1, 0.38555982E-2, 0.12792045E-1, 253.11623
0.21021756E-3, 0.86809369E-2, 0.83658379E-2, 0.19738406E-1, 0.30744965E-2, 0.12773290E-1, 252.98299
0.35187795E-2, 0.83257211E-2, 0.84293354E-2, 0.16700659E-1, 0.22301970E-2, 0.12755629E-1, 252.80064
0.20988562E-3, 0.78709070E-2, 0.82747871E-2, 0.18844653E-1, 0.17819329E-2, 0.12737295E-1, 252.58241
0.20963218E-3, 0.64026187E-2, 0.71102674E-2, 0.12542510E-1, 0.18424104E-2, 0.12715022E-1, 252.51314
0.20941865E-3, 0.73306551E-2, 0.76976325E-2, 0.16022027E-1, 0.21005950E-2, 0.12693263E-1, 252.45038
0.20913595E-3, 0.12013669E-1, 0.10357045E-1, 0.20507008E-1, 0.22268021E-2, 0.12677273E-1, 252.26215
0.20877938E-3, 0.14128980E-1, 0.11278491E-1, 0.22693355E-1, 0.22502430E-2, 0.12666465E-1, 251.95219
0.20849780E-3, 0.84071215E-2, 0.79674991E-2, 0.17746061E-1, 0.20071473E-2, 0.12652703E-1, 251.71091
0.20824815E-3, 0.15507816E-1, 0.11303604E-1, 0.21962803E-1, 0.23303751E-2, 0.12636999E-1, 251.47191
0.20790727E-3, 0.16985511E-1, 0.11585239E-1, 0.22809243E-1, 0.27537514E-2, 0.12627567E-1, 251.10991
0.20759323E-3, 0.12710435E-1, 0.93580624E-2, 0.19181255E-1, 0.29766562E-2, 0.12617927E-1, 250.77217
0.20735155E-3, 0.10837259E-1, 0.91619631E-2, 0.19143850E-1, 0.20945307E-2, 0.12604957E-1, 250.50890
0.20714480E-3, 0.11075104E-1, 0.96022934E-2, 0.21421511E-1, 0.16718729E-2, 0.12590058E-1, 250.27814
0.15621635, 0.63756402E-2, 0.70119314E-2, 0.10943339E-1, 0.19412520E-2, 0.12572191E-1, 248.68576
0.21448332, 0.44727032E-2, 0.56459419E-2, 0.49794698E-2, 0.33017911E-2, 0.12545923E-1, 243.83931
0.11916368, 0.42795152E-2, 0.54944847E-2, 0.49224622E-2, 0.61364765E-2, 0.18077800E-1, 239.98718
0.16899884E-1, 0.48406515E-2, 0.59653288E-2, 0.13946341E-1, 0.81671830E-2, 0.12477607E-1, 238.70312
0.55236078E-3, 0.85942885E-2, 0.83092768E-2, 0.17972333E-1, 0.83320057E-2, 0.12458437E-1, 238.58484
0.19846726E-3, 0.88005010E-2, 0.82766861E-2, 0.19358493E-1, 0.73006768E-2, 0.12442250E-1, 238.53038
0.19814124E-3, 0.11731220E-1, 0.91769714E-2, 0.22795692E-1, 0.64737857E-2, 0.12429452E-1, 238.39494
0.19776706E-3, 0.14507335E-1, 0.96860779E-2, 0.21868633E-1, 0.61109439E-2, 0.12419665E-1, 238.17058
0.19731582E-3, 0.18458843E-1, 0.10225704E-1, 0.23907226E-1, 0.57831369E-2, 0.12413799E-1, 237.81503
0.19682030E-3, 0.19792229E-1, 0.10019517E-1, 0.25532363E-1, 0.58763297E-2, 0.12411051E-1, 237.37158
0.19635860E-3, 0.18118573E-1, 0.89464504E-2, 0.23352981E-1, 0.61882772E-2, 0.12409654E-1, 236.93750
0.19590018E-3, 0.24002137E-1, 0.97141974E-2, 0.24667179E-1, 0.68862126E-2, 0.12408497E-1, 236.47064
0.19541496E-3, 0.22343706E-1, 0.87306481E-2, 0.21180630E-1, 0.77923774E-2, 0.12407942E-1, 235.95578
0.19494121E-3, 0.26735295E-1, 0.86879153E-2, 0.25002740E-1, 0.89349402E-2, 0.12407302E-1, 235.43024
0.19446951E-3, 0.26198123E-1, 0.81138052E-2, 0.21432519E-1, 0.10435065E-1, 0.12407685E-1, 234.89841
0.19408356E-3, 0.21835241E-1, 0.68967026E-2, 0.21106560E-1, 0.12379358E-1, 0.12416241E-1, 234.46368
0.19379180E-3, 0.21024683E-1, 0.77406308E-2, 0.23302399E-1, 0.14022511E-1, 0.12403064E-1, 234.13153
0.19359709E-3, 0.17376103E-1, 0.60713007E-2, 0.20760786E-1, 0.15384903E-1, 0.12394688E-1, 233.91397
0.19348587E-3, 0.18668704E-1, 0.56973314E-2, 0.17632617E-1, 0.18195760E-1, 0.12427810E-1, 233.78844
0.19339571E-3, 0.19522158E-1, 0.54744026E-2, 0.19310096E-1, 0.20805996E-1, 0.12666305E-1, 233.68578
0.19334501E-3, 0.21325476E-1, 0.54294439E-2, 0.19498393E-1, 0.23599984E-1, 0.13375837E-1, 233.62793
0.19332755E-3, 0.24431570E-1, 0.53815460E-2, 0.18562049E-1, 0.26753131E-1, 0.14624263E-1, 233.60730
0.19330811E-3, 0.27543478E-1, 0.55604894E-2, 0.17372521E-1, 0.29673494E-1, 0.15789112E-1, 233.58302
0.19326295E-3, 0.30763393E-1, 0.57697915E-2, 0.20441588E-1, 0.32360744E-1, 0.16868148E-1, 233.52702
0.19324863E-3, 0.27482189E-1, 0.51891236E-2, 0.19982856E-1, 0.35043702E-1, 0.18075399E-1, 233.51373
0.19338461E-3, 0.21090813E-1, 0.43205973E-2, 0.16995592E-1, 0.38718902E-1, 0.18831098E-1, 233.68489
0.19367777E-3, 0.24460493E-1, 0.46099951E-2, 0.18385980E-1, 0.42784858E-1, 0.19428328E-1, 234.03593
0.19395711E-3, 0.26374176E-1, 0.47098035E-2, 0.19643880E-1, 0.45900270E-1, 0.20053942E-1, 234.37201
0.19422109E-3, 0.31834342E-1, 0.51664454E-2, 0.17918088E-1, 0.47733553E-1, 0.20716917E-1, 234.68599
0.19456923E-3, 0.19994838E-1, 0.46407003E-2, 0.20098407E-1, 0.48030004E-1, 0.16692229E-1, 235.11876
0.19490730E-3, 0.21196676E-1, 0.57538012E-2, 0.22154298E-1, 0.38901813E-1, 0.12504808E-1, 235.52611
0.19501853E-3, 0.25272414E-1, 0.68067992E-2, 0.22808436E-1, 0.32605939E-1, 0.12430454E-1, 235.65651
0.19511719E-3, 0.11630161E-1, 0.49148109E-2, 0.19996032E-1, 0.26014956E-1, 0.12339468E-1, 235.78947
0.19521921E-3, 0.10221344E-1, 0.64254533E-2, 0.14907552E-1, 0.17461220E-1, 0.12326475E-1, 235.91417
0.26374045, 0.14043255E-1, 0.10872705E-1, 0.23301085E-1, 0.63943728E-2, 0.12311026E-1, 231.88879
0.19087028E-3, 0.27108410E-1, 0.16887750E-1, 0.21293957E-1, 0.25390037E-2, 0.12295506E-1, 229.18204
0.19031671E-3, 0.16587952E-1, 0.11750991E-1, 0.22215774E-1, 0.28470007E-2, 0.12283567E-1, 228.79218
0.51296469E-1, 0.10294200E-1, 0.89977235E-2, 0.14470531E-1, 0.29914982E-2, 0.12267668E-1, 228.44090
0.18919563E-3, 0.11653122E-1, 0.10069989E-1, 0.20253308E-1, 0.31423003E-2, 0.12248035E-1, 227.17514
0.18876551E-3, 0.17579596E-1, 0.12924705E-1, 0.20126335E-1, 0.32690724E-2, 0.12233085E-1, 226.91557
0.18826562E-3, 0.25397845E-1, 0.16083542E-1, 0.21718299E-1, 0.30057493E-2, 0.12221513E-1, 226.54776
0.18777861E-3, 0.14863395E-1, 0.11032389E-1, 0.18561527E-1, 0.29653418E-2, 0.12210361E-1, 226.18196
0.18748028E-3, 0.96182320E-2, 0.82023367E-2, 0.16675334E-1, 0.34952015E-2, 0.12194074E-1, 226.00253
0.18717599E-3, 0.18584192E-1, 0.11440642E-1, 0.20747539E-1, 0.43219151E-2, 0.12177872E-1, 225.76740
0.18677885E-3, 0.21839697E-1, 0.11175516E-1, 0.21708362E-1, 0.53800899E-2, 0.12166373E-1, 225.39462
0.18635122E-3, 0.25258977E-1, 0.10853620E-1, 0.20275347E-1, 0.63310536E-2, 0.12157181E-1, 224.95813
0.18587173E-3, 0.28397648E-1, 0.10683520E-1, 0.24237042E-1, 0.71347384E-2, 0.12151142E-1, 224.43799
0.18534924E-3, 0.31246705E-1, 0.10409120E-1, 0.19047467E-1, 0.82766162E-2, 0.12146661E-1, 223.84959
0.18484185E-3, 0.31975873E-1, 0.92112785E-2, 0.22411454E-1, 0.98785516E-2, 0.12141176E-1, 223.26921
0.18434874E-3, 0.34731634E-1, 0.87026693E-2, 0.17350692E-1, 0.12127263E-1, 0.12156034E-1, 222.69478
0.18387295E-3, 0.37442293E-1, 0.82425475E-2, 0.19314677E-1, 0.14792817E-1, 0.12353236E-1, 222.13455
0.18350210E-3, 0.28329287E-1, 0.65535931E-2, 0.16760472E-1, 0.18089578E-1, 0.12922269E-1, 221.70782
0.18330671E-3, 0.29679954E-1, 0.62495619E-2, 0.15744152E-1, 0.22247378E-1, 0.13935853E-1, 221.47894
0.18320969E-3, 0.28993871E-1, 0.59518334E-2, 0.14853965E-1, 0.26471125E-1, 0.15017360E-1, 221.36850
0.18306215E-3, 0.43648239E-1, 0.70330380E-2, 0.18758014E-1, 0.30500297E-1, 0.16102117E-1, 221.18011
0.18287660E-3, 0.32992642E-1, 0.58352663E-2, 0.15750220E-1, 0.34217052E-1, 0.17329086E-1, 220.97009
0.18305473E-3, 0.19396579E-1, 0.41406648E-2, 0.13369238E-1, 0.38543019E-1, 0.17718101E-1, 221.20091
0.18355359E-3, 0.13444519E-1, 0.34291684E-2, 0.12422677E-1, 0.45256805E-1, 0.15364667E-1, 221.81029
0.18423828E-3, 0.11382627E-1, 0.33254763E-2, 0.15917528E-1, 0.50887756E-1, 0.13870271E-1, 222.63985
0.18492517E-3, 0.10735272E-1, 0.38589425E-2, 0.17276067E-1, 0.48034150E-1, 0.12089046E-1, 223.47061
0.18546676E-3, 0.14630059E-1, 0.48792856E-2, 0.19844811E-1, 0.42590965E-1, 0.12017569E-1, 224.12146
0.18573499E-3, 0.31290598E-1, 0.71581891E-2, 0.22077613E-1, 0.37914649E-1, 0.12175836E-1, 224.42961
0.18578219E-3, 0.27788898E-1, 0.62233438E-2, 0.20977467E-1, 0.36210727E-1, 0.12651696E-1, 224.49086
0.18581829E-3, 0.32694202E-1, 0.65079895E-2, 0.18670123E-1, 0.36317591E-1, 0.13157335E-1, 224.52997
0.18581490E-3, 0.31490605E-1, 0.64269975E-2, 0.20485885E-1, 0.35986055E-1, 0.13209111E-1, 224.52725
0.18567819E-3, 0.50944835E-1, 0.77936230E-2, 0.19069275E-1, 0.36004599E-1, 0.14682765E-1, 224.34288
0.18551064E-3, 0.34171633E-1, 0.57496428E-2, 0.15244703E-1, 0.37672304E-1, 0.16478283E-1, 224.15762
0.18547366E-3, 0.50531775E-1, 0.67547653E-2, 0.15667262E-1, 0.41594487E-1, 0.18698972E-1, 224.09692
0.18540755E-3, 0.43134782E-1, 0.61819567E-2, 0.16970223E-1, 0.46383075E-1, 0.19379444E-1, 224.02484
0.18550287E-3, 0.35866886E-1, 0.64400723E-2, 0.28696477E-1, 0.50027858E-1, 0.18459730E-1, 224.14764
0.28583218E-3, 0.29255271E-1, 0.10968585E-1, 0.10285240E-1, 0.32582413E-1, 0.11942479E-1, 224.28177
0.16430567, 0.15216718E-1, 0.11491317E-1, 0.19799756E-1, 0.99126287E-2, 0.11927374E-1, 222.19621
0.41911140E-1, 0.14580174E-1, 0.11044495E-1, 0.21939823E-1, 0.56471247E-2, 0.11906176E-1, 219.60745
0.18234827E-3, 0.22946166E-1, 0.14196845E-1, 0.18764865E-1, 0.52916938E-2, 0.11891237E-1, 218.94174
0.18176415E-3, 0.31654269E-1, 0.15634259E-1, 0.22492155E-1, 0.50861100E-2, 0.11879147E-1, 218.48524
0.18107954E-3, 0.31921901E-1, 0.14012373E-1, 0.21984369E-1, 0.55340119E-2, 0.11870148E-1, 217.89403
0.18039152E-3, 0.37659332E-1, 0.13682317E-1, 0.19281307E-1, 0.65962067E-2, 0.11860671E-1, 217.26215
0.17979297E-3, 0.22009358E-1, 0.10691741E-1, 0.18576466E-1, 0.82866317E-2, 0.11851653E-1, 216.72455
0.17942271E-3, 0.19667968E-1, 0.12429313E-1, 0.23160480E-1, 0.66259811E-2, 0.11839353E-1, 216.41454
0.17909614E-3, 0.24363581E-1, 0.15324445E-1, 0.20205431E-1, 0.50670626E-2, 0.11825366E-1, 216.12001
0.37784349E-1, 0.24532543E-1, 0.16442113E-1, 0.22466095E-1, 0.45919931E-2, 0.11813976E-1, 215.28694
0.18140659, 0.28796999E-1, 0.19604078E-1, 0.21788392E-1, 0.37476725E-2, 0.11802645E-1, 212.08533
0.21808319E-1, 0.22330422E-1, 0.17135486E-1, 0.19051235E-1, 0.24335524E-2, 0.11789510E-1, 209.50526
0.17398898E-3, 0.20322112E-1, 0.16297815E-1, 0.18225772E-1, 0.24917240E-2, 0.11775767E-1, 208.90627
0.17358788E-3, 0.19739706E-1, 0.16024504E-1, 0.20305803E-1, 0.33051020E-2, 0.11759753E-1, 208.66692
0.17319634E-3, 0.18126298E-1, 0.15129158E-1, 0.19092999E-1, 0.39684535E-2, 0.11745821E-1, 208.41931
0.17288039E-3, 0.15752750E-1, 0.13449392E-1, 0.16162002E-1, 0.45360341E-2, 0.11729604E-1, 208.23450
0.17246480E-3, 0.36037423E-1, 0.20035148E-1, 0.24055419E-1, 0.54801838E-2, 0.11718612E-1, 207.87466
0.17185709E-3, 0.36888458E-1, 0.17912284E-1, 0.21564463E-1, 0.62951343E-2, 0.11713540E-1, 207.27078
0.17121001E-3, 0.42393167E-1, 0.17204197E-1, 0.24762191E-1, 0.72501674E-2, 0.11708329E-1, 206.58498
0.17048433E-3, 0.46764333E-1, 0.16095918E-1, 0.21696735E-1, 0.83812363E-2, 0.11703978E-1, 205.78065
0.16990963E-3, 0.28557293E-1, 0.11017315E-1, 0.16996346E-1, 0.11110955E-1, 0.11695864E-1, 205.16142
0.16961551E-3, 0.24943603E-1, 0.96250344E-2, 0.20191543E-1, 0.15340623E-1, 0.11684207E-1, 204.85110
0.16945550E-3, 0.21384956E-1, 0.85095968E-2, 0.18970184E-1, 0.17638661E-1, 0.11672216E-1, 204.69139
0.16932569E-3, 0.27840428E-1, 0.98136980E-2, 0.18416157E-1, 0.19787781E-1, 0.11661302E-1, 204.54993
0.16915632E-3, 0.28412260E-1, 0.96030822E-2, 0.18776674E-1, 0.22472389E-1, 0.11654072E-1, 204.36049
0.16895482E-3, 0.38271639E-1, 0.10900684E-1, 0.22132594E-1, 0.24362359E-1, 0.11667059E-1, 204.11867
0.16878817E-3, 0.24838794E-1, 0.89544561E-2, 0.17090771E-1, 0.27083473E-1, 0.11663279E-1, 203.93875
0.16868931E-3, 0.39787859E-1, 0.12827549E-1, 0.23683652E-1, 0.24970705E-1, 0.11626832E-1, 203.81015
0.16830552E-3, 0.51245715E-1, 0.14586080E-1, 0.20399228E-1, 0.22508517E-1, 0.11622300E-1, 203.33925
0.16787960E-3, 0.35843093E-1, 0.12536105E-1, 0.19324591E-1, 0.21104330E-1, 0.11616400E-1, 202.84311
0.16760232E-3, 0.35002053E-1, 0.12413524E-1, 0.22447892E-1, 0.20042570E-1, 0.11607684E-1, 202.51093
0.16726639E-3, 0.45641121E-1, 0.14821365E-1, 0.18644890E-1, 0.19969031E-1, 0.11599101E-1, 202.09526
0.16688558E-3, 0.35221361E-1, 0.15438845E-1, 0.24457848E-1, 0.18301856E-1, 0.11592370E-1, 201.64594
0.62287215E-1, 0.28957393E-1, 0.19231359E-1, 0.23345429E-1, 0.11943964E-1, 0.11583166E-1, 200.65053
0.22754527E-2, 0.40998943E-1, 0.28506845E-1, 0.17753202E-1, 0.50200913E-2, 0.11571629E-1, 199.48212
0.16562724E-3, 0.35366073E-1, 0.24598058E-1, 0.20953005E-1, 0.42391373E-2, 0.11558988E-1, 199.05339
0.50317910E-1, 0.33060834E-1, 0.24164703E-1, 0.19015221E-1, 0.39437455E-2, 0.11548195E-1, 198.23990
0.13486427, 0.28150979E-1, 0.24438987E-1, 0.16758105E-1, 0.28284381E-2, 0.11534550E-1, 195.94382
0.50400905E-1, 0.25010457E-1, 0.23259252E-1, 0.21165965E-1, 0.38949014E-2, 0.11520300E-1, 193.09157
0.95022291E-1, 0.23939269E-1, 0.23062775E-1, 0.15281579E-1, 0.44084983E-2, 0.11506845E-1, 190.75014
0.65078175, 0.26933361E-1, 0.25119422E-1, 0.20111833E-1, 0.36549941E-2, 0.11493382E-1, 184.27409
0.10819269, 0.20117063E-1, 0.22497533E-1, 0.18061500E-1, 0.36466089E-2, 0.11478605E-1, 172.81834
0.97546801E-1, 0.23731928E-1, 0.25410097E-1, 0.21628909E-1, 0.39995578E-2, 0.11464733E-1, 170.48329
0.90603642E-2, 0.30094141E-1, 0.29669395E-1, 0.17124437E-1, 0.39001426E-2, 0.11452547E-1, 168.90466
0.75704791E-1, 0.22235679E-1, 0.25410969E-1, 0.20944331E-1, 0.43444177E-2, 0.11440652E-1, 167.96709
0.67680448E-1, 0.23958998E-1, 0.26377689E-1, 0.20416703E-1, 0.42806049E-2, 0.11428271E-1, 166.32729
0.64197935E-1, 0.22851204E-1, 0.26492499E-1, 0.18540140E-1, 0.50213677E-2, 0.11415931E-1, 164.37378
0.20961642E-1, 0.24324967E-1, 0.27975488E-1, 0.21066023E-1, 0.52385963E-2, 0.11404424E-1, 163.21402
0.78738078E-1, 0.25250744E-1, 0.29011145E-1, 0.19973857E-1, 0.44546225E-2, 0.11392972E-1, 161.63434
0.13403143E-3, 0.25717296E-1, 0.29108716E-1, 0.19782048E-1, 0.45270156E-2, 0.11382794E-1, 161.02992
0.76470278E-1, 0.25394900E-1, 0.30053928E-1, 0.18009711E-1, 0.45461063E-2, 0.11371651E-1, 159.45616
0.13244155E-3, 0.24318732E-1, 0.28548952E-1, 0.20079443E-1, 0.53112842E-2, 0.11361039E-1, 159.12079
0.13222460E-3, 0.35810050E-1, 0.34135222E-1, 0.21820927E-1, 0.55701192E-2, 0.11351584E-1, 159.02513
0.13188891E-3, 0.40586539E-1, 0.33527918E-1, 0.21082906E-1, 0.60321293E-2, 0.11344573E-1, 158.77356
0.13149422E-3, 0.43637361E-1, 0.31162392E-1, 0.20785842E-1, 0.68708817E-2, 0.11339032E-1, 158.42825
0.13105021E-3, 0.42443108E-1, 0.27771873E-1, 0.19784806E-1, 0.93528386E-2, 0.11333793E-1, 158.00269
0.13075778E-3, 0.34612563E-1, 0.25663570E-1, 0.17730096E-1, 0.11133813E-1, 0.11325085E-1, 157.74301
0.13048272E-3, 0.44021014E-1, 0.28293271E-1, 0.23039620E-1, 0.11339139E-1, 0.11317996E-1, 157.46696
0.13012646E-3, 0.42913813E-1, 0.24691219E-1, 0.17447002E-1, 0.12240442E-1, 0.11310912E-1, 157.08691
0.12973553E-3, 0.49638640E-1, 0.23570765E-1, 0.19903619E-1, 0.14021753E-1, 0.11302024E-1, 156.64438
0.12950633E-3, 0.23312556E-1, 0.17905124E-1, 0.19601867E-1, 0.18510669E-1, 0.11291452E-1, 156.42023
0.12959425E-3, 0.24260789E-1, 0.21740993E-1, 0.16353428E-1, 0.15355801E-1, 0.11279449E-1, 156.54448
0.31091705, 0.17358856E-1, 0.24472393E-1, 0.16342089E-1, 0.90898434E-2, 0.11265646E-1, 153.06831
0.46906754, 0.16091958E-1, 0.26886757E-1, 0.17383374E-1, 0.37824144E-2, 0.11247783E-1, 141.23953
0.24965681, 0.18023562E-1, 0.30346472E-1, 0.15855491E-1, 0.48511885E-2, 0.11231214E-1, 133.90154
0.11041336E-3, 0.22400038E-1, 0.34821350E-1, 0.21439394E-1, 0.56734076E-2, 0.11219457E-1, 132.60146
0.24518123E-1, 0.19534376E-1, 0.32369331E-1, 0.16319841E-1, 0.62743486E-2, 0.11207387E-1, 132.46324
0.58208954E-1, 0.17734228E-1, 0.31079769E-1, 0.19350864E-1, 0.48547005E-2, 0.11193936E-1, 131.75485
0.39524268E-2, 0.25659781E-1, 0.38059525E-1, 0.18963506E-1, 0.54766517E-2, 0.11180424E-1, 131.20869
0.10930359E-3, 0.25571818E-1, 0.34801900E-1, 0.20917527E-1, 0.62122415E-2, 0.11171748E-1, 131.31651
0.10925328E-3, 0.27798196E-1, 0.32712054E-1, 0.19881818E-1, 0.68862587E-2, 0.11163060E-1, 131.39975
0.10912673E-3, 0.32943137E-1, 0.31253934E-1, 0.19181879E-1, 0.81689768E-2, 0.11155544E-1, 131.37241
0.10894213E-3, 0.33308562E-1, 0.28313393E-1, 0.19423362E-1, 0.99650156E-2, 0.11149053E-1, 131.26001
0.10875639E-3, 0.37157472E-1, 0.26840517E-1, 0.19468801E-1, 0.12508049E-1, 0.11142509E-1, 131.12210
0.10855623E-3, 0.38705029E-1, 0.24240537E-1, 0.17005963E-1, 0.15334859E-1, 0.11135625E-1, 130.94981
0.10840355E-3, 0.33924382E-1, 0.21248095E-1, 0.17666847E-1, 0.19850630E-1, 0.11130043E-1, 130.82446
0.10842208E-3, 0.33713035E-1, 0.21365158E-1, 0.17377444E-1, 0.23767585E-1, 0.11127280E-1, 130.88771
0.10845329E-3, 0.38621206E-1, 0.20846570E-1, 0.16080137E-1, 0.26663631E-1, 0.11251066E-1, 130.95079
0.10848006E-3, 0.39397128E-1, 0.19656030E-1, 0.15652267E-1, 0.30230226E-1, 0.11642086E-1, 131.00461
0.10857950E-3, 0.40597562E-1, 0.18676229E-1, 0.15706740E-1, 0.35335157E-1, 0.12399395E-1, 131.13965
0.10879360E-3, 0.37510600E-1, 0.20508938E-1, 0.17294135E-1, 0.40956706E-1, 0.11901472E-1, 131.41307
0.10903303E-3, 0.44338219E-1, 0.27361155E-1, 0.20289494E-1, 0.32279067E-1, 0.11071632E-1, 131.70390
0.10903111E-3, 0.53404830E-1, 0.26515901E-1, 0.16620809E-1, 0.28343735E-1, 0.11131074E-1, 131.69853
0.10891754E-3, 0.50169714E-1, 0.22509772E-1, 0.14409186E-1, 0.29639432E-1, 0.11700134E-1, 131.56888
0.10888094E-3, 0.46002265E-1, 0.19204330E-1, 0.15355530E-1, 0.33922281E-1, 0.13116290E-1, 131.53194
0.10887848E-3, 0.57562452E-1, 0.20562530E-1, 0.14121587E-1, 0.39046377E-1, 0.14635652E-1, 131.51968
0.10884038E-3, 0.64351454E-1, 0.20901449E-1, 0.12588471E-1, 0.44296917E-1, 0.16075213E-1, 131.46840
0.10880738E-3, 0.72870925E-1, 0.21703288E-1, 0.10773247E-1, 0.50822441E-1, 0.17250447E-1, 131.42084
0.10894254E-3, 0.62687606E-1, 0.19486224E-1, 0.67660282E-2, 0.57607003E-1, 0.18393785E-1, 131.59488
0.10939344E-3, 0.62992074E-1, 0.18753363E-1, 0.22409773E-2, 0.64795047E-1, 0.19578589E-1, 132.14012
0.10986426E-3, 0.41489135E-1, 0.13952820E-1, 0.31855233E-1, 0.74337475E-1, 0.20471610E-1, 132.73119
0.11034309E-3, 0.55829652E-1, 0.16236689E-1, 0.33085007E-1, 0.86036623E-1, 0.21223729E-1, 133.29607
0.11091256E-3, 0.56989606E-1, 0.16208095E-1, 0.32469075E-1, 0.96283443E-1, 0.21830512E-1, 133.98357
0.11150828E-3, 0.75263746E-1, 0.19041819E-1, 0.32079905E-1, 0.10485917, 0.22216117E-1, 134.68550
0.11235946E-3, 0.25803922E-1, 0.19580843E-1, 0.41981984E-1, 0.97522162E-1, 0.12765156E-1, 135.76370
0.11966475, 0.19012872E-1, 0.25927085E-1, 0.44125084E-1, 0.50859381E-1, 0.10827364E-1, 136.12291
0.19931287E-1, 0.21639705E-1, 0.36812216E-1, 0.43961544E-1, 0.14062806E-1, 0.10803808E-1, 133.78386
0.21423217E-1, 0.26519813E-1, 0.40987954E-1, 0.43848332E-1, 0.85888468E-2, 0.10788398E-1, 133.05977
0.11030895E-3, 0.42595059E-1, 0.54948617E-1, 0.43795425E-1, 0.62483093E-2, 0.10773585E-1, 132.48174
0.10985704E-3, 0.29003041E-1, 0.42542893E-1, 0.43786600E-1, 0.60816016E-2, 0.10758915E-1, 132.10117
0.29028853E-1, 0.21599578E-1, 0.36688495E-1, 0.43810256E-1, 0.67620366E-2, 0.10750224E-1, 131.63710
0.37504759, 0.15279434E-1, 0.32499585E-1, 0.43846421E-1, 0.76687876E-2, 0.10743212E-1, 124.69102
0.36978830E-1, 0.18859131E-1, 0.38238019E-1, 0.43875948E-1, 0.77942181E-2, 0.10718917E-1, 120.97605
0.25341617E-1, 0.16845876E-1, 0.35710506E-1, 0.43884501E-1, 0.79241758E-2, 0.10706063E-1, 120.14748
0.42518988E-1, 0.19684214E-1, 0.39231390E-1, 0.43883737E-1, 0.74745170E-2, 0.10697654E-1, 119.44450
0.98742872E-4, 0.34348164E-1, 0.52283466E-1, 0.43854773E-1, 0.67823422E-2, 0.10691599E-1, 118.54226
0.98366829E-4, 0.48479933E-1, 0.57876185E-1, 0.43846227E-1, 0.69085490E-2, 0.10664247E-1, 118.21347
0.97895056E-4, 0.26489319E-1, 0.36491878E-1, 0.43842454E-1, 0.84005482E-2, 0.10651566E-1, 117.79308
0.64043410E-1, 0.23877870E-1, 0.44397756E-1, 0.43961279E-1, 0.93922345E-2, 0.10639308E-1, 116.33796
0.33112481E-1, 0.23998694E-1, 0.47553182E-1, 0.43953490E-1, 0.76815896E-2, 0.10627085E-1, 115.39109
0.95743613E-4, 0.29822132E-1, 0.51400542E-1, 0.43941516E-1, 0.74174535E-2, 0.10615197E-1, 115.01257
0.29279405E-1, 0.19710695E-1, 0.43148328E-1, 0.43984640E-1, 0.80748843E-2, 0.10603494E-1, 114.60611
0.13808465, 0.19770788E-1, 0.43649174E-1, 0.43951463E-1, 0.76418994E-2, 0.10627255E-1, 112.99587
0.92268499E-4, 0.30161276E-1, 0.56221414E-1, 0.43958731E-1, 0.62679891E-2, 0.10580903E-1, 110.76604
0.92076705E-4, 0.39754983E-1, 0.61489742E-1, 0.43923534E-1, 0.54959352E-2, 0.10569634E-1, 110.65440
0.10789572E-1, 0.27839640E-1, 0.53373460E-1, 0.43956794E-1, 0.59912531E-2, 0.10558705E-1, 110.36455
0.43227378E-1, 0.16673213E-1, 0.42168442E-1, 0.43998998E-1, 0.68808240E-2, 0.10551640E-1, 109.55823
0.32560222E-1, 0.24344439E-1, 0.52038640E-1, 0.44012833E-1, 0.66548656E-2, 0.10539060E-1, 108.91380
0.90264170E-4, 0.30599428E-1, 0.59238937E-1, 0.43993592E-1, 0.58517409E-2, 0.10527404E-1, 108.35880
0.90104884E-4, 0.37177548E-1, 0.59974898E-1, 0.43965783E-1, 0.56833681E-2, 0.10517310E-1, 108.28654
0.90234411E-4, 0.22800736E-1, 0.41724164E-1, 0.36607492E-2, 0.76682447E-2, 0.10494770E-1, 108.57222
0.90847141E-4, 0.25037054E-1, 0.40154018E-1, 0.0000000, 0.92435749E-2, 0.10453780E-1, 109.40881
0.91426475E-4, 0.31279698E-1, 0.42583615E-1, 0.0000000, 0.10040238E-1, 0.10413778E-1, 110.18575
0.91974718E-4, 0.31829238E-1, 0.41712921E-1, 0.0000000, 0.11106078E-1, 0.10372215E-1, 110.91524
0.92519193E-4, 0.31397026E-1, 0.37237532E-1, 0.0000000, 0.13710844E-1, 0.10331802E-1, 111.62645
0.93030591E-4, 0.36317922E-1, 0.35839837E-1, 0.0000000, 0.16640816E-1, 0.10300233E-1, 112.28013
0.93490744E-4, 0.40003214E-1, 0.33818629E-1, 0.0000000, 0.19355085E-1, 0.10252565E-1, 112.86316
0.93886607E-4, 0.46585128E-1, 0.33617180E-1, 0.0000000, 0.21959364E-1, 0.10232505E-1, 113.35770
0.94194998E-4, 0.54243557E-1, 0.33517215E-1, 0.0000000, 0.24558615E-1, 0.10288921E-1, 113.73943
0.94639021E-4, 0.19977227E-1, 0.20798272E-1, 0.0000000, 0.27648602E-1, 0.10253379E-1, 114.32230
0.95390278E-4, 0.29917376E-1, 0.30228468E-1, 0.0000000, 0.25921727E-1, 0.10093735E-1, 115.22874
0.96067663E-4, 0.30972617E-1, 0.30174848E-1, 0.0000000, 0.25595047E-1, 0.10056355E-1, 116.05271
0.96759803E-4, 0.35749488E-1, 0.38608503E-1, 0.0000000, 0.20900946E-1, 0.10024968E-1, 116.88895
0.97343953E-4, 0.34807228E-1, 0.34063023E-1, 0.0000000, 0.18339839E-1, 0.99827331E-2, 117.59914
0.97812546E-4, 0.44874854E-1, 0.35946455E-1, 0.0000000, 0.18574610E-1, 0.99483766E-2, 118.15772
0.98162891E-4, 0.45595236E-1, 0.32877844E-1, 0.0000000, 0.19782960E-1, 0.99265939E-2, 118.58218
0.98480457E-4, 0.46334859E-1, 0.30669738E-1, 0.0000000, 0.21908481E-1, 0.10014336E-1, 118.96642
0.98795237E-4, 0.47114987E-1, 0.28400140E-1, 0.0000000, 0.25407424E-1, 0.10417753E-1, 119.34662
0.99142970E-4, 0.47208879E-1, 0.26515039E-1, 0.0000000, 0.30217171E-1, 0.11180773E-1, 119.76726
0.99561694E-4, 0.45929428E-1, 0.24696050E-1, 0.0000000, 0.35509765E-1, 0.12314051E-1, 120.27483
0.10001042E-3, 0.57037767E-1, 0.26698012E-1, 0.0000000, 0.40442575E-1, 0.13477549E-1, 120.80627
0.10060961E-3, 0.35629295E-1, 0.26961906E-1, 0.0000000, 0.42805690E-1, 0.10297307E-1, 121.55205
0.10143812E-3, 0.31715605E-1, 0.24327274E-1, 0.0000000, 0.37981991E-1, 0.97953156E-2, 122.55744
0.10219881E-3, 0.29499814E-1, 0.25328506E-1, 0.0000000, 0.32287881E-1, 0.96236579E-2, 123.47921
0.10295556E-3, 0.24894306E-1, 0.20620821E-1, 0.0000000, 0.34551583E-1, 0.97754840E-2, 124.39857
0.10375165E-3, 0.27534315E-1, 0.20084137E-1, 0.0000000, 0.38905568E-1, 0.10062457E-1, 125.35818
0.10457886E-3, 0.31834621E-1, 0.21574628E-1, 0.0000000, 0.42029008E-1, 0.10230373E-1, 126.35370
0.10541315E-3, 0.32882892E-1, 0.20037668E-1, 0.0000000, 0.45902412E-1, 0.11323406E-1, 127.36099
0.10624351E-3, 0.40731564E-1, 0.20836195E-1, 0.0000000, 0.50812449E-1, 0.12922426E-1, 128.35675
0.10705764E-3, 0.33183750E-1, 0.17362250E-1, 0.86807916E-2, 0.56017522E-1, 0.14740462E-1, 129.34830
0.10784694E-3, 0.39718416E-1, 0.18658007E-1, 0.99627469E-2, 0.60215451E-1, 0.16277984E-1, 130.29579
0.10876766E-3, 0.20282047E-1, 0.16773600E-1, 0.13136696E-1, 0.65620109E-1, 0.12075158E-1, 131.42796
0.10978099E-3, 0.15835982E-1, 0.27599502E-1, 0.21111904E-1, 0.41046038E-1, 0.93922727E-2, 132.65706
0.20972859E-1, 0.20100165E-1, 0.41167658E-1, 0.14055509E-1, 0.13387403E-1, 0.94181020E-2, 133.30048
0.32001887E-1, 0.25481747E-1, 0.50920278E-1, 0.13876640E-1, 0.61951359E-2, 0.93640340E-2, 133.34358
0.11121051E-3, 0.26125457E-1, 0.51382720E-1, 0.16216287E-1, 0.45509939E-2, 0.93592694E-2, 133.51579
0.11150236E-3, 0.33112947E-1, 0.53413875E-1, 0.15826125E-1, 0.43756729E-2, 0.93948310E-2, 134.01457
0.11170551E-3, 0.28946456E-1, 0.45006633E-1, 0.15923671E-1, 0.55910056E-2, 0.93513448E-2, 134.40598
0.11185542E-3, 0.34564920E-1, 0.44169471E-1, 0.16604811E-1, 0.69072735E-2, 0.93610054E-2, 134.70578
0.11199973E-3, 0.24617366E-1, 0.39347179E-1, 0.15927333E-1, 0.92504462E-2, 0.93616983E-2, 134.99399
0.11224995E-3, 0.29414669E-1, 0.40231403E-1, 0.16071521E-1, 0.10149233E-1, 0.94820783E-2, 135.37517
0.11244984E-3, 0.29627791E-1, 0.36458530E-1, 0.15869342E-1, 0.11218432E-1, 0.94222613E-2, 135.68182
0.11262634E-3, 0.25147755E-1, 0.29118208E-1, 0.16740534E-1, 0.14127848E-1, 0.98437844E-2, 135.94940
0.11282085E-3, 0.26162099E-1, 0.26045421E-1, 0.16590940E-1, 0.17984498E-1, 0.10157397E-1, 136.22089
0.11303135E-3, 0.27798297E-1, 0.24219403E-1, 0.14462552E-1, 0.21700066E-1, 0.10477914E-1, 136.50124
0.11324912E-3, 0.30804930E-1, 0.23645025E-1, 0.16858578E-1, 0.24906266E-1, 0.10220979E-1, 136.78160
0.11346184E-3, 0.33785716E-1, 0.23507500E-1, 0.15543282E-1, 0.27554030E-1, 0.97675798E-2, 137.05028
0.11370549E-3, 0.32535713E-1, 0.21528423E-1, 0.14388059E-1, 0.30720685E-1, 0.98231761E-2, 137.35649
0.11403228E-3, 0.29807750E-1, 0.19576531E-1, 0.13609599E-1, 0.34105688E-1, 0.98762717E-2, 137.76183
0.11447661E-3, 0.23630263E-1, 0.16831422E-1, 0.11908846E-1, 0.36506433E-1, 0.10094429E-1, 138.31024
0.11507567E-3, 0.11016344E-1, 0.10644531E-1, 0.14148051E-1, 0.40959474E-1, 0.10564565E-1, 139.05058
0.11584330E-3, 0.12188378E-1, 0.11531067E-1, 0.14080344E-1, 0.45978952E-1, 0.10645672E-1, 139.97978
0.11662967E-3, 0.27508302E-1, 0.16976304E-1, 0.13757013E-1, 0.50511729E-1, 0.10785934E-1, 140.91684
0.11729168E-3, 0.33720382E-1, 0.17672352E-1, 0.15799591E-1, 0.54037470E-1, 0.12073970E-1, 141.71208
0.11795006E-3, 0.37016165E-1, 0.17344343E-1, 0.15076349E-1, 0.58425881E-1, 0.13520263E-1, 142.50531
0.11861366E-3, 0.41391686E-1, 0.18170480E-1, 0.13572803E-1, 0.61189633E-1, 0.14346405E-1, 143.30348
0.11938188E-3, 0.32328479E-1, 0.15493705E-1, 0.12234093E-1, 0.64930759E-1, 0.15099988E-1, 144.24127
0.12034309E-3, 0.30460963E-1, 0.14352017E-1, 0.11876469E-1, 0.70762485E-1, 0.15957998E-1, 145.40511
0.12143548E-3, 0.33207852E-1, 0.14331045E-1, 0.11164079E-1, 0.77439852E-1, 0.17003076E-1, 146.72284
0.12263552E-3, 0.32594480E-1, 0.13878627E-1, 0.10235781E-1, 0.83533458E-1, 0.17606536E-1, 148.17407
0.12395873E-3, 0.32601651E-1, 0.13813651E-1, 0.89090150E-2, 0.87494299E-1, 0.17785078E-1, 149.77356
0.12540299E-3, 0.30537568E-1, 0.12846628E-1, 0.71207760E-2, 0.92156097E-1, 0.18194649E-1, 151.52141
0.12702540E-3, 0.26432527E-1, 0.11553670E-1, 0.54361839E-2, 0.97692691E-1, 0.18647011E-1, 153.48653
0.12885462E-3, 0.19363852E-1, 0.94700279E-2, 0.40386934E-2, 0.10254120, 0.19006012E-1, 155.70442
0.13083118E-3, 0.21108083E-1, 0.96580675E-2, 0.23919668E-2, 0.10552556, 0.19352615E-1, 158.09163
0.13284660E-3, 0.10705164E-1, 0.93441252E-2, 0.13090501E-1, 0.10621114, 0.13817330E-1, 160.53793
0.13454017E-3, 0.95449341E-2, 0.10620981E-1, 0.17251035E-1, 0.76106884E-1, 0.10835726E-1, 162.58585
0.13562222E-3, 0.99795219E-2, 0.15199113E-1, 0.22566773E-1, 0.45239940E-1, 0.10852031E-1, 163.89308
0.13621543E-3, 0.99779712E-2, 0.18990804E-1, 0.13109950E-1, 0.20389261E-1, 0.11483810E-1, 164.61005
0.65762609E-1, 0.94320914E-2, 0.22688555E-1, 0.17932709E-1, 0.10169289E-1, 0.11741915E-1, 164.21629
0.30776937E-1, 0.10886417E-1, 0.25199093E-1, 0.16763266E-1, 0.63175824E-2, 0.10830532E-1, 163.32870
0.36801383E-1, 0.10682778E-1, 0.25129620E-1, 0.15696358E-1, 0.49218601E-2, 0.10446252E-1, 162.79904
0.26042474E-1, 0.16693681E-1, 0.32759424E-1, 0.15834661E-1, 0.48144837E-2, 0.97888838E-2, 162.28706
0.13523024E-3, 0.15606592E-1, 0.30706245E-1, 0.16325077E-1, 0.49669417E-2, 0.97486703E-2, 162.51936
0.13531528E-3, 0.18963160E-1, 0.32357775E-1, 0.18049421E-1, 0.52725254E-2, 0.97528556E-2, 162.79524
0.13538262E-3, 0.20675309E-1, 0.31634688E-1, 0.18556107E-1, 0.57168817E-2, 0.97066024E-2, 163.03081
0.13542532E-3, 0.21214306E-1, 0.29537285E-1, 0.17810596E-1, 0.65898318E-2, 0.97507183E-2, 163.21338
0.13547578E-3, 0.17350623E-1, 0.24926992E-1, 0.15248427E-1, 0.76569677E-2, 0.94236508E-2, 163.38464
0.13554540E-3, 0.20379093E-1, 0.26084235E-1, 0.18312691E-1, 0.82174689E-2, 0.94454009E-2, 163.54913
0.13562341E-3, 0.16712010E-1, 0.22203181E-1, 0.18079702E-1, 0.93167871E-2, 0.94713019E-2, 163.71088
0.13574798E-3, 0.16052643E-1, 0.20886282E-1, 0.14049571E-1, 0.10675965E-1, 0.94744926E-2, 163.90991
0.13587122E-3, 0.21428794E-1, 0.23319725E-1, 0.16460590E-1, 0.11751885E-1, 0.95397905E-2, 164.08885
0.13597116E-3, 0.19219318E-1, 0.20874439E-1, 0.17392809E-1, 0.12299577E-1, 0.94755795E-2, 164.23782
0.13608542E-3, 0.21513404E-1, 0.20512780E-1, 0.15868837E-1, 0.14161181E-1, 0.95044915E-2, 164.39246
0.13622671E-3, 0.16264513E-1, 0.16713677E-1, 0.17093061E-1, 0.16100483E-1, 0.95536010E-2, 164.58206
0.20145848E-1, 0.13752639E-1, 0.24961513E-1, 0.15992958E-1, 0.11658693E-1, 0.94454568E-2, 164.60388
0.75790249E-1, 0.12902398E-1, 0.28915459E-1, 0.16255138E-1, 0.42003337E-2, 0.96533233E-2, 163.37183
0.91837727E-1, 0.10999081E-1, 0.26042927E-1, 0.14790518E-1, 0.32518154E-2, 0.10298735E-1, 162.23587
0.41389428E-1, 0.11346904E-1, 0.26649509E-1, 0.15667530E-1, 0.38090660E-2, 0.10268769E-1, 161.13263
0.81353858E-2, 0.11148920E-1, 0.26468769E-1, 0.15648052E-1, 0.39592166E-2, 0.10238168E-1, 160.61655
0.34290785E-2, 0.13578760E-1, 0.30205186E-1, 0.16306980E-1, 0.40780986E-2, 0.95671825E-2, 160.75356
0.13402720E-3, 0.19219700E-1, 0.36903396E-1, 0.16764734E-1, 0.41805780E-2, 0.92378138E-2, 161.06216
0.13413819E-3, 0.18698638E-1, 0.35400089E-1, 0.18066663E-1, 0.40192776E-2, 0.91893114E-2, 161.37218
0.13423277E-3, 0.10496331E-1, 0.23224607E-1, 0.17669627E-1, 0.47001950E-2, 0.11146951E-1, 161.64999
0.13432186E-3, 0.63107461E-2, 0.15800919E-1, 0.14949942E-1, 0.61672763E-2, 0.16050979E-1, 161.89299
0.13446156E-3, 0.57525802E-2, 0.14151074E-1, 0.13095212E-1, 0.85815005E-2, 0.17888727E-1, 162.16893
0.13460635E-3, 0.79985065E-2, 0.16850725E-1, 0.17014436E-1, 0.99777998E-2, 0.14117919E-1, 162.42522
0.13476763E-3, 0.87589733E-2, 0.17268080E-1, 0.19704536E-1, 0.98043447E-2, 0.12161988E-1, 162.68338
0.13493159E-3, 0.66737556E-2, 0.13606805E-1, 0.15678914E-1, 0.10291289E-1, 0.14763128E-1, 162.93184
0.13509305E-3, 0.58156326E-2, 0.11714827E-1, 0.16786201E-1, 0.11913585E-1, 0.16021686E-1, 163.16348
0.13528737E-3, 0.77303061E-2, 0.13083417E-1, 0.17085258E-1, 0.13640941E-1, 0.14085430E-1, 163.42242
0.13550177E-3, 0.89643756E-2, 0.13665375E-1, 0.15161030E-1, 0.14845253E-1, 0.12692399E-1, 163.69943
0.13572779E-3, 0.89253690E-2, 0.12853786E-1, 0.19275781E-1, 0.16065594E-1, 0.12257905E-1, 163.98639
0.13597564E-3, 0.82019176E-2, 0.11361517E-1, 0.15274278E-1, 0.17835530E-1, 0.12456155E-1, 164.29657
0.13626326E-3, 0.59127514E-2, 0.87209288E-2, 0.17788200E-1, 0.19999966E-1, 0.13399834E-1, 164.65358
0.13658908E-3, 0.66973590E-2, 0.87588327E-2, 0.15045375E-1, 0.22711460E-1, 0.13693322E-1, 165.05162
0.13699550E-3, 0.53609908E-2, 0.72209225E-2, 0.15332755E-1, 0.25876591E-1, 0.15109699E-1, 165.54776
0.13744789E-3, 0.68375780E-2, 0.79540759E-2, 0.14538510E-1, 0.27951552E-1, 0.14226397E-1, 166.09563
0.13795310E-3, 0.56731268E-2, 0.72230976E-2, 0.15286383E-1, 0.31020083E-1, 0.15424610E-1, 166.70901
0.13844238E-3, 0.62520662E-2, 0.10751129E-1, 0.21496790E-1, 0.28225560E-1, 0.14308606E-1, 167.30086
0.13880724E-3, 0.57569202E-2, 0.11304155E-1, 0.19402692E-1, 0.20378169E-1, 0.15021080E-1, 167.74286
0.13909567E-3, 0.52653975E-2, 0.96461605E-2, 0.16385682E-1, 0.17720487E-1, 0.16486827E-1, 168.09270
0.13940924E-3, 0.55771573E-2, 0.91192340E-2, 0.14350530E-1, 0.18677456E-1, 0.16687036E-1, 168.47212
0.13972435E-3, 0.61114486E-2, 0.92518535E-2, 0.16957926E-1, 0.20431107E-1, 0.14844787E-1, 168.85306
0.14002548E-3, 0.73121949E-2, 0.96130045E-2, 0.19226216E-1, 0.20953333E-1, 0.12429484E-1, 169.21631
0.14035196E-3, 0.66791042E-2, 0.79625789E-2, 0.15027254E-1, 0.23352791E-1, 0.13886081E-1, 169.61211
0.14074259E-3, 0.68655652E-2, 0.74403309E-2, 0.15194516E-1, 0.27043333E-1, 0.13565110E-1, 170.08449
0.14122047E-3, 0.67342352E-2, 0.67699444E-2, 0.14471242E-1, 0.31854510E-1, 0.13970116E-1, 170.66238
0.14181279E-3, 0.66234460E-2, 0.63123945E-2, 0.13376710E-1, 0.36799151E-1, 0.14582120E-1, 171.37862
0.14250455E-3, 0.70745824E-2, 0.63047153E-2, 0.13270447E-1, 0.42108990E-1, 0.14666432E-1, 172.21414
0.14328664E-3, 0.71209120E-2, 0.61152810E-2, 0.13774846E-1, 0.46979841E-1, 0.14003480E-1, 173.15932
0.14413225E-3, 0.73852078E-2, 0.60741976E-2, 0.15130986E-1, 0.51248513E-1, 0.13633692E-1, 174.18100
0.14505703E-3, 0.70971376E-2, 0.56867027E-2, 0.15704917E-1, 0.56143694E-1, 0.14251112E-1, 175.29886
0.14611662E-3, 0.61535495E-2, 0.49121492E-2, 0.12628615E-1, 0.61591320E-1, 0.15993185E-1, 176.58040
0.14733002E-3, 0.63471678E-2, 0.47482275E-2, 0.11027031E-1, 0.68051241E-1, 0.16640684E-1, 178.04666
0.14860432E-3, 0.62876102E-2, 0.45754686E-2, 0.11537293E-1, 0.66694163E-1, 0.16357068E-1, 179.58681
0.14973212E-3, 0.81874011E-2, 0.53429874E-2, 0.12745638E-1, 0.58528595E-1, 0.14431327E-1, 180.94785
0.15070832E-3, 0.84677413E-2, 0.52074478E-2, 0.13383419E-1, 0.53101737E-1, 0.15560472E-1, 182.12735
0.15158429E-3, 0.86189415E-2, 0.51423945E-2, 0.13231196E-1, 0.49617540E-1, 0.15970653E-1, 183.18582
0.15234311E-3, 0.12827607E-1, 0.63645430E-2, 0.15278630E-1, 0.46292331E-1, 0.15196985E-1, 184.09886
0.15296935E-3, 0.14488718E-1, 0.65942048E-2, 0.14775513E-1, 0.42542502E-1, 0.14919989E-1, 184.85440
0.15356576E-3, 0.12818022E-1, 0.60293586E-2, 0.12072546E-1, 0.39618809E-1, 0.15322107E-1, 185.57686
0.15418920E-3, 0.89791408E-2, 0.49086427E-2, 0.87168645E-2, 0.37767027E-1, 0.15915696E-1, 186.33397
0.15488754E-3, 0.75593158E-2, 0.49124127E-2, 0.10276715E-1, 0.36166336E-1, 0.15335695E-1, 187.17937
0.15539513E-3, 0.81472555E-2, 0.75690970E-2, 0.15894080E-1, 0.29459534E-1, 0.11908909E-1, 187.79216
0.17682776E-1, 0.82110772E-2, 0.14088698E-1, 0.23877017E-1, 0.15738202E-1, 0.11828387E-1, 188.10286
0.14885946E-1, 0.90566399E-2, 0.17397251E-1, 0.15724342E-1, 0.54145460E-2, 0.10997348E-1, 187.66333
0.27418815E-1, 0.12994676E-1, 0.21920931E-1, 0.19168412E-1, 0.36770636E-2, 0.95455376E-2, 187.15077
0.15566849E-3, 0.16452637E-1, 0.24574475E-1, 0.20027220E-1, 0.35335042E-2, 0.93427515E-2, 187.04788
0.15555890E-3, 0.80473507E-2, 0.14853463E-1, 0.15135384E-1, 0.33844209E-2, 0.13298000E-1, 187.13133
0.15557393E-3, 0.45346259E-2, 0.97147292E-2, 0.74322601E-2, 0.44607399E-2, 0.18931486E-1, 187.33719
0.15563813E-3, 0.45529213E-2, 0.93471017E-2, 0.10004076E-1, 0.57209046E-2, 0.18570649E-1, 187.57072
0.15567342E-3, 0.86769909E-2, 0.12731778E-1, 0.15774690E-1, 0.68679750E-2, 0.16529508E-1, 187.73666
0.15568455E-3, 0.98122461E-2, 0.11950579E-1, 0.15353843E-1, 0.84110089E-2, 0.15382592E-1, 187.84987
0.15566936E-3, 0.11476940E-1, 0.11834893E-1, 0.17984770E-1, 0.94050765E-2, 0.13476747E-1, 187.90712
0.15564280E-3, 0.12228390E-1, 0.11558698E-1, 0.18259181E-1, 0.10294692E-1, 0.11702194E-1, 187.93217
0.15556836E-3, 0.18392006E-1, 0.13197327E-1, 0.20335309E-1, 0.11334428E-1, 0.10667688E-1, 187.87878
0.15550783E-3, 0.14042934E-1, 0.10362194E-1, 0.15566794E-1, 0.12906106E-1, 0.10569181E-1, 187.84131
0.15559050E-3, 0.10699364E-1, 0.77265715E-2, 0.15113108E-1, 0.15013956E-1, 0.13556614E-1, 187.96732
0.15583284E-3, 0.57371184E-2, 0.48703533E-2, 0.77671623E-2, 0.17629763E-1, 0.16969277E-1, 188.28178
0.15613333E-3, 0.89297043E-2, 0.61274543E-2, 0.11874417E-1, 0.20485820E-1, 0.14967081E-1, 188.65359
0.15644006E-3, 0.78655761E-2, 0.55294205E-2, 0.13905462E-1, 0.22963447E-1, 0.14403314E-1, 189.03394
0.15682784E-3, 0.10038911E-1, 0.56121359E-2, 0.10172225E-1, 0.26664058E-1, 0.16277440E-1, 189.50685
0.15733905E-3, 0.10410481E-1, 0.52443990E-2, 0.89785904E-2, 0.35878662E-1, 0.17572325E-1, 190.12906
0.15802863E-3, 0.12964948E-1, 0.55355341E-2, 0.96056256E-2, 0.45674805E-1, 0.17375873E-1, 190.96315
0.15876448E-3, 0.15818262E-1, 0.62952633E-2, 0.16086614E-1, 0.53375922E-1, 0.14894954E-1, 191.85158
0.15952739E-3, 0.18717211E-1, 0.70439419E-2, 0.17258603E-1, 0.58805399E-1, 0.13690369E-1, 192.77193
0.16033436E-3, 0.21653472E-1, 0.74005085E-2, 0.16218467E-1, 0.62386137E-1, 0.13716712E-1, 193.74521
0.16124010E-3, 0.13724374E-1, 0.56982157E-2, 0.14867797E-1, 0.66029884E-1, 0.14387420E-1, 194.84863
0.16232561E-3, 0.99492334E-2, 0.57198787E-2, 0.18428195E-1, 0.68018235E-1, 0.12115016E-1, 196.16446
0.16336204E-3, 0.89924140E-2, 0.64774398E-2, 0.17457442E-1, 0.60129616E-1, 0.11588883E-1, 197.41798
0.16418118E-3, 0.98857377E-2, 0.72907028E-2, 0.18395521E-1, 0.47340475E-1, 0.11335358E-1, 198.40709
0.16478474E-3, 0.13220374E-1, 0.83680013E-2, 0.21489844E-1, 0.41283600E-1, 0.10000251E-1, 199.13327
0.16529606E-3, 0.13060375E-1, 0.78583434E-2, 0.15587473E-1, 0.39487399E-1, 0.98783653E-2, 199.75162
0.16576314E-3, 0.18382536E-1, 0.88873189E-2, 0.19357827E-1, 0.39881539E-1, 0.98458277E-2, 200.31108
0.16621735E-3, 0.14481309E-1, 0.72192019E-2, 0.17371772E-1, 0.42084832E-1, 0.10148917E-1, 200.86403
0.16677481E-3, 0.17486827E-1, 0.76565845E-2, 0.18899828E-1, 0.45685958E-1, 0.10584278E-1, 201.53473
0.16735651E-3, 0.17662577E-1, 0.72270287E-2, 0.15330391E-1, 0.49220316E-1, 0.11081736E-1, 202.23770
0.16803628E-3, 0.17616112E-1, 0.68984353E-2, 0.14522947E-1, 0.52702345E-1, 0.11833968E-1, 203.05959
0.16887776E-3, 0.10506520E-1, 0.46868771E-2, 0.13980923E-1, 0.58119394E-1, 0.15763840E-1, 204.08388
0.16992293E-3, 0.13859880E-1, 0.49293200E-2, 0.99558355E-2, 0.65643765E-1, 0.17847169E-1, 205.34439
0.17113841E-3, 0.15630174E-1, 0.49815313E-2, 0.76476214E-2, 0.72945789E-1, 0.18651977E-1, 206.81212
0.17213209E-3, 0.18018197E-1, 0.54982309E-2, 0.35668846E-1, 0.78702442E-1, 0.17433986E-1, 208.01082
0.17295057E-3, 0.26238866E-1, 0.66614421E-2, 0.34805689E-1, 0.83964646E-1, 0.17245412E-1, 208.99176
0.17373772E-3, 0.27310293E-1, 0.68689855E-2, 0.35343569E-1, 0.87040842E-1, 0.16696012E-1, 209.94223
0.17459234E-3, 0.26255479E-1, 0.64355833E-2, 0.34285624E-1, 0.90370074E-1, 0.17738907E-1, 210.97665
0.17555867E-3, 0.23510022E-1, 0.58980440E-2, 0.33591677E-1, 0.94195411E-1, 0.18425699E-1, 212.14783
0.17666403E-3, 0.23002520E-1, 0.56309393E-2, 0.32405026E-1, 0.98933615E-1, 0.19604694E-1, 213.48413
0.17786905E-3, 0.23849746E-1, 0.56876680E-2, 0.32262571E-1, 0.10362097, 0.19745827E-1, 214.93954
0.17912722E-3, 0.25052374E-1, 0.58121574E-2, 0.32709185E-1, 0.10661592, 0.19299883E-1, 216.45894
0.18048438E-3, 0.19431544E-1, 0.48225885E-2, 0.31276211E-1, 0.11010884, 0.20725345E-1, 218.10501
0.18200344E-3, 0.17471546E-1, 0.44649299E-2, 0.30648658E-1, 0.11359219, 0.21349963E-1, 219.94278
0.18359727E-3, 0.19676778E-1, 0.46558669E-2, 0.30501196E-1, 0.11680549, 0.21496456E-1, 221.86667
0.18515636E-3, 0.28115775E-1, 0.56098248E-2, 0.31184288E-1, 0.11915177, 0.20815190E-1, 223.74255
0.18662396E-3, 0.31934362E-1, 0.60150553E-2, 0.31608734E-1, 0.12039292, 0.20390870E-1, 225.51245
0.18804721E-3, 0.31460918E-1, 0.59813168E-2, 0.32469515E-1, 0.12046060, 0.19530237E-1, 227.23329
0.18951172E-3, 0.27945636E-1, 0.54809642E-2, 0.31692181E-1, 0.12106345, 0.20302027E-1, 229.00650
0.19099576E-3, 0.31417307E-1, 0.59676468E-2, 0.32109894E-1, 0.12150814, 0.19882830E-1, 230.79636
0.19244326E-3, 0.35018444E-1, 0.60192249E-2, 0.31188427E-1, 0.12225179, 0.20799385E-1, 232.54214
0.19386776E-3, 0.35747204E-1, 0.59630382E-2, 0.30868325E-1, 0.12289441, 0.21115728E-1, 234.26308
0.19532778E-3, 0.30884752E-1, 0.54658130E-2, 0.30677620E-1, 0.12321030, 0.21303514E-1, 236.03249
0.19687295E-3, 0.25957834E-1, 0.48979130E-2, 0.31077335E-1, 0.12363229, 0.20902570E-1, 237.90445
0.19832357E-3, 0.45710854E-1, 0.69180820E-2, 0.31735972E-1, 0.12355556, 0.20243792E-1, 239.63774
0.19962477E-3, 0.37140183E-1, 0.60786628E-2, 0.31649545E-1, 0.12357987, 0.20328075E-1, 241.21913
0.20115793E-3, 0.18612325E-1, 0.39483770E-2, 0.31086443E-1, 0.12337463, 0.20888688E-1, 243.09024
0.20285664E-3, 0.20567046E-1, 0.41485974E-2, 0.31360600E-1, 0.12293048, 0.20614132E-1, 245.14055
0.20456289E-3, 0.16664157E-1, 0.35542184E-2, 0.30807387E-1, 0.12238602, 0.21165740E-1, 247.20630
0.20625193E-3, 0.23691004E-1, 0.43380982E-2, 0.30551488E-1, 0.12150596, 0.21420788E-1, 249.24014
0.20783205E-3, 0.23887571E-1, 0.43690302E-2, 0.31074675E-1, 0.11974680, 0.20897631E-1, 251.14873
0.20929382E-3, 0.34767516E-1, 0.52679786E-2, 0.30990900E-1, 0.11777104, 0.20980621E-1, 252.90440
0.21055197E-3, 0.39242525E-1, 0.55870735E-2, 0.31187706E-1, 0.11568760, 0.20782946E-1, 254.42047
0.21175115E-3, 0.37229810E-1, 0.54791505E-2, 0.30119684E-1, 0.11387886, 0.20558409E-1, 255.87170
0.21337823E-3, 0.21487165E-1, 0.39403271E-2, 0.0000000, 0.11141817, 0.20511031E-1, 257.85358
0.21536164E-3, 0.23982655E-1, 0.41785510E-2, 0.0000000, 0.10762674, 0.20262672E-1, 260.24814
0.21724751E-3, 0.24031756E-1, 0.41385028E-2, 0.0000000, 0.10278261, 0.20026419E-1, 262.52722
0.21891303E-3, 0.39335839E-1, 0.55375942E-2, 0.0000000, 0.97790897E-1, 0.19711962E-1, 264.52496
0.22019466E-3, 0.54305438E-1, 0.65942127E-2, 0.0000000, 0.93690656E-1, 0.19642027E-1, 266.05899
0.22146810E-3, 0.26008163E-1, 0.42133299E-2, 0.0000000, 0.89283563E-1, 0.19588560E-1, 267.62601
0.12180776E-1, 0.24247047E-1, 0.76913848E-2, 0.0000000, 0.74144982E-1, 0.13145871E-1, 269.32681
0.19836576, 0.13247527E-1, 0.11238476E-1, 0.0000000, 0.17847024E-1, 0.10396162E-1, 267.49612
0.11891992, 0.10916579E-1, 0.10320434E-1, 0.76818503E-2, 0.41309143E-2, 0.11390067E-1, 263.74680
0.48437971E-2, 0.11225888E-1, 0.10523949E-1, 0.13990350E-1, 0.18032627E-2, 0.10970599E-1, 262.78214
0.35115384E-1, 0.12246625E-1, 0.11229739E-1, 0.15052455E-1, 0.11828492E-2, 0.10292836E-1, 262.27249
0.78822471E-1, 0.13009091E-1, 0.11796078E-1, 0.16549062E-1, 0.99898432E-3, 0.96730208E-2, 261.09824
0.54909430E-1, 0.13173978E-1, 0.12013831E-1, 0.13462557E-1, 0.11182337E-2, 0.95304064E-2, 258.65204
0.28748726E-1, 0.14996014E-1, 0.13186606E-1, 0.12840271E-1, 0.12355556E-2, 0.89879353E-2, 257.69901
0.28737519E-1, 0.17537970E-1, 0.14795285E-1, 0.14981488E-1, 0.11114676E-2, 0.81603462E-2, 256.84253
0.15761677E-1, 0.19579675E-1, 0.16014926E-1, 0.13184873E-1, 0.91980083E-3, 0.80186427E-2, 256.28821
0.10720603E-1, 0.28152153E-1, 0.20186625E-1, 0.16395900E-1, 0.12512461E-2, 0.77183293E-2, 255.77423
0.21256445E-3, 0.28614035E-1, 0.20500241E-1, 0.12740971E-1, 0.15716832E-2, 0.75911959E-2, 255.40672
0.35807946, 0.27429879E-1, 0.20402500E-1, 0.18292982E-1, 0.13855807E-2, 0.77746236E-2, 252.64017
0.20503518E-3, 0.28136440E-1, 0.20203611E-1, 0.15460875E-1, 0.20252070E-2, 0.87841218E-2, 246.23985
0.20459968E-3, 0.16176239E-1, 0.13777619E-1, 0.12646260E-1, 0.21940675E-2, 0.84969532E-2, 246.01056
0.20426682E-3, 0.16140511E-1, 0.13110765E-1, 0.15713656E-1, 0.24867749E-2, 0.91326479E-2, 245.86584
0.20395519E-3, 0.16854154E-1, 0.13923737E-1, 0.16599527E-1, 0.27529481E-2, 0.86327717E-2, 245.71017
0.20365709E-3, 0.22373816E-1, 0.16442863E-1, 0.13370136E-1, 0.26966026E-2, 0.78226794E-2, 245.52750
0.20329272E-3, 0.31509958E-1, 0.18907024E-1, 0.18563773E-1, 0.28868620E-2, 0.77215834E-2, 245.22440
0.20289757E-3, 0.22858733E-1, 0.14667688E-1, 0.15475526E-1, 0.29954491E-2, 0.76388265E-2, 244.86844
0.20257024E-3, 0.24899634E-1, 0.14728652E-1, 0.17003510E-1, 0.34995235E-2, 0.76851216E-2, 244.55591
0.20216711E-3, 0.36718491E-1, 0.17121539E-1, 0.14284636E-1, 0.39405432E-2, 0.76318420E-2, 244.12114
0.20148433E-3, 0.61251469E-1, 0.19740596E-1, 0.21808524E-1, 0.45888815E-2, 0.77996566E-2, 243.31947
0.20054825E-3, 0.56988079E-1, 0.16541451E-1, 0.16344998E-1, 0.58623794E-2, 0.76855849E-2, 242.22765
0.19990114E-3, 0.26584936E-1, 0.99571859E-2, 0.14836193E-1, 0.80620209E-2, 0.75807036E-2, 241.50047
0.49586169E-3, 0.24241837E-1, 0.16963739E-1, 0.15137948E-1, 0.61941296E-2, 0.76306001E-2, 241.20032
0.19946869E-3, 0.31533238E-1, 0.25020298E-1, 0.19103596E-1, 0.25420410E-2, 0.76376349E-2, 241.00119
0.18190320, 0.23190264E-1, 0.21481428E-1, 0.14558118E-1, 0.15351652E-2, 0.76341536E-2, 238.01787
0.33544181E-2, 0.23350986E-1, 0.21622047E-1, 0.15383990E-1, 0.19459145E-2, 0.76565505E-2, 236.20996
0.14147106E-1, 0.28774170E-1, 0.24760999E-1, 0.15816264E-1, 0.22159654E-2, 0.75955298E-2, 235.73428
0.72021730E-1, 0.23093347E-1, 0.21608014E-1, 0.15524888E-1, 0.21763265E-2, 0.76564811E-2, 234.80933
0.19456752E-3, 0.18589029E-1, 0.18805467E-1, 0.15438415E-1, 0.26846644E-2, 0.87349480E-2, 233.69939
0.19420510E-3, 0.30781085E-1, 0.23074286E-1, 0.18521467E-1, 0.35211304E-2, 0.88392543E-2, 233.51794
0.19380054E-3, 0.19074772E-1, 0.16389459E-1, 0.15592327E-1, 0.41232076E-2, 0.82747741E-2, 233.28369
0.19343653E-3, 0.34175314E-1, 0.21877594E-1, 0.16383190E-1, 0.41377684E-2, 0.76951054E-2, 233.03654
0.19300483E-3, 0.27111974E-1, 0.19931573E-1, 0.18240454E-1, 0.43840748E-2, 0.76647731E-2, 232.69342
0.19263371E-3, 0.39545722E-1, 0.23878265E-1, 0.18820263E-1, 0.43351115E-2, 0.80528287E-2, 232.36919
0.19223575E-3, 0.24003396E-1, 0.16168170E-1, 0.14615243E-1, 0.54560644E-2, 0.76845153E-2, 232.00885
0.19197068E-3, 0.27181296E-1, 0.16368784E-1, 0.18031323E-1, 0.63479091E-2, 0.76993066E-2, 231.76369
0.19164472E-3, 0.32795206E-1, 0.16949179E-1, 0.15645515E-1, 0.73785540E-2, 0.76729064E-2, 231.42271
0.19118028E-3, 0.47339503E-1, 0.19028945E-1, 0.19794583E-1, 0.81510311E-2, 0.75675016E-2, 230.89046
0.19053310E-3, 0.49733646E-1, 0.17393995E-1, 0.16545000E-1, 0.92872586E-2, 0.75647477E-2, 230.13815
0.18994424E-3, 0.44994868E-1, 0.15225732E-1, 0.17479792E-1, 0.10762738E-1, 0.75801015E-2, 229.45428
0.10036064, 0.23701133E-1, 0.17460760E-1, 0.13407688E-1, 0.87554464E-2, 0.76726102E-2, 227.79306
0.18477896E-1, 0.18417319E-1, 0.20779338E-1, 0.14675073E-1, 0.33979951E-2, 0.80376212E-2, 226.36374
0.18826539E-3, 0.19015012E-1, 0.21020457E-1, 0.18100515E-1, 0.30930801E-2, 0.80029182E-2, 226.17281
0.18803426E-3, 0.21323182E-1, 0.22464681E-1, 0.12325963E-1, 0.33614766E-2, 0.77988380E-2, 226.14647
0.18781814E-3, 0.19175244E-1, 0.20586494E-1, 0.16241910E-1, 0.32083613E-2, 0.78855241E-2, 226.11603
0.18046645E-1, 0.16339734E-1, 0.19480590E-1, 0.13928248E-1, 0.30119214E-2, 0.82890568E-2, 225.90726
0.11198603, 0.17992981E-1, 0.21047363E-1, 0.16816255E-1, 0.31510529E-2, 0.81829438E-2, 224.70232
0.36095466E-1, 0.18465189E-1, 0.21700732E-1, 0.16392536E-1, 0.37200009E-2, 0.81079155E-2, 222.50597
0.18494096E-3, 0.34997318E-1, 0.30771736E-1, 0.16320087E-1, 0.37055125E-2, 0.79544159E-2, 222.05415
0.18452044E-3, 0.29134799E-1, 0.25111809E-1, 0.19719068E-1, 0.40583098E-2, 0.76377736E-2, 221.81253
0.18406087E-3, 0.48179276E-1, 0.30150525E-1, 0.18724734E-1, 0.43034162E-2, 0.75558964E-2, 221.47658
0.18331867E-3, 0.57912227E-1, 0.29391162E-1, 0.18245548E-1, 0.46561323E-2, 0.75575314E-2, 220.77838
0.18253397E-3, 0.50397534E-1, 0.23399036E-1, 0.18365566E-1, 0.57076258E-2, 0.75643105E-2, 220.01027
0.18174497E-3, 0.60356937E-1, 0.22548482E-1, 0.18092081E-1, 0.75405780E-2, 0.75718877E-2, 219.18474
0.18077207E-3, 0.73734634E-1, 0.23038607E-1, 0.18429194E-1, 0.94223274E-2, 0.76009496E-2, 218.10277
0.17983078E-3, 0.58613285E-1, 0.18847097E-1, 0.18302256E-1, 0.11705937E-1, 0.77141183E-2, 217.06110
0.17929460E-3, 0.35121210E-1, 0.17289590E-1, 0.14147365E-1, 0.13914730E-1, 0.77502481E-2, 216.49551
0.17911187E-3, 0.25141418E-1, 0.17942144E-1, 0.15029282E-1, 0.11983368E-1, 0.75976071E-2, 216.32732
0.17905374E-3, 0.25132015E-1, 0.18855639E-1, 0.15111806E-1, 0.69667879E-2, 0.75915060E-2, 216.28757
0.17884870E-3, 0.35056707E-1, 0.21353953E-1, 0.17271988E-1, 0.60806880E-2, 0.75907949E-2, 216.05307
0.17851907E-3, 0.40266979E-1, 0.18304957E-1, 0.14315644E-1, 0.85924855E-2, 0.75951717E-2, 215.66719
0.17812767E-3, 0.41617207E-1, 0.16034188E-1, 0.14341043E-1, 0.11490078E-1, 0.76974612E-2, 215.20561
0.17775691E-3, 0.42867195E-1, 0.14134891E-1, 0.13043261E-1, 0.15108604E-1, 0.84710764E-2, 214.76585
0.17737100E-3, 0.51037475E-1, 0.13822581E-1, 0.14350925E-1, 0.18997122E-1, 0.10169141E-1, 214.29863
0.17691930E-3, 0.54027982E-1, 0.13588967E-1, 0.13386920E-1, 0.22289531E-1, 0.11593451E-1, 213.75481
0.94696548E-3, 0.36377057E-1, 0.21364707E-1, 0.19155040E-1, 0.21744620E-1, 0.89614121E-2, 213.38913
0.17645133E-3, 0.49443636E-1, 0.23061993E-1, 0.15028845E-1, 0.13667089E-1, 0.76118489E-2, 213.19853
0.17600572E-3, 0.49863432E-1, 0.18201374E-1, 0.14218525E-1, 0.13578448E-1, 0.77660074E-2, 212.66165
0.17559402E-3, 0.41083287E-1, 0.17042052E-1, 0.16774856E-1, 0.16169846E-1, 0.78318268E-2, 212.17377
0.17537622E-3, 0.37963942E-1, 0.19741371E-1, 0.16830094E-1, 0.17320115E-1, 0.76173828E-2, 211.91359
0.21170279E-1, 0.29217213E-1, 0.24748180E-1, 0.19024186E-1, 0.13971953E-1, 0.76181819E-2, 211.65628
0.31701423E-1, 0.31609412E-1, 0.35021622E-1, 0.93867937E-2, 0.58624111E-2, 0.76159150E-2, 210.93953
0.10374821, 0.28926004E-1, 0.33630110E-1, 0.20212758E-1, 0.45545902E-2, 0.76124859E-2, 209.22316
0.17338639E-3, 0.34541998E-1, 0.36321100E-1, 0.14068194E-1, 0.39699827E-2, 0.76103238E-2, 208.27144
0.17310606E-3, 0.42694826E-1, 0.36359336E-1, 0.15668768E-1, 0.38407911E-2, 0.76083364E-2, 208.16240
0.17265863E-3, 0.43715719E-1, 0.28688638E-1, 0.18240636E-1, 0.47162478E-2, 0.76087373E-2, 207.83588
0.17212093E-3, 0.44795372E-1, 0.22683645E-1, 0.12822169E-1, 0.65776687E-2, 0.76098372E-2, 207.36871
0.17160956E-3, 0.40860470E-1, 0.19276891E-1, 0.14740238E-1, 0.96896561E-2, 0.76138075E-2, 206.90402
0.82777902E-1, 0.33176251E-1, 0.24348317E-1, 0.17234022E-1, 0.11755595E-1, 0.76195160E-2, 206.34558
0.17042759E-3, 0.33549577E-1, 0.38313281E-1, 0.18909218E-1, 0.64446521E-2, 0.76141530E-2, 204.61676
0.76404780E-1, 0.29517049E-1, 0.35830125E-1, 0.16419001E-1, 0.46945531E-2, 0.76110382E-2, 203.57365
0.13700470, 0.26133798E-1, 0.34453519E-1, 0.15586899E-1, 0.45946627E-2, 0.76093632E-2, 200.85916
0.67570373E-1, 0.25797017E-1, 0.34537192E-1, 0.15796229E-1, 0.48126145E-2, 0.76049813E-2, 198.93222
0.10981590, 0.28967697E-1, 0.37758306E-1, 0.16259348E-1, 0.43746550E-2, 0.76017212E-2, 196.35605
0.16308451E-3, 0.38655169E-1, 0.42802390E-1, 0.17066162E-1, 0.40431786E-2, 0.76009496E-2, 195.90028
0.16286108E-3, 0.36090426E-1, 0.34685642E-1, 0.15443369E-1, 0.44947253E-2, 0.76012905E-2, 195.85580
0.16253084E-3, 0.41035876E-1, 0.29730115E-1, 0.16061775E-1, 0.58870493E-2, 0.76017883E-2, 195.65254
0.77505328E-3, 0.28524704E-1, 0.31999066E-1, 0.17199997E-1, 0.71846265E-2, 0.76100025E-2, 195.45886
0.27103543, 0.29219065E-1, 0.39886795E-1, 0.17385695E-1, 0.52766702E-2, 0.76018372E-2, 190.26505
0.15758560E-3, 0.34775119E-1, 0.42560402E-1, 0.16491998E-1, 0.44601155E-2, 0.76012793E-2, 189.32468
0.15747135E-3, 0.32023296E-1, 0.36485538E-1, 0.15663726E-1, 0.51514399E-2, 0.76022260E-2, 189.40141
0.15732834E-3, 0.30417826E-1, 0.34212321E-1, 0.18625731E-1, 0.63258223E-2, 0.76032309E-2, 189.41914
0.18467164E-1, 0.31333074E-1, 0.40720031E-1, 0.15740003E-1, 0.57528620E-2, 0.76030358E-2, 189.33160
0.15755786E-3, 0.39007470E-1, 0.43211937E-1, 0.19154171E-1, 0.46763266E-2, 0.76024728E-2, 189.25131
0.15728483E-3, 0.43117680E-1, 0.35977550E-1, 0.16758315E-1, 0.53044511E-2, 0.76047983E-2, 189.13461
0.15690914E-3, 0.38064059E-1, 0.27036514E-1, 0.13768402E-1, 0.78778649E-2, 0.76064146E-2, 188.88095
0.15669444E-3, 0.28915696E-1, 0.32890745E-1, 0.19237092E-1, 0.88715255E-2, 0.76080575E-2, 188.79514
0.80177188E-1, 0.29382490E-1, 0.40737908E-1, 0.17203035E-1, 0.62171407E-2, 0.76071178E-2, 188.27802
0.18210516E-3, 0.27841529E-1, 0.41594483E-1, 0.15130496E-1, 0.49812770E-2, 0.76075094E-2, 187.35985
0.15602770E-3, 0.39372977E-1, 0.47838636E-1, 0.18099461E-1, 0.42795641E-2, 0.76044984E-2, 187.58067
0.15587384E-3, 0.39346185E-1, 0.38767055E-1, 0.17153708E-1, 0.48427461E-2, 0.76056793E-2, 187.59258
0.15559550E-3, 0.40565908E-1, 0.31625874E-1, 0.14674622E-1, 0.67338659E-2, 0.76080984E-2, 187.42656
0.15526188E-3, 0.41574188E-1, 0.25045004E-1, 0.16486399E-1, 0.95256325E-2, 0.76153446E-2, 187.16415
0.15489967E-3, 0.44754449E-1, 0.22220604E-1, 0.13062834E-1, 0.13315883E-1, 0.77597545E-2, 186.83597
0.15456181E-3, 0.44744760E-1, 0.19510075E-1, 0.14564146E-1, 0.17644750E-1, 0.84428145E-2, 186.51442
0.15426581E-3, 0.50648995E-1, 0.18856009E-1, 0.14235219E-1, 0.22672968E-1, 0.97713135E-2, 186.21634
0.15399573E-3, 0.50178591E-1, 0.17697521E-1, 0.13528207E-1, 0.28249906E-1, 0.10943015E-1, 185.93919
0.15386567E-3, 0.49511157E-1, 0.16682863E-1, 0.11796424E-1, 0.34515075E-1, 0.12129507E-1, 185.81839
0.15387962E-3, 0.57330791E-1, 0.17298268E-1, 0.71288440E-2, 0.41324917E-1, 0.13437100E-1, 185.85347
0.15404476E-3, 0.58404535E-1, 0.17119069E-1, 0.23768472E-2, 0.47955107E-1, 0.14461773E-1, 186.07074
0.15438518E-3, 0.38407464E-1, 0.20233344E-1, 0.17154995E-1, 0.50532494E-1, 0.87400284E-2, 186.51494
0.18797912E-1, 0.25450002E-1, 0.26404520E-1, 0.21080550E-1, 0.35211034E-1, 0.76129660E-2, 186.96724
0.34278458, 0.25206961E-1, 0.40791541E-1, 0.13410239E-1, 0.10126845E-1, 0.76085995E-2, 181.10817
0.67801423E-1, 0.35182826E-1, 0.48837077E-1, 0.15800759E-1, 0.55580456E-2, 0.76045929E-2, 178.02211
0.30169338E-1, 0.38915321E-1, 0.50583050E-1, 0.17764889E-1, 0.48244409E-2, 0.76041096E-2, 177.42711
0.14764672E-3, 0.41437309E-1, 0.42622026E-1, 0.16127579E-1, 0.54720645E-2, 0.76041981E-2, 177.40305
0.14741386E-3, 0.36026031E-1, 0.31320013E-1, 0.15952803E-1, 0.75416211E-2, 0.76048258E-2, 177.32503
0.14717145E-3, 0.36822774E-1, 0.25265632E-1, 0.15011562E-1, 0.10681450E-1, 0.76061995E-2, 177.20575
0.14688735E-3, 0.42748794E-1, 0.23740977E-1, 0.16311601E-1, 0.14475580E-1, 0.76809824E-2, 177.00372
0.14658918E-3, 0.45691811E-1, 0.21697540E-1, 0.13863152E-1, 0.18605633E-1, 0.81964936E-2, 176.76001
0.14632384E-3, 0.47549874E-1, 0.19727338E-1, 0.13818077E-1, 0.23400884E-1, 0.94323196E-2, 176.53096
0.14614750E-3, 0.45560986E-1, 0.18218597E-1, 0.13322092E-1, 0.28254397E-1, 0.10537110E-1, 176.39111
0.14603537E-3, 0.54844856E-1, 0.19432366E-1, 0.12549977E-1, 0.32944381E-1, 0.11529488E-1, 176.29974
0.14596956E-3, 0.50428979E-1, 0.17736191E-1, 0.10151975E-1, 0.38487040E-1, 0.12589529E-1, 176.26372
0.52123457E-1, 0.31985350E-1, 0.34598053E-1, 0.21702182E-1, 0.34496740E-1, 0.80883745E-2, 175.90729
0.15049079E-3, 0.33850443E-1, 0.50874613E-1, 0.13343505E-1, 0.96451202E-2, 0.76203523E-2, 175.96680
0.14663911E-3, 0.36817133E-1, 0.48820578E-1, 0.17121201E-1, 0.55929869E-2, 0.76174280E-2, 176.32597
0.14658953E-3, 0.40676232E-1, 0.42029370E-1, 0.18455399E-1, 0.59360703E-2, 0.76166079E-2, 176.44365
0.14637537E-3, 0.43934546E-1, 0.33608653E-1, 0.14789774E-1, 0.76920679E-2, 0.76171458E-2, 176.33821
0.14606641E-3, 0.41388586E-1, 0.26208989E-1, 0.14804004E-1, 0.11000816E-1, 0.76269996E-2, 176.09593
0.14581677E-3, 0.40653594E-1, 0.23078583E-1, 0.14421454E-1, 0.15116577E-1, 0.77479905E-2, 175.89633
0.14561407E-3, 0.43257836E-1, 0.21482227E-1, 0.12765441E-1, 0.19453052E-1, 0.82196807E-2, 175.72629
0.14548385E-3, 0.40749814E-1, 0.18797174E-1, 0.13206673E-1, 0.24996322E-1, 0.91468897E-2, 175.62971
0.14559862E-3, 0.30558638E-1, 0.14840160E-1, 0.99158334E-2, 0.31876963E-1, 0.99843163E-2, 175.82109
0.14586563E-3, 0.39618362E-1, 0.16683828E-1, 0.12161569E-1, 0.37772734E-1, 0.10715348E-1, 176.16608
0.14618726E-3, 0.30483982E-1, 0.13808181E-1, 0.11526975E-1, 0.43893445E-1, 0.11324993E-1, 176.58669
0.14672402E-3, 0.32689951E-1, 0.13963778E-1, 0.11788342E-1, 0.50418440E-1, 0.11827283E-1, 177.24911
0.14732861E-3, 0.35255831E-1, 0.14915840E-1, 0.14190103E-1, 0.56444913E-1, 0.11273626E-1, 177.98894
0.14799864E-3, 0.32217100E-1, 0.17693564E-1, 0.16056312E-1, 0.58510832E-1, 0.85447626E-2, 178.81042
0.14872513E-3, 0.33912927E-1, 0.15637945E-1, 0.11388663E-1, 0.57416748E-1, 0.10019368E-1, 179.69298
0.14948747E-3, 0.30380115E-1, 0.17660713E-1, 0.14839294E-1, 0.60453258E-1, 0.85335989E-2, 180.62192
0.15021923E-3, 0.36319137E-1, 0.17329622E-1, 0.14400175E-1, 0.53447627E-1, 0.92503726E-2, 181.50346
0.15088248E-3, 0.30270465E-1, 0.13341745E-1, 0.10059767E-1, 0.56190535E-1, 0.11324004E-1, 182.31294
0.15169304E-3, 0.30669119E-1, 0.12979976E-1, 0.11944951E-1, 0.62697753E-1, 0.11989863E-1, 183.29295
0.15256896E-3, 0.37212063E-1, 0.13758224E-1, 0.83514089E-2, 0.68338417E-1, 0.13538314E-1, 184.34624
0.15356034E-3, 0.33575915E-1, 0.16010785E-1, 0.11130484E-1, 0.71670130E-1, 0.10940984E-1, 185.54936
0.15439992E-3, 0.35684507E-1, 0.19825663E-1, 0.18684238E-1, 0.59621282E-1, 0.78273490E-2, 186.56274
0.15500656E-3, 0.40044848E-1, 0.19113312E-1, 0.13874153E-1, 0.47940757E-1, 0.86053135E-2, 187.29239
0.15537160E-3, 0.41178107E-1, 0.19085195E-1, 0.15457573E-1, 0.46583749E-1, 0.97194258E-2, 187.73361
0.15571454E-3, 0.32399867E-1, 0.23069521E-1, 0.19754076E-1, 0.33818331E-1, 0.75960564E-2, 188.15688
0.15600567E-3, 0.29235631E-1, 0.25460474E-1, 0.16864982E-1, 0.26549866E-1, 0.75954092E-2, 188.51134
0.15622556E-3, 0.37657741E-1, 0.31657990E-1, 0.15473602E-1, 0.16091289E-1, 0.75938739E-2, 188.76852
0.15620056E-3, 0.41185632E-1, 0.29912105E-1, 0.13810932E-1, 0.13344995E-1, 0.75928280E-2, 188.73552
0.15610442E-3, 0.38439073E-1, 0.26471220E-1, 0.18260024E-1, 0.13330892E-1, 0.75926515E-2, 188.62221
0.63274115E-1, 0.29373031E-1, 0.45501329E-1, 0.18412299E-1, 0.85893925E-2, 0.75999130E-2, 187.55577
0.15625227E-3, 0.28712165E-1, 0.43792378E-1, 0.15504658E-1, 0.50135395E-2, 0.75898822E-2, 187.59975
0.15628307E-3, 0.30724725E-1, 0.40321756E-1, 0.13336485E-1, 0.46011135E-2, 0.75844857E-2, 187.85376
0.15622847E-3, 0.26933501E-1, 0.31209430E-1, 0.14699392E-1, 0.55158283E-2, 0.75803674E-2, 187.99373
0.55447143, 0.19245785E-1, 0.35214886E-1, 0.17407926E-1, 0.60728760E-2, 0.75924280E-2, 179.89133
0.33617320E-2, 0.25150388E-1, 0.43295022E-1, 0.14398975E-1, 0.48658559E-2, 0.75727478E-2, 175.26047
0.14620122E-3, 0.33360824E-1, 0.50444920E-1, 0.18275935E-1, 0.40883357E-2, 0.75712046E-2, 175.59004
0.14624525E-3, 0.32056686E-1, 0.43710232E-1, 0.17227305E-1, 0.42638434E-2, 0.75706528E-2, 175.84563
0.14618640E-3, 0.32368485E-1, 0.35861503E-1, 0.16529517E-1, 0.55985334E-2, 0.75712660E-2, 175.95705
0.14611018E-3, 0.25633922E-1, 0.33992063E-1, 0.16381141E-1, 0.83989091E-2, 0.75718565E-2, 176.02779
0.61723715, 0.19267514E-1, 0.38772259E-1, 0.16102776E-1, 0.55221929E-2, 0.75906469E-2, 168.41048
0.59394583E-1, 0.19141544E-1, 0.39830521E-1, 0.17676657E-1, 0.54076770E-2, 0.75725531E-2, 161.45967
0.72600864E-1, 0.19154262E-1, 0.40296420E-1, 0.17003868E-1, 0.53554019E-2, 0.75758439E-2, 159.73624
0.15400043, 0.20100908E-1, 0.41872989E-1, 0.13003901E-1, 0.54041576E-2, 0.75655687E-2, 158.05219
0.13039717E-3, 0.22289796E-1, 0.43446556E-1, 0.20356771E-1, 0.56328797E-2, 0.75560608E-2, 156.61336
0.11519621, 0.21769689E-1, 0.43735132E-1, 0.15706122E-1, 0.58388459E-2, 0.75550699E-2, 155.89233
0.31252587, 0.20276839E-1, 0.44031665E-1, 0.16341479E-1, 0.52798432E-2, 0.75536738E-2, 150.67404
0.12975255, 0.17967492E-1, 0.41791495E-1, 0.18124843E-1, 0.49759527E-2, 0.75562061E-2, 146.41458
0.19434660E-3, 0.19923607E-1, 0.43887086E-1, 0.15264388E-1, 0.54165809E-2, 0.75525832E-2, 145.24590
0.20017494E-1, 0.21937652E-1, 0.45438908E-1, 0.18286394E-1, 0.60374415E-2, 0.75506032E-2, 145.53455
0.70053516E-2, 0.23059038E-1, 0.48395690E-1, 0.21307450E-1, 0.57140887E-2, 0.75532538E-2, 145.67932
0.12159938E-3, 0.25751067E-1, 0.44973761E-1, 0.15023599E-1, 0.57371049E-2, 0.75544287E-2, 146.08551
0.12170511E-3, 0.27700424E-1, 0.36365647E-1, 0.18626563E-1, 0.71752006E-2, 0.75539663E-2, 146.37540
0.12169786E-3, 0.27817408E-1, 0.28789999E-1, 0.15974935E-1, 0.98062754E-2, 0.75561488E-2, 146.51350
0.12167688E-3, 0.25650479E-1, 0.27923871E-1, 0.16317097E-1, 0.13203331E-1, 0.75620739E-2, 146.61505
0.12183031E-3, 0.25981383E-1, 0.36352102E-1, 0.17590100E-1, 0.10727277E-1, 0.75633330E-2, 146.90140
0.12195182E-3, 0.25753077E-1, 0.29740209E-1, 0.18374115E-1, 0.11053117E-1, 0.75648841E-2, 147.12848
0.12202738E-3, 0.26909001E-1, 0.25813421E-1, 0.16002748E-1, 0.13409371E-1, 0.75664716E-2, 147.28000
0.12210917E-3, 0.25529172E-1, 0.22501012E-1, 0.15445096E-1, 0.16524285E-1, 0.75976634E-2, 147.42657
0.12224792E-3, 0.26681691E-1, 0.20406930E-1, 0.14366399E-1, 0.20900048E-1, 0.78193014E-2, 147.62762
0.12248126E-3, 0.24931949E-1, 0.17652791E-1, 0.12624588E-1, 0.27373241E-1, 0.84079280E-2, 147.93639
0.12286112E-3, 0.26281046E-1, 0.16757293E-1, 0.12689549E-1, 0.34422569E-1, 0.93149189E-2, 148.41209
0.12332347E-3, 0.26976101E-1, 0.16087640E-1, 0.13707102E-1, 0.40658481E-1, 0.10169362E-1, 148.98329
0.12385652E-3, 0.26700765E-1, 0.15366700E-1, 0.15057432E-1, 0.46674509E-1, 0.10832282E-1, 149.63736
0.12451295E-3, 0.24942942E-1, 0.14224118E-1, 0.14955945E-1, 0.53707782E-1, 0.11422573E-1, 150.43890
0.12531587E-3, 0.25682008E-1, 0.14060918E-1, 0.14554193E-1, 0.60757194E-1, 0.12011359E-1, 151.41309
0.12626212E-3, 0.26800031E-1, 0.14028572E-1, 0.12129064E-1, 0.66671617E-1, 0.12573036E-1, 152.55894
0.12735411E-3, 0.26495622E-1, 0.13652048E-1, 0.88720713E-2, 0.72287470E-1, 0.12846834E-1, 153.88150
0.12866819E-3, 0.24250804E-1, 0.12314310E-1, 0.56191059E-2, 0.79629622E-1, 0.13671997E-1, 155.47438
0.13020380E-3, 0.18761083E-1, 0.10350681E-1, 0.72956616E-2, 0.89135669E-1, 0.13533323E-1, 157.33727
0.13192400E-3, 0.16254826E-1, 0.91996267E-2, 0.70850602E-2, 0.98986298E-1, 0.13710437E-1, 159.41905
0.13386602E-3, 0.13874203E-1, 0.12025956E-1, 0.18675156E-1, 0.10461428, 0.95350742E-2, 161.76826
0.13555498E-3, 0.15082587E-1, 0.14342032E-1, 0.11203911E-1, 0.82425497E-1, 0.79046832E-2, 163.80788
0.13690966E-3, 0.18176384E-1, 0.14294636E-1, 0.16571343E-1, 0.72237328E-1, 0.80387797E-2, 165.44243
0.13810922E-3, 0.20685082E-1, 0.12358189E-1, 0.14510101E-1, 0.71707644E-1, 0.10087606E-1, 166.89059
0.13934166E-3, 0.21236582E-1, 0.10788476E-1, 0.10833168E-1, 0.77918790E-1, 0.12663711E-1, 168.38058
0.14077078E-3, 0.21064321E-1, 0.10196583E-1, 0.58452766E-2, 0.85358284E-1, 0.13733664E-1, 170.10851
0.14244570E-3, 0.20069825E-1, 0.95850509E-2, 0.22077677E-2, 0.93115889E-1, 0.14293212E-1, 172.13400
0.14431497E-3, 0.20142477E-1, 0.93531515E-2, 0.85532235E-3, 0.99525265E-1, 0.14575198E-1, 174.39323
0.14630186E-3, 0.19412715E-1, 0.90207681E-2, 0.35228021E-3, 0.10437958, 0.14657008E-1, 176.79552
0.14834666E-3, 0.17927868E-1, 0.10445560E-1, 0.10746786E-1, 0.10640436, 0.11787681E-1, 179.26756
0.14994666E-3, 0.17715011E-1, 0.17057380E-1, 0.15669756E-1, 0.73067360E-1, 0.75612678E-2, 181.20006
0.39987076E-1, 0.16976563E-1, 0.26501028E-1, 0.18485948E-1, 0.34416009E-1, 0.76732570E-2, 182.04622
0.19372718E-2, 0.12200463E-1, 0.26522871E-1, 0.12555677E-1, 0.94293049E-2, 0.87348735E-2, 182.02310
0.14958129E-2, 0.14131387E-1, 0.28426420E-1, 0.18480519E-1, 0.61648120E-2, 0.86035132E-2, 182.33899
0.15196414E-3, 0.17632561E-1, 0.30209025E-1, 0.16494658E-1, 0.55543915E-2, 0.78840060E-2, 182.63954
0.15195874E-3, 0.22404546E-1, 0.30211696E-1, 0.18363327E-1, 0.53102141E-2, 0.75760903E-2, 182.82768
0.15187163E-3, 0.23263240E-1, 0.25949871E-1, 0.15327740E-1, 0.58609210E-2, 0.75457245E-2, 182.89754
0.15175319E-3, 0.23127439E-1, 0.22057241E-1, 0.16161071E-1, 0.72801914E-2, 0.75270599E-2, 182.90211
0.15163413E-3, 0.22930061E-1, 0.18771747E-1, 0.16310338E-1, 0.94733126E-2, 0.75411336E-2, 182.87747
0.15156719E-3, 0.20861236E-1, 0.16460102E-1, 0.14731424E-1, 0.12015051E-1, 0.74984990E-2, 182.89096
0.15158464E-3, 0.18646877E-1, 0.16857805E-1, 0.17509660E-1, 0.14642031E-1, 0.75366814E-2, 182.98407
0.15166425E-3, 0.19063884E-1, 0.17433278E-1, 0.15189774E-1, 0.15319475E-1, 0.76185535E-2, 183.13223
0.15177915E-3, 0.18855305E-1, 0.14944590E-1, 0.15454270E-1, 0.17320804E-1, 0.77475281E-2, 183.31088
0.15193812E-3, 0.19051636E-1, 0.12649402E-1, 0.12006634E-1, 0.20648394E-1, 0.81481459E-2, 183.53189
0.15216666E-3, 0.19362295E-1, 0.11538198E-1, 0.12531932E-1, 0.25319567E-1, 0.87709306E-2, 183.82866
0.15250314E-3, 0.19056760E-1, 0.10865047E-1, 0.11330850E-1, 0.30522868E-1, 0.92639253E-2, 184.25024
0.15292787E-3, 0.20855943E-1, 0.11047976E-1, 0.12319890E-1, 0.34783721E-1, 0.97039416E-2, 184.77206
0.15338094E-3, 0.21621155E-1, 0.10986586E-1, 0.13194528E-1, 0.38392603E-1, 0.10131753E-1, 185.32643
0.15387907E-3, 0.20612549E-1, 0.10411257E-1, 0.13508838E-1, 0.41923765E-1, 0.10504458E-1, 185.93513
0.15447609E-3, 0.18588979E-1, 0.93856389E-2, 0.13133349E-1, 0.45191679E-1, 0.11085235E-1, 186.66348
0.15510649E-3, 0.18700354E-1, 0.93165115E-2, 0.14938837E-1, 0.48384819E-1, 0.11321314E-1, 187.42770
0.15578151E-3, 0.21307092E-1, 0.99892551E-2, 0.15891099E-1, 0.51603153E-1, 0.11514594E-1, 188.24170
0.15645963E-3, 0.22130296E-1, 0.11636464E-1, 0.17219717E-1, 0.53014394E-1, 0.10683639E-1, 189.06125
0.15710332E-3, 0.20523220E-1, 0.15708853E-1, 0.19316744E-1, 0.41257817E-1, 0.75466465E-2, 189.84160
0.15757848E-3, 0.20182477E-1, 0.13998716E-1, 0.14595794E-1, 0.35228521E-1, 0.78319171E-2, 190.41750
0.15807348E-3, 0.13691169E-1, 0.10069738E-1, 0.13758215E-1, 0.36837339E-1, 0.89170132E-2, 191.02361
0.15871496E-3, 0.12859074E-1, 0.79292096E-2, 0.10485292E-1, 0.42868406E-1, 0.10773903E-1, 191.80038
0.15950033E-3, 0.14351590E-1, 0.75014313E-2, 0.11978872E-1, 0.50045330E-1, 0.12094785E-1, 192.74881
0.16035620E-3, 0.11989515E-1, 0.65039690E-2, 0.12343714E-1, 0.55937298E-1, 0.12607820E-1, 193.78603
0.16142253E-3, 0.10601087E-1, 0.56512114E-2, 0.77547291E-2, 0.61993483E-1, 0.13929686E-1, 195.07753
0.16266952E-3, 0.11003964E-1, 0.55545238E-2, 0.40467139E-2, 0.67106001E-1, 0.14448793E-1, 196.58585
0.16405046E-3, 0.12441539E-1, 0.59194053E-2, 0.28541349E-2, 0.71646206E-1, 0.14583895E-1, 198.25394
0.16551520E-3, 0.12856213E-1, 0.59179091E-2, 0.25905180E-2, 0.75551085E-1, 0.15018246E-1, 200.02336
0.16704200E-3, 0.13606713E-1, 0.60540405E-2, 0.25965322E-2, 0.78764386E-1, 0.14839377E-1, 201.86710
0.16860799E-3, 0.14851782E-1, 0.63437605E-2, 0.28682568E-2, 0.81296071E-1, 0.14413311E-1, 203.75755
0.17019530E-3, 0.15906412E-1, 0.65614060E-2, 0.26821657E-2, 0.83038531E-1, 0.14357387E-1, 205.67430
0.17179626E-3, 0.16530739E-1, 0.66380431E-2, 0.25050957E-2, 0.84025532E-1, 0.14196599E-1, 207.60846
0.17342424E-3, 0.15936403E-1, 0.63848961E-2, 0.16311291E-2, 0.85110277E-1, 0.14467696E-1, 209.57637
0.17509380E-3, 0.15894279E-1, 0.62751584E-2, 0.12505362E-2, 0.86466417E-1, 0.14554446E-1, 211.59402
0.17678759E-3, 0.16481727E-1, 0.63280948E-2, 0.10754243E-2, 0.87392263E-1, 0.14492919E-1, 213.64069
0.17849846E-3, 0.15867051E-1, 0.60634054E-2, 0.52542071E-3, 0.87899283E-1, 0.14531641E-1, 215.70941
0.18023561E-3, 0.14716486E-1, 0.57592453E-2, 0.13139960E-3, 0.88425897E-1, 0.14620303E-1, 217.80930
0.18198061E-3, 0.18157179E-1, 0.65240059E-2, 0.15807705E-3, 0.89169800E-1, 0.14248025E-1, 219.91454
0.18373440E-3, 0.14288426E-1, 0.54797833E-2, 0.0000000, 0.90072095E-1, 0.15242963E-1, 222.03799
0.18555969E-3, 0.12603560E-1, 0.49289679E-2, 0.0000000, 0.91491751E-1, 0.15656622E-1, 224.24617
0.18740520E-3, 0.14379130E-1, 0.53243348E-2, 0.0000000, 0.92300542E-1, 0.14998083E-1, 226.47485
0.18923391E-3, 0.15654890E-1, 0.55382429E-2, 0.0000000, 0.92198096E-1, 0.14975065E-1, 228.68332
0.19103957E-3, 0.16838329E-1, 0.57196952E-2, 0.0000000, 0.91970943E-1, 0.14962490E-1, 230.86440
0.19273076E-3, 0.14628062E-1, 0.64513735E-2, 0.13196629E-1, 0.90490937E-1, 0.10979135E-1, 232.90996
0.19418847E-3, 0.13587334E-1, 0.55847801E-2, 0.10283966E-1, 0.81595592E-1, 0.11973541E-1, 234.67297
0.19572869E-3, 0.14027368E-1, 0.48717828E-2, 0.0000000, 0.80338940E-1, 0.15375573E-1, 236.53450
0.19730077E-3, 0.16724247E-1, 0.54714158E-2, 0.0000000, 0.79801254E-1, 0.14446581E-1, 238.43115
0.19879725E-3, 0.21842543E-1, 0.64725624E-2, 0.0000000, 0.78664616E-1, 0.14105019E-1, 240.23413
0.20022933E-3, 0.21881390E-1, 0.63918130E-2, 0.0000000, 0.77615134E-1, 0.14187332E-1, 241.96480
0.20164688E-3, 0.20621212E-1, 0.60848324E-2, 0.0000000, 0.77035084E-1, 0.14209008E-1, 243.67966
0.20309575E-3, 0.16571401E-1, 0.52145058E-2, 0.0000000, 0.76723322E-1, 0.14586837E-1, 245.43471
0.20456075E-3, 0.18379794E-1, 0.55480907E-2, 0.85165724E-4, 0.76156043E-1, 0.14186756E-1, 247.20265
0.20594581E-3, 0.25180921E-1, 0.67216158E-2, 0.0000000, 0.75011782E-1, 0.13965264E-1, 248.86943
0.20731194E-3, 0.14323003E-1, 0.45414558E-2, 0.24893755E-3, 0.74060246E-1, 0.93891397E-2, 250.53166
0.20880310E-3, 0.84615741E-2, 0.31437706E-2, 0.0000000, 0.73433287E-1, 0.67772442E-2, 252.34009
0.21032529E-3, 0.88772420E-2, 0.32158021E-2, 0.0000000, 0.72272502E-1, 0.67505427E-2, 254.17935
0.21181865E-3, 0.85793091E-2, 0.31293926E-2, 0.0000000, 0.70772305E-1, 0.67257872E-2, 255.98380
0.21328138E-3, 0.94242906E-2, 0.32586721E-2, 0.0000000, 0.69620810E-1, 0.67003383E-2, 257.75116
0.21472992E-3, 0.67783515E-2, 0.25939231E-2, 0.0000000, 0.68200745E-1, 0.66733188E-2, 259.50549
0.21616119E-3, 0.72627398E-2, 0.26800032E-2, 0.0000000, 0.66200748E-1, 0.66449014E-2, 261.23602
0.21753898E-3, 0.82068443E-2, 0.28832636E-2, 0.0000000, 0.64209417E-1, 0.66180136E-2, 262.90228
0.21887230E-3, 0.82326178E-2, 0.28331261E-2, 0.0000000, 0.62336084E-1, 0.65922537E-2, 264.51559
0.22016052E-3, 0.88946000E-2, 0.29553371E-2, 0.0000000, 0.60328234E-1, 0.65675359E-2, 266.07330
0.22139450E-3, 0.10143002E-1, 0.32144613E-2, 0.0000000, 0.58160134E-1, 0.65436182E-2, 267.56369
0.22255869E-3, 0.12133932E-1, 0.35977624E-2, 0.0000000, 0.55800393E-1, 0.65203561E-2, 268.96759
0.22363050E-3, 0.15600111E-1, 0.42673778E-2, 0.0000000, 0.53437140E-1, 0.64984229E-2, 270.25864
0.22462860E-3, 0.15788024E-1, 0.42725885E-2, 0.0000000, 0.51125504E-1, 0.64766561E-2, 271.46378
0.22556580E-3, 0.17035101E-1, 0.45203655E-2, 0.0000000, 0.48933111E-1, 0.64547467E-2, 272.59357
0.22641708E-3, 0.20289613E-1, 0.50261454E-2, 0.12327495E-2, 0.46794545E-1, 0.64351233E-2, 273.61783
0.22714131E-3, 0.20707261E-1, 0.50881077E-2, 0.91109076E-3, 0.40041920E-1, 0.64177541E-2, 274.49213
0.22773187E-3, 0.16919371E-1, 0.44414438E-2, 0.0000000, 0.30913712E-1, 0.63947570E-2, 275.20871
0.22821660E-3, 0.16235685E-1, 0.42582885E-2, 0.0000000, 0.24559723E-1, 0.63696271E-2, 275.79553
0.22863354E-3, 0.12053965E-1, 0.34437380E-2, 0.0000000, 0.19977553E-1, 0.63430113E-2, 276.30472
0.22897767E-3, 0.16094666E-1, 0.41297995E-2, 0.0000000, 0.16510211E-1, 0.63160718E-2, 276.71622
0.22921650E-3, 0.17253006E-1, 0.43318979E-2, 0.0000000, 0.13944584E-1, 0.62891813E-2, 277.00320
0.22939521E-3, 0.17517645E-1, 0.44012088E-2, 0.0000000, 0.12035105E-1, 0.62622521E-2, 277.21857
0.22955735E-3, 0.15473881E-1, 0.40440578E-2, 0.0000000, 0.10537148E-1, 0.62350994E-2, 277.41599
0.22965881E-3, 0.17834438E-1, 0.54342928E-2, 0.82061272E-2, 0.91146454E-2, 0.62112086E-2, 277.53580
0.22952324E-3, 0.17997857E-1, 0.64486424E-2, 0.12422460E-1, 0.67965621E-2, 0.62101749E-2, 277.37234
0.22941429E-3, 0.15380517E-1, 0.45242221E-2, 0.46348544E-2, 0.63124364E-2, 0.62088389E-2, 277.24432
0.22949060E-3, 0.14652698E-1, 0.38862631E-2, 0.0000000, 0.74531878E-2, 0.61909738E-2, 277.33701
0.22960200E-3, 0.17321015E-1, 0.42705564E-2, 0.0000000, 0.87657869E-2, 0.61640176E-2, 277.46860
0.22971489E-3, 0.17708361E-1, 0.42872797E-2, 0.0000000, 0.10069500E-1, 0.61366055E-2, 277.60501
0.22983739E-3, 0.18696580E-1, 0.44083265E-2, 0.0000000, 0.11344655E-1, 0.61093085E-2, 277.75238
0.22998403E-3, 0.17426051E-1, 0.42099832E-2, 0.0000000, 0.12679609E-1, 0.60820542E-2, 277.93073
0.23017495E-3, 0.16915226E-1, 0.41312049E-2, 0.0000000, 0.14050111E-1, 0.60548219E-2, 278.16135
0.23027595E-3, 0.19623684E-1, 0.51201773E-2, 0.85566053E-2, 0.15183776E-1, 0.60405149E-2, 278.28030
0.23027918E-3, 0.21836206E-1, 0.53492030E-2, 0.82101226E-2, 0.15779069E-1, 0.60383417E-2, 278.28220
0.23044480E-3, 0.16838072E-1, 0.41245716E-2, 0.0000000, 0.16965639E-1, 0.60192123E-2, 278.48727
0.23073907E-3, 0.15216303E-1, 0.37403428E-2, 0.0000000, 0.18060979E-1, 0.59922994E-2, 278.84521
0.23109531E-3, 0.95883887E-2, 0.27751743E-2, 0.0000000, 0.18707125E-1, 0.59651490E-2, 279.28177
0.23153117E-3, 0.65824590E-2, 0.32712631E-2, 0.27869474E-2, 0.18629182E-1, 0.59403353E-2, 279.81070
0.23195820E-3, 0.63615758E-2, 0.32018784E-2, 0.34656427E-2, 0.18595081E-1, 0.59228889E-2, 280.32755
0.23233131E-3, 0.83402013E-2, 0.29899268E-2, 0.58638589E-2, 0.18598599E-1, 0.59132306E-2, 280.77768
0.23263921E-3, 0.78436080E-2, 0.26024780E-2, 0.68885298E-2, 0.18593827E-1, 0.59088469E-2, 281.15097
0.23300154E-3, 0.72307931E-2, 0.24412570E-2, 0.36577801E-2, 0.18324526E-1, 0.59022144E-2, 281.58856
0.23330732E-3, 0.71502961E-2, 0.32740396E-2, 0.96653635E-2, 0.17478853E-1, 0.58969725E-2, 281.95667
0.23347992E-3, 0.89358268E-2, 0.41777976E-2, 0.14983803E-1, 0.15392038E-1, 0.58982424E-2, 282.16275
0.23358564E-3, 0.11275357E-1, 0.44860691E-2, 0.10590614E-1, 0.13069001E-1, 0.58988347E-2, 282.28741
0.23357834E-3, 0.16386222E-1, 0.51066251E-2, 0.15204083E-1, 0.11743018E-1, 0.59012077E-2, 282.27292
0.23346860E-3, 0.20468587E-1, 0.52748001E-2, 0.12112528E-1, 0.11555424E-1, 0.59062149E-2, 282.13614
0.23331780E-3, 0.24236659E-1, 0.53921989E-2, 0.11107535E-1, 0.12018954E-1, 0.59099272E-2, 281.95065
0.23322244E-3, 0.21438044E-1, 0.47633657E-2, 0.53316895E-2, 0.12871926E-1, 0.59107821E-2, 281.83871
0.23330303E-3, 0.19218089E-1, 0.43544732E-2, 0.95142680E-3, 0.13526844E-1, 0.59007513E-2, 281.93781
0.23347055E-3, 0.13562676E-1, 0.34419261E-2, 0.22264919E-2, 0.14024152E-1, 0.58876388E-2, 282.14502
0.23372767E-3, 0.13198448E-1, 0.32768101E-2, 0.0000000, 0.14345551E-1, 0.58667203E-2, 282.45557
0.23398017E-3, 0.96582742E-2, 0.28977625E-2, 0.59294794E-2, 0.14501633E-1, 0.58496883E-2, 282.76367
0.23415081E-3, 0.71986038E-2, 0.37065828E-2, 0.12043898E-1, 0.13981374E-1, 0.58490396E-2, 282.97229
0.23430544E-3, 0.74135046E-2, 0.38896825E-2, 0.98594613E-2, 0.12542429E-1, 0.58474941E-2, 283.15930
0.23436330E-3, 0.12043942E-1, 0.42143455E-2, 0.14144044E-1, 0.11205993E-1, 0.58489512E-2, 283.22644
0.23438413E-3, 0.13673540E-1, 0.36525745E-2, 0.92418836E-2, 0.11237782E-1, 0.58474909E-2, 283.25327
0.23442766E-3, 0.14825276E-1, 0.34867926E-2, 0.57100314E-2, 0.11715917E-1, 0.58460557E-2, 283.30679
0.23453476E-3, 0.18357720E-1, 0.39316122E-2, 0.78145677E-3, 0.12216737E-1, 0.58369106E-2, 283.43320
0.23465407E-3, 0.21340143E-1, 0.42963112E-2, 0.0000000, 0.12693586E-1, 0.58189272E-2, 283.57431
0.23474975E-3, 0.22172200E-1, 0.44136643E-2, 0.0000000, 0.13208959E-1, 0.57973783E-2, 283.68906
0.23484053E-3, 0.23295406E-1, 0.45210579E-2, 0.0000000, 0.13757317E-1, 0.57726055E-2, 283.79874
0.23495985E-3, 0.17987804E-1, 0.39048353E-2, 0.0000000, 0.14121434E-1, 0.57462063E-2, 283.94724
0.23464835E-3, 0.24453577E-1, 0.47427900E-2, 0.45161001E-1, 0.16240610E-1, 0.57340334E-2, 283.56268
0.23392234E-3, 0.22814600E-1, 0.45693070E-2, 0.45157637E-1, 0.20463044E-1, 0.57374011E-2, 282.68579
0.23324275E-3, 0.30269248E-1, 0.54471078E-2, 0.45154139E-1, 0.24778675E-1, 0.57408949E-2, 281.85657
0.23253927E-3, 0.34499649E-1, 0.59472234E-2, 0.45150522E-1, 0.29424693E-1, 0.57445141E-2, 281.00272
0.23194883E-3, 0.25890816E-1, 0.49616247E-2, 0.45146782E-1, 0.33799041E-1, 0.57482561E-2, 280.29785
0.23162809E-3, 0.13558663E-1, 0.31975426E-2, 0.45142919E-1, 0.37089285E-1, 0.57521216E-2, 279.92139
0.23148319E-3, 0.12261971E-1, 0.29487743E-2, 0.45138933E-1, 0.39606947E-1, 0.57561086E-2, 279.74680
0.23143044E-3, 0.10030298E-1, 0.25797784E-2, 0.40606752E-1, 0.41537479E-1, 0.10290489E-1, 279.68509
0.23158939E-3, 0.10081630E-1, 0.26102611E-2, 0.33660725E-1, 0.42008508E-1, 0.17245963E-1, 279.87671
0.23180747E-3, 0.98834476E-2, 0.24951701E-2, 0.32677975E-1, 0.42169772E-1, 0.18217061E-1, 280.14008
0.23203084E-3, 0.91800690E-2, 0.23784442E-2, 0.33265892E-1, 0.42108338E-1, 0.17633190E-1, 280.41006
0.23223236E-3, 0.94660856E-2, 0.24781239E-2, 0.34611735E-1, 0.41783702E-1, 0.16309388E-1, 280.65195
0.23244203E-3, 0.75130272E-2, 0.20706500E-2, 0.32953165E-1, 0.40958755E-1, 0.17954361E-1, 280.90714
0.23266785E-3, 0.78581078E-2, 0.22099020E-2, 0.33937804E-1, 0.40257297E-1, 0.16995871E-1, 281.17984
0.23283178E-3, 0.91081932E-2, 0.23342115E-2, 0.34542404E-1, 0.39651088E-1, 0.16376410E-1, 281.37650
0.23290493E-3, 0.11124528E-1, 0.37653584E-2, 0.41701939E-1, 0.36628254E-1, 0.96696522E-2, 281.46271
0.23258067E-3, 0.27743511E-1, 0.69094524E-2, 0.44750407E-1, 0.27522281E-1, 0.67198495E-2, 281.05536
0.23203624E-3, 0.18084660E-1, 0.48518111E-2, 0.42893749E-1, 0.24391130E-1, 0.83099082E-2, 280.40790
0.23167822E-3, 0.11599563E-1, 0.30648657E-2, 0.38809344E-1, 0.24600916E-1, 0.12197238E-1, 279.98203
0.23140965E-3, 0.16208222E-1, 0.34188433E-2, 0.37235223E-1, 0.26484055E-1, 0.13706774E-1, 279.65421
0.23112839E-3, 0.11949875E-1, 0.40525701E-2, 0.42323574E-1, 0.26202925E-1, 0.89326594E-2, 279.31842
0.23078657E-3, 0.10345246E-1, 0.44725658E-2, 0.42612713E-1, 0.19876165E-1, 0.87193009E-2, 278.90515
0.23032827E-3, 0.12752718E-1, 0.52565220E-2, 0.43541830E-1, 0.14973084E-1, 0.77959825E-2, 278.34738
0.22972314E-3, 0.19697512E-1, 0.55472064E-2, 0.43181151E-1, 0.13241743E-1, 0.79911444E-2, 277.61060
0.22908312E-3, 0.14153024E-1, 0.36854404E-2, 0.40947791E-1, 0.14440913E-1, 0.10066454E-1, 276.84430
0.22854882E-3, 0.15571116E-1, 0.38025717E-2, 0.40552959E-1, 0.16601160E-1, 0.10449006E-1, 276.19659
0.22803157E-3, 0.15887924E-1, 0.38922697E-2, 0.40926628E-1, 0.18499741E-1, 0.10087146E-1, 275.57019
0.22754708E-3, 0.17480550E-1, 0.40554842E-2, 0.40779337E-1, 0.20975916E-1, 0.10228940E-1, 274.98190
0.22707175E-3, 0.21978593E-1, 0.44094268E-2, 0.39576821E-1, 0.23391748E-1, 0.11393646E-1, 274.40256
0.22661933E-3, 0.22890162E-1, 0.43811998E-2, 0.38639557E-1, 0.26146874E-1, 0.12308436E-1, 273.85495
0.22663588E-3, 0.19648941E-1, 0.43024430E-2, 0.0000000, 0.28027890E-1, 0.10878460E-1, 273.87875
0.22706752E-3, 0.21730909E-1, 0.39288881E-2, 0.0000000, 0.29290449E-1, 0.13711650E-1, 274.40112
0.22744192E-3, 0.27919296E-1, 0.45692394E-2, 0.0000000, 0.30782556E-1, 0.13886377E-1, 274.84943
0.22783996E-3, 0.19842397E-1, 0.37343120E-2, 0.0000000, 0.31842489E-1, 0.13508861E-1, 275.33780
0.22831319E-3, 0.24434315E-1, 0.41992054E-2, 0.0000000, 0.32426786E-1, 0.13345460E-1, 275.90366
0.22863173E-3, 0.39724428E-1, 0.56767790E-2, 0.0000000, 0.33151522E-1, 0.13150568E-1, 276.27393
0.22886910E-3, 0.31120064E-1, 0.49025221E-2, 0.0000000, 0.34004804E-1, 0.13153362E-1, 276.56943
0.22917279E-3, 0.36409222E-1, 0.53364420E-2, 0.0000000, 0.34701873E-1, 0.13140881E-1, 276.93152
0.22950736E-3, 0.26285607E-1, 0.43486124E-2, 0.0000000, 0.35249740E-1, 0.13090636E-1, 277.34567
0.22992330E-3, 0.31423915E-1, 0.47961408E-2, 0.0000000, 0.35383064E-1, 0.13116040E-1, 277.84253
0.23024049E-3, 0.36472239E-1, 0.54790117E-2, 0.0000000, 0.35345934E-1, 0.11806131E-1, 278.22144
0.23054403E-3, 0.28928068E-1, 0.54944307E-2, 0.0000000, 0.32432243E-1, 0.93392646E-2, 278.59552
0.23078668E-3, 0.35478890E-1, 0.87743122E-2, 0.0000000, 0.22035576E-1, 0.53533716E-2, 278.88196
0.23081382E-3, 0.31322699E-1, 0.72270348E-2, 0.0000000, 0.15119989E-1, 0.57598976E-2, 278.91858
0.23076072E-3, 0.35591692E-1, 0.63338578E-2, 0.0000000, 0.13206930E-1, 0.82245106E-2, 278.85068
0.23063904E-3, 0.32525938E-1, 0.52442634E-2, 0.0000000, 0.13988502E-1, 0.10823194E-1, 278.70676
0.23053045E-3, 0.37517976E-1, 0.55923490E-2, 0.0000000, 0.15312718E-1, 0.11518765E-1, 278.57019
0.23046462E-3, 0.28263738E-1, 0.61238236E-2, 0.0000000, 0.15340582E-1, 0.86658113E-2, 278.49933
0.23052600E-3, 0.23600940E-1, 0.74831396E-2, 0.0000000, 0.96825724E-2, 0.53070690E-2, 278.57693
0.23054867E-3, 0.22849217E-1, 0.72874082E-2, 0.0000000, 0.63414588E-2, 0.54422435E-2, 278.60388
0.23055015E-3, 0.20930927E-1, 0.74538263E-2, 0.0000000, 0.46324460E-2, 0.55579687E-2, 278.60709
0.23053013E-3, 0.23770599E-1, 0.72889081E-2, 0.0000000, 0.40863538E-2, 0.55114180E-2, 278.58109
0.23043831E-3, 0.27707906E-1, 0.72325598E-2, 0.0000000, 0.42439578E-2, 0.54802890E-2, 278.46689
0.23021546E-3, 0.37583493E-1, 0.72627896E-2, 0.0000000, 0.47522020E-2, 0.63863192E-2, 278.18872
0.22990633E-3, 0.36183879E-1, 0.64383764E-2, 0.0000000, 0.57023531E-2, 0.75233243E-2, 277.81766
0.22956847E-3, 0.42356461E-1, 0.69003059E-2, 0.0000000, 0.66195196E-2, 0.79657035E-2, 277.40411
0.22915055E-3, 0.46369489E-1, 0.71669454E-2, 0.0000000, 0.76157013E-2, 0.79080025E-2, 276.89526
0.22870005E-3, 0.48319623E-1, 0.71744109E-2, 0.0000000, 0.87489039E-2, 0.48915162E-2, 276.34921
0.22814998E-3, 0.62562995E-1, 0.80845430E-2, 0.0000000, 0.10122756E-1, 0.48729139E-2, 275.67145
0.22753079E-3, 0.53290561E-1, 0.74046510E-2, 0.0000000, 0.11744726E-1, 0.48544137E-2, 274.93381
0.22722867E-3, 0.32268610E-1, 0.79265945E-2, 0.0000000, 0.12546201E-1, 0.48361663E-2, 274.58868
0.22719371E-3, 0.28599398E-1, 0.89013875E-2, 0.0000000, 0.88091316E-2, 0.48186053E-2, 274.54773
0.31971011, 0.28816611E-1, 0.11438334E-1, 0.0000000, 0.66388291E-2, 0.48011155E-2, 272.70749
0.50288635, 0.21327287E-1, 0.17098663E-1, 0.0000000, 0.29385851E-2, 0.47840676E-2, 261.10501
0.19833320, 0.23340331E-1, 0.18662173E-1, 0.0000000, 0.20891789E-2, 0.47667478E-2, 252.43423
0.46189070E-1, 0.27162712E-1, 0.20795060E-1, 0.0000000, 0.14409095E-2, 0.47493782E-2, 249.72768
0.20757722E-3, 0.31180762E-1, 0.22081446E-1, 0.0000000, 0.15870784E-2, 0.47320421E-2, 249.37560
0.20736524E-3, 0.32808349E-1, 0.21743327E-1, 0.0000000, 0.18921839E-2, 0.47148382E-2, 249.39922
0.20712646E-3, 0.33043969E-1, 0.20763336E-1, 0.58151614E-2, 0.21439034E-2, 0.46993317E-2, 249.36246
0.20670718E-3, 0.38603559E-1, 0.23835339E-1, 0.11113660E-1, 0.19160237E-2, 0.47025676E-2, 249.06540
0.16940455E-2, 0.35717532E-1, 0.27068187E-1, 0.15267666E-1, 0.16564513E-2, 0.47137360E-2, 248.68053
0.22801980E-2, 0.38929503E-1, 0.28544232E-1, 0.14063554E-1, 0.15216406E-2, 0.47243629E-2, 248.34891
0.20549321E-3, 0.34228697E-1, 0.25583517E-1, 0.15414098E-1, 0.16561429E-2, 0.47354274E-2, 248.02008
0.16064762, 0.21637756E-1, 0.20206904E-1, 0.99470625E-2, 0.16765359E-2, 0.47445106E-2, 244.70610
0.20308049E-3, 0.18786423E-1, 0.18312592E-1, 0.11917131E-1, 0.19922336E-2, 0.47500567E-2, 243.98451
0.27832706E-1, 0.20012312E-1, 0.19450307E-1, 0.12301417E-1, 0.19062972E-2, 0.47553927E-2, 243.68344
0.50664908, 0.21219218E-1, 0.20964509E-1, 0.11849868E-1, 0.18093018E-2, 0.47632493E-2, 237.36942
0.72301760E-1, 0.25970172E-1, 0.24034601E-1, 0.10933630E-1, 0.22891699E-2, 0.47701406E-2, 229.48932
0.61843883E-1, 0.34344595E-1, 0.27558539E-1, 0.16886296E-1, 0.25575873E-2, 0.47800592E-2, 228.83057
0.90068032E-3, 0.37595954E-1, 0.30650444E-1, 0.12924250E-1, 0.24980695E-2, 0.47941539E-2, 227.45674
0.99525325E-1, 0.31074356E-1, 0.28825548E-1, 0.16553910E-1, 0.27398136E-2, 0.48064669E-2, 225.62735
0.59367064E-3, 0.29380707E-1, 0.27646216E-1, 0.14617087E-1, 0.28173199E-2, 0.48173205E-2, 224.77275
0.18689461E-3, 0.26826205E-1, 0.24597630E-1, 0.14184872E-1, 0.31051973E-2, 0.48288344E-2, 224.67451
0.18656318E-3, 0.32603271E-1, 0.24688683E-1, 0.14062937E-1, 0.36379760E-2, 0.48403284E-2, 224.50888
0.18619356E-3, 0.28832132E-1, 0.20325115E-1, 0.12183882E-1, 0.46007722E-2, 0.48529753E-2, 224.27487
0.18584025E-3, 0.31568989E-1, 0.18641349E-1, 0.17074494E-1, 0.60528037E-2, 0.48659658E-2, 224.01901
0.18542065E-3, 0.37933383E-1, 0.16941167E-1, 0.13444869E-1, 0.79030497E-2, 0.48800553E-2, 223.64589
0.18496039E-3, 0.37415396E-1, 0.14361327E-1, 0.15591146E-1, 0.10297381E-1, 0.48949993E-2, 223.19904
0.18453722E-3, 0.38330100E-1, 0.12989152E-1, 0.14215050E-1, 0.12408758E-1, 0.49093319E-2, 222.76958
0.18423726E-3, 0.28309070E-1, 0.95984275E-2, 0.11394826E-1, 0.16057512E-1, 0.49222065E-2, 222.47810
0.18413585E-3, 0.27156422E-1, 0.89253895E-2, 0.12381014E-1, 0.20774877E-1, 0.49331132E-2, 222.39989
0.18417815E-3, 0.22249665E-1, 0.93236826E-2, 0.14121982E-1, 0.24605868E-1, 0.49447231E-2, 222.48625
0.18431594E-3, 0.19770969E-1, 0.12377136E-1, 0.15087914E-1, 0.18852033E-1, 0.49558119E-2, 222.67667
0.18440621E-3, 0.21466671E-1, 0.14758345E-1, 0.10360540E-1, 0.14355170E-1, 0.49668471E-2, 222.79939
0.18434980E-3, 0.32554805E-1, 0.18393688E-1, 0.19415919E-1, 0.11421631E-1, 0.49786898E-2, 222.73215
0.13272068, 0.27830986E-1, 0.20858165E-1, 0.13356264E-1, 0.97426539E-2, 0.49924301E-2, 221.46104
0.36654136, 0.23425832E-1, 0.26902933E-1, 0.11607382E-1, 0.40331599E-2, 0.50038248E-2, 215.32951
0.16910082E-1, 0.29446917E-1, 0.31718243E-1, 0.15029998E-1, 0.32072829E-2, 0.50153066E-2, 210.42789
0.94989073E-2, 0.30040834E-1, 0.32651685E-1, 0.17792834E-1, 0.31250466E-2, 0.50279028E-2, 210.03119
0.17470993E-3, 0.34678247E-1, 0.35486750E-1, 0.18114572E-1, 0.30093289E-2, 0.50409888E-2, 209.94176
0.77058420E-1, 0.34838818E-1, 0.36362574E-1, 0.14450911E-1, 0.29371856E-2, 0.50552967E-2, 209.64395
0.23050525E-2, 0.29217275E-1, 0.32580353E-1, 0.19331742E-1, 0.34961989E-2, 0.50693899E-2, 207.93192
0.17299250E-3, 0.28761836E-1, 0.30135766E-1, 0.13749786E-1, 0.38985014E-2, 0.50824005E-2, 207.91409
0.69394007E-1, 0.31382494E-1, 0.34315232E-1, 0.14544809E-1, 0.38546065E-2, 0.50944570E-2, 207.14607
0.25678900, 0.24854142E-1, 0.31631604E-1, 0.16332172E-1, 0.39134510E-2, 0.51084226E-2, 202.29846
0.16670054E-3, 0.41446920E-1, 0.41577913E-1, 0.19170625E-1, 0.33555427E-2, 0.51221633E-2, 200.13382
0.62876105, 0.26498644E-1, 0.34799539E-1, 0.18189384E-1, 0.38477404E-2, 0.51377914E-2, 187.73592
0.10208182, 0.20797862E-1, 0.30713938E-1, 0.12615262E-1, 0.38384788E-2, 0.51493454E-2, 183.94475
0.83334580E-1, 0.19434810E-1, 0.29642560E-1, 0.16226750E-1, 0.45138588E-2, 0.51586716E-2, 182.17368
0.38905654E-2, 0.20598628E-1, 0.30968098E-1, 0.14675524E-1, 0.50939512E-2, 0.51678871E-2, 181.07263
0.57080262E-2, 0.19897735E-1, 0.30606965E-1, 0.15934143E-1, 0.48600584E-2, 0.51796203E-2, 181.25111
0.12618783, 0.22963172E-1, 0.33937562E-1, 0.17695358E-1, 0.40871259E-2, 0.51894952E-2, 180.20126
0.14456071, 0.23784950E-1, 0.35475235E-1, 0.17515540E-1, 0.37208919E-2, 0.52016005E-2, 176.24812
0.13869075E-1, 0.33716120E-1, 0.44498026E-1, 0.19390732E-1, 0.40145111E-2, 0.52159764E-2, 175.06754
0.22147739E-1, 0.34700163E-1, 0.45848705E-1, 0.16968951E-1, 0.40712641E-2, 0.52342601E-2, 174.75421
0.14534453E-3, 0.36319867E-1, 0.45372080E-1, 0.20287432E-1, 0.43453304E-2, 0.52530495E-2, 174.58861
0.14520586E-3, 0.39659679E-1, 0.41785441E-1, 0.19014936E-1, 0.47333739E-2, 0.52714460E-2, 174.61626
0.14500241E-3, 0.29729743E-1, 0.34997031E-1, 0.16749978E-1, 0.59769629E-2, 0.52910177E-2, 174.55858
0.21498804, 0.23729663E-1, 0.36952578E-1, 0.19626670E-1, 0.44970219E-2, 0.53060055E-2, 171.82672
0.23518787, 0.24812412E-1, 0.39603584E-1, 0.16046993E-1, 0.31763150E-2, 0.53184652E-2, 167.13203
0.66101935E-3, 0.37252415E-1, 0.51390596E-1, 0.18690158E-1, 0.35740416E-2, 0.53329794E-2, 164.38864
0.27264373E-1, 0.33835299E-1, 0.48444971E-1, 0.21112205E-1, 0.43238527E-2, 0.53513353E-2, 164.22186
0.13660973E-3, 0.35985958E-1, 0.46208009E-1, 0.17707545E-1, 0.49113026E-2, 0.53700339E-2, 164.10355
0.13644478E-3, 0.43619990E-1, 0.41152515E-1, 0.20013187E-1, 0.63002580E-2, 0.53893295E-2, 164.08366
0.13603359E-3, 0.54269649E-1, 0.36099605E-1, 0.21186952E-1, 0.86108679E-2, 0.54130810E-2, 163.74467
0.13557691E-3, 0.39502960E-1, 0.26438920E-1, 0.17902968E-1, 0.12132332E-1, 0.54352656E-2, 163.35039
0.13533684E-3, 0.40451162E-1, 0.28814049E-1, 0.20433819E-1, 0.15850909E-1, 0.54554851E-2, 163.17455
0.13519431E-3, 0.36817141E-1, 0.28457284E-1, 0.17897397E-1, 0.18106595E-1, 0.54745586E-2, 163.09605
0.13523361E-3, 0.28130034E-1, 0.29465163E-1, 0.18533800E-1, 0.16130788E-1, 0.54916805E-2, 163.22058
0.13535409E-3, 0.30460184E-1, 0.30842084E-1, 0.16332645E-1, 0.14380183E-1, 0.55064540E-2, 163.41510
0.13535759E-3, 0.41663334E-1, 0.31181769E-1, 0.20067617E-1, 0.14142239E-1, 0.55223005E-2, 163.44666
0.13517612E-3, 0.44056498E-1, 0.26242917E-1, 0.17786274E-1, 0.15956245E-1, 0.55408631E-2, 163.25397
0.13500993E-3, 0.35646360E-1, 0.20464486E-1, 0.14988488E-1, 0.20261444E-1, 0.55581145E-2, 163.08270
0.13504508E-3, 0.33902992E-1, 0.23430390E-1, 0.17266903E-1, 0.24864014E-1, 0.55742068E-2, 163.14160
0.13513278E-3, 0.39727762E-1, 0.22039192E-1, 0.16884165E-1, 0.26928440E-1, 0.55899629E-2, 163.25233
0.13521720E-3, 0.34927920E-1, 0.18066287E-1, 0.15169876E-1, 0.31122567E-1, 0.56056287E-2, 163.36688
0.13542025E-3, 0.36507651E-1, 0.17433546E-1, 0.14590790E-1, 0.37021019E-1, 0.56192586E-2, 163.61623
0.13577593E-3, 0.30821403E-1, 0.22791062E-1, 0.17022546E-1, 0.40869545E-1, 0.56344206E-2, 164.05502
0.13615710E-3, 0.39429724E-1, 0.26427684E-1, 0.19484315E-1, 0.31401634E-1, 0.56513064E-2, 164.50925
0.13628366E-3, 0.38820427E-1, 0.21211656E-1, 0.16305346E-1, 0.30254453E-1, 0.56667714E-2, 164.66556
0.13629945E-3, 0.49586743E-1, 0.21436082E-1, 0.18092360E-1, 0.32802053E-1, 0.56832731E-2, 164.67603
0.13635200E-3, 0.43212112E-1, 0.18302435E-1, 0.14431978E-1, 0.37966795E-1, 0.56987014E-2, 164.74731
0.13651639E-3, 0.48116069E-1, 0.18605389E-1, 0.14460192E-1, 0.43635812E-1, 0.57130703E-2, 164.94205
0.13668246E-3, 0.58157954E-1, 0.19883679E-1, 0.13910199E-1, 0.48908874E-1, 0.57271621E-2, 165.13367
0.13698597E-3, 0.38570352E-1, 0.17275929E-1, 0.14034719E-1, 0.55422183E-1, 0.57418565E-2, 165.52026
0.13759479E-3, 0.41612323E-1, 0.21777323E-1, 0.17688787E-1, 0.59395645E-1, 0.57555172E-2, 166.25270
0.13813771E-3, 0.46945848E-1, 0.24566785E-1, 0.18751062E-1, 0.53279087E-1, 0.57719550E-2, 166.90326
0.13854334E-3, 0.43112271E-1, 0.18796317E-1, 0.14672095E-1, 0.49065132E-1, 0.57842941E-2, 167.39757
0.13898619E-3, 0.41937958E-1, 0.16686350E-1, 0.12629111E-1, 0.54190241E-1, 0.57947668E-2, 167.93410
0.13948369E-3, 0.43352678E-1, 0.17572405E-1, 0.14685854E-1, 0.56539513E-1, 0.58063739E-2, 168.53349
0.13998277E-3, 0.45876678E-1, 0.18200878E-1, 0.12934569E-1, 0.55978216E-1, 0.58162203E-2, 169.13422
0.14064016E-3, 0.29220261E-1, 0.15931129E-1, 0.15758956E-1, 0.62819153E-1, 0.58236546E-2, 169.94507
0.14143456E-3, 0.40665049E-1, 0.18308247E-1, 0.13583506E-1, 0.59017416E-1, 0.58335350E-2, 170.89314
0.14210778E-3, 0.39596114E-1, 0.14828082E-1, 0.91093900E-2, 0.62620513E-1, 0.58397450E-2, 171.70805
0.31582878E-2, 0.33568233E-1, 0.37000742E-1, 0.21435235E-1, 0.47660656E-1, 0.58595277E-2, 172.52107
0.14340258E-3, 0.29867133E-1, 0.39770797E-1, 0.14126250E-1, 0.14811670E-1, 0.58599790E-2, 173.28050
0.14362548E-3, 0.43487620E-1, 0.45509532E-1, 0.19144939E-1, 0.85360361E-2, 0.58684996E-2, 173.53613
0.14360464E-3, 0.37866168E-1, 0.34091022E-1, 0.15655065E-1, 0.81733270E-2, 0.58800490E-2, 173.51711
0.14339875E-3, 0.53773917E-1, 0.33286288E-1, 0.18014008E-1, 0.92246188E-2, 0.58938204E-2, 173.25322
0.14299370E-3, 0.50547104E-1, 0.27777264E-1, 0.16291214E-1, 0.11176981E-1, 0.59090811E-2, 172.76793
0.11888710, 0.25166428E-1, 0.23546681E-1, 0.14180070E-1, 0.12197810E-1, 0.59206146E-2, 172.13100
0.73638067E-1, 0.24804754E-1, 0.44986207E-1, 0.21117892E-1, 0.73250579E-2, 0.59307213E-2, 168.84418
0.85916974E-1, 0.24166660E-1, 0.44558439E-1, 0.14882160E-1, 0.55035218E-2, 0.59360578E-2, 167.53821
0.25519924E-1, 0.28571762E-1, 0.49559753E-1, 0.15389718E-1, 0.47873850E-2, 0.59427819E-2, 166.58554
0.20962816E-1, 0.27672358E-1, 0.49062788E-1, 0.16347211E-1, 0.47159558E-2, 0.59506097E-2, 166.69769
0.47201705E-2, 0.32832291E-1, 0.53871781E-1, 0.19970560E-1, 0.45937616E-2, 0.59609381E-2, 166.76994
0.13904049E-3, 0.40171821E-1, 0.54359913E-1, 0.19849714E-1, 0.43663122E-2, 0.59732725E-2, 167.06818
0.13892094E-3, 0.51178079E-1, 0.50255146E-1, 0.20370562E-1, 0.50346977E-2, 0.59883753E-2, 167.09842
0.13855677E-3, 0.49656291E-1, 0.38363572E-1, 0.19442402E-1, 0.67450968E-2, 0.60071968E-2, 166.82510
0.13807982E-3, 0.54940205E-1, 0.33652324E-1, 0.18758332E-1, 0.89884289E-2, 0.60257055E-2, 166.38223
0.13758092E-3, 0.48368961E-1, 0.27863983E-1, 0.16375957E-1, 0.11410580E-1, 0.60425773E-2, 165.89767
0.50843529E-1, 0.31474743E-1, 0.36515430E-1, 0.17252328E-1, 0.13487614E-1, 0.60574599E-2, 165.15860
0.13730102E-3, 0.44123046E-1, 0.61721031E-1, 0.22377806E-1, 0.58661397E-2, 0.60682753E-2, 164.90942
0.13727434E-3, 0.47059912E-1, 0.51220309E-1, 0.16487779E-1, 0.50264015E-2, 0.60816207E-2, 165.06287
0.13705865E-3, 0.38343359E-1, 0.36718570E-1, 0.19773541E-1, 0.71844235E-2, 0.60959570E-2, 164.98128
0.13689681E-3, 0.32228306E-1, 0.29710686E-1, 0.15251766E-1, 0.90136463E-2, 0.61083157E-2, 164.93568
0.13679780E-3, 0.28973073E-1, 0.28288331E-1, 0.18505178E-1, 0.10784726E-1, 0.61184787E-2, 164.93639
0.13680539E-3, 0.31386644E-1, 0.33149987E-1, 0.20845402E-1, 0.12931598E-1, 0.61291298E-2, 165.03574
0.13690843E-3, 0.29682120E-1, 0.39092243E-1, 0.13990591E-1, 0.10752168E-1, 0.61421995E-2, 165.23351
0.77482216E-1, 0.22606157E-1, 0.41388776E-1, 0.17573470E-1, 0.80197258E-2, 0.61526485E-2, 164.75714
0.20418659E-1, 0.25225563E-1, 0.49267720E-1, 0.17372442E-1, 0.55893571E-2, 0.61584474E-2, 164.00375
0.32306212, 0.23825970E-1, 0.48476607E-1, 0.19107303E-1, 0.45486819E-2, 0.61664125E-2, 160.28137
0.16412079, 0.25734022E-1, 0.51789068E-1, 0.16291963E-1, 0.38473206E-2, 0.61729243E-2, 155.52248
0.82737111E-1, 0.24086649E-1, 0.50861303E-1, 0.20669233E-1, 0.41940468E-2, 0.61811320E-2, 152.79895
0.99950396E-1, 0.24083672E-1, 0.51283501E-1, 0.16016914E-1, 0.43911682E-2, 0.61918367E-2, 151.45024
0.38315181E-1, 0.19387050E-1, 0.45466784E-1, 0.19065544E-1, 0.49695619E-2, 0.62006554E-2, 149.80322
0.12488820E-3, 0.26604891E-1, 0.53440087E-1, 0.18111838E-1, 0.46444507E-2, 0.62089334E-2, 149.93985
0.12514170E-3, 0.30497879E-1, 0.53260386E-1, 0.20141236E-1, 0.44506160E-2, 0.62209931E-2, 150.41563
0.12522303E-3, 0.40233850E-1, 0.50530925E-1, 0.20876365E-1, 0.55642095E-2, 0.62371725E-2, 150.66585
0.12510645E-3, 0.35208285E-1, 0.37753254E-1, 0.21589311E-1, 0.75095128E-2, 0.62561287E-2, 150.67213
0.12503039E-3, 0.29070729E-1, 0.32752316E-1, 0.19940279E-1, 0.10633787E-1, 0.62723034E-2, 150.70399
0.12500436E-3, 0.36284268E-1, 0.32150269E-1, 0.18043553E-1, 0.13071210E-1, 0.62882979E-2, 150.75978
0.12482578E-3, 0.43867771E-1, 0.30505423E-1, 0.21160511E-1, 0.14995776E-1, 0.63076983E-2, 150.61050
0.59579541E-2, 0.32494586E-1, 0.34259513E-1, 0.21007843E-1, 0.14756071E-1, 0.63266428E-2, 150.45784
0.79293204E-2, 0.33552021E-1, 0.63390277E-1, 0.21012500E-1, 0.54234639E-2, 0.63405829E-2, 150.75873
0.47006991E-1, 0.20989645E-1, 0.49191479E-1, 0.14811321E-1, 0.33198709E-2, 0.63507743E-2, 150.64096
0.22173946E-3, 0.32026052E-1, 0.60898289E-1, 0.20863831E-1, 0.35915060E-2, 0.63584098E-2, 150.61391
0.84545054E-2, 0.42496059E-1, 0.64458534E-1, 0.23482114E-1, 0.39364258E-2, 0.63740248E-2, 150.98123
0.60582795E-3, 0.36377251E-1, 0.66064268E-1, 0.19014601E-1, 0.38865367E-2, 0.63910889E-2, 151.22452
0.12622334E-3, 0.34247577E-1, 0.56765404E-1, 0.21979969E-1, 0.42345761E-2, 0.64062779E-2, 151.69164
0.12631167E-3, 0.28639315E-1, 0.40244464E-1, 0.18758049E-1, 0.56092138E-2, 0.64197765E-2, 151.96919
0.12074932, 0.19547228E-1, 0.44386279E-1, 0.18042700E-1, 0.65483814E-2, 0.64304639E-2, 151.50401
0.18383533, 0.24871331E-1, 0.56270935E-1, 0.19984245E-1, 0.51920055E-2, 0.64390711E-2, 147.63475
0.12413738, 0.23058195E-1, 0.54785345E-1, 0.19042246E-1, 0.49987319E-2, 0.64487159E-2, 144.93050
0.32870758E-1, 0.20327752E-1, 0.51157214E-1, 0.17597031E-1, 0.51814667E-2, 0.64584510E-2, 143.30655
0.11971423E-3, 0.28239952E-1, 0.59218984E-1, 0.21835249E-1, 0.48950841E-2, 0.64680669E-2, 143.73248
0.11999027E-3, 0.31029163E-1, 0.54398246E-1, 0.20583903E-1, 0.49300091E-2, 0.64822030E-2, 144.22919
0.12009783E-3, 0.31612962E-1, 0.45236345E-1, 0.22824563E-1, 0.61734342E-2, 0.64980076E-2, 144.51260
0.12015380E-3, 0.29277788E-1, 0.42928986E-1, 0.19229110E-1, 0.78074858E-2, 0.65152347E-2, 144.71677
0.12025458E-3, 0.24019867E-1, 0.34076042E-1, 0.18958099E-1, 0.10122748E-1, 0.65291054E-2, 144.95509
0.12034391E-3, 0.31508740E-1, 0.33930633E-1, 0.19693524E-1, 0.12506458E-1, 0.65427120E-2, 145.14523
0.12041070E-3, 0.23105366E-1, 0.28553896E-1, 0.19307019E-1, 0.16204329E-1, 0.65576169E-2, 145.30391
0.12059537E-3, 0.29152954E-1, 0.32856457E-1, 0.21868156E-1, 0.16733820E-1, 0.65714656E-2, 145.57364
0.95775258E-2, 0.30516181E-1, 0.61886683E-1, 0.24810346E-1, 0.10433466E-1, 0.65891179E-2, 145.79749
0.12187346E-3, 0.32608092E-1, 0.65743111E-1, 0.22334445E-1, 0.50852266E-2, 0.66034291E-2, 146.42883
0.32760266E-1, 0.31973585E-1, 0.62990442E-1, 0.21343160E-1, 0.43504820E-2, 0.66185789E-2, 146.86974
0.21574014, 0.20151524E-1, 0.52053783E-1, 0.16227737E-1, 0.21603524E-2, 0.66303564E-2, 144.48062
0.10758702E-2, 0.19495461E-1, 0.51126704E-1, 0.18619005E-1, 0.31940362E-2, 0.66363951E-2, 142.25462
0.33322625E-1, 0.13235918E-1, 0.39435521E-1, 0.15599927E-1, 0.48852726E-2, 0.66424063E-2, 142.54706
0.74814051E-1, 0.14400624E-1, 0.41717034E-1, 0.18492343E-1, 0.60875723E-2, 0.66473838E-2, 141.47273
0.19497504E-1, 0.21663038E-1, 0.53443231E-1, 0.22451464E-1, 0.57236287E-2, 0.66561797E-2, 141.32224
0.60320453E-3, 0.24133086E-1, 0.57186466E-1, 0.20623529E-1, 0.49162377E-2, 0.66685174E-2, 141.56984
0.11825099E-3, 0.24898956E-1, 0.52916978E-1, 0.21211226E-1, 0.48261764E-2, 0.66823554E-2, 142.13029
0.11845877E-3, 0.27915372E-1, 0.47709055E-1, 0.24444520E-1, 0.57246424E-2, 0.66988766E-2, 142.53078
0.11853610E-3, 0.26774086E-1, 0.38675826E-1, 0.19689929E-1, 0.76053692E-2, 0.67170500E-2, 142.75972
0.11853525E-3, 0.30434433E-1, 0.33548754E-1, 0.20724453E-1, 0.99128410E-2, 0.67340462E-2, 142.86772
0.11847046E-3, 0.27446633E-1, 0.26407748E-1, 0.21139022E-1, 0.12790503E-1, 0.67518475E-2, 142.88400
0.11850480E-3, 0.20625535E-1, 0.18415634E-1, 0.15229654E-1, 0.18492233E-1, 0.67654205E-2, 143.00417
0.11872343E-3, 0.19626699E-1, 0.15660986E-1, 0.15312060E-1, 0.26335549E-1, 0.67743720E-2, 143.32436
0.11908032E-3, 0.21896746E-1, 0.15491968E-1, 0.15250614E-1, 0.33990413E-1, 0.67834160E-2, 143.79440
0.11953589E-3, 0.24478342E-1, 0.15964942E-1, 0.15921295E-1, 0.41373167E-1, 0.67943633E-2, 144.37177
0.12006440E-3, 0.28699813E-1, 0.17118881E-1, 0.17059376E-1, 0.47845416E-1, 0.68075093E-2, 145.02711
0.12068818E-3, 0.29420281E-1, 0.16685048E-1, 0.14083999E-1, 0.53680040E-1, 0.68193921E-2, 145.79543
0.12156065E-3, 0.19303121E-1, 0.12479327E-1, 0.10866579E-1, 0.60988434E-1, 0.68231244E-2, 146.87108
0.12268894E-3, 0.20057360E-1, 0.12590590E-1, 0.10127572E-1, 0.69413163E-1, 0.68236338E-2, 148.24162
0.12397673E-3, 0.21029523E-1, 0.12763737E-1, 0.97247809E-2, 0.77160388E-1, 0.68232310E-2, 149.80214
0.12540775E-3, 0.21531224E-1, 0.12752397E-1, 0.91864308E-2, 0.83983898E-1, 0.68217530E-2, 151.53458
0.12697015E-3, 0.21052094E-1, 0.12466997E-1, 0.90204896E-2, 0.90201765E-1, 0.68195146E-2, 153.42543
0.12864095E-3, 0.23731168E-1, 0.13222637E-1, 0.87063229E-2, 0.95495418E-1, 0.68170065E-2, 155.44370
0.13037291E-3, 0.25231414E-1, 0.13657685E-1, 0.82596876E-2, 0.99472679E-1, 0.68137799E-2, 157.53654
0.13218970E-3, 0.24805449E-1, 0.13228624E-1, 0.73985197E-2, 0.10317741, 0.68090707E-2, 159.73328
0.13408560E-3, 0.24762589E-1, 0.13046771E-1, 0.67159561E-2, 0.10640731, 0.68029608E-2, 162.02477
0.13605951E-3, 0.24363412E-1, 0.12704520E-1, 0.60531003E-2, 0.10984495, 0.67954934E-2, 164.41071
0.13811956E-3, 0.22563405E-1, 0.11957901E-1, 0.56673605E-2, 0.11321434, 0.67869974E-2, 166.90175
0.14023042E-3, 0.27554827E-1, 0.13353692E-1, 0.52793873E-2, 0.11536531, 0.67779101E-2, 169.44804
0.14237053E-3, 0.22778401E-1, 0.11672709E-1, 0.45394632E-2, 0.11762816, 0.67674946E-2, 172.03928
0.14459908E-3, 0.26958039E-1, 0.12670957E-1, 0.38541788E-2, 0.12082604, 0.67560147E-2, 174.72894
0.14685266E-3, 0.27355189E-1, 0.12573701E-1, 0.27567223E-2, 0.12302510, 0.67426949E-2, 177.45302
0.14920437E-3, 0.21722078E-1, 0.10603321E-1, 0.16031235E-2, 0.12639061, 0.67269942E-2, 180.30225
0.15171921E-3, 0.17807741E-1, 0.90753846E-2, 0.83523599E-3, 0.13076717, 0.67095817E-2, 183.34775
0.15433836E-3, 0.19548610E-1, 0.94381189E-2, 0.59067190E-3, 0.13408633, 0.66913194E-2, 186.51399
0.15699904E-3, 0.19106431E-1, 0.92829401E-2, 0.32750936E-3, 0.13631599, 0.66725700E-2, 189.73116
0.15969867E-3, 0.21113517E-1, 0.97745666E-2, 0.99345285E-4, 0.13795017, 0.66533047E-2, 192.99072
0.16239949E-3, 0.21223400E-1, 0.96545685E-2, 0.16569538E-4, 0.13818474, 0.66335890E-2, 196.25365
0.16510174E-3, 0.20772638E-1, 0.93764588E-2, 0.0000000, 0.13825023, 0.66134217E-2, 199.51900
0.16778744E-3, 0.22961721E-1, 0.98478636E-2, 0.0000000, 0.13766681, 0.65927631E-2, 202.76215
0.17043152E-3, 0.23473775E-1, 0.97660441E-2, 0.0000000, 0.13629355, 0.65714940E-2, 205.95827
0.17302096E-3, 0.24325106E-1, 0.98866140E-2, 0.0000000, 0.13437413, 0.65493663E-2, 209.08867
0.17559328E-3, 0.20678453E-1, 0.88467738E-2, 0.0000000, 0.13336591, 0.65262495E-2, 212.20148
0.17817650E-3, 0.21694725E-1, 0.89800674E-2, 0.0000000, 0.13207529, 0.65025142E-2, 215.32101
0.18070175E-3, 0.23191245E-1, 0.93216309E-2, 0.0000000, 0.13029438, 0.64784340E-2, 218.36971
0.18318358E-3, 0.22868589E-1, 0.90830671E-2, 0.0000000, 0.12854040, 0.64539802E-2, 221.36934
0.18561809E-3, 0.24231460E-1, 0.92647653E-2, 0.0000000, 0.12671703, 0.64288722E-2, 224.31097
0.18801173E-3, 0.22696052E-1, 0.87292092E-2, 0.0000000, 0.12488925, 0.64030988E-2, 227.20612
0.19038332E-3, 0.22157190E-1, 0.83753038E-2, 0.0000000, 0.12296496, 0.63768486E-2, 230.07394
0.19266839E-3, 0.28233482E-1, 0.96920934E-2, 0.0000000, 0.12073388, 0.63504199E-2, 232.83061
0.19487830E-3, 0.24469130E-1, 0.89667942E-2, 0.0000000, 0.11806767, 0.63239010E-2, 235.50528
0.19698184E-3, 0.37108678E-1, 0.11310595E-1, 0.0000000, 0.11529886, 0.62971902E-2, 238.03343
0.19890010E-3, 0.39810095E-1, 0.11666503E-1, 0.0000000, 0.11228760, 0.62702186E-2, 240.34810
0.20076826E-3, 0.33355936E-1, 0.10512265E-1, 0.0000000, 0.10930304, 0.62429644E-2, 242.61139
0.20264569E-3, 0.27296048E-1, 0.98893056E-2, 0.78483243E-2, 0.10545837, 0.62185382E-2, 244.88498
0.20414447E-3, 0.26174687E-1, 0.10726788E-1, 0.20287374E-1, 0.92848912E-1, 0.62297122E-2, 246.69518
0.20534843E-3, 0.32011107E-1, 0.11347552E-1, 0.15435354E-1, 0.83281629E-1, 0.62480154E-2, 248.14249
0.20656100E-3, 0.30491062E-1, 0.99420939E-2, 0.31832713E-2, 0.81067026E-1, 0.62477477E-2, 249.60912
0.20793402E-3, 0.30203255E-1, 0.95530627E-2, 0.0000000, 0.81201918E-1, 0.62215123E-2, 251.26961
0.20940565E-3, 0.17726095E-1, 0.67400825E-2, 0.0000000, 0.81247017E-1, 0.61931401E-2, 253.06108
0.21100075E-3, 0.14456473E-1, 0.58016973E-2, 0.0000000, 0.80500670E-1, 0.61647231E-2, 254.99069
0.21257332E-3, 0.19418586E-1, 0.69074305E-2, 0.0000000, 0.79951338E-1, 0.61364546E-2, 256.88602
0.21409983E-3, 0.17180124E-1, 0.63901315E-2, 0.0000000, 0.78922458E-1, 0.61089443E-2, 258.73398
0.21560807E-3, 0.19065361E-1, 0.67233122E-2, 0.0000000, 0.77419467E-1, 0.60808724E-2, 260.55542
0.21706805E-3, 0.18934142E-1, 0.67152311E-2, 0.0000000, 0.75629324E-1, 0.60526268E-2, 262.32013
0.21849849E-3, 0.17590676E-1, 0.63999360E-2, 0.0000000, 0.73270977E-1, 0.60243770E-2, 264.04877
0.21987535E-3, 0.19461360E-1, 0.66729747E-2, 0.0000000, 0.70692107E-1, 0.59962063E-2, 265.71155
0.22120397E-3, 0.16336299E-1, 0.58107609E-2, 0.0000000, 0.68432912E-1, 0.59679751E-2, 267.32339
0.22250407E-3, 0.16718049E-1, 0.58032651E-2, 0.0000000, 0.65701775E-1, 0.59398762E-2, 268.89764
0.22374881E-3, 0.16131504E-1, 0.56065996E-2, 0.0000000, 0.62841684E-1, 0.59119640E-2, 270.40475
0.22493527E-3, 0.16782315E-1, 0.57229339E-2, 0.0000000, 0.59896253E-1, 0.58842418E-2, 271.83868
0.22605452E-3, 0.17647201E-1, 0.58593350E-2, 0.0000000, 0.56786157E-1, 0.58567068E-2, 273.18900
0.22709330E-3, 0.18721582E-1, 0.61244881E-2, 0.0000000, 0.53666666E-1, 0.58293566E-2, 274.44165
0.22805187E-3, 0.20221431E-1, 0.64361170E-2, 0.0000000, 0.50627254E-1, 0.58021904E-2, 275.59744
0.22893593E-3, 0.20098630E-1, 0.64725112E-2, 0.0000000, 0.47663268E-1, 0.57752077E-2, 276.66501
0.22977662E-3, 0.18926816E-1, 0.62322523E-2, 0.0000000, 0.44742934E-1, 0.57484065E-2, 277.68054
0.23057580E-3, 0.17903872E-1, 0.59409421E-2, 0.0000000, 0.41838437E-1, 0.57217856E-2, 278.64587
0.23131595E-3, 0.18692659E-1, 0.60121631E-2, 0.0000000, 0.39005529E-1, 0.56953430E-2, 279.53946
0.23200274E-3, 0.17163670E-1, 0.56404555E-2, 0.0000000, 0.36215447E-1, 0.56690774E-2, 280.37262
0.23266545E-3, 0.14049415E-1, 0.50298902E-2, 0.0000000, 0.33280164E-1, 0.56429887E-2, 281.17734
0.23327068E-3, 0.18860275E-1, 0.58988445E-2, 0.0000000, 0.30478021E-1, 0.56170747E-2, 281.90317
0.23375335E-3, 0.21911250E-1, 0.66496343E-2, 0.0000000, 0.28167352E-1, 0.55913348E-2, 282.48270
0.23421389E-3, 0.15900528E-1, 0.53285435E-2, 0.0000000, 0.25900390E-1, 0.55657676E-2, 283.04584
0.23466743E-3, 0.17162239E-1, 0.55482183E-2, 0.0000000, 0.23623884E-1, 0.55403709E-2, 283.59363
0.23509491E-3, 0.12869678E-1, 0.45868233E-2, 0.0000000, 0.21356817E-1, 0.55151437E-2, 284.11652
0.23552100E-3, 0.11470428E-1, 0.42578569E-2, 0.0000000, 0.18964762E-1, 0.54900846E-2, 284.63467
0.23589926E-3, 0.13416331E-1, 0.46520014E-2, 0.0000000, 0.16777609E-1, 0.54651941E-2, 285.09158
0.23621407E-3, 0.15051318E-1, 0.48509957E-2, 0.0000000, 0.14922275E-1, 0.54404689E-2, 285.47012
0.23645839E-3, 0.16917646E-1, 0.53504324E-2, 0.0000000, 0.13463367E-1, 0.54159095E-2, 285.76465
0.23669116E-3, 0.13111136E-1, 0.44304687E-2, 0.0000000, 0.12001110E-1, 0.53915125E-2, 286.05215
0.23692743E-3, 0.12572180E-1, 0.42589316E-2, 0.0000000, 0.10489106E-1, 0.53672791E-2, 286.33887
0.23713434E-3, 0.13465032E-1, 0.44302302E-2, 0.0000000, 0.91515733E-2, 0.53432062E-2, 286.58765
0.23732097E-3, 0.11359341E-1, 0.40269955E-2, 0.0000000, 0.78815194E-2, 0.53192936E-2, 286.81564
0.23750270E-3, 0.11310270E-1, 0.40697008E-2, 0.0000000, 0.65870169E-2, 0.52955397E-2, 287.03500
0.23764401E-3, 0.13974063E-1, 0.46683419E-2, 0.0000000, 0.55639064E-2, 0.52719442E-2, 287.20325
0.23774557E-3, 0.13690868E-1, 0.46457425E-2, 0.0000000, 0.48233871E-2, 0.52485042E-2, 287.32584
0.23781740E-3, 0.17171690E-1, 0.53913784E-2, 0.0000000, 0.43140319E-2, 0.52252202E-2, 287.40771
0.23783259E-3, 0.19788198E-1, 0.58262912E-2, 0.0000000, 0.42768521E-2, 0.52020927E-2, 287.42282
0.23784146E-3, 0.17071912E-1, 0.52624252E-2, 0.0000000, 0.42639654E-2, 0.51791170E-2, 287.43777
0.23789816E-3, 0.13368604E-1, 0.43601673E-2, 0.0000000, 0.38066306E-2, 0.51562935E-2, 287.51056
0.23795715E-3, 0.15924703E-1, 0.48431722E-2, 0.0000000, 0.33367386E-2, 0.51336214E-2, 287.57742
0.23797400E-3, 0.17679287E-1, 0.52580358E-2, 0.0000000, 0.32444638E-2, 0.51110964E-2, 287.59503
