0.19402051E-1, 0.11489263E-2, 0.48325144E-1, 0.63941074E-2, 0.49165908E-1, 0.29396320E-1, 0.16129825, 0.31047592E-1, 0.16072455E-2
0.19386051E-1, 0.11489327E-2, 0.48077833E-1, 0.63914545E-2, 0.54399189E-1, 0.32526232E-1, 0.17858411, 0.34373097E-1, 0.17793979E-2
0.19368758E-1, 0.11489338E-2, 0.47826134E-1, 0.63887066E-2, 0.49919240E-1, 0.29848604E-1, 0.16398907, 0.31562239E-1, 0.16338890E-2
0.19351460E-1, 0.11489351E-2, 0.47579683E-1, 0.63859839E-2, 0.48164789E-1, 0.28800048E-1, 0.15831716, 0.30469054E-1, 0.15772990E-2
0.19334275E-1, 0.11489363E-2, 0.47339190E-1, 0.63833003E-2, 0.54365575E-1, 0.32508869E-1, 0.17881778, 0.34412704E-1, 0.17814515E-2
0.19316727E-1, 0.11489363E-2, 0.47101241E-1, 0.63805995E-2, 0.47946628E-1, 0.28671499E-1, 0.15780993, 0.30368214E-1, 0.15720804E-2
0.19298974E-1, 0.11489352E-2, 0.46866737E-1, 0.63779028E-2, 0.41805718E-1, 0.24999321E-1, 0.13766102, 0.26489604E-1, 0.13712959E-2
0.19280411E-1, 0.11489310E-2, 0.46629328E-1, 0.63751289E-2, 0.36956616E-1, 0.22098932E-1, 0.12172608, 0.23422318E-1, 0.12125113E-2
0.19261464E-1, 0.11489248E-2, 0.46392292E-1, 0.63723237E-2, 0.31959869E-1, 0.19110089E-1, 0.10528243, 0.20257493E-1, 0.10486770E-2
0.19242417E-1, 0.11489184E-2, 0.46157237E-1, 0.63695135E-2, 0.29708674E-1, 0.17762708E-1, 0.97865872E-1, 0.18829821E-1, 0.97477011E-3
0.19223256E-1, 0.11489114E-2, 0.45923151E-1, 0.63666920E-2, 0.30853998E-1, 0.18446099E-1, 0.10163613, 0.19554563E-1, 0.10122883E-2
0.19203585E-1, 0.11489020E-2, 0.45686327E-1, 0.63638100E-2, 0.23027290E-1, 0.13765673E-1, 0.75845614E-1, 0.14592056E-1, 0.75539225E-3
0.19184707E-1, 0.11488959E-2, 0.45459107E-1, 0.63610282E-2, 0.25298320E-1, 0.15121728E-1, 0.83307974E-1, 0.16027279E-1, 0.82969031E-3
0.19165780E-1, 0.11488895E-2, 0.45233950E-1, 0.63582486E-2, 0.23851685E-1, 0.14255602E-1, 0.78529097E-1, 0.15107432E-1, 0.78207202E-3
0.19146519E-1, 0.11488819E-2, 0.45007732E-1, 0.63554309E-2, 0.26016831E-1, 0.15548106E-1, 0.85641064E-1, 0.16475104E-1, 0.85287273E-3
0.19127613E-1, 0.11488751E-2, 0.44787034E-1, 0.63526588E-2, 0.28553551E-1, 0.17062677E-1, 0.93982354E-1, 0.18079098E-1, 0.93590724E-3
0.19108601E-1, 0.11488678E-2, 0.44567805E-1, 0.63498807E-2, 0.25448676E-1, 0.15206053E-1, 0.83754949E-1, 0.16111091E-1, 0.83402870E-3
0.19088745E-1, 0.11488568E-2, 0.44342674E-1, 0.63470006E-2, 0.22421306E-1, 0.13395812E-1, 0.73776521E-1, 0.14191171E-1, 0.73463965E-3
0.19068304E-1, 0.11488436E-2, 0.44114068E-1, 0.63440502E-2, 0.24757143E-1, 0.14789853E-1, 0.81443988E-1, 0.15665514E-1, 0.81096246E-3
0.19048519E-1, 0.11488326E-2, 0.43894209E-1, 0.63411854E-2, 0.26323916E-1, 0.15724441E-1, 0.86585745E-1, 0.16653895E-1, 0.86212828E-3
0.19029524E-1, 0.11488248E-2, 0.43684669E-1, 0.63384287E-2, 0.25037454E-1, 0.14954759E-1, 0.82345054E-1, 0.15837621E-1, 0.81987190E-3
0.19010421E-1, 0.11488163E-2, 0.43475840E-1, 0.63356566E-2, 0.25628047E-1, 0.15306247E-1, 0.84277198E-1, 0.16208600E-1, 0.83907653E-3
0.18990999E-1, 0.11488068E-2, 0.43266110E-1, 0.63328552E-2, 0.26912533E-1, 0.16072093E-1, 0.88491544E-1, 0.17018422E-1, 0.88099885E-3
0.18972293E-1, 0.11488000E-2, 0.43061893E-1, 0.63301227E-2, 0.30809544E-1, 0.18398261E-1, 0.10130601, 0.19481964E-1, 0.10085301E-2
0.18953603E-1, 0.11487930E-2, 0.42856913E-1, 0.63273711E-2, 0.26417339E-1, 0.15774351E-1, 0.86861923E-1, 0.16703470E-1, 0.86469477E-3
0.18934403E-1, 0.11487840E-2, 0.42648379E-1, 0.63245529E-2, 0.27668267E-1, 0.16520148E-1, 0.90969950E-1, 0.17492656E-1, 0.90554875E-3
0.18915214E-1, 0.11487748E-2, 0.42441815E-1, 0.63217380E-2, 0.35117626E-1, 0.20966964E-1, 0.11547135, 0.22202866E-1, 0.11493838E-2
0.18896002E-1, 0.11487653E-2, 0.42236906E-1, 0.63189245E-2, 0.27784823E-1, 0.16588241E-1, 0.91371171E-1, 0.17567925E-1, 0.90944528E-3
0.18876629E-1, 0.11487550E-2, 0.42032197E-1, 0.63160947E-2, 0.23918852E-1, 0.14279145E-1, 0.78651860E-1, 0.15121705E-1, 0.78281085E-3
0.18856635E-1, 0.11487420E-2, 0.41823357E-1, 0.63131885E-2, 0.19543525E-1, 0.11665998E-1, 0.64249046E-1, 0.12352124E-1, 0.63943682E-3
0.18836409E-1, 0.11487282E-2, 0.41614346E-1, 0.63102557E-2, 0.15368402E-1, 0.91727171E-2, 0.50505470E-1, 0.97095612E-2, 0.50263840E-3
0.18816570E-1, 0.11487154E-2, 0.41407768E-1, 0.63073500E-2, 0.19662483E-1, 0.11734218E-1, 0.64591438E-1, 0.12417156E-1, 0.64280361E-3
0.18798076E-1, 0.11487079E-2, 0.41199856E-1, 0.63044960E-2, 0.30437730E-1, 0.18163383E-1, 0.99978589E-1, 0.19219140E-1, 0.99492434E-3
0.18780297E-1, 0.11487033E-2, 0.40984757E-1, 0.63016112E-2, 0.31830341E-1, 0.18993741E-1, 0.10456651, 0.20099903E-1, 0.10405190E-2
0.18763132E-1, 0.11487009E-2, 0.40775169E-1, 0.62987893E-2, 0.36122434E-1, 0.21554396E-1, 0.11869131, 0.22813490E-1, 0.11809943E-2
0.18745506E-1, 0.11486968E-2, 0.40564578E-1, 0.62959245E-2, 0.34923047E-1, 0.20838423E-1, 0.11478094, 0.22060346E-1, 0.11420063E-2
0.18727878E-1, 0.11486923E-2, 0.40356837E-1, 0.62930696E-2, 0.37893444E-1, 0.22610730E-1, 0.12458289, 0.23942513E-1, 0.12394409E-2
0.18710785E-1, 0.11486900E-2, 0.40155225E-1, 0.62902761E-2, 0.38250644E-1, 0.22823930E-1, 0.12580334, 0.24175232E-1, 0.12514881E-2
0.18693456E-1, 0.11486864E-2, 0.39950244E-1, 0.62874365E-2, 0.37612595E-1, 0.22443349E-1, 0.12375177, 0.23779180E-1, 0.12309855E-2
0.18675992E-1, 0.11486822E-2, 0.39745696E-1, 0.62845810E-2, 0.32418340E-1, 0.19343741E-1, 0.10669088, 0.20499434E-1, 0.10612018E-2
0.18658549E-1, 0.11486780E-2, 0.39542943E-1, 0.62817303E-2, 0.35233483E-1, 0.21023141E-1, 0.11598199, 0.22283083E-1, 0.11535365E-2
0.18641863E-1, 0.11486767E-2, 0.39347794E-1, 0.62789628E-2, 0.47579218E-1, 0.28390225E-1, 0.15669666, 0.30102862E-1, 0.15583460E-2
0.18625345E-1, 0.11486758E-2, 0.39156865E-1, 0.62762252E-2, 0.51970914E-1, 0.31013040E-1, 0.17129731, 0.32904416E-1, 0.17033751E-2
0.18608620E-1, 0.11486742E-2, 0.38967531E-1, 0.62734792E-2, 0.36862172E-1, 0.21998111E-1, 0.12157474, 0.23351071E-1, 0.12088236E-2
0.18592317E-1, 0.11486741E-2, 0.38781501E-1, 0.62707681E-2, 0.52426610E-1, 0.31287640E-1, 0.17300731, 0.33226799E-1, 0.17200640E-2
0.18576311E-1, 0.11486750E-2, 0.38601238E-1, 0.62681078E-2, 0.53716909E-1, 0.32060716E-1, 0.17742866, 0.34072198E-1, 0.17638283E-2
0.18560084E-1, 0.11486749E-2, 0.38424198E-1, 0.62654503E-2, 0.43406583E-1, 0.25908967E-1, 0.14348641, 0.27551366E-1, 0.14262621E-2
0.18543685E-1, 0.11486738E-2, 0.38247179E-1, 0.62627704E-2, 0.42511057E-1, 0.25375478E-1, 0.14060667, 0.26996020E-1, 0.13975134E-2
0.18526407E-1, 0.11486693E-2, 0.38059615E-1, 0.62599597E-2, 0.44576153E-1, 0.26609426E-1, 0.14752685, 0.28322117E-1, 0.14661620E-2
0.18508809E-1, 0.11486632E-2, 0.37868910E-1, 0.62570982E-2, 0.32389387E-1, 0.19335000E-1, 0.10724046, 0.20586314E-1, 0.10656996E-2
0.18488605E-1, 0.11486468E-2, 0.37657645E-1, 0.62539354E-2, 0.26083529E-1, 0.15570223E-1, 0.86371481E-1, 0.16579229E-1, 0.85826364E-3
0.34659155E-1, 0.11486197E-2, 0.37428096E-1, 0.62504788E-2, 0.25572333E-1, 0.15264647E-1, 0.84665455E-1, 0.16250893E-1, 0.84126648E-3
0.18419106E-1, 0.11486051E-2, 0.37223119E-1, 0.62473617E-2, 0.27920682E-1, 0.16665837E-1, 0.92438944E-1, 0.17741948E-1, 0.91845437E-3
0.18402707E-1, 0.11486035E-2, 0.37043300E-1, 0.62445956E-2, 0.39030101E-1, 0.23296807E-1, 0.12925009, 0.24805384E-1, 0.12841101E-2
0.18385842E-1, 0.11485993E-2, 0.36862817E-1, 0.62417905E-2, 0.38941365E-1, 0.23244485E-1, 0.12901634, 0.24758400E-1, 0.12816776E-2
0.18369582E-1, 0.11485977E-2, 0.36690772E-1, 0.62390701E-2, 0.43242037E-1, 0.25812570E-1, 0.14334027, 0.27504718E-1, 0.14238474E-2
0.18353429E-1, 0.11485964E-2, 0.36525007E-1, 0.62363925E-2, 0.45671225E-1, 0.27264211E-1, 0.15149184, 0.29066032E-1, 0.15046725E-2
0.18337758E-1, 0.11485972E-2, 0.36369875E-1, 0.62338095E-2, 0.48210852E-1, 0.28782403E-1, 0.16003591, 0.30702163E-1, 0.15893707E-2
0.18321449E-1, 0.11485950E-2, 0.36215954E-1, 0.62311944E-2, 0.47216017E-1, 0.28190782E-1, 0.15685847, 0.30089410E-1, 0.15576499E-2
0.18304218E-1, 0.11485892E-2, 0.36059055E-1, 0.62285010E-2, 0.42169951E-1, 0.25179602E-1, 0.14019097, 0.26889496E-1, 0.13919987E-2
0.18286655E-1, 0.11485819E-2, 0.35902955E-1, 0.62257866E-2, 0.45826677E-1, 0.27364573E-1, 0.15244456, 0.29236980E-1, 0.15135220E-2
0.18269079E-1, 0.11485745E-2, 0.35750702E-1, 0.62230900E-2, 0.41202046E-1, 0.24604581E-1, 0.13715133, 0.26301390E-1, 0.13615539E-2
0.18251181E-1, 0.11485658E-2, 0.35599161E-1, 0.62203747E-2, 0.41055001E-1, 0.24517849E-1, 0.13673696, 0.26219545E-1, 0.13573173E-2
0.18234648E-1, 0.11485557E-2, 0.35448063E-1, 0.62176385E-2, 0.38519375E-1, 0.23004502E-1, 0.12835851, 0.24610782E-1, 0.12740360E-2
0.18236795E-1, 0.11485438E-2, 0.35295025E-1, 0.62148557E-2, 0.32973401E-1, 0.19692764E-1, 0.10992100, 0.21073988E-1, 0.10909453E-2
0.18199878E-1, 0.11485334E-2, 0.35146084E-1, 0.62121209E-2, 0.37504438E-1, 0.22399195E-1, 0.12507086, 0.23976615E-1, 0.12412065E-2
0.18177770E-1, 0.11485214E-2, 0.34992214E-1, 0.62093181E-2, 0.29593667E-1, 0.17674668E-1, 0.98719418E-1, 0.18923499E-1, 0.97962015E-3
0.18232306E-1, 0.11485061E-2, 0.34834549E-1, 0.62064417E-2, 0.27833380E-1, 0.16623041E-1, 0.92860065E-1, 0.17799165E-1, 0.92141615E-3
0.18768992E-1, 0.11484922E-2, 0.34682773E-1, 0.62036151E-2, 0.26805429E-1, 0.16008781E-1, 0.89440227E-1, 0.17142579E-1, 0.88742655E-3
0.20599769E-1, 0.11484770E-2, 0.34530919E-1, 0.62007648E-2, 0.26655892E-1, 0.15919119E-1, 0.88947780E-1, 0.17047141E-1, 0.88248571E-3
0.24153445E-1, 0.11484622E-2, 0.34382775E-1, 0.61979406E-2, 0.26452955E-1, 0.15797582E-1, 0.88271976E-1, 0.16916569E-1, 0.87572652E-3
0.28060865E-1, 0.11484495E-2, 0.34243226E-1, 0.61952034E-2, 0.27244709E-1, 0.16270261E-1, 0.90913676E-1, 0.17421726E-1, 0.90187736E-3
0.31365935E-1, 0.11484395E-2, 0.34113947E-1, 0.61925794E-2, 0.28419506E-1, 0.16971862E-1, 0.94832934E-1, 0.18171567E-1, 0.94069453E-3
0.34755547E-1, 0.11484277E-2, 0.33979781E-1, 0.61898804E-2, 0.25775544E-1, 0.15392991E-1, 0.86004548E-1, 0.16478818E-1, 0.85306540E-3
0.36846794E-1, 0.11484163E-2, 0.33849280E-1, 0.61872131E-2, 0.21662643E-1, 0.12936717E-1, 0.72266489E-1, 0.13845747E-1, 0.71675808E-3
0.38450975E-1, 0.11484058E-2, 0.33722170E-1, 0.61845756E-2, 0.23361064E-1, 0.13950818E-1, 0.77910155E-1, 0.14926201E-1, 0.77269034E-3
0.40131208E-1, 0.11484046E-2, 0.33621695E-1, 0.61822571E-2, 0.24123801E-1, 0.14406268E-1, 0.80432534E-1, 0.15408522E-1, 0.79765887E-3
0.41990124E-1, 0.11484126E-2, 0.33546675E-1, 0.61802417E-2, 0.26728453E-1, 0.15961884E-1, 0.89097485E-1, 0.17067373E-1, 0.88353310E-3
0.30265817E-1, 0.11484190E-2, 0.33468623E-1, 0.61781891E-2, 0.24255380E-1, 0.14485070E-1, 0.80836296E-1, 0.15483846E-1, 0.80155820E-3
0.18130764E-1, 0.11484096E-2, 0.33342279E-1, 0.61755585E-2, 0.30225303E-1, 0.18050147E-1, 0.10074481, 0.19295864E-1, 0.99889643E-3
0.17919933E-1, 0.11483980E-2, 0.33209078E-1, 0.61728409E-2, 0.35888355E-1, 0.21432323E-1, 0.11965814, 0.22916391E-1, 0.11863217E-2
0.17669955E-1, 0.11483856E-2, 0.33071160E-1, 0.61700717E-2, 0.26049731E-1, 0.15556805E-1, 0.86876862E-1, 0.16636893E-1, 0.86124847E-3
0.17653417E-1, 0.11483784E-2, 0.32937456E-1, 0.61673955E-2, 0.34231365E-1, 0.20442873E-1, 0.11419001, 0.21865606E-1, 0.11319253E-2
0.17637836E-1, 0.11483742E-2, 0.32795645E-1, 0.61646993E-2, 0.57779398E-1, 0.34508727E-1, 0.19289538, 0.36932044E-1, 0.19118749E-2
0.17622089E-1, 0.11483694E-2, 0.32645453E-1, 0.61619254E-2, 0.88937424E-1, 0.53130478E-1, 0.29743910, 0.56937251E-1, 0.29474928E-2
0.17606696E-1, 0.11483660E-2, 0.32501847E-1, 0.61592096E-2, 0.61292067E-1, 0.36624704E-1, 0.20536676, 0.39304547E-1, 0.20346937E-2
0.17590584E-1, 0.11483600E-2, 0.32353986E-1, 0.61564166E-2, 0.46790764E-1, 0.27963342E-1, 0.15695110, 0.30034222E-1, 0.15547933E-2
0.17574932E-1, 0.11483553E-2, 0.32206904E-1, 0.61536450E-2, 0.52282125E-1, 0.31248618E-1, 0.17553534, 0.33586282E-1, 0.17386740E-2
0.17559143E-1, 0.11483497E-2, 0.32060076E-1, 0.61508613E-2, 0.66800728E-1, 0.39932821E-1, 0.22456712, 0.42961370E-1, 0.22239978E-2
0.17543903E-1, 0.11483467E-2, 0.31920023E-1, 0.61481493E-2, 0.82379043E-1, 0.49257644E-1, 0.27744073, 0.53066593E-1, 0.27471192E-2
0.17528495E-1, 0.11483425E-2, 0.31782124E-1, 0.61454382E-2, 0.56056339E-1, 0.33525955E-1, 0.18910769, 0.36164716E-1, 0.18721527E-2
0.17512139E-1, 0.11483346E-2, 0.31639148E-1, 0.61426302E-2, 0.41616056E-1, 0.24892321E-1, 0.14052238, 0.26870089E-1, 0.13909943E-2
0.17496435E-1, 0.11483292E-2, 0.31502757E-1, 0.61398987E-2, 0.57974186E-1, 0.34680706E-1, 0.19593945, 0.37462223E-1, 0.19393214E-2
0.17480386E-1, 0.11483225E-2, 0.31369817E-1, 0.61371680E-2, 0.56436382E-1, 0.33766098E-1, 0.19097458, 0.36507908E-1, 0.18899192E-2
0.17463833E-1, 0.11483135E-2, 0.31239521E-1, 0.61344225E-2, 0.54644976E-1, 0.32699231E-1, 0.18512855, 0.35385620E-1, 0.18318210E-2
0.17447000E-1, 0.11483034E-2, 0.31112451E-1, 0.61316807E-2, 0.53641081E-1, 0.32103136E-1, 0.18193167, 0.34770064E-1, 0.17999553E-2
0.17430009E-1, 0.11482923E-2, 0.30988522E-1, 0.61289473E-2, 0.52128814E-1, 0.31202434E-1, 0.17699508, 0.33822350E-1, 0.17508948E-2
0.17412357E-1, 0.11482789E-2, 0.30862261E-1, 0.61261542E-2, 0.46073020E-1, 0.27580863E-1, 0.15658067, 0.29917851E-1, 0.15487688E-2
0.17453918E-1, 0.11482653E-2, 0.30740181E-1, 0.61233887E-2, 0.43529328E-1, 0.26060570E-1, 0.14805306, 0.28285503E-1, 0.14642663E-2
0.18029077E-1, 0.11482489E-2, 0.30614018E-1, 0.61205467E-2, 0.41185308E-1, 0.24659228E-1, 0.14017886, 0.26778473E-1, 0.13862516E-2
0.19689562E-1, 0.11482310E-2, 0.30486466E-1, 0.61176713E-2, 0.32776691E-1, 0.19625800E-1, 0.11161763, 0.21320533E-1, 0.11037082E-2
0.22643495E-1, 0.11482105E-2, 0.30355761E-1, 0.61147371E-2, 0.31372596E-1, 0.18785672E-1, 0.10686878, 0.20411892E-1, 0.10566703E-2
0.25794052E-1, 0.11481951E-2, 0.30239850E-1, 0.61119711E-2, 0.30021608E-1, 0.17977269E-1, 0.10228915, 0.19535758E-1, 0.10113152E-2
0.28921133E-1, 0.11481846E-2, 0.30139660E-1, 0.61093885E-2, 0.35667039E-1, 0.21358734E-1, 0.12155244, 0.23212977E-1, 0.12016752E-2
0.32425426E-1, 0.11481742E-2, 0.30040646E-1, 0.61068055E-2, 0.29748987E-1, 0.17815826E-1, 0.10140909, 0.19364646E-1, 0.10024572E-2
0.33484165E-1, 0.11481619E-2, 0.29938573E-1, 0.61041769E-2, 0.21288037E-1, 0.12749077E-1, 0.72563194E-1, 0.13855495E-1, 0.71726274E-3
0.26524743E-1, 0.11481453E-2, 0.29824654E-1, 0.61013964E-2, 0.17837361E-1, 0.10682309E-1, 0.60786098E-1, 0.11606172E-1, 0.60082116E-3
0.22221779E-1, 0.11481282E-2, 0.29708114E-1, 0.60985824E-2, 0.17489484E-1, 0.10473558E-1, 0.59584912E-1, 0.11376326E-1, 0.58892264E-3
0.17266596E-1, 0.11481134E-2, 0.29595163E-1, 0.60958206E-2, 0.20346183E-1, 0.12183809E-1, 0.69309086E-1, 0.13232296E-1, 0.68500137E-3
0.17128423E-1, 0.11480993E-2, 0.29483531E-1, 0.60930764E-2, 0.25353959E-1, 0.15182287E-1, 0.86371377E-1, 0.16488831E-1, 0.85358392E-3
0.17767508E-1, 0.11480859E-2, 0.29373826E-1, 0.60903444E-2, 0.37410319E-1, 0.22402335E-1, 0.12748401, 0.24335563E-1, 0.12597885E-2
0.19394716E-1, 0.11480721E-2, 0.29266870E-1, 0.60876273E-2, 0.32696225E-1, 0.19580444E-1, 0.11147244, 0.21277178E-1, 0.11014639E-2
0.20934070E-1, 0.11480571E-2, 0.29159077E-1, 0.60848831E-2, 0.34420956E-1, 0.20614248E-1, 0.11739758, 0.22406207E-1, 0.11599110E-2
0.20962993E-1, 0.11480425E-2, 0.29053917E-1, 0.60821632E-2, 0.34197319E-1, 0.20481383E-1, 0.11668371, 0.22267999E-1, 0.11527560E-2
0.25224861E-1, 0.11480283E-2, 0.28951425E-1, 0.60794642E-2, 0.41723005E-1, 0.24990458E-1, 0.14243393, 0.27179554E-1, 0.14070144E-2
0.30257931E-1, 0.11480171E-2, 0.28859388E-1, 0.60768812E-2, 0.30997945E-1, 0.18568037E-1, 0.10586570, 0.20199604E-1, 0.10456807E-2
0.36280356E-1, 0.11480073E-2, 0.28772252E-1, 0.60743475E-2, 0.36779795E-1, 0.22032920E-1, 0.12564263, 0.23971029E-1, 0.12409177E-2
0.37741508E-1, 0.11480090E-2, 0.28717961E-1, 0.60722069E-2, 0.34018345E-1, 0.20380504E-1, 0.11623799, 0.22174684E-1, 0.11479255E-2
0.34688912E-1, 0.11480077E-2, 0.28652085E-1, 0.60699400E-2, 0.35854928E-1, 0.21482509E-1, 0.12253824, 0.23374433E-1, 0.12100333E-2
0.16768856E-1, 0.11480097E-2, 0.28577423E-1, 0.60676513E-2, 0.61042547E-1, 0.36578614E-1, 0.20880520, 0.39825022E-1, 0.20616374E-2
0.16754402E-1, 0.11480037E-2, 0.28464630E-1, 0.60649728E-2, 0.62860318E-1, 0.37675850E-1, 0.21534964, 0.41066617E-1, 0.21259116E-2
0.16738156E-1, 0.11479909E-2, 0.28332530E-1, 0.60620490E-2, 0.60006641E-1, 0.35972662E-1, 0.20587122, 0.39252926E-1, 0.20320208E-2
0.16723815E-1, 0.11479857E-2, 0.28216189E-1, 0.60593383E-2, 0.76486148E-1, 0.45862548E-1, 0.26284876, 0.50108045E-1, 0.25939627E-2
0.16709188E-1, 0.11479789E-2, 0.28102923E-1, 0.60566273E-2, 0.83210722E-1, 0.49909916E-1, 0.28656280, 0.54617904E-1, 0.28274264E-2
0.16694251E-1, 0.11479713E-2, 0.27994856E-1, 0.60539348E-2, 0.73716320E-1, 0.44228531E-1, 0.25439793, 0.48478045E-1, 0.25095814E-2
0.16679088E-1, 0.11479624E-2, 0.27892211E-1, 0.60512647E-2, 0.71311392E-1, 0.42797022E-1, 0.24655700, 0.46975713E-1, 0.24318099E-2
0.16664028E-1, 0.11479537E-2, 0.27794831E-1, 0.60486323E-2, 0.55342488E-1, 0.33220585E-1, 0.19163942, 0.36506951E-1, 0.18898691E-2
0.16648794E-1, 0.11479442E-2, 0.27688142E-1, 0.60459170E-2, 0.63939616E-1, 0.38388778E-1, 0.22172086, 0.42231571E-1, 0.21862183E-2
0.16633883E-1, 0.11479357E-2, 0.27576979E-1, 0.60431799E-2, 0.78101084E-1, 0.46903364E-1, 0.27131632, 0.51669776E-1, 0.26748094E-2
0.16619777E-1, 0.11479306E-2, 0.27471753E-1, 0.60405252E-2, 0.82761936E-1, 0.49717985E-1, 0.28812414, 0.54860823E-1, 0.28400016E-2
0.16606109E-1, 0.11479267E-2, 0.27365239E-1, 0.60378783E-2, 0.97164199E-1, 0.58391575E-1, 0.33910972, 0.64556368E-1, 0.33419149E-2
0.16591342E-1, 0.11479188E-2, 0.27250554E-1, 0.60351063E-2, 0.83653644E-1, 0.50291270E-1, 0.29269731, 0.55710271E-1, 0.28839752E-2
0.16576882E-1, 0.11479117E-2, 0.27138460E-1, 0.60323640E-2, 0.78597948E-1, 0.47267206E-1, 0.27561212, 0.52449692E-1, 0.27151834E-2
0.16562538E-1, 0.11479050E-2, 0.27027907E-1, 0.60296347E-2, 0.76455854E-1, 0.45992844E-1, 0.26864836, 0.51116638E-1, 0.26461745E-2
0.16548241E-1, 0.11478986E-2, 0.26918756E-1, 0.60269120E-2, 0.71464770E-1, 0.43002695E-1, 0.25159806, 0.47865603E-1, 0.24778771E-2
0.16533645E-1, 0.11478910E-2, 0.26809018E-1, 0.60241618E-2, 0.63044652E-1, 0.37945338E-1, 0.22232649, 0.42291421E-1, 0.21893163E-2
0.16520293E-1, 0.11478879E-2, 0.26711885E-1, 0.60215672E-2, 0.92992231E-1, 0.55986889E-1, 0.32859573, 0.62497377E-1, 0.32353264E-2
0.16507098E-1, 0.11478857E-2, 0.26624026E-1, 0.60190442E-2, 0.82051739E-1, 0.49418289E-1, 0.29064697, 0.55271052E-1, 0.28612392E-2
0.16492572E-1, 0.11478778E-2, 0.26533784E-1, 0.60164295E-2, 0.77976756E-1, 0.46979189E-1, 0.27680841, 0.52632201E-1, 0.27246336E-2
0.16477490E-1, 0.11478678E-2, 0.26445061E-1, 0.60137920E-2, 0.72287180E-1, 0.43564253E-1, 0.25711900, 0.48882391E-1, 0.25305157E-2
0.16461464E-1, 0.11478543E-2, 0.26352160E-1, 0.60110707E-2, 0.49196932E-1, 0.29655304E-1, 0.17525029, 0.33314537E-1, 0.17246079E-2
0.16444944E-1, 0.11478382E-2, 0.26257353E-1, 0.60083028E-2, 0.42909537E-1, 0.25868693E-1, 0.15299487, 0.29081713E-1, 0.15054856E-2
0.16428506E-1, 0.11478227E-2, 0.26164783E-1, 0.60055512E-2, 0.37932672E-1, 0.22870531E-1, 0.13534729, 0.25725568E-1, 0.13317463E-2
0.16412366E-1, 0.11478076E-2, 0.26074624E-1, 0.60028210E-2, 0.43748491E-1, 0.26379576E-1, 0.15621084, 0.29689219E-1, 0.15369348E-2
0.16403276E-1, 0.11477927E-2, 0.25986886E-1, 0.60001099E-2, 0.42771466E-1, 0.25793407E-1, 0.15284881, 0.29048268E-1, 0.15037539E-2
0.16444696E-1, 0.11477784E-2, 0.25901541E-1, 0.59974180E-2, 0.48486706E-1, 0.29243700E-1, 0.17342921, 0.32957166E-1, 0.17061078E-2
0.16440399E-1, 0.11477626E-2, 0.25814347E-1, 0.59946938E-2, 0.39781850E-1, 0.23996452E-1, 0.14241603, 0.27061800E-1, 0.14009197E-2
0.16347529E-1, 0.11477488E-2, 0.25729010E-1, 0.59920046E-2, 0.56837350E-1, 0.34289282E-1, 0.20367758, 0.38699850E-1, 0.20033917E-2
0.16332138E-1, 0.11477342E-2, 0.25644187E-1, 0.59893099E-2, 0.64302944E-1, 0.38801461E-1, 0.23076278, 0.43842219E-1, 0.22695989E-2
0.16317407E-1, 0.11477225E-2, 0.25566665E-1, 0.59867012E-2, 0.54960698E-1, 0.33171270E-1, 0.19751957, 0.37523083E-1, 0.19424733E-2
0.16300790E-1, 0.11477098E-2, 0.25485219E-1, 0.59840437E-2, 0.54197609E-1, 0.32716814E-1, 0.19502348, 0.37045974E-1, 0.19177749E-2
0.16284639E-1, 0.11476942E-2, 0.25398424E-1, 0.59813093E-2, 0.64392127E-1, 0.38878847E-1, 0.23202969, 0.44071876E-1, 0.22814879E-2
0.16269650E-1, 0.11476830E-2, 0.25320608E-1, 0.59786993E-2, 0.66613920E-1, 0.40230259E-1, 0.24042892, 0.45663092E-1, 0.23638620E-2
0.16255533E-1, 0.11476754E-2, 0.25240768E-1, 0.59761168E-2, 0.82100809E-1, 0.49598150E-1, 0.29690704, 0.56384075E-1, 0.29188599E-2
0.16241692E-1, 0.11476685E-2, 0.25147861E-1, 0.59734457E-2, 0.11955207, 0.72255969E-1, 0.43361408, 0.82335055E-1, 0.42622779E-2
0.16228382E-1, 0.11476635E-2, 0.25060501E-1, 0.59708385E-2, 0.10118397, 0.61186351E-1, 0.36821291, 0.69907546E-1, 0.36189395E-2
0.16214078E-1, 0.11476547E-2, 0.24969408E-1, 0.59681474E-2, 0.97860761E-1, 0.59203465E-1, 0.35714483, 0.67798987E-1, 0.35097871E-2
0.16200028E-1, 0.11476468E-2, 0.24874700E-1, 0.59654396E-2, 0.97444430E-1, 0.58978017E-1, 0.35663918, 0.67696534E-1, 0.35044849E-2
0.16186016E-1, 0.11476391E-2, 0.24779111E-1, 0.59627225E-2, 0.91432355E-1, 0.55362839E-1, 0.33554268, 0.63686691E-1, 0.32969082E-2
0.16172675E-1, 0.11476337E-2, 0.24688888E-1, 0.59600752E-2, 0.89482173E-1, 0.54203913E-1, 0.32922870, 0.62483683E-1, 0.32346339E-2
0.16159048E-1, 0.11476271E-2, 0.24597598E-1, 0.59573990E-2, 0.96143723E-1, 0.58263578E-1, 0.35467535, 0.67308679E-1, 0.34844168E-2
0.16145561E-1, 0.11476211E-2, 0.24507560E-1, 0.59547354E-2, 0.85001275E-1, 0.51532310E-1, 0.31437978, 0.59658311E-1, 0.30883793E-2
0.16132202E-1, 0.11476155E-2, 0.24418771E-1, 0.59520854E-2, 0.94818965E-1, 0.57507422E-1, 0.35157856, 0.66713817E-1, 0.34536335E-2
0.16119223E-1, 0.11476111E-2, 0.24333781E-1, 0.59494791E-2, 0.10902543, 0.66155098E-1, 0.40545690, 0.76933518E-1, 0.39826967E-2
0.16106395E-1, 0.11476071E-2, 0.24250770E-1, 0.59468909E-2, 0.91972537E-1, 0.55834267E-1, 0.34305403, 0.65090060E-1, 0.33695931E-2
0.16093519E-1, 0.11476029E-2, 0.24167214E-1, 0.59442911E-2, 0.94250455E-1, 0.57241526E-1, 0.35248339, 0.66877082E-1, 0.34621123E-2
0.16080625E-1, 0.11475986E-2, 0.24084210E-1, 0.59416927E-2, 0.93437493E-1, 0.56772437E-1, 0.35038492, 0.66477373E-1, 0.34414292E-2
0.16068380E-1, 0.11475969E-2, 0.24006257E-1, 0.59391614E-2, 0.97351827E-1, 0.59177190E-1, 0.36607105, 0.69452323E-1, 0.35954476E-2
0.16055703E-1, 0.11475935E-2, 0.23926325E-1, 0.59365872E-2, 0.99566378E-1, 0.60551453E-1, 0.37546927, 0.71234852E-1, 0.36877352E-2
0.16042994E-1, 0.11475896E-2, 0.23847228E-1, 0.59340126E-2, 0.98510832E-1, 0.59937719E-1, 0.37256241, 0.70683375E-1, 0.36591964E-2
0.16030461E-1, 0.11475864E-2, 0.23769923E-1, 0.59314589E-2, 0.10032093, 0.61068054E-1, 0.38051108, 0.72192192E-1, 0.37373144E-2
0.16018417E-1, 0.11475850E-2, 0.23697086E-1, 0.59289611E-2, 0.94028160E-1, 0.57264075E-1, 0.35765401, 0.67856856E-1, 0.35128884E-2
0.16006391E-1, 0.11475838E-2, 0.23628216E-1, 0.59264870E-2, 0.11086287, 0.67549847E-1, 0.42295119, 0.80247805E-1, 0.41543678E-2
0.15994167E-1, 0.11475817E-2, 0.23563800E-1, 0.59240349E-2, 0.10723490, 0.65374441E-1, 0.41044146, 0.77877484E-1, 0.40316717E-2
0.15981434E-1, 0.11475772E-2, 0.23501426E-1, 0.59215678E-2, 0.98318927E-1, 0.59969094E-1, 0.37745926, 0.71622916E-1, 0.37078888E-2
0.15968196E-1, 0.11475706E-2, 0.23440834E-1, 0.59190835E-2, 0.86647190E-1, 0.52873336E-1, 0.33353654, 0.63291892E-1, 0.32766052E-2
0.15954494E-1, 0.11475623E-2, 0.23377677E-1, 0.59165554E-2, 0.79102628E-1, 0.48287958E-1, 0.30519673, 0.57917219E-1, 0.29983683E-2
0.15940839E-1, 0.11475544E-2, 0.23315262E-1, 0.59140306E-2, 0.86184256E-1, 0.52630920E-1, 0.33328110, 0.63250482E-1, 0.32744806E-2
0.15926544E-1, 0.11475435E-2, 0.23251224E-1, 0.59114564E-2, 0.74794158E-1, 0.45692109E-1, 0.28987795, 0.55016831E-1, 0.28482326E-2
0.15911719E-1, 0.11475300E-2, 0.23185104E-1, 0.59088273E-2, 0.71026549E-1, 0.43404404E-1, 0.27580839, 0.52349765E-1, 0.27101638E-2
0.15896950E-1, 0.11475169E-2, 0.23120528E-1, 0.59062098E-2, 0.53825635E-1, 0.32901309E-1, 0.20933776, 0.39735563E-1, 0.20571265E-2
0.15882120E-1, 0.11475049E-2, 0.23051474E-1, 0.59035779E-2, 0.65027058E-1, 0.39757866E-1, 0.25327161, 0.48077513E-1, 0.24889982E-2
0.15868405E-1, 0.11474959E-2, 0.22982411E-1, 0.59009851E-2, 0.72653033E-1, 0.44433460E-1, 0.28347215, 0.53814065E-1, 0.27859902E-2
0.15854185E-1, 0.11474849E-2, 0.22896303E-1, 0.58982349E-2, 0.79059049E-1, 0.48368059E-1, 0.30910280, 0.58684804E-1, 0.30381589E-2
0.15840756E-1, 0.11474770E-2, 0.22815654E-1, 0.58955625E-2, 0.88371143E-1, 0.54086391E-1, 0.34631488, 0.65756127E-1, 0.34042564E-2
0.15828801E-1, 0.11474746E-2, 0.22746438E-1, 0.58930465E-2, 0.10029687, 0.61413705E-1, 0.39412153, 0.74841723E-1, 0.38746372E-2
0.15817149E-1, 0.11474736E-2, 0.22681035E-1, 0.58905724E-2, 0.92114329E-1, 0.56430403E-1, 0.36298838, 0.68938158E-1, 0.35690137E-2
0.15804861E-1, 0.11474697E-2, 0.22610242E-1, 0.58880220E-2, 0.87477490E-1, 0.53613335E-1, 0.34560603, 0.65644987E-1, 0.33985311E-2
0.15792798E-1, 0.11474666E-2, 0.22541791E-1, 0.58854986E-2, 0.10592682, 0.64951599E-1, 0.41966555, 0.79723090E-1, 0.41273870E-2
0.15781563E-1, 0.11474667E-2, 0.22484783E-1, 0.58831009E-2, 0.95837653E-1, 0.58795448E-1, 0.38083467, 0.72357707E-1, 0.37460832E-2
0.15769802E-1, 0.11474650E-2, 0.22430923E-1, 0.58806948E-2, 0.89471512E-1, 0.54915216E-1, 0.35649285, 0.67743070E-1, 0.35071864E-2
0.15757475E-1, 0.11474607E-2, 0.22379575E-1, 0.58782776E-2, 0.84935211E-1, 0.52153081E-1, 0.33925381, 0.64476810E-1, 0.33380976E-2
0.15744802E-1, 0.11474550E-2, 0.22331465E-1, 0.58758636E-2, 0.76661617E-1, 0.47091089E-1, 0.30689719, 0.58335681E-1, 0.30201694E-2
0.15731515E-1, 0.11474469E-2, 0.22281943E-1, 0.58734035E-2, 0.72610699E-1, 0.44618141E-1, 0.29126403, 0.55371717E-1, 0.28667282E-2
0.15717767E-1, 0.11474361E-2, 0.22230728E-1, 0.58708978E-2, 0.65487832E-1, 0.40253840E-1, 0.26316911, 0.50037239E-1, 0.25905576E-2
0.15704963E-1, 0.11474240E-2, 0.22179063E-1, 0.58683665E-2, 0.57262085E-1, 0.35206944E-1, 0.23046567, 0.43824483E-1, 0.22689144E-2
0.15694883E-1, 0.11474100E-2, 0.22123128E-1, 0.58657802E-2, 0.57585772E-1, 0.35414338E-1, 0.23208763, 0.44137947E-1, 0.22851501E-2
0.15857561E-1, 0.11473958E-2, 0.22069518E-1, 0.58632107E-2, 0.56323465E-1, 0.34646094E-1, 0.22730714, 0.43233775E-1, 0.22383451E-2
0.16500663E-1, 0.11473820E-2, 0.22018718E-1, 0.58606593E-2, 0.53212266E-1, 0.32739598E-1, 0.21502672, 0.40902652E-1, 0.21176622E-2
0.18273050E-1, 0.11473664E-2, 0.21965131E-1, 0.58580628E-2, 0.50144318E-1, 0.30858239E-1, 0.20286091, 0.38592618E-1, 0.19980695E-2
0.17391907E-1, 0.11473497E-2, 0.21909483E-1, 0.58554350E-2, 0.54582257E-1, 0.33596125E-1, 0.22106051, 0.42059585E-1, 0.21775707E-2
0.15605982E-1, 0.11473377E-2, 0.21859283E-1, 0.58529098E-2, 0.72600387E-1, 0.44699173E-1, 0.29451102, 0.56042068E-1, 0.29015010E-2
0.15684702E-1, 0.11473249E-2, 0.21808876E-1, 0.58503714E-2, 0.70034705E-1, 0.43133743E-1, 0.28464130, 0.54172449E-1, 0.28047138E-2
0.16819602E-1, 0.11473108E-2, 0.21757839E-1, 0.58478038E-2, 0.59199572E-1, 0.36471095E-1, 0.24100478, 0.45874305E-1, 0.23750958E-2
0.20529782E-1, 0.11472944E-2, 0.21705220E-1, 0.58451998E-2, 0.49959749E-1, 0.30785754E-1, 0.20364456, 0.38767815E-1, 0.20071694E-2
0.25198925E-1, 0.11472838E-2, 0.21670682E-1, 0.58428063E-2, 0.52791838E-1, 0.32537766E-1, 0.21541284, 0.41013021E-1, 0.21234169E-2
0.29350664E-1, 0.11472775E-2, 0.21648865E-1, 0.58405637E-2, 0.53492118E-1, 0.32976966E-1, 0.21850081, 0.41606136E-1, 0.21541298E-2
0.32937728E-1, 0.11472735E-2, 0.21635033E-1, 0.58384128E-2, 0.55307310E-1, 0.34104325E-1, 0.22615004, 0.43068197E-1, 0.22298319E-2
0.36314946E-1, 0.11472660E-2, 0.21611229E-1, 0.58361390E-2, 0.49600169E-1, 0.30592479E-1, 0.20300646, 0.38665574E-1, 0.20018932E-2
0.39645251E-1, 0.11472529E-2, 0.21572784E-1, 0.58336817E-2, 0.47810510E-1, 0.29495079E-1, 0.19582576, 0.37302278E-1, 0.19313124E-2
0.42023212E-1, 0.11472353E-2, 0.21522071E-1, 0.58310702E-2, 0.35678398E-1, 0.22014597E-1, 0.14620551, 0.27853083E-1, 0.14420861E-2
0.43975264E-1, 0.11472148E-2, 0.21464782E-1, 0.58283759E-2, 0.41692808E-1, 0.25729673E-1, 0.17089778, 0.32560114E-1, 0.16857928E-2
0.45915712E-1, 0.11471913E-2, 0.21399574E-1, 0.58255782E-2, 0.41630462E-1, 0.25695873E-1, 0.17070501, 0.32526616E-1, 0.16840610E-2
0.47102798E-1, 0.11471659E-2, 0.21329230E-1, 0.58227153E-2, 0.48957627E-1, 0.30224767E-1, 0.20084852, 0.38274329E-1, 0.19816507E-2
0.20494662E-1, 0.11471494E-2, 0.21280093E-1, 0.58201300E-2, 0.50576959E-1, 0.31231476E-1, 0.20766088, 0.39577231E-1, 0.20491122E-2
0.15145228E-1, 0.11471128E-2, 0.21173295E-1, 0.58168434E-2, 0.66728376E-1, 0.41215338E-1, 0.27436838, 0.52298013E-1, 0.27077394E-2
0.15220580E-1, 0.11470561E-2, 0.21015761E-1, 0.58129043E-2, 0.93177103E-1, 0.57574749E-1, 0.38399407, 0.73208399E-1, 0.37903909E-2
0.15319083E-1, 0.11469990E-2, 0.20858243E-1, 0.58089509E-2, 0.10250399, 0.63370623E-1, 0.42366621, 0.80791794E-1, 0.41830414E-2
0.15418741E-1, 0.11469418E-2, 0.20701548E-1, 0.58049941E-2, 0.13525331, 0.83671980E-1, 0.56108868, 0.10703132, 0.55416366E-2
0.15518151E-1, 0.11468846E-2, 0.20545818E-1, 0.58010370E-2, 0.10317174, 0.63868769E-1, 0.42963335, 0.81982858E-1, 0.42447564E-2
0.15633885E-1, 0.11468275E-2, 0.20391254E-1, 0.57970826E-2, 0.88008374E-1, 0.54510184E-1, 0.36755115, 0.70155956E-1, 0.36324223E-2
0.15753552E-1, 0.11467702E-2, 0.20237975E-1, 0.57931342E-2, 0.77102698E-1, 0.47776103E-1, 0.32277375, 0.61624769E-1, 0.31907221E-2
0.15822519E-1, 0.11467132E-2, 0.20085908E-1, 0.57891873E-2, 0.89916579E-1, 0.55740282E-1, 0.37731510, 0.72056659E-1, 0.37308652E-2
0.15923588E-1, 0.11466559E-2, 0.19934993E-1, 0.57852427E-2, 0.83173588E-1, 0.51583990E-1, 0.34990332, 0.66840157E-1, 0.34607872E-2
0.16036693E-1, 0.11465988E-2, 0.19785237E-1, 0.57813008E-2, 0.90505868E-1, 0.56157399E-1, 0.38171270, 0.72937101E-1, 0.37764879E-2
0.16155975E-1, 0.11465414E-2, 0.19636497E-1, 0.57773604E-2, 0.11911796, 0.73953547E-1, 0.50397420, 0.96332066E-1, 0.49878452E-2
0.16212620E-1, 0.11464846E-2, 0.19488795E-1, 0.57734218E-2, 0.12977150, 0.80626152E-1, 0.55121696, 0.10540780, 0.54578036E-2
0.16311154E-1, 0.11464274E-2, 0.19342095E-1, 0.57694847E-2, 0.80766715E-1, 0.50210729E-1, 0.34420756, 0.65847553E-1, 0.34094739E-2
0.16409960E-1, 0.11463701E-2, 0.19196654E-1, 0.57655498E-2, 0.97306177E-1, 0.60522195E-1, 0.41577092, 0.79564154E-1, 0.41197171E-2
0.16507821E-1, 0.11463129E-2, 0.19052522E-1, 0.57616220E-2, 0.10304301, 0.64127147E-1, 0.44163671, 0.84546462E-1, 0.43777213E-2
0.16605958E-1, 0.11462558E-2, 0.18909324E-1, 0.57576946E-2, 0.11018482, 0.68613939E-1, 0.47379693, 0.90741172E-1, 0.46985103E-2
0.16703825E-1, 0.11461986E-2, 0.18767176E-1, 0.57537714E-2, 0.91279440E-1, 0.56874659E-1, 0.39372879, 0.75437821E-1, 0.39061403E-2
0.16905310E-1, 0.11461414E-2, 0.18626167E-1, 0.57498515E-2, 0.91379113E-1, 0.56966092E-1, 0.39522710, 0.75753808E-1, 0.39225258E-2
0.16899507E-1, 0.11460843E-2, 0.18486204E-1, 0.57459334E-2, 0.11629747, 0.72543837E-1, 0.50459117, 0.96758582E-1, 0.50101867E-2
0.16996443E-1, 0.11460270E-2, 0.18347139E-1, 0.57420144E-2, 0.12534179, 0.78242414E-1, 0.54591793, 0.10473885, 0.54234541E-2
0.17093681E-1, 0.11459700E-2, 0.18209048E-1, 0.57380968E-2, 0.10729279, 0.67023315E-1, 0.46904629, 0.90038620E-1, 0.46623051E-2
0.17201472E-1, 0.11459127E-2, 0.18072113E-1, 0.57341834E-2, 0.83906144E-1, 0.52443936E-1, 0.36788523, 0.70651650E-1, 0.36584509E-2
0.17291985E-1, 0.11458556E-2, 0.17936338E-1, 0.57302751E-2, 0.10257272, 0.64145602E-1, 0.45097190, 0.86646654E-1, 0.44867261E-2
0.17384537E-1, 0.11457982E-2, 0.17801480E-1, 0.57263682E-2, 0.11540951, 0.72220825E-1, 0.50913250, 0.97873576E-1, 0.50681173E-2
0.17481079E-1, 0.11457414E-2, 0.17667539E-1, 0.57224622E-2, 0.11577675, 0.72502263E-1, 0.51262504, 0.98602384E-1, 0.51059024E-2
0.17577501E-1, 0.11456842E-2, 0.17534534E-1, 0.57185567E-2, 0.80001086E-1, 0.50128754E-1, 0.35530359, 0.68377219E-1, 0.35407883E-2
0.17673766E-1, 0.11456269E-2, 0.17402634E-1, 0.57146554E-2, 0.76623984E-1, 0.48034165E-1, 0.34106639, 0.65664403E-1, 0.34003325E-2
0.17772594E-1, 0.11455697E-2, 0.17271731E-1, 0.57107564E-2, 0.80682792E-1, 0.50601207E-1, 0.35993251, 0.69325767E-1, 0.35899526E-2
0.17865803E-1, 0.11455126E-2, 0.17141778E-1, 0.57068635E-2, 0.79006150E-1, 0.49572695E-1, 0.35326579, 0.68071365E-1, 0.35250185E-2
0.17960269E-1, 0.11454554E-2, 0.17012825E-1, 0.57029705E-2, 0.70540249E-1, 0.44279657E-1, 0.31607398, 0.60930062E-1, 0.31552303E-2
0.18002842E-1, 0.11453982E-2, 0.16884839E-1, 0.56990790E-2, 0.68106592E-1, 0.42768568E-1, 0.30574420, 0.58961619E-1, 0.30533117E-2
0.17949298E-1, 0.11453411E-2, 0.16757773E-1, 0.56951870E-2, 0.64384997E-1, 0.40446427E-1, 0.28955102, 0.55859782E-1, 0.28927000E-2
0.17953496E-1, 0.11452838E-2, 0.16631592E-1, 0.56912964E-2, 0.63974038E-1, 0.40202457E-1, 0.28819063, 0.55617720E-1, 0.28801807E-2
0.18019743E-1, 0.11452268E-2, 0.16506290E-1, 0.56874044E-2, 0.63701577E-1, 0.40045351E-1, 0.28744715, 0.55494633E-1, 0.28738223E-2
0.17994629E-1, 0.11451695E-2, 0.16381921E-1, 0.56835152E-2, 0.39009430E-1, 0.24529608E-1, 0.17624973, 0.34037344E-1, 0.17626518E-2
0.17827589E-1, 0.11451124E-2, 0.16258806E-1, 0.56796363E-2, 0.54329820E-1, 0.34170970E-1, 0.24571958, 0.47466200E-1, 0.24580848E-2
0.17798103E-1, 0.11450551E-2, 0.16136637E-1, 0.56757610E-2, 0.56939051E-1, 0.35822734E-1, 0.25787973, 0.49831599E-1, 0.25805905E-2
0.17794462E-1, 0.11449982E-2, 0.16015567E-1, 0.56718914E-2, 0.71049929E-1, 0.44716280E-1, 0.32232687, 0.62308524E-1, 0.32267396E-2
0.17752621E-1, 0.11449410E-2, 0.15895301E-1, 0.56680241E-2, 0.62623233E-1, 0.39428025E-1, 0.28462064, 0.55041797E-1, 0.28504382E-2
0.17734630E-1, 0.11448837E-2, 0.15775751E-1, 0.56641577E-2, 0.65291338E-1, 0.41122690E-1, 0.29725173, 0.57506718E-1, 0.29781044E-2
0.17723832E-1, 0.11448265E-2, 0.15656980E-1, 0.56602946E-2, 0.59777055E-1, 0.37662968E-1, 0.27260107, 0.52758019E-1, 0.27321985E-2
0.17856309E-1, 0.11447694E-2, 0.15539019E-1, 0.56564333E-2, 0.55890780E-1, 0.35225734E-1, 0.25525972, 0.49419548E-1, 0.25593217E-2
0.18670810E-1, 0.11447122E-2, 0.15421879E-1, 0.56525716E-2, 0.51720377E-1, 0.32606818E-1, 0.23652647, 0.45808069E-1, 0.23723028E-2
0.20572938E-1, 0.11446550E-2, 0.15305557E-1, 0.56487098E-2, 0.47917761E-1, 0.30217497E-1, 0.21938924, 0.42502385E-1, 0.22011194E-2
0.23734709E-1, 0.11445979E-2, 0.15190067E-1, 0.56448490E-2, 0.44409234E-1, 0.28011790E-1, 0.20352480, 0.39440449E-1, 0.20425566E-2
0.27718313E-1, 0.11445406E-2, 0.15075387E-1, 0.56409882E-2, 0.47421500E-1, 0.29919095E-1, 0.21752279, 0.42165235E-1, 0.21836783E-2
0.19163800E-1, 0.11444836E-2, 0.14961785E-1, 0.56371321E-2, 0.47639530E-1, 0.30064473E-1, 0.21874119, 0.42414278E-1, 0.21965860E-2
0.17834816E-1, 0.11444263E-2, 0.14849380E-1, 0.56332867E-2, 0.42853348E-1, 0.27050352E-1, 0.19696622, 0.38203105E-1, 0.19785028E-2
0.17493960E-1, 0.11443692E-2, 0.14737875E-1, 0.56294408E-2, 0.44258356E-1, 0.27943417E-1, 0.20361823, 0.39504327E-1, 0.20458989E-2
0.17961340E-1, 0.11443119E-2, 0.14627079E-1, 0.56255944E-2, 0.36088604E-1, 0.22789782E-1, 0.16616903, 0.32247104E-1, 0.16700593E-2
0.18781567E-1, 0.11442550E-2, 0.14517001E-1, 0.56217485E-2, 0.35226189E-1, 0.22248780E-1, 0.16229974, 0.31503409E-1, 0.16315497E-2
0.19250710E-1, 0.11441978E-2, 0.14407764E-1, 0.56179110E-2, 0.37899602E-1, 0.23941407E-1, 0.17473288, 0.33924729E-1, 0.17569552E-2
0.22250313E-1, 0.11441405E-2, 0.14299269E-1, 0.56140795E-2, 0.35294037E-1, 0.22299357E-1, 0.16282289, 0.31619847E-1, 0.16375919E-2
0.26613645E-1, 0.11440833E-2, 0.14191477E-1, 0.56102485E-2, 0.36824778E-1, 0.23270590E-1, 0.16997883, 0.33017144E-1, 0.17099641E-2
0.31535245E-1, 0.11440262E-2, 0.14084399E-1, 0.56064175E-2, 0.30803990E-1, 0.19469181E-1, 0.14224476, 0.27636081E-1, 0.14312832E-2
0.36134951E-1, 0.11439690E-2, 0.13978059E-1, 0.56025870E-2, 0.33060767E-1, 0.20898851E-1, 0.15270215, 0.29673880E-1, 0.15368267E-2
0.24680372E-1, 0.11439119E-2, 0.13872706E-1, 0.55987588E-2, 0.29436626E-1, 0.18610790E-1, 0.13599196, 0.26432009E-1, 0.13689337E-2
0.17099272E-1, 0.11438547E-2, 0.13769558E-1, 0.55949511E-2, 0.49397528E-1, 0.31236861E-1, 0.22838961, 0.44402000E-1, 0.22996212E-2
0.17174548E-1, 0.11437974E-2, 0.13667613E-1, 0.55911555E-2, 0.72386697E-1, 0.45790758E-1, 0.33523816, 0.65200225E-1, 0.33768006E-2
0.17002717E-1, 0.11437404E-2, 0.13565617E-1, 0.55873515E-2, 0.87435864E-1, 0.55338889E-1, 0.40591699, 0.78987725E-1, 0.40909033E-2
0.16979026E-1, 0.11436831E-2, 0.13463952E-1, 0.55835424E-2, 0.87422311E-1, 0.55361934E-1, 0.40696281, 0.79237334E-1, 0.41038641E-2
0.17072210E-1, 0.11436261E-2, 0.13362910E-1, 0.55797342E-2, 0.90018377E-1, 0.57039075E-1, 0.42020816, 0.81865154E-1, 0.42400016E-2
0.16919428E-1, 0.11435687E-2, 0.13262592E-1, 0.55759279E-2, 0.75229190E-1, 0.47694109E-1, 0.35207972, 0.68631642E-1, 0.35546341E-2
0.16929895E-1, 0.11435119E-2, 0.13163080E-1, 0.55721272E-2, 0.73395841E-1, 0.46553902E-1, 0.34426075, 0.67142151E-1, 0.34775157E-2
0.16907101E-1, 0.11434546E-2, 0.13064403E-1, 0.55683283E-2, 0.65031372E-1, 0.41266665E-1, 0.30564868, 0.59640810E-1, 0.30890200E-2
0.17256504E-1, 0.11433973E-2, 0.12966746E-1, 0.55645350E-2, 0.66170722E-1, 0.42006962E-1, 0.31158760, 0.60828008E-1, 0.31505316E-2
0.17053844E-1, 0.11433453E-2, 0.12881550E-1, 0.55608982E-2, 0.59680343E-1, 0.37901651E-1, 0.28152743, 0.54984633E-1, 0.28478983E-2
0.18336345E-1, 0.11433245E-2, 0.12869748E-1, 0.55582263E-2, 0.47663931E-1, 0.30280109E-1, 0.22515768, 0.43992404E-1, 0.22785745E-2
0.19288858E-1, 0.11433114E-2, 0.12878827E-1, 0.55558155E-2, 0.42743236E-1, 0.27161045E-1, 0.20212212, 0.39504632E-1, 0.20461413E-2
0.20261979E-1, 0.11432997E-2, 0.12894170E-1, 0.55534728E-2, 0.39860874E-1, 0.25335234E-1, 0.18865626, 0.36883920E-1, 0.19104102E-2
0.19456444E-1, 0.11432890E-2, 0.12914948E-1, 0.55511883E-2, 0.38964637E-1, 0.24770828E-1, 0.18456042, 0.36093585E-1, 0.18694836E-2
0.17996430E-1, 0.11432782E-2, 0.12936788E-1, 0.55489102E-2, 0.38864665E-1, 0.24712401E-1, 0.18423426, 0.36040124E-1, 0.18667234E-2
0.18106055E-1, 0.11432670E-2, 0.12959680E-1, 0.55466401E-2, 0.35262305E-1, 0.22426117E-1, 0.16728094, 0.32732673E-1, 0.16954194E-2
0.18222738E-1, 0.11432542E-2, 0.12979738E-1, 0.55443291E-2, 0.31930514E-1, 0.20310523E-1, 0.15156637, 0.29665124E-1, 0.15365394E-2
0.18801067E-1, 0.11432397E-2, 0.12995549E-1, 0.55419649E-2, 0.27470846E-1, 0.17476179E-1, 0.13045546, 0.25538882E-1, 0.13228211E-2
0.20242246E-1, 0.11432221E-2, 0.13004378E-1, 0.55395113E-2, 0.17420599E-1, 0.11083375E-1, 0.82738727E-1, 0.16200250E-1, 0.83911628E-3
0.20523185E-1, 0.11432010E-2, 0.13002035E-1, 0.55369260E-2, 0.18970994E-1, 0.12070304E-1, 0.90097323E-1, 0.17643407E-1, 0.91386912E-3
0.20592274E-1, 0.11431839E-2, 0.13011550E-1, 0.55344887E-2, 0.28125828E-1, 0.17896498E-1, 0.13358992, 0.26164809E-1, 0.13552535E-2
0.23968855E-1, 0.11431745E-2, 0.13041753E-1, 0.55323062E-2, 0.29397164E-1, 0.18707866E-1, 0.13967358, 0.27362099E-1, 0.14172744E-2
0.28081562E-1, 0.11431650E-2, 0.13073032E-1, 0.55301329E-2, 0.28851090E-1, 0.18362843E-1, 0.13711552, 0.26866686E-1, 0.13916191E-2
0.30840680E-1, 0.11431590E-2, 0.13114925E-1, 0.55280901E-2, 0.30072965E-1, 0.19143282E-1, 0.14295606, 0.28017128E-1, 0.14512144E-2
0.33578940E-1, 0.11431568E-2, 0.13168044E-1, 0.55261883E-2, 0.25556911E-1, 0.16270738E-1, 0.12150369, 0.23817688E-1, 0.12336986E-2
0.36548901E-1, 0.11431563E-2, 0.13226374E-1, 0.55243536E-2, 0.23668781E-1, 0.15070338E-1, 0.11252009, 0.22060635E-1, 0.11426912E-2
0.39785117E-1, 0.11431577E-2, 0.13288989E-1, 0.55225766E-2, 0.23701642E-1, 0.15092842E-1, 0.11265722, 0.22091296E-1, 0.11442828E-2
0.41621082E-1, 0.11431590E-2, 0.13351772E-1, 0.55208062E-2, 0.23028860E-1, 0.14665989E-1, 0.10943673, 0.21463422E-1, 0.11117627E-2
0.42133037E-1, 0.11431595E-2, 0.13411500E-1, 0.55190027E-2, 0.23004752E-1, 0.14652160E-1, 0.10929666, 0.21439517E-1, 0.11105270E-2
0.43349054E-1, 0.11431578E-2, 0.13465346E-1, 0.55171344E-2, 0.21481384E-1, 0.13683240E-1, 0.10202909, 0.20017117E-1, 0.10368516E-2
0.44699114E-1, 0.11431540E-2, 0.13513668E-1, 0.55152010E-2, 0.19407393E-1, 0.12363204E-1, 0.92142791E-1, 0.18080173E-1, 0.93652308E-3
0.45764167E-1, 0.11431489E-2, 0.13557553E-1, 0.55132215E-2, 0.15988493E-1, 0.10185910E-1, 0.75872235E-1, 0.14889472E-1, 0.77125104E-3
0.46793621E-1, 0.11431418E-2, 0.13596471E-1, 0.55111847E-2, 0.16396815E-1, 0.10446588E-1, 0.77763766E-1, 0.15262412E-1, 0.79056981E-3
0.29913506E-1, 0.11431356E-2, 0.13635918E-1, 0.55091698E-2, 0.15943395E-1, 0.10158149E-1, 0.75571746E-1, 0.14833882E-1, 0.76837384E-3
0.20808227E-1, 0.11431270E-2, 0.13659749E-1, 0.55070063E-2, 0.18157853E-1, 0.11569442E-1, 0.86058095E-1, 0.16894216E-1, 0.87509840E-3
0.20853290E-1, 0.11431193E-2, 0.13680336E-1, 0.55048391E-2, 0.26069276E-1, 0.16611340E-1, 0.12356038, 0.24260025E-1, 0.12566411E-2
0.22796111E-1, 0.11431164E-2, 0.13696776E-1, 0.55027045E-2, 0.32646235E-1, 0.20804854E-1, 0.15479012, 0.30397868E-1, 0.15745780E-2
0.23598241E-1, 0.11431151E-2, 0.13705320E-1, 0.55005341E-2, 0.38878150E-1, 0.24780765E-1, 0.18444768, 0.36231000E-1, 0.18767349E-2
0.20791974E-1, 0.11431143E-2, 0.13707008E-1, 0.54983185E-2, 0.43103091E-1, 0.27479755E-1, 0.20466082, 0.40212840E-1, 0.20830007E-2
0.19611184E-1, 0.11431136E-2, 0.13709432E-1, 0.54961164E-2, 0.42903978E-1, 0.27359210E-1, 0.20390829, 0.40076934E-1, 0.20759713E-2
0.17588496E-1, 0.11431177E-2, 0.13720268E-1, 0.54940376E-2, 0.55795092E-1, 0.35589572E-1, 0.26549509, 0.52199211E-1, 0.27039170E-2
0.17466195E-1, 0.11431254E-2, 0.13739731E-1, 0.54920744E-2, 0.52177802E-1, 0.33292878E-1, 0.24864110, 0.48904084E-1, 0.25332449E-2
0.17478384E-1, 0.11431312E-2, 0.13758622E-1, 0.54900865E-2, 0.54998089E-1, 0.35103414E-1, 0.26245093, 0.51639717E-1, 0.26749687E-2
0.17333858E-1, 0.11431386E-2, 0.13785267E-1, 0.54881806E-2, 0.53904161E-1, 0.34416292E-1, 0.25760588, 0.50706051E-1, 0.26266188E-2
0.17465450E-1, 0.11431453E-2, 0.13815599E-1, 0.54862988E-2, 0.50541747E-1, 0.32279324E-1, 0.24186724, 0.47625966E-1, 0.24670819E-2
0.16448379E-1, 0.11431489E-2, 0.13842684E-1, 0.54843472E-2, 0.42738788E-1, 0.27303023E-1, 0.20476660, 0.40334202E-1, 0.20893691E-2
0.16508585E-1, 0.11431490E-2, 0.13865804E-1, 0.54823253E-2, 0.44490635E-1, 0.28428791E-1, 0.21337917, 0.42043928E-1, 0.21779453E-2
0.16583454E-1, 0.11431485E-2, 0.13890910E-1, 0.54803197E-2, 0.37992399E-1, 0.24281764E-1, 0.18238333, 0.35947416E-1, 0.18621440E-2
0.16587999E-1, 0.11431475E-2, 0.13915012E-1, 0.54782922E-2, 0.35854388E-1, 0.22919443E-1, 0.17225011, 0.33959337E-1, 0.17591645E-2
0.16781446E-1, 0.11431490E-2, 0.13946923E-1, 0.54763635E-2, 0.40200584E-1, 0.25702491E-1, 0.19328161, 0.38116273E-1, 0.19745096E-2
0.16573872E-1, 0.11431519E-2, 0.13983114E-1, 0.54744859E-2, 0.36175512E-1, 0.23133449E-1, 0.17407010, 0.34337319E-1, 0.17787587E-2
0.16655039E-1, 0.11431504E-2, 0.14012126E-1, 0.54725036E-2, 0.35813466E-1, 0.22905830E-1, 0.17245001, 0.34026723E-1, 0.17626755E-2
0.16798191E-1, 0.11431477E-2, 0.14039294E-1, 0.54704901E-2, 0.29354876E-1, 0.18777762E-1, 0.14143343, 0.27913509E-1, 0.14459998E-2
0.16454794E-1, 0.11431451E-2, 0.14060382E-1, 0.54684379E-2, 0.41924052E-1, 0.26822304E-1, 0.20212363, 0.39901860E-1, 0.20670381E-2
0.17106200E-1, 0.11431457E-2, 0.14064534E-1, 0.54663019E-2, 0.47814697E-1, 0.30598728E-1, 0.23078379, 0.45574911E-1, 0.23609311E-2
0.19118180E-1, 0.11431442E-2, 0.14062239E-1, 0.54640914E-2, 0.42959508E-1, 0.27498558E-1, 0.20757340, 0.41005258E-1, 0.21242185E-2
0.19032875E-1, 0.11431440E-2, 0.14062412E-1, 0.54619196E-2, 0.43875892E-1, 0.28091738E-1, 0.21220876, 0.41934557E-1, 0.21723711E-2
0.18945837E-1, 0.11431446E-2, 0.14064017E-1, 0.54597687E-2, 0.43485962E-1, 0.27848680E-1, 0.21053043, 0.41616555E-1, 0.21559082E-2
0.16870039E-1, 0.11431464E-2, 0.14067973E-1, 0.54576551E-2, 0.49508683E-1, 0.31713806E-1, 0.23995569, 0.47449734E-1, 0.24581046E-2
0.15846016E-1, 0.11431542E-2, 0.14083429E-1, 0.54557095E-2, 0.60333934E-1, 0.38660660E-1, 0.29285967, 0.57935070E-1, 0.30013099E-2
0.15693896E-1, 0.11431656E-2, 0.14108133E-1, 0.54538841E-2, 0.57815034E-1, 0.37060011E-1, 0.28110999, 0.55635829E-1, 0.28822180E-2
0.21770854E-1, 0.11431724E-2, 0.14125981E-1, 0.54519447E-2, 0.37984710E-1, 0.24355307E-1, 0.18491371, 0.36610760E-1, 0.18966340E-2
0.36997434E-1, 0.11431758E-2, 0.14138748E-1, 0.54499237E-2, 0.26000058E-1, 0.16673466E-1, 0.12661137, 0.25073815E-1, 0.12989631E-2
0.42693157E-1, 0.11431800E-2, 0.14155207E-1, 0.54479442E-2, 0.23509838E-1, 0.15078099E-1, 0.11446207, 0.22672120E-1, 0.11745451E-2
0.30970002E-1, 0.11431837E-2, 0.14172824E-1, 0.54459721E-2, 0.28300947E-1, 0.18152865E-1, 0.13777994, 0.27296193E-1, 0.14141031E-2
0.24885343E-1, 0.11431837E-2, 0.14185148E-1, 0.54439134E-2, 0.29299349E-1, 0.18795595E-1, 0.14267425, 0.28272053E-1, 0.14646630E-2
0.32960989E-1, 0.11431827E-2, 0.14198233E-1, 0.54418538E-2, 0.23348130E-1, 0.14979458E-1, 0.11370563, 0.22536229E-1, 0.11675160E-2
0.36858603E-1, 0.11431850E-2, 0.14219060E-1, 0.54398882E-2, 0.20331725E-1, 0.13045178E-1, 0.98994374E-1, 0.19623749E-1, 0.10166344E-2
0.30829636E-1, 0.11431847E-2, 0.14236759E-1, 0.54378705E-2, 0.22778912E-1, 0.14616334E-1, 0.11088618, 0.21984624E-1, 0.11389457E-2
0.26489262E-1, 0.11431830E-2, 0.14254256E-1, 0.54358384E-2, 0.24023511E-1, 0.15416168E-1, 0.11694342, 0.23189625E-1, 0.12013766E-2
0.25130114E-1, 0.11431800E-2, 0.14271206E-1, 0.54337857E-2, 0.22910863E-1, 0.14703303E-1, 0.11153153, 0.22120357E-1, 0.11459847E-2
0.25739020E-1, 0.11431760E-2, 0.14288672E-1, 0.54317294E-2, 0.20560125E-1, 0.13195506E-1, 0.10008433, 0.19853238E-1, 0.10285354E-2
0.28668839E-1, 0.11431696E-2, 0.14301791E-1, 0.54296083E-2, 0.16054636E-1, 0.10304254E-1, 0.78136697E-1, 0.15501717E-1, 0.80309866E-3
0.29571151E-1, 0.11431616E-2, 0.14312676E-1, 0.54274504E-2, 0.16421149E-1, 0.10539696E-1, 0.79894245E-1, 0.15852291E-1, 0.82126306E-3
0.33974793E-1, 0.11431559E-2, 0.14330743E-1, 0.54253801E-2, 0.13777559E-1, 0.88430718E-2, 0.67004234E-1, 0.13296186E-1, 0.68884023E-3
0.31220753E-1, 0.11431501E-2, 0.14349998E-1, 0.54233200E-2, 0.15420815E-1, 0.98978747E-2, 0.74960917E-1, 0.14876673E-1, 0.77072292E-3
0.34946736E-1, 0.11431463E-2, 0.14374745E-1, 0.54213274E-2, 0.13992608E-1, 0.89812670E-2, 0.67986399E-1, 0.13493951E-1, 0.69908949E-3
0.31456169E-1, 0.11431461E-2, 0.14401798E-1, 0.54194080E-2, 0.20344727E-1, 0.13058796E-1, 0.98813176E-1, 0.19614860E-1, 0.10162019E-2
0.33656329E-1, 0.11431507E-2, 0.14425260E-1, 0.54175248E-2, 0.21880949E-1, 0.14045780E-1, 0.10625657, 0.21095606E-1, 0.10929186E-2
0.38207069E-1, 0.11431511E-2, 0.14439089E-1, 0.54155239E-2, 0.18985827E-1, 0.12188082E-1, 0.92170693E-1, 0.18301746E-1, 0.94817736E-3
0.38820073E-1, 0.11431525E-2, 0.14457245E-1, 0.54135597E-2, 0.17997740E-1, 0.11554318E-1, 0.87338060E-1, 0.17344438E-1, 0.89858362E-3
0.33066638E-1, 0.11431533E-2, 0.14479528E-1, 0.54116314E-2, 0.18431319E-1, 0.11833156E-1, 0.89409076E-1, 0.17758004E-1, 0.92001219E-3
0.25530318E-1, 0.11431531E-2, 0.14501076E-1, 0.54096789E-2, 0.19574072E-1, 0.12567336E-1, 0.94934829E-1, 0.18858002E-1, 0.97700418E-3
0.30060129E-1, 0.11431513E-2, 0.14522715E-1, 0.54077138E-2, 0.16638137E-1, 0.10682681E-1, 0.80674380E-1, 0.16027320E-1, 0.83035260E-3
0.29055415E-1, 0.11431506E-2, 0.14549578E-1, 0.54058055E-2, 0.15943706E-1, 0.10236997E-1, 0.77283263E-1, 0.15355364E-1, 0.79554116E-3
0.30304689E-1, 0.11431505E-2, 0.14580237E-1, 0.54039308E-2, 0.14555621E-1, 0.93458407E-2, 0.70527367E-1, 0.14014534E-1, 0.72607555E-3
0.32159507E-1, 0.11431490E-2, 0.14610033E-1, 0.54020351E-2, 0.13239130E-1, 0.85005490E-2, 0.64118207E-1, 0.12742195E-1, 0.66015794E-3
0.32280244E-1, 0.11431475E-2, 0.14642103E-1, 0.54001589E-2, 0.12955588E-1, 0.83184429E-2, 0.62712640E-1, 0.12463993E-1, 0.64574502E-3
0.29944934E-1, 0.11431449E-2, 0.14674573E-1, 0.53982846E-2, 0.12476963E-1, 0.80110421E-2, 0.60365733E-1, 0.11998598E-1, 0.62163407E-3
0.28389120E-1, 0.11431404E-2, 0.14702212E-1, 0.53963428E-2, 0.12322711E-1, 0.79118814E-2, 0.59591878E-1, 0.11845786E-1, 0.61371730E-3
0.29789619E-1, 0.11431358E-2, 0.14732146E-1, 0.53944266E-2, 0.11584030E-1, 0.74374569E-2, 0.55990357E-1, 0.11130770E-1, 0.57667360E-3
0.34575414E-1, 0.11431340E-2, 0.14768532E-1, 0.53925938E-2, 0.10127019E-1, 0.65018237E-2, 0.48917577E-1, 0.97254217E-2, 0.50386437E-3
0.35784647E-1, 0.11431312E-2, 0.14803321E-1, 0.53907391E-2, 0.99132955E-2, 0.63644187E-2, 0.47851346E-1, 0.95140776E-2, 0.49291510E-3
0.33789769E-1, 0.11431301E-2, 0.14843723E-1, 0.53889547E-2, 0.96707232E-2, 0.62084841E-2, 0.46648044E-1, 0.92754262E-2, 0.48055101E-3
0.26458051E-1, 0.11431319E-2, 0.14891475E-1, 0.53872643E-2, 0.11412216E-1, 0.73262737E-2, 0.55017851E-1, 0.10940418E-1, 0.56681311E-3
0.28672257E-1, 0.11431313E-2, 0.14933811E-1, 0.53855064E-2, 0.11220765E-1, 0.72031617E-2, 0.54067232E-1, 0.10752170E-1, 0.55706053E-3
0.29355172E-1, 0.11431352E-2, 0.14989718E-1, 0.53839204E-2, 0.11051630E-1, 0.70943758E-2, 0.53223729E-1, 0.10585184E-1, 0.54840941E-3
0.27212961E-1, 0.11431439E-2, 0.15058590E-1, 0.53824964E-2, 0.13452698E-1, 0.86355014E-2, 0.64755484E-1, 0.12879625E-1, 0.66728308E-3
0.27030542E-1, 0.11431535E-2, 0.15130050E-1, 0.53811073E-2, 0.13666548E-1, 0.87726610E-2, 0.65758370E-1, 0.13080209E-1, 0.67767582E-3
0.29391682E-1, 0.11431606E-2, 0.15194965E-1, 0.53796363E-2, 0.12242094E-1, 0.78581618E-2, 0.58877211E-1, 0.11712416E-1, 0.60681190E-3
0.31813622E-1, 0.11431628E-2, 0.15247140E-1, 0.53780144E-2, 0.99292193E-2, 0.63733640E-2, 0.47728140E-1, 0.94952015E-2, 0.49194001E-3
0.31702090E-1, 0.11431593E-2, 0.15283469E-1, 0.53762021E-2, 0.99192280E-2, 0.63666864E-2, 0.47646318E-1, 0.94795097E-2, 0.49112702E-3
0.23548599E-1, 0.11431576E-2, 0.15315899E-1, 0.53743855E-2, 0.15341976E-1, 0.98470710E-2, 0.73662840E-1, 0.14656766E-1, 0.75935799E-3
0.23302626E-1, 0.11431649E-2, 0.15350018E-1, 0.53727073E-2, 0.28424505E-1, 0.18244764E-1, 0.13647518, 0.27158132E-1, 0.14070497E-2
0.20683939E-1, 0.11431775E-2, 0.15368080E-1, 0.53709787E-2, 0.33843536E-1, 0.21725828E-1, 0.16256963, 0.32356940E-1, 0.16764018E-2
0.16109636E-1, 0.11431937E-2, 0.15391939E-1, 0.53693508E-2, 0.42560764E-1, 0.27326614E-1, 0.20460550, 0.40732894E-1, 0.21103655E-2
0.15467578E-1, 0.11432192E-2, 0.15436064E-1, 0.53680032E-2, 0.47517005E-1, 0.30515786E-1, 0.22868983, 0.45540038E-1, 0.23594331E-2
0.27962215E-1, 0.11432426E-2, 0.15478559E-1, 0.53666132E-2, 0.28668655E-1, 0.18414626E-1, 0.13808495, 0.27503971E-1, 0.14249883E-2
0.45768470E-1, 0.11432451E-2, 0.15481973E-1, 0.53646564E-2, 0.18843796E-1, 0.12104818E-1, 0.90748362E-1, 0.18078044E-1, 0.93663106E-3
0.44619925E-1, 0.11432548E-2, 0.15502238E-1, 0.53629237E-2, 0.18269965E-1, 0.11736707E-1, 0.87939970E-1, 0.17520539E-1, 0.90774894E-3
0.38157023E-1, 0.11432742E-2, 0.15546400E-1, 0.53615095E-2, 0.25130803E-1, 0.16145132E-1, 0.12092160, 0.24094651E-1, 0.12483605E-2
0.34512553E-1, 0.11432923E-2, 0.15592531E-1, 0.53600878E-2, 0.23857731E-1, 0.15328498E-1, 0.11478075, 0.22874365E-1, 0.11851408E-2
0.28478110E-1, 0.11433064E-2, 0.15638506E-1, 0.53586196E-2, 0.23806445E-1, 0.15296618E-1, 0.11453061, 0.22827733E-1, 0.11827287E-2
0.22854947E-1, 0.11433183E-2, 0.15685212E-1, 0.53571276E-2, 0.23519551E-1, 0.15113257E-1, 0.11315924, 0.22557564E-1, 0.11687347E-2
0.19562943E-1, 0.11433333E-2, 0.15745435E-1, 0.53557861E-2, 0.27068654E-1, 0.17395040E-1, 0.13025890, 0.25970113E-1, 0.13455471E-2
0.19237330E-1, 0.11433479E-2, 0.15809018E-1, 0.53544668E-2, 0.21382492E-1, 0.13741804E-1, 0.10291588, 0.20521602E-1, 0.10632557E-2
0.28681217E-1, 0.11433567E-2, 0.15861304E-1, 0.53529884E-2, 0.15943768E-1, 0.10246711E-1, 0.76727599E-1, 0.15301310E-1, 0.79278590E-3
0.39445009E-1, 0.11433557E-2, 0.15890408E-1, 0.53512086E-2, 0.10021579E-1, 0.64405459E-2, 0.48200686E-1, 0.96131088E-2, 0.49807131E-3
0.32975730E-1, 0.11433567E-2, 0.15926782E-1, 0.53495131E-2, 0.12709210E-1, 0.81675490E-2, 0.61086562E-1, 0.12183857E-1, 0.63126656E-3
0.30997852E-1, 0.11433617E-2, 0.15974635E-1, 0.53479597E-2, 0.11582917E-1, 0.74435421E-2, 0.55643056E-1, 0.11098920E-1, 0.57505473E-3
0.36511227E-1, 0.11433632E-2, 0.16013615E-1, 0.53462950E-2, 0.11952285E-1, 0.76806545E-2, 0.57378937E-1, 0.11445934E-1, 0.59303432E-3
0.39719481E-1, 0.11433606E-2, 0.16043082E-1, 0.53445115E-2, 0.11392690E-1, 0.73208618E-2, 0.54653943E-1, 0.10903074E-1, 0.56490820E-3
0.38161449E-1, 0.11433552E-2, 0.16066497E-1, 0.53426484E-2, 0.12132817E-1, 0.77962582E-2, 0.58162734E-1, 0.11603815E-1, 0.60121540E-3
0.30322762E-1, 0.11433607E-2, 0.16121777E-1, 0.53411755E-2, 0.13644612E-1, 0.87675285E-2, 0.65376095E-1, 0.13043854E-1, 0.67582703E-3
0.27357535E-1, 0.11433766E-2, 0.16206656E-1, 0.53400635E-2, 0.15044086E-1, 0.96666329E-2, 0.72052307E-1, 0.14377030E-1, 0.74490212E-3
0.27442807E-1, 0.11433925E-2, 0.16292626E-1, 0.53389687E-2, 0.15853208E-1, 0.10186437E-1, 0.75900756E-1, 0.15146205E-1, 0.78475545E-3
0.29386563E-1, 0.11434098E-2, 0.16381744E-1, 0.53379205E-2, 0.12270326E-1, 0.78841448E-2, 0.58724467E-1, 0.11719536E-1, 0.60721330E-3
0.23215178E-1, 0.11434256E-2, 0.16465127E-1, 0.53368174E-2, 0.12354784E-1, 0.79381103E-2, 0.59099391E-1, 0.11795140E-1, 0.61113114E-3
0.22085013E-1, 0.11434300E-2, 0.16507929E-1, 0.53352583E-2, 0.14086805E-1, 0.90506226E-2, 0.67361169E-1, 0.13444982E-1, 0.69661357E-3
0.21371592E-1, 0.11434352E-2, 0.16547306E-1, 0.53336923E-2, 0.16076779E-1, 0.10328989E-1, 0.76859020E-1, 0.15341913E-1, 0.79489930E-3
0.17094696E-1, 0.11434397E-2, 0.16584773E-1, 0.53321025E-2, 0.18672083E-1, 0.11996345E-1, 0.89255311E-1, 0.17817944E-1, 0.92319038E-3
0.16616266E-1, 0.11434454E-2, 0.16627047E-1, 0.53305700E-2, 0.17759677E-1, 0.11410145E-1, 0.84890872E-1, 0.16948264E-1, 0.87813288E-3
0.16122822E-1, 0.11434526E-2, 0.16674867E-1, 0.53291018E-2, 0.20437034E-1, 0.13130313E-1, 0.97687602E-1, 0.19505007E-1, 0.10106066E-2
0.16319964E-1, 0.11434617E-2, 0.16729338E-1, 0.53277123E-2, 0.16857781E-1, 0.10830775E-1, 0.80580264E-1, 0.16090779E-1, 0.83370862E-3
0.16774222E-1, 0.11434669E-2, 0.16774876E-1, 0.53262101E-2, 0.18224146E-1, 0.11708514E-1, 0.87104566E-1, 0.17395139E-1, 0.90129342E-3
0.16597737E-1, 0.11434754E-2, 0.16829843E-1, 0.53248247E-2, 0.17516593E-1, 0.11253875E-1, 0.83718948E-1, 0.16720532E-1, 0.86634222E-3
0.17875046E-1, 0.11434853E-2, 0.16889783E-1, 0.53234985E-2, 0.16736496E-1, 0.10752571E-1, 0.79983592E-1, 0.15975881E-1, 0.82776154E-3
0.30306300E-1, 0.11434950E-2, 0.16949395E-1, 0.53221709E-2, 0.11417884E-1, 0.73353429E-2, 0.54546259E-1, 0.10895821E-1, 0.56454819E-3
0.36154181E-1, 0.11435025E-2, 0.17003743E-1, 0.53207804E-2, 0.11886502E-1, 0.76360744E-2, 0.56748603E-1, 0.11336410E-1, 0.58737671E-3
0.39601237E-1, 0.11435038E-2, 0.17042341E-1, 0.53191935E-2, 0.11758132E-1, 0.75533390E-2, 0.56095220E-1, 0.11206549E-1, 0.58064843E-3
0.36879193E-1, 0.11434851E-2, 0.17025063E-1, 0.53169210E-2, 0.12873283E-1, 0.82694665E-2, 0.61376117E-1, 0.12262294E-1, 0.63535065E-3
0.36458950E-1, 0.11434439E-2, 0.16944211E-1, 0.53138686E-2, 0.15664477E-1, 0.10062267E-1, 0.74638523E-1, 0.14913007E-1, 0.77269366E-3
0.34534764E-1, 0.11434058E-2, 0.16873598E-1, 0.53109364E-2, 0.16251964E-1, 0.10439641E-1, 0.77403806E-1, 0.15466712E-1, 0.80138381E-3
0.38132843E-1, 0.11433660E-2, 0.16798144E-1, 0.53079403E-2, 0.15260264E-1, 0.98025892E-2, 0.72644889E-1, 0.14516889E-1, 0.75217092E-3
0.41300140E-1, 0.11433247E-2, 0.16718335E-1, 0.53048851E-2, 0.13954704E-1, 0.89639006E-2, 0.66391379E-1, 0.13268146E-1, 0.68746973E-3
0.46016179E-1, 0.11432824E-2, 0.16637944E-1, 0.53018169E-2, 0.13323299E-1, 0.85582212E-2, 0.63341625E-1, 0.12659471E-1, 0.65593258E-3
0.47192279E-1, 0.11432418E-2, 0.16562013E-1, 0.52987975E-2, 0.13497140E-1, 0.86698234E-2, 0.64119428E-1, 0.12815716E-1, 0.66402869E-3
0.46109807E-1, 0.11432010E-2, 0.16486587E-1, 0.52957796E-2, 0.13868377E-1, 0.89082466E-2, 0.65834887E-1, 0.13159411E-1, 0.68183721E-3
0.50752129E-1, 0.11431586E-2, 0.16407376E-1, 0.52927108E-2, 0.11602358E-1, 0.74526183E-2, 0.55032715E-1, 0.11000855E-1, 0.56999491E-3
0.52762661E-1, 0.11431155E-2, 0.16326636E-1, 0.52896175E-2, 0.10844076E-1, 0.69654286E-2, 0.51388163E-1, 0.10272831E-1, 0.53227361E-3
0.53254031E-1, 0.11430733E-2, 0.16248932E-1, 0.52865576E-2, 0.11418498E-1, 0.73342780E-2, 0.54057684E-1, 0.10807008E-1, 0.55995176E-3
0.51110167E-1, 0.11430312E-2, 0.16171167E-1, 0.52834898E-2, 0.13884383E-1, 0.89180972E-2, 0.65673515E-1, 0.13129902E-1, 0.68031013E-3
0.49781699E-1, 0.11429890E-2, 0.16094049E-1, 0.52804248E-2, 0.15012626E-1, 0.96428674E-2, 0.70956305E-1, 0.14186932E-1, 0.73507935E-3
0.47048766E-1, 0.11429457E-2, 0.16014656E-1, 0.52773277E-2, 0.15046095E-1, 0.96644880E-2, 0.71066976E-1, 0.14209948E-1, 0.73627260E-3
0.49546733E-1, 0.11429017E-2, 0.15934465E-1, 0.52742152E-2, 0.13898815E-1, 0.89276526E-2, 0.65600716E-1, 0.13117744E-1, 0.67968172E-3
0.48251830E-1, 0.11428582E-2, 0.15856074E-1, 0.52711186E-2, 0.15253361E-1, 0.97978301E-2, 0.71944207E-1, 0.14387056E-1, 0.74545020E-3
0.51213339E-1, 0.11428153E-2, 0.15779093E-1, 0.52680341E-2, 0.15512293E-1, 0.99643320E-2, 0.73112503E-1, 0.14621572E-1, 0.75760204E-3
0.52316345E-1, 0.11427712E-2, 0.15699690E-1, 0.52649160E-2, 0.15490013E-1, 0.99502495E-2, 0.72954379E-1, 0.14590833E-1, 0.75601001E-3
0.53181347E-1, 0.11427262E-2, 0.15619431E-1, 0.52617821E-2, 0.14295330E-1, 0.91830222E-2, 0.67277335E-1, 0.13456207E-1, 0.69722114E-3
0.52162305E-1, 0.11426810E-2, 0.15538280E-1, 0.52586310E-2, 0.12903754E-1, 0.82892030E-2, 0.60680527E-1, 0.12137406E-1, 0.62888901E-3
0.50249398E-1, 0.11426354E-2, 0.15456048E-1, 0.52554626E-2, 0.18357592E-1, 0.11792946E-1, 0.86266667E-1, 0.17256169E-1, 0.89411385E-3
0.50749443E-1, 0.11425897E-2, 0.15375258E-1, 0.52523059E-2, 0.16230440E-1, 0.10426887E-1, 0.76225474E-1, 0.15248578E-1, 0.79009304E-3
0.52699056E-1, 0.11425427E-2, 0.15289968E-1, 0.52490896E-2, 0.10626624E-1, 0.68269321E-2, 0.49868956E-1, 0.99765640E-2, 0.51692821E-3
0.51933091E-1, 0.11424936E-2, 0.15199486E-1, 0.52458029E-2, 0.11269936E-1, 0.72401627E-2, 0.52840345E-1, 0.10571419E-1, 0.54775045E-3
0.53741131E-1, 0.11424435E-2, 0.15106948E-1, 0.52424879E-2, 0.97516673E-2, 0.62647182E-2, 0.45679193E-1, 0.91390759E-2, 0.47353469E-3
0.54596569E-1, 0.11423932E-2, 0.15015407E-1, 0.52391770E-2, 0.12026567E-1, 0.77261203E-2, 0.56281153E-1, 0.11260631E-1, 0.58346201E-3
0.52994318E-1, 0.11423450E-2, 0.14929377E-1, 0.52359276E-2, 0.12229347E-1, 0.78564379E-2, 0.57180982E-1, 0.11441130E-1, 0.59281487E-3
0.53309970E-1, 0.11422957E-2, 0.14842304E-1, 0.52326592E-2, 0.14887429E-1, 0.95641976E-2, 0.69551371E-1, 0.13916890E-1, 0.72109513E-3
0.52739706E-1, 0.11422463E-2, 0.14754871E-1, 0.52293804E-2, 0.15924711E-1, 0.10230917E-1, 0.74345283E-1, 0.14876862E-1, 0.77083625E-3
0.52086614E-1, 0.11421971E-2, 0.14668516E-1, 0.52261096E-2, 0.15749704E-1, 0.10118848E-1, 0.73478438E-1, 0.14704140E-1, 0.76188729E-3
0.52034117E-1, 0.11421499E-2, 0.14589053E-1, 0.52229152E-2, 0.11427323E-1, 0.73419730E-2, 0.53273875E-1, 0.10661365E-1, 0.55241329E-3
0.51356226E-1, 0.11421050E-2, 0.14516607E-1, 0.52198018E-2, 0.12235923E-1, 0.78615369E-2, 0.56996830E-1, 0.11406825E-1, 0.59103919E-3
0.50715182E-1, 0.11420597E-2, 0.14444555E-1, 0.52166879E-2, 0.12237457E-1, 0.78625800E-2, 0.56957573E-1, 0.11399389E-1, 0.59065392E-3
0.49827870E-1, 0.11420149E-2, 0.14373426E-1, 0.52135810E-2, 0.16522329E-1, 0.10615858E-1, 0.76846391E-1, 0.15380542E-1, 0.79693587E-3
0.49715210E-1, 0.11419695E-2, 0.14301519E-1, 0.52104611E-2, 0.19821163E-1, 0.12736104E-1, 0.92142120E-1, 0.18442884E-1, 0.95561036E-3
0.49651142E-1, 0.11419231E-2, 0.14227121E-1, 0.52073053E-2, 0.12762294E-1, 0.82007945E-2, 0.59295088E-1, 0.11868881E-1, 0.61498157E-3
0.29665317E-1, 0.11418870E-2, 0.14181025E-1, 0.52044960E-2, 0.23686104E-1, 0.15220734E-1, 0.10998782, 0.22016950E-1, 0.11408004E-2
0.21337962E-1, 0.11418854E-2, 0.14201081E-1, 0.52026520E-2, 0.34434546E-1, 0.22130506E-1, 0.15999259, 0.32029282E-1, 0.16595894E-2
0.24568938E-1, 0.11418845E-2, 0.14203563E-1, 0.52006906E-2, 0.31257998E-1, 0.20091953E-1, 0.14532503, 0.29095620E-1, 0.15075862E-2
0.23259118E-1, 0.11418784E-2, 0.14196337E-1, 0.51985900E-2, 0.31825285E-1, 0.20459373E-1, 0.14804168, 0.29642088E-1, 0.15359056E-2
0.21121124E-1, 0.11418732E-2, 0.14190827E-1, 0.51965122E-2, 0.33880830E-1, 0.21783955E-1, 0.15770259, 0.31579319E-1, 0.16362874E-2
0.19166134E-1, 0.11418683E-2, 0.14185681E-1, 0.51944423E-2, 0.35471205E-1, 0.22810096E-1, 0.16522865, 0.33089567E-1, 0.17145455E-2
0.18723188E-1, 0.11418632E-2, 0.14180004E-1, 0.51923664E-2, 0.35987314E-1, 0.23145789E-1, 0.16776899, 0.33601690E-1, 0.17410860E-2
0.17013596E-1, 0.11418597E-2, 0.14178074E-1, 0.51903455E-2, 0.39319254E-1, 0.25293268E-1, 0.18346925, 0.36750130E-1, 0.19042284E-2
0.14399816E-1, 0.11418576E-2, 0.14179170E-1, 0.51883678E-2, 0.43844394E-1, 0.28210040E-1, 0.20481597, 0.41030899E-1, 0.21260446E-2
0.13961094E-1, 0.11418579E-2, 0.14184363E-1, 0.51864521E-2, 0.47071215E-1, 0.30293396E-1, 0.22018206, 0.44114992E-1, 0.22858563E-2
0.13014510E-1, 0.11418673E-2, 0.14207245E-1, 0.51847897E-2, 0.58706023E-1, 0.37792251E-1, 0.27506328, 0.55119380E-1, 0.28560685E-2
0.12612836E-1, 0.11418822E-2, 0.14242707E-1, 0.51833019E-2, 0.58893908E-1, 0.37926275E-1, 0.27648595, 0.55414334E-1, 0.28713632E-2
0.13195872E-1, 0.11418960E-2, 0.14277219E-1, 0.51817996E-2, 0.57905622E-1, 0.37302636E-1, 0.27237770, 0.54600839E-1, 0.28292248E-2
0.16410507E-1, 0.11419095E-2, 0.14308543E-1, 0.51802634E-2, 0.56658454E-1, 0.36511235E-1, 0.26699397, 0.53531427E-1, 0.27738244E-2
0.15495655E-1, 0.11419188E-2, 0.14335529E-1, 0.51786471E-2, 0.38546249E-1, 0.24846142E-1, 0.18190706, 0.36477480E-1, 0.18901511E-2
0.17523929E-1, 0.11419191E-2, 0.14347403E-1, 0.51767938E-2, 0.36805421E-1, 0.23728220E-1, 0.17385288, 0.34866694E-1, 0.18066905E-2
0.15933685E-1, 0.11419224E-2, 0.14365766E-1, 0.51750322E-2, 0.39046425E-1, 0.25177490E-1, 0.18461236, 0.37029188E-1, 0.19187499E-2
0.13353251E-1, 0.11419287E-2, 0.14389745E-1, 0.51733558E-2, 0.46028111E-1, 0.29685702E-1, 0.21788201, 0.43708540E-1, 0.22648624E-2
0.13026075E-1, 0.11419401E-2, 0.14428177E-1, 0.51718620E-2, 0.52944545E-1, 0.34155495E-1, 0.25099897, 0.50360404E-1, 0.26095542E-2
0.12753826E-1, 0.11419520E-2, 0.14472036E-1, 0.51704147E-2, 0.41146688E-1, 0.26551235E-1, 0.19535162, 0.39201740E-1, 0.20313468E-2
0.12894298E-1, 0.11419607E-2, 0.14512969E-1, 0.51689078E-2, 0.41230801E-1, 0.26610896E-1, 0.19597809, 0.39333105E-1, 0.20381601E-2
0.12715888E-1, 0.11419738E-2, 0.14567251E-1, 0.51675625E-2, 0.47766700E-1, 0.30836172E-1, 0.22733755, 0.45634121E-1, 0.23646739E-2
0.13233378E-1, 0.11419969E-2, 0.14652520E-1, 0.51665930E-2, 0.55829328E-1, 0.36051117E-1, 0.26613146, 0.53431116E-1, 0.27687117E-2
0.12842144E-1, 0.11420243E-2, 0.14755999E-1, 0.51658214E-2, 0.46895832E-1, 0.30291127E-1, 0.22391281, 0.44963382E-1, 0.23299386E-2
0.12487927E-1, 0.11420377E-2, 0.14829306E-1, 0.51646358E-2, 0.27725125E-1, 0.17911503E-1, 0.13251647, 0.26614049E-1, 0.13791074E-2
0.12637015E-1, 0.11420423E-2, 0.14871893E-1, 0.51631099E-2, 0.44864200E-1, 0.28988130E-1, 0.21461736, 0.43108586E-1, 0.22338417E-2
0.12664665E-1, 0.11420562E-2, 0.14901997E-1, 0.51616197E-2, 0.64528249E-1, 0.41706864E-1, 0.30924091, 0.62127639E-1, 0.32194045E-2
0.12654835E-1, 0.11420690E-2, 0.14927080E-1, 0.51600807E-2, 0.54522790E-1, 0.35252422E-1, 0.26181605, 0.52611981E-1, 0.27263260E-2
0.12732477E-1, 0.11420791E-2, 0.14946006E-1, 0.51584640E-2, 0.54322015E-1, 0.35133414E-1, 0.26130912, 0.52521367E-1, 0.27216445E-2
0.12539828E-1, 0.11420941E-2, 0.14974783E-1, 0.51569855E-2, 0.61529331E-1, 0.39808117E-1, 0.29654124, 0.59616543E-1, 0.30893325E-2
0.12736495E-1, 0.11421099E-2, 0.15006529E-1, 0.51555433E-2, 0.53129382E-1, 0.34385040E-1, 0.25654474, 0.51587787E-1, 0.26732965E-2
0.16208623E-1, 0.11421186E-2, 0.15023418E-1, 0.51539028E-2, 0.45813408E-1, 0.29658195E-1, 0.22155078, 0.44560138E-1, 0.23091317E-2
0.16543536E-1, 0.11421305E-2, 0.15048762E-1, 0.51523661E-2, 0.55924814E-1, 0.36213908E-1, 0.27084425, 0.54485977E-1, 0.28235056E-2
0.14720536E-1, 0.11421451E-2, 0.15086303E-1, 0.51509575E-2, 0.39721787E-1, 0.25728498E-1, 0.19265170, 0.38763944E-1, 0.20087871E-2
0.12850587E-1, 0.11421571E-2, 0.15124432E-1, 0.51495223E-2, 0.53173494E-1, 0.34449589E-1, 0.25823945, 0.51971328E-1, 0.26932177E-2
0.12742890E-1, 0.11421742E-2, 0.15177869E-1, 0.51482790E-2, 0.48511226E-1, 0.31437807E-1, 0.23597129, 0.47500432E-1, 0.24615419E-2
0.13989710E-1, 0.11421917E-2, 0.15225587E-1, 0.51470008E-2, 0.58666717E-1, 0.38030427E-1, 0.28584754, 0.57553917E-1, 0.29825429E-2
0.12788440E-1, 0.11422086E-2, 0.15278505E-1, 0.51457542E-2, 0.39786901E-1, 0.25798742E-1, 0.19415843, 0.39101616E-1, 0.20263221E-2
0.12830457E-1, 0.11422177E-2, 0.15318781E-1, 0.51443097E-2, 0.40478062E-1, 0.26251785E-1, 0.19774418, 0.39831009E-1, 0.20641284E-2
0.12733660E-1, 0.11422299E-2, 0.15369765E-1, 0.51429919E-2, 0.42411249E-1, 0.27510963E-1, 0.20742491, 0.41788895E-1, 0.21655986E-2
0.12376863E-1, 0.11422475E-2, 0.15438625E-1, 0.51418864E-2, 0.48544560E-1, 0.31496678E-1, 0.23773621, 0.47905620E-1, 0.24825924E-2
0.12342962E-1, 0.11422699E-2, 0.15524098E-1, 0.51409681E-2, 0.44663608E-1, 0.28985677E-1, 0.21903726, 0.44147305E-1, 0.22878370E-2
0.12336487E-1, 0.11422868E-2, 0.15602626E-1, 0.51399353E-2, 0.37311498E-1, 0.24219014E-1, 0.18318973, 0.36929388E-1, 0.19137918E-2
0.12616640E-1, 0.11422973E-2, 0.15660476E-1, 0.51386682E-2, 0.40179882E-1, 0.26085077E-1, 0.19746289, 0.39814085E-1, 0.20632942E-2
0.13853454E-1, 0.11423046E-2, 0.15673155E-1, 0.51370184E-2, 0.46644181E-1, 0.30288585E-1, 0.22952613, 0.46288606E-1, 0.23988357E-2
0.13749556E-1, 0.11423111E-2, 0.15679639E-1, 0.51353136E-2, 0.46885747E-1, 0.30452838E-1, 0.23103142, 0.46602752E-1, 0.24151276E-2
0.13092663E-1, 0.11423203E-2, 0.15693249E-1, 0.51337080E-2, 0.49835917E-1, 0.32377239E-1, 0.24592321, 0.49618404E-1, 0.25714238E-2
0.13383712E-1, 0.11423312E-2, 0.15710492E-1, 0.51321457E-2, 0.45513596E-1, 0.29576562E-1, 0.22491542, 0.45390543E-1, 0.23523318E-2
0.14702490E-1, 0.11423390E-2, 0.15721804E-1, 0.51305033E-2, 0.42621437E-1, 0.27703205E-1, 0.21088406, 0.42568248E-1, 0.22060797E-2
0.14366323E-1, 0.11423470E-2, 0.15730195E-1, 0.51288405E-2, 0.45701634E-1, 0.29711831E-1, 0.22640356, 0.45711156E-1, 0.23689719E-2
0.14126495E-1, 0.11423593E-2, 0.15747059E-1, 0.51273042E-2, 0.46825666E-1, 0.30449823E-1, 0.23227970, 0.46908662E-1, 0.24310448E-2
0.13631828E-1, 0.11423789E-2, 0.15779736E-1, 0.51259883E-2, 0.65889813E-1, 0.42860437E-1, 0.32742450, 0.66142045E-1, 0.34278377E-2
0.12589460E-1, 0.11424050E-2, 0.15832951E-1, 0.51249177E-2, 0.53726450E-1, 0.34960944E-1, 0.26752147, 0.54058302E-1, 0.28016123E-2
0.12315722E-1, 0.11424315E-2, 0.15897779E-1, 0.51239426E-2, 0.65051049E-1, 0.42344626E-1, 0.32453921, 0.65600485E-1, 0.33998180E-2
0.12299600E-1, 0.11424682E-2, 0.15996287E-1, 0.51233578E-2, 0.63573837E-1, 0.41399311E-1, 0.31787035, 0.64274885E-1, 0.33311415E-2
0.12304123E-1, 0.11425038E-2, 0.16102396E-1, 0.51228213E-2, 0.51619906E-1, 0.33626258E-1, 0.25859460, 0.52305769E-1, 0.27108418E-2
0.12307006E-1, 0.11425321E-2, 0.16199255E-1, 0.51221242E-2, 0.50321225E-1, 0.32789268E-1, 0.25248626, 0.51084783E-1, 0.26475771E-2
0.12315587E-1, 0.11425571E-2, 0.16294606E-1, 0.51213773E-2, 0.49541328E-1, 0.32289594E-1, 0.24895076, 0.50383698E-1, 0.26112546E-2
0.12393117E-1, 0.11425788E-2, 0.16385755E-1, 0.51205605E-2, 0.40513676E-1, 0.26411584E-1, 0.20385379, 0.41267496E-1, 0.21387965E-2
0.12800950E-1, 0.11425938E-2, 0.16455671E-1, 0.51195030E-2, 0.36899354E-1, 0.24059333E-1, 0.18585178, 0.37631664E-1, 0.19503678E-2
0.12318427E-1, 0.11426008E-2, 0.16493175E-1, 0.51180953E-2, 0.38994607E-1, 0.25429532E-1, 0.19659440, 0.39815594E-1, 0.20635647E-2
0.12314614E-1, 0.11426049E-2, 0.16511869E-1, 0.51165097E-2, 0.40936112E-1, 0.26700493E-1, 0.20660675, 0.41853063E-1, 0.21691739E-2
0.12298210E-1, 0.11426125E-2, 0.16540872E-1, 0.51150522E-2, 0.47133941E-1, 0.30749653E-1, 0.23818895, 0.48263200E-1, 0.25014128E-2
0.12299076E-1, 0.11426250E-2, 0.16590487E-1, 0.51138187E-2, 0.40874042E-1, 0.26671330E-1, 0.20681001, 0.41915923E-1, 0.21724540E-2
0.12343108E-1, 0.11426379E-2, 0.16651999E-1, 0.51126843E-2, 0.34397390E-1, 0.22448611E-1, 0.17420472, 0.35315480E-1, 0.18303681E-2
0.13116682E-1, 0.11426512E-2, 0.16720891E-1, 0.51116180E-2, 0.30626012E-1, 0.19989513E-1, 0.15521428, 0.31471793E-1, 0.16311591E-2
0.16582670E-1, 0.11426635E-2, 0.16789604E-1, 0.51105320E-2, 0.29622799E-1, 0.19336434E-1, 0.15021336, 0.30463278E-1, 0.15788940E-2
0.21810656E-1, 0.11426670E-2, 0.16837232E-1, 0.51091774E-2, 0.27998330E-1, 0.18277546E-1, 0.14203268, 0.28809210E-1, 0.14931698E-2
0.15582843E-1, 0.11426719E-2, 0.16877815E-1, 0.51077926E-2, 0.45642063E-1, 0.29799633E-1, 0.23169492, 0.47006108E-1, 0.24363182E-2
0.12255411E-1, 0.11426901E-2, 0.16933167E-1, 0.51067020E-2, 0.51219966E-1, 0.33450194E-1, 0.26040283, 0.52845772E-1, 0.27390027E-2
0.12318473E-1, 0.11427086E-2, 0.17002229E-1, 0.51057204E-2, 0.39537672E-1, 0.25826577E-1, 0.20127465, 0.40857762E-1, 0.21176734E-2
0.12370329E-1, 0.11427242E-2, 0.17072877E-1, 0.51047243E-2, 0.36352284E-1, 0.23749392E-1, 0.18523201, 0.37609968E-1, 0.19493474E-2
0.12252896E-1, 0.11427349E-2, 0.17122066E-1, 0.51035010E-2, 0.42868465E-1, 0.28011162E-1, 0.21865930, 0.44407919E-1, 0.23017002E-2
0.12253045E-1, 0.11427461E-2, 0.17159484E-1, 0.51021990E-2, 0.50077707E-1, 0.32729078E-1, 0.25576922, 0.51959623E-1, 0.26931260E-2
0.12250817E-1, 0.11427625E-2, 0.17179031E-1, 0.51008398E-2, 0.66437759E-1, 0.43436293E-1, 0.33998740, 0.69093741E-1, 0.35812329E-2
0.12250637E-1, 0.11427789E-2, 0.17196279E-1, 0.50994693E-2, 0.63118063E-1, 0.41282095E-1, 0.32371485, 0.65814003E-1, 0.34112658E-2
0.12251380E-1, 0.11427993E-2, 0.17219786E-1, 0.50981925E-2, 0.67623414E-1, 0.44246439E-1, 0.34760028, 0.70700012E-1, 0.36645471E-2
0.12252841E-1, 0.11428231E-2, 0.17259080E-1, 0.50970875E-2, 0.68065427E-1, 0.44554360E-1, 0.35069758, 0.71361758E-1, 0.36988792E-2
0.12254153E-1, 0.11428454E-2, 0.17310735E-1, 0.50960602E-2, 0.55029731E-1, 0.36034670E-1, 0.28412235, 0.57838596E-1, 0.29979590E-2
0.12254983E-1, 0.11428666E-2, 0.17374201E-1, 0.50950996E-2, 0.44434600E-1, 0.29104333E-1, 0.22976708, 0.46789329E-1, 0.24252557E-2
0.12255119E-1, 0.11428846E-2, 0.17441666E-1, 0.50941384E-2, 0.37004106E-1, 0.24241628E-1, 0.19154921, 0.39017603E-1, 0.20224294E-2
0.12273891E-1, 0.11428983E-2, 0.17494055E-1, 0.50930106E-2, 0.46035793E-1, 0.30163605E-1, 0.23855712, 0.48606653E-1, 0.25194793E-2
0.12254518E-1, 0.11429181E-2, 0.17528290E-1, 0.50918269E-2, 0.68149112E-1, 0.44667326E-1, 0.35380614, 0.72117262E-1, 0.37381565E-2
0.12254901E-1, 0.11429373E-2, 0.17549030E-1, 0.50905398E-2, 0.63041486E-1, 0.41336179E-1, 0.32802626, 0.66893324E-1, 0.34674071E-2
0.12259552E-1, 0.11429575E-2, 0.17569134E-1, 0.50892653E-2, 0.60012858E-1, 0.39364729E-1, 0.31291240, 0.63839220E-1, 0.33091253E-2
0.12256451E-1, 0.11429763E-2, 0.17586123E-1, 0.50879540E-2, 0.59616968E-1, 0.39118756E-1, 0.31146416, 0.63571177E-1, 0.32952575E-2
0.12257088E-1, 0.11429985E-2, 0.17608905E-1, 0.50867316E-2, 0.64556114E-1, 0.42375263E-1, 0.33796766, 0.69011912E-1, 0.35773120E-2
0.12260080E-1, 0.11430276E-2, 0.17647298E-1, 0.50857174E-2, 0.72498478E-1, 0.47609054E-1, 0.38045058, 0.77725999E-1, 0.40290537E-2
0.12263564E-1, 0.11430583E-2, 0.17700383E-1, 0.50848424E-2, 0.59161972E-1, 0.38867086E-1, 0.31117609, 0.63604794E-1, 0.32970896E-2
0.12265701E-1, 0.11430838E-2, 0.17759964E-1, 0.50839512E-2, 0.51663958E-1, 0.33951711E-1, 0.27221921, 0.55665456E-1, 0.28855586E-2
0.12285288E-1, 0.11431066E-2, 0.17814633E-1, 0.50829854E-2, 0.54116491E-1, 0.35573203E-1, 0.28559631, 0.58424626E-1, 0.30286100E-2
0.12268423E-1, 0.11431299E-2, 0.17841153E-1, 0.50818189E-2, 0.65217897E-1, 0.42885941E-1, 0.34486976, 0.70583023E-1, 0.36589049E-2
0.12271380E-1, 0.11431584E-2, 0.17878383E-1, 0.50808131E-2, 0.69051832E-1, 0.45425985E-1, 0.36598870, 0.74944831E-1, 0.38850505E-2
0.12274548E-1, 0.11431881E-2, 0.17923854E-1, 0.50798818E-2, 0.59458133E-1, 0.39130304E-1, 0.31583703, 0.64708322E-1, 0.33544330E-2
0.12276540E-1, 0.11432127E-2, 0.17967928E-1, 0.50788773E-2, 0.56302961E-1, 0.37065946E-1, 0.29963127, 0.61416805E-1, 0.31838305E-2
0.12279051E-1, 0.11432404E-2, 0.18009236E-1, 0.50778948E-2, 0.65166347E-1, 0.42916391E-1, 0.34749734, 0.71263283E-1, 0.36943024E-2
0.12282272E-1, 0.11432703E-2, 0.18050900E-1, 0.50769495E-2, 0.68239756E-1, 0.44959232E-1, 0.36472684, 0.74837752E-1, 0.38796419E-2
0.12286686E-1, 0.11433046E-2, 0.18119304E-1, 0.50762650E-2, 0.58060449E-1, 0.38267463E-1, 0.31098661, 0.63844651E-1, 0.33097847E-2
0.12290127E-1, 0.11433355E-2, 0.18197132E-1, 0.50756070E-2, 0.44925954E-1, 0.29618697E-1, 0.24101523, 0.49501389E-1, 0.25662323E-2
0.12291779E-1, 0.11433596E-2, 0.18254580E-1, 0.50747120E-2, 0.54452218E-1, 0.35907824E-1, 0.29253605, 0.60108393E-1, 0.31161390E-2
0.12296138E-1, 0.11433871E-2, 0.18288676E-1, 0.50736922E-2, 0.63668609E-1, 0.42000242E-1, 0.34272146, 0.70455834E-1, 0.36526050E-2
0.12301347E-1, 0.11434143E-2, 0.18316455E-1, 0.50726258E-2, 0.62614985E-1, 0.41321035E-1, 0.33776733, 0.69475599E-1, 0.36018195E-2
0.12300446E-1, 0.11434456E-2, 0.18354516E-1, 0.50716945E-2, 0.71607433E-1, 0.47275100E-1, 0.38716519, 0.79683080E-1, 0.41310485E-2
0.12305290E-1, 0.11434817E-2, 0.18416669E-1, 0.50710090E-2, 0.58871526E-1, 0.38882803E-1, 0.31902331, 0.65697044E-1, 0.34059994E-2
0.12308897E-1, 0.11435128E-2, 0.18487969E-1, 0.50703334E-2, 0.49143173E-1, 0.32467145E-1, 0.26675436, 0.54960035E-1, 0.28493737E-2
0.12311258E-1, 0.11435397E-2, 0.18560823E-1, 0.50696102E-2, 0.40121041E-1, 0.26512047E-1, 0.21805125, 0.44943884E-1, 0.23301078E-2
0.12392282E-1, 0.11435648E-2, 0.18641088E-1, 0.50689238E-2, 0.35133079E-1, 0.23219135E-1, 0.19111043, 0.39404441E-1, 0.20429301E-2
0.13033677E-1, 0.11435861E-2, 0.18716970E-1, 0.50681592E-2, 0.31472728E-1, 0.20802010E-1, 0.17131434, 0.35333518E-1, 0.18318821E-2
0.15525064E-1, 0.11436034E-2, 0.18785192E-1, 0.50672879E-2, 0.30243939E-1, 0.19991275E-1, 0.16471229, 0.33981457E-1, 0.17617916E-2
0.19927261E-1, 0.11436125E-2, 0.18833956E-1, 0.50661657E-2, 0.27211022E-1, 0.17987456E-1, 0.14824504, 0.30592199E-1, 0.15860805E-2
0.23715841E-1, 0.11436120E-2, 0.18855937E-1, 0.50647114E-2, 0.25507223E-1, 0.16861740E-1, 0.13898234, 0.28687656E-1, 0.14873436E-2
0.27629033E-1, 0.11436052E-2, 0.18860327E-1, 0.50630397E-2, 0.26444362E-1, 0.17481742E-1, 0.14409319, 0.29749628E-1, 0.15424092E-2
0.31741466E-1, 0.11435901E-2, 0.18842554E-1, 0.50610956E-2, 0.25915172E-1, 0.17132536E-1, 0.14120613, 0.29160522E-1, 0.15118724E-2
0.15382733E-1, 0.11435914E-2, 0.18865427E-1, 0.50596781E-2, 0.30939262E-1, 0.20454951E-1, 0.16860570, 0.34827784E-1, 0.18057083E-2
0.12190142E-1, 0.11436233E-2, 0.18955743E-1, 0.50591798E-2, 0.40206809E-1, 0.26584752E-1, 0.21927105, 0.45307938E-1, 0.23490847E-2
0.12193243E-1, 0.11436554E-2, 0.18997654E-1, 0.50583356E-2, 0.59136432E-1, 0.39111394E-1, 0.32299986, 0.66771708E-1, 0.34619458E-2
0.12198832E-1, 0.11436933E-2, 0.19042647E-1, 0.50575933E-2, 0.70184343E-1, 0.46436451E-1, 0.38418341, 0.79467051E-1, 0.41202102E-2
0.12205982E-1, 0.11437370E-2, 0.19105045E-1, 0.50570657E-2, 0.72072260E-1, 0.47707275E-1, 0.39550793, 0.81863791E-1, 0.42445264E-2
0.12213917E-1, 0.11437837E-2, 0.19185226E-1, 0.50567160E-2, 0.61317865E-1, 0.40605552E-1, 0.33727300, 0.69854289E-1, 0.36218907E-2
0.12220166E-1, 0.11438247E-2, 0.19272627E-1, 0.50563402E-2, 0.46065159E-1, 0.30513929E-1, 0.25380495, 0.52593954E-1, 0.27269816E-2
0.12223666E-1, 0.11438549E-2, 0.19349601E-1, 0.50557512E-2, 0.38015027E-1, 0.25185810E-1, 0.20968044, 0.43468013E-1, 0.22538193E-2
0.12314300E-1, 0.11438827E-2, 0.19430781E-1, 0.50551649E-2, 0.34829225E-1, 0.23077799E-1, 0.19226365, 0.39871402E-1, 0.20673487E-2
0.13114771E-1, 0.11439078E-2, 0.19510409E-1, 0.50545293E-2, 0.32003768E-1, 0.21207480E-1, 0.17678261, 0.36672823E-1, 0.19015122E-2
0.15818428E-1, 0.11439277E-2, 0.19580534E-1, 0.50537609E-2, 0.29236469E-1, 0.19374877E-1, 0.16157584, 0.33528201E-1, 0.17384698E-2
0.19967528E-1, 0.11439357E-2, 0.19619854E-1, 0.50526042E-2, 0.26219113E-1, 0.17375864E-1, 0.14493909, 0.30084062E-1, 0.15598955E-2
0.23179429E-1, 0.11439346E-2, 0.19634763E-1, 0.50511453E-2, 0.27907176E-1, 0.18495033E-1, 0.15429211, 0.32033775E-1, 0.16609975E-2
0.26282718E-1, 0.11439272E-2, 0.19632183E-1, 0.50494703E-2, 0.25533311E-1, 0.16922254E-1, 0.14117828, 0.29318696E-1, 0.15202237E-2
0.13458708E-1, 0.11439413E-2, 0.19670613E-1, 0.50483951E-2, 0.48436884E-1, 0.32104805E-1, 0.26796323, 0.55667888E-1, 0.28864918E-2
0.12159013E-1, 0.11439912E-2, 0.19742828E-1, 0.50480724E-2, 0.69980249E-1, 0.46400730E-1, 0.38792506, 0.80635287E-1, 0.41811457E-2
0.12166933E-1, 0.11440377E-2, 0.19804440E-1, 0.50476193E-2, 0.66915646E-1, 0.44387862E-1, 0.37182757, 0.77341124E-1, 0.40103854E-2
0.12174804E-1, 0.11440837E-2, 0.19882008E-1, 0.50472887E-2, 0.58412921E-1, 0.38762167E-1, 0.32526812, 0.67698814E-1, 0.35104402E-2
0.12183075E-1, 0.11441266E-2, 0.19973248E-1, 0.50470219E-2, 0.48316736E-1, 0.32071445E-1, 0.26949188, 0.56120098E-1, 0.29100680E-2
0.12190592E-1, 0.11441648E-2, 0.20068888E-1, 0.50467248E-2, 0.37785012E-1, 0.25085252E-1, 0.21099216, 0.43957077E-1, 0.22793808E-2
0.12314037E-1, 0.11441953E-2, 0.20155776E-1, 0.50462689E-2, 0.32675620E-1, 0.21695232E-1, 0.18259576, 0.38054720E-1, 0.19733286E-2
0.12932111E-1, 0.11442216E-2, 0.20234276E-1, 0.50456910E-2, 0.30889066E-1, 0.20510271E-1, 0.17270842, 0.36005683E-1, 0.18670874E-2
0.14571331E-1, 0.11442447E-2, 0.20307122E-1, 0.50450340E-2, 0.27230021E-1, 0.18081330E-1, 0.15231238, 0.31762969E-1, 0.16470890E-2
0.17015245E-1, 0.11442640E-2, 0.20371620E-1, 0.50442666E-2, 0.21209305E-1, 0.14083239E-1, 0.11864907, 0.24748994E-1, 0.12833806E-2
0.20876087E-1, 0.11442774E-2, 0.20421069E-1, 0.50433115E-2, 0.23028862E-1, 0.15290898E-1, 0.12881951, 0.26876444E-1, 0.13937064E-2
0.23199739E-1, 0.11442814E-2, 0.20445094E-1, 0.50420412E-2, 0.18988883E-1, 0.12607909E-1, 0.10620274, 0.22162493E-1, 0.11492637E-2
0.24692073E-1, 0.11442843E-2, 0.20466764E-1, 0.50407434E-2, 0.19273061E-1, 0.12795780E-1, 0.10775734, 0.22491239E-1, 0.11663146E-2
0.22759628E-1, 0.11442890E-2, 0.20492962E-1, 0.50395024E-2, 0.20703765E-1, 0.13744868E-1, 0.11571974, 0.24157975E-1, 0.12527502E-2
0.14224241E-1, 0.11443158E-2, 0.20577434E-1, 0.50389990E-2, 0.25069941E-1, 0.16643008E-1, 0.14012283, 0.29259078E-1, 0.15172824E-2
0.16161146E-1, 0.11443401E-2, 0.20651551E-1, 0.50383937E-2, 0.23049299E-1, 0.15301392E-1, 0.12885194, 0.26912043E-1, 0.13955787E-2
0.13644057E-1, 0.11443697E-2, 0.20741913E-1, 0.50379871E-2, 0.25538435E-1, 0.16953357E-1, 0.14277530, 0.29827256E-1, 0.15467593E-2
0.13892574E-1, 0.11443946E-2, 0.20813324E-1, 0.50373790E-2, 0.26047336E-1, 0.17291239E-1, 0.14566174, 0.30438025E-1, 0.15784402E-2
0.16755797E-1, 0.11444205E-2, 0.20893071E-1, 0.50368533E-2, 0.20733383E-1, 0.13763228E-1, 0.11595325, 0.24235681E-1, 0.12568070E-2
0.17740399E-1, 0.11444448E-2, 0.20969687E-1, 0.50362861E-2, 0.20342750E-1, 0.13503111E-1, 0.11375432, 0.23780901E-1, 0.12332274E-2
0.23252575E-1, 0.11444662E-2, 0.21037433E-1, 0.50356132E-2, 0.20938894E-1, 0.13898060E-1, 0.11707079, 0.24479199E-1, 0.12694442E-2
0.19779755E-1, 0.11444738E-2, 0.21067109E-1, 0.50344793E-2, 0.23267576E-1, 0.15442896E-1, 0.13005640, 0.27200334E-1, 0.14105623E-2
0.12347016E-1, 0.11444967E-2, 0.21131715E-1, 0.50338185E-2, 0.28208239E-1, 0.18722057E-1, 0.15771309, 0.32992780E-1, 0.17109569E-2
0.13960253E-1, 0.11445211E-2, 0.21198418E-1, 0.50331950E-2, 0.27209347E-1, 0.18059341E-1, 0.15218392, 0.31844728E-1, 0.16514299E-2
0.16975477E-1, 0.11445467E-2, 0.21274777E-1, 0.50326679E-2, 0.27646925E-1, 0.18349603E-1, 0.15465914, 0.32371350E-1, 0.16787476E-2
0.12047868E-1, 0.11445677E-2, 0.21322161E-1, 0.50318609E-2, 0.35801824E-1, 0.23763519E-1, 0.20038904, 0.41955903E-1, 0.21758056E-2
0.12048488E-1, 0.11445927E-2, 0.21368591E-1, 0.50311019E-2, 0.40937413E-1, 0.27175030E-1, 0.22932653, 0.48032589E-1, 0.24909568E-2
0.12052557E-1, 0.11446237E-2, 0.21410322E-1, 0.50303969E-2, 0.52744456E-1, 0.35020083E-1, 0.29586774, 0.61998036E-1, 0.32152277E-2
0.12057497E-1, 0.11446583E-2, 0.21465885E-1, 0.50298441E-2, 0.49969655E-1, 0.33185776E-1, 0.28073391, 0.58856711E-1, 0.30523480E-2
0.12062672E-1, 0.11446935E-2, 0.21530675E-1, 0.50293766E-2, 0.44035602E-1, 0.29250648E-1, 0.24772196, 0.51960036E-1, 0.26947067E-2
0.12095943E-1, 0.11447313E-2, 0.21581022E-1, 0.50288383E-2, 0.60659301E-1, 0.40303022E-1, 0.34177572, 0.71725398E-1, 0.37197985E-2
0.12079391E-1, 0.11447683E-2, 0.21604465E-1, 0.50280895E-2, 0.57827987E-1, 0.38434312E-1, 0.32645693, 0.68551660E-1, 0.35552429E-2
0.12079238E-1, 0.11448041E-2, 0.21633128E-1, 0.50273663E-2, 0.53744163E-1, 0.35730369E-1, 0.30393824, 0.63859381E-1, 0.33119270E-2
0.12084240E-1, 0.11448389E-2, 0.21673484E-1, 0.50267209E-2, 0.42846065E-1, 0.28491208E-1, 0.24264649, 0.51007029E-1, 0.26453924E-2
0.12141676E-1, 0.11448679E-2, 0.21696832E-1, 0.50258716E-2, 0.46063118E-1, 0.30635500E-1, 0.26116690, 0.54925658E-1, 0.28486501E-2
0.12092911E-1, 0.11449036E-2, 0.21716733E-1, 0.50250948E-2, 0.55932362E-1, 0.37208166E-1, 0.31760266, 0.66829979E-1, 0.34660893E-2
0.12101393E-1, 0.11449517E-2, 0.21762364E-1, 0.50246716E-2, 0.64808354E-1, 0.43127075E-1, 0.36873233, 0.77637553E-1, 0.40266644E-2
0.12111579E-1, 0.11450059E-2, 0.21828530E-1, 0.50244927E-2, 0.57335164E-1, 0.38167175E-1, 0.32688048, 0.68870135E-1, 0.35719888E-2
0.12121058E-1, 0.11450577E-2, 0.21905579E-1, 0.50243638E-2, 0.48946854E-1, 0.32591838E-1, 0.27951664, 0.58924627E-1, 0.30561914E-2
0.12128510E-1, 0.11451021E-2, 0.21975540E-1, 0.50240853E-2, 0.46882659E-1, 0.31223277E-1, 0.26807615, 0.56541983E-1, 0.29326417E-2
0.12208219E-1, 0.11451392E-2, 0.22002254E-1, 0.50233896E-2, 0.48596423E-1, 0.32371610E-1, 0.27826229, 0.58720957E-1, 0.30456872E-2
0.12168088E-1, 0.11451753E-2, 0.22018988E-1, 0.50226115E-2, 0.49660973E-1, 0.33087876E-1, 0.28475705, 0.60123850E-1, 0.31184847E-2
0.12198276E-1, 0.11452159E-2, 0.22044195E-1, 0.50219567E-2, 0.49969923E-1, 0.33301152E-1, 0.28694314, 0.60618490E-1, 0.31441732E-2
0.12177922E-1, 0.11452613E-2, 0.22078246E-1, 0.50214343E-2, 0.51621802E-1, 0.34410056E-1, 0.29687235, 0.62751189E-1, 0.32548283E-2
0.12162527E-1, 0.11453108E-2, 0.22122554E-1, 0.50210506E-2, 0.53316500E-1, 0.35548653E-1, 0.30710441, 0.64951755E-1, 0.33690063E-2
0.12171800E-1, 0.11453643E-2, 0.22179402E-1, 0.50208131E-2, 0.53383358E-1, 0.35602346E-1, 0.30798560, 0.65176941E-1, 0.33807247E-2
0.12181791E-1, 0.11454175E-2, 0.22229342E-1, 0.50205276E-2, 0.53309698E-1, 0.35562571E-1, 0.30806416, 0.65232903E-1, 0.33836656E-2
0.12206231E-1, 0.11454672E-2, 0.22270108E-1, 0.50201225E-2, 0.50304335E-1, 0.33565972E-1, 0.29114914, 0.61687544E-1, 0.31997999E-2
0.12209764E-1, 0.11455200E-2, 0.22318326E-1, 0.50198263E-2, 0.52544240E-1, 0.35068873E-1, 0.30457464, 0.64569920E-1, 0.33493494E-2
0.12211172E-1, 0.11455783E-2, 0.22382475E-1, 0.50197188E-2, 0.54249588E-1, 0.36216337E-1, 0.31496793, 0.66814169E-1, 0.34658026E-2
0.12232480E-1, 0.11456391E-2, 0.22448542E-1, 0.50196690E-2, 0.57210643E-1, 0.38203903E-1, 0.33273876, 0.70629284E-1, 0.36637462E-2
0.12241841E-1, 0.11457019E-2, 0.22523560E-1, 0.50197118E-2, 0.53859938E-1, 0.35976660E-1, 0.31380004, 0.66652350E-1, 0.34574936E-2
0.12247844E-1, 0.11457636E-2, 0.22620518E-1, 0.50199111E-2, 0.45292888E-1, 0.30260783E-1, 0.26426527, 0.56163721E-1, 0.29134429E-2
0.12257484E-1, 0.11458208E-2, 0.22728818E-1, 0.50201388E-2, 0.37665233E-1, 0.25167936E-1, 0.21998291, 0.46775401E-1, 0.24264546E-2
0.12266786E-1, 0.11458696E-2, 0.22828409E-1, 0.50201886E-2, 0.36025353E-1, 0.24073714E-1, 0.21055350, 0.44789925E-1, 0.23234775E-2
0.12274185E-1, 0.11459173E-2, 0.22903264E-1, 0.50200475E-2, 0.46751112E-1, 0.31245533E-1, 0.27352634, 0.58214176E-1, 0.30198868E-2
0.12282275E-1, 0.11459655E-2, 0.22979271E-1, 0.50199251E-2, 0.39766505E-1, 0.26581345E-1, 0.23291600, 0.49596738E-1, 0.25728780E-2
0.12290169E-1, 0.11460133E-2, 0.23066819E-1, 0.50198883E-2, 0.35887554E-1, 0.23990586E-1, 0.21036568, 0.44815145E-1, 0.23248491E-2
0.12303691E-1, 0.11460576E-2, 0.23153227E-1, 0.50197993E-2, 0.30950459E-1, 0.20691004E-1, 0.18153089, 0.38687821E-1, 0.20070001E-2
0.12355574E-1, 0.11460946E-2, 0.23229223E-1, 0.50195400E-2, 0.27313430E-1, 0.18259443E-1, 0.16025552, 0.34165554E-1, 0.17724105E-2
0.12653729E-1, 0.11461240E-2, 0.23290889E-1, 0.50190720E-2, 0.23634350E-1, 0.15799133E-1, 0.13868992, 0.29576911E-1, 0.15343742E-2
0.13424204E-1, 0.11461508E-2, 0.23349417E-1, 0.50185537E-2, 0.22782357E-1, 0.15228465E-1, 0.13369292, 0.28519141E-1, 0.14795081E-2
0.15252048E-1, 0.11461714E-2, 0.23392385E-1, 0.50178356E-2, 0.21390004E-1, 0.14296544E-1, 0.12551396, 0.26781451E-1, 0.13893682E-2
0.18335678E-1, 0.11461811E-2, 0.23406899E-1, 0.50167581E-2, 0.19611277E-1, 0.13106360E-1, 0.11505325, 0.24555394E-1, 0.12738905E-2
0.21181362E-1, 0.11461813E-2, 0.23395937E-1, 0.50153621E-2, 0.17765597E-1, 0.11871446E-1, 0.10418578, 0.22240914E-1, 0.11538243E-2
0.23028752E-1, 0.11461786E-2, 0.23377819E-1, 0.50138747E-2, 0.17565841E-1, 0.11736442E-1, 0.10296474, 0.21984829E-1, 0.11405433E-2
0.24538843E-1, 0.11461745E-2, 0.23356732E-1, 0.50123455E-2, 0.17605184E-1, 0.11761199E-1, 0.10314132, 0.22027072E-1, 0.11427385E-2
0.24932357E-1, 0.11461714E-2, 0.23338621E-1, 0.50108517E-2, 0.17281527E-1, 0.11543510E-1, 0.10119171, 0.21615112E-1, 0.11213707E-2
0.27933719E-1, 0.11461632E-2, 0.23306655E-1, 0.50091860E-2, 0.15533799E-1, 0.10374616E-1, 0.90898320E-1, 0.19420085E-1, 0.10074986E-2
0.28159488E-1, 0.11461505E-2, 0.23262329E-1, 0.50073676E-2, 0.13034047E-1, 0.87037198E-2, 0.76210573E-1, 0.16284795E-1, 0.84484456E-3
0.28850477E-1, 0.11461456E-2, 0.23239709E-1, 0.50058104E-2, 0.11632173E-1, 0.77662175E-2, 0.67955725E-1, 0.14522940E-1, 0.75344264E-3
0.17996216E-1, 0.11461520E-2, 0.23246765E-1, 0.50046355E-2, 0.14837198E-1, 0.99041788E-2, 0.86605221E-1, 0.18511320E-1, 0.96036051E-3
0.13350281E-1, 0.11461952E-2, 0.23343716E-1, 0.50046341E-2, 0.17951220E-1, 0.11981311E-1, 0.10475143, 0.22394089E-1, 0.11618008E-2
0.13021715E-1, 0.11462431E-2, 0.23451449E-1, 0.50047794E-2, 0.18908450E-1, 0.12618655E-1, 0.11031311, 0.23587959E-1, 0.12237435E-2
0.14019855E-1, 0.11462939E-2, 0.23573047E-1, 0.50050784E-2, 0.17849082E-1, 0.11910186E-1, 0.10410920, 0.22265982E-1, 0.11551635E-2
0.19235224E-1, 0.11463393E-2, 0.23686180E-1, 0.50052456E-2, 0.15320601E-1, 0.10221533E-1, 0.89327440E-1, 0.19108132E-1, 0.99133700E-3
0.26647264E-1, 0.11463455E-2, 0.23691388E-1, 0.50040758E-2, 0.13460371E-1, 0.89789117E-2, 0.78427531E-1, 0.16779209E-1, 0.87051443E-3
0.30213557E-1, 0.11463327E-2, 0.23644445E-1, 0.50022639E-2, 0.12458870E-1, 0.83093587E-2, 0.72528064E-1, 0.15519259E-1, 0.80515008E-3
0.32353874E-1, 0.11463154E-2, 0.23585128E-1, 0.50002951E-2, 0.12068904E-1, 0.80477959E-2, 0.70189744E-1, 0.15020929E-1, 0.77929837E-3
0.33966098E-1, 0.11462946E-2, 0.23516029E-1, 0.49982020E-2, 0.11554265E-1, 0.77032149E-2, 0.67128547E-1, 0.14367657E-1, 0.74540812E-3
0.25485981E-1, 0.11462776E-2, 0.23458008E-1, 0.49962439E-2, 0.13279933E-1, 0.88520003E-2, 0.77072881E-1, 0.16498255E-1, 0.85594790E-3
0.12218048E-1, 0.11463176E-2, 0.23541927E-1, 0.49961223E-2, 0.24086105E-1, 0.16053272E-1, 0.13975652, 0.29922234E-1, 0.15524048E-2
0.12676347E-1, 0.11463733E-2, 0.23634927E-1, 0.49962904E-2, 0.34852456E-1, 0.23228597E-1, 0.20229772, 0.43325968E-1, 0.22478220E-2
0.16780071E-1, 0.11464288E-2, 0.23683023E-1, 0.49961223E-2, 0.32522503E-1, 0.21676870E-1, 0.18888906, 0.40468812E-1, 0.20996046E-2
0.16310701E-1, 0.11464799E-2, 0.23718195E-1, 0.49958015E-2, 0.34767132E-1, 0.23173744E-1, 0.20202492, 0.43298610E-1, 0.22464371E-2
0.13567405E-1, 0.11465430E-2, 0.23783844E-1, 0.49958727E-2, 0.37185881E-1, 0.24787469E-1, 0.21622561, 0.46359926E-1, 0.24052842E-2
0.12398957E-1, 0.11466168E-2, 0.23888305E-1, 0.49963882E-2, 0.38143393E-1, 0.25427716E-1, 0.22197281, 0.47611319E-1, 0.24702311E-2
0.12298539E-1, 0.11466936E-2, 0.24019122E-1, 0.49971463E-2, 0.33461828E-1, 0.22308022E-1, 0.19486757, 0.41813586E-1, 0.21694424E-2
0.12239616E-1, 0.11467637E-2, 0.24149435E-1, 0.49978136E-2, 0.29436201E-1, 0.19624416E-1, 0.17150770, 0.36813635E-1, 0.19100391E-2
0.12301444E-1, 0.11468261E-2, 0.24272507E-1, 0.49983310E-2, 0.25702339E-1, 0.17134517E-1, 0.14979395, 0.32162379E-1, 0.16687240E-2
0.12132903E-1, 0.11468820E-2, 0.24386633E-1, 0.49986946E-2, 0.22254724E-1, 0.14835019E-1, 0.12971172, 0.27857697E-1, 0.14453862E-2
0.12300624E-1, 0.11469352E-2, 0.24494637E-1, 0.49989824E-2, 0.22303548E-1, 0.14866068E-1, 0.12999278, 0.27924703E-1, 0.14488706E-2
0.12633822E-1, 0.11469828E-2, 0.24581566E-1, 0.49990453E-2, 0.22824468E-1, 0.15211880E-1, 0.13302884, 0.28583767E-1, 0.14830742E-2
0.13028806E-1, 0.11470292E-2, 0.24666812E-1, 0.49990811E-2, 0.20753242E-1, 0.13830029E-1, 0.12094951, 0.25994334E-1, 0.13487273E-2
0.13260025E-1, 0.11470749E-2, 0.24756853E-1, 0.49991487E-2, 0.18583119E-1, 0.12382269E-1, 0.10828227, 0.23276787E-1, 0.12077310E-2
0.13461626E-1, 0.11471178E-2, 0.24845218E-1, 0.49991705E-2, 0.16828176E-1, 0.11211243E-1, 0.98027900E-1, 0.21076428E-1, 0.10935678E-2
0.13681693E-1, 0.11471563E-2, 0.24925727E-1, 0.49990783E-2, 0.15674561E-1, 0.10440951E-1, 0.91273554E-1, 0.19627592E-1, 0.10183973E-2
0.14547902E-1, 0.11471930E-2, 0.25002955E-1, 0.49989424E-2, 0.15751962E-1, 0.10490680E-1, 0.91685154E-1, 0.19719342E-1, 0.10231613E-2
0.16338212E-1, 0.11472226E-2, 0.25062300E-1, 0.49985819E-2, 0.15225651E-1, 0.10138382E-1, 0.88580497E-1, 0.19054685E-1, 0.98867808E-3
0.18405668E-1, 0.11472431E-2, 0.25096856E-1, 0.49979128E-2, 0.14072679E-1, 0.93689375E-2, 0.81827596E-1, 0.17604738E-1, 0.91344857E-3
0.21095186E-1, 0.11472551E-2, 0.25108691E-1, 0.49969633E-2, 0.12507632E-1, 0.83253495E-2, 0.72677054E-1, 0.15638199E-1, 0.81141427E-3
0.21742260E-1, 0.11472618E-2, 0.25106193E-1, 0.49958355E-2, 0.12452464E-1, 0.82869772E-2, 0.72302602E-1, 0.15559613E-1, 0.80733851E-3
0.22207398E-1, 0.11472704E-2, 0.25108686E-1, 0.49947686E-2, 0.13419061E-1, 0.89284498E-2, 0.77856094E-1, 0.16756926E-1, 0.86946588E-3
0.20163769E-1, 0.11472813E-2, 0.25117984E-1, 0.49937870E-2, 0.15585931E-1, 0.10368139E-1, 0.90360858E-1, 0.19451158E-1, 0.10092641E-2
0.12233605E-1, 0.11473253E-2, 0.25204221E-1, 0.49938327E-2, 0.20954477E-1, 0.13937629E-1, 0.12145636, 0.26149547E-1, 0.13568299E-2
0.12974704E-1, 0.11473792E-2, 0.25312746E-1, 0.49941842E-2, 0.19571362E-1, 0.13016026E-1, 0.11342383, 0.24425078E-1, 0.12673578E-2
0.16807675E-1, 0.11474240E-2, 0.25398456E-1, 0.49942518E-2, 0.15074991E-1, 0.10024117E-1, 0.87334953E-1, 0.18810265E-1, 0.97602257E-3
0.18886747E-1, 0.11474602E-2, 0.25462126E-1, 0.49940385E-2, 0.13026381E-1, 0.86602243E-2, 0.75420678E-1, 0.16246423E-1, 0.84299268E-3
0.18440863E-1, 0.11474998E-2, 0.25538625E-1, 0.49939658E-2, 0.12447275E-1, 0.82735000E-2, 0.72017774E-1, 0.15515335E-1, 0.80506061E-3
0.20065848E-1, 0.11475370E-2, 0.25614155E-1, 0.49938643E-2, 0.10270451E-1, 0.68251416E-2, 0.59379760E-1, 0.12794052E-1, 0.66386041E-3
0.27015362E-1, 0.11475552E-2, 0.25637623E-1, 0.49931169E-2, 0.83764456E-2, 0.55651087E-2, 0.48379302E-1, 0.10424815E-1, 0.54092624E-3
0.29675437E-1, 0.11475555E-2, 0.25611768E-1, 0.49917549E-2, 0.80564870E-2, 0.53511891E-2, 0.46476644E-1, 0.10015612E-1, 0.51969453E-3
0.30310774E-1, 0.11475522E-2, 0.25576334E-1, 0.49902718E-2, 0.85742194E-2, 0.56936848E-2, 0.49405746E-1, 0.10647655E-1, 0.55249163E-3
0.32816581E-1, 0.11475451E-2, 0.25530839E-1, 0.49886610E-2, 0.85324030E-2, 0.56645311E-2, 0.49104150E-1, 0.10583494E-1, 0.54916390E-3
0.32806274E-1, 0.11475362E-2, 0.25482211E-1, 0.49870061E-2, 0.87036537E-2, 0.57768393E-2, 0.50028075E-1, 0.10783480E-1, 0.55954215E-3
0.31929187E-1, 0.11475282E-2, 0.25435751E-1, 0.49853730E-2, 0.90858219E-2, 0.60290764E-2, 0.52162338E-1, 0.11244424E-1, 0.58346143E-3
0.32559015E-1, 0.11475192E-2, 0.25387948E-1, 0.49837185E-2, 0.93647111E-2, 0.62127085E-2, 0.53700574E-1, 0.11576970E-1, 0.60071860E-3
0.32751828E-1, 0.11475085E-2, 0.25335623E-1, 0.49820058E-2, 0.94438549E-2, 0.62637967E-2, 0.54091573E-1, 0.11662235E-1, 0.60514442E-3
0.34680519E-1, 0.11474942E-2, 0.25273379E-1, 0.49801683E-2, 0.90615731E-2, 0.60088807E-2, 0.51839747E-1, 0.11177646E-1, 0.58000092E-3
0.35771526E-1, 0.11474766E-2, 0.25201583E-1, 0.49782093E-2, 0.88963341E-2, 0.58979657E-2, 0.50831020E-1, 0.10960995E-1, 0.56876056E-3
0.36220413E-1, 0.11474570E-2, 0.25124649E-1, 0.49761822E-2, 0.89667458E-2, 0.59433044E-2, 0.51168941E-1, 0.11034704E-1, 0.57258672E-3
0.36749877E-1, 0.11474352E-2, 0.25042562E-1, 0.49740868E-2, 0.86180354E-2, 0.57108831E-2, 0.49116261E-1, 0.10592829E-1, 0.54965919E-3
0.37255432E-1, 0.11474115E-2, 0.24957037E-1, 0.49719419E-2, 0.82274042E-2, 0.54508145E-2, 0.46830375E-1, 0.10100546E-1, 0.52411610E-3
0.35837270E-1, 0.11473888E-2, 0.24873061E-1, 0.49698101E-2, 0.93723843E-2, 0.62080044E-2, 0.53279921E-1, 0.11492434E-1, 0.59634267E-3
0.39925177E-1, 0.11473645E-2, 0.24785513E-1, 0.49676266E-2, 0.79232715E-2, 0.52470029E-2, 0.44983990E-1, 0.97036930E-2, 0.50352607E-3
0.41562077E-1, 0.11473370E-2, 0.24689756E-1, 0.49653393E-2, 0.71839527E-2, 0.47563119E-2, 0.40728036E-1, 0.87861549E-2, 0.45591567E-3
0.38839571E-1, 0.11473106E-2, 0.24598299E-1, 0.49630944E-2, 0.78193564E-2, 0.51758243E-2, 0.44268738E-1, 0.95505463E-2, 0.49558113E-3
0.38756993E-1, 0.11472856E-2, 0.24511699E-1, 0.49609016E-2, 0.81908815E-2, 0.54205521E-2, 0.46310406E-1, 0.99916328E-2, 0.51847054E-3
0.38731638E-1, 0.11472601E-2, 0.24424179E-1, 0.49586906E-2, 0.85185822E-2, 0.56361882E-2, 0.48098966E-1, 0.10378183E-1, 0.53853000E-3
0.24408182E-1, 0.11472531E-2, 0.24390450E-1, 0.49571330E-2, 0.97355284E-2, 0.64399787E-2, 0.54906070E-1, 0.11847748E-1, 0.61478809E-3
0.23283146E-1, 0.11472862E-2, 0.24471287E-1, 0.49569840E-2, 0.90135178E-2, 0.59611402E-2, 0.50792262E-1, 0.10960829E-1, 0.56876667E-3
0.33212204E-1, 0.11473113E-2, 0.24532069E-1, 0.49565821E-2, 0.80016358E-2, 0.52907467E-2, 0.45041777E-1, 0.97205071E-2, 0.50440629E-3
0.33746906E-1, 0.11473030E-2, 0.24496015E-1, 0.49550007E-2, 0.85941842E-2, 0.56813192E-2, 0.48320133E-1, 0.10428646E-1, 0.54115336E-3
0.34926143E-1, 0.11472832E-2, 0.24426641E-1, 0.49530105E-2, 0.99848313E-2, 0.65992642E-2, 0.56074191E-1, 0.12102967E-1, 0.62803720E-3
0.36239017E-1, 0.11472565E-2, 0.24336630E-1, 0.49507660E-2, 0.98472238E-2, 0.65070158E-2, 0.55237260E-1, 0.11923167E-1, 0.61870873E-3
0.36607787E-1, 0.11472279E-2, 0.24241526E-1, 0.49484526E-2, 0.94154272E-2, 0.62204571E-2, 0.52753590E-1, 0.11387824E-1, 0.59093081E-3
0.38414199E-1, 0.11471977E-2, 0.24141494E-1, 0.49460726E-2, 0.81101572E-2, 0.53570257E-2, 0.45384474E-1, 0.97976625E-2, 0.50841615E-3
0.36662195E-1, 0.11471682E-2, 0.24045512E-1, 0.49437331E-2, 0.87056328E-2, 0.57491655E-2, 0.48655603E-1, 0.10504431E-1, 0.54509297E-3
0.36173906E-1, 0.11471404E-2, 0.23956193E-1, 0.49414667E-2, 0.10570414E-1, 0.69792969E-2, 0.59008889E-1, 0.12740456E-1, 0.66112599E-3
0.46463620E-1, 0.11471068E-2, 0.23849858E-1, 0.49389889E-2, 0.71679908E-2, 0.47318824E-2, 0.39963879E-1, 0.86290110E-2, 0.44777629E-3
0.58158256E-1, 0.11470630E-2, 0.23713397E-1, 0.49361410E-2, 0.49843015E-2, 0.32896376E-2, 0.27742144E-1, 0.59903353E-2, 0.31085042E-3
0.53960748E-1, 0.11470158E-2, 0.23568155E-1, 0.49331761E-2, 0.51231277E-2, 0.33805242E-2, 0.28463040E-1, 0.61462033E-2, 0.31893872E-3
0.53785983E-1, 0.11469712E-2, 0.23431536E-1, 0.49303034E-2, 0.50118519E-2, 0.33063791E-2, 0.27795892E-1, 0.60023386E-2, 0.31147321E-3
0.54087918E-1, 0.11469260E-2, 0.23293816E-1, 0.49274052E-2, 0.52401819E-2, 0.34562633E-2, 0.29010771E-1, 0.62648868E-2, 0.32509753E-3
0.58693282E-1, 0.11468780E-2, 0.23148406E-1, 0.49244072E-2, 0.41897707E-2, 0.27628515E-2, 0.23153076E-1, 0.50000618E-2, 0.25946324E-3
0.58231682E-1, 0.11468272E-2, 0.22995444E-1, 0.49213055E-2, 0.43474301E-2, 0.28661974E-2, 0.23978481E-1, 0.51784473E-2, 0.26872000E-3
0.54015379E-1, 0.11467789E-2, 0.22851611E-1, 0.49183015E-2, 0.46945326E-2, 0.30943865E-2, 0.25846375E-1, 0.55819890E-2, 0.28966065E-3
0.52593101E-1, 0.11467324E-2, 0.22714492E-1, 0.49153669E-2, 0.46285167E-2, 0.30502272E-2, 0.25438130E-1, 0.54939697E-2, 0.28509315E-3
0.48802741E-1, 0.11466875E-2, 0.22583442E-1, 0.49124938E-2, 0.48423028E-2, 0.31904499E-2, 0.26568679E-1, 0.57382905E-2, 0.29777153E-3
0.47911424E-1, 0.11466438E-2, 0.22456897E-1, 0.49096644E-2, 0.52820761E-2, 0.34794910E-2, 0.28935425E-1, 0.62496308E-2, 0.32430619E-3
0.44046495E-1, 0.11466007E-2, 0.22334037E-1, 0.49068686E-2, 0.59324042E-2, 0.39071077E-2, 0.32449111E-1, 0.70087421E-2, 0.36369832E-3
0.39662629E-1, 0.11465601E-2, 0.22219770E-1, 0.49041659E-2, 0.70629409E-2, 0.46508056E-2, 0.38581409E-1, 0.83335508E-2, 0.43244564E-3
0.39390799E-1, 0.11465199E-2, 0.22108376E-1, 0.49014883E-2, 0.71015088E-2, 0.46753301E-2, 0.38742274E-1, 0.83686002E-2, 0.43426480E-3
0.38135879E-1, 0.11464797E-2, 0.21998225E-1, 0.48988182E-2, 0.75445315E-2, 0.49661095E-2, 0.41109078E-1, 0.88801701E-2, 0.46081163E-3
0.37398402E-1, 0.11464417E-2, 0.21895278E-1, 0.48962245E-2, 0.84247133E-2, 0.55445074E-2, 0.45850534E-1, 0.99047823E-2, 0.51398150E-3
0.36287136E-1, 0.11464058E-2, 0.21800255E-1, 0.48937183E-2, 0.85620964E-2, 0.56339921E-2, 0.46546914E-1, 0.10055624E-1, 0.52180962E-3
0.37554201E-1, 0.11463637E-2, 0.21685988E-1, 0.48909755E-2, 0.74983551E-2, 0.49332129E-2, 0.40718246E-1, 0.87967776E-2, 0.45648561E-3
0.40055670E-1, 0.11463179E-2, 0.21560710E-1, 0.48880931E-2, 0.72191725E-2, 0.47487137E-2, 0.39154653E-1, 0.84592663E-2, 0.43897168E-3
0.44371102E-1, 0.11462689E-2, 0.21425858E-1, 0.48850863E-2, 0.58637485E-2, 0.38564375E-2, 0.31759974E-1, 0.68618688E-2, 0.35607908E-3
0.40679026E-1, 0.11462186E-2, 0.21288833E-1, 0.48820442E-2, 0.70600216E-2, 0.46423795E-2, 0.38188521E-1, 0.82510170E-2, 0.42816569E-3
0.38480457E-1, 0.11461681E-2, 0.21152370E-1, 0.48789978E-2, 0.74328245E-2, 0.48866998E-2, 0.40155988E-1, 0.86763799E-2, 0.45023917E-3
0.36957677E-1, 0.11461171E-2, 0.21015691E-1, 0.48759393E-2, 0.75788391E-2, 0.49818908E-2, 0.40898312E-1, 0.88370508E-2, 0.45857715E-3
0.37914708E-1, 0.11460654E-2, 0.20877186E-1, 0.48728469E-2, 0.69907927E-2, 0.45945896E-2, 0.37681062E-1, 0.81421323E-2, 0.42251634E-3
0.27504629E-1, 0.11460186E-2, 0.20754831E-1, 0.48699407E-2, 0.94097666E-2, 0.61833863E-2, 0.50661966E-1, 0.10947406E-1, 0.56808989E-3
0.14479801E-1, 0.11460236E-2, 0.20791538E-1, 0.48689586E-2, 0.11420819E-1, 0.75039272E-2, 0.61461072E-1, 0.13281484E-1, 0.68921305E-3
0.23063021E-1, 0.11460390E-2, 0.20863693E-1, 0.48683910E-2, 0.85014310E-2, 0.55849394E-2, 0.45724098E-1, 0.98811686E-2, 0.51276217E-3
0.33524644E-1, 0.11460196E-2, 0.20829307E-1, 0.48665372E-2, 0.71221325E-2, 0.46780487E-2, 0.38269825E-1, 0.82705226E-2, 0.42918153E-3
0.36834106E-1, 0.11459738E-2, 0.20710396E-1, 0.48636687E-2, 0.75549181E-2, 0.49615069E-2, 0.40549710E-1, 0.87634735E-2, 0.45476248E-3
0.37626162E-1, 0.11459211E-2, 0.20571459E-1, 0.48605530E-2, 0.75622308E-2, 0.49655205E-2, 0.40542115E-1, 0.87620737E-2, 0.45469034E-3
0.37121829E-1, 0.11458679E-2, 0.20431975E-1, 0.48574214E-2, 0.78016371E-2, 0.51219393E-2, 0.41779112E-1, 0.90296669E-2, 0.46857679E-3
0.37174273E-1, 0.11458143E-2, 0.20293009E-1, 0.48542842E-2, 0.74760220E-2, 0.49074288E-2, 0.39991464E-1, 0.86435368E-2, 0.44853977E-3
0.37381738E-1, 0.11457609E-2, 0.20154325E-1, 0.48511401E-2, 0.73629576E-2, 0.48324838E-2, 0.39342940E-1, 0.85035823E-2, 0.44127740E-3
0.25132313E-1, 0.11457339E-2, 0.20102438E-1, 0.48490171E-2, 0.92613129E-2, 0.60775466E-2, 0.49441565E-1, 0.10686591E-1, 0.55456115E-3
0.23799671E-1, 0.11457345E-2, 0.20140810E-1, 0.48479703E-2, 0.99507542E-2, 0.65290779E-2, 0.53086054E-1, 0.11474682E-1, 0.59545838E-3
0.33914912E-1, 0.11457112E-2, 0.20101717E-1, 0.48460001E-2, 0.76118181E-2, 0.49937102E-2, 0.40573541E-1, 0.87703224E-2, 0.45512081E-3
0.41584060E-1, 0.11456599E-2, 0.19971678E-1, 0.48429472E-2, 0.67576929E-2, 0.44326889E-2, 0.35978060E-1, 0.77771456E-2, 0.40358191E-3
0.46560712E-1, 0.11456046E-2, 0.19830069E-1, 0.48397472E-2, 0.50346474E-2, 0.33019742E-2, 0.26771192E-1, 0.57870611E-2, 0.30030991E-3
0.34318022E-1, 0.11455520E-2, 0.19697089E-1, 0.48366417E-2, 0.59713637E-2, 0.39156657E-2, 0.31709023E-1, 0.68545723E-2, 0.35570664E-3
0.32524765E-1, 0.11455114E-2, 0.19600898E-1, 0.48339684E-2, 0.59770062E-2, 0.39187740E-2, 0.31706881E-1, 0.68542291E-2, 0.35568886E-3
0.33909183E-1, 0.11454814E-2, 0.19542260E-1, 0.48317346E-2, 0.57172016E-2, 0.37478330E-2, 0.30295711E-1, 0.65492783E-2, 0.33986388E-3
0.35964724E-1, 0.11454618E-2, 0.19521596E-1, 0.48299404E-2, 0.49887043E-2, 0.32697502E-2, 0.26405236E-1, 0.57083252E-2, 0.29622414E-3
0.38621657E-1, 0.11454327E-2, 0.19469406E-1, 0.48277681E-2, 0.47024377E-2, 0.30816153E-2, 0.24858916E-1, 0.53741108E-2, 0.27888059E-3
0.27220843E-1, 0.11454200E-2, 0.19470951E-1, 0.48262426E-2, 0.62209107E-2, 0.40760441E-2, 0.32850109E-1, 0.71017835E-2, 0.36853529E-3
0.20081108E-1, 0.11454178E-2, 0.19501070E-1, 0.48250807E-2, 0.79438649E-2, 0.52041756E-2, 0.41915309E-1, 0.90617230E-2, 0.47024325E-3
0.15956827E-1, 0.11454175E-2, 0.19536877E-1, 0.48239897E-2, 0.86573539E-2, 0.56707654E-2, 0.45651689E-1, 0.98696854E-2, 0.51217148E-3
0.14414409E-1, 0.11454207E-2, 0.19586992E-1, 0.48230616E-2, 0.10045826E-1, 0.65793348E-2, 0.52947242E-1, 0.11447191E-1, 0.59403421E-3
0.17291263E-1, 0.11454336E-2, 0.19671641E-1, 0.48225364E-2, 0.10428741E-1, 0.68292380E-2, 0.54940596E-1, 0.11878418E-1, 0.61641308E-3
0.22436753E-1, 0.11454447E-2, 0.19753873E-1, 0.48219771E-2, 0.10617187E-1, 0.69517661E-2, 0.55902869E-1, 0.12086743E-1, 0.62722462E-3
0.26707320E-1, 0.11454280E-2, 0.19743778E-1, 0.48203259E-2, 0.93341060E-2, 0.61108950E-2, 0.49114808E-1, 0.10619323E-1, 0.55107538E-3
0.28902885E-1, 0.11453944E-2, 0.19675255E-1, 0.48179822E-2, 0.84919054E-2, 0.55587781E-2, 0.44647351E-1, 0.96535739E-2, 0.50095964E-3
0.34449093E-1, 0.11453561E-2, 0.19592464E-1, 0.48154653E-2, 0.67320713E-2, 0.44061826E-2, 0.35362016E-1, 0.76460331E-2, 0.39678116E-3
0.35792701E-1, 0.11453114E-2, 0.19489875E-1, 0.48127091E-2, 0.64401119E-2, 0.42144731E-2, 0.33791959E-1, 0.73066503E-2, 0.37916933E-3
0.35864543E-1, 0.11452679E-2, 0.19392494E-1, 0.48100078E-2, 0.56966310E-2, 0.37273802E-2, 0.29857278E-1, 0.64559514E-2, 0.33502333E-3
0.27395895E-1, 0.11452539E-2, 0.19389829E-1, 0.48084403E-2, 0.72554140E-2, 0.47466028E-2, 0.37989415E-1, 0.82144365E-2, 0.42627763E-3
0.24813123E-1, 0.11452527E-2, 0.19423023E-1, 0.48073325E-2, 0.75824684E-2, 0.49598827E-2, 0.39670445E-1, 0.85780378E-2, 0.44514635E-3
0.20420032E-1, 0.11452507E-2, 0.19456770E-1, 0.48062205E-2, 0.83693191E-2, 0.54738112E-2, 0.43756440E-1, 0.94616879E-2, 0.49100228E-3
0.25747877E-1, 0.11452518E-2, 0.19506190E-1, 0.48052659E-2, 0.72721136E-2, 0.47554974E-2, 0.37990771E-1, 0.82150456E-2, 0.42630971E-3
0.32264259E-1, 0.11452313E-2, 0.19486612E-1, 0.48034908E-2, 0.69378181E-2, 0.45362334E-2, 0.36211051E-1, 0.78302873E-2, 0.40634343E-3
0.32150008E-1, 0.11451892E-2, 0.19394249E-1, 0.48008533E-2, 0.77948142E-2, 0.50958744E-2, 0.40645644E-1, 0.87893177E-2, 0.45611148E-3
0.31759471E-1, 0.11451391E-2, 0.19275891E-1, 0.47979029E-2, 0.85272053E-2, 0.55739558E-2, 0.44424608E-1, 0.96065933E-2, 0.49852341E-3
0.31258222E-1, 0.11450869E-2, 0.19150713E-1, 0.47948631E-2, 0.87996405E-2, 0.57513369E-2, 0.45805175E-1, 0.99052414E-2, 0.51402178E-3
0.31365484E-1, 0.11450330E-2, 0.19020632E-1, 0.47917580E-2, 0.90418831E-2, 0.59089609E-2, 0.47027022E-1, 0.10169571E-1, 0.52773935E-3
0.30972879E-1, 0.11449781E-2, 0.18885722E-1, 0.47885864E-2, 0.78272959E-2, 0.51146243E-2, 0.40677197E-1, 0.87965094E-2, 0.45648590E-3
0.30013788E-1, 0.11449233E-2, 0.18750817E-1, 0.47854036E-2, 0.95371110E-2, 0.62311278E-2, 0.49521603E-1, 0.10709227E-1, 0.55574463E-3
0.30018669E-1, 0.11448683E-2, 0.18616490E-1, 0.47822185E-2, 0.92148092E-2, 0.60198954E-2, 0.47811959E-1, 0.10339604E-1, 0.53656404E-3
0.29805915E-1, 0.11448123E-2, 0.18482726E-1, 0.47790292E-2, 0.11014353E-1, 0.71947728E-2, 0.57107788E-1, 0.12349993E-1, 0.64089184E-3
0.29763471E-1, 0.11447556E-2, 0.18349081E-1, 0.47758329E-2, 0.12049541E-1, 0.78703072E-2, 0.62436435E-1, 0.13502488E-1, 0.70070027E-3
0.31034909E-1, 0.11446984E-2, 0.18215096E-1, 0.47726221E-2, 0.10073983E-1, 0.65793917E-2, 0.52166823E-1, 0.11281684E-1, 0.58545428E-3
0.39745741E-1, 0.11446411E-2, 0.18080220E-1, 0.47693914E-2, 0.65150992E-2, 0.42545977E-2, 0.33706542E-1, 0.72894823E-2, 0.37828216E-3
0.42440433E-1, 0.11445842E-2, 0.17945180E-1, 0.47661504E-2, 0.60347971E-2, 0.39404677E-2, 0.31186005E-1, 0.67444150E-2, 0.34999635E-3
0.45009620E-1, 0.11445269E-2, 0.17810786E-1, 0.47629084E-2, 0.53060753E-2, 0.34642189E-2, 0.27386075E-1, 0.59226495E-2, 0.30735138E-3
0.41016202E-1, 0.11444748E-2, 0.17696140E-1, 0.47598849E-2, 0.54145209E-2, 0.35345899E-2, 0.27912682E-1, 0.60365531E-2, 0.31326237E-3
0.43917704E-1, 0.11444198E-2, 0.17569838E-1, 0.47567184E-2, 0.52224267E-2, 0.34087705E-2, 0.26889371E-1, 0.58152620E-2, 0.30177867E-3
0.42238586E-1, 0.11443627E-2, 0.17438598E-1, 0.47534844E-2, 0.50251884E-2, 0.32796324E-2, 0.25842359E-1, 0.55888430E-2, 0.29002878E-3
0.38341410E-1, 0.11443126E-2, 0.17332587E-1, 0.47505372E-2, 0.52876575E-2, 0.34505127E-2, 0.27161207E-1, 0.58740815E-2, 0.30483102E-3
0.43177653E-1, 0.11442619E-2, 0.17226938E-1, 0.47475868E-2, 0.44594002E-2, 0.29096652E-2, 0.22879912E-1, 0.49481834E-2, 0.25678225E-3
0.40455099E-1, 0.11442080E-2, 0.17110420E-1, 0.47445018E-2, 0.48058606E-2, 0.31353293E-2, 0.24626110E-1, 0.53258291E-2, 0.27637990E-3
0.38625166E-1, 0.11441568E-2, 0.17003572E-1, 0.47415234E-2, 0.51244209E-2, 0.33427612E-2, 0.26229918E-1, 0.56726811E-2, 0.29437948E-3
0.19275129E-1, 0.11441066E-2, 0.16900372E-1, 0.47385804E-2, 0.83225751E-2, 0.54283342E-2, 0.42560272E-1, 0.92044035E-2, 0.47765573E-3
0.10634077E-1, 0.11440595E-2, 0.16808828E-1, 0.47357716E-2, 0.15355633E-1, 0.10014890E-1, 0.78514047E-1, 0.16980009E-1, 0.88116620E-3
0.15090375E-1, 0.11440188E-2, 0.16738292E-1, 0.47332067E-2, 0.10857787E-1, 0.70809992E-2, 0.55511363E-1, 0.12005257E-1, 0.62300591E-3
0.26139362E-1, 0.11439681E-2, 0.16635792E-1, 0.47302563E-2, 0.69077639E-2, 0.45045149E-2, 0.35297878E-1, 0.76337461E-2, 0.39614920E-3
0.30906532E-1, 0.11439148E-2, 0.16525270E-1, 0.47272015E-2, 0.77065728E-2, 0.50248848E-2, 0.39348397E-1, 0.85097346E-2, 0.44160825E-3
0.17393442E-1, 0.11438628E-2, 0.16419789E-1, 0.47241999E-2, 0.91591785E-2, 0.59714499E-2, 0.46734266E-1, 0.10107022E-1, 0.52449876E-3
0.16817700E-1, 0.11438073E-2, 0.16303672E-1, 0.47210664E-2, 0.10147801E-1, 0.66154329E-2, 0.51760033E-1, 0.11193892E-1, 0.58090145E-3
0.14177362E-1, 0.11437500E-2, 0.16184116E-1, 0.47178846E-2, 0.11983862E-1, 0.78118038E-2, 0.61107960E-1, 0.13215477E-1, 0.68581110E-3
0.14605156E-1, 0.11436930E-2, 0.16064851E-1, 0.47146957E-2, 0.12762875E-1, 0.83190901E-2, 0.65068655E-1, 0.14071962E-1, 0.73025876E-3
0.20321848E-1, 0.11436358E-2, 0.15945762E-1, 0.47115013E-2, 0.85317306E-2, 0.55607539E-2, 0.43483686E-1, 0.94038835E-2, 0.48801102E-3
0.21492470E-1, 0.11435801E-2, 0.15831752E-1, 0.47083572E-2, 0.88308407E-2, 0.57551973E-2, 0.44983603E-1, 0.97282259E-2, 0.50484273E-3
0.20509452E-1, 0.11435283E-2, 0.15731502E-1, 0.47053685E-2, 0.90822512E-2, 0.59185657E-2, 0.46243016E-1, 0.10000542E-1, 0.51897456E-3
0.20911599E-1, 0.11434781E-2, 0.15637998E-1, 0.47024535E-2, 0.95128808E-2, 0.61986996E-2, 0.48412684E-1, 0.10469699E-1, 0.54332137E-3
0.24323227E-1, 0.11434329E-2, 0.15562243E-1, 0.46997410E-2, 0.10380454E-1, 0.67635439E-2, 0.52803528E-1, 0.11419198E-1, 0.59259532E-3
0.27072465E-1, 0.11433942E-2, 0.15508286E-1, 0.46972805E-2, 0.10358647E-1, 0.67489101E-2, 0.52665059E-1, 0.11389174E-1, 0.59103774E-3
0.23059459E-1, 0.11433741E-2, 0.15515016E-1, 0.46955398E-2, 0.10229805E-1, 0.66645597E-2, 0.51985357E-1, 0.11242110E-1, 0.58340619E-3
0.31259716E-1, 0.11433549E-2, 0.15524747E-1, 0.46938355E-2, 0.93910946E-2, 0.61177267E-2, 0.47694702E-1, 0.10314154E-1, 0.53525052E-3
0.31961136E-1, 0.11433142E-2, 0.15464188E-1, 0.46912967E-2, 0.10980711E-1, 0.71528577E-2, 0.55732891E-1, 0.12052341E-1, 0.62545377E-3
0.30934207E-1, 0.11432720E-2, 0.15399791E-1, 0.46887100E-2, 0.90296958E-2, 0.58816411E-2, 0.45803037E-1, 0.99049071E-2, 0.51401329E-3
0.30531984E-1, 0.11432298E-2, 0.15336404E-1, 0.46861283E-2, 0.10220946E-1, 0.66571566E-2, 0.51811796E-1, 0.11204205E-1, 0.58144028E-3
0.30037468E-1, 0.11431874E-2, 0.15273932E-1, 0.46835537E-2, 0.13894369E-1, 0.90493718E-2, 0.70397615E-1, 0.15223179E-1, 0.79000479E-3
0.30125599E-1, 0.11431444E-2, 0.15208027E-1, 0.46809353E-2, 0.12057026E-1, 0.78525012E-2, 0.61063290E-1, 0.13204502E-1, 0.68524660E-3
0.30189374E-1, 0.11431002E-2, 0.15139231E-1, 0.46782782E-2, 0.13188220E-1, 0.85889418E-2, 0.66762015E-1, 0.14436617E-1, 0.74918778E-3
0.30122150E-1, 0.11430550E-2, 0.15068513E-1, 0.46755946E-2, 0.10802400E-1, 0.70349178E-2, 0.54659419E-1, 0.11819395E-1, 0.61336777E-3
0.30267216E-1, 0.11430094E-2, 0.14997220E-1, 0.46728970E-2, 0.11982993E-1, 0.78034238E-2, 0.60601175E-1, 0.13104053E-1, 0.68003562E-3
0.26565935E-1, 0.11429668E-2, 0.14935074E-1, 0.46703047E-2, 0.13756510E-1, 0.89580910E-2, 0.69540232E-1, 0.15036754E-1, 0.78033411E-3
0.19522298E-1, 0.11429639E-2, 0.15006052E-1, 0.46692872E-2, 0.13841482E-1, 0.90131899E-2, 0.69955789E-1, 0.15126348E-1, 0.78498467E-3
0.81548132E-2, 0.11429784E-2, 0.15126325E-1, 0.46689040E-2, 0.22108862E-1, 0.14396798E-1, 0.11176435, 0.24165949E-1, 0.12540991E-2
0.92299469E-2, 0.11429995E-2, 0.15265880E-1, 0.46687666E-2, 0.18323373E-1, 0.11932030E-1, 0.92668697E-1, 0.20036526E-1, 0.10398043E-2
0.15989745E-1, 0.11430117E-2, 0.15379876E-1, 0.46683168E-2, 0.16151713E-1, 0.10517773E-1, 0.81702203E-1, 0.17664991E-1, 0.91673480E-3
0.23511698E-1, 0.11430026E-2, 0.15427562E-1, 0.46670632E-2, 0.13365780E-1, 0.87034013E-2, 0.67600079E-1, 0.14615671E-1, 0.75848983E-3
0.25930643E-1, 0.11429741E-2, 0.15410161E-1, 0.46650413E-2, 0.14239679E-1, 0.92721879E-2, 0.71999706E-1, 0.15566625E-1, 0.80784137E-3
0.17973449E-1, 0.11429450E-2, 0.15389776E-1, 0.46629915E-2, 0.15595686E-1, 0.10154876E-1, 0.78835845E-1, 0.17044289E-1, 0.88452711E-3
0.84305219E-2, 0.11429511E-2, 0.15475256E-1, 0.46622497E-2, 0.19011512E-1, 0.12379044E-1, 0.96127853E-1, 0.20782331E-1, 0.10785181E-2
0.88947127E-2, 0.11429579E-2, 0.15559775E-1, 0.46615149E-2, 0.18592048E-1, 0.12105924E-1, 0.94038017E-1, 0.20329991E-1, 0.10550466E-2
0.93145175E-2, 0.11429653E-2, 0.15641838E-1, 0.46607740E-2, 0.19492211E-1, 0.12692134E-1, 0.98625720E-1, 0.21321252E-1, 0.11064919E-2
0.91998484E-2, 0.11429696E-2, 0.15713517E-1, 0.46599186E-2, 0.19182269E-1, 0.12490397E-1, 0.97091481E-1, 0.20989021E-1, 0.10892532E-2
0.89746211E-2, 0.11429788E-2, 0.15804056E-1, 0.46592755E-2, 0.19131387E-1, 0.12457280E-1, 0.96866354E-1, 0.20939803E-1, 0.10867018E-2
0.10867534E-1, 0.11429921E-2, 0.15911756E-1, 0.46588257E-2, 0.19146997E-1, 0.12467484E-1, 0.96978463E-1, 0.20963494E-1, 0.10879341E-2
0.13764918E-1, 0.11429990E-2, 0.16005721E-1, 0.46581915E-2, 0.16870301E-1, 0.10984916E-1, 0.85462883E-1, 0.18473759E-1, 0.95872756E-3
0.15075820E-1, 0.11430004E-2, 0.16081603E-1, 0.46573421E-2, 0.18057982E-1, 0.11758131E-1, 0.91491401E-1, 0.19776428E-1, 0.10263339E-2
0.16260780E-1, 0.11429974E-2, 0.16142651E-1, 0.46563232E-2, 0.18747928E-1, 0.12207366E-1, 0.95002517E-1, 0.20534856E-1, 0.10656971E-2
0.17660338E-1, 0.11429896E-2, 0.16188793E-1, 0.46551307E-2, 0.18737046E-1, 0.12200310E-1, 0.94961844E-1, 0.20525541E-1, 0.10652163E-2
0.19570945E-1, 0.11429761E-2, 0.16215030E-1, 0.46537039E-2, 0.20937303E-1, 0.13633108E-1, 0.10613035, 0.22938939E-1, 0.11904670E-2
0.21321656E-1, 0.11429548E-2, 0.16216878E-1, 0.46519903E-2, 0.18846512E-1, 0.12271933E-1, 0.95547393E-1, 0.20650983E-1, 0.10717309E-2
0.13766799E-1, 0.11429400E-2, 0.16235748E-1, 0.46504973E-2, 0.20048736E-1, 0.13054782E-1, 0.10165199, 0.21969799E-1, 0.11401768E-2
0.77993912E-2, 0.11429607E-2, 0.16357966E-1, 0.46502999E-2, 0.22647066E-1, 0.14747094E-1, 0.11488452, 0.24828985E-1, 0.12885644E-2
0.79147061E-2, 0.11429851E-2, 0.16486201E-1, 0.46502082E-2, 0.29003106E-1, 0.18886764E-1, 0.14722694, 0.31817790E-1, 0.16512712E-2
0.84000845E-2, 0.11430165E-2, 0.16582239E-1, 0.46499884E-2, 0.42308886E-1, 0.27555902E-1, 0.21505751, 0.46474919E-1, 0.24119536E-2
0.81884265E-2, 0.11430426E-2, 0.16646070E-1, 0.46494561E-2, 0.45648616E-1, 0.29737741E-1, 0.23244078, 0.50228957E-1, 0.26067935E-2
0.79256194E-2, 0.11430782E-2, 0.16731819E-1, 0.46492303E-2, 0.50203860E-1, 0.32713782E-1, 0.25614449, 0.55348195E-1, 0.28724889E-2
0.78173252E-2, 0.11431245E-2, 0.16844625E-1, 0.46493667E-2, 0.52562498E-1, 0.34260899E-1, 0.26877138, 0.58073547E-1, 0.30139482E-2
0.78112665E-2, 0.11431728E-2, 0.16969472E-1, 0.46496266E-2, 0.51142018E-1, 0.33344954E-1, 0.26209018, 0.56627207E-1, 0.29389011E-2
0.78362105E-2, 0.11432185E-2, 0.17096400E-1, 0.46498682E-2, 0.48418559E-1, 0.31577960E-1, 0.24865326, 0.53721834E-1, 0.27881311E-2
0.78989826E-2, 0.11432698E-2, 0.17236436E-1, 0.46502980E-2, 0.54991324E-1, 0.35875149E-1, 0.28302824, 0.61146326E-1, 0.31734775E-2
0.78781312E-2, 0.11433297E-2, 0.17384456E-1, 0.46509258E-2, 0.60867239E-1, 0.39722484E-1, 0.31407213, 0.67850895E-1, 0.35214645E-2
0.78997929E-2, 0.11433891E-2, 0.17517570E-1, 0.46514408E-2, 0.63061774E-1, 0.41170649E-1, 0.32630044, 0.70490748E-1, 0.36584972E-2
0.79495395E-2, 0.11434490E-2, 0.17655851E-1, 0.46520052E-2, 0.55664010E-1, 0.36354352E-1, 0.28878739, 0.62385701E-1, 0.32378635E-2
0.89118164E-2, 0.11434898E-2, 0.17748876E-1, 0.46519595E-2, 0.43424848E-1, 0.28368585E-1, 0.22575311, 0.48768274E-1, 0.25311238E-2
0.94249053E-2, 0.11435178E-2, 0.17806901E-1, 0.46514687E-2, 0.38972024E-1, 0.25464509E-1, 0.20291911, 0.43835413E-1, 0.22751149E-2
0.89193070E-2, 0.11435435E-2, 0.17861009E-1, 0.46509234E-2, 0.41042320E-1, 0.26821956E-1, 0.21401210, 0.46231709E-1, 0.23994984E-2
0.82756858E-2, 0.11435729E-2, 0.17920494E-1, 0.46504713E-2, 0.43834817E-1, 0.28652737E-1, 0.22894774, 0.49458411E-1, 0.25669823E-2
0.83700987E-2, 0.11436092E-2, 0.17994769E-1, 0.46502287E-2, 0.49679726E-1, 0.32480929E-1, 0.25995588, 0.56157500E-1, 0.29146944E-2
0.80898739E-2, 0.11436590E-2, 0.18107247E-1, 0.46504773E-2, 0.56232788E-1, 0.36776397E-1, 0.29490295, 0.63707851E-1, 0.33065949E-2
0.82657058E-2, 0.11437176E-2, 0.18238870E-1, 0.46510007E-2, 0.61601635E-1, 0.40301930E-1, 0.32388788, 0.69971040E-1, 0.36316956E-2
0.81046335E-2, 0.11437746E-2, 0.18363724E-1, 0.46514571E-2, 0.57130814E-1, 0.37390482E-1, 0.30116490, 0.65064095E-1, 0.33770374E-2
0.83027771E-2, 0.11438254E-2, 0.18467365E-1, 0.46516708E-2, 0.54019418E-1, 0.35365716E-1, 0.28544441, 0.61670043E-1, 0.32008975E-2
0.82103899E-2, 0.11438729E-2, 0.18570190E-1, 0.46518375E-2, 0.47422543E-1, 0.31055439E-1, 0.25111240, 0.54254733E-1, 0.28160342E-2
0.81502115E-2, 0.11439186E-2, 0.18681996E-1, 0.46520485E-2, 0.47180519E-1, 0.30904371E-1, 0.25030285, 0.54082040E-1, 0.28070875E-2
0.81740255E-2, 0.11439634E-2, 0.18806234E-1, 0.46523446E-2, 0.38598444E-1, 0.25287990E-1, 0.20511183, 0.44319585E-1, 0.23003879E-2
0.82181161E-2, 0.11440009E-2, 0.18922310E-1, 0.46524759E-2, 0.35408210E-1, 0.23201054E-1, 0.18840042, 0.40710177E-1, 0.21130552E-2
0.83189709E-2, 0.11440387E-2, 0.19053955E-1, 0.46527367E-2, 0.32182649E-1, 0.21089680E-1, 0.17142436, 0.37043288E-1, 0.19227338E-2
0.85836602E-2, 0.11440732E-2, 0.19188186E-1, 0.46529751E-2, 0.27106496E-1, 0.17764276E-1, 0.14450678, 0.31227676E-1, 0.16208806E-2
0.88449530E-2, 0.11441025E-2, 0.19313050E-1, 0.46530752E-2, 0.24548685E-1, 0.16088407E-1, 0.13095322, 0.28299619E-1, 0.14689042E-2
0.10485379E-1, 0.11441207E-2, 0.19407798E-1, 0.46527958E-2, 0.18155312E-1, 0.11898141E-1, 0.96881188E-1, 0.20937007E-1, 0.10867477E-2
0.11720913E-1, 0.11441308E-2, 0.19480394E-1, 0.46522436E-2, 0.16715899E-1, 0.10954167E-1, 0.89207225E-1, 0.19278968E-1, 0.10006889E-2
0.11081005E-1, 0.11441410E-2, 0.19551307E-1, 0.46516787E-2, 0.17413663E-1, 0.11410527E-1, 0.92928506E-1, 0.20083578E-1, 0.10424554E-2
0.89268656E-2, 0.11441557E-2, 0.19620754E-1, 0.46511767E-2, 0.23127295E-1, 0.15154044E-1, 0.12345638, 0.26681818E-1, 0.13849464E-2
0.85926624E-2, 0.11441727E-2, 0.19684913E-1, 0.46506734E-2, 0.27556511E-1, 0.18056491E-1, 0.14718427, 0.31810891E-1, 0.16511808E-2
0.83042961E-2, 0.11441997E-2, 0.19772541E-1, 0.46504913E-2, 0.34425862E-1, 0.22559185E-1, 0.18404116, 0.39778195E-1, 0.20647408E-2
0.82580056E-2, 0.11442364E-2, 0.19888667E-1, 0.46506673E-2, 0.38609151E-1, 0.25303090E-1, 0.20664470, 0.44665657E-1, 0.23184421E-2
0.83064521E-2, 0.11442743E-2, 0.19961901E-1, 0.46505448E-2, 0.48849083E-1, 0.32020628E-1, 0.26189584, 0.56611307E-1, 0.29385167E-2
0.83087329E-2, 0.11443167E-2, 0.20031475E-1, 0.46504671E-2, 0.56937665E-1, 0.37333008E-1, 0.30591756, 0.66132002E-1, 0.34327288E-2
0.82882429E-2, 0.11443688E-2, 0.20121859E-1, 0.46506841E-2, 0.57852820E-1, 0.37945449E-1, 0.31159273, 0.67364581E-1, 0.34967375E-2
0.83081108E-2, 0.11444262E-2, 0.20225564E-1, 0.46510873E-2, 0.61893001E-1, 0.40609598E-1, 0.33421054, 0.72261408E-1, 0.37509524E-2
0.83301803E-2, 0.11444862E-2, 0.20336159E-1, 0.46515870E-2, 0.62489502E-1, 0.41016247E-1, 0.33834478, 0.73163338E-1, 0.37978042E-2
0.83602378E-2, 0.11445422E-2, 0.20434845E-1, 0.46519376E-2, 0.55485751E-1, 0.36431711E-1, 0.30118394, 0.65135114E-1, 0.33811005E-2
0.83928732E-2, 0.11445911E-2, 0.20523706E-1, 0.46521192E-2, 0.50800029E-1, 0.33364557E-1, 0.27635074, 0.59771080E-1, 0.31026818E-2
0.83875656E-2, 0.11446384E-2, 0.20611523E-1, 0.46522734E-2, 0.57244964E-1, 0.37608054E-1, 0.31209204, 0.67509331E-1, 0.35043969E-2
0.84058587E-2, 0.11446872E-2, 0.20690903E-1, 0.46523940E-2, 0.52180439E-1, 0.34291226E-1, 0.28513098, 0.61685149E-1, 0.32020910E-2
0.84272064E-2, 0.11447392E-2, 0.20777283E-1, 0.46526152E-2, 0.67688994E-1, 0.44498064E-1, 0.37080491, 0.80231354E-1, 0.41648671E-2
0.84484695E-2, 0.11447989E-2, 0.20885970E-1, 0.46531176E-2, 0.55979177E-1, 0.36813710E-1, 0.30747774, 0.66540137E-1, 0.34541788E-2
0.85195862E-2, 0.11448438E-2, 0.20952052E-1, 0.46530934E-2, 0.48924882E-1, 0.32183491E-1, 0.26930416, 0.58287475E-1, 0.30257970E-2
0.86545581E-2, 0.11448822E-2, 0.21002876E-1, 0.46528662E-2, 0.46811722E-1, 0.30800313E-1, 0.25814545, 0.55879790E-1, 0.29008335E-2
0.86427918E-2, 0.11449201E-2, 0.21053404E-1, 0.46526380E-2, 0.48473839E-1, 0.31900927E-1, 0.26779604, 0.57976786E-1, 0.30097149E-2
0.85952068E-2, 0.11449603E-2, 0.21107733E-1, 0.46524666E-2, 0.47503047E-1, 0.31269085E-1, 0.26291674, 0.56928553E-1, 0.29553219E-2
0.85342880E-2, 0.11450039E-2, 0.21168618E-1, 0.46523968E-2, 0.52229673E-1, 0.34388676E-1, 0.28963688, 0.62723778E-1, 0.32561952E-2
0.85444301E-2, 0.11450561E-2, 0.21248154E-1, 0.46525965E-2, 0.54055415E-1, 0.35600573E-1, 0.30040070, 0.65065943E-1, 0.33778127E-2
0.85661635E-2, 0.11451207E-2, 0.21354623E-1, 0.46531772E-2, 0.67005351E-1, 0.44144653E-1, 0.37331331, 0.80874756E-1, 0.41985465E-2
0.85919695E-2, 0.11451961E-2, 0.21484610E-1, 0.46540922E-2, 0.68097331E-1, 0.44883031E-1, 0.38052395, 0.82456142E-1, 0.42806892E-2
0.86171795E-2, 0.11452698E-2, 0.21613207E-1, 0.46549793E-2, 0.66394195E-1, 0.43779049E-1, 0.37210700, 0.80652006E-1, 0.41870722E-2
0.86407885E-2, 0.11453385E-2, 0.21745007E-1, 0.46558222E-2, 0.60895316E-1, 0.40168606E-1, 0.34222484, 0.74193195E-1, 0.38518016E-2
0.86622033E-2, 0.11453999E-2, 0.21876432E-1, 0.46565677E-2, 0.51228922E-1, 0.33802409E-1, 0.28855652, 0.62571958E-1, 0.32485069E-2
0.86900340E-2, 0.11454475E-2, 0.21955192E-1, 0.46567232E-2, 0.52788217E-1, 0.34840398E-1, 0.29794925, 0.64622417E-1, 0.33549895E-2
0.87143127E-2, 0.11454945E-2, 0.22015627E-1, 0.46567367E-2, 0.55814207E-1, 0.36848105E-1, 0.31571594, 0.68491504E-1, 0.35558911E-2
0.87163374E-2, 0.11455524E-2, 0.22100292E-1, 0.46570920E-2, 0.71425490E-1, 0.47171976E-1, 0.40510058, 0.87906688E-1, 0.45639230E-2
0.87402267E-2, 0.11456227E-2, 0.22219382E-1, 0.46578911E-2, 0.66540562E-1, 0.43965049E-1, 0.37854248, 0.82169034E-1, 0.42660860E-2
0.87622516E-2, 0.11456875E-2, 0.22327133E-1, 0.46585253E-2, 0.63233957E-1, 0.41796844E-1, 0.36073798, 0.78327842E-1, 0.40667038E-2
0.87825879E-2, 0.11457463E-2, 0.22444367E-1, 0.46591568E-2, 0.56922052E-1, 0.37637584E-1, 0.32554069, 0.70705712E-1, 0.36710103E-2
0.88001899E-2, 0.11457966E-2, 0.22563746E-1, 0.46596816E-2, 0.50854672E-1, 0.33634961E-1, 0.29145947, 0.63320257E-1, 0.32875915E-2
0.88146087E-2, 0.11458363E-2, 0.22672404E-1, 0.46599777E-2, 0.36359441E-1, 0.24051843E-1, 0.20870262, 0.45351151E-1, 0.23546536E-2
0.88294391E-2, 0.11458776E-2, 0.22786627E-1, 0.46603475E-2, 0.39586492E-1, 0.26189193E-1, 0.22749311, 0.49443845E-1, 0.25671660E-2
0.88447100E-2, 0.11459205E-2, 0.22902055E-1, 0.46607535E-2, 0.39384279E-1, 0.26058299E-1, 0.22661313, 0.49262591E-1, 0.25577743E-2
0.88581070E-2, 0.11459569E-2, 0.22985226E-1, 0.46608364E-2, 0.41122995E-1, 0.27212156E-1, 0.23692983, 0.51516104E-1, 0.26747987E-2
0.88706175E-2, 0.11459904E-2, 0.23051392E-1, 0.46607540E-2, 0.42602241E-1, 0.28195046E-1, 0.24579839, 0.53456202E-1, 0.27755531E-2
0.88842493E-2, 0.11460285E-2, 0.23134099E-1, 0.46608555E-2, 0.43800343E-1, 0.28992319E-1, 0.25307995, 0.55052459E-1, 0.28584560E-2
0.89020263E-2, 0.11460682E-2, 0.23235293E-1, 0.46611247E-2, 0.36977023E-1, 0.24478776E-1, 0.21393330, 0.46547145E-1, 0.24168582E-2
0.90164728E-2, 0.11461006E-2, 0.23326324E-1, 0.46612173E-2, 0.28791687E-1, 0.19060915E-1, 0.16672231, 0.36281623E-1, 0.18838560E-2
0.89602275E-2, 0.11461338E-2, 0.23418935E-1, 0.46613440E-2, 0.32943785E-1, 0.21810018E-1, 0.19090301, 0.41550789E-1, 0.21574602E-2
0.90665333E-2, 0.11461665E-2, 0.23506869E-1, 0.46614315E-2, 0.31296771E-1, 0.20720290E-1, 0.18150690, 0.39512713E-1, 0.20516491E-2
0.97398050E-2, 0.11461967E-2, 0.23595395E-1, 0.46614925E-2, 0.25730083E-1, 0.17034616E-1, 0.14930971, 0.32508772E-1, 0.16879883E-2
0.11316139E-1, 0.11462166E-2, 0.23656301E-1, 0.46612071E-2, 0.23932779E-1, 0.15843857E-1, 0.13892527, 0.30251997E-1, 0.15708142E-2
0.99482127E-2, 0.11462374E-2, 0.23715850E-1, 0.46609286E-2, 0.30395810E-1, 0.20121504E-1, 0.17650770, 0.38441628E-1, 0.19960648E-2
0.89685721E-2, 0.11462745E-2, 0.23805851E-1, 0.46611130E-2, 0.36032684E-1, 0.23854310E-1, 0.20943272, 0.45620814E-1, 0.23688551E-2
0.93128188E-2, 0.11463125E-2, 0.23906995E-1, 0.46613947E-2, 0.29266287E-1, 0.19375416E-1, 0.17024577, 0.37091553E-1, 0.19259874E-2
0.10887301E-1, 0.11463374E-2, 0.23977827E-1, 0.46612686E-2, 0.29304467E-1, 0.19400492E-1, 0.17056881, 0.37168071E-1, 0.19299708E-2
0.13562115E-1, 0.11463427E-2, 0.23993991E-1, 0.46604662E-2, 0.24462180E-1, 0.16194154E-1, 0.14244002, 0.31043388E-1, 0.16119513E-2
0.15906302E-1, 0.11463378E-2, 0.23978943E-1, 0.46592811E-2, 0.24481375E-1, 0.16205918E-1, 0.14257945, 0.31078091E-1, 0.16137597E-2
0.18145699E-1, 0.11463282E-2, 0.23949692E-1, 0.46579204E-2, 0.26168203E-1, 0.17321700E-1, 0.15243295, 0.33230610E-1, 0.17255391E-2
0.15015228E-1, 0.11463221E-2, 0.23932053E-1, 0.46566981E-2, 0.22936769E-1, 0.15181876E-1, 0.13362789, 0.29135160E-1, 0.15128850E-2
0.10169138E-1, 0.11463580E-2, 0.24039857E-1, 0.46570133E-2, 0.28663857E-1, 0.18971737E-1, 0.16704869, 0.36427237E-1, 0.18915450E-2
0.92615988E-2, 0.11464203E-2, 0.24219733E-1, 0.46582473E-2, 0.32624453E-1, 0.21593299E-1, 0.19026342, 0.41496709E-1, 0.21547987E-2
0.12536614E-1, 0.11464681E-2, 0.24356805E-1, 0.46589668E-2, 0.25549410E-1, 0.16910395E-1, 0.14909355, 0.32522898E-1, 0.16888266E-2
0.16342953E-1, 0.11464705E-2, 0.24361156E-1, 0.46580518E-2, 0.22207202E-1, 0.14697158E-1, 0.12960446, 0.28275453E-1, 0.14682746E-2
0.15061752E-1, 0.11464735E-2, 0.24368450E-1, 0.46571693E-2, 0.23211135E-1, 0.15360329E-1, 0.13547248, 0.29559487E-1, 0.15349573E-2
0.15289386E-1, 0.11464957E-2, 0.24431899E-1, 0.46569798E-2, 0.24160605E-1, 0.15987588E-1, 0.14104025, 0.30778464E-1, 0.15982629E-2
0.12876358E-1, 0.11465028E-2, 0.24449732E-1, 0.46562417E-2, 0.20835157E-1, 0.13785745E-1, 0.12162550, 0.26545085E-1, 0.13784380E-2
0.12032880E-1, 0.11465444E-2, 0.24566878E-1, 0.46567358E-2, 0.24457783E-1, 0.16181448E-1, 0.14280307, 0.31171096E-1, 0.16186653E-2
0.20850938E-1, 0.11465524E-2, 0.24587322E-1, 0.46560369E-2, 0.19682985E-1, 0.13021234E-1, 0.11492691, 0.25089413E-1, 0.13028583E-2
0.13687542E-1, 0.11465622E-2, 0.24577646E-1, 0.46551386E-2, 0.49777016E-1, 0.32930188E-1, 0.29078573, 0.63492775E-1, 0.32971122E-2
0.89847576E-2, 0.11466360E-2, 0.24689311E-1, 0.46560601E-2, 0.56511406E-1, 0.37395421E-1, 0.33082664, 0.72257534E-1, 0.37522949E-2
0.90105310E-2, 0.11467161E-2, 0.24807274E-1, 0.46571232E-2, 0.68940066E-1, 0.45635518E-1, 0.40462714, 0.88408656E-1, 0.45910696E-2
0.90382164E-2, 0.11468028E-2, 0.24957243E-1, 0.46585263E-2, 0.53682499E-1, 0.35547730E-1, 0.31588328, 0.69044121E-1, 0.35855109E-2
0.90600196E-2, 0.11468700E-2, 0.25087006E-1, 0.46595042E-2, 0.52816432E-1, 0.34982540E-1, 0.31141263, 0.68089008E-1, 0.35359482E-2
0.90742121E-2, 0.11469112E-2, 0.25170909E-1, 0.46597794E-2, 0.40807195E-1, 0.27032962E-1, 0.24100280, 0.52709624E-1, 0.27373030E-2
0.90855705E-2, 0.11469398E-2, 0.25226578E-1, 0.46596662E-2, 0.31262357E-1, 0.20710533E-1, 0.18480344, 0.40427506E-1, 0.20994865E-2
0.91022030E-2, 0.11469928E-2, 0.25296258E-1, 0.46600089E-2, 0.53827669E-1, 0.35664368E-1, 0.31864676, 0.69725722E-1, 0.36210380E-2
0.91226948E-2, 0.11470558E-2, 0.25360823E-1, 0.46604569E-2, 0.52913021E-1, 0.35066720E-1, 0.31386480, 0.68702936E-1, 0.35679620E-2
0.91449432E-2, 0.11471257E-2, 0.25440002E-1, 0.46611149E-2, 0.58318231E-1, 0.38658932E-1, 0.34666651, 0.75910591E-1, 0.39423234E-2
0.91684330E-2, 0.11471995E-2, 0.25528491E-1, 0.46619046E-2, 0.57265837E-1, 0.37972122E-1, 0.34118536, 0.74739188E-1, 0.38815357E-2
0.91924053E-2, 0.11472756E-2, 0.25620554E-1, 0.46627508E-2, 0.62189884E-1, 0.41249812E-1, 0.37140584, 0.81392169E-1, 0.42271083E-2
0.92178350E-2, 0.11473565E-2, 0.25734017E-1, 0.46638357E-2, 0.62554769E-1, 0.41505918E-1, 0.37453988, 0.82114495E-1, 0.42646793E-2
0.92411004E-2, 0.11474305E-2, 0.25855713E-1, 0.46648853E-2, 0.58877453E-1, 0.39078195E-1, 0.35337821, 0.77508390E-1, 0.40255082E-2
0.92597585E-2, 0.11474888E-2, 0.25963081E-1, 0.46656118E-2, 0.46261691E-1, 0.30711915E-1, 0.27820790, 0.61044227E-1, 0.31704553E-2
0.92750499E-2, 0.11475256E-2, 0.26032401E-1, 0.46657552E-2, 0.39867599E-1, 0.26470024E-1, 0.24008176, 0.52695282E-1, 0.27368614E-2
0.93940487E-2, 0.11475448E-2, 0.26061028E-1, 0.46653487E-2, 0.32845780E-1, 0.21808868E-1, 0.19799103, 0.43468565E-1, 0.22576666E-2
0.94545595E-2, 0.11475686E-2, 0.26090432E-1, 0.46650111E-2, 0.41525595E-1, 0.27572267E-1, 0.25052807, 0.55018086E-1, 0.28575487E-2
0.93111647E-2, 0.11476453E-2, 0.26191512E-1, 0.46659624E-2, 0.68775006E-1, 0.45678109E-1, 0.41582617, 0.91356277E-1, 0.47449521E-2
0.93374476E-2, 0.11477304E-2, 0.26327357E-1, 0.46673007E-2, 0.58240395E-1, 0.38694955E-1, 0.35305625, 0.77603683E-1, 0.40307143E-2
0.93574747E-2, 0.11477947E-2, 0.26440866E-1, 0.46681766E-2, 0.43014873E-1, 0.28584970E-1, 0.26124015, 0.57444863E-1, 0.29837044E-2
0.93752649E-2, 0.11478512E-2, 0.26547462E-1, 0.46688989E-2, 0.35705794E-1, 0.23729445E-1, 0.21709584, 0.47752690E-1, 0.24803134E-2
0.93913674E-2, 0.11479021E-2, 0.26641287E-1, 0.46694507E-2, 0.33910558E-1, 0.22536488E-1, 0.20634933, 0.45401394E-1, 0.23582038E-2
0.94080660E-2, 0.11479552E-2, 0.26733609E-1, 0.46700276E-2, 0.39815329E-1, 0.26461320E-1, 0.24250299, 0.53371556E-1, 0.27722071E-2
0.94276201E-2, 0.11480185E-2, 0.26829526E-1, 0.46707778E-2, 0.47599018E-1, 0.31638127E-1, 0.29031536, 0.63916735E-1, 0.33199734E-2
0.94484491E-2, 0.11480793E-2, 0.26896682E-1, 0.46712826E-2, 0.46742830E-1, 0.31073799E-1, 0.28554663, 0.62890902E-1, 0.32667262E-2
0.94724158E-2, 0.11481429E-2, 0.26950125E-1, 0.46717329E-2, 0.52495301E-1, 0.34904201E-1, 0.32124144, 0.70781253E-1, 0.36766154E-2
0.94876187E-2, 0.11482136E-2, 0.27015891E-1, 0.46723750E-2, 0.51295407E-1, 0.34113389E-1, 0.31448454, 0.69322497E-1, 0.36008863E-2
0.95100626E-2, 0.11482877E-2, 0.27088162E-1, 0.46731131E-2, 0.54407939E-1, 0.36191113E-1, 0.33420566, 0.73702574E-1, 0.38284510E-2
0.95330235E-2, 0.11483636E-2, 0.27163748E-1, 0.46739075E-2, 0.53103905E-1, 0.35331663E-1, 0.32683939, 0.72111301E-1, 0.37458413E-2
0.95559200E-2, 0.11484392E-2, 0.27238181E-1, 0.46746959E-2, 0.53182945E-1, 0.35391826E-1, 0.32795501, 0.72390743E-1, 0.37604030E-2
0.95776813E-2, 0.11485117E-2, 0.27304165E-1, 0.46753734E-2, 0.46883982E-1, 0.31205740E-1, 0.28961849, 0.63956752E-1, 0.33223305E-2
0.96001327E-2, 0.11485864E-2, 0.27376136E-1, 0.46761339E-2, 0.54656450E-1, 0.36385741E-1, 0.33822611, 0.74724197E-1, 0.38817097E-2
0.96249739E-2, 0.11486695E-2, 0.27476834E-1, 0.46772333E-2, 0.54463096E-1, 0.36265347E-1, 0.33770502, 0.74645549E-1, 0.38776763E-2
0.96488036E-2, 0.11487496E-2, 0.27591767E-1, 0.46783960E-2, 0.52915394E-1, 0.35242438E-1, 0.32874516, 0.72700463E-1, 0.37766832E-2
0.96743517E-2, 0.11488164E-2, 0.27700499E-1, 0.46793311E-2, 0.40702738E-1, 0.27112497E-1, 0.25326413, 0.56032430E-1, 0.29108368E-2
0.96974457E-2, 0.11488774E-2, 0.27804978E-1, 0.46801525E-2, 0.35481732E-1, 0.23635350E-1, 0.22099078, 0.48909526E-1, 0.25408322E-2
0.97055929E-2, 0.11489404E-2, 0.27917016E-1, 0.46810666E-2, 0.36192343E-1, 0.24108920E-1, 0.22560914, 0.49948256E-1, 0.25948170E-2
0.97334292E-2, 0.11489904E-2, 0.28006619E-1, 0.46816361E-2, 0.33707175E-1, 0.22453306E-1, 0.21028233, 0.46570212E-1, 0.24193483E-2
0.97836629E-2, 0.11490197E-2, 0.28041393E-1, 0.46815109E-2, 0.36069706E-1, 0.24025945E-1, 0.22516859, 0.49883313E-1, 0.25914882E-2
0.97522158E-2, 0.11490927E-2, 0.28119747E-1, 0.46823295E-2, 0.62760077E-1, 0.41812133E-1, 0.39246383, 0.86985469E-1, 0.45190365E-2
0.97764051E-2, 0.11491799E-2, 0.28210271E-1, 0.46834378E-2, 0.48431441E-1, 0.32274056E-1, 0.30349717, 0.67302980E-1, 0.34965491E-2
0.97995130E-2, 0.11492589E-2, 0.28282953E-1, 0.46843053E-2, 0.59481934E-1, 0.39646000E-1, 0.37345204, 0.82858846E-1, 0.43047722E-2
0.98260473E-2, 0.11493480E-2, 0.28391182E-1, 0.46855742E-2, 0.63178189E-1, 0.42122025E-1, 0.39759776, 0.88268973E-1, 0.45859171E-2
0.98744100E-2, 0.11494401E-2, 0.28503638E-1, 0.46869279E-2, 0.63468389E-1, 0.42329375E-1, 0.40043169, 0.88954113E-1, 0.46215886E-2
0.98782973E-2, 0.11495312E-2, 0.28616641E-1, 0.46882792E-2, 0.54787304E-1, 0.36550317E-1, 0.34646291, 0.77011459E-1, 0.40011741E-2
0.99004265E-2, 0.11496079E-2, 0.28723048E-1, 0.46893819E-2, 0.40075306E-1, 0.26738880E-1, 0.25381100, 0.56444392E-1, 0.29326375E-2
0.99205738E-2, 0.11496777E-2, 0.28808769E-1, 0.46902392E-2, 0.42619217E-1, 0.28437437E-1, 0.27021807, 0.60118686E-1, 0.31235744E-2
0.99419812E-2, 0.11497525E-2, 0.28865404E-1, 0.46909503E-2, 0.53025570E-1, 0.35385869E-1, 0.33671480, 0.74950166E-1, 0.38942194E-2
0.99669378E-2, 0.11498397E-2, 0.28947340E-1, 0.46920287E-2, 0.51337175E-1, 0.34265660E-1, 0.32658672, 0.72735630E-1, 0.37792111E-2
0.99904668E-2, 0.11499209E-2, 0.29015379E-1, 0.46929228E-2, 0.47692116E-1, 0.31837609E-1, 0.30389619, 0.67717686E-1, 0.35185365E-2
0.10045132E-1, 0.11500081E-2, 0.29097738E-1, 0.46940115E-2, 0.54770377E-1, 0.36568653E-1, 0.34958974, 0.77941939E-1, 0.40498348E-2
0.10042025E-1, 0.11501013E-2, 0.29209616E-1, 0.46954094E-2, 0.50609022E-1, 0.33796825E-1, 0.32362583, 0.72194286E-1, 0.37512430E-2
0.10064104E-1, 0.11501813E-2, 0.29317006E-1, 0.46965848E-2, 0.43046135E-1, 0.28749552E-1, 0.27566350, 0.61526321E-1, 0.31969734E-2
0.10086224E-1, 0.11502603E-2, 0.29434713E-1, 0.46978341E-2, 0.41415829E-1, 0.27662309E-1, 0.26553285, 0.59292696E-1, 0.30809483E-2
0.10107988E-1, 0.11503381E-2, 0.29551905E-1, 0.46990621E-2, 0.33343561E-1, 0.22270793E-1, 0.21396782, 0.47798164E-1, 0.24836988E-2
0.10126734E-1, 0.11504054E-2, 0.29652482E-1, 0.47000237E-2, 0.34506809E-1, 0.23046559E-1, 0.22157040, 0.49514975E-1, 0.25729323E-2
0.10145213E-1, 0.11504714E-2, 0.29760709E-1, 0.47010384E-2, 0.29061876E-1, 0.19408258E-1, 0.18669465, 0.41735947E-1, 0.21687322E-2
0.10164402E-1, 0.11505386E-2, 0.29863963E-1, 0.47020311E-2, 0.34048311E-1, 0.22736592E-1, 0.21883495, 0.48937973E-1, 0.25429958E-2
0.10194230E-1, 0.11506231E-2, 0.29973522E-1, 0.47033168E-2, 0.56281243E-1, 0.37585996E-1, 0.36219412, 0.81037439E-1, 0.42110542E-2
0.10214175E-1, 0.11507195E-2, 0.30073503E-1, 0.47047064E-2, 0.58949891E-1, 0.39377630E-1, 0.38016915, 0.85114077E-1, 0.44229673E-2
0.10240470E-1, 0.11508141E-2, 0.30172132E-1, 0.47060661E-2, 0.56558263E-1, 0.37789050E-1, 0.36551592, 0.81887111E-1, 0.42553497E-2
0.10261841E-1, 0.11508917E-2, 0.30229984E-1, 0.47068857E-2, 0.46243187E-1, 0.30902235E-1, 0.29937255, 0.67108832E-1, 0.34874335E-2
0.10275001E-1, 0.11509404E-2, 0.30219147E-1, 0.47067902E-2, 0.45215160E-1, 0.30218011E-1, 0.29311457, 0.65740883E-1, 0.34163918E-2
0.10949581E-1, 0.11510079E-2, 0.30247012E-1, 0.47072442E-2, 0.34781195E-1, 0.23245184E-1, 0.22569616, 0.50643686E-1, 0.26318594E-2
0.11174214E-1, 0.11510764E-2, 0.30276490E-1, 0.47077276E-2, 0.36689285E-1, 0.24519375E-1, 0.23823798, 0.53480249E-1, 0.27793003E-2
0.10448968E-1, 0.11511656E-2, 0.30349338E-1, 0.47088219E-2, 0.46839979E-1, 0.31303998E-1, 0.30447054, 0.68381511E-1, 0.35537451E-2
0.10380535E-1, 0.11512743E-2, 0.30463919E-1, 0.47105039E-2, 0.49877428E-1, 0.33337906E-1, 0.32470170, 0.72966792E-1, 0.37920922E-2
0.10394645E-1, 0.11513821E-2, 0.30585799E-1, 0.47122343E-2, 0.46376068E-1, 0.31001277E-1, 0.30236202, 0.67985542E-1, 0.35332679E-2
0.10419142E-1, 0.11514770E-2, 0.30700475E-1, 0.47137337E-2, 0.42865887E-1, 0.28656781E-1, 0.27983007, 0.62952876E-1, 0.32717595E-2
0.10441659E-1, 0.11515610E-2, 0.30814005E-1, 0.47150790E-2, 0.35675529E-1, 0.23849882E-1, 0.23310719, 0.52466620E-1, 0.27268042E-2
0.10462066E-1, 0.11516334E-2, 0.30915650E-1, 0.47161742E-2, 0.32471146E-1, 0.21706188E-1, 0.21229324, 0.47801554E-1, 0.24843763E-2
0.10474517E-1, 0.11516823E-2, 0.30971259E-1, 0.47166087E-2, 0.25546841E-1, 0.17075215E-1, 0.16706827, 0.37631601E-1, 0.19558335E-2
0.10896728E-1, 0.11517156E-2, 0.30992366E-1, 0.47165654E-2, 0.18535635E-1, 0.12386141E-1, 0.12119085, 0.27305150E-1, 0.14191448E-2
0.11286183E-1, 0.11517478E-2, 0.31015206E-1, 0.47165216E-2, 0.16203705E-1, 0.10824811E-1, 0.10589152, 0.23863088E-1, 0.12402552E-2
0.12959193E-1, 0.11517714E-2, 0.31017970E-1, 0.47162129E-2, 0.15636923E-1, 0.10443063E-1, 0.10212566, 0.23018824E-1, 0.11963806E-2
0.15317421E-1, 0.11517819E-2, 0.30985229E-1, 0.47154538E-2, 0.15514116E-1, 0.10357889E-1, 0.10125247, 0.22826226E-1, 0.11863762E-2
0.17446656E-1, 0.11517839E-2, 0.30930426E-1, 0.47144135E-2, 0.16431151E-1, 0.10966910E-1, 0.10715931, 0.24162389E-1, 0.12558280E-2
0.19256726E-1, 0.11517812E-2, 0.30863002E-1, 0.47132098E-2, 0.16143952E-1, 0.10772116E-1, 0.10520668, 0.23726637E-1, 0.12331858E-2
0.21113629E-1, 0.11517736E-2, 0.30781904E-1, 0.47118329E-2, 0.12080831E-1, 0.80584539E-2, 0.78653894E-1, 0.17741283E-1, 0.92210242E-3
0.23139084E-1, 0.11517620E-2, 0.30690107E-1, 0.47103185E-2, 0.12036191E-1, 0.80259973E-2, 0.78275830E-1, 0.17658465E-1, 0.91780088E-3
0.25035115E-1, 0.11517468E-2, 0.30588508E-1, 0.47086747E-2, 0.12035139E-1, 0.80226306E-2, 0.78177840E-1, 0.17638784E-1, 0.91678114E-3
0.27021687E-1, 0.11517273E-2, 0.30475669E-1, 0.47068852E-2, 0.11857224E-1, 0.79014273E-2, 0.76928146E-1, 0.17359171E-1, 0.90225134E-3
0.28444430E-1, 0.11517039E-2, 0.30351894E-1, 0.47049546E-2, 0.11478891E-1, 0.76468037E-2, 0.74378625E-1, 0.16786054E-1, 0.87246619E-3
0.29715624E-1, 0.11516783E-2, 0.30222181E-1, 0.47029410E-2, 0.12098112E-1, 0.80566797E-2, 0.78288496E-1, 0.17670743E-1, 0.91845158E-3
0.30345097E-1, 0.11516504E-2, 0.30087506E-1, 0.47008558E-2, 0.12477114E-1, 0.83065005E-2, 0.80638871E-1, 0.18203704E-1, 0.94615598E-3
0.31058986E-1, 0.11516213E-2, 0.29949339E-1, 0.46987180E-2, 0.12095199E-1, 0.80497274E-2, 0.78068405E-1, 0.17625786E-1, 0.91612100E-3
0.31358980E-1, 0.11515910E-2, 0.29809410E-1, 0.46965471E-2, 0.11964494E-1, 0.79602785E-2, 0.77123411E-1, 0.17414678E-1, 0.90515171E-3
0.31637419E-1, 0.11515602E-2, 0.29668715E-1, 0.46943543E-2, 0.11688050E-1, 0.77739451E-2, 0.75241186E-1, 0.16991794E-1, 0.88317465E-3
0.31757489E-1, 0.11515290E-2, 0.29527899E-1, 0.46921493E-2, 0.11036335E-1, 0.73382244E-2, 0.70951201E-1, 0.16024899E-1, 0.83292107E-3
0.31951737E-1, 0.11514977E-2, 0.29388044E-1, 0.46899444E-2, 0.12365012E-1, 0.82191341E-2, 0.79385273E-1, 0.17931970E-1, 0.93204697E-3
0.32062672E-1, 0.11514659E-2, 0.29247355E-1, 0.46877172E-2, 0.10848666E-1, 0.72090551E-2, 0.69558546E-1, 0.15714131E-1, 0.81677351E-3
0.32387432E-1, 0.11514327E-2, 0.29106427E-1, 0.46854755E-2, 0.11815264E-1, 0.78489529E-2, 0.75652085E-1, 0.17092692E-1, 0.88842935E-3
0.32746233E-1, 0.11513992E-2, 0.28963240E-1, 0.46831961E-2, 0.11766516E-1, 0.78142639E-2, 0.75239994E-1, 0.17001584E-1, 0.88369678E-3
0.33241253E-1, 0.11513643E-2, 0.28816352E-1, 0.46808594E-2, 0.99542188E-2, 0.66087153E-2, 0.63563764E-1, 0.14364714E-1, 0.74664166E-3
0.34204364E-1, 0.11513274E-2, 0.28665189E-1, 0.46784594E-2, 0.85335802E-2, 0.56637311E-2, 0.54410059E-1, 0.12297185E-1, 0.63917850E-3
0.34233205E-1, 0.11512891E-2, 0.28510712E-1, 0.46760072E-2, 0.88783903E-2, 0.58906795E-2, 0.56521147E-1, 0.12775370E-1, 0.66403521E-3
0.34159813E-1, 0.11512492E-2, 0.28353501E-1, 0.46735113E-2, 0.87409988E-2, 0.57977075E-2, 0.55562772E-1, 0.12559793E-1, 0.65283175E-3
0.34584545E-1, 0.11512085E-2, 0.28193898E-1, 0.46709725E-2, 0.92199948E-2, 0.61135194E-2, 0.58519319E-1, 0.13229216E-1, 0.68762869E-3
0.34739882E-1, 0.11511665E-2, 0.28032362E-1, 0.46683978E-2, 0.91233458E-2, 0.60475897E-2, 0.57819143E-1, 0.13072031E-1, 0.67946030E-3
0.34913741E-1, 0.11511237E-2, 0.27868889E-1, 0.46657864E-2, 0.88774301E-2, 0.58827936E-2, 0.56176014E-1, 0.12701585E-1, 0.66020695E-3
0.35081148E-1, 0.11510797E-2, 0.27703451E-1, 0.46631400E-2, 0.93446122E-2, 0.61905310E-2, 0.59044007E-1, 0.13351135E-1, 0.69397129E-3
0.35127316E-1, 0.11510351E-2, 0.27537035E-1, 0.46604672E-2, 0.92982259E-2, 0.61579845E-2, 0.58663629E-1, 0.13266204E-1, 0.68955868E-3
0.34868300E-1, 0.11509897E-2, 0.27370086E-1, 0.46577752E-2, 0.94460463E-2, 0.62540895E-2, 0.59509821E-1, 0.13458651E-1, 0.69956388E-3
0.35092514E-1, 0.11509439E-2, 0.27201980E-1, 0.46550548E-2, 0.84827375E-2, 0.56146970E-2, 0.53363610E-1, 0.12069560E-1, 0.62736252E-3
0.35062179E-1, 0.11508975E-2, 0.27033485E-1, 0.46523176E-2, 0.86414199E-2, 0.57180515E-2, 0.54280158E-1, 0.12277744E-1, 0.63818519E-3
0.34698851E-1, 0.11508504E-2, 0.26865315E-1, 0.46495702E-2, 0.90004299E-2, 0.59539275E-2, 0.56453217E-1, 0.12770198E-1, 0.66378445E-3
0.34669839E-1, 0.11508026E-2, 0.26697343E-1, 0.46468116E-2, 0.88004600E-2, 0.58200043E-2, 0.55118825E-1, 0.12469256E-1, 0.64814324E-3
0.34983739E-1, 0.11507546E-2, 0.26528634E-1, 0.46440312E-2, 0.90057570E-2, 0.59541180E-2, 0.56323208E-1, 0.12742624E-1, 0.66235434E-3
0.35537492E-1, 0.11507059E-2, 0.26358146E-1, 0.46412153E-2, 0.85080266E-2, 0.56234989E-2, 0.53132843E-1, 0.12021670E-1, 0.62488113E-3
0.36541704E-1, 0.11506558E-2, 0.26185554E-1, 0.46383613E-2, 0.81846956E-2, 0.54082829E-2, 0.51036563E-1, 0.11548116E-1, 0.60026773E-3
0.34836095E-1, 0.11506055E-2, 0.26012529E-1, 0.46354886E-2, 0.94957752E-2, 0.62729586E-2, 0.59127774E-1, 0.13379821E-1, 0.69548120E-3
0.34321193E-1, 0.11505552E-2, 0.25839683E-1, 0.46326034E-2, 0.88086557E-2, 0.58175549E-2, 0.54774877E-1, 0.12395679E-1, 0.64432732E-3
0.34410954E-1, 0.11505042E-2, 0.25666520E-1, 0.46297023E-2, 0.11140768E-1, 0.73559303E-2, 0.69184557E-1, 0.15657762E-1, 0.81389298E-3
0.34486152E-1, 0.11504518E-2, 0.25492648E-1, 0.46267775E-2, 0.11517316E-1, 0.76027969E-2, 0.71434274E-1, 0.16168248E-1, 0.84043096E-3
0.34261927E-1, 0.11503992E-2, 0.25317889E-1, 0.46238275E-2, 0.10402060E-1, 0.68650451E-2, 0.64438477E-1, 0.14585996E-1, 0.75818738E-3
0.29403644E-1, 0.11503510E-2, 0.25157209E-1, 0.46210345E-2, 0.98309126E-2, 0.64865709E-2, 0.60823962E-1, 0.13768820E-1, 0.71571255E-3
0.19151345E-1, 0.11503821E-2, 0.25255295E-1, 0.46213139E-2, 0.10823527E-1, 0.71398299E-2, 0.66902936E-1, 0.15146025E-1, 0.78730256E-3
0.21945054E-1, 0.11504311E-2, 0.25410032E-1, 0.46222783E-2, 0.11715854E-1, 0.77266479E-2, 0.72358832E-1, 0.16382454E-1, 0.85157523E-3
0.30417928E-1, 0.11504274E-2, 0.25395138E-1, 0.46212287E-2, 0.10157747E-1, 0.66975076E-2, 0.62672697E-1, 0.14190525E-1, 0.73763879E-3
0.33949163E-1, 0.11503773E-2, 0.25230186E-1, 0.46183923E-2, 0.95811905E-2, 0.63158278E-2, 0.59039596E-1, 0.13368799E-1, 0.69492671E-3
0.36001556E-1, 0.11503225E-2, 0.25050009E-1, 0.46153623E-2, 0.67830118E-2, 0.44701821E-2, 0.41739546E-1, 0.94519295E-2, 0.49132423E-3
0.38449414E-1, 0.11502673E-2, 0.24869870E-1, 0.46123178E-2, 0.58617541E-2, 0.38619970E-2, 0.36013123E-1, 0.81555089E-2, 0.42393565E-3
0.36697660E-1, 0.11502125E-2, 0.24690989E-1, 0.46092756E-2, 0.70062103E-2, 0.46147881E-2, 0.42976446E-1, 0.97328080E-2, 0.50592731E-3
0.35794109E-1, 0.11501582E-2, 0.24516091E-1, 0.46062651E-2, 0.65090200E-2, 0.42862017E-2, 0.39867271E-1, 0.90290522E-2, 0.46934612E-3
0.35910960E-1, 0.11501035E-2, 0.24340294E-1, 0.46032309E-2, 0.68707345E-2, 0.45232261E-2, 0.42019714E-1, 0.95169172E-2, 0.49470726E-3
0.35077944E-1, 0.11500486E-2, 0.24164919E-1, 0.46001873E-2, 0.68878564E-2, 0.45333575E-2, 0.42063106E-1, 0.95271301E-2, 0.49523951E-3
0.34827355E-1, 0.11499937E-2, 0.23990570E-1, 0.45971428E-2, 0.65889489E-2, 0.43355478E-2, 0.40179823E-1, 0.91009317E-2, 0.47308591E-3
0.35424884E-1, 0.11499386E-2, 0.23817234E-1, 0.45940960E-2, 0.68962607E-2, 0.45366259E-2, 0.41991998E-1, 0.95117651E-2, 0.49444305E-3
0.36341082E-1, 0.11498827E-2, 0.23644414E-1, 0.45910422E-2, 0.60265465E-2, 0.39635194E-2, 0.36642171E-1, 0.83002588E-2, 0.43146696E-3
0.36260378E-1, 0.11498260E-2, 0.23471927E-1, 0.45879786E-2, 0.60387226E-2, 0.39705443E-2, 0.36661167E-1, 0.83048446E-2, 0.43170567E-3
0.36694758E-1, 0.11497686E-2, 0.23299670E-1, 0.45849052E-2, 0.58532939E-2, 0.38476766E-2, 0.35481922E-1, 0.80379732E-2, 0.41783342E-3
0.37424445E-1, 0.11497115E-2, 0.23127498E-1, 0.45818198E-2, 0.59943269E-2, 0.39394386E-2, 0.36282171E-1, 0.82195224E-2, 0.42727115E-3
0.37049618E-1, 0.11496544E-2, 0.22955477E-1, 0.45787208E-2, 0.61572478E-2, 0.40455461E-2, 0.37211735E-1, 0.84303794E-2, 0.43823247E-3
0.35293464E-1, 0.11495971E-2, 0.22783803E-1, 0.45756139E-2, 0.64563444E-2, 0.42410865E-2, 0.38963258E-1, 0.88274758E-2, 0.45887491E-3
0.34197029E-1, 0.11495400E-2, 0.22612471E-1, 0.45724981E-2, 0.68059289E-2, 0.44697174E-2, 0.41016430E-1, 0.92929499E-2, 0.48307201E-3
0.32997731E-1, 0.11494824E-2, 0.22441393E-1, 0.45693722E-2, 0.68662921E-2, 0.45083743E-2, 0.41325975E-1, 0.93633942E-2, 0.48673461E-3
0.32627884E-1, 0.11494232E-2, 0.22271242E-1, 0.45662425E-2, 0.66348622E-2, 0.43554581E-2, 0.39880645E-1, 0.90362113E-2, 0.46972727E-3
0.33257570E-1, 0.11493638E-2, 0.22102367E-1, 0.45631179E-2, 0.63476656E-2, 0.41660103E-2, 0.38103797E-1, 0.86338678E-2, 0.44881311E-3
0.33606175E-1, 0.11493056E-2, 0.21934772E-1, 0.45599937E-2, 0.64470624E-2, 0.42303260E-2, 0.38649023E-1, 0.87576648E-2, 0.45524887E-3
0.34986455E-1, 0.11492484E-2, 0.21768451E-1, 0.45568701E-2, 0.60706688E-2, 0.39824941E-2, 0.36343344E-1, 0.82354415E-2, 0.42810253E-3
0.33315830E-1, 0.11491913E-2, 0.21603379E-1, 0.45537497E-2, 0.54335413E-2, 0.35637631E-2, 0.32484964E-1, 0.73613180E-2, 0.38266327E-3
0.72979247E-2, 0.11491339E-2, 0.21439565E-1, 0.45506335E-2, 0.63941809E-2, 0.41928533E-2, 0.38188986E-1, 0.86541045E-2, 0.44986655E-3
0.72858175E-2, 0.11490769E-2, 0.21276997E-1, 0.45475173E-2, 0.72279898E-2, 0.47385572E-2, 0.43142706E-1, 0.97769573E-2, 0.50823652E-3
0.72737308E-2, 0.11490196E-2, 0.21115661E-1, 0.45444020E-2, 0.58088563E-2, 0.38073242E-2, 0.34649927E-1, 0.78525450E-2, 0.40819999E-3
0.72616618E-2, 0.11489625E-2, 0.20955548E-1, 0.45412919E-2, 0.60664583E-2, 0.39752494E-2, 0.36162447E-1, 0.81955167E-2, 0.42602912E-3
0.72496133E-2, 0.11489054E-2, 0.20796649E-1, 0.45381831E-2, 0.50306693E-2, 0.32957464E-2, 0.29967528E-1, 0.67917090E-2, 0.35305505E-3
0.72375853E-2, 0.11488483E-2, 0.20638959E-1, 0.45350743E-2, 0.46848436E-2, 0.30684543E-2, 0.27887288E-1, 0.63203755E-2, 0.32855372E-3
0.72255777E-2, 0.11487909E-2, 0.20482454E-1, 0.45319684E-2, 0.51348717E-2, 0.33624205E-2, 0.30544264E-1, 0.69226851E-2, 0.35986395E-3
0.72135897E-2, 0.11487340E-2, 0.20327143E-1, 0.45288671E-2, 0.53716092E-2, 0.35166158E-2, 0.31929869E-1, 0.72368691E-2, 0.37619664E-3
0.72016213E-2, 0.11486767E-2, 0.20173009E-1, 0.45257662E-2, 0.59419968E-2, 0.38891889E-2, 0.35297912E-1, 0.80004018E-2, 0.41588786E-3
0.71896734E-2, 0.11486196E-2, 0.20020045E-1, 0.45226654E-2, 0.49355426E-2, 0.32297128E-2, 0.29299393E-1, 0.66409511E-2, 0.34521919E-3
0.71777450E-2, 0.11485624E-2, 0.19868238E-1, 0.45195706E-2, 0.47594826E-2, 0.31137993E-2, 0.28234575E-1, 0.63997111E-2, 0.33267902E-3
0.71658352E-2, 0.11485053E-2, 0.19717582E-1, 0.45164758E-2, 0.49665510E-2, 0.32485442E-2, 0.29442638E-1, 0.66736480E-2, 0.34691935E-3
0.71539464E-2, 0.11484481E-2, 0.19568073E-1, 0.45133834E-2, 0.45286696E-2, 0.29614796E-2, 0.26828473E-1, 0.60812030E-2, 0.31612228E-3
0.71420772E-2, 0.11483907E-2, 0.19419694E-1, 0.45102919E-2, 0.45912620E-2, 0.30017477E-2, 0.27180444E-1, 0.61610783E-2, 0.32027464E-3
0.71302280E-2, 0.11483337E-2, 0.19272445E-1, 0.45072050E-2, 0.52830279E-2, 0.34532764E-2, 0.31254817E-1, 0.70847459E-2, 0.36829038E-3
0.71183979E-2, 0.11482764E-2, 0.19126307E-1, 0.45041190E-2, 0.52730674E-2, 0.34460558E-2, 0.31176347E-1, 0.70670797E-2, 0.36737233E-3
0.71065882E-2, 0.11482193E-2, 0.18981280E-1, 0.45010340E-2, 0.61373441E-2, 0.40100627E-2, 0.36264148E-1, 0.82205338E-2, 0.42733338E-3
0.70947963E-2, 0.11481622E-2, 0.18837351E-1, 0.44979523E-2, 0.66506891E-2, 0.43446422E-2, 0.39275534E-1, 0.89033507E-2, 0.46282902E-3
0.70830253E-2, 0.11481051E-2, 0.18694514E-1, 0.44948738E-2, 0.60234414E-2, 0.39341422E-2, 0.35551842E-1, 0.80593908E-2, 0.41895718E-3
0.70712743E-2, 0.11480477E-2, 0.18552760E-1, 0.44917963E-2, 0.50055380E-2, 0.32686556E-2, 0.29525857E-1, 0.66934507E-2, 0.34795076E-3
0.70595425E-2, 0.11479908E-2, 0.18412082E-1, 0.44887178E-2, 0.55765812E-2, 0.36408307E-2, 0.32874085E-1, 0.74526058E-2, 0.38741471E-3
0.70478301E-2, 0.11479335E-2, 0.18272465E-1, 0.44856463E-2, 0.60713235E-2, 0.39630914E-2, 0.35770372E-1, 0.81093349E-2, 0.42155432E-3
