2.0537224, 28.466576, .67678368, 688.98285, .51465476, 2.5894327, .94354624, 14.508283, .13891706, 44.042530, 1555.4857
2.0579262, 29.071095, 2.8483870, 597.85309, .75468969, 2.6395311, 1.3511242, 8.7893181, .10915008, 44.022568, 1318.5938
2.0439863, 24.703783, 2.4460850, 712.29169, 1.5952554, 4.2638354, 1.1601208, 5.1781301, .78685600, 96.883217, 820.44971
1.8509005, 23.930458, 2.0022390, 390.33514, 1.0579346, 2.6190410, 1.2066784, 15.799232, .63208163, 11.345758, 1227.9167
2.3192811, 28.796886, 2.7880437, 396.33609, .90609413, .55960923, .52526993, 12.446647, .61892980, 54.062672, 1212.7292
2.7824440, 23.128000, .87433761, 138.57164, .35292000, 1.6827232, 1.4238851, 13.505656, .73848027, 41.801098, 619.98950
2.7330546, 27.387733, .42450890, 236.62498, .92398322, 2.3661833, 1.9474857, 19.425259, .75022966, 57.311993, 946.42346
2.7884867, 24.966846, 3.6903050, 608.40045, 1.6377938, .44689703, 1.2945881, 14.948907, .56883323, 49.417957, 1484.2272
2.9316740, 23.366711, 6.0592499, 488.71741, .87906921, 2.2339201, 1.3065801, 5.3196859, .45503384, 69.983879, 1745.8019
2.2851558, 19.306158, 6.6297102, 448.36932, 1.0995207, 3.5514641, 1.4601775, 12.119952, .12266554, 51.362366, 1885.0541
2.5654302, 21.520838, 2.8637881, 316.80914, 1.1316226, 2.1353350, 1.8931698, 12.614402, .60024124, 40.011990, 1896.3602
1.9286104, 18.923517, 5.6140966, 558.38696, 1.2341366, 1.1422222, 1.3422961, 16.048145, .52313232, 107.41437, 1759.7988
2.5602572, 26.590149, 4.8597131, 470.60706, 1.6214436, 1.8464699, 1.5442811, 5.5403609, .16535644, 43.795193, 1144.5669
2.5760615, 26.313593, 4.5526347, 325.69601, 1.7618381, 1.3603407, 1.0662764, 4.4892712, .22257045, 23.429283, 607.21082
2.4227617, 28.780937, 3.0951838, 599.17352, .71663332, 1.5761883, 1.6416177, 11.900029, .39379314, 141.01224, 993.58636
2.3856988, 26.635530, 4.2111359, 430.69110, .58863348, 2.0456445, 1.6011200, 5.6049933, .29443029, 113.33561, 1557.8428
2.4581938, 24.526638, 3.0562475, 69.271729, .56495297, 1.6093867, 1.1232630, 8.6275597, .87256122, 34.595112, 1560.2172
1.1363605, 24.664770, 3.9299734, 406.58096, .65046036, 2.5228415, 1.7703049, 2.7418587, .31872889, 150.94930, 1714.9457
1.8501725, 22.513857, 4.7107983, 503.12790, .90165061, 2.8362255, 1.6669614, 4.6323652, .24824515, 99.276634, 1088.4951
1.8380768, 23.501255, 2.9192863, 186.55789, .40710139, 2.5769539, 1.5660570, 2.0438292, .29935363, 67.969620, 1307.2739
1.9640186, 21.310116, 1.4256872, 175.21977, .80903184, 1.4483554, 1.1090213, 1.9786377, .66288346, 40.725220, 542.39337
1.9101338, 20.800077, 4.5725727, 227.87035, .75698960, 1.2097807, 1.0589359, 7.1133447, .70932013, 87.039368, 1190.6885
2.2127039, 18.466711, 3.3165703, 157.32484, .36990899, 4.0507765, .66622800, 9.2172794, .12397883, 184.28812, 1102.4600
1.9396906, 27.457104, 6.3916202, 727.30963, .81867576, 3.5716248, 1.0928183, 4.7423058, .89557940, 129.95853, 1393.0894
1.1497675, 26.271538, 4.7896800, 604.60754, .49132800, 2.3023319, 1.7615957, 7.2166066, .63847077, 120.06871, 1872.9550
1.2192776, 28.653296, 7.4073887, 618.28455, .27541202, 2.6052139, 1.6784406, 1.4371982, .67963976, 116.08467, 1769.6313
2.1661057, 26.638058, 7.4043527, 749.09277, .25381637, .99714905, 1.9208479, 2.7124701, .55883211, 125.40086, 1223.3463
2.1065984, 23.667912, 8.6726561, 670.35602, .85527301, 1.4079138, 1.8663731, 8.8263035, .43575391, 197.17278, 723.14172
1.9125091, 27.559441, 8.5824890, 512.83295, .95400202, 2.6496279, 1.7310450, 4.1695790, .44140416, 196.36826, 1063.3900
2.0000029, 28.657928, 8.4498930, 458.14029, 1.5448519, 3.6170962, 1.5587907, 3.7246926, .70294911, 97.494919, 1567.7073
2.7276616, 28.273041, 7.7279959, 726.28583, 1.4075899, 3.5962100, 1.1962299, 5.8411245, .54943848, 94.569603, 1968.7106
2.3053246, 22.749750, 7.6398597, 629.48407, 1.4251674, 2.9310834, 1.1846142, 13.253346, .62839615, 182.79071, 526.38379
2.3022821, 23.337406, 7.8409142, 702.62427, 1.5149863, 2.2244492, 1.4606922, 12.497990, .92902899, 140.19717, 506.11902
2.4691644, 24.984829, 8.6752434, 544.83984, 1.3548037, 2.9307675, 1.2737387, 10.204864, .90788102, 75.828064, 510.81689
2.4747624, 21.135544, 6.8074083, 230.57567, 1.2675190, 2.9154172, .86860788, 1.2223721, .77474725, 23.638565, 433.78082
2.1109452, 20.884764, 8.1831188, 106.66033, 1.5240513, 3.0679495, .85533857, 1.1907873, .61767709, 25.795980, 473.71600
1.4379874, 23.428053, 3.3381886, 435.79370, .65890139, 2.8068085, 1.1977209, 8.9866543, .50903821, 116.35714, 1858.9594
1.8952869, 23.922684, 3.8611333, 112.68861, .30748123, 3.7194643, .95011377, 11.626709, .29486331, 18.666391, 1328.1907
1.8926873, 21.881815, 5.6267452, 89.659904, 1.0048978, 3.8084948, 1.1100652, 6.3308425, .21618652, 78.000717, 1008.8805
2.5230303, 23.418722, 4.1401477, 56.677467, 1.3179387, 4.9871397, 1.3835794, 8.7274227, .16340855, 139.59544, 1154.8197
2.4666209, 24.165169, 3.0660713, 34.495667, 1.4682125, 3.5991099, 1.7279762, 10.833883, .29710534, 89.597534, 1246.5427
2.9203775, 26.886547, 7.3016624, 565.37280, 1.4664505, .70449418, 1.9517909, 15.497371, .42351091, 104.96693, 1483.6471
2.3418624, 25.733318, 8.3250093, 310.07559, 1.5051677, 1.7865118, 1.9235789, 16.658512, .22959298, 85.253891, 1877.0054
1.8074176, 21.668686, 3.4608243, 40.756538, .58820182, 3.5365660, 1.6284199, 6.8798251, .37506637, 66.543785, 1801.8132
2.0982435, 24.030001, 3.4495580, 42.077896, .85912538, 3.7998605, 1.8316827, 5.4146323, .26814303, 24.722153, 1715.9683
1.6414293, 26.953594, 6.0914836, 238.79669, .65420675, 3.7140098, 1.3225201, 16.313293, .31627360, 96.640152, 1282.1067
1.5129900, 22.924355, 3.6123769, 168.25459, 1.0681053, 2.7087612, 1.8357191, 12.004287, .48302644, 167.23520, 470.67465
1.4742607, 26.854137, 4.6933241, 406.21008, .85170615, 3.3708427, 1.4307346, 19.345652, .40069377, 61.696236, 1256.2036
1.3326651, 25.907301, 3.6608438, 403.76810, .24945419, 2.6253941, 1.2557098, 19.407597, .27053541, 73.131493, 647.84698
1.0426043, 24.921139, 2.7505810, 508.63843, 1.0828038, .84938169, 1.8970721, 9.4548187, .74327302, 106.29852, 803.59558
1.0354594, 22.577652, 4.1230383, 522.70959, .94773626, 3.2708108, 1.8510038, 8.6812487, .30632660, 18.198298, 1000.4890
2.0452819, 21.792933, 4.1574364, 230.97176, .59955233, 1.9682019, .80514085, 3.1853127, .46531105, 162.61217, 1272.2537
1.7806227, 28.948265, 6.6966352, 198.97412, .69685769, 2.6666329, .76166153, 8.0073185, .51492625, 144.26945, 1168.3992
1.8072158, 23.611439, 1.9105648, 562.58716, 1.3838167, 3.2476351, 1.2205591, 11.494451, .75686163, 130.39783, 1647.1808
2.5568302, 21.493999, .66743249, 498.36130, 1.4331315, 3.5350173, .96373260, 10.380852, .51792550, 53.385326, 1270.9639
2.2861221, 26.908926, 3.5814459, 248.59711, .89740360, 3.9108098, 1.7381892, 7.4522352, .76062024, 24.063299, 1656.0597
2.3254938, 27.095600, 1.8811671, 480.54456, .85257781, 4.7561388, 1.4405277, 8.6706009, .69202650, 20.403128, 1987.1572
2.0169158, 19.062057, 3.8446708, 644.74231, .67945844, 1.6254539, 1.7375467, 13.138906, .23948589, 142.69724, 1142.9827
1.4226503, 20.464584, 4.4590063, 732.90497, .39433861, 3.2446311, 1.7054826, 4.8186660, .61720842, 135.41042, 1397.8026
1.6383461, 28.061165, 1.4575250, 525.04333, .95167297, 1.4389563, 1.8377957, 4.9568834, .56220037, 92.251541, 417.43228
1.5755185, 25.942574, .64186710, 581.37573, 1.1319693, .23581058, 1.8971246, 9.2878036, .28741628, 111.05270, 486.54929
2.4824200, 21.046946, .77242619, 226.26941, .99806219, 4.2294765, 1.5354921, 4.7576456, .68358016, 162.24652, 915.00494
2.8679314, 21.854362, .61469471, 591.67310, .44753441, 3.6063926, .97918808, 13.203389, .78259909, 174.45927, 1668.7260
2.4738111, 24.774364, .52798665, 496.09869, 1.1834145, 3.4913220, 1.0093944, 6.6678238, .24390268, 95.299797, 1080.9851
2.2552071, 23.073170, 1.6110189, 328.66672, 1.6810504, 2.9671969, .97028100, 9.3631449, .16009657, 25.255060, 1994.1223
1.1471742, 21.167471, .55275005, 525.10797, 1.4492577, 1.9104060, .83233488, 9.9412098, .20116872, 13.496589, 1720.9153
1.1387565, 18.489719, .86012548, 514.45068, 1.4025584, 1.0707133, .79013109, 7.3951373, .20848009, 54.208351, 1820.8112
1.9945955, 19.217972, 2.0364356, 598.91815, 1.5984823, 2.8749089, 1.4752347, 4.8921537, .23376396, 75.502068, 1584.3591
2.7422082, 26.184727, 5.1891475, 185.28520, 1.4688076, .72554052, 1.2359943, 5.4390287, .26801568, 88.238136, 1404.5725
2.9429796, 25.120863, 5.0036945, 208.74445, 1.5653684, .83110023, 1.2515752, 2.6349354, .50492966, 114.97667, 1610.1268
2.9759688, 24.605955, 7.0184426, 572.94171, 1.3769729, 1.8809297, 1.6020243, 3.6022675, .54272026, 157.21062, 1572.6316
2.9979911, 22.087809, 4.6958246, 657.16486, 1.0335284, 4.4006553, 1.4031701, 9.6555147, .52465791, 179.72818, 1078.9287
2.0492692, 21.783722, 6.1848636, 429.22025, 1.1062931, 4.5480494, .89877677, 6.7419033, .20528252, 145.62610, 1089.3064
1.2373303, 21.787434, 3.0286710, 544.01105, 1.0556461, 2.4870777, .90488827, 14.255246, .87719560, 114.40829, 760.05371
1.5478984, 24.040926, 1.0344334, 398.41525, .76661587, 3.7083316, 1.4513175, 13.195709, .93612242, 180.84425, 705.30408
1.8644857, 21.537079, 2.4331870, 268.97668, .71937960, 3.3289788, 1.3670205, 13.047559, .90601259, 95.043915, 893.74884
1.7773439, 18.106094, 4.8172207, 366.64792, 1.3895506, 3.1017878, 1.9650972, 14.268747, .80939895, 88.559662, 1097.2582
1.4896021, 18.991421, 6.6305609, 294.73453, 1.4547479, 2.9660933, 1.9734977, 14.932916, .60960644, 42.207340, 1008.7057
1.1008538, 20.204231, 5.8840542, 426.18887, 1.6615745, 1.9756498, 1.4954517, 4.5067034, .78708756, 119.60983, 406.31290
1.1665392, 24.443306, 3.0649428, 252.18283, 1.2733183, 4.2062249, .98896599, 1.8425896, .70343482, 142.34711, 878.48322
1.2718134, 25.084005, 4.8142557, 182.89139, 1.1378738, 2.5630364, .83817297, 5.1847334, .93136626, 124.37241, 798.51471
2.4486175, 22.012062, 6.3176351, 546.12872, 1.3156869, 3.8228889, 1.2374732, 14.481793, .85105616, 128.09216, 642.94556
2.2355771, 22.986559, 2.9852722, 263.39117, .75286114, 4.5784941, 1.2219753, 6.0358973, .83142179, 54.479965, 1177.7666
2.5278857, 27.778034, 3.3239346, 504.03885, .74896812, .19416681, 1.1092306, 3.7081251, .30041686, 136.63290, 606.88739
1.3518660, 25.646147, .30708492, 609.68671, 1.2066022, 2.8381608, 1.4315537, 13.573904, .19154532, 197.06927, 694.51465
1.0813673, 27.620035, 1.7625177, 402.08975, 1.0127199, 1.4023527, 1.6649354, 13.257104, .32750881, 186.31235, 1218.1282
1.3834891, 22.856138, 5.9365578, 209.72673, .65759343, 2.3334789, 1.7459140, 16.578629, .32912824, 90.201424, 1290.4263
1.4681677, 26.259155, 2.8635540, 435.57959, .44456196, 2.9761429, 1.9604337, 15.484012, .12988687, 70.094719, 885.78210
2.3824263, 25.063192, 7.7821312, 158.31648, 1.1709932, 1.1669223, 1.3051097, 10.317121, .38675639, 5.1578217, 798.82074
2.6771379, 22.986938, 7.9871111, 264.16473, 1.4379575, 1.3899397, 1.6419613, 13.375134, .35438412, 48.481495, 644.40179
2.5789890, 20.974895, 6.2238717, 642.37872, 1.5962430, 3.7415359, 1.4499129, 13.359488, .49493757, 108.97547, 828.38354
2.4922659, 19.430962, 6.2740755, 406.73340, 1.3793783, 2.8855062, .70661688, 13.126383, .62846601, 86.435326, 1172.4463
2.1550212, 24.445272, 3.6759865, 514.88635, 1.5508165, 3.6767561, 1.0114721, 14.013590, .87052888, 53.867672, 650.97253
1.5535777, 22.761665, 7.6429377, 667.82391, 1.5148180, 3.5435100, .93660045, 12.480606, .74666107, 160.96463, 826.98425
1.4954367, 19.782526, 7.6155558, 530.67419, .86353105, 2.9306724, .69478011, 12.003826, .74162012, 114.78154, 536.13116
2.1891727, 20.095612, 6.6249366, 610.24384, .92442113, 1.7924920, .82298136, 13.783823, .91562814, 152.84827, 584.65747
1.9408509, 19.427496, 4.0385156, 521.68469, 1.2667661, 3.0384102, 1.9669380, 9.8241901, .31269822, 172.27650, 506.31949
2.2942979, 24.862959, 6.4443731, 31.970522, 1.6118894, 2.8285530, 1.0195172, 2.0677383, .45261931, 193.91730, 539.69324
1.8836659, 25.089752, .77316260, 74.097900, .95421064, 4.4068737, 1.0495312, 2.3635888, .47515443, 56.251019, 498.46292
2.3448005, 22.470278, 3.7989826, 73.981750, .88020825, 1.8442770, .71652782, 4.6302428, .19191325, 29.538425, 404.69922
2.3378773, 21.135136, 2.3800056, 130.29337, .24510318, .88366312, .53630018, 8.3864937, .12491310, 68.349686, 690.01514
2.3412185, 19.530033, 6.6394434, 206.80463, .72705317, .76577324, .53160000, 1.9216568, .22104615, 65.896683, 940.02289
2.3713329, 20.538910, 5.9499750, 442.12964, .57158262, .34101990, .68603450, 2.0043631, .42363071, 31.331203, 1094.2358
2.3413963, 19.526482, 3.5486519, 642.65698, .91421771, 1.7455523, 1.0898931, 2.7704077, .16989610, 8.7379084, 1748.0161
1.8978893, 21.231775, 5.8770766, 491.16571, .51902175, 3.7230170, 1.0964345, 1.4472184, .45527646, 88.857544, 1713.7600
2.1202939, 22.516222, 6.5404973, 529.75891, .77992040, 2.6045027, 1.1318425, 8.6873417, .89242893, 52.672028, 1818.7231
1.5831692, 18.364479, 8.1887417, 748.54309, .73385721, 1.1963210, 1.9661498, 15.874415, .98021334, 13.973577, 1562.0648
1.0877383, 21.280565, 5.6874475, 445.14551, .64821398, 1.8724922, 1.0528790, 19.952324, .57237238, 25.828350, 581.49005
1.2846978, 22.109461, 1.5179223, 648.70435, .63755047, 2.4457040, 1.8763936, 9.7018538, .83530164, 157.11739, 915.97107
1.6602414, 22.148375, 2.9274409, 596.42224, .36393130, 3.3699133, 1.5318918, 8.8885412, .96648294, 60.632217, 766.20197
2.1319714, 27.608185, 5.4334927, 115.53784, .26931298, 4.6947904, 1.5222148, 16.678307, .92468268, 124.57496, 958.59100
2.0618935, 24.875319, 5.9909387, 240.68858, .44863439, 3.5225623, 1.3971552, 15.832163, .93274277, 135.53816, 817.16138
1.3238215, 22.059948, 8.4954929, 126.16947, .73740476, 1.5315678, .82025355, 19.553143, .60096884, 109.81799, 1390.6346
1.9237018, 23.799555, 4.6194468, 215.04260, .35146081, 2.0957427, .73651814, 18.188602, .62573898, 88.700859, 1384.5439
2.8290188, 22.112000, 4.7043052, 554.59143, .62930751, 2.1287227, .63429081, 15.814289, .94881767, 160.68037, 445.00092
2.0898221, 20.661308, .25279143, 274.06976, .36603764, 3.2112594, 1.4283836, 9.7144051, .14960293, 95.930199, 1358.4070
2.0666802, 19.123125, .85095590, 182.03334, .64286047, 4.0980392, 1.2890916, 11.956747, .12711993, 16.542681, 1545.9216
2.0461514, 19.057053, 1.2719504, 26.776760, .88829547, 3.5188737, .99431467, 12.834405, .22565183, 39.089718, 1330.3271
1.7614528, 22.021814, 3.9939878, 81.661453, 1.2078185, 1.3466175, 1.7235544, 10.055725, .30038968, 35.448406, 1614.1309
1.3090243, 23.758617, 7.0839701, 56.277023, 1.2492212, 3.1783512, 1.4352746, 14.695305, .91934824, 10.644989, 1564.1927
1.9874467, 21.238844, 5.9161301, 107.20860, .40310705, 3.7265701, 1.8203100, 16.525005, .87645578, 21.516592, 1327.3477
1.9904376, 23.664036, 6.6348796, 118.07632, .27446374, 3.2839830, 1.8825551, 17.376961, .61360210, 10.724962, 1237.1080
2.4805937, 18.224968, 2.9288483, 31.069122, 1.7074206, 1.3196164, 1.7698218, 16.587055, .92656404, 93.312729, 1847.6963
2.1083398, 19.959568, .85141093, 94.159874, 1.7833688, 1.0860741, 1.8065312, 15.053205, .63531560, 82.751648, 1670.6078
2.4042799, 25.045971, 5.7019563, 393.80838, .79602557, 3.7042155, .64360213, 9.5074463, .88732618, 51.376656, 1064.6702
2.4044914, 28.035357, 2.6786733, 292.04620, 1.3017358, .11878972, 1.0206188, 1.8197625, .83287555, 147.74820, 829.42542
2.3363671, 28.121525, 1.3899498, 385.29868, 1.2742764, 1.5279452, 1.8196058, 6.1036825, .89282566, 193.83804, 555.44391
2.3842912, 28.953531, 3.0662236, 418.02740, 1.0225694, 2.5504463, 1.5561956, 3.2182827, .90926236, 164.08156, 768.83673
2.2434611, 25.608810, 5.5191665, 99.903603, .71489066, 3.5054882, 1.1964328, 2.3146324, .95434308, 163.93634, 792.26196
2.2206140, 24.506029, 5.4950309, 156.80637, .73790419, 4.1951766, 1.0683296, 3.0957222, .91056919, 153.10400, 1102.3142
2.1634851, 27.633307, 8.6624813, 178.10394, .77078485, 2.1347966, 1.6938877, 7.4929109, .72754157, 121.60706, 731.33514
1.5805256, 28.772306, 6.2266264, 352.39505, 1.5262394, 1.4376611, 1.8987898, 12.532982, .61029649, 72.165710, 954.59497
1.5990536, 29.000874, 5.7239461, 425.12924, 1.5398616, 1.2658482, 1.9698676, 8.5598316, .70579857, 113.76202, 1386.4885
1.5881526, 25.476765, 7.4683661, 401.82877, .85939914, .45211866, 1.5765705, 2.7805152, .91337061, 81.523094, 1160.1304
1.2647518, 20.203709, 1.3765035, 333.52490, 1.2226019, .23149002, 1.1221884, 13.246166, .28304642, 126.18018, 1187.5107
1.6992531, 18.969341, 6.5620623, 271.03552, .75183779, .64092624, 1.6486729, 3.6230476, .15567851, 133.80373, 727.54578
2.4403238, 25.139833, 5.5035710, 248.07628, .29225248, 3.0610368, 1.0999913, 11.411703, .40666077, 6.6276526, 1349.6135
2.3773580, 28.659445, 4.5235057, 248.84006, .89378852, 3.0339477, 1.9663539, 18.204741, .92310673, 79.055519, 1309.4888
1.3921154, 20.162441, 2.3961034, 492.93344, .83169508, 1.2885787, 1.6333195, 19.375582, .14552207, 135.50291, 1717.9263
1.6643455, 22.657850, 6.3719440, 573.15961, .73909944, 3.2641327, 1.8592675, 10.663585, .31028435, 121.17934, 1598.0989
1.8292537, 27.342205, 6.2539740, 411.73276, 1.1840901, 1.3246818, 1.5882778, 13.299391, .67161965, 59.300003, 1267.1289
2.2754979, 25.809183, 5.4476728, 402.54156, .51795149, .84595507, 1.8705212, 1.0045849, .38449901, 60.395721, 1745.2677
2.6881084, 26.309952, 3.7666276, 353.07864, .38388711, .86099881, 1.9030180, 5.3886933, .66044188, 134.28253, 1990.0781
2.7441590, 28.899921, 5.7422147, 555.97864, .34776491, 1.1141511, 1.9266872, 5.2176418, .42866415, 143.06126, 1688.4813
2.9564786, 26.033504, 1.1264944, 569.30670, .62888587, 2.4634819, 1.7485598, 7.2814803, .74005651, 146.04869, 1590.6846
1.7520576, 18.275402, 1.7631401, 124.13119, 1.6231527, 3.3590343, .79551631, 8.2768116, .36168325, 63.803722, 1896.8037
1.8342103, 20.715111, 4.5081677, 655.39417, .88035029, 4.1723194, .53746390, 5.5745373, .66700965, 58.703098, 1954.9852
1.8476781, 21.558128, 5.4618125, 679.11237, .90762407, 4.9820957, .65840411, 4.9258699, .49217096, 3.2145562, 1762.0010
1.4217227, 26.131828, 5.8418989, 643.31085, 1.2702440, 4.8527784, .77260643, 5.2931299, .58683270, 88.750137, 1775.0554
1.1105632, 25.360786, 3.9372377, 441.16824, 1.6666747, 4.5694451, .52961773, 7.6671071, .49447736, 75.290733, 1716.6747
1.0002258, 24.098232, 4.4199643, 356.10056, 1.4210829, 4.4080429, .75309604, 7.2237906, .43106779, 133.37212, 921.56165
1.7563931, 27.327272, 5.8243203, 525.98096, 1.3534038, 3.7059891, .84897888, 7.2217884, .49184057, 180.95496, 1330.2539
1.3221073, 23.395924, 3.6565936, 533.59607, .77364618, 3.6775036, 1.0338194, 5.2841058, .27404490, 139.99744, 1079.3658
1.8869485, 27.672268, 5.3899693, 571.14307, .55414456, 4.6903625, 1.3810573, 3.4194105, .19340906, 119.18219, 1295.9292
1.4528865, 24.472471, 6.6121964, 351.33527, .42112744, 4.6313815, 1.6741583, 14.058284, .43766302, 77.134781, 778.21704
1.5968189, 20.498447, 4.5603857, 500.27692, .24277198, 3.8344750, 1.7463360, 14.594946, .58751732, 30.039490, 528.79767
1.4548435, 22.744457, 5.6243563, 536.98157, .69063419, 2.8237512, 1.1435499, 13.040260, .12626025, 95.266426, 642.98694
1.8222619, 27.621494, 5.6881614, 660.33356, .53668958, 2.4689927, 1.5918308, 16.633888, .13505441, 24.817211, 934.12848
1.7527845, 21.033016, 5.2414885, 266.37708, .95841265, 1.6674078, .76449370, 8.8082809, .41739738, 85.703842, 1160.7212
1.7286410, 22.240932, 4.0350423, 73.003998, .99210805, 1.6341165, .73798805, 11.131764, .29783618, 83.846558, 1358.0400
1.9894469, 22.471439, 3.1767526, 210.87744, .99345011, 2.8999441, 1.5184351, 11.985970, .59907329, 135.97198, 1853.6012
1.3167421, 21.469431, 3.5964925, 82.068306, 1.2840537, 4.0370936, 1.7470396, 9.2928934, .26306307, 108.24036, 1937.8929
1.4954382, 21.559469, 3.4045742, 207.84796, 1.4653774, 1.5426023, 1.4739795, 12.215933, .10760042, 161.33040, 1288.7866
2.0503182, 20.187271, 3.5874984, 231.24336, .74358511, 2.7123828, 1.2844269, 6.7811809, .10223861, 138.05788, 1525.3243
1.3166037, 23.552475, 5.6894345, 213.43880, .39715481, 1.0967695, .54580641, 19.024338, .19059858, 110.80147, 1649.0568
1.5973636, 24.747005, 4.5527401, 675.12482, .67538142, 3.8084335, .81621629, 12.547441, .52900630, 163.28342, 1670.6667
1.9588829, 22.006828, 4.3405919, 562.52747, 1.0086437, 3.6157575, .93231726, 12.858199, .74516863, 161.84549, 1726.4320
1.3135903, 21.004345, 2.7973621, 695.77502, .68144113, 2.2271388, 1.3551462, 10.521271, .78780621, 164.42122, 1850.4773
1.2510816, 20.480824, .71814418, 560.51599, .60711515, 4.4924269, 1.7053037, 9.1099100, .30196106, 122.97563, 1407.7988
1.1555829, 22.268202, 6.0805163, 430.85602, .47863540, 4.7609386, 1.0946102, 15.244679, .31420043, 41.424809, 1724.4050
1.3819258, 18.592937, 1.5149006, 449.43552, .55842721, 2.8089099, 1.0286801, 15.033422, .43509716, 110.71078, 1071.8547
2.0043459, 22.914219, 1.5257969, 309.07953, 1.3988451, 4.8203368, .56796038, 6.9413118, .48824894, 155.14917, 1877.6422
1.9457614, 27.518208, 1.1087471, 279.29938, 1.7541595, 2.6851408, .97039968, 9.6111851, .50127101, 155.32404, 1962.7433
1.6288620, 25.706970, 1.7162364, 283.56873, 1.5712887, 3.3635149, .73724031, 13.215348, .59114319, 139.00105, 1790.6758
1.6542766, 28.648077, 2.9621930, 491.43024, 1.4635011, 3.1851716, .65361226, 19.572176, .65724599, 113.39178, 1485.1840
1.8396382, 26.525333, 4.9304390, 452.50912, 1.5949463, .39489073, 1.3481681, 3.6538072, .75618142, 148.12715, 491.71146
1.8234272, 26.838333, 2.5958598, 436.82547, 1.4843289, 1.6147919, 1.4620858, 6.9832878, .66867852, 162.81967, 796.20447
2.0363615, 24.376549, 3.0671654, 384.44003, 1.3290856, 1.9843247, 1.1000928, 18.258945, .33234122, 29.410875, 903.93555
2.8116126, 25.932091, 1.5083492, 412.73898, 1.7149240, 4.8725872, 1.2660816, 10.820369, .49868834, 40.493477, 660.01080
2.7973738, 29.091133, 2.2085414, 307.51123, 1.6978657, 3.4756064, 1.1131517, 11.902145, .41797546, 56.637821, 613.05853
2.6280499, 28.081860, 2.9376423, 497.75052, 1.7402356, 2.7786510, 1.1805053, 11.389393, .39963746, 95.741791, 562.18335
2.5844512, 20.247078, 3.3119757, 551.58099, 1.2299601, 1.1186968, .87816083, 10.939720, .31980899, 95.938126, 1040.2617
2.3270555, 23.799118, 3.7690439, 560.98993, 1.3635541, 1.6975217, 1.9989424, 19.784243, .22310284, 106.20618, 1072.5062
2.4964752, 20.905634, 3.7496083, 247.03076, 1.7243810, 2.1103668, .94538212, 19.582203, .66495007, 184.29854, 1211.6187
2.5121961, 21.954996, 1.3198059, 124.96536, 1.2668204, 2.1087003, 1.2344820, 15.838000, .69530606, 98.457474, 1169.9945
2.5795884, 28.874878, 6.7139158, 436.17700, .93857658, .56992286, .82282341, 16.368206, .77817518, 125.19057, 871.44836
2.7940209, 25.331642, 7.6189814, 641.03387, 1.1482903, .86096144, .76879805, 13.890972, .65981817, 60.312534, 1551.6842
2.7685771, 23.793514, 7.1584983, 697.76495, 1.2475741, .74107188, .91277820, 14.909081, .22254039, 66.044762, 1500.5469
2.6815991, 21.253696, 8.3069792, 692.71509, 1.1258817, 2.5718665, .86522037, 13.696493, .37666938, 45.978062, 1642.4895
2.9920702, 20.416546, 4.1840458, 450.46396, .51500040, 1.2376692, 1.5877242, 10.783308, .65404391, 76.086052, 1301.2350
2.6319985, 21.820152, 3.7177973, 482.89896, 1.0117223, 1.6495980, 1.1973166, 19.833759, .71848750, 151.21245, 676.52478
2.8520770, 21.179867, 4.1510258, 649.83014, 1.1424695, .52248091, .84955770, 16.124456, .94702250, 166.24385, 521.40063
2.5222859, 19.498556, .96124637, 537.12994, .58490187, 1.8199888, .88585329, 15.584904, .67083740, 131.83479, 507.47156
2.9512939, 23.040352, 2.3585579, 133.18271, 1.1756046, 3.4831295, .98661375, 11.548848, .64733893, 183.54021, 499.87271
2.7835777, 20.831461, 5.6159587, 156.30225, .66161776, 4.5913372, 1.8735869, 10.720260, .67484999, 73.492508, 1215.1136
2.8141217, 22.748589, 6.4251828, 115.70496, .69106978, 4.4337792, 1.3247247, 5.6951456, .75961542, 15.833558, 1654.0804
2.3390985, 25.341051, 8.0555363, 173.02219, .41181955, 3.8710594, .91880101, 5.2828851, .77825767, 75.429749, 1581.6044
2.3984580, 25.814043, 5.2289481, 393.40994, .28894269, 4.1774492, 1.0113382, 4.7515278, .64959592, 47.228844, 1215.8223
1.7531314, 26.300009, 4.8949351, 748.02081, .95082927, 4.5991311, 1.6383584, 8.5834217, .83264905, 74.193565, 1137.2844
1.7263198, 24.411560, 6.8061967, 480.59360, .72320491, 4.6084652, 1.1876931, 9.4159231, .87087178, 73.535942, 1108.6533
2.2154877, 20.185638, 6.6962905, 363.50375, 1.1062919, 4.1069107, 1.1624224, 9.5818815, .66216165, 22.791248, 1040.4407
1.1635470, 21.837708, 5.8190079, 127.79105, .38091293, 3.9007282, .67215967, 12.901190, .11723959, 70.159554, 1888.7167
2.3525436, 22.434685, 2.9484887, 420.90601, 1.6565517, 4.8723578, 1.1010735, 10.809613, .11930589, 163.97993, 1144.4102
2.0802598, 22.128735, .52379131, 396.87613, 1.4057151, 3.9426727, .62333453, 19.891394, .49140412, 66.651733, 993.38434
2.1077387, 23.718884, 3.9911785, 605.18451, 1.1826519, 2.7234149, 1.1731685, 18.873110, .68572092, 78.271011, 769.77802
2.5981812, 25.630264, 3.1855664, 548.69415, 1.1573979, 1.5248294, 1.4291427, 12.643262, .43462187, 59.801807, 529.25305
2.5620198, 25.718990, 6.3824348, 584.30878, 1.3924795, 1.9754192, 1.2617449, 15.162594, .44995913, 5.8858047, 932.04315
2.3242936, 25.121380, 5.4296207, 588.49213, 1.0316398, .79328132, .94889641, 18.499914, .33875832, 157.61195, 1626.3169
2.6017361, 25.502535, 1.8853259, 331.86984, 1.2728628, 1.4675264, .77108592, 15.226505, .27424932, 172.98503, 1662.4514
2.8961115, 25.615566, 1.3145953, 287.59308, 1.4370250, 2.0972922, .73714864, 8.4215107, .30868363, 184.23790, 1908.8965
2.8890672, 27.088600, 4.0403261, 74.494995, 1.5636321, 3.1516838, .75659895, 7.8177128, .41226614, 199.21097, 1784.0637
2.9159062, 28.754456, 4.5531120, 47.158386, 1.5274850, 3.4109688, .98020375, 2.6822569, .72968709, 95.363129, 1803.7281
2.9259722, 24.816330, 2.7805641, 171.51663, 1.6097641, 3.5862987, .79970294, 6.1701522, .82732475, 134.26082, 1378.0304
2.8536797, 24.395248, 2.6843338, 492.52390, 1.0721092, 4.7458668, 1.0810294, 6.0609851, .85083163, 108.02177, 1655.5383
2.8292904, 26.636578, 5.7411542, 718.39948, 1.2039129, 4.8263540, 1.0627943, 7.3433323, .75277042, 81.401825, 1858.6101
2.1392012, 22.629440, 8.0759382, 511.64041, 1.0045757, 4.5261946, 1.0033942, 7.7172508, .97672689, 156.10626, 1689.1194
2.1963351, 22.286505, 6.9066997, 547.58301, .52029663, 4.2369928, .82186425, 5.9987736, .93399721, 196.50789, 1423.5911
1.9841561, 25.525698, 2.2542968, 428.42227, 1.4437150, 3.8493714, 1.7329216, 8.2826147, .85631406, 107.00955, 1566.1510
2.3052835, 25.736771, 5.0205107, 617.33032, .57472885, 2.6249368, 1.3647029, 14.955306, .72465342, 133.75813, 1769.2617
2.2747605, 27.259758, 4.9669585, 535.02454, .81872863, 1.6326485, 1.5248671, 14.898589, .92031741, 101.21741, 1721.5134
2.8917851, 27.738451, 4.6497822, 701.78479, 1.0093099, 3.8496280, 1.1257021, 18.955458, .91300905, 3.0101447, 1493.8931
2.8782387, 28.138620, 4.2388992, 619.19293, .47452348, 2.9446924, 1.4040996, 15.864737, .76406598, 7.6015391, 1933.7697
2.5203786, 27.860100, 7.5756078, 308.59998, 1.3875848, 2.1578026, 1.2328483, 14.187099, .59934878, 89.285744, 1877.6276
2.0415015, 23.280239, 5.2152262, 642.62085, .53089738, 1.1358665, 1.4084294, 14.449457, .33018366, 101.56108, 1512.5289
2.1223288, 25.150284, 5.3255267, 676.01581, .27258161, 2.3959529, .97233087, 13.117311, .30818233, 98.569893, 1264.2753
2.0679817, 22.979366, 4.0689974, 704.19031, .81951219, 2.2069433, 1.2934504, 7.0186930, .27253112, 53.511562, 1405.0520
2.0562115, 21.041954, 3.1757913, 636.37018, .61384428, 3.5944784, 1.1340768, 10.792869, .58561236, 30.085585, 1571.2758
2.0794468, 26.389366, 4.2113428, 645.00208, .51544052, 3.9036443, 1.3604255, 10.023565, .32798061, 22.374163, 1637.3296
1.7293164, 26.475767, 7.2437482, 110.20255, 1.0851477, 4.5731235, 1.8869010, 8.5267344, .75601035, 23.438385, 1179.0679
1.6460849, 27.861744, 4.9591708, 118.52027, .75537646, 3.5252378, 1.6119027, 6.9874430, .31387132, 45.464912, 1430.7209
1.7043654, 26.925346, 4.4439354, 477.91592, 1.1404845, 2.9353154, 1.4648523, 2.9699311, .58181357, 72.189911, 1474.0940
1.4043704, 26.115841, .51610643, 641.09540, 1.4750627, 3.1497231, 1.4711870, 6.7136488, .25934753, 12.474847, 762.22034
1.9232093, 25.874905, 2.7662487, 619.41687, 1.7465028, .80382329, 1.1234988, 11.981768, .82701445, 48.631470, 855.20221
1.3623646, 28.121593, 4.2391424, 451.45920, 1.3909659, .16928309, 1.1499107, 14.426688, .92026967, 48.852531, 840.22571
1.1048311, 24.712219, 3.3212440, 91.577896, .51887524, 2.0895917, 1.0935154, 7.5529032, .50259978, 7.9005647, 1159.1316
1.4703374, 21.219082, .69378924, 433.43802, .40191537, 3.5597904, 1.3577590, 16.286936, .65506852, 52.176109, 1518.0360
1.7110014, 20.867493, 1.2248509, 462.30933, .84569311, .87487966, 1.3137598, 10.112962, .20166385, 95.721474, 1670.8246
1.7286959, 20.538214, 3.5160296, 493.31464, 1.0062174, 1.0923887, 1.1366549, 7.4259667, .33625808, 30.139029, 1615.4395
2.8973694, 27.570393, 6.6770606, 613.08539, .59143800, 1.3181092, 1.4064921, 2.7883663, .67124230, 49.540958, 1374.3553
2.7735617, 28.563023, 4.8090582, 621.68298, 1.0566525, 2.4496875, 1.4690722, 3.8723121, .80441731, 29.411901, 1395.8781
2.6924436, 22.809082, 3.4944630, 613.55676, 1.0451963, .53065312, 1.4134283, 4.6751738, .82782418, 38.531162, 1921.3314
2.7129312, 27.301918, 2.9040346, 512.72583, .94252890, 1.3334231, 1.4800109, 6.5139246, .63971591, 113.57172, 1817.3453
1.4479804, 28.756351, 2.2798514, 474.83023, .38624853, 3.2625010, 1.8488839, 15.115182, .40547308, 74.536781, 907.74640
1.0671448, 25.939075, 4.4465122, 361.03143, .78303635, 1.8483001, 1.7636533, 13.215931, .52750635, 163.14738, 1139.0176
1.1622211, 26.419918, 6.7214160, 464.97916, .80821282, 2.3734863, 1.6182996, 18.528540, .91831875, 190.53264, 1105.8309
2.0834966, 24.163706, 3.9368918, 109.95530, 1.5788953, 4.4462118, .52523386, 18.070400, .42330787, 105.33404, 1134.7903
2.0982003, 23.262026, 4.9789796, 279.24420, 1.5027436, 4.2983284, .63356966, 17.442547, .40476343, 70.045479, 1139.0092
2.9795244, 25.554203, 3.6610146, 290.85867, 1.4126831, 3.4542737, .67562395, 10.921384, .67924786, 85.330070, 1225.8713
2.9317961, 26.985321, 4.7640333, 214.91261, 1.6713861, 4.5740600, .91865510, 3.3503289, .56524676, 75.846519, 1177.2480
2.8279276, 27.632275, 7.8824487, 172.71004, .40121609, 2.7575393, 1.6833769, 2.7587199, .66118127, 157.43065, 520.87994
2.8940713, 28.881889, 6.2631111, 500.44601, .25914541, 3.1775725, 1.5160346, 2.9454660, .49365324, 165.24609, 675.07971
2.3135490, 26.957773, 5.4508314, 376.47534, .44721472, 4.0578585, 1.6619916, 2.5019674, .41142833, 146.15877, 452.47552
1.9623510, 26.390995, .85676223, 255.87846, .37071651, 2.9144037, .87642300, 6.1248388, .21052226, 74.911194, 580.98499
1.8641140, 25.128986, 3.0118082, 472.12180, 1.0773474, 4.2039399, 1.8474922, 12.300607, .50309521, 161.47075, 1693.5648
1.9945295, 24.309135, 2.7776377, 239.59258, 1.2378058, 4.7747302, 1.8852278, 14.813137, .49111149, 151.89029, 1275.7972
1.1995360, 18.525816, .89322907, 213.00473, 1.5358614, 3.8264825, 1.0735466, 16.057037, .20348039, 196.45296, 1591.7676
2.9127076, 20.951044, 4.4508214, 103.47521, 1.5444890, .51657987, 1.6073012, 15.200782, .60728085, 81.840736, 1032.8942
1.2411836, 28.248672, 8.3422928, 359.57629, 1.4541385, 1.3190873, 1.6277112, 19.327658, .50463510, 101.19543, 965.81116
1.0612981, 20.816113, 6.3983841, 364.49695, .96043843, 2.9509437, 1.4464648, 2.7696006, .54204291, 135.29840, 1555.9943
1.4421868, 22.731165, 6.3488784, 214.57652, .49559051, .98306042, 1.2649935, 10.742930, .77888995, 75.019180, 1731.4473
2.2080460, 25.246513, 6.5402951, 101.80470, .54727000, 3.0184114, .93534446, 2.8596053, .20785671, 150.48845, 1274.1658
2.3089423, 24.290091, 7.8866243, 197.63019, 1.3782636, 1.3979764, .93563735, 4.3894577, .45042375, 173.97749, 1460.5752
1.7035571, 24.392185, 5.5844321, 87.347198, .60662550, 2.8792710, 1.3349394, 13.681885, .13669834, 99.883934, 830.04156
1.5229096, 20.372087, 7.1462874, 187.50882, .47865605, 3.8703597, 1.5002568, 8.9593754, .49438798, 56.678677, 1074.3884
2.2689762, 21.898603, 4.5925846, 173.20839, .97967666, 4.6793299, 1.8832836, 1.2665237, .52784687, 86.750359, 753.90405
1.8889322, 24.994064, 8.5567083, 161.28044, .76266420, 4.8756080, 1.1389807, 6.4104242, .91712111, 127.68778, 1232.5752
1.8191711, 22.644180, 8.6860409, 402.33994, .37172222, 2.7356367, 1.4006684, 7.6537786, .35849938, 88.116821, 1469.6469
1.3879802, 21.833124, 8.1039257, 340.25095, .30706391, 3.5287969, 1.2454965, 10.750815, .56083167, 49.047932, 1437.4922
1.1703719, 19.319035, 5.8087392, 729.25171, .99652755, 3.6681709, 1.8114046, 11.437785, .97783953, 88.412125, 648.21307
1.2316308, 18.352951, 6.9402351, 733.29498, 1.1043184, 4.3208046, 1.2511394, 12.926553, .93061519, 54.796429, 1076.7710
1.5676017, 20.409088, 5.3130345, 246.29904, .45435476, 2.0882046, .94850188, 2.8661480, .91551679, 138.76521, 1381.8577
1.6153612, 22.188175, 6.1702414, 294.13232, 1.3670284, .59459460, .99054158, 5.0043759, .96868801, 178.93405, 1126.3517
1.0309724, 22.538609, 5.2892280, 371.31357, 1.2112098, 2.8449759, 1.3339845, 2.1748462, .86690557, 117.17417, 966.38531
1.0716403, 22.958164, 3.6328912, 590.78326, 1.2259442, 3.7429247, .91738099, 1.9673866, .57447386, 86.583801, 1347.8323
1.3940765, 19.902533, 5.6603508, 183.75604, .94227517, 3.8904471, 1.1299858, 12.641822, .68029058, 75.606956, 525.79352
1.5972745, 24.520435, 5.9434905, 171.24780, .84393352, 2.0493436, 1.3837459, 17.687815, .62862533, 48.079990, 432.72476
1.6199160, 23.505209, 5.8096447, 389.49490, .81406206, 2.0964251, 1.3737583, 15.578282, .65220153, 72.142044, 404.25131
1.2725158, 22.650970, 5.2854218, 263.83319, .85509878, .12260873, 1.5708561, 9.5466242, .36459342, 93.963364, 1007.2434
1.2719991, 21.596706, 8.0409412, 156.00243, .97784930, .84334588, 1.3560283, 11.511032, .53727013, 110.72095, 821.49719
1.6690959, 24.195328, 6.8259034, 587.00482, .78153998, 1.1385127, 1.6172538, 8.5306931, .57769626, 145.82268, 795.29700
1.9307675, 25.377567, 7.1209097, 695.33624, .77746671, 1.0156618, 1.8661159, 6.0935163, .80524802, 94.858292, 1133.8083
1.6265441, 25.304939, 8.5674658, 708.50336, .55660659, .42859980, 1.6733834, 16.036509, .68888056, 71.023842, 606.36133
1.3927596, 26.698650, 5.9095101, 432.59552, .70190108, .28252020, 1.6495829, 16.574984, .82998651, 87.575859, 1517.3163
1.2616129, 20.634460, 7.0505171, 522.72504, 1.2139908, .60283750, 1.3827116, 18.626431, .92676222, 31.666853, 506.44650
1.6991367, 20.800262, 1.7703061, 490.73434, 1.1064206, 1.4296196, 1.9789847, 8.1830349, .61826289, 149.42456, 870.45337
2.6295462, 23.861797, .60809040, 511.25076, 1.1247734, .57887107, .73295820, 4.3872976, .61175495, 181.71843, 615.66309
1.8306413, 21.749485, 3.8211441, 533.34827, 1.4089147, .99706489, .86631513, 11.213771, .20279184, 138.58372, 948.35883
1.7054980, 19.103168, 4.0270872, 508.45654, 1.1217065, 1.9537189, .98973781, 9.3193750, .17210899, 153.78186, 772.10455
2.1171038, 27.080807, 2.6589406, 336.00479, 1.3784940, .75012070, 1.5723784, 10.697912, .91456556, 197.15057, 676.11096
1.5197207, 19.927580, 1.7765601, 456.07236, 1.4175795, 1.2915171, .73620623, 12.313262, .63812149, 49.150665, 1714.1925
2.5773554, 28.349438, 3.9242828, 378.55722, 1.3439369, 1.8485807, 1.3148525, 12.889240, .69731522, 56.207790, 1578.2443
2.6139171, 27.081310, 3.1371276, 481.81668, 1.6247057, 1.6142099, 1.1950599, 6.8407726, .48156953, 24.210880, 1328.9214
2.5220091, 26.960701, 3.2859786, 432.85550, 1.4457450, 1.0752238, 1.5595086, 13.828547, .47518614, 49.547878, 1220.6650
2.6176491, 28.081108, 2.5985308, 562.47168, 1.5422614, 1.1276392, 1.2089756, 7.4267073, .53066695, 89.464012, 1510.2689
1.8191791, 21.335909, 6.2254419, 212.13145, 1.4373519, .82897794, .55251408, 15.687798, .55965102, 75.399506, 995.42395
1.7650411, 18.577467, 7.1202044, 226.54872, 1.4131271, .70711333, .64635134, 15.374052, .55575830, 141.99731, 618.26831
1.4595541, 23.959808, 6.8132920, 150.52237, .77115500, .52627242, 1.8264530, 17.217651, .38752910, 82.827530, 1114.2300
1.5499799, 22.627205, 8.2775478, 379.36942, .47795892, .17436233, 1.6497256, 14.745528, .50097048, 62.898762, 1786.9231
1.8664727, 22.512230, 4.4719958, 511.19070, .58384168, 1.2463083, 1.7278669, 12.923115, .99115950, 119.98344, 1483.3539
1.9017937, 20.313099, 1.8158698, 479.37897, .55654567, .51403105, 1.6834217, 8.7769012, .72947842, 102.87482, 1735.3177
1.6365783, 21.190935, 1.7218690, 331.15378, 1.4878769, 2.0003004, 1.5084441, 4.5892010, .83800298, 98.838768, 1340.9226
2.3237848, 25.817623, .92009521, 710.29218, 1.7026763, .77293015, 1.0066190, 12.918573, .25594917, 59.039696, 1207.9932
2.6085043, 26.185917, 2.0922680, 650.35876, 1.4819586, .40132034, .97557759, 15.609943, .16473234, 91.431274, 1343.6842
2.9501081, 26.063293, 5.1558585, 639.77216, 1.7089243, 2.5864220, .60608286, 19.454981, .42924586, 44.515694, 866.79211
2.8871655, 22.068867, 7.9820681, 296.06491, 1.6649485, 2.8247859, 1.0357794, 6.5857286, .38929421, 62.519901, 1868.6229
2.5199053, 24.176781, 4.5175681, 507.33023, 1.4433556, 4.0707450, 1.1081593, 7.0910950, .51759481, 127.37193, 1755.0470
1.7843244, 19.438541, 3.8401823, 269.58710, 1.5293417, 2.5905371, 1.8961204, 12.702090, .97060883, 88.439384, 1096.0779
1.4113685, 21.437798, 5.3938818, 356.93524, 1.2694378, 4.5299973, 1.5187572, 6.9363585, .93710566, 120.17525, 1497.7057
1.5202951, 18.920919, 3.7397740, 723.15088, .94945627, 3.6292975, 1.7362527, 19.492823, .52976477, 46.595890, 1546.0802
1.4368665, 22.434242, 2.3474457, 280.12164, 1.3595605, 3.0971544, 1.9964107, 17.508774, .89365661, 37.560493, 1484.1886
1.3822544, 23.980974, 7.2449975, 299.70886, 1.7965399, 4.1594934, 1.5675621, 7.9564652, .54029053, 116.38854, 1594.4828
1.3563075, 27.064262, 1.6900605, 245.41609, 1.6521324, 4.1156883, 1.6515183, 7.5012417, .62248909, 147.64832, 1282.6294
1.1587272, 27.641663, 2.5749686, 564.04321, 1.2504408, 4.5471077, 1.3308970, 17.878365, .53763640, 123.61384, 1726.7554
1.5559981, 21.780918, 8.6819372, 161.85094, 1.7456245, 3.0091922, 1.6189098, 19.119921, .38220981, 116.79948, 1584.2749
1.4813507, 23.851822, 7.9710064, 715.56390, .36856931, 1.5710037, .72405493, 3.0193970, .35145664, 53.640465, 1978.2377
1.7874037, 24.837160, 6.2335773, 458.61679, 1.4055346, 1.2332467, .94041502, 1.9644686, .37286589, 73.121658, 1219.9102
1.4067708, 27.326385, 5.8621621, 369.53775, .57599241, 1.7726432, 1.3671591, 10.681379, .60740453, 9.0781698, 1279.4290
1.4165419, 28.859707, 8.0236244, 267.52307, 1.2842325, 1.3648778, 1.2810506, 11.508386, .59154016, 79.992828, 1063.4207
1.5233796, 21.450863, 8.4956799, 411.46420, 1.2451738, 1.2791637, 1.9859390, 10.112492, .38542277, 7.2041717, 1622.5209
1.9142524, 18.784163, 8.6968040, 691.09467, 1.4780148, 3.2764857, 1.5182157, 10.804262, .84030956, 83.611015, 1646.5366
1.9538550, 19.230198, 6.3068743, 642.70880, 1.0864679, 4.1943011, .68283248, 8.3001585, .80711693, 7.0649586, 1255.9431
1.8919027, 24.149555, 8.4161034, 724.82275, 1.7066914, 2.9189494, .95986778, 3.1460295, .28935361, 126.50735, 858.34888
2.0454497, 28.548277, 6.9681735, 706.47650, 1.0308734, 4.2018209, 1.1354482, 12.642221, .54281968, 105.13437, 1128.3865
1.7835256, 26.095833, 6.3269372, 315.90280, .47983408, 3.2645247, .59812081, 8.6864605, .76748550, 54.934124, 703.85010
2.1848400, 28.365742, 5.9567761, 486.45871, .85605276, 3.0729620, .64832878, 4.9783583, .70790094, 153.71780, 699.17780
2.1755166, 24.590576, 6.8389335, 709.14014, 1.0320942, 4.0590353, .56530541, 11.411247, .89108676, 151.70087, 430.65475
2.3036623, 26.316696, 2.9957807, 375.26840, 1.4363341, 3.7218347, .61512589, 12.572111, .83859193, 146.91266, 618.60999
2.2157772, 27.396530, 6.4450717, 727.40338, 1.2049786, 2.9356265, .81713676, 4.4491444, .93660253, 187.49443, 1324.2600
1.9753276, 28.434330, 3.3664989, 403.46133, .76212317, 3.4771771, 1.4081254, 4.2542601, .46728215, 162.73938, 883.53558
2.0258126, 24.127996, 2.9556706, 25.786720, 1.2286385, .62667036, 1.0061245, 9.4662695, .86842710, 138.77251, 1467.1598
2.0256987, 23.591711, 3.8467827, 100.61684, 1.0435290, .63792676, 1.0736318, 5.3329887, .77350324, 136.95277, 1457.7449
2.3354802, 24.169863, 3.4838433, 295.20746, 1.5751579, .39158067, 1.4795556, 12.572349, .50682706, 139.46227, 1914.2233
2.2843146, 23.706173, 3.1163239, 146.00722, 1.4105322, 1.1626562, 1.5843800, 14.177205, .68918681, 129.68195, 1453.3407
2.9454041, 21.495983, 1.6934751, 159.94846, 1.3453519, 4.0759192, 1.4567695, 15.368596, .83078521, 111.08455, 1004.4984
2.9006772, 20.771627, 1.7972803, 199.54356, 1.4245120, 3.1802907, 1.7867725, 16.274559, .93267035, 55.389427, 1040.8054
2.5763888, 20.974382, 2.7404842, 310.21951, 1.0137992, 4.0179300, 1.5673800, 15.503207, .92968154, 12.524830, 803.21692
2.9893475, 19.143059, 2.7808769, 528.79407, 1.3617001, 3.5247002, 1.9994071, 3.9049032, .87913430, 32.683365, 672.17688
2.9885855, 22.470785, 6.7195559, 586.23926, 1.1935127, 1.1009494, 1.9093534, 7.1671410, .82877433, 68.529900, 550.11316
2.9473491, 25.375959, 6.9476218, 495.29510, 1.0996872, 1.2491699, 1.9372456, 9.2320356, .65210915, 48.621220, 479.69946
2.9191349, 23.468538, 6.0852003, 502.41022, 1.1354835, 2.3277528, 1.3114784, 7.6846561, .71706653, 34.014004, 459.08600
1.8854539, 21.010323, 3.9362535, 542.27020, .62560147, 1.2326486, 1.4529780, 12.123480, .76100743, 11.234264, 666.14819
1.4793974, 20.567156, 4.5067596, 644.58722, .91435295, 1.2996300, 1.5277851, 11.718004, .72479326, 103.38862, 927.69653
1.7847116, 23.329571, 1.7874650, 484.90509, 1.2492326, 2.2621996, 1.7399650, 9.3147535, .87076128, 173.42642, 1484.2664
1.8434565, 21.953485, 1.8760577, 263.40576, 1.4923556, 2.3230267, 1.4079514, 2.5006092, .87015194, 177.46309, 1633.5302
1.2146341, 25.632824, 8.5071669, 555.22430, 1.5126921, 3.9628150, 1.4119812, 6.9643421, .96972102, 155.13155, 1406.7051
1.2267846, 27.566444, 6.2815938, 583.12347, 1.7115381, 2.7028551, 1.6032085, 5.0656524, .89913315, 194.50218, 1474.3599
1.5040277, 26.402145, 4.5426521, 651.81238, 1.6672660, 3.0501633, 1.4988463, 2.6281595, .67948943, 154.25017, 1032.4919
1.4068496, 24.419977, 1.7269078, 714.86719, 1.6696892, 3.9120588, 1.9258838, 4.2134914, .65493441, 194.18680, 616.41479
1.3534796, 25.412163, .56450200, 628.84906, .78727800, 4.2003412, 1.8347836, 8.8982086, .53688443, 192.32977, 1375.1147
1.4808768, 23.290306, .28136700, 394.82639, 1.2584058, 4.7789288, 1.5570489, 5.7815294, .46936238, 196.68394, 1052.7478
1.5471624, 23.627516, 7.1361556, 302.08047, 1.6765594, 3.7754045, 1.3333789, 11.613076, .49288863, 136.20236, 1577.1644
1.2201653, 23.427231, 1.8295332, 541.59460, 1.5904924, 2.4827542, 1.4404043, 11.812477, .64243561, 44.237217, 1159.3915
1.0317907, 19.434237, 3.7732520, 748.12567, 1.0710436, 1.8938907, 1.1029557, 9.8571138, .26828992, 34.131504, 1118.8824
1.0123882, 21.383421, 6.1119208, 91.355301, 1.6912563, 1.8751462, .86577326, 5.2827525, .53200799, 162.56326, 426.25980
1.9674317, 25.050905, 8.2010088, 342.76797, 1.3040701, 2.0870974, 1.2760419, 13.046812, .66115224, 122.22042, 1337.1647
1.2496738, 25.452986, 5.6688032, 176.61826, 1.3276234, 1.5206618, 1.0123144, 15.242027, .54482460, 176.83827, 1397.5205
1.3393518, 27.784414, 7.8512359, 161.84727, .37010813, 2.9924734, .76883268, 6.0544710, .82136208, 18.447296, 1115.0752
1.0002785, 22.358969, 6.0531826, 408.78387, 1.3517263, 2.6082966, 1.4211019, 3.2681005, .47813657, 41.667068, 573.37177
1.0395814, 28.633480, 8.4897480, 593.22845, .55141085, 4.1369019, 1.0400270, 2.0503654, .78328383, 46.333969, 1373.1299
1.2065594, 20.954767, 7.1399832, 563.24628, .90116394, 2.3891904, 1.2880236, 2.2970653, .70477641, 141.15137, 1051.9385
1.0848975, 19.668137, 4.4357529, 651.57019, 1.0333664, 2.9819469, 1.4780973, 2.2258558, .74227101, 179.52887, 863.85132
1.3144913, 20.823263, 5.9558840, 534.65735, 1.3793672, 1.9105821, 1.3723998, 6.3272195, .84217429, 184.81647, 1134.7502
1.2932009, 22.144403, 6.5229774, 655.65668, 1.6722744, 2.1456673, 1.0594933, 8.8323069, .91189313, 189.23399, 1031.9048
1.3088603, 25.094383, 6.1507502, 663.10828, 1.2198548, .28994411, .55747414, 11.599403, .98016804, 164.70279, 519.75928
1.3065805, 26.360340, 4.4318724, 396.56815, 1.6692525, .55602384, .80169535, 11.491847, .72165239, 94.538933, 1014.3248
1.3248041, 27.617460, 8.5105696, 495.66211, 1.5791608, 4.2466831, 1.1530627, 19.310804, .57889515, 93.274727, 1527.9728
1.8428868, 19.151497, 2.4629941, 85.355614, 1.3665774, 2.6714923, 1.0300647, 15.893363, .65387118, 4.0367889, 1000.6252
1.5553936, 21.982315, 6.0083165, 507.20596, .97071832, 3.4049804, .99294269, 12.412529, .96360642, 159.48276, 1095.1530
1.5433867, 23.313581, 5.5150251, 557.91565, 1.1478505, 1.8431259, 1.6315534, 9.5250616, .75165898, 100.71663, 1014.8292
2.9108949, 19.661570, 3.0698535, 581.35516, 1.5541247, .35042119, .83329463, 7.5446763, .64448255, 196.44835, 1345.9458
2.6542385, 18.850224, 6.5906520, 629.05237, 1.3677055, .29639214, .75929600, 8.6367741, .75384843, 181.87396, 1133.1378
2.2801099, 19.502842, 5.6051898, 748.15894, 1.1596153, 1.1363916, .52734762, 14.332741, .87004620, 140.27260, 1429.9751
1.6562696, 22.052450, 6.1564522, 507.61264, 1.7502661, 2.9465761, .94650912, 16.601919, .96427369, 9.5571251, 952.66486
1.8502069, 25.569857, 3.1858897, 330.31412, 1.6417351, 1.5678660, .74641216, 14.274325, .92619783, 38.198669, 719.69263
1.1784439, 21.223209, 2.9876983, 401.87009, 1.2366524, 2.5080690, 1.4255490, 12.210550, .12306514, 16.103102, 1101.0171
1.1782470, 19.372398, 1.6905417, 562.92230, 1.0930370, 2.4049075, 1.4928715, 15.223883, .24121386, 111.89438, 1453.0721
1.1631159, 20.124264, 2.2481408, 409.96356, 1.3913993, 1.5998188, 1.6997787, 17.721859, .26146722, 106.24529, 1389.3229
1.6648436, 21.356535, 3.6596770, 458.55573, 1.4996469, 2.6904116, 1.3820932, 2.0372844, .22754282, 56.865120, 1793.5591
2.2196469, 20.615927, 1.7737492, 631.56281, 1.2742581, 3.6372104, 1.6807684, 9.6810436, .16772395, 88.585396, 1734.0829
2.0935292, 25.635569, 4.9009666, 464.51291, 1.5574472, 3.7814231, 1.1176227, 15.389738, .46702626, 50.614113, 1785.6006
2.0727363, 26.269127, 3.0069556, 568.62640, 1.4401083, 4.5494714, 1.3614011, 9.2665730, .42437932, 103.86359, 1610.5022
2.2783437, 26.667038, 3.1205249, 626.86450, 1.5914230, 3.8848033, 1.1545329, 9.3988609, .36031476, 99.611549, 1270.5378
2.9299719, 24.688999, 6.0965204, 42.149391, 1.3532064, 3.6991448, 1.4344875, 15.905428, .64463568, 109.53819, 1142.7783
2.9126713, 23.953566, 3.5715096, 295.33618, .30487067, 4.3102241, 1.5260211, 8.8879566, .12323365, 17.269678, 1324.2278
2.5736244, 28.416428, 8.0867729, 380.95502, .47775197, 3.1051097, 1.7556081, 8.7417316, .33880499, 84.045334, 1636.0605
2.2847083, 25.600962, 3.8229444, 711.53241, .94842678, 3.9223368, 1.5985008, 11.669469, .42547831, 92.556274, 1641.9697
2.2137656, 24.349392, 5.2079296, 268.75934, 1.3076861, 3.4250767, 1.7416615, 7.4052315, .43212083, 114.42421, 1692.7723
2.0461135, 25.303328, 2.2540755, 327.81201, 1.0125757, 2.7572019, 1.5721740, 3.2373047, .30031753, 171.26064, 1818.4464
2.5117173, 25.964846, 6.2672420, 510.85486, .78438371, 2.5185814, 1.6376890, 5.8399105, .36358389, 198.10336, 1787.5763
2.5397511, 26.964397, 8.2363262, 204.43361, .53458989, .84404761, .94828570, 2.6243978, .58135664, 106.33784, 1749.3060
2.1151767, 28.886417, 8.1865120, 318.16696, .33395189, 3.4934809, 1.4632750, 4.1798792, .43536219, 161.22888, 1146.4355
2.0694661, 26.447533, 6.2281785, 222.94029, .57387114, 3.0569477, 1.6795851, 5.1898174, .52441859, 189.64281, 649.62476
2.2049186, 26.744390, 7.6320515, 151.66040, 1.1011195, .40107509, 1.2808710, 9.4894953, .64014608, 128.95078, 1350.1550
2.2182546, 27.430782, 7.2805634, 292.30103, .98723739, .43136418, 1.3120412, 9.1042461, .62944651, 131.51236, 1478.9641
2.2824235, 27.294376, 6.9040017, 222.73845, 1.7115875, 1.1029482, 1.9208308, 11.110678, .50207603, 192.64133, 1128.9841
2.4857192, 26.555561, 7.4711642, 137.64149, .90388453, 4.8345857, 1.8985745, 16.176201, .43949538, 139.35384, 1877.0870
2.3287525, 26.646770, 8.4907713, 635.46277, .65144515, 4.7588935, .98216999, 5.7665219, .28996688, 98.121811, 1595.1567
2.2852371, 25.946218, 6.4995785, 474.28592, .72650421, 3.7588007, 1.4615440, 15.042553, .56137729, 105.68107, 1891.4880
2.2124796, 22.527983, 6.8220415, 325.16132, .55103368, 4.1796846, 1.2751353, 19.736183, .62480170, 143.13414, 1563.7688
2.1970878, 23.982100, 8.1486053, 92.334045, .45855665, 4.7492566, .93173766, 17.039768, .70156038, 191.67459, 1148.9663
2.6399279, 22.144041, 6.3657508, 196.62532, .35242882, 3.5313468, 1.1930790, 10.262587, .79155833, 181.79494, 1050.4209
2.6363235, 27.255890, 5.1166334, 224.71378, .74323815, 1.8700526, 1.4884043, 7.7976375, .66779643, 136.35921, 1175.8733
2.6412721, 26.110538, 3.1323893, 333.38416, .71120745, 3.5201061, .83876526, 12.803628, .25188056, 81.272179, 790.40106
2.6297441, 28.482992, 3.2694273, 316.75000, .48455095, 4.6730127, .81424969, 9.6524057, .10702682, 93.238976, 1006.5416
2.3860805, 26.498138, 4.5302176, 395.03247, .99489629, 4.5863519, .98790586, 5.1440411, .33675769, 148.18607, 747.94470
2.0502844, 22.057053, 5.0744290, 121.88022, .67816281, 2.6073368, 1.2049742, 17.566248, .21450391, 5.4232750, 1488.2393
2.2644045, 26.004503, 5.2934933, 297.54285, .32615864, 1.9005477, 1.2480836, 4.0890594, .50771832, 71.619446, 492.90451
2.9480801, 27.261398, .44038433, 580.35486, .57822645, 3.3229234, 1.1939441, 12.282053, .52350205, 154.38922, 1298.1838
2.9217575, 27.742229, .88281637, 644.88739, .36490995, 2.3157058, 1.3417854, 14.084329, .37675306, 121.73611, 1263.8131
2.8960321, 28.800644, 1.5074872, 702.05261, .29180995, 3.2368293, 1.6648555, 12.237215, .35819468, 152.50920, 1389.5339
2.8353171, 27.217260, 1.1670647, 500.63382, .26373169, 2.0495698, 1.4909222, 17.718267, .17198184, 117.93925, 1073.5464
2.8773520, 22.249601, 2.3960791, 161.46358, .37922114, .83758897, 1.8063637, 19.434671, .23948216, 151.27831, 417.42429
2.4333918, 21.242498, 5.9664631, 93.935173, .91482782, .45704496, 1.6523297, 18.043951, .20630424, 174.20901, 842.67615
2.4983902, 21.537064, 6.9420257, 261.30548, .76370347, .57187843, 1.9221821, 14.262262, .39323077, 168.30801, 1434.0884
2.4599648, 19.839550, 5.2752442, 344.52301, .26012737, 2.5805404, 1.7613739, 7.4634013, .14221101, 190.98999, 1444.0790
1.1191162, 26.032703, 3.2567801, 225.44672, .65270442, 4.7494769, .68835163, 19.333942, .77796841, 46.305687, 1585.1548
1.7382491, 18.446177, 4.2185926, 222.09010, 1.4176594, 1.7891120, .70019984, 19.204559, .16588774, 19.641500, 761.84338
1.5263228, 21.784176, 4.1169519, 317.28622, .85222697, 3.3595395, .98484784, 14.300989, .91122109, 140.95416, 1242.8103
1.0342344, 19.267294, 4.1320057, 332.54712, .60799861, 3.1843967, .66595328, 5.5253620, .51173002, 114.81101, 1348.3784
1.8225448, 24.505089, 2.2801626, 399.47144, 1.2808532, 3.6077614, 1.5482597, 9.3434381, .99113727, 35.798519, 1926.9495
1.6747283, 25.209560, 6.6173124, 516.14441, .52622050, 2.4836411, 1.6513516, 10.390826, .97146749, 13.718476, 1712.9789
1.1626934, 22.775723, 6.3915620, 609.36243, .71410865, 1.8669019, 1.6724396, 11.813628, .85532582, 73.187515, 1252.2072
1.1532601, 19.270218, 6.8202100, 489.89529, 1.0269053, 2.7904923, 1.4649572, 10.983069, .85611850, 81.906616, 997.47083
1.1720852, 20.686842, 6.6798325, 550.17975, .94873476, 1.6991056, 1.7323837, 7.8280210, .88777435, 3.8311210, 593.10657
1.1733714, 20.823261, 7.6650834, 642.42291, 1.0495481, 2.0634463, 1.5748948, 9.5503569, .84051180, 51.429398, 712.65833
1.5113362, 21.068169, 4.6347980, 717.15704, 1.6579716, 2.2051637, 1.0227051, 15.469284, .47526413, 97.718163, 1643.5200
2.3477542, 21.570307, 3.4159520, 579.78790, 1.5290749, 1.9968307, 1.0114763, 7.3525157, .72735858, 40.426327, 1524.5675
2.2170234, 19.576056, 7.1898465, 305.75369, 1.5007839, 1.3685029, .96779108, 11.692096, .91387510, 73.297783, 1349.2927
2.3185108, 23.549498, 6.4005218, 551.68860, 1.3813874, .63529366, .91687030, 4.3190856, .76015282, 38.126850, 1867.3264
1.5257940, 21.475988, 8.6267719, 590.38324, 1.4675175, 2.6425018, .55903703, 9.0000076, .63495940, 96.225563, 1297.9584
1.4787338, 19.190599, 8.1453438, 728.19330, 1.4923410, .62561256, 1.2973883, 9.6324482, .38859308, 85.702835, 1543.5353
1.2516112, 19.980949, 6.3960018, 642.91980, 1.2037333, .38802966, 1.5420979, 18.884058, .43947583, 70.190636, 1825.2281
1.2261775, 24.845406, 5.7451205, 122.24166, 1.4077200, 1.1456068, 1.6032461, 13.719468, .88160837, 129.67624, 1050.3889
1.1009023, 24.767120, 5.5984778, 246.59543, 1.4432712, 1.8650366, 1.9769464, 16.249413, .64047724, 72.362144, 1450.2726
1.1548529, 25.406477, 4.0576229, 32.564911, 1.7025207, 3.2205172, 1.8278341, 13.877875, .90203071, 72.505310, 1713.1716
2.4073091, 21.774565, 5.6339049, 26.886133, .69192487, 1.4319890, 1.8591380, 12.872389, .39201531, 21.677074, 1113.7361
2.7675328, 20.512964, 3.5994453, 111.91015, .96096694, 2.3307192, 1.6742350, 14.919152, .15650001, 30.694141, 711.74805
2.3925810, 18.411304, .68731296, 199.80818, .56637251, 2.3946445, 1.6223745, 17.140202, .18716121, 30.932098, 960.07764
2.4664686, 20.409054, 1.4503257, 307.27573, .40793449, 3.7207804, 1.5747309, 14.015169, .44105315, 6.0793853, 1323.5403
2.4992385, 19.348488, .68210888, 724.51599, .89598560, 1.8161433, 1.4347706, 3.8271289, .79307014, 103.97689, 1105.7607
2.7207952, 18.763803, 4.5003428, 635.37115, .80670059, 3.2680917, 1.9638515, 5.7918482, .68264294, 112.06968, 1345.1304
2.6444631, 19.627499, 7.9861622, 413.03378, .97834182, 2.4464345, 1.7447466, 15.536522, .76250738, 74.630981, 1781.5941
2.3142610, 23.511456, 4.9563971, 570.48700, .61589396, 4.4272890, 1.8281953, 7.6591158, .79480767, 129.26891, 1986.3010
2.6854100, 18.099068, 8.0579453, 413.94827, .28017479, .35246870, 1.2868040, 6.4234710, .64008558, 96.431114, 1332.3972
2.4305482, 22.530966, 6.6359396, 89.820335, 1.0083075, .68492121, .84204096, 13.209190, .75659043, 92.937103, 1681.4753
1.7613304, 22.769398, 5.2204781, 276.29977, .89073944, 1.1650468, 1.1473469, 10.762008, .81086516, 73.923065, 1950.3455
1.1267380, 18.438618, 5.9777231, 651.65540, .36949864, 3.2397156, .96408087, 17.923649, .82188499, 129.35352, 1737.4587
2.3299525, 23.160732, 4.9644470, 405.28561, .39938825, 4.0931945, 1.2518729, 16.368301, .80202270, 154.02484, 1699.3939
2.3105700, 22.579168, 5.0417528, 200.22311, .55935484, 3.8202651, 1.3410411, 15.158986, .83451039, 153.81427, 1450.4700
1.8208749, 20.473080, 6.6127982, 308.73395, .34688953, 3.2648830, 1.1716759, 11.324026, .99932873, 195.49167, 738.50928
1.9436638, 19.767822, 4.9347763, 423.43442, .48729587, 3.7974899, .74325585, 6.3264341, .99858046, 131.40797, 1295.8386
1.6758741, 21.148277, 8.2860003, 272.56976, 1.2163874, 1.5758020, 1.2018410, 15.905015, .66850698, 128.35974, 957.28400
1.4799920, 20.461224, 8.4599390, 269.48364, 1.3466250, .78867102, 1.7743716, 15.060052, .50760496, 174.87793, 845.42737
1.5389647, 29.090733, 5.1466794, 322.17700, .85379988, 1.0898386, 1.4375981, 16.720589, .20334594, 138.51660, 1693.0989
1.4349104, 25.218853, .71748531, 520.56329, 1.1064194, 2.7262113, 1.7386060, 10.111357, .53067845, 122.12803, 989.32751
1.2324018, 28.438644, 2.1525202, 597.25641, .69639546, 3.4448423, 1.7000686, 15.740326, .98096770, 125.74023, 1042.7844
1.1194445, 24.753151, 1.3408161, 315.58392, 1.6600927, 4.4960537, 1.0319724, 10.689384, .39942351, 155.82027, 1154.3536
1.1466050, 24.625917, 3.3697557, 222.43166, 1.2381905, 4.2376981, 1.1615704, 4.3432689, .37849587, 125.97176, 1660.4473
1.6696726, 22.312008, 2.2653291, 670.17102, 1.1099803, 1.9871168, .72177815, 4.5686402, .82986230, 173.57024, 1169.4656
1.6520129, 22.525574, .43609926, 746.91278, .85543394, 1.4385034, .98930657, 4.5751181, .97016770, 160.14813, 1021.9757
1.3566139, 19.492462, 1.6927060, 616.53186, .49107033, 3.5128040, 1.1904995, 14.004883, .87161601, 177.02193, 855.33447
1.6037474, 18.428766, 2.0656633, 322.30511, .91014117, 3.4059789, .95840514, 7.8918819, .96334326, 120.77036, 1272.9727
1.0252062, 23.739180, 2.8307116, 449.15710, .92995143, 3.5345123, 1.4262173, 9.4891024, .85166425, 4.5221930, 840.38330
1.0135012, 26.412397, 4.2834601, 390.08762, .30722800, 2.1168427, 1.3820387, 12.146574, .91620451, 4.0028653, 1020.4156
1.1373185, 26.798271, 3.5959361, 293.59839, 1.2158080, 1.3901834, .97437787, 16.215460, .84642380, 75.065163, 590.54474
1.4521253, 23.445324, 5.2125459, 387.92401, .82074672, 3.7997270, .63816845, 12.487917, .91427213, 105.67747, 1326.3207
1.3535296, 22.218081, 6.1403236, 254.22911, .79653794, 1.0235394, .85084939, 11.339429, .63519442, 167.82481, 625.76038
1.1526132, 22.436413, 3.4027758, 369.27530, .64314955, .34227654, 1.2076762, 17.612080, .41945586, 103.12624, 1016.3900
1.0792813, 22.068802, 2.1109605, 272.86835, .32269233, .18852258, 1.2831962, 12.495715, .72550577, 97.746490, 1340.7036
1.6285484, 27.243448, 5.9448018, 686.54065, .44779581, 2.2803457, .70043266, 14.468329, .58946079, 45.935352, 1295.2096
1.9155946, 25.386711, 8.4016476, 658.02863, .85035431, 3.6098075, 1.1251738, 7.2508135, .86557585, 50.025658, 1264.7007
1.8671025, 24.815775, 5.7995334, 564.92639, .84639049, 3.8541462, .99617904, 9.0131826, .90211242, 57.697144, 599.86938
2.0243986, 21.897732, 2.8397839, 537.96582, 1.7122424, 2.0748971, 1.5111390, 9.9280195, .60596454, 81.936195, 809.46448
1.5096235, 23.976845, 3.8387041, 272.82056, .81504226, 3.1581600, 1.5472026, 12.473290, .34038842, 91.347336, 1212.8528
1.5113864, 27.654556, 5.0442553, 168.06052, .36966079, 3.6719000, 1.8495098, 9.4848366, .50559932, 71.018700, 1453.1339
1.8765398, 28.309235, 6.4698162, 259.83496, .60746902, 3.4199681, 1.9279944, 11.781526, .55049974, 106.96487, 1187.1653
1.9639215, 28.046244, 4.0418243, 27.525875, .44044530, 4.2191262, 1.7533178, 2.2959738, .22610727, 167.70215, 1179.3845
1.9678950, 26.509762, 5.1571975, 573.04181, .93508887, .75842243, .58681434, 1.6775309, .10921865, 148.57695, 583.19495
2.2215180, 27.913492, 7.2843957, 286.40564, .62910366, 3.3330367, .79355323, 3.5643389, .41539940, 172.79138, 568.05774
1.7533600, 25.153957, 3.8467786, 450.47247, 1.1129137, 4.4990830, 1.3485518, 9.8200464, .58262324, 177.13887, 430.71661
2.1651268, 27.572716, 4.6903262, 489.67178, 1.2066847, 2.5718679, 1.6758313, 11.102168, .74536920, 131.65211, 745.34210
2.0993509, 21.213795, 6.5872297, 217.53574, .60671586, 2.5881615, 1.2080656, 8.5250740, .75319862, 119.86363, 1791.3114
2.2882199, 25.724203, 6.9711185, 171.73331, .97885162, 2.5124319, 1.0101706, 12.047753, .59203333, 144.35600, 1191.1404
2.3406768, 25.781143, 7.0648861, 260.58368, 1.5640413, 1.0687941, .81832391, 12.936928, .40469986, 125.27262, 993.38739
2.3508477, 28.418982, 6.1183000, 201.27203, 1.5146730, .32708663, .82448673, 12.783328, .36309284, 139.92038, 1214.4252
2.3119974, 26.399231, 5.5481949, 350.18198, .74484539, 1.1217349, .98790002, 8.9486332, .26743874, 75.664879, 1090.7793
2.0373669, 28.843554, 2.7444603, 229.38959, .62707621, 3.1221380, 1.2714227, 15.311488, .45705703, 167.67664, 961.69812
2.4423916, 27.690735, 4.1651926, 425.79077, .72419006, 3.7824082, 1.0510256, 9.8900213, .43079960, 67.364716, 1247.8743
2.5635629, 21.053818, 2.3956804, 580.26361, 1.2612050, 1.9469961, 1.0821869, 10.261952, .44257012, 77.757797, 1215.8801
2.5954218, 20.265850, 1.5078278, 401.56042, 1.1500405, 2.4863594, .71593064, 8.8364830, .65686864, 71.939812, 1192.6862
2.2805462, 25.321890, 1.7842516, 517.20544, .89931816, 1.3599457, .54531050, 14.986834, .57005250, 80.268166, 847.69727
1.8116066, 26.871944, .39104229, 660.10010, .40176219, .95846230, .76795810, 10.171420, .59842670, 77.953995, 1134.6195
1.8308548, 25.173553, 2.5002043, 618.91779, .59540856, 1.4307331, .95230925, 8.8987370, .52677029, 6.6768093, 1442.2936
1.4315941, 25.842649, 2.9106753, 608.70197, 1.2866964, .65927303, .89989352, 10.509193, .56182897, 10.846972, 1083.3201
1.3052490, 25.857576, 1.0828439, 148.89507, 1.0789239, .77453309, .72029483, 11.329053, .94268084, 16.684425, 943.53772
1.5302732, 28.433811, .77485538, 418.04031, .77646613, 1.9790592, 1.0825096, 5.6035171, .71026093, 84.696068, 1023.7291
1.5619881, 28.395353, .65379846, 298.72659, .75557929, 1.0786501, .97334665, 5.4604702, .82809377, 48.777725, 1016.8956
1.1899400, 25.528084, 3.0351689, 157.53510, .76047832, 1.3113472, 1.4019494, 1.8601491, .99721456, 98.419243, 896.92987
1.7141025, 20.052954, 3.4303854, 367.00385, .40444767, 1.9863527, 1.5289136, 5.2648773, .76752400, 62.173210, 1531.0853
2.4688678, 20.358135, 7.0251722, 312.66071, 1.5508169, 2.0555093, .95628315, 8.1564770, .73097599, 92.414421, 1830.1539
2.4954472, 22.922489, 7.7292552, 291.58408, 1.4955267, .82047260, 1.0410328, 3.8832512, .72250241, 76.428635, 1643.2681
2.4136176, 24.625626, 8.3848095, 309.60339, 1.1603732, 1.2967973, .92649245, 7.0695100, .37632954, 55.982288, 1334.3143
2.9258957, 27.029816, 7.5667896, 475.66599, .84881884, 2.1603856, 1.0409135, 4.0900869, .23110989, 78.190018, 1025.9001
2.7025704, 22.592134, 4.9405828, 600.58081, .98548514, .89692163, 1.2663954, 9.2062063, .39359105, 128.12354, 1514.3225
2.8322628, 21.491791, 6.5820041, 515.39990, 1.1882015, 4.9053593, .74941534, 11.750206, .85806429, 155.64442, 901.46289
2.8968208, 26.349857, 8.5896778, 642.04974, 1.5089200, 4.5881715, .72615111, 13.597920, .97113472, 142.00940, 956.90930
2.5695181, 26.390316, 6.1067972, 511.04453, 1.7504874, 3.4993117, .64496326, 8.8468561, .55393112, 122.80936, 546.62347
2.5668573, 23.633999, 6.5988464, 485.14532, 1.4036798, 3.5870421, .96274441, 6.0726075, .76695997, 109.65616, 713.07629
2.9903731, 26.887445, 7.9719257, 76.259071, 1.1658211, 4.1310601, 1.0995057, 8.5270119, .53782719, 46.191921, 1422.5237
2.4475570, 24.239944, 7.7892489, 66.587585, 1.3074696, 2.7896585, .68324816, 8.9748516, .53959382, 49.901443, 678.65723
2.3905845, 21.200590, 7.2167759, 91.400139, .88295090, 3.0697677, .89736611, 8.4748802, .55064970, 111.74928, 868.49023
2.5195994, 23.811977, 6.4788718, 208.97108, 1.2990897, 2.8795145, 1.4188738, 9.3690119, .45827469, 69.063339, 1031.8468
2.2060001, 28.927704, 6.7606750, 376.73105, 1.1059538, 1.3477551, 1.3877845, 13.781242, .69623351, 67.417099, 599.35461
1.6782386, 25.230816, 4.1204224, 537.83069, .96163809, .48888102, 1.2210112, 18.509935, .10157060, 158.44510, 869.64661
1.6893351, 25.495981, 6.0414667, 399.37595, .81277317, .51540065, 1.0038069, 11.012632, .13085148, 197.65640, 546.46100
2.2749417, 25.850080, 4.7077141, 241.00623, 1.4290143, 2.5765607, .62910777, 16.251474, .37867430, 54.129204, 466.99402
2.0370982, 27.929096, 4.3119211, 614.26630, 1.7947270, 2.0468001, .79337734, 13.093068, .16256282, 82.339722, 605.42627
2.0601745, 26.697041, 5.6047406, 391.20605, 1.7674620, .41185570, .98257804, 11.326120, .21160224, 63.033112, 1066.2825
2.3861709, 20.224588, .43175757, 524.83203, .81071383, 1.6655489, 1.7311100, 19.411007, .61438042, 76.723297, 1136.2478
2.5229144, 21.637733, .77975196, 579.05731, 1.5480652, 1.5190521, .82169831, 18.397053, .72066355, 149.60266, 1611.8269
2.6287284, 26.238178, 1.7949467, 704.07086, 1.6790235, 1.2295159, 1.3375623, 15.842389, .65470415, 160.67354, 1684.9303
1.8625388, 27.180656, 1.2255371, 305.21027, 1.7576580, 4.9479485, 1.0738646, 12.673232, .76757127, 116.06187, 882.55548
1.9739029, 23.738243, 1.8702193, 740.43353, 1.4785442, 4.3623567, 1.4641730, 18.471809, .77583909, 25.538317, 1596.5562
2.1326787, 25.454044, 1.3389601, 653.35016, 1.4479396, 2.9546103, 1.6067519, 10.967036, .88878101, 102.53540, 1457.8846
2.4673266, 26.536640, 3.4174607, 728.53766, 1.6993988, 3.8397415, 1.6299326, 16.095198, .47590131, 70.997406, 1401.8503
2.6297989, 23.087374, 5.2323275, 511.86133, .94283271, 2.3236239, 1.0053265, 10.664989, .43972474, 92.723282, 1389.6447
2.6175699, 20.895430, 5.8996992, 656.59454, .49173105, .38514447, 1.0121176, 12.720114, .38391870, 126.03971, 1948.0564
2.8314376, 25.922607, 4.4735570, 637.44525, .67396027, 1.9573758, .51195890, 3.8326201, .39194405, 43.602848, 1634.8625
2.9821539, 25.076944, 7.3867865, 673.08887, .56189704, 2.0618296, .62781614, 3.2219021, .26412597, 46.269356, 1731.7869
2.5356121, 25.714304, 6.4677825, 549.14630, .68602198, 1.2196977, .72290814, 2.5622084, .21422347, 44.920784, 1985.5536
2.5528080, 27.016348, 6.8528776, 569.23328, .57714075, 1.1865951, .51848668, 3.7829370, .21171206, 43.664783, 1904.0929
2.4409077, 24.680531, 8.1744518, 638.97687, 1.2651457, 2.5195518, 1.1316862, 2.8221679, .85503030, 107.01207, 1554.7924
2.2364450, 26.445175, 1.1698033, 94.195274, 1.0713465, 4.8254189, 1.7872682, 8.7140045, .41865185, 32.237961, 1444.9827
2.2306433, 27.176147, 3.3671732, 88.173698, .88957417, 2.4455769, 1.8930597, 7.4605808, .33743837, 5.8675299, 1664.4510
2.2997024, 26.617788, 1.1342812, 199.71765, .67410201, 1.2714262, 1.4491235, 9.8884401, .18222257, 19.205593, 1202.2377
2.3039732, 26.095699, 2.3626986, 172.60138, 1.2614100, 3.0668278, 1.4351574, 3.3645458, .13591637, 46.845814, 1263.0107
1.2774134, 21.575066, 6.0093946, 39.194683, 1.5614452, 2.8769805, .97530371, 5.3884926, .18739000, 31.334042, 600.97400
1.1108685, 19.904327, 3.6893625, 123.25190, 1.3171167, 3.1224191, 1.9508237, 6.5659332, .25620458, 105.09544, 1022.9271
1.5923808, 20.174942, .93706018, 268.30426, 1.3698722, 4.6232023, 1.9762917, 4.4068232, .36750329, 61.409279, 1275.8088
2.9275639, 27.876099, 1.6904929, 342.88297, 1.0753168, 3.4377995, 1.5652484, 19.869299, .72987312, 191.52399, 684.54034
2.9071412, 25.368223, 1.6606649, 419.49643, 1.0171652, 4.3533978, .96911049, 17.158714, .69548059, 190.14633, 1431.5200
2.2356513, 20.944639, 4.7250361, 271.96460, .32019565, 2.6216807, .96824557, 10.518745, .18354160, 162.07390, 1666.8838
2.6459951, 21.889334, 3.1496449, 229.62315, .37628210, 2.8647685, 1.1672372, 15.664326, .25071412, 160.68401, 1969.0693
2.6233146, 25.813919, 4.4303823, 379.66299, .67164338, 3.5082304, 1.5413719, 11.744614, .60747039, 159.17593, 1978.5691
2.6195345, 23.117056, 4.0662632, 344.16959, .95432359, 2.6763961, 1.9101390, 10.620634, .55673361, 149.46007, 1967.1086
2.1697755, 26.199306, 2.4690344, 600.34698, .57113439, 4.2708492, 1.3028619, 16.769402, .32152674, 123.52509, 1181.9155
1.7001748, 19.811289, .64862549, 486.75772, .31834677, 4.0119457, .74409568, 12.844795, .20013900, 97.754547, 1503.5653
1.1437476, 21.469950, 5.8535285, 524.12579, .51551992, 4.4163885, .75232488, 19.472195, .42256185, 140.20766, 1029.7998
1.1555206, 20.209908, 6.3257408, 620.24396, 1.0515325, 3.1128342, .93952733, 14.385241, .59949011, 141.78651, 1039.0480
1.7821956, 18.312109, 5.9701653, 499.60760, .72661042, 3.5545871, .58556461, 4.6762695, .91159743, 98.103363, 441.87628
2.3615060, 22.323967, 1.6170431, 429.01984, .99903470, 3.1658261, 1.1348979, 10.127982, .35524550, 6.3642540, 1490.2792
1.7343647, 23.020432, 1.0761716, 490.83704, 1.1808792, 2.8664858, 1.2510688, 4.1164784, .38228959, 55.579983, 730.72327
1.8164496, 24.431149, 2.1866651, 673.89294, 1.1127120, 2.5111623, 1.3586189, 13.996038, .95030826, 177.07315, 1729.6992
2.2353389, 26.580463, 6.1533937, 89.325333, .52623481, 4.8842669, 1.2268387, 19.497950, .15157753, 164.22623, 798.89893
2.1778202, 22.625345, 7.3799691, 54.893066, .92451537, 4.9941983, .73678929, 12.303725, .15697646, 187.81766, 1165.9392
2.1646645, 23.352005, 8.2551289, 190.87170, .92571211, 4.0622559, .76134217, 12.356433, .20425616, 168.36165, 1423.3718
2.1893034, 24.374842, 7.9626393, 281.03287, .94813550, 4.2653399, .59400165, 18.213610, .24119556, 190.17696, 1498.2197
1.6848581, 24.151388, 7.3917112, 696.17352, 1.0247207, 2.8641372, 1.2125823, 5.3036637, .55189943, 129.22910, 1435.6111
1.9680195, 23.516068, 6.8392906, 534.02728, 1.2838922, 2.8700645, 1.2133254, 9.0502014, .46065652, 100.80150, 1835.7996
1.1630385, 18.882008, 2.2857761, 558.92944, 1.3343004, 2.4789784, 1.3337665, 15.347505, .33636779, 51.682518, 1576.4351
1.1484988, 19.203115, 2.8949070, 435.98038, .78524828, 4.5557380, 1.5701089, 6.1094179, .27005208, 5.2891598, 1297.9474
1.0853211, 19.050329, 5.2837448, 311.42819, .82467639, 4.4320951, 1.4803910, 11.747993, .26402545, 6.2986054, 1515.8937
1.0781637, 18.112265, 6.7364945, 337.67438, .48824704, 4.2537532, 1.6656276, 12.708858, .35791835, 44.658745, 881.13416
2.4934850, 21.057943, 6.7307458, 528.52148, .48190171, 2.9060149, 1.3093332, 6.0510869, .32956925, 45.879196, 974.85217
1.9657279, 27.063251, 7.7532201, 132.84793, .62384230, 2.2721176, 1.6340048, 14.501371, .76941657, 10.555688, 1437.3851
1.4363463, 23.866127, 3.8570185, 338.68079, .83473563, 4.7649069, 1.1556859, 8.5621147, .49094397, 58.401180, 712.50842
1.4635677, 25.713926, 1.1296595, 378.99002, .73388481, 4.5810180, 1.3395556, 7.4748831, .45753589, 68.029312, 425.03720
1.4924133, 25.076536, 2.2416439, 216.82681, .35785553, 4.0753107, 1.6738775, 9.7005844, .30538496, 77.951019, 796.68439
1.5086899, 19.858805, 3.7157841, 300.32999, 1.0387895, 2.6194472, 1.6806673, 5.1890397, .18233842, 66.607597, 730.47241
1.4992909, 19.910919, 2.9367535, 168.63673, .82577091, 2.6107695, 1.3728290, 8.0981531, .34791291, 101.07823, 718.65588
1.4668009, 19.909939, 6.3335547, 151.09598, .55219561, 1.9008009, 1.4109895, 11.122932, .54546034, 89.137177, 1044.2618
1.9124087, 20.302006, 6.7906833, 124.11948, .33087260, 2.0847945, 1.0203636, 9.3090839, .69722629, 64.420578, 1074.5532
1.6335633, 20.180542, 5.4638743, 150.52657, .54068238, 1.2367574, .58895302, 13.075130, .55992991, 81.316170, 1186.7039
1.0552387, 22.271069, 5.0751228, 202.29126, .94510019, 1.7741262, 1.1007602, 10.022405, .39287418, 151.29492, 1142.9891
2.1071153, 25.914789, 6.4915948, 628.63635, 1.4313152, 1.8788005, 1.4890115, 14.719258, .27592301, 61.407825, 418.01157
2.3705084, 27.447136, 4.5078092, 456.30038, .74709809, 3.8734076, .73514616, 13.394642, .34163386, 145.54863, 718.34314
1.9219756, 27.883274, 7.8948026, 432.58386, 1.3361483, .44478053, 1.1783719, 10.277382, .15148143, 125.44176, 865.71008
1.9019004, 27.134815, 6.8481035, 361.88196, 1.2932585, 1.0500854, 1.2336574, 11.542265, .29584435, 139.76190, 458.18582
1.6438591, 25.260101, 4.8380723, 418.65335, .46149325, 3.1618354, .69370204, 7.4207397, .34162408, 79.199913, 930.99487
2.3930686, 28.048197, 7.2424622, 526.62299, 1.3491417, 4.2020617, .90675569, 6.7453609, .25725996, 8.1051388, 1355.7300
2.4086289, 26.863800, 8.5110540, 412.72482, .68248558, 3.1947253, 1.8421789, 6.3157134, .23113719, 52.120689, 1320.7590
2.6907392, 25.029436, 8.3417749, 43.192139, .77652645, 1.2224258, 1.6926060, 10.301563, .18621978, 76.533020, 1690.8889
1.6221439, 25.787880, 4.8843870, 213.11038, .74177790, 4.2544355, 1.4474657, 4.1351843, .51490551, 33.984558, 1170.9097
1.6180620, 26.913944, 4.9180188, 320.17026, .96303195, 3.7430894, 1.2015917, 11.365434, .74066257, 82.708458, 1026.4031
1.0618190, 25.858810, 6.6988807, 105.52716, .83936012, 3.0938394, 1.3425730, 9.3599119, .49953198, 36.084141, 1266.3577
1.6957235, 25.256596, 6.0366449, 96.661850, .95941961, 4.6836724, 1.2268717, 13.186686, .55182189, 51.001869, 1234.1167
1.7256746, 28.798191, 1.4762505, 131.58405, .90475792, 3.9907000, .76292592, 11.283655, .49212512, 27.856794, 1390.1526
1.7327304, 27.419395, 3.2698324, 42.985016, .71375895, 2.5959668, .57788783, 10.317960, .45688075, 29.983942, 1579.9979
1.6892931, 24.991573, 3.4713717, 85.039780, .97012109, 1.8323691, .57892996, 11.714767, .49534184, 20.474966, 1120.4260
1.6658123, 22.417435, 3.5345924, 368.04965, .95190585, 1.6526278, .62096113, 12.360716, .55896115, 61.740517, 1200.5278
1.5180056, 24.670433, 4.1213822, 60.953545, .87673187, 2.6153352, .84319365, 15.495801, .90192628, 31.621647, 1372.4180
1.5718617, 28.628204, 3.3577437, 235.86110, 1.0950831, 4.8450966, .91104543, 16.923286, .98341018, 48.141281, 1530.4471
1.4964193, 20.835218, 5.9670119, 270.65576, .67693120, 4.4791641, 1.7726427, 18.483519, .61764914, 53.484116, 1471.5250
2.2059345, 24.770123, 6.8418598, 231.28140, .96370637, 3.7787831, 1.6410697, 19.469906, .49798992, 77.759247, 1261.1882
1.1099932, 22.784599, 7.1150017, 183.99561, .30877313, 1.7899679, .93277973, 12.511843, .87001598, 130.72815, 800.71918
1.1986593, 23.445740, 5.8377981, 433.18311, .40872395, 2.3848166, 1.1162577, 8.4748325, .86169153, 138.84564, 575.77374
1.3490015, 25.864294, 4.9288764, 173.22900, .53951049, 4.9389153, 1.6663840, 15.927025, .87867641, 106.33768, 1017.1282
1.2444577, 21.901901, 3.8727112, 300.58099, .75853401, 1.8465176, 1.8747438, 15.214706, .75358099, 13.242832, 941.66107
2.0201766, 23.310568, 6.6905766, 515.34802, 1.4468553, 2.4737949, 1.9076543, 8.3833981, .54868728, 34.484417, 1118.6611
2.0268984, 22.618565, 6.9788599, 650.25629, 1.1598160, 1.3158646, 1.9040931, 11.879030, .68814379, 59.069653, 1620.0059
2.0603735, 26.520271, 6.4733505, 391.46570, 1.3879454, .25842637, 1.8476530, 10.426958, .64121485, 59.582443, 1647.5677
2.3237095, 25.359756, 5.0132127, 262.91138, 1.3867910, 1.4897811, 1.7831998, 10.965609, .57302248, 70.889771, 881.90375
2.9014473, 27.013416, 6.0755587, 687.55316, .33038127, .73631310, 1.8683219, 6.8146849, .52856857, 78.894043, 1634.5563
2.8953025, 22.231205, 3.2300515, 442.11655, .30152929, 3.6838334, 1.3927338, 16.519943, .45572841, 56.973232, 1045.9958
2.3584011, 23.517279, 1.0413843, 172.05904, .55311799, 3.3863077, .93876863, 5.7520947, .30671009, 76.835091, 1134.6868
2.3578565, 23.135727, 1.3344442, 187.65582, .44538039, 3.4449227, .99874729, 8.1679735, .28030086, 51.181938, 1544.4099
2.3544171, 28.118675, 8.4543591, 178.19330, .42268366, 3.1571894, 1.0751977, 18.906130, .23390207, 19.625221, 1479.2483
2.3375788, 28.955957, 6.5776458, 49.565559, .89460558, 3.3536179, .87736332, 16.585918, .30068257, 11.377095, 1532.3947
2.3296340, 28.648438, 5.0398526, 346.46732, 1.2554053, 2.5217917, 1.1338742, 19.196835, .37142664, 49.496754, 1163.4689
1.8110700, 23.202480, 4.7967486, 628.12781, 1.1722610, .24743855, .78409916, 18.309750, .50812268, 34.052082, 1005.0708
2.0718799, 19.574646, 5.7367210, 710.20154, .25498915, .44898134, .83534706, 15.956357, .37521899, 84.277649, 966.64075
1.9887329, 18.189907, 5.3004627, 665.64911, .35481068, .19472036, 1.0288556, 16.473232, .55940396, 75.573570, 1765.8524
1.9569733, 18.181047, 5.8891139, 425.17563, .29406959, 1.1886866, 1.1846750, 8.6877785, .20057750, 69.552856, 1741.1569
1.9028189, 20.028902, 7.0766683, 553.44763, .42896670, .62255126, 1.5085404, 12.583490, .23716557, 16.466778, 1719.8008
2.2144842, 24.831184, 3.7466087, 95.127869, .59110391, 3.3861237, .83187872, 8.6891870, .85975456, 114.11124, 1625.4868
1.8269445, 26.066486, 6.4638658, 112.19598, .42570454, 4.2437906, 1.0816028, 15.932508, .99711591, 109.48908, 1769.1183
1.8721833, 25.012701, 7.1999292, 38.172024, .24526091, 4.9900980, 1.1521775, 18.105286, .79025292, 135.73840, 1209.1478
1.5631273, 22.140339, 7.7421966, 261.70132, .82953316, 3.3330085, 1.2687986, 17.552675, .25636601, 123.04003, 1037.1482
1.9253851, 19.033323, 1.9240967, 468.68497, .76481313, .64008045, 1.5674675, 9.1174173, .16035280, 195.13959, 1783.8073
1.8676782, 22.028061, 4.9794254, 365.36804, 1.1500823, 2.1220744, 1.6397700, 5.7286854, .47222391, 80.119392, 1967.2766
1.8028812, 22.072384, 4.0355330, 421.09131, 1.1690010, 4.5198016, 1.9899914, 5.5840201, .59645021, 159.86005, 1646.3960
1.8976681, 20.055012, 2.7659786, 635.28131, 1.2288778, 3.6161158, 1.1154767, 6.7463779, .79423732, 161.11580, 1640.4093
1.8587575, 18.839424, 2.4704998, 743.10626, 1.5826507, 4.5918946, 1.9643735, 6.6417336, .95004547, 142.47035, 1677.7388
2.7575274, 22.161913, 3.0739322, 341.03250, 1.5353032, 2.8557119, 1.5568694, 5.7215981, .40563241, 144.16858, 1212.4050
1.7454691, 20.043892, 4.5770769, 740.48468, 1.0800537, 1.2254970, 1.6321694, 1.2537012, .67404646, 123.60535, 956.80682
1.9575357, 22.408894, 8.4257116, 500.84750, .57968390, 1.1177425, 1.5954945, 4.2145529, .92286777, 102.24758, 583.03503
1.5642734, 19.739975, 3.1185250, 170.62297, .95463121, 1.5356294, 1.7290652, 11.107077, .51713842, 164.71330, 1138.8502
1.6510783, 21.043522, .91475540, 258.42621, 1.4251783, 2.9595602, 1.7359823, 13.449326, .16836467, 177.01683, 1297.9124
2.0806456, 22.045200, 2.2628160, 72.983124, 1.1921848, 2.7170823, 1.4348940, 2.6410706, .21690887, 157.51073, 1016.7059
2.3436503, 28.491020, 3.1669285, 90.690872, .39202380, .29019696, 1.1440903, 6.1833892, .99677128, 79.592171, 1255.7991
2.6449156, 27.880703, 2.6315722, 109.19965, .33248532, 1.2562879, .52099979, 12.814221, .81446743, 137.07526, 1147.2295
2.8104486, 21.787710, 3.3408535, 389.96555, .87524766, 2.7661021, .81729966, 16.601021, .57237780, 162.10294, 1699.1588
2.7575855, 20.374475, 3.4431050, 387.32880, 1.0404633, 2.0843675, 1.2803816, 10.475407, .70825791, 173.80501, 1875.0276
2.8455412, 23.586899, 3.2255902, 245.04619, .78869003, 1.7430179, 1.6371645, 9.8215809, .43448043, 193.56929, 1690.6400
2.6341815, 20.227959, 2.8095939, 187.73271, 1.0265995, 2.5806212, 1.7762181, 16.326723, .76579982, 165.86606, 1388.5869
2.7203088, 23.254574, 3.3739622, 400.37360, .25351405, 4.5130568, 1.7208350, 11.371162, .61658710, 192.98338, 1313.0935
2.1603954, 19.702677, 4.4641256, 653.49524, .48041201, 4.7316937, 1.4993107, 13.946586, .52740228, 155.60542, 1325.1118
1.2849456, 20.377106, 5.4041905, 497.10797, .92265481, 1.7757971, 1.0209557, 15.797268, .68850088, 9.9677114, 670.35010
2.3541710, 25.671093, 7.5829539, 638.33881, 1.1646719, 2.6449959, .64213377, 12.284060, .44973835, 199.72260, 1599.2211
2.5210137, 26.173630, 8.6123629, 621.64075, 1.2986838, 1.6055067, .96158803, 15.653558, .32774556, 176.67273, 1066.1631
2.4647713, 22.125404, 2.4541342, 702.95471, 1.1351024, 2.2184017, 1.0387264, 13.113096, .38774529, 174.38722, 1349.6207
2.4491920, 24.178335, 3.3684192, 375.22342, 1.0787714, 1.4247389, .88415480, 16.385769, .56099749, 153.22639, 1308.6334
2.9842582, 27.805616, 1.4707663, 100.74726, .94388676, .66465425, 1.0466692, 17.637781, .73828632, 109.09723, 412.60733
2.7617307, 20.678360, 4.7421718, 188.84253, 1.0180237, 4.2067919, 1.6883142, 1.9991503, .63052446, 144.43468, 1245.6624
2.7504706, 23.223789, 4.7359176, 148.13809, .66064829, 2.5296597, 1.6387262, 4.2036905, .60433185, 144.05547, 1200.3313
2.5687368, 21.797680, 2.5033796, 699.84772, 1.5902615, 4.4066901, .77573729, 1.2638023, .33623648, 117.00748, 1590.2551
2.1307540, 19.896549, 7.0501933, 160.26404, 1.6583630, 2.4759200, .92615986, 11.445901, .96956241, 160.37405, 1461.8970
1.8907717, 24.625366, 7.1022167, 201.50305, 1.3936912, 2.2682884, 1.1264956, 11.120899, .95742488, 109.33871, 969.57806
1.9272008, 24.579741, 7.7680144, 32.238380, 1.4293143, 3.4077995, .94506252, 9.2969408, .61311859, 32.395241, 573.21826
1.0250434, 21.880289, 2.6394444, 297.30023, 1.6751043, 3.1803625, 1.1448200, 19.321230, .32943666, 15.527051, 528.31885
1.1092950, 24.490187, 2.7410121, 205.46902, 1.4635618, 2.4586687, 1.1895859, 16.557358, .37084702, 82.077065, 649.16571
1.0387089, 21.791336, 2.0350406, 345.39120, 1.6794965, 3.2838433, 1.2418900, 13.140469, .14330733, 63.746090, 1135.6619
1.0828289, 26.642601, 7.8278337, 240.98569, 1.6470299, 2.4769073, .76851428, 12.732287, .16891299, 78.828979, 905.14679
1.0419401, 25.210159, 6.9366469, 334.04367, 1.7738981, 2.3276474, .71835005, 9.0662928, .25721195, 78.549614, 793.64966
1.1511350, 21.555754, 6.8797665, 411.39215, 1.0262347, 1.0558136, 1.6811378, 9.8248205, .40383878, 172.36475, 593.18164
1.2203128, 18.754858, 5.1697907, 506.09039, 1.3206019, 2.4107339, 1.8825226, 12.388295, .70434761, 128.65497, 552.80383
1.5280117, 20.926208, 2.3484530, 598.28082, .70336360, 1.2537118, 1.7865458, 14.035778, .30232570, 95.745285, 714.70947
2.4948146, 25.366100, 1.7820723, 674.97021, .62475801, 2.1679277, 1.1223826, 4.4971027, .25942698, 67.144569, 1162.4948
2.4258471, 22.407717, 2.9426095, 691.03931, .58006823, 4.4441929, 1.0391709, 5.6770887, .42629975, 121.52365, 1697.9906
2.6653957, 21.386774, 3.9481075, 550.10388, 1.2889136, 4.2360296, 1.6347404, 1.1850429, .71587867, 179.98627, 1142.2017
2.3589535, 24.985092, 5.5894899, 556.89111, .87220591, 3.4152758, 1.5837853, 4.8516226, .78021812, 168.11292, 1358.6294
1.5586669, 22.763454, 6.4822354, 442.91696, .75464290, 1.5154330, 1.8621051, 15.056202, .57353020, 77.554916, 1096.5815
1.4978771, 23.168135, 2.1910243, 460.70352, .35689303, 3.2095966, 1.2212487, 12.162270, .91618234, 154.24121, 1497.5714
1.4923068, 21.736605, 1.3907417, 663.82745, .59398025, 3.6989965, 1.7120242, 16.206490, .90110922, 141.53690, 1490.4333
2.3658161, 18.266344, 1.5825124, 367.37817, 1.3146344, 3.3794260, 1.7247128, 18.321293, .56787926, 178.48248, 987.79681
1.8644916, 24.227974, 6.1106172, 689.53302, 1.3263111, 4.4488020, 1.8654445, 17.668728, .45938703, 69.416115, 1659.1066
1.8633924, 20.818089, 7.8330035, 537.72144, .85933697, 3.0204453, 1.9462426, 13.559793, .16510232, 66.978058, 1766.1211
2.0748925, 19.178900, 8.1866846, 650.69684, .56899625, 2.8278487, 1.9987079, 9.0681601, .12177119, 95.138809, 1632.1556
2.0693679, 21.945004, 7.2686548, 238.80472, .68159521, 2.7723534, 1.9052485, 9.2493944, .16835529, 23.999857, 1747.2542
2.1763368, 27.997566, 3.2911234, 412.44345, .64908773, 2.7742155, 1.4919286, 9.6052036, .13368690, 133.50290, 1704.0939
1.7432042, 23.900322, 2.6172006, 530.28503, 1.1265719, 1.4348617, 1.3382913, 9.6333103, .24700814, 74.141670, 1715.8556
1.2147563, 18.709404, 1.4033788, 506.56479, 1.3097544, .76713967, 1.5483676, 7.2302570, .45379668, 165.59926, 1472.1829
1.6979284, 19.274715, 3.9557934, 311.23495, .94258595, 1.8882982, 1.0654460, 5.9074497, .37243822, 181.75569, 1946.3179
1.3708122, 19.341606, 5.2637458, 113.00150, 1.3470255, 2.9769027, 1.3225989, 5.7466788, .69294846, 102.54974, 1514.9861
2.3479922, 21.108797, 2.2131414, 264.66571, 1.1662872, 3.4270175, 1.2069368, 4.4382076, .80566055, 106.92828, 1057.6733
2.6682384, 18.037844, 2.0545123, 251.46298, .63421386, 3.1740005, 1.4256746, 4.5709081, .77008086, 62.901394, 403.70764
2.3185878, 22.398052, 3.0818169, 746.82831, 1.7007949, .74987817, 1.9433782, 10.070378, .94527984, 91.491257, 1195.9902
2.3326139, 20.298254, 4.9890957, 557.81812, .99387866, 1.5862724, 1.8634628, 15.102879, .81827718, 56.497303, 1022.7974
2.2002523, 24.930632, 4.7895932, 744.72614, 1.0880477, 1.4672749, 1.0923772, 8.6548500, .67934215, 168.65486, 624.63953
1.7939179, 24.138760, 4.7135825, 298.98700, .78164673, 2.7519832, .60698545, 3.0631862, .41658655, 49.598679, 867.90558
2.6208110, 28.648743, 1.6974953, 181.38303, .39090970, 3.7800317, .65729469, 8.8566227, .14039072, 68.285255, 911.95410
2.7721975, 25.867708, .61083901, 431.52942, .56096429, 2.7847869, .60347128, 8.4701824, .89602637, 65.911026, 1226.1118
2.5791025, 23.727226, 6.0875072, 438.07373, .76410538, 1.9571626, .66181350, 5.9438434, .42852345, 36.047871, 1383.6682
2.6190264, 27.877193, 5.9441185, 484.00177, .38289383, 1.3756286, .62213677, 3.9451060, .57274878, 104.27863, 1589.8369
2.6540103, 28.308155, 3.8736613, 471.50406, .49836922, 2.4771364, .59987134, 9.2862358, .59978062, 21.696497, 1465.6375
2.6457889, 24.661726, 2.4072847, 339.04517, .75238872, 2.9242787, 1.5944018, 7.0620170, .49521035, 66.874855, 1801.3407
2.4590695, 21.930258, 2.3950820, 250.40616, .93914539, 1.8078517, 1.6794491, 5.8409557, .54507917, 88.135284, 1903.8746
2.7567549, 18.291580, 2.5075960, 249.83813, 1.1131608, 4.4569130, 1.4596633, 6.7514763, .86160100, 13.508860, 1726.1224
1.9604645, 19.549206, 2.0438173, 230.78857, .96358824, 4.5039649, 1.8131109, 7.4018326, .81023169, 9.1851997, 1769.0559
2.0404749, 25.229784, 1.5872400, 265.04150, .74185300, 4.4397879, 1.9515779, 10.558526, .81219256, 36.614120, 1816.3226
1.8404748, 28.386772, .42488822, 236.08780, .72139359, 4.4873486, 1.7378278, 8.4359417, .88094682, 89.844833, 1963.3961
1.8674212, 26.229729, 2.5790360, 587.57166, .53633690, 4.6276355, 1.6833537, 11.571009, .65216708, 89.567589, 868.56232
1.4167045, 27.151842, .48868388, 266.54263, 1.0672833, 4.3402081, .90138835, 10.678050, .25259021, 129.84764, 830.42822
1.2611138, 26.582607, 4.3147655, 102.31831, .92495853, 3.6866546, 1.2702214, 12.139374, .85229957, 11.329269, 1401.7214
1.3693020, 28.996923, 4.1821604, 489.02713, 1.5895698, 2.8744559, 1.6940411, 12.329374, .50884956, 124.76965, 970.55920
1.3336743, 28.661860, 5.0557642, 543.17499, 1.5675243, 2.8854213, 1.6495724, 12.871193, .80467355, 174.98726, 1065.0984
1.3945680, 27.968895, 3.8933315, 403.99774, 1.2150062, 3.7521563, 1.6030246, 4.6434436, .46225867, 133.64417, 1852.7567
1.8720316, 26.466022, 3.1821876, 262.14212, 1.4016435, 1.8971922, 1.1066477, 3.6566539, .46771997, 146.04332, 1839.1864
1.8867545, 28.257610, 5.3660183, 221.76671, 1.1341294, 1.7335892, 1.0660360, 5.6485453, .45210916, 103.22339, 1901.1823
1.5205538, 23.502020, 1.7988690, 149.12094, 1.1433500, 1.7529252, .87079227, 1.5329742, .29622072, 96.705162, 1776.5894
1.1536269, 23.708385, 6.1105762, 100.83731, .95056230, 4.2825103, .98250210, 15.232651, .58547467, 28.519243, 1800.1553
1.1454763, 23.399891, 3.7066050, 86.271210, .84988070, 1.7771341, 1.6490836, 13.933189, .56645882, 64.219887, 1714.8762
1.1749647, 21.943981, 3.2801394, 199.10515, .40340978, 1.1591657, 1.2761781, 3.7041700, .22302209, 24.636335, 1150.7620
1.2391305, 19.683506, .52527368, 497.28619, .54509032, 1.7612457, 1.1237422, 7.5966916, .55349857, 90.373741, 689.13000
1.3169693, 22.665279, .44244593, 530.61194, .34736812, 3.7057545, 1.0461093, 14.919553, .64297348, 173.23561, 760.10388
1.5634573, 23.112993, 3.3529246, 517.28235, 1.6427190, 2.6681473, 1.1844132, 16.019764, .62683028, 146.39197, 1528.7229
2.6585109, 28.126713, 3.4616759, 500.12006, 1.4838839, 1.2853113, 1.6342611, 9.6686859, .45590293, 184.30272, 1584.6011
2.6657794, 28.147388, 4.5516067, 457.12057, 1.7691373, 1.1653560, 1.5090418, 11.642020, .38563991, 176.06779, 1453.4607
2.3266337, 20.953703, 4.6917262, 189.22560, 1.4140975, .53979433, 1.9418103, 3.6418796, .81342965, 68.890060, 1973.4761
1.0515189, 25.308773, 4.0975828, 595.95673, 1.7355908, 3.2432766, 1.7654930, 11.712487, .50255507, 130.16968, 1371.9424
1.5108659, 24.192928, 2.8103614, 402.07700, 1.3352702, 4.5661917, 1.4493080, 5.6744342, .20606726, 46.374001, 1738.0234
1.1801666, 24.420795, 4.3527026, 423.73224, 1.3847301, 4.5966921, 1.2538074, 12.651354, .52824819, 23.449839, 1134.5144
1.4813185, 20.765005, 1.7011164, 306.99152, 1.4932815, 3.8816371, .67808896, 12.789234, .71841305, 2.8591282, 1973.6273
1.6505721, 21.325726, 1.7725393, 236.55182, 1.7233418, 3.5358727, .98024774, 12.213102, .52837753, 75.461655, 1586.0476
2.1450491, 28.181633, 3.1149912, 631.60266, .91749507, 4.8729672, 1.0027294, 9.2241411, .24797937, 112.95339, 1239.9961
2.0584407, 25.102797, 6.7605300, 636.03510, .57998925, 4.8811288, 1.3998802, 14.472260, .54264957, 104.97397, 1691.4204
2.0466833, 21.747833, 7.3182473, 613.54608, .52466071, 4.9675159, 1.6324477, 11.990135, .45682189, 143.32953, 1718.3278
2.8942742, 22.248129, 8.3156710, 595.59302, .90288073, 3.0250616, 1.2561705, 16.388561, .24622416, 110.66384, 861.60010
2.6799915, 28.188786, 8.4738846, 50.110168, 1.2938426, 3.9953654, 1.6482446, 12.774582, .55872083, 32.239609, 1667.8755
2.1926217, 24.602583, 4.4686236, 149.48769, 1.6968530, 3.1785665, 1.4605256, 12.586763, .14686728, 20.196188, 1577.7577
2.2394381, 28.768316, 3.5937481, 382.59201, 1.7109261, 3.8431785, 1.6059111, 8.9830837, .17456821, 39.764141, 1581.3888
2.1415439, 23.520411, 5.7239003, 446.40540, 1.4171916, 4.8042331, 1.5995023, 1.9848151, .42191973, 44.892864, 1260.5862
2.8281007, 19.122311, 3.8448160, 605.50366, 1.6393735, 4.1992373, 1.7720084, 4.4043655, .90517855, 128.59097, 1326.2004
2.8941188, 21.184961, 5.3313742, 589.75562, 1.7740238, 3.0884204, 1.6755147, 5.7141585, .62079185, 142.91147, 1302.2979
2.9159660, 21.802717, 5.0898867, 715.13013, 1.5580643, 3.7402871, 1.7211168, 2.4004836, .46909049, 131.18170, 1430.3728
2.4927526, 18.084326, 3.9414823, 738.40973, .88498187, 4.6905251, 1.4694411, 4.1615047, .25617546, 111.34380, 1834.7920
1.8963056, 20.450781, 5.0370274, 687.07050, 1.3870038, 3.8097556, 1.3148730, 8.0156097, .35858351, 25.949867, 1624.5007
1.8507378, 18.146395, 6.1748605, 689.17566, 1.5613240, 3.7048190, 1.0767291, 7.7928448, .46755317, 34.485176, 1479.7471
2.3636513, 24.075022, 1.7782307, 446.25803, .89966756, 3.5702486, 1.4119378, 10.721495, .49970800, 70.636444, 1861.4377
2.3511131, 23.906532, 2.3229373, 630.46442, .33739698, 1.9283971, 1.9783547, 13.379194, .64945859, 96.442429, 1592.0454
2.4109645, 27.127939, .48309857, 473.00015, .54425794, .13940570, 1.9420580, 13.448007, .43558064, 121.43027, 1314.2422
2.3433475, 21.304688, 2.0432694, 403.17877, 1.0754241, 1.3543705, 1.4295636, 5.7273269, .42562220, 144.71001, 1836.0891
2.3611000, 24.129658, 4.5419898, 314.08649, 1.0500764, 1.9108694, 1.5818295, 3.2919462, .41523561, 97.400124, 1926.3608
2.6190562, 26.615753, 5.6279750, 172.97169, 1.1705425, .57785553, 1.9750068, 10.999172, .76881278, 191.26909, 1419.8127
2.3190775, 22.929840, 4.5538344, 158.52484, 1.6368134, 1.3123747, 1.9252478, 11.697983, .87487125, 72.868828, 1453.2438
1.5658619, 24.705996, 6.0543933, 734.28528, 1.6983817, 2.3916256, 1.2938801, 14.377017, .83170617, 176.98898, 965.16052
2.0914700, 18.266048, 4.7632961, 645.61823, .38258162, 1.8563859, 1.7327218, 19.643412, .72273600, 87.270920, 1214.1841
1.6614864, 20.377375, 1.4149241, 493.16415, 1.4874799, 2.4967680, 1.6708596, 15.906773, .70620406, 54.883953, 1264.5198
2.0560961, 22.141827, 1.4182498, 131.33145, 1.1657919, 1.9901839, 1.1410210, 13.945005, .67139268, 7.3680491, 495.20044
2.0333548, 23.199844, 1.5511776, 111.36497, 1.1112982, 3.3598533, .89140618, 10.567490, .90623009, 10.546430, 484.02646
1.8625921, 24.681026, 2.3363237, 137.29315, 1.3114672, 4.9860826, 1.2382228, 7.5118914, .66861320, 20.100147, 945.11890
2.2477455, 21.792450, 3.5931909, 684.67688, 1.3748685, 4.7883430, .90472233, 5.4181128, .33333376, 148.42844, 1358.9342
2.5011935, 27.489565, 3.7359097, 717.08905, .73393273, 4.2820039, 1.3112527, 4.0419455, .50429499, 148.51120, 1223.5054
2.3532114, 21.338242, 5.2342677, 294.02365, 1.3759702, 2.2130101, .66053867, 5.0446997, .36846995, 123.07661, 1456.2367
2.2762651, 22.635071, 3.9581101, 512.92480, 1.5483775, 1.6416390, .60765618, 2.6200519, .75753587, 54.349419, 1955.7766
2.3470187, 26.109318, 7.5639195, 278.12195, 1.0134645, .51359332, 1.0047698, 8.7977095, .53285813, 75.961563, 1725.9948
2.3926272, 25.502430, 7.8170171, 170.72531, 1.1959639, .61097890, .92022544, 8.0320663, .18596849, 69.352615, 1795.1008
1.8170254, 18.510593, 8.0332594, 365.28229, .60532773, .50617737, 1.2627205, 1.2641302, .59952527, 77.449379, 1331.0928
1.9187400, 22.756571, 7.6572428, 670.85956, .63345146, .53870010, 1.1164365, 3.4094484, .41691163, 98.923973, 1124.5846
1.7054319, 22.127249, 4.4543400, 487.03143, 1.4118452, 2.2512789, 1.7988882, 3.9136443, .58418381, 82.997253, 1387.6460
1.7118459, 23.484238, 3.9527144, 311.54770, 1.5428090, 1.9926549, 1.4128722, 5.5915833, .57104582, 61.386837, 1404.2234
1.7281268, 23.883848, 2.8088598, 211.21176, 1.4431125, 1.8022116, 1.2399261, 2.5820174, .44873458, 57.305920, 1404.7505
1.2053154, 21.970398, 3.9882634, 267.18060, .80474097, 1.8766639, .99783999, 2.8502905, .75789088, 37.727676, 1454.2231
1.3073212, 25.775091, 2.1187854, 594.95209, .91638243, 3.6274061, .94336820, 4.9737501, .48424715, 25.775698, 1112.7861
1.7499808, 24.899895, 5.3143005, 363.98520, .92392659, 4.5553584, 1.5280585, 6.5633197, .12913521, 102.49033, 1121.7908
1.3452731, 24.640713, 7.6677527, 277.87866, .77554911, 1.5236021, 1.8919901, 5.8209867, .54982793, 9.8407068, 710.61230
2.1211541, 26.890404, 7.7642388, 53.633507, .25961035, 1.3360035, 1.5276841, 11.158041, .23770139, 105.20684, 466.17767
1.0268073, 22.883537, 8.3538351, 539.43274, 1.6208369, 1.1841098, .91776788, 3.7567024, .93105340, 168.58643, 1444.7739
1.7332107, 21.220673, 4.4330821, 737.31378, .49432003, 1.9470669, 1.7449657, 4.1941032, .61510336, 123.99865, 777.10529
1.0944239, 24.953535, 3.1914449, 635.06219, 1.1189749, .70275474, 1.0778990, 17.174351, .13301444, 96.780640, 1013.3926
1.8062010, 23.141575, 1.9435499, 176.58998, 1.6303765, 1.5603477, .63822949, 19.365345, .26772609, 86.364784, 1076.2493
1.6407262, 23.325840, 2.5463321, 637.96783, .90914369, 2.3019593, .53729099, 15.887612, .30598360, 50.487164, 1473.5074
1.6306467, 27.523312, 3.0801568, 243.92690, .85425222, 2.3182924, 1.3262386, 11.106842, .43636706, 24.193224, 1785.0345
2.6161196, 24.546335, 2.9976168, 599.00043, .33570084, 2.9423678, 1.5549889, 17.691628, .29784837, 63.548080, 1768.8878
2.2727587, 24.122217, 3.1378014, 531.04773, .56739551, .86847162, .72079182, 11.964177, .20973969, 90.553223, 1137.6555
2.5688028, 20.642010, 1.4422071, 632.20886, 1.0715353, .81431568, 1.7829118, 9.3136940, .40783182, 42.236622, 1344.8455
2.1875043, 22.015860, 1.9296275, 534.83337, 1.2274026, 1.8031948, 1.7933636, 18.956713, .75073159, 73.198532, 1763.1184
1.8954121, 25.088680, 4.9003010, 503.82407, 1.5434594, 3.6451473, 1.5066377, 19.677090, .83937943, 112.39954, 1945.0171
2.0657003, 25.003187, 3.7934051, 404.07193, 1.3659354, 3.5369995, 1.2449914, 11.073958, .93397051, 128.33189, 1566.1703
1.8549106, 21.043385, .31511363, 290.56232, 1.4714971, 4.6069980, 1.0220265, 7.6457520, .79420608, 32.403225, 1924.9081
2.8284235, 19.268301, 6.9773245, 292.90610, 1.1979980, 2.5263314, 1.3979877, 6.9320765, .92584604, 85.419189, 1771.9481
2.8969979, 25.200924, 7.2710590, 257.22937, .43588072, 3.6990604, .94165277, 3.9153323, .91801119, 186.35060, 1783.3302
2.9942672, 24.873993, 4.9397335, 68.775864, .54753280, 3.4245396, 1.1029248, 5.5669479, .56940079, 154.42325, 1728.5057
2.4120111, 20.893183, 2.2135444, 107.83957, .90690011, 3.1438205, .93260467, 6.0149202, .62411636, 137.08981, 1867.3013
2.3496099, 27.130871, 3.7675397, 355.61792, .37136218, 3.6690547, .97345591, 2.5402524, .73940444, 93.637405, 1137.4771
2.9048362, 28.739075, 2.4960897, 723.54980, .65852553, 4.5597272, 1.9232843, 13.967124, .62143648, 120.00999, 1460.1097
2.0523653, 25.022966, 5.6369524, 322.97906, 1.0406704, 4.6726761, .56877398, 9.2487917, .21755716, 136.46138, 985.68634
2.0660677, 27.352165, 6.4725456, 483.00146, .88211083, 4.4453487, 1.0701499, 9.7388916, .28062218, 119.28031, 1329.9402
2.2633867, 24.814304, 5.3936834, 215.82971, .37279457, 3.1579189, 1.2502913, 10.405256, .12367868, 48.159672, 953.80151
2.2366800, 24.457781, 4.2603254, 447.31241, .59081733, 2.8078442, 1.3392739, 4.8328762, .17509595, 52.716640, 1521.2428
2.2343225, 26.501011, 6.4606538, 71.192497, 1.3098261, .25761285, 1.3069935, 11.019153, .28954643, 104.49199, 1871.5684
1.9245892, 22.326424, 3.1099505, 449.61157, .61792237, .57754016, 1.2156223, 7.0323086, .33864218, 133.02342, 1656.2083
1.8162583, 18.144005, 2.7073457, 427.15506, 1.5419325, 2.4325294, 1.4283738, 12.916485, .49184358, 101.61027, 1853.7063
1.5092154, 21.827927, 4.6915011, 520.17725, .84841043, .85113788, .84586447, 17.874842, .58708471, 48.244598, 1331.2817
2.4197602, 28.620899, 7.4563751, 571.00110, 1.3215055, 3.4853988, .52382147, 18.683197, .45020765, 151.82031, 1721.0116
2.1876240, 25.844397, 6.1145234, 265.15396, .27539366, 4.2103386, .72928393, 13.327297, .16127536, 114.39117, 1271.6741
1.5558287, 26.026531, 3.4481509, 664.68677, .73432273, 1.8856994, 1.3887600, 5.5003633, .36184865, 72.525879, 545.32477
1.4019997, 26.892550, 3.5606534, 700.06006, .28211212, 1.3109040, 1.2246547, 5.1433320, .58957076, 38.235310, 574.17120
1.6905086, 22.089258, 4.5661793, 528.83118, .70220912, 1.4021567, 1.5067816, 3.6839387, .64507759, 42.512993, 506.77252
2.0256171, 25.330019, 3.5238750, 496.41003, .45051226, 1.5539609, 1.6745542, 8.3605785, .80647707, 72.057533, 856.01782
1.8843039, 23.469334, 4.1723490, 264.56384, .97801518, .77532524, 1.6264930, 7.1492157, .53506523, 79.103607, 415.69894
1.9580812, 24.732882, 7.0695982, 334.48721, .35157862, 2.5952661, 1.5367190, 11.427917, .68274975, 104.20638, 1069.8511
1.8418298, 20.856514, 5.9452620, 452.78275, .63349986, 1.5245764, 1.4484661, 1.0891019, .67668706, 56.855690, 1581.6295
1.5947102, 21.169622, 8.6465244, 399.95471, .84249043, 1.5350957, 1.4080228, 3.6876080, .73506093, 71.192535, 745.53931
1.2067294, 21.497768, 3.4921801, 551.15912, .66439843, 2.2103939, 1.6571584, 5.5261121, .81343013, 148.47235, 1541.5999
1.7011479, 24.442955, 8.1465101, 253.72391, .50591820, 2.9590752, 1.5199423, 6.3308678, .69492459, 145.54509, 1804.1885
1.8647031, 25.775801, 5.6412253, 468.51767, .43065664, 2.7930048, 1.7292216, 8.3532600, .79106313, 176.52573, 1669.7927
1.4266050, 26.252501, 2.9821513, 64.233307, 1.2746316, 2.6665463, 1.1303463, 1.5793357, .39340994, 68.724075, 1763.4878
1.4085045, 24.226673, .73550683, 285.11249, .93735576, 3.2230718, 1.4076029, 2.6027973, .39896879, 53.998436, 1677.5084
1.5815470, 22.768261, .64365524, 289.80011, 1.2716794, 3.7189283, 1.6917744, 2.0700307, .32042366, 70.886192, 1801.7078
1.4922446, 20.880848, 1.6252419, 340.58691, .88812983, 4.5911937, 1.8602693, 5.8494549, .51879144, 84.796806, 1141.1321
1.6293815, 20.132637, 7.1384382, 133.41669, .63202876, 4.8794808, .67828870, 6.0409803, .13463874, 109.26035, 1132.9545
1.9171042, 19.546551, 8.2176189, 137.95596, .71417350, 4.1301799, .77890557, 3.6023619, .26231107, 88.429466, 430.33966
1.9966295, 18.121662, 4.0570488, 151.49820, 1.0110369, 4.7332134, .80961478, 2.6778388, .16613588, 149.49368, 846.35876
1.9223144, 20.014923, 3.5771613, 268.67410, .93942964, 4.4427357, .61070997, 6.5992641, .30671123, 115.03387, 1402.1108
1.2813456, 23.168987, 8.5545292, 39.877274, 1.0171583, 3.3021185, .58205962, 15.919359, .84682959, 73.542068, 1080.7205
1.1269419, 26.795456, 1.5776644, 95.081055, 1.2551882, 2.2932148, .83472884, 6.2746830, .10819128, 192.02022, 1028.1792
1.1139790, 24.980450, 1.8590317, 37.099319, .95994651, .30648735, 1.0287352, 5.4846625, .39158374, 188.37115, 1085.6743
1.2150667, 27.572712, 5.7840905, 197.29933, .85597807, .50577152, .65291196, 8.3371649, .44317827, 169.70178, 750.36707
1.3053578, 26.270279, 5.1246305, 159.20139, 1.1772319, .65874261, .97094154, 18.497570, .12587208, 122.09986, 629.01843
1.7933460, 27.432327, 5.2716665, 523.92499, 1.2242254, 2.2760334, .91338694, 6.4561810, .27262008, 133.08745, 926.55914
2.6438203, 27.392073, 2.3019860, 653.89142, .30958232, .23176178, .86040902, 10.981098, .28703859, 160.30927, 1837.4744
2.9659164, 26.724632, 3.9425387, 705.12860, .76979637, 2.1561983, .91304851, 5.7123055, .52097815, 172.77493, 1004.9775
2.9823356, 27.198584, 5.6168170, 534.59943, .56971890, 3.2559836, .87898123, 6.3246341, .35061100, 134.81421, 1377.9919
2.9485583, 27.020580, 6.7856064, 331.25534, .71882313, 4.1562567, 1.2841411, 1.7315855, .50230604, 86.339439, 1281.3868
2.6630039, 28.239296, 5.2165685, 454.10754, .75594670, 3.7642229, 1.3467102, 3.4010048, .59939766, 33.295410, 784.05243
2.7389083, 27.432491, 5.5559411, 242.26138, .54434812, 4.2319794, 1.5827894, 1.8543007, .62143350, 20.791853, 666.00098
2.8318217, 27.774431, 3.4539056, 421.03824, .62258571, 4.3535333, 1.5296454, 2.6910939, .85550863, 48.413124, 992.93988
2.9421229, 26.211706, 5.2541585, 382.10858, .43382239, 4.0365772, .62233329, 2.5354908, .33100721, 20.250368, 1857.3977
2.9553237, 27.421108, 7.7290382, 607.25433, .24706435, 2.4298165, .92781985, 6.2230382, .56226122, 2.9779820, 1796.6964
2.7899561, 24.496689, 7.4578519, 562.41406, .82241887, 3.9742973, 1.2926366, 7.8340573, .58060968, 11.962205, 1697.2162
2.0045786, 25.738564, 3.0548329, 150.51282, .99711186, 1.6049848, .92356580, 11.219581, .96731812, 19.571026, 1602.1000
1.6100485, 26.405243, 1.5111195, 402.76770, .37152332, 1.9908816, .72844911, 10.511740, .82430887, 71.123436, 1631.5524
1.1009731, 24.541374, 3.8387954, 154.68329, .47473133, 3.6523719, 1.4265696, 17.268276, .52967745, 20.947460, 1732.6753
1.0393505, 19.961866, 1.2488849, 308.49628, .50890052, 4.2108407, 1.3434035, 19.278143, .17207186, 48.946754, 1727.2056
1.6190939, 25.798258, 1.4292896, 459.06821, 1.3733431, 2.7903323, .63896596, 14.997333, .43414405, 138.07637, 1573.7129
1.6575907, 26.099529, .29438451, 378.76154, 1.4314553, 4.2647519, 1.1882473, 16.031300, .61961579, 195.67558, 1368.1179
1.4854398, 27.892952, 4.1335630, 523.97693, .86467540, 4.7228422, 1.5871577, 15.622654, .52762902, 184.95459, 1386.3091
1.4287127, 28.336273, 6.6117644, 407.51855, .60936409, 3.7038035, 1.2338117, 16.027449, .58957922, 194.54269, 1391.4402
2.1789842, 27.347054, .82674509, 62.157501, .41679358, 2.0116212, .69479752, 14.630683, .30538967, 198.56104, 1007.4480
2.1374855, 28.205570, .38182193, 147.27628, .38639310, 1.2153692, 1.3295168, 14.397245, .27600417, 173.41060, 669.29388
1.5546782, 27.431751, 4.9221468, 537.04810, 1.1690484, 1.2985126, 1.5013014, 16.190338, .49367279, 102.65644, 875.22375
1.8223578, 26.118210, 1.1663392, 375.96805, .44029719, .48636475, 1.2379253, 18.651962, .62458444, 82.707230, 789.75916
2.1231573, 26.487873, 5.0850616, 242.25763, 1.6779281, 2.9542601, 1.9592060, 11.821242, .18838623, 125.90009, 1061.1747
1.2734632, 24.434792, 5.6329961, 200.56523, 1.4594824, 4.3830690, 1.8875011, 18.236696, .50820738, 23.337223, 746.80798
1.5160840, 20.748880, 4.3203034, 160.85304, 1.0847300, 4.5110574, 1.9300528, 12.306928, .83400089, 34.649586, 1722.0750
1.1092267, 21.182880, 4.7976780, 226.18230, .66800076, 3.4097428, 1.8929875, 12.129857, .97732008, 70.469398, 1222.1660
1.7668198, 25.527205, 4.8348556, 423.74387, .71480209, .91518831, 1.5990639, 16.758703, .64916503, 191.29340, 1003.8430
1.6091185, 28.817348, 4.2602687, 522.78119, .64720994, .67533189, 1.1145716, 16.603125, .64032233, 145.70265, 664.18982
1.1408987, 27.877796, 5.8124809, 121.96201, .80610859, 3.1169569, 1.2480969, 11.173572, .74668676, 131.79335, 1926.7660
1.4664783, 24.325478, 3.7857392, 47.647686, 1.0455015, 3.6348174, 1.4510863, 7.8768435, .56259984, 142.09035, 1414.6514
1.5391207, 22.686041, 4.5131164, 431.94397, 1.0460812, 2.5211549, 1.1915749, 7.8832192, .66315460, 165.16295, 1736.4548
1.5315950, 18.003807, 5.2253132, 678.98883, 1.5566913, 3.2745678, .86414969, 4.2909589, .97649932, 177.28441, 1835.1576
1.7646981, 19.399353, 6.6093082, 641.50830, 1.4775358, 3.5698605, 1.0600941, 8.0640678, .92869437, 136.94960, 1577.6285
1.7053456, 23.705704, 3.0216715, 604.94666, .87113994, 3.5146544, 1.6149900, 7.4197106, .81905580, 91.291359, 1424.2644
1.7755730, 27.446411, .32870817, 435.89111, .78962290, 1.3966285, 1.3558483, 8.9006729, .47720286, 164.57442, 1501.5802
1.1610203, 27.479303, 4.4784684, 180.42694, 1.0475205, 2.3688312, 1.4906216, 5.3260026, .33838406, 170.18982, 1114.1304
1.1769314, 22.615902, 4.4645982, 348.71350, 1.1014191, 2.4426806, 1.2175125, 10.406732, .38380826, 123.69398, 1680.5275
1.1874930, 22.177427, 3.6645074, 428.08365, .89171958, 1.6299713, 1.3498114, 10.424263, .66584784, 151.45367, 1422.6187
1.6709025, 24.301155, 3.7541921, 181.73746, .48397148, 4.9797626, 1.2924671, 1.6563262, .77613473, 26.284796, 1451.1066
1.6806383, 24.525452, 5.8966160, 330.72995, .74301934, 4.6348600, 1.4922574, 5.3470974, .85640943, 97.361008, 1138.6951
2.1194363, 22.101364, 7.7871122, 428.53641, 1.2933426, 4.3465033, 1.1693968, 6.0228143, .92118675, 7.8513708, 535.09113
2.0432308, 25.001587, 5.1611185, 535.28223, .37577206, 3.2951131, .60253209, 16.759321, .40523568, 120.48911, 520.08118
2.1019888, 23.471918, 6.9029145, 384.03455, .61319417, 2.8144190, .98000002, 10.641176, .45996180, 91.930283, 1089.1752
2.1531825, 23.333347, 5.9375129, 562.21484, .48338234, 1.6729922, 1.0354031, 10.420326, .70011008, 174.81506, 1024.2156
2.1833668, 22.196121, 7.6213446, 603.89673, 1.1501415, .40919983, 1.6400466, 4.5208845, .71788895, 181.82664, 1182.4985
2.1621771, 24.193501, 8.6344328, 600.45703, 1.2158402, 1.6712893, 1.6564212, 4.8489513, .69010502, 183.46988, 820.77216
2.1747146, 24.878622, 7.6190395, 411.97403, 1.7079889, .82377797, 1.6472645, 12.255431, .22947729, 69.235588, 1282.0669
2.2715006, 25.341703, 7.5321698, 428.40677, 1.3128663, .89948517, 1.2641778, 6.0712547, .61090529, 70.619827, 1415.7999
2.0888090, 21.928373, 6.4003234, 476.94574, 1.4988021, 1.6792566, 1.2137198, 11.289906, .82424617, 26.313971, 921.93701
2.2330356, 24.719643, 6.1182246, 102.43333, .66899741, .75054210, .56807172, 12.993734, .83084601, 109.27636, 843.08752
2.5294433, 21.708557, 5.3162422, 109.76310, 1.0569457, 1.2873745, 1.1297460, 10.201682, .98946989, 77.270294, 1214.2297
2.6155457, 21.552292, 7.0335817, 209.87419, .85153639, .61522770, .54941952, 11.530125, .93557072, 122.53161, 1586.7950
2.3968258, 26.494003, 7.9032049, 33.685036, .93077558, .71574455, 1.0753753, 7.5176964, .82190341, 100.08092, 1017.7579
1.9861978, 24.208675, 7.5743523, 51.144981, .75745940, 1.2295921, 1.0160625, 6.7556739, .64216846, 113.74370, 1334.2090
2.3167107, 24.278002, 8.3445568, 83.628517, .44882727, .59748447, 1.0418284, 5.0349979, .48708802, 77.618477, 1481.6705
2.0475168, 26.391460, 6.2978568, 381.95297, .52661073, 1.8585955, .78886998, 9.6605587, .59120196, 114.10390, 1214.5962
2.1317837, 28.058228, 7.5961766, 340.14435, .66191632, 2.3861170, 1.1787717, 11.889538, .49477202, 179.04419, 1337.7943
2.4941258, 26.523895, 5.2015333, 554.08917, .47728056, .82748735, 1.0840530, 5.0451818, .44289723, 198.70465, 1848.6115
2.4583850, 26.483639, 1.1283443, 631.87457, .54222852, .51585227, 1.4398494, 12.168381, .75218052, 88.198853, 1502.6703
2.3846612, 27.562468, 1.9388528, 394.06079, .67421967, .36498961, 1.4081959, 14.744187, .76563317, 95.709259, 1137.4994
1.9245849, 21.960392, 7.7803297, 645.65070, .72953945, 1.5934846, 1.5040977, 19.957850, .62635261, 39.241211, 1560.3007
1.2446110, 20.471193, 6.1565280, 654.00879, 1.2240177, 2.7611363, 1.4414606, 13.966583, .36528376, 5.6504612, 1867.4114
1.1499634, 21.693390, 8.2804337, 158.69936, .67993391, 4.2096138, 1.6381797, 7.7442474, .77092123, 65.617989, 1468.0067
2.6402314, 20.299520, 5.1695409, 736.13171, 1.7057544, 1.9746531, .69955003, 11.704690, .57194281, 82.153732, 1319.5813
2.8760080, 24.615616, 6.9941401, 184.63766, .79244608, 3.8416524, .79014319, 16.516537, .54431248, 126.83067, 1319.4937
2.5386364, 25.999470, 7.9995508, 339.33981, .91368604, 4.7462063, .94603270, 18.746124, .74350721, 89.542656, 1164.3870
2.1137400, 24.059656, 4.8058848, 401.08459, .73267627, 4.8217740, 1.6493556, 19.510971, .63025886, 113.54516, 1355.3870
2.4509354, 24.105724, 6.6586761, 487.26489, .57521445, 4.8095860, 1.7528423, 18.649540, .39094034, 135.65985, 1520.4727
2.8368237, 28.981522, 7.4636116, 425.75836, .67466581, 3.1420877, 1.3372517, 16.102114, .44518474, 88.479553, 1705.0490
2.6681862, 26.868198, 7.3740258, 491.75662, .83979625, 2.1869829, 1.7160624, 16.807474, .38296658, 125.03634, 1638.1948
2.7747285, 29.019445, 3.0559187, 552.85986, .57871860, 1.7064741, 1.5177739, 10.667553, .29681221, 73.727951, 1848.9851
2.8569427, 26.490025, 7.5227633, 225.71123, .63156307, 2.0108097, 1.9770939, 2.9634399, .65347087, 117.00273, 631.67535
2.8623366, 24.852699, 7.7372289, 523.72766, .30466127, 4.6441817, 1.6563852, 8.1344643, .93100792, 94.017662, 835.72681
2.5663488, 19.820875, 6.1575594, 320.37354, 1.0487282, .90912509, .99443591, 18.697914, .62155867, 146.69000, 1023.7466
2.5297050, 18.393911, 8.3159609, 197.43195, 1.6491598, 1.8082172, 1.1829326, 15.093954, .53740078, 155.90193, 944.67609
2.9460511, 20.316586, 5.2193508, 657.61749, 1.6151756, 1.3768276, 1.9620782, 14.416271, .78328007, 145.54222, 484.11652
2.8895621, 18.636784, 6.3073535, 416.18784, 1.2561375, .56542462, 1.1357478, 18.945978, .72967201, 146.41986, 634.71820
2.6455369, 22.113297, 2.3791537, 652.41040, 1.5818005, 1.5408355, 1.7973794, 18.538486, .81695771, 70.522781, 1968.8307
2.0417008, 20.333862, 7.0964532, 695.76184, 1.5086119, 4.7246022, 1.3090742, 11.984402, .70981532, 10.537108, 692.72290
2.2100768, 19.990753, 8.6893253, 682.15430, 1.2321088, 3.9448249, 1.9733192, 12.463437, .87436348, 7.6140056, 862.54425
1.5741878, 21.481960, 4.8472300, 709.35657, 1.6338780, 4.3436303, 1.2248235, 12.343455, .67447233, 2.4829500, 823.12549
1.6976013, 22.883575, .49150619, 608.52191, 1.7149856, 1.0776826, 1.2403466, 4.3602991, .59092206, 16.962280, 821.59546
2.7551107, 22.533388, 4.9646225, 108.96831, .27211162, 3.1661720, 1.7338109, 5.6148481, .24462885, 74.417503, 422.08322
2.7428267, 19.035906, 6.3555408, 290.23029, .40014392, 4.3769217, 1.9395454, 6.3579369, .24916619, 55.610538, 662.29144
2.7706347, 27.889183, 3.0548904, 342.05710, .86403912, 2.4518044, 1.9291993, 6.5810685, .10706017, 93.635986, 1875.2213
1.6983805, 22.046692, 6.0686102, 559.04498, 1.4317871, .15548345, 1.8227162, 13.157458, .74760896, 159.25301, 1618.2323
1.6408474, 28.942978, 1.5810819, 557.95941, 1.1292930, 1.7864672, 1.2771131, 10.985984, .82347715, 35.085430, 1169.3522
1.9574097, 27.419182, 2.0532312, 550.38629, .70432085, .30178469, 1.0932668, 1.9221318, .73733652, 32.462341, 1183.2107
1.0247353, 26.953382, 1.8166794, 243.71983, .93719554, 2.9331932, 1.4990737, 10.602950, .25676548, 178.95792, 1246.4980
1.4347694, 26.286900, 2.7590737, 253.22652, 1.0515156, 4.0400133, 1.4391291, 13.380619, .13607869, 133.32602, 1315.6636
1.2830901, 24.785877, 3.8618588, 237.62318, 1.2551180, 3.8173389, 1.9763196, 12.965884, .17875502, 131.23676, 1833.4037
1.6112759, 25.337244, 3.9407690, 502.37958, 1.5930064, 3.8889813, 1.9638829, 11.572999, .23893023, 15.941395, 1441.3147
1.9823313, 23.649450, .64405209, 362.04868, 1.5486573, 4.3399282, 1.3776827, 14.310387, .28587112, 72.645309, 1644.6213
1.7418725, 18.684610, .50047290, 639.82019, .69610453, 1.3604863, 1.6294951, 13.620526, .33800220, 152.86792, 1415.0447
1.9803756, 19.409315, 2.0978336, 689.13898, .84168005, 1.6523513, 1.8678783, 11.754339, .37222064, 184.53270, 1408.7324
1.4615983, 22.973488, 3.9259903, 119.31126, 1.1322922, 3.0355964, 1.9514754, 15.597519, .17034489, 132.07692, 1712.8372
1.0425353, 26.529099, 6.0897884, 527.85681, .24319796, 1.6517140, 1.6294415, 7.3611403, .22352928, 163.85861, 547.57977
1.3844671, 29.090971, 8.4105015, 71.157593, .80964196, 4.5934815, 1.3998049, 10.875562, .79665047, 180.27493, 840.37927
1.0747653, 23.780025, 7.1847301, 603.39862, .42205992, 2.5849190, 1.4595269, 1.5541437, .18557379, 102.86990, 405.96887
1.1306630, 24.023195, 8.5761480, 706.35760, .54003918, 1.5748887, 1.7746263, 7.3007140, .33428016, 80.795242, 1039.6260
1.4028213, 28.206097, 7.0429354, 312.62311, 1.3608161, 1.5175536, .97454470, 8.9595833, .26012108, 47.063602, 623.51746
2.2174959, 27.563316, 4.6106863, 67.423584, 1.3677380, .39452437, 1.2247217, 9.4572573, .50080478, 89.377640, 678.17279
2.2831910, 28.235130, 7.4241710, 302.99551, 1.7459822, .22724584, 1.5545187, 16.830500, .84842837, 116.60257, 986.76147
2.8765826, 22.318838, 5.8747883, 158.08104, .39608008, 3.0031767, 1.9876564, 12.380058, .24507278, 73.558365, 754.21777
2.8736720, 27.172585, 1.9443649, 125.29324, .52666080, 2.2634923, 1.4349179, 15.289233, .45904824, 172.70949, 1156.0994
2.9139049, 23.609579, 2.7749505, 59.932941, .79158753, 3.4002190, 1.5331335, 10.722277, .31362242, 139.29404, 1909.2523
2.2440896, 26.924496, 2.4714429, 157.90273, .88960874, 3.9758139, .96362674, 13.647017, .63976830, 135.65582, 1357.4078
2.7237909, 25.473618, 2.1320081, 25.892389, .46108454, 4.7391729, .74763948, 12.058068, .48841608, 147.09364, 1730.7637
2.8008995, 28.650270, 6.9631901, 93.856232, .72633213, 2.9208107, .80550164, 6.4989190, .90782535, 82.371101, 487.35812
2.8418436, 26.156712, 7.0185475, 263.46088, .41541559, .49494961, .51734120, 4.0532818, .83179891, 145.50966, 476.86978
2.2202299, 28.848846, 7.0304914, 115.84895, 1.0131423, 1.2608472, .97689998, 15.949118, .66685998, 108.10969, 1284.0229
2.5844052, 23.879631, 5.8740735, 181.06657, 1.4099180, 1.6221747, .74393547, 9.2832565, .84588283, 86.291466, 992.10028
2.2410836, 25.104954, 5.2861962, 179.62477, 1.2564081, 1.6214917, .61030126, 10.637210, .99640256, 134.36794, 1071.6833
2.3367219, 23.255541, 5.6672735, 228.48837, .75945914, 1.7651848, 1.0013695, 15.155789, .31214413, 176.86143, 1871.5792
2.3864219, 28.394606, 4.5227242, 143.32462, .24096516, 1.5336362, .68406391, 19.189896, .47645399, 161.36859, 1867.3120
2.4091449, 27.264503, 1.5769892, 594.96503, .68936902, 1.5947694, .78045273, 1.2180641, .26515412, 96.202469, 1753.8594
2.3762918, 26.568008, .93880999, 512.66626, .43553168, 2.9274981, 1.3439415, 6.1168842, .37008944, 125.28867, 1414.6152
2.4359171, 24.528599, 1.1669002, 377.07291, .37088898, 2.5993848, 1.9709179, 11.650084, .64906663, 93.340790, 709.55762
2.4978089, 23.932957, 1.1184108, 378.58408, .60476816, 3.6162055, 1.6342136, 12.559155, .39196873, 121.10229, 623.24683
2.4278355, 22.118534, 1.5489837, 475.98965, .85860252, 3.8505628, 1.7887151, 15.521419, .54590291, 126.59793, 514.79053
2.8601413, 23.648813, 3.5290048, 136.18640, .74848264, 3.4108829, 1.7444935, 13.044915, .13298345, 127.77374, 793.74683
2.6034184, 19.299042, 8.1749916, 132.90683, .70156854, 4.1134253, 1.2962704, 12.618992, .66552073, 114.50311, 881.40479
2.7682986, 22.802889, 3.8166196, 421.38000, .93327928, 2.4021783, 1.7858574, 9.3763618, .60408419, 91.361664, 1641.0818
2.7200422, 23.047091, 4.5614905, 619.00989, 1.5067419, .93601131, .99317122, 6.6262760, .55743843, 161.99808, 1049.2141
2.7501106, 22.973206, 5.2885928, 575.08026, 1.6144985, 1.9560901, .80435485, 8.8586254, .93409812, 93.786179, 1685.2675
2.7578490, 21.292288, 8.4543505, 379.63196, 1.6980082, 2.4141400, .74854255, 8.2860155, .96088177, 118.77961, 1820.7295
2.7544956, 24.011488, 6.5606437, 220.53612, 1.5158018, 2.5336659, .90823096, 5.5099635, .96468163, 114.54897, 1469.5966
2.4307399, 24.750076, 8.1496334, 132.53165, 1.4420427, 3.6692398, 1.2405074, 11.126957, .56406981, 26.921844, 1114.1660
2.0759497, 23.523712, 8.3231926, 288.02841, 1.6457735, 2.1129177, 1.0114300, 17.659012, .43335018, 126.82427, 942.91656
1.4210248, 24.493732, 8.3834095, 258.19385, 1.5016927, 2.5573804, .81081939, 16.608583, .71657622, 148.24396, 589.49670
1.4966565, 25.329325, 6.3614078, 86.923233, 1.1112714, .45860019, 1.0757432, 17.111513, .48442227, 191.15079, 902.24927
1.4236629, 24.307457, 2.5171292, 124.46136, 1.0345706, 1.1000493, .77010107, 13.425613, .26995814, 132.32384, 798.97791
1.0384548, 22.710670, 2.9905701, 441.23151, .33394518, .96016896, .92789871, 13.826755, .44185749, 100.40387, 1092.3232
2.6939034, 21.883005, 5.2220912, 694.73077, .67174125, .44770408, 1.3300214, 1.8832355, .24016154, 181.70995, 1409.9263
2.7203317, 22.506386, 8.2374802, 570.53320, .78910601, .79321426, .87761259, 6.1798177, .17340001, 167.40710, 1963.9604
2.7197018, 28.762180, 8.3050032, 565.63892, 1.3126513, 3.1314089, 1.8804213, 1.5001509, .70581788, 92.758797, 1023.6755
2.4235415, 28.180410, 6.2991676, 648.36353, 1.0017365, 1.1429678, 1.7104318, 2.5165048, .54599571, 72.628441, 790.73279
2.5605659, 24.343357, 1.4131606, 677.32391, 1.4050152, 1.4590291, 1.9201357, 2.9719417, .74791646, 118.87167, 1092.3403
2.5513864, 23.585917, .99468845, 672.54517, 1.6955018, 2.7214975, 1.6866460, 2.9672806, .79000080, 119.99754, 1171.9651
1.8831350, 19.731060, 7.6281905, 505.54510, 1.4080912, 2.7881339, .64916337, 4.8548985, .53672123, 177.45755, 746.61041
2.3485868, 21.465183, 4.4490633, 279.97382, 1.3565289, 1.4455837, .78291690, 1.5068643, .28432566, 193.86577, 1041.2075
2.9286761, 23.686646, 6.5775733, 275.74060, .87641394, 3.1107388, 1.1438979, 3.0163705, .25650120, 85.241135, 978.42682
2.4564805, 26.967476, 7.4097924, 140.84694, .79800534, 1.6873562, 1.3643526, 7.2117567, .51945990, 28.265665, 1131.1362
1.9742880, 19.420250, 8.5709658, 56.941940, 1.0459507, 1.4848886, 1.9348478, 13.956779, .54449695, 52.958481, 1494.1656
1.9762762, 19.129663, 7.8603263, 71.564125, 1.1587182, 2.2527971, 1.6122197, 16.983807, .44527271, 104.23102, 1233.5249
2.0148461, 24.516428, 6.5816154, 142.13440, .55714744, 2.1438880, 1.1434169, 16.160580, .78434116, 20.236578, 1184.1499
1.9341516, 26.154160, 5.0991998, 278.90839, .44131356, 1.4360058, .71290606, 15.309485, .45318887, 23.459946, 1231.8828
2.1474843, 26.536346, 5.9036975, 413.40790, 1.2264681, 2.2388666, .86003560, 17.857981, .60864294, 113.32496, 1154.7510
2.3643305, 24.087698, 5.0007944, 409.42007, 1.5779389, 2.0189788, 1.2539848, 18.673752, .45372581, 30.501938, 1228.2283
2.5494957, 20.744511, 7.3791900, 738.11151, 1.7444791, 3.0494561, 1.6544968, 12.602099, .77322024, 59.448311, 1352.7323
2.5242076, 20.199287, 7.9894371, 650.34735, 1.7623259, 3.4466653, 1.7338793, 12.392756, .70614690, 18.533428, 1681.7463
2.8020463, 22.381954, 8.3675852, 657.56110, 1.3825171, 3.2950015, 1.9255699, 16.072674, .79760039, 5.5797758, 1713.4630
2.8710217, 24.889631, 7.4980273, 745.58368, 1.1940196, 3.2076886, 1.8987530, 9.3582649, .69568992, 57.678978, 935.41486
2.4944592, 26.608944, 4.0758753, 692.85980, 1.5958908, 1.0894830, 1.7659168, 8.8511314, .54132950, 3.6543531, 473.30972
2.2541294, 25.324677, 2.0660894, 188.57672, 1.5437756, .61044461, 1.7539663, 6.6555758, .52833438, 109.74172, 1046.2090
2.6856914, 28.505919, 6.7266936, 344.02698, 1.5934608, 1.0335902, 1.3892429, 4.3647647, .13968232, 71.101143, 411.14554
2.9745533, 26.052204, 3.0875692, 154.55966, 1.2085054, 1.2200501, .84163260, 5.3013697, .40766695, 77.271225, 1156.6968
2.8481092, 21.017843, 3.8596203, 596.66315, 1.7075552, 1.5199084, 1.3629458, 11.156413, .91076237, 64.071991, 1149.3602
2.4244907, 20.978764, 2.1606975, 541.00800, 1.3159968, 3.0213983, 1.7171134, 4.6800241, .62279010, 5.1334772, 504.34427
2.6996157, 22.067116, 4.2154217, 407.74158, 1.3774174, 3.8634686, 1.4051542, 6.1494279, .83575523, 35.399731, 752.38379
2.7348127, 19.557877, 4.4029999, 330.65628, 1.4600778, 1.9647039, 1.0343881, 1.1006325, .88506979, 36.616539, 1204.6858
1.7039841, 21.689611, 1.2487178, 169.08098, .80949897, 2.8572967, 1.9696485, 6.3373661, .68868494, 6.0377488, 713.13495
2.1389096, 18.149343, 2.6607628, 109.57992, 1.3835371, .45600873, 1.7999564, 9.9492702, .92348766, 41.474781, 1427.9822
1.8727394, 19.817076, 6.8317947, 116.11132, 1.4094293, 2.5400410, 1.4182945, 6.7870955, .58757365, 15.969703, 1224.8081
1.8245490, 20.449177, 5.4259062, 259.68329, .94125700, 3.2724948, 1.2375584, 7.4265685, .48049363, 14.722322, 928.66467
1.7114310, 18.170097, .35751560, 192.54536, .38571030, 3.6059508, 1.2026235, 7.5095210, .28356707, 80.014038, 1378.1233
1.7223506, 18.402470, .37007999, 385.22876, .25454199, 3.7667270, 1.5130789, 6.8564839, .28947061, 54.089275, 1346.4685
1.4073215, 18.246031, 2.8170455, 352.45767, .66442579, 4.8046875, 1.4114871, 3.9338815, .28788990, 96.148605, 1327.7626
1.9168935, 19.853361, 3.7447851, 75.299171, 1.0641552, 4.1445556, 1.6822875, 4.0867147, .27482903, 70.535835, 1929.2888
2.1818235, 20.656187, 7.2195506, 55.779156, .95056593, 4.8137255, 1.3678200, 2.1537790, .38318565, 58.225224, 1887.7269
2.2154388, 23.545776, 6.0840235, 183.14143, 1.0561744, 3.9244490, .75294751, 3.9973116, .17920314, 77.648056, 1265.9688
2.2398152, 26.635216, 1.0367708, 268.84128, 1.3735093, 4.7710962, 1.2452606, 6.4747529, .60698938, 168.26654, 914.94281
2.2839923, 28.043978, 1.9831320, 326.44376, 1.2945509, 4.7728162, 1.3663903, 2.9261227, .32183969, 192.03610, 803.72876
2.7998223, 28.650822, 4.4850373, 522.56006, 1.4763691, 3.5380301, 1.0675774, 8.9441433, .18358546, 129.42001, 1173.2687
2.6603398, 25.754906, 4.1133184, 614.93353, 1.4602568, 4.2165017, .89646953, 11.974591, .64418375, 109.24505, 1480.6914
2.5362701, 26.882935, 6.6927476, 203.39317, 1.0736923, 2.3153446, .53544480, 13.931174, .48597473, 67.291695, 696.23291
2.4609849, 25.458639, 4.6190085, 402.06015, 1.7268413, 3.1658173, .59917784, 17.220060, .41833079, 74.308571, 1211.6428
2.5461545, 25.830225, 3.7018833, 355.69644, 1.3280555, 3.3896418, 1.3126320, 16.086813, .10345686, 40.115665, 1609.8812
2.2238967, 24.456064, 4.5951910, 284.05511, 1.2049049, 3.2671020, 1.5364208, 17.439829, .10852093, 60.567852, 1609.5862
2.8491940, 24.045616, 3.1483586, 34.844589, 1.1389722, 1.0561631, 1.7598269, 10.928411, .17545277, 4.3714256, 1522.1494
2.7595749, 23.215401, 4.8805676, 357.47437, .63172156, 2.7292767, 1.9122013, 10.500608, .52069998, 5.8426485, 1745.7886
2.6648698, 23.969212, 5.5955262, 322.05331, 1.1713113, 1.1315408, 1.4979984, 9.5956116, .60978758, 47.907791, 1972.8212
2.0044880, 21.136345, 8.2159348, 152.51881, 1.7863491, .64064342, .87532192, 18.647131, .79507256, 10.312904, 1352.5187
2.0671897, 23.247816, 7.0370011, 273.44171, 1.5508831, .19375879, 1.1783383, 13.158286, .85321963, 11.970070, 1150.8147
2.0799041, 22.525520, 5.2709541, 400.58151, 1.5832639, .23529455, 1.5086374, 13.426912, .87076354, 17.014015, 1179.8524
2.6193562, 26.101288, 6.8782353, 673.72101, 1.4146919, .10475267, .71323776, 15.973841, .96269780, 12.345405, 1785.9792
2.5856879, 28.893070, 6.6400967, 599.16541, 1.6239820, .62507278, 1.3691852, 13.085199, .89595914, 166.87248, 1797.8934
2.8101535, 28.618053, 5.1235418, 738.91711, 1.6578082, 1.9200096, 1.4957099, 13.879430, .68434221, 153.51941, 1767.6542
2.7217550, 23.802048, 6.8829150, 631.16223, 1.3215556, .28571159, 1.1061121, 11.606152, .51502967, 108.92915, 1753.0919
