0.16543136E-2, 0.64938598E-4, 0.15581142E-2, 0.95196199E-4, 0.93935276E-4, 0.31105598E-3, 0.46762726E-2, 0.60811458E-3, 0.24553214E-4
0.13206590E-2, 0.64939333E-4, 0.15509974E-2, 0.95318079E-4, 0.99237819E-4, 0.32496112E-3, 0.48752292E-2, 0.63474406E-3, 0.25628467E-4
0.13189818E-2, 0.64939180E-4, 0.15429812E-2, 0.95400872E-4, 0.97299679E-4, 0.31519198E-3, 0.47191884E-2, 0.61516732E-3, 0.24838098E-4
0.13173467E-2, 0.64939275E-4, 0.15353881E-2, 0.95496420E-4, 0.11006020E-3, 0.35284463E-3, 0.52726399E-2, 0.68817014E-3, 0.27785740E-4
0.13157394E-2, 0.64939522E-4, 0.15281196E-2, 0.95600837E-4, 0.11918312E-3, 0.37812471E-3, 0.56392145E-2, 0.73700683E-3, 0.29757653E-4
0.13141097E-2, 0.64939602E-4, 0.15207808E-2, 0.95699113E-4, 0.10967686E-3, 0.34441191E-3, 0.51263361E-2, 0.67086704E-3, 0.27087241E-4
0.13124767E-2, 0.64939653E-4, 0.15135311E-2, 0.95797244E-4, 0.77322060E-4, 0.24041726E-3, 0.35715944E-2, 0.46790979E-3, 0.18892586E-4
0.22959597E-2, 0.64938344E-4, 0.15046346E-2, 0.95829862E-4, 0.53035732E-4, 0.16286992E-3, 0.24132263E-2, 0.31638669E-3, 0.12774626E-4
0.13070073E-2, 0.64936205E-4, 0.14947488E-2, 0.95821793E-4, 0.59170616E-4, 0.17985379E-3, 0.26593541E-2, 0.34886936E-3, 0.14086190E-4
0.13052424E-2, 0.64935390E-4, 0.14866779E-2, 0.95878982E-4, 0.64775624E-4, 0.19500448E-3, 0.28778203E-2, 0.37778131E-3, 0.15253580E-4
0.13034830E-2, 0.64934575E-4, 0.14787196E-2, 0.95937517E-4, 0.51506959E-4, 0.15359677E-3, 0.22623881E-2, 0.29717645E-3, 0.11999035E-4
0.17910221E-2, 0.64933105E-4, 0.14699764E-2, 0.95963755E-4, 0.75518234E-4, 0.22279864E-3, 0.32741616E-2, 0.43035630E-3, 0.17376424E-4
0.24381662E-2, 0.64931824E-4, 0.14616228E-2, 0.96001328E-4, 0.83237966E-4, 0.24274748E-3, 0.35579638E-2, 0.46803756E-3, 0.18897888E-4
0.12953799E-2, 0.64931257E-4, 0.14543340E-2, 0.96074960E-4, 0.50262883E-4, 0.14525287E-3, 0.21247980E-2, 0.27970472E-3, 0.11293606E-4
0.12937612E-2, 0.64931206E-4, 0.14478727E-2, 0.96176118E-4, 0.10390989E-3, 0.29750617E-3, 0.43434510E-2, 0.57218637E-3, 0.23103106E-4
0.12921876E-2, 0.64931417E-4, 0.14418866E-2, 0.96291813E-4, 0.90428599E-4, 0.25670850E-3, 0.37410441E-2, 0.49330178E-3, 0.19918010E-4
0.12905630E-2, 0.64931308E-4, 0.14355412E-2, 0.96391756E-4, 0.80078200E-4, 0.22542581E-3, 0.32792431E-2, 0.43276482E-3, 0.17473731E-4
0.12889508E-2, 0.64931257E-4, 0.14293898E-2, 0.96495882E-4, 0.76986515E-4, 0.21485798E-3, 0.31196505E-2, 0.41200835E-3, 0.16635655E-4
0.12872979E-2, 0.64930930E-4, 0.14229562E-2, 0.96587202E-4, 0.78179401E-4, 0.21636812E-3, 0.31358143E-2, 0.41444230E-3, 0.16733946E-4
0.12856745E-2, 0.64930769E-4, 0.14168823E-2, 0.96688527E-4, 0.69752343E-4, 0.19150814E-3, 0.27706139E-2, 0.36642942E-3, 0.14795334E-4
0.12840406E-2, 0.64930544E-4, 0.14107683E-2, 0.96786178E-4, 0.84545580E-4, 0.23023349E-3, 0.33247920E-2, 0.44002893E-3, 0.17767066E-4
0.12824268E-2, 0.64930413E-4, 0.14048729E-2, 0.96889700E-4, 0.83703439E-4, 0.22614052E-3, 0.32598791E-2, 0.43176304E-3, 0.17433314E-4
0.12808216E-2, 0.64930326E-4, 0.13990676E-2, 0.96994961E-4, 0.99822799E-4, 0.26754753E-3, 0.38498270E-2, 0.51030691E-3, 0.20604684E-4
0.12792133E-2, 0.64930195E-4, 0.13932954E-2, 0.97099022E-4, 0.73474439E-4, 0.19541255E-3, 0.28069047E-2, 0.37234902E-3, 0.15034359E-4
0.12776008E-2, 0.64930020E-4, 0.13875499E-2, 0.97201701E-4, 0.10520862E-3, 0.27768593E-3, 0.39816904E-2, 0.52858749E-3, 0.21342810E-4
0.12759865E-2, 0.64929751E-4, 0.13817570E-2, 0.97300370E-4, 0.10000506E-3, 0.26196460E-3, 0.37497352E-2, 0.49822644E-3, 0.20116928E-4
0.12750085E-2, 0.64929438E-4, 0.13759657E-2, 0.97396849E-4, 0.96809992E-4, 0.25172360E-3, 0.35969510E-2, 0.47831784E-3, 0.19313084E-4
0.12749613E-2, 0.64928929E-4, 0.13699657E-2, 0.97483899E-4, 0.72932526E-4, 0.18826616E-3, 0.26855906E-2, 0.35737932E-3, 0.14429939E-4
0.12756708E-2, 0.64928339E-4, 0.13638997E-2, 0.97566728E-4, 0.83715495E-4, 0.21449034E-3, 0.30542060E-2, 0.40668563E-3, 0.16420787E-4
0.12783631E-2, 0.64927292E-4, 0.13571619E-2, 0.97624492E-4, 0.80916412E-4, 0.20583607E-3, 0.29259247E-2, 0.38986123E-3, 0.15741474E-4
0.12898908E-2, 0.64926156E-4, 0.13503707E-2, 0.97678363E-4, 0.10430548E-3, 0.26347346E-3, 0.37388848E-2, 0.49854256E-3, 0.20129715E-4
0.13216182E-2, 0.64925371E-4, 0.13441979E-2, 0.97751312E-4, 0.10535502E-3, 0.26424133E-3, 0.37433398E-2, 0.49954251E-3, 0.20170100E-4
0.13770818E-2, 0.64924971E-4, 0.13387573E-2, 0.97847245E-4, 0.95625175E-4, 0.23816912E-3, 0.33682033E-2, 0.44983026E-3, 0.18162864E-4
0.14394075E-2, 0.64924636E-4, 0.13335040E-2, 0.97947654E-4, 0.87385561E-4, 0.21612986E-3, 0.30511513E-2, 0.40777127E-3, 0.16464648E-4
0.15323095E-2, 0.64924337E-4, 0.13283615E-2, 0.98050077E-4, 0.92375238E-4, 0.22682633E-3, 0.31962278E-2, 0.42744351E-3, 0.17258963E-4
0.16804305E-2, 0.64924163E-4, 0.13234940E-2, 0.98160031E-4, 0.96664829E-4, 0.23563519E-3, 0.33140164E-2, 0.44350236E-3, 0.17907380E-4
0.18317022E-2, 0.64923886E-4, 0.13185209E-2, 0.98264616E-4, 0.96957439E-4, 0.23458639E-3, 0.32926367E-2, 0.44094981E-3, 0.17804321E-4
0.19977449E-2, 0.64923479E-4, 0.13133641E-2, 0.98361335E-4, 0.99431301E-4, 0.23873539E-3, 0.33438010E-2, 0.44811438E-3, 0.18093613E-4
0.21527782E-2, 0.64922839E-4, 0.13079038E-2, 0.98446122E-4, 0.70364535E-4, 0.16763298E-3, 0.23427112E-2, 0.31414628E-3, 0.12684355E-4
0.19456368E-2, 0.64922111E-4, 0.13023501E-2, 0.98526223E-4, 0.54646618E-4, 0.12917098E-3, 0.18010568E-2, 0.24161862E-3, 0.97558905E-5
0.12596748E-2, 0.64922278E-4, 0.12976684E-2, 0.98643613E-4, 0.11734695E-3, 0.27543699E-3, 0.38331097E-2, 0.51452033E-3, 0.20774907E-4
0.12433154E-2, 0.64922926E-4, 0.12924172E-2, 0.98758952E-4, 0.18254606E-3, 0.42605764E-3, 0.59209364E-2, 0.79555489E-3, 0.32122309E-4
0.12418487E-2, 0.64923275E-4, 0.12869089E-2, 0.98861965E-4, 0.15883175E-3, 0.36852737E-3, 0.51140408E-2, 0.68791915E-3, 0.27776277E-4
0.12403828E-2, 0.64923610E-4, 0.12815642E-2, 0.98967132E-4, 0.17333138E-3, 0.39982531E-3, 0.55403314E-2, 0.74606639E-3, 0.30124109E-4
0.12388973E-2, 0.64923828E-4, 0.12762788E-2, 0.99069512E-4, 0.20110226E-3, 0.46118657E-3, 0.63815089E-2, 0.86037064E-3, 0.34739402E-4
0.12374201E-2, 0.64924076E-4, 0.12713037E-2, 0.99178142E-4, 0.20299437E-3, 0.46290073E-3, 0.63965321E-2, 0.86350605E-3, 0.34866000E-4
0.12359046E-2, 0.64924068E-4, 0.12662173E-2, 0.99277939E-4, 0.17657888E-3, 0.40042287E-3, 0.55256700E-2, 0.74684527E-3, 0.30155568E-4
0.12343748E-2, 0.64923974E-4, 0.12611538E-2, 0.99375000E-4, 0.16968012E-3, 0.38262492E-3, 0.52726539E-2, 0.71341841E-3, 0.28805884E-4
0.12328557E-2, 0.64923930E-4, 0.12563139E-2, 0.99476871E-4, 0.15730959E-3, 0.35275790E-3, 0.48541958E-2, 0.65745891E-3, 0.26546391E-4
0.12313232E-2, 0.64923785E-4, 0.12514899E-2, 0.99575991E-4, 0.13565285E-3, 0.30252719E-3, 0.41570524E-2, 0.56354242E-3, 0.22754301E-4
0.12297796E-2, 0.64923552E-4, 0.12466975E-2, 0.99673045E-4, 0.14376323E-3, 0.31885426E-3, 0.43750475E-2, 0.59359131E-3, 0.23967592E-4
0.12285786E-2, 0.64923275E-4, 0.12419652E-2, 0.99769517E-4, 0.14803695E-3, 0.32656349E-3, 0.44744671E-2, 0.60760573E-3, 0.24533465E-4
0.12342723E-2, 0.64923115E-4, 0.12375278E-2, 0.99873912E-4, 0.14942599E-3, 0.32786559E-3, 0.44859699E-2, 0.60969952E-3, 0.24618008E-4
0.12601074E-2, 0.64922919E-4, 0.12331158E-2, 0.99976940E-4, 0.13461134E-3, 0.29380256E-3, 0.40142387E-2, 0.54603867E-3, 0.22047558E-4
0.13072836E-2, 0.64922730E-4, 0.12288049E-2, 0.10008145E-3, 0.10734066E-3, 0.23303305E-3, 0.31792303E-2, 0.43276051E-3, 0.17473692E-4
0.12414124E-2, 0.64922722E-4, 0.12247750E-2, 0.10019560E-3, 0.92444287E-4, 0.19963057E-3, 0.27193932E-2, 0.37037872E-3, 0.14954883E-4
0.12204284E-2, 0.64922773E-4, 0.12206177E-2, 0.10030719E-3, 0.93796436E-4, 0.20151759E-3, 0.27410814E-2, 0.37352691E-3, 0.15082000E-4
0.12189127E-2, 0.64922591E-4, 0.12161738E-2, 0.10040741E-3, 0.82680359E-4, 0.17673729E-3, 0.24004895E-2, 0.32727435E-3, 0.13214448E-4
0.12174293E-2, 0.64922613E-4, 0.12120767E-2, 0.10051810E-3, 0.85341046E-4, 0.18145851E-3, 0.24607629E-2, 0.33564543E-3, 0.13552446E-4
0.12160593E-2, 0.64922664E-4, 0.12081284E-2, 0.10063227E-3, 0.10482528E-3, 0.22176202E-3, 0.30028876E-2, 0.40979913E-3, 0.16546570E-4
0.12144916E-2, 0.64922548E-4, 0.12039470E-2, 0.10073684E-3, 0.98165692E-4, 0.20662160E-3, 0.27937379E-2, 0.38146297E-3, 0.15402433E-4
0.12129629E-2, 0.64922453E-4, 0.11997798E-2, 0.10084159E-3, 0.85010121E-4, 0.17806576E-3, 0.24041941E-2, 0.32843283E-3, 0.13261219E-4
0.12114936E-2, 0.64922497E-4, 0.11957709E-2, 0.10095183E-3, 0.91318965E-4, 0.19032552E-3, 0.25658733E-2, 0.35067971E-3, 0.14159488E-4
0.12100870E-2, 0.64922904E-4, 0.11921080E-2, 0.10107687E-3, 0.11693508E-3, 0.24255313E-3, 0.32653932E-2, 0.44652051E-3, 0.18029281E-4
0.12086986E-2, 0.64923406E-4, 0.11883710E-2, 0.10120201E-3, 0.18803302E-3, 0.38809172E-3, 0.52174451E-2, 0.71399531E-3, 0.28829174E-4
0.12073690E-2, 0.64924236E-4, 0.11842432E-2, 0.10132658E-3, 0.21234182E-3, 0.43634680E-3, 0.58596698E-2, 0.80268673E-3, 0.32410269E-4
0.12059922E-2, 0.64924774E-4, 0.11797458E-2, 0.10143595E-3, 0.19783006E-3, 0.40468964E-3, 0.54282779E-2, 0.74435136E-3, 0.30054820E-4
0.12046344E-2, 0.64925407E-4, 0.11754984E-2, 0.10155197E-3, 0.22743955E-3, 0.46315353E-3, 0.62053185E-2, 0.85178704E-3, 0.34392720E-4
0.12032659E-2, 0.64925960E-4, 0.11713526E-2, 0.10166743E-3, 0.19981078E-3, 0.40506400E-3, 0.54208469E-2, 0.74488105E-3, 0.30076129E-4
0.12018807E-2, 0.64926397E-4, 0.11672595E-2, 0.10178063E-3, 0.20145862E-3, 0.40660051E-3, 0.54351636E-2, 0.74756902E-3, 0.30184623E-4
0.12004927E-2, 0.64926819E-4, 0.11633225E-2, 0.10189559E-3, 0.22740463E-3, 0.45692950E-3, 0.61009796E-2, 0.83999836E-3, 0.33916600E-4
0.11991253E-2, 0.64927335E-4, 0.11594874E-2, 0.10201446E-3, 0.24113218E-3, 0.48233315E-3, 0.64329351E-2, 0.88667864E-3, 0.35801357E-4
0.11978014E-2, 0.64928114E-4, 0.11555018E-2, 0.10213542E-3, 0.25025904E-3, 0.49853360E-3, 0.66425665E-2, 0.91662072E-3, 0.37010304E-4
0.11964380E-2, 0.64928623E-4, 0.11513870E-2, 0.10224720E-3, 0.28971260E-3, 0.57470502E-3, 0.76501393E-2, 0.10569619E-2, 0.42676784E-4
0.11950722E-2, 0.64929118E-4, 0.11475243E-2, 0.10236273E-3, 0.26272610E-3, 0.51899638E-3, 0.69020903E-2, 0.95481612E-3, 0.38552393E-4
0.11936596E-2, 0.64929314E-4, 0.11435436E-2, 0.10246830E-3, 0.23503126E-3, 0.46234953E-3, 0.61426088E-2, 0.85070991E-3, 0.34348861E-4
0.11922456E-2, 0.64929482E-4, 0.11397351E-2, 0.10257616E-3, 0.25109222E-3, 0.49190811E-3, 0.65287780E-2, 0.90517162E-3, 0.36547783E-4
0.11908154E-2, 0.64929540E-4, 0.11359344E-2, 0.10268090E-3, 0.21913162E-3, 0.42753408E-3, 0.56686508E-2, 0.78674371E-3, 0.31766012E-4
0.11893781E-2, 0.64929540E-4, 0.11321850E-2, 0.10278467E-3, 0.23739041E-3, 0.46123305E-3, 0.61090100E-2, 0.84870198E-3, 0.34267629E-4
0.11878993E-2, 0.64929285E-4, 0.11281813E-2, 0.10287654E-3, 0.11109199E-3, 0.21496846E-3, 0.28440403E-2, 0.39541736E-3, 0.15965561E-4
0.11864305E-2, 0.64929060E-4, 0.11243331E-2, 0.10297193E-3, 0.97490112E-4, 0.18785158E-3, 0.24819248E-2, 0.34522533E-3, 0.13938981E-4
0.11849580E-2, 0.64928790E-4, 0.11204979E-2, 0.10306601E-3, 0.91352194E-4, 0.17529495E-3, 0.23128947E-2, 0.32184253E-3, 0.12994865E-4
0.11835010E-2, 0.64928616E-4, 0.11168517E-2, 0.10316508E-3, 0.11255057E-3, 0.21506194E-3, 0.28336996E-2, 0.39447972E-3, 0.15927691E-4
0.11821064E-2, 0.64928448E-4, 0.11132858E-2, 0.10326559E-3, 0.14445960E-3, 0.27492645E-3, 0.36179705E-2, 0.50392322E-3, 0.20346628E-4
0.11835567E-2, 0.64928281E-4, 0.11097814E-2, 0.10336646E-3, 0.17268497E-3, 0.32731978E-3, 0.43023061E-2, 0.59962389E-3, 0.24210665E-4
0.11920237E-2, 0.64927997E-4, 0.11061800E-2, 0.10346204E-3, 0.14076379E-3, 0.26577417E-3, 0.34893251E-2, 0.48662786E-3, 0.19648276E-4
0.12192072E-2, 0.64927764E-4, 0.11027266E-2, 0.10356111E-3, 0.17080306E-3, 0.32120763E-3, 0.42120377E-2, 0.58777991E-3, 0.23732415E-4
0.12679120E-2, 0.64927444E-4, 0.10992030E-2, 0.10365613E-3, 0.14951987E-3, 0.28007853E-3, 0.36683609E-2, 0.51223690E-3, 0.20682253E-4
0.13424049E-2, 0.64927015E-4, 0.10955808E-2, 0.10374631E-3, 0.19518493E-3, 0.36414035E-3, 0.47635115E-2, 0.66560094E-3, 0.26874501E-4
0.14413230E-2, 0.64926557E-4, 0.10919742E-2, 0.10383551E-3, 0.12637221E-3, 0.23482325E-3, 0.30680140E-2, 0.42896147E-3, 0.17319862E-4
0.15668386E-2, 0.64926542E-4, 0.10891687E-2, 0.10395060E-3, 0.15550997E-3, 0.28771957E-3, 0.37535946E-2, 0.52509556E-3, 0.21201386E-4
0.17314531E-2, 0.64926542E-4, 0.10864860E-2, 0.10406863E-3, 0.14857037E-3, 0.27368771E-3, 0.35652132E-2, 0.49902796E-3, 0.20148862E-4
0.19093322E-2, 0.64926506E-4, 0.10837471E-2, 0.10418358E-3, 0.14524940E-3, 0.26637380E-3, 0.34643686E-2, 0.48517715E-3, 0.19589605E-4
0.20438957E-2, 0.64926622E-4, 0.10813200E-2, 0.10430792E-3, 0.11473519E-3, 0.20942715E-3, 0.27188973E-2, 0.38095796E-3, 0.15381624E-4
0.21452412E-2, 0.64927379E-4, 0.10800287E-2, 0.10446972E-3, 0.97161108E-4, 0.17649079E-3, 0.22868656E-2, 0.32054647E-3, 0.12942430E-4
0.22979132E-2, 0.64928805E-4, 0.10799192E-2, 0.10467072E-3, 0.12021681E-3, 0.21730088E-3, 0.28100493E-2, 0.39403036E-3, 0.15909420E-4
0.24546026E-2, 0.64930049E-4, 0.10795033E-2, 0.10486088E-3, 0.10476263E-3, 0.18840720E-3, 0.24312842E-2, 0.34105353E-3, 0.13770412E-4
0.19962669E-2, 0.64931010E-4, 0.10786138E-2, 0.10503494E-3, 0.89515146E-4, 0.16017392E-3, 0.20625228E-2, 0.28942127E-3, 0.11685699E-4
0.11877287E-2, 0.64931308E-4, 0.10764009E-2, 0.10516645E-3, 0.10089943E-3, 0.17984623E-3, 0.23124686E-2, 0.32459811E-3, 0.13106001E-4
0.12547181E-2, 0.64931104E-4, 0.10732826E-2, 0.10526751E-3, 0.11621321E-3, 0.20639012E-3, 0.26503839E-2, 0.37216424E-3, 0.15026530E-4
0.14685086E-2, 0.64930900E-4, 0.10702541E-2, 0.10536981E-3, 0.15271481E-3, 0.27020409E-3, 0.34653624E-2, 0.48681497E-3, 0.19655654E-4
0.18789101E-2, 0.64930915E-4, 0.10676527E-2, 0.10548469E-3, 0.14488143E-3, 0.25532144E-3, 0.32697546E-2, 0.45955769E-3, 0.18555100E-4
0.23954911E-2, 0.64931097E-4, 0.10654966E-2, 0.10561286E-3, 0.18446257E-3, 0.32360942E-3, 0.41369903E-2, 0.58174774E-3, 0.23488621E-4
0.28039333E-2, 0.64931723E-4, 0.10641478E-2, 0.10576690E-3, 0.15456085E-3, 0.26982499E-3, 0.34424313E-2, 0.48433826E-3, 0.19555589E-4
0.29758504E-2, 0.64931759E-4, 0.10618430E-2, 0.10588803E-3, 0.10072942E-3, 0.17492873E-3, 0.22264975E-2, 0.31338699E-3, 0.12653267E-4
0.16999955E-2, 0.64932050E-4, 0.10599198E-2, 0.10602208E-3, 0.11654251E-3, 0.20137143E-3, 0.25572835E-2, 0.36006389E-3, 0.14537883E-4
0.11276882E-2, 0.64932305E-4, 0.10575078E-2, 0.10614508E-3, 0.17455255E-3, 0.30061501E-3, 0.38133869E-2, 0.53715345E-3, 0.21687980E-4
0.11263478E-2, 0.64932407E-4, 0.10546106E-2, 0.10625399E-3, 0.19780996E-3, 0.33960809E-3, 0.43041185E-2, 0.60660939E-3, 0.24492268E-4
0.11249926E-2, 0.64932254E-4, 0.10514287E-2, 0.10635080E-3, 0.16048343E-3, 0.27464930E-3, 0.34775313E-2, 0.49037044E-3, 0.19799007E-4
0.11236286E-2, 0.64932035E-4, 0.10482008E-2, 0.10644457E-3, 0.17789600E-3, 0.30347868E-3, 0.38387531E-2, 0.54156990E-3, 0.21866173E-4
0.11223558E-2, 0.64931803E-4, 0.10450388E-2, 0.10653900E-3, 0.20087007E-3, 0.34161218E-3, 0.43172087E-2, 0.60939777E-3, 0.24604706E-4
0.11257698E-2, 0.64931541E-4, 0.10419011E-2, 0.10663226E-3, 0.19621062E-3, 0.33264581E-3, 0.42001209E-2, 0.59320219E-3, 0.23950744E-4
0.11602603E-2, 0.64931155E-4, 0.10386716E-2, 0.10672036E-3, 0.20172763E-3, 0.34094500E-3, 0.43010903E-2, 0.60779910E-3, 0.24540052E-4
0.12475258E-2, 0.64930631E-4, 0.10353387E-2, 0.10680296E-3, 0.19427975E-3, 0.32733678E-3, 0.41256230E-2, 0.58332225E-3, 0.23551740E-4
0.13600125E-2, 0.64930289E-4, 0.10323696E-2, 0.10689633E-3, 0.15103450E-3, 0.25366075E-3, 0.31936783E-2, 0.45176921E-3, 0.18240225E-4
0.11654953E-2, 0.64930115E-4, 0.10296996E-2, 0.10699940E-3, 0.14239174E-3, 0.23835644E-3, 0.29974682E-2, 0.42418181E-3, 0.17126351E-4
0.11132620E-2, 0.64929773E-4, 0.10265985E-2, 0.10708965E-3, 0.16173246E-3, 0.26992781E-3, 0.33911839E-2, 0.48009140E-3, 0.19383662E-4
0.11118549E-2, 0.64929227E-4, 0.10230207E-2, 0.10716464E-3, 0.19963061E-3, 0.33216388E-3, 0.41691470E-2, 0.59050671E-3, 0.23841625E-4
0.11105441E-2, 0.64929191E-4, 0.10199213E-2, 0.10726046E-3, 0.26176329E-3, 0.43432240E-3, 0.54475260E-2, 0.77203155E-3, 0.31170573E-4
0.11092487E-2, 0.64929234E-4, 0.10169967E-2, 0.10736118E-3, 0.27768838E-3, 0.45941875E-3, 0.57586129E-2, 0.81668340E-3, 0.32973287E-4
0.11079255E-2, 0.64929103E-4, 0.10139947E-2, 0.10745558E-3, 0.25386413E-3, 0.41884326E-3, 0.52469117E-2, 0.74462150E-3, 0.30063717E-4
0.11065769E-2, 0.64928812E-4, 0.10109053E-2, 0.10754383E-3, 0.22950469E-3, 0.37756978E-3, 0.47265254E-2, 0.67118061E-3, 0.27098506E-4
0.11053085E-2, 0.64928987E-4, 0.10081112E-2, 0.10764850E-3, 0.33987768E-3, 0.55754394E-3, 0.69752228E-2, 0.99119870E-3, 0.40018909E-4
0.11040730E-2, 0.64929329E-4, 0.10047773E-2, 0.10774608E-3, 0.48920221E-3, 0.80053997E-3, 0.10014589E-1, 0.14245471E-2, 0.57514742E-4
0.11028303E-2, 0.64929620E-4, 0.10014614E-2, 0.10784213E-3, 0.46783788E-3, 0.76365325E-3, 0.95539158E-2, 0.13606180E-2, 0.54933374E-4
0.11015796E-2, 0.64929867E-4, 0.99830155E-3, 0.10793938E-3, 0.45404985E-3, 0.73929102E-3, 0.92494525E-2, 0.13187376E-2, 0.53242238E-4
0.11002950E-2, 0.64929882E-4, 0.99512388E-3, 0.10803062E-3, 0.44167065E-3, 0.71731367E-3, 0.89743445E-2, 0.12808981E-2, 0.51714251E-4
0.10989988E-2, 0.64929816E-4, 0.99209487E-3, 0.10812246E-3, 0.30538658E-3, 0.49474096E-3, 0.61885966E-2, 0.88409369E-3, 0.35693753E-4
0.10977041E-2, 0.64929744E-4, 0.98925817E-3, 0.10821751E-3, 0.39652386E-3, 0.64064091E-3, 0.80105690E-2, 0.11453211E-2, 0.46240202E-4
0.10963792E-2, 0.64929482E-4, 0.98628656E-3, 0.10830475E-3, 0.34527670E-3, 0.55643596E-3, 0.69561447E-2, 0.99543692E-3, 0.40188726E-4
0.10950452E-2, 0.64929154E-4, 0.98335231E-3, 0.10839073E-3, 0.35975932E-3, 0.57828234E-3, 0.72270436E-2, 0.10350496E-2, 0.41787825E-4
0.10938324E-2, 0.64928630E-4, 0.98021445E-3, 0.10846733E-3, 0.30815971E-3, 0.49407571E-3, 0.61726030E-2, 0.88472216E-3, 0.35718545E-4
0.10962692E-2, 0.64928070E-4, 0.97713247E-3, 0.10854405E-3, 0.28938567E-3, 0.46277512E-3, 0.57789073E-2, 0.82886103E-3, 0.33463170E-4
0.10938471E-2, 0.64927539E-4, 0.97413012E-3, 0.10862260E-3, 0.28246598E-3, 0.45050998E-3, 0.56227599E-2, 0.80698926E-3, 0.32580036E-4
0.10896338E-2, 0.64927313E-4, 0.97147305E-3, 0.10871414E-3, 0.31923864E-3, 0.50787529E-3, 0.63359966E-2, 0.90996543E-3, 0.36737289E-4
0.10889474E-2, 0.64927022E-4, 0.96883369E-3, 0.10880448E-3, 0.29782142E-3, 0.47261320E-3, 0.58937203E-2, 0.84702868E-3, 0.34196262E-4
0.10968058E-2, 0.64926498E-4, 0.96590671E-3, 0.10888302E-3, 0.31665660E-3, 0.50123374E-3, 0.62479903E-2, 0.89854689E-3, 0.36276011E-4
0.10943718E-2, 0.64925967E-4, 0.96297084E-3, 0.10896032E-3, 0.31409052E-3, 0.49588969E-3, 0.61787483E-2, 0.88920182E-3, 0.35898604E-4
0.10842677E-2, 0.64925654E-4, 0.96029602E-3, 0.10904811E-3, 0.33306872E-3, 0.52458810E-3, 0.65342542E-2, 0.94101956E-3, 0.37990430E-4
0.10833312E-2, 0.64925262E-4, 0.95753797E-3, 0.10913143E-3, 0.30141731E-3, 0.47357776E-3, 0.58967909E-2, 0.84979407E-3, 0.34307370E-4
0.10932321E-2, 0.64924752E-4, 0.95471559E-3, 0.10921052E-3, 0.33407091E-3, 0.52357669E-3, 0.65168422E-2, 0.93977834E-3, 0.37939990E-4
0.11479282E-2, 0.64924068E-4, 0.95171802E-3, 0.10928165E-3, 0.34867082E-3, 0.54511777E-3, 0.67828582E-2, 0.97883702E-3, 0.39516683E-4
0.13013701E-2, 0.64923544E-4, 0.94907376E-3, 0.10936305E-3, 0.26196768E-3, 0.40851193E-3, 0.50806161E-2, 0.73365605E-3, 0.29618359E-4
0.13464637E-2, 0.64923122E-4, 0.94665698E-3, 0.10945086E-3, 0.20844507E-3, 0.32418018E-3, 0.40286616E-2, 0.58203371E-3, 0.23497163E-4
0.14899968E-2, 0.64922744E-4, 0.94435707E-3, 0.10954172E-3, 0.21527433E-3, 0.33385927E-3, 0.41450527E-2, 0.59910526E-3, 0.24186304E-4
0.11609708E-2, 0.64922773E-4, 0.94266504E-3, 0.10965433E-3, 0.28032612E-3, 0.43351573E-3, 0.53777485E-2, 0.77765551E-3, 0.31394411E-4
0.10719853E-2, 0.64922628E-4, 0.94038504E-3, 0.10975036E-3, 0.34662848E-3, 0.53482305E-3, 0.66323793E-2, 0.95967256E-3, 0.38742393E-4
0.10707030E-2, 0.64922366E-4, 0.93791744E-3, 0.10983928E-3, 0.37465905E-3, 0.57673943E-3, 0.71508703E-2, 0.10354239E-2, 0.41800318E-4
0.10695392E-2, 0.64921915E-4, 0.93527656E-3, 0.10992004E-3, 0.30184499E-3, 0.46358866E-3, 0.57466128E-2, 0.83264231E-3, 0.33613822E-4
0.10691533E-2, 0.64921485E-4, 0.93270018E-3, 0.11000196E-3, 0.31691516E-3, 0.48559936E-3, 0.60173469E-2, 0.87238644E-3, 0.35218145E-4
0.10795487E-2, 0.64920969E-4, 0.93006797E-3, 0.11008029E-3, 0.29037212E-3, 0.44391482E-3, 0.54989578E-2, 0.79769368E-3, 0.32202679E-4
0.10674063E-2, 0.64920445E-4, 0.92743017E-3, 0.11015791E-3, 0.28236755E-3, 0.43064030E-3, 0.53320630E-2, 0.77390025E-3, 0.31242042E-4
0.10689379E-2, 0.64920037E-4, 0.92494418E-3, 0.11024124E-3, 0.21974825E-3, 0.33438014E-3, 0.41381861E-2, 0.60090277E-3, 0.24258110E-4
0.13376568E-2, 0.64919514E-4, 0.92241791E-3, 0.11032023E-3, 0.17232064E-3, 0.26157199E-3, 0.32346700E-2, 0.46987404E-3, 0.18968507E-4
0.21303352E-2, 0.64919397E-4, 0.92079584E-3, 0.11042654E-3, 0.14219123E-3, 0.21519460E-3, 0.26576910E-2, 0.38617151E-3, 0.15589461E-4
0.28812170E-2, 0.64919419E-4, 0.91952994E-3, 0.11054313E-3, 0.12926607E-3, 0.19490992E-3, 0.24024330E-2, 0.34916625E-3, 0.14095560E-4
0.33083488E-2, 0.64918393E-4, 0.91650238E-3, 0.11059963E-3, 0.12420326E-3, 0.18649385E-3, 0.22931492E-2, 0.33335664E-3, 0.13457314E-4
0.34947186E-2, 0.64916894E-4, 0.91272820E-3, 0.11063015E-3, 0.23708465E-3, 0.35455305E-3, 0.43499121E-2, 0.63253980E-3, 0.25535013E-4
0.36109239E-2, 0.64915068E-4, 0.90838305E-3, 0.11064053E-3, 0.17979628E-3, 0.26760853E-3, 0.32744810E-2, 0.47632138E-3, 0.19228573E-4
0.21644467E-2, 0.64913533E-4, 0.90449979E-3, 0.11066601E-3, 0.19746130E-3, 0.29266701E-3, 0.35727713E-2, 0.51986921E-3, 0.20986497E-4
0.13278762E-2, 0.64913191E-4, 0.90250024E-3, 0.11075621E-3, 0.22739849E-3, 0.33627660E-3, 0.41022524E-2, 0.59711246E-3, 0.24104638E-4
0.15403995E-2, 0.64912951E-4, 0.90077845E-3, 0.11085402E-3, 0.24853367E-3, 0.36656161E-3, 0.44676480E-2, 0.65053737E-3, 0.26261250E-4
0.10601234E-2, 0.64912863E-4, 0.89924649E-3, 0.11095898E-3, 0.25170913E-3, 0.37038056E-3, 0.45113550E-2, 0.65715401E-3, 0.26528263E-4
0.10343796E-2, 0.64912543E-4, 0.89720229E-3, 0.11104802E-3, 0.24106637E-3, 0.35397123E-3, 0.43094810E-2, 0.62798196E-3, 0.25350537E-4
0.10279593E-2, 0.64912419E-4, 0.89526799E-3, 0.11114365E-3, 0.35618912E-3, 0.52191492E-3, 0.63521564E-2, 0.92605152E-3, 0.37382917E-4
0.10267738E-2, 0.64912296E-4, 0.89312362E-3, 0.11123451E-3, 0.40264556E-3, 0.58883388E-3, 0.71667274E-2, 0.10453874E-2, 0.42200070E-4
0.10255820E-2, 0.64912121E-4, 0.89108193E-3, 0.11132591E-3, 0.41956932E-3, 0.61239122E-3, 0.74543250E-2, 0.10879925E-2, 0.43919688E-4
0.10243788E-2, 0.64911867E-4, 0.88898884E-3, 0.11141400E-3, 0.39071121E-3, 0.56915102E-3, 0.69286292E-2, 0.10118622E-2, 0.40846269E-4
0.10231801E-2, 0.64911634E-4, 0.88679499E-3, 0.11150003E-3, 0.51527651E-3, 0.74921915E-3, 0.91233039E-2, 0.13332337E-2, 0.53818851E-4
0.10219524E-2, 0.64911219E-4, 0.88445668E-3, 0.11157835E-3, 0.48180632E-3, 0.69927669E-3, 0.85189985E-2, 0.12458127E-2, 0.50289560E-4
0.10213541E-2, 0.64910681E-4, 0.88208675E-3, 0.11165308E-3, 0.39006653E-3, 0.56507648E-3, 0.68858056E-2, 0.10076043E-2, 0.40673582E-4
0.10207777E-2, 0.64910164E-4, 0.87979861E-3, 0.11172958E-3, 0.42191381E-3, 0.61004894E-3, 0.74346852E-2, 0.10885418E-2, 0.43940508E-4
0.10202143E-2, 0.64909575E-4, 0.87744748E-3, 0.11180272E-3, 0.25964883E-3, 0.37469325E-3, 0.45659710E-2, 0.66884642E-3, 0.26998778E-4
0.10171437E-2, 0.64909691E-4, 0.87575614E-3, 0.11190533E-3, 0.46749084E-3, 0.67327265E-3, 0.82036965E-2, 0.12023118E-2, 0.48532496E-4
0.10160271E-2, 0.64910200E-4, 0.87362475E-3, 0.11200806E-3, 0.55727881E-3, 0.80124562E-3, 0.97686378E-2, 0.14326668E-2, 0.57830599E-4
0.10149340E-2, 0.64910513E-4, 0.87124301E-3, 0.11210040E-3, 0.66473958E-3, 0.95416623E-3, 0.11643171E-1, 0.17089969E-2, 0.68984256E-4
0.10138542E-2, 0.64910899E-4, 0.86893281E-3, 0.11219536E-3, 0.73341519E-3, 0.10510955E-2, 0.12841343E-1, 0.18866445E-2, 0.76154327E-4
0.10127695E-2, 0.64911241E-4, 0.86668890E-3, 0.11229029E-3, 0.74295053E-3, 0.10631217E-2, 0.13005805E-1, 0.19127213E-2, 0.77206103E-4
0.10116806E-2, 0.64911539E-4, 0.86436432E-3, 0.11238237E-3, 0.66250481E-3, 0.94654894E-3, 0.11594192E-1, 0.17067513E-2, 0.68891546E-4
0.10106002E-2, 0.64911888E-4, 0.86219684E-3, 0.11247815E-3, 0.68744976E-3, 0.98062353E-3, 0.12024961E-1, 0.17717700E-2, 0.71515322E-4
0.10095143E-2, 0.64912194E-4, 0.86014939E-3, 0.11257496E-3, 0.61850122E-3, 0.88087283E-3, 0.10813259E-1, 0.15946398E-2, 0.64365107E-4
0.10084034E-2, 0.64912332E-4, 0.85811812E-3, 0.11266792E-3, 0.69088076E-3, 0.98239316E-3, 0.12072109E-1, 0.17818343E-2, 0.71920287E-4
0.10073052E-2, 0.64912543E-4, 0.85619482E-3, 0.11276422E-3, 0.73883747E-3, 0.10489287E-2, 0.12905877E-1, 0.19067161E-2, 0.76960190E-4
0.10062340E-2, 0.64912900E-4, 0.85412432E-3, 0.11286069E-3, 0.66648255E-3, 0.94477605E-3, 0.11639135E-1, 0.17211878E-2, 0.69471113E-4
0.10051760E-2, 0.64913329E-4, 0.85207395E-3, 0.11295881E-3, 0.90224034E-3, 0.12771328E-2, 0.15757430E-1, 0.23325938E-2, 0.94147887E-4
0.10040896E-2, 0.64913576E-4, 0.85005816E-3, 0.11305301E-3, 0.77624776E-3, 0.10972794E-2, 0.13562413E-1, 0.20099173E-2, 0.81123166E-4
0.10029780E-2, 0.64913649E-4, 0.84813900E-3, 0.11314500E-3, 0.71635022E-3, 0.10111086E-2, 0.12514945E-1, 0.18565293E-2, 0.74931479E-4
0.10018372E-2, 0.64913555E-4, 0.84616058E-3, 0.11323106E-3, 0.56647096E-3, 0.79827098E-3, 0.98907733E-2, 0.14685163E-2, 0.59270391E-4
0.10007421E-2, 0.64913707E-4, 0.84425969E-3, 0.11332452E-3, 0.90751023E-3, 0.12769562E-2, 0.15842799E-1, 0.23544794E-2, 0.95027659E-4
0.99965488E-3, 0.64913896E-4, 0.84216963E-3, 0.11341462E-3, 0.78527140E-3, 0.11035259E-2, 0.13716557E-1, 0.20407932E-2, 0.82366256E-4
0.99855056E-3, 0.64913977E-4, 0.84026391E-3, 0.11350546E-3, 0.72574517E-3, 0.10183870E-2, 0.12676725E-1, 0.18879760E-2, 0.76197844E-4
0.99741120E-3, 0.64913831E-4, 0.83839195E-3, 0.11359133E-3, 0.60013373E-3, 0.84083917E-3, 0.10478529E-1, 0.15619744E-2, 0.63040061E-4
0.99623983E-3, 0.64913474E-4, 0.83643547E-3, 0.11367042E-3, 0.54565765E-3, 0.76325069E-3, 0.95189046E-2, 0.14200028E-2, 0.57309804E-4
0.99505298E-3, 0.64913009E-4, 0.83442114E-3, 0.11374513E-3, 0.49633603E-3, 0.69311267E-3, 0.86493753E-2, 0.12911722E-2, 0.52110005E-4
0.10025736E-2, 0.64912492E-4, 0.83246973E-3, 0.11381951E-3, 0.48584063E-3, 0.67731523E-3, 0.84562944E-2, 0.12631544E-2, 0.50978917E-4
0.10629500E-2, 0.64911743E-4, 0.83029125E-3, 0.11388386E-3, 0.35252579E-3, 0.49058493E-3, 0.61262674E-2, 0.91561268E-3, 0.36952501E-4
0.11779917E-2, 0.64911088E-4, 0.82838576E-3, 0.11395571E-3, 0.33271071E-3, 0.46209942E-3, 0.57694092E-2, 0.86265645E-3, 0.34815141E-4
0.10775592E-2, 0.64910673E-4, 0.82680653E-3, 0.11403876E-3, 0.32812037E-3, 0.45484013E-3, 0.56775669E-2, 0.84928039E-3, 0.34275174E-4
0.98852662E-3, 0.64910550E-4, 0.82531618E-3, 0.11413034E-3, 0.46427111E-3, 0.64245617E-3, 0.80204736E-2, 0.12003330E-2, 0.48442722E-4
0.98738400E-3, 0.64910295E-4, 0.82352792E-3, 0.11421246E-3, 0.34933657E-3, 0.48256569E-3, 0.60255164E-2, 0.90223120E-3, 0.36411842E-4
0.98631170E-3, 0.64910448E-4, 0.82195387E-3, 0.11430818E-3, 0.47697427E-3, 0.65770606E-3, 0.82136812E-2, 0.12304959E-2, 0.49659589E-4
0.98531053E-3, 0.64911008E-4, 0.82024396E-3, 0.11441056E-3, 0.55633206E-3, 0.76596322E-3, 0.95718922E-2, 0.14348723E-2, 0.57907331E-4
0.98430063E-3, 0.64911503E-4, 0.81842323E-3, 0.11450895E-3, 0.63603820E-3, 0.87439525E-3, 0.10937034E-1, 0.16406978E-2, 0.66213383E-4
0.98328188E-3, 0.64911932E-4, 0.81664039E-3, 0.11460621E-3, 0.87467791E-3, 0.12007089E-2, 0.15039841E-1, 0.22582002E-2, 0.91133028E-4
0.98222366E-3, 0.64912136E-4, 0.81484951E-3, 0.11469721E-3, 0.77763986E-3, 0.10661409E-2, 0.13378510E-1, 0.20107785E-2, 0.81147169E-4
0.98112191E-3, 0.64912056E-4, 0.81303308E-3, 0.11478101E-3, 0.69736090E-3, 0.95476332E-3, 0.11998415E-1, 0.18049717E-2, 0.72841001E-4
0.97999349E-3, 0.64911808E-4, 0.81122789E-3, 0.11486071E-3, 0.59928716E-3, 0.81930024E-3, 0.10307699E-1, 0.15518547E-2, 0.62625812E-4
0.97883691E-3, 0.64911364E-4, 0.80935325E-3, 0.11493441E-3, 0.58665470E-3, 0.80080703E-3, 0.10083994E-1, 0.15192580E-2, 0.61309998E-4
0.97766658E-3, 0.64910833E-4, 0.80748607E-3, 0.11500571E-3, 0.40349891E-3, 0.54992753E-3, 0.69288388E-2, 0.10445322E-2, 0.42152093E-4
0.97650790E-3, 0.64910360E-4, 0.80570258E-3, 0.11507989E-3, 0.35677664E-3, 0.48542939E-3, 0.61168941E-2, 0.92255045E-3, 0.37229376E-4
0.97537634E-3, 0.64910055E-4, 0.80414058E-3, 0.11516162E-3, 0.42164448E-3, 0.57266338E-3, 0.72166040E-2, 0.10889068E-2, 0.43942473E-4
0.97429089E-3, 0.64909989E-4, 0.80271903E-3, 0.11525216E-3, 0.50050026E-3, 0.67870831E-3, 0.85567860E-2, 0.12918190E-2, 0.52130665E-4
0.97318430E-3, 0.64909800E-4, 0.80109376E-3, 0.11533505E-3, 0.48829330E-3, 0.66109875E-3, 0.83391927E-2, 0.12596928E-2, 0.50833984E-4
0.97208121E-3, 0.64909618E-4, 0.79960376E-3, 0.11542060E-3, 0.51842845E-3, 0.70078572E-3, 0.88447202E-2, 0.13368289E-2, 0.53946467E-4
0.97098673E-3, 0.64909487E-4, 0.79813681E-3, 0.11550728E-3, 0.46068593E-3, 0.62177022E-3, 0.78518325E-2, 0.11874313E-2, 0.47917438E-4
0.96991379E-3, 0.64909458E-4, 0.79682528E-3, 0.11559963E-3, 0.45566997E-3, 0.61401224E-3, 0.77569596E-2, 0.11736944E-2, 0.47362901E-4
0.96889591E-3, 0.64909764E-4, 0.79570856E-3, 0.11570307E-3, 0.55541110E-3, 0.74721186E-3, 0.94448999E-2, 0.14299090E-2, 0.57701818E-4
0.96788461E-3, 0.64910098E-4, 0.79400162E-3, 0.11579510E-3, 0.69190341E-3, 0.92958292E-3, 0.11762953E-1, 0.17820941E-2, 0.71913208E-4
0.96688629E-3, 0.64910506E-4, 0.79246261E-3, 0.11589173E-3, 0.89804374E-3, 0.12050550E-2, 0.15274895E-1, 0.23162025E-2, 0.93465402E-4
0.96583308E-3, 0.64910550E-4, 0.79082255E-3, 0.11597806E-3, 0.64960506E-3, 0.87057269E-3, 0.11053386E-1, 0.16775490E-2, 0.67693320E-4
0.96474547E-3, 0.64910375E-4, 0.78908418E-3, 0.11605705E-3, 0.49568980E-3, 0.66328683E-3, 0.84286658E-2, 0.12800384E-2, 0.51652456E-4
0.96375553E-3, 0.64910797E-4, 0.78757037E-3, 0.11615370E-3, 0.54632791E-3, 0.72998519E-3, 0.92827119E-2, 0.14105610E-2, 0.56919034E-4
0.96279685E-3, 0.64911401E-4, 0.78610028E-3, 0.11625511E-3, 0.74374938E-3, 0.99236285E-3, 0.12633045E-1, 0.19210270E-2, 0.77516859E-4
0.96179574E-3, 0.64911736E-4, 0.78443560E-3, 0.11634608E-3, 0.62554464E-3, 0.83356403E-3, 0.10625800E-1, 0.16170375E-2, 0.65249871E-4
0.96077804E-3, 0.64911947E-4, 0.78284700E-3, 0.11643574E-3, 0.59086253E-3, 0.78623247E-3, 0.10032512E-1, 0.15277832E-2, 0.61647959E-4
0.95975038E-3, 0.64912085E-4, 0.78123895E-3, 0.11652308E-3, 0.58310531E-3, 0.77476911E-3, 0.98951478E-2, 0.15078457E-2, 0.60843111E-4
0.95873885E-3, 0.64912310E-4, 0.77959272E-3, 0.11661132E-3, 0.56704297E-3, 0.75236795E-3, 0.96177328E-2, 0.14665031E-2, 0.59174563E-4
0.95775264E-3, 0.64912689E-4, 0.77820121E-3, 0.11670774E-3, 0.73648599E-3, 0.97586290E-3, 0.12489106E-1, 0.19056705E-2, 0.76894830E-4
0.95675339E-3, 0.64912980E-4, 0.77692932E-3, 0.11680422E-3, 0.71955560E-3, 0.95219404E-3, 0.12204163E-1, 0.18636815E-2, 0.75200020E-4
0.95569692E-3, 0.64912907E-4, 0.77547284E-3, 0.11688842E-3, 0.58398629E-3, 0.77177747E-3, 0.99039124E-2, 0.15135031E-2, 0.61069870E-4
0.95459976E-3, 0.64912587E-4, 0.77389152E-3, 0.11696387E-3, 0.55311969E-3, 0.72992046E-3, 0.93746651E-2, 0.14335159E-2, 0.57842077E-4
0.95349015E-3, 0.64912179E-4, 0.77237695E-3, 0.11703838E-3, 0.44360367E-3, 0.58453350E-3, 0.75119832E-2, 0.11493148E-2, 0.46374385E-4
0.95239183E-3, 0.64911685E-4, 0.77089330E-3, 0.11711146E-3, 0.36841404E-3, 0.48468995E-3, 0.62303199E-2, 0.95364486E-3, 0.38479029E-4
0.95422566E-3, 0.64911153E-4, 0.76943950E-3, 0.11718379E-3, 0.41877097E-3, 0.55005559E-3, 0.70716063E-2, 0.10828675E-2, 0.43692919E-4
0.97655028E-3, 0.64910571E-4, 0.76798495E-3, 0.11725465E-3, 0.42396309E-3, 0.55600394E-3, 0.71500279E-2, 0.10953635E-2, 0.44196946E-4
0.97892806E-3, 0.64909851E-4, 0.76633471E-3, 0.11731774E-3, 0.35334058E-3, 0.46264133E-3, 0.59502772E-2, 0.91194193E-3, 0.36795911E-4
0.97463361E-3, 0.64909167E-4, 0.76476374E-3, 0.11738308E-3, 0.32293750E-3, 0.42214224E-3, 0.54291347E-2, 0.83236565E-3, 0.33584987E-4
0.97188627E-3, 0.64908607E-4, 0.76341489E-3, 0.11745586E-3, 0.42461162E-3, 0.55416347E-3, 0.71275760E-2, 0.10931749E-2, 0.44108187E-4
0.96747681E-3, 0.64907879E-4, 0.76180056E-3, 0.11751892E-3, 0.30083855E-3, 0.39198902E-3, 0.50419536E-2, 0.77358802E-3, 0.31213152E-4
0.96943963E-3, 0.64907304E-4, 0.76039368E-3, 0.11758934E-3, 0.32034848E-3, 0.41674159E-3, 0.53596380E-2, 0.82258595E-3, 0.33190056E-4
0.10575616E-2, 0.64906584E-4, 0.75884844E-3, 0.11765354E-3, 0.23077440E-3, 0.29971433E-3, 0.38534729E-2, 0.59158757E-3, 0.23869567E-4
0.12611505E-2, 0.64905915E-4, 0.75747335E-3, 0.11772203E-3, 0.29810815E-3, 0.38645568E-3, 0.49662134E-2, 0.76260982E-3, 0.30769959E-4
0.14831540E-2, 0.64905638E-4, 0.75685419E-3, 0.11781498E-3, 0.20245479E-3, 0.26193893E-3, 0.33637532E-2, 0.51666395E-3, 0.20846426E-4
0.96604822E-3, 0.64905616E-4, 0.75649226E-3, 0.11791852E-3, 0.27336791E-3, 0.35301319E-3, 0.45302077E-2, 0.69598370E-3, 0.28081578E-4
0.94085786E-3, 0.64905194E-4, 0.75531797E-3, 0.11799593E-3, 0.34259917E-3, 0.44171128E-3, 0.56676590E-2, 0.87097951E-3, 0.35142202E-4
0.98377361E-3, 0.64904729E-4, 0.75416279E-3, 0.11807268E-3, 0.38256898E-3, 0.49247919E-3, 0.63194586E-2, 0.97146665E-3, 0.39196522E-4
0.11099430E-2, 0.64904103E-4, 0.75287384E-3, 0.11814325E-3, 0.36553590E-3, 0.46979933E-3, 0.60287039E-2, 0.92708517E-3, 0.37405687E-4
0.12704139E-2, 0.64903543E-4, 0.75175433E-3, 0.11821834E-3, 0.23405574E-3, 0.30030153E-3, 0.38524587E-2, 0.59258944E-3, 0.23909493E-4
0.14622320E-2, 0.64903208E-4, 0.75107120E-3, 0.11830730E-3, 0.28950087E-3, 0.37072843E-3, 0.47528031E-2, 0.73124841E-3, 0.29503957E-4
0.16072933E-2, 0.64903237E-4, 0.75103005E-3, 0.11841732E-3, 0.27104482E-3, 0.34639865E-3, 0.44377600E-2, 0.68294350E-3, 0.27554901E-4
0.18377865E-2, 0.64903616E-4, 0.75159350E-3, 0.11854726E-3, 0.24667356E-3, 0.31457958E-3, 0.40263985E-2, 0.61977434E-3, 0.25006129E-4
0.19591183E-2, 0.64903485E-4, 0.75135997E-3, 0.11865001E-3, 0.28578049E-3, 0.36361313E-3, 0.46488200E-2, 0.71573874E-3, 0.28877937E-4
0.16738374E-2, 0.64903950E-4, 0.75209711E-3, 0.11878564E-3, 0.28377547E-3, 0.36029518E-3, 0.46024397E-2, 0.70876227E-3, 0.28596367E-4
0.12027387E-2, 0.64904052E-4, 0.75213303E-3, 0.11889901E-3, 0.31371749E-3, 0.39759176E-3, 0.50764806E-2, 0.78194757E-3, 0.31549072E-4
0.17106853E-2, 0.64903848E-4, 0.75166317E-3, 0.11899471E-3, 0.32342394E-3, 0.40913562E-3, 0.52214842E-2, 0.80448121E-3, 0.32458134E-4
0.23033158E-2, 0.64903506E-4, 0.75106177E-3, 0.11908473E-3, 0.24486810E-3, 0.30906923E-3, 0.39404202E-2, 0.60723926E-3, 0.24499999E-4
0.23556149E-2, 0.64902328E-4, 0.74901292E-3, 0.11912548E-3, 0.18913373E-3, 0.23810715E-3, 0.30307323E-2, 0.46712716E-3, 0.18846915E-4
0.23729266E-2, 0.64901848E-4, 0.74819301E-3, 0.11920714E-3, 0.21308172E-3, 0.26759392E-3, 0.34007693E-2, 0.52423618E-3, 0.21151005E-4
0.27349528E-2, 0.64900436E-4, 0.74577972E-3, 0.11923470E-3, 0.20120843E-3, 0.25200285E-3, 0.31967582E-2, 0.49285806E-3, 0.19884965E-4
0.23571271E-2, 0.64899185E-4, 0.74367080E-3, 0.11927180E-3, 0.19652888E-3, 0.24548444E-3, 0.31083149E-2, 0.47928546E-3, 0.19337323E-4
0.24009985E-2, 0.64899119E-4, 0.74365211E-3, 0.11937887E-3, 0.20134554E-3, 0.25091771E-3, 0.31725015E-2, 0.48924482E-3, 0.19739096E-4
0.29010442E-2, 0.64897671E-4, 0.74123067E-3, 0.11940487E-3, 0.20981309E-3, 0.26076246E-3, 0.32906912E-2, 0.50753512E-3, 0.20476984E-4
0.27982134E-2, 0.64895787E-4, 0.73806237E-3, 0.11940508E-3, 0.16563674E-3, 0.20528465E-3, 0.25852041E-2, 0.39876977E-3, 0.16088707E-4
0.27421641E-2, 0.64894542E-4, 0.73606166E-3, 0.11944364E-3, 0.18179123E-3, 0.22471933E-3, 0.28244997E-2, 0.43572328E-3, 0.17579592E-4
0.29908277E-2, 0.64892796E-4, 0.73317054E-3, 0.11945178E-3, 0.21980649E-3, 0.27096376E-3, 0.33988089E-2, 0.52437477E-3, 0.21156251E-4
0.29546754E-2, 0.64890664E-4, 0.72968955E-3, 0.11943942E-3, 0.15756342E-3, 0.19370098E-3, 0.24245894E-2, 0.37410672E-3, 0.15093554E-4
0.11375480E-2, 0.64889704E-4, 0.72812807E-3, 0.11949203E-3, 0.25523786E-3, 0.31307165E-3, 0.39131707E-2, 0.60384895E-3, 0.24362571E-4
0.10360116E-2, 0.64889311E-4, 0.72742021E-3, 0.11957464E-3, 0.30947433E-3, 0.37906592E-3, 0.47372407E-2, 0.73110784E-3, 0.29496792E-4
0.13565785E-2, 0.64888773E-4, 0.72654034E-3, 0.11965007E-3, 0.22763008E-3, 0.27839272E-3, 0.34778637E-2, 0.53681241E-3, 0.21657805E-4
0.18366263E-2, 0.64888431E-4, 0.72609069E-3, 0.11973872E-3, 0.24726021E-3, 0.30184200E-3, 0.37675777E-2, 0.58159005E-3, 0.23464301E-4
0.23322895E-2, 0.64888176E-4, 0.72585320E-3, 0.11983357E-3, 0.23599521E-3, 0.28748057E-3, 0.35840049E-2, 0.55330945E-3, 0.22323249E-4
0.26066953E-2, 0.64887012E-4, 0.72406814E-3, 0.11987603E-3, 0.23077564E-3, 0.28045665E-3, 0.34909935E-2, 0.53900090E-3, 0.21745913E-4
0.27801374E-2, 0.64885287E-4, 0.72132092E-3, 0.11988569E-3, 0.23282341E-3, 0.28225637E-3, 0.35075170E-2, 0.54159999E-3, 0.21850707E-4
0.22957807E-2, 0.64883308E-4, 0.71812258E-3, 0.11987959E-3, 0.21901148E-3, 0.26484451E-3, 0.32852376E-2, 0.50731871E-3, 0.20467576E-4
0.18524185E-2, 0.64882275E-4, 0.71655755E-3, 0.11992822E-3, 0.23509124E-3, 0.28378400E-3, 0.35170389E-2, 0.54315571E-3, 0.21913342E-4
0.25650659E-2, 0.64881329E-4, 0.71523746E-3, 0.11998404E-3, 0.21113909E-3, 0.25431652E-3, 0.31474242E-2, 0.48610888E-3, 0.19611758E-4
0.29406785E-2, 0.64879307E-4, 0.71202987E-3, 0.11997596E-3, 0.19863719E-3, 0.23866369E-3, 0.29481666E-2, 0.45536220E-3, 0.18371253E-4
0.30361323E-2, 0.64876789E-4, 0.70801278E-3, 0.11993992E-3, 0.20418203E-3, 0.24469706E-3, 0.30165962E-2, 0.46595733E-3, 0.18798650E-4
0.30634641E-2, 0.64874184E-4, 0.70383446E-3, 0.11989750E-3, 0.21448334E-3, 0.25638533E-3, 0.31543358E-2, 0.48725857E-3, 0.19657973E-4
0.30801729E-2, 0.64871492E-4, 0.69957884E-3, 0.11985145E-3, 0.21110680E-3, 0.25171172E-3, 0.30906987E-2, 0.47745122E-3, 0.19262246E-4
0.10433263E-2, 0.64869833E-4, 0.69700065E-3, 0.11986251E-3, 0.24858929E-3, 0.29579113E-3, 0.36272279E-2, 0.56036050E-3, 0.22607057E-4
0.82249544E-3, 0.64869826E-4, 0.69635932E-3, 0.11995061E-3, 0.50309958E-3, 0.59798639E-3, 0.73358663E-2, 0.11333778E-2, 0.45724501E-4
0.82163780E-3, 0.64869593E-4, 0.69464633E-3, 0.12001157E-3, 0.50428446E-3, 0.59881277E-3, 0.73529002E-2, 0.11361183E-2, 0.45834760E-4
0.82082616E-3, 0.64869622E-4, 0.69326774E-3, 0.12008518E-3, 0.60620636E-3, 0.71914634E-3, 0.88402759E-2, 0.13660801E-2, 0.55111748E-4
0.82001218E-3, 0.64869651E-4, 0.69201493E-3, 0.12016060E-3, 0.44757046E-3, 0.53043797E-3, 0.65272027E-2, 0.10087452E-2, 0.40695486E-4
0.81916538E-3, 0.64869469E-4, 0.69059141E-3, 0.12022757E-3, 0.38349212E-3, 0.45400168E-3, 0.55896495E-2, 0.86391892E-3, 0.34852615E-4
0.81835978E-3, 0.64869513E-4, 0.68927818E-3, 0.12030207E-3, 0.54439955E-3, 0.64383663E-3, 0.79327263E-2, 0.12261614E-2, 0.49466064E-4
0.81757817E-3, 0.64869710E-4, 0.68814075E-3, 0.12038297E-3, 0.47508479E-3, 0.56132209E-3, 0.69227531E-2, 0.10701503E-2, 0.43171924E-4
0.81679871E-3, 0.64869899E-4, 0.68702525E-3, 0.12046425E-3, 0.47182888E-3, 0.55690442E-3, 0.68736011E-2, 0.10626427E-2, 0.42868789E-4
0.81598776E-3, 0.64869899E-4, 0.68572845E-3, 0.12053706E-3, 0.41392728E-3, 0.48805444E-3, 0.60277954E-2, 0.93195663E-3, 0.37596481E-4
0.81518054E-3, 0.64869899E-4, 0.68457902E-3, 0.12061289E-3, 0.43304102E-3, 0.51005202E-3, 0.63030589E-2, 0.97458705E-3, 0.39316012E-4
0.81439357E-3, 0.64870030E-4, 0.68380899E-3, 0.12069885E-3, 0.48320059E-3, 0.56854996E-3, 0.70309532E-2, 0.10872199E-2, 0.43859469E-4
0.81358122E-3, 0.64869986E-4, 0.68309653E-3, 0.12078208E-3, 0.46319325E-3, 0.54447236E-3, 0.67386390E-2, 0.10421027E-2, 0.42039093E-4
0.81271556E-3, 0.64869615E-4, 0.68207760E-3, 0.12085127E-3, 0.28715204E-3, 0.33718927E-3, 0.41750190E-2, 0.64569060E-3, 0.26047428E-4
0.81181945E-3, 0.64869047E-4, 0.68080699E-3, 0.12091066E-3, 0.23805714E-3, 0.27920195E-3, 0.34566179E-2, 0.53460861E-3, 0.21566239E-4
0.81091432E-3, 0.64868422E-4, 0.67945546E-3, 0.12096675E-3, 0.23406124E-3, 0.27418835E-3, 0.33938591E-2, 0.52492099E-3, 0.21175360E-4
0.81003597E-3, 0.64867963E-4, 0.67839236E-3, 0.12103197E-3, 0.29605543E-3, 0.34640072E-3, 0.42872373E-2, 0.66312304E-3, 0.26750324E-4
0.80918957E-3, 0.64867672E-4, 0.67770854E-3, 0.12110889E-3, 0.28673615E-3, 0.33511125E-3, 0.41475971E-2, 0.64154982E-3, 0.25879950E-4
0.80833538E-3, 0.64867330E-4, 0.67706144E-3, 0.12118511E-3, 0.29020314E-3, 0.33877953E-3, 0.41931034E-2, 0.64861309E-3, 0.26164777E-4
0.80747629E-3, 0.64866952E-4, 0.67645940E-3, 0.12126120E-3, 0.26471753E-3, 0.30867741E-3, 0.38204805E-2, 0.59099379E-3, 0.23840337E-4
0.80659817E-3, 0.64866450E-4, 0.67566434E-3, 0.12133040E-3, 0.26504532E-3, 0.30869982E-3, 0.38204251E-2, 0.59100339E-3, 0.23840623E-4
0.80572988E-3, 0.64865984E-4, 0.67487557E-3, 0.12140071E-3, 0.28725184E-3, 0.33418887E-3, 0.41358019E-2, 0.63980988E-3, 0.25809341E-4
0.80484158E-3, 0.64865395E-4, 0.67395606E-3, 0.12146519E-3, 0.21218904E-3, 0.24657865E-3, 0.30512046E-2, 0.47203459E-3, 0.19041358E-4
0.80393767E-3, 0.64864696E-4, 0.67289267E-3, 0.12152420E-3, 0.22826961E-3, 0.26495408E-3, 0.32777272E-2, 0.50708925E-3, 0.20455347E-4
0.80305635E-3, 0.64864143E-4, 0.67204994E-3, 0.12159043E-3, 0.24443574E-3, 0.28338766E-3, 0.35050691E-2, 0.54227159E-3, 0.21874472E-4
0.80217986E-3, 0.64863591E-4, 0.67128084E-3, 0.12165841E-3, 0.23288769E-3, 0.26968980E-3, 0.33350654E-2, 0.51597966E-3, 0.20813819E-4
0.80144091E-3, 0.64863001E-4, 0.67051261E-3, 0.12172545E-3, 0.24062820E-3, 0.27833506E-3, 0.34413477E-2, 0.53243188E-3, 0.21477390E-4
0.80378324E-3, 0.64862354E-4, 0.66969934E-3, 0.12178993E-3, 0.27047633E-3, 0.31250494E-3, 0.38633812E-2, 0.59773627E-3, 0.24111561E-4
0.82455698E-3, 0.64861757E-4, 0.66901097E-3, 0.12185764E-3, 0.25130241E-3, 0.29002613E-3, 0.35851900E-2, 0.55470271E-3, 0.22375583E-4
0.88009454E-3, 0.64861117E-4, 0.66832721E-3, 0.12192440E-3, 0.25526280E-3, 0.29425701E-3, 0.36369332E-2, 0.56271476E-3, 0.22698694E-4
0.99844066E-3, 0.64860316E-4, 0.66743913E-3, 0.12198322E-3, 0.21702818E-3, 0.24988077E-3, 0.30876016E-2, 0.47772506E-3, 0.19270330E-4
0.81244513E-3, 0.64859458E-4, 0.66640583E-3, 0.12203724E-3, 0.16357665E-3, 0.18810033E-3, 0.23230799E-2, 0.35943734E-3, 0.14498833E-4
0.83042384E-3, 0.64858425E-4, 0.66504057E-3, 0.12208034E-3, 0.15309922E-3, 0.17584460E-3, 0.21706230E-2, 0.33584953E-3, 0.13547323E-4
0.88970945E-3, 0.64857486E-4, 0.66389516E-3, 0.12212990E-3, 0.16122953E-3, 0.18495957E-3, 0.22818879E-2, 0.35306570E-3, 0.14241743E-4
0.98650390E-3, 0.64856496E-4, 0.66274527E-3, 0.12217845E-3, 0.15190331E-3, 0.17404079E-3, 0.21458433E-2, 0.33201592E-3, 0.13392615E-4
0.11153475E-2, 0.64855500E-4, 0.66161016E-3, 0.12222661E-3, 0.15302608E-3, 0.17509768E-3, 0.21573259E-2, 0.33379198E-3, 0.13464222E-4
0.12576993E-2, 0.64854976E-4, 0.66133856E-3, 0.12230326E-3, 0.15165230E-3, 0.17328764E-3, 0.21332770E-2, 0.33006968E-3, 0.13314045E-4
0.14097050E-2, 0.64854743E-4, 0.66157524E-3, 0.12239657E-3, 0.14867570E-3, 0.16964106E-3, 0.20864285E-2, 0.32281931E-3, 0.13021552E-4
0.15455519E-2, 0.64854867E-4, 0.66245010E-3, 0.12251100E-3, 0.12900762E-3, 0.14697739E-3, 0.18057370E-2, 0.27938792E-3, 0.11269633E-4
0.16494954E-2, 0.64855049E-4, 0.66345447E-3, 0.12262972E-3, 0.12121219E-3, 0.13787531E-3, 0.16917938E-2, 0.26175613E-3, 0.10558401E-4
0.17404337E-2, 0.64855238E-4, 0.66444546E-3, 0.12274794E-3, 0.12286777E-3, 0.13953303E-3, 0.17099038E-2, 0.26455554E-3, 0.10671299E-4
0.18220439E-2, 0.64855238E-4, 0.66512014E-3, 0.12285559E-3, 0.12746311E-3, 0.14450938E-3, 0.17684400E-2, 0.27360895E-3, 0.11036459E-4
0.18959895E-2, 0.64855070E-4, 0.66550536E-3, 0.12295345E-3, 0.12565459E-3, 0.14221948E-3, 0.17379718E-2, 0.26889125E-3, 0.10846136E-4
0.19604813E-2, 0.64854830E-4, 0.66578382E-3, 0.12304769E-3, 0.14010535E-3, 0.15830150E-3, 0.19316826E-2, 0.29885623E-3, 0.12054796E-4
0.20203185E-2, 0.64854503E-4, 0.66591013E-3, 0.12313674E-3, 0.13122117E-3, 0.14800651E-3, 0.18034012E-2, 0.27900399E-3, 0.11254000E-4
0.10655416E-2, 0.64854103E-4, 0.66583458E-3, 0.12321970E-3, 0.11153857E-3, 0.12561040E-3, 0.15286088E-2, 0.23648633E-3, 0.95389723E-5
0.10446771E-2, 0.64853171E-4, 0.66480477E-3, 0.12327156E-3, 0.99670018E-4, 0.11210423E-3, 0.13630887E-2, 0.21087540E-3, 0.85059073E-5
0.12048088E-2, 0.64852371E-4, 0.66398515E-3, 0.12332985E-3, 0.12350280E-3, 0.13872638E-3, 0.16852114E-2, 0.26070376E-3, 0.10515775E-4
0.14444101E-2, 0.64852211E-4, 0.66435558E-3, 0.12342750E-3, 0.12950198E-3, 0.14526398E-3, 0.17628693E-2, 0.27271081E-3, 0.11000065E-4
0.17063828E-2, 0.64852487E-4, 0.66549849E-3, 0.12355062E-3, 0.12166352E-3, 0.13626413E-3, 0.16516527E-2, 0.25549912E-3, 0.10305796E-4
0.19321229E-2, 0.64852356E-4, 0.66596182E-3, 0.12365069E-3, 0.11412040E-3, 0.12760735E-3, 0.15445328E-2, 0.23892200E-3, 0.96371250E-5
0.20969415E-2, 0.64851607E-4, 0.66537119E-3, 0.12371529E-3, 0.11852799E-3, 0.13230876E-3, 0.15989369E-2, 0.24733072E-3, 0.99762801E-5
0.22044897E-2, 0.64850501E-4, 0.66415628E-3, 0.12375860E-3, 0.12538959E-3, 0.13972199E-3, 0.16857724E-2, 0.26075458E-3, 0.10517723E-4
0.22663034E-2, 0.64849199E-4, 0.66259736E-3, 0.12379001E-3, 0.10839485E-3, 0.12057086E-3, 0.14522654E-2, 0.22462857E-3, 0.90605363E-5
0.22965863E-2, 0.64847613E-4, 0.66055596E-3, 0.12380493E-3, 0.97675591E-4, 0.10844822E-3, 0.13038681E-2, 0.20166920E-3, 0.81344424E-5
0.23178516E-2, 0.64845794E-4, 0.65811793E-3, 0.12380595E-3, 0.93099115E-4, 0.10317918E-3, 0.12382325E-2, 0.19151154E-3, 0.77247223E-5
0.23368385E-2, 0.64843873E-4, 0.65553986E-3, 0.12380167E-3, 0.93904142E-4, 0.10388278E-3, 0.12443593E-2, 0.19245317E-3, 0.77626937E-5
0.23547434E-2, 0.64841930E-4, 0.65295619E-3, 0.12379652E-3, 0.95723335E-4, 0.10570307E-3, 0.12637957E-2, 0.19545265E-3, 0.78836729E-5
0.23699768E-2, 0.64839995E-4, 0.65039657E-3, 0.12379151E-3, 0.97644683E-4, 0.10763197E-3, 0.12844832E-2, 0.19864505E-3, 0.80124300E-5
0.23813222E-2, 0.64838037E-4, 0.64782618E-3, 0.12378553E-3, 0.98350611E-4, 0.10821583E-3, 0.12890521E-2, 0.19934402E-3, 0.80406162E-5
0.23909668E-2, 0.64836066E-4, 0.64524316E-3, 0.12377842E-3, 0.89990834E-4, 0.98840763E-4, 0.11751723E-2, 0.18172630E-3, 0.73299893E-5
0.24009072E-2, 0.64834203E-4, 0.64288097E-3, 0.12377801E-3, 0.12000919E-3, 0.13158009E-3, 0.15615905E-2, 0.24147073E-3, 0.97397824E-5
0.24094721E-2, 0.64832377E-4, 0.64056384E-3, 0.12377849E-3, 0.10098705E-3, 0.11052975E-3, 0.13094023E-2, 0.20246477E-3, 0.81664521E-5
0.24169078E-2, 0.64830463E-4, 0.63815288E-3, 0.12377529E-3, 0.11049425E-3, 0.12072316E-3, 0.14275349E-2, 0.22072041E-3, 0.89027835E-5
0.24252778E-2, 0.64828535E-4, 0.63571881E-3, 0.12377066E-3, 0.11710631E-3, 0.12772733E-3, 0.15076795E-2, 0.23309977E-3, 0.94020852E-5
0.24319459E-2, 0.64826578E-4, 0.63324941E-3, 0.12376421E-3, 0.11380093E-3, 0.12390746E-3, 0.14599691E-2, 0.22571080E-3, 0.91040292E-5
0.24360344E-2, 0.64824497E-4, 0.63060265E-3, 0.12375129E-3, 0.10189417E-3, 0.11075228E-3, 0.13025937E-2, 0.20136969E-3, 0.81222179E-5
0.24400761E-2, 0.64822336E-4, 0.62778918E-3, 0.12373207E-3, 0.10689632E-3, 0.11599008E-3, 0.13616959E-2, 0.21049505E-3, 0.84902731E-5
0.21159858E-2, 0.64820699E-4, 0.62594580E-3, 0.12374454E-3, 0.10807036E-3, 0.11707486E-3, 0.13721264E-2, 0.21209523E-3, 0.85548018E-5
0.19378896E-2, 0.64820430E-4, 0.62653760E-3, 0.12383798E-3, 0.12199381E-3, 0.13196209E-3, 0.15443749E-2, 0.23870543E-3, 0.96280955E-5
0.20887977E-2, 0.64820168E-4, 0.62715064E-3, 0.12393217E-3, 0.11578346E-3, 0.12505916E-3, 0.14615002E-2, 0.22588088E-3, 0.91108022E-5
0.22761186E-2, 0.64818800E-4, 0.62580209E-3, 0.12396091E-3, 0.95053474E-4, 0.10250502E-3, 0.11959383E-2, 0.18482596E-3, 0.74548580E-5
0.24010732E-2, 0.64816661E-4, 0.62310172E-3, 0.12394410E-3, 0.77926132E-4, 0.83898682E-4, 0.97709661E-3, 0.15099724E-3, 0.60903876E-5
0.18399708E-2, 0.64814405E-4, 0.62022026E-3, 0.12392072E-3, 0.81196755E-4, 0.87274886E-4, 0.10145106E-2, 0.15677157E-3, 0.63232815E-5
0.67808048E-3, 0.64813430E-4, 0.61922939E-3, 0.12396477E-3, 0.19471938E-3, 0.20907761E-3, 0.24287621E-2, 0.37528342E-3, 0.15136777E-4
0.67705201E-3, 0.64812361E-4, 0.61778841E-3, 0.12399748E-3, 0.26047064E-3, 0.27945093E-3, 0.32462699E-2, 0.50153118E-3, 0.20228796E-4
0.67629002E-3, 0.64811225E-4, 0.61619200E-3, 0.12402530E-3, 0.22809904E-3, 0.24452349E-3, 0.28407462E-2, 0.43881251E-3, 0.17699016E-4
0.67553832E-3, 0.64810156E-4, 0.61473169E-3, 0.12405681E-3, 0.26421878E-3, 0.28301182E-3, 0.32880651E-2, 0.50783198E-3, 0.20482741E-4
0.67478855E-3, 0.64809094E-4, 0.61335496E-3, 0.12408981E-3, 0.22781483E-3, 0.24382197E-3, 0.28329762E-2, 0.43747641E-3, 0.17644954E-4
0.67400991E-3, 0.64807857E-4, 0.61176758E-3, 0.12411411E-3, 0.16371171E-3, 0.17506858E-3, 0.20338574E-2, 0.31403467E-3, 0.12666063E-4
0.67321089E-3, 0.64806467E-4, 0.60997723E-3, 0.12413107E-3, 0.14435685E-3, 0.15423707E-3, 0.17912644E-2, 0.27654995E-3, 0.11154148E-4
0.67242415E-3, 0.64805143E-4, 0.60823874E-3, 0.12415033E-3, 0.17450641E-3, 0.18629007E-3, 0.21628649E-2, 0.33388610E-3, 0.13466657E-4
0.67167945E-3, 0.64804080E-4, 0.60685480E-3, 0.12418212E-3, 0.20531533E-3, 0.21899753E-3, 0.25421851E-2, 0.39239391E-3, 0.15826397E-4
0.67095156E-3, 0.64803105E-4, 0.60566369E-3, 0.12421969E-3, 0.23579266E-3, 0.25130066E-3, 0.29170432E-2, 0.45018923E-3, 0.18157372E-4
0.67023275E-3, 0.64802181E-4, 0.60461293E-3, 0.12426102E-3, 0.22572908E-3, 0.24038495E-3, 0.27904052E-2, 0.43057924E-3, 0.17366363E-4
0.66950137E-3, 0.64801177E-4, 0.60350855E-3, 0.12429913E-3, 0.19542607E-3, 0.20794442E-3, 0.24136491E-2, 0.37239052E-3, 0.15019398E-4
0.66876767E-3, 0.64800137E-4, 0.60242543E-3, 0.12433699E-3, 0.21517013E-3, 0.22876798E-3, 0.26551019E-2, 0.40958685E-3, 0.16519543E-4
0.66802668E-3, 0.64799031E-4, 0.60131866E-3, 0.12437301E-3, 0.19839045E-3, 0.21075788E-3, 0.24458743E-2, 0.37725738E-3, 0.15215566E-4
0.66728226E-3, 0.64797910E-4, 0.60021243E-3, 0.12440819E-3, 0.19480157E-3, 0.20677707E-3, 0.23993657E-2, 0.37003402E-3, 0.14924177E-4
0.66656072E-3, 0.64796826E-4, 0.59920881E-3, 0.12444617E-3, 0.22526133E-3, 0.23892141E-3, 0.27721934E-2, 0.42747078E-3, 0.17240634E-4
0.66610216E-3, 0.64795764E-4, 0.59827167E-3, 0.12448577E-3, 0.20576762E-3, 0.21807308E-3, 0.25301944E-2, 0.39009642E-3, 0.15733194E-4
0.66668849E-3, 0.64794629E-4, 0.59723883E-3, 0.12452135E-3, 0.18487910E-3, 0.19577844E-3, 0.22712348E-2, 0.35012330E-3, 0.14120960E-4
0.67026890E-3, 0.64793421E-4, 0.59612689E-3, 0.12455357E-3, 0.16583339E-3, 0.17546557E-3, 0.20351296E-2, 0.31368784E-3, 0.12651422E-4
0.67644089E-3, 0.64792170E-4, 0.59497019E-3, 0.12458362E-3, 0.14527126E-3, 0.15358398E-3, 0.17808251E-2, 0.27445983E-3, 0.11069277E-4
0.68252051E-3, 0.64790765E-4, 0.59360702E-3, 0.12460603E-3, 0.13643167E-3, 0.14411700E-3, 0.16704231E-2, 0.25741878E-3, 0.10381968E-4
0.67131454E-3, 0.64789419E-4, 0.59234077E-3, 0.12463139E-3, 0.14610261E-3, 0.15420334E-3, 0.17866583E-2, 0.27530326E-3, 0.11103240E-4
0.67277061E-3, 0.64788110E-4, 0.59112255E-3, 0.12465818E-3, 0.11062577E-3, 0.11666205E-3, 0.13511337E-2, 0.20817445E-3, 0.83958503E-5
0.67967683E-3, 0.64786669E-4, 0.58969035E-3, 0.12467726E-3, 0.12237426E-3, 0.12894264E-3, 0.14926543E-2, 0.22995948E-3, 0.92744385E-5
0.68671058E-3, 0.64785185E-4, 0.58823836E-3, 0.12469503E-3, 0.11609414E-3, 0.12222266E-3, 0.14142082E-2, 0.21785480E-3, 0.87862290E-5
0.69441128E-3, 0.64783802E-4, 0.58694964E-3, 0.12471786E-3, 0.12716760E-3, 0.13376660E-3, 0.15470490E-2, 0.23829695E-3, 0.96106551E-5
0.70984644E-3, 0.64782522E-4, 0.58588583E-3, 0.12474786E-3, 0.14071568E-3, 0.14789451E-3, 0.17097376E-2, 0.26332989E-3, 0.10620222E-4
0.72580297E-3, 0.64781329E-4, 0.58496516E-3, 0.12478232E-3, 0.12668564E-3, 0.13303774E-3, 0.15373417E-2, 0.23675385E-3, 0.95483738E-5
0.73907804E-3, 0.64780186E-4, 0.58415078E-3, 0.12481996E-3, 0.11243055E-3, 0.11796717E-3, 0.13625121E-2, 0.20981046E-3, 0.84617186E-5
0.76821184E-3, 0.64779153E-4, 0.58355898E-3, 0.12486479E-3, 0.12514184E-3, 0.13119042E-3, 0.15144398E-2, 0.23318430E-3, 0.94043689E-5
0.82075503E-3, 0.64778345E-4, 0.58336346E-3, 0.12492255E-3, 0.13416012E-3, 0.14052312E-3, 0.16213679E-2, 0.24962347E-3, 0.10067338E-4
0.88834472E-3, 0.64777822E-4, 0.58367784E-3, 0.12499715E-3, 0.12915193E-3, 0.13515972E-3, 0.15586866E-2, 0.23994838E-3, 0.96771128E-5
0.93516667E-3, 0.64777341E-4, 0.58411772E-3, 0.12507573E-3, 0.13377274E-3, 0.13987090E-3, 0.16121238E-2, 0.24814883E-3, 0.10007813E-4
0.79731754E-3, 0.64776788E-4, 0.58440596E-3, 0.12514935E-3, 0.14521972E-3, 0.15170328E-3, 0.17475706E-2, 0.26896782E-3, 0.10847411E-4
0.65189519E-3, 0.64775842E-4, 0.58390648E-3, 0.12519807E-3, 0.18712274E-3, 0.19532484E-3, 0.22495084E-2, 0.34617510E-3, 0.13961115E-4
0.64996735E-3, 0.64774744E-4, 0.58304536E-3, 0.12523551E-3, 0.16289944E-3, 0.16990823E-3, 0.19564084E-2, 0.30102776E-3, 0.12140292E-4
0.64955594E-3, 0.64773601E-4, 0.58210932E-3, 0.12527006E-3, 0.17024332E-3, 0.17743239E-3, 0.20425923E-2, 0.31424654E-3, 0.12673349E-4
0.64952456E-3, 0.64772612E-4, 0.58145309E-3, 0.12531376E-3, 0.21574993E-3, 0.22469071E-3, 0.25863145E-2, 0.39783458E-3, 0.16044327E-4
0.65056852E-3, 0.64771702E-4, 0.58093562E-3, 0.12536182E-3, 0.17036095E-3, 0.17729095E-3, 0.20405406E-2, 0.31383222E-3, 0.12656528E-4
0.65281987E-3, 0.64770546E-4, 0.58004441E-3, 0.12539668E-3, 0.14646802E-3, 0.15231043E-3, 0.17525924E-2, 0.26951090E-3, 0.10869060E-4
0.65980694E-3, 0.64769250E-4, 0.57897536E-3, 0.12542488E-3, 0.11930681E-3, 0.12396624E-3, 0.14258870E-2, 0.21924642E-3, 0.88419274E-5
0.66848949E-3, 0.64767839E-4, 0.57774957E-3, 0.12544719E-3, 0.93662762E-4, 0.97243181E-4, 0.11179704E-2, 0.17188533E-3, 0.69319017E-5
0.64674194E-3, 0.64766529E-4, 0.57659921E-3, 0.12547239E-3, 0.11695404E-3, 0.12132448E-3, 0.13940909E-2, 0.21431931E-3, 0.86431874E-5
0.64407452E-3, 0.64765554E-4, 0.57553471E-3, 0.12550729E-3, 0.20838076E-3, 0.21600275E-3, 0.24813786E-2, 0.38142072E-3, 0.15382095E-4
0.64341415E-3, 0.64764688E-4, 0.57411718E-3, 0.12553755E-3, 0.23972327E-3, 0.24832203E-3, 0.28528397E-2, 0.43843605E-3, 0.17681343E-4
0.64278120E-3, 0.64763990E-4, 0.57281414E-3, 0.12557348E-3, 0.27483422E-3, 0.28449896E-3, 0.32690652E-2, 0.50229381E-3, 0.20256493E-4
0.64214075E-3, 0.64763241E-4, 0.57149166E-3, 0.12560766E-3, 0.26578602E-3, 0.27494712E-3, 0.31600720E-2, 0.48543492E-3, 0.19576486E-4
0.64151059E-3, 0.64762542E-4, 0.57029014E-3, 0.12564534E-3, 0.28853698E-3, 0.29828725E-3, 0.34293092E-2, 0.52666926E-3, 0.21239242E-4
0.64089021E-3, 0.64761873E-4, 0.56918501E-3, 0.12568594E-3, 0.29169631E-3, 0.30135649E-3, 0.34657540E-2, 0.53213403E-3, 0.21459489E-4
0.64027304E-3, 0.64761218E-4, 0.56801172E-3, 0.12572524E-3, 0.28725059E-3, 0.29657432E-3, 0.34119382E-2, 0.52374107E-3, 0.21120884E-4
0.63960807E-3, 0.64760286E-4, 0.56650408E-3, 0.12575083E-3, 0.24781257E-3, 0.25568664E-3, 0.29422534E-2, 0.45153897E-3, 0.18209086E-4
0.63894776E-3, 0.64759384E-4, 0.56504179E-3, 0.12577756E-3, 0.26944996E-3, 0.27782549E-3, 0.31976290E-2, 0.49062149E-3, 0.19785042E-4
0.63835277E-3, 0.64758860E-4, 0.56407345E-3, 0.12582293E-3, 0.36348589E-3, 0.37454770E-3, 0.43127285E-2, 0.66153525E-3, 0.26677208E-4
0.63781126E-3, 0.64758657E-4, 0.56355400E-3, 0.12588446E-3, 0.39590814E-3, 0.40772598E-3, 0.46982635E-2, 0.72043709E-3, 0.29052251E-4
0.63722779E-3, 0.64758169E-4, 0.56279014E-3, 0.12593502E-3, 0.28011878E-3, 0.28830726E-3, 0.33240775E-2, 0.50956773E-3, 0.20548616E-4
0.63662510E-3, 0.64757573E-4, 0.56185696E-3, 0.12597915E-3, 0.39823991E-3, 0.40962550E-3, 0.47252551E-2, 0.72415359E-3, 0.29201694E-4
0.63608569E-3, 0.64757362E-4, 0.56146848E-3, 0.12604274E-3, 0.40796274E-3, 0.41939487E-3, 0.48420345E-2, 0.74179209E-3, 0.29912699E-4
0.63553022E-3, 0.64757020E-4, 0.56107610E-3, 0.12610380E-3, 0.32967658E-3, 0.33872263E-3, 0.39134356E-2, 0.59933978E-3, 0.24168123E-4
0.63493621E-3, 0.64756459E-4, 0.56039885E-3, 0.12615358E-3, 0.32342382E-3, 0.33209639E-3, 0.38387999E-2, 0.58774377E-3, 0.23700341E-4
0.63433946E-3, 0.64755885E-4, 0.55953773E-3, 0.12619895E-3, 0.33953215E-3, 0.34843138E-3, 0.40297788E-2, 0.61680755E-3, 0.24872139E-4
0.63371623E-3, 0.64755150E-4, 0.55841549E-3, 0.12623504E-3, 0.24868670E-3, 0.25504493E-3, 0.29507927E-2, 0.45154014E-3, 0.18207769E-4
0.63300505E-3, 0.64753876E-4, 0.55656681E-3, 0.12624398E-3, 0.20128720E-3, 0.20629531E-3, 0.23869190E-2, 0.36518287E-3, 0.14725449E-4
0.11866264E-2, 0.64752101E-4, 0.55414136E-3, 0.12622938E-3, 0.19757249E-3, 0.20231832E-3, 0.23400714E-2, 0.35795328E-3, 0.14433868E-4
0.63058164E-3, 0.64750820E-4, 0.55231532E-3, 0.12623795E-3, 0.21592365E-3, 0.22095059E-3, 0.25552874E-2, 0.39080344E-3, 0.15758429E-4
0.62995462E-3, 0.64750027E-4, 0.55107102E-3, 0.12626905E-3, 0.30211953E-3, 0.30895023E-3, 0.35736340E-2, 0.54642593E-3, 0.22033490E-4
0.62935724E-3, 0.64749387E-4, 0.55008591E-3, 0.12630915E-3, 0.30174182E-3, 0.30837726E-3, 0.35684439E-2, 0.54548739E-3, 0.21995502E-4
0.62878907E-3, 0.64748914E-4, 0.54940028E-3, 0.12635901E-3, 0.33532284E-3, 0.34249187E-3, 0.39650314E-2, 0.60594286E-3, 0.24433055E-4
0.62823779E-3, 0.64748543E-4, 0.54898910E-3, 0.12641652E-3, 0.35438710E-3, 0.36175575E-3, 0.41904990E-2, 0.64020546E-3, 0.25814412E-4
0.62770821E-3, 0.64748281E-4, 0.54893614E-3, 0.12648401E-3, 0.37434039E-3, 0.38191219E-3, 0.44269804E-2, 0.67611824E-3, 0.27262262E-4
0.62719069E-3, 0.64748099E-4, 0.54917304E-3, 0.12655887E-3, 0.36686345E-3, 0.37408096E-3, 0.43393252E-2, 0.66251459E-3, 0.26713511E-4
0.62667241E-3, 0.64747903E-4, 0.54954091E-3, 0.12663611E-3, 0.32792732E-3, 0.33418954E-3, 0.38789483E-2, 0.59204403E-3, 0.23871862E-4
0.62614575E-3, 0.64747641E-4, 0.54994028E-3, 0.12671271E-3, 0.35662012E-3, 0.36321837E-3, 0.42182356E-2, 0.64363744E-3, 0.25951957E-4
0.62561460E-3, 0.64747364E-4, 0.55040244E-3, 0.12678988E-3, 0.32090364E-3, 0.32665749E-3, 0.37958401E-2, 0.57901337E-3, 0.23346085E-4
0.62507234E-3, 0.64747008E-4, 0.55086683E-3, 0.12686540E-3, 0.32003765E-3, 0.32558260E-3, 0.37851152E-2, 0.57721563E-3, 0.23273433E-4
0.62461291E-3, 0.64746615E-4, 0.55135018E-3, 0.12694027E-3, 0.29961448E-3, 0.30462415E-3, 0.35429974E-2, 0.54014585E-3, 0.21778629E-4
0.62511704E-3, 0.64746077E-4, 0.55168866E-3, 0.12700917E-3, 0.25551944E-3, 0.25963440E-3, 0.30206579E-2, 0.46039969E-3, 0.18563160E-4
0.62356843E-3, 0.64745516E-4, 0.55191776E-3, 0.12707499E-3, 0.28785784E-3, 0.29231256E-3, 0.34017314E-2, 0.51835802E-3, 0.20899894E-4
0.62284322E-3, 0.64744774E-4, 0.55181223E-3, 0.12712987E-3, 0.22676663E-3, 0.23012876E-3, 0.26785892E-2, 0.40807217E-3, 0.16453136E-4
0.62649488E-3, 0.64743828E-4, 0.55147120E-3, 0.12717528E-3, 0.21398038E-3, 0.21701018E-3, 0.25259778E-2, 0.38474740E-3, 0.15512625E-4
0.65043400E-3, 0.64742948E-4, 0.55129838E-3, 0.12722533E-3, 0.20677742E-3, 0.20956888E-3, 0.24393690E-2, 0.37148580E-3, 0.14977865E-4
0.72126003E-3, 0.64742053E-4, 0.55116508E-3, 0.12727579E-3, 0.20634216E-3, 0.20898775E-3, 0.24324860E-2, 0.37036935E-3, 0.14932774E-4
0.84569800E-3, 0.64741158E-4, 0.55110583E-3, 0.12732793E-3, 0.20597910E-3, 0.20846957E-3, 0.24260990E-2, 0.36932889E-3, 0.14890755E-4
0.96132973E-3, 0.64740496E-4, 0.55151188E-3, 0.12739506E-3, 0.21443798E-3, 0.21686855E-3, 0.25233347E-2, 0.38405860E-3, 0.15484557E-4
0.10676119E-2, 0.64740278E-4, 0.55269460E-3, 0.12748799E-3, 0.22427455E-3, 0.22664055E-3, 0.26364166E-2, 0.40119069E-3, 0.16175209E-4
0.11861826E-2, 0.64740321E-4, 0.55434747E-3, 0.12759662E-3, 0.20348656E-3, 0.20546520E-3, 0.23892913E-2, 0.36351423E-3, 0.14656094E-4
0.12596748E-2, 0.64740423E-4, 0.55608957E-3, 0.12770826E-3, 0.17116610E-3, 0.17268250E-3, 0.20070574E-2, 0.30530753E-3, 0.12309270E-4
0.13175798E-2, 0.64740379E-4, 0.55763777E-3, 0.12781365E-3, 0.18470713E-3, 0.18617624E-3, 0.21625671E-2, 0.32890949E-3, 0.13260795E-4
0.13778928E-2, 0.64740583E-4, 0.55959326E-3, 0.12793278E-3, 0.19089883E-3, 0.19224075E-3, 0.22316196E-2, 0.33935305E-3, 0.13681787E-4
0.14418232E-2, 0.64740845E-4, 0.56164956E-3, 0.12805557E-3, 0.21180848E-3, 0.21310145E-3, 0.24723129E-2, 0.37588403E-3, 0.15154542E-4
0.10392807E-2, 0.64740823E-4, 0.56318066E-3, 0.12816150E-3, 0.19246311E-3, 0.19345910E-3, 0.22431302E-2, 0.34097480E-3, 0.13747039E-4
0.62207849E-3, 0.64740067E-4, 0.56320475E-3, 0.12821976E-3, 0.24007814E-3, 0.24116525E-3, 0.27962585E-2, 0.42496852E-3, 0.17133319E-4
0.61482139E-3, 0.64739223E-4, 0.56305918E-3, 0.12827296E-3, 0.28531943E-3, 0.28643219E-3, 0.33218083E-2, 0.50471566E-3, 0.20348327E-4
0.60620019E-3, 0.64738299E-4, 0.56262949E-3, 0.12831780E-3, 0.20705613E-3, 0.20773261E-3, 0.24094863E-2, 0.36601140E-3, 0.14756187E-4
0.60559768E-3, 0.64737396E-4, 0.56195847E-3, 0.12835841E-3, 0.27208342E-3, 0.27280345E-3, 0.31646639E-2, 0.48061745E-3, 0.19376563E-4
0.60502376E-3, 0.64736661E-4, 0.56102208E-3, 0.12839719E-3, 0.46054911E-3, 0.46152499E-3, 0.53576096E-2, 0.81338017E-3, 0.32791944E-4
0.60448435E-3, 0.64736101E-4, 0.56004553E-3, 0.12843966E-3, 0.70972193E-3, 0.71096077E-3, 0.82667517E-2, 0.12543530E-2, 0.50569364E-4
0.60397416E-3, 0.64735723E-4, 0.55938668E-3, 0.12849232E-3, 0.48959540E-3, 0.49027189E-3, 0.57106381E-2, 0.86600956E-3, 0.34912777E-4
0.60341571E-3, 0.64735053E-4, 0.55839168E-3, 0.12853128E-3, 0.37408955E-3, 0.37442360E-3, 0.43655410E-2, 0.66175906E-3, 0.26678239E-4
0.60282706E-3, 0.64734202E-4, 0.55706542E-3, 0.12855903E-3, 0.41832004E-3, 0.41848273E-3, 0.48832539E-2, 0.73996431E-3, 0.29830737E-4
0.60229306E-3, 0.64733664E-4, 0.55613823E-3, 0.12860201E-3, 0.53501059E-3, 0.53497258E-3, 0.62497626E-2, 0.94661553E-3, 0.38161201E-4
0.60179189E-3, 0.64733307E-4, 0.55550609E-3, 0.12865519E-3, 0.66042441E-3, 0.66013302E-3, 0.77249482E-2, 0.11694105E-2, 0.47142159E-4
0.60128508E-3, 0.64732907E-4, 0.55491994E-3, 0.12870833E-3, 0.44984222E-3, 0.44947307E-3, 0.52679661E-2, 0.79705880E-3, 0.32131225E-4
0.60071400E-3, 0.64732136E-4, 0.55389991E-3, 0.12874356E-3, 0.33425976E-3, 0.33381363E-3, 0.39155213E-2, 0.59221563E-3, 0.23873323E-4
0.60014095E-3, 0.64731335E-4, 0.55289007E-3, 0.12877837E-3, 0.46592005E-3, 0.46506175E-3, 0.54593957E-2, 0.82542590E-3, 0.33274140E-4
0.59960008E-3, 0.64730724E-4, 0.55230351E-3, 0.12882584E-3, 0.45373995E-3, 0.45269509E-3, 0.53200084E-2, 0.80401392E-3, 0.32410648E-4
0.59906032E-3, 0.64730120E-4, 0.55193901E-3, 0.12887773E-3, 0.43950882E-3, 0.43829260E-3, 0.51560872E-2, 0.77892351E-3, 0.31398900E-4
0.59853459E-3, 0.64729596E-4, 0.55186567E-3, 0.12893722E-3, 0.43164025E-3, 0.43024283E-3, 0.50663985E-2, 0.76507125E-3, 0.30840201E-4
0.59800979E-3, 0.64729080E-4, 0.55194215E-3, 0.12899970E-3, 0.41969732E-3, 0.41814169E-3, 0.49285968E-2, 0.74397511E-3, 0.29989504E-4
0.59746450E-3, 0.64728418E-4, 0.55194134E-3, 0.12905753E-3, 0.37113857E-3, 0.36957659E-3, 0.43596635E-2, 0.65785920E-3, 0.26517939E-4
0.59909699E-3, 0.64727603E-4, 0.55179407E-3, 0.12910862E-3, 0.35081070E-3, 0.34915138E-3, 0.41214232E-2, 0.62170695E-3, 0.25060455E-4
0.61901391E-3, 0.64726657E-4, 0.55153243E-3, 0.12915446E-3, 0.33268266E-3, 0.33092950E-3, 0.39085303E-2, 0.58941043E-3, 0.23758428E-4
0.67592401E-3, 0.64725711E-4, 0.55132009E-3, 0.12920097E-3, 0.26523398E-3, 0.26368629E-3, 0.31155066E-2, 0.46969359E-3, 0.18932657E-4
0.77729515E-3, 0.64724627E-4, 0.55094116E-3, 0.12924103E-3, 0.25414830E-3, 0.25250716E-3, 0.29838127E-2, 0.44973372E-3, 0.18127996E-4
0.88526955E-3, 0.64723608E-4, 0.55072038E-3, 0.12928572E-3, 0.24348295E-3, 0.24174848E-3, 0.28566893E-2, 0.43047548E-3, 0.17351631E-4
0.99306775E-3, 0.64722852E-4, 0.55098528E-3, 0.12934628E-3, 0.28953076E-3, 0.28726590E-3, 0.33944838E-2, 0.51139342E-3, 0.20613150E-4
0.11142470E-2, 0.64722524E-4, 0.55201357E-3, 0.12943216E-3, 0.24173966E-3, 0.23967946E-3, 0.28320574E-2, 0.42655706E-3, 0.17193481E-4
0.11520364E-2, 0.64722124E-4, 0.55295177E-3, 0.12951499E-3, 0.17314743E-3, 0.17153643E-3, 0.20261018E-2, 0.30510745E-3, 0.12298081E-4
0.91762427E-3, 0.64721193E-4, 0.55290223E-3, 0.12956512E-3, 0.14495131E-3, 0.14348813E-3, 0.16938968E-2, 0.25504371E-3, 0.10280104E-4
0.76976267E-3, 0.64719730E-4, 0.55191346E-3, 0.12958418E-3, 0.14206009E-3, 0.14051906E-3, 0.16580157E-2, 0.24960801E-3, 0.10060972E-4
0.59320696E-3, 0.64718413E-4, 0.55103953E-3, 0.12960816E-3, 0.16624399E-3, 0.16433181E-3, 0.19384571E-2, 0.29178557E-3, 0.11760984E-4
0.58690278E-3, 0.64717176E-4, 0.55024750E-3, 0.12963580E-3, 0.21162412E-3, 0.20906102E-3, 0.24658833E-2, 0.37111077E-3, 0.14958279E-4
0.60318888E-3, 0.64716092E-4, 0.54974511E-3, 0.12967277E-3, 0.31180965E-3, 0.30785435E-3, 0.36319136E-2, 0.54646377E-3, 0.22026068E-4
0.65082859E-3, 0.64715125E-4, 0.54952095E-3, 0.12971814E-3, 0.27191461E-3, 0.26831534E-3, 0.31665580E-2, 0.47631445E-3, 0.19198453E-4
0.70138142E-3, 0.64714150E-4, 0.54934918E-3, 0.12976449E-3, 0.28552354E-3, 0.28157746E-3, 0.33238535E-2, 0.49984426E-3, 0.20146714E-4
0.70670596E-3, 0.64713182E-4, 0.54918852E-3, 0.12981100E-3, 0.28305731E-3, 0.27898213E-3, 0.32940744E-2, 0.49523346E-3, 0.19960729E-4
0.85340720E-3, 0.64712345E-4, 0.54929906E-3, 0.12986617E-3, 0.34442317E-3, 0.33926289E-3, 0.40071132E-2, 0.60225592E-3, 0.24274159E-4
0.10320679E-2, 0.64711567E-4, 0.54951338E-3, 0.12992418E-3, 0.25530640E-3, 0.25131856E-3, 0.29688741E-2, 0.44608442E-3, 0.17979479E-4
0.12526828E-2, 0.64710970E-4, 0.55012002E-3, 0.12999482E-3, 0.30210361E-3, 0.29716786E-3, 0.35101892E-2, 0.52728114E-3, 0.21251988E-4
0.13190008E-2, 0.64710825E-4, 0.55155117E-3, 0.13009267E-3, 0.27872089E-3, 0.27395200E-3, 0.32354044E-2, 0.48586971E-3, 0.19582774E-4
0.12256403E-2, 0.64710905E-4, 0.55323337E-3, 0.13020087E-3, 0.29295398E-3, 0.28770661E-3, 0.33970592E-2, 0.51000697E-3, 0.20555475E-4
0.57583349E-3, 0.64710657E-4, 0.55373437E-3, 0.13027809E-3, 0.49918762E-3, 0.48997876E-3, 0.57890867E-2, 0.86880173E-3, 0.35016114E-4
0.57530846E-3, 0.64709879E-4, 0.55278395E-3, 0.13031375E-3, 0.51953341E-3, 0.50977041E-3, 0.60311849E-2, 0.90469618E-3, 0.36462374E-4
0.57473767E-3, 0.64708838E-4, 0.55128901E-3, 0.13033186E-3, 0.49657235E-3, 0.48704600E-3, 0.57698330E-2, 0.86507620E-3, 0.34865137E-4
0.57423732E-3, 0.64708212E-4, 0.55033050E-3, 0.13037011E-3, 0.63351367E-3, 0.62113360E-3, 0.73695397E-2, 0.11043391E-2, 0.44507549E-4
0.57375041E-3, 0.64707659E-4, 0.54963445E-3, 0.13041524E-3, 0.68969291E-3, 0.67602011E-3, 0.80364961E-2, 0.12035422E-2, 0.48504910E-4
0.57327060E-3, 0.64707150E-4, 0.54923032E-3, 0.13046701E-3, 0.61125570E-3, 0.59896475E-3, 0.71342937E-2, 0.10677812E-2, 0.43032811E-4
0.57276001E-3, 0.64706444E-4, 0.54881006E-3, 0.13051400E-3, 0.59149123E-3, 0.57940802E-3, 0.69131325E-2, 0.10341075E-2, 0.41675125E-4
0.57224336E-3, 0.64705695E-4, 0.54843980E-3, 0.13056096E-3, 0.45945670E-3, 0.44989423E-3, 0.53752530E-2, 0.80367154E-3, 0.32388009E-4
0.57172327E-3, 0.64704909E-4, 0.54775598E-3, 0.13060094E-3, 0.53141249E-3, 0.52015111E-3, 0.62224502E-2, 0.92991994E-3, 0.37475413E-4
0.57121104E-3, 0.64704189E-4, 0.54690137E-3, 0.13063823E-3, 0.64971572E-3, 0.63573680E-3, 0.76176729E-2, 0.11378252E-2, 0.45853300E-4
0.57073467E-3, 0.64703665E-4, 0.54626277E-3, 0.13068460E-3, 0.68940065E-3, 0.67437324E-3, 0.80966149E-2, 0.12086363E-2, 0.48706173E-4
0.57028019E-3, 0.64703258E-4, 0.54560864E-3, 0.13073337E-3, 0.81036729E-3, 0.79253374E-3, 0.95375180E-2, 0.14227839E-2, 0.57334961E-4
0.56980638E-3, 0.64702726E-4, 0.54479850E-3, 0.13077611E-3, 0.69831911E-3, 0.68280339E-3, 0.82364529E-2, 0.12278747E-2, 0.49479691E-4
0.56932651E-3, 0.64702181E-4, 0.54393592E-3, 0.13081665E-3, 0.65669045E-3, 0.64193120E-3, 0.77591352E-2, 0.11560343E-2, 0.46583995E-4
0.56881900E-3, 0.64701446E-4, 0.54288056E-3, 0.13084928E-3, 0.63939113E-3, 0.62483113E-3, 0.75665689E-2, 0.11267132E-2, 0.45401772E-4
0.56833448E-3, 0.64700849E-4, 0.54200401E-3, 0.13088832E-3, 0.59821259E-3, 0.58441469E-3, 0.70896698E-2, 0.10551396E-2, 0.42517058E-4
0.56781882E-3, 0.64700056E-4, 0.54093695E-3, 0.13091898E-3, 0.52824983E-3, 0.51588053E-3, 0.62676687E-2, 0.93235553E-3, 0.37568974E-4
0.56735281E-3, 0.64699547E-4, 0.54032687E-3, 0.13096539E-3, 0.77960681E-3, 0.76112017E-3, 0.92641478E-2, 0.13773546E-2, 0.55499255E-4
0.56692411E-3, 0.64699270E-4, 0.54025266E-3, 0.13102750E-3, 0.68807317E-3, 0.67161088E-3, 0.81932191E-2, 0.12173825E-2, 0.49052462E-4
0.56646287E-3, 0.64698797E-4, 0.54019684E-3, 0.13108534E-3, 0.65407302E-3, 0.63824886E-3, 0.78015924E-2, 0.11585474E-2, 0.46681049E-4
0.56598778E-3, 0.64698230E-4, 0.54023758E-3, 0.13114311E-3, 0.60651469E-3, 0.59166533E-3, 0.72451583E-2, 0.10753596E-2, 0.43328535E-4
0.56546275E-3, 0.64697357E-4, 0.53996302E-3, 0.13118748E-3, 0.41304337E-3, 0.40278013E-3, 0.49386532E-2, 0.73270849E-3, 0.29522016E-4
0.56489697E-3, 0.64696243E-4, 0.53938600E-3, 0.13121996E-3, 0.36060504E-3, 0.35148091E-3, 0.43128813E-2, 0.63966564E-3, 0.25772933E-4
0.56432514E-3, 0.64695087E-4, 0.53878210E-3, 0.13125080E-3, 0.31910473E-3, 0.31087606E-3, 0.38167159E-2, 0.56592020E-3, 0.22801456E-4
0.56376826E-3, 0.64693995E-4, 0.53826807E-3, 0.13128441E-3, 0.36837452E-3, 0.35869467E-3, 0.44061821E-2, 0.65314141E-3, 0.26315462E-4
0.56348485E-3, 0.64692918E-4, 0.53784496E-3, 0.13132059E-3, 0.36048176E-3, 0.35084243E-3, 0.43125357E-2, 0.63907111E-3, 0.25748326E-4
0.56505890E-3, 0.64691922E-4, 0.53757330E-3, 0.13136133E-3, 0.40898015E-3, 0.39785894E-3, 0.48939968E-2, 0.72501297E-3, 0.29210676E-4
0.56493317E-3, 0.64690917E-4, 0.53733052E-3, 0.13140272E-3, 0.33592564E-3, 0.32663412E-3, 0.40205992E-2, 0.59544400E-3, 0.23990146E-4
0.56157773E-3, 0.64689964E-4, 0.53706393E-3, 0.13144466E-3, 0.48055773E-3, 0.46706019E-3, 0.57538687E-2, 0.85186079E-3, 0.34320714E-4
0.56109735E-3, 0.64689193E-4, 0.53709245E-3, 0.13149639E-3, 0.54393325E-3, 0.52845199E-3, 0.65183281E-2, 0.96464367E-3, 0.38864167E-4
0.56060479E-3, 0.64688335E-4, 0.53700042E-3, 0.13154402E-3, 0.46537415E-3, 0.45195452E-3, 0.55816900E-2, 0.82569558E-3, 0.33265740E-4
0.56003110E-3, 0.64687396E-4, 0.53671503E-3, 0.13158571E-3, 0.45925533E-3, 0.44583683E-3, 0.55120867E-2, 0.81509858E-3, 0.32838441E-4
0.55949826E-3, 0.64686428E-4, 0.53640292E-3, 0.13162605E-3, 0.54605037E-3, 0.52988861E-3, 0.65591210E-2, 0.96954621E-3, 0.39060313E-4
0.55899163E-3, 0.64685606E-4, 0.53624430E-3, 0.13167286E-3, 0.56542887E-3, 0.54849655E-3, 0.67992308E-2, 0.10045966E-2, 0.40471867E-4
0.55849727E-3, 0.64684842E-4, 0.53583476E-3, 0.13171612E-3, 0.69836515E-3, 0.67725242E-3, 0.84101204E-2, 0.12419955E-2, 0.50035156E-4
0.55804034E-3, 0.64684304E-4, 0.53516304E-3, 0.13175898E-3, 0.10187443E-2, 0.98783802E-3, 0.12300563E-1, 0.18153389E-2, 0.73131450E-4
0.55756251E-3, 0.64683634E-4, 0.53440494E-3, 0.13179705E-3, 0.86300104E-3, 0.83676382E-3, 0.10451820E-1, 0.15413896E-2, 0.62093939E-4
0.55709184E-3, 0.64683009E-4, 0.53381850E-3, 0.13183925E-3, 0.83538535E-3, 0.80986175E-3, 0.10142745E-1, 0.14948596E-2, 0.60218314E-4
0.55661087E-3, 0.64682303E-4, 0.53296651E-3, 0.13187446E-3, 0.83258259E-3, 0.80703927E-3, 0.10134100E-1, 0.14926689E-2, 0.60128892E-4
0.55613276E-3, 0.64681626E-4, 0.53205329E-3, 0.13190854E-3, 0.78192318E-3, 0.75780443E-3, 0.95396107E-2, 0.14042823E-2, 0.56567376E-4
0.55566453E-3, 0.64680979E-4, 0.53120719E-3, 0.13194513E-3, 0.76594454E-3, 0.74217701E-3, 0.93648564E-2, 0.13777954E-2, 0.55499433E-4
0.55519445E-3, 0.64680338E-4, 0.53036219E-3, 0.13198117E-3, 0.82373043E-3, 0.79803466E-3, 0.10094187E-1, 0.14842685E-2, 0.59787217E-4
0.55470964E-3, 0.64679596E-4, 0.52940432E-3, 0.13201263E-3, 0.72889641E-3, 0.70602994E-3, 0.89515727E-2, 0.13155451E-2, 0.52989981E-4
0.55423571E-3, 0.64678905E-4, 0.52852347E-3, 0.13204684E-3, 0.81383437E-3, 0.78814739E-3, 0.10015788E-1, 0.14711710E-2, 0.59257527E-4
0.55378076E-3, 0.64678337E-4, 0.52778720E-3, 0.13208631E-3, 0.93663845E-3, 0.90696767E-3, 0.11557383E-1, 0.16966137E-2, 0.68336791E-4
0.55332965E-3, 0.64677784E-4, 0.52707526E-3, 0.13212657E-3, 0.79083384E-3, 0.76569628E-3, 0.97838789E-2, 0.14354405E-2, 0.57816003E-4
0.55287319E-3, 0.64677173E-4, 0.52632141E-3, 0.13216502E-3, 0.81118545E-3, 0.78526378E-3, 0.10058196E-1, 0.14749209E-2, 0.59405094E-4
0.55241701E-3, 0.64676577E-4, 0.52557129E-3, 0.13220338E-3, 0.80492196E-3, 0.77907101E-3, 0.10003422E-1, 0.14661310E-2, 0.59049959E-4
0.55197050E-3, 0.64676024E-4, 0.52489241E-3, 0.13224417E-3, 0.83943357E-3, 0.81235752E-3, 0.10457163E-1, 0.15318405E-2, 0.61695318E-4
0.55152172E-3, 0.64675456E-4, 0.52422116E-3, 0.13228461E-3, 0.85934775E-3, 0.83151611E-3, 0.10731794E-1, 0.15712472E-2, 0.63281208E-4
0.55108522E-3, 0.64674954E-4, 0.52366091E-3, 0.13232874E-3, 0.85112191E-3, 0.82345161E-3, 0.10655811E-1, 0.15593137E-2, 0.62799358E-4
0.55063743E-3, 0.64674394E-4, 0.52301836E-3, 0.13236940E-3, 0.86742773E-3, 0.83912670E-3, 0.10887530E-1, 0.15924093E-2, 0.64130982E-4
0.55019459E-3, 0.64673863E-4, 0.52242295E-3, 0.13241149E-3, 0.81384345E-3, 0.78718818E-3, 0.10240031E-1, 0.14969716E-2, 0.60286278E-4
0.54975186E-3, 0.64673317E-4, 0.52193832E-3, 0.13245556E-3, 0.96031674E-3, 0.92876522E-3, 0.12114799E-1, 0.17701486E-2, 0.71286311E-4
0.54931635E-3, 0.64672815E-4, 0.52168366E-3, 0.13250513E-3, 0.92955970E-3, 0.89895952E-3, 0.11761038E-1, 0.17175539E-2, 0.69166759E-4
0.54887519E-3, 0.64672269E-4, 0.52157644E-3, 0.13255668E-3, 0.85268228E-3, 0.82453206E-3, 0.10817211E-1, 0.15789514E-2, 0.63583902E-4
0.54841756E-3, 0.64671614E-4, 0.52151451E-3, 0.13260674E-3, 0.75170788E-3, 0.72677981E-3, 0.95577072E-2, 0.13945077E-2, 0.56155430E-4
0.54792117E-3, 0.64670741E-4, 0.52115467E-3, 0.13264531E-3, 0.68875978E-3, 0.66576537E-3, 0.87732412E-2, 0.12795650E-2, 0.51525982E-4
0.54744177E-3, 0.64669970E-4, 0.52093505E-3, 0.13268883E-3, 0.75285445E-3, 0.72756578E-3, 0.96072480E-2, 0.14006844E-2, 0.56402398E-4
0.54694968E-3, 0.64669119E-4, 0.52072812E-3, 0.13273073E-3, 0.65175118E-3, 0.62971201E-3, 0.83315400E-2, 0.12142584E-2, 0.48894686E-4
0.54643321E-3, 0.64668078E-4, 0.52037073E-3, 0.13276518E-3, 0.61829598E-3, 0.59721875E-3, 0.79149222E-2, 0.11531728E-2, 0.46434299E-4
0.54589956E-3, 0.64666921E-4, 0.51986723E-3, 0.13279394E-3, 0.46790545E-3, 0.45178676E-3, 0.59952433E-2, 0.87324530E-3, 0.35162153E-4
0.54559647E-3, 0.64667234E-4, 0.52126369E-3, 0.13289545E-3, 0.56607486E-3, 0.54638973E-3, 0.72594774E-2, 0.10571216E-2, 0.42565662E-4
0.54563122E-3, 0.64669410E-4, 0.52497315E-3, 0.13308819E-3, 0.63397840E-3, 0.61172940E-3, 0.81397835E-2, 0.11849654E-2, 0.47712787E-4
0.54572831E-3, 0.64671956E-4, 0.52806363E-3, 0.13327740E-3, 0.69185829E-3, 0.66741556E-3, 0.88968398E-2, 0.12947641E-2, 0.52133091E-4
0.54592272E-3, 0.64675070E-4, 0.53176505E-3, 0.13349269E-3, 0.77408645E-3, 0.74657210E-3, 0.99724997E-2, 0.14508046E-2, 0.58415055E-4
0.54629712E-3, 0.64679232E-4, 0.53673354E-3, 0.13375872E-3, 0.87943213E-3, 0.84804086E-3, 0.11355514E-1, 0.16513765E-2, 0.66489651E-4
0.54675102E-3, 0.64683867E-4, 0.54233830E-3, 0.13404923E-3, 0.80847560E-3, 0.77950297E-3, 0.10464095E-1, 0.15211594E-2, 0.61245577E-4
0.54718414E-3, 0.64688393E-4, 0.54765289E-3, 0.13433181E-3, 0.76849211E-3, 0.74081402E-3, 0.99674612E-2, 0.14484595E-2, 0.58317499E-4
0.54770068E-3, 0.64693384E-4, 0.55356813E-3, 0.13463869E-3, 0.93153137E-3, 0.89782948E-3, 0.12110060E-1, 0.17591780E-2, 0.70826281E-4
0.54838968E-3, 0.64699409E-4, 0.56118175E-3, 0.13500436E-3, 0.84365095E-3, 0.81302755E-3, 0.10995679E-1, 0.15966988E-2, 0.64283486E-4
0.54901495E-3, 0.64705062E-4, 0.56897348E-3, 0.13536602E-3, 0.78838441E-3, 0.75962202E-3, 0.10297706E-1, 0.14948455E-2, 0.60181788E-4
0.54954150E-3, 0.64710133E-4, 0.57662936E-3, 0.13571249E-3, 0.74919895E-3, 0.72168926E-3, 0.98044360E-2, 0.14228040E-2, 0.57280486E-4
0.54995221E-3, 0.64714557E-4, 0.58384269E-3, 0.13603516E-3, 0.67693612E-3, 0.65189920E-3, 0.88734198E-2, 0.12873362E-2, 0.51825937E-4
0.55028446E-3, 0.64718530E-4, 0.59069373E-3, 0.13634075E-3, 0.64191158E-3, 0.61796256E-3, 0.84256381E-2, 0.12220633E-2, 0.49197472E-4
0.55049302E-3, 0.64721746E-4, 0.59666776E-3, 0.13661182E-3, 0.57970610E-3, 0.55787258E-3, 0.76177032E-2, 0.11046235E-2, 0.44469027E-4
0.55065239E-3, 0.64724401E-4, 0.60197513E-3, 0.13685737E-3, 0.50753093E-3, 0.48820954E-3, 0.66745584E-2, 0.96766278E-3, 0.38954913E-4
0.55110559E-3, 0.64728192E-4, 0.60903549E-3, 0.13716526E-3, 0.51108660E-3, 0.49140386E-3, 0.67253411E-2, 0.97483973E-3, 0.39243416E-4
0.55732165E-3, 0.64731394E-4, 0.61524205E-3, 0.13744281E-3, 0.50071621E-3, 0.48120579E-3, 0.65925471E-2, 0.95541298E-3, 0.38460945E-4
0.57978084E-3, 0.64733707E-4, 0.62009087E-3, 0.13767282E-3, 0.47384357E-3, 0.45516097E-3, 0.62417062E-2, 0.90440607E-3, 0.36407229E-4
0.64212043E-3, 0.64735359E-4, 0.62390155E-3, 0.13786697E-3, 0.44694636E-3, 0.42909710E-3, 0.58889943E-2, 0.85315522E-3, 0.34343771E-4
0.61254716E-3, 0.64737134E-4, 0.62785350E-3, 0.13806716E-3, 0.48684064E-3, 0.46712864E-3, 0.64156638E-2, 0.92929718E-3, 0.37408492E-4
0.55134192E-3, 0.64742802E-4, 0.63755701E-3, 0.13847594E-3, 0.65074168E-3, 0.62413909E-3, 0.85831545E-2, 0.12430010E-2, 0.50035917E-4
0.55404921E-3, 0.64747524E-4, 0.64587203E-3, 0.13883563E-3, 0.63242344E-3, 0.60632668E-3, 0.83511574E-2, 0.12091266E-2, 0.48671667E-4
0.58530574E-3, 0.64750144E-4, 0.65092923E-3, 0.13908070E-3, 0.53852412E-3, 0.51607488E-3, 0.71175997E-2, 0.10303118E-2, 0.41473191E-4
0.70349546E-3, 0.64751359E-4, 0.65377861E-3, 0.13924901E-3, 0.45448009E-3, 0.43530500E-3, 0.60091717E-2, 0.86970860E-3, 0.35008055E-4
0.86901127E-3, 0.64751541E-4, 0.65494905E-3, 0.13935952E-3, 0.47774723E-3, 0.45730799E-3, 0.63169068E-2, 0.91409899E-3, 0.36794518E-4
0.10070882E-2, 0.64751235E-4, 0.65525225E-3, 0.13944042E-3, 0.48536537E-3, 0.46430065E-3, 0.64172833E-2, 0.92846848E-3, 0.37372538E-4
0.11388060E-2, 0.64750580E-4, 0.65499521E-3, 0.13950227E-3, 0.50074625E-3, 0.47868618E-3, 0.66195577E-2, 0.95756946E-3, 0.38543494E-4
0.12639617E-2, 0.64749664E-4, 0.65428787E-3, 0.13954868E-3, 0.44920784E-3, 0.42910816E-3, 0.59362091E-2, 0.85857429E-3, 0.34558449E-4
0.13788876E-2, 0.64748492E-4, 0.65313414E-3, 0.13957982E-3, 0.43383357E-3, 0.41409250E-3, 0.57291719E-2, 0.82850072E-3, 0.33347646E-4
0.14606961E-2, 0.64747095E-4, 0.65160816E-3, 0.13959808E-3, 0.32436871E-3, 0.30935238E-3, 0.42794463E-2, 0.61877019E-3, 0.24905667E-4
0.15302576E-2, 0.64745582E-4, 0.64988295E-3, 0.13960923E-3, 0.37959073E-3, 0.36168433E-3, 0.50013578E-2, 0.72306080E-3, 0.29103174E-4
0.16036819E-2, 0.64743916E-4, 0.64789527E-3, 0.13961118E-3, 0.37930638E-3, 0.36108308E-3, 0.49913675E-2, 0.72151620E-3, 0.29040762E-4
0.16540608E-2, 0.64742126E-4, 0.64569502E-3, 0.13960549E-3, 0.44606626E-3, 0.42425850E-3, 0.58633187E-2, 0.84742962E-3, 0.34108445E-4
0.72525570E-3, 0.64743799E-4, 0.64895127E-3, 0.13979123E-3, 0.46555369E-3, 0.44245232E-3, 0.61160880E-2, 0.88380964E-3, 0.35572379E-4
0.53686160E-3, 0.64751846E-4, 0.66141353E-3, 0.14031428E-3, 0.61351643E-3, 0.58279443E-3, 0.80650458E-2, 0.11652111E-2, 0.46897945E-4
0.53708244E-3, 0.64760199E-4, 0.67098381E-3, 0.14078776E-3, 0.84969861E-3, 0.80691703E-3, 0.11188461E-1, 0.16160376E-2, 0.65041997E-4
0.53828693E-3, 0.64769447E-4, 0.68106753E-3, 0.14129370E-3, 0.93584793E-3, 0.88853244E-3, 0.12351504E-1, 0.17834556E-2, 0.71778857E-4
0.53947791E-3, 0.64778360E-4, 0.69074641E-3, 0.14178458E-3, 0.12363214E-2, 0.11736833E-2, 0.16368985E-1, 0.23626634E-2, 0.95088064E-4
0.54049282E-3, 0.64786254E-4, 0.69951778E-3, 0.14223462E-3, 0.94275328E-3, 0.89491712E-3, 0.12523543E-1, 0.18069590E-2, 0.72721414E-4
0.54202671E-3, 0.64793865E-4, 0.70786726E-3, 0.14267013E-3, 0.80471387E-3, 0.76368905E-3, 0.10713689E-1, 0.15453902E-2, 0.62193358E-4
0.54375583E-3, 0.64801818E-4, 0.71623008E-3, 0.14311525E-3, 0.70747075E-3, 0.67116634E-3, 0.94343666E-2, 0.13605343E-2, 0.54753073E-4
0.54381607E-3, 0.64810229E-4, 0.72490703E-3, 0.14357826E-3, 0.82612206E-3, 0.78343932E-3, 0.11034304E-1, 0.15908940E-2, 0.64022592E-4
0.54510811E-3, 0.64819324E-4, 0.73437556E-3, 0.14407474E-3, 0.76520559E-3, 0.72541769E-3, 0.10238637E-1, 0.14758295E-2, 0.59391059E-4
0.54680882E-3, 0.64828411E-4, 0.74386352E-3, 0.14457210E-3, 0.83384092E-3, 0.79020415E-3, 0.11176453E-1, 0.16106404E-2, 0.64815118E-4
0.54858590E-3, 0.64836728E-4, 0.75239642E-3, 0.14503302E-3, 0.10989030E-2, 0.10411316E-2, 0.14765403E-1, 0.21272830E-2, 0.85604042E-4
0.54805522E-3, 0.64843945E-4, 0.76028233E-3, 0.14545627E-3, 0.11982789E-2, 0.11351430E-2, 0.16154507E-1, 0.23267115E-2, 0.93627044E-4
0.54867717E-3, 0.64849562E-4, 0.76684699E-3, 0.14581592E-3, 0.74661529E-3, 0.70711476E-3, 0.10091892E-1, 0.14531621E-2, 0.58474154E-4
0.54956786E-3, 0.64856686E-4, 0.77504764E-3, 0.14624448E-3, 0.90142008E-3, 0.85339148E-3, 0.12205357E-1, 0.17571403E-2, 0.70704831E-4
0.55088941E-3, 0.64866486E-4, 0.78524224E-3, 0.14677753E-3, 0.95555297E-3, 0.90438878E-3, 0.12968346E-1, 0.18665848E-2, 0.75107288E-4
0.55203785E-3, 0.64875196E-4, 0.79414423E-3, 0.14726009E-3, 0.10213482E-2, 0.96640358E-3, 0.13896155E-1, 0.19996981E-2, 0.80461854E-4
0.55317924E-3, 0.64883905E-4, 0.80308731E-3, 0.14774430E-3, 0.84858062E-3, 0.80268685E-3, 0.11572205E-1, 0.16649492E-2, 0.66991270E-4
0.55789005E-3, 0.64893466E-4, 0.81252429E-3, 0.14825964E-3, 0.85129216E-3, 0.80493500E-3, 0.11630212E-1, 0.16730138E-2, 0.67314635E-4
0.55571389E-3, 0.64902742E-4, 0.82159747E-3, 0.14876225E-3, 0.10847354E-2, 0.10253345E-2, 0.14853717E-1, 0.21363313E-2, 0.85954824E-4
0.55661914E-3, 0.64910208E-4, 0.82887535E-3, 0.14918654E-3, 0.11678556E-2, 0.11036802E-2, 0.16041173E-1, 0.23066620E-2, 0.92805982E-4
0.55732514E-3, 0.64916421E-4, 0.83497562E-3, 0.14955850E-3, 0.10022725E-2, 0.94696769E-3, 0.13806876E-1, 0.19850277E-2, 0.79863625E-4
0.55858848E-3, 0.64923843E-4, 0.84184692E-3, 0.14997572E-3, 0.78624219E-3, 0.74258720E-3, 0.10852980E-1, 0.15601332E-2, 0.62767736E-4
0.55952708E-3, 0.64932654E-4, 0.85007527E-3, 0.15045337E-3, 0.96255477E-3, 0.90873369E-3, 0.13310743E-1, 0.19132082E-2, 0.76971439E-4
0.56034786E-3, 0.64940366E-4, 0.85697667E-3, 0.15087923E-3, 0.10839619E-2, 0.10230300E-2, 0.15027223E-1, 0.21596372E-2, 0.86883934E-4
0.56105654E-3, 0.64946638E-4, 0.86264306E-3, 0.15124718E-3, 0.10835059E-2, 0.10223391E-2, 0.15063307E-1, 0.21645469E-2, 0.87079628E-4
0.56155625E-3, 0.64951710E-4, 0.86740748E-3, 0.15156872E-3, 0.74690452E-3, 0.70446625E-3, 0.10405215E-1, 0.14950472E-2, 0.60144605E-4
0.56213030E-3, 0.64957203E-4, 0.87320525E-3, 0.15192202E-3, 0.71482355E-3, 0.67384553E-3, 0.99693807E-2, 0.14323224E-2, 0.57620444E-4
0.56273333E-3, 0.64962383E-4, 0.87879680E-3, 0.15226407E-3, 0.75350818E-3, 0.70991152E-3, 0.10520029E-1, 0.15113314E-2, 0.60798047E-4
0.56307070E-3, 0.64967004E-4, 0.88383834E-3, 0.15258297E-3, 0.73328672E-3, 0.69048314E-3, 0.10249431E-1, 0.14723592E-2, 0.59229460E-4
0.56347303E-3, 0.64971515E-4, 0.88895066E-3, 0.15290103E-3, 0.65083295E-3, 0.61247125E-3, 0.91047138E-2, 0.13078407E-2, 0.52610612E-4
0.56464126E-3, 0.64975640E-4, 0.89377462E-3, 0.15320456E-3, 0.62321371E-3, 0.58610056E-3, 0.87234369E-2, 0.12530077E-2, 0.50404244E-4
0.56410482E-3, 0.64979038E-4, 0.89775061E-3, 0.15347450E-3, 0.58529869E-3, 0.55007247E-3, 0.81962468E-2, 0.11772278E-2, 0.47355323E-4
0.56647020E-3, 0.64981643E-4, 0.90064184E-3, 0.15370401E-3, 0.57944231E-3, 0.54419221E-3, 0.81168236E-2, 0.11657680E-2, 0.46893791E-4
0.57671766E-3, 0.64983527E-4, 0.90250297E-3, 0.15389618E-3, 0.57787081E-3, 0.54233981E-3, 0.80972034E-2, 0.11628987E-2, 0.46777866E-4
0.57685195E-3, 0.64985317E-4, 0.90427190E-3, 0.15408488E-3, 0.35872907E-3, 0.33640850E-3, 0.50255950E-2, 0.72173617E-3, 0.29031729E-4
0.56433491E-3, 0.64989850E-4, 0.91009587E-3, 0.15441982E-3, 0.52052055E-3, 0.48774711E-3, 0.72896047E-2, 0.10468392E-2, 0.42108612E-4
0.56497386E-3, 0.64994201E-4, 0.91560348E-3, 0.15474463E-3, 0.51637617E-3, 0.48350616E-3, 0.72317580E-2, 0.10384885E-2, 0.41772320E-4
0.56613109E-3, 0.64999935E-4, 0.92283235E-3, 0.15513747E-3, 0.65271248E-3, 0.61072211E-3, 0.91432957E-2, 0.13129268E-2, 0.52810785E-4
0.56620309E-3, 0.65004861E-4, 0.92879205E-3, 0.15548650E-3, 0.57239336E-3, 0.53520250E-3, 0.80216611E-2, 0.11518106E-2, 0.46329580E-4
0.56678808E-3, 0.65008200E-4, 0.93250949E-3, 0.15575375E-3, 0.60312421E-3, 0.56352722E-3, 0.84544942E-2, 0.12139052E-2, 0.48826681E-4
0.56974217E-3, 0.65010492E-4, 0.93466905E-3, 0.15596492E-3, 0.55056886E-3, 0.51404908E-3, 0.77195903E-2, 0.11083386E-2, 0.44579989E-4
0.58772264E-3, 0.65011969E-4, 0.93563815E-3, 0.15613338E-3, 0.51303400E-3, 0.47864157E-3, 0.71934885E-2, 0.10327616E-2, 0.41539686E-4
0.63590868E-3, 0.65012813E-4, 0.93563268E-3, 0.15626712E-3, 0.47790605E-3, 0.44551096E-3, 0.66995551E-2, 0.96181117E-3, 0.38685565E-4
0.71930682E-3, 0.65013235E-4, 0.93497656E-3, 0.15637763E-3, 0.44736502E-3, 0.41668827E-3, 0.62687020E-2, 0.89992356E-3, 0.36196045E-4
0.84028183E-3, 0.65013272E-4, 0.93369721E-3, 0.15646605E-3, 0.41735609E-3, 0.38839111E-3, 0.58442433E-2, 0.83895907E-3, 0.33743701E-4
0.96036558E-3, 0.65012930E-4, 0.93183841E-3, 0.15653398E-3, 0.45248625E-3, 0.42068894E-3, 0.63308189E-2, 0.90877444E-3, 0.36551446E-4
0.62963500E-3, 0.65014065E-4, 0.93236618E-3, 0.15668412E-3, 0.45809554E-3, 0.42552775E-3, 0.64052967E-2, 0.91942761E-3, 0.36979607E-4
0.58125064E-3, 0.65017404E-4, 0.93654549E-3, 0.15696061E-3, 0.41336310E-3, 0.38366165E-3, 0.57773972E-2, 0.82926441E-3, 0.33352935E-4
0.56661700E-3, 0.65021166E-4, 0.94117096E-3, 0.15725615E-3, 0.43084269E-3, 0.39955392E-3, 0.60187629E-2, 0.86387416E-3, 0.34744666E-4
0.58690249E-3, 0.65023953E-4, 0.94427646E-3, 0.15749865E-3, 0.35089639E-3, 0.32513091E-3, 0.48986860E-2, 0.70308195E-3, 0.28277451E-4
0.62098308E-3, 0.65025844E-4, 0.94600767E-3, 0.15769267E-3, 0.34227563E-3, 0.31685375E-3, 0.47739302E-2, 0.68515184E-3, 0.27556143E-4
0.64227346E-3, 0.65027714E-4, 0.94772107E-3, 0.15788582E-3, 0.36824227E-3, 0.34058344E-3, 0.51315473E-2, 0.73644862E-3, 0.29619056E-4
0.75920689E-3, 0.65028915E-4, 0.94835821E-3, 0.15804182E-3, 0.34260258E-3, 0.31657124E-3, 0.47694724E-2, 0.68445801E-3, 0.27527880E-4
0.92662894E-3, 0.65029308E-4, 0.94764010E-3, 0.15815099E-3, 0.35718313E-3, 0.32972250E-3, 0.49666595E-2, 0.71272650E-3, 0.28664606E-4
0.11130628E-2, 0.65028958E-4, 0.94568456E-3, 0.15821766E-3, 0.29876627E-3, 0.27550993E-3, 0.41482891E-2, 0.59526414E-3, 0.23940325E-4
0.12681683E-2, 0.65028100E-4, 0.94289175E-3, 0.15825535E-3, 0.32240010E-3, 0.29697511E-3, 0.44685509E-2, 0.64119417E-3, 0.25787380E-4
0.83520229E-3, 0.65028493E-4, 0.94216509E-3, 0.15836379E-3, 0.29143781E-3, 0.26815545E-3, 0.40322598E-2, 0.57856523E-3, 0.23268451E-4
0.56040310E-3, 0.65037580E-4, 0.95427287E-3, 0.15893596E-3, 0.47777189E-3, 0.43922797E-3, 0.66057420E-2, 0.94776537E-3, 0.38116501E-4
0.56569959E-3, 0.65050946E-4, 0.96925459E-3, 0.15966843E-3, 0.71270589E-3, 0.65475825E-3, 0.98572494E-2, 0.14141545E-2, 0.56872770E-4
0.56248484E-3, 0.65061962E-4, 0.97936613E-3, 0.16024886E-3, 0.87909447E-3, 0.80717559E-3, 0.12173975E-1, 0.17463198E-2, 0.70230351E-4
0.56351966E-3, 0.65069311E-4, 0.98499854E-3, 0.16065373E-3, 0.88058109E-3, 0.80812961E-3, 0.12214401E-1, 0.17519065E-2, 0.70453869E-4
0.56820054E-3, 0.65075263E-4, 0.98911556E-3, 0.16099564E-3, 0.90861769E-3, 0.83343196E-3, 0.12624083E-1, 0.18104566E-2, 0.72807292E-4
0.56456425E-3, 0.65080443E-4, 0.99285319E-3, 0.16131175E-3, 0.76067017E-3, 0.69735263E-3, 0.10583803E-1, 0.15176977E-2, 0.61033064E-4
0.56634081E-3, 0.65085493E-4, 0.99700876E-3, 0.16163388E-3, 0.74319053E-3, 0.68090396E-3, 0.10350648E-1, 0.14841330E-2, 0.59682465E-4
0.56707399E-3, 0.65090942E-4, 0.10019122E-2, 0.16198076E-3, 0.65952761E-3, 0.60384918E-3, 0.91921864E-2, 0.13179206E-2, 0.52997781E-4
0.58065669E-3, 0.65098349E-4, 0.10092130E-2, 0.16242285E-3, 0.67237637E-3, 0.61519135E-3, 0.93764998E-2, 0.13442476E-2, 0.54055825E-4
0.57545479E-3, 0.65104614E-4, 0.10154224E-2, 0.16281690E-3, 0.60800376E-3, 0.55589643E-3, 0.84824506E-2, 0.12159892E-2, 0.48897633E-4
0.61999197E-3, 0.65109976E-4, 0.10207056E-2, 0.16317169E-3, 0.48563551E-3, 0.44365384E-3, 0.67746565E-2, 0.97111351E-3, 0.39050221E-4
0.65337145E-3, 0.65114931E-4, 0.10256986E-2, 0.16351123E-3, 0.43549860E-3, 0.39749610E-3, 0.60718949E-2, 0.87033206E-3, 0.34997312E-4
0.68741763E-3, 0.65119202E-4, 0.10299667E-2, 0.16382086E-3, 0.40637463E-3, 0.37056897E-3, 0.56614899E-2, 0.81146648E-3, 0.32629989E-4
0.66101254E-3, 0.65122826E-4, 0.10334286E-2, 0.16409917E-3, 0.39821028E-3, 0.36277974E-3, 0.55429270E-2, 0.79443521E-3, 0.31944892E-4
0.61260903E-3, 0.65125969E-4, 0.10362793E-2, 0.16435435E-3, 0.39732389E-3, 0.36163491E-3, 0.55260342E-2, 0.79197541E-3, 0.31845735E-4
0.61789493E-3, 0.65128537E-4, 0.10383001E-2, 0.16457954E-3, 0.36151486E-3, 0.32873169E-3, 0.50234916E-2, 0.71991753E-3, 0.28948041E-4
0.62344276E-3, 0.65130625E-4, 0.10396162E-2, 0.16477935E-3, 0.32842220E-3, 0.29835181E-3, 0.45588519E-2, 0.65329979E-3, 0.26269161E-4
0.64517796E-3, 0.65132408E-4, 0.10404831E-2, 0.16496306E-3, 0.28306781E-3, 0.25689413E-3, 0.39243954E-2, 0.56235609E-3, 0.22612177E-4
0.69476524E-3, 0.65133892E-4, 0.10408633E-2, 0.16512978E-3, 0.17983031E-3, 0.16302736E-3, 0.24889761E-2, 0.35665187E-3, 0.14340809E-4
0.70396200E-3, 0.65136330E-4, 0.10427809E-2, 0.16534993E-3, 0.19614938E-3, 0.17762817E-3, 0.27097978E-2, 0.38828258E-3, 0.15612612E-4
0.71062223E-3, 0.65138709E-4, 0.10446120E-2, 0.16556686E-3, 0.29110978E-3, 0.26333239E-3, 0.40146960E-2, 0.57523634E-3, 0.23129815E-4
0.83217415E-3, 0.65140273E-4, 0.10451549E-2, 0.16573901E-3, 0.30472234E-3, 0.27535949E-3, 0.41962918E-2, 0.60122501E-3, 0.24174673E-4
0.97964599E-3, 0.65140965E-4, 0.10442719E-2, 0.16586202E-3, 0.29949099E-3, 0.27033870E-3, 0.41175759E-2, 0.58991497E-3, 0.23719780E-4
0.10729277E-2, 0.65141066E-4, 0.10423755E-2, 0.16595007E-3, 0.31358883E-3, 0.28275486E-3, 0.43041259E-2, 0.61660580E-3, 0.24792847E-4
0.11631260E-2, 0.65140775E-4, 0.10398505E-2, 0.16601618E-3, 0.26737372E-3, 0.24081211E-3, 0.36629906E-2, 0.52472687E-3, 0.21098418E-4
0.12612833E-2, 0.65140244E-4, 0.10369163E-2, 0.16606765E-3, 0.24851292E-3, 0.22356275E-3, 0.33973851E-2, 0.48665286E-3, 0.19567431E-4
0.13701014E-2, 0.65139502E-4, 0.10336587E-2, 0.16610746E-3, 0.24955423E-3, 0.22422741E-3, 0.34037626E-2, 0.48754030E-3, 0.19603025E-4
0.14321419E-2, 0.65138614E-4, 0.10301697E-2, 0.16613850E-3, 0.24310189E-3, 0.21816467E-3, 0.33079491E-2, 0.47378973E-3, 0.19050061E-4
0.14489541E-2, 0.65137618E-4, 0.10265285E-2, 0.16616353E-3, 0.24345811E-3, 0.21821955E-3, 0.33049181E-2, 0.47332791E-3, 0.19031409E-4
0.14899804E-2, 0.65136512E-4, 0.10227076E-2, 0.16618152E-3, 0.22790635E-3, 0.20402890E-3, 0.30861660E-2, 0.44197222E-3, 0.17770601E-4
0.15355971E-2, 0.65135289E-4, 0.10187253E-2, 0.16619313E-3, 0.20641746E-3, 0.18456127E-3, 0.27879414E-2, 0.39924041E-3, 0.16052400E-4
0.15714848E-2, 0.65133965E-4, 0.10146128E-2, 0.16619932E-3, 0.17047362E-3, 0.15223207E-3, 0.22962156E-2, 0.32880684E-3, 0.13220407E-4
0.16061673E-2, 0.65132561E-4, 0.10103585E-2, 0.16619969E-3, 0.17525769E-3, 0.15630574E-3, 0.23539779E-2, 0.33706138E-3, 0.13552256E-4
0.10251427E-2, 0.65133310E-4, 0.10097410E-2, 0.16632392E-3, 0.17086919E-3, 0.15219818E-3, 0.22886982E-2, 0.32769682E-3, 0.13175695E-4
0.71415107E-3, 0.65141758E-4, 0.10217506E-2, 0.16688468E-3, 0.19498309E-3, 0.17350310E-3, 0.26070685E-2, 0.37325994E-3, 0.15007597E-4
0.71807328E-3, 0.65151602E-4, 0.10349322E-2, 0.16750360E-3, 0.28009503E-3, 0.24898211E-3, 0.37389004E-2, 0.53526653E-3, 0.21521275E-4
0.78773306E-3, 0.65162429E-4, 0.10471459E-2, 0.16812744E-3, 0.35093594E-3, 0.31166250E-3, 0.46788706E-2, 0.66976564E-3, 0.26928856E-4
0.81835256E-3, 0.65173401E-4, 0.10576271E-2, 0.16872116E-3, 0.41993603E-3, 0.37259524E-3, 0.55932547E-2, 0.80055540E-3, 0.32187192E-4
0.72324317E-3, 0.65182750E-4, 0.10648613E-2, 0.16921251E-3, 0.46678470E-3, 0.41379785E-3, 0.62129642E-2, 0.88912266E-3, 0.35747849E-4
0.68388093E-3, 0.65190463E-4, 0.10700402E-2, 0.16962404E-3, 0.46552456E-3, 0.41232954E-3, 0.61930134E-2, 0.88612852E-3, 0.35627167E-4
0.61471120E-3, 0.65197499E-4, 0.10744233E-2, 0.17000455E-3, 0.60655666E-3, 0.53681358E-3, 0.80677392E-2, 0.11541668E-2, 0.46403296E-4
0.61181211E-3, 0.65204877E-4, 0.10793820E-2, 0.17040486E-3, 0.56828937E-3, 0.50256978E-3, 0.75598396E-2, 0.10812914E-2, 0.43472857E-4
0.61359297E-3, 0.65212051E-4, 0.10843390E-2, 0.17080046E-3, 0.60011749E-3, 0.53031463E-3, 0.79840440E-2, 0.11417415E-2, 0.45902711E-4
0.60975371E-3, 0.65218737E-4, 0.10890987E-2, 0.17118115E-3, 0.58926980E-3, 0.52033848E-3, 0.78409603E-2, 0.11210559E-2, 0.45070530E-4
0.61554590E-3, 0.65224973E-4, 0.10937221E-2, 0.17154917E-3, 0.55355037E-3, 0.48841746E-3, 0.73658559E-2, 0.10529251E-2, 0.42330954E-4
0.58077951E-3, 0.65230888E-4, 0.10983024E-2, 0.17190915E-3, 0.46895834E-3, 0.41344995E-3, 0.62391041E-2, 0.89170452E-3, 0.35849003E-4
0.58398058E-3, 0.65236607E-4, 0.11028914E-2, 0.17226498E-3, 0.48911886E-3, 0.43086434E-3, 0.65048449E-2, 0.92953403E-3, 0.37369504E-4
0.58762461E-3, 0.65241904E-4, 0.11070833E-2, 0.17260319E-3, 0.41849088E-3, 0.36832839E-3, 0.55626226E-2, 0.79476798E-3, 0.31951302E-4
0.58882585E-3, 0.65247325E-4, 0.11116210E-2, 0.17295223E-3, 0.39566771E-3, 0.34793015E-3, 0.52553937E-2, 0.75076660E-3, 0.30182111E-4
0.59672975E-3, 0.65252832E-4, 0.11163687E-2, 0.17330756E-3, 0.44474434E-3, 0.39073758E-3, 0.59030862E-2, 0.84317091E-3, 0.33896649E-4
0.59021986E-3, 0.65257576E-4, 0.11201125E-2, 0.17362484E-3, 0.40172576E-3, 0.35262952E-3, 0.53285039E-2, 0.76098618E-3, 0.30592455E-4
0.59392187E-3, 0.65261731E-4, 0.11231356E-2, 0.17391457E-3, 0.39937990E-3, 0.35025223E-3, 0.52931528E-2, 0.75583049E-3, 0.30384941E-4
0.59982185E-3, 0.65265704E-4, 0.11260366E-2, 0.17419769E-3, 0.32852797E-3, 0.28784989E-3, 0.43500350E-2, 0.62107685E-3, 0.24967561E-4
0.58866380E-3, 0.65271481E-4, 0.11305913E-2, 0.17455666E-3, 0.46794815E-3, 0.40960938E-3, 0.61901840E-2, 0.88367681E-3, 0.35523914E-4
0.61355025E-3, 0.65279688E-4, 0.11360041E-2, 0.17499096E-3, 0.53391774E-3, 0.46700062E-3, 0.70617883E-2, 0.10079170E-2, 0.40518014E-4
0.68671542E-3, 0.65284177E-4, 0.11367546E-2, 0.17524420E-3, 0.48065319E-3, 0.42005593E-3, 0.63550221E-2, 0.90687181E-3, 0.36455684E-4
0.68472011E-3, 0.65289067E-4, 0.11379640E-2, 0.17551570E-3, 0.49187726E-3, 0.42949279E-3, 0.65002111E-2, 0.92742365E-3, 0.37281534E-4
0.68272708E-3, 0.65294407E-4, 0.11397054E-2, 0.17580850E-3, 0.48849056E-3, 0.42616433E-3, 0.64522754E-2, 0.92041597E-3, 0.36999510E-4
0.60902355E-3, 0.65300250E-4, 0.11420400E-2, 0.17612534E-3, 0.55722415E-3, 0.48571848E-3, 0.73578274E-2, 0.10493877E-2, 0.42183598E-4
0.57311932E-3, 0.65306594E-4, 0.11450092E-2, 0.17646697E-3, 0.68022258E-3, 0.59248856E-3, 0.89838933E-2, 0.12810053E-2, 0.51493615E-4
0.56858186E-3, 0.65312619E-4, 0.11477885E-2, 0.17679758E-3, 0.65285928E-3, 0.56825246E-3, 0.86267209E-2, 0.12297699E-2, 0.49433424E-4
0.78989362E-3, 0.65317574E-4, 0.11494454E-2, 0.17708058E-3, 0.42969763E-3, 0.37370890E-3, 0.56769424E-2, 0.80910395E-3, 0.32523454E-4
0.13438540E-2, 0.65321299E-4, 0.11496734E-2, 0.17730576E-3, 0.29482244E-3, 0.25613565E-3, 0.38890366E-2, 0.55420748E-3, 0.22277249E-4
0.15518719E-2, 0.65323780E-4, 0.11484419E-2, 0.17747223E-3, 0.26737404E-3, 0.23200610E-3, 0.35185218E-2, 0.50135277E-3, 0.20152558E-4
0.11270952E-2, 0.65327833E-4, 0.11494037E-2, 0.17771953E-3, 0.32279154E-3, 0.27977215E-3, 0.42388621E-2, 0.60392352E-3, 0.24275379E-4
0.90730796E-3, 0.65333574E-4, 0.11527828E-2, 0.17805540E-3, 0.33506515E-3, 0.29011013E-3, 0.43932218E-2, 0.62583247E-3, 0.25155874E-4
0.12035387E-2, 0.65338303E-4, 0.11549607E-2, 0.17834325E-3, 0.26780783E-3, 0.23162689E-3, 0.35051459E-2, 0.49926020E-3, 0.20068073E-4
0.13472562E-2, 0.65341657E-4, 0.11554508E-2, 0.17856524E-3, 0.23399340E-3, 0.20214278E-3, 0.30555488E-2, 0.43517532E-3, 0.17492048E-4
0.11282072E-2, 0.65345383E-4, 0.11566000E-2, 0.17880874E-3, 0.26297267E-3, 0.22691299E-3, 0.34262121E-2, 0.48791370E-3, 0.19611787E-4
0.97083318E-3, 0.65350046E-4, 0.11593322E-2, 0.17910686E-3, 0.27792787E-3, 0.23955891E-3, 0.36142792E-2, 0.51463413E-3, 0.20685711E-4
0.92246104E-3, 0.65354820E-4, 0.11624274E-2, 0.17941504E-3, 0.26601736E-3, 0.22905042E-3, 0.34532801E-2, 0.49164961E-3, 0.19761741E-4
0.94619562E-3, 0.65359258E-4, 0.11652090E-2, 0.17970930E-3, 0.23963852E-3, 0.20611554E-3, 0.31050320E-2, 0.44201763E-3, 0.17766708E-4
0.10553224E-2, 0.65363158E-4, 0.11673275E-2, 0.17997762E-3, 0.18789012E-3, 0.16142747E-3, 0.24294304E-2, 0.34580758E-3, 0.13899523E-4
0.10898695E-2, 0.65366541E-4, 0.11687782E-2, 0.18022044E-3, 0.19304105E-3, 0.16566397E-3, 0.24903123E-2, 0.35444170E-3, 0.14246504E-4
0.12534106E-2, 0.65369335E-4, 0.11694271E-2, 0.18043314E-3, 0.16269567E-3, 0.13945976E-3, 0.20937172E-2, 0.29796906E-3, 0.11976590E-4
0.11528558E-2, 0.65371860E-4, 0.11697435E-2, 0.18063255E-3, 0.18301926E-3, 0.15669575E-3, 0.23493234E-2, 0.33431716E-3, 0.13437522E-4
0.12915098E-2, 0.65374195E-4, 0.11698623E-2, 0.18082396E-3, 0.16566673E-3, 0.14167152E-3, 0.21211994E-2, 0.30182744E-3, 0.12131588E-4
0.11641196E-2, 0.65378539E-4, 0.11724313E-2, 0.18111145E-3, 0.24237853E-3, 0.20703246E-3, 0.30959919E-2, 0.44048528E-3, 0.17704693E-4
0.12480509E-2, 0.65385262E-4, 0.11771922E-2, 0.18149987E-3, 0.26114463E-3, 0.22282026E-3, 0.33288137E-2, 0.47354738E-3, 0.19033472E-4
0.14188770E-2, 0.65389897E-4, 0.11789448E-2, 0.18177889E-3, 0.22797282E-3, 0.19429198E-3, 0.28991872E-2, 0.41237572E-3, 0.16574690E-4
0.14430981E-2, 0.65393113E-4, 0.11790294E-2, 0.18199057E-3, 0.21766873E-3, 0.18529208E-3, 0.27612140E-2, 0.39270276E-3, 0.15783899E-4
0.12305490E-2, 0.65396598E-4, 0.11797978E-2, 0.18222236E-3, 0.22289407E-3, 0.18952182E-3, 0.28207153E-2, 0.40111560E-3, 0.16121961E-4
0.95152890E-3, 0.65401306E-4, 0.11825687E-2, 0.18252355E-3, 0.23786895E-3, 0.20203990E-3, 0.30041805E-2, 0.42714924E-3, 0.17168237E-4
0.11218440E-2, 0.65405460E-4, 0.11847342E-2, 0.18279965E-3, 0.20356537E-3, 0.17271189E-3, 0.25653846E-2, 0.36471250E-3, 0.14658679E-4
0.10856974E-2, 0.65409258E-4, 0.11865918E-2, 0.18306132E-3, 0.19642118E-3, 0.16646911E-3, 0.24699657E-2, 0.35110579E-3, 0.14111736E-4
0.11335553E-2, 0.65412525E-4, 0.11878478E-2, 0.18329862E-3, 0.18070936E-3, 0.15298220E-3, 0.22671362E-2, 0.32223715E-3, 0.12951391E-4
0.12040471E-2, 0.65415305E-4, 0.11885257E-2, 0.18351282E-3, 0.16556241E-3, 0.14000032E-3, 0.20720458E-2, 0.29447710E-3, 0.11835617E-4
0.12095389E-2, 0.65417698E-4, 0.11887487E-2, 0.18370865E-3, 0.16243850E-3, 0.13720253E-3, 0.20278869E-2, 0.28817196E-3, 0.11582164E-4
0.11228005E-2, 0.65420165E-4, 0.11892202E-2, 0.18391096E-3, 0.15661486E-3, 0.13213554E-3, 0.19504309E-2, 0.27713718E-3, 0.11138621E-4
0.10640748E-2, 0.65422799E-4, 0.11900796E-2, 0.18412517E-3, 0.15557853E-3, 0.13111818E-3, 0.19330191E-2, 0.27463565E-3, 0.11038047E-4
0.11151470E-2, 0.65424989E-4, 0.11902784E-2, 0.18431552E-3, 0.14583617E-3, 0.12276991E-3, 0.18075377E-2, 0.25678254E-3, 0.10320471E-4
0.12942343E-2, 0.65426517E-4, 0.11894412E-2, 0.18446938E-3, 0.12605984E-3, 0.10599980E-3, 0.15583229E-2, 0.22135864E-3, 0.88967072E-5
0.13383300E-2, 0.65427441E-4, 0.11876593E-2, 0.18458975E-3, 0.12309941E-3, 0.10338957E-3, 0.15175033E-2, 0.21554217E-3, 0.86629134E-5
0.12595309E-2, 0.65428430E-4, 0.11860154E-2, 0.18471372E-3, 0.12051969E-3, 0.10110666E-3, 0.14816599E-2, 0.21043354E-3, 0.84575686E-5
0.97784051E-3, 0.65429711E-4, 0.11849337E-2, 0.18485567E-3, 0.14283118E-3, 0.11969504E-3, 0.17517238E-2, 0.24876682E-3, 0.99982008E-5
0.10534478E-2, 0.65430795E-4, 0.11835683E-2, 0.18498718E-3, 0.14111535E-3, 0.11812994E-3, 0.17266268E-2, 0.24517818E-3, 0.98539413E-5
0.10696859E-2, 0.65431414E-4, 0.11814157E-2, 0.18509106E-3, 0.13961458E-3, 0.11674813E-3, 0.17042253E-2, 0.24197288E-3, 0.97250904E-5
0.97596506E-3, 0.65431836E-4, 0.11790157E-2, 0.18518556E-3, 0.17058778E-3, 0.14249780E-3, 0.20775774E-2, 0.29495000E-3, 0.11854250E-4
0.94877061E-3, 0.65432134E-4, 0.11764271E-2, 0.18527254E-3, 0.17427454E-3, 0.14542835E-3, 0.21180168E-2, 0.30065325E-3, 0.12083427E-4
0.10129701E-2, 0.65432025E-4, 0.11732033E-2, 0.18533700E-3, 0.15704446E-3, 0.13091457E-3, 0.19044651E-2, 0.27030607E-3, 0.10863721E-4
0.11035783E-2, 0.65431544E-4, 0.11693555E-2, 0.18537925E-3, 0.12697204E-3, 0.10573829E-3, 0.15363604E-2, 0.21803650E-3, 0.87629569E-5
0.11336965E-2, 0.65430919E-4, 0.11652651E-2, 0.18541254E-3, 0.12668753E-3, 0.10538412E-3, 0.15289400E-2, 0.21696238E-3, 0.87197677E-5
0.88778598E-3, 0.65433240E-4, 0.11658639E-2, 0.18560961E-3, 0.19459911E-3, 0.16171442E-3, 0.23435948E-2, 0.33252407E-3, 0.13364172E-4
0.88081323E-3, 0.65440901E-4, 0.11727597E-2, 0.18605997E-3, 0.35749012E-3, 0.29680267E-3, 0.42986753E-2, 0.60979434E-3, 0.24507526E-4
0.78396883E-3, 0.65449916E-4, 0.11789687E-2, 0.18652990E-3, 0.42021705E-3, 0.34860254E-3, 0.50487756E-2, 0.71598426E-3, 0.28775023E-4
0.61162683E-3, 0.65456014E-4, 0.11814313E-2, 0.18685490E-3, 0.52983925E-3, 0.43920847E-3, 0.63633425E-2, 0.90207410E-3, 0.36253503E-4
0.58811775E-3, 0.65462089E-4, 0.11840413E-2, 0.18718271E-3, 0.59461739E-3, 0.49256586E-3, 0.71420479E-2, 0.10120206E-2, 0.40671643E-4
0.10643268E-2, 0.65466709E-4, 0.11850443E-2, 0.18744402E-3, 0.36107749E-3, 0.29888257E-3, 0.43352409E-2, 0.61406672E-3, 0.24678186E-4
0.17427319E-2, 0.65467990E-4, 0.11818880E-2, 0.18754213E-3, 0.23884862E-3, 0.19750903E-3, 0.28621529E-2, 0.40531406E-3, 0.16288695E-4
0.16988489E-2, 0.65468317E-4, 0.11776317E-2, 0.18759485E-3, 0.23300202E-3, 0.19246688E-3, 0.27851455E-2, 0.39433490E-3, 0.15847372E-4
0.14529815E-2, 0.65469889E-4, 0.11751616E-2, 0.18771252E-3, 0.32353474E-3, 0.26697255E-3, 0.38587369E-2, 0.54621883E-3, 0.21951078E-4
0.13149926E-2, 0.65472814E-4, 0.11748302E-2, 0.18790529E-3, 0.31141081E-3, 0.25671793E-3, 0.37073328E-2, 0.52465184E-3, 0.21084208E-4
0.10861816E-2, 0.65476757E-4, 0.11763631E-2, 0.18815957E-3, 0.31218299E-3, 0.25711840E-3, 0.37106902E-2, 0.52499271E-3, 0.21097761E-4
0.87271392E-3, 0.65480948E-4, 0.11786511E-2, 0.18843471E-3, 0.31230869E-3, 0.25699980E-3, 0.37072957E-2, 0.52437669E-3, 0.21072849E-4
0.74779248E-3, 0.65485037E-4, 0.11811317E-2, 0.18871170E-3, 0.36413953E-3, 0.29939748E-3, 0.43176706E-2, 0.61054056E-3, 0.24535291E-4
0.73599402E-3, 0.65488617E-4, 0.11830868E-2, 0.18896595E-3, 0.29093769E-3, 0.23901110E-3, 0.34459981E-2, 0.48714736E-3, 0.19576439E-4
0.10979096E-2, 0.65491018E-4, 0.11833959E-2, 0.18915997E-3, 0.21862223E-3, 0.17943834E-3, 0.25852795E-2, 0.36539242E-3, 0.14683519E-4
0.15090810E-2, 0.65491520E-4, 0.11807220E-2, 0.18924802E-3, 0.13695518E-3, 0.11229438E-3, 0.16157820E-2, 0.22833275E-3, 0.91756592E-5
0.12586251E-2, 0.65491608E-4, 0.11774943E-2, 0.18931479E-3, 0.17050859E-3, 0.13966137E-3, 0.20066337E-2, 0.28352847E-3, 0.11393685E-4
0.11786537E-2, 0.65492226E-4, 0.11752581E-2, 0.18941371E-3, 0.15462139E-3, 0.12652364E-3, 0.18155858E-2, 0.25649797E-3, 0.10307415E-4
0.13808575E-2, 0.65492408E-4, 0.11723340E-2, 0.18948787E-3, 0.16055402E-3, 0.13124030E-3, 0.18805097E-2, 0.26563377E-3, 0.10674504E-4
0.14861594E-2, 0.65491869E-4, 0.11682499E-2, 0.18952113E-3, 0.15413835E-3, 0.12586611E-3, 0.18007968E-2, 0.25433849E-3, 0.10220562E-4
0.13990670E-2, 0.65491142E-4, 0.11639541E-2, 0.18954556E-3, 0.16525712E-3, 0.13480692E-3, 0.19258274E-2, 0.27195871E-3, 0.10928592E-4
0.10648485E-2, 0.65491084E-4, 0.11608775E-2, 0.18960930E-3, 0.18634790E-3, 0.15186930E-3, 0.21670961E-2, 0.30598126E-3, 0.12295728E-4
0.93604269E-3, 0.65491244E-4, 0.11582945E-2, 0.18968816E-3, 0.20427648E-3, 0.16632995E-3, 0.23711999E-2, 0.33473977E-3, 0.13451323E-4
0.97592210E-3, 0.65491186E-4, 0.11553327E-2, 0.18975300E-3, 0.21047777E-3, 0.17122508E-3, 0.24388065E-2, 0.34421813E-3, 0.13832144E-4
0.10757340E-2, 0.65490771E-4, 0.11518231E-2, 0.18979832E-3, 0.16159461E-3, 0.13134175E-3, 0.18689393E-2, 0.26373961E-3, 0.10598136E-4
0.87403320E-3, 0.65491273E-4, 0.11498895E-2, 0.18989654E-3, 0.16216184E-3, 0.13167931E-3, 0.18716217E-2, 0.26407820E-3, 0.10611700E-4
0.84471860E-3, 0.65495093E-4, 0.11534127E-2, 0.19018304E-3, 0.18529102E-3, 0.15032718E-3, 0.21347147E-2, 0.30115043E-3, 0.12101363E-4
0.82086585E-3, 0.65501321E-4, 0.11605010E-2, 0.19059953E-3, 0.21282944E-3, 0.17252464E-3, 0.24480713E-2, 0.34529157E-3, 0.13875053E-4
0.65779057E-3, 0.65507127E-4, 0.11668601E-2, 0.19099176E-3, 0.24804068E-3, 0.20089850E-3, 0.28489123E-2, 0.40174069E-3, 0.16143294E-4
0.64005906E-3, 0.65512446E-4, 0.11724951E-2, 0.19135833E-3, 0.23673032E-3, 0.19158178E-3, 0.27154721E-2, 0.38283473E-3, 0.15383488E-4
0.61928068E-3, 0.65517095E-4, 0.11770895E-2, 0.19168857E-3, 0.27382356E-3, 0.22141861E-3, 0.31369505E-2, 0.44214816E-3, 0.17766773E-4
0.62219205E-3, 0.65520944E-4, 0.11804691E-2, 0.19197617E-3, 0.22690212E-3, 0.18333251E-3, 0.25963339E-2, 0.36585986E-3, 0.14701195E-4
0.63630275E-3, 0.65524298E-4, 0.11830959E-2, 0.19223749E-3, 0.24545449E-3, 0.19815737E-3, 0.28047939E-2, 0.39514425E-3, 0.15877829E-4
0.62050344E-3, 0.65527413E-4, 0.11853456E-2, 0.19248543E-3, 0.23641187E-3, 0.19070265E-3, 0.26979970E-2, 0.38000871E-3, 0.15269563E-4
0.65736804E-3, 0.65530032E-4, 0.11868152E-2, 0.19270617E-3, 0.22685395E-3, 0.18284377E-3, 0.25854760E-2, 0.36407731E-3, 0.14629323E-4
0.11288266E-2, 0.65531603E-4, 0.11864178E-2, 0.19286374E-3, 0.15604145E-3, 0.12565685E-3, 0.17751979E-2, 0.24992932E-3, 0.10042590E-4
0.13117895E-2, 0.65532120E-4, 0.11842054E-2, 0.19295968E-3, 0.16474110E-3, 0.13253540E-3, 0.18699131E-2, 0.26322246E-3, 0.10576691E-4
0.14314851E-2, 0.65531858E-4, 0.11807043E-2, 0.19301072E-3, 0.16119817E-3, 0.12955950E-3, 0.18253380E-2, 0.25690580E-3, 0.10322837E-4
0.13321878E-2, 0.65531516E-4, 0.11771396E-2, 0.19305812E-3, 0.17588468E-3, 0.14123309E-3, 0.19872305E-2, 0.27964340E-3, 0.11236423E-4
0.13386389E-2, 0.65531109E-4, 0.11735030E-2, 0.19310189E-3, 0.21221748E-3, 0.17024676E-3, 0.23923942E-2, 0.33659197E-3, 0.13524630E-4
0.12699997E-2, 0.65530665E-4, 0.11698740E-2, 0.19314470E-3, 0.22037877E-3, 0.17663839E-3, 0.24795912E-2, 0.34878202E-3, 0.14014369E-4
0.14016521E-2, 0.65530010E-4, 0.11658678E-2, 0.19317397E-3, 0.20757547E-3, 0.16622710E-3, 0.23307966E-2, 0.32777968E-3, 0.13170412E-4
0.15185359E-2, 0.65529013E-4, 0.11612858E-2, 0.19318300E-3, 0.19026833E-3, 0.15222977E-3, 0.21318500E-2, 0.29973936E-3, 0.12043679E-4
0.16997231E-2, 0.65527696E-4, 0.11561459E-2, 0.19317228E-3, 0.18196642E-3, 0.14544986E-3, 0.20339044E-2, 0.28591201E-3, 0.11488039E-4
0.17559364E-2, 0.65526154E-4, 0.11506629E-2, 0.19314875E-3, 0.18405939E-3, 0.14698441E-3, 0.20522180E-2, 0.28843040E-3, 0.11589181E-4
0.17363033E-2, 0.65524546E-4, 0.11450801E-2, 0.19312056E-3, 0.18854094E-3, 0.15042364E-3, 0.20970802E-2, 0.29467684E-3, 0.11840112E-4
0.19385028E-2, 0.65522734E-4, 0.11391755E-2, 0.19308030E-3, 0.15739638E-3, 0.12545619E-3, 0.17461060E-2, 0.24531264E-3, 0.98566188E-5
0.20246266E-2, 0.65520733E-4, 0.11329799E-2, 0.19302896E-3, 0.14721321E-3, 0.11722609E-3, 0.16285790E-2, 0.22876308E-3, 0.91916281E-5
0.20428908E-2, 0.65518674E-4, 0.11266933E-2, 0.19297301E-3, 0.15536773E-3, 0.12359930E-3, 0.17138718E-2, 0.24070418E-3, 0.96713811E-5
0.19577208E-2, 0.65516673E-4, 0.11205553E-2, 0.19292044E-3, 0.18936327E-3, 0.15050090E-3, 0.20832138E-2, 0.29252117E-3, 0.11753315E-4
0.19041904E-2, 0.65514709E-4, 0.11145482E-2, 0.19287071E-3, 0.20522506E-3, 0.16295945E-3, 0.22520989E-2, 0.31616626E-3, 0.12703299E-4
0.17957010E-2, 0.65512795E-4, 0.11086909E-2, 0.19282440E-3, 0.20615465E-3, 0.16355458E-3, 0.22570807E-2, 0.31679220E-3, 0.12728387E-4
0.18915110E-2, 0.65510780E-4, 0.11027090E-2, 0.19277254E-3, 0.19084281E-3, 0.15127342E-3, 0.20844475E-2, 0.29249620E-3, 0.11752144E-4
0.18396272E-2, 0.65508721E-4, 0.10966654E-2, 0.19271718E-3, 0.20989192E-3, 0.16622966E-3, 0.22872002E-2, 0.32087366E-3, 0.12892256E-4
0.19534186E-2, 0.65506545E-4, 0.10904789E-2, 0.19265557E-3, 0.21392148E-3, 0.16927221E-3, 0.23255264E-2, 0.32617158E-3, 0.13105055E-4
0.19942976E-2, 0.65504268E-4, 0.10841377E-2, 0.19258738E-3, 0.21410870E-3, 0.16927352E-3, 0.23220014E-2, 0.32559666E-3, 0.13081885E-4
0.20255928E-2, 0.65501881E-4, 0.10776783E-2, 0.19251363E-3, 0.19804439E-3, 0.15643892E-3, 0.21426324E-2, 0.30037251E-3, 0.12068364E-4
0.19859441E-2, 0.65499444E-4, 0.10711408E-2, 0.19243576E-3, 0.17908972E-3, 0.14134604E-3, 0.19328619E-2, 0.27090489E-3, 0.10884365E-4
0.19166961E-2, 0.65496992E-4, 0.10646103E-2, 0.19235657E-3, 0.25500372E-3, 0.20109212E-3, 0.27458277E-2, 0.38475092E-3, 0.15458370E-4
0.19387972E-2, 0.65494467E-4, 0.10580100E-2, 0.19227345E-3, 0.22575614E-3, 0.17788488E-3, 0.24257405E-2, 0.33980201E-3, 0.13652348E-4
0.20157492E-2, 0.65491855E-4, 0.10512776E-2, 0.19218439E-3, 0.14805651E-3, 0.11656512E-3, 0.15870846E-2, 0.22227108E-3, 0.89302239E-5
0.19870109E-2, 0.65489177E-4, 0.10445169E-2, 0.19209275E-3, 0.15727938E-3, 0.12372172E-3, 0.16816357E-2, 0.23546963E-3, 0.94604720E-5
0.20599063E-2, 0.65486463E-4, 0.10377400E-2, 0.19199896E-3, 0.13628362E-3, 0.10711480E-3, 0.14533496E-2, 0.20346773E-3, 0.81746994E-5
0.20955203E-2, 0.65483706E-4, 0.10309223E-2, 0.19190217E-3, 0.16832774E-3, 0.13218714E-3, 0.17902754E-2, 0.25059082E-3, 0.10067923E-4
0.20345175E-2, 0.65480926E-4, 0.10241384E-2, 0.19180491E-3, 0.17143911E-3, 0.13452061E-3, 0.18188491E-2, 0.25453707E-3, 0.10226431E-4
0.20483485E-2, 0.65478125E-4, 0.10173802E-2, 0.19170676E-3, 0.20902838E-3, 0.16388070E-3, 0.22121898E-2, 0.30951080E-3, 0.12435027E-4
0.20279908E-2, 0.65475309E-4, 0.10106306E-2, 0.19160732E-3, 0.22392005E-3, 0.17542015E-3, 0.23645321E-2, 0.33073645E-3, 0.13287729E-4
0.20036849E-2, 0.65472479E-4, 0.10038797E-2, 0.19150622E-3, 0.22181975E-3, 0.17364115E-3, 0.23372327E-2, 0.32682659E-3, 0.13130568E-4
0.20014502E-2, 0.65469634E-4, 0.99713425E-3, 0.19140368E-3, 0.16122122E-3, 0.12610901E-3, 0.16949514E-2, 0.23695530E-3, 0.95198566E-5
0.19752018E-2, 0.65466775E-4, 0.99042559E-3, 0.19130067E-3, 0.17293452E-3, 0.13516746E-3, 0.18138326E-2, 0.25352152E-3, 0.10185371E-4
0.19503825E-2, 0.65463923E-4, 0.98377094E-3, 0.19119788E-3, 0.17326477E-3, 0.13532110E-3, 0.18130372E-2, 0.25335437E-3, 0.10178615E-4
0.19161394E-2, 0.65461063E-4, 0.97718160E-3, 0.19109566E-3, 0.23433531E-3, 0.18288114E-3, 0.24467495E-2, 0.34182137E-3, 0.13732739E-4
0.19122731E-2, 0.65458218E-4, 0.97062084E-3, 0.19099278E-3, 0.28158326E-3, 0.21960179E-3, 0.29346226E-2, 0.40984474E-3, 0.16465479E-4
0.19102278E-2, 0.65455337E-4, 0.96405047E-3, 0.19088802E-3, 0.18160070E-3, 0.14153006E-3, 0.18890587E-2, 0.26374278E-3, 0.10595778E-4
0.11439321E-2, 0.65455301E-4, 0.96214528E-3, 0.19094443E-3, 0.34137754E-3, 0.26584888E-3, 0.35440845E-2, 0.49464655E-3, 0.19872125E-4
0.83484122E-3, 0.65468332E-4, 0.97716390E-3, 0.19165315E-3, 0.49295661E-3, 0.38374218E-3, 0.51183300E-2, 0.71397779E-3, 0.28683304E-4
0.96544466E-3, 0.65480664E-4, 0.98892197E-3, 0.19228099E-3, 0.44492644E-3, 0.34619358E-3, 0.46197213E-2, 0.64403220E-3, 0.25872983E-4
0.91663213E-3, 0.65488683E-4, 0.99530339E-3, 0.19269915E-3, 0.45369929E-3, 0.35284625E-3, 0.47100559E-2, 0.65624382E-3, 0.26363234E-4
0.83414797E-3, 0.65494525E-4, 0.99900737E-3, 0.19301263E-3, 0.48356826E-3, 0.37589783E-3, 0.50200881E-2, 0.69901661E-3, 0.28081178E-4
0.75841125E-3, 0.65499888E-4, 0.10020676E-2, 0.19330182E-3, 0.50695153E-3, 0.39389727E-3, 0.52637826E-2, 0.73248066E-3, 0.29425109E-4
0.74240018E-3, 0.65505563E-4, 0.10054747E-2, 0.19360551E-3, 0.51498535E-3, 0.39996332E-3, 0.53486917E-2, 0.74380549E-3, 0.29879639E-4
0.67609840E-3, 0.65511791E-4, 0.10095534E-2, 0.19393660E-3, 0.56342949E-3, 0.43740129E-3, 0.58543207E-2, 0.81355590E-3, 0.32681124E-4
0.57361741E-3, 0.65518725E-4, 0.10144543E-2, 0.19430117E-3, 0.62928471E-3, 0.48833934E-3, 0.65436307E-2, 0.90865226E-3, 0.36500634E-4
0.55730419E-3, 0.65524895E-4, 0.10184100E-2, 0.19462933E-3, 0.67629229E-3, 0.52463403E-3, 0.70398962E-2, 0.97674900E-3, 0.39235420E-4
0.52051578E-3, 0.65531131E-4, 0.10224277E-2, 0.19496007E-3, 0.84440492E-3, 0.65485708E-3, 0.88036237E-2, 0.12202826E-2, 0.49017028E-4
0.50570018E-3, 0.65539345E-4, 0.10290589E-2, 0.19539152E-3, 0.84894343E-3, 0.65821921E-3, 0.88686803E-2, 0.12279816E-2, 0.49325168E-4
0.53045352E-3, 0.65547807E-4, 0.10359561E-2, 0.19583426E-3, 0.83622069E-3, 0.64820168E-3, 0.87532047E-2, 0.12107100E-2, 0.48630311E-4
0.66101510E-3, 0.65554894E-4, 0.10409866E-2, 0.19620758E-3, 0.81732002E-3, 0.63336641E-3, 0.85700452E-2, 0.11841584E-2, 0.47562753E-4
0.62575430E-3, 0.65562985E-4, 0.10476134E-2, 0.19663756E-3, 0.55887562E-3, 0.43294672E-3, 0.58672507E-2, 0.81000023E-3, 0.32533746E-4
0.70935319E-3, 0.65570173E-4, 0.10533959E-2, 0.19702979E-3, 0.53733832E-3, 0.41607762E-3, 0.56434665E-2, 0.77857770E-3, 0.31271193E-4
0.64659130E-3, 0.65577908E-4, 0.10598822E-2, 0.19745005E-3, 0.57254481E-3, 0.44314569E-3, 0.60159219E-2, 0.82939398E-3, 0.33311702E-4
0.54343150E-3, 0.65586755E-4, 0.10676093E-2, 0.19792176E-3, 0.67864952E-3, 0.52506773E-3, 0.71368953E-2, 0.98318432E-3, 0.39487877E-4
0.53144654E-3, 0.65595086E-4, 0.10749652E-2, 0.19837492E-3, 0.78719738E-3, 0.60883915E-3, 0.82892468E-2, 0.11409142E-2, 0.45821918E-4
0.52154495E-3, 0.65602799E-4, 0.10820127E-2, 0.19880880E-3, 0.61645021E-3, 0.47661806E-3, 0.64995810E-2, 0.89381624E-3, 0.35897174E-4
0.52841648E-3, 0.65609885E-4, 0.10884423E-2, 0.19921559E-3, 0.62187423E-3, 0.48062037E-3, 0.65622455E-2, 0.90175640E-3, 0.36215482E-4
0.52214769E-3, 0.65616856E-4, 0.10949629E-2, 0.19962195E-3, 0.72859199E-3, 0.56288496E-3, 0.76964111E-2, 0.10567521E-2, 0.42439489E-4
0.54426148E-3, 0.65623346E-4, 0.11012196E-2, 0.20001213E-3, 0.87082427E-3, 0.67254266E-3, 0.92128571E-2, 0.12637647E-2, 0.50752074E-4
0.52873534E-3, 0.65628534E-4, 0.11060394E-2, 0.20034333E-3, 0.75066724E-3, 0.57957228E-3, 0.79552429E-2, 0.10901873E-2, 0.43780306E-4
0.51475910E-3, 0.65633169E-4, 0.11103873E-2, 0.20065199E-3, 0.45199093E-3, 0.34883487E-3, 0.47940202E-2, 0.65649214E-3, 0.26363312E-4
0.52196992E-3, 0.65639833E-4, 0.11168047E-2, 0.20105102E-3, 0.67550258E-3, 0.52107143E-3, 0.71672020E-2, 0.98082540E-3, 0.39387225E-4
0.52466878E-3, 0.65649845E-4, 0.11248444E-2, 0.20156294E-3, 0.94702176E-3, 0.73032075E-3, 0.10065665E-1, 0.13761657E-2, 0.55261808E-4
0.52547298E-3, 0.65657849E-4, 0.11302627E-2, 0.20197518E-3, 0.80116809E-3, 0.61767304E-3, 0.85321069E-2, 0.11652966E-2, 0.46792960E-4
0.52957883E-3, 0.65663808E-4, 0.11330365E-2, 0.20228655E-3, 0.79953100E-3, 0.61621098E-3, 0.85280556E-2, 0.11636571E-2, 0.46726116E-4
0.52276137E-3, 0.65671957E-4, 0.11385380E-2, 0.20270483E-3, 0.90685114E-3, 0.69871137E-3, 0.96899234E-2, 0.13208927E-2, 0.53038617E-4
0.53222670E-3, 0.65680433E-4, 0.11445350E-2, 0.20314100E-3, 0.78441628E-3, 0.60419663E-3, 0.83966237E-2, 0.11434769E-2, 0.45913679E-4
0.67887624E-3, 0.65688277E-4, 0.11495502E-2, 0.20354333E-3, 0.67671342E-3, 0.52104285E-3, 0.72522303E-2, 0.98680367E-3, 0.39622046E-4
0.69459097E-3, 0.65696877E-4, 0.11557185E-2, 0.20398705E-3, 0.83178602E-3, 0.64017996E-3, 0.89234803E-2, 0.12131797E-2, 0.48710506E-4
0.61966100E-3, 0.65706015E-4, 0.11632976E-2, 0.20447257E-3, 0.59821608E-3, 0.46023820E-3, 0.64248508E-2, 0.87276293E-3, 0.35041696E-4
0.54232508E-3, 0.65714805E-4, 0.11708727E-2, 0.20495101E-3, 0.81161782E-3, 0.62416261E-3, 0.87253554E-2, 0.11843360E-2, 0.47550540E-4
0.53899654E-3, 0.65723172E-4, 0.11780744E-2, 0.20541235E-3, 0.74985524E-3, 0.57645369E-3, 0.80725299E-2, 0.10947605E-2, 0.43953212E-4
0.59317349E-3, 0.65732216E-4, 0.11853429E-2, 0.20589176E-3, 0.92879328E-3, 0.71377156E-3, 0.10014595E-1, 0.13568772E-2, 0.54475648E-4
0.54347771E-3, 0.65740642E-4, 0.11923830E-2, 0.20635249E-3, 0.64755161E-3, 0.49746636E-3, 0.69924248E-2, 0.94656186E-3, 0.38001570E-4
0.54649025E-3, 0.65748558E-4, 0.11991737E-2, 0.20679737E-3, 0.66038442E-3, 0.50709461E-3, 0.71362811E-2, 0.96533977E-3, 0.38754777E-4
0.54355757E-3, 0.65756503E-4, 0.12063360E-2, 0.20725124E-3, 0.69686113E-3, 0.53486915E-3, 0.75368732E-2, 0.10187700E-2, 0.40899064E-4
0.52932196E-3, 0.65763874E-4, 0.12129905E-2, 0.20768204E-3, 0.82187395E-3, 0.63056976E-3, 0.88996086E-2, 0.12019788E-2, 0.48253085E-4
0.52861706E-3, 0.65770146E-4, 0.12183574E-2, 0.20806130E-3, 0.78630255E-3, 0.60305995E-3, 0.85267927E-2, 0.11506168E-2, 0.46190162E-4
0.52891113E-3, 0.65775559E-4, 0.12227634E-2, 0.20840134E-3, 0.68088993E-3, 0.52199786E-3, 0.73918588E-2, 0.99667115E-3, 0.40009392E-4
0.54172473E-3, 0.65781474E-4, 0.12272873E-2, 0.20875607E-3, 0.64133486E-3, 0.49142767E-3, 0.69669583E-2, 0.93870750E-3, 0.37681879E-4
0.59637008E-3, 0.65789856E-4, 0.12324542E-2, 0.20918233E-3, 0.70075516E-3, 0.53674186E-3, 0.76193111E-2, 0.10258632E-2, 0.41179774E-4
0.59329084E-3, 0.65798020E-4, 0.12370939E-2, 0.20959329E-3, 0.70608256E-3, 0.54058514E-3, 0.76840734E-2, 0.10338039E-2, 0.41497751E-4
0.56639680E-3, 0.65807108E-4, 0.12429536E-2, 0.21005121E-3, 0.75377396E-3, 0.57684939E-3, 0.82112150E-2, 0.11038668E-2, 0.44309265E-4
0.58048998E-3, 0.65816384E-4, 0.12491439E-2, 0.21052103E-3, 0.69271290E-3, 0.52989321E-3, 0.75535057E-2, 0.10146671E-2, 0.40728009E-4
0.63919957E-3, 0.65824825E-4, 0.12541922E-2, 0.21094846E-3, 0.64529874E-3, 0.49338944E-3, 0.70412718E-2, 0.94518828E-3, 0.37938513E-4
0.62605960E-3, 0.65833199E-4, 0.12588316E-2, 0.21136653E-3, 0.69167442E-3, 0.52859762E-3, 0.75522843E-2, 0.10130716E-2, 0.40662533E-4
0.61719934E-3, 0.65842716E-4, 0.12648219E-2, 0.21183939E-3, 0.70978916E-3, 0.54218818E-3, 0.77560782E-2, 0.10396435E-2, 0.41728286E-4
0.59720897E-3, 0.65853208E-4, 0.12720529E-2, 0.21236061E-3, 0.10036411E-2, 0.76635397E-3, 0.10982576E-1, 0.14708305E-2, 0.59033540E-4
0.55280130E-3, 0.65862703E-4, 0.12787685E-2, 0.21284854E-3, 0.83198020E-3, 0.63507387E-3, 0.91210483E-2, 0.12203553E-2, 0.48979193E-4
0.54184091E-3, 0.65871267E-4, 0.12850153E-2, 0.21330596E-3, 0.10360897E-2, 0.79059962E-3, 0.11379052E-1, 0.15210152E-2, 0.61044717E-4
0.54179149E-3, 0.65878237E-4, 0.12897628E-2, 0.21369604E-3, 0.10410715E-2, 0.79418567E-3, 0.11460431E-1, 0.15302699E-2, 0.61414423E-4
0.54240093E-3, 0.65883702E-4, 0.12929334E-2, 0.21401898E-3, 0.87194121E-3, 0.66495332E-3, 0.96175913E-2, 0.12829525E-2, 0.51487492E-4
0.54293725E-3, 0.65888671E-4, 0.12957755E-2, 0.21432395E-3, 0.88535808E-3, 0.67493180E-3, 0.97808884E-2, 0.13035872E-2, 0.52314368E-4
0.54335367E-3, 0.65893022E-4, 0.12980503E-2, 0.21460325E-3, 0.89318515E-3, 0.68064628E-3, 0.98831682E-2, 0.13160551E-2, 0.52813448E-4
0.54365461E-3, 0.65896667E-4, 0.12995165E-2, 0.21484973E-3, 0.71390392E-3, 0.54380216E-3, 0.79094078E-2, 0.10523804E-2, 0.42231219E-4
0.56559005E-3, 0.65901339E-4, 0.13024381E-2, 0.21515008E-3, 0.63686987E-3, 0.48487817E-3, 0.70602908E-2, 0.93877316E-3, 0.37671540E-4
0.54577261E-3, 0.65909480E-4, 0.13095490E-2, 0.21561712E-3, 0.68838551E-3, 0.52383501E-3, 0.76357839E-2, 0.10146316E-2, 0.40714905E-4
0.54640748E-3, 0.65918597E-4, 0.13163568E-2, 0.21610138E-3, 0.73896983E-3, 0.56208146E-3, 0.82042599E-2, 0.10894089E-2, 0.43714703E-4
0.54696819E-3, 0.65923792E-4, 0.13180174E-2, 0.21638995E-3, 0.85784070E-3, 0.65223000E-3, 0.95355129E-2, 0.12651992E-2, 0.50767529E-4
0.54767885E-3, 0.65929264E-4, 0.13207985E-2, 0.21670753E-3, 0.77270216E-3, 0.58723806E-3, 0.85992571E-2, 0.11400720E-2, 0.45745652E-4
0.54829975E-3, 0.65934109E-4, 0.13234029E-2, 0.21700752E-3, 0.66478370E-3, 0.50498167E-3, 0.74042249E-2, 0.98095462E-3, 0.39360268E-4
0.55006292E-3, 0.65937733E-4, 0.13246383E-2, 0.21725112E-3, 0.55785995E-3, 0.42353277E-3, 0.62153870E-2, 0.82296424E-3, 0.33020442E-4
0.57172595E-3, 0.65939988E-4, 0.13240220E-2, 0.21742489E-3, 0.53967937E-3, 0.40949153E-3, 0.60129194E-2, 0.79573650E-3, 0.31927488E-4
0.64893416E-3, 0.65941276E-4, 0.13219325E-2, 0.21754544E-3, 0.51015010E-3, 0.38685920E-3, 0.56834072E-2, 0.75174985E-3, 0.30162177E-4
0.59676601E-3, 0.65946479E-4, 0.13243477E-2, 0.21784913E-3, 0.83271775E-3, 0.63110661E-3, 0.92797130E-2, 0.12266558E-2, 0.49215756E-4
0.55041944E-3, 0.65959204E-4, 0.13360404E-2, 0.21851817E-3, 0.99274283E-3, 0.75216626E-3, 0.11083150E-1, 0.14637756E-2, 0.58727983E-4
0.55108347E-3, 0.65965047E-4, 0.13395401E-2, 0.21886054E-3, 0.80737739E-3, 0.61149074E-3, 0.90279439E-2, 0.11913192E-2, 0.47795620E-4
0.55146724E-3, 0.65969252E-4, 0.13412472E-2, 0.21912863E-3, 0.70957094E-3, 0.53715793E-3, 0.79413997E-2, 0.10471890E-2, 0.42012281E-4
0.55241690E-3, 0.65976776E-4, 0.13473127E-2, 0.21956256E-3, 0.83964254E-3, 0.63533185E-3, 0.94061894E-2, 0.12394473E-2, 0.49724480E-4
0.55395602E-3, 0.65987224E-4, 0.13561712E-2, 0.22012289E-3, 0.85819350E-3, 0.64909743E-3, 0.96265199E-2, 0.12674764E-2, 0.50847786E-4
0.55564154E-3, 0.65999557E-4, 0.13650797E-2, 0.22072966E-3, 0.10370760E-2, 0.78413408E-3, 0.11653915E-1, 0.15330745E-2, 0.61501290E-4
0.55722718E-3, 0.66010827E-4, 0.13725737E-2, 0.22128309E-3, 0.98695816E-3, 0.74598915E-3, 0.11112668E-1, 0.14605154E-2, 0.58588870E-4
0.55876508E-3, 0.66021821E-4, 0.13796004E-2, 0.22182148E-3, 0.10652011E-2, 0.80487062E-3, 0.12018124E-1, 0.15780503E-2, 0.63302032E-4
0.55995787E-3, 0.66030902E-4, 0.13848930E-2, 0.22228045E-3, 0.11036012E-2, 0.83363598E-3, 0.12479478E-1, 0.16370354E-2, 0.65666223E-4
0.56075765E-3, 0.66037646E-4, 0.13881779E-2, 0.22264452E-3, 0.93601126E-3, 0.70680567E-3, 0.10605457E-1, 0.13899379E-2, 0.55752891E-4
0.56128210E-3, 0.66042798E-4, 0.13901801E-2, 0.22294521E-3, 0.80017815E-3, 0.60397940E-3, 0.90783322E-2, 0.11888805E-2, 0.47687005E-4
0.56167261E-3, 0.66047171E-4, 0.13916333E-2, 0.22321666E-3, 0.68372645E-3, 0.51581842E-3, 0.77627804E-2, 0.10159331E-2, 0.40749135E-4
0.56338328E-3, 0.66053937E-4, 0.13962155E-2, 0.22360765E-3, 0.81791263E-3, 0.61673031E-3, 0.92927534E-2, 0.12153683E-2, 0.48747508E-4
0.56420674E-3, 0.66066190E-4, 0.14056301E-2, 0.22422570E-3, 0.10792955E-2, 0.81352855E-3, 0.12283033E-1, 0.16051398E-2, 0.64379325E-4
0.56572328E-3, 0.66077162E-4, 0.14126248E-2, 0.22476597E-3, 0.99965872E-3, 0.75324450E-3, 0.11399413E-1, 0.14883326E-2, 0.59692688E-4
0.56740525E-3, 0.66088054E-4, 0.14191723E-2, 0.22529589E-3, 0.95043849E-3, 0.71588898E-3, 0.10856763E-1, 0.14163024E-2, 0.56802251E-4
0.56886423E-3, 0.66099674E-4, 0.14264421E-2, 0.22585812E-3, 0.94564521E-3, 0.71199797E-3, 0.10819087E-1, 0.14102550E-2, 0.56558263E-4
0.57041930E-3, 0.66111090E-4, 0.14333820E-2, 0.22640984E-3, 0.10265074E-2, 0.77258132E-3, 0.11764109E-1, 0.15321715E-2, 0.61446066E-4
0.57178322E-3, 0.66121269E-4, 0.14389853E-2, 0.22690563E-3, 0.11624671E-2, 0.87462447E-3, 0.13350865E-1, 0.17372585E-2, 0.69668786E-4
0.57283515E-3, 0.66129622E-4, 0.14431746E-2, 0.22733081E-3, 0.98087941E-3, 0.73775859E-3, 0.11288988E-1, 0.14676596E-2, 0.58855429E-4
0.57360862E-3, 0.66136367E-4, 0.14462597E-2, 0.22769596E-3, 0.90102525E-3, 0.67741482E-3, 0.10385275E-1, 0.13491339E-2, 0.54100983E-4
0.57536009E-3, 0.66143839E-4, 0.14502244E-2, 0.22809615E-3, 0.89900882E-3, 0.67557488E-3, 0.10374388E-1, 0.13467382E-2, 0.54003594E-4
0.57616353E-3, 0.66155808E-4, 0.14578642E-2, 0.22867648E-3, 0.10453059E-2, 0.78522041E-3, 0.12082704E-1, 0.15672809E-2, 0.62845611E-4
0.57752896E-3, 0.66166052E-4, 0.14634460E-2, 0.22917587E-3, 0.11197224E-2, 0.84082934E-3, 0.12969146E-1, 0.16808215E-2, 0.67396424E-4
0.57868869E-3, 0.66175126E-4, 0.14680021E-2, 0.22962698E-3, 0.99025737E-3, 0.74335403E-3, 0.11492185E-1, 0.14881663E-2, 0.59669776E-4
0.57987828E-3, 0.66184330E-4, 0.14732805E-2, 0.23009654E-3, 0.96124801E-3, 0.72126032E-3, 0.11172056E-1, 0.14456115E-2, 0.57961966E-4
0.58139605E-3, 0.66195564E-4, 0.14800567E-2, 0.23064432E-3, 0.10717874E-2, 0.80389826E-3, 0.12478521E-1, 0.16133990E-2, 0.64687651E-4
0.58275944E-3, 0.66205866E-4, 0.14857115E-2, 0.23114830E-3, 0.11213151E-2, 0.84075663E-3, 0.13081899E-1, 0.16899983E-2, 0.67756839E-4
0.58361137E-3, 0.66213186E-4, 0.14887574E-2, 0.23152994E-3, 0.99979597E-3, 0.74936921E-3, 0.11686376E-1, 0.15085037E-2, 0.60478476E-4
0.58417092E-3, 0.66218789E-4, 0.14904789E-2, 0.23184497E-3, 0.80456375E-3, 0.60275849E-3, 0.94156647E-2, 0.12145699E-2, 0.48693000E-4
0.58509340E-3, 0.66226537E-4, 0.14945952E-2, 0.23225848E-3, 0.93044055E-3, 0.69669052E-3, 0.10898549E-1, 0.14049492E-2, 0.56324159E-4
0.58676477E-3, 0.66238208E-4, 0.15014834E-2, 0.23282012E-3, 0.10456799E-2, 0.78268460E-3, 0.12268530E-1, 0.15804037E-2, 0.63356405E-4
0.58832375E-3, 0.66248969E-4, 0.15070050E-2, 0.23333378E-3, 0.10200437E-2, 0.76319050E-3, 0.11988121E-1, 0.15431145E-2, 0.61859806E-4
0.58948260E-3, 0.66259403E-4, 0.15122900E-2, 0.23383595E-3, 0.11817624E-2, 0.88386511E-3, 0.13915901E-1, 0.17898397E-2, 0.71748320E-4
0.59038884E-3, 0.66267115E-4, 0.15151751E-2, 0.23422582E-3, 0.10160315E-2, 0.75964554E-3, 0.11988383E-1, 0.15407091E-2, 0.61759725E-4
0.59104810E-3, 0.66273402E-4, 0.15172530E-2, 0.23456570E-3, 0.88999025E-3, 0.66510437E-3, 0.10514989E-1, 0.13504383E-2, 0.54131309E-4
0.59157342E-3, 0.66278895E-4, 0.15188492E-2, 0.23487757E-3, 0.78388717E-3, 0.58550882E-3, 0.92691835E-2, 0.11897369E-2, 0.47688645E-4
0.59192325E-3, 0.66283363E-4, 0.15194899E-2, 0.23514620E-3, 0.69774751E-3, 0.52086805E-3, 0.82540493E-2, 0.10588891E-2, 0.42443018E-4
0.59289014E-3, 0.66286695E-4, 0.15188121E-2, 0.23536154E-3, 0.60496177E-3, 0.45131813E-3, 0.71566035E-2, 0.91768126E-3, 0.36782403E-4
0.60967350E-3, 0.66289133E-4, 0.15169671E-2, 0.23553222E-3, 0.58077287E-3, 0.43298665E-3, 0.68689422E-2, 0.88042993E-3, 0.35288736E-4
0.67203038E-3, 0.66290770E-4, 0.15139662E-2, 0.23566010E-3, 0.52496197E-3, 0.39110988E-3, 0.62062754E-2, 0.79518347E-3, 0.31871481E-4
0.82197296E-3, 0.66291730E-4, 0.15099320E-2, 0.23575035E-3, 0.47199303E-3, 0.35139534E-3, 0.55760699E-2, 0.71418739E-3, 0.28624712E-4
0.10391483E-2, 0.66291897E-4, 0.15046595E-2, 0.23579647E-3, 0.47228218E-3, 0.35134598E-3, 0.55737440E-2, 0.71365223E-3, 0.28602904E-4
0.12318094E-2, 0.66291417E-4, 0.14983403E-2, 0.23580535E-3, 0.45918144E-3, 0.34134244E-3, 0.54126414E-2, 0.69279561E-3, 0.27766642E-4
0.69038215E-3, 0.66293935E-4, 0.14967893E-2, 0.23597991E-3, 0.57375175E-3, 0.42619297E-3, 0.67565776E-2, 0.86449651E-3, 0.34647794E-4
0.58994611E-3, 0.66305518E-4, 0.15080953E-2, 0.23662728E-3, 0.72350359E-3, 0.53709623E-3, 0.85200248E-2, 0.10896258E-2, 0.43669923E-4
0.59228763E-3, 0.66321962E-4, 0.15212442E-2, 0.23742663E-3, 0.98452147E-3, 0.73054835E-3, 0.11606074E-1, 0.14834049E-2, 0.59450413E-4
0.59376919E-3, 0.66333087E-4, 0.15271727E-2, 0.23795708E-3, 0.11765622E-2, 0.87272923E-3, 0.13895336E-1, 0.17746575E-2, 0.71120892E-4
0.59486215E-3, 0.66341963E-4, 0.15307950E-2, 0.23838824E-3, 0.12175533E-2, 0.90285344E-3, 0.14412393E-1, 0.18391631E-2, 0.73703639E-4
0.59520354E-3, 0.66346409E-4, 0.15292674E-2, 0.23861209E-3, 0.10805385E-2, 0.80099294E-3, 0.12817787E-1, 0.16343822E-2, 0.65495100E-4
0.59530180E-3, 0.66349436E-4, 0.15266913E-2, 0.23878091E-3, 0.84286928E-3, 0.62454137E-3, 0.10011928E-1, 0.12757707E-2, 0.51123039E-4
0.59536874E-3, 0.66352281E-4, 0.15243771E-2, 0.23895018E-3, 0.74242975E-3, 0.54982165E-3, 0.88240625E-2, 0.11238040E-2, 0.45032448E-4
0.59546070E-3, 0.66355264E-4, 0.15227194E-2, 0.23913571E-3, 0.69918926E-3, 0.51750051E-3, 0.83125550E-2, 0.10581465E-2, 0.42400650E-4
0.59724256E-3, 0.66358254E-4, 0.15214494E-2, 0.23932835E-3, 0.62820839E-3, 0.46468078E-3, 0.74690329E-2, 0.95034554E-3, 0.38080321E-4
0.61570539E-3, 0.66360619E-4, 0.15194713E-2, 0.23949206E-3, 0.57648850E-3, 0.42614999E-3, 0.68526706E-2, 0.87156775E-3, 0.34923123E-4
0.66827837E-3, 0.66362220E-4, 0.15164157E-2, 0.23961610E-3, 0.52247947E-3, 0.38596749E-3, 0.62079183E-2, 0.78927126E-3, 0.31625092E-4
0.77563478E-3, 0.66363253E-4, 0.15124896E-2, 0.23970817E-3, 0.53984433E-3, 0.39852012E-3, 0.64102914E-2, 0.81470970E-3, 0.32643915E-4
0.94215479E-3, 0.66363544E-4, 0.15073809E-2, 0.23975814E-3, 0.47701373E-3, 0.35189174E-3, 0.56597148E-2, 0.71906758E-3, 0.28811313E-4
0.62955084E-3, 0.66369423E-4, 0.15094279E-2, 0.24008338E-3, 0.84414869E-3, 0.62229764E-3, 0.10011907E-1, 0.12714512E-2, 0.50943119E-4
0.59699616E-3, 0.66387838E-4, 0.15246612E-2, 0.24096890E-3, 0.11893011E-2, 0.87647035E-3, 0.14130264E-1, 0.17932347E-2, 0.71847404E-4
0.59770484E-3, 0.66394481E-4, 0.15253826E-2, 0.24128686E-3, 0.11584702E-2, 0.85349201E-3, 0.13794102E-1, 0.17492046E-2, 0.70081085E-4
0.59788098E-3, 0.66397981E-4, 0.15228399E-2, 0.24146527E-3, 0.10560525E-2, 0.77777408E-3, 0.12598624E-1, 0.15964436E-2, 0.63958883E-4
0.59805700E-3, 0.66401131E-4, 0.15205598E-2, 0.24163991E-3, 0.91650663E-3, 0.67471928E-3, 0.10948896E-1, 0.13865044E-2, 0.55546574E-4
0.59807411E-3, 0.66404085E-4, 0.15185721E-2, 0.24181527E-3, 0.76814461E-3, 0.56522345E-3, 0.91840001E-2, 0.11623719E-2, 0.46566271E-4
0.59815729E-3, 0.66407054E-4, 0.15170557E-2, 0.24200030E-3, 0.66386606E-3, 0.48821711E-3, 0.79393145E-2, 0.10043742E-2, 0.40235907E-4
0.59898454E-3, 0.66410154E-4, 0.15160645E-2, 0.24219854E-3, 0.61857520E-3, 0.45463088E-3, 0.73971176E-2, 0.93539711E-3, 0.37471997E-4
0.60815405E-3, 0.66412897E-4, 0.15147326E-2, 0.24238166E-3, 0.54356444E-3, 0.39924731E-3, 0.64982167E-2, 0.82141906E-3, 0.32905522E-4
0.62036508E-3, 0.66415378E-4, 0.15131060E-2, 0.24255214E-3, 0.43646016E-3, 0.32035480E-3, 0.52140607E-2, 0.65888348E-3, 0.26394100E-4
0.68053929E-3, 0.66417851E-4, 0.15115646E-2, 0.24272395E-3, 0.47234978E-3, 0.34645267E-3, 0.56379861E-2, 0.71224448E-3, 0.28531334E-4
0.77323237E-3, 0.66419329E-4, 0.15084933E-2, 0.24284144E-3, 0.37590641E-3, 0.27551653E-3, 0.44822353E-2, 0.56608167E-3, 0.22676038E-4
0.86023426E-3, 0.66420507E-4, 0.15049544E-2, 0.24294131E-3, 0.37324135E-3, 0.27335383E-3, 0.44444404E-2, 0.56117080E-3, 0.22479093E-4
0.84229920E-3, 0.66421540E-4, 0.15012199E-2, 0.24303322E-3, 0.39434136E-3, 0.28858479E-3, 0.46891109E-2, 0.59191399E-3, 0.23710343E-4
0.63477311E-3, 0.66424909E-4, 0.15013157E-2, 0.24325684E-3, 0.46959746E-3, 0.34341219E-3, 0.55782869E-2, 0.70395501E-3, 0.28198050E-4
0.62996376E-3, 0.66430359E-4, 0.15047021E-2, 0.24359550E-3, 0.45705817E-3, 0.33401974E-3, 0.54254336E-2, 0.68445411E-3, 0.27416563E-4
0.60957269E-3, 0.66435197E-4, 0.15070187E-2, 0.24389844E-3, 0.49427297E-3, 0.36096215E-3, 0.58624176E-2, 0.73934725E-3, 0.29615001E-4
0.60484605E-3, 0.66441593E-4, 0.15116392E-2, 0.24428457E-3, 0.51780167E-3, 0.37790136E-3, 0.61381292E-2, 0.77385665E-3, 0.30996871E-4
0.61909668E-3, 0.66445238E-4, 0.15119839E-2, 0.24452072E-3, 0.43183673E-3, 0.31494821E-3, 0.51153437E-2, 0.64470299E-3, 0.25823287E-4
0.62186213E-3, 0.66448541E-4, 0.15117938E-2, 0.24473746E-3, 0.43142666E-3, 0.31442515E-3, 0.51056617E-2, 0.64329494E-3, 0.25766574E-4
0.67102257E-3, 0.66451787E-4, 0.15115542E-2, 0.24495189E-3, 0.45603525E-3, 0.33213053E-3, 0.53922134E-2, 0.67919510E-3, 0.27204200E-4
0.65950298E-3, 0.66454391E-4, 0.15102846E-2, 0.24513053E-3, 0.47105405E-3, 0.34282281E-3, 0.55645667E-2, 0.70068316E-3, 0.28064518E-4
0.59974176E-3, 0.66459907E-4, 0.15134831E-2, 0.24546694E-3, 0.55130606E-3, 0.40097372E-3, 0.65091094E-2, 0.81933307E-3, 0.32816362E-4
0.60096738E-3, 0.66465793E-4, 0.15170822E-2, 0.24582044E-3, 0.57267956E-3, 0.41626452E-3, 0.67592519E-2, 0.85049210E-3, 0.34063858E-4
0.61358005E-3, 0.66469715E-4, 0.15175771E-2, 0.24606584E-3, 0.62314665E-3, 0.45265051E-3, 0.73521538E-2, 0.92471566E-3, 0.37036061E-4
0.60080009E-3, 0.66479661E-4, 0.15248505E-2, 0.24658893E-3, 0.93084946E-3, 0.67585346E-3, 0.10989383E-1, 0.13814576E-2, 0.55328033E-4
0.60202467E-3, 0.66489898E-4, 0.15312569E-2, 0.24710203E-3, 0.96783735E-3, 0.70241577E-3, 0.11439693E-1, 0.14371357E-2, 0.57556517E-4
0.60330448E-3, 0.66499961E-4, 0.15359416E-2, 0.24757694E-3, 0.12062991E-2, 0.87520626E-3, 0.14284113E-1, 0.17931649E-2, 0.71813156E-4
0.60412550E-3, 0.66507331E-4, 0.15376981E-2, 0.24793003E-3, 0.12171487E-2, 0.88284514E-3, 0.14445411E-1, 0.18119504E-2, 0.72563089E-4
0.60482259E-3, 0.66513981E-4, 0.15388619E-2, 0.24825419E-3, 0.11110414E-2, 0.80564403E-3, 0.13213400E-1, 0.16561423E-2, 0.66321329E-4
0.60701260E-3, 0.66521316E-4, 0.15405923E-2, 0.24860588E-3, 0.10692606E-2, 0.77509589E-3, 0.12739193E-1, 0.15955747E-2, 0.63893989E-4
0.60697389E-3, 0.66530192E-4, 0.15436591E-2, 0.24902046E-3, 0.10250636E-2, 0.74279605E-3, 0.12232035E-1, 0.15310231E-2, 0.61307299E-4
0.60763687E-3, 0.66538254E-4, 0.15461692E-2, 0.24940528E-3, 0.98273822E-3, 0.71185001E-3, 0.11743107E-1, 0.14688877E-2, 0.58817604E-4
0.60824968E-3, 0.66544446E-4, 0.15469197E-2, 0.24971069E-3, 0.82464161E-3, 0.59707300E-3, 0.98637771E-2, 0.12331055E-2, 0.49375150E-4
0.61107456E-3, 0.66547662E-4, 0.15436359E-2, 0.24986471E-3, 0.82474644E-3, 0.59685216E-3, 0.98709967E-2, 0.12333691E-2, 0.49384631E-4
0.60849125E-3, 0.66551067E-4, 0.15400145E-2, 0.25001579E-3, 0.99556718E-3, 0.72015834E-3, 0.11927107E-1, 0.14894354E-2, 0.59636197E-4
0.60865656E-3, 0.66554625E-4, 0.15367008E-2, 0.25017603E-3, 0.11593156E-2, 0.83832338E-3, 0.13911768E-1, 0.17361245E-2, 0.69511487E-4
0.60880376E-3, 0.66558074E-4, 0.15335318E-2, 0.25033607E-3, 0.10592970E-2, 0.76575903E-3, 0.12734661E-1, 0.15881482E-2, 0.63584856E-4
0.60889870E-3, 0.66561232E-4, 0.15304436E-2, 0.25049006E-3, 0.95062307E-3, 0.68695133E-3, 0.11444362E-1, 0.14263651E-2, 0.57105997E-4
0.60897093E-3, 0.66564244E-4, 0.15274495E-2, 0.25064216E-3, 0.90536545E-3, 0.65394840E-3, 0.10909759E-1, 0.13589782E-2, 0.54406744E-4
0.61285082E-3, 0.66567729E-4, 0.15242018E-2, 0.25080002E-3, 0.86966011E-3, 0.62790734E-3, 0.10489959E-1, 0.13059955E-2, 0.52284318E-4
0.61067723E-3, 0.66570952E-4, 0.15204741E-2, 0.25094100E-3, 0.89029776E-3, 0.64252241E-3, 0.10747877E-1, 0.13374113E-2, 0.53540745E-4
0.61201159E-3, 0.66574394E-4, 0.15170418E-2, 0.25109254E-3, 0.89725089E-3, 0.64726174E-3, 0.10841613E-1, 0.13483681E-2, 0.53978092E-4
0.61075855E-3, 0.66577879E-4, 0.15137063E-2, 0.25124656E-3, 0.92863833E-3, 0.66962541E-3, 0.11231906E-1, 0.13961664E-2, 0.55890192E-4
0.60970359E-3, 0.66581437E-4, 0.15105219E-2, 0.25140439E-3, 0.96393819E-3, 0.69480611E-3, 0.11671954E-1, 0.14500729E-2, 0.58046659E-4
0.60983218E-3, 0.66584944E-4, 0.15075256E-2, 0.25156446E-3, 0.96649607E-3, 0.69637585E-3, 0.11716547E-1, 0.14548078E-2, 0.58234684E-4
0.61001524E-3, 0.66588553E-4, 0.15044468E-2, 0.25172476E-3, 0.96372905E-3, 0.69412537E-3, 0.11697305E-1, 0.14516221E-2, 0.58105659E-4
0.61094918E-3, 0.66592023E-4, 0.15011727E-2, 0.25187715E-3, 0.91058580E-3, 0.65559533E-3, 0.11064466E-1, 0.13723621E-2, 0.54931657E-4
0.61077671E-3, 0.66595429E-4, 0.14978719E-2, 0.25202686E-3, 0.95452950E-3, 0.68695901E-3, 0.11610504E-1, 0.14393395E-2, 0.57611145E-4
0.61046274E-3, 0.66599001E-4, 0.14950191E-2, 0.25218926E-3, 0.99126727E-3, 0.71313017E-3, 0.12071824E-1, 0.14957235E-2, 0.59866397E-4
0.61113742E-3, 0.66602763E-4, 0.14922805E-2, 0.25235745E-3, 0.10414032E-2, 0.74894272E-3, 0.12700059E-1, 0.15726879E-2, 0.62945190E-4
0.61118440E-3, 0.66606459E-4, 0.14897159E-2, 0.25252750E-3, 0.10054676E-2, 0.72286208E-3, 0.12279575E-1, 0.15197734E-2, 0.60825685E-4
0.61099656E-3, 0.66609718E-4, 0.14872571E-2, 0.25268810E-3, 0.88592205E-3, 0.63667737E-3, 0.10831707E-1, 0.13398969E-2, 0.53625175E-4
0.61098294E-3, 0.66612556E-4, 0.14849105E-2, 0.25284098E-3, 0.77073480E-3, 0.55364869E-3, 0.94292816E-2, 0.11658985E-2, 0.46660414E-4
0.61104191E-3, 0.66615219E-4, 0.14826916E-2, 0.25299221E-3, 0.76558959E-3, 0.54966792E-3, 0.93688508E-2, 0.11579534E-2, 0.46341516E-4
0.61116641E-3, 0.66618770E-4, 0.14806414E-2, 0.25316683E-3, 0.10134690E-2, 0.72737160E-3, 0.12414473E-1, 0.15336643E-2, 0.61376108E-4
0.61129348E-3, 0.66622160E-4, 0.14783611E-2, 0.25333269E-3, 0.88768342E-3, 0.63686131E-3, 0.10886025E-1, 0.13441714E-2, 0.53791358E-4
0.61134482E-3, 0.66625129E-4, 0.14760587E-2, 0.25348787E-3, 0.81695319E-3, 0.58586505E-3, 0.10025769E-1, 0.12374005E-2, 0.49517461E-4
0.61168929E-3, 0.66627887E-4, 0.14737711E-2, 0.25363790E-3, 0.73225820E-3, 0.52488298E-3, 0.89901444E-2, 0.11091365E-2, 0.44383789E-4
0.61138242E-3, 0.66630586E-4, 0.14717017E-2, 0.25379044E-3, 0.66837721E-3, 0.47885219E-3, 0.82069254E-2, 0.10121427E-2, 0.40501705E-4
0.61139086E-3, 0.66633242E-4, 0.14699555E-2, 0.25394824E-3, 0.57004712E-3, 0.40817869E-3, 0.69980752E-2, 0.86278183E-3, 0.34524350E-4
0.61143812E-3, 0.66636123E-4, 0.14688403E-2, 0.25412373E-3, 0.53990044E-3, 0.38636330E-3, 0.66247834E-2, 0.81652496E-3, 0.32672910E-4
0.61303331E-3, 0.66638946E-4, 0.14677852E-2, 0.25429818E-3, 0.50242490E-3, 0.35932718E-3, 0.61612166E-2, 0.75918372E-3, 0.30378009E-4
0.62590063E-3, 0.66641085E-4, 0.14658412E-2, 0.25443916E-3, 0.45663360E-3, 0.32637318E-3, 0.55953651E-2, 0.68928697E-3, 0.27580811E-4
0.66080212E-3, 0.66642722E-4, 0.14631936E-2, 0.25455351E-3, 0.40604803E-3, 0.29002764E-3, 0.49706078E-2, 0.61218516E-3, 0.24495415E-4
0.72185451E-3, 0.66644083E-4, 0.14602045E-2, 0.25465421E-3, 0.38856416E-3, 0.27735246E-3, 0.47510522E-2, 0.58502151E-3, 0.23408267E-4
0.79622481E-3, 0.66645131E-4, 0.14567914E-2, 0.25473873E-3, 0.37926238E-3, 0.27052840E-3, 0.46314034E-2, 0.57017233E-3, 0.22813871E-4
0.82791731E-3, 0.66646011E-4, 0.14531430E-2, 0.25481393E-3, 0.36909443E-3, 0.26309726E-3, 0.45012604E-2, 0.55403926E-3, 0.22168126E-4
0.95983961E-3, 0.66646615E-4, 0.14490373E-2, 0.25487226E-3, 0.32534896E-3, 0.23175214E-3, 0.39617359E-2, 0.48753986E-3, 0.19507177E-4
0.10167438E-2, 0.66646695E-4, 0.14441215E-2, 0.25490153E-3, 0.26932213E-3, 0.19170488E-3, 0.32736096E-2, 0.40279166E-3, 0.16116150E-4
0.10018034E-2, 0.66647262E-4, 0.14400801E-2, 0.25495907E-3, 0.24439007E-3, 0.17383018E-3, 0.29648575E-2, 0.36475004E-3, 0.14593968E-4
0.77570585E-3, 0.66650093E-4, 0.14396503E-2, 0.25514202E-3, 0.30395875E-3, 0.21603478E-3, 0.36803372E-2, 0.45270222E-3, 0.18112876E-4
0.67069975E-3, 0.66658860E-4, 0.14483609E-2, 0.25564837E-3, 0.35105925E-3, 0.24934977E-3, 0.42452458E-2, 0.52209257E-3, 0.20889038E-4
0.65031910E-3, 0.66666311E-4, 0.14549796E-2, 0.25608283E-3, 0.37984466E-3, 0.26961527E-3, 0.45876908E-2, 0.56409015E-3, 0.22569149E-4
0.63847972E-3, 0.66672357E-4, 0.14594473E-2, 0.25644182E-3, 0.38109173E-3, 0.27032240E-3, 0.45974515E-2, 0.56516693E-3, 0.22611992E-4
0.64935145E-3, 0.66676497E-4, 0.14609719E-2, 0.25669692E-3, 0.35079839E-3, 0.24866947E-3, 0.42269547E-2, 0.51951141E-3, 0.20785135E-4
0.74816647E-3, 0.66679117E-4, 0.14600964E-2, 0.25686770E-3, 0.31483491E-3, 0.22302328E-3, 0.37883793E-2, 0.46551813E-3, 0.18624742E-4
0.87356230E-3, 0.66680550E-4, 0.14573695E-2, 0.25697358E-3, 0.28198241E-3, 0.19961028E-3, 0.33875972E-2, 0.41619656E-3, 0.16651316E-4
0.10196186E-2, 0.66681256E-4, 0.14534605E-2, 0.25703784E-3, 0.26445650E-3, 0.18706867E-3, 0.31712167E-2, 0.38954895E-3, 0.15585076E-4
0.11141212E-2, 0.66681459E-4, 0.14487368E-2, 0.25707314E-3, 0.24980161E-3, 0.17657487E-3, 0.29896118E-2, 0.36718391E-3, 0.14690196E-4
0.93130156E-3, 0.66681983E-4, 0.14445838E-2, 0.25712702E-3, 0.27885876E-3, 0.19696544E-3, 0.33303921E-2, 0.40897282E-3, 0.16361957E-4
0.62150863E-3, 0.66692890E-4, 0.14551807E-2, 0.25772091E-3, 0.58639736E-3, 0.41393892E-3, 0.69967015E-2, 0.85897173E-3, 0.34364879E-4
0.64658525E-3, 0.66708482E-4, 0.14692395E-2, 0.25849615E-3, 0.72957150E-3, 0.51476585E-3, 0.87055322E-2, 0.10683323E-2, 0.42740030E-4
0.85676013E-3, 0.66718007E-4, 0.14735254E-2, 0.25893297E-3, 0.61567547E-3, 0.43419845E-3, 0.73464112E-2, 0.90116967E-3, 0.36051839E-4
0.83330611E-3, 0.66725690E-4, 0.14755874E-2, 0.25928242E-3, 0.65926858E-3, 0.46470269E-3, 0.78641279E-2, 0.96430106E-3, 0.38576803E-4
0.69353142E-3, 0.66734159E-4, 0.14789832E-2, 0.25967738E-3, 0.71534590E-3, 0.50398981E-3, 0.85330131E-2, 0.10458800E-2, 0.41839612E-4
0.63389738E-3, 0.66742105E-4, 0.14823934E-2, 0.26006048E-3, 0.75927807E-3, 0.53470425E-3, 0.90596005E-2, 0.11099234E-2, 0.44400731E-4
0.62854495E-3, 0.66748486E-4, 0.14844907E-2, 0.26038068E-3, 0.68973115E-3, 0.48550530E-3, 0.82317153E-2, 0.10080498E-2, 0.40324656E-4
0.62523398E-3, 0.66753826E-4, 0.14857590E-2, 0.26065976E-3, 0.62420068E-3, 0.43916175E-3, 0.74494462E-2, 0.91188797E-3, 0.36477297E-4
0.62811025E-3, 0.66758672E-4, 0.14866876E-2, 0.26092018E-3, 0.56829368E-3, 0.39961771E-3, 0.67804065E-2, 0.82968862E-3, 0.33188633E-4
0.61927806E-3, 0.66763248E-4, 0.14875358E-2, 0.26117280E-3, 0.50736323E-3, 0.35657338E-3, 0.60504358E-2, 0.74012158E-3, 0.29605408E-4
0.62769931E-3, 0.66768087E-4, 0.14888777E-2, 0.26144227E-3, 0.49464440E-3, 0.34743271E-3, 0.58948714E-2, 0.72087086E-3, 0.28834977E-4
0.64478326E-3, 0.66773784E-4, 0.14911895E-2, 0.26175063E-3, 0.50953496E-3, 0.35768579E-3, 0.60683335E-2, 0.74185466E-3, 0.29673934E-4
0.66507410E-3, 0.66779612E-4, 0.14938262E-2, 0.26206917E-3, 0.47396109E-3, 0.33251892E-3, 0.56405691E-2, 0.68935135E-3, 0.27573453E-4
0.67549816E-3, 0.66784778E-4, 0.14957329E-2, 0.26235741E-3, 0.43499080E-3, 0.30499406E-3, 0.51722256E-2, 0.63193560E-3, 0.25276562E-4
0.66517718E-3, 0.66789158E-4, 0.14967063E-2, 0.26260849E-3, 0.40324859E-3, 0.28256196E-3, 0.47899121E-2, 0.58507232E-3, 0.23401826E-4
0.64111355E-3, 0.66793204E-4, 0.14973766E-2, 0.26284563E-3, 0.37982973E-3, 0.26598363E-3, 0.45067817E-2, 0.55035384E-3, 0.22012911E-4
0.63594698E-3, 0.66797074E-4, 0.14978782E-2, 0.26307508E-3, 0.37973718E-3, 0.26574740E-3, 0.45004524E-2, 0.54944970E-3, 0.21976521E-4
0.64305670E-3, 0.66800167E-4, 0.14972269E-2, 0.26326286E-3, 0.36438333E-3, 0.25483826E-3, 0.43133963E-2, 0.52648841E-3, 0.21057913E-4
0.65177667E-3, 0.66802590E-4, 0.14956136E-2, 0.26341560E-3, 0.33629913E-3, 0.23504384E-3, 0.39759385E-2, 0.48519025E-3, 0.19405927E-4
0.69892034E-3, 0.66804627E-4, 0.14934267E-2, 0.26354712E-3, 0.29718113E-3, 0.20756417E-3, 0.35084458E-2, 0.42805413E-3, 0.17120525E-4
0.70442323E-3, 0.66806264E-4, 0.14906521E-2, 0.26365687E-3, 0.29158499E-3, 0.20351970E-3, 0.34372767E-2, 0.41929114E-3, 0.16769898E-4
0.72662707E-3, 0.66807916E-4, 0.14879805E-2, 0.26376877E-3, 0.31019523E-3, 0.21636329E-3, 0.36511470E-2, 0.44529251E-3, 0.17809700E-4
0.72781788E-3, 0.66809647E-4, 0.14854447E-2, 0.26388469E-3, 0.34524218E-3, 0.24064355E-3, 0.40574991E-2, 0.49474457E-3, 0.19787385E-4
0.62760408E-3, 0.66815584E-4, 0.14891103E-2, 0.26422358E-3, 0.44916043E-3, 0.31289636E-3, 0.52737193E-2, 0.64287474E-3, 0.25711586E-4
0.66487410E-3, 0.66821696E-4, 0.14928624E-2, 0.26456936E-3, 0.43306296E-3, 0.30150564E-3, 0.50802813E-2, 0.61911321E-3, 0.24760944E-4
0.86208252E-3, 0.66826578E-4, 0.14946344E-2, 0.26484631E-3, 0.33527851E-3, 0.23328162E-3, 0.39284532E-2, 0.47862151E-3, 0.19141882E-4
0.96087303E-3, 0.66830667E-4, 0.14952001E-2, 0.26508066E-3, 0.30486041E-3, 0.21197717E-3, 0.35663492E-2, 0.43441131E-3, 0.17373588E-4
0.88441680E-3, 0.66834451E-4, 0.14954240E-2, 0.26530086E-3, 0.30854903E-3, 0.21439933E-3, 0.36035599E-2, 0.43885293E-3, 0.17551070E-4
0.87364868E-3, 0.66838096E-4, 0.14955597E-2, 0.26551585E-3, 0.26525592E-3, 0.18419692E-3, 0.30930785E-2, 0.37661099E-3, 0.15061702E-4
0.10349600E-2, 0.66840999E-4, 0.14945643E-2, 0.26569053E-3, 0.22690943E-3, 0.15745655E-3, 0.26406466E-2, 0.32146863E-3, 0.12856322E-4
0.99302374E-3, 0.66843451E-4, 0.14929685E-2, 0.26584248E-3, 0.21821761E-3, 0.15131901E-3, 0.25343609E-2, 0.30848180E-3, 0.12336869E-4
0.95929537E-3, 0.66845627E-4, 0.14910160E-2, 0.26598017E-3, 0.22433590E-3, 0.15545459E-3, 0.26003607E-2, 0.31646620E-3, 0.12656102E-4
0.10629509E-2, 0.66847184E-4, 0.14880858E-2, 0.26608261E-3, 0.21515184E-3, 0.14898577E-3, 0.24887545E-2, 0.30283636E-3, 0.12110949E-4
0.10582118E-2, 0.66848348E-4, 0.14846270E-2, 0.26616550E-3, 0.21308275E-3, 0.14745048E-3, 0.24597079E-2, 0.29925603E-3, 0.11967694E-4
0.10265979E-2, 0.66849352E-4, 0.14809592E-2, 0.26623960E-3, 0.21644268E-3, 0.14967269E-3, 0.24934115E-2, 0.30330935E-3, 0.12129724E-4
0.10696786E-2, 0.66850102E-4, 0.14769391E-2, 0.26630028E-3, 0.21914551E-3, 0.15143855E-3, 0.25194425E-2, 0.30642716E-3, 0.12254341E-4
0.10844570E-2, 0.66850640E-4, 0.14725907E-2, 0.26634830E-3, 0.21846683E-3, 0.15086787E-3, 0.25065776E-2, 0.30481341E-3, 0.12189727E-4
0.11853061E-2, 0.66850844E-4, 0.14677313E-2, 0.26637776E-3, 0.20811673E-3, 0.14362345E-3, 0.23828242E-2, 0.28971830E-3, 0.11585998E-4
0.12369446E-2, 0.66850844E-4, 0.14625140E-2, 0.26639368E-3, 0.20366843E-3, 0.14045884E-3, 0.23268228E-2, 0.28286575E-3, 0.11311895E-4
0.12561081E-2, 0.66850727E-4, 0.14571920E-2, 0.26640459E-3, 0.20471818E-3, 0.14108836E-3, 0.23336990E-2, 0.28365786E-3, 0.11343509E-4
0.13018845E-2, 0.66850465E-4, 0.14516877E-2, 0.26640791E-3, 0.19527461E-3, 0.13449021E-3, 0.22211040E-2, 0.26993078E-3, 0.10794503E-4
0.13497494E-2, 0.66850029E-4, 0.14458696E-2, 0.26639923E-3, 0.18553218E-3, 0.12769675E-3, 0.21055681E-2, 0.25585201E-3, 0.10231443E-4
0.12905999E-2, 0.66849563E-4, 0.14400972E-2, 0.26639045E-3, 0.21070868E-3, 0.14492971E-3, 0.23859311E-2, 0.28987502E-3, 0.11591947E-4
0.15253446E-2, 0.66848967E-4, 0.14341093E-2, 0.26637301E-3, 0.17748283E-3, 0.12199707E-3, 0.20050977E-2, 0.24356900E-3, 0.97401407E-5
0.16398723E-2, 0.66848072E-4, 0.14276814E-2, 0.26633922E-3, 0.16004016E-3, 0.10993412E-3, 0.18034102E-2, 0.21903966E-3, 0.87591898E-5
0.15258385E-2, 0.66847220E-4, 0.14213860E-2, 0.26630811E-3, 0.17326561E-3, 0.11894123E-3, 0.19475527E-2, 0.23651541E-3, 0.94579891E-5
0.15539854E-2, 0.66846420E-4, 0.14152244E-2, 0.26627991E-3, 0.18037044E-3, 0.12373904E-3, 0.20225032E-2, 0.24558237E-3, 0.98205237E-5
0.15903015E-2, 0.66845474E-4, 0.14088650E-2, 0.26624338E-3, 0.18622268E-3, 0.12767198E-3, 0.20829879E-2, 0.25288889E-3, 0.10112649E-4
0.10974209E-2, 0.66845649E-4, 0.14044706E-2, 0.26627220E-3, 0.21071547E-3, 0.14437272E-3, 0.23516042E-2, 0.28545415E-3, 0.11414824E-4
0.99155365E-3, 0.66848981E-4, 0.14053552E-2, 0.26648041E-3, 0.20335501E-3, 0.13924653E-3, 0.22653874E-2, 0.27494133E-3, 0.10994370E-4
0.11846857E-2, 0.66850938E-4, 0.14039674E-2, 0.26661079E-3, 0.19248086E-3, 0.13171895E-3, 0.21399751E-2, 0.25967750E-3, 0.10383946E-4
0.97939291E-3, 0.66852197E-4, 0.14014653E-2, 0.26670209E-3, 0.21254596E-3, 0.14536298E-3, 0.23586238E-2, 0.28616094E-3, 0.11442895E-4
0.10122821E-2, 0.66853252E-4, 0.13986751E-2, 0.26678250E-3, 0.24402000E-3, 0.16679047E-3, 0.27031978E-2, 0.32790322E-3, 0.13111988E-4
0.11928619E-2, 0.66853521E-4, 0.13945502E-2, 0.26681690E-3, 0.23140125E-3, 0.15807283E-3, 0.25587832E-2, 0.31032262E-3, 0.12408899E-4
0.13406224E-2, 0.66853027E-4, 0.13891414E-2, 0.26680672E-3, 0.21438555E-3, 0.14636354E-3, 0.23659631E-2, 0.28688301E-3, 0.11471542E-4
0.15099882E-2, 0.66852081E-4, 0.13829438E-2, 0.26676871E-3, 0.18193845E-3, 0.12413830E-3, 0.20035179E-2, 0.24289331E-3, 0.97124766E-5
0.14137562E-2, 0.66851091E-4, 0.13767480E-2, 0.26672913E-3, 0.19632358E-3, 0.13387372E-3, 0.21570686E-2, 0.26146590E-3, 0.10455073E-4
0.14138820E-2, 0.66850400E-4, 0.13710957E-2, 0.26670613E-3, 0.23648248E-3, 0.16116565E-3, 0.25929639E-2, 0.31424302E-3, 0.12565359E-4
0.20631650E-2, 0.66848996E-4, 0.13643049E-2, 0.26664362E-3, 0.15743630E-3, 0.10723376E-3, 0.17222010E-2, 0.20867807E-3, 0.83441764E-5
0.27753662E-2, 0.66846675E-4, 0.13558735E-2, 0.26652479E-3, 0.10788772E-3, 0.73440839E-4, 0.11764994E-2, 0.14253864E-3, 0.56995141E-5
0.25935580E-2, 0.66844019E-4, 0.13469175E-2, 0.26638625E-3, 0.11021370E-3, 0.74978750E-4, 0.11977721E-2, 0.14510170E-3, 0.58019828E-5
0.25823754E-2, 0.66841501E-4, 0.13382680E-2, 0.26625584E-3, 0.10822208E-3, 0.73579962E-4, 0.11722523E-2, 0.14199593E-3, 0.56777803E-5
0.26181939E-2, 0.66838962E-4, 0.13296482E-2, 0.26612435E-3, 0.11285488E-3, 0.76684402E-4, 0.12183923E-2, 0.14756984E-3, 0.59006393E-5
0.28866418E-2, 0.66836219E-4, 0.13207362E-2, 0.26598101E-3, 0.90117494E-4, 0.61198582E-4, 0.96958387E-3, 0.11742332E-3, 0.46952073E-5
0.28748251E-2, 0.66833294E-4, 0.13115592E-2, 0.26582665E-3, 0.93486393E-4, 0.63449246E-4, 0.10022427E-2, 0.12136799E-3, 0.48529255E-5
0.26597159E-2, 0.66830522E-4, 0.13027369E-2, 0.26568191E-3, 0.10091483E-3, 0.68451940E-4, 0.10782303E-2, 0.13055770E-3, 0.52203659E-5
0.25897268E-2, 0.66827837E-4, 0.12941943E-2, 0.26554425E-3, 0.99564764E-4, 0.67497793E-4, 0.10602917E-2, 0.12837320E-3, 0.51330057E-5
0.23807231E-2, 0.66825334E-4, 0.12859505E-2, 0.26541439E-3, 0.10445129E-3, 0.70771210E-4, 0.11088420E-2, 0.13423798E-3, 0.53674967E-5
0.23273428E-2, 0.66822926E-4, 0.12779933E-2, 0.26529215E-3, 0.11425657E-3, 0.77372533E-4, 0.12093044E-2, 0.14638444E-3, 0.58531550E-5
0.21181505E-2, 0.66820627E-4, 0.12702885E-2, 0.26517623E-3, 0.12854212E-3, 0.87000044E-4, 0.13566620E-2, 0.16420211E-3, 0.65655704E-5
0.18851203E-2, 0.66818502E-4, 0.12630071E-2, 0.26507245E-3, 0.15316022E-3, 0.10360881E-3, 0.16124035E-2, 0.19512817E-3, 0.78021085E-5
0.18782817E-2, 0.66816443E-4, 0.12558789E-2, 0.26497201E-3, 0.15403198E-3, 0.10414529E-3, 0.16176176E-2, 0.19572899E-3, 0.78260955E-5
0.18171391E-2, 0.66814398E-4, 0.12488079E-2, 0.26487175E-3, 0.16371034E-3, 0.11063433E-3, 0.17152554E-2, 0.20750966E-3, 0.82971010E-5
0.17848193E-2, 0.66812405E-4, 0.12418906E-2, 0.26477480E-3, 0.18300286E-3, 0.12361124E-3, 0.19130114E-2, 0.23139335E-3, 0.92520231E-5
0.17306865E-2, 0.66810448E-4, 0.12351257E-2, 0.26468124E-3, 0.18601854E-3, 0.12558878E-3, 0.19403816E-2, 0.23465960E-3, 0.93825738E-5
0.18069408E-2, 0.66808236E-4, 0.12279350E-2, 0.26457186E-3, 0.16285347E-3, 0.10989743E-3, 0.16950618E-2, 0.20495492E-3, 0.81948292E-5
0.19499569E-2, 0.66805791E-4, 0.12203837E-2, 0.26444887E-3, 0.15686560E-3, 0.10580616E-3, 0.16289453E-2, 0.19692795E-3, 0.78738449E-5
0.21922791E-2, 0.66803121E-4, 0.12124708E-2, 0.26431211E-3, 0.12748646E-3, 0.85948224E-4, 0.13204493E-2, 0.15960916E-3, 0.63816901E-5
0.19989852E-2, 0.66800385E-4, 0.12045350E-2, 0.26417273E-3, 0.15352930E-3, 0.10345656E-3, 0.15861798E-2, 0.19170123E-3, 0.76648012E-5
0.18876976E-2, 0.66797700E-4, 0.11967088E-2, 0.26403498E-3, 0.16164512E-3, 0.10887525E-3, 0.16661236E-2, 0.20132959E-3, 0.80497348E-5
0.18130210E-2, 0.66795023E-4, 0.11889506E-2, 0.26389764E-3, 0.16482682E-3, 0.11096860E-3, 0.16951958E-2, 0.20480702E-3, 0.81887329E-5
0.18732346E-2, 0.66792301E-4, 0.11811628E-2, 0.26375742E-3, 0.15207034E-3, 0.10233431E-3, 0.15604916E-2, 0.18850061E-3, 0.75367248E-5
0.13784256E-2, 0.66789966E-4, 0.11741448E-2, 0.26364136E-3, 0.20344261E-3, 0.13684139E-3, 0.20830326E-2, 0.25157360E-3, 0.10058488E-4
0.71660243E-3, 0.66791952E-4, 0.11746575E-2, 0.26377884E-3, 0.25684229E-3, 0.17269301E-3, 0.26268482E-2, 0.31717334E-3, 0.12681229E-4
0.86936448E-3, 0.66793560E-4, 0.11746110E-2, 0.26389651E-3, 0.21181825E-3, 0.14236140E-3, 0.21638633E-2, 0.26120481E-3, 0.10443420E-4
0.10325748E-2, 0.66793786E-4, 0.11721797E-2, 0.26393257E-3, 0.18948635E-3, 0.12729809E-3, 0.19330280E-2, 0.23328933E-3, 0.93272529E-5
0.11502855E-2, 0.66793160E-4, 0.11683210E-2, 0.26391938E-3, 0.19637866E-3, 0.13187202E-3, 0.20002837E-2, 0.24135571E-3, 0.96496979E-5
0.14483392E-2, 0.66791712E-4, 0.11630651E-2, 0.26385821E-3, 0.18145316E-3, 0.12179721E-3, 0.18451157E-2, 0.22258691E-3, 0.88992520E-5
0.17208912E-2, 0.66789406E-4, 0.11562380E-2, 0.26374345E-3, 0.17496705E-3, 0.11739389E-3, 0.17757025E-2, 0.21417132E-3, 0.85627435E-5
0.18579742E-2, 0.66786626E-4, 0.11485944E-2, 0.26359997E-3, 0.16377389E-3, 0.10983810E-3, 0.16586322E-2, 0.20001370E-3, 0.79966703E-5
0.19049539E-2, 0.66783679E-4, 0.11407158E-2, 0.26344685E-3, 0.16060263E-3, 0.10766667E-3, 0.16229965E-2, 0.19568116E-3, 0.78234161E-5
0.12008469E-2, 0.66781453E-4, 0.11342131E-2, 0.26333745E-3, 0.20669978E-3, 0.13851419E-3, 0.20850359E-2, 0.25133713E-3, 0.10048508E-4
0.97256474E-3, 0.66780820E-4, 0.11306511E-2, 0.26332465E-3, 0.23411943E-3, 0.15682800E-3, 0.23584934E-2, 0.28423092E-3, 0.11363531E-4
0.12440602E-2, 0.66779881E-4, 0.11265817E-2, 0.26329377E-3, 0.18785959E-3, 0.12579188E-3, 0.18898777E-2, 0.22770208E-3, 0.91034526E-5
0.17782331E-2, 0.66778070E-4, 0.11209638E-2, 0.26321027E-3, 0.15995078E-3, 0.10706079E-3, 0.16061409E-2, 0.19347809E-3, 0.77351469E-5
0.22755060E-2, 0.66775487E-4, 0.11139608E-2, 0.26307939E-3, 0.11405869E-3, 0.76313714E-4, 0.11427914E-2, 0.13764077E-3, 0.55027799E-5
0.18731738E-2, 0.66772489E-4, 0.11062114E-2, 0.26292237E-3, 0.13251792E-3, 0.88626613E-4, 0.13243404E-2, 0.15948470E-3, 0.63760617E-5
0.17630435E-2, 0.66769753E-4, 0.10989276E-2, 0.26277971E-3, 0.14266418E-3, 0.95375763E-4, 0.14228342E-2, 0.17131898E-3, 0.68491586E-5
0.15320402E-2, 0.66768043E-4, 0.10935528E-2, 0.26269953E-3, 0.15697262E-3, 0.10490037E-3, 0.15624188E-2, 0.18809365E-3, 0.75197595E-5
0.13522115E-2, 0.66768363E-4, 0.10918574E-2, 0.26274126E-3, 0.14295266E-3, 0.95494579E-4, 0.14203689E-2, 0.17096312E-3, 0.68348718E-5
0.14862315E-2, 0.66768487E-4, 0.10899208E-2, 0.26277383E-3, 0.13413136E-3, 0.89566463E-4, 0.13302650E-2, 0.16009192E-3, 0.64002334E-5
0.14399219E-2, 0.66768705E-4, 0.10880396E-2, 0.26280936E-3, 0.16125328E-3, 0.10763548E-3, 0.15963023E-2, 0.19207549E-3, 0.76788556E-5
0.11122156E-2, 0.66771143E-4, 0.10899981E-2, 0.26297549E-3, 0.17899717E-3, 0.11943479E-3, 0.17691354E-2, 0.21282968E-3, 0.85085258E-5
0.84809575E-3, 0.66775239E-4, 0.10949548E-2, 0.26324202E-3, 0.20230815E-3, 0.13493860E-3, 0.19968841E-2, 0.24017469E-3, 0.96016756E-5
0.65835728E-3, 0.66779889E-4, 0.11009651E-2, 0.26354383E-3, 0.24589690E-3, 0.16395281E-3, 0.24246005E-2, 0.29154186E-3, 0.11655146E-4
0.60800475E-3, 0.66783876E-4, 0.11058925E-2, 0.26380853E-3, 0.26959940E-3, 0.17969424E-3, 0.26561546E-2, 0.31928817E-3, 0.12764275E-4
0.70671597E-3, 0.66786575E-4, 0.11085776E-2, 0.26399762E-3, 0.27836263E-3, 0.18547157E-3, 0.27403587E-2, 0.32930422E-3, 0.13164570E-4
0.85212395E-3, 0.66787768E-4, 0.11085982E-2, 0.26409695E-3, 0.24267798E-3, 0.16163987E-3, 0.23869188E-2, 0.28674369E-3, 0.11463034E-4
0.97460113E-3, 0.66788059E-4, 0.11070083E-2, 0.26414200E-3, 0.21747810E-3, 0.14480324E-3, 0.21366267E-2, 0.25660588E-3, 0.10258156E-4
0.13029388E-2, 0.66787739E-4, 0.11043084E-2, 0.26414968E-3, 0.17288599E-3, 0.11507060E-3, 0.16961439E-2, 0.20365726E-3, 0.81414155E-5
0.13732555E-2, 0.66787055E-4, 0.11009861E-2, 0.26413603E-3, 0.16392219E-3, 0.10906372E-3, 0.16055779E-2, 0.19274426E-3, 0.77051172E-5
0.15950524E-2, 0.66785899E-4, 0.10967739E-2, 0.26409197E-3, 0.14171338E-3, 0.94251998E-4, 0.13855211E-2, 0.16629677E-3, 0.66478269E-5
0.15338373E-2, 0.66785229E-4, 0.10933373E-2, 0.26407503E-3, 0.16821698E-3, 0.11183770E-3, 0.16416280E-2, 0.19699948E-3, 0.78751509E-5
0.14145300E-2, 0.66785848E-4, 0.10919765E-2, 0.26413013E-3, 0.17233408E-3, 0.11453448E-3, 0.16790042E-2, 0.20144359E-3, 0.80527634E-5
0.10130920E-2, 0.66788656E-4, 0.10945972E-2, 0.26431840E-3, 0.21320712E-3, 0.14164830E-3, 0.20741855E-2, 0.24879925E-3, 0.99457602E-5
0.98990102E-3, 0.66791676E-4, 0.10977777E-2, 0.26452320E-3, 0.19801169E-3, 0.13150602E-3, 0.19239194E-2, 0.23071739E-3, 0.92228793E-5
0.11928705E-2, 0.66792687E-4, 0.10975829E-2, 0.26461284E-3, 0.18285992E-3, 0.12139957E-3, 0.17742666E-2, 0.21272179E-3, 0.85034590E-5
0.12036085E-2, 0.66792541E-4, 0.10953163E-2, 0.26463188E-3, 0.19853687E-3, 0.13176090E-3, 0.19236545E-2, 0.23057892E-3, 0.92172377E-5
0.12933755E-2, 0.66791865E-4, 0.10920948E-2, 0.26461828E-3, 0.20903394E-3, 0.13867949E-3, 0.20225164E-2, 0.24236889E-3, 0.96884742E-5
0.13933243E-2, 0.66790541E-4, 0.10877589E-2, 0.26456692E-3, 0.20899880E-3, 0.13860945E-3, 0.20192654E-2, 0.24191754E-3, 0.96703679E-5
0.14708376E-2, 0.66788809E-4, 0.10826377E-2, 0.26448845E-3, 0.21158022E-3, 0.14027457E-3, 0.20411443E-2, 0.24447573E-3, 0.97725660E-5
0.14850913E-2, 0.66786808E-4, 0.10771265E-2, 0.26439593E-3, 0.18204040E-3, 0.12065117E-3, 0.17535548E-2, 0.20997897E-3, 0.83935547E-5
0.14592352E-2, 0.66784778E-4, 0.10715744E-2, 0.26430067E-3, 0.22039186E-3, 0.14602060E-3, 0.21196781E-2, 0.25375778E-3, 0.10143474E-4
0.14842924E-2, 0.66782683E-4, 0.10659008E-2, 0.26420012E-3, 0.21181526E-3, 0.14029365E-3, 0.20342253E-2, 0.24346268E-3, 0.97318789E-5
0.14815718E-2, 0.66780529E-4, 0.10601900E-2, 0.26409701E-3, 0.25264543E-3, 0.16728496E-3, 0.24229093E-2, 0.28989880E-3, 0.11587973E-4
0.14873398E-2, 0.66778346E-4, 0.10544908E-2, 0.26399290E-3, 0.27588962E-3, 0.18262288E-3, 0.26425035E-2, 0.31606955E-3, 0.12633978E-4
0.15682718E-2, 0.66776112E-4, 0.10486883E-2, 0.26388399E-3, 0.23030268E-3, 0.15240349E-3, 0.22030391E-2, 0.26342180E-3, 0.10529449E-4
0.20731518E-2, 0.66773559E-4, 0.10423671E-2, 0.26375678E-3, 0.14886091E-3, 0.98478500E-4, 0.14214540E-2, 0.16992554E-3, 0.67921942E-5
0.22284095E-2, 0.66770757E-4, 0.10356053E-2, 0.26361368E-3, 0.13787957E-3, 0.91184542E-4, 0.13137679E-2, 0.15702411E-3, 0.62764757E-5
0.23790097E-2, 0.66767832E-4, 0.10286121E-2, 0.26346144E-3, 0.12121171E-3, 0.80135796E-4, 0.11522674E-2, 0.13769876E-3, 0.55039927E-5
0.20977641E-2, 0.66765147E-4, 0.10221746E-2, 0.26332572E-3, 0.12546232E-3, 0.82919789E-4, 0.11900414E-2, 0.14219066E-3, 0.56835174E-5
0.22735356E-2, 0.66762514E-4, 0.10158742E-2, 0.26319304E-3, 0.12024419E-3, 0.79445883E-4, 0.11380173E-2, 0.13595347E-3, 0.54341881E-5
0.22145498E-2, 0.66759647E-4, 0.10091858E-2, 0.26304609E-3, 0.11496410E-3, 0.75933647E-4, 0.10855920E-2, 0.12967104E-3, 0.51830525E-5
0.19632061E-2, 0.66757195E-4, 0.10033085E-2, 0.26292418E-3, 0.12216684E-3, 0.80666177E-4, 0.11511813E-2, 0.13748463E-3, 0.54953489E-5
0.21326214E-2, 0.66755070E-4, 0.99811808E-3, 0.26282354E-3, 0.10553068E-3, 0.69659684E-4, 0.99232257E-3, 0.11849488E-3, 0.47363001E-5
0.19329309E-2, 0.66752888E-4, 0.99285424E-3, 0.26271935E-3, 0.11632051E-3, 0.76757620E-4, 0.10913501E-2, 0.13030133E-3, 0.52081923E-5
0.16682958E-2, 0.66751956E-4, 0.98997424E-3, 0.26269266E-3, 0.12861930E-3, 0.84847816E-4, 0.12045369E-2, 0.14379244E-3, 0.57474140E-5
0.94219029E-3, 0.66754525E-4, 0.99336263E-3, 0.26287607E-3, 0.19898597E-3, 0.13122651E-3, 0.18606053E-2, 0.22206434E-3, 0.88759134E-5
0.49923261E-3, 0.66766050E-4, 0.10125099E-2, 0.26359421E-3, 0.37488050E-3, 0.24716230E-3, 0.35035608E-2, 0.41799864E-3, 0.16707258E-4
0.62402140E-3, 0.66775145E-4, 0.10272320E-2, 0.26416616E-3, 0.28758956E-3, 0.18956493E-3, 0.26870507E-2, 0.32044423E-3, 0.12807903E-4
0.88841113E-3, 0.66780427E-4, 0.10350504E-2, 0.26450885E-3, 0.20226173E-3, 0.13328186E-3, 0.18882479E-2, 0.22511062E-3, 0.89974255E-5
0.85837278E-3, 0.66784014E-4, 0.10398217E-2, 0.26475012E-3, 0.23608231E-3, 0.15552118E-3, 0.22018186E-2, 0.26241894E-3, 0.10488525E-4
0.82868634E-3, 0.66788140E-4, 0.10454094E-2, 0.26502155E-3, 0.23859630E-3, 0.15713111E-3, 0.22232658E-2, 0.26489288E-3, 0.10587325E-4
0.95918350E-3, 0.66794011E-4, 0.10536027E-2, 0.26538808E-3, 0.23381051E-3, 0.15393441E-3, 0.21766771E-2, 0.25926199E-3, 0.10362187E-4
0.81079325E-3, 0.66799847E-4, 0.10613634E-2, 0.26574568E-3, 0.30097066E-3, 0.19809333E-3, 0.27995342E-2, 0.33333409E-3, 0.13322590E-4
0.73836261E-3, 0.66807093E-4, 0.10711239E-2, 0.26617796E-3, 0.36664295E-3, 0.24125518E-3, 0.34086902E-2, 0.40568918E-3, 0.16214281E-4
0.71031245E-3, 0.66812085E-4, 0.10774449E-2, 0.26648850E-3, 0.27270266E-3, 0.17939416E-3, 0.25341315E-2, 0.30147485E-3, 0.12048992E-4
0.65856247E-3, 0.66815919E-4, 0.10818879E-2, 0.26673317E-3, 0.28367568E-3, 0.18655851E-3, 0.26344121E-2, 0.31329074E-3, 0.12521123E-4
0.63992158E-3, 0.66820074E-4, 0.10868610E-2, 0.26699706E-3, 0.29049686E-3, 0.19099021E-3, 0.26961847E-2, 0.32051638E-3, 0.12809782E-4
0.58896706E-3, 0.66824425E-4, 0.10921410E-2, 0.26727229E-3, 0.31035847E-3, 0.20399001E-3, 0.28789798E-2, 0.34211195E-3, 0.13672741E-4
0.54111017E-3, 0.66829110E-4, 0.10979826E-2, 0.26756735E-3, 0.34711882E-3, 0.22808897E-3, 0.32187297E-2, 0.38232023E-3, 0.15279527E-4
0.57399296E-3, 0.66833047E-4, 0.11025663E-2, 0.26781979E-3, 0.33895331E-3, 0.22266280E-3, 0.31419462E-2, 0.37303183E-3, 0.14908148E-4
0.66361274E-3, 0.66836670E-4, 0.11065602E-2, 0.26805329E-3, 0.32766763E-3, 0.21519007E-3, 0.30360371E-2, 0.36029989E-3, 0.14399161E-4
0.73299534E-3, 0.66840505E-4, 0.11108301E-2, 0.26829750E-3, 0.30381029E-3, 0.19946568E-3, 0.28134757E-2, 0.33374934E-3, 0.13337942E-4
0.93566114E-3, 0.66842156E-4, 0.11114542E-2, 0.26841689E-3, 0.31251030E-3, 0.20512032E-3, 0.28922411E-2, 0.34295430E-3, 0.13705665E-4
0.10316515E-2, 0.66842236E-4, 0.11093899E-2, 0.26844474E-3, 0.24348489E-3, 0.15976944E-3, 0.22515263E-2, 0.26688151E-3, 0.10665430E-4
0.10443029E-2, 0.66842185E-4, 0.11071184E-2, 0.26846479E-3, 0.27291742E-3, 0.17902869E-3, 0.25211819E-2, 0.29874354E-3, 0.11938633E-4
0.10523971E-2, 0.66842244E-4, 0.11050645E-2, 0.26849125E-3, 0.36699409E-3, 0.24067583E-3, 0.33876954E-2, 0.40125221E-3, 0.16035005E-4
0.10970206E-2, 0.66842142E-4, 0.11027437E-2, 0.26850819E-3, 0.31534370E-3, 0.20675147E-3, 0.29090620E-2, 0.34440498E-3, 0.13763098E-4
0.11454859E-2, 0.66841880E-4, 0.11001555E-2, 0.26851558E-3, 0.34104235E-3, 0.22354249E-3, 0.31437939E-2, 0.37203438E-3, 0.14867062E-4
0.11831643E-2, 0.66841414E-4, 0.10972262E-2, 0.26851080E-3, 0.27699271E-3, 0.18151327E-3, 0.25513361E-2, 0.30179913E-3, 0.12060231E-4
0.12262490E-2, 0.66840854E-4, 0.10941578E-2, 0.26850068E-3, 0.30503899E-3, 0.19983758E-3, 0.28070039E-2, 0.33191519E-3, 0.13263571E-4
0.11236406E-2, 0.66840323E-4, 0.10911657E-2, 0.26849224E-3, 0.34482646E-3, 0.22584546E-3, 0.31705101E-2, 0.37473731E-3, 0.14974620E-4
0.82040147E-3, 0.66841778E-4, 0.10917687E-2, 0.26860359E-3, 0.34809986E-3, 0.22793257E-3, 0.31988977E-2, 0.37791891E-3, 0.15101580E-4
0.47396033E-3, 0.66850444E-4, 0.11042907E-2, 0.26912775E-3, 0.57109410E-3, 0.37387016E-3, 0.52486397E-2, 0.61970350E-3, 0.24762878E-4
0.47403749E-3, 0.66861940E-4, 0.11209019E-2, 0.26980333E-3, 0.55009878E-3, 0.36006441E-3, 0.50586970E-2, 0.59683406E-3, 0.23848583E-4
0.47881922E-3, 0.66869776E-4, 0.11314476E-2, 0.27027141E-3, 0.54366112E-3, 0.35578193E-3, 0.50018504E-2, 0.58970251E-3, 0.23563185E-4
0.48529141E-3, 0.66874840E-4, 0.11374666E-2, 0.27058291E-3, 0.47980051E-3, 0.31392649E-3, 0.44159060E-2, 0.52026974E-3, 0.20788451E-4
0.50260412E-3, 0.66878711E-4, 0.11415405E-2, 0.27082735E-3, 0.49858820E-3, 0.32614835E-3, 0.45899511E-2, 0.54042815E-3, 0.21593569E-4
0.51255379E-3, 0.66882065E-4, 0.11446861E-2, 0.27104115E-3, 0.46353973E-3, 0.30315161E-3, 0.42679706E-2, 0.50219992E-3, 0.20065778E-4
0.51724212E-3, 0.66888213E-4, 0.11516924E-2, 0.27139980E-3, 0.57367270E-3, 0.37509933E-3, 0.52837087E-2, 0.62129839E-3, 0.24824016E-4
0.54599805E-3, 0.66896631E-4, 0.11606306E-2, 0.27185265E-3, 0.74091111E-3, 0.48437779E-3, 0.68298546E-2, 0.80242014E-3, 0.32060052E-4
0.57451637E-3, 0.66905799E-4, 0.11682860E-2, 0.27229841E-3, 0.90149685E-3, 0.58931950E-3, 0.83225807E-2, 0.97675540E-3, 0.39024435E-4
0.56777976E-3, 0.66914617E-4, 0.11745610E-2, 0.27270862E-3, 0.94535737E-3, 0.61796210E-3, 0.87432098E-2, 0.10248972E-2, 0.40946612E-4
0.54431462E-3, 0.66923443E-4, 0.11811932E-2, 0.27312711E-3, 0.10073998E-2, 0.65849890E-3, 0.93357004E-2, 0.10929768E-2, 0.43665117E-4
0.50874095E-3, 0.66931934E-4, 0.11878908E-2, 0.27353948E-3, 0.11031993E-2, 0.72112348E-3, 0.10247319E-1, 0.11980912E-2, 0.47862839E-4
0.50042529E-3, 0.66939334E-4, 0.11939943E-2, 0.27391437E-3, 0.95716288E-3, 0.62565913E-3, 0.89108134E-2, 0.10404605E-2, 0.41564177E-4
0.49497065E-3, 0.66945831E-4, 0.11995409E-2, 0.27425727E-3, 0.93885319E-3, 0.61366323E-3, 0.87571070E-2, 0.10212901E-2, 0.40797077E-4
0.48872834E-3, 0.66951376E-4, 0.12041648E-2, 0.27455910E-3, 0.90870622E-3, 0.59392554E-3, 0.84914081E-2, 0.98915352E-3, 0.39512128E-4
0.48828701E-3, 0.66956229E-4, 0.12081012E-2, 0.27483149E-3, 0.83870621E-3, 0.54813118E-3, 0.78500602E-2, 0.91344398E-3, 0.36486817E-4
0.49320597E-3, 0.66960180E-4, 0.12109525E-2, 0.27506077E-3, 0.84714452E-3, 0.55359071E-3, 0.79406193E-2, 0.92301721E-3, 0.36868183E-4
0.48934802E-3, 0.66963090E-4, 0.12124052E-2, 0.27523737E-3, 0.70826267E-3, 0.46278015E-3, 0.66472734E-2, 0.77192881E-3, 0.30832423E-4
0.49645081E-3, 0.66966975E-4, 0.12151584E-2, 0.27546324E-3, 0.69235888E-3, 0.45230900E-3, 0.65036095E-2, 0.75459154E-3, 0.30139221E-4
0.49445999E-3, 0.66976201E-4, 0.12248686E-2, 0.27595757E-3, 0.82640658E-3, 0.53981686E-3, 0.77721183E-2, 0.90093259E-3, 0.35983361E-4
0.50216401E-3, 0.66985172E-4, 0.12329055E-2, 0.27641290E-3, 0.95741067E-3, 0.62534254E-3, 0.90190470E-2, 0.10443378E-2, 0.41709747E-4
0.53335266E-3, 0.66992696E-4, 0.12374538E-2, 0.27676372E-3, 0.94976852E-3, 0.62032102E-3, 0.89638410E-2, 0.10367407E-2, 0.41405023E-4
0.52008033E-3, 0.66999717E-4, 0.12408572E-2, 0.27708017E-3, 0.10258405E-2, 0.66997448E-3, 0.97005842E-2, 0.11206138E-2, 0.44753240E-4
0.50357194E-3, 0.67007961E-4, 0.12457856E-2, 0.27745654E-3, 0.11278542E-2, 0.73659187E-3, 0.10689555E-1, 0.12332664E-2, 0.49250411E-4
0.49651880E-3, 0.67015390E-4, 0.12499223E-2, 0.27779822E-3, 0.11862897E-2, 0.77477953E-3, 0.11272792E-1, 0.12987624E-2, 0.51863979E-4
0.49599941E-3, 0.67023233E-4, 0.12549678E-2, 0.27816853E-3, 0.11819811E-2, 0.77199086E-3, 0.11261921E-1, 0.12956929E-2, 0.51739331E-4
0.49763481E-3, 0.67031804E-4, 0.12612579E-2, 0.27858207E-3, 0.11629346E-2, 0.75956795E-3, 0.11109345E-1, 0.12763792E-2, 0.50966097E-4
0.50156208E-3, 0.67040390E-4, 0.12671745E-2, 0.27898903E-3, 0.13577160E-2, 0.88684482E-3, 0.13008003E-1, 0.14923391E-2, 0.59586906E-4
0.49991644E-3, 0.67048495E-4, 0.12719571E-2, 0.27936150E-3, 0.13746322E-2, 0.89799048E-3, 0.13213873E-1, 0.15135690E-2, 0.60431816E-4
0.50108111E-3, 0.67057132E-4, 0.12771641E-2, 0.27975641E-3, 0.14231093E-2, 0.92976383E-3, 0.13726383E-1, 0.15697695E-2, 0.62672763E-4
0.50395110E-3, 0.67065361E-4, 0.12821404E-2, 0.28013729E-3, 0.12687389E-2, 0.82899124E-3, 0.12277071E-1, 0.14018833E-2, 0.55967397E-4
0.56504901E-3, 0.67073575E-4, 0.12869328E-2, 0.28051433E-3, 0.98553277E-3, 0.64394338E-3, 0.95591377E-2, 0.10901460E-2, 0.43520246E-4
0.59793727E-3, 0.67081535E-4, 0.12911442E-2, 0.28087414E-3, 0.88280847E-3, 0.57677628E-3, 0.85765170E-2, 0.97706786E-3, 0.39004768E-4
0.56635129E-3, 0.67090099E-4, 0.12961141E-2, 0.28126340E-3, 0.93132840E-3, 0.60841447E-3, 0.90611354E-2, 0.10312430E-2, 0.41166219E-4
0.52587519E-3, 0.67098706E-4, 0.13009468E-2, 0.28165191E-3, 0.99627802E-3, 0.65080007E-3, 0.97098984E-2, 0.11039081E-2, 0.44065520E-4
0.53188961E-3, 0.67105968E-4, 0.13041319E-2, 0.28197531E-3, 0.11307033E-2, 0.73857728E-3, 0.11042365E-1, 0.12539419E-2, 0.50052760E-4
0.51413005E-3, 0.67114990E-4, 0.13098926E-2, 0.28239301E-3, 0.12978315E-2, 0.84776868E-3, 0.12707696E-1, 0.14411586E-2, 0.57523415E-4
0.52512216E-3, 0.67123656E-4, 0.13151288E-2, 0.28279232E-3, 0.14091707E-2, 0.92057203E-3, 0.13840661E-1, 0.15673711E-2, 0.62558305E-4
0.51477412E-3, 0.67132532E-4, 0.13205507E-2, 0.28320067E-3, 0.13070144E-2, 0.85390825E-3, 0.12877540E-1, 0.14561900E-2, 0.58118087E-4
0.52751257E-3, 0.67142173E-4, 0.13265351E-2, 0.28363900E-3, 0.12343279E-2, 0.80646185E-3, 0.12195606E-1, 0.13772291E-2, 0.54964305E-4
0.52177813E-3, 0.67151392E-4, 0.13324139E-2, 0.28406587E-3, 0.11033961E-2, 0.72091538E-3, 0.10928145E-1, 0.12325867E-2, 0.49189795E-4
0.51806419E-3, 0.67160276E-4, 0.13384264E-2, 0.28448782E-3, 0.11483558E-2, 0.75027277E-3, 0.11398665E-1, 0.12841605E-2, 0.51246039E-4
0.51958882E-3, 0.67168461E-4, 0.13441602E-2, 0.28488861E-3, 0.98607189E-3, 0.64421952E-3, 0.98078316E-2, 0.11037219E-2, 0.44043827E-4
0.52248721E-3, 0.67176268E-4, 0.13499128E-2, 0.28528136E-3, 0.94964402E-3, 0.62035874E-3, 0.94606830E-2, 0.10636023E-2, 0.42441497E-4
0.52888168E-3, 0.67183501E-4, 0.13554202E-2, 0.28565599E-3, 0.94253075E-3, 0.61564572E-3, 0.94040874E-2, 0.10562253E-2, 0.42145806E-4
0.54341689E-3, 0.67189416E-4, 0.13595528E-2, 0.28597238E-3, 0.81343931E-3, 0.53125271E-3, 0.81263902E-2, 0.91190782E-3, 0.36386133E-4
0.52830734E-3, 0.67194182E-4, 0.13623827E-2, 0.28623530E-3, 0.71683293E-3, 0.46807466E-3, 0.71675708E-2, 0.80369174E-3, 0.32067361E-4
0.54634752E-3, 0.67197558E-4, 0.13633562E-2, 0.28642835E-3, 0.53509092E-3, 0.34931544E-3, 0.53522270E-2, 0.59975917E-3, 0.23929924E-4
0.53172687E-3, 0.67200890E-4, 0.13644416E-2, 0.28662261E-3, 0.49365731E-3, 0.32217399E-3, 0.49376055E-2, 0.55301143E-3, 0.22064349E-4
0.54511358E-3, 0.67204754E-4, 0.13663726E-2, 0.28684631E-3, 0.49278530E-3, 0.32149974E-3, 0.49277525E-2, 0.55163488E-3, 0.22009055E-4
0.56820677E-3, 0.67213703E-4, 0.13751540E-2, 0.28732873E-3, 0.65098767E-3, 0.42460335E-3, 0.65108198E-2, 0.72843523E-3, 0.29062465E-4
0.54799474E-3, 0.67224566E-4, 0.13853080E-2, 0.28788552E-3, 0.81254262E-3, 0.52986905E-3, 0.81322379E-2, 0.90917834E-3, 0.36272726E-4
0.53043856E-3, 0.67235458E-4, 0.13945197E-2, 0.28842533E-3, 0.10732296E-2, 0.69978402E-3, 0.10756841E-1, 0.12014874E-2, 0.47933248E-4
0.52786322E-3, 0.67244895E-4, 0.14017153E-2, 0.28889073E-3, 0.10486764E-2, 0.68371673E-3, 0.10529996E-1, 0.11749141E-2, 0.46871432E-4
0.53142325E-3, 0.67254921E-4, 0.14077723E-2, 0.28934769E-3, 0.11275867E-2, 0.73513284E-3, 0.11345290E-1, 0.12645321E-2, 0.50444760E-4
0.53165905E-3, 0.67263340E-4, 0.14114362E-2, 0.28971868E-3, 0.13158784E-2, 0.85787725E-3, 0.13271373E-1, 0.14774589E-2, 0.58936432E-4
0.53031417E-3, 0.67272100E-4, 0.14155339E-2, 0.29010692E-3, 0.13391323E-2, 0.87307137E-3, 0.13543729E-1, 0.15058478E-2, 0.60066166E-4
0.53151144E-3, 0.67281238E-4, 0.14201660E-2, 0.29051551E-3, 0.14353525E-2, 0.93586236E-3, 0.14560303E-1, 0.16167363E-2, 0.64486332E-4
0.53271098E-3, 0.67289875E-4, 0.14242637E-2, 0.29090187E-3, 0.14519622E-2, 0.94677100E-3, 0.14775596E-1, 0.16384048E-2, 0.65347405E-4
0.53453358E-3, 0.67298664E-4, 0.14284627E-2, 0.29129401E-3, 0.12913459E-2, 0.84208639E-3, 0.13179634E-1, 0.14595576E-2, 0.58211408E-4
0.53677277E-3, 0.67308123E-4, 0.14337862E-2, 0.29172510E-3, 0.12094894E-2, 0.78870804E-3, 0.12374660E-1, 0.13688265E-2, 0.54590477E-4
0.53658406E-3, 0.67317400E-4, 0.14388984E-2, 0.29214783E-3, 0.13523849E-2, 0.88188966E-3, 0.13871370E-1, 0.15325911E-2, 0.61118975E-4
0.53800800E-3, 0.67327455E-4, 0.14443615E-2, 0.29259652E-3, 0.12145340E-2, 0.79201325E-3, 0.12489816E-1, 0.13783366E-2, 0.54964981E-4
0.53951307E-3, 0.67337191E-4, 0.14494162E-2, 0.29303011E-3, 0.15906531E-2, 0.10373329E-2, 0.16404826E-1, 0.18081267E-2, 0.72100673E-4
0.54056535E-3, 0.67345187E-4, 0.14526572E-2, 0.29338617E-3, 0.13091386E-2, 0.85381139E-3, 0.13543728E-1, 0.14908442E-2, 0.59445811E-4
0.54523791E-3, 0.67354013E-4, 0.14564383E-2, 0.29377290E-3, 0.11426011E-2, 0.74518885E-3, 0.11848497E-1, 0.13028317E-2, 0.51946834E-4
0.55411196E-3, 0.67362729E-4, 0.14600363E-2, 0.29415407E-3, 0.10944833E-2, 0.71375642E-3, 0.11371043E-1, 0.12491135E-2, 0.49803089E-4
0.55382540E-3, 0.67372785E-4, 0.14652266E-2, 0.29459895E-3, 0.11348032E-2, 0.73999423E-3, 0.11811857E-1, 0.12962888E-2, 0.51682069E-4
0.55129203E-3, 0.67383313E-4, 0.14710166E-2, 0.29506799E-3, 0.11135200E-2, 0.72606525E-3, 0.11612377E-1, 0.12731683E-2, 0.50758346E-4
0.54766046E-3, 0.67392895E-4, 0.14755402E-2, 0.29548944E-3, 0.12252226E-2, 0.79885399E-3, 0.12803106E-1, 0.14023263E-2, 0.55905377E-4
0.54819963E-3, 0.67401204E-4, 0.14785187E-2, 0.29585007E-3, 0.12694834E-2, 0.82769408E-3, 0.13296140E-1, 0.14547992E-2, 0.57994799E-4
0.54928218E-3, 0.67409732E-4, 0.14817541E-2, 0.29622077E-3, 0.15766012E-2, 0.10279843E-2, 0.16560262E-1, 0.18098084E-2, 0.72143601E-4
0.55047829E-3, 0.67418572E-4, 0.14854174E-2, 0.29660825E-3, 0.16052977E-2, 0.10468264E-2, 0.16920298E-1, 0.18467349E-2, 0.73611620E-4
0.55167172E-3, 0.67427412E-4, 0.14892117E-2, 0.29699859E-3, 0.15863578E-2, 0.10346131E-2, 0.16779240E-1, 0.18289675E-2, 0.72899464E-4
0.55271963E-3, 0.67435438E-4, 0.14924882E-2, 0.29735919E-3, 0.15478859E-2, 0.10096353E-2, 0.16427305E-1, 0.17883609E-2, 0.71277143E-4
0.55369909E-3, 0.67443078E-4, 0.14955448E-2, 0.29770637E-3, 0.13744897E-2, 0.89658907E-3, 0.14630416E-1, 0.15908977E-2, 0.63403881E-4
0.55560883E-3, 0.67452173E-4, 0.14994739E-2, 0.29810585E-3, 0.12783185E-2, 0.83387271E-3, 0.13641462E-1, 0.14818226E-2, 0.59054124E-4
0.55682671E-3, 0.67458481E-4, 0.14998026E-2, 0.29836726E-3, 0.13195943E-2, 0.86079421E-3, 0.14115647E-1, 0.15317976E-2, 0.61043087E-4
0.55566081E-3, 0.67460380E-4, 0.14948634E-2, 0.29841825E-3, 0.16879644E-2, 0.11011637E-2, 0.18110454E-1, 0.19630697E-2, 0.78225567E-4
0.55552612E-3, 0.67461537E-4, 0.14892328E-2, 0.29843728E-3, 0.15868570E-2, 0.10353561E-2, 0.17086197E-1, 0.18497603E-2, 0.73706266E-4
0.55543164E-3, 0.67462941E-4, 0.14839300E-2, 0.29846764E-3, 0.15692170E-2, 0.10239740E-2, 0.16952708E-1, 0.18331670E-2, 0.73041185E-4
0.55533205E-3, 0.67464309E-4, 0.14789631E-2, 0.29850303E-3, 0.14305487E-2, 0.93356991E-3, 0.15501726E-1, 0.16744346E-2, 0.66713219E-4
0.55523997E-3, 0.67465735E-4, 0.14745259E-2, 0.29854942E-3, 0.15297997E-2, 0.99841738E-3, 0.16626140E-1, 0.17939839E-2, 0.71472772E-4
0.55515394E-3, 0.67467190E-4, 0.14705264E-2, 0.29860483E-3, 0.11793728E-2, 0.76973665E-3, 0.12850626E-1, 0.13852555E-2, 0.55186378E-4
0.55514148E-3, 0.67469075E-4, 0.14671411E-2, 0.29868208E-3, 0.13351414E-2, 0.87138423E-3, 0.14579479E-1, 0.15702390E-2, 0.62553212E-4
0.55516569E-3, 0.67471170E-4, 0.14637969E-2, 0.29876461E-3, 0.13842281E-2, 0.90344291E-3, 0.15153505E-1, 0.16305238E-2, 0.64951790E-4
0.55522186E-3, 0.67473440E-4, 0.14598985E-2, 0.29883982E-3, 0.14400969E-2, 0.93997252E-3, 0.15808715E-1, 0.16993791E-2, 0.67691399E-4
0.55525661E-3, 0.67475594E-4, 0.14555854E-2, 0.29890303E-3, 0.15117864E-2, 0.98685210E-3, 0.16644219E-1, 0.17874135E-2, 0.71194547E-4
0.55529713E-3, 0.67477777E-4, 0.14514459E-2, 0.29896986E-3, 0.16971119E-2, 0.11079808E-2, 0.18746436E-1, 0.20110360E-2, 0.80097350E-4
0.55529858E-3, 0.67479719E-4, 0.14474480E-2, 0.29903345E-3, 0.15557797E-2, 0.10158723E-2, 0.17244292E-1, 0.18479216E-2, 0.73596639E-4
0.55527693E-3, 0.67481546E-4, 0.14437949E-2, 0.29910018E-3, 0.12051837E-2, 0.78699098E-3, 0.13393426E-1, 0.14339734E-2, 0.57107769E-4
0.55531034E-3, 0.67483699E-4, 0.14405834E-2, 0.29918290E-3, 0.13890688E-2, 0.90707187E-3, 0.15471643E-1, 0.16551190E-2, 0.65912005E-4
0.55538281E-3, 0.67486057E-4, 0.14374394E-2, 0.29927169E-3, 0.13922914E-2, 0.90923399E-3, 0.15548231E-1, 0.16618635E-2, 0.66177498E-4
0.55540580E-3, 0.67488130E-4, 0.14343952E-2, 0.29935525E-3, 0.11371464E-2, 0.74261322E-3, 0.12726675E-1, 0.13592129E-2, 0.54123266E-4
0.55549614E-3, 0.67490240E-4, 0.14317653E-2, 0.29944725E-3, 0.10430284E-2, 0.68109453E-3, 0.11691552E-1, 0.12478266E-2, 0.49686107E-4
0.55558234E-3, 0.67492809E-4, 0.14297486E-2, 0.29956200E-3, 0.12395314E-2, 0.80933358E-3, 0.13916086E-1, 0.14842260E-2, 0.59096863E-4
0.55574544E-3, 0.67495952E-4, 0.14272749E-2, 0.29968086E-3, 0.16009186E-2, 0.10453985E-2, 0.18022802E-1, 0.19206039E-2, 0.76468343E-4
0.55583869E-3, 0.67498448E-4, 0.14242542E-2, 0.29977271E-3, 0.13784185E-2, 0.90020814E-3, 0.15563561E-1, 0.16570702E-2, 0.65972497E-4
0.55588543E-3, 0.67500681E-4, 0.14215054E-2, 0.29986328E-3, 0.13536562E-2, 0.88408042E-3, 0.15321655E-1, 0.16300236E-2, 0.64892738E-4
0.55592123E-3, 0.67502842E-4, 0.14191312E-2, 0.29995950E-3, 0.10944667E-2, 0.71479165E-3, 0.12412716E-1, 0.13196180E-2, 0.52533047E-4
0.55597583E-3, 0.67505120E-4, 0.14172947E-2, 0.30006867E-3, 0.10143148E-2, 0.66238601E-3, 0.11520025E-1, 0.12239821E-2, 0.48724149E-4
0.55627496E-3, 0.67507506E-4, 0.14159769E-2, 0.30019059E-3, 0.98815269E-3, 0.64522459E-3, 0.11236498E-1, 0.11931862E-2, 0.47496666E-4
0.55644533E-3, 0.67510191E-4, 0.14153501E-2, 0.30033322E-3, 0.79814810E-3, 0.52107259E-3, 0.90838140E-2, 0.96410973E-3, 0.38376780E-4
0.55647152E-3, 0.67513873E-4, 0.14161055E-2, 0.30052729E-3, 0.99161116E-3, 0.64726389E-3, 0.11294894E-1, 0.11981906E-2, 0.47693073E-4
0.55681024E-3, 0.67517794E-4, 0.14166801E-2, 0.30072356E-3, 0.12192639E-2, 0.79581153E-3, 0.13909772E-1, 0.14746879E-2, 0.58696707E-4
0.55702549E-3, 0.67521010E-4, 0.14159775E-2, 0.30087703E-3, 0.10726416E-2, 0.70008641E-3, 0.12258491E-1, 0.12988059E-2, 0.51694125E-4
0.55714499E-3, 0.67523673E-4, 0.14147661E-2, 0.30100692E-3, 0.96444733E-3, 0.62940159E-3, 0.11035870E-1, 0.11686216E-2, 0.46511057E-4
0.55728451E-3, 0.67526453E-4, 0.14138529E-2, 0.30114528E-3, 0.97957172E-3, 0.63919078E-3, 0.11221331E-1, 0.11876420E-2, 0.47266545E-4
0.55742293E-3, 0.67529218E-4, 0.14129067E-2, 0.30128265E-3, 0.98878902E-3, 0.64512662E-3, 0.11339809E-1, 0.11995536E-2, 0.47739049E-4
0.55757491E-3, 0.67532077E-4, 0.14121368E-2, 0.30142532E-3, 0.80638309E-3, 0.52603299E-3, 0.92559010E-2, 0.97864377E-3, 0.38946280E-4
0.55782421E-3, 0.67535504E-4, 0.14119893E-2, 0.30159371E-3, 0.96664450E-3, 0.63047279E-3, 0.11104313E-1, 0.11735364E-2, 0.46700905E-4
0.55803260E-3, 0.67538698E-4, 0.14117627E-2, 0.30175477E-3, 0.85591438E-3, 0.55816973E-3, 0.98414142E-2, 0.10395719E-2, 0.41368545E-4
0.55828947E-3, 0.67542162E-4, 0.14114105E-2, 0.30191982E-3, 0.13321027E-2, 0.86861011E-3, 0.15336809E-1, 0.16191560E-2, 0.64430111E-4
0.55858574E-3, 0.67545872E-4, 0.14094666E-2, 0.30205806E-3, 0.14010635E-2, 0.91366272E-3, 0.16171807E-1, 0.17061133E-2, 0.67887217E-4
0.55883906E-3, 0.67549321E-4, 0.14072002E-2, 0.30218359E-3, 0.16882914E-2, 0.11011142E-2, 0.19544253E-1, 0.20603158E-2, 0.81976919E-4
0.55906858E-3, 0.67552639E-4, 0.14051138E-2, 0.30230908E-3, 0.14165757E-2, 0.92404388E-3, 0.16448988E-1, 0.17326844E-2, 0.68937341E-4
0.55924605E-3, 0.67555658E-4, 0.14031876E-2, 0.30243039E-3, 0.15272049E-2, 0.99631248E-3, 0.17781520E-1, 0.18717232E-2, 0.74465555E-4
0.55938499E-3, 0.67558452E-4, 0.14015231E-2, 0.30255131E-3, 0.12904309E-2, 0.84191898E-3, 0.15062904E-1, 0.15844915E-2, 0.63035215E-4
0.55948563E-3, 0.67560686E-4, 0.13992486E-2, 0.30264637E-3, 0.92732994E-3, 0.60497923E-3, 0.10840696E-1, 0.11397530E-2, 0.45340683E-4
0.55956864E-3, 0.67563495E-4, 0.13966142E-2, 0.30274727E-3, 0.12708175E-2, 0.82902849E-3, 0.14878827E-1, 0.15635182E-2, 0.62196268E-4
0.55981305E-3, 0.67566871E-4, 0.13941964E-2, 0.30286526E-3, 0.12502746E-2, 0.81563881E-3, 0.14667675E-1, 0.15404433E-2, 0.61275772E-4
0.56008401E-3, 0.67570494E-4, 0.13920987E-2, 0.30299497E-3, 0.13810387E-2, 0.90097892E-3, 0.16236804E-1, 0.17042332E-2, 0.67788045E-4
0.56036079E-3, 0.67574110E-4, 0.13900554E-2, 0.30312524E-3, 0.13558550E-2, 0.88460621E-3, 0.15978111E-1, 0.16760668E-2, 0.66664645E-4
0.56068006E-3, 0.67577974E-4, 0.13883460E-2, 0.30326782E-3, 0.14725628E-2, 0.96083514E-3, 0.17396629E-1, 0.18237508E-2, 0.72535280E-4
0.56099944E-3, 0.67581845E-4, 0.13869443E-2, 0.30341628E-3, 0.15311306E-2, 0.99918246E-3, 0.18138807E-1, 0.19003467E-2, 0.75577911E-4
0.56129124E-3, 0.67585555E-4, 0.13858933E-2, 0.30356777E-3, 0.15561531E-2, 0.10156586E-2, 0.18488239E-1, 0.19357192E-2, 0.76980774E-4
0.56153268E-3, 0.67588975E-4, 0.13850491E-2, 0.30371634E-3, 0.13168082E-2, 0.85953664E-3, 0.15684981E-1, 0.16412550E-2, 0.65267246E-4
0.56172407E-3, 0.67592111E-4, 0.13843450E-2, 0.30386070E-3, 0.12510109E-2, 0.81660820E-3, 0.14931390E-1, 0.15616007E-2, 0.62097031E-4
0.56187547E-3, 0.67595021E-4, 0.13836466E-2, 0.30399967E-3, 0.10345370E-2, 0.67528628E-3, 0.12367733E-1, 0.12928976E-2, 0.51410119E-4
0.56256593E-3, 0.67598106E-4, 0.13830955E-2, 0.30414542E-3, 0.10769621E-2, 0.70289208E-3, 0.12889166E-1, 0.13468562E-2, 0.53553853E-4
0.56249311E-3, 0.67602690E-4, 0.13827130E-2, 0.30432962E-3, 0.16627777E-2, 0.10853403E-2, 0.19947723E-1, 0.20833667E-2, 0.82835351E-4
0.56287297E-3, 0.67606910E-4, 0.13822471E-2, 0.30450427E-3, 0.15086982E-2, 0.98494487E-3, 0.18154085E-1, 0.18949152E-2, 0.75338488E-4
0.56314055E-3, 0.67610505E-4, 0.13815957E-2, 0.30465957E-3, 0.11773992E-2, 0.76871278E-3, 0.14199573E-1, 0.14814166E-2, 0.58895883E-4
0.56335033E-3, 0.67613764E-4, 0.13808009E-2, 0.30480395E-3, 0.10183541E-2, 0.66483609E-3, 0.12298689E-1, 0.12825959E-2, 0.50989627E-4
0.56349917E-3, 0.67616667E-4, 0.13795043E-2, 0.30492959E-3, 0.10047666E-2, 0.65589120E-3, 0.12147348E-1, 0.12663607E-2, 0.50342518E-4
0.56376308E-3, 0.67620262E-4, 0.13787302E-2, 0.30508134E-3, 0.12036470E-2, 0.78566239E-3, 0.14571261E-1, 0.15184714E-2, 0.60362680E-4
0.56417816E-3, 0.67624715E-4, 0.13781476E-2, 0.30525756E-3, 0.13861938E-2, 0.90486649E-3, 0.16816078E-1, 0.17516286E-2, 0.69628208E-4
0.56468206E-3, 0.67628971E-4, 0.13769623E-2, 0.30541708E-3, 0.11804349E-2, 0.77058363E-3, 0.14348786E-1, 0.14939792E-2, 0.59383983E-4
0.56529656E-3, 0.67633118E-4, 0.13755889E-2, 0.30556892E-3, 0.12534432E-2, 0.81823813E-3, 0.15262488E-1, 0.15884780E-2, 0.63137661E-4
0.56529476E-3, 0.67637360E-4, 0.13744116E-2, 0.30572776E-3, 0.12262571E-2, 0.80050115E-3, 0.14958723E-1, 0.15562387E-2, 0.61853716E-4
0.56565326E-3, 0.67641515E-4, 0.13731141E-2, 0.30588105E-3, 0.13014078E-2, 0.84958028E-3, 0.15905522E-1, 0.16540780E-2, 0.65739681E-4
0.56601688E-3, 0.67645698E-4, 0.13718661E-2, 0.30603589E-3, 0.12715129E-2, 0.83009497E-3, 0.15570750E-1, 0.16186172E-2, 0.64327585E-4
0.56640274E-3, 0.67650013E-4, 0.13707657E-2, 0.30619634E-3, 0.12755070E-2, 0.83272374E-3, 0.15649348E-1, 0.16261591E-2, 0.64624612E-4
0.56675018E-3, 0.67654117E-4, 0.13694171E-2, 0.30634677E-3, 0.11246043E-2, 0.73420483E-3, 0.13821250E-1, 0.14356826E-2, 0.57052694E-4
0.56713435E-3, 0.67658417E-4, 0.13683725E-2, 0.30650792E-3, 0.13163120E-2, 0.85936271E-3, 0.16204899E-1, 0.16826887E-2, 0.66865818E-4
0.56751992E-3, 0.67662746E-4, 0.13676544E-2, 0.30667571E-3, 0.13498693E-2, 0.88132021E-3, 0.16652513E-1, 0.17285114E-2, 0.68683708E-4
0.56789833E-3, 0.67667039E-4, 0.13674038E-2, 0.30685170E-3, 0.14027864E-2, 0.91593963E-3, 0.17343428E-1, 0.17995418E-2, 0.71502931E-4
0.56854973E-3, 0.67670997E-4, 0.13673888E-2, 0.30702481E-3, 0.11373910E-2, 0.74267853E-3, 0.14089075E-1, 0.14613662E-2, 0.58063455E-4
0.56908838E-3, 0.67674540E-4, 0.13670356E-2, 0.30718092E-3, 0.10404547E-2, 0.67933538E-3, 0.12904380E-1, 0.13380980E-2, 0.53163843E-4
0.56876504E-3, 0.67678375E-4, 0.13670201E-2, 0.30735042E-3, 0.11252930E-2, 0.73468586E-3, 0.13974286E-1, 0.14486316E-2, 0.57553432E-4
0.56901778E-3, 0.67681940E-4, 0.13669970E-2, 0.30751363E-3, 0.11398725E-2, 0.74417767E-3, 0.14175404E-1, 0.14690546E-2, 0.58362682E-4
0.56926697E-3, 0.67685345E-4, 0.13668925E-2, 0.30767149E-3, 0.10621872E-2, 0.69340650E-3, 0.13225477E-1, 0.13702279E-2, 0.54434560E-4
0.56975242E-3, 0.67689994E-4, 0.13667577E-2, 0.30785741E-3, 0.15161840E-2, 0.98983420E-3, 0.18915130E-1, 0.19590892E-2, 0.77824800E-4
0.57013240E-3, 0.67694746E-4, 0.13662822E-2, 0.30803890E-3, 0.11677728E-2, 0.76243735E-3, 0.14599882E-1, 0.15116583E-2, 0.60047943E-4
0.57054521E-3, 0.67699264E-4, 0.13655187E-2, 0.30820887E-3, 0.14432566E-2, 0.94233215E-3, 0.18078033E-1, 0.18712193E-2, 0.74327727E-4
0.57109486E-3, 0.67704321E-4, 0.13658812E-2, 0.30841422E-3, 0.15858115E-2, 0.10355554E-2, 0.19914769E-1, 0.20606373E-2, 0.81847669E-4
0.57296490E-3, 0.67710018E-4, 0.13669310E-2, 0.30864810E-3, 0.15437619E-2, 0.10082794E-2, 0.19440899E-1, 0.20109252E-2, 0.79869045E-4
0.57219760E-3, 0.67715286E-4, 0.13675679E-2, 0.30886361E-3, 0.13890379E-2, 0.90735801E-3, 0.17536752E-1, 0.18134125E-2, 0.72020870E-4
0.57262433E-3, 0.67719906E-4, 0.13679983E-2, 0.30905986E-3, 0.10919955E-2, 0.71332691E-3, 0.13809829E-1, 0.14276707E-2, 0.56698595E-4
0.57296222E-3, 0.67723995E-4, 0.13675693E-2, 0.30922622E-3, 0.10511561E-2, 0.68659621E-3, 0.13308384E-1, 0.13755438E-2, 0.54626533E-4
0.57344208E-3, 0.67728950E-4, 0.13672697E-2, 0.30941516E-3, 0.12858933E-2, 0.83990576E-3, 0.16304124E-1, 0.16848096E-2, 0.66905777E-4
0.57396526E-3, 0.67734152E-4, 0.13672817E-2, 0.30961604E-3, 0.12457439E-2, 0.81370934E-3, 0.15823504E-1, 0.16347629E-2, 0.64915686E-4
0.57447352E-3, 0.67739158E-4, 0.13670372E-2, 0.30980728E-3, 0.11586316E-2, 0.75680634E-3, 0.14740134E-1, 0.15225102E-2, 0.60455826E-4
0.57670509E-3, 0.67744360E-4, 0.13670748E-2, 0.31000806E-3, 0.13404211E-2, 0.87555277E-3, 0.17080795E-1, 0.17638996E-2, 0.70038099E-4
0.57551742E-3, 0.67749512E-4, 0.13675549E-2, 0.31021688E-3, 0.12956539E-2, 0.84636046E-3, 0.16542416E-1, 0.17079271E-2, 0.67812747E-4
0.57592092E-3, 0.67754190E-4, 0.13680470E-2, 0.31041447E-3, 0.11797461E-2, 0.77065278E-3, 0.15087339E-1, 0.15573873E-2, 0.61833140E-4
0.57634996E-3, 0.67758912E-4, 0.13687840E-2, 0.31061837E-3, 0.11871944E-2, 0.77550753E-3, 0.15205098E-1, 0.15692548E-2, 0.62301951E-4
0.57674816E-3, 0.67763416E-4, 0.13691823E-2, 0.31081005E-3, 0.98917063E-3, 0.64611930E-3, 0.12684273E-1, 0.13088766E-2, 0.51962685E-4
0.57711225E-3, 0.67767709E-4, 0.13696217E-2, 0.31099783E-3, 0.10701427E-2, 0.69893984E-3, 0.13735497E-1, 0.14171381E-2, 0.56258868E-4
0.57745673E-3, 0.67771914E-4, 0.13701107E-2, 0.31118389E-3, 0.94430358E-3, 0.61667897E-3, 0.12130717E-1, 0.12513862E-2, 0.49677106E-4
0.57790364E-3, 0.67776542E-4, 0.13707668E-2, 0.31138360E-3, 0.11410251E-2, 0.74508536E-3, 0.14672622E-1, 0.15133859E-2, 0.60075876E-4
0.57882670E-3, 0.67782021E-4, 0.13717413E-2, 0.31160947E-3, 0.13996341E-2, 0.91398187E-3, 0.18029116E-1, 0.18592693E-2, 0.73803196E-4
0.57907234E-3, 0.67787951E-4, 0.13728329E-2, 0.31184850E-3, 0.14707162E-2, 0.96050400E-3, 0.18987212E-1, 0.19577150E-2, 0.77707395E-4
0.57971547E-3, 0.67793917E-4, 0.13739492E-2, 0.31208884E-3, 0.14474622E-2, 0.94543374E-3, 0.18730436E-1, 0.19309012E-2, 0.76639473E-4
0.58021682E-3, 0.67799061E-4, 0.13739798E-2, 0.31228800E-3, 0.11291631E-2, 0.73756551E-3, 0.14638130E-1, 0.15088085E-2, 0.59883663E-4
0.58039062E-3, 0.67802284E-4, 0.13715422E-2, 0.31239190E-3, 0.11054076E-2, 0.72201528E-3, 0.14347804E-1, 0.14787060E-2, 0.58686812E-4
0.61812613E-3, 0.67808571E-4, 0.13728029E-2, 0.31264228E-3, 0.85105753E-3, 0.55581413E-3, 0.11054742E-1, 0.11392018E-2, 0.45211167E-4
0.63017209E-3, 0.67813489E-4, 0.13723939E-2, 0.31282674E-3, 0.89872460E-3, 0.58683974E-3, 0.11678174E-1, 0.12033397E-2, 0.47755264E-4
0.58839208E-3, 0.67818706E-4, 0.13724029E-2, 0.31302639E-3, 0.11498110E-2, 0.75071282E-3, 0.14953488E-1, 0.15406769E-2, 0.61140723E-4
0.58343454E-3, 0.67824338E-4, 0.13729585E-2, 0.31324651E-3, 0.12271216E-2, 0.80117787E-3, 0.15981598E-1, 0.16464174E-2, 0.65334498E-4
0.58311934E-3, 0.67829802E-4, 0.13736116E-2, 0.31346502E-3, 0.11685556E-2, 0.76293625E-3, 0.15241183E-1, 0.15699693E-2, 0.62298452E-4
0.58353075E-3, 0.67834910E-4, 0.13742787E-2, 0.31367448E-3, 0.11379888E-2, 0.74295443E-3, 0.14861794E-1, 0.15307373E-2, 0.60739440E-4
0.58394118E-3, 0.67839610E-4, 0.13750348E-2, 0.31387690E-3, 0.99050638E-3, 0.64661988E-3, 0.12949094E-1, 0.13336166E-2, 0.52915944E-4
0.58434234E-3, 0.67843852E-4, 0.13756780E-2, 0.31406619E-3, 0.95732306E-3, 0.62487676E-3, 0.12524098E-1, 0.12897484E-2, 0.51173723E-4
0.58456487E-3, 0.67847766E-4, 0.13762108E-2, 0.31424541E-3, 0.81715244E-3, 0.53329510E-3, 0.10695296E-1, 0.11013407E-2, 0.43697026E-4
0.60498976E-3, 0.67851215E-4, 0.13763794E-2, 0.31440658E-3, 0.59957255E-3, 0.39119209E-3, 0.78462120E-2, 0.80791465E-3, 0.32054275E-4
0.60243305E-3, 0.67854657E-4, 0.13768496E-2, 0.31457370E-3, 0.51953521E-3, 0.33885697E-3, 0.67945821E-2, 0.69959916E-3, 0.27756330E-4
0.61175396E-3, 0.67858178E-4, 0.13776970E-2, 0.31474998E-3, 0.50569099E-3, 0.32970888E-3, 0.66084540E-2, 0.68040722E-3, 0.26994448E-4
0.60535350E-3, 0.67861198E-4, 0.13779253E-2, 0.31490184E-3, 0.50418399E-3, 0.32860585E-3, 0.65834220E-2, 0.67780190E-3, 0.26890657E-4
0.60173852E-3, 0.67863781E-4, 0.13775862E-2, 0.31503197E-3, 0.52577991E-3, 0.34255872E-3, 0.68602148E-2, 0.70626859E-3, 0.28019565E-4
0.62843860E-3, 0.67865840E-4, 0.13764831E-2, 0.31513421E-3, 0.50470867E-3, 0.32871283E-3, 0.65802312E-2, 0.67741377E-3, 0.26874373E-4
0.67613076E-3, 0.67867368E-4, 0.13745476E-2, 0.31520677E-3, 0.36956699E-3, 0.24060109E-3, 0.48132786E-2, 0.49549202E-3, 0.19656894E-4
0.75546553E-3, 0.67868583E-4, 0.13721718E-2, 0.31526288E-3, 0.36027035E-3, 0.23444906E-3, 0.46860478E-2, 0.48237806E-3, 0.19136425E-4
0.84584096E-3, 0.67869478E-4, 0.13693224E-2, 0.31530164E-3, 0.35214849E-3, 0.22906643E-3, 0.45740111E-2, 0.47082873E-3, 0.18678038E-4
0.95345703E-3, 0.67869936E-4, 0.13658212E-2, 0.31531701E-3, 0.34018047E-3, 0.22118763E-3, 0.44119088E-2, 0.45412636E-3, 0.18015249E-4
0.10254199E-2, 0.67870096E-4, 0.13618012E-2, 0.31531352E-3, 0.32657845E-3, 0.21225374E-3, 0.42287139E-2, 0.43525407E-3, 0.17266395E-4
0.11156781E-2, 0.67870096E-4, 0.13575458E-2, 0.31530095E-3, 0.33980233E-3, 0.22075567E-3, 0.43926309E-2, 0.45210871E-3, 0.17934824E-4
0.11977489E-2, 0.67869798E-4, 0.13528549E-2, 0.31527239E-3, 0.34488080E-3, 0.22396505E-3, 0.44508902E-2, 0.45808646E-3, 0.18171761E-4
0.12820925E-2, 0.67869238E-4, 0.13477207E-2, 0.31522757E-3, 0.33026675E-3, 0.21438790E-3, 0.42547369E-2, 0.43787996E-3, 0.17370006E-4
0.13389619E-2, 0.67868466E-4, 0.13422973E-2, 0.31517167E-3, 0.32366873E-3, 0.21002101E-3, 0.41621341E-2, 0.42833155E-3, 0.16991058E-4
0.13896796E-2, 0.67867557E-4, 0.13366608E-2, 0.31510717E-3, 0.31380524E-3, 0.20353966E-3, 0.40276879E-2, 0.41447766E-3, 0.16441329E-4
0.14220654E-2, 0.67866553E-4, 0.13308964E-2, 0.31503703E-3, 0.29492265E-3, 0.19121687E-3, 0.37780772E-2, 0.38877424E-3, 0.15421583E-4
0.14585797E-2, 0.67865498E-4, 0.13250975E-2, 0.31496421E-3, 0.32878923E-3, 0.21309005E-3, 0.42036194E-2, 0.43254389E-3, 0.17157632E-4
0.14334334E-2, 0.67864385E-4, 0.13192219E-2, 0.31488753E-3, 0.29092425E-3, 0.18847732E-3, 0.37123149E-2, 0.38197153E-3, 0.15151433E-4
0.14812317E-2, 0.67863439E-4, 0.13137183E-2, 0.31482166E-3, 0.31436351E-3, 0.20358311E-3, 0.40035890E-2, 0.41192170E-3, 0.16339291E-4
0.15792280E-2, 0.67862107E-4, 0.13075554E-2, 0.31473240E-3, 0.30875092E-3, 0.19987307E-3, 0.39242511E-2, 0.40373791E-3, 0.16014515E-4
0.16327446E-2, 0.67860557E-4, 0.13010786E-2, 0.31463118E-3, 0.26012567E-3, 0.16833130E-3, 0.32992992E-2, 0.33942456E-3, 0.13463360E-4
0.17074085E-2, 0.67858869E-4, 0.12943862E-2, 0.31452105E-3, 0.22232631E-3, 0.14381381E-3, 0.28134289E-2, 0.28942683E-3, 0.11480100E-4
0.17200360E-2, 0.67857087E-4, 0.12875791E-2, 0.31440548E-3, 0.23099563E-3, 0.14936217E-3, 0.29162709E-2, 0.29999382E-3, 0.11899154E-4
0.17153004E-2, 0.67855239E-4, 0.12807458E-2, 0.31428738E-3, 0.22768370E-3, 0.14716390E-3, 0.28678617E-2, 0.29500091E-3, 0.11701028E-4
0.17358032E-2, 0.67853391E-4, 0.12739270E-2, 0.31416808E-3, 0.24058127E-3, 0.15544106E-3, 0.30233704E-2, 0.31098266E-3, 0.12334840E-4
0.17425886E-2, 0.67851506E-4, 0.12671128E-2, 0.31404730E-3, 0.23841295E-3, 0.15398233E-3, 0.29892863E-2, 0.30746157E-3, 0.12195087E-4
0.17509380E-2, 0.67849593E-4, 0.12602996E-2, 0.31392492E-3, 0.23231303E-3, 0.14998681E-3, 0.29061486E-2, 0.29889532E-3, 0.11855228E-4
0.17621492E-2, 0.67847650E-4, 0.12534792E-2, 0.31380064E-3, 0.24474293E-3, 0.15795416E-3, 0.30546966E-2, 0.31415696E-3, 0.12460464E-4
0.17746794E-2, 0.67845656E-4, 0.12466506E-2, 0.31367436E-3, 0.24335894E-3, 0.15700434E-3, 0.30305469E-2, 0.31165598E-3, 0.12361170E-4
0.17720092E-2, 0.67843612E-4, 0.12397822E-2, 0.31354517E-3, 0.24697374E-3, 0.15928056E-3, 0.30687314E-2, 0.31556454E-3, 0.12516098E-4
0.17951967E-2, 0.67841516E-4, 0.12328357E-2, 0.31341170E-3, 0.22166016E-3, 0.14290566E-3, 0.27480822E-2, 0.28257541E-3, 0.11207580E-4
0.18025455E-2, 0.67839341E-4, 0.12258503E-2, 0.31327532E-3, 0.22572001E-3, 0.14547145E-3, 0.27919691E-2, 0.28707221E-3, 0.11385854E-4
0.17905888E-2, 0.67837151E-4, 0.12188645E-2, 0.31313713E-3, 0.23501832E-3, 0.15141227E-3, 0.29004796E-2, 0.29821185E-3, 0.11827588E-4
0.17977627E-2, 0.67834961E-4, 0.12118747E-2, 0.31299732E-3, 0.22971361E-3, 0.14794429E-3, 0.28286520E-2, 0.29080920E-3, 0.11533903E-4
0.18262900E-2, 0.67832669E-4, 0.12048353E-2, 0.31285410E-3, 0.23491273E-3, 0.15124201E-3, 0.28861980E-2, 0.29670700E-3, 0.11767729E-4
0.18699521E-2, 0.67830304E-4, 0.11976834E-2, 0.31270550E-3, 0.22173015E-3, 0.14270769E-3, 0.27180635E-2, 0.27940492E-3, 0.11081430E-4
0.19402107E-2, 0.67827830E-4, 0.11904024E-2, 0.31255081E-3, 0.21309061E-3, 0.13710184E-3, 0.26060264E-2, 0.26787160E-3, 0.10623935E-4
0.18531511E-2, 0.67825327E-4, 0.11831030E-2, 0.31239385E-3, 0.24702010E-3, 0.15888184E-3, 0.30142341E-2, 0.30981054E-3, 0.12287166E-4
0.18332070E-2, 0.67822795E-4, 0.11758213E-2, 0.31223570E-3, 0.22902669E-3, 0.14726339E-3, 0.27886787E-2, 0.28660716E-3, 0.11366828E-4
0.18475982E-2, 0.67820227E-4, 0.11685088E-2, 0.31207490E-3, 0.28952101E-3, 0.18610523E-3, 0.35177993E-2, 0.36151486E-3, 0.14337545E-4
0.18597062E-2, 0.67817586E-4, 0.11611525E-2, 0.31191096E-3, 0.29924774E-3, 0.19230388E-3, 0.36286707E-2, 0.37287522E-3, 0.14787955E-4
0.18537218E-2, 0.67814908E-4, 0.11537597E-2, 0.31174393E-3, 0.27026149E-3, 0.17362933E-3, 0.32706968E-2, 0.33606045E-3, 0.13327787E-4
0.15933437E-2, 0.67812369E-4, 0.11466930E-2, 0.31158605E-3, 0.25534371E-3, 0.16399883E-3, 0.30839052E-2, 0.31684129E-3, 0.12565467E-4
0.99734322E-3, 0.67813089E-4, 0.11455812E-2, 0.31162464E-3, 0.28458028E-3, 0.18272216E-3, 0.34317053E-2, 0.35254378E-3, 0.13981250E-4
0.99720981E-3, 0.67815075E-4, 0.11467711E-2, 0.31173992E-3, 0.32118653E-3, 0.20616456E-3, 0.38680695E-2, 0.39733286E-3, 0.15757349E-4
0.11990687E-2, 0.67816101E-4, 0.11462034E-2, 0.31179650E-3, 0.29299629E-3, 0.18801553E-3, 0.35238117E-2, 0.36193340E-3, 0.14353341E-4
0.14869627E-2, 0.67815497E-4, 0.11427504E-2, 0.31175656E-3, 0.26743315E-3, 0.17156196E-3, 0.32111760E-2, 0.32979139E-3, 0.13078556E-4
0.18024946E-2, 0.67813511E-4, 0.11367971E-2, 0.31163270E-3, 0.18246862E-3, 0.11702163E-3, 0.21866118E-2, 0.22455017E-3, 0.89049299E-5
0.20082085E-2, 0.67811015E-4, 0.11299207E-2, 0.31147682E-3, 0.15598710E-3, 0.10000722E-3, 0.18648340E-2, 0.19149449E-3, 0.75940102E-5
0.19841047E-2, 0.67808323E-4, 0.11227336E-2, 0.31130904E-3, 0.18375716E-3, 0.11777571E-3, 0.21915548E-2, 0.22503104E-3, 0.89239074E-5
0.19561085E-2, 0.67805493E-4, 0.11153520E-2, 0.31113316E-3, 0.17034270E-3, 0.10914611E-3, 0.20268541E-2, 0.20810601E-3, 0.82526785E-5
0.19833797E-2, 0.67802583E-4, 0.11078976E-2, 0.31095312E-3, 0.17937776E-3, 0.11490173E-3, 0.21293510E-2, 0.21861571E-3, 0.86694081E-5
0.19405606E-2, 0.67799658E-4, 0.11004533E-2, 0.31077169E-3, 0.17985675E-3, 0.11517564E-3, 0.21301461E-2, 0.21868257E-3, 0.86720120E-5
0.19297329E-2, 0.67796704E-4, 0.10930569E-2, 0.31059011E-3, 0.17214516E-3, 0.11020631E-3, 0.20341945E-2, 0.20881822E-3, 0.82807837E-5
0.19694795E-2, 0.67793757E-4, 0.10856885E-2, 0.31040763E-3, 0.18022349E-3, 0.11534552E-3, 0.21247256E-2, 0.21809684E-3, 0.86486825E-5
0.20285645E-2, 0.67790759E-4, 0.10783201E-2, 0.31022355E-3, 0.15752322E-3, 0.10078930E-3, 0.18527966E-2, 0.19017147E-3, 0.75412540E-5
0.20306942E-2, 0.67787747E-4, 0.10709447E-2, 0.31003755E-3, 0.15782952E-3, 0.10095752E-3, 0.18520263E-2, 0.19008045E-3, 0.75376056E-5
0.20609952E-2, 0.67784713E-4, 0.10635691E-2, 0.30984971E-3, 0.15302528E-3, 0.97857825E-4, 0.17913987E-2, 0.18384645E-3, 0.72903604E-5
0.21085737E-2, 0.67781621E-4, 0.10561822E-2, 0.30965984E-3, 0.15675630E-3, 0.10021732E-3, 0.18307274E-2, 0.18787065E-3, 0.74499012E-5
0.20916080E-2, 0.67778506E-4, 0.10487946E-2, 0.30946828E-3, 0.16105792E-3, 0.10294056E-3, 0.18764612E-2, 0.19255113E-3, 0.76354609E-5
0.19933719E-2, 0.67775385E-4, 0.10414576E-2, 0.30927654E-3, 0.16893695E-3, 0.10794908E-3, 0.19637756E-2, 0.20149670E-3, 0.79901483E-5
0.19332248E-2, 0.67772249E-4, 0.10341752E-2, 0.30908498E-3, 0.17815051E-3, 0.11380799E-3, 0.20663415E-2, 0.21200480E-3, 0.84067897E-5
0.18676290E-2, 0.67769106E-4, 0.10269358E-2, 0.30889313E-3, 0.17976991E-3, 0.11481443E-3, 0.20807572E-2, 0.21346712E-3, 0.84647272E-5
0.18503212E-2, 0.67765963E-4, 0.10197265E-2, 0.30870058E-3, 0.17375854E-3, 0.11094783E-3, 0.20069568E-2, 0.20587967E-3, 0.81638136E-5
0.18911468E-2, 0.67762805E-4, 0.10125414E-2, 0.30850715E-3, 0.16629107E-3, 0.10615368E-3, 0.19166397E-2, 0.19659962E-3, 0.77957875E-5
0.19160691E-2, 0.67759625E-4, 0.10053716E-2, 0.30831265E-3, 0.16892952E-3, 0.10781217E-3, 0.19429181E-2, 0.19927988E-3, 0.79020274E-5
0.20016669E-2, 0.67756431E-4, 0.99820492E-3, 0.30811646E-3, 0.15909491E-3, 0.10151179E-3, 0.18258514E-2, 0.18725853E-3, 0.74253062E-5
0.19738963E-2, 0.67753215E-4, 0.99105749E-3, 0.30791931E-3, 0.14243979E-3, 0.90863730E-4, 0.16311804E-2, 0.16728129E-3, 0.66331236E-5
0.19835145E-2, 0.67749977E-4, 0.98393008E-3, 0.30772117E-3, 0.16772957E-3, 0.10697121E-3, 0.19164775E-2, 0.19652490E-3, 0.77926643E-5
0.17947200E-2, 0.67746740E-4, 0.97687496E-3, 0.30752382E-3, 0.18975414E-3, 0.12099135E-3, 0.21638598E-2, 0.22187375E-3, 0.87977533E-5
0.20268944E-2, 0.67743487E-4, 0.96982537E-3, 0.30732487E-3, 0.15264678E-3, 0.97309472E-4, 0.17370763E-2, 0.17809826E-3, 0.70619258E-5
0.19932815E-2, 0.67740206E-4, 0.96277869E-3, 0.30712452E-3, 0.15958279E-3, 0.10170894E-3, 0.18120987E-2, 0.18577593E-3, 0.73663223E-5
0.21167512E-2, 0.67736881E-4, 0.95574616E-3, 0.30692294E-3, 0.13247329E-3, 0.84412641E-4, 0.15009353E-2, 0.15386431E-3, 0.61009455E-5
0.21408100E-2, 0.67733556E-4, 0.94872346E-3, 0.30672012E-3, 0.12349749E-3, 0.78676167E-4, 0.13960216E-2, 0.14310022E-3, 0.56741092E-5
0.20170519E-2, 0.67730231E-4, 0.94174600E-3, 0.30651721E-3, 0.13550374E-3, 0.86306289E-4, 0.15283008E-2, 0.15664937E-3, 0.62113222E-5
0.20744149E-2, 0.67726891E-4, 0.93479856E-3, 0.30631360E-3, 0.14190809E-3, 0.90366164E-4, 0.15969162E-2, 0.16367073E-3, 0.64897008E-5
0.18255881E-2, 0.67723573E-4, 0.92791143E-3, 0.30611048E-3, 0.15712513E-3, 0.10003605E-3, 0.17646035E-2, 0.18084324E-3, 0.71705722E-5
0.20099212E-2, 0.67720233E-4, 0.92105148E-3, 0.30590667E-3, 0.13064338E-3, 0.83158768E-4, 0.14641016E-2, 0.15003530E-3, 0.59489876E-5
0.21377269E-2, 0.67716872E-4, 0.91419677E-3, 0.30570148E-3, 0.12612695E-3, 0.80267702E-4, 0.14103649E-2, 0.14451874E-3, 0.57302291E-5
0.20528270E-2, 0.67713489E-4, 0.90736948E-3, 0.30549563E-3, 0.13176608E-3, 0.83839914E-4, 0.14701587E-2, 0.15063529E-3, 0.59727295E-5
0.19603346E-2, 0.67710112E-4, 0.90058992E-3, 0.30528975E-3, 0.12027748E-3, 0.76514822E-4, 0.13391344E-2, 0.13720081E-3, 0.54400280E-5
0.19737484E-2, 0.67706700E-4, 0.89384621E-3, 0.30508346E-3, 0.12207551E-3, 0.77643163E-4, 0.13562809E-2, 0.13894832E-3, 0.55092974E-5
0.18622463E-2, 0.67703259E-4, 0.88713982E-3, 0.30487686E-3, 0.14062189E-3, 0.89421708E-4, 0.15591249E-2, 0.15971767E-3, 0.63327743E-5
0.17969440E-2, 0.67699817E-4, 0.88047219E-3, 0.30466996E-3, 0.14049948E-3, 0.89326997E-4, 0.15547796E-2, 0.15926009E-3, 0.63146031E-5
0.16872713E-2, 0.67696361E-4, 0.87383960E-3, 0.30446288E-3, 0.16369601E-3, 0.10405530E-3, 0.18081043E-2, 0.18519297E-3, 0.73427964E-5
0.16681260E-2, 0.67692905E-4, 0.86723955E-3, 0.30425526E-3, 0.17754777E-3, 0.11284006E-3, 0.19576827E-2, 0.20049400E-3, 0.79494303E-5
0.17674414E-2, 0.67689463E-4, 0.86066674E-3, 0.30404705E-3, 0.16098816E-3, 0.10229784E-3, 0.17719800E-2, 0.18145787E-3, 0.71946229E-5
0.19165837E-2, 0.67686022E-4, 0.85414073E-3, 0.30383866E-3, 0.13397570E-3, 0.85118052E-4, 0.14717908E-2, 0.15070444E-3, 0.59752533E-5
0.18859034E-2, 0.67682573E-4, 0.84766408E-3, 0.30363051E-3, 0.14947644E-3, 0.94949704E-4, 0.16388600E-2, 0.16779773E-3, 0.66529519E-5
0.16731647E-2, 0.67679117E-4, 0.84123644E-3, 0.30342280E-3, 0.16295379E-3, 0.10349318E-3, 0.17834508E-2, 0.18258525E-3, 0.72392186E-5
